ISO3_Code,Category,Year,Pop
AFE,Cities,1950,6178095.0
AFE,Rural,1950,66683929.0
AFE,Towns,1950,30456468.0
AFW,Cities,1950,5892110.0
AFW,Rural,1950,38344294.0
AFW,Towns,1950,36028780.0
AGO,Cities,1950,818945.0
AGO,Rural,1950,1866065.0
AGO,Towns,1950,1866859.0
BDI,Cities,1950,0.0
BDI,Rural,1950,1471447.0
BDI,Towns,1950,783491.0
BEN,Cities,1950,136137.0
BEN,Rural,1950,977441.0
BEN,Towns,1950,1136898.0
BFA,Cities,1950,0.0
BFA,Rural,1950,3167685.0
BFA,Towns,1950,1045467.0000000001
BWA,Cities,1950,0.0
BWA,Rural,1950,221607.0
BWA,Towns,1950,192091.0
CAF,Cities,1950,86324.0
CAF,Rural,1950,840283.0
CAF,Towns,1950,511449.0
CIV,Cities,1950,118450.0
CIV,Rural,1950,1806902.0
CIV,Towns,1950,809828.0
CMR,Cities,1950,312102.0
CMR,Rural,1950,1776045.0
CMR,Towns,1950,2241937.0
COD,Cities,1950,1286094.0
COD,Rural,1950,6654615.0
COD,Towns,1950,4353577.0
COG,Cities,1950,349808.0
COG,Rural,1950,233651.0
COG,Towns,1950,251803.0
COM,Cities,1950,0.0
COM,Rural,1950,89273.0
COM,Towns,1950,72665.0
CPV,Cities,1950,0.0
CPV,Rural,1950,78529.0
CPV,Towns,1950,106443.0
ERI,Cities,1950,202730.0
ERI,Rural,1950,410153.0
ERI,Towns,1950,201983.0
ETH,Cities,1950,424590.0
ETH,Rural,1950,10766980.0
ETH,Towns,1950,6478843.0
GAB,Cities,1950,0.0
GAB,Rural,1950,144139.0
GAB,Towns,1950,328703.0
GHA,Cities,1950,445459.0
GHA,Rural,1950,2798782.0
GHA,Towns,1950,1836423.0
GIN,Cities,1950,73395.0
GIN,Rural,1950,1994249.0
GIN,Towns,1950,945533.0
GMB,Cities,1950,0.0
GMB,Rural,1950,211122.0
GMB,Towns,1950,95614.0
GNB,Cities,1950,0.0
GNB,Rural,1950,309679.0
GNB,Towns,1950,233948.0
GNQ,Cities,1950,0.0
GNQ,Rural,1950,95962.0
GNQ,Towns,1950,130600.0
KEN,Cities,1950,188466.0
KEN,Rural,1950,4447269.0
KEN,Towns,1950,1133449.0
LBR,Cities,1950,0.0
LBR,Rural,1950,566140.0
LBR,Towns,1950,352762.0
LSO,Cities,1950,0.0
LSO,Rural,1950,501079.0
LSO,Towns,1950,78472.0
MDG,Cities,1950,105269.0
MDG,Rural,1950,3450046.0
MDG,Towns,1950,400759.0
MLI,Cities,1950,117929.0
MLI,Rural,1950,3336475.0
MLI,Towns,1950,1242507.0
MOZ,Cities,1950,188361.0
MOZ,Rural,1950,3784002.0
MOZ,Towns,1950,1937862.0
MRT,Cities,1950,0.0
MRT,Rural,1950,531177.0
MRT,Towns,1950,126538.0
MUS,Cities,1950,172682.0
MUS,Rural,1950,110483.0
MUS,Towns,1950,242393.0
MWI,Cities,1950,0.0
MWI,Rural,1950,2735105.0
MWI,Towns,1950,215195.0
NAM,Cities,1950,0.0
NAM,Rural,1950,411343.0
NAM,Towns,1950,103248.0
NER,Cities,1950,0.0
NER,Rural,1950,1887689.0
NER,Towns,1950,710121.0
NGA,Cities,1950,3622913.0
NGA,Rural,1950,13003795.0
NGA,Towns,1950,20656302.0
RWA,Cities,1950,0.0
RWA,Rural,1950,1264819.0
RWA,Towns,1950,892277.0
SDN,Cities,1950,282225.0
SDN,Rural,1950,3425544.0
SDN,Towns,1950,2482140.0
SEN,Cities,1950,452062.0
SEN,Rural,1950,1214802.0
SEN,Towns,1950,888505.0
SLE,Cities,1950,120696.0
SLE,Rural,1950,1029661.0
SLE,Towns,1950,849266.0
SOM,Cities,1950,209210.0
SOM,Rural,1950,1105215.0
SOM,Towns,1950,898707.0
SSA,Cities,1950,12070205.0
SSA,Rural,1950,105028223.0
SSA,Towns,1950,66485248.0
SSD,Cities,1950,71648.0
SSD,Rural,1950,2150020.0
SSD,Towns,1950,271615.0
STP,Cities,1950,0.0
STP,Rural,1950,13024.0
STP,Towns,1950,47850.0
SWZ,Cities,1950,0.0
SWZ,Rural,1950,243398.0
SWZ,Towns,1950,28257.0
SYC,Cities,1950,0.0
SYC,Rural,1950,13256.0
SYC,Towns,1950,25028.0
TCD,Cities,1950,56835.0
TCD,Rural,1950,1581575.0
TCD,Towns,1950,887044.0
TGO,Cities,1950,0.0
TGO,Rural,1950,758511.0
TGO,Towns,1950,641089.0
TZA,Cities,1950,58363.0
TZA,Rural,1950,6499223.0
TZA,Towns,1950,1067569.0
UGA,Cities,1950,176598.0
UGA,Rural,1950,4920844.0
UGA,Towns,1950,653473.0
ZAF,Cities,1950,1746091.0
ZAF,Rural,1950,6707158.0
ZAF,Towns,1950,4585243.0
ZMB,Cities,1950,0.0
ZMB,Rural,1950,1276270.0
ZMB,Towns,1950,1045031.9999999999
ZWE,Cities,1950,246823.0
ZWE,Rural,1950,2145691.0
ZWE,Towns,1950,398390.0
AFE,Cities,1951,6597503.0
AFE,Rural,1951,67763814.0
AFE,Towns,1951,31183248.0
AFW,Cities,1951,6344085.0
AFW,Rural,1951,38888144.0
AFW,Towns,1951,36554388.0
AGO,Cities,1951,871529.0
AGO,Rural,1951,1886275.0
AGO,Towns,1951,1844759.0
BDI,Cities,1951,0.0
BDI,Rural,1951,1491774.0
BDI,Towns,1951,813972.0
BEN,Cities,1951,147897.0
BEN,Rural,1951,986636.0
BEN,Towns,1951,1132775.0
BFA,Cities,1951,10453.0
BFA,Rural,1951,3201065.0
BFA,Towns,1951,1048866.0
BWA,Cities,1951,0.0
BWA,Rural,1951,225451.0
BWA,Towns,1951,198105.0
CAF,Cities,1951,94611.0
CAF,Rural,1951,850075.0
CAF,Towns,1951,516565.00000000006
CIV,Cities,1951,132907.0
CIV,Rural,1951,1842380.0
CIV,Towns,1951,834080.0
CMR,Cities,1951,346192.0
CMR,Rural,1951,1796152.0
CMR,Towns,1951,2253008.0
COD,Cities,1951,1392843.0
COD,Rural,1951,6742599.0
COD,Towns,1951,4407202.0
COG,Cities,1951,359298.0
COG,Rural,1951,235000.0
COG,Towns,1951,259336.0
COM,Cities,1951,0.0
COM,Rural,1951,90161.0
COM,Towns,1951,75372.0
CPV,Cities,1951,0.0
CPV,Rural,1951,79159.0
CPV,Towns,1951,108039.0
ERI,Cities,1951,209425.0
ERI,Rural,1951,413653.0
ERI,Towns,1951,203948.0
ETH,Cities,1951,469685.0
ETH,Rural,1951,10910031.0
ETH,Towns,1951,6609345.0
GAB,Cities,1951,0.0
GAB,Rural,1951,145678.0
GAB,Towns,1951,329960.0
GHA,Cities,1951,476666.0
GHA,Rural,1951,2849247.0
GHA,Towns,1951,1903210.0
GIN,Cities,1951,81825.0
GIN,Rural,1951,2021286.0
GIN,Towns,1951,958862.0
GMB,Cities,1951,0.0
GMB,Rural,1951,215050.0
GMB,Towns,1951,99441.0
GNB,Cities,1951,0.0
GNB,Rural,1951,313585.0
GNB,Towns,1951,236152.0
GNQ,Cities,1951,0.0
GNQ,Rural,1951,98414.0
GNQ,Towns,1951,132201.0
KEN,Cities,1951,198155.0
KEN,Rural,1951,4516289.0
KEN,Towns,1951,1179131.0
LBR,Cities,1951,0.0
LBR,Rural,1951,576697.0
LBR,Towns,1951,359711.0
LSO,Cities,1951,0.0
LSO,Rural,1951,509252.0
LSO,Towns,1951,81017.0
MDG,Cities,1951,108260.0
MDG,Rural,1951,3527725.0
MDG,Towns,1951,421215.0
MLI,Cities,1951,122540.0
MLI,Rural,1951,3382423.0
MLI,Towns,1951,1261738.0
MOZ,Cities,1951,206044.0
MOZ,Rural,1951,3827432.0
MOZ,Towns,1951,1944679.0
MRT,Cities,1951,0.0
MRT,Rural,1951,540786.0
MRT,Towns,1951,130098.00000000001
MUS,Cities,1951,180915.0
MUS,Rural,1951,111108.0
MUS,Towns,1951,249147.0
MWI,Cities,1951,0.0
MWI,Rural,1951,2777192.0
MWI,Towns,1951,225693.0
NAM,Cities,1951,0.0
NAM,Rural,1951,415991.0
NAM,Towns,1951,104400.0
NER,Cities,1951,0.0
NER,Rural,1951,1938357.0
NER,Towns,1951,746397.0
NGA,Cities,1951,3884409.0
NGA,Rural,1951,13168762.0
NGA,Towns,1951,20940906.0
RWA,Cities,1951,0.0
RWA,Rural,1951,1288098.0
RWA,Towns,1951,947933.0
SDN,Cities,1951,343820.0
SDN,Rural,1951,3485917.0
SDN,Towns,1951,2546323.0
SEN,Cities,1951,481017.0
SEN,Rural,1951,1232097.0
SEN,Towns,1951,906528.0
SLE,Cities,1951,123621.0
SLE,Rural,1951,1041430.0000000001
SLE,Towns,1951,858225.0
SOM,Cities,1951,242182.0
SOM,Rural,1951,1122340.0
SOM,Towns,1951,912157.0
SSA,Cities,1951,12941588.0
SSA,Rural,1951,106651958.0
SSA,Towns,1951,67737636.0
SSD,Cities,1951,74623.0
SSD,Rural,1951,2172583.0
SSD,Towns,1951,282414.0
STP,Cities,1951,0.0
STP,Rural,1951,13306.0
STP,Towns,1951,48455.0
SWZ,Cities,1951,0.0
SWZ,Rural,1951,249038.0
SWZ,Towns,1951,29566.0
SYC,Cities,1951,0.0
SYC,Rural,1951,13364.0
SYC,Towns,1951,25319.0
TCD,Cities,1951,71017.0
TCD,Rural,1951,1605215.0
TCD,Towns,1951,894174.0
TGO,Cities,1951,11632.0
TGO,Rural,1951,768650.0
TGO,Towns,1951,644116.0
TZA,Cities,1951,62256.0
TZA,Rural,1951,6637083.0
TZA,Towns,1951,1113636.0
UGA,Cities,1951,182785.0
UGA,Rural,1951,5030727.0
UGA,Towns,1951,697651.0
ZAF,Cities,1951,1797295.0
ZAF,Rural,1951,6791773.0
ZAF,Towns,1951,4719952.0
ZMB,Cities,1951,0.0
ZMB,Rural,1951,1310988.0
ZMB,Towns,1951,1082314.0
ZWE,Cities,1951,257685.99999999997
ZWE,Rural,1951,2203664.0
ZWE,Towns,1951,419543.0
AFE,Cities,1952,7022068.0
AFE,Rural,1952,68913795.0
AFE,Towns,1952,31938098.0
AFW,Cities,1952,6799072.0
AFW,Rural,1952,39451560.0
AFW,Towns,1952,37096528.0
AGO,Cities,1952,923700.0
AGO,Rural,1952,1905844.0
AGO,Towns,1952,1822144.0
BDI,Cities,1952,0.0
BDI,Rural,1952,1511609.0
BDI,Towns,1952,844195.0
BEN,Cities,1952,159736.0
BEN,Rural,1952,996537.0
BEN,Towns,1952,1129502.0
BFA,Cities,1952,20901.0
BFA,Rural,1952,3236503.0
BFA,Towns,1952,1052947.0
BWA,Cities,1952,0.0
BWA,Rural,1952,229453.0
BWA,Towns,1952,204258.0
CAF,Cities,1952,102915.0
CAF,Rural,1952,860092.0
CAF,Towns,1952,521817.0
CIV,Cities,1952,147429.0
CIV,Rural,1952,1879318.0
CIV,Towns,1952,858965.0
CMR,Cities,1952,380518.0
CMR,Rural,1952,1817953.0
CMR,Towns,1952,2266245.0
COD,Cities,1952,1500840.0
COD,Rural,1952,6837466.0
COD,Towns,1952,4465334.0
COG,Cities,1952,369068.0
COG,Rural,1952,236545.0
COG,Towns,1952,267069.0
COM,Cities,1952,0.0
COM,Rural,1952,90966.0
COM,Towns,1952,78010.0
CPV,Cities,1952,0.0
CPV,Rural,1952,79792.0
CPV,Towns,1952,109640.0
ERI,Cities,1952,216399.0
ERI,Rural,1952,417739.0
ERI,Towns,1952,206201.0
ETH,Cities,1952,515174.0
ETH,Rural,1952,11064400.0
ETH,Towns,1952,6746599.0
GAB,Cities,1952,0.0
GAB,Rural,1952,147263.0
GAB,Towns,1952,331325.0
GHA,Cities,1952,508690.0
GHA,Rural,1952,2905265.0
GHA,Towns,1952,1973542.0
GIN,Cities,1952,90272.0
GIN,Rural,1952,2048931.0
GIN,Towns,1952,972478.0
GMB,Cities,1952,0.0
GMB,Rural,1952,219249.0
GMB,Towns,1952,103389.0
GNB,Cities,1952,0.0
GNB,Rural,1952,316389.0
GNB,Towns,1952,237523.0
GNQ,Cities,1952,0.0
GNQ,Rural,1952,100872.0
GNQ,Towns,1952,133812.0
KEN,Cities,1952,208324.0
KEN,Rural,1952,4597227.0
KEN,Towns,1952,1227743.0
LBR,Cities,1952,0.0
LBR,Rural,1952,587908.0
LBR,Towns,1952,367068.0
LSO,Cities,1952,0.0
LSO,Rural,1952,518259.0
LSO,Towns,1952,83688.0
MDG,Cities,1952,111317.0
MDG,Rural,1952,3607608.0
MDG,Towns,1952,441910.0
MLI,Cities,1952,127148.0
MLI,Rural,1952,3428280.0
MLI,Towns,1952,1280935.0
MOZ,Cities,1952,223875.0
MOZ,Rural,1952,3873854.0
MOZ,Towns,1952,1953030.0
MRT,Cities,1952,0.0
MRT,Rural,1952,551004.0
MRT,Towns,1952,133800.0
MUS,Cities,1952,189292.0
MUS,Rural,1952,111805.0
MUS,Towns,1952,256079.99999999997
MWI,Cities,1952,0.0
MWI,Rural,1952,2822913.0
MWI,Towns,1952,236465.0
NAM,Cities,1952,0.0
NAM,Rural,1952,420992.0
NAM,Towns,1952,105642.0
NER,Cities,1952,0.0
NER,Rural,1952,1989167.0
NER,Towns,1952,782721.0
NGA,Cities,1952,4146899.0000000005
NGA,Rural,1952,13337621.0
NGA,Towns,1952,21231682.0
RWA,Cities,1952,0.0
RWA,Rural,1952,1312315.0
RWA,Towns,1952,1004195.0
SDN,Cities,1952,405618.0
SDN,Rural,1952,3549901.0
SDN,Towns,1952,2613090.0
SEN,Cities,1952,510477.0
SEN,Rural,1952,1250888.0
SEN,Towns,1952,925634.0
SLE,Cities,1952,126562.0
SLE,Rural,1952,1053338.0
SLE,Towns,1952,867301.0
SOM,Cities,1952,275151.0
SOM,Rural,1952,1139479.0
SOM,Towns,1952,925619.0
SSA,Cities,1952,13821140.0
SSA,Rural,1952,108365355.0
SSA,Towns,1952,69034626.0
SSD,Cities,1952,77687.0
SSD,Rural,1952,2197969.0
SSD,Towns,1952,293553.0
STP,Cities,1952,0.0
STP,Rural,1952,13578.0
STP,Towns,1952,49015.0
SWZ,Cities,1952,0.0
SWZ,Rural,1952,254748.0
SWZ,Towns,1952,30882.0
SYC,Cities,1952,0.0
SYC,Rural,1952,13439.0
SYC,Towns,1952,25550.0
TCD,Cities,1952,85202.0
TCD,Rural,1952,1629458.0
TCD,Towns,1952,901651.0
TGO,Cities,1952,23255.0
TGO,Rural,1952,779187.0
TGO,Towns,1952,647482.0
TZA,Cities,1952,66209.0
TZA,Rural,1952,6782044.0
TZA,Towns,1952,1160826.0
UGA,Cities,1952,189143.0
UGA,Rural,1952,5145482.0
UGA,Towns,1952,742416.0
ZAF,Cities,1952,1850616.0
ZAF,Rural,1952,6884710.0
ZAF,Towns,1952,4860217.0
ZMB,Cities,1952,0.0
ZMB,Rural,1952,1346786.0
ZMB,Towns,1952,1120465.0
ZWE,Cities,1952,268723.0
ZWE,Rural,1952,2263209.0
ZWE,Towns,1952,440971.0
AFE,Cities,1953,7450987.0
AFE,Rural,1953,70117253.0
AFE,Towns,1953,32713320.0
AFW,Cities,1953,7256465.0
AFW,Rural,1953,40029540.0
AFW,Towns,1953,37649603.0
AGO,Cities,1953,976897.0
AGO,Rural,1953,1927686.0
AGO,Towns,1953,1801776.0
BDI,Cities,1953,0.0
BDI,Rural,1953,1531014.0
BDI,Towns,1953,874172.0
BEN,Cities,1953,171701.0
BEN,Rural,1953,1007291.0
BEN,Towns,1953,1127210.0
BFA,Cities,1953,31350.0
BFA,Rural,1953,3272692.0
BFA,Towns,1953,1057275.0
BWA,Cities,1953,0.0
BWA,Rural,1953,233511.0
BWA,Towns,1953,210462.0
CAF,Cities,1953,111253.0
CAF,Rural,1953,870429.0
CAF,Towns,1953,527265.0
CIV,Cities,1953,162092.0
CIV,Rural,1953,1918278.0
CIV,Towns,1953,884762.0
CMR,Cities,1953,415187.0
CMR,Rural,1953,1841538.0
CMR,Towns,1953,2281721.0
COD,Cities,1953,1609360.0
COD,Rural,1953,6934928.0
COD,Towns,1953,4525162.0
COG,Cities,1953,379148.0
COG,Rural,1953,238293.0
COG,Towns,1953,275025.0
COM,Cities,1953,0.0
COM,Rural,1953,91869.0
COM,Towns,1953,80731.0
CPV,Cities,1953,0.0
CPV,Rural,1953,80374.0
CPV,Towns,1953,111172.0
ERI,Cities,1953,223640.0
ERI,Rural,1953,422349.0
ERI,Towns,1953,208713.0
ETH,Cities,1953,560962.0
ETH,Rural,1953,11225740.0
ETH,Towns,1953,6888074.0
GAB,Cities,1953,0.0
GAB,Rural,1953,148913.0
GAB,Towns,1953,332839.0
GHA,Cities,1953,541454.0
GHA,Rural,1953,2965692.0
GHA,Towns,1953,2046824.0
GIN,Cities,1953,98749.0
GIN,Rural,1953,2077324.0
GIN,Towns,1953,986449.0
GMB,Cities,1953,0.0
GMB,Rural,1953,223656.0
GMB,Towns,1953,107433.0
GNB,Cities,1953,0.0
GNB,Rural,1953,318928.0
GNB,Towns,1953,238697.0
GNQ,Cities,1953,0.0
GNQ,Rural,1953,103348.0
GNQ,Towns,1953,135448.0
KEN,Cities,1953,218857.0
KEN,Rural,1953,4686506.0
KEN,Towns,1953,1278528.0
LBR,Cities,1953,0.0
LBR,Rural,1953,599631.0
LBR,Towns,1953,374745.0
LSO,Cities,1953,0.0
LSO,Rural,1953,527998.0
LSO,Towns,1953,86476.0
MDG,Cities,1953,114456.0
MDG,Rural,1953,3690155.0
MDG,Towns,1953,462924.0
MLI,Cities,1953,131725.0
MLI,Rural,1953,3473268.0
MLI,Towns,1953,1299808.0
MOZ,Cities,1953,241696.0
MOZ,Rural,1953,3920119.0
MOZ,Towns,1953,1961303.0
MRT,Cities,1953,0.0
MRT,Rural,1953,561758.0
MRT,Towns,1953,137632.0
MUS,Cities,1953,197245.0
MUS,Rural,1953,112243.0
MUS,Towns,1953,262432.0
MWI,Cities,1953,0.0
MWI,Rural,1953,2871742.0
MWI,Towns,1953,247493.0
NAM,Cities,1953,0.0
NAM,Rural,1953,426276.0
NAM,Towns,1953,106954.0
NER,Cities,1953,0.0
NER,Rural,1953,2040100.0
NER,Towns,1953,819092.0
NGA,Cities,1953,4409481.0
NGA,Rural,1953,13507024.0
NGA,Towns,1953,21523316.0
RWA,Cities,1953,0.0
RWA,Rural,1953,1337326.0
RWA,Towns,1953,1061034.0
SDN,Cities,1953,467665.0
SDN,Rural,1953,3616487.0
SDN,Towns,1953,2681753.0
SEN,Cities,1953,540529.0
SEN,Rural,1953,1271188.0
SEN,Towns,1953,945849.0
SLE,Cities,1953,129482.0
SLE,Rural,1953,1065085.0
SLE,Towns,1953,876243.0
SOM,Cities,1953,308083.0
SOM,Rural,1953,1156502.0
SOM,Towns,1953,938986.0
SSA,Cities,1953,14707452.0
SSA,Rural,1953,110146793.0
SSA,Towns,1953,70362923.0
SSD,Cities,1953,80838.0
SSD,Rural,1953,2225873.0
SSD,Towns,1953,305022.0
STP,Cities,1953,0.0
STP,Rural,1953,13828.0
STP,Towns,1953,49499.0
SWZ,Cities,1953,0.0
SWZ,Rural,1953,260529.99999999997
SWZ,Towns,1953,32208.0
SYC,Cities,1953,0.0
SYC,Rural,1953,13520.0
SYC,Towns,1953,25792.0
TCD,Cities,1953,99429.0
TCD,Rural,1953,1654672.0
TCD,Towns,1953,909670.0
TGO,Cities,1953,34885.0
TGO,Rural,1953,790058.0
TGO,Towns,1953,651128.0
TZA,Cities,1953,70225.0
TZA,Rural,1953,6933740.0
TZA,Towns,1953,1209150.0
UGA,Cities,1953,195702.0
UGA,Rural,1953,5265781.0
UGA,Towns,1953,787952.0
ZAF,Cities,1953,1905400.0
ZAF,Rural,1953,6983187.0
ZAF,Towns,1953,5004324.0
ZMB,Cities,1953,0.0
ZMB,Rural,1953,1383865.0
ZMB,Towns,1953,1159673.0
ZWE,Cities,1953,279961.0
ZWE,Rural,1953,2324478.0
ZWE,Towns,1953,462727.0
AFE,Cities,1954,7886029.0
AFE,Rural,1954,71382083.0
AFE,Towns,1954,33514678.0
AFW,Cities,1954,7718270.0
AFW,Rural,1954,40629124.0
AFW,Towns,1954,38221692.0
AGO,Cities,1954,1031300.0
AGO,Rural,1954,1951857.0
AGO,Towns,1954,1783560.0
BDI,Cities,1954,0.0
BDI,Rural,1954,1550435.0
BDI,Towns,1954,904151.0
BEN,Cities,1954,183835.0
BEN,Rural,1954,1018987.0
BEN,Towns,1954,1125960.0
BFA,Cities,1954,41814.0
BFA,Rural,1954,3310075.0
BFA,Towns,1954,1061987.0
BWA,Cities,1954,0.0
BWA,Rural,1954,237467.0
BWA,Towns,1954,216576.0
CAF,Cities,1954,119644.0
CAF,Rural,1954,881161.0
CAF,Towns,1954,532952.0
CIV,Cities,1954,176982.0
CIV,Rural,1954,1959805.0
CIV,Towns,1954,911750.0
CMR,Cities,1954,450314.0
CMR,Rural,1954,1867028.0
CMR,Towns,1954,2299543.0
COD,Cities,1954,1718872.0
COD,Rural,1954,7036493.0
COD,Towns,1954,4587666.0
COG,Cities,1954,389555.0
COG,Rural,1954,240242.0
COG,Towns,1954,283220.0
COM,Cities,1954,0.0
COM,Rural,1954,92726.0
COM,Towns,1954,83412.0
CPV,Cities,1954,0.0
CPV,Rural,1954,80910.0
CPV,Towns,1954,112638.0
ERI,Cities,1954,231136.0
ERI,Rural,1954,427428.0
ERI,Towns,1954,211457.0
ETH,Cities,1954,607215.0
ETH,Rural,1954,11395856.0
ETH,Towns,1954,7034964.0
GAB,Cities,1954,0.0
GAB,Rural,1954,150636.0
GAB,Towns,1954,334515.0
GHA,Cities,1954,575123.0
GHA,Rural,1954,3030867.0
GHA,Towns,1954,2123438.0
GIN,Cities,1954,107265.0
GIN,Rural,1954,2106502.0
GIN,Towns,1954,1000793.0
GMB,Cities,1954,0.0
GMB,Rural,1954,228245.0
GMB,Towns,1954,111567.0
GNB,Cities,1954,0.0
GNB,Rural,1954,321261.0
GNB,Towns,1954,239717.0
GNQ,Cities,1954,0.0
GNQ,Rural,1954,105854.0
GNQ,Towns,1954,137121.0
KEN,Cities,1954,229884.0
KEN,Rural,1954,4786081.0
KEN,Towns,1954,1332176.0
LBR,Cities,1954,0.0
LBR,Rural,1954,611965.0
LBR,Towns,1954,382804.0
LSO,Cities,1954,0.0
LSO,Rural,1954,538503.0
LSO,Towns,1954,89391.0
MDG,Cities,1954,117678.0
MDG,Rural,1954,3775361.0
MDG,Towns,1954,484280.0
MLI,Cities,1954,136291.0
MLI,Rural,1954,3518025.0
MLI,Towns,1954,1318594.0
MOZ,Cities,1954,259577.0
MOZ,Rural,1954,3967345.0
MOZ,Towns,1954,1970056.0
MRT,Cities,1954,0.0
MRT,Rural,1954,573070.0
MRT,Towns,1954,141602.0
MUS,Cities,1954,204783.0
MUS,Rural,1954,112455.0
MUS,Towns,1954,268241.0
MWI,Cities,1954,0.0
MWI,Rural,1954,2922806.0
MWI,Towns,1954,258723.0
NAM,Cities,1954,0.0
NAM,Rural,1954,431710.0
NAM,Towns,1954,108305.0
NER,Cities,1954,0.0
NER,Rural,1954,2091310.0
NER,Towns,1954,855574.0
NGA,Cities,1954,4673504.0
NGA,Rural,1954,13680839.0
NGA,Towns,1954,21821981.0
RWA,Cities,1954,0.0
RWA,Rural,1954,1363390.0
RWA,Towns,1954,1118732.0
SDN,Cities,1954,530193.0
SDN,Rural,1954,3686482.0
SDN,Towns,1954,2752960.0
SEN,Cities,1954,571240.0
SEN,Rural,1954,1292973.0
SEN,Towns,1954,967177.0
SLE,Cities,1954,132442.0
SLE,Rural,1954,1077164.0
SLE,Towns,1954,885460.0
SOM,Cities,1954,341063.0
SOM,Rural,1954,1173730.0
SOM,Towns,1954,952520.0
SSA,Cities,1954,15604299.0
SSA,Rural,1954,112011207.0
SSA,Towns,1954,71736370.0
SSD,Cities,1954,84080.0
SSD,Rural,1954,2256184.0
SSD,Towns,1954,316830.0
STP,Cities,1954,0.0
STP,Rural,1954,14062.0
STP,Towns,1954,49925.0
SWZ,Cities,1954,0.0
SWZ,Rural,1954,266387.0
SWZ,Towns,1954,33543.0
SYC,Cities,1954,0.0
SYC,Rural,1954,13618.0
SYC,Towns,1954,26063.0
TCD,Cities,1954,113728.0
TCD,Rural,1954,1680986.0
TCD,Towns,1954,918290.0
TGO,Cities,1954,46533.0
TGO,Rural,1954,801219.0
TGO,Towns,1954,655009.0
TZA,Cities,1954,74308.0
TZA,Rural,1954,7091860.0
TZA,Towns,1954,1258617.0
UGA,Cities,1954,202467.0
UGA,Rural,1954,5391570.0
UGA,Towns,1954,834341.0
ZAF,Cities,1954,1962047.0
ZAF,Rural,1954,7088406.0
ZAF,Towns,1954,5153326.0
ZMB,Cities,1954,0.0
ZMB,Rural,1954,1422274.0
ZMB,Towns,1954,1200003.0
ZWE,Cities,1954,291426.0
ZWE,Rural,1954,2387597.0
ZWE,Towns,1954,484860.0
AFE,Cities,1955,8330541.0
AFE,Rural,1955,72722395.0
AFE,Towns,1955,34351635.0
AFW,Cities,1955,8186564.0
AFW,Rural,1955,41257417.0
AFW,Towns,1955,38820244.0
AGO,Cities,1955,1087057.0
AGO,Rural,1955,1978356.0
AGO,Towns,1955,1767351.0
BDI,Cities,1955,0.0
BDI,Rural,1955,1570278.0
BDI,Towns,1955,934372.0
BEN,Cities,1955,196177.0
BEN,Rural,1955,1031686.9999999999
BEN,Towns,1955,1125782.0
BFA,Cities,1955,52314.0
BFA,Rural,1955,3349419.0
BFA,Towns,1955,1067319.0
BWA,Cities,1955,0.0
BWA,Rural,1955,241326.0
BWA,Towns,1955,222600.0
CAF,Cities,1955,128104.99999999999
CAF,Rural,1955,892346.0
CAF,Towns,1955,538912.0
CIV,Cities,1955,192181.0
CIV,Rural,1955,2004300.0
CIV,Towns,1955,940147.0
CMR,Cities,1955,486006.0
CMR,Rural,1955,1894494.0
CMR,Towns,1955,2319758.0
COD,Cities,1955,1830305.0
COD,Rural,1955,7145217.0
COD,Towns,1955,4654829.0
COG,Cities,1955,400335.0
COG,Rural,1955,242410.0
COG,Towns,1955,291687.0
COM,Cities,1955,0.0
COM,Rural,1955,93535.0
COM,Towns,1955,86051.0
CPV,Cities,1955,0.0
CPV,Rural,1955,81472.0
CPV,Towns,1955,114142.0
ERI,Cities,1955,238882.0
ERI,Rural,1955,432939.0
ERI,Towns,1955,214415.0
ETH,Cities,1955,654142.0
ETH,Rural,1955,11576916.0
ETH,Towns,1955,7188712.0
GAB,Cities,1955,0.0
GAB,Rural,1955,152443.0
GAB,Towns,1955,336374.0
GHA,Cities,1955,609879.0
GHA,Rural,1955,3101216.0
GHA,Towns,1955,2203829.0
GIN,Cities,1955,115831.0
GIN,Rural,1955,2136501.0
GIN,Towns,1955,1015528.0
GMB,Cities,1955,0.0
GMB,Rural,1955,233001.0
GMB,Towns,1955,115788.0
GNB,Cities,1955,0.0
GNB,Rural,1955,323442.0
GNB,Towns,1955,240626.0
GNQ,Cities,1955,0.0
GNQ,Rural,1955,108386.0
GNQ,Towns,1955,138829.0
KEN,Cities,1955,241558.0
KEN,Rural,1955,4898239.0
KEN,Towns,1955,1389500.0
LBR,Cities,1955,0.0
LBR,Rural,1955,625054.0
LBR,Towns,1955,391336.0
LSO,Cities,1955,0.0
LSO,Rural,1955,549753.0
LSO,Towns,1955,92435.0
MDG,Cities,1955,120981.0
MDG,Rural,1955,3863144.0
MDG,Towns,1955,505988.0
MLI,Cities,1955,140882.0
MLI,Rural,1955,3563430.0
MLI,Towns,1955,1337622.0
MOZ,Cities,1955,277625.0
MOZ,Rural,1955,4016897.0
MOZ,Towns,1955,1979950.0
MRT,Cities,1955,0.0
MRT,Rural,1955,584997.0
MRT,Towns,1955,145727.0
MUS,Cities,1955,212503.0
MUS,Rural,1955,112781.0
MUS,Towns,1955,274304.0
MWI,Cities,1955,0.0
MWI,Rural,1955,2976352.0
MWI,Towns,1955,270191.0
NAM,Cities,1955,0.0
NAM,Rural,1955,437370.0
NAM,Towns,1955,109712.0
NER,Cities,1955,0.0
NER,Rural,1955,2143022.0
NER,Towns,1955,892267.0
NGA,Cities,1955,4940337.0
NGA,Rural,1955,13862352.0
NGA,Towns,1955,22132944.0
RWA,Cities,1955,0.0
RWA,Rural,1955,1390735.0
RWA,Towns,1955,1177563.0
SDN,Cities,1955,593488.0
SDN,Rural,1955,3760775.0
SDN,Towns,1955,2827429.0
SEN,Cities,1955,602670.0
SEN,Rural,1955,1316219.0
SEN,Towns,1955,989615.0
SLE,Cities,1955,135503.0
SLE,Rural,1955,1090048.0
SLE,Towns,1955,895338.0
SOM,Cities,1955,374219.0
SOM,Rural,1955,1191522.0
SOM,Towns,1955,966512.0
SSA,Cities,1955,16517105.0
SSA,Rural,1955,113979812.0
SSA,Towns,1955,73171879.0
SSD,Cities,1955,87410.0
SSD,Rural,1955,2288699.0
SSD,Towns,1955,328973.0
STP,Cities,1955,0.0
STP,Rural,1955,14286.0
STP,Towns,1955,50320.0
SWZ,Cities,1955,0.0
SWZ,Rural,1955,272329.0
SWZ,Towns,1955,34888.0
SYC,Cities,1955,0.0
SYC,Rural,1955,13732.0
SYC,Towns,1955,26370.0
TCD,Cities,1955,128133.99999999999
TCD,Rural,1955,1708539.0
TCD,Towns,1955,927577.0
TGO,Cities,1955,58210.0
TGO,Rural,1955,812639.0
TGO,Towns,1955,659097.0
TZA,Cities,1955,78472.0
TZA,Rural,1955,7256997.0
TZA,Towns,1955,1309392.0
UGA,Cities,1955,209440.0
UGA,Rural,1955,5522692.0
UGA,Towns,1955,881638.0
ZAF,Cities,1955,2021322.0
ZAF,Rural,1955,7202815.0
ZAF,Towns,1955,5309229.0
ZMB,Cities,1955,0.0
ZMB,Rural,1955,1462042.0
ZMB,Towns,1955,1241501.0
ZWE,Cities,1955,303137.0
ZWE,Rural,1955,2452668.0
ZWE,Towns,1955,507410.0
AFE,Cities,1956,8911183.0
AFE,Rural,1956,73983995.0
AFE,Towns,1956,35249924.0
AFW,Cities,1956,8887672.0
AFW,Rural,1956,41841621.0
AFW,Towns,1956,39290278.0
AGO,Cities,1956,1152947.0
AGO,Rural,1956,2000997.0
AGO,Towns,1956,1750326.0
BDI,Cities,1956,0.0
BDI,Rural,1956,1588331.0
BDI,Towns,1956,966977.0
BEN,Cities,1956,208942.0
BEN,Rural,1956,1042619.9999999999
BEN,Towns,1956,1129330.0
BFA,Cities,1956,53914.0
BFA,Rural,1956,3388535.0
BFA,Towns,1956,1084205.0
BWA,Cities,1956,0.0
BWA,Rural,1956,245076.0
BWA,Towns,1956,228706.0
CAF,Cities,1956,134804.0
CAF,Rural,1956,902800.0
CAF,Towns,1956,548242.0
CIV,Cities,1956,219224.0
CIV,Rural,1956,2044484.0
CIV,Towns,1956,966302.0
CMR,Cities,1956,543894.0
CMR,Rural,1956,1918418.0
CMR,Towns,1956,2326024.0
COD,Cities,1956,2015642.0
COD,Rural,1956,7242630.0
COD,Towns,1956,4671679.0
COG,Cities,1956,417183.0
COG,Rural,1956,243698.0
COG,Towns,1956,295943.0
COM,Cities,1956,0.0
COM,Rural,1956,94173.0
COM,Towns,1956,88785.0
CPV,Cities,1956,0.0
CPV,Rural,1956,81928.0
CPV,Towns,1956,115919.0
ERI,Cities,1956,248007.0
ERI,Rural,1956,437972.0
ERI,Towns,1956,217428.0
ETH,Cities,1956,709746.0
ETH,Rural,1956,11756295.0
ETH,Towns,1956,7352844.0
GAB,Cities,1956,0.0
GAB,Rural,1956,154010.0
GAB,Towns,1956,338776.0
GHA,Cities,1956,652893.0
GHA,Rural,1956,3161361.0
GHA,Towns,1956,2295355.0
GIN,Cities,1956,129102.0
GIN,Rural,1956,2165464.0
GIN,Towns,1956,1027934.0
GMB,Cities,1956,0.0
GMB,Rural,1956,237373.0
GMB,Towns,1956,120657.0
GNB,Cities,1956,0.0
GNB,Rural,1956,326011.0
GNB,Towns,1956,240959.0
GNQ,Cities,1956,0.0
GNQ,Rural,1956,111107.0
GNQ,Towns,1956,140421.0
KEN,Cities,1956,257658.00000000003
KEN,Rural,1956,5002369.0
KEN,Towns,1956,1467663.0
LBR,Cities,1956,0.0
LBR,Rural,1956,637951.0
LBR,Towns,1956,401198.0
LSO,Cities,1956,0.0
LSO,Rural,1956,560816.0
LSO,Towns,1956,96495.0
MDG,Cities,1956,128088.0
MDG,Rural,1956,3949855.0
MDG,Towns,1956,528479.0
MLI,Cities,1956,144263.0
MLI,Rural,1956,3609202.0
MLI,Towns,1956,1358510.0
MOZ,Cities,1956,298673.0
MOZ,Rural,1956,4065676.0
MOZ,Towns,1956,1990686.0
MRT,Cities,1956,0.0
MRT,Rural,1956,596954.0
MRT,Towns,1956,150652.0
MUS,Cities,1956,223495.0
MUS,Rural,1956,112952.0
MUS,Towns,1956,278110.0
MWI,Cities,1956,0.0
MWI,Rural,1956,3030192.0
MWI,Towns,1956,285106.0
NAM,Cities,1956,0.0
NAM,Rural,1956,443090.0
NAM,Towns,1956,111468.0
NER,Cities,1956,23897.0
NER,Rural,1956,2192848.0
NER,Towns,1956,908005.0
NGA,Cities,1956,5346827.0
NGA,Rural,1956,14030082.0
NGA,Towns,1956,22339146.0
RWA,Cities,1956,0.0
RWA,Rural,1956,1412423.0
RWA,Towns,1956,1244386.0
SDN,Cities,1956,639136.0
SDN,Rural,1956,3824198.0
SDN,Towns,1956,2938258.0
SEN,Cities,1956,652672.0
SEN,Rural,1956,1335673.0
SEN,Towns,1956,1000587.0
SLE,Cities,1956,149665.0
SLE,Rural,1956,1102461.0
SLE,Towns,1956,895853.0
SOM,Cities,1956,393803.0
SOM,Rural,1956,1207198.0
SOM,Towns,1956,997365.0
SSA,Cities,1956,17798855.0
SSA,Rural,1956,115825616.0
SSA,Towns,1956,74540202.0
SSD,Cities,1956,91368.0
SSD,Rural,1956,2319945.0
SSD,Towns,1956,343279.0
STP,Cities,1956,0.0
STP,Rural,1956,14552.0
STP,Towns,1956,50674.0
SWZ,Cities,1956,0.0
SWZ,Rural,1956,278216.0
SWZ,Towns,1956,36398.0
SYC,Cities,1956,0.0
SYC,Rural,1956,13826.0
SYC,Towns,1956,26774.0
TCD,Cities,1956,146589.0
TCD,Rural,1956,1735165.0
TCD,Towns,1956,935902.0
TGO,Cities,1956,63803.0
TGO,Rural,1956,823476.0
TGO,Towns,1956,670358.0
TZA,Cities,1956,93891.0
TZA,Rural,1956,7419801.0
TZA,Towns,1956,1361087.0
UGA,Cities,1956,218374.0
UGA,Rural,1956,5646672.0
UGA,Towns,1956,940413.0
ZAF,Cities,1956,2093609.0
ZAF,Rural,1956,7299969.0
ZAF,Towns,1956,5487109.0
ZMB,Cities,1956,26572.0
ZMB,Rural,1956,1501047.0
ZMB,Towns,1956,1259791.0
ZWE,Cities,1956,320174.0
ZWE,Rural,1956,2515724.0
ZWE,Towns,1956,529638.0
AFE,Cities,1957,9496866.0
AFE,Rural,1957,75287086.0
AFE,Towns,1957,36159453.0
AFW,Cities,1957,9593750.0
AFW,Rural,1957,42454160.0
AFW,Towns,1957,39785147.0
AGO,Cities,1957,1219866.0
AGO,Rural,1957,2025640.0
AGO,Towns,1957,1735137.0
BDI,Cities,1957,0.0
BDI,Rural,1957,1606715.0
BDI,Towns,1957,999768.0
BEN,Cities,1957,221903.0
BEN,Rural,1957,1054708.0
BEN,Towns,1957,1134159.0
BFA,Cities,1957,55539.0
BFA,Rural,1957,3429392.0
BFA,Towns,1957,1101641.0
BWA,Cities,1957,0.0
BWA,Rural,1957,248908.0
BWA,Towns,1957,234880.0
CAF,Cities,1957,141575.0
CAF,Rural,1957,913802.0
CAF,Towns,1957,557900.0
CIV,Cities,1957,246530.0
CIV,Rural,1957,2088518.9999999998
CIV,Towns,1957,994229.0
CMR,Cities,1957,602020.0
CMR,Rural,1957,1943362.0
CMR,Towns,1957,2333551.0
COD,Cities,1957,2202404.0
COD,Rural,1957,7346831.0
COD,Towns,1957,4693042.0
COG,Cities,1957,434436.0
COG,Rural,1957,245251.0
COG,Towns,1957,300511.0
COM,Cities,1957,0.0
COM,Rural,1957,94934.0
COM,Towns,1957,91632.0
CPV,Cities,1957,0.0
CPV,Rural,1957,82472.0
CPV,Towns,1957,117814.0
ERI,Cities,1957,256632.99999999997
ERI,Rural,1957,442150.0
ERI,Towns,1957,220014.0
ETH,Cities,1957,763706.0
ETH,Rural,1957,11909501.0
ETH,Towns,1957,7500532.0
GAB,Cities,1957,0.0
GAB,Rural,1957,155675.0
GAB,Towns,1957,341395.0
GHA,Cities,1957,696710.0
GHA,Rural,1957,3225886.0
GHA,Towns,1957,2389905.0
GIN,Cities,1957,142416.0
GIN,Rural,1957,2195424.0
GIN,Towns,1957,1040815.0
GMB,Cities,1957,0.0
GMB,Rural,1957,241931.0
GMB,Towns,1957,125615.0
GNB,Cities,1957,0.0
GNB,Rural,1957,328505.0
GNB,Towns,1957,241237.0
GNQ,Cities,1957,0.0
GNQ,Rural,1957,113860.0
GNQ,Towns,1957,142055.0
KEN,Cities,1957,274416.0
KEN,Rural,1957,5120782.0
KEN,Towns,1957,1549670.0
LBR,Cities,1957,0.0
LBR,Rural,1957,651488.0
LBR,Towns,1957,411460.0
LSO,Cities,1957,0.0
LSO,Rural,1957,573801.0
LSO,Towns,1957,100868.0
MDG,Cities,1957,135294.0
MDG,Rural,1957,4039947.0
MDG,Towns,1957,551395.0
MLI,Cities,1957,147675.0
MLI,Rural,1957,3655762.0
MLI,Towns,1957,1379693.0
MOZ,Cities,1957,319810.0
MOZ,Rural,1957,4116111.0
MOZ,Towns,1957,2002257.0
MRT,Cities,1957,0.0
MRT,Rural,1957,609601.0
MRT,Towns,1957,155745.0
MUS,Cities,1957,234793.0
MUS,Rural,1957,113291.0
MUS,Towns,1957,282320.0
MWI,Cities,1957,0.0
MWI,Rural,1957,3087429.0
MWI,Towns,1957,300309.0
NAM,Cities,1957,0.0
NAM,Rural,1957,449256.0
NAM,Towns,1957,113335.0
NER,Cities,1957,47753.0
NER,Rural,1957,2243848.0
NER,Towns,1957,924239.0
NGA,Cities,1957,5755537.0
NGA,Rural,1957,14205020.0
NGA,Towns,1957,22556919.0
RWA,Cities,1957,0.0
RWA,Rural,1957,1435487.0
RWA,Towns,1957,1312387.0
SDN,Cities,1957,685382.0
SDN,Rural,1957,3891900.0
SDN,Towns,1957,3052167.0
SEN,Cities,1957,703234.0
SEN,Rural,1957,1356519.0
SEN,Towns,1957,1012611.0
SLE,Cities,1957,163888.0
SLE,Rural,1957,1115482.0
SLE,Towns,1957,896880.0
SOM,Cities,1957,413558.0
SOM,Rural,1957,1223465.0
SOM,Towns,1957,1028679.0000000001
SSA,Cities,1957,19090616.0
SSA,Rural,1957,117741246.0
SSA,Towns,1957,75944600.0
SSD,Cities,1957,95332.0
SSD,Rural,1957,2351154.0
SSD,Towns,1957,357610.0
STP,Cities,1957,0.0
STP,Rural,1957,14823.0
STP,Towns,1957,51048.0
SWZ,Cities,1957,0.0
SWZ,Rural,1957,284202.0
SWZ,Towns,1957,37920.0
SYC,Cities,1957,0.0
SYC,Rural,1957,13947.0
SYC,Towns,1957,27231.0
TCD,Cities,1957,165120.0
TCD,Rural,1957,1763046.0
TCD,Towns,1957,944917.0
TGO,Cities,1957,69414.0
TGO,Rural,1957,834607.0
TGO,Towns,1957,681856.0
TZA,Cities,1957,109383.0
TZA,Rural,1957,7591980.0
TZA,Towns,1957,1414427.0
UGA,Cities,1957,227516.0
UGA,Rural,1957,5776345.0
UGA,Towns,1957,1000024.0
ZAF,Cities,1957,2168185.0
ZAF,Rural,1957,7405626.0
ZAF,Towns,1957,5671028.0
ZMB,Cities,1957,53086.0
ZMB,Rural,1957,1541575.0
ZMB,Towns,1957,1279407.0
ZWE,Cities,1957,337502.0
ZWE,Rural,1957,2581286.0
ZWE,Towns,1957,552366.0
AFE,Cities,1958,10084837.0
AFE,Rural,1958,76608637.0
AFE,Towns,1958,37069201.0
AFW,Cities,1958,10303260.0
AFW,Rural,1958,43085512.0
AFW,Towns,1958,40294305.0
AGO,Cities,1958,1287771.0
AGO,Rural,1958,2051960.0
AGO,Towns,1958,1721403.0
BDI,Cities,1958,0.0
BDI,Rural,1958,1624956.0
BDI,Towns,1958,1032455.9999999999
BEN,Cities,1958,235109.0
BEN,Rural,1958,1068017.0
BEN,Towns,1958,1140308.0
BFA,Cities,1958,57174.0
BFA,Rural,1958,3470841.0
BFA,Towns,1958,1119265.0
BWA,Cities,1958,0.0
BWA,Rural,1958,252901.0
BWA,Towns,1958,241205.0
CAF,Cities,1958,148427.0
CAF,Rural,1958,925353.0
CAF,Towns,1958,567890.0
CIV,Cities,1958,274269.0
CIV,Rural,1958,2136700.0
CIV,Towns,1958,1024111.0000000001
CMR,Cities,1958,660483.0
CMR,Rural,1958,1969376.0
CMR,Towns,1958,2342359.0
COD,Cities,1958,2389426.0
COD,Rural,1958,7452775.0
COD,Towns,1958,4715595.0
COG,Cities,1958,452151.0
COG,Rural,1958,247072.0
COG,Towns,1958,305406.0
COM,Cities,1958,0.0
COM,Rural,1958,95891.0
COM,Towns,1958,94672.0
CPV,Cities,1958,0.0
CPV,Rural,1958,83167.0
CPV,Towns,1958,119922.0
ERI,Cities,1958,264787.0
ERI,Rural,1958,445574.0
ERI,Towns,1958,222223.0
ETH,Cities,1958,815598.0
ETH,Rural,1958,12034520.0
ETH,Towns,1958,7630166.0
GAB,Cities,1958,0.0
GAB,Rural,1958,157457.0
GAB,Towns,1958,344271.0
GHA,Cities,1958,741030.0
GHA,Rural,1958,3292887.0
GHA,Towns,1958,2486238.0
GIN,Cities,1958,155793.0
GIN,Rural,1958,2226441.0
GIN,Towns,1958,1054197.0
GMB,Cities,1958,0.0
GMB,Rural,1958,246696.0
GMB,Towns,1958,130678.0
GNB,Cities,1958,0.0
GNB,Rural,1958,330946.0
GNB,Towns,1958,241477.0
GNQ,Cities,1958,0.0
GNQ,Rural,1958,116650.0
GNQ,Towns,1958,143737.0
KEN,Cities,1958,291658.0
KEN,Rural,1958,5248690.0
KEN,Towns,1958,1634442.0
LBR,Cities,1958,0.0
LBR,Rural,1958,665333.0
LBR,Towns,1958,421913.0
LSO,Cities,1958,0.0
LSO,Rural,1958,588733.0
LSO,Towns,1958,105582.0
MDG,Cities,1958,142611.0
MDG,Rural,1958,4133464.0
MDG,Towns,1958,574771.0
MLI,Cities,1958,151063.0
MLI,Rural,1958,3701748.0
MLI,Towns,1958,1400657.0
MOZ,Cities,1958,340935.0
MOZ,Rural,1958,4166698.0000000005
MOZ,Towns,1958,2013921.0
MRT,Cities,1958,0.0
MRT,Rural,1958,622975.0
MRT,Towns,1958,161021.0
MUS,Cities,1958,246431.0
MUS,Rural,1958,113791.0
MUS,Towns,1958,286933.0
MWI,Cities,1958,0.0
MWI,Rural,1958,3148111.0
MWI,Towns,1958,315836.0
NAM,Cities,1958,0.0
NAM,Rural,1958,455991.0
NAM,Towns,1958,115344.0
NER,Cities,1958,71622.0
NER,Rural,1958,2296461.0
NER,Towns,1958,941142.0
NGA,Cities,1958,6164770.0
NGA,Rural,1958,14381958.0
NGA,Towns,1958,22777918.0
RWA,Cities,1958,0.0
RWA,Rural,1958,1459156.0
RWA,Towns,1958,1380973.0
SDN,Cities,1958,732108.0
SDN,Rural,1958,3962588.0
SDN,Towns,1958,3168337.0
SEN,Cities,1958,754446.0
SEN,Rural,1958,1378685.0
SEN,Towns,1958,1025625.0
SLE,Cities,1958,178125.0
SLE,Rural,1958,1128668.0
SLE,Towns,1958,898047.0
SOM,Cities,1958,433361.0
SOM,Rural,1958,1239914.0
SOM,Towns,1958,1060130.0
SSA,Cities,1958,20388097.0
SSA,Rural,1958,119694149.0
SSA,Towns,1958,77363506.0
SSD,Cities,1958,99121.0
SSD,Rural,1958,2377953.0
SSD,Towns,1958,371280.0
STP,Cities,1958,0.0
STP,Rural,1958,15103.0
STP,Towns,1958,51455.0
SWZ,Cities,1958,0.0
SWZ,Rural,1958,290302.0
SWZ,Towns,1958,39458.0
SYC,Cities,1958,0.0
SYC,Rural,1958,14083.0
SYC,Towns,1958,27716.0
TCD,Cities,1958,183750.0
TCD,Rural,1958,1792071.0
TCD,Towns,1958,954546.0
TGO,Cities,1958,75048.0
TGO,Rural,1958,846010.0
TGO,Towns,1958,693577.0
TZA,Cities,1958,124992.0
TZA,Rural,1958,7773176.0
TZA,Towns,1958,1469426.0
UGA,Cities,1958,236897.0
UGA,Rural,1958,5912187.0
UGA,Towns,1958,1060673.0
ZAF,Cities,1958,2244356.0
ZAF,Rural,1958,7516930.0
ZAF,Towns,1958,5859132.0
ZMB,Cities,1958,79630.0
ZMB,Rural,1958,1583795.0
ZMB,Towns,1958,1300441.0
ZWE,Cities,1958,355155.0
ZWE,Rural,1958,2649395.0
ZWE,Towns,1958,575631.0
AFE,Cities,1959,10687649.0
AFE,Rural,1959,78053796.0
AFE,Towns,1959,38045309.0
AFW,Cities,1959,11021462.0
AFW,Rural,1959,43751372.0
AFW,Towns,1959,40834840.0
AGO,Cities,1959,1356609.0
AGO,Rural,1959,2079684.0000000002
AGO,Towns,1959,1708810.0
BDI,Cities,1959,0.0
BDI,Rural,1959,1643968.0
BDI,Towns,1959,1065629.0
BEN,Cities,1959,248598.0
BEN,Rural,1959,1082555.0
BEN,Towns,1959,1147761.0
BFA,Cities,1959,58844.0
BFA,Rural,1959,3514424.0
BFA,Towns,1959,1137577.0
BWA,Cities,1959,0.0
BWA,Rural,1959,257125.99999999997
BWA,Towns,1959,247752.0
CAF,Cities,1959,155396.0
CAF,Rural,1959,937616.0
CAF,Towns,1959,578319.0
CIV,Cities,1959,302685.0
CIV,Rural,1959,2189863.0
CIV,Towns,1959,1056394.0
CMR,Cities,1959,719624.0
CMR,Rural,1959,1997182.0
CMR,Towns,1959,2353265.0
COD,Cities,1959,2579423.0
COD,Rural,1959,7568081.0
COD,Towns,1959,4744079.0
COG,Cities,1959,470366.0
COG,Rural,1959,249158.0
COG,Towns,1959,310631.0
COM,Cities,1959,0.0
COM,Rural,1959,96707.0
COM,Towns,1959,97579.0
CPV,Cities,1959,0.0
CPV,Rural,1959,84050.0
CPV,Towns,1959,122304.0
ERI,Cities,1959,274120.0
ERI,Rural,1959,451011.0
ERI,Towns,1959,225434.0
ETH,Cities,1959,870979.0
ETH,Rural,1959,12213377.0
ETH,Towns,1959,7793749.0
GAB,Cities,1959,0.0
GAB,Rural,1959,159370.0
GAB,Towns,1959,347435.0
GHA,Cities,1959,786247.0
GHA,Rural,1959,3363759.0
GHA,Towns,1959,2585534.0
GIN,Cities,1959,169247.0
GIN,Rural,1959,2258468.0
GIN,Towns,1959,1068058.0
GMB,Cities,1959,0.0
GMB,Rural,1959,251684.0
GMB,Towns,1959,135860.0
GNB,Cities,1959,0.0
GNB,Rural,1959,333348.0
GNB,Towns,1959,241686.0
GNQ,Cities,1959,0.0
GNQ,Rural,1959,119502.0
GNQ,Towns,1959,145494.0
KEN,Cities,1959,309649.0
KEN,Rural,1959,5389709.0
KEN,Towns,1959,1723387.0
LBR,Cities,1959,0.0
LBR,Rural,1959,679800.0
LBR,Towns,1959,432763.0
LSO,Cities,1959,0.0
LSO,Rural,1959,604494.0
LSO,Towns,1959,110453.0
MDG,Cities,1959,150051.0
MDG,Rural,1959,4230410.0
MDG,Towns,1959,598633.0
MLI,Cities,1959,154503.0
MLI,Rural,1959,3749027.0
MLI,Towns,1959,1422109.0
MOZ,Cities,1959,362339.0
MOZ,Rural,1959,4220783.0
MOZ,Towns,1959,2027280.0
MRT,Cities,1959,0.0
MRT,Rural,1959,637109.0
MRT,Towns,1959,166497.0
MUS,Cities,1959,258440.0
MUS,Rural,1959,114446.0
MUS,Towns,1959,291949.0
MWI,Cities,1959,0.0
MWI,Rural,1959,3212421.0
MWI,Towns,1959,331738.0
NAM,Cities,1959,0.0
NAM,Rural,1959,463396.0
NAM,Towns,1959,117524.0
NER,Cities,1959,95567.0
NER,Rural,1959,2351041.0
NER,Towns,1959,958848.0
NGA,Cities,1959,6578249.0
NGA,Rural,1959,14568811.0
NGA,Towns,1959,23014622.0
RWA,Cities,1959,0.0
RWA,Rural,1959,1482806.0
RWA,Towns,1959,1449588.0
SDN,Cities,1959,779770.0
SDN,Rural,1959,4038217.0
SDN,Towns,1959,3288498.0
SEN,Cities,1959,806448.0
SEN,Rural,1959,1402219.0
SEN,Towns,1959,1039652.0
SLE,Cities,1959,192490.0
SLE,Rural,1959,1142671.0
SLE,Towns,1959,899865.0
SOM,Cities,1959,453478.0
SOM,Rural,1959,1257262.0
SOM,Towns,1959,1092350.0
SSA,Cities,1959,21709111.0
SSA,Rural,1959,121805168.0
SSA,Towns,1959,78880149.0
SSD,Cities,1959,102771.0
SSD,Rural,1959,2401579.0
SSD,Towns,1959,384435.0
STP,Cities,1959,0.0
STP,Rural,1959,15394.0
STP,Towns,1959,51897.0
SWZ,Cities,1959,0.0
SWZ,Rural,1959,296501.0
SWZ,Towns,1959,41008.0
SYC,Cities,1959,0.0
SYC,Rural,1959,14234.0
SYC,Towns,1959,28230.0
TCD,Cities,1959,202497.0
TCD,Rural,1959,1822112.0
TCD,Towns,1959,964713.0
TGO,Cities,1959,80701.0
TGO,Rural,1959,857603.0
TGO,Towns,1959,705453.0
TZA,Cities,1959,140749.0
TZA,Rural,1959,7962521.0
TZA,Towns,1959,1525993.0
UGA,Cities,1959,246539.0
UGA,Rural,1959,6054378.0
UGA,Towns,1959,1122509.0
ZAF,Cities,1959,2323267.0
ZAF,Rural,1959,7637323.0
ZAF,Towns,1959,6054383.0
ZMB,Cities,1959,106294.0
ZMB,Rural,1959,1627819.0
ZMB,Towns,1959,1322942.0
ZWE,Cities,1959,373171.0
ZWE,Rural,1959,2720149.0
ZWE,Towns,1959,599480.0
AFE,Cities,1960,11312984.0
AFE,Rural,1960,79656670.0
AFE,Towns,1960,39107599.0
AFW,Cities,1960,11752176.0
AFW,Rural,1960,44461772.0
AFW,Towns,1960,41416979.0
AGO,Cities,1960,1426229.0
AGO,Rural,1960,2108439.0
AGO,Towns,1960,1696986.0
BDI,Cities,1960,0.0
BDI,Rural,1960,1664468.0
BDI,Towns,1960,1099790.0
BEN,Cities,1960,262410.0
BEN,Rural,1960,1098353.0
BEN,Towns,1960,1156523.0
BFA,Cities,1960,60568.0
BFA,Rural,1960,3561142.0
BFA,Towns,1960,1156911.0
BWA,Cities,1960,0.0
BWA,Rural,1960,261610.0
BWA,Towns,1960,254555.0
CAF,Cities,1960,162500.0
CAF,Rural,1960,950630.0
CAF,Towns,1960,589217.0
CIV,Cities,1960,332157.0
CIV,Rural,1960,2249610.0
CIV,Towns,1960,1091899.0
CMR,Cities,1960,777536.0
CMR,Rural,1960,2021489.0
CMR,Towns,1960,2360033.0
COD,Cities,1960,2776741.0
COD,Rural,1960,7703251.0
COD,Towns,1960,4784855.0
COG,Cities,1960,489082.0
COG,Rural,1960,251485.0
COG,Towns,1960,316165.0
COM,Cities,1960,0.0
COM,Rural,1960,97370.0
COM,Towns,1960,100330.0
CPV,Cities,1960,0.0
CPV,Rural,1960,85096.0
CPV,Towns,1960,124928.0
ERI,Cities,1960,284630.0
ERI,Rural,1960,458328.0
ERI,Towns,1960,229588.0
ETH,Cities,1960,930779.0
ETH,Rural,1960,12450883.0
ETH,Towns,1960,7995031.0
GAB,Cities,1960,0.0
GAB,Rural,1960,161420.0
GAB,Towns,1960,350896.0
GHA,Cities,1960,832735.0
GHA,Rural,1960,3439642.0
GHA,Towns,1960,2688837.0
GIN,Cities,1960,182795.0
GIN,Rural,1960,2291543.0
GIN,Towns,1960,1082412.0
GMB,Cities,1960,0.0
GMB,Rural,1960,256892.0
GMB,Towns,1960,141168.0
GNB,Cities,1960,0.0
GNB,Rural,1960,335741.0
GNB,Towns,1960,241892.0
GNQ,Cities,1960,0.0
GNQ,Rural,1960,122446.0
GNQ,Towns,1960,147361.0
KEN,Cities,1960,328724.0
KEN,Rural,1960,5548301.0
KEN,Towns,1960,1818281.0
LBR,Cities,1960,0.0
LBR,Rural,1960,695268.0
LBR,Towns,1960,444254.0
LSO,Cities,1960,0.0
LSO,Rural,1960,621023.0
LSO,Towns,1960,115477.0
MDG,Cities,1960,157610.0
MDG,Rural,1960,4330460.0
MDG,Towns,1960,622959.0
MLI,Cities,1960,158081.0
MLI,Rural,1960,3799640.0
MLI,Towns,1960,1444829.0
MOZ,Cities,1960,384576.0
MOZ,Rural,1960,4284084.0
MOZ,Towns,1960,2045035.0
MRT,Cities,1960,0.0
MRT,Rural,1960,652097.0
MRT,Towns,1960,172201.0
MUS,Cities,1960,269607.0
MUS,Rural,1960,114722.0
MUS,Towns,1960,296002.0
MWI,Cities,1960,0.0
MWI,Rural,1960,3280113.0
MWI,Towns,1960,348021.0
NAM,Cities,1960,0.0
NAM,Rural,1960,471565.0
NAM,Towns,1960,119899.0
NER,Cities,1960,119656.0
NER,Rural,1960,2407914.0
NER,Towns,1960,977479.0
NGA,Cities,1960,7000476.0
NGA,Rural,1960,14773661.0
NGA,Towns,1960,23279645.0
RWA,Cities,1960,0.0
RWA,Rural,1960,1505256.0
RWA,Towns,1960,1517038.0
SDN,Cities,1960,828919.0
SDN,Rural,1960,4120930.9999999995
SDN,Towns,1960,3414639.0
SEN,Cities,1960,859288.0
SEN,Rural,1960,1427015.0
SEN,Towns,1960,1054604.0
SLE,Cities,1960,207149.0
SLE,Rural,1960,1158279.0
SLE,Towns,1960,902928.0
SOM,Cities,1960,474187.0
SOM,Rural,1960,1276178.0
SOM,Towns,1960,1125966.0
SSA,Cities,1960,23065160.0
SSA,Rural,1960,124118442.0
SSA,Towns,1960,80524578.0
SSD,Cities,1960,106500.0
SSD,Rural,1960,2427179.0
SSD,Towns,1960,397881.0
STP,Cities,1960,0.0
STP,Rural,1960,15683.0
STP,Towns,1960,52329.0
SWZ,Cities,1960,0.0
SWZ,Rural,1960,302768.0
SWZ,Towns,1960,42569.0
SYC,Cities,1960,0.0
SYC,Rural,1960,14418.0
SYC,Towns,1960,28812.0
TCD,Cities,1960,221375.0
TCD,Rural,1960,1853095.0
TCD,Towns,1960,975368.0
TGO,Cities,1960,86368.0
TGO,Rural,1960,869314.0
TGO,Towns,1960,717429.0
TZA,Cities,1960,156699.0
TZA,Rural,1960,8160447.0
TZA,Towns,1960,1584272.0
UGA,Cities,1960,256315.99999999997
UGA,Rural,1960,6199641.0
UGA,Towns,1960,1185015.0
ZAF,Cities,1960,2406703.0
ZAF,Rural,1960,7772082.0
ZAF,Towns,1960,6261387.0
ZMB,Cities,1960,133155.0
ZMB,Rural,1960,1673681.0
ZMB,Towns,1960,1346892.0
ZWE,Cities,1960,391609.0
ZWE,Rural,1960,2793789.0
ZWE,Towns,1960,623990.0
AFE,Cities,1961,12257579.0
AFE,Rural,1961,81108920.0
AFE,Towns,1961,40181417.0
AFW,Cities,1961,12615453.0
AFW,Rural,1961,45099462.0
AFW,Towns,1961,41991757.0
AGO,Cities,1961,1472884.0
AGO,Rural,1961,2135499.0
AGO,Towns,1961,1693201.0
BDI,Cities,1961,10159.0
BDI,Rural,1961,1687211.0
BDI,Towns,1961,1137749.0
BEN,Cities,1961,277548.0
BEN,Rural,1961,1111978.0
BEN,Towns,1961,1169697.0
BFA,Cities,1961,63263.0
BFA,Rural,1961,3606562.0
BFA,Towns,1961,1178399.0
BWA,Cities,1961,0.0
BWA,Rural,1961,265795.0
BWA,Towns,1961,262147.0
CAF,Cities,1961,173595.0
CAF,Rural,1961,962407.0
CAF,Towns,1961,598578.0
CIV,Cities,1961,377345.0
CIV,Rural,1961,2302113.0
CIV,Towns,1961,1130695.0
CMR,Cities,1961,822986.0
CMR,Rural,1961,2039231.0
CMR,Towns,1961,2377055.0
COD,Cities,1961,3001117.0
COD,Rural,1961,7816706.0
COD,Towns,1961,4844551.0
COG,Cities,1961,524184.99999999994
COG,Rural,1961,252714.0
COG,Towns,1961,307491.0
COM,Cities,1961,0.0
COM,Rural,1961,98007.0
COM,Towns,1961,103194.0
CPV,Cities,1961,0.0
CPV,Rural,1961,85693.0
CPV,Towns,1961,129394.0
ERI,Cities,1961,307277.0
ERI,Rural,1961,463650.0
ERI,Towns,1961,224646.0
ETH,Cities,1961,1043833.0000000001
ETH,Rural,1961,12653075.0
ETH,Towns,1961,8209193.999999999
GAB,Cities,1961,0.0
GAB,Rural,1961,163120.0
GAB,Towns,1961,355146.0
GHA,Cities,1961,890598.0
GHA,Rural,1961,3502976.0
GHA,Towns,1961,2769092.0
GIN,Cities,1961,203704.0
GIN,Rural,1961,2323193.0
GIN,Towns,1961,1092654.0
GMB,Cities,1961,10013.0
GMB,Rural,1961,261612.00000000003
GMB,Towns,1961,137305.0
GNB,Cities,1961,0.0
GNB,Rural,1961,339932.0
GNB,Towns,1961,242600.0
GNQ,Cities,1961,0.0
GNQ,Rural,1961,125502.0
GNQ,Towns,1961,149394.0
KEN,Cities,1961,351431.0
KEN,Rural,1961,5690286.0
KEN,Towns,1961,1946053.0
LBR,Cities,1961,0.0
LBR,Rural,1961,710401.0
LBR,Towns,1961,457316.0
LSO,Cities,1961,0.0
LSO,Rural,1961,637191.0
LSO,Towns,1961,121633.0
MDG,Cities,1961,163268.0
MDG,Rural,1961,4428254.0
MDG,Towns,1961,654636.0
MLI,Cities,1961,162986.0
MLI,Rural,1961,3850024.0
MLI,Towns,1961,1469273.0
MOZ,Cities,1961,424438.0
MOZ,Rural,1961,4347127.0
MOZ,Towns,1961,2063371.0
MRT,Cities,1961,0.0
MRT,Rural,1961,667061.0
MRT,Towns,1961,179105.0
MUS,Cities,1961,279224.0
MUS,Rural,1961,114718.0
MUS,Towns,1961,298587.0
MWI,Cities,1961,0.0
MWI,Rural,1961,3346611.0
MWI,Towns,1961,368923.0
NAM,Cities,1961,0.0
NAM,Rural,1961,479878.0
NAM,Towns,1961,123188.0
NER,Cities,1961,140858.0
NER,Rural,1961,2462457.0
NER,Towns,1961,1004847.0
NGA,Cities,1961,7461689.0
NGA,Rural,1961,14949593.0
NGA,Towns,1961,23578028.0
RWA,Cities,1961,0.0
RWA,Rural,1961,1523234.0
RWA,Towns,1961,1583545.0
SDN,Cities,1961,985977.0
SDN,Rural,1961,4187473.0
SDN,Towns,1961,3461491.0
SEN,Cities,1961,934626.0
SEN,Rural,1961,1447809.0
SEN,Towns,1961,1053940.0
SLE,Cities,1961,236520.0
SLE,Rural,1961,1172478.0
SLE,Towns,1961,895229.0
SOM,Cities,1961,537123.0
SOM,Rural,1961,1291664.0
SOM,Towns,1961,1123267.0
SSA,Cities,1961,24873032.0
SSA,Rural,1961,126208382.0
SSA,Towns,1961,82173174.0
SSD,Cities,1961,122242.0
SSD,Rural,1961,2451819.0
SSD,Towns,1961,402663.0
STP,Cities,1961,0.0
STP,Rural,1961,15982.0
STP,Towns,1961,52725.0
SWZ,Cities,1961,0.0
SWZ,Rural,1961,308926.0
SWZ,Towns,1961,44338.0
SYC,Cities,1961,0.0
SYC,Rural,1961,14554.0
SYC,Towns,1961,29554.0
TCD,Cities,1961,233248.0
TCD,Rural,1961,1882939.0
TCD,Towns,1961,995758.0
TGO,Cities,1961,102289.0
TGO,Rural,1961,879667.0
TGO,Towns,1961,720761.0
TZA,Cities,1961,164939.0
TZA,Rural,1961,8354813.0
TZA,Towns,1961,1668134.0
UGA,Cities,1961,277718.0
UGA,Rural,1961,6332449.0
UGA,Towns,1961,1252050.0
ZAF,Cities,1961,2548724.0
ZAF,Rural,1961,7881131.0
ZAF,Towns,1961,6478181.0
ZMB,Cities,1961,153593.0
ZMB,Rural,1961,1718258.0
ZMB,Towns,1961,1382235.0
ZWE,Cities,1961,413632.0
ZWE,Rural,1961,2864609.0
ZWE,Towns,1961,652161.0
AFE,Cities,1962,13211555.0
AFE,Rural,1962,82663123.0
AFE,Towns,1962,41302929.0
AFW,Cities,1962,13486912.0
AFW,Rural,1962,45767907.0
AFW,Towns,1962,42599933.0
AGO,Cities,1962,1514792.0
AGO,Rural,1962,2155628.0
AGO,Towns,1962,1683889.0
BDI,Cities,1962,20300.0
BDI,Rural,1962,1711170.0
BDI,Towns,1962,1176472.0
BEN,Cities,1962,293028.0
BEN,Rural,1962,1127139.0
BEN,Towns,1962,1184490.0
BFA,Cities,1962,65979.0
BFA,Rural,1962,3653365.0
BFA,Towns,1962,1200327.0
BWA,Cities,1962,0.0
BWA,Rural,1962,270213.0
BWA,Towns,1962,269973.0
CAF,Cities,1962,184802.0
CAF,Rural,1962,974921.0
CAF,Towns,1962,608392.0
CIV,Cities,1962,423359.0
CIV,Rural,1962,2361021.0
CIV,Towns,1962,1172558.0
CMR,Cities,1962,871206.0
CMR,Rural,1962,2064516.9999999998
CMR,Towns,1962,2402897.0
COD,Cities,1962,3228027.0
COD,Rural,1962,7938343.0
COD,Towns,1962,4909354.0
COG,Cities,1962,559755.0
COG,Rural,1962,254224.0
COG,Towns,1962,299196.0
COM,Cities,1962,0.0
COM,Rural,1962,98643.0
COM,Towns,1962,106059.0
CPV,Cities,1962,0.0
CPV,Rural,1962,87008.0
CPV,Towns,1962,134911.0
ERI,Cities,1962,330244.0
ERI,Rural,1962,469542.0
ERI,Towns,1962,220002.0
ETH,Cities,1962,1157967.0
ETH,Rural,1962,12872765.0
ETH,Towns,1962,8434395.0
GAB,Cities,1962,0.0
GAB,Rural,1962,164955.0
GAB,Towns,1962,359693.0
GHA,Cities,1962,945169.0
GHA,Rural,1962,3553195.0
GHA,Towns,1962,2839011.0
GIN,Cities,1962,224692.0
GIN,Rural,1962,2356090.0
GIN,Towns,1962,1103490.0
GMB,Cities,1962,20011.0
GMB,Rural,1962,266569.0
GMB,Towns,1962,133583.0
GNB,Cities,1962,0.0
GNB,Rural,1962,345345.0
GNB,Towns,1962,244129.0
GNQ,Cities,1962,0.0
GNQ,Rural,1962,128693.00000000001
GNQ,Towns,1962,151593.0
KEN,Cities,1962,374914.0
KEN,Rural,1962,5846281.0
KEN,Towns,1962,2078112.9999999998
LBR,Cities,1962,0.0
LBR,Rural,1962,726225.0
LBR,Towns,1962,470814.0
LSO,Cities,1962,0.0
LSO,Rural,1962,653924.0
LSO,Towns,1962,127890.0
MDG,Cities,1962,169013.0
MDG,Rural,1962,4528495.0
MDG,Towns,1962,686643.0
MLI,Cities,1962,167946.0
MLI,Rural,1962,3901747.0
MLI,Towns,1962,1494224.0
MOZ,Cities,1962,465020.0
MOZ,Rural,1962,4418600.0
MOZ,Towns,1962,2085744.0000000002
MRT,Cities,1962,0.0
MRT,Rural,1962,682942.0
MRT,Towns,1962,186242.0
MUS,Cities,1962,289035.0
MUS,Rural,1962,114816.0
MUS,Towns,1962,301423.0
MWI,Cities,1962,0.0
MWI,Rural,1962,3416176.0
MWI,Towns,1962,390131.0
NAM,Cities,1962,0.0
NAM,Rural,1962,489064.0
NAM,Towns,1962,126695.0
NER,Cities,1962,162147.0
NER,Rural,1962,2519251.0
NER,Towns,1962,1033122.0000000001
NGA,Cities,1962,7928798.0
NGA,Rural,1962,15138952.0
NGA,Towns,1962,23897542.0
RWA,Cities,1962,0.0
RWA,Rural,1962,1538619.0
RWA,Towns,1962,1647406.0
SDN,Cities,1962,1143988.0
SDN,Rural,1962,4260936.0
SDN,Towns,1962,3514103.0
SEN,Cities,1962,1010601.0
SEN,Rural,1962,1469856.0
SEN,Towns,1962,1054230.0
SLE,Cities,1962,266043.0
SLE,Rural,1962,1187780.0
SLE,Towns,1962,888420.0
SOM,Cities,1962,600369.0
SOM,Rural,1962,1308202.0
SOM,Towns,1962,1121521.0
SSA,Cities,1962,26698467.0
SSA,Rural,1962,128431030.0
SSA,Towns,1962,83902862.0
SSD,Cities,1962,138036.0
SSD,Rural,1962,2478496.0
SSD,Towns,1962,407776.0
STP,Cities,1962,0.0
STP,Rural,1962,16280.000000000002
STP,Towns,1962,53122.0
SWZ,Cities,1962,0.0
SWZ,Rural,1962,315241.0
SWZ,Towns,1962,46125.0
SYC,Cities,1962,0.0
SYC,Rural,1962,14717.0
SYC,Towns,1962,30346.0
TCD,Cities,1962,245229.0
TCD,Rural,1962,1913728.0
TCD,Towns,1962,1016641.0
TGO,Cities,1962,118147.0
TGO,Rural,1962,890384.0
TGO,Towns,1962,724428.0
TZA,Cities,1962,173381.0
TZA,Rural,1962,8560329.0
TZA,Towns,1962,1754046.0
UGA,Cities,1962,299376.0
UGA,Rural,1962,6472500.0
UGA,Towns,1962,1320355.0
ZAF,Cities,1962,2696837.0
ZAF,Rural,1962,8010554.0
ZAF,Towns,1962,6711131.0
ZMB,Cities,1962,174152.0
ZMB,Rural,1962,1764793.0
ZMB,Towns,1962,1419155.0
ZWE,Cities,1962,436104.0
ZWE,Rural,1962,2938796.0
ZWE,Towns,1962,681060.0
AFE,Cities,1963,14180481.0
AFE,Rural,1963,84302845.0
AFE,Towns,1963,42464596.0
AFW,Cities,1963,14370379.0
AFW,Rural,1963,46474034.0
AFW,Towns,1963,43244761.0
AGO,Cities,1963,1557016.0
AGO,Rural,1963,2176277.0
AGO,Towns,1963,1675027.0
BDI,Cities,1963,30314.0
BDI,Rural,1963,1728802.0
BDI,Towns,1963,1210726.0
BEN,Cities,1963,308816.0
BEN,Rural,1963,1143523.0
BEN,Towns,1963,1200569.0
BFA,Cities,1963,68728.0
BFA,Rural,1963,3702033.0
BFA,Towns,1963,1222863.0
BWA,Cities,1963,0.0
BWA,Rural,1963,274894.0
BWA,Towns,1963,278072.0
CAF,Cities,1963,196149.0
CAF,Rural,1963,988220.0
CAF,Towns,1963,618694.0
CIV,Cities,1963,470235.0
CIV,Rural,1963,2424932.0
CIV,Towns,1963,1216893.0
CMR,Cities,1963,922472.0
CMR,Rural,1963,2097016.9999999998
CMR,Towns,1963,2437134.0
COD,Cities,1963,3458499.0
COD,Rural,1963,8069218.0
COD,Towns,1963,4979881.0
COG,Cities,1963,595953.0
COG,Rural,1963,256038.0
COG,Towns,1963,291272.0
COM,Cities,1963,0.0
COM,Rural,1963,99271.0
COM,Towns,1963,108914.0
CPV,Cities,1963,0.0
CPV,Rural,1963,88564.0
CPV,Towns,1963,140808.0
ERI,Cities,1963,353554.0
ERI,Rural,1963,475938.0
ERI,Towns,1963,215600.0
ETH,Cities,1963,1273425.0
ETH,Rural,1963,13108313.0
ETH,Towns,1963,8669899.0
GAB,Cities,1963,0.0
GAB,Rural,1963,166924.0
GAB,Towns,1963,364528.0
GHA,Cities,1963,1000006.0
GHA,Rural,1963,3604766.0
GHA,Towns,1963,2909942.0
GIN,Cities,1963,245791.0
GIN,Rural,1963,2390245.0
GIN,Towns,1963,1114918.0
GMB,Cities,1963,30019.0
GMB,Rural,1963,271758.0
GMB,Towns,1963,129979.99999999999
GNB,Cities,1963,0.0
GNB,Rural,1963,349618.0
GNB,Towns,1963,244800.0
GNQ,Cities,1963,0.0
GNQ,Rural,1963,132016.0
GNQ,Towns,1963,153949.0
KEN,Cities,1963,399156.0
KEN,Rural,1963,6014441.0
KEN,Towns,1963,2214374.0
LBR,Cities,1963,0.0
LBR,Rural,1963,742690.0
LBR,Towns,1963,484724.0
LSO,Cities,1963,0.0
LSO,Rural,1963,671134.0
LSO,Towns,1963,134239.0
MDG,Cities,1963,174852.0
MDG,Rural,1963,4631306.0
MDG,Towns,1963,719027.0
MLI,Cities,1963,172937.0
MLI,Rural,1963,3954210.0
MLI,Towns,1963,1519458.0
MOZ,Cities,1963,505998.0
MOZ,Rural,1963,4493903.0
MOZ,Towns,1963,2109927.0
MRT,Cities,1963,0.0
MRT,Rural,1963,699786.0
MRT,Towns,1963,193638.0
MUS,Cities,1963,299795.0
MUS,Rural,1963,115296.0
MUS,Towns,1963,305258.0
MWI,Cities,1963,0.0
MWI,Rural,1963,3488821.0
MWI,Towns,1963,411685.0
NAM,Cities,1963,0.0
NAM,Rural,1963,499154.0
NAM,Towns,1963,130435.0
NER,Cities,1963,183559.0
NER,Rural,1963,2578084.0
NER,Towns,1963,1062230.0
NGA,Cities,1963,8401197.0
NGA,Rural,1963,15338790.0
NGA,Towns,1963,24233588.0
RWA,Cities,1963,0.0
RWA,Rural,1963,1550982.0
RWA,Towns,1963,1707908.0
SDN,Cities,1963,1303756.0
SDN,Rural,1963,4341631.0
SDN,Towns,1963,3572690.0
SEN,Cities,1963,1087351.0
SEN,Rural,1963,1493118.0
SEN,Towns,1963,1055407.0
SLE,Cities,1963,295772.0
SLE,Rural,1963,1204099.0
SLE,Towns,1963,882387.0
SOM,Cities,1963,664025.0
SOM,Rural,1963,1325715.0
SOM,Towns,1963,1120621.0
SSA,Cities,1963,28550860.0
SSA,Rural,1963,130776879.0
SSA,Towns,1963,85709357.0
SSD,Cities,1963,153833.0
SSD,Rural,1963,2505838.0
SSD,Towns,1963,412998.0
STP,Cities,1963,0.0
STP,Rural,1963,16582.0
STP,Towns,1963,53530.0
SWZ,Cities,1963,0.0
SWZ,Rural,1963,321811.0
SWZ,Towns,1963,47948.0
SYC,Cities,1963,0.0
SYC,Rural,1963,14898.0
SYC,Towns,1963,31177.0
TCD,Cities,1963,257334.99999999997
TCD,Rural,1963,1945515.0
TCD,Towns,1963,1038054.0000000001
TGO,Cities,1963,134059.0
TGO,Rural,1963,902088.0
TGO,Towns,1963,728925.0
TZA,Cities,1963,182015.0
TZA,Rural,1963,8775613.0
TZA,Towns,1963,1841900.0
UGA,Cities,1963,321440.0
UGA,Rural,1963,6621738.0
UGA,Towns,1963,1390484.0
ZAF,Cities,1963,2848872.0
ZAF,Rural,1963,8151784.0
ZAF,Towns,1963,6953908.0
ZMB,Cities,1963,194894.0
ZMB,Rural,1963,1813329.0
ZMB,Towns,1963,1457684.0
ZWE,Cities,1963,459037.0
ZWE,Rural,1963,3016156.0
ZWE,Towns,1963,710684.0
AFE,Cities,1964,15165382.0
AFE,Rural,1964,86055882.0
AFE,Towns,1964,43683805.0
AFW,Cities,1964,15265032.0
AFW,Rural,1964,47207568.0
AFW,Towns,1964,43915842.0
AGO,Cities,1964,1599743.0
AGO,Rural,1964,2197673.0
AGO,Towns,1964,1666771.0
BDI,Cities,1964,40563.0
BDI,Rural,1964,1760368.0
BDI,Towns,1964,1254719.0
BEN,Cities,1964,324949.0
BEN,Rural,1964,1161126.0
BEN,Towns,1964,1217928.0
BFA,Cities,1964,71524.0
BFA,Rural,1964,3753263.0
BFA,Towns,1964,1246247.0
BWA,Cities,1964,0.0
BWA,Rural,1964,279825.0
BWA,Towns,1964,286441.0
CAF,Cities,1964,207673.0
CAF,Rural,1964,1002376.0
CAF,Towns,1964,629534.0
CIV,Cities,1964,517962.99999999994
CIV,Rural,1964,2492761.0
CIV,Towns,1964,1263227.0
CMR,Cities,1964,974480.0
CMR,Rural,1964,2130859.0
CMR,Towns,1964,2472917.0
COD,Cities,1964,3692436.0
COD,Rural,1964,8207761.0
COD,Towns,1964,5055130.0
COG,Cities,1964,632939.0
COG,Rural,1964,258175.0
COG,Towns,1964,283702.0
COM,Cities,1964,0.0
COM,Rural,1964,99886.0
COM,Towns,1964,111758.0
CPV,Cities,1964,0.0
CPV,Rural,1964,90183.0
CPV,Towns,1964,146823.0
ERI,Cities,1964,377184.0
ERI,Rural,1964,482734.0
ERI,Towns,1964,211369.0
ETH,Cities,1964,1390566.0
ETH,Rural,1964,13359877.0
ETH,Towns,1964,8916105.0
GAB,Cities,1964,0.0
GAB,Rural,1964,169018.0
GAB,Towns,1964,369639.0
GHA,Cities,1964,1055290.0
GHA,Rural,1964,3658152.0
GHA,Towns,1964,2982297.0
GIN,Cities,1964,267036.0
GIN,Rural,1964,2425725.0
GIN,Towns,1964,1126962.0
GMB,Cities,1964,40060.0
GMB,Rural,1964,277155.0
GMB,Towns,1964,126472.0
GNB,Cities,1964,0.0
GNB,Rural,1964,347527.0
GNB,Towns,1964,241016.0
GNQ,Cities,1964,0.0
GNQ,Rural,1964,135478.0
GNQ,Towns,1964,156464.0
KEN,Cities,1964,424201.0
KEN,Rural,1964,6194239.0
KEN,Towns,1964,2355096.0
LBR,Cities,1964,0.0
LBR,Rural,1964,759730.0
LBR,Towns,1964,499015.0
LSO,Cities,1964,0.0
LSO,Rural,1964,688764.0
LSO,Towns,1964,140673.0
MDG,Cities,1964,180807.0
MDG,Rural,1964,4737163.0
MDG,Towns,1964,751893.0
MLI,Cities,1964,177955.0
MLI,Rural,1964,4007254.0
MLI,Towns,1964,1544917.0
MOZ,Cities,1964,547356.0
MOZ,Rural,1964,4572202.0
MOZ,Towns,1964,2135503.0
MRT,Cities,1964,0.0
MRT,Rural,1964,717638.0
MRT,Towns,1964,201317.0
MUS,Cities,1964,311033.0
MUS,Rural,1964,115948.0
MUS,Towns,1964,309556.0
MWI,Cities,1964,0.0
MWI,Rural,1964,3563780.0
MWI,Towns,1964,433525.0
NAM,Cities,1964,0.0
NAM,Rural,1964,510123.0
NAM,Towns,1964,134407.0
NER,Cities,1964,205112.0
NER,Rural,1964,2638646.0
NER,Towns,1964,1092056.0
NGA,Cities,1964,8879107.0
NGA,Rural,1964,15548176.0
NGA,Towns,1964,24584733.0
RWA,Cities,1964,0.0
RWA,Rural,1964,1564888.0
RWA,Towns,1964,1769946.0
SDN,Cities,1964,1465718.0
SDN,Rural,1964,4428800.0
SDN,Towns,1964,3636590.0
SEN,Cities,1964,1165174.0
SEN,Rural,1964,1517791.0
SEN,Towns,1964,1057571.0
SLE,Cities,1964,325787.0
SLE,Rural,1964,1221484.0
SLE,Towns,1964,877119.0
SOM,Cities,1964,728179.0
SOM,Rural,1964,1344139.0
SOM,Towns,1964,1120478.0
SSA,Cities,1964,30430414.0
SSA,Rural,1964,133263450.0
SSA,Towns,1964,87599647.0
SSD,Cities,1964,170087.0
SSD,Rural,1964,2540418.0
SSD,Towns,1964,419413.0
STP,Cities,1964,0.0
STP,Rural,1964,16895.0
STP,Towns,1964,53971.0
SWZ,Cities,1964,0.0
SWZ,Rural,1964,328819.0
SWZ,Towns,1964,49837.0
SYC,Cities,1964,0.0
SYC,Rural,1964,15096.0
SYC,Towns,1964,32043.999999999996
TCD,Cities,1964,269547.0
TCD,Rural,1964,1978058.0
TCD,Towns,1964,1059874.0
TGO,Cities,1964,150436.0
TGO,Rural,1964,916993.0
TGO,Towns,1964,736012.0
TZA,Cities,1964,190932.0
TZA,Rural,1964,9004275.0
TZA,Towns,1964,1932619.0
UGA,Cities,1964,343958.0
UGA,Rural,1964,6779868.0
UGA,Towns,1964,1462538.0
ZAF,Cities,1964,3004337.0
ZAF,Rural,1964,8302227.000000001
ZAF,Towns,1964,7204796.0
ZMB,Cities,1964,215840.0
ZMB,Rural,1964,1863583.0
ZMB,Towns,1964,1497594.0
ZWE,Cities,1964,482442.0
ZWE,Rural,1964,3096531.0
ZWE,Towns,1964,741033.0
AFE,Cities,1965,16169528.0
AFE,Rural,1965,87908317.0
AFE,Towns,1965,44956061.0
AFW,Cities,1965,16174640.0
AFW,Rural,1965,47976938.0
AFW,Towns,1965,44621058.0
AGO,Cities,1965,1643022.0
AGO,Rural,1965,2219846.0
AGO,Towns,1965,1659113.0
BDI,Cities,1965,50875.0
BDI,Rural,1965,1791756.0
BDI,Towns,1965,1298736.0
BEN,Cities,1965,341455.0
BEN,Rural,1965,1179935.0
BEN,Towns,1965,1236547.0
BFA,Cities,1965,74386.0
BFA,Rural,1965,3807729.0
BFA,Towns,1965,1270718.0
BWA,Cities,1965,0.0
BWA,Rural,1965,282340.0
BWA,Towns,1965,292324.0
CAF,Cities,1965,219414.0
CAF,Rural,1965,1017471.0
CAF,Towns,1965,640969.0
CIV,Cities,1965,566639.0
CIV,Rural,1965,2564254.0
CIV,Towns,1965,1311484.0
CMR,Cities,1965,1027494.9999999999
CMR,Rural,1965,2166464.0
CMR,Towns,1965,2510727.0
COD,Cities,1965,3932216.0
COD,Rural,1965,8358022.000000001
COD,Towns,1965,5137563.0
COG,Cities,1965,670812.0
COG,Rural,1965,260625.99999999997
COG,Towns,1965,276442.0
COM,Cities,1965,0.0
COM,Rural,1965,100438.0
COM,Towns,1965,114529.0
CPV,Cities,1965,0.0
CPV,Rural,1965,91874.0
CPV,Towns,1965,152982.0
ERI,Cities,1965,401154.0
ERI,Rural,1965,489900.0
ERI,Towns,1965,207281.0
ETH,Cities,1965,1509719.0
ETH,Rural,1965,13627545.0
ETH,Towns,1965,9173348.0
GAB,Cities,1965,0.0
GAB,Rural,1965,171252.0
GAB,Towns,1965,375056.0
GHA,Cities,1965,1111373.0
GHA,Rural,1965,3714317.0
GHA,Towns,1965,3056916.0
GIN,Cities,1965,288463.0
GIN,Rural,1965,2462605.0
GIN,Towns,1965,1139648.0
GMB,Cities,1965,50152.0
GMB,Rural,1965,282757.0
GMB,Towns,1965,123042.0
GNB,Cities,1965,0.0
GNB,Rural,1965,340870.0
GNB,Towns,1965,234136.0
GNQ,Cities,1965,0.0
GNQ,Rural,1965,139090.0
GNQ,Towns,1965,159148.0
KEN,Cities,1965,450197.0
KEN,Rural,1965,6386776.0
KEN,Towns,1965,2501105.0
LBR,Cities,1965,0.0
LBR,Rural,1965,777418.0
LBR,Towns,1965,513738.00000000006
LSO,Cities,1965,0.0
LSO,Rural,1965,706877.0
LSO,Towns,1965,147213.0
MDG,Cities,1965,186911.0
MDG,Rural,1965,4846813.0
MDG,Towns,1965,785393.0
MLI,Cities,1965,183031.0
MLI,Rural,1965,4061583.0
MLI,Towns,1965,1570874.0
MOZ,Cities,1965,589259.0
MOZ,Rural,1965,4654326.0
MOZ,Towns,1965,2162835.0
MRT,Cities,1965,0.0
MRT,Rural,1965,736538.0
MRT,Towns,1965,209300.0
MUS,Cities,1965,322264.0
MUS,Rural,1965,116581.0
MUS,Towns,1965,313815.0
MWI,Cities,1965,0.0
MWI,Rural,1965,3640545.0
MWI,Towns,1965,455612.0
NAM,Cities,1965,0.0
NAM,Rural,1965,521948.99999999994
NAM,Towns,1965,138609.0
NER,Cities,1965,226798.0
NER,Rural,1965,2700479.0
NER,Towns,1965,1122418.0
NGA,Cities,1965,9364198.0
NGA,Rural,1965,15768830.0
NGA,Towns,1965,24953737.0
RWA,Cities,1965,0.0
RWA,Rural,1965,1584601.0
RWA,Towns,1965,1838609.0
SDN,Cities,1965,1630341.0
SDN,Rural,1965,4522155.0
SDN,Towns,1965,3705534.0
SEN,Cities,1965,1244557.0
SEN,Rural,1965,1544277.0
SEN,Towns,1965,1060955.0
SLE,Cities,1965,356154.0
SLE,Rural,1965,1239939.0
SLE,Towns,1965,872573.0
SOM,Cities,1965,793037.0
SOM,Rural,1965,1363639.0
SOM,Towns,1965,1121199.0
SSA,Cities,1965,32344168.0
SSA,Rural,1965,135885255.0
SSA,Towns,1965,89577119.0
SSD,Cities,1965,186545.0
SSD,Rural,1965,2577110.0
SSD,Towns,1965,426180.0
STP,Cities,1965,0.0
STP,Rural,1965,17222.0
STP,Towns,1965,54458.0
SWZ,Cities,1965,0.0
SWZ,Rural,1965,336504.0
SWZ,Towns,1965,51832.0
SYC,Cities,1965,0.0
SYC,Rural,1965,15314.0
SYC,Towns,1965,32956.0
TCD,Cities,1965,281780.0
TCD,Rural,1965,2010693.0
TCD,Towns,1965,1081747.0
TGO,Cities,1965,167933.0
TGO,Rural,1965,937937.0
TGO,Towns,1965,747901.0
TZA,Cities,1965,200113.0
TZA,Rural,1965,9244605.0
TZA,Towns,1965,2026010.0
UGA,Cities,1965,366930.0
UGA,Rural,1965,6945844.0
UGA,Towns,1965,1536431.0
ZAF,Cities,1965,3163520.0
ZAF,Rural,1965,8461773.0
ZAF,Towns,1965,7464088.0
ZMB,Cities,1965,237069.0
ZMB,Rural,1965,1915877.0
ZMB,Towns,1965,1539141.0
ZWE,Cities,1965,506356.0
ZWE,Rural,1965,3179959.0
ZWE,Towns,1965,772147.0
AFE,Cities,1966,17420118.0
AFE,Rural,1966,89543126.0
AFE,Towns,1966,46318550.0
AFW,Cities,1966,17431202.0
AFW,Rural,1966,48668681.0
AFW,Towns,1966,45147068.0
AGO,Cities,1966,1688195.0
AGO,Rural,1966,2243256.0
AGO,Towns,1966,1649934.0
BDI,Cities,1966,53574.0
BDI,Rural,1966,1814474.0
BDI,Towns,1966,1349912.0
BEN,Cities,1966,358812.0
BEN,Rural,1966,1196377.0
BEN,Towns,1966,1259127.0
BFA,Cities,1966,99764.0
BFA,Rural,1966,3860825.0
BFA,Towns,1966,1277344.0
BWA,Cities,1966,0.0
BWA,Rural,1966,284585.0
BWA,Towns,1966,293281.0
CAF,Cities,1966,232495.0
CAF,Rural,1966,1030842.0000000001
CAF,Towns,1966,654745.0
CIV,Cities,1966,621817.0
CIV,Rural,1966,2624588.0
CIV,Towns,1966,1371114.0
CMR,Cities,1966,1138807.0
CMR,Rural,1966,2193458.0
CMR,Towns,1966,2505029.0
COD,Cities,1966,4262809.0
COD,Rural,1966,8485151.0
COD,Towns,1966,5183970.0
COG,Cities,1966,717896.0
COG,Rural,1966,261721.99999999997
COG,Towns,1966,262916.0
COM,Cities,1966,11889.0
COM,Rural,1966,100535.0
COM,Towns,1966,106239.0
CPV,Cities,1966,12497.0
CPV,Rural,1966,93014.0
CPV,Towns,1966,147464.0
ERI,Cities,1966,416207.0
ERI,Rural,1966,495394.0
ERI,Towns,1966,213355.0
ETH,Cities,1966,1701063.0
ETH,Rural,1966,13853172.0
ETH,Towns,1966,9398455.0
GAB,Cities,1966,10586.0
GAB,Rural,1966,172999.0
GAB,Towns,1966,370878.0
GHA,Cities,1966,1173910.0
GHA,Rural,1966,3765699.0
GHA,Towns,1966,3134913.0
GIN,Cities,1966,321494.0
GIN,Rural,1966,2497667.0
GIN,Towns,1966,1144993.0
GMB,Cities,1966,53703.0
GMB,Rural,1966,287662.0
GMB,Towns,1966,127151.0
GNB,Cities,1966,11236.0
GNB,Rural,1966,337638.0
GNB,Towns,1966,218034.0
GNQ,Cities,1966,0.0
GNQ,Rural,1966,143141.0
GNQ,Towns,1966,161718.0
KEN,Cities,1966,478404.0
KEN,Rural,1966,6553481.0
KEN,Towns,1966,2685931.0
LBR,Cities,1966,0.0
LBR,Rural,1966,794562.0
LBR,Towns,1966,529821.0
LSO,Cities,1966,0.0
LSO,Rural,1966,725819.0
LSO,Towns,1966,156051.0
MDG,Cities,1966,194771.0
MDG,Rural,1966,4954192.0
MDG,Towns,1966,825314.0
MLI,Cities,1966,205155.0
MLI,Rural,1966,4114776.0
MLI,Towns,1966,1582273.0
MOZ,Cities,1966,618768.0
MOZ,Rural,1966,4731511.0
MOZ,Towns,1966,2212711.0
MRT,Cities,1966,0.0
MRT,Rural,1966,755275.0
MRT,Towns,1966,218882.0
MUS,Cities,1966,335241.0
MUS,Rural,1966,116998.0
MUS,Towns,1966,316412.0
MWI,Cities,1966,0.0
MWI,Rural,1966,3714702.0
MWI,Towns,1966,483224.0
NAM,Cities,1966,0.0
NAM,Rural,1966,533697.0
NAM,Towns,1966,143959.0
NER,Cities,1966,252813.0
NER,Rural,1966,2759355.0
NER,Towns,1966,1153376.0
NGA,Cities,1966,9983560.0
NGA,Rural,1966,15959902.0
NGA,Towns,1966,25244772.0
RWA,Cities,1966,0.0
RWA,Rural,1966,1598648.0
RWA,Towns,1966,1922978.0
SDN,Cities,1966,1873799.0
SDN,Rural,1966,4594958.0
SDN,Towns,1966,3728821.0
SEN,Cities,1966,1323595.0
SEN,Rural,1966,1566159.0
SEN,Towns,1966,1074545.0
SLE,Cities,1966,384764.0
SLE,Rural,1966,1256743.0
SLE,Towns,1966,873131.0
SOM,Cities,1966,843238.0
SOM,Rural,1966,1379235.0
SOM,Towns,1966,1142634.0
SSA,Cities,1966,34851320.0
SSA,Rural,1966,138211807.0
SSA,Towns,1966,91465618.0
SSD,Cities,1966,206476.0
SSD,Rural,1966,2601698.0
SSD,Towns,1966,428248.0
STP,Cities,1966,0.0
STP,Rural,1966,17526.0
STP,Towns,1966,55050.0
SWZ,Cities,1966,0.0
SWZ,Rural,1966,344470.0
SWZ,Towns,1966,54296.0
SYC,Cities,1966,0.0
SYC,Rural,1966,15499.0
SYC,Towns,1966,33957.0
TCD,Cities,1966,326806.0
TCD,Rural,1966,2041933.0
TCD,Towns,1966,1072165.0
TGO,Cities,1966,201492.0
TGO,Rural,1966,954344.0
TGO,Towns,1966,762677.0
TZA,Cities,1966,226660.0
TZA,Rural,1966,9472758.0
TZA,Towns,1966,2128040.0
UGA,Cities,1966,394468.0
UGA,Rural,1966,7097984.0
UGA,Towns,1966,1630412.0
ZAF,Cities,1966,3314782.0
ZAF,Rural,1966,8587657.0
ZAF,Towns,1966,7787648.0
ZMB,Cities,1966,266261.0
ZMB,Rural,1966,1966649.0
ZMB,Towns,1966,1579091.0
ZWE,Cities,1966,533513.0
ZWE,Rural,1966,3259077.0
ZWE,Towns,1966,808627.0
AFE,Cities,1967,18686386.0
AFE,Rural,1967,91282729.0
AFE,Towns,1967,47736361.0
AFW,Cities,1967,18694593.0
AFW,Rural,1967,49399437.0
AFW,Towns,1967,45700987.0
AGO,Cities,1967,1733616.0
AGO,Rural,1967,2267076.0
AGO,Towns,1967,1641115.0
BDI,Cities,1967,56377.0
BDI,Rural,1967,1840629.0
BDI,Towns,1967,1403685.0
BEN,Cities,1967,376435.0
BEN,Rural,1967,1213818.0
BEN,Towns,1967,1282744.0
BFA,Cities,1967,125163.0
BFA,Rural,1967,3916382.0
BFA,Towns,1967,1284804.0
BWA,Cities,1967,0.0
BWA,Rural,1967,286764.0
BWA,Towns,1967,294168.0
CAF,Cities,1967,245812.0
CAF,Rural,1967,1045382.0000000001
CAF,Towns,1967,669250.0
CIV,Cities,1967,677751.0
CIV,Rural,1967,2689194.0
CIV,Towns,1967,1432799.0
CMR,Cities,1967,1251204.0
CMR,Rural,1967,2223335.0
CMR,Towns,1967,2502778.0
COD,Cities,1967,4599198.0
COD,Rural,1967,8625219.0
COD,Towns,1967,5238365.0
COG,Cities,1967,765741.0
COG,Rural,1967,263160.0
COG,Towns,1967,249790.0
COM,Cities,1967,23715.0
COM,Rural,1967,101340.0
COM,Towns,1967,98804.0
CPV,Cities,1967,24980.0
CPV,Rural,1967,94272.0
CPV,Towns,1967,142153.0
ERI,Cities,1967,431523.0
ERI,Rural,1967,501245.0
ERI,Towns,1967,219571.0
ETH,Cities,1967,1893584.0
ETH,Rural,1967,14093458.0
ETH,Towns,1967,9633233.0
GAB,Cities,1967,21126.0
GAB,Rural,1967,174902.0
GAB,Towns,1967,367079.0
GHA,Cities,1967,1237126.0
GHA,Rural,1967,3819763.0
GHA,Towns,1967,3215024.0
GIN,Cities,1967,354697.0
GIN,Rural,1967,2534358.0
GIN,Towns,1967,1151098.0
GMB,Cities,1967,57306.0
GMB,Rural,1967,292887.0
GMB,Towns,1967,131395.0
GNB,Cities,1967,22481.0
GNB,Rural,1967,340456.0
GNB,Towns,1967,206074.0
GNQ,Cities,1967,0.0
GNQ,Rural,1967,147359.0
GNQ,Towns,1967,164446.0
KEN,Cities,1967,507239.0
KEN,Rural,1967,6729638.0
KEN,Towns,1967,2874179.0
LBR,Cities,1967,0.0
LBR,Rural,1967,812206.0
LBR,Towns,1967,546229.0
LSO,Cities,1967,0.0
LSO,Rural,1967,748352.0
LSO,Towns,1967,165630.0
MDG,Cities,1967,202851.0
MDG,Rural,1967,5067497.0
MDG,Towns,1967,866138.0
MLI,Cities,1967,227319.0
MLI,Rural,1967,4169363.9999999995
MLI,Towns,1967,1594223.0
MOZ,Cities,1967,648644.0
MOZ,Rural,1967,4811869.0
MOZ,Towns,1967,2264037.0
MRT,Cities,1967,0.0
MRT,Rural,1967,775084.0
MRT,Towns,1967,228759.0
MUS,Cities,1967,348062.0
MUS,Rural,1967,117352.0
MUS,Towns,1967,318843.0
MWI,Cities,1967,0.0
MWI,Rural,1967,3791824.0
MWI,Towns,1967,511188.0
NAM,Cities,1967,0.0
NAM,Rural,1967,546471.0
NAM,Towns,1967,149574.0
NER,Cities,1967,278934.0
NER,Rural,1967,2819712.0
NER,Towns,1967,1184944.0
NGA,Cities,1967,10602678.0
NGA,Rural,1967,16152361.0
NGA,Towns,1967,25538025.0
RWA,Cities,1967,0.0
RWA,Rural,1967,1617163.0
RWA,Towns,1967,2012414.0
SDN,Cities,1967,2119005.0
SDN,Rural,1967,4674153.0
SDN,Towns,1967,3757440.0
SEN,Cities,1967,1404198.0
SEN,Rural,1967,1590112.0
SEN,Towns,1967,1089560.0
SLE,Cities,1967,413615.0
SLE,Rural,1967,1274442.0
SLE,Towns,1967,874327.0
SOM,Cities,1967,893927.0
SOM,Rural,1967,1395776.0
SOM,Towns,1967,1164833.0
SSA,Cities,1967,37380979.0
SSA,Rural,1967,140682166.0
SSA,Towns,1967,93437348.0
SSD,Cities,1967,226065.0
SSD,Rural,1967,2621976.0
SSD,Towns,1967,429607.0
STP,Cities,1967,0.0
STP,Rural,1967,17859.0
STP,Towns,1967,55737.0
SWZ,Cities,1967,0.0
SWZ,Rural,1967,352294.0
SWZ,Towns,1967,56737.0
SYC,Cities,1967,0.0
SYC,Rural,1967,15691.0
SYC,Towns,1967,34976.0
TCD,Cities,1967,371840.0
TCD,Rural,1967,2073739.0
TCD,Towns,1967,1062933.0
TGO,Cities,1967,236187.0
TGO,Rural,1967,977149.0
TGO,Towns,1967,782553.0
TZA,Cities,1967,253385.0
TZA,Rural,1967,9714034.0
TZA,Towns,1967,2232690.0
UGA,Cities,1967,422494.0
UGA,Rural,1967,7259960.0
UGA,Towns,1967,1726470.0
ZAF,Cities,1967,3469835.0
ZAF,Rural,1967,8724036.0
ZAF,Towns,1967,8120195.0
ZMB,Cities,1967,295723.0
ZMB,Rural,1967,2019727.0
ZMB,Towns,1967,1620894.0
ZWE,Cities,1967,561143.0
ZWE,Rural,1967,3341326.0
ZWE,Towns,1967,845838.0
AFE,Cities,1968,19971961.0
AFE,Rural,1968,93144689.0
AFE,Towns,1968,49214365.0
AFW,Cities,1968,19973456.0
AFW,Rural,1968,50176198.0
AFW,Towns,1968,46294984.0
AGO,Cities,1968,1779130.0
AGO,Rural,1968,2291087.0
AGO,Towns,1968,1632483.0
BDI,Cities,1968,59131.0
BDI,Rural,1968,1865052.0
BDI,Towns,1968,1456205.0
BEN,Cities,1968,394387.0
BEN,Rural,1968,1232355.0
BEN,Towns,1968,1307515.0
BFA,Cities,1968,150644.0
BFA,Rural,1968,3974795.0
BFA,Towns,1968,1293205.0
BWA,Cities,1968,0.0
BWA,Rural,1968,288926.0
BWA,Towns,1968,295040.0
CAF,Cities,1968,259415.00000000003
CAF,Rural,1968,1061147.0
CAF,Towns,1968,684538.0
CIV,Cities,1968,734740.0
CIV,Rural,1968,2758415.0
CIV,Towns,1968,1496868.0
CMR,Cities,1968,1365268.0
CMR,Rural,1968,2256413.0
CMR,Towns,1968,2504181.0
COD,Cities,1968,4940195.0
COD,Rural,1968,8773963.0
COD,Towns,1968,5298031.0
COG,Cities,1968,814552.0
COG,Rural,1968,264950.0
COG,Towns,1968,237017.0
COM,Cities,1968,35668.0
COM,Rural,1968,102684.0
COM,Towns,1968,91892.0
CPV,Cities,1968,37494.0
CPV,Rural,1968,95649.0
CPV,Towns,1968,137022.0
ERI,Cities,1968,447589.0
ERI,Rural,1968,507978.0
ERI,Towns,1968,226170.0
ETH,Cities,1968,2089705.0
ETH,Rural,1968,14361376.0
ETH,Towns,1968,9886849.0
GAB,Cities,1968,31650.0
GAB,Rural,1968,176965.0
GAB,Towns,1968,363641.0
GHA,Cities,1968,1301244.0
GHA,Rural,1968,3876861.0
GHA,Towns,1968,3297626.0
GIN,Cities,1968,388110.0
GIN,Rural,1968,2572553.0
GIN,Towns,1968,1157887.0
GMB,Cities,1968,60978.0
GMB,Rural,1968,298486.0
GMB,Towns,1968,135805.0
GNB,Cities,1968,34154.0
GNB,Rural,1968,347515.0
GNB,Towns,1968,196501.0
GNQ,Cities,1968,0.0
GNQ,Rural,1968,151637.0
GNQ,Towns,1968,167211.0
KEN,Cities,1968,536795.0
KEN,Rural,1968,6915537.0
KEN,Towns,1968,3066490.0
LBR,Cities,1968,0.0
LBR,Rural,1968,830476.0
LBR,Towns,1968,563054.0
LSO,Cities,1968,0.0
LSO,Rural,1968,772529.0
LSO,Towns,1968,175575.0
MDG,Cities,1968,211185.0
MDG,Rural,1968,5187268.0
MDG,Towns,1968,908040.0
MLI,Cities,1968,249601.0
MLI,Rural,1968,4226301.0
MLI,Towns,1968,1607077.0
MOZ,Cities,1968,679050.0
MOZ,Rural,1968,4896298.0
MOZ,Towns,1968,2317265.0
MRT,Cities,1968,0.0
MRT,Rural,1968,795830.0
MRT,Towns,1968,238909.0
MUS,Cities,1968,360628.0
MUS,Rural,1968,117618.0
MUS,Towns,1968,321034.0
MWI,Cities,1968,0.0
MWI,Rural,1968,3871558.0
MWI,Towns,1968,539496.0
NAM,Cities,1968,0.0
NAM,Rural,1968,560117.0
NAM,Towns,1968,155425.0
NER,Cities,1968,305177.0
NER,Rural,1968,2881394.0
NER,Towns,1968,1217066.0
NGA,Cities,1968,11228312.0
NGA,Rural,1968,16355806.0
NGA,Towns,1968,25848665.0
RWA,Cities,1968,0.0
RWA,Rural,1968,1638564.0
RWA,Towns,1968,2105446.0
SDN,Cities,1968,2366898.0
SDN,Rural,1968,4759809.0
SDN,Towns,1968,3791293.0
SEN,Cities,1968,1486200.0
SEN,Rural,1968,1615695.0
SEN,Towns,1968,1105692.0
SLE,Cities,1968,442688.0
SLE,Rural,1968,1292840.0
SLE,Towns,1968,876005.0
SOM,Cities,1968,945276.0
SOM,Rural,1968,1413391.0
SOM,Towns,1968,1187923.0
SSA,Cities,1968,39945417.0
SSA,Rural,1968,143320887.0
SSA,Towns,1968,95509349.0
SSD,Cities,1968,245823.0
SSD,Rural,1968,2644389.0
SSD,Towns,1968,431317.0
STP,Cities,1968,0.0
STP,Rural,1968,18228.0
STP,Towns,1968,56537.0
SWZ,Cities,1968,0.0
SWZ,Rural,1968,359991.0
SWZ,Towns,1968,59155.0
SYC,Cities,1968,0.0
SYC,Rural,1968,15886.0
SYC,Towns,1968,35999.0
TCD,Cities,1968,417057.0
TCD,Rural,1968,2106801.0
TCD,Towns,1968,1054373.0
TGO,Cities,1968,271785.0
TGO,Rural,1968,1003314.0
TGO,Towns,1968,805126.0
TZA,Cities,1968,280672.0
TZA,Rural,1968,9978788.0
TZA,Towns,1968,2342616.0
UGA,Cities,1968,451130.0
UGA,Rural,1968,7432478.0
UGA,Towns,1968,1825024.0
ZAF,Cities,1968,3628159.0
ZAF,Rural,1968,8868720.0
ZAF,Towns,1968,8460408.0
ZMB,Cities,1968,325564.0
ZMB,Rural,1968,2075317.0
ZMB,Towns,1968,1664712.0
ZWE,Cities,1968,589363.0
ZWE,Rural,1968,3427137.0
ZWE,Towns,1968,883940.0
AFE,Cities,1969,21271691.0
AFE,Rural,1969,95089651.0
AFE,Towns,1969,50728955.0
AFW,Cities,1969,21274966.0
AFW,Rural,1969,50994935.0
AFW,Towns,1969,46933618.0
AGO,Cities,1969,1824627.0
AGO,Rural,1969,2315135.0
AGO,Towns,1969,1623923.0
BDI,Cities,1969,61788.0
BDI,Rural,1969,1886454.0
BDI,Towns,1969,1506348.0
BEN,Cities,1969,412712.0
BEN,Rural,1969,1252021.0
BEN,Towns,1969,1333489.0
BFA,Cities,1969,176205.0
BFA,Rural,1969,4034843.0
BFA,Towns,1969,1302129.0
BWA,Cities,1969,0.0
BWA,Rural,1969,291121.0
BWA,Towns,1969,295945.0
CAF,Cities,1969,273258.0
CAF,Rural,1969,1077831.0
CAF,Towns,1969,700427.0
CIV,Cities,1969,793524.0
CIV,Rural,1969,2834174.0
CIV,Towns,1969,1564522.0
CMR,Cities,1969,1481471.0
CMR,Rural,1969,2292794.0
CMR,Towns,1969,2509197.0
COD,Cities,1969,5283762.0
COD,Rural,1969,8926648.0
COD,Towns,1969,5360035.0
COG,Cities,1969,864535.0
COG,Rural,1969,267100.0
COG,Towns,1969,224547.0
COM,Cities,1969,47752.0
COM,Rural,1969,104184.0
COM,Towns,1969,85065.0
CPV,Cities,1969,50080.0
CPV,Rural,1969,97136.0
CPV,Towns,1969,132031.0
ERI,Cities,1969,463992.0
ERI,Rural,1969,515077.0
ERI,Towns,1969,232937.0
ETH,Cities,1969,2287432.0
ETH,Rural,1969,14638328.0
ETH,Towns,1969,10146812.0
GAB,Cities,1969,42286.0
GAB,Rural,1969,179606.0
GAB,Towns,1969,361384.0
GHA,Cities,1969,1367034.0
GHA,Rural,1969,3938904.0
GHA,Towns,1969,3384445.0
GIN,Cities,1969,421672.0
GIN,Rural,1969,2611584.0
GIN,Towns,1969,1165043.0
GMB,Cities,1969,64714.0
GMB,Rural,1969,304376.0
GMB,Towns,1969,140350.0
GNB,Cities,1969,45662.0
GNB,Rural,1969,351162.0
GNB,Towns,1969,184786.0
GNQ,Cities,1969,0.0
GNQ,Rural,1969,154315.0
GNQ,Towns,1969,168201.0
KEN,Cities,1969,567036.0
KEN,Rural,1969,7109906.0
KEN,Towns,1969,3262754.0
LBR,Cities,1969,0.0
LBR,Rural,1969,849328.0
LBR,Towns,1969,580277.0
LSO,Cities,1969,0.0
LSO,Rural,1969,797488.0
LSO,Towns,1969,185714.0
MDG,Cities,1969,219798.0
MDG,Rural,1969,5313771.0
MDG,Towns,1969,951147.0
MLI,Cities,1969,271999.0
MLI,Rural,1969,4285079.0
MLI,Towns,1969,1620626.0
MOZ,Cities,1969,710007.0
MOZ,Rural,1969,4984605.0
MOZ,Towns,1969,2372338.0
MRT,Cities,1969,0.0
MRT,Rural,1969,817432.0
MRT,Towns,1969,249322.0
MUS,Cities,1969,372937.0
MUS,Rural,1969,117802.0
MUS,Towns,1969,323002.0
MWI,Cities,1969,0.0
MWI,Rural,1969,3953112.0
MWI,Towns,1969,568072.0
NAM,Cities,1969,0.0
NAM,Rural,1969,574606.0
NAM,Towns,1969,161514.0
NER,Cities,1969,331570.0
NER,Rural,1969,2944403.0
NER,Towns,1969,1249752.0
NGA,Cities,1969,11866580.0
NGA,Rural,1969,16577382.000000002
NGA,Towns,1969,26187952.0
RWA,Cities,1969,0.0
RWA,Rural,1969,1661130.0
RWA,Towns,1969,2200141.0
SDN,Cities,1969,2617966.0
SDN,Rural,1969,4851259.0
SDN,Towns,1969,3829712.0
SEN,Cities,1969,1569545.0
SEN,Rural,1969,1642660.0
SEN,Towns,1969,1122769.0
SLE,Cities,1969,471890.0
SLE,Rural,1969,1311573.0
SLE,Towns,1969,877902.0
SOM,Cities,1969,997277.0
SOM,Rural,1969,1431937.0
SOM,Towns,1969,1211801.0
SSA,Cities,1969,42546657.0
SSA,Rural,1969,146084586.0
SSA,Towns,1969,97662573.0
SSD,Cities,1969,265589.0
SSD,Rural,1969,2666901.0
SSD,Towns,1969,433043.0
STP,Cities,1969,0.0
STP,Rural,1969,18634.0
STP,Towns,1969,57449.0
SWZ,Cities,1969,0.0
SWZ,Rural,1969,368216.0
SWZ,Towns,1969,61658.0
SYC,Cities,1969,0.0
SYC,Rural,1969,16074.000000000002
SYC,Towns,1969,37007.0
TCD,Cities,1969,462657.0
TCD,Rural,1969,2141723.0
TCD,Towns,1969,1046733.9999999999
TGO,Cities,1969,307572.0
TGO,Rural,1969,1029509.0
TGO,Towns,1969,827733.0
TZA,Cities,1969,308733.0
TZA,Rural,1969,10269265.0
TZA,Towns,1969,2458701.0
UGA,Cities,1969,480096.0
UGA,Rural,1969,7609879.0
UGA,Towns,1969,1924883.0
ZAF,Cities,1969,3788997.0
ZAF,Rural,1969,9019236.0
ZAF,Towns,1969,8806443.0
ZMB,Cities,1969,355630.0
ZMB,Rural,1969,2132044.0
ZMB,Towns,1969,1709441.0
ZWE,Cities,1969,618272.0
ZWE,Rural,1969,3516839.0
ZWE,Towns,1969,923070.0
AFE,Cities,1970,22594367.0
AFE,Rural,1970,97110071.0
AFE,Towns,1970,52282895.0
AFW,Cities,1970,22603766.0
AFW,Rural,1970,51861988.0
AFW,Towns,1970,47620783.0
AGO,Cities,1970,1879106.0
AGO,Rural,1970,2350476.0
AGO,Towns,1970,1623206.0
BDI,Cities,1970,64471.99999999999
BDI,Rural,1970,1908783.0
BDI,Towns,1970,1557177.0
BEN,Cities,1970,431457.0
BEN,Rural,1970,1272867.0
BEN,Towns,1970,1360733.0
BFA,Cities,1970,201884.0
BFA,Rural,1970,4096774.0000000005
BFA,Towns,1970,1311645.0
BWA,Cities,1970,0.0
BWA,Rural,1970,293399.0
BWA,Towns,1970,296935.0
CAF,Cities,1970,287062.0
CAF,Rural,1970,1094273.0
CAF,Towns,1970,716170.0
CIV,Cities,1970,855119.0
CIV,Rural,1970,2919059.0
CIV,Towns,1970,1637389.0
CMR,Cities,1970,1600067.0
CMR,Rural,1970,2332272.0
CMR,Towns,1970,2517455.0
COD,Cities,1970,5630107.0
COD,Rural,1970,9083095.0
COD,Towns,1970,5424234.0
COG,Cities,1970,915758.0
COG,Rural,1970,269581.0
COG,Towns,1970,212299.0
COM,Cities,1970,60028.0
COM,Rural,1970,105857.0
COM,Towns,1970,78300.0
CPV,Cities,1970,62607.0
CPV,Rural,1970,98466.0
CPV,Towns,1970,126812.0
ERI,Cities,1970,480861.0
ERI,Rural,1970,522659.0
ERI,Towns,1970,239933.0
ETH,Cities,1970,2487442.0
ETH,Rural,1970,14926746.0
ETH,Towns,1970,10414940.0
GAB,Cities,1970,53098.0
GAB,Rural,1970,182719.0
GAB,Towns,1970,360029.0
GHA,Cities,1970,1436217.0
GHA,Rural,1970,4010228.0
GHA,Towns,1970,3479368.0
GIN,Cities,1970,455209.0
GIN,Rural,1970,2650285.0
GIN,Towns,1970,1172042.0
GMB,Cities,1970,68519.0
GMB,Rural,1970,310553.0
GMB,Towns,1970,145033.0
GNB,Cities,1970,57167.0
GNB,Rural,1970,354424.0
GNB,Towns,1970,172811.0
GNQ,Cities,1970,0.0
GNQ,Rural,1970,154397.0
GNQ,Towns,1970,166406.0
KEN,Cities,1970,597733.0
KEN,Rural,1970,7309336.0
KEN,Towns,1970,3461723.0
LBR,Cities,1970,0.0
LBR,Rural,1970,868766.0
LBR,Towns,1970,597910.0
LSO,Cities,1970,0.0
LSO,Rural,1970,823217.0
LSO,Towns,1970,196055.0
MDG,Cities,1970,228728.0
MDG,Rural,1970,5447626.0
MDG,Towns,1970,995649.0
MLI,Cities,1970,294603.0
MLI,Rural,1970,4346650.0
MLI,Towns,1970,1635219.0
MOZ,Cities,1970,741816.0
MOZ,Rural,1970,5078558.0
MOZ,Towns,1970,2430132.0
MRT,Cities,1970,0.0
MRT,Rural,1970,839818.0
MRT,Towns,1970,259988.0
MUS,Cities,1970,385002.0
MUS,Rural,1970,117918.0
MUS,Towns,1970,324776.0
MWI,Cities,1970,0.0
MWI,Rural,1970,4036941.0
MWI,Towns,1970,597003.0
NAM,Cities,1970,0.0
NAM,Rural,1970,590001.0
NAM,Towns,1970,167867.0
NER,Cities,1970,358169.0
NER,Rural,1970,3008990.0
NER,Towns,1970,1283116.0
NGA,Cities,1970,12519466.0
NGA,Rural,1970,16817642.0
NGA,Towns,1970,26556730.0
RWA,Cities,1970,0.0
RWA,Rural,1970,1684514.0
RWA,Towns,1970,2296155.0
SDN,Cities,1970,2873354.0
SDN,Rural,1970,4949253.0
SDN,Towns,1970,3873164.0
SEN,Cities,1970,1654434.0
SEN,Rural,1970,1671067.0
SEN,Towns,1970,1140828.0
SLE,Cities,1970,501311.0
SLE,Rural,1970,1330834.0
SLE,Towns,1970,880141.0
SOM,Cities,1970,1050158.0
SOM,Rural,1970,1451626.0
SOM,Towns,1970,1236664.0
SSA,Cities,1970,45198133.0
SSA,Rural,1970,148972059.0
SSA,Towns,1970,99903678.0
SSD,Cities,1970,285363.0
SSD,Rural,1970,2689472.0
SSD,Towns,1970,434779.0
STP,Cities,1970,0.0
STP,Rural,1970,19096.0
STP,Towns,1970,58530.0
SWZ,Cities,1970,0.0
SWZ,Rural,1970,376964.0
SWZ,Towns,1970,64251.99999999999
SYC,Cities,1970,0.0
SYC,Rural,1970,16254.000000000002
SYC,Towns,1970,37998.0
TCD,Cities,1970,508825.0
TCD,Rural,1970,2178875.0
TCD,Towns,1970,1040127.9999999999
TGO,Cities,1970,342794.0
TGO,Rural,1970,1053448.0
TGO,Towns,1970,848531.0
TZA,Cities,1970,337416.0
TZA,Rural,1970,10576226.0
TZA,Towns,1970,2579036.0
UGA,Cities,1970,509123.0
UGA,Rural,1970,7787539.0
UGA,Towns,1970,2024942.0
ZAF,Cities,1970,3951323.0
ZAF,Rural,1970,9172783.0
ZAF,Towns,1970,9155878.0
ZMB,Cities,1970,385130.0
ZMB,Rural,1970,2185245.0
ZMB,Towns,1970,1751342.0
ZWE,Cities,1970,647205.0
ZWE,Rural,1970,3606487.0
ZWE,Towns,1970,962225.0
AFE,Cities,1971,24478084.0
AFE,Rural,1971,98897907.0
AFE,Towns,1971,53649019.0
AFW,Cities,1971,24351217.0
AFW,Rural,1971,52596667.0
AFW,Towns,1971,48125063.0
AGO,Cities,1971,2016962.0
AGO,Rural,1971,2370730.0
AGO,Towns,1971,1603410.0
BDI,Cities,1971,79573.0
BDI,Rural,1971,1939671.0
BDI,Towns,1971,1598046.0
BEN,Cities,1971,453495.0
BEN,Rural,1971,1291157.0
BEN,Towns,1971,1390115.0
BFA,Cities,1971,210886.0
BFA,Rural,1971,4155162.0000000005
BFA,Towns,1971,1341951.0
BWA,Cities,1971,0.0
BWA,Rural,1971,294454.0
BWA,Towns,1971,306027.0
CAF,Cities,1971,304845.0
CAF,Rural,1971,1109167.0
CAF,Towns,1971,727438.0
CIV,Cities,1971,950795.0
CIV,Rural,1971,2987651.0
CIV,Towns,1971,1712421.0
CMR,Cities,1971,1771408.0
CMR,Rural,1971,2363498.0
CMR,Towns,1971,2489502.0
COD,Cities,1971,6007136.0
COD,Rural,1971,9215244.0
COD,Towns,1971,5473190.0
COG,Cities,1971,961993.0
COG,Rural,1971,270612.0
COG,Towns,1971,208434.0
COM,Cities,1971,63658.0
COM,Rural,1971,106715.0
COM,Towns,1971,81492.0
CPV,Cities,1971,65111.99999999999
CPV,Rural,1971,99860.0
CPV,Towns,1971,129074.00000000001
ERI,Cities,1971,497361.0
ERI,Rural,1971,529138.0
ERI,Towns,1971,249655.0
ETH,Cities,1971,2912629.0
ETH,Rural,1971,15187492.0
ETH,Towns,1971,10499985.0
GAB,Cities,1971,72135.0
GAB,Rural,1971,184992.0
GAB,Towns,1971,351221.0
GHA,Cities,1971,1523333.0
GHA,Rural,1971,4067126.0
GHA,Towns,1971,3585806.0
GIN,Cities,1971,487268.0
GIN,Rural,1971,2687439.0
GIN,Towns,1971,1180493.0
GMB,Cities,1971,73456.0
GMB,Rural,1971,315883.0
GMB,Towns,1971,150048.0
GNB,Cities,1971,60061.0
GNB,Rural,1971,354322.0
GNB,Towns,1971,171837.0
GNQ,Cities,1971,0.0
GNQ,Rural,1971,153560.0
GNQ,Towns,1971,162380.0
KEN,Cities,1971,641960.0
KEN,Rural,1971,7474088.0
KEN,Towns,1971,3672856.0
LBR,Cities,1971,12792.0
LBR,Rural,1971,887051.0
LBR,Towns,1971,604234.0
LSO,Cities,1971,0.0
LSO,Rural,1971,847769.0
LSO,Towns,1971,208477.0
MDG,Cities,1971,240169.0
MDG,Rural,1971,5577950.0
MDG,Towns,1971,1050749.0
MLI,Cities,1971,317809.0
MLI,Rural,1971,4405466.0
MLI,Towns,1971,1654669.0
MOZ,Cities,1971,802379.0
MOZ,Rural,1971,5164877.0
MOZ,Towns,1971,2489061.0
MRT,Cities,1971,0.0
MRT,Rural,1971,861687.0
MRT,Towns,1971,272015.0
MUS,Cities,1971,392645.0
MUS,Rural,1971,118350.0
MUS,Towns,1971,330111.0
MWI,Cities,1971,0.0
MWI,Rural,1971,4117559.0
MWI,Towns,1971,633875.0
NAM,Cities,1971,0.0
NAM,Rural,1971,605154.0
NAM,Towns,1971,175430.0
NER,Cities,1971,415916.0
NER,Rural,1971,3069915.0
NER,Towns,1971,1290394.0
NGA,Cities,1971,13441014.0
NGA,Rural,1971,17000966.0
NGA,Towns,1971,26772704.0
RWA,Cities,1971,0.0
RWA,Rural,1971,1699863.0
RWA,Towns,1971,2400181.0
SDN,Cities,1971,3188496.0
SDN,Rural,1971,5016325.0
SDN,Towns,1971,3900718.0
SEN,Cities,1971,1755190.0
SEN,Rural,1971,1694890.0
SEN,Towns,1971,1151785.0
SLE,Cities,1971,524235.0
SLE,Rural,1971,1348883.0
SLE,Towns,1971,890104.0
SOM,Cities,1971,1171160.0
SOM,Rural,1971,1467097.0
SOM,Towns,1971,1199434.0
SSA,Cities,1971,48829301.0
SSA,Rural,1971,151494574.0
SSA,Towns,1971,101774082.0
SSD,Cities,1971,325369.0
SSD,Rural,1971,2714988.0
SSD,Towns,1971,428289.0
STP,Cities,1971,0.0
STP,Rural,1971,19506.0
STP,Towns,1971,59824.0
SWZ,Cities,1971,0.0
SWZ,Rural,1971,385740.0
SWZ,Towns,1971,67442.0
SYC,Cities,1971,0.0
SYC,Rural,1971,16421.0
SYC,Towns,1971,39089.0
TCD,Cities,1971,565468.0
TCD,Rural,1971,2212975.0
TCD,Towns,1971,1028873.0
TGO,Cities,1971,384006.0
TGO,Rural,1971,1074405.0
TGO,Towns,1971,859565.0
TZA,Cities,1971,367233.0
TZA,Rural,1971,10864503.0
TZA,Towns,1971,2739716.0
UGA,Cities,1971,528892.0
UGA,Rural,1971,7943232.0
UGA,Towns,1971,2146082.0
ZAF,Cities,1971,4163567.0
ZAF,Rural,1971,9296239.0
ZAF,Towns,1971,9482338.0
ZMB,Cities,1971,401923.0
ZMB,Rural,1971,2236335.0
ZMB,Towns,1971,1804269.0
ZWE,Cities,1971,676972.0
ZWE,Rural,1971,3688467.0
ZWE,Towns,1971,1009273.0
AFE,Cities,1972,26380150.0
AFE,Rural,1972,100728433.0
AFE,Towns,1972,55020384.0
AFW,Cities,1972,26119706.0
AFW,Rural,1972,53378665.0
AFW,Towns,1972,48678121.0
AGO,Cities,1972,2168827.0
AGO,Rural,1972,2409141.0
AGO,Towns,1972,1596294.0
BDI,Cities,1972,92688.0
BDI,Rural,1972,1923982.0
BDI,Towns,1972,1600458.0
BEN,Cities,1972,475941.0
BEN,Rural,1972,1310741.0
BEN,Towns,1972,1420860.0
BFA,Cities,1972,219928.0
BFA,Rural,1972,4214709.0
BFA,Towns,1972,1372596.0
BWA,Cities,1972,0.0
BWA,Rural,1972,301407.0
BWA,Towns,1972,321000.0
CAF,Cities,1972,322396.0
CAF,Rural,1972,1123219.0
CAF,Towns,1972,738154.0
CIV,Cities,1972,1049317.0
CIV,Rural,1972,3067042.0
CIV,Towns,1972,1793357.0
CMR,Cities,1972,1944449.0
CMR,Rural,1972,2397624.0
CMR,Towns,1972,2464799.0
COD,Cities,1972,6383025.0
COD,Rural,1972,9346478.0
COD,Towns,1972,5521657.0
COG,Cities,1972,1009548.0
COG,Rural,1972,272038.0
COG,Towns,1972,204882.0
COM,Cities,1972,67413.0
COM,Rural,1972,107811.0
COM,Towns,1972,84852.0
CPV,Cities,1972,67001.0
CPV,Rural,1972,100291.0
CPV,Towns,1972,130094.0
ERI,Cities,1972,514009.0
ERI,Rural,1972,535776.0
ERI,Towns,1972,259451.00000000003
ETH,Cities,1972,3338031.0
ETH,Rural,1972,15450170.0
ETH,Towns,1972,10586407.0
GAB,Cities,1972,91144.0
GAB,Rural,1972,187302.0
GAB,Towns,1972,342514.0
GHA,Cities,1972,1612184.0
GHA,Rural,1972,4129308.0
GHA,Towns,1972,3696695.0
GIN,Cities,1972,519167.00000000006
GIN,Rural,1972,2723615.0
GIN,Towns,1972,1188509.0
GMB,Cities,1972,78480.0
GMB,Rural,1972,321635.0
GMB,Towns,1972,155256.0
GNB,Cities,1972,62702.0
GNB,Rural,1972,353411.0
GNB,Towns,1972,170507.0
GNQ,Cities,1972,0.0
GNQ,Rural,1972,151951.0
GNQ,Towns,1972,157517.0
KEN,Cities,1972,685991.0
KEN,Rural,1972,7637130.0
KEN,Towns,1972,3882938.0
LBR,Cities,1972,25548.0
LBR,Rural,1972,906054.0
LBR,Towns,1972,611068.0
LSO,Cities,1972,0.0
LSO,Rural,1972,873012.0
LSO,Towns,1972,221051.0
MDG,Cities,1972,251897.0
MDG,Rural,1972,5715413.0
MDG,Towns,1972,1107088.0
MLI,Cities,1972,341181.0
MLI,Rural,1972,4467289.0
MLI,Towns,1972,1675256.0
MOZ,Cities,1972,865520.0
MOZ,Rural,1972,5270344.0
MOZ,Towns,1972,2557072.0
MRT,Cities,1972,0.0
MRT,Rural,1972,884140.0
MRT,Towns,1972,284215.0
MUS,Cities,1972,399864.0
MUS,Rural,1972,118652.0
MUS,Towns,1972,335088.0
MWI,Cities,1972,0.0
MWI,Rural,1972,4203077.0
MWI,Towns,1972,671397.0
NAM,Cities,1972,0.0
NAM,Rural,1972,621166.0
NAM,Towns,1972,183232.0
NER,Cities,1972,473779.0
NER,Rural,1972,3132607.0
NER,Towns,1972,1298459.0
NGA,Cities,1972,14375017.0
NGA,Rural,1972,17205027.0
NGA,Towns,1972,27021705.0
RWA,Cities,1972,0.0
RWA,Rural,1972,1715683.0
RWA,Towns,1972,2504652.0
SDN,Cities,1972,3505050.0
SDN,Rural,1972,5089536.0
SDN,Towns,1972,3933270.0
SEN,Cities,1972,1857492.0
SEN,Rural,1972,1720306.0
SEN,Towns,1972,1163832.0
SLE,Cities,1972,547189.0
SLE,Rural,1972,1367051.0
SLE,Towns,1972,900148.0
SOM,Cities,1972,1292773.0
SOM,Rural,1972,1483562.0
SOM,Towns,1972,1163101.0
SSA,Cities,1972,52499856.0
SSA,Rural,1972,154107098.0
SSA,Towns,1972,103698505.0
SSD,Cities,1972,366458.0
SSD,Rural,1972,2752289.0
SSD,Towns,1972,423751.0
STP,Cities,1972,0.0
STP,Rural,1972,19917.0
STP,Towns,1972,61124.0
SWZ,Cities,1972,0.0
SWZ,Rural,1972,395068.0
SWZ,Towns,1972,70720.0
SYC,Cities,1972,0.0
SYC,Rural,1972,16625.0
SYC,Towns,1972,40264.0
TCD,Cities,1972,622949.0
TCD,Rural,1972,2250855.0
TCD,Towns,1972,1019448.0
TGO,Cities,1972,424294.0
TGO,Rural,1972,1092450.0
TGO,Towns,1972,868250.0
TZA,Cities,1972,397729.0
TZA,Rural,1972,11175809.0
TZA,Towns,1972,2905770.0
UGA,Cities,1972,547217.0
UGA,Rural,1972,8077205.0
UGA,Towns,1972,2261374.0
ZAF,Cities,1972,4376610.0
ZAF,Rural,1972,9421997.0
ZAF,Towns,1972,9810850.0
ZMB,Cities,1972,419230.0
ZMB,Rural,1972,2290473.0
ZMB,Towns,1972,1859605.0
ZWE,Cities,1972,707818.0
ZWE,Rural,1972,3776710.0
ZWE,Towns,1972,1057918.0
AFE,Cities,1973,28339576.0
AFE,Rural,1973,102708847.0
AFE,Towns,1973,56477446.0
AFW,Cities,1973,27922358.0
AFW,Rural,1973,54228896.0
AFW,Towns,1973,49298691.0
AGO,Cities,1973,2331691.0
AGO,Rural,1973,2459662.0
AGO,Towns,1973,1597175.0
BDI,Cities,1973,105279.0
BDI,Rural,1973,1906120.0
BDI,Towns,1973,1600593.0
BEN,Cities,1973,498847.0
BEN,Rural,1973,1331634.0
BEN,Towns,1973,1453015.0
BFA,Cities,1973,229168.0
BFA,Rural,1973,4278240.0
BFA,Towns,1973,1404519.0
BWA,Cities,1973,0.0
BWA,Rural,1973,312263.0
BWA,Towns,1973,340145.0
CAF,Cities,1973,339924.0
CAF,Rural,1973,1137237.0
CAF,Towns,1973,748847.0
CIV,Cities,1973,1150674.0
CIV,Rural,1973,3155011.0
CIV,Towns,1973,1879259.0
CMR,Cities,1973,2119482.0
CMR,Rural,1973,2434355.0
CMR,Towns,1973,2442823.0
COD,Cities,1973,6765001.0
COD,Rural,1973,9487016.0
COD,Towns,1973,5575648.0
COG,Cities,1973,1058326.0
COG,Rural,1973,273786.0
COG,Towns,1973,201569.0
COM,Cities,1973,71303.0
COM,Rural,1973,109132.0
COM,Towns,1973,88385.0
CPV,Cities,1973,68694.0
CPV,Rural,1973,100440.0
CPV,Towns,1973,130747.00000000001
ERI,Cities,1973,530796.0
ERI,Rural,1973,542555.0
ERI,Towns,1973,269318.0
ETH,Cities,1973,3765548.0
ETH,Rural,1973,15722099.0
ETH,Towns,1973,10679138.0
GAB,Cities,1973,110192.0
GAB,Rural,1973,189741.0
GAB,Towns,1973,334062.0
GHA,Cities,1973,1703479.0
GHA,Rural,1973,4197878.0
GHA,Towns,1973,3813259.0
GIN,Cities,1973,550945.0
GIN,Rural,1973,2759139.0
GIN,Towns,1973,1196240.0
GMB,Cities,1973,83591.0
GMB,Rural,1973,327760.0
GMB,Towns,1973,160641.0
GNB,Cities,1973,65879.0
GNB,Rural,1973,356023.0
GNB,Towns,1973,170906.0
GNQ,Cities,1973,0.0
GNQ,Rural,1973,149988.0
GNQ,Towns,1973,152294.0
KEN,Cities,1973,730659.0
KEN,Rural,1973,7807525.0
KEN,Towns,1973,4096651.0
LBR,Cities,1973,38327.0
LBR,Rural,1973,926426.0
LBR,Towns,1973,618834.0
LSO,Cities,1973,0.0
LSO,Rural,1973,898911.0
LSO,Towns,1973,233786.0
MDG,Cities,1973,263910.0
MDG,Rural,1973,5859462.0
MDG,Towns,1973,1164676.0
MLI,Cities,1973,364941.0
MLI,Rural,1973,4534354.0
MLI,Towns,1973,1697811.0
MOZ,Cities,1973,931053.0
MOZ,Rural,1973,5390842.0
MOZ,Towns,1973,2632347.0
MRT,Cities,1973,0.0
MRT,Rural,1973,907223.0
MRT,Towns,1973,296615.0
MUS,Cities,1973,406635.0
MUS,Rural,1973,118821.0
MUS,Towns,1973,339689.0
MWI,Cities,1973,0.0
MWI,Rural,1973,4294168.0
MWI,Towns,1973,709770.0
NAM,Cities,1973,0.0
NAM,Rural,1973,637734.0
NAM,Towns,1973,191194.0
NER,Cities,1973,532026.0
NER,Rural,1973,3198127.0
NER,Towns,1973,1307713.0
NGA,Cities,1973,15330633.0
NGA,Rural,1973,17436926.0
NGA,Towns,1973,27314581.0
RWA,Cities,1973,0.0
RWA,Rural,1973,1733341.0
RWA,Towns,1973,2611706.0
SDN,Cities,1973,3849358.0
SDN,Rural,1973,5203016.0
SDN,Towns,1973,3996940.0
SEN,Cities,1973,1961295.0
SEN,Rural,1973,1747087.0
SEN,Towns,1973,1176800.0
SLE,Cities,1973,570410.0
SLE,Rural,1973,1385902.0
SLE,Towns,1973,910643.0
SOM,Cities,1973,1415845.0
SOM,Rural,1973,1501685.0
SOM,Towns,1973,1128062.0
SSA,Cities,1973,56261934.0
SSA,Rural,1973,156937743.0
SSA,Towns,1973,105776137.0
SSD,Cities,1973,408643.0
SSD,Rural,1973,2798189.0
SSD,Towns,1973,420552.0
STP,Cities,1973,0.0
STP,Rural,1973,20341.0
STP,Towns,1973,62457.0
SWZ,Cities,1973,0.0
SWZ,Rural,1973,404943.0
SWZ,Towns,1973,74095.0
SYC,Cities,1973,0.0
SYC,Rural,1973,16838.0
SYC,Towns,1973,41462.0
TCD,Cities,1973,681541.0
TCD,Rural,1973,2292611.0
TCD,Towns,1973,1011756.0
TGO,Cities,1973,463984.0
TGO,Rural,1973,1109008.0
TGO,Towns,1973,875757.0
TZA,Cities,1973,428839.0
TZA,Rural,1973,11504903.0
TZA,Towns,1973,3076359.0
UGA,Cities,1973,565067.0
UGA,Rural,1973,8204598.0
UGA,Towns,1973,2374571.0
ZAF,Cities,1973,4592855.0
ZAF,Rural,1973,9554800.0
ZAF,Towns,1973,10146608.0
ZMB,Cities,1973,437135.0
ZMB,Rural,1973,2347934.0
ZMB,Towns,1973,1917623.0
ZWE,Cities,1973,739959.0
ZWE,Rural,1973,3871949.0
ZWE,Towns,1973,1108496.0
AFE,Cities,1974,30325533.0
AFE,Rural,1974,104841829.0
AFE,Towns,1974,58019506.0
AFW,Cities,1974,29767310.0
AFW,Rural,1974,55150562.0
AFW,Towns,1974,49993708.0
AGO,Cities,1974,2499029.0
AGO,Rural,1974,2514022.0
AGO,Towns,1974,1600316.0
BDI,Cities,1974,120622.0
BDI,Rural,1974,1939386.0
BDI,Towns,1974,1643582.0
BEN,Cities,1974,522249.0
BEN,Rural,1974,1353807.0
BEN,Towns,1974,1486577.0
BFA,Cities,1974,238731.0
BFA,Rural,1974,4347760.0
BFA,Towns,1974,1438413.0
BWA,Cities,1974,0.0
BWA,Rural,1974,324508.0
BWA,Towns,1974,360940.0
CAF,Cities,1974,357614.0
CAF,Rural,1974,1151816.0
CAF,Towns,1974,759908.0
CIV,Cities,1974,1254792.0
CIV,Rural,1974,3249877.0
CIV,Towns,1974,1969389.0
CMR,Cities,1974,2296823.0
CMR,Rural,1974,2473532.0
CMR,Towns,1974,2423228.0
COD,Cities,1974,7151685.0
COD,Rural,1974,9633865.0
COD,Towns,1974,5633328.0
COG,Cities,1974,1108119.0
COG,Rural,1974,275767.0
COG,Towns,1974,198415.0
COM,Cities,1974,75334.0
COM,Rural,1974,110654.0
COM,Towns,1974,92087.0
CPV,Cities,1974,70424.0
CPV,Rural,1974,100659.0
CPV,Towns,1974,131487.0
ERI,Cities,1974,547422.0
ERI,Rural,1974,549164.0
ERI,Towns,1974,279103.0
ETH,Cities,1974,4193126.0
ETH,Rural,1974,15993032.0
ETH,Towns,1974,10771115.0
GAB,Cities,1974,129360.99999999999
GAB,Rural,1974,192377.0
GAB,Towns,1974,325951.0
GHA,Cities,1974,1796509.0
GHA,Rural,1974,4270458.0
GHA,Towns,1974,3933557.0
GIN,Cities,1974,582612.0
GIN,Rural,1974,2794148.0
GIN,Towns,1974,1203750.0
GMB,Cities,1974,88775.0
GMB,Rural,1974,334150.0
GMB,Towns,1974,166160.0
GNB,Cities,1974,70654.0
GNB,Rural,1974,367247.0
GNB,Towns,1974,175437.0
GNQ,Cities,1974,0.0
GNQ,Rural,1974,147947.0
GNQ,Towns,1974,147006.0
KEN,Cities,1974,775712.0
KEN,Rural,1974,7981857.0
KEN,Towns,1974,4312508.0
LBR,Cities,1974,51168.0
LBR,Rural,1974,947880.0
LBR,Towns,1974,627314.0
LSO,Cities,1974,0.0
LSO,Rural,1974,925672.0
LSO,Towns,1974,246748.0
MDG,Cities,1974,276220.0
MDG,Rural,1974,6009929.0
MDG,Towns,1974,1223577.0
MLI,Cities,1974,388995.0
MLI,Rural,1974,4604809.0
MLI,Towns,1974,1721631.0
MOZ,Cities,1974,998853.0
MOZ,Rural,1974,5523584.0
MOZ,Towns,1974,2713657.0
MRT,Cities,1974,0.0
MRT,Rural,1974,930956.0
MRT,Towns,1974,309232.0
MUS,Cities,1974,413300.0
MUS,Rural,1974,118961.0
MUS,Towns,1974,344203.0
MWI,Cities,1974,0.0
MWI,Rural,1974,4392042.0
MWI,Towns,1974,749295.0
NAM,Cities,1974,0.0
NAM,Rural,1974,654963.0
NAM,Towns,1974,199357.0
NER,Cities,1974,590738.0
NER,Rural,1974,3266213.0
NER,Towns,1974,1318002.0
NGA,Cities,1974,16316810.0
NGA,Rural,1974,17702392.0
NGA,Towns,1974,27659942.0
RWA,Cities,1974,0.0
RWA,Rural,1974,1752755.0
RWA,Towns,1974,2721473.0
SDN,Cities,1974,4198214.0
SDN,Rural,1974,5319664.0
SDN,Towns,1974,4062845.0
SEN,Cities,1974,2065440.0
SEN,Rural,1974,1774088.0
SEN,Towns,1974,1189909.0
SLE,Cities,1974,593824.0
SLE,Rural,1974,1405203.0
SLE,Towns,1974,921432.0
SOM,Cities,1974,1539056.0
SOM,Rural,1974,1519817.0
SOM,Towns,1974,1092969.0
SSA,Cities,1974,60092843.0
SSA,Rural,1974,159992391.0
SSA,Towns,1974,108013214.0
SSD,Cities,1974,452220.0
SSD,Rural,1974,2852474.0
SSD,Towns,1974,418565.0
STP,Cities,1974,0.0
STP,Rural,1974,20792.0
STP,Towns,1974,63880.0
SWZ,Cities,1974,0.0
SWZ,Rural,1974,415408.0
SWZ,Towns,1974,77580.0
SYC,Cities,1974,0.0
SYC,Rural,1974,17059.0
SYC,Towns,1974,42681.0
TCD,Cities,1974,740201.0
TCD,Rural,1974,2334219.0
TCD,Towns,1974,1003936.0
TGO,Cities,1974,503471.0
TGO,Rural,1974,1125257.0
TGO,Towns,1974,883032.0
TZA,Cities,1974,460570.0
TZA,Rural,1974,11849745.0
TZA,Towns,1974,3251315.0
UGA,Cities,1974,584031.0
UGA,Rural,1974,8348437.0
UGA,Towns,1974,2492378.0
ZAF,Cities,1974,4811058.0
ZAF,Rural,1974,9691457.0
ZAF,Towns,1974,10486593.0
ZMB,Cities,1974,455669.0
ZMB,Rural,1974,2408711.0
ZMB,Towns,1974,1978366.0
ZWE,Cities,1974,773412.0
ZWE,Rural,1974,3973871.0
ZWE,Towns,1974,1161045.0
AFE,Cities,1975,32309500.0
AFE,Rural,1975,107027767.0
AFE,Towns,1975,59575248.0
AFW,Cities,1975,31658071.0
AFW,Rural,1975,56144664.0
AFW,Towns,1975,50767184.0
AGO,Cities,1975,2668911.0
AGO,Rural,1975,2569898.0
AGO,Towns,1975,1604136.0
BDI,Cities,1975,136279.0
BDI,Rural,1975,1973079.0
BDI,Towns,1975,1687254.0
BEN,Cities,1975,546248.0
BEN,Rural,1975,1377416.0
BEN,Towns,1975,1521743.0
BFA,Cities,1975,248696.0
BFA,Rural,1975,4424228.0
BFA,Towns,1975,1474645.0
BWA,Cities,1975,0.0
BWA,Rural,1975,337566.0
BWA,Towns,1975,382814.0
CAF,Cities,1975,375508.0
CAF,Rural,1975,1167024.0
CAF,Towns,1975,771385.0
CIV,Cities,1975,1361807.0
CIV,Rural,1975,3350962.0
CIV,Towns,1975,2063527.0
CMR,Cities,1975,2476628.0
CMR,Rural,1975,2514895.0
CMR,Towns,1975,2405597.0
COD,Cities,1975,7542244.0
COD,Rural,1975,9785250.0
COD,Towns,1975,5693608.0
COG,Cities,1975,1155205.0
COG,Rural,1975,277063.0
COG,Towns,1975,194764.0
COM,Cities,1975,79470.0
COM,Rural,1975,112309.0
COM,Towns,1975,95913.0
CPV,Cities,1975,72286.0
CPV,Rural,1975,101076.0
CPV,Towns,1975,132485.0
ERI,Cities,1975,563848.0
ERI,Rural,1975,555575.0
ERI,Towns,1975,288786.0
ETH,Cities,1975,4617372.0
ETH,Rural,1975,16251308.0
ETH,Towns,1975,10854572.0
GAB,Cities,1975,148736.0
GAB,Rural,1975,195251.0
GAB,Towns,1975,318210.0
GHA,Cities,1975,1891092.0
GHA,Rural,1975,4346236.0
GHA,Towns,1975,4056980.0
GIN,Cities,1975,614161.0
GIN,Rural,1975,2828664.0
GIN,Towns,1975,1211052.0
GMB,Cities,1975,94064.0
GMB,Rural,1975,340894.0
GMB,Towns,1975,171862.0
GNB,Cities,1975,77527.0
GNB,Rural,1975,388652.0
GNB,Towns,1975,184787.0
GNQ,Cities,1975,0.0
GNQ,Rural,1975,146040.0
GNQ,Towns,1975,141862.0
KEN,Cities,1975,821173.0
KEN,Rural,1975,8159924.0
KEN,Towns,1975,4530573.0
LBR,Cities,1975,64105.99999999999
LBR,Rural,1975,970356.0
LBR,Towns,1975,636451.0
LSO,Cities,1975,0.0
LSO,Rural,1975,953604.0
LSO,Towns,1975,260039.0
MDG,Cities,1975,288835.0
MDG,Rural,1975,6166654.0
MDG,Towns,1975,1283846.0
MLI,Cities,1975,413293.0
MLI,Rural,1975,4677635.0
MLI,Towns,1975,1746332.0
MOZ,Cities,1975,1069420.0
MOZ,Rural,1975,5669723.0
MOZ,Towns,1975,2801675.0
MRT,Cities,1975,0.0
MRT,Rural,1975,955277.0
MRT,Towns,1975,322053.0
MUS,Cities,1975,420076.0
MUS,Rural,1975,119136.0
MUS,Towns,1975,348811.0
MWI,Cities,1975,0.0
MWI,Rural,1975,4497203.0
MWI,Towns,1975,790163.0
NAM,Cities,1975,0.0
NAM,Rural,1975,673196.0
NAM,Towns,1975,207836.0
NER,Cities,1975,650124.0
NER,Rural,1975,3337396.0
NER,Towns,1975,1329499.0
NGA,Cities,1975,17341632.0
NGA,Rural,1975,18005476.0
NGA,Towns,1975,28063707.0
RWA,Cities,1975,0.0
RWA,Rural,1975,1773776.0
RWA,Towns,1975,2833952.0
SDN,Cities,1975,4533397.0
SDN,Rural,1975,5417295.0
SDN,Towns,1975,4114104.9999999995
SEN,Cities,1975,2168436.0
SEN,Rural,1975,1800053.0
SEN,Towns,1975,1202321.0
SLE,Cities,1975,617390.0
SLE,Rural,1975,1424832.0
SLE,Towns,1975,932435.0
SOM,Cities,1975,1662150.0
SOM,Rural,1975,1537724.0
SOM,Towns,1975,1057663.0
SSA,Cities,1975,63967571.0
SSA,Rural,1975,163172431.0
SSA,Towns,1975,110342432.0
SSD,Cities,1975,496342.0
SSD,Rural,1975,2908411.0
SSD,Towns,1975,416740.0
STP,Cities,1975,0.0
STP,Rural,1975,21284.0
STP,Towns,1975,65424.00000000001
SWZ,Cities,1975,0.0
SWZ,Rural,1975,426486.0
SWZ,Towns,1975,81186.0
SYC,Cities,1975,0.0
SYC,Rural,1975,17290.0
SYC,Towns,1975,43928.0
TCD,Cities,1975,798271.0
TCD,Rural,1975,2373769.0
TCD,Towns,1975,995195.0
TGO,Cities,1975,542861.0
TGO,Rural,1975,1141469.0
TGO,Towns,1975,890292.0
TZA,Cities,1975,493120.0
TZA,Rural,1975,12213426.0
TZA,Towns,1975,3431814.0
UGA,Cities,1975,604015.0
UGA,Rural,1975,8506625.0
UGA,Towns,1975,2614599.0
ZAF,Cities,1975,5030718.0
ZAF,Rural,1975,9830647.0
ZAF,Towns,1975,10829575.0
ZMB,Cities,1975,474911.0
ZMB,Rural,1975,2473074.0
ZMB,Towns,1975,2042101.0
ZWE,Cities,1975,807219.0
ZWE,Rural,1975,4077304.0
ZWE,Towns,1975,1214135.0
AFE,Cities,1976,33973095.0
AFE,Rural,1976,109511062.0
AFE,Towns,1976,61314403.0
AFW,Cities,1976,33462317.0
AFW,Rural,1976,57399659.0
AFW,Towns,1976,51475297.0
AGO,Cities,1976,2793069.0
AGO,Rural,1976,2636463.0
AGO,Towns,1976,1645132.0
BDI,Cities,1976,151995.0
BDI,Rural,1976,1987363.0
BDI,Towns,1976,1743268.0
BEN,Cities,1976,579250.0
BEN,Rural,1976,1408115.0
BEN,Towns,1976,1544832.0
BFA,Cities,1976,296177.0
BFA,Rural,1976,4478255.0
BFA,Towns,1976,1506204.0
BWA,Cities,1976,0.0
BWA,Rural,1976,345530.0
BWA,Towns,1976,412978.0
CAF,Cities,1976,387511.0
CAF,Rural,1976,1188527.0
CAF,Towns,1976,772528.0
CIV,Cities,1976,1490095.0
CIV,Rural,1976,3461128.0
CIV,Towns,1976,2106735.0
CMR,Cities,1976,2582568.0
CMR,Rural,1976,2573740.0
CMR,Towns,1976,2441654.0
COD,Cities,1976,7794369.0
COD,Rural,1976,10031149.0
COD,Towns,1976,5798513.0
COG,Cities,1976,1196112.0
COG,Rural,1976,278762.0
COG,Towns,1976,192351.0
COM,Cities,1976,81386.0
COM,Rural,1976,112979.0
COM,Towns,1976,103173.0
CPV,Cities,1976,73374.0
CPV,Rural,1976,103047.0
CPV,Towns,1976,133034.0
ERI,Cities,1976,577396.0
ERI,Rural,1976,564636.0
ERI,Towns,1976,301776.0
ETH,Cities,1976,4609041.0
ETH,Rural,1976,16861858.0
ETH,Towns,1976,11063518.0
GAB,Cities,1976,164957.0
GAB,Rural,1976,194966.0
GAB,Towns,1976,317706.0
GHA,Cities,1976,2010443.0
GHA,Rural,1976,4435723.0
GHA,Towns,1976,4148747.0000000005
GIN,Cities,1976,639890.0
GIN,Rural,1976,2880261.0
GIN,Towns,1976,1206872.0
GMB,Cities,1976,101035.0
GMB,Rural,1976,347159.0
GMB,Towns,1976,177472.0
GNB,Cities,1976,86607.0
GNB,Rural,1976,412601.0
GNB,Towns,1976,194982.0
GNQ,Cities,1976,0.0
GNQ,Rural,1976,143206.0
GNQ,Towns,1976,137825.0
KEN,Cities,1976,906408.0
KEN,Rural,1976,8276174.999999999
KEN,Towns,1976,4775040.0
LBR,Cities,1976,108784.0
LBR,Rural,1976,992417.0
LBR,Towns,1976,615860.0
LSO,Cities,1976,15702.0
LSO,Rural,1976,968555.0
LSO,Towns,1976,268957.0
MDG,Cities,1976,319072.0
MDG,Rural,1976,6320154.0
MDG,Towns,1976,1337605.0
MLI,Cities,1976,437957.0
MLI,Rural,1976,4762370.0
MLI,Towns,1976,1760651.0
MOZ,Cities,1976,1178036.0
MOZ,Rural,1976,5799568.0
MOZ,Towns,1976,2889604.0
MRT,Cities,1976,21171.0
MRT,Rural,1976,963370.0
MRT,Towns,1976,330796.0
MUS,Cities,1976,424504.0
MUS,Rural,1976,120659.0
MUS,Towns,1976,354689.0
MWI,Cities,1976,11560.0
MWI,Rural,1976,4584675.0
MWI,Towns,1976,847149.0
NAM,Cities,1976,10712.0
NAM,Rural,1976,691088.0
NAM,Towns,1976,204765.0
NER,Cities,1976,675156.0
NER,Rural,1976,3406489.0
NER,Towns,1976,1383317.0
NGA,Cities,1976,18334960.0
NGA,Rural,1976,18480806.0
NGA,Towns,1976,28442243.0
RWA,Cities,1976,16213.999999999998
RWA,Rural,1976,1782580.0
RWA,Towns,1976,2947160.0
SDN,Cities,1976,4870387.0
SDN,Rural,1976,5523226.0
SDN,Towns,1976,4176102.0
SEN,Cities,1976,2236184.0
SEN,Rural,1976,1849098.0
SEN,Towns,1976,1223281.0
SLE,Cities,1976,639059.0
SLE,Rural,1976,1474268.0
SLE,Towns,1976,915493.0
SOM,Cities,1976,1791902.0
SOM,Rural,1976,1551217.0
SOM,Towns,1976,1022693.0
SSA,Cities,1976,67435412.0
SSA,Rural,1976,166910721.0
SSA,Towns,1976,112789700.0
SSD,Cities,1976,519241.99999999994
SSD,Rural,1976,2960521.0
SSD,Towns,1976,442147.0
STP,Cities,1976,0.0
STP,Rural,1976,21491.0
STP,Towns,1976,67431.0
SWZ,Cities,1976,0.0
SWZ,Rural,1976,437606.0
SWZ,Towns,1976,85724.0
SYC,Cities,1976,0.0
SYC,Rural,1976,17427.0
SYC,Towns,1976,45316.0
TCD,Cities,1976,831616.0
TCD,Rural,1976,2405805.0
TCD,Towns,1976,1013875.0
TGO,Cities,1976,569411.0
TGO,Rural,1976,1159546.0
TGO,Towns,1976,908839.0
TZA,Cities,1976,612541.0
TZA,Rural,1976,12518926.0
TZA,Towns,1976,3604745.0
UGA,Cities,1976,618779.0
UGA,Rural,1976,8689605.0
UGA,Towns,1976,2728910.0
ZAF,Cities,1976,5282888.0
ZAF,Rural,1976,9961293.0
ZAF,Towns,1976,11151270.0
ZMB,Cities,1976,554541.0
ZMB,Rural,1976,2551141.0
ZMB,Towns,1976,2038161.0
ZWE,Cities,1976,833351.0
ZWE,Rural,1976,4195177.0
ZWE,Towns,1976,1258577.0
AFE,Cities,1977,35621650.0
AFE,Rural,1977,112001534.0
AFE,Towns,1977,63050744.0
AFW,Cities,1977,35297311.0
AFW,Rural,1977,58709722.0
AFW,Towns,1977,52251546.0
AGO,Cities,1977,2921563.0
AGO,Rural,1977,2707405.0
AGO,Towns,1977,1688862.0
BDI,Cities,1977,168149.0
BDI,Rural,1977,2009648.0
BDI,Towns,1977,1805785.0
BEN,Cities,1977,612870.0
BEN,Rural,1977,1440510.0
BEN,Towns,1977,1569822.0
BFA,Cities,1977,344118.0
BFA,Rural,1977,4543247.0
BFA,Towns,1977,1541370.0
BWA,Cities,1977,0.0
BWA,Rural,1977,354922.0
BWA,Towns,1977,444652.0
CAF,Cities,1977,397829.0
CAF,Rural,1977,1204832.0
CAF,Towns,1977,770269.0
CIV,Cities,1977,1614352.0
CIV,Rural,1977,3562751.0
CIV,Towns,1977,2144847.0
CMR,Cities,1977,2687502.0
CMR,Rural,1977,2631859.0
CMR,Towns,1977,2477140.0
COD,Cities,1977,8046606.0
COD,Rural,1977,10278050.0
COD,Towns,1977,5904405.0
COG,Cities,1977,1237125.0
COG,Rural,1977,280487.0
COG,Towns,1977,189956.0
COM,Cities,1977,83356.0
COM,Rural,1977,113723.0
COM,Towns,1977,110499.0
CPV,Cities,1977,74407.0
CPV,Rural,1977,104942.0
CPV,Towns,1977,133485.0
ERI,Cities,1977,592210.0
ERI,Rural,1977,574947.0
ERI,Towns,1977,315408.0
ETH,Cities,1977,4574090.0
ETH,Rural,1977,17382092.0
ETH,Towns,1977,11211091.0
GAB,Cities,1977,181354.0
GAB,Rural,1977,194965.0
GAB,Towns,1977,317665.0
GHA,Cities,1977,2132662.0
GHA,Rural,1977,4532194.0
GHA,Towns,1977,4247015.0
GIN,Cities,1977,665715.0
GIN,Rural,1977,2932428.0
GIN,Towns,1977,1202985.0
GMB,Cities,1977,108186.0
GMB,Rural,1977,354147.0
GMB,Towns,1977,183437.0
GNB,Cities,1977,96333.0
GNB,Rural,1977,439103.0
GNB,Towns,1977,206354.0
GNQ,Cities,1977,0.0
GNQ,Rural,1977,141681.0
GNQ,Towns,1977,135098.0
KEN,Cities,1977,992950.0
KEN,Rural,1977,8408268.0
KEN,Towns,1977,5027601.0
LBR,Cities,1977,153446.0
LBR,Rural,1977,1016123.0
LBR,Towns,1977,596450.0
LSO,Cities,1977,31359.0
LSO,Rural,1977,981338.0
LSO,Towns,1977,277270.0
MDG,Cities,1977,349565.0
MDG,Rural,1977,6480025.0
MDG,Towns,1977,1392650.0
MLI,Cities,1977,462960.0
MLI,Rural,1977,4851403.0
MLI,Towns,1977,1776614.0
MOZ,Cities,1977,1290168.0
MOZ,Rural,1977,5948060.0
MOZ,Towns,1977,2986747.0
MRT,Cities,1977,42314.0
MRT,Rural,1977,971807.0
MRT,Towns,1977,339647.0
MUS,Cities,1977,429154.0
MUS,Rural,1977,122245.0
MUS,Towns,1977,360748.0
MWI,Cities,1977,23028.0
MWI,Rural,1977,4685762.0
MWI,Towns,1977,906193.0
NAM,Cities,1977,21525.0
NAM,Rural,1977,708204.0
NAM,Towns,1977,201375.0
NER,Cities,1977,701001.0
NER,Rural,1977,3479929.0
NER,Towns,1977,1438787.0
NGA,Cities,1977,19362409.0
NGA,Rural,1977,18993002.0
NGA,Towns,1977,28879179.0
RWA,Cities,1977,32384.999999999996
RWA,Rural,1977,1793065.0
RWA,Towns,1977,3062790.0
SDN,Cities,1977,5209444.0
SDN,Rural,1977,5634684.0
SDN,Towns,1977,4242486.0
SEN,Cities,1977,2301080.0
SEN,Rural,1977,1895785.0
SEN,Towns,1977,1242684.0
SLE,Cities,1977,661201.0
SLE,Rural,1977,1524796.0
SLE,Towns,1977,899357.0
SOM,Cities,1977,1918042.0
SOM,Rural,1977,1570505.0
SOM,Towns,1977,995503.0
SSA,Cities,1977,70918961.0
SSA,Rural,1977,170711256.0
SSA,Towns,1977,115302290.0
SSD,Cities,1977,542357.0
SSD,Rural,1977,3013945.0
SSD,Towns,1977,467729.0
STP,Cities,1977,0.0
STP,Rural,1977,21738.0
STP,Towns,1977,69563.0
SWZ,Cities,1977,0.0
SWZ,Rural,1977,449873.0
SWZ,Towns,1977,90475.0
SYC,Cities,1977,0.0
SYC,Rural,1977,17513.0
SYC,Towns,1977,46591.0
TCD,Cities,1977,864339.0
TCD,Rural,1977,2435662.0
TCD,Towns,1977,1031666.9999999999
TGO,Cities,1977,596108.0
TGO,Rural,1977,1178069.0
TGO,Towns,1977,927718.0
TZA,Cities,1977,732618.0
TZA,Rural,1977,12838588.0
TZA,Towns,1977,3781724.0
UGA,Cities,1977,634071.0
UGA,Rural,1977,8879987.0
UGA,Towns,1977,2845610.0
ZAF,Cities,1977,5538437.0
ZAF,Rural,1977,10099618.0
ZAF,Towns,1977,11480897.0
ZMB,Cities,1977,634546.0
ZMB,Rural,1977,2631624.0
ZMB,Towns,1977,2036310.0
ZWE,Cities,1977,856027.0
ZWE,Rural,1977,4295705.0
ZWE,Towns,1977,1297780.0
AFE,Cities,1978,37444916.0
AFE,Rural,1978,114697396.0
AFE,Towns,1978,64926585.0
AFW,Cities,1978,37182852.0
AFW,Rural,1978,60107605.0
AFW,Towns,1978,53112160.0
AGO,Cities,1978,3056289.0
AGO,Rural,1978,2784200.0
AGO,Towns,1978,1736245.0
BDI,Cities,1978,184926.0
BDI,Rural,1978,2040011.0
BDI,Towns,1978,1875401.0
BEN,Cities,1978,647157.0
BEN,Rural,1978,1474540.0
BEN,Towns,1978,1596609.0
BFA,Cities,1978,392765.0
BFA,Rural,1978,4618290.0
BFA,Towns,1978,1579929.0
BWA,Cities,1978,0.0
BWA,Rural,1978,368083.0
BWA,Towns,1978,481156.0
CAF,Cities,1978,408245.0
CAF,Rural,1978,1221466.0
CAF,Towns,1978,768250.0
CIV,Cities,1978,1742122.0
CIV,Rural,1978,3672849.0
CIV,Towns,1978,2188159.0
CMR,Cities,1978,2798115.0
CMR,Rural,1978,2695710.0
CMR,Towns,1978,2518096.0
COD,Cities,1978,8351312.0
COD,Rural,1978,10592268.0
COD,Towns,1978,6049109.0
COG,Cities,1978,1278267.0
COG,Rural,1978,282241.0
COG,Towns,1978,187581.0
COM,Cities,1978,85344.0
COM,Rural,1978,114492.0
COM,Towns,1978,117852.0
CPV,Cities,1978,75425.0
CPV,Rural,1978,106814.0
CPV,Towns,1978,133909.0
ERI,Cities,1978,607445.0
ERI,Rural,1978,585669.0
ERI,Towns,1978,329264.0
ETH,Cities,1978,4529704.0
ETH,Rural,1978,17868591.0
ETH,Towns,1978,11336296.0
GAB,Cities,1978,197975.0
GAB,Rural,1978,195223.0
GAB,Towns,1978,318046.0
GHA,Cities,1978,2258698.0
GHA,Rural,1978,4636825.0
GHA,Towns,1978,4352928.0
GIN,Cities,1978,691883.0
GIN,Rural,1978,2986186.0
GIN,Towns,1978,1199785.0
GMB,Cities,1978,115535.0
GMB,Rural,1978,361817.0
GMB,Towns,1978,189751.0
GNB,Cities,1978,106475.0
GNB,Rural,1978,466914.0
GNB,Towns,1978,218304.0
GNQ,Cities,1978,0.0
GNQ,Rural,1978,142194.0
GNQ,Towns,1978,134337.0
KEN,Cities,1978,1081760.0
KEN,Rural,1978,8560450.0
KEN,Towns,1978,5291916.0
LBR,Cities,1978,198352.0
LBR,Rural,1978,1041715.9999999999
LBR,Towns,1978,578179.0
LSO,Cities,1978,46994.0
LSO,Rural,1978,994552.0
LSO,Towns,1978,285694.0
MDG,Cities,1978,380392.0
MDG,Rural,1978,6646396.0
MDG,Towns,1978,1449076.0
MLI,Cities,1978,488512.0
MLI,Rural,1978,4946371.0
MLI,Towns,1978,1794769.0
MOZ,Cities,1978,1407003.0
MOZ,Rural,1978,6117009.0
MOZ,Towns,1978,3094238.0
MRT,Cities,1978,63456.0
MRT,Rural,1978,980629.0
MRT,Towns,1978,348628.0
MUS,Cities,1978,434199.0
MUS,Rural,1978,123942.0
MUS,Towns,1978,367136.0
MWI,Cities,1978,34552.0
MWI,Rural,1978,4806659.0
MWI,Towns,1978,968921.0
NAM,Cities,1978,32147.0
NAM,Rural,1978,718951.0
NAM,Towns,1978,196171.0
NER,Cities,1978,727891.0
NER,Rural,1978,3558642.0
NER,Towns,1978,1496399.0
NGA,Cities,1978,20422692.0
NGA,Rural,1978,19537826.0
NGA,Towns,1978,29366014.0
RWA,Cities,1978,48562.0
RWA,Rural,1978,1805322.0
RWA,Towns,1978,3181287.0
SDN,Cities,1978,5579434.0
SDN,Rural,1978,5780646.0
SDN,Towns,1978,4334922.0
SEN,Cities,1978,2364925.0
SEN,Rural,1978,1941621.0
SEN,Towns,1978,1261550.0
SLE,Cities,1978,684114.0
SLE,Rural,1978,1577103.0
SLE,Towns,1978,884300.0
SOM,Cities,1978,2132267.0
SOM,Rural,1978,1665092.0
SOM,Towns,1978,1017533.0
SSA,Cities,1978,74627768.0
SSA,Rural,1978,174805001.0
SSA,Towns,1978,118038745.0
SSD,Cities,1978,565672.0
SSD,Rural,1978,3068500.0
SSD,Towns,1978,493483.0
STP,Cities,1978,0.0
STP,Rural,1978,22011.0
STP,Towns,1978,71783.0
SWZ,Cities,1978,0.0
SWZ,Rural,1978,463041.0
SWZ,Towns,1978,95405.0
SYC,Cities,1978,0.0
SYC,Rural,1978,17468.0
SYC,Towns,1978,47519.0
TCD,Cities,1978,897004.0
TCD,Rural,1978,2465070.0
TCD,Towns,1978,1049292.0
TGO,Cities,1978,623244.0
TGO,Rural,1978,1197558.0
TGO,Towns,1978,947345.0
TZA,Cities,1978,853096.0
TZA,Rural,1978,13163211.0
TZA,Towns,1978,3960259.0
UGA,Cities,1978,649877.0
UGA,Rural,1978,9077491.0
UGA,Towns,1978,2964745.0
ZAF,Cities,1978,5799304.0
ZAF,Rural,1978,10248270.0
ZAF,Towns,1978,11821933.0
ZMB,Cities,1978,715026.0
ZMB,Rural,1978,2714219.0
ZMB,Towns,1978,2036129.0
ZWE,Cities,1978,869611.0
ZWE,Rural,1978,4350852.0
ZWE,Towns,1978,1323112.0
AFE,Cities,1979,39475567.0
AFE,Rural,1979,117579609.0
AFE,Towns,1979,66911361.0
AFW,Cities,1979,39113182.0
AFW,Rural,1979,61574181.0
AFW,Towns,1979,54034347.0
AGO,Cities,1979,3195743.0
AGO,Rural,1979,2865210.0
AGO,Towns,1979,1786255.0
BDI,Cities,1979,201058.0
BDI,Rural,1979,2063704.0000000002
BDI,Towns,1979,1938768.0
BEN,Cities,1979,682354.0
BEN,Rural,1979,1510595.0
BEN,Towns,1979,1625578.0
BFA,Cities,1979,442146.0
BFA,Rural,1979,4700711.0
BFA,Towns,1979,1621045.0
BWA,Cities,1979,0.0
BWA,Rural,1979,382323.0
BWA,Towns,1979,519419.0
CAF,Cities,1979,418787.0
CAF,Rural,1979,1238503.0
CAF,Towns,1979,766504.0
CIV,Cities,1979,1874047.0
CIV,Rural,1979,3791607.0
CIV,Towns,1979,2236614.0
CMR,Cities,1979,2913022.0
CMR,Rural,1979,2763701.0
CMR,Towns,1979,2562919.0
COD,Cities,1979,8699994.0
COD,Rural,1979,10961706.0
COD,Towns,1979,6225082.0
COG,Cities,1979,1319348.0
COG,Rural,1979,283981.0
COG,Towns,1979,185195.0
COM,Cities,1979,87330.0
COM,Rural,1979,115256.0
COM,Towns,1979,125204.0
CPV,Cities,1979,76447.0
CPV,Rural,1979,108691.0
CPV,Towns,1979,134342.0
ERI,Cities,1979,623135.0
ERI,Rural,1979,596824.0
ERI,Towns,1979,343373.0
ETH,Cities,1979,4476904.0
ETH,Rural,1979,18321461.0
ETH,Towns,1979,11440287.0
GAB,Cities,1979,214855.0
GAB,Rural,1979,195714.0
GAB,Towns,1979,318806.0
GHA,Cities,1979,2387334.0
GHA,Rural,1979,4746410.0
GHA,Towns,1979,4463511.0
GIN,Cities,1979,718722.0
GIN,Rural,1979,3042824.0
GIN,Towns,1979,1197736.0
GMB,Cities,1979,123126.0
GMB,Rural,1979,370208.0
GMB,Towns,1979,196448.0
GNB,Cities,1979,113715.0
GNB,Rural,1979,481900.0
GNB,Towns,1979,224252.0
GNQ,Cities,1979,0.0
GNQ,Rural,1979,144546.0
GNQ,Towns,1979,135300.0
KEN,Cities,1979,1172226.0
KEN,Rural,1979,8724491.0
KEN,Towns,1979,5563949.0
LBR,Cities,1979,243583.0
LBR,Rural,1979,1068581.0
LBR,Towns,1979,560549.0
LSO,Cities,1979,62678.0
LSO,Rural,1979,1009018.0
LSO,Towns,1979,294474.0
MDG,Cities,1979,411605.0
MDG,Rural,1979,6819075.0
MDG,Towns,1979,1506901.0
MLI,Cities,1979,514549.0
MLI,Rural,1979,5046087.0
MLI,Towns,1979,1814630.0
MOZ,Cities,1979,1526649.0
MOZ,Rural,1979,6295452.0
MOZ,Towns,1979,3206709.0
MRT,Cities,1979,84654.0
MRT,Rural,1979,990220.0
MRT,Towns,1979,357884.0
MUS,Cities,1979,439702.0
MUS,Rural,1979,125771.0
MUS,Towns,1979,373914.0
MWI,Cities,1979,46262.0
MWI,Rural,1979,4946789.0
MWI,Towns,1979,1035698.0000000001
NAM,Cities,1979,42657.0
NAM,Rural,1979,729249.0
NAM,Towns,1979,190919.0
NER,Cities,1979,755976.0
NER,Rural,1979,3643109.0
NER,Towns,1979,1556471.0
NGA,Cities,1979,21507355.0
NGA,Rural,1979,20105041.0
NGA,Towns,1979,29885846.0
RWA,Cities,1979,64822.0
RWA,Rural,1979,1820214.0
RWA,Towns,1979,3304504.0
SDN,Cities,1979,5968698.0
SDN,Rural,1979,5945339.0
SDN,Towns,1979,4441315.0
SEN,Cities,1979,2431416.0
SEN,Rural,1979,1989635.0
SEN,Towns,1979,1281844.0
SLE,Cities,1979,707433.0
SLE,Rural,1979,1630346.0
SLE,Towns,1979,869720.0
SOM,Cities,1979,2485552.0
SOM,Rural,1979,1863216.0
SOM,Towns,1979,1100348.0
SSA,Cities,1979,78588749.0
SSA,Rural,1979,179153790.0
SSA,Towns,1979,120945708.0
SSD,Cities,1979,589173.0
SSD,Rural,1979,3124031.0
SSD,Towns,1979,519400.99999999994
STP,Cities,1979,0.0
STP,Rural,1979,22276.0
STP,Towns,1979,73976.0
SWZ,Cities,1979,0.0
SWZ,Rural,1979,476748.0
SWZ,Towns,1979,100451.0
SYC,Cities,1979,0.0
SYC,Rural,1979,17354.0
SYC,Towns,1979,48249.0
TCD,Cities,1979,932705.0
TCD,Rural,1979,2502365.0
TCD,Towns,1979,1070314.0
TGO,Cities,1979,651608.0
TGO,Rural,1979,1219406.0
TGO,Towns,1979,968839.0
TZA,Cities,1979,973279.0
TZA,Rural,1979,13481720.0
TZA,Towns,1979,4137038.9999999995
UGA,Cities,1979,664534.0
UGA,Rural,1979,9258911.0
UGA,Towns,1979,3078717.0
ZAF,Cities,1979,6063068.0
ZAF,Rural,1979,10402153.0
ZAF,Towns,1979,12168941.0
ZMB,Cities,1979,796012.0
ZMB,Rural,1979,2798533.0
ZMB,Towns,1979,2037183.0
ZWE,Cities,1979,884486.0
ZWE,Rural,1979,4412785.0
ZWE,Towns,1979,1350285.0
AFE,Cities,1980,41463084.0
AFE,Rural,1980,120446298.0
AFE,Towns,1980,68874527.0
AFW,Cities,1980,41086335.0
AFW,Rural,1980,63071894.0
AFW,Towns,1980,55008286.0
AGO,Cities,1980,3341948.0
AGO,Rural,1980,2952036.0
AGO,Towns,1980,1839888.0
BDI,Cities,1980,221005.0
BDI,Rural,1980,2124874.0
BDI,Towns,1980,2037827.0
BEN,Cities,1980,718783.0
BEN,Rural,1980,1549208.0
BEN,Towns,1980,1657260.0
BFA,Cities,1980,492464.0
BFA,Rural,1980,4790622.0
BFA,Towns,1980,1664814.0
BWA,Cities,1980,0.0
BWA,Rural,1980,389443.0
BWA,Towns,1980,548042.0
CAF,Cities,1980,429481.0
CAF,Rural,1980,1256001.0
CAF,Towns,1980,765053.0
CIV,Cities,1980,2010871.0
CIV,Rural,1980,3919498.0
CIV,Towns,1980,2290345.0
CMR,Cities,1980,3044022.0
CMR,Rural,1980,2846680.0
CMR,Towns,1980,2621518.0
COD,Cities,1980,9025693.0
COD,Rural,1980,11301508.0
COD,Towns,1980,6383897.0
COG,Cities,1980,1360449.0
COG,Rural,1980,285724.0
COG,Towns,1980,182812.0
COM,Cities,1980,89270.0
COM,Rural,1980,115960.0
COM,Towns,1980,132491.0
CPV,Cities,1980,77586.0
CPV,Rural,1980,110735.0
CPV,Towns,1980,134980.0
ERI,Cities,1980,639426.0
ERI,Rural,1980,608542.0
ERI,Towns,1980,357829.0
ETH,Cities,1980,4384387.0
ETH,Rural,1980,18604092.0
ETH,Towns,1980,11440036.0
GAB,Cities,1980,232039.0
GAB,Rural,1980,196425.0
GAB,Towns,1980,319925.0
GHA,Cities,1980,2515194.0
GHA,Rural,1980,4854007.0
GHA,Towns,1980,4572247.0
GIN,Cities,1980,746570.0
GIN,Rural,1980,3103596.0
GIN,Towns,1980,1197254.0
GMB,Cities,1980,130997.00000000001
GMB,Rural,1980,379357.0
GMB,Towns,1980,203560.0
GNB,Cities,1980,118214.0
GNB,Rural,1980,485938.0
GNB,Towns,1980,225149.0
GNQ,Cities,1980,0.0
GNQ,Rural,1980,149758.0
GNQ,Towns,1980,138886.0
KEN,Cities,1980,1265338.0
KEN,Rural,1980,8905442.0
KEN,Towns,1980,5847680.0
LBR,Cities,1980,289244.0
LBR,Rural,1980,1096612.0
LBR,Towns,1980,543397.0
LSO,Cities,1980,78449.0
LSO,Rural,1980,1024511.0
LSO,Towns,1980,303561.0
MDG,Cities,1980,443187.0
MDG,Rural,1980,6996923.0
MDG,Towns,1980,1565922.0
MLI,Cities,1980,541310.0
MLI,Rural,1980,5152394.0
MLI,Towns,1980,1836809.0
MOZ,Cities,1980,1632016.0
MOZ,Rural,1980,6415018.0
MOZ,Towns,1980,3289188.0
MRT,Cities,1980,105961.0
MRT,Rural,1980,1000634.0
MRT,Towns,1980,367448.0
MUS,Cities,1980,445539.0
MUS,Rural,1980,127696.0
MUS,Towns,1980,380981.0
MWI,Cities,1980,58223.0
MWI,Rural,1980,5101389.0
MWI,Towns,1980,1105918.0
NAM,Cities,1980,53240.0
NAM,Rural,1980,741869.0
NAM,Towns,1980,186325.0
NER,Cities,1980,785076.0
NER,Rural,1980,3732249.0
NER,Towns,1980,1618645.0
NGA,Cities,1980,22622346.0
NGA,Rural,1980,20698697.0
NGA,Towns,1980,30443598.0
RWA,Cities,1980,81256.0
RWA,Rural,1980,1838230.0
RWA,Towns,1980,3433773.0
SDN,Cities,1980,6375299.0
SDN,Rural,1980,6124939.0
SDN,Towns,1980,4558667.0
SEN,Cities,1980,2501306.0
SEN,Rural,1980,2040422.0
SEN,Towns,1980,1303910.0
SLE,Cities,1980,731351.0
SLE,Rural,1980,1684967.0
SLE,Towns,1980,855771.0
SOM,Cities,1980,2777678.0
SOM,Rural,1980,2009263.0
SOM,Towns,1980,1149213.0
SSA,Cities,1980,82549419.0
SSA,Rural,1980,183518192.0
SSA,Towns,1980,123882813.0
SSD,Cities,1980,612888.0
SSD,Rural,1980,3180628.0
SSD,Towns,1980,545514.0
STP,Cities,1980,0.0
STP,Rural,1980,22502.0
STP,Towns,1980,76042.0
SWZ,Cities,1980,0.0
SWZ,Rural,1980,491017.0
SWZ,Towns,1980,105627.0
SYC,Cities,1980,0.0
SYC,Rural,1980,17254.0
SYC,Towns,1980,49006.0
TCD,Cities,1980,950896.0
TCD,Rural,1980,2493153.0
TCD,Towns,1980,1071403.0
TGO,Cities,1980,682175.0
TGO,Rural,1980,1245217.0
TGO,Towns,1980,993502.0
TZA,Cities,1980,1092498.0
TZA,Rural,1980,13787418.0
TZA,Towns,1980,4309854.0
UGA,Cities,1980,677330.0
UGA,Rural,1980,9414474.0
UGA,Towns,1980,3183937.0
ZAF,Cities,1980,6352682.0
ZAF,Rural,1980,10599117.0
ZAF,Towns,1980,12567058.0
ZMB,Cities,1980,877798.0
ZMB,Rural,1980,2885213.0
ZMB,Towns,1980,2039822.0
ZWE,Cities,1980,937934.0
ZWE,Rural,1980,4666940.0
ZWE,Towns,1980,1436429.0
AFE,Cities,1981,43831626.0
AFE,Rural,1981,122942372.0
AFE,Towns,1981,71260767.0
AFW,Cities,1981,43197352.0
AFW,Rural,1981,64440316.0
AFW,Towns,1981,56124808.0
AGO,Cities,1981,3503112.0
AGO,Rural,1981,3021474.0
AGO,Towns,1981,1911021.0
BDI,Cities,1981,235646.0
BDI,Rural,1981,2169821.0
BDI,Towns,1981,2160547.0
BEN,Cities,1981,768697.0
BEN,Rural,1981,1586702.0
BEN,Towns,1981,1682908.0
BFA,Cities,1981,534121.0
BFA,Rural,1981,4870159.0
BFA,Towns,1981,1735992.0
BWA,Cities,1981,0.0
BWA,Rural,1981,394229.0
BWA,Towns,1981,575767.0
CAF,Cities,1981,441354.0
CAF,Rural,1981,1275826.0
CAF,Towns,1981,761222.0
CIV,Cities,1981,2155561.0
CIV,Rural,1981,4051621.0
CIV,Towns,1981,2349414.0
CMR,Cities,1981,3197685.0
CMR,Rural,1981,2941191.0
CMR,Towns,1981,2677501.0
COD,Cities,1981,9358557.0
COD,Rural,1981,11588020.0
COD,Towns,1981,6553938.0
COG,Cities,1981,1384347.0
COG,Rural,1981,285872.0
COG,Towns,1981,199540.0
COM,Cities,1981,105298.0
COM,Rural,1981,116550.0
COM,Towns,1981,125535.0
CPV,Cities,1981,78270.0
CPV,Rural,1981,111761.0
CPV,Towns,1981,137815.0
ERI,Cities,1981,660104.0
ERI,Rural,1981,623110.0
ERI,Towns,1981,366725.0
ETH,Cities,1981,4648504.0
ETH,Rural,1981,19055427.0
ETH,Towns,1981,11600081.0
GAB,Cities,1981,241647.0
GAB,Rural,1981,200028.0
GAB,Towns,1981,326711.0
GHA,Cities,1981,2630399.0
GHA,Rural,1981,4942050.0
GHA,Towns,1981,4709263.0
GIN,Cities,1981,789131.0
GIN,Rural,1981,3155146.0
GIN,Towns,1981,1199011.0
GMB,Cities,1981,141803.0
GMB,Rural,1981,388496.0
GMB,Towns,1981,208827.0
GNB,Cities,1981,123959.0
GNB,Rural,1981,493627.0
GNB,Towns,1981,224846.0
GNQ,Cities,1981,0.0
GNQ,Rural,1981,156745.0
GNQ,Towns,1981,146507.0
KEN,Cities,1981,1359149.0
KEN,Rural,1981,9027903.0
KEN,Towns,1981,6214455.0
LBR,Cities,1981,330299.0
LBR,Rural,1981,1112981.0
LBR,Towns,1981,543587.0
LSO,Cities,1981,91355.0
LSO,Rural,1981,1044775.0000000001
LSO,Towns,1981,311939.0
MDG,Cities,1981,473274.0
MDG,Rural,1981,7167419.0
MDG,Towns,1981,1638318.0
MLI,Cities,1981,584352.0
MLI,Rural,1981,5258230.0
MLI,Towns,1981,1850184.0
MOZ,Cities,1981,1698772.0
MOZ,Rural,1981,6507416.0
MOZ,Towns,1981,3361939.0
MRT,Cities,1981,136088.0
MRT,Rural,1981,1005634.0
MRT,Towns,1981,375155.0
MUS,Cities,1981,451771.0
MUS,Rural,1981,126253.0
MUS,Towns,1981,391193.0
MWI,Cities,1981,104088.0
MWI,Rural,1981,5195843.0
MWI,Towns,1981,1216523.0
NAM,Cities,1981,56108.0
NAM,Rural,1981,745233.0
NAM,Towns,1981,191159.0
NER,Cities,1981,850842.0
NER,Rural,1981,3821289.0
NER,Towns,1981,1649875.0
NGA,Cities,1981,23801093.0
NGA,Rural,1981,21210393.0
NGA,Towns,1981,31056617.0
RWA,Cities,1981,85714.0
RWA,Rural,1981,1816849.0
RWA,Towns,1981,3624666.0
SDN,Cities,1981,6822225.0
SDN,Rural,1981,6261982.0
SDN,Towns,1981,4696364.0
SEN,Cities,1981,2557211.0
SEN,Rural,1981,2098737.0
SEN,Towns,1981,1341212.0
SLE,Cities,1981,756812.0
SLE,Rural,1981,1733587.0
SLE,Towns,1981,848541.0
SOM,Cities,1981,2843735.0
SOM,Rural,1981,1983959.0
SOM,Towns,1981,1155155.0
SSA,Cities,1981,87028978.0
SSA,Rural,1981,187382688.0
SSA,Towns,1981,127385575.0
SSD,Cities,1981,651157.0
SSD,Rural,1981,3226029.0
SSD,Towns,1981,570086.0
STP,Cities,1981,0.0
STP,Rural,1981,22643.0
STP,Towns,1981,77972.0
SWZ,Cities,1981,0.0
SWZ,Rural,1981,501832.0
SWZ,Towns,1981,114976.0
SYC,Cities,1981,0.0
SYC,Rural,1981,17421.0
SYC,Towns,1981,49529.0
TCD,Cities,1981,979796.0
TCD,Rural,1981,2481024.0
TCD,Towns,1981,1060140.0
TGO,Cities,1981,713885.0
TGO,Rural,1981,1259217.0
TGO,Towns,1981,1039940.0
TZA,Cities,1981,1242464.0
TZA,Rural,1981,14058302.0
TZA,Towns,1981,4483936.0
UGA,Cities,1981,700790.0
UGA,Rural,1981,9519275.0
UGA,Towns,1981,3336387.0
ZAF,Cities,1981,6733789.0
ZAF,Rural,1981,10803008.0
ZAF,Towns,1981,13004247.0
ZMB,Cities,1981,969172.0
ZMB,Rural,1981,2994347.0
ZMB,Towns,1981,2019769.0
ZWE,Cities,1981,1036842.0000000001
ZWE,Rural,1981,4953252.0
ZWE,Towns,1981,1508540.0
AFE,Cities,1982,46271112.0
AFE,Rural,1982,125716364.0
AFE,Towns,1982,73828858.0
AFW,Cities,1982,45343138.0
AFW,Rural,1982,65945381.0
AFW,Towns,1982,57296602.0
AGO,Cities,1982,3670052.0
AGO,Rural,1982,3096214.0
AGO,Towns,1982,1985382.0
BDI,Cities,1982,246876.0
BDI,Rural,1982,2182625.0
BDI,Towns,1982,2251889.0
BEN,Cities,1982,819513.0
BEN,Rural,1982,1626275.0
BEN,Towns,1982,1710808.0
BFA,Cities,1982,576237.0
BFA,Rural,1982,4955048.0
BFA,Towns,1982,1808912.0
BWA,Cities,1982,0.0
BWA,Rural,1982,401780.0
BWA,Towns,1982,607488.0
CAF,Cities,1982,453415.0
CAF,Rural,1982,1296214.0
CAF,Towns,1982,757747.0
CIV,Cities,1982,2303872.0
CIV,Rural,1982,4191185.9999999995
CIV,Towns,1982,2412878.0
CMR,Cities,1982,3318113.0
CMR,Rural,1982,3005045.0
CMR,Towns,1982,2705520.0
COD,Cities,1982,9707407.0
COD,Rural,1982,11895180.0
COD,Towns,1982,6735603.0
COG,Cities,1982,1408205.0
COG,Rural,1982,286038.0
COG,Towns,1982,216188.0
COM,Cities,1982,121324.0
COM,Rural,1982,117177.0
COM,Towns,1982,118637.0
CPV,Cities,1982,79034.0
CPV,Rural,1982,112900.0
CPV,Towns,1982,140790.0
ERI,Cities,1982,681351.0
ERI,Rural,1982,638188.0
ERI,Towns,1982,375923.0
ETH,Cities,1982,4981762.0
ETH,Rural,1982,19788332.0
ETH,Towns,1982,11931196.0
GAB,Cities,1982,251530.0
GAB,Rural,1982,203871.0
GAB,Towns,1982,333886.0
GHA,Cities,1982,2750331.0
GHA,Rural,1982,5038827.0
GHA,Towns,1982,4854661.0
GIN,Cities,1982,832866.0
GIN,Rural,1982,3211955.0
GIN,Towns,1982,1202851.0
GMB,Cities,1982,152833.0
GMB,Rural,1982,398411.0
GMB,Towns,1982,214509.0
GNB,Cities,1982,129749.0
GNB,Rural,1982,501507.0
GNB,Towns,1982,224635.0
GNQ,Cities,1982,0.0
GNQ,Rural,1982,165994.0
GNQ,Towns,1982,156222.0
KEN,Cities,1982,1454502.0
KEN,Rural,1982,9163086.0
KEN,Towns,1982,6588587.0
LBR,Cities,1982,371319.0
LBR,Rural,1982,1129748.0
LBR,Towns,1982,544006.0
LSO,Cities,1982,104311.0
LSO,Rural,1982,1065862.0
LSO,Towns,1982,320558.0
MDG,Cities,1982,503618.0
MDG,Rural,1982,7342384.0
MDG,Towns,1982,1711668.0
MLI,Cities,1982,627756.0
MLI,Rural,1982,5367608.0
MLI,Towns,1982,1864830.0
MOZ,Cities,1982,1769110.0
MOZ,Rural,1982,6613495.0
MOZ,Towns,1982,3441765.0
MRT,Cities,1982,166279.0
MRT,Rural,1982,1011666.0
MRT,Towns,1982,383231.0
MUS,Cities,1982,457719.0
MUS,Rural,1982,124728.0
MUS,Towns,1982,401163.0
MWI,Cities,1982,149960.0
MWI,Rural,1982,5299911.0
MWI,Towns,1982,1329008.0
NAM,Cities,1982,59320.0
NAM,Rural,1982,753742.0
NAM,Towns,1982,197247.0
NER,Cities,1982,917137.0
NER,Rural,1982,3913222.0
NER,Towns,1982,1682373.0
NGA,Cities,1982,24983014.0
NGA,Rural,1982,21723811.0
NGA,Towns,1982,31671877.0
RWA,Cities,1982,90325.0
RWA,Rural,1982,1799243.0
RWA,Towns,1982,3821980.0
SDN,Cities,1982,7265869.0
SDN,Rural,1982,6391674.0
SDN,Towns,1982,4829103.0
SEN,Cities,1982,2616679.0
SEN,Rural,1982,2159928.0
SEN,Towns,1982,1380353.0
SLE,Cities,1982,782783.0
SLE,Rural,1982,1783406.0
SLE,Towns,1982,841994.0
SOM,Cities,1982,2895921.0
SOM,Rural,1982,1951669.0
SOM,Towns,1982,1156249.0
SSA,Cities,1982,91614250.0
SSA,Rural,1982,191661745.0
SSA,Towns,1982,131125460.0
SSD,Cities,1982,689846.0
SSD,Rural,1982,3272855.0
SSD,Towns,1982,594985.0
STP,Cities,1982,0.0
STP,Rural,1982,22745.0
STP,Towns,1982,79763.0
SWZ,Cities,1982,0.0
SWZ,Rural,1982,513224.00000000006
SWZ,Towns,1982,124428.0
SYC,Cities,1982,0.0
SYC,Rural,1982,17591.0
SYC,Towns,1982,50059.0
TCD,Cities,1982,1054589.0
TCD,Rural,1982,2585276.0
TCD,Towns,1982,1098618.0
TGO,Cities,1982,747884.0
TGO,Rural,1982,1277445.0
TGO,Towns,1982,1089713.0
TZA,Cities,1982,1392984.0
TZA,Rural,1982,14343500.0
TZA,Towns,1982,4662088.0
UGA,Cities,1982,726070.0
UGA,Rural,1982,9650353.0
UGA,Towns,1982,3497208.0
ZAF,Cities,1982,7125832.0
ZAF,Rural,1982,11025891.0
ZAF,Towns,1982,13463616.0
ZMB,Cities,1982,1062804.0
ZMB,Rural,1982,3110888.0
ZMB,Towns,1982,2004945.0
ZWE,Cities,1982,1114149.0
ZWE,Rural,1982,5134027.0
ZWE,Towns,1982,1548320.0
AFE,Cities,1983,48766936.0
AFE,Rural,1983,128492639.0
AFE,Towns,1983,76384768.0
AFW,Cities,1983,47424647.0
AFW,Rural,1983,67435150.0
AFW,Towns,1983,58395360.0
AGO,Cities,1983,3843372.0
AGO,Rural,1983,3176399.0
AGO,Towns,1983,2063210.9999999998
BDI,Cities,1983,258704.0
BDI,Rural,1983,2201087.0
BDI,Towns,1983,2348737.0
BEN,Cities,1983,871111.0
BEN,Rural,1983,1667455.0
BEN,Towns,1983,1740412.0
BFA,Cities,1983,619186.0
BFA,Rural,1983,5047427.0
BFA,Towns,1983,1884516.0
BWA,Cities,1983,0.0
BWA,Rural,1983,408354.0
BWA,Towns,1983,637783.0
CAF,Cities,1983,465663.0
CAF,Rural,1983,1317142.0
CAF,Towns,1983,754595.0
CIV,Cities,1983,2455608.0
CIV,Rural,1983,4337114.0
CIV,Towns,1983,2480022.0
CMR,Cities,1983,3428666.0
CMR,Rural,1983,3060461.0
CMR,Towns,1983,2726270.0
COD,Cities,1983,10081848.0
COD,Rural,1983,12233959.0
COD,Towns,1983,6935156.0
COG,Cities,1983,1431522.0
COG,Rural,1983,286121.0
COG,Towns,1983,232678.0
COM,Cities,1983,137452.0
COM,Rural,1983,117919.0
COM,Towns,1983,111862.0
CPV,Cities,1983,79810.0
CPV,Rural,1983,114056.0
CPV,Towns,1983,143788.0
ERI,Cities,1983,700668.0
ERI,Rural,1983,651444.0
ERI,Towns,1983,384048.0
ETH,Cities,1983,5267547.0
ETH,Rural,1983,20328192.0
ETH,Towns,1983,12145077.0
GAB,Cities,1983,261671.0
GAB,Rural,1983,207926.0
GAB,Towns,1983,341409.0
GHA,Cities,1983,2875656.0
GHA,Rural,1983,5144911.0
GHA,Towns,1983,5009270.0
GIN,Cities,1983,877792.0
GIN,Rural,1983,3273523.0
GIN,Towns,1983,1208498.0
GMB,Cities,1983,164275.0
GMB,Rural,1983,409454.0
GMB,Towns,1983,220796.0
GNB,Cities,1983,135574.0
GNB,Rural,1983,509530.0
GNB,Towns,1983,224488.0
GNQ,Cities,1983,0.0
GNQ,Rural,1983,176393.0
GNQ,Towns,1983,167027.0
KEN,Cities,1983,1552799.0
KEN,Rural,1983,9317445.0
KEN,Towns,1983,6976131.0
LBR,Cities,1983,412978.0
LBR,Rural,1983,1148663.0
LBR,Towns,1983,545473.0
LSO,Cities,1983,117335.0
LSO,Rural,1983,1087682.0
LSO,Towns,1983,329397.0
MDG,Cities,1983,534306.0
MDG,Rural,1983,7522532.0
MDG,Towns,1983,1786206.0
MLI,Cities,1983,671717.0
MLI,Rural,1983,5481612.0
MLI,Towns,1983,1881071.0
MOZ,Cities,1983,1838488.0
MOZ,Rural,1983,6715711.0
MOZ,Towns,1983,3519622.0
MRT,Cities,1983,196586.0
MRT,Rural,1983,1018538.0
MRT,Towns,1983,391622.0
MUS,Cities,1983,463370.0
MUS,Rural,1983,123122.0
MUS,Towns,1983,410873.0
MWI,Cities,1983,196034.0
MWI,Rural,1983,5412188.0
MWI,Towns,1983,1443488.0
NAM,Cities,1983,63082.0
NAM,Rural,1983,769263.0
NAM,Towns,1983,205166.0
NER,Cities,1983,984129.0
NER,Rural,1983,4008291.0
NER,Towns,1983,1716224.0
NGA,Cities,1983,26084431.0
NGA,Rural,1983,22167788.0
NGA,Towns,1983,32186041.0
RWA,Cities,1983,95084.0
RWA,Rural,1983,1784692.0
RWA,Towns,1983,4025536.0
SDN,Cities,1983,7678495.0
SDN,Rural,1983,6491595.0
SDN,Towns,1983,4939680.0
SEN,Cities,1983,2679447.0
SEN,Rural,1983,2223830.0
SEN,Towns,1983,1421226.0
SLE,Cities,1983,809713.0
SLE,Rural,1983,1835420.0
SLE,Towns,1983,836513.0
SOM,Cities,1983,3031292.0
SOM,Rural,1983,1976322.0
SOM,Towns,1983,1190815.0
SSA,Cities,1983,96191583.0
SSA,Rural,1983,195927789.0
SSA,Towns,1983,134780128.0
SSD,Cities,1983,727621.0
SSD,Rural,1983,3314885.0
SSD,Towns,1983,619068.0
STP,Cities,1983,0.0
STP,Rural,1983,22843.0
STP,Towns,1983,81537.0
SWZ,Cities,1983,0.0
SWZ,Rural,1983,525000.0
SWZ,Towns,1983,133957.0
SYC,Cities,1983,0.0
SYC,Rural,1983,17763.0
SYC,Towns,1983,50597.0
TCD,Cities,1983,1135815.0
TCD,Rural,1983,2701440.0
TCD,Towns,1983,1141875.0
TGO,Cities,1983,783297.0
TGO,Rural,1983,1298055.0
TGO,Towns,1983,1141546.0
TZA,Cities,1983,1547979.0
TZA,Rural,1983,14676289.0
TZA,Towns,1983,4855606.0
UGA,Cities,1983,752957.0
UGA,Rural,1983,9803234.0
UGA,Towns,1983,3665691.0
ZAF,Cities,1983,7529047.0
ZAF,Rural,1983,11266120.0
ZAF,Towns,1983,13944137.0
ZMB,Cities,1983,1157719.0
ZMB,Rural,1983,3231001.0
ZMB,Towns,1983,1992318.0
ZWE,Cities,1983,1191737.0
ZWE,Rural,1983,5317598.0
ZWE,Towns,1983,1589069.0
AFE,Cities,1984,51238117.0
AFE,Rural,1984,131280312.0
AFE,Towns,1984,78943156.0
AFW,Cities,1984,49512381.0
AFW,Rural,1984,68879254.0
AFW,Towns,1984,59489108.0
AGO,Cities,1984,4021670.0
AGO,Rural,1984,3260569.0
AGO,Towns,1984,2143679.0
BDI,Cities,1984,270020.0
BDI,Rural,1984,2215476.0
BDI,Towns,1984,2440970.0
BEN,Cities,1984,923663.0
BEN,Rural,1984,1710395.0
BEN,Towns,1984,1771836.0
BFA,Cities,1984,663014.0
BFA,Rural,1984,5146539.0
BFA,Towns,1984,1962703.0
BWA,Cities,1984,0.0
BWA,Rural,1984,415177.0
BWA,Towns,1984,668483.0
CAF,Cities,1984,478131.0
CAF,Rural,1984,1338689.0
CAF,Towns,1984,751790.0
CIV,Cities,1984,2610881.0
CIV,Rural,1984,4489059.0
CIV,Towns,1984,2550577.0
CMR,Cities,1984,3566131.0
CMR,Rural,1984,3140145.0
CMR,Towns,1984,2768802.0
COD,Cities,1984,10484521.0
COD,Rural,1984,12606620.0
COD,Towns,1984,7153940.0
COG,Cities,1984,1461685.0
COG,Rural,1984,287578.0
COG,Towns,1984,250265.0
COM,Cities,1984,153705.0
COM,Rural,1984,118757.0
COM,Towns,1984,105174.0
CPV,Cities,1984,80567.0
CPV,Rural,1984,115186.0
CPV,Towns,1984,146752.0
ERI,Cities,1984,717907.0
ERI,Rural,1984,662781.0
ERI,Towns,1984,391042.0
ETH,Cities,1984,5546608.0
ETH,Rural,1984,20844089.0
ETH,Towns,1984,12345025.0
GAB,Cities,1984,272066.0
GAB,Rural,1984,212179.0
GAB,Towns,1984,349256.0
GHA,Cities,1984,2991106.0
GHA,Rural,1984,5232990.0
GHA,Towns,1984,5146495.0
GIN,Cities,1984,924092.0
GIN,Rural,1984,3340052.0
GIN,Towns,1984,1215951.0
GMB,Cities,1984,176215.0
GMB,Rural,1984,421688.0
GMB,Towns,1984,227727.0
GNB,Cities,1984,141436.0
GNB,Rural,1984,517684.99999999994
GNB,Towns,1984,224397.0
GNQ,Cities,1984,0.0
GNQ,Rural,1984,186928.0
GNQ,Towns,1984,177972.0
KEN,Cities,1984,1653656.0
KEN,Rural,1984,9486190.0
KEN,Towns,1984,7375060.0
LBR,Cities,1984,455509.0
LBR,Rural,1984,1169815.0
LBR,Towns,1984,547988.0
LSO,Cities,1984,130434.0
LSO,Rural,1984,1110126.0
LSO,Towns,1984,338427.0
MDG,Cities,1984,565338.0
MDG,Rural,1984,7707339.0
MDG,Towns,1984,1861873.0
MLI,Cities,1984,715718.0
MLI,Rural,1984,5595604.0
MLI,Towns,1984,1897276.0
MOZ,Cities,1984,1906768.0
MOZ,Rural,1984,6813837.0
MOZ,Towns,1984,3595349.0
MRT,Cities,1984,227084.0
MRT,Rural,1984,1026262.9999999999
MRT,Towns,1984,400346.0
MUS,Cities,1984,469076.0
MUS,Rural,1984,121533.0
MUS,Towns,1984,420628.0
MWI,Cities,1984,242413.0
MWI,Rural,1984,5530622.0
MWI,Towns,1984,1559775.0
NAM,Cities,1984,66942.0
NAM,Rural,1984,785684.0
NAM,Towns,1984,213363.0
NER,Cities,1984,1051944.0
NER,Rural,1984,4106578.9999999995
NER,Towns,1984,1751448.0
NGA,Cities,1984,27193484.0
NGA,Rural,1984,22620123.0
NGA,Towns,1984,32712836.0
RWA,Cities,1984,99984.0
RWA,Rural,1984,1772577.0
RWA,Towns,1984,4235066.0
SDN,Cities,1984,8015437.0
SDN,Rural,1984,6528759.0
SDN,Towns,1984,5002333.0
SEN,Cities,1984,2745304.0
SEN,Rural,1984,2290312.0
SEN,Towns,1984,1463748.0
SLE,Cities,1984,837505.0
SLE,Rural,1984,1889374.0
SLE,Towns,1984,831879.0
SOM,Cities,1984,3184811.0
SOM,Rural,1984,2011462.0
SOM,Towns,1984,1232116.0
SSA,Cities,1984,100750498.0
SSA,Rural,1984,200159566.0
SSA,Towns,1984,138432264.0
SSD,Cities,1984,763053.0
SSD,Rural,1984,3346405.0
SSD,Towns,1984,641168.0
STP,Cities,1984,0.0
STP,Rural,1984,22972.0
STP,Towns,1984,83422.0
SWZ,Cities,1984,0.0
SWZ,Rural,1984,537194.0
SWZ,Towns,1984,143588.0
SYC,Cities,1984,0.0
SYC,Rural,1984,17939.0
SYC,Towns,1984,51144.0
TCD,Cities,1984,1177600.0
TCD,Rural,1984,2722640.0
TCD,Towns,1984,1144903.0
TGO,Cities,1984,819246.0
TGO,Rural,1984,1319431.0
TGO,Towns,1984,1194161.0
TZA,Cities,1984,1704593.0
TZA,Rural,1984,15021120.0
TZA,Towns,1984,5053352.0
UGA,Cities,1984,781856.0
UGA,Rural,1984,9981756.0
UGA,Towns,1984,3844066.0
ZAF,Cities,1984,7939376.0
ZAF,Rural,1984,11516178.0
ZAF,Towns,1984,14437234.0
ZMB,Cities,1984,1252202.0
ZMB,Rural,1984,3349652.0
ZMB,Towns,1984,1978636.0
ZWE,Cities,1984,1267747.0
ZWE,Rural,1984,5495498.0
ZWE,Towns,1984,1628243.0
AFE,Cities,1985,53726807.0
AFE,Rural,1985,134176601.0
AFE,Towns,1985,81556113.0
AFW,Cities,1985,51709379.0
AFW,Rural,1985,70407491.0
AFW,Towns,1985,60694168.0
AGO,Cities,1985,4204481.0
AGO,Rural,1985,3348146.0
AGO,Towns,1985,2226493.0
BDI,Cities,1985,280732.0
BDI,Rural,1985,2225484.0
BDI,Towns,1985,2527826.0
BEN,Cities,1985,977390.0
BEN,Rural,1985,1755333.0
BEN,Towns,1985,1805289.0
BFA,Cities,1985,707493.0
BFA,Rural,1985,5249814.0
BFA,Towns,1985,2042627.0
BWA,Cities,1985,0.0
BWA,Rural,1985,422278.0
BWA,Towns,1985,699667.0
CAF,Cities,1985,490815.0
CAF,Rural,1985,1360822.0
CAF,Towns,1985,749295.0
CIV,Cities,1985,2769680.0
CIV,Rural,1985,4646574.0
CIV,Towns,1985,2624228.0
CMR,Cities,1985,3713947.0
CMR,Rural,1985,3228735.0
CMR,Towns,1985,2819047.0
COD,Cities,1985,10896455.0
COD,Rural,1985,12989685.0
COD,Towns,1985,7378676.0
COG,Cities,1985,1499529.0
COG,Rural,1985,290508.0
COG,Towns,1985,269274.0
COM,Cities,1985,170114.0
COM,Rural,1985,119688.0
COM,Towns,1985,98550.0
CPV,Cities,1985,81327.0
CPV,Rural,1985,116318.0
CPV,Towns,1985,149720.0
ERI,Cities,1985,735340.0
ERI,Rural,1985,674322.0
ERI,Towns,1985,398154.0
ETH,Cities,1985,5841403.0
ETH,Rural,1985,21420023.0
ETH,Towns,1985,12580710.0
GAB,Cities,1985,282709.0
GAB,Rural,1985,216613.0
GAB,Towns,1985,357405.0
GHA,Cities,1985,3095174.0
GHA,Rural,1985,5301652.0
GHA,Towns,1985,5264404.0
GIN,Cities,1985,972201.0
GIN,Rural,1985,3412641.0
GIN,Towns,1985,1225531.0
GMB,Cities,1985,188654.0
GMB,Rural,1985,434985.0
GMB,Towns,1985,235235.0
GNB,Cities,1985,147342.0
GNB,Rural,1985,525988.0
GNB,Towns,1985,224368.0
GNQ,Cities,1985,0.0
GNQ,Rural,1985,197031.0
GNQ,Towns,1985,188516.0
KEN,Cities,1985,1756341.0
KEN,Rural,1985,9663527.0
KEN,Towns,1985,7781900.0
LBR,Cities,1985,498378.0
LBR,Rural,1985,1191460.0
LBR,Towns,1985,550702.0
LSO,Cities,1985,143618.0
LSO,Rural,1985,1133130.0
LSO,Towns,1985,347631.0
MDG,Cities,1985,596794.0
MDG,Rural,1985,7897463.0
MDG,Towns,1985,1938885.0
MLI,Cities,1985,759018.0
MLI,Rural,1985,5704051.0
MLI,Towns,1985,1911594.0
MOZ,Cities,1985,1973608.0
MOZ,Rural,1985,6906936.0
MOZ,Towns,1985,3668404.0
MRT,Cities,1985,257845.00000000003
MRT,Rural,1985,1034843.0000000001
MRT,Towns,1985,409418.0
MUS,Cities,1985,474761.0
MUS,Rural,1985,119941.0
MUS,Towns,1985,430361.0
MWI,Cities,1985,289151.0
MWI,Rural,1985,5653677.0
MWI,Towns,1985,1677680.0
NAM,Cities,1985,70981.0
NAM,Rural,1985,803832.0
NAM,Towns,1985,222077.0
NER,Cities,1985,1120943.0
NER,Rural,1985,4209067.0
NER,Towns,1985,1788447.0
NGA,Cities,1985,28395937.0
NGA,Rural,1985,23150112.0
NGA,Towns,1985,33351924.0
RWA,Cities,1985,105010.0
RWA,Rural,1985,1762261.0
RWA,Towns,1985,4449957.0
SDN,Cities,1985,8317803.0
SDN,Rural,1985,6542015.0
SDN,Towns,1985,5046055.0
SEN,Cities,1985,2814959.0
SEN,Rural,1985,2360005.0
SEN,Towns,1985,1508322.0
SLE,Cities,1985,865929.0
SLE,Rural,1985,1944730.0
SLE,Towns,1985,827780.0
SOM,Cities,1985,3356867.0
SOM,Rural,1985,2056395.0
SOM,Towns,1985,1280029.0
SSA,Cities,1985,105436186.0
SSA,Rural,1985,204584092.0
SSA,Towns,1985,142250281.0
SSD,Cities,1985,797506.0
SSD,Rural,1985,3374304.0
SSD,Towns,1985,662486.0
STP,Cities,1985,0.0
STP,Rural,1985,23155.0
STP,Towns,1985,85503.0
SWZ,Cities,1985,0.0
SWZ,Rural,1985,552194.0
SWZ,Towns,1985,154002.0
SYC,Cities,1985,0.0
SYC,Rural,1985,18119.0
SYC,Towns,1985,51704.0
TCD,Cities,1985,1215300.0
TCD,Rural,1985,2736139.0
TCD,Towns,1985,1144829.0
TGO,Cities,1985,854809.0
TGO,Rural,1985,1340070.0
TGO,Towns,1985,1246213.0
TZA,Cities,1985,1863511.0
TZA,Rural,1985,15381482.0
TZA,Towns,1985,5256699.0
UGA,Cities,1985,812431.0
UGA,Rural,1985,10180305.0
UGA,Towns,1985,4030945.0
ZAF,Cities,1985,8349125.0
ZAF,Rural,1985,11764410.0
ZAF,Towns,1985,14928557.0
ZMB,Cities,1985,1346954.0
ZMB,Rural,1985,3468841.0
ZMB,Towns,1985,1965158.0
ZWE,Cities,1985,1343821.0
ZWE,Rural,1985,5674988.0
ZWE,Towns,1985,1668004.0
AFE,Cities,1986,56575862.0
AFE,Rural,1986,136593593.0
AFE,Towns,1986,84467212.0
AFW,Cities,1986,54151822.0
AFW,Rural,1986,71735069.0
AFW,Towns,1986,62002254.0
AGO,Cities,1986,4372029.0
AGO,Rural,1986,3451566.0
AGO,Towns,1986,2315855.0
BDI,Cities,1986,288510.0
BDI,Rural,1986,2237695.0
BDI,Towns,1986,2603209.0
BEN,Cities,1986,1025863.0
BEN,Rural,1986,1781653.0
BEN,Towns,1986,1867904.0
BFA,Cities,1986,739970.0
BFA,Rural,1986,5351325.0
BFA,Towns,1986,2137552.0
BWA,Cities,1986,0.0
BWA,Rural,1986,432978.0
BWA,Towns,1986,727672.0
CAF,Cities,1986,501153.0
CAF,Rural,1986,1374939.0
CAF,Towns,1986,758166.0
CIV,Cities,1986,2925345.0
CIV,Rural,1986,4794829.0
CIV,Towns,1986,2720743.0
CMR,Cities,1986,3858817.0
CMR,Rural,1986,3306879.0
CMR,Towns,1986,2894647.0
COD,Cities,1986,11327131.0
COD,Rural,1986,13297986.0
COD,Towns,1986,7640079.0
COG,Cities,1986,1527836.0
COG,Rural,1986,301584.0
COG,Towns,1986,291182.0
COM,Cities,1986,174879.0
COM,Rural,1986,122234.0
COM,Towns,1986,102205.0
CPV,Cities,1986,81497.0
CPV,Rural,1986,117445.0
CPV,Towns,1986,153370.0
ERI,Cities,1986,747303.0
ERI,Rural,1986,684079.0
ERI,Towns,1986,413781.0
ETH,Cities,1986,6238491.0
ETH,Rural,1986,21906895.0
ETH,Towns,1986,12892269.0
GAB,Cities,1986,293765.0
GAB,Rural,1986,220971.0
GAB,Towns,1986,365970.0
GHA,Cities,1986,3223613.0
GHA,Rural,1986,5358704.0
GHA,Towns,1986,5382899.0
GIN,Cities,1986,1047584.0000000001
GIN,Rural,1986,3481218.0
GIN,Towns,1986,1221867.0
GMB,Cities,1986,205075.0
GMB,Rural,1986,441215.0
GMB,Towns,1986,247730.0
GNB,Cities,1986,154673.0
GNB,Rural,1986,529337.0
GNB,Towns,1986,228117.0
GNQ,Cities,1986,0.0
GNQ,Rural,1986,208209.0
GNQ,Towns,1986,196519.0
KEN,Cities,1986,1915456.0
KEN,Rural,1986,9759356.0
KEN,Towns,1986,8226834.000000001
LBR,Cities,1986,627438.0
LBR,Rural,1986,1160146.0
LBR,Towns,1986,520926.00000000006
LSO,Cities,1986,150448.0
LSO,Rural,1986,1147402.0
LSO,Towns,1986,368287.0
MDG,Cities,1986,646718.0
MDG,Rural,1986,8072825.0
MDG,Towns,1986,2017314.0
MLI,Cities,1986,834717.0
MLI,Rural,1986,5802194.0
MLI,Towns,1986,1894366.0
MOZ,Cities,1986,2067458.9999999998
MOZ,Rural,1986,6989839.0
MOZ,Towns,1986,3713281.0
MRT,Cities,1986,283855.0
MRT,Rural,1986,1045998.0
MRT,Towns,1986,421982.0
MUS,Cities,1986,480796.0
MUS,Rural,1986,120172.0
MUS,Towns,1986,437376.0
MWI,Cities,1986,314690.0
MWI,Rural,1986,5717093.0
MWI,Towns,1986,1874697.0
NAM,Cities,1986,75386.0
NAM,Rural,1986,828203.0
NAM,Towns,1986,227492.0
NER,Cities,1986,1192754.0
NER,Rural,1986,4282742.0
NER,Towns,1986,1860316.0
NGA,Cities,1986,29641949.0
NGA,Rural,1986,23590004.0
NGA,Towns,1986,34004000.0
RWA,Cities,1986,148037.0
RWA,Rural,1986,1736680.0
RWA,Towns,1986,4647164.0
SDN,Cities,1986,8578353.0
SDN,Rural,1986,6576935.0
SDN,Towns,1986,5132950.0
SEN,Cities,1986,2902913.0
SEN,Rural,1986,2429425.0
SEN,Towns,1986,1545855.0
SLE,Cities,1986,888014.0
SLE,Rural,1986,2000410.0
SLE,Towns,1986,839955.0
SOM,Cities,1986,3508062.0
SOM,Rural,1986,2101253.0
SOM,Towns,1986,1365473.0
SSA,Cities,1986,110727684.0
SSA,Rural,1986,208328662.0
SSA,Towns,1986,146469466.0
SSD,Cities,1986,834486.0
SSD,Rural,1986,3411868.0
SSD,Towns,1986,674886.0
STP,Cities,1986,11741.0
STP,Rural,1986,23459.0
STP,Towns,1986,75951.0
SWZ,Cities,1986,0.0
SWZ,Rural,1986,569964.0
SWZ,Towns,1986,164768.0
SYC,Cities,1986,0.0
SYC,Rural,1986,18354.0
SYC,Towns,1986,52210.0
TCD,Cities,1986,1291488.0
TCD,Rural,1986,2794251.0
TCD,Towns,1986,1165331.0
TGO,Cities,1986,903503.0
TGO,Rural,1986,1361591.0
TGO,Towns,1986,1282857.0
TZA,Cities,1986,2034372.0
TZA,Rural,1986,15725125.0
TZA,Towns,1986,5499462.0
UGA,Cities,1986,879455.0
UGA,Rural,1986,10314518.0
UGA,Towns,1986,4273606.0
ZAF,Cities,1986,8831311.0
ZAF,Rural,1986,11931696.0
ZAF,Towns,1986,15417508.0
ZMB,Cities,1986,1466283.0
ZMB,Rural,1986,3591293.0
ZMB,Towns,1986,1928896.0
ZWE,Cities,1986,1484466.0
ZWE,Rural,1986,5824125.0
ZWE,Towns,1986,1673987.0
AFE,Cities,1987,59449483.0
AFE,Rural,1987,139166336.0
AFE,Towns,1987,87469396.0
AFW,Cities,1987,56638091.0
AFW,Rural,1987,73118585.0
AFW,Towns,1987,63347665.0
AGO,Cities,1987,4538724.0
AGO,Rural,1987,3554369.0
AGO,Towns,1987,2404765.0
BDI,Cities,1987,297578.0
BDI,Rural,1987,2259982.0
BDI,Towns,1987,2690226.0
BEN,Cities,1987,1075514.0
BEN,Rural,1987,1810220.0
BEN,Towns,1987,1932752.0
BFA,Cities,1987,772380.0
BFA,Rural,1987,5452449.0
BFA,Towns,1987,2232280.0
BWA,Cities,1987,0.0
BWA,Rural,1987,443597.0
BWA,Towns,1987,755570.0
CAF,Cities,1987,511730.0
CAF,Rural,1987,1389924.0
CAF,Towns,1987,767500.0
CIV,Cities,1987,3083652.0
CIV,Rural,1987,4947891.0
CIV,Towns,1987,2819931.0
CMR,Cities,1987,4008155.0
CMR,Rural,1987,3388936.0
CMR,Towns,1987,2973659.0
COD,Cities,1987,11769190.0
COD,Rural,1987,13620438.0
COD,Towns,1987,7909276.0
COG,Cities,1987,1557313.0
COG,Rural,1987,312880.0
COG,Towns,1987,313279.0
COM,Cities,1987,179713.0
COM,Rural,1987,124828.0
COM,Towns,1987,105898.0
CPV,Cities,1987,81680.0
CPV,Rural,1987,118588.0
CPV,Towns,1987,157034.0
ERI,Cities,1987,761775.0
ERI,Rural,1987,696139.0
ERI,Towns,1987,430755.0
ETH,Cities,1987,6667615.0
ETH,Rural,1987,22516596.0
ETH,Towns,1987,13275829.0
GAB,Cities,1987,305079.0
GAB,Rural,1987,225532.0
GAB,Towns,1987,374868.0
GHA,Cities,1987,3356381.0
GHA,Rural,1987,5423666.0
GHA,Towns,1987,5509061.0
GIN,Cities,1987,1124315.0
GIN,Rural,1987,3555494.0
GIN,Towns,1987,1220388.0
GMB,Cities,1987,221883.0
GMB,Rural,1987,448467.0
GMB,Towns,1987,260740.0
GNB,Cities,1987,162049.0
GNB,Rural,1987,532870.0
GNB,Towns,1987,231943.0
GNQ,Cities,1987,0.0
GNQ,Rural,1987,218677.0
GNQ,Towns,1987,203845.0
KEN,Cities,1987,2075699.0
KEN,Rural,1987,9863073.0
KEN,Towns,1987,8677324.0
LBR,Cities,1987,763803.0
LBR,Rural,1987,1125004.0
LBR,Towns,1987,488422.0
LSO,Cities,1987,156881.0
LSO,Rural,1987,1158529.0
LSO,Towns,1987,387980.0
MDG,Cities,1987,696948.0
MDG,Rural,1987,8253406.000000001
MDG,Towns,1987,2096938.0
MLI,Cities,1987,909652.0
MLI,Rural,1987,5895778.0
MLI,Towns,1987,1875734.0
MOZ,Cities,1987,2134098.0
MOZ,Rural,1987,6979727.0
MOZ,Towns,1987,3708749.0
MRT,Cities,1987,310110.0
MRT,Rural,1987,1058009.0
MRT,Towns,1987,434895.0
MUS,Cities,1987,486594.0
MUS,Rural,1987,120342.0
MUS,Towns,1987,444175.0
MWI,Cities,1987,344073.0
MWI,Rural,1987,5855006.0
MWI,Towns,1987,2094094.9999999998
NAM,Cities,1987,79899.0
NAM,Rural,1987,854511.0
NAM,Towns,1987,233479.0
NER,Cities,1987,1265745.0
NER,Rural,1987,4361248.0
NER,Towns,1987,1934156.0
NGA,Cities,1987,30893021.0
NGA,Rural,1987,24035124.0
NGA,Towns,1987,34663571.0
RWA,Cities,1987,191183.0
RWA,Rural,1987,1711774.0
RWA,Towns,1987,4846535.0
SDN,Cities,1987,8853181.0
SDN,Rural,1987,6623177.0
SDN,Towns,1987,5228546.0
SEN,Cities,1987,2994411.0
SEN,Rural,1987,2501821.0
SEN,Towns,1987,1585297.0
SLE,Cities,1987,912808.0
SLE,Rural,1987,2062143.9999999998
SLE,Towns,1987,854766.0
SOM,Cities,1987,3645714.0
SOM,Rural,1987,2135470.0
SOM,Towns,1987,1447118.0
SSA,Cities,1987,116087574.0
SSA,Rural,1987,212284921.0
SSA,Towns,1987,150817061.0
SSD,Cities,1987,864476.0
SSD,Rural,1987,3416896.0
SSD,Towns,1987,681023.0
STP,Cities,1987,23464.0
STP,Rural,1987,23822.0
STP,Towns,1987,66634.0
SWZ,Cities,1987,0.0
SWZ,Rural,1987,588206.0
SWZ,Towns,1987,175605.0
SYC,Cities,1987,0.0
SYC,Rural,1987,18597.0
SYC,Towns,1987,52741.0
TCD,Cities,1987,1375565.0
TCD,Rural,1987,2869680.0
TCD,Towns,1987,1193064.0
TGO,Cities,1987,952845.0
TGO,Rural,1987,1384183.0
TGO,Towns,1987,1320480.0
TZA,Cities,1987,2206843.0
TZA,Rural,1987,16077736.0
TZA,Towns,1987,5745799.0
UGA,Cities,1987,948678.0
UGA,Rural,1987,10478089.0
UGA,Towns,1987,4527404.0
ZAF,Cities,1987,9315280.0
ZAF,Rural,1987,12101359.0
ZAF,Towns,1987,15909551.0
ZMB,Cities,1987,1585551.0
ZMB,Rural,1987,3713400.0
ZMB,Towns,1987,1892330.0
ZWE,Cities,1987,1626326.0
ZWE,Rural,1987,5977267.0
ZWE,Towns,1987,1681051.0
AFE,Cities,1988,62236818.0
AFE,Rural,1988,141766077.0
AFE,Towns,1988,90519530.0
AFW,Cities,1988,59178608.0
AFW,Rural,1988,74560225.0
AFW,Towns,1988,64746196.0
AGO,Cities,1988,4707574.0
AGO,Rural,1988,3658901.0
AGO,Towns,1988,2494815.0
BDI,Cities,1988,306605.0
BDI,Rural,1988,2281828.0
BDI,Towns,1988,2776892.0
BEN,Cities,1988,1126439.0
BEN,Rural,1988,1840985.0
BEN,Towns,1988,1999915.0
BFA,Cities,1988,804971.0
BFA,Rural,1988,5554932.0
BFA,Towns,1988,2327533.0
BWA,Cities,1988,0.0
BWA,Rural,1988,453395.0
BWA,Towns,1988,782081.0
CAF,Cities,1988,524169.0
CAF,Rural,1988,1410104.0
CAF,Towns,1988,779692.0
CIV,Cities,1988,3245612.0
CIV,Rural,1988,5107023.0
CIV,Towns,1988,2922553.0
CMR,Cities,1988,4158959.0
CMR,Rural,1988,3472243.0
CMR,Towns,1988,3053766.0
COD,Cities,1988,12228870.0
COD,Rural,1988,13963529.0
COD,Towns,1988,8190352.0
COG,Cities,1988,1587733.0
COG,Rural,1988,324363.0
COG,Towns,1988,335557.0
COM,Cities,1988,184602.0
COM,Rural,1988,127461.0
COM,Towns,1988,109624.0
CPV,Cities,1988,81875.0
CPV,Rural,1988,119746.0
CPV,Towns,1988,160709.0
ERI,Cities,1988,778694.0
ERI,Rural,1988,710433.0
ERI,Towns,1988,449127.0
ETH,Cities,1988,7139040.0
ETH,Rural,1988,23268523.0
ETH,Towns,1988,13743263.0
GAB,Cities,1988,316650.0
GAB,Rural,1988,230285.0
GAB,Towns,1988,384085.0
GHA,Cities,1988,3494608.0
GHA,Rural,1988,5497653.0
GHA,Towns,1988,5644307.0
GIN,Cities,1988,1202175.0
GIN,Rural,1988,3633954.0
GIN,Towns,1988,1220445.0
GMB,Cities,1988,239152.0
GMB,Rural,1988,456702.0
GMB,Towns,1988,274306.0
GNB,Cities,1988,169504.0
GNB,Rural,1988,536673.0
GNB,Towns,1988,235884.0
GNQ,Cities,1988,0.0
GNQ,Rural,1988,228799.0
GNQ,Towns,1988,210852.0
KEN,Cities,1988,2238449.0
KEN,Rural,1988,9979283.0
KEN,Towns,1988,9138487.0
LBR,Cities,1988,907707.0
LBR,Rural,1988,1086058.0
LBR,Towns,1988,453177.0
LSO,Cities,1988,163238.0
LSO,Rural,1988,1169117.0
LSO,Towns,1988,407487.0
MDG,Cities,1988,747877.0
MDG,Rural,1988,8442822.0
MDG,Towns,1988,2178762.0
MLI,Cities,1988,984770.0
MLI,Rural,1988,5991379.0
MLI,Towns,1988,1857848.0
MOZ,Cities,1988,2187571.0
MOZ,Rural,1988,6929891.0
MOZ,Towns,1988,3683096.0
MRT,Cities,1988,336690.0
MRT,Rural,1988,1070957.0
MRT,Towns,1988,448212.0
MUS,Cities,1988,492259.0
MUS,Rural,1988,120480.0
MUS,Towns,1988,450853.0
MWI,Cities,1988,376634.0
MWI,Rural,1988,6043392.0
MWI,Towns,1988,2333236.0
NAM,Cities,1988,84708.0
NAM,Rural,1988,884490.0
NAM,Towns,1988,240498.0
NER,Cities,1988,1339916.0
NER,Rural,1988,4443996.0
NER,Towns,1988,2009836.0
NGA,Cities,1988,32168659.0
NGA,Rural,1988,24499923.0
NGA,Towns,1988,35351507.0
RWA,Cities,1988,234424.0
RWA,Rural,1988,1686967.0
RWA,Towns,1988,5046680.0
SDN,Cities,1988,9135244.0
SDN,Rural,1988,6674790.0
SDN,Towns,1988,5328397.0
SEN,Cities,1988,3087917.0
SEN,Rural,1988,2575896.0
SEN,Towns,1988,1625805.0
SLE,Cities,1988,938425.0
SLE,Rural,1988,2125712.0
SLE,Towns,1988,870380.0
SOM,Cities,1988,3659199.0
SOM,Rural,1988,2096304.0
SOM,Towns,1988,1479856.0
SSA,Cities,1988,121415426.0
SSA,Rural,1988,216326302.0
SSA,Towns,1988,155265726.0
SSD,Cities,1988,867215.0
SSD,Rural,1988,3314999.0
SSD,Towns,1988,665814.0
STP,Cities,1988,35246.0
STP,Rural,1988,24237.0
STP,Towns,1988,57456.0
SWZ,Cities,1988,0.0
SWZ,Rural,1988,611773.0
SWZ,Towns,1988,188025.0
SYC,Cities,1988,0.0
SYC,Rural,1988,18866.0
SYC,Towns,1988,53344.0
TCD,Cities,1988,1459797.0
TCD,Rural,1988,2945049.0
TCD,Towns,1988,1220757.0
TGO,Cities,1988,1002880.0
TGO,Rural,1988,1407793.0
TGO,Towns,1988,1359070.0
TZA,Cities,1988,2376633.0
TZA,Rural,1988,16408433.0
TZA,Towns,1988,5984620.0
UGA,Cities,1988,1019640.0
UGA,Rural,1988,10661286.0
UGA,Towns,1988,4789557.0
ZAF,Cities,1988,9801538.0
ZAF,Rural,1988,12273772.0
ZAF,Towns,1988,16405339.0
ZMB,Cities,1988,1703820.0
ZMB,Rural,1988,3833111.0
ZMB,Towns,1988,1854508.0
ZWE,Cities,1988,1767738.0
ZWE,Rural,1988,6127994.0
ZWE,Towns,1988,1687361.0
AFE,Cities,1989,64992617.0
AFE,Rural,1989,144390237.0
AFE,Towns,1989,93584943.0
AFW,Cities,1989,61782996.0
AFW,Rural,1989,76072755.0
AFW,Towns,1989,66206525.0
AGO,Cities,1989,4882426.0
AGO,Rural,1989,3768090.0
AGO,Towns,1989,2588046.0
BDI,Cities,1989,314996.0
BDI,Rural,1989,2298913.0
BDI,Towns,1989,2857797.0
BEN,Cities,1989,1178627.0
BEN,Rural,1989,1873743.0
BEN,Towns,1989,2069288.0
BFA,Cities,1989,837880.0
BFA,Rural,1989,5659593.0
BFA,Towns,1989,2423702.0
BWA,Cities,1989,0.0
BWA,Rural,1989,462646.0
BWA,Towns,1989,807628.0
CAF,Cities,1989,541484.0
CAF,Rural,1989,1443366.0
CAF,Towns,1989,799120.0
CIV,Cities,1989,3413622.0
CIV,Rural,1989,5275572.0
CIV,Towns,1989,3030576.0
CMR,Cities,1989,4311161.0
CMR,Rural,1989,3556697.0
CMR,Towns,1989,3134886.0
COD,Cities,1989,12695820.0
COD,Rural,1989,14314772.0
COD,Towns,1989,8476275.0
COG,Cities,1989,1619359.0
COG,Rural,1989,336096.0
COG,Towns,1989,358103.0
COM,Cities,1989,189564.0
COM,Rural,1989,130145.00000000001
COM,Towns,1989,113394.0
CPV,Cities,1989,82172.0
CPV,Rural,1989,121052.0
CPV,Towns,1989,164580.0
ERI,Cities,1989,795269.0
ERI,Rural,1989,724408.0
ERI,Towns,1989,467340.0
ETH,Cities,1989,7618136.0
ETH,Rural,1989,24039454.0
ETH,Towns,1989,14222100.0
GAB,Cities,1989,328421.0
GAB,Rural,1989,235179.0
GAB,Towns,1989,393539.0
GHA,Cities,1989,3638376.0
GHA,Rural,1989,5580094.0
GHA,Towns,1989,5788342.0
GIN,Cities,1989,1280514.0
GIN,Rural,1989,3714161.0
GIN,Towns,1989,1221138.0
GMB,Cities,1989,256964.99999999997
GMB,Rural,1989,465914.0
GMB,Towns,1989,288479.0
GNB,Cities,1989,177058.0
GNB,Rural,1989,540774.0
GNB,Towns,1989,239959.0
GNQ,Cities,1989,0.0
GNQ,Rural,1989,238933.0
GNQ,Towns,1989,217875.0
KEN,Cities,1989,2403631.0
KEN,Rural,1989,10105500.0
KEN,Towns,1989,9609303.0
LBR,Cities,1989,1059419.0
LBR,Rural,1989,1043287.0
LBR,Towns,1989,415151.0
LSO,Cities,1989,169511.0
LSO,Rural,1989,1179147.0
LSO,Towns,1989,426778.0
MDG,Cities,1989,799713.0
MDG,Rural,1989,8642119.0
MDG,Towns,1989,2263167.0
MLI,Cities,1989,1061334.0
MLI,Rural,1989,6095873.0
MLI,Towns,1989,1842731.0
MOZ,Cities,1989,2262378.0
MOZ,Rural,1989,6949906.0
MOZ,Towns,1989,3694559.0
MRT,Cities,1989,362245.0
MRT,Rural,1989,1080640.0
MRT,Towns,1989,460163.0
MUS,Cities,1989,497882.0
MUS,Rural,1989,120609.0
MUS,Towns,1989,457491.0
MWI,Cities,1989,407769.0
MWI,Rural,1989,6204403.0
MWI,Towns,1989,2564048.0
NAM,Cities,1989,92162.0
NAM,Rural,1989,941841.0
NAM,Towns,1989,254944.0
NER,Cities,1989,1415571.0
NER,Rural,1989,4531502.0
NER,Towns,1989,2087706.9999999998
NGA,Cities,1989,33473428.999999996
NGA,Rural,1989,24986585.0
NGA,Towns,1989,36070999.0
RWA,Cities,1989,277657.0
RWA,Rural,1989,1661566.0
RWA,Towns,1989,5245483.0
SDN,Cities,1989,9420055.0
SDN,Rural,1989,6728203.0
SDN,Towns,1989,5429764.0
SEN,Cities,1989,3183333.0
SEN,Rural,1989,2651561.0
SEN,Towns,1989,1667312.0
SLE,Cities,1989,962780.0
SLE,Rural,1989,2186398.0
SLE,Towns,1989,884859.0
SOM,Cities,1989,3607779.0
SOM,Rural,1989,2021719.0
SOM,Towns,1989,1485319.0
SSA,Cities,1989,126775613.0
SSA,Rural,1989,220462992.0
SSA,Towns,1989,159791468.0
SSD,Cities,1989,865313.0
SSD,Rural,1989,3200138.0
SSD,Towns,1989,647777.0
STP,Cities,1989,47066.0
STP,Rural,1989,24656.0
STP,Towns,1989,48257.0
SWZ,Cities,1989,0.0
SWZ,Rural,1989,636841.0
SWZ,Towns,1989,200959.0
SYC,Cities,1989,0.0
SYC,Rural,1989,19144.0
SYC,Towns,1989,53974.0
TCD,Cities,1989,1545933.0
TCD,Rural,1989,3023812.0
TCD,Towns,1989,1249841.0
TGO,Cities,1989,1053313.0
TGO,Rural,1989,1431923.0
TGO,Towns,1989,1398175.0
TZA,Cities,1989,2539528.0
TZA,Rural,1989,16692854.0
TZA,Towns,1989,6206377.0
UGA,Cities,1989,1092183.0
UGA,Rural,1989,10859567.0
UGA,Towns,1989,5058948.0
ZAF,Cities,1989,10286231.0
ZAF,Rural,1989,12444001.0
ZAF,Towns,1989,16898344.0
ZMB,Cities,1989,1821496.0
ZMB,Rural,1989,3951577.0
ZMB,Towns,1989,1816143.0
ZWE,Cities,1989,1906052.0
ZWE,Rural,1989,6268018.0
ZWE,Towns,1989,1690728.0
AFE,Cities,1990,67868089.0
AFE,Rural,1990,147206521.0
AFE,Towns,1990,96708797.0
AFW,Cities,1990,64302131.0
AFW,Rural,1990,77569829.0
AFW,Towns,1990,67694074.0
AGO,Cities,1990,5061877.0
AGO,Rural,1990,3880767.0
AGO,Towns,1990,2683716.0
BDI,Cities,1990,323904.0
BDI,Rural,1990,2319762.0
BDI,Towns,1990,2943387.0
BEN,Cities,1990,1232137.0
BEN,Rural,1990,1908434.0
BEN,Towns,1990,2140908.0
BFA,Cities,1990,871216.0
BFA,Rural,1990,5767031.0
BFA,Towns,1990,2521109.0
BWA,Cities,1990,0.0
BWA,Rural,1990,472134.0
BWA,Towns,1990,833562.0
CAF,Cities,1990,562356.0
CAF,Rural,1990,1485870.0
CAF,Towns,1990,823684.0
CIV,Cities,1990,3589225.0
CIV,Rural,1990,5455412.0
CIV,Towns,1990,3145141.0
CMR,Cities,1990,4467840.0
CMR,Rural,1990,3644772.0
CMR,Towns,1990,3219209.0
COD,Cities,1990,13196350.0
COD,Rural,1990,14703197.0
COD,Towns,1990,8784517.0
COG,Cities,1990,1651724.0
COG,Rural,1990,347993.0
COG,Towns,1990,380843.0
COM,Cities,1990,194560.0
COM,Rural,1990,132851.0
COM,Towns,1990,117185.0
CPV,Cities,1990,82946.0
CPV,Rural,1990,123063.0
CPV,Towns,1990,169419.0
ERI,Cities,1990,810619.0
ERI,Rural,1990,737265.0
ERI,Towns,1990,484853.0
ETH,Cities,1990,8098962.0
ETH,Rural,1990,24809939.0
ETH,Towns,1990,14700854.0
GAB,Cities,1990,340361.0
GAB,Rural,1990,240187.0
GAB,Towns,1990,403186.0
GHA,Cities,1990,3786648.0
GHA,Rural,1990,5668832.0
GHA,Towns,1990,5939168.0
GIN,Cities,1990,1371436.0
GIN,Rural,1990,3829696.0
GIN,Towns,1990,1233242.0
GMB,Cities,1990,275368.0
GMB,Rural,1990,476049.0
GMB,Towns,1990,303279.0
GNB,Cities,1990,184645.0
GNB,Rural,1990,544954.0
GNB,Towns,1990,244071.0
GNQ,Cities,1990,0.0
GNQ,Rural,1990,249225.0
GNQ,Towns,1990,225049.0
KEN,Cities,1990,2570350.0
KEN,Rural,1990,10236576.0
KEN,Towns,1990,10085726.0
LBR,Cities,1990,1046723.9999999999
LBR,Rural,1990,855618.0
LBR,Towns,1990,321325.0
LSO,Cities,1990,175650.0
LSO,Rural,1990,1188323.0
LSO,Towns,1990,445723.0
MDG,Cities,1990,852675.0
MDG,Rural,1990,8852409.0
MDG,Towns,1990,2350555.0
MLI,Cities,1990,1139575.0
MLI,Rural,1990,6209118.0
MLI,Towns,1990,1830137.0
MOZ,Cities,1990,2351787.0
MOZ,Rural,1990,7013537.0
MOZ,Towns,1990,3729213.0
MRT,Cities,1990,388078.0
MRT,Rural,1990,1091292.0
MRT,Towns,1990,472509.0
MUS,Cities,1990,503806.0
MUS,Rural,1990,120811.0
MUS,Towns,1990,464406.0
MWI,Cities,1990,436566.0
MWI,Rural,1990,6329038.0
MWI,Towns,1990,2780248.0
NAM,Cities,1990,99770.0
NAM,Rural,1990,999974.0
NAM,Towns,1990,269558.0
NER,Cities,1990,1493139.0
NER,Rural,1990,4624630.0
NER,Towns,1990,2168290.0
NGA,Cities,1990,34807125.0
NGA,Rural,1990,25493718.0
NGA,Towns,1990,36820082.0
RWA,Cities,1990,319804.0
RWA,Rural,1990,1630317.0
RWA,Towns,1990,5425187.0
SDN,Cities,1990,9706716.0
SDN,Rural,1990,6782677.0
SDN,Towns,1990,5532088.0
SEN,Cities,1990,3281192.0
SEN,Rural,1990,2729252.0
SEN,Towns,1990,1710079.0
SLE,Cities,1990,1002242.0
SLE,Rural,1990,2281443.0
SLE,Towns,1990,913143.0
SOM,Cities,1990,3600841.0
SOM,Rural,1990,1974010.0
SOM,Towns,1990,1507960.0
SSA,Cities,1990,132170220.0
SSA,Rural,1990,224776350.0
SSA,Towns,1990,164402871.0
SSD,Cities,1990,892302.0
SSD,Rural,1990,3193717.0
SSD,Towns,1990,651614.0
STP,Cities,1990,58900.0
STP,Rural,1990,25066.0
STP,Towns,1990,39014.0
SWZ,Cities,1990,0.0
SWZ,Rural,1990,659316.0
SWZ,Towns,1990,213112.0
SYC,Cities,1990,0.0
SYC,Rural,1990,19411.0
SYC,Towns,1990,54572.0
TCD,Cities,1990,1623921.0
TCD,Rural,1990,3086595.0
TCD,Towns,1990,1272318.0
TGO,Cities,1990,1104233.0
TGO,Rural,1990,1456645.0
TGO,Towns,1990,1437883.0
TZA,Cities,1990,2702261.0
TZA,Rural,1990,16979475.0
TZA,Towns,1990,6428471.0
UGA,Cities,1990,1166130.0
UGA,Rural,1990,11069247.0
UGA,Towns,1990,5334520.0
ZAF,Cities,1990,10762998.0
ZAF,Rural,1990,12604814.0
ZAF,Towns,1990,17378455.0
ZMB,Cities,1990,1938905.0
ZMB,Rural,1990,4069599.0
ZMB,Towns,1990,1777665.0
ZWE,Cities,1990,2042356.0
ZWE,Rural,1990,6402289.0
ZWE,Towns,1990,1692636.0
AFE,Cities,1991,71140760.0
AFE,Rural,1991,149830290.0
AFE,Towns,1991,99509061.0
AFW,Cities,1991,67406533.0
AFW,Rural,1991,78691657.0
AFW,Towns,1991,69080522.0
AGO,Cities,1991,5274816.0
AGO,Rural,1991,3983645.0
AGO,Towns,1991,2765067.0
BDI,Cities,1991,357315.0
BDI,Rural,1991,2341713.0
BDI,Towns,1991,3004830.0
BEN,Cities,1991,1292944.0
BEN,Rural,1991,1944886.0
BEN,Towns,1991,2209102.0
BFA,Cities,1991,954023.0
BFA,Rural,1991,5828011.0
BFA,Towns,1991,2612598.0
BWA,Cities,1991,10937.0
BWA,Rural,1991,478651.0
BWA,Towns,1991,852168.0
CAF,Cities,1991,586773.0
CAF,Rural,1991,1519548.0
CAF,Towns,1991,856872.0
CIV,Cities,1991,3826869.0
CIV,Rural,1991,5604581.0
CIV,Towns,1991,3252420.0
CMR,Cities,1991,4722712.0
CMR,Rural,1991,3705923.0
CMR,Towns,1991,3238545.0
COD,Cities,1991,13884793.0
COD,Rural,1991,14944265.0
COD,Towns,1991,9096759.0
COG,Cities,1991,1685589.0
COG,Rural,1991,360023.0
COG,Towns,1991,403618.0
COM,Cities,1991,199489.0
COM,Rural,1991,133145.0
COM,Towns,1991,122922.0
CPV,Cities,1991,86140.0
CPV,Rural,1991,123645.0
CPV,Towns,1991,174802.0
ERI,Cities,1991,758729.0
ERI,Rural,1991,700470.0
ERI,Towns,1991,460371.0
ETH,Cities,1991,8672448.0
ETH,Rural,1991,25598247.0
ETH,Towns,1991,15446503.0
GAB,Cities,1991,362413.0
GAB,Rural,1991,243946.0
GAB,Towns,1991,404459.0
GHA,Cities,1991,4071553.0
GHA,Rural,1991,5685453.0
GHA,Towns,1991,6030490.0
GIN,Cities,1991,1477834.0
GIN,Rural,1991,3949278.0
GIN,Towns,1991,1270054.0
GMB,Cities,1991,292083.0
GMB,Rural,1991,485960.0
GMB,Towns,1991,321916.0
GNB,Cities,1991,191741.0
GNB,Rural,1991,551928.0
GNB,Towns,1991,250970.0
GNQ,Cities,1991,28347.0
GNQ,Rural,1991,256048.99999999997
GNQ,Towns,1991,207821.0
KEN,Cities,1991,2751583.0
KEN,Rural,1991,10404753.0
KEN,Towns,1991,10490178.0
LBR,Cities,1991,826308.0
LBR,Rural,1991,812741.0
LBR,Towns,1991,317469.0
LSO,Cities,1991,181445.0
LSO,Rural,1991,1203193.0
LSO,Towns,1991,457741.0
MDG,Cities,1991,891620.0
MDG,Rural,1991,9057082.0
MDG,Towns,1991,2472710.0
MLI,Cities,1991,1189223.0
MLI,Rural,1991,6286470.0
MLI,Towns,1991,1887194.0
MOZ,Cities,1991,2529781.0
MOZ,Rural,1991,7071857.0
MOZ,Towns,1991,3750451.0
MRT,Cities,1991,406377.0
MRT,Rural,1991,1113560.0
MRT,Towns,1991,489801.0
MUS,Cities,1991,507980.0
MUS,Rural,1991,120709.0
MUS,Towns,1991,474352.0
MWI,Cities,1991,480398.0
MWI,Rural,1991,6477029.0
MWI,Towns,1991,2886799.0
NAM,Cities,1991,106198.0
NAM,Rural,1991,1026797.0
NAM,Towns,1991,282689.0
NER,Cities,1991,1587647.0
NER,Rural,1991,4712004.0
NER,Towns,1991,2247250.0
NGA,Cities,1991,36520861.0
NGA,Rural,1991,25783525.0
NGA,Towns,1991,37415775.0
RWA,Cities,1991,342070.0
RWA,Rural,1991,1816422.0
RWA,Towns,1991,5368474.0
SDN,Cities,1991,10019298.0
SDN,Rural,1991,6807791.0
SDN,Towns,1991,5643587.0
SEN,Cities,1991,3394041.0
SEN,Rural,1991,2780566.0
SEN,Towns,1991,1768478.0
SLE,Cities,1991,1035539.0
SLE,Rural,1991,2298509.0
SLE,Towns,1991,912219.0
SOM,Cities,1991,3497677.0
SOM,Rural,1991,1850564.0
SOM,Towns,1991,1465519.0
SSA,Cities,1991,138547293.0
SSA,Rural,1991,228521947.0
SSA,Towns,1991,168589583.0
SSD,Cities,1991,918373.0
SSD,Rural,1991,3227206.0
SSD,Towns,1991,691098.0
STP,Cities,1991,60589.0
STP,Rural,1991,25486.0
STP,Towns,1991,39621.0
SWZ,Cities,1991,15352.0
SWZ,Rural,1991,677997.0
SWZ,Towns,1991,214840.0
SYC,Cities,1991,0.0
SYC,Rural,1991,19760.0
SYC,Towns,1991,55057.0
TCD,Cities,1991,1697275.0
TCD,Rural,1991,3171732.0
TCD,Towns,1991,1336669.0
TGO,Cities,1991,1170241.0
TGO,Rural,1991,1473319.0
TGO,Towns,1991,1472000.0
TZA,Cities,1991,2876876.0
TZA,Rural,1991,17176505.0
TZA,Towns,1991,6727055.0
UGA,Cities,1991,1291200.0
UGA,Rural,1991,11249983.0
UGA,Towns,1991,5614719.0
ZAF,Cities,1991,11344646.0
ZAF,Rural,1991,12715479.0
ZAF,Towns,1991,17627773.0
ZMB,Cities,1991,2026344.0
ZMB,Rural,1991,4169049.0
ZMB,Towns,1991,1786257.0
ZWE,Cities,1991,2140803.0
ZWE,Rural,1991,6552492.0
ZWE,Towns,1991,1711521.0
AFE,Cities,1992,74366422.0
AFE,Rural,1992,152502683.0
AFE,Towns,1992,102251684.0
AFW,Cities,1992,70690219.0
AFW,Rural,1992,79955159.0
AFW,Towns,1992,70545996.0
AGO,Cities,1992,5488979.0
AGO,Rural,1992,4087596.0
AGO,Towns,1992,2847137.0
BDI,Cities,1992,393450.0
BDI,Rural,1992,2378801.0
BDI,Towns,1992,3086155.0
BEN,Cities,1992,1354888.0
BEN,Rural,1992,1983454.0
BEN,Towns,1992,2279502.0
BFA,Cities,1992,1036637.0
BFA,Rural,1992,5888785.0
BFA,Towns,1992,2703854.0
BWA,Cities,1992,21869.0
BWA,Rural,1992,485972.0
BWA,Towns,1992,872191.0
CAF,Cities,1992,612045.0
CAF,Rural,1992,1555474.0
CAF,Towns,1992,891311.0
CIV,Cities,1992,4070882.0
CIV,Rural,1992,5763915.0
CIV,Towns,1992,3365512.0
CMR,Cities,1992,4978969.0
CMR,Rural,1992,3768346.0
CMR,Towns,1992,3259040.0
COD,Cities,1992,14592430.0
COD,Rural,1992,15212967.0
COD,Towns,1992,9423513.0
COG,Cities,1992,1720577.0
COG,Rural,1992,372277.0
COG,Towns,1992,426611.0
COM,Cities,1992,203803.0
COM,Rural,1992,133016.0
COM,Towns,1992,128293.0
CPV,Cities,1992,89262.0
CPV,Rural,1992,124115.0
CPV,Towns,1992,180038.0
ERI,Cities,1992,704629.0
ERI,Rural,1992,660369.0
ERI,Towns,1992,433750.0
ETH,Cities,1992,9252101.0
ETH,Rural,1992,26399971.0
ETH,Towns,1992,16201675.0
GAB,Cities,1992,384623.0
GAB,Rural,1992,247823.0
GAB,Towns,1992,405934.0
GHA,Cities,1992,4357490.0
GHA,Rural,1992,5703789.0
GHA,Towns,1992,6123577.0
GIN,Cities,1992,1574399.0
GIN,Rural,1992,4041808.0
GIN,Towns,1992,1298159.0
GMB,Cities,1992,308923.0
GMB,Rural,1992,495967.0
GMB,Towns,1992,340691.0
GNB,Cities,1992,200500.0
GNB,Rural,1992,563791.0
GNB,Towns,1992,260064.00000000003
GNQ,Cities,1992,56606.0
GNQ,Rural,1992,263202.0
GNQ,Towns,1992,190962.0
KEN,Cities,1992,2930756.0
KEN,Rural,1992,10565006.0
KEN,Towns,1992,10886699.0
LBR,Cities,1992,774008.0
LBR,Rural,1992,925001.0
LBR,Towns,1992,373453.0
LSO,Cities,1992,187073.0
LSO,Rural,1992,1216871.0
LSO,Towns,1992,469330.0
MDG,Cities,1992,931495.0
MDG,Rural,1992,9271989.0
MDG,Towns,1992,2597385.0
MLI,Cities,1992,1239633.0
MLI,Rural,1992,6368384.0
MLI,Towns,1992,1945523.0
MOZ,Cities,1992,2702778.0
MOZ,Rural,1992,7135565.0
MOZ,Towns,1992,3774973.0
MRT,Cities,1992,428805.0
MRT,Rural,1992,1147244.0
MRT,Towns,1992,512086.0
MUS,Cities,1992,512436.00000000006
MUS,Rural,1992,120673.0
MUS,Towns,1992,484561.0
MWI,Cities,1992,524901.0
MWI,Rural,1992,6618357.0
MWI,Towns,1992,2991821.0
NAM,Cities,1992,112569.0
NAM,Rural,1992,1053085.0
NAM,Towns,1992,295668.0
NER,Cities,1992,1683785.0
NER,Rural,1992,4805085.0
NER,Towns,1992,2328764.0
NGA,Cities,1992,38252454.0
NGA,Rural,1992,26087980.0
NGA,Towns,1992,38032335.0
RWA,Cities,1992,366817.0
RWA,Rural,1992,2025720.0
RWA,Towns,1992,5290729.0
SDN,Cities,1992,10334467.0
SDN,Rural,1992,6835914.0
SDN,Towns,1992,5756974.0
SEN,Cities,1992,3508058.0
SEN,Rural,1992,2832852.0
SEN,Towns,1992,1827485.0
SLE,Cities,1992,1037175.0
SLE,Rural,1992,2245617.0
SLE,Towns,1992,883574.0
SOM,Cities,1992,3365789.0
SOM,Rural,1992,1718348.0
SOM,Towns,1992,1410970.0
SSA,Cities,1992,145056641.0
SSA,Rural,1992,232457842.0
SSA,Towns,1992,172797680.0
SSD,Cities,1992,939479.0
SSD,Rural,1992,3243520.0
SSD,Towns,1992,726751.0
STP,Cities,1992,62134.0
STP,Rural,1992,25844.0
STP,Towns,1992,40132.0
SWZ,Cities,1992,31209.0
SWZ,Rural,1992,696001.0
SWZ,Towns,1992,216207.0
SYC,Cities,1992,0.0
SYC,Rural,1992,20099.0
SYC,Towns,1992,55518.0
TCD,Cities,1992,1783342.0
TCD,Rural,1992,3280230.0
TCD,Towns,1992,1411083.0
TGO,Cities,1992,1237158.0
TGO,Rural,1992,1490020.0
TGO,Towns,1992,1506438.0
TZA,Cities,1992,3050900.0
TZA,Rural,1992,17381005.0
TZA,Towns,1992,7025683.0
UGA,Cities,1992,1419234.0
UGA,Rural,1992,11457666.0
UGA,Towns,1992,5908132.0
ZAF,Cities,1992,11877050.0
ZAF,Rural,1992,12768656.0
ZAF,Towns,1992,17797802.0
ZMB,Cities,1992,2113625.0
ZMB,Rural,1992,4268266.0
ZMB,Towns,1992,1794789.0
ZWE,Cities,1992,2246449.0
ZWE,Rural,1992,6721406.0
ZWE,Towns,1992,1734846.0
AFE,Cities,1993,77975741.0
AFE,Rural,1993,155310305.0
AFE,Towns,1993,105077133.0
AFW,Cities,1993,73971635.0
AFW,Rural,1993,81234592.0
AFW,Towns,1993,72040554.0
AGO,Cities,1993,5704502.0
AGO,Rural,1993,4192665.0
AGO,Towns,1993,2929967.0
BDI,Cities,1993,406053.0
BDI,Rural,1993,2280366.0
BDI,Towns,1993,2990424.0
BEN,Cities,1993,1437254.0
BEN,Rural,1993,2051476.9999999998
BEN,Towns,1993,2383975.0
BFA,Cities,1993,1120013.0
BFA,Rural,1993,5954436.0
BFA,Towns,1993,2797264.0
BWA,Cities,1993,32839.0
BWA,Rural,1993,493924.0
BWA,Towns,1993,893352.0
CAF,Cities,1993,638001.0
CAF,Rural,1993,1593096.0
CAF,Towns,1993,926742.0
CIV,Cities,1993,4320749.0
CIV,Rural,1993,5931687.0
CIV,Towns,1993,3483515.0
CMR,Cities,1993,5238339.0
CMR,Rural,1993,3833170.0
CMR,Towns,1993,3281622.0
COD,Cities,1993,15344445.0
COD,Rural,1993,15531872.0
COD,Towns,1993,9780018.0
COG,Cities,1993,1759276.0
COG,Rural,1993,385331.0
COG,Towns,1993,450517.0
COM,Cities,1993,207686.0
COM,Rural,1993,132607.0
COM,Towns,1993,133389.0
CPV,Cities,1993,92323.0
CPV,Rural,1993,124496.0
CPV,Towns,1993,185147.0
ERI,Cities,1993,720502.0
ERI,Rural,1993,685511.0
ERI,Towns,1993,449992.0
ETH,Cities,1993,9781584.0
ETH,Rural,1993,27058367.0
ETH,Towns,1993,16868941.0
GAB,Cities,1993,407003.0
GAB,Rural,1993,251811.0
GAB,Towns,1993,407591.0
GHA,Cities,1993,4645402.0
GHA,Rural,1993,5724693.0
GHA,Towns,1993,6219424.0
GIN,Cities,1993,1670066.0
GIN,Rural,1993,4132450.0
GIN,Towns,1993,1325662.0
GMB,Cities,1993,325014.0
GMB,Rural,1993,504710.0
GMB,Towns,1993,358641.0
GNB,Cities,1993,210191.0
GNB,Rural,1993,578200.0
GNB,Towns,1993,270354.0
GNQ,Cities,1993,84900.0
GNQ,Rural,1993,270719.0
GNQ,Towns,1993,174404.0
KEN,Cities,1993,3109732.0
KEN,Rural,1993,10724817.0
KEN,Towns,1993,11282639.0
LBR,Cities,1993,698527.0
LBR,Rural,1993,1029212.0
LBR,Towns,1993,427387.0
LSO,Cities,1993,192468.0
LSO,Rural,1993,1228997.0
LSO,Towns,1993,480328.0
MDG,Cities,1993,972590.0
MDG,Rural,1993,9499315.0
MDG,Towns,1993,2725441.0
MLI,Cities,1993,1291391.0
MLI,Rural,1993,6457407.0
MLI,Towns,1993,2005988.0
MOZ,Cities,1993,2907325.0
MOZ,Rural,1993,7293994.0
MOZ,Towns,1993,3849874.0
MRT,Cities,1993,452897.0
MRT,Rural,1993,1185117.0
MRT,Towns,1993,536314.0
MUS,Cities,1993,516932.0
MUS,Rural,1993,120646.0
MUS,Towns,1993,494815.0
MWI,Cities,1993,562621.0
MWI,Rural,1993,6666084.0
MWI,Towns,1993,3055320.0
NAM,Cities,1993,119072.0
NAM,Rural,1993,1080627.0
NAM,Towns,1993,308998.0
NER,Cities,1993,1782218.0
NER,Rural,1993,4905030.0
NER,Towns,1993,2413541.0
NGA,Cities,1993,40019685.0
NGA,Rural,1993,26417322.0
NGA,Towns,1993,38685062.0
RWA,Cities,1993,401328.0
RWA,Rural,1993,2301571.0
RWA,Towns,1993,5278233.0
SDN,Cities,1993,10677003.0
SDN,Rural,1993,6882766.0
SDN,Towns,1993,5885823.0
SEN,Cities,1993,3623189.0
SEN,Rural,1993,2886026.0
SEN,Towns,1993,1887073.0
SLE,Cities,1993,1055987.0
SLE,Rural,1993,2231003.0
SLE,Towns,1993,870141.0
SOM,Cities,1993,3494554.0
SOM,Rural,1993,1721179.0
SOM,Towns,1993,1465666.0
SSA,Cities,1993,151947376.0
SSA,Rural,1993,236544897.0
SSA,Towns,1993,177117687.0
SSD,Cities,1993,955345.0
SSD,Rural,1993,3242597.0
SSD,Towns,1993,758059.0
STP,Cities,1993,63651.0
STP,Rural,1993,26191.0
STP,Towns,1993,40625.0
SWZ,Cities,1993,47183.0
SWZ,Rural,1993,708404.0
SWZ,Towns,1993,215731.0
SYC,Cities,1993,0.0
SYC,Rural,1993,20437.0
SYC,Towns,1993,55972.0
TCD,Cities,1993,1837841.0
TCD,Rural,1993,3330804.0
TCD,Towns,1993,1460500.0
TGO,Cities,1993,1261369.0
TGO,Rural,1993,1456395.0
TGO,Towns,1993,1489690.0
TZA,Cities,1993,3246415.0
TZA,Rural,1993,17711954.0
TZA,Towns,1993,7374323.0
UGA,Cities,1993,1549831.0
UGA,Rural,1993,11683773.0
UGA,Towns,1993,6211558.0
ZAF,Cities,1993,12437516.0
ZAF,Rural,1993,12850987.0
ZAF,Towns,1993,18008653.0
ZMB,Cities,1993,2201446.0
ZMB,Rural,1993,4368640.0
ZMB,Towns,1993,1803836.0
ZWE,Cities,1993,2323118.0
ZWE,Rural,1993,6802014.0
ZWE,Towns,1993,1735156.0
AFE,Cities,1994,81938754.0
AFE,Rural,1994,158236900.0
AFE,Towns,1994,107302917.0
AFW,Cities,1994,77266530.0
AFW,Rural,1994,82532311.0
AFW,Towns,1994,73561267.0
AGO,Cities,1994,5928563.0
AGO,Rural,1994,4304016.0
AGO,Towns,1994,3017185.0
BDI,Cities,1994,432858.0
BDI,Rural,1994,2271160.0
BDI,Towns,1994,3009836.0
BEN,Cities,1994,1512363.0
BEN,Rural,1994,2108288.0
BEN,Towns,1994,2475856.0
BFA,Cities,1994,1204509.0
BFA,Rural,1994,6025870.0
BFA,Towns,1994,2893419.0
BWA,Cities,1994,43825.0
BWA,Rural,1994,501803.0
BWA,Towns,1994,914394.0
CAF,Cities,1994,664196.0
CAF,Rural,1994,1631243.0
CAF,Towns,1994,962515.0
CIV,Cities,1994,4575670.0
CIV,Rural,1994,6106088.0
CIV,Towns,1994,3605444.0
CMR,Cities,1994,5499906.0
CMR,Rural,1994,3899514.0
CMR,Towns,1994,3305483.0
COD,Cities,1994,16303163.0
COD,Rural,1994,16056435.0
COD,Towns,1994,10267278.0
COG,Cities,1994,1799544.0
COG,Rural,1994,398740.0
COG,Towns,1994,474860.0
COM,Cities,1994,211520.0
COM,Rural,1994,132175.0
COM,Towns,1994,138447.0
CPV,Cities,1994,95316.0
CPV,Rural,1994,124789.0
CPV,Towns,1994,190122.0
ERI,Cities,1994,736212.0
ERI,Rural,1994,711156.0
ERI,Towns,1994,466547.0
ETH,Cities,1994,10318909.0
ETH,Rural,1994,27741838.0
ETH,Towns,1994,17550762.0
GAB,Cities,1994,429500.0
GAB,Rural,1994,255867.0
GAB,Towns,1994,409354.0
GHA,Cities,1994,4933109.0
GHA,Rural,1994,5745205.0
GHA,Towns,1994,6314877.0
GIN,Cities,1994,1766347.0
GIN,Rural,1994,4224985.0
GIN,Towns,1994,1353775.0
GMB,Cities,1994,340022.0
GMB,Rural,1994,511807.0
GMB,Towns,1994,375396.0
GNB,Cities,1994,219689.0
GNB,Rural,1994,591968.0
GNB,Towns,1994,280375.0
GNQ,Cities,1994,113366.0
GNQ,Rural,1994,278673.0
GNQ,Towns,1994,158099.0
KEN,Cities,1994,3289323.0
KEN,Rural,1994,10886910.0
KEN,Towns,1994,11680897.0
LBR,Cities,1994,589684.0
LBR,Rural,1994,1094555.0
LBR,Towns,1994,465689.0
LSO,Cities,1994,197595.0
LSO,Rural,1994,1239448.0
LSO,Towns,1994,490664.0
MDG,Cities,1994,1015177.0
MDG,Rural,1994,9740980.0
MDG,Towns,1994,2857694.0
MLI,Cities,1994,1344635.0
MLI,Rural,1994,6553657.0
MLI,Towns,1994,2068739.0
MOZ,Cities,1994,3227107.0
MOZ,Rural,1994,7733701.0
MOZ,Towns,1994,4073045.0
MRT,Cities,1994,474733.0
MRT,Rural,1994,1216886.0
MRT,Towns,1994,557836.0
MUS,Cities,1994,521168.0
MUS,Rural,1994,120557.0
MUS,Towns,1994,504823.0
MWI,Cities,1994,585046.0
MWI,Rural,1994,6541081.0
MWI,Towns,1994,3038767.0
NAM,Cities,1994,125598.0
NAM,Rural,1994,1108326.0
NAM,Towns,1994,322381.0
NER,Cities,1994,1883508.0
NER,Rural,1994,5012623.0
NER,Towns,1994,2502127.0
NGA,Cities,1994,41812052.0
NGA,Rural,1994,26762513.0
NGA,Towns,1994,39361149.0
RWA,Cities,1994,360773.0
RWA,Rural,1994,2145682.0
RWA,Towns,1994,4285898.0
SDN,Cities,1994,11056307.0
SDN,Rural,1994,6952860.0
SDN,Towns,1994,6034781.0
SEN,Cities,1994,3738285.0
SEN,Rural,1994,2939151.0
SEN,Towns,1994,1946642.0
SLE,Cities,1994,1081272.0
SLE,Rural,1994,2229886.0
SLE,Towns,1994,861947.0
SOM,Cities,1994,3708722.0
SOM,Rural,1994,1761845.0
SOM,Towns,1994,1556230.0
SSA,Cities,1994,159205284.0
SSA,Rural,1994,240769211.0
SSA,Towns,1994,180864184.0
SSD,Cities,1994,984454.0
SSD,Rural,1994,3286975.0
SSD,Towns,1994,799755.0
STP,Cities,1994,65122.0
STP,Rural,1994,26520.0
STP,Towns,1994,41090.0
SWZ,Cities,1994,61607.0
SWZ,Rural,1994,700484.0
SWZ,Towns,1994,209121.0
SYC,Cities,1994,0.0
SYC,Rural,1994,20790.0
SYC,Towns,1994,56472.0
TCD,Cities,1994,1892057.0
TCD,Rural,1994,3381821.0
TCD,Towns,1994,1509572.0
TGO,Cities,1994,1296767.0
TGO,Rural,1994,1438182.0
TGO,Towns,1994,1487991.0
TZA,Cities,1994,3469779.0
TZA,Rural,1994,18187330.0
TZA,Towns,1994,7785247.0
UGA,Cities,1994,1681046.0
UGA,Rural,1994,11911248.0
UGA,Towns,1994,6516506.0
ZAF,Cities,1994,12956110.0
ZAF,Rural,1994,12889645.0
ZAF,Towns,1994,18158384.0
ZMB,Cities,1994,2290610.0
ZMB,Rural,1994,4471678.0
ZMB,Towns,1994,1813982.0
ZWE,Cities,1994,2368160.0
ZWE,Rural,1994,6792257.0
ZWE,Towns,1994,1712731.0
AFE,Cities,1995,85821594.0
AFE,Rural,1995,161140244.0
AFE,Towns,1995,109658719.0
AFW,Cities,1995,80667331.0
AFW,Rural,1995,83963237.0
AFW,Towns,1995,75171309.0
AGO,Cities,1995,6164995.0
AGO,Rural,1995,4424174.0
AGO,Towns,1995,3110609.0
BDI,Cities,1995,484396.0
BDI,Rural,1995,2386507.0
BDI,Towns,1995,3195413.0
BEN,Cities,1995,1564188.0
BEN,Rural,1995,2132837.0
BEN,Towns,1995,2529748.0
BFA,Cities,1995,1290428.0
BFA,Rural,1995,6103564.0
BFA,Towns,1995,2992731.0
BWA,Cities,1995,54789.0
BWA,Rural,1995,509300.0
BWA,Towns,1995,934747.0
CAF,Cities,1995,688349.0
CAF,Rural,1995,1664375.0
CAF,Towns,1995,995328.0
CIV,Cities,1995,4836374.0
CIV,Rural,1995,6287564.0
CIV,Towns,1995,3731625.0
CMR,Cities,1995,5762400.0
CMR,Rural,1995,3966374.0
CMR,Towns,1995,3329742.0
COD,Cities,1995,17202685.0
COD,Rural,1995,16515704.000000002
COD,Towns,1995,10715316.0
COG,Cities,1995,1838634.0
COG,Rural,1995,411900.0
COG,Towns,1995,498928.0
COM,Cities,1995,215346.0
COM,Rural,1995,131748.0
COM,Towns,1995,143492.0
CPV,Cities,1995,98218.0
CPV,Rural,1995,124970.0
CPV,Towns,1995,194916.0
ERI,Cities,1995,771870.0
ERI,Rural,1995,757042.0
ERI,Towns,1995,496355.0
ETH,Cities,1995,10860051.0
ETH,Rural,1995,28437592.0
ETH,Towns,1995,18239691.0
GAB,Cities,1995,452077.0
GAB,Rural,1995,259961.0
GAB,Towns,1995,411175.0
GHA,Cities,1995,5221521.0
GHA,Rural,1995,5766391.0
GHA,Towns,1995,6411105.0
GIN,Cities,1995,1860375.0
GIN,Rural,1995,4312567.0
GIN,Towns,1995,1380307.0
GMB,Cities,1995,354510.0
GMB,Rural,1995,518225.0
GMB,Towns,1995,391576.0
GNB,Cities,1995,228113.0
GNB,Rural,1995,602815.0
GNB,Towns,1995,289021.0
GNQ,Cities,1995,142152.0
GNQ,Rural,1995,287130.0
GNQ,Towns,1995,141982.0
KEN,Cities,1995,3469511.0
KEN,Rural,1995,11050968.0
KEN,Towns,1995,12081272.0
LBR,Cities,1995,485756.0
LBR,Rural,1995,1173466.0
LBR,Towns,1995,509940.0
LSO,Cities,1995,202490.0
LSO,Rural,1995,1248517.0
LSO,Towns,1995,500430.0
MDG,Cities,1995,1059372.0
MDG,Rural,1995,9997377.0
MDG,Towns,1995,2994527.0
MLI,Cities,1995,1398772.0
MLI,Rural,1995,6653787.0
MLI,Towns,1995,2132807.0
MOZ,Cities,1995,3540783.0
MOZ,Rural,1995,8141037.0
MOZ,Towns,1995,4278710.0
MRT,Cities,1995,493900.0
MRT,Rural,1995,1241884.0
MRT,Towns,1995,576234.0
MUS,Cities,1995,525004.0
MUS,Rural,1995,120377.0
MUS,Towns,1995,514438.99999999994
MWI,Cities,1995,612408.0
MWI,Rural,1995,6484995.0
MWI,Towns,1995,3052713.0
NAM,Cities,1995,131983.0
NAM,Rural,1995,1134784.0
NAM,Towns,1995,335403.0
NER,Cities,1995,1988760.0
NER,Rural,1995,5130007.0
NER,Towns,1995,2595762.0
NGA,Cities,1995,43633019.0
NGA,Rural,1995,27124347.0
NGA,Towns,1995,40062063.0
RWA,Cities,1995,319361.0
RWA,Rural,1995,1967315.0
RWA,Towns,1995,3387442.0
SDN,Cities,1995,11450071.0
SDN,Rural,1995,7030852.0
SDN,Towns,1995,6191220.0
SEN,Cities,1995,3851750.0
SEN,Rural,1995,2990990.0
SEN,Towns,1995,2005362.0
SLE,Cities,1995,1104140.0
SLE,Rural,1995,2223412.0
SLE,Towns,1995,851627.0
SOM,Cities,1995,3879366.0
SOM,Rural,1995,1777056.0
SOM,Towns,1995,1628585.0
SSA,Cities,1995,166488925.0
SSA,Rural,1995,245103481.0
SSA,Towns,1995,184830028.0
SSD,Cities,1995,1021326.0
SSD,Rural,1995,3356481.0
SSD,Towns,1995,848028.0
STP,Cities,1995,66543.0
STP,Rural,1995,26828.0
STP,Towns,1995,41524.0
SWZ,Cities,1995,75393.0
SWZ,Rural,1995,692403.0
SWZ,Towns,1995,202638.0
SYC,Cities,1995,0.0
SYC,Rural,1995,21147.0
SYC,Towns,1995,56979.0
TCD,Cities,1995,1988507.0
TCD,Rural,1995,3508203.0
TCD,Towns,1995,1592354.0
TGO,Cities,1995,1385388.0
TGO,Rural,1995,1478468.0
TGO,Towns,1995,1546976.0
TZA,Cities,1995,3674398.0
TZA,Rural,1995,18556072.0
TZA,Towns,1995,8153027.0
UGA,Cities,1995,1803266.0
UGA,Rural,1995,12075629.0
UGA,Towns,1995,6786771.0
ZAF,Cities,1995,13422815.0
ZAF,Rural,1995,12879699.0
ZAF,Towns,1995,18239040.0
ZMB,Cities,1995,2381733.0
ZMB,Rural,1995,4578438.0
ZMB,Towns,1995,1825592.0
ZWE,Cities,1995,2431639.0
ZWE,Rural,1995,6838202.0
ZWE,Towns,1995,1704756.0
AFE,Cities,1996,89727144.0
AFE,Rural,1996,163270894.0
AFE,Towns,1996,113181339.0
AFW,Cities,1996,84221288.0
AFW,Rural,1996,85173743.0
AFW,Towns,1996,77020413.0
AGO,Cities,1996,6469636.0
AGO,Rural,1996,4562217.0
AGO,Towns,1996,3139120.0
BDI,Cities,1996,515152.00000000006
BDI,Rural,1996,2358489.0
BDI,Towns,1996,3196865.0
BEN,Cities,1996,1643299.0
BEN,Rural,1996,2164006.0
BEN,Towns,1996,2584554.0
BFA,Cities,1996,1390675.0
BFA,Rural,1996,6169547.0
BFA,Towns,1996,3095720.0
BWA,Cities,1996,56738.0
BWA,Rural,1996,516019.0
BWA,Towns,1996,963157.0
CAF,Cities,1996,704460.0
CAF,Rural,1996,1696818.0
CAF,Towns,1996,1034685.9999999999
CIV,Cities,1996,5059680.0
CIV,Rural,1996,6445361.0
CIV,Towns,1996,3937270.0
CMR,Cities,1996,6018742.0
CMR,Rural,1996,4024367.0
CMR,Towns,1996,3371648.0
COD,Cities,1996,17787749.0
COD,Rural,1996,16623849.999999998
COD,Towns,1996,10884524.0
COG,Cities,1996,1896017.0
COG,Rural,1996,419928.0
COG,Towns,1996,510839.0
COM,Cities,1996,219167.0
COM,Rural,1996,131834.0
COM,Towns,1996,148105.0
CPV,Cities,1996,111710.0
CPV,Rural,1996,125583.0
CPV,Towns,1996,188288.0
ERI,Cities,1996,806777.0
ERI,Rural,1996,795872.0
ERI,Towns,1996,525816.0
ETH,Cities,1996,11410056.0
ETH,Rural,1996,29034505.0
ETH,Towns,1996,19023074.0
GAB,Cities,1996,461814.0
GAB,Rural,1996,263182.0
GAB,Towns,1996,427019.0
GHA,Cities,1996,5468660.0
GHA,Rural,1996,5792410.0
GHA,Towns,1996,6549111.0
GIN,Cities,1996,1952796.0
GIN,Rural,1996,4398203.0
GIN,Towns,1996,1419037.0
GMB,Cities,1996,382696.0
GMB,Rural,1996,524703.0
GMB,Towns,1996,394011.0
GNB,Cities,1996,237660.0
GNB,Rural,1996,610129.0
GNB,Towns,1996,295746.0
GNQ,Cities,1996,165279.0
GNQ,Rural,1996,284032.0
GNQ,Towns,1996,144182.0
KEN,Cities,1996,3700900.0
KEN,Rural,1996,11136782.0
KEN,Towns,1996,12506529.0
LBR,Cities,1996,561990.0
LBR,Rural,1996,1172587.0
LBR,Towns,1996,497711.0
LSO,Cities,1996,205568.0
LSO,Rural,1996,1254923.0
LSO,Towns,1996,511927.0
MDG,Cities,1996,1152754.0
MDG,Rural,1996,10245377.0
MDG,Towns,1996,3112581.0
MLI,Cities,1996,1484793.0
MLI,Rural,1996,6739446.0
MLI,Towns,1996,2183039.0
MOZ,Cities,1996,3712006.0
MOZ,Rural,1996,8390820.0
MOZ,Towns,1996,4389655.0
MRT,Cities,1996,505643.0
MRT,Rural,1996,1252333.0
MRT,Towns,1996,600212.0
MUS,Cities,1996,529941.0
MUS,Rural,1996,120372.0
MUS,Towns,1996,522070.00000000006
MWI,Cities,1996,665845.0
MWI,Rural,1996,6513835.0
MWI,Towns,1996,3172548.0
NAM,Cities,1996,144085.0
NAM,Rural,1996,1155963.0
NAM,Towns,1996,346055.0
NER,Cities,1996,2100866.0
NER,Rural,1996,5238792.0
NER,Towns,1996,2705194.0
NGA,Cities,1996,45351389.0
NGA,Rural,1996,27458783.0
NGA,Towns,1996,40944606.0
RWA,Cities,1996,409488.0
RWA,Rural,1996,2068387.0000000002
RWA,Towns,1996,4230889.0
SDN,Cities,1996,11834737.0
SDN,Rural,1996,7087242.0
SDN,Towns,1996,6309549.0
SEN,Cities,1996,3975565.0
SEN,Rural,1996,3029118.0
SEN,Towns,1996,2062331.0000000002
SLE,Cities,1996,1122961.0
SLE,Rural,1996,2224642.0
SLE,Towns,1996,851607.0
SOM,Cities,1996,4123435.0000000005
SOM,Rural,1996,1794763.0
SOM,Towns,1996,1636276.0
SSA,Cities,1996,173948432.0
SSA,Rural,1996,248444637.0
SSA,Towns,1996,190201752.0
SSD,Cities,1996,1062779.0
SSD,Rural,1996,3388854.0
SSD,Towns,1996,905292.0
STP,Cities,1996,68943.0
STP,Rural,1996,27100.0
STP,Towns,1996,40919.0
SWZ,Cities,1996,76782.0
SWZ,Rural,1996,702445.0
SWZ,Towns,1996,210615.0
SYC,Cities,1996,0.0
SYC,Rural,1996,21206.0
SYC,Towns,1996,57676.0
TCD,Cities,1996,2133059.0
TCD,Rural,1996,3637304.0
TCD,Towns,1996,1639745.0
TGO,Cities,1996,1491534.0
TGO,Rural,1996,1502469.0
TGO,Towns,1996,1583857.0
TZA,Cities,1996,3894522.0
TZA,Rural,1996,18663923.0
TZA,Towns,1996,8387316.999999999
UGA,Cities,1996,1928007.0
UGA,Rural,1996,12170722.0
UGA,Towns,1996,7132820.0
ZAF,Cities,1996,14009928.0
ZAF,Rural,1996,12875573.0
ZAF,Towns,1996,18237517.0
ZMB,Cities,1996,2443043.0
ZMB,Rural,1996,4687171.0
ZMB,Towns,1996,1873839.0
ZWE,Cities,1996,2499106.0
ZWE,Rural,1996,6942650.0
ZWE,Towns,1996,1716604.0
AFE,Cities,1997,93564506.0
AFE,Rural,1997,165399802.0
AFE,Towns,1997,116720269.0
AFW,Cities,1997,87814454.0
AFW,Rural,1997,86464430.0
AFW,Towns,1997,78928704.0
AGO,Cities,1997,6782379.0
AGO,Rural,1997,4706169.0
AGO,Towns,1997,3171865.0
BDI,Cities,1997,544742.0
BDI,Rural,1997,2329415.0
BDI,Towns,1997,3195884.0
BEN,Cities,1997,1728973.0
BEN,Rural,1997,2204274.0
BEN,Towns,1997,2650119.0
BFA,Cities,1997,1491702.0
BFA,Rural,1997,6241333.0
BFA,Towns,1997,3201188.0
BWA,Cities,1997,58640.0
BWA,Rural,1997,522296.00000000006
BWA,Towns,1997,990755.0
CAF,Cities,1997,722182.0
CAF,Rural,1997,1733157.0
CAF,Towns,1997,1076362.0
CIV,Cities,1997,5289025.0
CIV,Rural,1997,6610422.0
CIV,Towns,1997,4147723.0
CMR,Cities,1997,6276801.0
CMR,Rural,1997,4083713.0
CMR,Towns,1997,3414700.0
COD,Cities,1997,18317915.0
COD,Rural,1997,16688490.000000002
COD,Towns,1997,11023497.0
COG,Cities,1997,1942461.0
COG,Rural,1997,425570.0
COG,Towns,1997,519831.0
COM,Cities,1997,223054.0
COM,Rural,1997,131964.0
COM,Towns,1997,152758.0
CPV,Cities,1997,125151.0
CPV,Rural,1997,126117.0
CPV,Towns,1997,181530.0
ERI,Cities,1997,811464.0
ERI,Rural,1997,804969.0
ERI,Towns,1997,535701.0
ETH,Cities,1997,11961087.0
ETH,Rural,1997,29635106.0
ETH,Towns,1997,19808346.0
GAB,Cities,1997,471804.0
GAB,Rural,1997,266553.0
GAB,Towns,1997,443082.0
GHA,Cities,1997,5720841.0
GHA,Rural,1997,5824482.0
GHA,Towns,1997,6693635.0
GIN,Cities,1997,2031414.0
GIN,Rural,1997,4452320.0
GIN,Towns,1997,1447636.0
GMB,Cities,1997,410971.0
GMB,Rural,1997,531346.0
GMB,Towns,1997,396573.0
GNB,Cities,1997,246879.0
GNB,Rural,1997,616604.0
GNB,Towns,1997,302062.0
GNQ,Cities,1997,188537.0
GNQ,Rural,1997,281653.0
GNQ,Towns,1997,146703.0
KEN,Cities,1997,3933792.0
KEN,Rural,1997,11229638.0
KEN,Towns,1997,12938338.0
LBR,Cities,1997,666365.0
LBR,Rural,1997,1234290.0
LBR,Towns,1997,512332.99999999994
LSO,Cities,1997,208104.0
LSO,Rural,1997,1257921.0
LSO,Towns,1997,522105.0
MDG,Cities,1997,1247602.0
MDG,Rural,1997,10508206.0
MDG,Towns,1997,3235007.0
MLI,Cities,1997,1572835.0
MLI,Rural,1997,6836789.0
MLI,Towns,1997,2236871.0
MOZ,Cities,1997,3866845.0
MOZ,Rural,1997,8602575.0
MOZ,Towns,1997,4480562.0
MRT,Cities,1997,518861.0
MRT,Rural,1997,1266594.0
MRT,Towns,1997,625851.0
MUS,Cities,1997,534584.0
MUS,Rural,1997,120299.0
MUS,Towns,1997,529415.0
MWI,Cities,1997,719569.0
MWI,Rural,1997,6548021.0
MWI,Towns,1997,3294445.0
NAM,Cities,1997,156121.0
NAM,Rural,1997,1176597.0
NAM,Towns,1997,356545.0
NER,Cities,1997,2214611.0
NER,Rural,1997,5352460.0
NER,Towns,1997,2816899.0
NGA,Cities,1997,47094181.0
NGA,Rural,1997,27809756.0
NGA,Towns,1997,41850855.0
RWA,Cities,1997,504631.0
RWA,Rural,1997,2138408.0
RWA,Towns,1997,5112199.0
SDN,Cities,1997,12222968.0
SDN,Rural,1997,7146640.0
SDN,Towns,1997,6430213.0
SEN,Cities,1997,4098277.0
SEN,Rural,1997,3066481.0
SEN,Towns,1997,2118737.0
SLE,Cities,1997,1150929.0
SLE,Rural,1997,2244187.0
SLE,Towns,1997,858600.0
SOM,Cities,1997,4366817.0
SOM,Rural,1997,1813089.0
SOM,Towns,1997,1644620.0
SSA,Cities,1997,181378960.0
SSA,Rural,1997,251864232.0
SSA,Towns,1997,195648973.0
SSD,Cities,1997,1108313.0
SSD,Rural,1997,3434947.0
SSD,Towns,1997,965876.0
STP,Cities,1997,71292.0
STP,Rural,1997,27351.0
STP,Towns,1997,40279.0
SWZ,Cities,1997,77967.0
SWZ,Rural,1997,710602.0
SWZ,Towns,1997,218066.0
SYC,Cities,1997,0.0
SYC,Rural,1997,21268.0
SYC,Towns,1997,58382.0
TCD,Cities,1997,2260196.0
TCD,Rural,1997,3736523.0
TCD,Towns,1997,1673647.0
TGO,Cities,1997,1591458.0
TGO,Rural,1997,1519806.0
TGO,Towns,1997,1613767.0
TZA,Cities,1997,4121799.0
TZA,Rural,1997,18816608.0
TZA,Towns,1997,8639683.0
UGA,Cities,1997,2057592.9999999998
UGA,Rural,1997,12300909.0
UGA,Towns,1997,7497544.0
ZAF,Cities,1997,14586049.0
ZAF,Rural,1997,12860414.0
ZAF,Towns,1997,18220375.0
ZMB,Cities,1997,2508337.0
ZMB,Rural,1997,4803588.0
ZMB,Towns,1997,1925136.0
ZWE,Cities,1997,2572842.0
ZWE,Rural,1997,7064312.0
ZWE,Towns,1997,1732673.0
AFE,Cities,1998,97686573.0
AFE,Rural,1998,167754879.0
AFE,Towns,1998,120100868.0
AFW,Cities,1998,91497316.0
AFW,Rural,1998,87877838.0
AFW,Towns,1998,80922679.0
AGO,Cities,1998,7099481.0
AGO,Rural,1998,4853183.0
AGO,Towns,1998,3206706.0
BDI,Cities,1998,584676.0
BDI,Rural,1998,2345643.0
BDI,Towns,1998,3256788.0
BEN,Cities,1998,1818496.0
BEN,Rural,1998,2249430.0
BEN,Towns,1998,2721564.0
BFA,Cities,1998,1596411.0
BFA,Rural,1998,6329413.0
BFA,Towns,1998,3314839.0
BWA,Cities,1998,60520.0
BWA,Rural,1998,528386.0
BWA,Towns,1998,1017994.0
CAF,Cities,1998,740188.0
CAF,Rural,1998,1770180.0
CAF,Towns,1998,1118458.0
CIV,Cities,1998,5522449.0
CIV,Rural,1998,6779972.0
CIV,Towns,1998,4361527.0
CMR,Cities,1998,6538976.0
CMR,Rural,1998,4145819.0000000005
CMR,Towns,1998,3460064.0
COD,Cities,1998,19058515.0
COD,Rural,1998,16948434.0
COD,Towns,1998,11290651.0
COG,Cities,1998,1990941.0
COG,Rural,1998,431712.0
COG,Towns,1998,529408.0
COM,Cities,1998,227007.0
COM,Rural,1998,132137.0
COM,Towns,1998,157455.0
CPV,Cities,1998,138527.0
CPV,Rural,1998,126584.0
CPV,Towns,1998,174673.0
ERI,Cities,1998,817966.0
ERI,Rural,1998,815788.0
ERI,Towns,1998,546665.0
ETH,Cities,1998,12516281.0
ETH,Rural,1998,30246631.0
ETH,Towns,1998,20600612.0
GAB,Cities,1998,482145.0
GAB,Rural,1998,270124.0
GAB,Towns,1998,459467.0
GHA,Cities,1998,5979293.0
GHA,Rural,1998,5863124.0
GHA,Towns,1998,6845619.0
GIN,Cities,1998,2107103.0
GIN,Rural,1998,4500602.0
GIN,Towns,1998,1474284.0
GMB,Cities,1998,439428.0
GMB,Rural,1998,538237.0
GMB,Towns,1998,399322.0
GNB,Cities,1998,256072.99999999997
GNB,Rural,1998,623044.0
GNB,Towns,1998,308356.0
GNQ,Cities,1998,212045.0
GNQ,Rural,1998,279903.0
GNQ,Towns,1998,149526.0
KEN,Cities,1998,4170404.9999999995
KEN,Rural,1998,11334474.0
KEN,Towns,1998,13383178.0
LBR,Cities,1998,794997.0
LBR,Rural,1998,1333316.0
LBR,Towns,1998,541812.0
LSO,Cities,1998,210036.0
LSO,Rural,1998,1257238.0
LSO,Towns,1998,530774.0
MDG,Cities,1998,1343967.0
MDG,Rural,1998,10783990.0
MDG,Towns,1998,3361407.0
MLI,Cities,1998,1665714.0
MLI,Rural,1998,6956053.0
MLI,Towns,1998,2297806.0
MOZ,Cities,1998,4006323.0
MOZ,Rural,1998,8780345.0
MOZ,Towns,1998,4553796.0
MRT,Cities,1998,534276.0
MRT,Rural,1998,1286246.0
MRT,Towns,1998,654129.0
MUS,Cities,1998,538726.0
MUS,Rural,1998,120114.0
MUS,Towns,1998,536265.0
MWI,Cities,1998,774637.0
MWI,Rural,1998,6595463.0
MWI,Towns,1998,3422775.0
NAM,Cities,1998,168188.0
NAM,Rural,1998,1197454.0
NAM,Towns,1998,367103.0
NER,Cities,1998,2332189.0
NER,Rural,1998,5475684.0
NER,Towns,1998,2933540.0
NGA,Cities,1998,48873310.0
NGA,Rural,1998,28182886.0
NGA,Towns,1998,42790059.0
RWA,Cities,1998,553858.0
RWA,Rural,1998,2002325.0
RWA,Towns,1998,5525499.0
SDN,Cities,1998,12654136.0
SDN,Rural,1998,7231314.0
SDN,Towns,1998,6573550.0
SEN,Cities,1998,4222268.0
SEN,Rural,1998,3104870.0
SEN,Towns,1998,2175814.0
SLE,Cities,1998,1175530.0
SLE,Rural,1998,2257172.0
SLE,Towns,1998,863083.0
SOM,Cities,1998,4643959.0
SOM,Rural,1998,1845605.0
SOM,Towns,1998,1665853.0
SSA,Cities,1998,189183889.0
SSA,Rural,1998,255632717.0
SSA,Towns,1998,201023547.0
SSD,Cities,1998,1145391.0
SSD,Rural,1998,3455798.0
SSD,Towns,1998,1018880.0
STP,Cities,1998,73576.0
STP,Rural,1998,27575.0
STP,Towns,1998,39600.0
SWZ,Cities,1998,78859.0
SWZ,Rural,1998,716089.0
SWZ,Towns,1998,224704.0
SYC,Cities,1998,0.0
SYC,Rural,1998,21413.0
SYC,Towns,1998,59309.0
TCD,Cities,1998,2389480.0
TCD,Rural,1998,3839894.0
TCD,Towns,1998,1709466.0
TGO,Cities,1998,1687477.0
TGO,Rural,1998,1533573.0
TGO,Towns,1998,1639863.0
TZA,Cities,1998,4376200.0
TZA,Rural,1998,19094902.0
TZA,Towns,1998,8949356.0
UGA,Cities,1998,2190363.0
UGA,Rural,1998,12451367.0
UGA,Towns,1998,7874077.0
ZAF,Cities,1998,15166848.0
ZAF,Rural,1998,12848789.0
ZAF,Towns,1998,18208243.0
ZMB,Cities,1998,2576979.0
ZMB,Rural,1998,4926428.0
ZMB,Towns,1998,1979001.0
ZWE,Cities,1998,2649676.0
ZWE,Rural,1998,7193994.0
ZWE,Towns,1998,1750627.0
AFE,Cities,1999,101973529.0
AFE,Rural,1999,170337523.0
AFE,Towns,1999,123472114.0
AFW,Cities,1999,95225346.0
AFW,Rural,1999,89319136.0
AFW,Towns,1999,82961818.0
AGO,Cities,1999,7420815.0
AGO,Rural,1999,5003039.0
AGO,Towns,1999,3243380.0
BDI,Cities,1999,628235.0
BDI,Rural,1999,2373880.0
BDI,Towns,1999,3335041.0
BEN,Cities,1999,1910066.0
BEN,Rural,1999,2296893.0
BEN,Towns,1999,2795859.0
BFA,Cities,1999,1705226.0
BFA,Rural,1999,6432948.0
BFA,Towns,1999,3436754.0
BWA,Cities,1999,62396.0
BWA,Rural,1999,534443.0
BWA,Towns,1999,1045157.9999999999
CAF,Cities,1999,758905.0
CAF,Rural,1999,1808898.0
CAF,Towns,1999,1161647.0
CIV,Cities,1999,5734447.0
CIV,Rural,1999,6923031.0
CIV,Towns,1999,4558457.0
CMR,Cities,1999,6806128.0
CMR,Rural,1999,4211012.0
CMR,Towns,1999,3508000.0
COD,Cities,1999,19941567.0
COD,Rural,1999,17330968.0
COD,Towns,1999,11640436.0
COG,Cities,1999,2050601.9999999998
COG,Rural,1999,440298.0
COG,Towns,1999,541974.0
COM,Cities,1999,231165.0
COM,Rural,1999,132428.0
COM,Towns,1999,162293.0
CPV,Cities,1999,151815.0
CPV,Rural,1999,126980.0
CPV,Towns,1999,167725.0
ERI,Cities,1999,826051.0
ERI,Rural,1999,828129.0
ERI,Towns,1999,558600.0
ETH,Cities,1999,13081822.0
ETH,Rural,1999,30882876.0
ETH,Towns,1999,21409863.0
GAB,Cities,1999,492876.0
GAB,Rural,1999,273912.0
GAB,Towns,1999,476229.0
GHA,Cities,1999,6241934.0
GHA,Rural,1999,5905669.0
GHA,Towns,1999,7002262.0
GIN,Cities,1999,2191191.0
GIN,Rural,1999,4567067.0
GIN,Towns,1999,1506865.0
GMB,Cities,1999,468114.0
GMB,Rural,1999,545397.0
GMB,Towns,1999,402269.0
GNB,Cities,1999,265435.0
GNB,Rural,1999,629911.0
GNB,Towns,1999,314859.0
GNQ,Cities,1999,235893.0
GNQ,Rural,1999,278694.0
GNQ,Towns,1999,152627.0
KEN,Cities,1999,4415635.0
KEN,Rural,1999,11462333.0
KEN,Towns,1999,13855439.0
LBR,Cities,1999,894355.0
LBR,Rural,1999,1378404.0
LBR,Towns,1999,548925.0
LSO,Cities,1999,211468.0
LSO,Rural,1999,1253598.0
LSO,Towns,1999,538169.0
MDG,Cities,1999,1441513.0
MDG,Rural,1999,11068422.0
MDG,Towns,1999,3490571.0
MLI,Cities,1999,1764059.0
MLI,Rural,1999,7097287.0
MLI,Towns,1999,2366068.0
MOZ,Cities,1999,4146376.0
MOZ,Rural,1999,8960017.0
MOZ,Towns,1999,4628112.0
MRT,Cities,1999,550498.0
MRT,Rural,1999,1307765.0
MRT,Towns,1999,683435.0
MUS,Cities,1999,542860.0
MUS,Rural,1999,119927.0
MUS,Towns,1999,543104.0
MWI,Cities,1999,831511.0
MWI,Rural,1999,6657439.0
MWI,Towns,1999,3558854.0
NAM,Cities,1999,180270.0
NAM,Rural,1999,1218407.0
NAM,Towns,1999,377691.0
NER,Cities,1999,2453863.0
NER,Rural,1999,5608267.0
NER,Towns,1999,3055280.0
NGA,Cities,1999,50697483.0
NGA,Rural,1999,28581552.0
NGA,Towns,1999,43768285.0
RWA,Cities,1999,582892.0
RWA,Rural,1999,1820837.0
RWA,Towns,1999,5744183.0
SDN,Cities,1999,13091590.0
SDN,Rural,1999,7319106.0
SDN,Towns,1999,6719916.0
SEN,Cities,1999,4350026.0
SEN,Rural,1999,3146029.0
SEN,Towns,1999,2234832.0
SLE,Cities,1999,1194611.0
SLE,Rural,1999,2259816.0
SLE,Towns,1999,863617.0
SOM,Cities,1999,4924928.0
SOM,Rural,1999,1879160.0
SOM,Towns,1999,1687972.0
SSA,Cities,1999,197198875.0
SSA,Rural,1999,259656659.0
SSA,Towns,1999,206433932.0
SSD,Cities,1999,1190605.0
SSD,Rural,1999,3502100.0
SSD,Towns,1999,1078922.0
STP,Cities,1999,75786.0
STP,Rural,1999,27773.0
STP,Towns,1999,38883.0
SWZ,Cities,1999,79606.0
SWZ,Rural,1999,720267.0
SWZ,Towns,1999,230909.0
SYC,Cities,1999,0.0
SYC,Rural,1999,21616.0
SYC,Towns,1999,60405.0
TCD,Cities,1999,2523292.0
TCD,Rural,1999,3950766.0
TCD,Towns,1999,1748647.0
TGO,Cities,1999,1784527.0
TGO,Rural,1999,1548540.0
TGO,Towns,1999,1667202.0
TZA,Cities,1999,4636466.0
TZA,Rural,1999,19394042.0
TZA,Towns,1999,9269822.0
UGA,Cities,1999,2331307.0
UGA,Rural,1999,12646309.0
UGA,Towns,1999,8279665.000000001
ZAF,Cities,1999,15731172.0
ZAF,Rural,1999,12823051.0
ZAF,Towns,1999,18176112.0
ZMB,Cities,1999,2648953.0
ZMB,Rural,1999,5055626.0
ZMB,Towns,1999,2035426.0
ZWE,Cities,1999,2718540.0
ZWE,Rural,1999,7301730.0
ZWE,Towns,1999,1763188.0
AFE,Cities,2000,106288554.0
AFE,Rural,2000,173028808.0
AFE,Towns,2000,126871238.0
AFW,Cities,2000,99052341.0
AFW,Rural,2000,90837938.0
AFW,Towns,2000,85078166.0
AGO,Cities,2000,7751713.0
AGO,Rural,2000,5159177.0
AGO,Towns,2000,3283978.0
BDI,Cities,2000,670671.0
BDI,Rural,2000,2395194.0
BDI,Towns,2000,3404328.0
BEN,Cities,2000,2003297.0
BEN,Rural,2000,2346039.0
BEN,Towns,2000,2872284.0
BFA,Cities,2000,1816816.0
BFA,Rural,2000,6545065.0
BFA,Towns,2000,3563665.0
BWA,Cities,2000,64283.0
BWA,Rural,2000,540597.0
BWA,Towns,2000,1072503.0
CAF,Cities,2000,778298.0
CAF,Rural,2000,1849208.0
CAF,Towns,2000,1205910.0
CIV,Cities,2000,5923317.0
CIV,Rural,2000,7038860.0
CIV,Towns,2000,4736827.0
CMR,Cities,2000,7076823.0
CMR,Rural,2000,4278211.0
CMR,Towns,2000,3557597.0
COD,Cities,2000,20819801.0
COD,Rural,2000,17702965.0
COD,Towns,2000,11984676.0
COG,Cities,2000,2135790.0
COG,Rural,2000,454311.0
COG,Towns,2000,561245.0
COM,Cities,2000,235721.0
COM,Rural,2000,132943.0
COM,Towns,2000,167415.0
CPV,Cities,2000,165110.0
CPV,Rural,2000,127395.0
CPV,Towns,2000,160812.0
ERI,Cities,2000,834883.0
ERI,Rural,2000,841175.0
ERI,Towns,2000,570973.0
ETH,Cities,2000,13652798.0
ETH,Rural,2000,31530868.0
ETH,Towns,2000,22227828.0
GAB,Cities,2000,504108.0
GAB,Rural,2000,277973.0
GAB,Towns,2000,493490.0
GHA,Cities,2000,6513175.0
GHA,Rural,2000,5955757.0
GHA,Towns,2000,7168155.0
GIN,Cities,2000,2270115.0
GIN,Rural,2000,4622812.0
GIN,Towns,2000,1535905.0
GMB,Cities,2000,496990.0
GMB,Rural,2000,552743.0
GMB,Towns,2000,405350.0
GNB,Cities,2000,275198.0
GNB,Rural,2000,637711.0
GNB,Towns,2000,321831.0
GNQ,Cities,2000,263599.0
GNQ,Rural,2000,281630.0
GNQ,Towns,2000,158051.0
KEN,Cities,2000,4670963.0
KEN,Rural,2000,11613967.0
KEN,Towns,2000,14357960.0
LBR,Cities,2000,978534.0
LBR,Rural,2000,1401940.0
LBR,Towns,2000,547642.0
LSO,Cities,2000,212417.0
LSO,Rural,2000,1247189.0
LSO,Towns,2000,544307.0
MDG,Cities,2000,1539618.0
MDG,Rural,2000,11355915.0
MDG,Towns,2000,3620805.0
MLI,Cities,2000,1866594.0
MLI,Rural,2000,7253274.0
MLI,Towns,2000,2439422.0
MOZ,Cities,2000,4286471.0
MOZ,Rural,2000,9140336.0
MOZ,Towns,2000,4702846.0
MRT,Cities,2000,567750.0
MRT,Rural,2000,1331605.0
MRT,Towns,2000,714087.0
MUS,Cities,2000,546973.0
MUS,Rural,2000,119737.0
MUS,Towns,2000,549918.0
MWI,Cities,2000,889577.0
MWI,Rural,2000,6726894.0
MWI,Towns,2000,3699472.0
NAM,Cities,2000,192212.0
NAM,Rural,2000,1238441.0
NAM,Towns,2000,387993.0
NER,Cities,2000,2579299.0
NER,Rural,2000,5748767.0
NER,Towns,2000,3181564.0
NGA,Cities,2000,52578222.0
NGA,Rural,2000,29010475.0
NGA,Towns,2000,44793797.0
RWA,Cities,2000,609255.0
RWA,Rural,2000,1660764.0
RWA,Towns,2000,5943911.0
SDN,Cities,2000,13536479.0
SDN,Rural,2000,7410462.0
SDN,Towns,2000,6869804.0
SEN,Cities,2000,4482050.0
SEN,Rural,2000,3190180.0
SEN,Towns,2000,2296030.0
SLE,Cities,2000,1236830.0
SLE,Rural,2000,2305997.0
SLE,Towns,2000,880784.0
SOM,Cities,2000,5212352.0
SOM,Rural,2000,1914619.0
SOM,Towns,2000,1711742.0
SSA,Cities,2000,205340895.0
SSA,Rural,2000,263866746.0
SSA,Towns,2000,211949404.0
SSD,Cities,2000,1258544.0
SSD,Rural,2000,3613862.0
SSD,Towns,2000,1159862.0
STP,Cities,2000,77931.0
STP,Rural,2000,27949.0
STP,Towns,2000,38138.0
SWZ,Cities,2000,80315.0
SWZ,Rural,2000,724120.0
SWZ,Towns,2000,236978.0
SYC,Cities,2000,0.0
SYC,Rural,2000,21819.0
SYC,Towns,2000,61499.0
TCD,Cities,2000,2658823.0
TCD,Rural,2000,4064279.0
TCD,Towns,2000,1788991.0
TGO,Cities,2000,1881603.0
TGO,Rural,2000,1563706.0
TGO,Towns,2000,1694727.0
TZA,Cities,2000,4909090.0
TZA,Rural,2000,19737835.0
TZA,Towns,2000,9613212.0
UGA,Cities,2000,2472836.0
UGA,Rural,2000,12840617.0
UGA,Towns,2000,8686697.0
ZAF,Cities,2000,16268602.0
ZAF,Rural,2000,12776561.0
ZAF,Towns,2000,18114557.0
ZMB,Cities,2000,2726382.0
ZMB,Rural,2000,5195201.0
ZMB,Towns,2000,2096049.0
ZWE,Cities,2000,2768667.0
ZWE,Rural,2000,7359601.0
ZWE,Towns,2000,1763787.0
AFE,Cities,2001,110244361.0
AFE,Rural,2001,176301078.0
AFE,Towns,2001,130295348.0
AFW,Cities,2001,103418702.0
AFW,Rural,2001,92447336.0
AFW,Towns,2001,86914677.0
AGO,Cities,2001,8116808.0
AGO,Rural,2001,5316770.0
AGO,Towns,2001,3313630.0
BDI,Cities,2001,710595.0
BDI,Rural,2001,2415286.0
BDI,Towns,2001,3508484.0
BEN,Cities,2001,2122317.0
BEN,Rural,2001,2377387.0
BEN,Towns,2001,2945892.0
BFA,Cities,2001,1979922.0
BFA,Rural,2001,6684015.0
BFA,Towns,2001,3631063.0
BWA,Cities,2001,66111.0
BWA,Rural,2001,550753.0
BWA,Towns,2001,1095390.0
CAF,Cities,2001,806157.0
CAF,Rural,2001,1877071.0
CAF,Towns,2001,1236259.0
CIV,Cities,2001,6115803.0
CIV,Rural,2001,7171941.0
CIV,Towns,2001,4891170.0
CMR,Cities,2001,7339516.0
CMR,Rural,2001,4356103.0
CMR,Towns,2001,3613870.0
COD,Cities,2001,21723848.0
COD,Rural,2001,18057462.0
COD,Towns,2001,12351336.0
COG,Cities,2001,2227518.0
COG,Rural,2001,469389.0
COG,Towns,2001,575631.0
COM,Cities,2001,242583.0
COM,Rural,2001,134197.0
COM,Towns,2001,170439.0
CPV,Cities,2001,168605.0
CPV,Rural,2001,129810.0
CPV,Towns,2001,161877.0
ERI,Cities,2001,861827.0
ERI,Rural,2001,867726.0
ERI,Towns,2001,582525.0
ETH,Cities,2001,13742683.0
ETH,Rural,2001,32624239.0
ETH,Towns,2001,23120840.0
GAB,Cities,2001,555965.0
GAB,Rural,2001,284758.0
GAB,Towns,2001,468866.0
GHA,Cities,2001,6876889.0
GHA,Rural,2001,5997771.0
GHA,Towns,2001,7292409.0
GIN,Cities,2001,2342551.0
GIN,Rural,2001,4639112.0
GIN,Towns,2001,1558298.0
GMB,Cities,2001,521313.99999999994
GMB,Rural,2001,557167.0
GMB,Towns,2001,416530.0
GNB,Cities,2001,286149.0
GNB,Rural,2001,646223.0
GNB,Towns,2001,328901.0
GNQ,Cities,2001,302713.0
GNQ,Rural,2001,291129.0
GNQ,Towns,2001,155994.0
KEN,Cities,2001,4886557.0
KEN,Rural,2001,11798284.0
KEN,Towns,2001,14934329.0
LBR,Cities,2001,1055710.0
LBR,Rural,2001,1400628.0
LBR,Towns,2001,559000.0
LSO,Cities,2001,213361.0
LSO,Rural,2001,1249547.0
LSO,Towns,2001,537945.0
MDG,Cities,2001,1615423.0
MDG,Rural,2001,11629981.0
MDG,Towns,2001,3787534.0
MLI,Cities,2001,1997164.0
MLI,Rural,2001,7399766.0
MLI,Towns,2001,2515228.0
MOZ,Cities,2001,4429816.0
MOZ,Rural,2001,9334663.0
MOZ,Towns,2001,4773250.0
MRT,Cities,2001,607210.0
MRT,Rural,2001,1345288.0
MRT,Towns,2001,726262.0
MUS,Cities,2001,549760.0
MUS,Rural,2001,116878.0
MUS,Towns,2001,559162.0
MWI,Cities,2001,939100.0
MWI,Rural,2001,6754350.0
MWI,Towns,2001,3899608.0
NAM,Cities,2001,200025.0
NAM,Rural,2001,1255465.0
NAM,Towns,2001,401558.0
NER,Cities,2001,2726027.0
NER,Rural,2001,5941803.0
NER,Towns,2001,3252816.0
NGA,Cities,2001,54614128.0
NGA,Rural,2001,29431946.0
NGA,Towns,2001,45816521.0
RWA,Cities,2001,668389.0
RWA,Rural,2001,1643530.0
RWA,Towns,2001,5975175.0
SDN,Cities,2001,13910671.0
SDN,Rural,2001,7512464.0
SDN,Towns,2001,7093635.0
SEN,Cities,2001,4655622.0
SEN,Rural,2001,3256187.0
SEN,Towns,2001,2301132.0
SLE,Cities,2001,1324084.0
SLE,Rural,2001,2412625.0
SLE,Towns,2001,956006.0
SOM,Cities,2001,5467497.0
SOM,Rural,2001,1952112.0
SOM,Towns,2001,1778885.0
SSA,Cities,2001,213663063.0
SSA,Rural,2001,268748414.0
SSA,Towns,2001,217210025.0
SSD,Cities,2001,1351355.0
SSD,Rural,2001,3700651.0
SSD,Towns,2001,1256387.0
STP,Cities,2001,79346.0
STP,Rural,2001,28209.0
STP,Towns,2001,38820.0
SWZ,Cities,2001,81123.0
SWZ,Rural,2001,734458.0
SWZ,Towns,2001,235483.0
SYC,Cities,2001,0.0
SYC,Rural,2001,22196.0
SYC,Towns,2001,62410.0
TCD,Cities,2001,2773858.0
TCD,Rural,2001,4192254.0
TCD,Towns,2001,1838013.0
TGO,Cities,2001,2019480.0
TGO,Rural,2001,1584963.0
TGO,Towns,2001,1672939.0
TZA,Cities,2001,5248956.0
TZA,Rural,2001,20088849.0
TZA,Towns,2001,9860493.0
UGA,Cities,2001,2585333.0
UGA,Rural,2001,13011823.0
UGA,Towns,2001,9148520.0
ZAF,Cities,2001,16878084.0
ZAF,Rural,2001,12754477.0
ZAF,Towns,2001,17934239.0
ZMB,Cities,2001,2898320.0
ZMB,Rural,2001,5309278.0
ZMB,Towns,2001,2117589.0
ZWE,Cities,2001,2776790.0
ZWE,Rural,2001,7437430.0
ZWE,Towns,2001,1757682.0
AFE,Cities,2002,114275943.0
AFE,Rural,2002,179723153.0
AFE,Towns,2002,133852857.0
AFW,Cities,2002,107853864.0
AFW,Rural,2002,94154112.0
AFW,Towns,2002,88833813.0
AGO,Cities,2002,8494956.0
AGO,Rural,2002,5483408.0
AGO,Towns,2002,3349334.0
BDI,Cities,2002,752961.0
BDI,Rural,2002,2445229.0
BDI,Towns,2002,3625942.0
BEN,Cities,2002,2242805.0
BEN,Rural,2002,2410749.0
BEN,Towns,2002,3021871.0
BFA,Cities,2002,2145291.0
BFA,Rural,2002,6832133.0
BFA,Towns,2002,3703472.0
BWA,Cities,2002,67849.0
BWA,Rural,2002,560147.0
BWA,Towns,2002,1116767.0
CAF,Cities,2002,834099.0
CAF,Rural,2002,1905215.0
CAF,Towns,2002,1266763.0
CIV,Cities,2002,6306940.0
CIV,Rural,2002,7303398.0
CIV,Towns,2002,5044433.0
CMR,Cities,2002,7611166.0
CMR,Rural,2002,4439568.0
CMR,Towns,2002,3674794.0
COD,Cities,2002,22624572.0
COD,Rural,2002,18409670.0
COD,Towns,2002,12716282.0
COG,Cities,2002,2289954.0
COG,Rural,2002,478318.0
COG,Towns,2002,582499.0
COM,Cities,2002,249696.0
COM,Rural,2002,135589.0
COM,Towns,2002,173639.0
CPV,Cities,2002,172021.0
CPV,Rural,2002,132164.0
CPV,Towns,2002,162861.0
ERI,Cities,2002,894658.0
ERI,Rural,2002,900210.0
ERI,Towns,2002,598110.0
ETH,Cities,2002,13847414.0
ETH,Rural,2002,33750911.0
ETH,Towns,2002,24037191.0
GAB,Cities,2002,608315.0
GAB,Rural,2002,291877.0
GAB,Towns,2002,444943.0
GHA,Cities,2002,7251343.0
GHA,Rural,2002,6049584.0
GHA,Towns,2002,7428461.0
GIN,Cities,2002,2420899.0
GIN,Rural,2002,4668303.0
GIN,Towns,2002,1584863.0
GMB,Cities,2002,545871.0
GMB,Rural,2002,561900.0
GMB,Towns,2002,427919.0
GNB,Cities,2002,297424.0
GNB,Rural,2002,655521.0
GNB,Towns,2002,336362.0
GNQ,Cities,2002,342383.0
GNQ,Rural,2002,301268.0
GNQ,Towns,2002,154307.0
KEN,Cities,2002,5107314.0
KEN,Rural,2002,11995832.0
KEN,Towns,2002,15526662.0
LBR,Cities,2002,1130428.0
LBR,Rural,2002,1395464.0
LBR,Towns,2002,568890.0
LSO,Cities,2002,213980.0
LSO,Rural,2002,1249985.0
LSO,Towns,2002,530714.0
MDG,Cities,2002,1691228.0
MDG,Rural,2002,11904409.0
MDG,Towns,2002,3954276.0
MLI,Cities,2002,2131231.0
MLI,Rural,2002,7560931.0
MLI,Towns,2002,2595888.0
MOZ,Cities,2002,4576056.0
MOZ,Rural,2002,9535326.0
MOZ,Towns,2002,4846956.0
MRT,Cities,2002,645395.0
MRT,Rural,2002,1356282.0
MRT,Towns,2002,736977.0
MUS,Cities,2002,552147.0
MUS,Rural,2002,113931.0
MUS,Towns,2002,568006.0
MWI,Cities,2002,989352.0
MWI,Rural,2002,6788294.0
MWI,Towns,2002,4102794.0
NAM,Cities,2002,207272.0
NAM,Rural,2002,1268727.0
NAM,Towns,2002,413972.0
NER,Cities,2002,2876502.0
NER,Rural,2002,6143609.0
NER,Towns,2002,3329033.0
NGA,Cities,2002,56702850.0
NGA,Rural,2002,29883719.0
NGA,Towns,2002,46885419.0
RWA,Cities,2002,729809.0
RWA,Rural,2002,1634771.0
RWA,Towns,2002,6035601.0
SDN,Cities,2002,14290722.0
SDN,Rural,2002,7617514.0
SDN,Towns,2002,7320491.0
SEN,Cities,2002,4833057.0
SEN,Rural,2002,3324944.0
SEN,Towns,2002,2308213.0
SLE,Cities,2002,1414323.0
SLE,Rural,2002,2523434.0
SLE,Towns,2002,1033676.9999999999
SOM,Cities,2002,5717715.0
SOM,Rural,2002,1987906.0
SOM,Towns,2002,1844442.0
SSA,Cities,2002,222129807.0
SSA,Rural,2002,273877265.0
SSA,Towns,2002,222686670.0
SSD,Cities,2002,1446501.0
SSD,Rural,2002,3795311.0
SSD,Towns,2002,1354994.0
STP,Cities,2002,81406.0
STP,Rural,2002,28699.0
STP,Towns,2002,39817.0
SWZ,Cities,2002,81832.0
SWZ,Rural,2002,743917.0
SWZ,Towns,2002,233692.0
SYC,Cities,2002,0.0
SYC,Rural,2002,22563.0
SYC,Towns,2002,63294.0
TCD,Cities,2002,2894901.0
TCD,Rural,2002,4329916.0
TCD,Towns,2002,1891375.0
TGO,Cities,2002,2156666.0
TGO,Rural,2002,1605815.0
TGO,Towns,2002,1650793.0
TZA,Cities,2002,5585968.0
TZA,Rural,2002,20431761.0
TZA,Towns,2002,10103574.0
UGA,Cities,2002,2702111.0
UGA,Rural,2002,13205392.0
UGA,Towns,2002,9625366.0
ZAF,Cities,2002,17503023.0
ZAF,Rural,2002,12744801.0
ZAF,Towns,2002,17771591.0
ZMB,Cities,2002,3074125.0
ZMB,Rural,2002,5431382.0
ZMB,Towns,2002,2142442.0
ZWE,Cities,2002,2793276.0
ZWE,Rural,2002,7537468.0
ZWE,Towns,2002,1756908.0
AFE,Cities,2003,118362777.0
AFE,Rural,2003,183294964.0
AFE,Towns,2003,137548526.0
AFW,Cities,2003,112375417.0
AFW,Rural,2003,95940365.0
AFW,Towns,2003,90827062.0
AGO,Cities,2003,8890327.0
AGO,Rural,2003,5661322.0
AGO,Towns,2003,3392063.0
BDI,Cities,2003,798452.0
BDI,Rural,2003,2485838.0
BDI,Towns,2003,3758865.0
BEN,Cities,2003,2365488.0
BEN,Rural,2003,2446632.0
BEN,Towns,2003,3100951.0
BFA,Cities,2003,2313223.0
BFA,Rural,2003,6988791.0
BFA,Towns,2003,3780518.0
BWA,Cities,2003,69527.0
BWA,Rural,2003,569049.0
BWA,Towns,2003,1137160.0
CAF,Cities,2003,864214.0
CAF,Rural,2003,1938308.0
CAF,Towns,2003,1300564.0
CIV,Cities,2003,6496354.0
CIV,Rural,2003,7432869.0
CIV,Towns,2003,5196319.0
CMR,Cities,2003,7891851.0
CMR,Rural,2003,4528358.0
CMR,Towns,2003,3740131.0
COD,Cities,2003,23514594.0
COD,Rural,2003,18753818.0
COD,Towns,2003,13075454.0
COG,Cities,2003,2363719.0
COG,Rural,2003,489667.0
COG,Towns,2003,592366.0
COM,Cities,2003,256437.0
COM,Rural,2003,136780.0
COM,Towns,2003,176581.0
CPV,Cities,2003,175284.0
CPV,Rural,2003,134401.0
CPV,Towns,2003,163699.0
ERI,Cities,2003,934994.0
ERI,Rural,2003,940241.0
ERI,Towns,2003,618668.0
ETH,Cities,2003,13961820.0
ETH,Rural,2003,34900807.0
ETH,Towns,2003,24970036.0
GAB,Cities,2003,661362.0
GAB,Rural,2003,299360.0
GAB,Towns,2003,421628.0
GHA,Cities,2003,7627599.0
GHA,Rural,2003,6102821.0
GHA,Towns,2003,7566285.0
GIN,Cities,2003,2516749.0
GIN,Rural,2003,4731162.0
GIN,Towns,2003,1622870.0
GMB,Cities,2003,570857.0
GMB,Rural,2003,567100.0
GMB,Towns,2003,439654.0
GNB,Cities,2003,309034.0
GNB,Rural,2003,665568.0
GNB,Towns,2003,344205.0
GNQ,Cities,2003,382834.0
GNQ,Rural,2003,312073.0
GNQ,Towns,2003,152955.0
KEN,Cities,2003,5329868.0
KEN,Rural,2003,12197837.0
KEN,Towns,2003,16124518.0
LBR,Cities,2003,1184510.0
LBR,Rural,2003,1366229.0
LBR,Towns,2003,568793.0
LSO,Cities,2003,214233.0
LSO,Rural,2003,1248272.0
LSO,Towns,2003,522553.0
MDG,Cities,2003,1767486.0
MDG,Rural,2003,12182280.0
MDG,Towns,2003,4122087.9999999995
MLI,Cities,2003,2268854.0
MLI,Rural,2003,7735114.0
MLI,Towns,2003,2680986.0
MOZ,Cities,2003,4725530.0
MOZ,Rural,2003,9742800.0
MOZ,Towns,2003,4924145.0
MRT,Cities,2003,684344.0
MRT,Rural,2003,1369055.0
MRT,Towns,2003,748647.0
MUS,Cities,2003,554414.0
MUS,Rural,2003,110959.0
MUS,Towns,2003,576726.0
MWI,Cities,2003,1040707.0000000001
MWI,Rural,2003,6830306.0
MWI,Towns,2003,4310561.0
NAM,Cities,2003,213924.0
NAM,Rural,2003,1278340.0
NAM,Towns,2003,425200.0
NER,Cities,2003,3031405.0
NER,Rural,2003,6355055.0
NER,Towns,2003,3410524.0
NGA,Cities,2003,58842684.0
NGA,Rural,2003,30362901.0
NGA,Towns,2003,47997059.0
RWA,Cities,2003,797429.0
RWA,Rural,2003,1640453.0
RWA,Towns,2003,6148994.0
SDN,Cities,2003,14648944.0
SDN,Rural,2003,7710926.0
SDN,Towns,2003,7536165.0
SEN,Cities,2003,5011282.0
SEN,Rural,2003,3394235.0
SEN,Towns,2003,2315659.0
SLE,Cities,2003,1484049.0
SLE,Rural,2003,2597170.0
SLE,Towns,2003,1096468.0
SOM,Cities,2003,5972392.0
SOM,Rural,2003,2025310.0
SOM,Towns,2003,1911456.0
SSA,Cities,2003,230738194.0
SSA,Rural,2003,279235329.0
SSA,Towns,2003,228375588.0
SSD,Cities,2003,1545460.0
SSD,Rural,2003,3900529.0
SSD,Towns,2003,1457137.0
STP,Cities,2003,83653.0
STP,Rural,2003,29255.0
STP,Towns,2003,40906.0
SWZ,Cities,2003,82455.0
SWZ,Rural,2003,752593.0
SWZ,Towns,2003,231652.0
SYC,Cities,2003,0.0
SYC,Rural,2003,22911.0
SYC,Towns,2003,64123.00000000001
TCD,Cities,2003,3034777.0
TCD,Rural,2003,4495915.0
TCD,Towns,2003,1957141.0
TGO,Cities,2003,2294944.0
TGO,Rural,2003,1627581.0
TGO,Towns,2003,1629640.0
TZA,Cities,2003,5929586.0
TZA,Rural,2003,20800628.0
TZA,Towns,2003,10359342.0
UGA,Cities,2003,2822313.0
UGA,Rural,2003,13415347.0
UGA,Towns,2003,10114464.0
ZAF,Cities,2003,18138308.0
ZAF,Rural,2003,12742633.0
ZAF,Towns,2003,17619407.0
ZMB,Cities,2003,3253500.0
ZMB,Rural,2003,5560135.0
ZMB,Towns,2003,2169960.0
ZWE,Cities,2003,2816424.0
ZWE,Rural,2003,7655595.0
ZWE,Towns,2003,1760302.0
AFE,Cities,2004,122550752.0
AFE,Rural,2004,187022813.0
AFE,Towns,2004,141388955.0
AFW,Cities,2004,117008993.0
AFW,Rural,2004,97816564.0
AFW,Towns,2004,92899538.0
AGO,Cities,2004,9306064.0
AGO,Rural,2004,5852040.0
AGO,Towns,2004,3442319.0
BDI,Cities,2004,849568.0
BDI,Rural,2004,2543326.0
BDI,Towns,2004,3917761.0
BEN,Cities,2004,2490698.0
BEN,Rural,2004,2485088.0
BEN,Towns,2004,3183308.0
BFA,Cities,2004,2484193.0
BFA,Rural,2004,7154106.0
BFA,Towns,2004,3862236.0
BWA,Cities,2004,71221.0
BWA,Rural,2004,578092.0
BWA,Towns,2004,1157833.0
CAF,Cities,2004,892810.0
CAF,Rural,2004,1967952.0
CAF,Towns,2004,1332064.0
CIV,Cities,2004,6685310.0
CIV,Rural,2004,7561851.0
CIV,Towns,2004,5347839.0
CMR,Cities,2004,8180119.0
CMR,Rural,2004,4621399.0
CMR,Towns,2004,3808969.0
COD,Cities,2004,24430126.0
COD,Rural,2004,19118671.0
COD,Towns,2004,13448944.0
COG,Cities,2004,2454506.0
COG,Rural,2004,504544.0
COG,Towns,2004,606504.0
COM,Cities,2004,263190.0
COM,Rural,2004,137981.0
COM,Towns,2004,179533.0
CPV,Cities,2004,178416.0
CPV,Rural,2004,136537.0
CPV,Towns,2004,164416.0
ERI,Cities,2004,976665.0
ERI,Rural,2004,981607.0
ERI,Towns,2004,640012.0
ETH,Cities,2004,14084915.0
ETH,Rural,2004,36073209.0
ETH,Towns,2004,25919082.0
GAB,Cities,2004,715427.0
GAB,Rural,2004,307284.0
GAB,Towns,2004,398898.0
GHA,Cities,2004,8005511.0
GHA,Rural,2004,6157204.0
GHA,Towns,2004,7705582.0
GIN,Cities,2004,2611534.0
GIN,Rural,2004,4791173.0
GIN,Towns,2004,1660019.0
GMB,Cities,2004,596493.0
GMB,Rural,2004,572934.0
GMB,Towns,2004,451885.0
GNB,Cities,2004,320943.0
GNB,Rural,2004,676243.0
GNB,Towns,2004,352376.0
GNQ,Cities,2004,424349.0
GNQ,Rural,2004,323630.0
GNQ,Towns,2004,151937.0
KEN,Cities,2004,5558617.0
KEN,Rural,2004,12413782.0
KEN,Towns,2004,16741056.0
LBR,Cities,2004,1242169.0
LBR,Rural,2004,1343602.0
LBR,Towns,2004,571120.0
LSO,Cities,2004,214019.0
LSO,Rural,2004,1243843.0
LSO,Towns,2004,513267.00000000006
MDG,Cities,2004,1844998.0
MDG,Rural,2004,12468786.0
MDG,Towns,2004,4292824.0
MLI,Cities,2004,2410289.0
MLI,Rural,2004,7921690.0
MLI,Towns,2004,2770430.0
MOZ,Cities,2004,4878372.0
MOZ,Rural,2004,9957151.0
MOZ,Towns,2004,5004790.0
MRT,Cities,2004,724081.0
MRT,Rural,2004,1383404.0
MRT,Towns,2004,761178.0
MUS,Cities,2004,556541.0
MUS,Rural,2004,107961.0
MUS,Towns,2004,585298.0
MWI,Cities,2004,1093629.0
MWI,Rural,2004,6882295.0
MWI,Towns,2004,4524813.0
NAM,Cities,2004,220243.0
NAM,Rural,2004,1286069.0
NAM,Towns,2004,435770.0
NER,Cities,2004,3191368.0
NER,Rural,2004,6576917.0
NER,Towns,2004,3497551.0
NGA,Cities,2004,61036169.0
NGA,Rural,2004,30869096.0
NGA,Towns,2004,49151779.0
RWA,Cities,2004,869564.0
RWA,Rural,2004,1654106.0
RWA,Towns,2004,6293174.0
SDN,Cities,2004,15003826.0
SDN,Rural,2004,7802742.0
SDN,Towns,2004,7750069.0
SEN,Cities,2004,5189321.0
SEN,Rural,2004,3463386.0
SEN,Towns,2004,2322997.0
SLE,Cities,2004,1545575.0
SLE,Rural,2004,2657063.0
SLE,Towns,2004,1153079.0
SOM,Cities,2004,6234787.0
SOM,Rural,2004,2065284.9999999998
SOM,Towns,2004,1980926.0
SSA,Cities,2004,239559745.0
SSA,Rural,2004,284839377.0
SSA,Towns,2004,234288493.0
SSD,Cities,2004,1649779.0
SSD,Rural,2004,4018905.0
SSD,Towns,2004,1564357.0
STP,Cities,2004,85901.0
STP,Rural,2004,29810.0
STP,Towns,2004,41994.0
SWZ,Cities,2004,83016.0
SWZ,Rural,2004,760699.0
SWZ,Towns,2004,229443.0
SYC,Cities,2004,0.0
SYC,Rural,2004,23245.0
SYC,Towns,2004,64911.0
TCD,Cities,2004,3194210.0
TCD,Rural,2004,4690522.0
TCD,Towns,2004,2035303.0
TGO,Cities,2004,2435502.0
TGO,Rural,2004,1650939.0
TGO,Towns,2004,1610068.0
TZA,Cities,2004,6281620.0
TZA,Rural,2004,21198463.0
TZA,Towns,2004,10629585.0
UGA,Cities,2004,2940757.0
UGA,Rural,2004,13616413.0
UGA,Towns,2004,10597345.0
ZAF,Cities,2004,18777769.0
ZAF,Rural,2004,12743021.0
ZAF,Towns,2004,17470630.0
ZMB,Cities,2004,3438582.0
ZMB,Rural,2004,5698437.0
ZMB,Towns,2004,2201179.0
ZWE,Cities,2004,2836983.0
ZWE,Rural,2004,7766874.0
ZWE,Towns,2004,1762040.0
AFE,Cities,2005,126857916.0
AFE,Rural,2005,190908811.0
AFE,Towns,2005,145345277.0
AFW,Cities,2005,121758293.0
AFW,Rural,2005,99780218.0
AFW,Towns,2005,95049967.0
AGO,Cities,2005,9739354.0
AGO,Rural,2005,6053367.0
AGO,Towns,2005,3498440.0
BDI,Cities,2005,902023.0
BDI,Rural,2005,2603504.0
BDI,Towns,2005,4081772.0
BEN,Cities,2005,2622524.0
BEN,Rural,2005,2529804.0
BEN,Towns,2005,3273815.0
BFA,Cities,2005,2658000.0
BFA,Rural,2005,7326419.0
BFA,Towns,2005,3947705.0
BWA,Cities,2005,72967.0
BWA,Rural,2005,587559.0
BWA,Towns,2005,1179351.0
CAF,Cities,2005,922744.0
CAF,Rural,2005,2000516.0
CAF,Towns,2005,1365550.0
CIV,Cities,2005,6875624.0
CIV,Rural,2005,7692390.0
CIV,Towns,2005,5500444.0
CMR,Cities,2005,8475466.0
CMR,Rural,2005,4718226.0
CMR,Towns,2005,3880903.0
COD,Cities,2005,25399318.0
COD,Rural,2005,19524726.0
COD,Towns,2005,13851680.0
COG,Cities,2005,2552969.0
COG,Rural,2005,520964.00000000006
COG,Towns,2005,622460.0
COM,Cities,2005,270428.0
COM,Rural,2005,139434.0
COM,Towns,2005,182815.0
CPV,Cities,2005,181457.0
CPV,Rural,2005,138604.0
CPV,Towns,2005,165054.0
ERI,Cities,2005,1002757.0
ERI,Rural,2005,1007314.0
ERI,Towns,2005,651143.0
ETH,Cities,2005,14215872.0
ETH,Rural,2005,37267513.0
ETH,Towns,2005,26884086.0
GAB,Cities,2005,770963.0
GAB,Rural,2005,315774.0
GAB,Towns,2005,376758.0
GHA,Cities,2005,8387138.999999999
GHA,Rural,2005,6214137.0
GHA,Towns,2005,7848162.0
GIN,Cities,2005,2703991.0
GIN,Rural,2005,4846292.0
GIN,Towns,2005,1695561.0
GMB,Cities,2005,622903.0
GMB,Rural,2005,579454.0
GMB,Towns,2005,464680.0
GNB,Cities,2005,333169.0
GNB,Rural,2005,687538.0
GNB,Towns,2005,360878.0
GNQ,Cities,2005,463731.0
GNQ,Rural,2005,333516.0
GNQ,Towns,2005,150120.0
KEN,Cities,2005,5791001.0
KEN,Rural,2005,12637118.0
KEN,Towns,2005,17368364.0
LBR,Cities,2005,1342283.0
LBR,Rural,2005,1366016.0
LBR,Towns,2005,592716.0
LSO,Cities,2005,213349.0
LSO,Rural,2005,1236786.0
LSO,Towns,2005,502941.0
MDG,Cities,2005,1924370.0
MDG,Rural,2005,12767464.0
MDG,Towns,2005,4467873.0
MLI,Cities,2005,2555495.0
MLI,Rural,2005,8119301.0
MLI,Towns,2005,2863851.0
MOZ,Cities,2005,5035345.0
MOZ,Rural,2005,10179718.0
MOZ,Towns,2005,5089506.0
MRT,Cities,2005,764827.0
MRT,Rural,2005,1399531.0
MRT,Towns,2005,774700.0
MUS,Cities,2005,558542.0
MUS,Rural,2005,104941.0
MUS,Towns,2005,593732.0
MWI,Cities,2005,1148413.0
MWI,Rural,2005,6944871.0
MWI,Towns,2005,4746747.0
NAM,Cities,2005,226529.0
NAM,Rural,2005,1293766.0
NAM,Towns,2005,446287.0
NER,Cities,2005,3356727.0
NER,Rural,2005,6809390.0
NER,Towns,2005,3590074.0
NGA,Cities,2005,63276821.0
NGA,Rural,2005,31397560.0
NGA,Towns,2005,50342874.0
RWA,Cities,2005,943218.0
RWA,Rural,2005,1668754.0
RWA,Towns,2005,6442556.0
SDN,Cities,2005,15380892.0
SDN,Rural,2005,7906132.0
SDN,Towns,2005,7975419.0
SEN,Cities,2005,5369877.0
SEN,Rural,2005,3534182.0
SEN,Towns,2005,2331413.0
SLE,Cities,2005,1597645.0
SLE,Rural,2005,2701652.0
SLE,Towns,2005,1202416.0
SOM,Cities,2005,6492008.0
SOM,Rural,2005,2103485.0
SOM,Towns,2005,2048735.0000000002
SSA,Cities,2005,248616209.0
SSA,Rural,2005,290689029.0
SSA,Towns,2005,240395244.0
SSD,Cities,2005,1760568.0
SSD,Rural,2005,4151787.0000000005
SSD,Towns,2005,1677789.0
STP,Cities,2005,88173.0
STP,Rural,2005,30372.0
STP,Towns,2005,43095.0
SWZ,Cities,2005,83531.0
SWZ,Rural,2005,768375.0
SWZ,Towns,2005,227116.0
SYC,Cities,2005,0.0
SYC,Rural,2005,23575.0
SYC,Towns,2005,65691.0
TCD,Cities,2005,3346111.0
TCD,Rural,2005,4873595.0
TCD,Towns,2005,2108385.0
TGO,Cities,2005,2577827.0
TGO,Rural,2005,1675357.0
TGO,Towns,2005,1591448.0
TZA,Cities,2005,6642888.0
TZA,Rural,2005,21624821.0
TZA,Towns,2005,10914366.0
UGA,Cities,2005,3059923.0
UGA,Rural,2005,13820483.0
UGA,Towns,2005,11082883.0
ZAF,Cities,2005,19420656.0
ZAF,Rural,2005,12745219.0
ZAF,Towns,2005,17324157.0
ZMB,Cities,2005,3631941.0
ZMB,Rural,2005,5849616.0
ZMB,Towns,2005,2237262.0
ZWE,Cities,2005,2853850.0
ZWE,Rural,2005,7868111.0
ZWE,Towns,2005,1761471.0
AFE,Cities,2006,132363561.0
AFE,Rural,2006,193158075.0
AFE,Towns,2006,150120134.0
AFW,Cities,2006,127102627.0
AFW,Rural,2006,101700336.0
AFW,Towns,2006,96860192.0
AGO,Cities,2006,10328035.0
AGO,Rural,2006,6169124.0
AGO,Towns,2006,3518120.0
BDI,Cities,2006,987671.0
BDI,Rural,2006,2568694.0
BDI,Towns,2006,4309182.0
BEN,Cities,2006,2755765.0
BEN,Rural,2006,2584786.0
BEN,Towns,2006,3352691.0
BFA,Cities,2006,2815780.0
BFA,Rural,2006,7509210.0
BFA,Towns,2006,4048717.0
BWA,Cities,2006,104725.0
BWA,Rural,2006,593740.0
BWA,Towns,2006,1176051.0
CAF,Cities,2006,944643.0
CAF,Rural,2006,2034234.0
CAF,Towns,2006,1398702.0
CIV,Cities,2006,7091647.0
CIV,Rural,2006,7793695.0
CIV,Towns,2006,5661460.0
CMR,Cities,2006,8795447.0
CMR,Rural,2006,4813561.0
CMR,Towns,2006,3941399.0
COD,Cities,2006,26394218.0
COD,Rural,2006,19840162.0
COD,Towns,2006,14381527.0
COG,Cities,2006,2666808.0
COG,Rural,2006,527760.0
COG,Towns,2006,642841.0
COM,Cities,2006,276462.0
COM,Rural,2006,138171.0
COM,Towns,2006,190120.0
CPV,Cities,2006,183669.0
CPV,Rural,2006,137074.0
CPV,Towns,2006,169985.0
ERI,Cities,2006,1025926.9999999999
ERI,Rural,2006,1020006.0
ERI,Towns,2006,657569.0
ETH,Cities,2006,15028444.0
ETH,Rural,2006,37678502.0
ETH,Towns,2006,27996544.0
GAB,Cities,2006,807878.0
GAB,Rural,2006,321900.0
GAB,Towns,2006,378559.0
GHA,Cities,2006,8898448.0
GHA,Rural,2006,6267666.0
GHA,Towns,2006,7874587.0
GIN,Cities,2006,2827182.0
GIN,Rural,2006,4900092.0
GIN,Towns,2006,1713895.0
GMB,Cities,2006,672760.0
GMB,Rural,2006,582119.0
GMB,Towns,2006,460396.0
GNB,Cities,2006,367461.0
GNB,Rural,2006,698066.0
GNB,Towns,2006,349775.0
GNQ,Cities,2006,493706.0
GNQ,Rural,2006,335350.0
GNQ,Towns,2006,161287.0
KEN,Cities,2006,6120636.0
KEN,Rural,2006,12685245.0
KEN,Towns,2006,18098127.0
LBR,Cities,2006,1388967.0
LBR,Rural,2006,1478895.0
LBR,Towns,2006,622925.0
LSO,Cities,2006,212893.0
LSO,Rural,2006,1231929.0
LSO,Towns,2006,500239.0
MDG,Cities,2006,2068984.0
MDG,Rural,2006,13030557.0
MDG,Towns,2006,4631369.0
MLI,Cities,2006,2745168.0
MLI,Rural,2006,8306429.0
MLI,Towns,2006,2938543.0
MOZ,Cities,2006,5189989.0
MOZ,Rural,2006,10407782.0
MOZ,Towns,2006,5189316.0
MRT,Cities,2006,806940.0
MRT,Rural,2006,1415082.0
MRT,Towns,2006,791637.0
MUS,Cities,2006,559508.0
MUS,Rural,2006,105783.0
MUS,Towns,2006,598490.0
MWI,Cities,2006,1200350.0
MWI,Rural,2006,6941917.0
MWI,Towns,2006,5056435.0
NAM,Cities,2006,234573.0
NAM,Rural,2006,1297118.0
NAM,Towns,2006,460197.0
NER,Cities,2006,3539742.0
NER,Rural,2006,7031219.0
NER,Towns,2006,3697620.0
NGA,Cities,2006,65957409.0
NGA,Rural,2006,31859516.0
NGA,Towns,2006,51260410.0
RWA,Cities,2006,996892.0
RWA,Rural,2006,1635976.0
RWA,Towns,2006,6666378.0
SDN,Cities,2006,15820276.0
SDN,Rural,2006,8022534.0
SDN,Towns,2006,8149626.0
SEN,Cities,2006,5502600.0
SEN,Rural,2006,3601806.0
SEN,Towns,2006,2395688.0
SLE,Cities,2006,1686668.0
SLE,Rural,2006,2742877.0
SLE,Towns,2006,1194921.0
SOM,Cities,2006,6747132.0
SOM,Rural,2006,2133497.0
SOM,Towns,2006,2094873.0
SSA,Cities,2006,259466188.0
SSA,Rural,2006,294858411.0
SSA,Towns,2006,246980326.0
SSD,Cities,2006,1900292.0
SSD,Rural,2006,4215866.0
SSD,Towns,2006,1860369.0
STP,Cities,2006,90565.0
STP,Rural,2006,30905.0
STP,Towns,2006,44168.0
SWZ,Cities,2006,84303.0
SWZ,Rural,2006,772583.0
SWZ,Towns,2006,227551.0
SYC,Cities,2006,0.0
SYC,Rural,2006,23967.0
SYC,Towns,2006,66406.0
TCD,Cities,2006,3498944.0
TCD,Rural,2006,5047371.0
TCD,Towns,2006,2160109.0
TGO,Cities,2006,2654995.0
TGO,Rural,2006,1711628.0
TGO,Towns,2006,1644045.0
TZA,Cities,2006,7013195.0
TZA,Rural,2006,22005619.0
TZA,Towns,2006,11276088.0
UGA,Cities,2006,3252534.0
UGA,Rural,2006,13907320.0
UGA,Towns,2006,11634149.0
ZAF,Cities,2006,19955223.0
ZAF,Rural,2006,12723340.0
ZAF,Towns,2006,17319714.0
ZMB,Cities,2006,3832736.0
ZMB,Rural,2006,6011841.0
ZMB,Towns,2006,2284976.0
ZWE,Cities,2006,2937998.0
ZWE,Rural,2006,7965897.0
ZWE,Towns,2006,1732550.0
AFE,Cities,2007,137985051.0
AFE,Rural,2007,195605712.0
AFE,Towns,2007,155026267.0
AFW,Cities,2007,132540549.0
AFW,Rural,2007,103699246.0
AFW,Towns,2007,98744378.0
AGO,Cities,2007,10935750.0
AGO,Rural,2007,6297539.0
AGO,Towns,2007,3545272.0
BDI,Cities,2007,1074727.0
BDI,Rural,2007,2541924.0
BDI,Towns,2007,4545223.0
BEN,Cities,2007,2886873.0
BEN,Rural,2007,2637930.0
BEN,Towns,2007,3429165.0
BFA,Cities,2007,2973693.0
BFA,Rural,2007,7692575.0
BFA,Towns,2007,4150037.0000000005
BWA,Cities,2007,136506.0
BWA,Rural,2007,600583.0
BWA,Towns,2007,1174112.0
CAF,Cities,2007,965828.0
CAF,Rural,2007,2066130.9999999998
CAF,Towns,2007,1430811.0
CIV,Cities,2007,7309523.0
CIV,Rural,2007,7897076.0
CIV,Towns,2007,5823959.0
CMR,Cities,2007,9127014.0
CMR,Rural,2007,4915510.0
CMR,Towns,2007,4007372.0
COD,Cities,2007,27397893.0
COD,Rural,2007,20163663.0
COD,Towns,2007,14916197.0
COG,Cities,2007,2781952.0
COG,Rural,2007,534903.0
COG,Towns,2007,663576.0
COM,Cities,2007,282541.0
COM,Rural,2007,136933.0
COM,Towns,2007,197452.0
CPV,Cities,2007,185825.0
CPV,Rural,2007,135494.0
CPV,Towns,2007,174872.0
ERI,Cities,2007,1048040.9999999999
ERI,Rural,2007,1031767.0
ERI,Towns,2007,663414.0
ETH,Cities,2007,15852278.0
ETH,Rural,2007,38120318.0
ETH,Towns,2007,29130622.0
GAB,Cities,2007,846350.0
GAB,Rural,2007,328700.0
GAB,Towns,2007,381187.0
GHA,Cities,2007,9413533.0
GHA,Rural,2007,6324080.0
GHA,Towns,2007,7904666.0
GIN,Cities,2007,2957803.0
GIN,Rural,2007,4967489.0
GIN,Towns,2007,1736988.0
GMB,Cities,2007,723415.0
GMB,Rural,2007,585590.0
GMB,Towns,2007,456769.0
GNB,Cities,2007,402185.0
GNB,Rural,2007,709583.0
GNB,Towns,2007,339218.0
GNQ,Cities,2007,524974.0
GNQ,Rural,2007,338205.0
GNQ,Towns,2007,172865.0
KEN,Cities,2007,6454077.0
KEN,Rural,2007,12742608.0
KEN,Towns,2007,18839664.0
LBR,Cities,2007,1430552.0
LBR,Rural,2007,1587482.0
LBR,Towns,2007,651015.0
LSO,Cities,2007,214209.0
LSO,Rural,2007,1237343.0
LSO,Towns,2007,501715.0
MDG,Cities,2007,2215114.0
MDG,Rural,2007,13304811.0
MDG,Towns,2007,4798657.0
MLI,Cities,2007,2937706.0
MLI,Rural,2007,8503385.0
MLI,Towns,2007,3016685.0
MOZ,Cities,2007,5348983.0
MOZ,Rural,2007,10644934.0
MOZ,Towns,2007,5293718.0
MRT,Cities,2007,850148.0
MRT,Rural,2007,1433053.0
MRT,Towns,2007,809858.0
MUS,Cities,2007,560103.0
MUS,Rural,2007,106556.0
MUS,Towns,2007,602859.0
MWI,Cities,2007,1253930.0
MWI,Rural,2007,6949759.0
MWI,Towns,2007,5372654.0
NAM,Cities,2007,242768.0
NAM,Rural,2007,1301421.0
NAM,Towns,2007,474411.0
NER,Cities,2007,3728111.0
NER,Rural,2007,7264347.0
NER,Towns,2007,3811152.0
NGA,Cities,2007,68693142.0
NGA,Rural,2007,32350278.0
NGA,Towns,2007,52223841.0
RWA,Cities,2007,1051177.0
RWA,Rural,2007,1604326.0
RWA,Towns,2007,6894430.0
SDN,Cities,2007,16279905.0
SDN,Rural,2007,8149716.0
SDN,Towns,2007,8334513.999999999
SEN,Cities,2007,5638003.0
SEN,Rural,2007,3671224.0
SEN,Towns,2007,2461117.0
SLE,Cities,2007,1775963.0
SLE,Rural,2007,2785273.0
SLE,Towns,2007,1188116.0
SOM,Cities,2007,7012116.0
SOM,Rural,2007,2166487.0
SOM,Towns,2007,2143980.0
SSA,Cities,2007,270525600.0
SSA,Rural,2007,299304958.0
SSA,Towns,2007,253770645.0
SSD,Cities,2007,2045822.0
SSD,Rural,2007,4294679.0
SSD,Towns,2007,2048288.0
STP,Cities,2007,92992.0
STP,Rural,2007,31450.0
STP,Towns,2007,45258.0
SWZ,Cities,2007,85141.0
SWZ,Rural,2007,777399.0
SWZ,Towns,2007,228165.0
SYC,Cities,2007,0.0
SYC,Rural,2007,24355.0
SYC,Towns,2007,67113.0
TCD,Cities,2007,3650659.0
TCD,Rural,2007,5219704.0
TCD,Towns,2007,2211296.0
TGO,Cities,2007,2737297.0
TGO,Rural,2007,1751234.0
TGO,Towns,2007,1699813.0
TZA,Cities,2007,7388435.0
TZA,Rural,2007,22401464.0
TZA,Towns,2007,11645612.0
UGA,Cities,2007,3448120.0
UGA,Rural,2007,14008880.0
UGA,Towns,2007,12196429.0
ZAF,Cities,2007,20497920.0
ZAF,Rural,2007,12707384.0
ZAF,Towns,2007,17323280.0
ZMB,Cities,2007,4041071.0
ZMB,Rural,2007,6186530.0
ZMB,Towns,2007,2337485.0
ZWE,Cities,2007,3025432.0
ZWE,Rural,2007,8072883.0
ZWE,Towns,2007,1705743.0
AFE,Cities,2008,143765152.0
AFE,Rural,2008,198242125.0
AFE,Towns,2008,160099591.0
AFW,Cities,2008,138081770.0
AFW,Rural,2008,105790984.0
AFW,Towns,2008,100713358.0
AGO,Cities,2008,11562535.0
AGO,Rural,2008,6437264.0
AGO,Towns,2008,3578857.0
BDI,Cities,2008,1167646.0
BDI,Rural,2008,2530878.0
BDI,Towns,2008,4807114.0
BEN,Cities,2008,3022356.0
BEN,Rural,2008,2695164.0
BEN,Towns,2008,3510946.0
BFA,Cities,2008,3131385.0
BFA,Rural,2008,7875558.0
BFA,Towns,2008,4251149.0
BWA,Cities,2008,168409.0
BWA,Rural,2008,608085.0
BWA,Towns,2008,1173475.0
CAF,Cities,2008,989459.0
CAF,Rural,2008,2102964.0
CAF,Towns,2008,1466561.0
CIV,Cities,2008,7527443.0
CIV,Rural,2008,8000503.0
CIV,Towns,2008,5986493.0
CMR,Cities,2008,9471009.0
CMR,Rural,2008,5024198.0
CMR,Towns,2008,4078849.0
COD,Cities,2008,28423577.0
COD,Rural,2008,20504214.0
COD,Towns,2008,15462873.0
COG,Cities,2008,2890046.0
COG,Rural,2008,540796.0
COG,Towns,2008,682677.0
COM,Cities,2008,288714.0
COM,Rural,2008,135744.0
COM,Towns,2008,204849.0
CPV,Cities,2008,187870.0
CPV,Rural,2008,133828.0
CPV,Towns,2008,179658.0
ERI,Cities,2008,1082909.0
ERI,Rural,2008,1056084.0
ERI,Towns,2008,677333.0
ETH,Cities,2008,16683784.0
ETH,Rural,2008,38580986.0
ETH,Towns,2008,30278897.0
GAB,Cities,2008,886449.0
GAB,Rural,2008,336149.0
GAB,Towns,2008,384577.0
GHA,Cities,2008,9931040.0
GHA,Rural,2008,6382124.0
GHA,Towns,2008,7936782.0
GIN,Cities,2008,3093159.0
GIN,Rural,2008,5042848.0
GIN,Towns,2008,1762864.0
GMB,Cities,2008,774699.0
GMB,Rural,2008,589592.0
GMB,Towns,2008,453560.0
GNB,Cities,2008,437276.0
GNB,Rural,2008,721781.0
GNB,Towns,2008,328997.0
GNQ,Cities,2008,557638.0
GNQ,Rural,2008,341992.0
GNQ,Towns,2008,184900.0
KEN,Cities,2008,6793853.0
KEN,Rural,2008,12812713.0
KEN,Towns,2008,19599785.0
LBR,Cities,2008,1461705.0
LBR,Rural,2008,1684883.0
LBR,Towns,2008,674415.0
LSO,Cities,2008,216082.0
LSO,Rural,2008,1245968.0
LSO,Towns,2008,504491.0
MDG,Cities,2008,2363105.0
MDG,Rural,2008,13590656.0
MDG,Towns,2008,4970079.0
MLI,Cities,2008,3133301.0
MLI,Rural,2008,8709433.0
MLI,Towns,2008,3098047.0
MOZ,Cities,2008,5515664.0
MOZ,Rural,2008,10897539.0
MOZ,Towns,2008,5405833.0
MRT,Cities,2008,896259.0
MRT,Rural,2008,1456093.0
MRT,Towns,2008,830918.0
MUS,Cities,2008,560424.0
MUS,Rural,2008,107277.0
MUS,Towns,2008,606934.0
MWI,Cities,2008,1309562.0
MWI,Rural,2008,6969278.0
MWI,Towns,2008,5697578.0
NAM,Cities,2008,251169.0
NAM,Rural,2008,1306860.0
NAM,Towns,2008,489027.0
NER,Cities,2008,3922272.0
NER,Rural,2008,7508936.0
NER,Towns,2008,3930707.0
NGA,Cities,2008,71490011.0
NGA,Rural,2008,32870424.0
NGA,Towns,2008,53234579.0
RWA,Cities,2008,1105865.0
RWA,Rural,2008,1573287.0
RWA,Towns,2008,7125116.0
SDN,Cities,2008,16783278.0
SDN,Rural,2008,8298870.000000001
SDN,Towns,2008,8541832.0
SEN,Cities,2008,5777407.0
SEN,Rural,2008,3743265.0
SEN,Towns,2008,2528287.0
SLE,Cities,2008,1871439.0
SLE,Rural,2008,2837645.0
SLE,Towns,2008,1185638.0
SOM,Cities,2008,7273198.0
SOM,Rural,2008,2198102.0
SOM,Towns,2008,2191784.0
SSA,Cities,2008,281846922.0
SSA,Rural,2008,304033109.0
SSA,Towns,2008,260812949.0
SSD,Cities,2008,2195316.0
SSD,Rural,2008,4382234.0
SSD,Towns,2008,2240097.0
STP,Cities,2008,95437.0
STP,Rural,2008,32000.0
STP,Towns,2008,46356.0
SWZ,Cities,2008,86066.0
SWZ,Rural,2008,783013.0
SWZ,Towns,2008,229014.0
SYC,Cities,2008,0.0
SYC,Rural,2008,24740.0
SYC,Towns,2008,67808.0
TCD,Cities,2008,3808711.0
TCD,Rural,2008,5401184.0
TCD,Towns,2008,2266402.0
TGO,Cities,2008,2820836.0
TGO,Rural,2008,1791624.0
TGO,Towns,2008,1756352.0
TZA,Cities,2008,7762897.0
TZA,Rural,2008,22794158.0
TZA,Towns,2008,12013673.0
UGA,Cities,2008,3646742.0
UGA,Rural,2008,14123272.0
UGA,Towns,2008,12769539.0
ZAF,Cities,2008,21063063.0
ZAF,Rural,2008,12705506.0
ZAF,Towns,2008,17346028.0
ZMB,Cities,2008,4256044.0
ZMB,Rural,2008,6371425.0
ZMB,Towns,2008,2393854.0
ZWE,Cities,2008,3109813.0
ZWE,Rural,2008,8171972.0
ZWE,Towns,2008,1677365.0
AFE,Cities,2009,149680482.0
AFE,Rural,2009,201031028.0
AFE,Towns,2009,165329805.0
AFW,Cities,2009,143718711.0
AFW,Rural,2009,107905740.0
AFW,Towns,2009,102719397.0
AGO,Cities,2009,12209007.0
AGO,Rural,2009,6587542.0
AGO,Towns,2009,3618224.0
BDI,Cities,2009,1274476.0
BDI,Rural,2009,2548012.0
BDI,Towns,2009,5125157.0
BEN,Cities,2009,3159994.0
BEN,Rural,2009,2754265.0
BEN,Towns,2009,3595165.0
BFA,Cities,2009,3291154.0
BFA,Rural,2009,8063808.0
BFA,Towns,2009,4355104.0
BWA,Cities,2009,200515.0
BWA,Rural,2009,616185.0
BWA,Towns,2009,1173973.0
CAF,Cities,2009,985701.0
CAF,Rural,2009,2081635.0000000002
CAF,Towns,2009,1461711.0
CIV,Cities,2009,7745230.0
CIV,Rural,2009,8103790.0
CIV,Towns,2009,6148920.0
CMR,Cities,2009,9823160.0
CMR,Rural,2009,5137096.0
CMR,Towns,2009,4153718.0
COD,Cities,2009,29497231.0
COD,Rural,2009,20879174.0
COD,Towns,2009,16035639.0
COG,Cities,2009,3022445.0
COG,Rural,2009,551250.0
COG,Towns,2009,707525.0
COM,Cities,2009,295006.0
COM,Rural,2009,134610.0
COM,Towns,2009,212332.0
CPV,Cities,2009,189772.0
CPV,Rural,2009,132061.0
CPV,Towns,2009,184308.0
ERI,Cities,2009,1117259.0
ERI,Rural,2009,1079786.0
ERI,Towns,2009,690839.0
ETH,Cities,2009,17520054.0
ETH,Rural,2009,39051943.0
ETH,Towns,2009,31435639.0
GAB,Cities,2009,928471.0
GAB,Rural,2009,344312.0
GAB,Towns,2009,388773.0
GHA,Cities,2009,10450734.0
GHA,Rural,2009,6441452.0
GHA,Towns,2009,7970478.0
GIN,Cities,2009,3231178.0
GIN,Rural,2009,5122216.0
GIN,Towns,2009,1790140.0
GMB,Cities,2009,826653.0
GMB,Rural,2009,594064.0
GMB,Towns,2009,450706.0
GNB,Cities,2009,472764.0
GNB,Rural,2009,734581.0
GNB,Towns,2009,319033.0
GNQ,Cities,2009,591694.0
GNQ,Rural,2009,346578.0
GNQ,Towns,2009,197401.0
KEN,Cities,2009,7139461.0
KEN,Rural,2009,12893013.0
KEN,Towns,2009,20376417.0
LBR,Cities,2009,1481644.0
LBR,Rural,2009,1768822.0
LBR,Towns,2009,692561.0
LSO,Cities,2009,218074.0
LSO,Rural,2009,1255270.0
LSO,Towns,2009,507538.0
MDG,Cities,2009,2513231.0
MDG,Rural,2009,13888200.0
MDG,Towns,2009,5145848.0
MLI,Cities,2009,3331472.0
MLI,Rural,2009,8922242.0
MLI,Towns,2009,3181824.0
MOZ,Cities,2009,5692832.0
MOZ,Rural,2009,11170758.0
MOZ,Towns,2009,5528154.0
MRT,Cities,2009,945535.0
MRT,Rural,2009,1484082.0
MRT,Towns,2009,854831.0
MUS,Cities,2009,560403.0
MUS,Rural,2009,107932.0
MUS,Towns,2009,610637.0
MWI,Cities,2009,1367039.0
MWI,Rural,2009,6998063.0
MWI,Towns,2009,6030686.0
NAM,Cities,2009,259803.99999999997
NAM,Rural,2009,1313491.0
NAM,Towns,2009,504099.0
NER,Cities,2009,4122513.0
NER,Rural,2009,7764940.0
NER,Towns,2009,4056223.0
NGA,Cities,2009,74345149.0
NGA,Rural,2009,33416631.0
NGA,Towns,2009,54287684.0
RWA,Cities,2009,1160774.0
RWA,Rural,2009,1542500.0
RWA,Towns,2009,7357158.0
SDN,Cities,2009,17329550.0
SDN,Rural,2009,8468795.0
SDN,Towns,2009,8770768.0
SEN,Cities,2009,5921522.0
SEN,Rural,2009,3818345.0
SEN,Towns,2009,2597522.0
SLE,Cities,2009,1972017.0
SLE,Rural,2009,2897446.0
SLE,Towns,2009,1186184.0
SOM,Cities,2009,7507807.0
SOM,Rural,2009,2221756.0
SOM,Towns,2009,2231637.0
SSA,Cities,2009,293399193.0
SSA,Rural,2009,308936768.0
SSA,Towns,2009,268049202.0
SSD,Cities,2009,2344071.0
SSD,Rural,2009,4468337.0
SSD,Towns,2009,2431148.0
STP,Cities,2009,97864.0
STP,Rural,2009,32543.999999999996
STP,Towns,2009,47445.0
SWZ,Cities,2009,86966.0
SWZ,Rural,2009,788394.0
SWZ,Towns,2009,229793.0
SYC,Cities,2009,0.0
SYC,Rural,2009,25124.0
SYC,Towns,2009,68504.0
TCD,Cities,2009,3974384.0
TCD,Rural,2009,5593397.0
TCD,Towns,2009,2325973.0
TGO,Cities,2009,2905525.0
TGO,Rural,2009,1832727.0
TGO,Towns,2009,1813613.0
TZA,Cities,2009,8124108.0
TZA,Rural,2009,23148484.0
TZA,Towns,2009,12361389.0
UGA,Cities,2009,3848498.0
UGA,Rural,2009,14249149.0
UGA,Towns,2009,13353504.0
ZAF,Cities,2009,21640085.0
ZAF,Rural,2009,12710392.0
ZAF,Towns,2009,17378039.0
ZMB,Cities,2009,4475358.0
ZMB,Rural,2009,6562511.0
ZMB,Towns,2009,2452520.0
ZWE,Cities,2009,3201009.0
ZWE,Rural,2009,8289063.0
ZWE,Towns,2009,1652718.0
AFE,Cities,2010,155693757.0
AFE,Rural,2010,203995863.0
AFE,Towns,2010,170656274.0
AFW,Cities,2010,149468297.0
AFW,Rural,2010,110093194.0
AFW,Towns,2010,104796774.0
AGO,Cities,2010,12880425.0
AGO,Rural,2010,6750225.0
AGO,Towns,2010,3664175.0
BDI,Cities,2010,1380225.0
BDI,Rural,2010,2559402.0
BDI,Towns,2010,5436817.0
BEN,Cities,2010,3300090.0
BEN,Rural,2010,2815374.0
BEN,Towns,2010,3682020.0
BFA,Cities,2010,3454041.0
BFA,Rural,2010,8259420.0
BFA,Towns,2010,4463037.0
BWA,Cities,2010,232879.0
BWA,Rural,2010,624808.0
BWA,Towns,2010,1175422.0
CAF,Cities,2010,980522.0
CAF,Rural,2010,2057741.0
CAF,Towns,2010,1454733.0
CIV,Cities,2010,7965362.0
CIV,Rural,2010,8209495.999999999
CIV,Towns,2010,6313207.0
CMR,Cities,2010,10182823.0
CMR,Rural,2010,5253706.0
CMR,Towns,2010,4231537.0
COD,Cities,2010,30629156.0
COD,Rural,2010,21293841.0
COD,Towns,2010,16640041.000000002
COG,Cities,2010,3164427.0
COG,Rural,2010,563310.0
COG,Towns,2010,734552.0
COM,Cities,2010,301413.0
COM,Rural,2010,133523.0
COM,Towns,2010,219900.0
CPV,Cities,2010,191246.0
CPV,Rural,2010,130003.99999999999
CPV,Towns,2010,188534.0
ERI,Cities,2010,1146130.0
ERI,Rural,2010,1098141.0
ERI,Towns,2010,700915.0
ETH,Cities,2010,18370156.0
ETH,Rural,2010,39551669.0
ETH,Towns,2010,32616689.0
GAB,Cities,2010,972770.0
GAB,Rural,2010,353271.0
GAB,Towns,2010,393838.0
GHA,Cities,2010,10970426.0
GHA,Rural,2010,6500618.0
GHA,Towns,2010,8003950.0
GIN,Cities,2010,3371935.0
GIN,Rural,2010,5205401.0
GIN,Towns,2010,1818749.0
GMB,Cities,2010,879407.0
GMB,Rural,2010,599021.0
GMB,Towns,2010,448202.0
GNB,Cities,2010,508831.0
GNB,Rural,2010,748157.0
GNB,Towns,2010,309360.0
GNQ,Cities,2010,626985.0
GNQ,Rural,2010,351777.0
GNQ,Towns,2010,210323.0
KEN,Cities,2010,7483037.0
KEN,Rural,2010,12968656.0
KEN,Towns,2010,21146873.0
LBR,Cities,2010,1499710.0
LBR,Rural,2010,1849498.0
LBR,Towns,2010,709682.0
LSO,Cities,2010,220182.0
LSO,Rural,2010,1265225.0
LSO,Towns,2010,510844.0
MDG,Cities,2010,2665015.0
MDG,Rural,2010,14193629.0
MDG,Towns,2010,5324696.0
MLI,Cities,2010,3533114.0
MLI,Rural,2010,9143461.0
MLI,Towns,2010,3268622.0
MOZ,Cities,2010,5878991.0
MOZ,Rural,2010,11461270.0
MOZ,Towns,2010,5658973.0
MRT,Cities,2010,996518.0
MRT,Rural,2010,1514333.0
MRT,Towns,2010,880113.0
MUS,Cities,2010,560123.0
MUS,Rural,2010,108536.0
MUS,Towns,2010,614050.0
MWI,Cities,2010,1425658.0
MWI,Rural,2010,7031650.0
MWI,Towns,2010,6369155.0
NAM,Cities,2010,268712.0
NAM,Rural,2010,1321402.0
NAM,Towns,2010,519695.00000000006
NER,Cities,2010,4329031.0
NER,Rural,2010,8032215.0
NER,Towns,2010,4187589.0
NGA,Cities,2010,77266092.0
NGA,Rural,2010,33990557.0
NGA,Towns,2010,55386237.0
RWA,Cities,2010,1215815.0
RWA,Rural,2010,1511802.0
RWA,Towns,2010,7589937.0
SDN,Cities,2010,17826049.0
SDN,Rural,2010,8614022.0
SDN,Towns,2010,8974329.0
SEN,Cities,2010,6070253.0
SEN,Rural,2010,3896363.0
SEN,Towns,2010,2668796.0
SLE,Cities,2010,2074918.0000000002
SLE,Rural,2010,2960071.0
SLE,Towns,2010,1187725.0
SOM,Cities,2010,7743750.0
SOM,Rural,2010,2245995.0
SOM,Towns,2010,2272010.0
SSA,Cities,2010,305162054.0
SSA,Rural,2010,314089057.0
SSA,Towns,2010,275453048.0
SSD,Cities,2010,2512528.0
SSD,Rural,2010,4590519.0
SSD,Towns,2010,2642907.0
STP,Cities,2010,100229.0
STP,Rural,2010,33068.0
STP,Towns,2010,48505.0
SWZ,Cities,2010,87822.0
SWZ,Rural,2010,793374.0
SWZ,Towns,2010,230455.0
SYC,Cities,2010,0.0
SYC,Rural,2010,25579.0
SYC,Towns,2010,69392.0
TCD,Cities,2010,4140609.9999999995
TCD,Rural,2010,5786235.0
TCD,Towns,2010,2385730.0
TGO,Cities,2010,2989186.0
TGO,Rural,2010,1873165.0
TGO,Towns,2010,1870238.0
TZA,Cities,2010,8496560.0
TZA,Rural,2010,23535516.0
TZA,Towns,2010,12726412.0
UGA,Cities,2010,4053924.0
UGA,Rural,2010,14386981.0
UGA,Towns,2010,13949897.0
ZAF,Cities,2010,22218333.0
ZAF,Rural,2010,12715424.0
ZAF,Towns,2010,17410294.0
ZMB,Cities,2010,4696932.0
ZMB,Rural,2010,6756453.0
ZMB,Towns,2010,2512209.0
ZWE,Cities,2010,3299713.0
ZWE,Rural,2010,8425153.0
ZWE,Towns,2010,1631682.0
AFE,Cities,2011,162237100.0
AFE,Rural,2011,206115315.0
AFE,Towns,2011,176429015.0
AFW,Cities,2011,155485289.0
AFW,Rural,2011,112408870.0
AFW,Towns,2011,106895982.0
AGO,Cities,2011,13681704.0
AGO,Rural,2011,6844294.0
AGO,Towns,2011,3692354.0
BDI,Cities,2011,1451872.0
BDI,Rural,2011,2510445.0
BDI,Towns,2011,5755661.0
BEN,Cities,2011,3511429.0
BEN,Rural,2011,2875390.0
BEN,Towns,2011,3706806.0
BFA,Cities,2011,3665857.0
BFA,Rural,2011,8473495.0
BFA,Towns,2011,4522556.0
BWA,Cities,2011,260708.00000000003
BWA,Rural,2011,635283.0
BWA,Towns,2011,1177544.0
CAF,Cities,2011,1016709.0
CAF,Rural,2011,2084460.0
CAF,Towns,2011,1463853.0
CIV,Cities,2011,8223376.0
CIV,Rural,2011,8287028.0
CIV,Towns,2011,6471595.0
CMR,Cities,2011,10531530.0
CMR,Rural,2011,5373331.0
CMR,Towns,2011,4327443.0
COD,Cities,2011,32051152.0
COD,Rural,2011,21618239.0
COD,Towns,2011,17179920.0
COG,Cities,2011,3344222.0
COG,Rural,2011,558772.0
COG,Towns,2011,706729.0
COM,Cities,2011,307691.0
COM,Rural,2011,130616.00000000001
COM,Towns,2011,229750.0
CPV,Cities,2011,192988.0
CPV,Rural,2011,131684.0
CPV,Towns,2011,186774.0
ERI,Cities,2011,1165137.0
ERI,Rural,2011,1113901.0
ERI,Towns,2011,719447.0
ETH,Cities,2011,19345190.0
ETH,Rural,2011,39868517.0
ETH,Towns,2011,33936263.0
GAB,Cities,2011,1011624.0
GAB,Rural,2011,361196.0
GAB,Towns,2011,409165.0
GHA,Cities,2011,11429304.0
GHA,Rural,2011,6581090.0
GHA,Towns,2011,8084694.0
GIN,Cities,2011,3502243.0
GIN,Rural,2011,5283016.0
GIN,Towns,2011,1871551.0
GMB,Cities,2011,929992.0
GMB,Rural,2011,603425.0
GMB,Towns,2011,450367.0
GNB,Cities,2011,531207.0
GNB,Rural,2011,761096.0
GNB,Towns,2011,315772.0
GNQ,Cities,2011,660525.0
GNQ,Rural,2011,359365.0
GNQ,Towns,2011,221945.0
KEN,Cities,2011,7924534.0
KEN,Rural,2011,12981635.0
KEN,Towns,2011,21852292.0
LBR,Cities,2011,1602083.0
LBR,Rural,2011,1902401.0
LBR,Towns,2011,716694.0
LSO,Cities,2011,222355.0
LSO,Rural,2011,1274312.0
LSO,Towns,2011,517341.0
MDG,Cities,2011,2893076.0
MDG,Rural,2011,14426043.0
MDG,Towns,2011,5503181.0
MLI,Cities,2011,3716693.0
MLI,Rural,2011,9363510.0
MLI,Towns,2011,3388846.0
MOZ,Cities,2011,6147536.0
MOZ,Rural,2011,11745132.0
MOZ,Towns,2011,5756371.0
MRT,Cities,2011,1069394.0
MRT,Rural,2011,1542031.0
MRT,Towns,2011,891386.0
MUS,Cities,2011,560594.0
MUS,Rural,2011,109202.0
MUS,Towns,2011,616471.0
MWI,Cities,2011,1510063.0
MWI,Rural,2011,7014443.0
MWI,Towns,2011,6740516.0
NAM,Cities,2011,289544.0
NAM,Rural,2011,1329634.0
NAM,Towns,2011,527147.0
NER,Cities,2011,4479690.0
NER,Rural,2011,8366254.999999999
NER,Towns,2011,4330338.0
NGA,Cities,2011,80231611.0
NGA,Rural,2011,34621140.0
NGA,Towns,2011,56526847.0
RWA,Cities,2011,1260923.0
RWA,Rural,2011,1460522.0
RWA,Towns,2011,7852288.0
SDN,Cities,2011,18149305.0
SDN,Rural,2011,8774439.0
SDN,Towns,2011,9217062.0
SEN,Cities,2011,6264219.0
SEN,Rural,2011,3969444.0
SEN,Towns,2011,2725234.0
SLE,Cities,2011,2172274.0
SLE,Rural,2011,3003856.0
SLE,Towns,2011,1211121.0
SOM,Cities,2011,7837135.0
SOM,Rural,2011,2246308.0
SOM,Towns,2011,2265387.0
SSA,Cities,2011,317722389.0
SSA,Rural,2011,318524185.0
SSA,Towns,2011,283324997.0
SSD,Cities,2011,2739985.0
SSD,Rural,2011,4678388.0
SSD,Towns,2011,2869736.0
STP,Cities,2011,103168.0
STP,Rural,2011,33559.0
STP,Towns,2011,48922.0
SWZ,Cities,2011,88575.0
SWZ,Rural,2011,801961.0
SWZ,Towns,2011,227298.0
SYC,Cities,2011,0.0
SYC,Rural,2011,25162.0
SYC,Towns,2011,71862.0
TCD,Cities,2011,4292139.0
TCD,Rural,2011,5989676.0
TCD,Towns,2011,2473182.0
TGO,Cities,2011,3106180.0
TGO,Rural,2011,1917209.0
TGO,Towns,2011,1893084.0
TZA,Cities,2011,8963433.0
TZA,Rural,2011,23874547.0
TZA,Towns,2011,13191386.0
UGA,Cities,2011,4253460.0
UGA,Rural,2011,14352743.0
UGA,Towns,2011,14748342.0
ZAF,Cities,2011,22775006.0
ZAF,Rural,2011,12712645.0
ZAF,Towns,2011,17507554.0
ZMB,Cities,2011,4903247.0
ZMB,Rural,2011,6949212.0
ZMB,Towns,2011,2585337.0
ZWE,Cities,2011,3351707.0
ZWE,Rural,2011,8604133.0
ZWE,Towns,2011,1639583.0
AFE,Cities,2012,168958394.0
AFE,Rural,2012,208370987.0
AFE,Towns,2012,182325104.0
AFW,Cities,2012,161562507.0
AFW,Rural,2012,114759602.0
AFW,Towns,2012,109038237.0
AGO,Cities,2012,14502352.0
AGO,Rural,2012,6948814.0
AGO,Towns,2012,3726227.0
BDI,Cities,2012,1525293.0
BDI,Rural,2012,2464107.0
BDI,Towns,2012,6081629.0
BEN,Cities,2012,3725252.0
BEN,Rural,2012,2937713.0
BEN,Towns,2012,3734692.0
BFA,Cities,2012,3882895.0
BFA,Rural,2012,8700354.0
BFA,Towns,2012,4589038.0
BWA,Cities,2012,287945.0
BWA,Rural,2012,644113.0
BWA,Towns,2012,1176557.0
CAF,Cities,2012,1047339.9999999999
CAF,Rural,2012,2099131.0
CAF,Towns,2012,1464377.0
CIV,Cities,2012,8477794.0
CIV,Rural,2012,8361896.000000001
CIV,Towns,2012,6627388.0
CMR,Cities,2012,10886742.0
CMR,Rural,2012,5496545.0
CMR,Towns,2012,4426242.0
COD,Cities,2012,33525428.999999996
COD,Rural,2012,21980467.0
COD,Towns,2012,17748722.0
COG,Cities,2012,3512268.0
COG,Rural,2012,552095.0
COG,Towns,2012,676087.0
COM,Cities,2012,314131.0
COM,Rural,2012,127793.0
COM,Towns,2012,239706.0
CPV,Cities,2012,194297.0
CPV,Rural,2012,133070.0
CPV,Towns,2012,184588.0
ERI,Cities,2012,1178379.0
ERI,Rural,2012,1124128.0
ERI,Towns,2012,734481.0
ETH,Cities,2012,20327658.0
ETH,Rural,2012,40201942.0
ETH,Towns,2012,35269167.0
GAB,Cities,2012,1052064.0
GAB,Rural,2012,369691.0
GAB,Towns,2012,425135.0
GHA,Cities,2012,11896337.0
GHA,Rural,2012,6666458.0
GHA,Towns,2012,8171473.0
GIN,Cities,2012,3633787.0
GIN,Rural,2012,5362744.0
GIN,Towns,2012,1925049.0
GMB,Cities,2012,981557.0
GMB,Rural,2012,608501.0
GMB,Towns,2012,453035.0
GNB,Cities,2012,554101.0
GNB,Rural,2012,774811.0
GNB,Towns,2012,322505.0
GNQ,Cities,2012,693473.0
GNQ,Rural,2012,366642.0
GNQ,Towns,2012,233368.0
KEN,Cities,2012,8360946.0
KEN,Rural,2012,12984763.0
KEN,Towns,2012,22542593.0
LBR,Cities,2012,1701201.0
LBR,Rural,2012,1950259.0
LBR,Towns,2012,721584.0
LSO,Cities,2012,224813.0
LSO,Rural,2012,1285043.0
LSO,Towns,2012,524498.0
MDG,Cities,2012,3121173.0
MDG,Rural,2012,14659334.0
MDG,Towns,2012,5681931.0
MLI,Cities,2012,3891996.0
MLI,Rural,2012,9563383.0
MLI,Towns,2012,3501654.0
MOZ,Cities,2012,6425891.0
MOZ,Rural,2012,12048492.0
MOZ,Towns,2012,5863463.0
MRT,Cities,2012,1143585.0
MRT,Rural,2012,1571668.0
MRT,Towns,2012,903781.0
MUS,Cities,2012,560777.0
MUS,Rural,2012,109814.0
MUS,Towns,2012,618580.0
MWI,Cities,2012,1595007.0
MWI,Rural,2012,7000277.0
MWI,Towns,2012,7114293.0
NAM,Cities,2012,311819.0
NAM,Rural,2012,1345321.0
NAM,Towns,2012,537514.0
NER,Cities,2012,4639015.0
NER,Rural,2012,8716278.0
NER,Towns,2012,4481475.0
NGA,Cities,2012,83236373.0
NGA,Rural,2012,35268856.0
NGA,Towns,2012,57695395.0
RWA,Cities,2012,1306008.0
RWA,Rural,2012,1409374.0
RWA,Towns,2012,8114519.0
SDN,Cities,2012,18501041.0
SDN,Rural,2012,8948587.0
SDN,Towns,2012,9473550.0
SEN,Cities,2012,6471472.0
SEN,Rural,2012,4051345.0
SEN,Towns,2012,2787677.0
SLE,Cities,2012,2269404.0
SLE,Rural,2012,3047296.0
SLE,Towns,2012,1234381.0
SOM,Cities,2012,7945309.0
SOM,Rural,2012,2251720.0
SOM,Towns,2012,2264131.0
SSA,Cities,2012,330520901.0
SSA,Rural,2012,323130589.0
SSA,Towns,2012,291363341.0
SSD,Cities,2012,2951487.0
SSD,Rural,2012,4725416.0
SSD,Towns,2012,3079337.0
STP,Cities,2012,106076.0
STP,Rural,2012,34040.0
STP,Towns,2012,49323.0
SWZ,Cities,2012,89315.0
SWZ,Rural,2012,810437.0
SWZ,Towns,2012,224111.0
SYC,Cities,2012,0.0
SYC,Rural,2012,24869.0
SYC,Towns,2012,74674.0
TCD,Cities,2012,4448230.0
TCD,Rural,2012,6199504.0
TCD,Towns,2012,2563264.0
TGO,Cities,2012,3223324.0
TGO,Rural,2012,1961362.0
TGO,Towns,2012,1916049.0
TZA,Cities,2012,9443388.0
TZA,Rural,2012,24253910.0
TZA,Towns,2012,13676961.0
UGA,Cities,2012,4455194.0
UGA,Rural,2012,14328174.0
UGA,Towns,2012,15554070.0
ZAF,Cities,2012,23388612.0
ZAF,Rural,2012,12743459.0
ZAF,Towns,2012,17650495.0
ZMB,Cities,2012,5110718.0
ZMB,Rural,2012,7143777.0
ZMB,Towns,2012,2659134.0
ZWE,Cities,2012,3399633.0
ZWE,Rural,2012,8772816.0
ZWE,Towns,2012,1645438.0
AFE,Cities,2013,176041581.0
AFE,Rural,2013,210809670.0
AFE,Towns,2013,188395644.0
AFW,Cities,2013,167676759.0
AFW,Rural,2013,117144634.0
AFW,Towns,2013,111208817.0
AGO,Cities,2013,15339872.0
AGO,Rural,2013,7061352.0
AGO,Towns,2013,3764395.0
BDI,Cities,2013,1601125.0
BDI,Rural,2013,2420833.0
BDI,Towns,2013,6417382.0
BEN,Cities,2013,3941547.0
BEN,Rural,2013,3002074.0
BEN,Towns,2013,3765213.0
BFA,Cities,2013,4102787.0000000005
BFA,Rural,2013,8933677.0
BFA,Towns,2013,4658945.0
BWA,Cities,2013,314759.0
BWA,Rural,2013,652024.0
BWA,Towns,2013,1173899.0
CAF,Cities,2013,1074832.0
CAF,Rural,2013,2107281.0
CAF,Towns,2013,1460306.0
CIV,Cities,2013,8727269.0
CIV,Rural,2013,8432933.0
CIV,Towns,2013,6779573.0
CMR,Cities,2013,11249966.0
CMR,Rural,2013,5623974.0
CMR,Towns,2013,4528436.0
COD,Cities,2013,35058790.0
COD,Rural,2013,22381705.0
COD,Towns,2013,18348899.0
COG,Cities,2013,3669768.0
COG,Rural,2013,543814.0
COG,Towns,2013,643517.0
COM,Cities,2013,321026.0
COM,Rural,2013,125160.0
COM,Towns,2013,250005.0
CPV,Cities,2013,195515.0
CPV,Rural,2013,134393.0
CPV,Towns,2013,182317.0
ERI,Cities,2013,1191176.0
ERI,Rural,2013,1133921.0
ERI,Towns,2013,749263.0
ETH,Cities,2013,21308087.0
ETH,Rural,2013,40531981.0
ETH,Towns,2013,36598683.0
GAB,Cities,2013,1093229.0
GAB,Rural,2013,378433.0
GAB,Towns,2013,441397.0
GHA,Cities,2013,12369067.0
GHA,Rural,2013,6754994.0
GHA,Towns,2013,8262132.0
GIN,Cities,2013,3767120.0
GIN,Rural,2013,5445241.0
GIN,Towns,2013,1979512.0
GMB,Cities,2013,1033814.0000000001
GMB,Rural,2013,613993.0
GMB,Towns,2013,456013.0
GNB,Cities,2013,577403.0
GNB,Rural,2013,789096.0
GNB,Towns,2013,329474.0
GNQ,Cities,2013,726997.0
GNQ,Rural,2013,374236.0
GNQ,Towns,2013,244985.0
KEN,Cities,2013,8791529.0
KEN,Rural,2013,12978401.0
KEN,Towns,2013,23216861.0
LBR,Cities,2013,1779109.0
LBR,Rural,2013,1973706.0
LBR,Towns,2013,717423.0
LSO,Cities,2013,227471.0
LSO,Rural,2013,1296914.0
LSO,Towns,2013,532119.0
MDG,Cities,2013,3350104.0
MDG,Rural,2013,14896888.0
MDG,Towns,2013,5862297.0
MLI,Cities,2013,4070403.0
MLI,Rural,2013,9771781.0
MLI,Towns,2013,3617431.0
MOZ,Cities,2013,6710785.0
MOZ,Rural,2013,12364228.0
MOZ,Towns,2013,5976599.0
MRT,Cities,2013,1217497.0
MRT,Rural,2013,1600887.0
MRT,Towns,2013,915934.0
MUS,Cities,2013,560485.0
MUS,Rural,2013,110332.0
MUS,Towns,2013,620166.0
MWI,Cities,2013,1680717.0
MWI,Rural,2013,6989614.0
MWI,Towns,2013,7491485.0
NAM,Cities,2013,335456.0
NAM,Rural,2013,1366839.0
NAM,Towns,2013,550213.0
NER,Cities,2013,4804235.0
NER,Rural,2013,9077354.0
NER,Towns,2013,4638309.0
NGA,Cities,2013,86254514.0
NGA,Rural,2013,35922026.0
NGA,Towns,2013,58872904.0
RWA,Cities,2013,1351958.0
RWA,Rural,2013,1359240.0
RWA,Towns,2013,8382142.0
SDN,Cities,2013,18893211.0
SDN,Rural,2013,9142273.0
SDN,Towns,2013,9750364.0
SEN,Cities,2013,6702359.0
SEN,Rural,2013,4148136.0000000005
SEN,Towns,2013,2860354.0
SLE,Cities,2013,2366241.0
SLE,Rural,2013,3090332.0
SLE,Towns,2013,1257478.0
SOM,Cities,2013,8242037.0
SOM,Rural,2013,2310737.0
SOM,Towns,2013,2316820.0
SSA,Cities,2013,343718340.0
SSA,Rural,2013,327954304.0
SSA,Towns,2013,299604461.0
SSD,Cities,2013,3149489.0
SSD,Rural,2013,4742259.0
SSD,Towns,2013,3274528.0
STP,Cities,2013,108939.0
STP,Rural,2013,34506.0
STP,Towns,2013,49703.0
SWZ,Cities,2013,90063.0
SWZ,Rural,2013,818982.0
SWZ,Towns,2013,220945.0
SYC,Cities,2013,0.0
SYC,Rural,2013,24582.0
SYC,Towns,2013,77510.0
TCD,Cities,2013,4612431.0
TCD,Rural,2013,6420632.0
TCD,Towns,2013,2658018.0
TGO,Cities,2013,3340656.0
TGO,Rural,2013,2005641.0
TGO,Towns,2013,1939146.0
TZA,Cities,2013,9943841.0
TZA,Rural,2013,24687641.0
TZA,Towns,2013,14192646.0
UGA,Cities,2013,4658950.0
UGA,Rural,2013,14311435.0
UGA,Towns,2013,16366657.0
ZAF,Cities,2013,24049259.0
ZAF,Rural,2013,12800242.0
ZAF,Towns,2013,17829291.0
ZMB,Cities,2013,5321424.0
ZMB,Rural,2013,7342933.0
ZMB,Towns,2013,2734640.0
ZWE,Cities,2013,3441028.0
ZWE,Rural,2013,8924648.0
ZWE,Towns,2013,1648132.0
AFE,Cities,2014,183236643.0
AFE,Rural,2014,213271791.0
AFE,Towns,2014,194504643.0
AFW,Cities,2014,173909513.0
AFW,Rural,2014,119636738.0
AFW,Towns,2014,113445799.0
AGO,Cities,2014,16181861.0
AGO,Rural,2014,7175514.0
AGO,Towns,2014,3803394.0
BDI,Cities,2014,1675857.0
BDI,Rural,2014,2375033.0
BDI,Towns,2014,6748895.0
BEN,Cities,2014,4161599.0
BEN,Rural,2014,3069219.0
BEN,Towns,2014,3799186.0
BFA,Cities,2014,4325319.0
BFA,Rural,2014,9172485.0
BFA,Towns,2014,4731657.0
BWA,Cities,2014,341420.0
BWA,Rural,2014,659724.0
BWA,Towns,2014,1170900.0
CAF,Cities,2014,1090374.0
CAF,Rural,2014,2092426.0
CAF,Towns,2014,1440382.0
CIV,Cities,2014,9018523.0
CIV,Rural,2014,8544597.0
CIV,Towns,2014,6964275.0
CMR,Cities,2014,11647226.0
CMR,Rural,2014,5768373.0
CMR,Towns,2014,4644294.0
COD,Cities,2014,36629557.0
COD,Rural,2014,22805496.0
COD,Towns,2014,18968189.0
COG,Cities,2014,3828602.0
COG,Rural,2014,535857.0
COG,Towns,2014,611422.0
COM,Cities,2014,328267.0
COM,Rural,2014,122653.0
COM,Towns,2014,260583.00000000003
CPV,Cities,2014,196667.0
CPV,Rural,2014,135670.0
CPV,Towns,2014,179989.0
ERI,Cities,2014,1197561.0
ERI,Rural,2014,1137615.0
ERI,Towns,2014,759998.0
ETH,Cities,2014,22296455.0
ETH,Rural,2014,40877283.0
ETH,Towns,2014,37941872.0
GAB,Cities,2014,1133926.0
GAB,Rural,2014,387005.0
GAB,Towns,2014,457469.0
GHA,Cities,2014,12843496.0
GHA,Rural,2014,6844334.0
GHA,Towns,2014,8353762.000000001
GIN,Cities,2014,3904088.0
GIN,Rural,2014,5532955.0
GIN,Towns,2014,2035881.0
GMB,Cities,2014,1086087.0
GMB,Rural,2014,619466.0
GMB,Towns,2014,458975.0
GNB,Cities,2014,600914.0
GNB,Rural,2014,803650.0
GNB,Towns,2014,336558.0
GNQ,Cities,2014,760995.0
GNQ,Rural,2014,382070.0
GNQ,Towns,2014,256762.0
KEN,Cities,2014,9215323.0
KEN,Rural,2014,12962540.0
KEN,Towns,2014,23873578.0
LBR,Cities,2014,1855317.0
LBR,Rural,2014,1995991.0
LBR,Towns,2014,712986.0
LSO,Cities,2014,230287.0
LSO,Rural,2014,1309687.0
LSO,Towns,2014,540114.0
MDG,Cities,2014,3580207.0
MDG,Rural,2014,15139476.0
MDG,Towns,2014,6044664.0
MLI,Cities,2014,4262372.0
MLI,Rural,2014,10012652.0
MLI,Towns,2014,3745243.0
MOZ,Cities,2014,7001997.0
MOZ,Rural,2014,12691313.0
MOZ,Towns,2014,6095166.0
MRT,Cities,2014,1291051.0
MRT,Rural,2014,1629641.0
MRT,Towns,2014,927822.0
MUS,Cities,2014,559850.0
MUS,Rural,2014,110783.0
MUS,Towns,2014,621371.0
MWI,Cities,2014,1767226.0
MWI,Rural,2014,6982070.0
MWI,Towns,2014,7872241.0
NAM,Cities,2014,359440.0
NAM,Rural,2014,1389359.0
NAM,Towns,2014,563338.0
NER,Cities,2014,4972780.0
NER,Rural,2014,9444782.0
NER,Towns,2014,4798348.0
NGA,Cities,2014,89272347.0
NGA,Rural,2014,36574783.0
NGA,Towns,2014,60049785.0
RWA,Cities,2014,1398889.0
RWA,Rural,2014,1310035.0
RWA,Towns,2014,8655834.0
SDN,Cities,2014,19372710.0
SDN,Rural,2014,9378223.0
SDN,Towns,2014,10072385.0
SEN,Cities,2014,6953400.0
SEN,Rural,2014,4257188.0
SEN,Towns,2014,2941514.0
SLE,Cities,2014,2462849.0
SLE,Rural,2014,3133080.0
SLE,Towns,2014,1280456.0
SOM,Cities,2014,8578882.0
SOM,Rural,2014,2380482.0
SOM,Towns,2014,2380127.0
SSA,Cities,2014,357146156.0
SSA,Rural,2014,332908529.0
SSA,Towns,2014,307950442.0
SSD,Cities,2014,3250585.0
SSD,Rural,2014,4615435.0
SSD,Towns,2014,3369052.0
STP,Cities,2014,111751.0
STP,Rural,2014,34956.0
STP,Towns,2014,50060.0
SWZ,Cities,2014,90826.0
SWZ,Rural,2014,827659.0
SWZ,Towns,2014,217814.0
SYC,Cities,2014,0.0
SYC,Rural,2014,24296.0
SYC,Towns,2014,80358.0
TCD,Cities,2014,4782540.0
TCD,Rural,2014,6649961.0
TCD,Towns,2014,2756177.0
TGO,Cities,2014,3459041.0
TGO,Rural,2014,2050553.0
TGO,Towns,2014,1962856.0
TZA,Cities,2014,10460447.0
TZA,Rural,2014,25160032.0
TZA,Towns,2014,14731032.0
UGA,Cities,2014,4870488.0
UGA,Rural,2014,14318450.0
UGA,Towns,2014,17206601.0
ZAF,Cities,2014,24718962.0
ZAF,Rural,2014,12861470.0
ZAF,Towns,2014,18014406.0
ZMB,Cities,2014,5535940.0
ZMB,Rural,2014,7547291.0
ZMB,Towns,2014,2812083.0
ZWE,Cities,2014,3481855.0
ZWE,Rural,2014,9074916.0
ZWE,Towns,2014,1650588.0
AFE,Cities,2015,190599842.0
AFE,Rural,2015,215866973.0
AFE,Towns,2015,200699662.0
AFW,Cities,2015,180198690.0
AFW,Rural,2015,122202616.0
AFW,Towns,2015,115726536.0
AGO,Cities,2015,17025417.0
AGO,Rural,2015,7289906.0
AGO,Towns,2015,3842476.0
BDI,Cities,2015,1733000.0
BDI,Rural,2015,2305181.0
BDI,Towns,2015,7009399.0
BEN,Cities,2015,4385483.0
BEN,Rural,2015,3138955.0
BEN,Towns,2015,3836243.0
BFA,Cities,2015,4551392.0
BFA,Rural,2015,9418254.0
BFA,Towns,2015,4807841.0
BWA,Cities,2015,368004.0
BWA,Rural,2015,667388.0
BWA,Towns,2015,1167880.0
CAF,Cities,2015,1111609.0
CAF,Rural,2015,2089145.0
CAF,Towns,2015,1428566.0
CIV,Cities,2015,9358703.0
CIV,Rural,2015,8701222.0
CIV,Towns,2015,7186417.0
CMR,Cities,2015,12069063.0
CMR,Rural,2015,5924643.0
CMR,Towns,2015,4769708.0
COD,Cities,2015,38210126.0
COD,Rural,2015,23233510.0
COD,Towns,2015,19591896.0
COG,Cities,2015,3989492.0
COG,Rural,2015,528272.0
COG,Towns,2015,579816.0
COM,Cities,2015,335448.0
COM,Rural,2015,120110.0
COM,Towns,2015,271124.0
CPV,Cities,2015,197804.0
CPV,Rural,2015,136937.0
CPV,Towns,2015,177653.0
ERI,Cities,2015,1199924.0
ERI,Rural,2015,1137514.0
ERI,Towns,2015,768109.0
ETH,Cities,2015,23301679.0
ETH,Rural,2015,41252044.0
ETH,Towns,2015,39313411.0
GAB,Cities,2015,1173045.0
GAB,Rural,2015,395039.0
GAB,Towns,2015,472905.0
GHA,Cities,2015,13317638.0
GHA,Rural,2015,6933394.0
GHA,Towns,2015,8445036.0
GIN,Cities,2015,4045612.0
GIN,Rural,2015,5626869.0
GIN,Towns,2015,2094589.0
GMB,Cities,2015,1138021.0
GMB,Rural,2015,624728.0
GMB,Towns,2015,461779.0
GNB,Cities,2015,624501.0
GNB,Rural,2015,818280.0
GNB,Towns,2015,343674.0
GNQ,Cities,2015,795264.0
GNQ,Rural,2015,390028.0
GNQ,Towns,2015,268630.0
KEN,Cities,2015,9633159.0
KEN,Rural,2015,12939581.0
KEN,Towns,2015,24515786.0
LBR,Cities,2015,1931530.0
LBR,Rural,2015,2018965.0
LBR,Towns,2015,708936.0
LSO,Cities,2015,233208.0
LSO,Rural,2015,1323046.0
LSO,Towns,2015,548357.0
MDG,Cities,2015,3811478.0
MDG,Rural,2015,15386393.0
MDG,Towns,2015,6228831.0
MLI,Cities,2015,4457456.0
MLI,Rural,2015,10259947.0
MLI,Towns,2015,3875618.0
MOZ,Cities,2015,7299525.0
MOZ,Rural,2015,13029230.0
MOZ,Towns,2015,6218817.0
MRT,Cities,2015,1365710.0
MRT,Rural,2015,1659763.0
MRT,Towns,2015,940486.0
MUS,Cities,2015,558892.0
MUS,Rural,2015,111169.0
MUS,Towns,2015,622214.0
MWI,Cities,2015,1854243.0
MWI,Rural,2015,6976094.0
MWI,Towns,2015,8255250.0
NAM,Cities,2015,383922.0
NAM,Rural,2015,1413307.0
NAM,Towns,2015,577071.0
NER,Cities,2015,5148421.0
NER,Rural,2015,9825851.0
NER,Towns,2015,4965226.0
NGA,Cities,2015,92255401.0
NGA,Rural,2015,37213256.0
NGA,Towns,2015,61203222.0
RWA,Cities,2015,1446314.0
RWA,Rural,2015,1261145.0
RWA,Towns,2015,8932563.0
SDN,Cities,2015,19933467.0
SDN,Rural,2015,9653551.0
SDN,Towns,2015,10437414.0
SEN,Cities,2015,7204677.0
SEN,Rural,2015,4366062.0
SEN,Towns,2015,3022592.0
SLE,Cities,2015,2559063.0
SLE,Rural,2015,3175353.0
SLE,Towns,2015,1303239.0
SOM,Cities,2015,8915028.0
SOM,Rural,2015,2449445.0
SOM,Towns,2015,2442491.0
SSA,Cities,2015,370798532.0
SSA,Rural,2015,338069589.0
SSA,Towns,2015,316426198.0
SSD,Cities,2015,3290498.0
SSD,Rural,2015,4416347.0
SSD,Towns,2015,3400716.0
STP,Cities,2015,114508.0
STP,Rural,2015,35390.0
STP,Towns,2015,50393.0
SWZ,Cities,2015,91605.0
SWZ,Rural,2015,836486.0
SWZ,Towns,2015,214721.0
SYC,Cities,2015,0.0
SYC,Rural,2015,24011.0
SYC,Towns,2015,83219.0
TCD,Cities,2015,4939624.0
TCD,Rural,2015,6861167.0
TCD,Towns,2015,2846831.0
TGO,Cities,2015,3579181.0
TGO,Rural,2015,2096485.9999999998
TGO,Towns,2015,1987529.0
TZA,Cities,2015,11007759.0
TZA,Rural,2015,25701673.0
TZA,Towns,2015,15311529.0
UGA,Cities,2015,5092657.0
UGA,Rural,2015,14354319.0
UGA,Towns,2015,18084470.0
ZAF,Cities,2015,25484623.0
ZAF,Rural,2015,12971086.0
ZAF,Towns,2015,18267828.0
ZMB,Cities,2015,5753126.0
ZMB,Rural,2015,7755135.0
ZMB,Towns,2015,2890828.0
ZWE,Cities,2015,3522232.0
ZWE,Rural,2015,9223912.0
ZWE,Towns,2015,1652869.0
AFE,Cities,2016,197938497.0
AFE,Rural,2016,218293191.0
AFE,Towns,2016,207180916.0
AFW,Cities,2016,185715248.0
AFW,Rural,2016,125249992.0
AFW,Towns,2016,118489504.0
AGO,Cities,2016,17825392.0
AGO,Rural,2016,7480330.0
AGO,Towns,2016,3877349.0
BDI,Cities,2016,1755117.0
BDI,Rural,2016,2208812.0
BDI,Towns,2016,7275522.0
BEN,Cities,2016,4550008.0
BEN,Rural,2016,3227047.0
BEN,Towns,2016,3920787.0
BFA,Cities,2016,4719300.0
BFA,Rural,2016,9717345.0
BFA,Towns,2016,4898210.0
BWA,Cities,2016,386162.0
BWA,Rural,2016,679339.0
BWA,Towns,2016,1169275.0
CAF,Cities,2016,1142721.0
CAF,Rural,2016,2115172.0
CAF,Towns,2016,1455771.0
CIV,Cities,2016,9698567.0
CIV,Rural,2016,8856236.0
CIV,Towns,2016,7434603.0
CMR,Cities,2016,12459287.0
CMR,Rural,2016,6093427.0
CMR,Towns,2016,4901447.0
COD,Cities,2016,39877299.0
COD,Rural,2016,23771463.0
COD,Towns,2016,20307653.0
COG,Cities,2016,4161015.0000000005
COG,Rural,2016,517174.99999999994
COG,Towns,2016,544347.0
COM,Cities,2016,343107.0
COM,Rural,2016,118016.0
COM,Towns,2016,280618.0
CPV,Cities,2016,198816.0
CPV,Rural,2016,138720.0
CPV,Towns,2016,175018.0
ERI,Cities,2016,1210782.0
ERI,Rural,2016,1142834.0
ERI,Towns,2016,771082.0
ETH,Cities,2016,24456252.0
ETH,Rural,2016,41414131.0
ETH,Towns,2016,40847778.0
GAB,Cities,2016,1229168.0
GAB,Rural,2016,395140.0
GAB,Towns,2016,475998.0
GHA,Cities,2016,13780487.0
GHA,Rural,2016,7028993.0
GHA,Towns,2016,8547262.0
GIN,Cities,2016,4152755.0
GIN,Rural,2016,5735847.0
GIN,Towns,2016,2184428.0
GMB,Cities,2016,1182653.0
GMB,Rural,2016,626596.0
GMB,Towns,2016,474520.0
GNB,Cities,2016,644016.0
GNB,Rural,2016,836100.0
GNB,Towns,2016,351777.0
GNQ,Cities,2016,924897.0
GNQ,Rural,2016,348594.0
GNQ,Towns,2016,234696.0
KEN,Cities,2016,10108819.0
KEN,Rural,2016,12933866.0
KEN,Towns,2016,25097001.0
LBR,Cities,2016,2002383.0
LBR,Rural,2016,2036206.0
LBR,Towns,2016,717018.0
LSO,Cities,2016,241925.0
LSO,Rural,2016,1336549.0
LSO,Towns,2016,551948.0
MDG,Cities,2016,4105488.9999999995
MDG,Rural,2016,15597427.0
MDG,Towns,2016,6397036.0
MLI,Cities,2016,4679679.0
MLI,Rural,2016,10492358.0
MLI,Towns,2016,4019252.0
MOZ,Cities,2016,7512129.0
MOZ,Rural,2016,13473184.0
MOZ,Towns,2016,6351792.0
MRT,Cities,2016,1437385.0
MRT,Rural,2016,1701345.0
MRT,Towns,2016,947926.0
MUS,Cities,2016,558476.0
MUS,Rural,2016,112464.0
MUS,Towns,2016,620863.0
MWI,Cities,2016,1904047.0
MWI,Rural,2016,6965058.0
MWI,Towns,2016,8688634.0
NAM,Cities,2016,417984.0
NAM,Rural,2016,1444923.0
NAM,Towns,2016,576306.0
NER,Cities,2016,5231752.0
NER,Rural,2016,10256042.0
NER,Towns,2016,5197959.0
NGA,Cities,2016,94782392.0
NGA,Rural,2016,38103266.0
NGA,Towns,2016,62558042.0
RWA,Cities,2016,1521275.0
RWA,Rural,2016,1215098.0
RWA,Towns,2016,9182810.0
SDN,Cities,2016,20339099.0
SDN,Rural,2016,10053820.0
SDN,Towns,2016,10866974.0
SEN,Cities,2016,7407557.0
SEN,Rural,2016,4505612.0
SEN,Towns,2016,3121351.0
SLE,Cities,2016,2656667.0
SLE,Rural,2016,3206758.0
SLE,Towns,2016,1341903.0
SOM,Cities,2016,9244232.0
SOM,Rural,2016,2532015.0
SOM,Towns,2016,2572493.0
SSA,Cities,2016,383653745.0
SSA,Rural,2016,343543183.0
SSA,Towns,2016,325670420.0
SSD,Cities,2016,3253343.0
SSD,Rural,2016,4202349.0
SSD,Towns,2016,3374411.0
STP,Cities,2016,118613.0
STP,Rural,2016,35507.0
STP,Towns,2016,49569.0
SWZ,Cities,2016,73075.0
SWZ,Rural,2016,849219.0
SWZ,Towns,2016,227214.0
SYC,Cities,2016,0.0
SYC,Rural,2016,24332.0
SYC,Towns,2016,85489.0
TCD,Cities,2016,5002617.0
TCD,Rural,2016,7138061.0
TCD,Towns,2016,2973977.0
TGO,Cities,2016,3671126.0
TGO,Rural,2016,2173952.0
TGO,Towns,2016,2013212.0
TZA,Cities,2016,11622963.0
TZA,Rural,2016,26238336.0
TZA,Towns,2016,15962714.0
UGA,Cities,2016,5377767.0
UGA,Rural,2016,14145386.0
UGA,Towns,2016,19275999.0
ZAF,Cities,2016,26193827.0
ZAF,Rural,2016,12913989.0
ZAF,Towns,2016,18151735.0
ZMB,Cities,2016,6003564.0
ZMB,Rural,2016,7979799.0
ZMB,Towns,2016,2931061.0
ZWE,Cities,2016,3487759.0
ZWE,Rural,2016,9424945.0
ZWE,Towns,2016,1687590.0
AFE,Cities,2017,205426531.0
AFE,Rural,2017,220865338.0
AFE,Towns,2017,213809224.0
AFW,Cities,2017,191267155.0
AFW,Rural,2017,128339419.0
AFW,Towns,2017,121276330.0
AGO,Cities,2017,18641320.0
AGO,Rural,2017,7677642.0
AGO,Towns,2017,3915877.0
BDI,Cities,2017,1789128.0
BDI,Rural,2017,2129205.0
BDI,Towns,2017,7588429.0
BEN,Cities,2017,4716377.0
BEN,Rural,2017,3316458.0
BEN,Towns,2017,4006944.0
BFA,Cities,2017,4887800.0
BFA,Rural,2017,10017568.0
BFA,Towns,2017,4989039.0
BWA,Cities,2017,404391.0
BWA,Rural,2017,691430.0
BWA,Towns,2017,1170926.0
CAF,Cities,2017,1172755.0
CAF,Rural,2017,2139167.0
CAF,Towns,2017,1481588.0
CIV,Cities,2017,10038814.0
CIV,Rural,2017,9011486.0
CIV,Towns,2017,7683072.0
CMR,Cities,2017,12840834.0
CMR,Rural,2017,6257980.0
CMR,Towns,2017,5029787.0
COD,Cities,2017,41642576.0
COD,Rural,2017,24367552.0
COD,Towns,2017,21073269.0
COG,Cities,2017,4335225.0
COG,Rural,2017,506464.0
COG,Towns,2017,509323.0
COM,Cities,2017,350706.0
COM,Rural,2017,115902.0
COM,Towns,2017,290062.0
CPV,Cities,2017,199897.0
CPV,Rural,2017,140550.0
CPV,Towns,2017,172446.0
ERI,Cities,2017,1224127.0
ERI,Rural,2017,1150546.0
ERI,Towns,2017,775674.0
ETH,Cities,2017,25632114.0
ETH,Rural,2017,41615873.0
ETH,Towns,2017,42418494.0
GAB,Cities,2017,1283730.0
GAB,Rural,2017,394712.0
GAB,Towns,2017,478458.0
GHA,Cities,2017,14239263.0
GHA,Rural,2017,7122349.0
GHA,Towns,2017,8646743.0
GIN,Cities,2017,4262188.0
GIN,Rural,2017,5848062.0
GIN,Towns,2017,2275409.0
GMB,Cities,2017,1226867.0
GMB,Rural,2017,628232.0
GMB,Towns,2017,487091.0
GNB,Cities,2017,663440.0
GNB,Rural,2017,853801.0
GNB,Towns,2017,359830.0
GNQ,Cities,2017,1054710.0
GNQ,Rural,2017,307027.0
GNQ,Towns,2017,200659.0
KEN,Cities,2017,10586232.0
KEN,Rural,2017,12929672.0
KEN,Towns,2017,25681862.0
LBR,Cities,2017,2071991.0
LBR,Rural,2017,2052255.0
LBR,Towns,2017,724678.0
LSO,Cities,2017,250742.0
LSO,Rural,2017,1350602.0
LSO,Towns,2017,555766.0
MDG,Cities,2017,4401544.0
MDG,Rural,2017,15817878.0
MDG,Towns,2017,6568953.0
MLI,Cities,2017,4907512.0
MLI,Rural,2017,10737728.0
MLI,Towns,2017,4167770.9999999995
MOZ,Cities,2017,7735669.0
MOZ,Rural,2017,13936584.0
MOZ,Towns,2017,6494139.0
MRT,Cities,2017,1510140.0
MRT,Rural,2017,1744297.0
MRT,Towns,2017,956163.0
MUS,Cities,2017,557768.0
MUS,Rural,2017,113702.0
MUS,Towns,2017,619185.0
MWI,Cities,2017,1954919.0
MWI,Rural,2017,6958195.0
MWI,Towns,2017,9126601.0
NAM,Cities,2017,452429.0
NAM,Rural,2017,1478181.0
NAM,Towns,2017,576244.0
NER,Cities,2017,5316028.0
NER,Rural,2017,10687894.0
NER,Towns,2017,5431524.0
NGA,Cities,2017,97328592.0
NGA,Rural,2017,39000839.0
NGA,Towns,2017,63925146.0
RWA,Cities,2017,1596684.0
RWA,Rural,2017,1169480.0
RWA,Towns,2017,9435896.0
SDN,Cities,2017,20852740.0
SDN,Rural,2017,10507404.0
SDN,Towns,2017,11354162.0
SEN,Cities,2017,7610086.0
SEN,Rural,2017,4644952.0
SEN,Towns,2017,3219964.0
SLE,Cities,2017,2756552.0
SLE,Rural,2017,3241015.0
SLE,Towns,2017,1381732.0
SOM,Cities,2017,9590297.0
SOM,Rural,2017,2619218.0
SOM,Towns,2017,2707114.0
SSA,Cities,2017,396693686.0
SSA,Rural,2017,349204757.0
SSA,Towns,2017,335085554.0
SSD,Cities,2017,3125133.0
SSD,Rural,2017,3881123.0
SSD,Towns,2017,3252897.0
STP,Cities,2017,122648.0
STP,Rural,2017,35603.0
STP,Towns,2017,48719.0
SWZ,Cities,2017,54746.0
SWZ,Rural,2017,863393.0
SWZ,Towns,2017,240056.0
SYC,Cities,2017,0.0
SYC,Rural,2017,24657.0
SYC,Towns,2017,87769.0
TCD,Cities,2017,5079528.0
TCD,Rural,2017,7434152.0
TCD,Towns,2017,3109080.0
TGO,Cities,2017,3764826.0
TGO,Rural,2017,2252431.0
TGO,Towns,2017,2039883.0
TZA,Cities,2017,12243951.0
TZA,Rural,2017,26787274.0
TZA,Towns,2017,16621665.0
UGA,Cities,2017,5677860.0
UGA,Rural,2017,13978821.0
UGA,Towns,2017,20520707.0
ZAF,Cities,2017,26824685.0
ZAF,Rural,2017,12822622.0
ZAF,Towns,2017,17987856.0
ZMB,Cities,2017,6258021.0
ZMB,Rural,2017,8209941.000000001
ZMB,Towns,2017,2973359.0
ZWE,Cities,2017,3456101.0
ZWE,Rural,2017,9632838.0
ZWE,Towns,2017,1723543.0
AFE,Cities,2018,213288285.0
AFE,Rural,2018,223755924.0
AFE,Towns,2018,220798413.0
AFW,Cities,2018,196760319.0
AFW,Rural,2018,131414090.0
AFW,Towns,2018,124021508.0
AGO,Cities,2018,19463747.0
AGO,Rural,2018,7877634.0
AGO,Towns,2018,3955774.0
BDI,Cities,2018,1836413.0
BDI,Rural,2018,2065407.0000000002
BDI,Towns,2018,7957625.0
BEN,Cities,2018,4883391.0
BEN,Rural,2018,3406318.0
BEN,Towns,2018,4093639.0
BFA,Cities,2018,5052483.0
BFA,Rural,2018,10309920.0
BFA,Towns,2018,5075885.0
BWA,Cities,2018,422692.0
BWA,Rural,2018,703649.0
BWA,Towns,2018,1172799.0
CAF,Cities,2018,1204098.0
CAF,Rural,2018,2165514.0
CAF,Towns,2018,1509045.0
CIV,Cities,2018,10374131.0
CIV,Rural,2018,9162276.0
CIV,Towns,2018,7927767.0
CMR,Cities,2018,13224137.0
CMR,Rural,2018,6423411.0
CMR,Towns,2018,5158835.0
COD,Cities,2018,43330378.0
COD,Rural,2018,24917750.0
COD,Towns,2018,21799516.0
COG,Cities,2018,4512362.0
COG,Rural,2018,496102.0
COG,Towns,2018,474654.0
COM,Cities,2018,358300.0
COM,Rural,2018,113789.0
COM,Towns,2018,299501.0
CPV,Cities,2018,201049.0
CPV,Rural,2018,142430.0
CPV,Towns,2018,169936.0
ERI,Cities,2018,1243979.0
ERI,Rural,2018,1164384.0
ERI,Towns,2018,784397.0
ETH,Cities,2018,26819229.0
ETH,Rural,2018,41836873.0
ETH,Towns,2018,44008051.0
GAB,Cities,2018,1337585.0
GAB,Rural,2018,394073.0
GAB,Towns,2018,480661.0
GHA,Cities,2018,14687434.0
GHA,Rural,2018,7210386.0
GHA,Towns,2018,8739765.0
GIN,Cities,2018,4373851.0
GIN,Rural,2018,5963364.0
GIN,Towns,2018,2367558.0
GMB,Cities,2018,1270565.0
GMB,Rural,2018,629609.0
GMB,Towns,2018,499458.0
GNB,Cities,2018,682834.0
GNB,Rural,2018,871466.0
GNB,Towns,2018,367868.0
GNQ,Cities,2018,1184578.0
GNQ,Rural,2018,265325.0
GNQ,Towns,2018,166520.0
KEN,Cities,2018,11053231.0
KEN,Rural,2018,12912586.0
KEN,Towns,2018,26241290.0
LBR,Cities,2018,2142620.0
LBR,Rural,2018,2069389.0000000002
LBR,Towns,2018,732717.0
LSO,Cities,2018,259538.0
LSO,Rural,2018,1364532.0
LSO,Towns,2018,559534.0
MDG,Cities,2018,4700483.0
MDG,Rural,2018,16049128.0
MDG,Towns,2018,6745315.0
MLI,Cities,2018,5137167.0
MLI,Rural,2018,10987034.0
MLI,Towns,2018,4317829.0
MOZ,Cities,2018,7965518.0
MOZ,Rural,2018,14411330.0
MOZ,Towns,2018,6641797.0
MRT,Cities,2018,1584007.0
MRT,Rural,2018,1788555.0
MRT,Towns,2018,965123.0
MUS,Cities,2018,556768.0
MUS,Rural,2018,114882.0
MUS,Towns,2018,617183.0
MWI,Cities,2018,2006483.0
MWI,Rural,2018,6953881.0
MWI,Towns,2018,9567717.0
NAM,Cities,2018,487356.0
NAM,Rural,2018,1513117.0
NAM,Towns,2018,576853.0
NER,Cities,2018,5401069.0
NER,Rural,2018,11121186.0
NER,Towns,2018,5665814.0
NGA,Cities,2018,99813376.0
NGA,Rural,2018,39873706.0
NGA,Towns,2018,65251673.0
RWA,Cities,2018,1672489.0
RWA,Rural,2018,1124162.0
RWA,Towns,2018,9691344.0
SDN,Cities,2018,21395372.0
SDN,Rural,2018,10976803.0
SDN,Towns,2018,11858421.0
SEN,Cities,2018,7812129.0
SEN,Rural,2018,4783996.0
SEN,Towns,2018,3318373.0
SLE,Cities,2018,2856919.0
SLE,Rural,2018,3275841.0
SLE,Towns,2018,1421803.0
SOM,Cities,2018,9915808.0
SOM,Rural,2018,2700822.0
SOM,Towns,2018,2835857.0
SSA,Cities,2018,410048604.0
SSA,Rural,2018,355170014.0
SSA,Towns,2018,344819921.0
SSD,Cities,2018,3127023.0
SSD,Rural,2018,3729764.0
SSD,Towns,2018,3266190.0
STP,Cities,2018,126642.0
STP,Rural,2018,35690.0
STP,Towns,2018,47856.0
SWZ,Cities,2018,36522.0
SWZ,Rural,2018,879089.0
SWZ,Towns,2018,253318.0
SYC,Cities,2018,0.0
SYC,Rural,2018,24983.0
SYC,Towns,2018,90057.0
TCD,Cities,2018,5164706.0
TCD,Rural,2018,7742504.0
TCD,Towns,2018,3249320.0
TGO,Cities,2018,3859828.0
TGO,Rural,2018,2331685.0
TGO,Towns,2018,2067264.9999999998
TZA,Cities,2018,12855242.0
TZA,Rural,2018,27314552.0
TZA,Towns,2018,17267352.0
UGA,Cities,2018,5979407.0
UGA,Rural,2018,13815733.0
UGA,Towns,2018,21770691.0
ZAF,Cities,2018,27734469.0
ZAF,Rural,2018,12865761.0
ZAF,Towns,2018,18012772.0
ZMB,Cities,2018,6514384.0
ZMB,Rural,2018,8442606.0
ZMB,Towns,2018,3016580.0
ZWE,Cities,2018,3426812.0
ZWE,Rural,2018,9847017.0
ZWE,Towns,2018,1760623.0
AFE,Cities,2019,221232105.0
AFE,Rural,2019,226807733.0
AFE,Towns,2019,227950664.0
AFW,Cities,2019,202191840.0
AFW,Rural,2019,134455347.0
AFW,Towns,2019,126718239.0
AGO,Cities,2019,20296355.0
AGO,Rural,2019,8081640.0
AGO,Towns,2019,3997637.0
BDI,Cities,2019,1890311.0
BDI,Rural,2019,2007793.0
BDI,Towns,2019,8357233.0
BEN,Cities,2019,5050349.0
BEN,Rural,2019,3496133.0
BEN,Towns,2019,4180273.0
BFA,Cities,2019,5212148.0
BFA,Rural,2019,10592061.0
BFA,Towns,2019,5157744.0
BWA,Cities,2019,441096.0
BWA,Rural,2019,716037.0
BWA,Towns,2019,1174950.0
CAF,Cities,2019,1230711.0
CAF,Rural,2019,2183400.0
CAF,Towns,2019,1530592.0
CIV,Cities,2019,10708687.0
CIV,Rural,2019,9312440.0
CIV,Towns,2019,8171883.0
CMR,Cities,2019,13619129.0
CMR,Rural,2019,6594521.0
CMR,Towns,2019,5292445.0
COD,Cities,2019,44986824.0
COD,Rural,2019,25450468.0
COD,Towns,2019,22510150.0
COG,Cities,2019,4690730.0
COG,Rural,2019,485853.0
COG,Towns,2019,440078.0
COM,Cities,2019,365925.0
COM,Rural,2019,111688.0
COM,Towns,2019,308965.0
CPV,Cities,2019,202266.0
CPV,Rural,2019,144358.0
CPV,Towns,2019,167480.0
ERI,Cities,2019,1265804.0
ERI,Rural,2019,1180045.0
ERI,Towns,2019,794345.0
ETH,Cities,2019,28024587.0
ETH,Rural,2019,42085447.0
ETH,Towns,2019,45627349.0
GAB,Cities,2019,1391403.0
GAB,Rural,2019,393437.0
GAB,Towns,2019,482866.0
GHA,Cities,2019,15131703.0
GHA,Rural,2019,7296623.0
GHA,Towns,2019,8830619.0
GIN,Cities,2019,4489116.0
GIN,Rural,2019,6083553.0
GIN,Towns,2019,2461677.0
GMB,Cities,2019,1314130.0
GMB,Rural,2019,630936.0
GMB,Towns,2019,511777.0
GNB,Cities,2019,702381.0
GNB,Rural,2019,889326.0
GNB,Towns,2019,375988.0
GNQ,Cities,2019,1314384.0
GNQ,Rural,2019,223501.0
GNQ,Towns,2019,132292.0
KEN,Cities,2019,11516998.0
KEN,Rural,2019,12892260.0
KEN,Towns,2019,26793570.0
LBR,Cities,2019,2214626.0
LBR,Rural,2019,2087862.9999999998
LBR,Towns,2019,741231.0
LSO,Cities,2019,268251.0
LSO,Rural,2019,1378030.0
LSO,Towns,2019,563124.0
MDG,Cities,2019,5002659.0
MDG,Rural,2019,16290782.0
MDG,Towns,2019,6926114.0
MLI,Cities,2019,5366187.0
MLI,Rural,2019,11234882.0
MLI,Towns,2019,4467336.0
MOZ,Cities,2019,8199064.0
MOZ,Rural,2019,14892820.0
MOZ,Towns,2019,6792496.0
MRT,Cities,2019,1658971.0
MRT,Rural,2019,1834017.0
MRT,Towns,2019,974720.0
MUS,Cities,2019,555448.0
MUS,Rural,2019,115994.0
MUS,Towns,2019,614827.0
MWI,Cities,2019,2059054.9999999998
MWI,Rural,2019,6952979.0
MWI,Towns,2019,10013718.0
NAM,Cities,2019,522812.0
NAM,Rural,2019,1549629.0
NAM,Towns,2019,578053.0
NER,Cities,2019,5487820.0
NER,Rural,2019,11558024.0
NER,Towns,2019,5901913.0
NGA,Cities,2019,102231187.0
NGA,Rural,2019,40719881.0
NGA,Towns,2019,66534573.00000001
RWA,Cities,2019,1748597.0
RWA,Rural,2019,1079017.0
RWA,Towns,2019,9948488.0
SDN,Cities,2019,21841340.0
SDN,Rural,2019,11397152.0
SDN,Towns,2019,12309683.0
SEN,Cities,2019,8013645.0
SEN,Rural,2019,4922718.0
SEN,Towns,2019,3416558.0
SLE,Cities,2019,2958118.0
SLE,Rural,2019,3311589.0
SLE,Towns,2019,1462284.0
SOM,Cities,2019,10268696.0
SOM,Rural,2019,2789893.0
SOM,Towns,2019,2972383.0
SSA,Cities,2019,423423945.0
SSA,Rural,2019,361263080.0
SSA,Towns,2019,354668903.0
SSD,Cities,2019,3265156.0
SSD,Rural,2019,3736082.0
SSD,Towns,2019,3422147.0
STP,Cities,2019,130624.0
STP,Rural,2019,35775.0
STP,Towns,2019,46993.0
SWZ,Cities,2019,18276.0
SWZ,Rural,2019,894956.0
SWZ,Towns,2019,266642.0
SYC,Cities,2019,0.0
SYC,Rural,2019,25308.0
SYC,Towns,2019,92342.0
TCD,Cities,2019,5248080.0
TCD,Rural,2019,8048534.0
TCD,Towns,2019,3388609.0
TGO,Cities,2019,3956069.0
TGO,Rural,2019,2411697.0
TGO,Towns,2019,2095301.0
TZA,Cities,2019,13455902.0
TZA,Rural,2019,27820048.0
TZA,Towns,2019,17898941.0
UGA,Cities,2019,6287623.0
UGA,Rural,2019,13666842.0
UGA,Towns,2019,23045172.0
ZAF,Cities,2019,28646131.0
ZAF,Rural,2019,12906994.0
ZAF,Towns,2019,18034760.0
ZMB,Cities,2019,6773687.0
ZMB,Rural,2019,8679029.0
ZMB,Towns,2019,3061123.0
ZWE,Cities,2019,3400884.0
ZWE,Rural,2019,10071025.0
ZWE,Towns,2019,1799459.0
AFE,Cities,2020,229296669.0
AFE,Rural,2020,229984428.0
AFE,Towns,2020,235204038.0
AFW,Cities,2020,207625986.0
AFW,Rural,2020,137522676.0
AFW,Towns,2020,129420688.0
AGO,Cities,2020,21127281.0
AGO,Rural,2020,8284825.999999999
AGO,Towns,2020,4039025.0
BDI,Cities,2020,1938856.0
BDI,Rural,2020,1943236.0
BDI,Towns,2020,8734944.0
BEN,Cities,2020,5217318.0
BEN,Rural,2020,3585948.0
BEN,Towns,2020,4266903.0
BFA,Cities,2020,5370032.0
BFA,Rural,2020,10870667.0
BFA,Towns,2020,5237991.0
BWA,Cities,2020,459673.0
BWA,Rural,2020,728693.0
BWA,Towns,2020,1177527.0
CAF,Cities,2020,1261253.0
CAF,Rural,2020,2208323.0
CAF,Towns,2020,1557052.0
CIV,Cities,2020,11040779.0
CIV,Rural,2020,9460545.0
CIV,Towns,2020,8414125.0
CMR,Cities,2020,14016680.0
CMR,Rural,2020,6766849.0
CMR,Towns,2020,5427029.0
COD,Cities,2020,46712255.0
COD,Rural,2020,26022390.0
COD,Towns,2020,23255353.0
COG,Cities,2020,4871350.0
COG,Rural,2020,475799.0
COG,Towns,2020,405641.0
COM,Cities,2020,373829.0
COM,Rural,2020,109669.0
COM,Towns,2020,318665.0
CPV,Cities,2020,203440.0
CPV,Rural,2020,146255.0
CPV,Towns,2020,164985.0
ERI,Cities,2020,1289077.0
ERI,Rural,2020,1197019.0
ERI,Towns,2020,805173.0
ETH,Cities,2020,29256823.0
ETH,Rural,2020,42371151.0
ETH,Towns,2020,47289696.0
GAB,Cities,2020,1444860.0
GAB,Rural,2020,392716.0
GAB,Towns,2020,484963.0
GHA,Cities,2020,15579480.0
GHA,Rural,2020,7384664.0
GHA,Towns,2020,8923665.0
GIN,Cities,2020,4606886.0
GIN,Rural,2020,6207067.0
GIN,Towns,2020,2557229.0
GMB,Cities,2020,1358591.0
GMB,Rural,2020,632696.0
GMB,Towns,2020,524445.0
GNB,Cities,2020,721940.0
GNB,Rural,2020,907200.0
GNB,Towns,2020,384114.0
GNQ,Cities,2020,1438047.0
GNQ,Rural,2020,180829.0
GNQ,Towns,2020,97592.0
KEN,Cities,2020,11984793.0
KEN,Rural,2020,12876888.0
KEN,Towns,2020,27355654.0
LBR,Cities,2020,2289647.0
LBR,Rural,2020,2109091.0
LBR,Towns,2020,750726.0
LSO,Cities,2020,277027.0
LSO,Rural,2020,1391853.0
LSO,Towns,2020,566847.0
MDG,Cities,2020,5306798.0
MDG,Rural,2020,16537540.0
MDG,Towns,2020,7109218.0
MLI,Cities,2020,5600142.0
MLI,Rural,2020,11492792.0
MLI,Towns,2020,4620902.0
MOZ,Cities,2020,8441812.0
MOZ,Rural,2020,15391163.0
MOZ,Towns,2020,6950713.0
MRT,Cities,2020,1734881.0
MRT,Rural,2020,1880448.0
MRT,Towns,2020,984803.0
MUS,Cities,2020,553920.0
MUS,Rural,2020,117061.0
MUS,Towns,2020,612242.0
MWI,Cities,2020,2112757.0
MWI,Rural,2020,6955640.0
MWI,Towns,2020,10465491.0
NAM,Cities,2020,559353.0
NAM,Rural,2020,1589100.0
NAM,Towns,2020,580309.0
NER,Cities,2020,5576925.0
NER,Rural,2020,12000028.0
NER,Towns,2020,6140661.0
NGA,Cities,2020,104630995.0
NGA,Rural,2020,41559042.0
NGA,Towns,2020,67806144.0
RWA,Cities,2020,1824950.0
RWA,Rural,2020,1033968.0000000001
RWA,Towns,2020,10206919.0
SDN,Cities,2020,22251233.0
SDN,Rural,2020,11798051.0
SDN,Towns,2020,12739947.0
SEN,Cities,2020,8214123.0
SEN,Rural,2020,5060799.0
SEN,Towns,2020,3514297.0
SLE,Cities,2020,3060554.0
SLE,Rural,2020,3348639.0
SLE,Towns,2020,1503365.0
SOM,Cities,2020,10648248.0
SOM,Rural,2020,2886181.0
SOM,Towns,2020,3116763.0
SSA,Cities,2020,436922655.0
SSA,Rural,2020,367507104.0
SSA,Towns,2020,364624726.0
SSD,Cities,2020,3398571.0
SSD,Rural,2020,3725922.0
SSD,Towns,2020,3573974.0
STP,Cities,2020,135123.0
STP,Rural,2020,36000.0
STP,Towns,2020,46312.0
SWZ,Cities,2020,0.0
SWZ,Rural,2020,912296.0
SWZ,Towns,2020,280433.0
SYC,Cities,2020,0.0
SYC,Rural,2020,25640.0
SYC,Towns,2020,94651.0
TCD,Cities,2020,5334647.0
TCD,Rural,2020,8359874.0
TCD,Towns,2020,3530157.0
TGO,Cities,2020,4053416.0
TGO,Rural,2020,2492405.0
TGO,Towns,2020,2123899.0
TZA,Cities,2020,14070080.0
TZA,Rural,2020,28354073.0
TZA,Towns,2020,18548645.0
UGA,Cities,2020,6599593.0
UGA,Rural,2020,13523727.0
UGA,Towns,2020,24333832.0
ZAF,Cities,2020,29560735.0
ZAF,Rural,2020,12946943.0
ZAF,Towns,2020,18054702.0
ZMB,Cities,2020,7034999.0
ZMB,Rural,2020,8917910.0
ZMB,Towns,2020,3106486.0
ZWE,Cities,2020,3378883.0
ZWE,Rural,2020,10307488.0
ZWE,Towns,2020,1840517.0
AFE,Cities,2021,236909536.0
AFE,Rural,2021,232508640.0
AFE,Towns,2021,243709772.0
AFW,Cities,2021,212967474.0
AFW,Rural,2021,139515316.0
AFW,Towns,2021,133438202.0
AGO,Cities,2021,21874518.0
AGO,Rural,2021,8495458.0
AGO,Towns,2021,4162453.0000000005
BDI,Cities,2021,2016438.0
BDI,Rural,2021,1864487.0
BDI,Towns,2021,9084558.0
BEN,Cities,2021,5380055.0
BEN,Rural,2021,3633453.0
BEN,Towns,2021,4399909.0
BFA,Cities,2021,5587370.0
BFA,Rural,2021,11023153.0
BFA,Towns,2021,5384720.0
BWA,Cities,2021,474591.0
BWA,Rural,2021,733118.0
BWA,Towns,2021,1193732.0
CAF,Cities,2021,1279940.0
CAF,Rural,2021,2252600.0
CAF,Towns,2021,1579560.0
CIV,Cities,2021,11325293.0
CIV,Rural,2021,9589824.0
CIV,Towns,2021,8724619.0
CMR,Cities,2021,14402883.0
CMR,Rural,2021,6851981.0
CMR,Towns,2021,5660894.0
COD,Cities,2021,48240480.0
COD,Rural,2021,26689093.0
COD,Towns,2021,24219359.0
COG,Cities,2021,4992942.0
COG,Rural,2021,485259.0
COG,Towns,2021,413982.0
COM,Cities,2021,380627.0
COM,Rural,2021,109693.0
COM,Towns,2021,327854.0
CPV,Cities,2021,204221.0
CPV,Rural,2021,145355.0
CPV,Towns,2021,167072.0
ERI,Cities,2021,1318119.0
ERI,Rural,2021,1215333.0
ERI,Towns,2021,816731.0
ETH,Cities,2021,30408580.0
ETH,Rural,2021,42861953.0
ETH,Towns,2021,48868055.0
GAB,Cities,2021,1473302.0
GAB,Rural,2021,399280.0
GAB,Towns,2021,504140.0
GHA,Cities,2021,15905028.0
GHA,Rural,2021,7462649.0
GHA,Towns,2021,9150987.0
GIN,Cities,2021,4752230.0
GIN,Rural,2021,6306703.0
GIN,Towns,2021,2651580.0
GMB,Cities,2021,1382785.0
GMB,Rural,2021,642576.0
GMB,Towns,2021,550649.0
GNB,Cities,2021,731255.0
GNB,Rural,2021,930835.0
GNB,Towns,2021,396752.0
GNQ,Cities,2021,1472345.0
GNQ,Rural,2021,182850.0
GNQ,Towns,2021,103591.0
KEN,Cities,2021,12342083.0
KEN,Rural,2021,12926735.0
KEN,Towns,2021,27950348.0
LBR,Cities,2021,2319264.0
LBR,Rural,2021,2153587.0
LBR,Towns,2021,786472.0
LSO,Cities,2021,279026.0
LSO,Rural,2021,1396130.0
LSO,Towns,2021,586385.0
MDG,Cities,2021,5515347.0
MDG,Rural,2021,16824601.0
MDG,Towns,2021,7351135.0
MLI,Cities,2021,5822022.0
MLI,Rural,2021,11736953.0
MLI,Towns,2021,4829655.0
MOZ,Cities,2021,8772841.0
MOZ,Rural,2021,15595049.0
MOZ,Towns,2021,7339909.0
MRT,Cities,2021,1793056.0
MRT,Rural,2021,1916013.0
MRT,Towns,2021,1025805.0000000001
MUS,Cities,2021,552675.0
MUS,Rural,2021,116793.0
MUS,Towns,2021,610155.0
MWI,Cities,2021,2189365.0
MWI,Rural,2021,6864744.0
MWI,Towns,2021,10993149.0
NAM,Cities,2021,580265.0
NAM,Rural,2021,1624177.0
NAM,Towns,2021,606106.0
NER,Cities,2021,5749151.0
NER,Rural,2021,12262951.0
NER,Towns,2021,6490038.0
NGA,Cities,2021,107207631.0
NGA,Rural,2021,41863145.0
NGA,Towns,2021,69458510.0
RWA,Cities,2021,1879090.0
RWA,Rural,2021,999331.0
RWA,Towns,2021,10476839.0
SDN,Cities,2021,22779056.0
SDN,Rural,2021,12138293.0
SDN,Towns,2021,13149575.0
SEN,Cities,2021,8392392.0
SEN,Rural,2021,5124369.0
SEN,Towns,2021,3704104.0
SLE,Cities,2021,3115531.0
SLE,Rural,2021,3424588.0
SLE,Towns,2021,1554483.0
SOM,Cities,2021,11098298.0
SOM,Rural,2021,2994716.0
SOM,Towns,2021,3178417.0
SSA,Cities,2021,449877010.0
SSA,Rural,2021,372023956.0
SSA,Towns,2021,377147974.0
SSD,Cities,2021,3492841.0
SSD,Rural,2021,3779462.0
SSD,Towns,2021,3593477.0
STP,Cities,2021,137703.0
STP,Rural,2021,36400.0
STP,Towns,2021,47857.0
SWZ,Cities,2021,18847.0
SWZ,Rural,2021,920518.0
SWZ,Towns,2021,267228.0
SYC,Cities,2021,0.0
SYC,Rural,2021,25835.0
SYC,Towns,2021,97153.0
TCD,Cities,2021,5546744.0
TCD,Rural,2021,8616366.0
TCD,Towns,2021,3665163.0
TGO,Cities,2021,4132033.9999999995
TGO,Rural,2021,2510826.0
TGO,Towns,2021,2235517.0
TZA,Cities,2021,14581052.0
TZA,Rural,2021,28475899.0
TZA,Towns,2021,19773461.0
UGA,Cities,2021,6959049.0
UGA,Rural,2021,13237105.0
UGA,Towns,2021,25714777.0
ZAF,Cities,2021,30236637.0
ZAF,Rural,2021,13039452.0
ZAF,Towns,2021,18226514.0
ZMB,Cities,2021,7308551.0
ZMB,Rural,2021,9092657.0
ZMB,Towns,2021,3202400.0
ZWE,Cities,2021,3473457.0
ZWE,Rural,2021,10451608.0
ZWE,Towns,2021,1872145.0
AFE,Cities,2022,244526173.0
AFE,Rural,2022,235075706.0
AFE,Towns,2022,252238769.0
AFW,Cities,2022,218373121.0
AFW,Rural,2022,141532622.0
AFW,Towns,2022,137481434.0
AGO,Cities,2022,22635158.0
AGO,Rural,2022,8711412.0
AGO,Towns,2022,4288459.0
BDI,Cities,2022,2095126.0000000002
BDI,Rural,2022,1786818.0
BDI,Towns,2022,9439155.0
BEN,Cities,2022,5543915.0
BEN,Rural,2022,3681753.0
BEN,Towns,2022,4533832.0
BFA,Cities,2022,5803977.0
BFA,Rural,2022,11174295.0
BFA,Towns,2022,5530767.0
BWA,Cities,2022,490067.0
BWA,Rural,2022,738441.0
BWA,Towns,2022,1211384.0
CAF,Cities,2022,1273770.0
CAF,Rural,2022,2252863.0
CAF,Towns,2022,1571407.0
CIV,Cities,2022,11621635.0
CIV,Rural,2022,9729260.0
CIV,Towns,2022,9044107.0
CMR,Cities,2022,14795393.0
CMR,Rural,2022,6940275.0
CMR,Towns,2022,5897104.0
COD,Cities,2022,49812085.0
COD,Rural,2022,27380371.0
COD,Towns,2022,25204512.0
COG,Cities,2022,5117517.0
COG,Rural,2022,495013.0
COG,Towns,2022,422574.0
COM,Cities,2022,387427.0
COM,Rural,2022,109717.0
COM,Towns,2022,337043.0
CPV,Cities,2022,205447.0
CPV,Rural,2022,144772.0
CPV,Towns,2022,169523.0
ERI,Cities,2022,1347285.0
ERI,Rural,2022,1233782.0
ERI,Towns,2022,828380.0
ETH,Cities,2022,31566074.0
ETH,Rural,2022,43362241.0
ETH,Towns,2022,50455971.0
GAB,Cities,2022,1501646.0
GAB,Rural,2022,405816.0
GAB,Towns,2022,523284.0
GHA,Cities,2022,16230391.0
GHA,Rural,2022,7540569.0
GHA,Towns,2022,9378192.0
GIN,Cities,2022,4899394.0
GIN,Rural,2022,6408805.0
GIN,Towns,2022,2746938.0
GMB,Cities,2022,1407083.0
GMB,Rural,2022,652504.0
GMB,Towns,2022,576882.0
GNB,Cities,2022,740968.0
GNB,Rural,2022,954963.0
GNB,Towns,2022,409598.0
GNQ,Cities,2022,1508686.0
GNQ,Rural,2022,185128.0
GNQ,Towns,2022,109731.0
KEN,Cities,2022,12706461.0
KEN,Rural,2022,12984548.0
KEN,Towns,2022,28561451.0
LBR,Cities,2022,2350725.0
LBR,Rural,2022,2199767.0
LBR,Towns,2022,822801.0
LSO,Cities,2022,280873.0
LSO,Rural,2022,1399641.0
LSO,Towns,2022,605597.0
MDG,Cities,2022,5725429.0
MDG,Rural,2022,17116699.0
MDG,Towns,2022,7595133.0
MLI,Cities,2022,6046228.0
MLI,Rural,2022,11986111.0
MLI,Towns,2022,5040300.0
MOZ,Cities,2022,9110450.0
MOZ,Rural,2022,15811415.0
MOZ,Towns,2022,7734381.0
MRT,Cities,2022,1853496.0
MRT,Rural,2022,1954055.0
MRT,Towns,2022,1068087.0
MUS,Cities,2022,551476.0
MUS,Rural,2022,116534.0
MUS,Towns,2022,608120.0
MWI,Cities,2022,2266819.0
MWI,Rural,2022,6777114.0
MWI,Towns,2022,11524795.0
NAM,Cities,2022,600647.0
NAM,Rural,2022,1657646.0
NAM,Towns,2022,631369.0
NER,Cities,2022,5927355.0
NER,Rural,2022,12538977.0
NER,Towns,2022,6845640.0
NGA,Cities,2022,109827278.0
NGA,Rural,2022,42184854.0
NGA,Towns,2022,71138764.0
RWA,Cities,2022,1934107.0
RWA,Rural,2022,965236.0
RWA,Towns,2022,10751687.0
SDN,Cities,2022,23324205.0
SDN,Rural,2022,12488549.0
SDN,Towns,2022,13570593.0
SEN,Cities,2022,8569966.0
SEN,Rural,2022,5187502.0
SEN,Towns,2022,3893634.0
SLE,Cities,2022,3170567.0
SLE,Rural,2022,3500606.0
SLE,Towns,2022,1605633.0
SOM,Cities,2022,11490515.0
SOM,Rural,2022,3087682.0
SOM,Towns,2022,3223700.0
SSA,Cities,2022,462899294.0
SSA,Rural,2022,376608328.0
SSA,Towns,2022,389720203.0
SSD,Cities,2022,3582301.0
SSD,Rural,2022,3828971.0
SSD,Towns,2022,3609906.0
STP,Cities,2022,140172.0
STP,Rural,2022,36771.0
STP,Towns,2022,49363.0
SWZ,Cities,2022,37683.0
SWZ,Rural,2022,927563.0
SWZ,Towns,2022,253672.0
SYC,Cities,2022,0.0
SYC,Rural,2022,25995.0
SYC,Towns,2022,99527.0
TCD,Cities,2022,5765772.0
TCD,Rural,2022,8884719.0
TCD,Towns,2022,3804825.0
TGO,Cities,2022,4211912.0
TGO,Rural,2022,2530015.0
TGO,Towns,2022,2347811.0
TZA,Cities,2022,15097434.0
TZA,Rural,2022,28609511.0
TZA,Towns,2022,21004875.0
UGA,Cities,2022,7310873.0
UGA,Rural,2022,12934231.0
UGA,Towns,2022,27067616.0
ZAF,Cities,2022,30881358.0
ZAF,Rural,2022,13118059.0
ZAF,Towns,2022,18378993.0
ZMB,Cities,2022,7583842.0
ZMB,Rural,2022,9269963.0
ZMB,Towns,2022,3299133.0
ZWE,Cities,2022,3568306.0
ZWE,Rural,2022,10596796.0
ZWE,Towns,2022,1903954.0
AFE,Cities,2023,252055035.0
AFE,Rural,2023,237687832.0
AFE,Towns,2023,260781625.0
AFW,Cities,2023,223972686.0
AFW,Rural,2023,143764640.0
AFW,Towns,2023,141661260.0
AGO,Cities,2023,23403572.0
AGO,Rural,2023,8930389.0
AGO,Towns,2023,4415945.0
BDI,Cities,2023,2175842.0
BDI,Rural,2023,1710718.0
BDI,Towns,2023,9802890.0
BEN,Cities,2023,5709971.0
BEN,Rural,2023,3731511.0
BEN,Towns,2023,4669552.0
BFA,Cities,2023,6021314.0
BFA,Rural,2023,11326932.0
BFA,Towns,2023,5677530.0
BWA,Cities,2023,505927.0
BWA,Rural,2023,744339.0
BWA,Towns,2023,1229978.0
CAF,Cities,2023,1284777.0
CAF,Rural,2023,2283182.0
CAF,Towns,2023,1584461.0
CIV,Cities,2023,11923861.0
CIV,Rural,2023,9873591.0
CIV,Towns,2023,9368202.0
CMR,Cities,2023,15200163.0
CMR,Rural,2023,7034350.0
CMR,Towns,2023,6138174.0
COD,Cities,2023,51454100.0
COD,Rural,2023,28110486.0
COD,Towns,2023,26225145.0
COG,Cities,2023,5246212.0
COG,Rural,2023,505167.0
COG,Towns,2023,431506.0
COM,Cities,2023,394313.0
COM,Rural,2023,109767.0
COM,Towns,2023,346307.0
CPV,Cities,2023,206473.0
CPV,Rural,2023,144046.0
CPV,Towns,2023,171811.0
ERI,Cities,2023,1377104.0
ERI,Rural,2023,1252843.0
ERI,Towns,2023,840443.0
ETH,Cities,2023,32738935.0
ETH,Rural,2023,43884178.0
ETH,Towns,2023,52068579.0
GAB,Cities,2023,1530001.0
GAB,Rural,2023,412356.0
GAB,Towns,2023,542431.0
GHA,Cities,2023,16559805.0
GHA,Rural,2023,7620373.0
GHA,Towns,2023,9607735.0
GIN,Cities,2023,5048555.0
GIN,Rural,2023,6513493.0
GIN,Towns,2023,2843420.0
GMB,Cities,2023,1431872.0
GMB,Rural,2023,662661.0
GMB,Towns,2023,603313.0
GNB,Cities,2023,751076.0
GNB,Rural,2023,979601.0
GNB,Towns,2023,422662.0
GNQ,Cities,2023,1544396.0
GNQ,Rural,2023,187328.0
GNQ,Towns,2023,115824.0
KEN,Cities,2023,13083302.0
KEN,Rural,2023,13055119.0
KEN,Towns,2023,29200582.0
LBR,Cities,2023,2384705.0
LBR,Rural,2023,2248308.0
LBR,Towns,2023,860018.0
LSO,Cities,2023,282817.0
LSO,Rural,2023,1403643.0
LSO,Towns,2023,625012.0
MDG,Cities,2023,5937842.0
MDG,Rural,2023,17415859.0
MDG,Towns,2023,7842231.0
MLI,Cities,2023,6273681.0
MLI,Rural,2023,12241806.0
MLI,Towns,2023,5253640.0
MOZ,Cities,2023,9456539.0
MOZ,Rural,2023,16042597.0
MOZ,Towns,2023,8136024.0
MRT,Cities,2023,1916235.0
MRT,Rural,2023,1994511.0
MRT,Towns,2023,1111696.0
MUS,Cities,2023,550688.0
MUS,Rural,2023,116363.0
MUS,Towns,2023,606537.0
MWI,Cities,2023,2345834.0
MWI,Rural,2023,6694367.0
MWI,Towns,2023,12064281.0
NAM,Cities,2023,619857.0
NAM,Rural,2023,1687829.0
NAM,Towns,2023,655409.0
NER,Cities,2023,6114480.0
NER,Rural,2023,12833947.0
NER,Towns,2023,7211439.0
NGA,Cities,2023,112501202.0
NGA,Rural,2023,42527565.0
NGA,Towns,2023,72854177.0
RWA,Cities,2023,1990210.0
RWA,Rural,2023,931690.0
RWA,Towns,2023,11032572.0
SDN,Cities,2023,23559036.0
SDN,Rural,2023,12672666.0
SDN,Towns,2023,13811089.0
SEN,Cities,2023,8745712.0
SEN,Rural,2023,5249530.0
SEN,Towns,2023,4082331.0
SLE,Cities,2023,3226173.0
SLE,Rural,2023,3577258.0
SLE,Towns,2023,1657081.0
SOM,Cities,2023,11899366.0
SOM,Rural,2023,3185195.0
SOM,Towns,2023,3274054.0
SSA,Cities,2023,476027721.0
SSA,Rural,2023,381452472.0
SSA,Towns,2023,402442885.0
SSD,Cities,2023,3771580.0
SSD,Rural,2023,3985056.0
SSD,Towns,2023,3726739.0
STP,Cities,2023,142778.0
STP,Rural,2023,37178.0
STP,Towns,2023,50916.0
SWZ,Cities,2023,56473.0
SWZ,Rural,2023,934051.0
SWZ,Towns,2023,239982.0
SYC,Cities,2023,0.0
SYC,Rural,2023,26133.0
SYC,Towns,2023,101818.0
TCD,Cities,2023,6058742.0
TCD,Rural,2023,9267040.0
TCD,Towns,2023,3993283.0
TGO,Cities,2023,4293280.0
TGO,Rural,2023,2550084.0
TGO,Towns,2023,2460974.0
TZA,Cities,2023,15619459.0
TZA,Rural,2023,28754305.0
TZA,Towns,2023,22243842.0
UGA,Cities,2023,7653667.0
UGA,Rural,2023,12615942.0
UGA,Towns,2023,28386992.0
ZAF,Cities,2023,31505479.0
ZAF,Rural,2023,13187814.0
ZAF,Towns,2023,18519091.0
ZMB,Cities,2023,7867232.0
ZMB,Rural,2023,9457321.0
ZMB,Towns,2023,3399412.0
ZWE,Cities,2023,3663083.0
ZWE,Rural,2023,10741984.0
ZWE,Towns,2023,1935755.0
AFE,Cities,2024,259614996.0
AFE,Rural,2024,240354284.0
AFE,Towns,2024,269346060.0
AFW,Cities,2024,229687949.0
AFW,Rural,2024,146139881.0
AFW,Towns,2024,145936252.0
AGO,Cities,2024,24185429.0
AGO,Rural,2024,9154461.0
AGO,Towns,2024,4545959.0
BDI,Cities,2024,2254994.0
BDI,Rural,2024,1633212.0
BDI,Towns,2024,10159579.0
BEN,Cities,2024,5876100.0
BEN,Rural,2024,3781293.0
BEN,Towns,2024,4805331.0
BFA,Cities,2024,6240297.0
BFA,Rural,2024,11482645.0
BFA,Towns,2024,5825840.0
BWA,Cities,2024,521905.99999999994
BWA,Rural,2024,750392.0
BWA,Towns,2024,1248841.0
CAF,Cities,2024,1326657.0
CAF,Rural,2024,2368450.0
CAF,Towns,2024,1635583.0
CIV,Cities,2024,12225299.0
CIV,Rural,2024,10017193.0
CIV,Towns,2024,9691738.0
CMR,Cities,2024,15610909.0
CMR,Rural,2024,7131107.0
CMR,Towns,2024,6381727.0
COD,Cities,2024,53141712.0
COD,Rural,2024,28865259.0
COD,Towns,2024,27269294.0
COG,Cities,2024,5376858.0
COG,Rural,2024,515506.0
COG,Towns,2024,440597.0
COM,Cities,2024,401219.0
COM,Rural,2024,109821.0
COM,Towns,2024,355588.0
CPV,Cities,2024,207483.0
CPV,Rural,2024,143309.0
CPV,Towns,2024,174086.0
ERI,Cities,2024,1408618.0
ERI,Rural,2024,1273446.0
ERI,Towns,2024,853539.0
ETH,Cities,2024,33927385.0
ETH,Rural,2024,44426519.0
ETH,Towns,2024,53705862.0
GAB,Cities,2024,1558431.0
GAB,Rural,2024,418916.0
GAB,Towns,2024,561605.0
GHA,Cities,2024,16889585.0
GHA,Rural,2024,7700329.0
GHA,Towns,2024,9837500.0
GIN,Cities,2024,5197376.0
GIN,Rural,2024,6617693.0
GIN,Towns,2024,2939718.0
GMB,Cities,2024,1457065.0
GMB,Rural,2024,673004.0
GMB,Towns,2024,629919.0
GNB,Cities,2024,761251.0
GNB,Rural,2024,1004333.0
GNB,Towns,2024,435768.0
GNQ,Cities,2024,1580911.0
GNQ,Rural,2024,189626.0
GNQ,Towns,2024,121979.0
KEN,Cities,2024,13462015.0
KEN,Rural,2024,13127244.0
KEN,Towns,2024,29843685.0
LBR,Cities,2024,2418683.0
LBR,Rural,2024,2296869.0
LBR,Towns,2024,897266.0
LSO,Cities,2024,284833.0
LSO,Rural,2024,1408001.0
LSO,Towns,2024,644589.0
MDG,Cities,2024,6152256.0
MDG,Rural,2024,17720742.0
MDG,Towns,2024,8091958.0
MLI,Cities,2024,6504586.0
MLI,Rural,2024,12504127.0
MLI,Towns,2024,5469883.0
MOZ,Cities,2024,9807685.0
MOZ,Rural,2024,16281943.0
MOZ,Towns,2024,8542138.0
MRT,Cities,2024,1979042.0
MRT,Rural,2024,2034996.0
MRT,Towns,2024,1155357.0
MUS,Cities,2024,549953.0
MUS,Rural,2024,116203.0
MUS,Towns,2024,605013.0
MWI,Cities,2024,2426536.0
MWI,Rural,2024,6616212.0
MWI,Towns,2024,12612538.0
NAM,Cities,2024,637720.0
NAM,Rural,2024,1714392.0
NAM,Towns,2024,678019.0
NER,Cities,2024,6307349.0
NER,Rural,2024,13140804.0
NER,Towns,2024,7584259.0
NGA,Cities,2024,115207145.0
NGA,Rural,2024,42882016.0
NGA,Towns,2024,74590317.0
RWA,Cities,2024,2046125.0
RWA,Rural,2024,898036.0
RWA,Towns,2024,11312407.0
SDN,Cities,2024,23675969.0
SDN,Rural,2024,12792342.0
SDN,Towns,2024,13980651.0
SEN,Cities,2024,8920472.0
SEN,Rural,2024,5310982.0
SEN,Towns,2024,4270530.0
SLE,Cities,2024,3280938.0
SLE,Rural,2024,3652981.0
SLE,Towns,2024,1708103.0
SOM,Cities,2024,12369048.0
SOM,Rural,2024,3298986.0
SOM,Towns,2024,3341116.0
SSA,Cities,2024,489302945.0
SSA,Rural,2024,386494165.0
SSA,Towns,2024,415282312.0
SSD,Cities,2024,3961248.0
SSD,Rural,2024,4140264.0
SSD,Towns,2024,3841896.0
STP,Cities,2024,145445.0
STP,Rural,2024,37600.0
STP,Towns,2024,52491.0
SWZ,Cities,2024,75276.0
SWZ,Rural,2024,941094.0
SWZ,Towns,2024,226452.0
SYC,Cities,2024,0.0
SYC,Rural,2024,26280.0
SYC,Towns,2024,104138.0
TCD,Cities,2024,6388581.0
TCD,Rural,2024,9704584.0
TCD,Towns,2024,4205959.0
TGO,Cities,2024,4372931.0
TGO,Rural,2024,2569118.0
TGO,Towns,2024,2573187.0
TZA,Cities,2024,16150130.0
TZA,Rural,2024,28914726.0
TZA,Towns,2024,23495301.0
UGA,Cities,2024,7998566.0
UGA,Rural,2024,12302422.0
UGA,Towns,2024,29714104.0
ZAF,Cities,2024,32109918.0
ZAF,Rural,2024,13249477.0
ZAF,Towns,2024,18647792.0
ZMB,Cities,2024,8158273.0
ZMB,Rural,2024,9653711.0
ZMB,Towns,2024,3502973.0
ZWE,Cities,2024,3762737.0
ZWE,Rural,2024,10901499.0
ZWE,Towns,2024,1970137.0
AFE,Cities,2025,267535676.0
AFE,Rural,2025,243221967.0
AFE,Towns,2025,278121225.0
AFW,Cities,2025,235353408.0
AFW,Rural,2025,148405857.0
AFW,Towns,2025,150180654.0
AGO,Cities,2025,24979019.0
AGO,Rural,2025,9382866.0
AGO,Towns,2025,4678154.0
BDI,Cities,2025,2331545.0
BDI,Rural,2025,1553908.0
BDI,Towns,2025,10504549.0
BEN,Cities,2025,6042257.0
BEN,Rural,2025,3831070.0
BEN,Towns,2025,4941133.0
BFA,Cities,2025,6460056.0
BFA,Rural,2025,11639674.0
BFA,Towns,2025,5974849.0
BWA,Cities,2025,537914.0
BWA,Rural,2025,756463.0
BWA,Towns,2025,1267745.0
CAF,Cities,2025,1369532.0
CAF,Rural,2025,2455834.0
CAF,Towns,2025,1687916.0
CIV,Cities,2025,12530089.0
CIV,Rural,2025,10163451.0
CIV,Towns,2025,10018007.0
CMR,Cities,2025,16024098.0
CMR,Rural,2025,7228856.0
CMR,Towns,2025,6626383.0
COD,Cities,2025,54863184.0
COD,Rural,2025,29637957.0
COD,Towns,2025,28331333.0
COG,Cities,2025,5508697.0
COG,Rural,2025,525956.0
COG,Towns,2025,449784.0
COM,Cities,2025,408114.0
COM,Rural,2025,109872.0
COM,Towns,2025,364862.0
CPV,Cities,2025,208454.0
CPV,Rural,2025,142545.0
CPV,Towns,2025,176328.0
ERI,Cities,2025,1442613.0
ERI,Rural,2025,1296269.0
ERI,Towns,2025,868121.0
ETH,Cities,2025,35127591.0
ETH,Rural,2025,44983005.0
ETH,Towns,2025,55361455.0
GAB,Cities,2025,1586870.0
GAB,Rural,2025,425478.0
GAB,Towns,2025,580782.0
GHA,Cities,2025,17218071.0
GHA,Rural,2025,7779683.0
GHA,Towns,2025,10066518.0
GIN,Cities,2025,5344660.0
GIN,Rural,2025,6719919.0
GIN,Towns,2025,3035149.0
GMB,Cities,2025,1482233.0
GMB,Rural,2025,683334.0
GMB,Towns,2025,656526.0
GNB,Cities,2025,771473.0
GNB,Rural,2025,1029136.0
GNB,Towns,2025,448907.0
GNQ,Cities,2025,1618217.0
GNQ,Rural,2025,192016.0
GNQ,Towns,2025,128199.00000000001
KEN,Cities,2025,13842210.0
KEN,Rural,2025,13200451.0
KEN,Towns,2025,30489832.0
LBR,Cities,2025,2452041.0
LBR,Rural,2025,2344857.0
LBR,Towns,2025,934308.0
LSO,Cities,2025,286843.0
LSO,Rural,2025,1412326.0
LSO,Towns,2025,664156.0
MDG,Cities,2025,6368022.0
MDG,Rural,2025,18029223.0
MDG,Towns,2025,8343433.000000001
MLI,Cities,2025,6738412.0
MLI,Rural,2025,12771793.0
MLI,Towns,2025,5688616.0
MOZ,Cities,2025,10159877.0
MOZ,Rural,2025,16522440.999999998
MOZ,Towns,2025,8949334.0
MRT,Cities,2025,2041366.0
MRT,Rural,2025,2074954.0000000002
MRT,Towns,2025,1198745.0
MUS,Cities,2025,549015.0
MUS,Rural,2025,115999.0
MUS,Towns,2025,603265.0
MWI,Cities,2025,2508397.0
MWI,Rural,2025,6540668.0
MWI,Towns,2025,13167055.0
NAM,Cities,2025,654648.0
NAM,Rural,2025,1738553.0
NAM,Towns,2025,699614.0
NER,Cities,2025,6503189.0
NER,Rural,2025,13453570.0
NER,Towns,2025,7961072.0
NGA,Cities,2025,117939058.0
NGA,Rural,2025,43245469.0
NGA,Towns,2025,76343255.0
RWA,Cities,2025,2103584.0
RWA,Rural,2025,865003.0
RWA,Towns,2025,11600753.0
SDN,Cities,2025,24172125.0
SDN,Rural,2025,13116543.0
SDN,Towns,2025,14373480.0
SEN,Cities,2025,9097923.0
SEN,Rural,2025,5374042.0
SEN,Towns,2025,4460001.0
SLE,Cities,2025,3334290.0
SLE,Rural,2025,3727125.0
SLE,Towns,2025,1758379.0
SOM,Cities,2025,12835751.0
SOM,Rural,2025,3411924.0
SOM,Towns,2025,3407064.0
SSA,Cities,2025,502889084.0
SSA,Rural,2025,391627824.0
SSA,Towns,2025,428301879.0
SSD,Cities,2025,4080075.0
SSD,Rural,2025,4221020.0
SSD,Towns,2025,3887693.0
STP,Cities,2025,148144.0
STP,Rural,2025,38031.0
STP,Towns,2025,54079.0
SWZ,Cities,2025,94145.0
SWZ,Rural,2025,948921.0
SWZ,Towns,2025,213108.0
SYC,Cities,2025,0.0
SYC,Rural,2025,26405.0
SYC,Towns,2025,106374.0
TCD,Cities,2025,6631913.0
TCD,Rural,2025,10010150.0
TCD,Towns,2025,4361642.0
TGO,Cities,2025,4450509.0
TGO,Rural,2025,2586945.0
TGO,Towns,2025,2684155.0
TZA,Cities,2025,16691077.000000002
TZA,Rural,2025,29092369.0
TZA,Towns,2025,24762419.0
UGA,Cities,2025,8345161.0
UGA,Rural,2025,11992254.0
UGA,Towns,2025,31047478.0
ZAF,Cities,2025,32686477.0
ZAF,Rural,2025,13300049.0
ZAF,Towns,2025,18760792.0
ZMB,Cities,2025,8452498.0
ZMB,Rural,2025,9853525.0
ZMB,Towns,2025,3607851.0
ZWE,Cities,2025,3867647.0
ZWE,Rural,2025,11075922.0
ZWE,Towns,2025,2007226.0
AFE,Cities,2026,276402251.0
AFE,Rural,2026,245766302.0
AFE,Towns,2026,286844686.0
AFW,Cities,2026,241499291.0
AFW,Rural,2026,150467919.0
AFW,Towns,2026,154108621.0
AGO,Cities,2026,25874693.0
AGO,Rural,2026,9607223.0
AGO,Towns,2026,4733265.0
BDI,Cities,2026,2381611.0
BDI,Rural,2026,1515765.0
BDI,Towns,2026,10831781.0
BEN,Cities,2026,6227993.0
BEN,Rural,2026,3858834.0
BEN,Towns,2026,5083593.0
BFA,Cities,2026,6618741.0
BFA,Rural,2026,11766402.0
BFA,Towns,2026,6216557.0
BWA,Cities,2026,556585.0
BWA,Rural,2026,764610.0
BWA,Towns,2026,1282193.0
CAF,Cities,2026,1426336.0
CAF,Rural,2026,2527023.0
CAF,Towns,2026,1745625.0
CIV,Cities,2026,12812037.0
CIV,Rural,2026,10302166.0
CIV,Towns,2026,10380143.0
CMR,Cities,2026,16553821.0
CMR,Rural,2026,7305716.0
CMR,Towns,2026,6781280.0
COD,Cities,2026,56680520.0
COD,Rural,2026,30411836.0
COD,Towns,2026,29359806.0
COG,Cities,2026,5633475.0
COG,Rural,2026,532514.0
COG,Towns,2026,471797.0
COM,Cities,2026,418911.0
COM,Rural,2026,110994.0
COM,Towns,2026,369104.0
CPV,Cities,2026,209367.0
CPV,Rural,2026,140985.0
CPV,Towns,2026,179278.0
ERI,Cities,2026,1469626.0
ERI,Rural,2026,1306975.0
ERI,Towns,2026,906068.0
ETH,Cities,2026,36684829.0
ETH,Rural,2026,45489685.0
ETH,Towns,2026,56727671.0
GAB,Cities,2026,1613681.0
GAB,Rural,2026,430019.0
GAB,Towns,2026,603699.0
GHA,Cities,2026,17564010.0
GHA,Rural,2026,7828607.0
GHA,Towns,2026,10304939.0
GIN,Cities,2026,5486605.0
GIN,Rural,2026,6811832.0
GIN,Towns,2026,3143555.0
GMB,Cities,2026,1510056.0
GMB,Rural,2026,685092.0
GMB,Towns,2026,688932.0
GNB,Cities,2026,783660.0
GNB,Rural,2026,1048319.0
GNB,Towns,2026,465829.0
GNQ,Cities,2026,1660146.0
GNQ,Rural,2026,194967.0
GNQ,Towns,2026,129356.0
KEN,Cities,2026,14275098.0
KEN,Rural,2026,13203615.0
KEN,Towns,2026,31157699.0
LBR,Cities,2026,2500924.0
LBR,Rural,2026,2394902.0
LBR,Towns,2026,958123.0
LSO,Cities,2026,289248.0
LSO,Rural,2026,1413292.0
LSO,Towns,2026,686797.0
MDG,Cities,2026,6517162.0
MDG,Rural,2026,18295501.0
MDG,Towns,2026,8709389.0
MLI,Cities,2026,6976620.0
MLI,Rural,2026,13013989.0
MLI,Towns,2026,5941666.0
MOZ,Cities,2026,10523611.0
MOZ,Rural,2026,16735127.0
MOZ,Towns,2026,9381112.0
MRT,Cities,2026,2095353.0
MRT,Rural,2026,2114021.0
MRT,Towns,2026,1251945.0
MUS,Cities,2026,547934.0
MUS,Rural,2026,116227.0
MUS,Towns,2026,600898.0
MWI,Cities,2026,2602820.0
MWI,Rural,2026,6442627.0
MWI,Towns,2026,13740088.0
NAM,Cities,2026,676364.0
NAM,Rural,2026,1758288.0
NAM,Towns,2026,718594.0
NER,Cities,2026,6718167.0
NER,Rural,2026,13767265.0
NER,Towns,2026,8329446.0
NGA,Cities,2026,121030197.0
NGA,Rural,2026,43684708.0
NGA,Towns,2026,77716927.0
RWA,Cities,2026,2216667.0
RWA,Rural,2026,837063.0
RWA,Towns,2026,11835964.0
SDN,Cities,2026,24944577.0
SDN,Rural,2026,13469227.0
SDN,Towns,2026,14868914.0
SEN,Cities,2026,9303835.0
SEN,Rural,2026,5428850.0
SEN,Towns,2026,4633863.0
SLE,Cities,2026,3403986.0
SLE,Rural,2026,3789733.0
SLE,Towns,2026,1803025.0
SOM,Cities,2026,13266545.0
SOM,Rural,2026,3515963.0
SOM,Towns,2026,3523399.0
SSA,Cities,2026,517901542.0
SSA,Rural,2026,396234221.0
SSA,Towns,2026,440953307.0
SSD,Cities,2026,4184506.0000000005
SSD,Rural,2026,4273605.0
SSD,Towns,2026,3977926.0
STP,Cities,2026,150777.0
STP,Rural,2026,37038.0
STP,Towns,2026,57179.0
SWZ,Cities,2026,94858.0
SWZ,Rural,2026,955156.0
SWZ,Towns,2026,219846.0
SYC,Cities,2026,0.0
SYC,Rural,2026,25662.0
SYC,Towns,2026,109297.0
TCD,Cities,2026,6795575.0
TCD,Rural,2026,10241139.0
TCD,Towns,2026,4523666.0
TGO,Cities,2026,4574706.0
TGO,Rural,2026,2600836.0
TGO,Towns,2026,2755377.0
TZA,Cities,2026,17438681.0
TZA,Rural,2026,29136484.0
TZA,Towns,2026,25988615.0
UGA,Cities,2026,8732453.0
UGA,Rural,2026,11736248.0
UGA,Towns,2026,32292769.0
ZAF,Cities,2026,33161754.0
ZAF,Rural,2026,13339556.0
ZAF,Towns,2026,18951773.0
ZMB,Cities,2026,8721262.0
ZMB,Rural,2026,10038464.0
ZMB,Towns,2026,3762189.0
ZWE,Cities,2026,3991159.0
ZWE,Rural,2026,11230071.0
ZWE,Towns,2026,2052350.0
AFE,Cities,2027,285254471.0
AFE,Rural,2027,248333046.0
AFE,Towns,2027,295584872.0
AFW,Cities,2027,247708197.0
AFW,Rural,2027,152591540.0
AFW,Towns,2027,158076447.0
AGO,Cities,2027,26786079.0
AGO,Rural,2027,9837604.0
AGO,Towns,2027,4791441.0
BDI,Cities,2027,2433088.0
BDI,Rural,2027,1478657.0
BDI,Towns,2027,11165234.0
BEN,Cities,2027,6414956.0
BEN,Rural,2027,3887397.0
BEN,Towns,2027,5227061.0
BFA,Cities,2027,6777985.0
BFA,Rural,2027,11894160.0
BFA,Towns,2027,6458766.0
BWA,Cities,2027,575258.0
BWA,Rural,2027,772752.0
BWA,Towns,2027,1296632.0
CAF,Cities,2027,1483981.0
CAF,Rural,2027,2599757.0
CAF,Towns,2027,1804384.0
CIV,Cities,2027,13095522.0
CIV,Rural,2027,10442183.0
CIV,Towns,2027,10743424.0
CMR,Cities,2027,17087807.0
CMR,Rural,2027,7384597.0
CMR,Towns,2027,6937979.0
COD,Cities,2027,58525950.0
COD,Rural,2027,31201095.0
COD,Towns,2027,30402701.0
COG,Cities,2027,5760941.0
COG,Rural,2027,539333.0
COG,Towns,2027,494020.0
COM,Cities,2027,429709.0
COM,Rural,2027,112117.0
COM,Towns,2027,373348.0
CPV,Cities,2027,210256.0
CPV,Rural,2027,139407.0
CPV,Towns,2027,182208.0
ERI,Cities,2027,1497457.0
ERI,Rural,2027,1318425.0
ERI,Towns,2027,944492.0
ETH,Cities,2027,38250367.0
ETH,Rural,2027,46007264.0
ETH,Towns,2027,58107166.0
GAB,Cities,2027,1640605.0
GAB,Rural,2027,434592.0
GAB,Towns,2027,626654.0
GHA,Cities,2027,17908682.0
GHA,Rural,2027,7876964.0
GHA,Towns,2027,10542618.0
GIN,Cities,2027,5628492.0
GIN,Rural,2027,6903666.0
GIN,Towns,2027,3251930.0
GMB,Cities,2027,1537781.0
GMB,Rural,2027,686803.0
GMB,Towns,2027,721297.0
GNB,Cities,2027,795875.0
GNB,Rural,2027,1067542.0
GNB,Towns,2027,482772.0
GNQ,Cities,2027,1702282.0
GNQ,Rural,2027,197943.0
GNQ,Towns,2027,130529.0
KEN,Cities,2027,14709266.0
KEN,Rural,2027,13208060.0
KEN,Towns,2027,31828428.0
LBR,Cities,2027,2554124.0
LBR,Rural,2027,2449083.0
LBR,Towns,2027,983593.0
LSO,Cities,2027,291656.0
LSO,Rural,2027,1414270.0
LSO,Towns,2027,709442.0
MDG,Cities,2027,6667347.0
MDG,Rural,2027,18564769.0
MDG,Towns,2027,9076677.0
MLI,Cities,2027,7218381.0
MLI,Rural,2027,13263125.0
MLI,Towns,2027,6197664.0
MOZ,Cities,2027,10893169.0
MOZ,Rural,2027,16957549.0
MOZ,Towns,2027,9817940.0
MRT,Cities,2027,2149809.0
MRT,Rural,2027,2153576.0
MRT,Towns,2027,1305407.0
MUS,Cities,2027,546763.0
MUS,Rural,2027,116436.0
MUS,Towns,2027,598432.0
MWI,Cities,2027,2698492.0
MWI,Rural,2027,6348069.0
MWI,Towns,2027,14319627.0
NAM,Cities,2027,697918.0
NAM,Rural,2027,1777587.0
NAM,Towns,2027,737399.0
NER,Cities,2027,6935883.0
NER,Rural,2027,14086715.0
NER,Towns,2027,8701098.0
NGA,Cities,2027,124140250.0
NGA,Rural,2027,44131034.0
NGA,Towns,2027,79102979.0
RWA,Cities,2027,2330433.0
RWA,Rural,2027,809330.0
RWA,Towns,2027,12074564.0
SDN,Cities,2027,25633272.0
SDN,Rural,2027,13776333.0
SDN,Towns,2027,15314614.0
SEN,Cities,2027,9512689.0
SEN,Rural,2027,5485431.0
SEN,Towns,2027,4809128.0
SLE,Cities,2027,3474061.0
SLE,Rural,2027,3852756.0
SLE,Towns,2027,1847875.0
SOM,Cities,2027,13698638.0
SOM,Rural,2027,3620346.0
SOM,Towns,2027,3640079.0
SSA,Cities,2027,532962668.0
SSA,Rural,2027,400924586.0
SSA,Towns,2027,453661319.0
SSD,Cities,2027,4290275.0
SSD,Rural,2027,4327593.0
SSD,Towns,2027,4069436.0
STP,Cities,2027,153444.0
STP,Rural,2027,36054.0
STP,Towns,2027,60289.0
SWZ,Cities,2027,95546.0
SWZ,Rural,2027,961144.0
SWZ,Towns,2027,226531.0
SYC,Cities,2027,0.0
SYC,Rural,2027,24863.0
SYC,Towns,2027,112035.0
TCD,Cities,2027,6977677.0
TCD,Rural,2027,10499995.0
TCD,Towns,2027,4697703.0
TGO,Cities,2027,4700158.0
TGO,Rural,2027,2615481.0
TGO,Towns,2027,2827358.0
TZA,Cities,2027,18191531.0
TZA,Rural,2027,29190782.0
TZA,Towns,2027,27222496.0
UGA,Cities,2027,9120741.0
UGA,Rural,2027,11481749.0
UGA,Towns,2027,33541783.000000004
ZAF,Cities,2027,33629066.0
ZAF,Rural,2027,13375791.0
ZAF,Towns,2027,19138166.0
ZMB,Cities,2027,8993392.0
ZMB,Rural,2027,10227382.0
ZMB,Towns,2027,3917946.0
ZWE,Cities,2027,4115613.9999999995
ZWE,Rural,2027,11387025.0
ZWE,Towns,2027,2097974.0
AFE,Cities,2028,294092458.0
AFE,Rural,2028,250914377.0
AFE,Towns,2028,304338916.0
AFW,Cities,2028,253974071.0
AFW,Rural,2028,154770533.0
AFW,Towns,2028,162082185.0
AGO,Cities,2028,27714615.0
AGO,Rural,2028,10074329.0
AGO,Towns,2028,4852732.0
BDI,Cities,2028,2487665.0
BDI,Rural,2028,1443439.0
BDI,Towns,2028,11512909.0
BEN,Cities,2028,6602688.0
BEN,Rural,2028,3916435.0
BEN,Towns,2028,5371156.0
BFA,Cities,2028,6937718.0
BFA,Rural,2028,12022787.0
BFA,Towns,2028,6701436.0
BWA,Cities,2028,593870.0
BWA,Rural,2028,780809.0
BWA,Towns,2028,1310929.0
CAF,Cities,2028,1542934.0
CAF,Rural,2028,2674792.0
CAF,Towns,2028,1864738.0
CIV,Cities,2028,13382521.0
CIV,Rural,2028,10585030.0
CIV,Towns,2028,11109545.0
CMR,Cities,2028,17627594.0
CMR,Rural,2028,7466025.0
CMR,Towns,2028,7097049.0
COD,Cities,2028,60402645.0
COD,Rural,2028,32007104.0
COD,Towns,2028,31461800.0
COG,Cities,2028,5891097.0
COG,Rural,2028,546406.0
COG,Towns,2028,516469.00000000006
COM,Cities,2028,440549.0
COM,Rural,2028,113252.0
COM,Towns,2028,377630.0
CPV,Cities,2028,211146.0
CPV,Rural,2028,137831.0
CPV,Towns,2028,185138.0
ERI,Cities,2028,1526110.0
ERI,Rural,2028,1330601.0
ERI,Towns,2028,983431.0
ETH,Cities,2028,39819575.0
ETH,Rural,2028,46529369.0
ETH,Towns,2028,59492318.0
GAB,Cities,2028,1667636.0
GAB,Rural,2028,439192.0
GAB,Towns,2028,649649.0
GHA,Cities,2028,18253522.0
GHA,Rural,2028,7925398.0
GHA,Towns,2028,10780394.0
GIN,Cities,2028,5770520.0
GIN,Rural,2028,6995665.0
GIN,Towns,2028,3360390.0
GMB,Cities,2028,1565435.0
GMB,Rural,2028,688481.0
GMB,Towns,2028,753630.0
GNB,Cities,2028,807975.0
GNB,Rural,2028,1086609.0
GNB,Towns,2028,499647.0
GNQ,Cities,2028,1744605.0
GNQ,Rural,2028,200940.0
GNQ,Towns,2028,131717.0
KEN,Cities,2028,15144741.0
KEN,Rural,2028,13213701.0
KEN,Towns,2028,32502001.0
LBR,Cities,2028,2606939.0
LBR,Rural,2028,2502898.0
LBR,Towns,2028,1008923.0
LSO,Cities,2028,294069.0
LSO,Rural,2028,1415274.0
LSO,Towns,2028,732099.0
MDG,Cities,2028,6818372.0
MDG,Rural,2028,18836388.0
MDG,Towns,2028,9445097.0
MLI,Cities,2028,7464060.0
MLI,Rural,2028,13519544.0
MLI,Towns,2028,6457006.0
MOZ,Cities,2028,11267517.0
MOZ,Rural,2028,17187519.0
MOZ,Towns,2028,10259061.0
MRT,Cities,2028,2204914.0
MRT,Rural,2028,2193787.0
MRT,Towns,2028,1359255.0
MUS,Cities,2028,545522.0
MUS,Rural,2028,116630.0
MUS,Towns,2028,595890.0
MWI,Cities,2028,2795033.0
MWI,Rural,2028,6255660.0
MWI,Towns,2028,14903757.0
NAM,Cities,2028,719385.0
NAM,Rural,2028,1796666.0
NAM,Towns,2028,756112.0
NER,Cities,2028,7156175.0
NER,Rural,2028,14411438.0
NER,Towns,2028,9075949.0
NGA,Cities,2028,127265014.0
NGA,Rural,2028,44582652.0
NGA,Towns,2028,80498462.0
RWA,Cities,2028,2443868.0
RWA,Rural,2028,781429.0
RWA,Towns,2028,12311165.0
SDN,Cities,2028,26241439.0
SDN,Rural,2028,14040233.0
SDN,Towns,2028,15712163.0
SEN,Cities,2028,9724720.0
SEN,Rural,2028,5543857.0
SEN,Towns,2028,4985985.0
SLE,Cities,2028,3542768.0
SLE,Rural,2028,3914258.0
SLE,Towns,2028,1892000.0
SOM,Cities,2028,14123930.0
SOM,Rural,2028,3722935.0
SOM,Towns,2028,3754950.0
SSA,Cities,2028,548066529.0
SSA,Rural,2028,405684910.0
SSA,Towns,2028,466421101.0
SSD,Cities,2028,4397031.0
SSD,Rural,2028,4382585.0
SSD,Towns,2028,4161884.0
STP,Cities,2028,156159.0
STP,Rural,2028,35083.0
STP,Towns,2028,63419.0
SWZ,Cities,2028,96189.0
SWZ,Rural,2028,966670.0
SWZ,Towns,2028,233109.0
SYC,Cities,2028,0.0
SYC,Rural,2028,24003.0
SYC,Towns,2028,114517.0
TCD,Cities,2028,7177828.0
TCD,Rural,2028,10786005.0
TCD,Towns,2028,4883916.0
TGO,Cities,2028,4826262.0
TGO,Rural,2028,2630503.0
TGO,Towns,2028,2899731.0
TZA,Cities,2028,18950269.0
TZA,Rural,2028,29255086.0
TZA,Towns,2028,28465137.0
UGA,Cities,2028,9509953.0
UGA,Rural,2028,11228409.0
UGA,Towns,2028,34794196.0
ZAF,Cities,2028,34095087.0
ZAF,Rural,2028,13411487.0
ZAF,Towns,2028,19323810.0
ZMB,Cities,2028,9267790.0
ZMB,Rural,2028,10418899.0
ZMB,Towns,2028,4074684.0
ZWE,Cities,2028,4241075.0
ZWE,Rural,2028,11546817.0
ZWE,Towns,2028,2144116.0
AFE,Cities,2029,303002763.0
AFE,Rural,2029,253556613.0
AFE,Towns,2029,313142984.0
AFW,Cities,2029,260278504.0
AFW,Rural,2029,156976068.0
AFW,Towns,2029,166114819.0
AGO,Cities,2029,28658602.0
AGO,Rural,2029,10316596.0
AGO,Towns,2029,4916652.0
BDI,Cities,2029,2543010.0
BDI,Rural,2029,1408567.0
BDI,Towns,2029,11864278.0
BEN,Cities,2029,6791581.0
BEN,Rural,2029,3946146.0
BEN,Towns,2029,5516193.0
BFA,Cities,2029,7097894.0
BFA,Rural,2029,12152173.0
BFA,Towns,2029,6944540.0
BWA,Cities,2029,612365.0
BWA,Rural,2029,788712.0
BWA,Towns,2029,1324968.0
CAF,Cities,2029,1602639.0
CAF,Rural,2029,2751103.0
CAF,Towns,2029,1925990.0
CIV,Cities,2029,13673481.0
CIV,Rural,2029,10730989.0
CIV,Towns,2029,11478985.0
CMR,Cities,2029,18171980.0
CMR,Rural,2029,7549351.0
CMR,Towns,2029,7257951.0
COD,Cities,2029,62309012.0
COD,Rural,2029,32828725.0
COD,Towns,2029,32536403.0
COG,Cities,2029,6023634.0
COG,Rural,2029,553697.0
COG,Towns,2029,539132.0
COM,Cities,2029,451446.0
COM,Rural,2029,114401.0
COM,Towns,2029,381960.0
CPV,Cities,2029,212031.0
CPV,Rural,2029,136252.0
CPV,Towns,2029,188065.0
ERI,Cities,2029,1554984.0
ERI,Rural,2029,1342964.0
ERI,Towns,2029,1022524.0
ETH,Cities,2029,41393876.0
ETH,Rural,2029,47057242.0
ETH,Towns,2029,60884944.0
GAB,Cities,2029,1694813.0
GAB,Rural,2029,443832.0
GAB,Towns,2029,672702.0
GHA,Cities,2029,18598037.0
GHA,Rural,2029,7973696.0
GHA,Towns,2029,11017977.0
GIN,Cities,2029,5911723.0
GIN,Rural,2029,7086665.0
GIN,Towns,2029,3468368.0
GMB,Cities,2029,1592988.0
GMB,Rural,2029,690116.0
GMB,Towns,2029,785914.0
GNB,Cities,2029,819842.0
GNB,Rural,2029,1105364.0
GNB,Towns,2029,516376.99999999994
GNQ,Cities,2029,1786870.0
GNQ,Rural,2029,203931.0
GNQ,Towns,2029,132901.0
KEN,Cities,2029,15581241.0
KEN,Rural,2029,13220199.0
KEN,Towns,2029,33177747.000000004
LBR,Cities,2029,2657350.0
LBR,Rural,2029,2554409.0
LBR,Towns,2029,1033327.0
LSO,Cities,2029,296502.0
LSO,Rural,2029,1416374.0
LSO,Towns,2029,754807.0
MDG,Cities,2029,6970126.0
MDG,Rural,2029,19110000.0
MDG,Towns,2029,9814552.0
MLI,Cities,2029,7713425.0
MLI,Rural,2029,13782523.0
MLI,Towns,2029,6719564.0
MOZ,Cities,2029,11646391.0
MOZ,Rural,2029,17424194.0
MOZ,Towns,2029,10704360.0
MRT,Cities,2029,2260814.0
MRT,Rural,2029,2234784.0
MRT,Towns,2029,1413598.0
MUS,Cities,2029,544208.0
MUS,Rural,2029,116808.0
MUS,Towns,2029,593267.0
MWI,Cities,2029,2892846.0
MWI,Rural,2029,6165958.0
MWI,Towns,2029,15494697.0
NAM,Cities,2029,740714.0
NAM,Rural,2029,1815410.0
NAM,Towns,2029,774682.0
NER,Cities,2029,7379194.0
NER,Rural,2029,14741601.0
NER,Towns,2029,9454299.0
NGA,Cities,2029,130407348.0
NGA,Rural,2029,45040324.0
NGA,Towns,2029,81904966.0
RWA,Cities,2029,2555094.0
RWA,Rural,2029,752838.0
RWA,Towns,2029,12536726.0
SDN,Cities,2029,26855173.0
SDN,Rural,2029,14307355.0
SDN,Towns,2029,16112913.0
SEN,Cities,2029,9939030.0
SEN,Rural,2029,5603558.0
SEN,Towns,2029,5164037.0
SLE,Cities,2029,3610511.0
SLE,Rural,2029,3974701.0
SLE,Towns,2029,1935607.0
SOM,Cities,2029,14551278.0
SOM,Rural,2029,3826073.0
SOM,Towns,2029,3870367.0
SSA,Cities,2029,563281267.0
SSA,Rural,2029,410532681.0
SSA,Towns,2029,479257803.0
SSD,Cities,2029,4504605.0
SSD,Rural,2029,4438377.0
SSD,Towns,2029,4255103.0
STP,Cities,2029,158913.0
STP,Rural,2029,34119.0
STP,Towns,2029,66565.0
SWZ,Cities,2029,96805.0
SWZ,Rural,2029,971927.0
SWZ,Towns,2029,239618.0
SYC,Cities,2029,0.0
SYC,Rural,2029,23072.0
SYC,Towns,2029,116650.0
TCD,Cities,2029,7379802.0
TCD,Rural,2029,11074706.0
TCD,Towns,2029,5071530.0
TGO,Cities,2029,4953517.0
TGO,Rural,2029,2646147.0
TGO,Towns,2029,2972796.0
TZA,Cities,2029,19718241.0
TZA,Rural,2029,29333273.0
TZA,Towns,2029,29721681.0
UGA,Cities,2029,9899519.0
UGA,Rural,2029,10975389.0
UGA,Towns,2029,36047882.0
ZAF,Cities,2029,34555545.0
ZAF,Rural,2029,13444999.0
ZAF,Towns,2029,19506305.0
ZMB,Cities,2029,9544405.0
ZMB,Rural,2029,10612872.0
ZMB,Towns,2029,4232409.0
ZWE,Cities,2029,4367862.0
ZWE,Rural,2029,11710169.0
ZWE,Towns,2029,2190924.0
AFE,Cities,2030,311989547.0
AFE,Rural,2030,256256581.0
AFE,Towns,2030,322000808.0
AFW,Cities,2030,266619730.0
AFW,Rural,2030,159207415.0
AFW,Towns,2030,170172000.0
AGO,Cities,2030,29614837.0
AGO,Rural,2030,10563110.0
AGO,Towns,2030,4982511.0
BDI,Cities,2030,2597436.0
BDI,Rural,2030,1373095.0
BDI,Towns,2030,12211485.0
BEN,Cities,2030,6981016.0
BEN,Rural,2030,3976138.0
BEN,Towns,2030,5661668.0
BFA,Cities,2030,7258901.0
BFA,Rural,2030,12282947.0
BFA,Towns,2030,7188476.0
BWA,Cities,2030,630729.0
BWA,Rural,2030,796454.0
BWA,Towns,2030,1338736.0
CAF,Cities,2030,1662678.0
CAF,Rural,2030,2827944.0
CAF,Towns,2030,1987625.0
CIV,Cities,2030,13967932.0
CIV,Rural,2030,10879625.0
CIV,Towns,2030,11851452.0
CMR,Cities,2030,18721581.0
CMR,Rural,2030,7634721.0
CMR,Towns,2030,7420887.0
COD,Cities,2030,64242524.0
COD,Rural,2030,33664380.0
COD,Towns,2030,33625297.0
COG,Cities,2030,6158967.0
COG,Rural,2030,561239.0
COG,Towns,2030,562059.0
COM,Cities,2030,462383.0
COM,Rural,2030,115559.0
COM,Towns,2030,386322.0
CPV,Cities,2030,212930.0
CPV,Rural,2030,134681.0
CPV,Towns,2030,191003.0
ERI,Cities,2030,1584597.0
ERI,Rural,2030,1355951.0
ERI,Towns,2030,1062124.0
ETH,Cities,2030,42975219.0
ETH,Rural,2030,47592594.0
ETH,Towns,2030,62287544.0
GAB,Cities,2030,1722261.0
GAB,Rural,2030,448541.0
GAB,Towns,2030,695865.0
GHA,Cities,2030,18943533.0
GHA,Rural,2030,8022416.0
GHA,Towns,2030,11256140.0
GIN,Cities,2030,6052998.0
GIN,Rural,2030,7177764.0
GIN,Towns,2030,3576385.0
GMB,Cities,2030,1620357.0
GMB,Rural,2030,691673.0
GMB,Towns,2030,818104.0
GNB,Cities,2030,831711.0
GNB,Rural,2030,1124120.0
GNB,Towns,2030,533104.0
GNQ,Cities,2030,1829391.0
GNQ,Rural,2030,206951.0
GNQ,Towns,2030,134103.0
KEN,Cities,2030,16018860.0
KEN,Rural,2030,13227565.0
KEN,Towns,2030,33855820.0
LBR,Cities,2030,2705586.0
LBR,Rural,2030,2603826.0
LBR,Towns,2030,1056879.0
LSO,Cities,2030,298922.0
LSO,Rural,2030,1417412.0
LSO,Towns,2030,777484.0
MDG,Cities,2030,7122595.0
MDG,Rural,2030,19385521.0
MDG,Towns,2030,10185067.0
MLI,Cities,2030,7966249.0
MLI,Rural,2030,14051414.0
MLI,Towns,2030,6985203.0
MOZ,Cities,2030,12028556.0
MOZ,Rural,2030,17665397.0
MOZ,Towns,2030,11152801.0
MRT,Cities,2030,2317512.0
MRT,Rural,2030,2276557.0
MRT,Towns,2030,1468460.0
MUS,Cities,2030,542853.0
MUS,Rural,2030,116978.0
MUS,Towns,2030,590601.0
MWI,Cities,2030,2991602.0
MWI,Rural,2030,6077916.0
MWI,Towns,2030,16090769.0
NAM,Cities,2030,762154.0
NAM,Rural,2030,1834436.0
NAM,Towns,2030,793368.0
NER,Cities,2030,7604894.0
NER,Rural,2030,15076992.0
NER,Towns,2030,9836189.0
NGA,Cities,2030,133560965.0
NGA,Rural,2030,45501659.0
NGA,Towns,2030,83318346.0
RWA,Cities,2030,2666555.0
RWA,Rural,2030,724380.0
RWA,Towns,2030,12763771.0
SDN,Cities,2030,27475696.0
SDN,Rural,2030,14578293.0
SDN,Towns,2030,16517628.0
SEN,Cities,2030,10155500.0
SEN,Rural,2030,5664429.0
SEN,Towns,2030,5343263.0
SLE,Cities,2030,3679105.0
SLE,Rural,2030,4036087.0
SLE,Towns,2030,1979666.0
SOM,Cities,2030,14992639.0
SOM,Rural,2030,3932892.0
SOM,Towns,2030,3989512.0
SSA,Cities,2030,578609277.0
SSA,Rural,2030,415463996.0
SSA,Towns,2030,492172808.0
SSD,Cities,2030,4613142.0
SSD,Rural,2030,4495085.0
SSD,Towns,2030,4349227.0
STP,Cities,2030,161686.0
STP,Rural,2030,33158.0
STP,Towns,2030,69720.0
SWZ,Cities,2030,97434.0
SWZ,Rural,2030,977325.0
SWZ,Towns,2030,246158.0
SYC,Cities,2030,0.0
SYC,Rural,2030,22064.0
SYC,Towns,2030,118335.0
TCD,Cities,2030,7582728.0
TCD,Rural,2030,11364786.0
TCD,Towns,2030,5259966.0
TGO,Cities,2030,5082935.0
TGO,Rural,2030,2662905.0
TGO,Towns,2030,3047157.0
TZA,Cities,2030,20495832.0
TZA,Rural,2030,29424442.0
TZA,Towns,2030,30992850.0
UGA,Cities,2030,10289096.0
UGA,Rural,2030,10722267.0
UGA,Towns,2030,37301577.0
ZAF,Cities,2030,35004705.0
ZAF,Rural,2030,13474192.0
ZAF,Towns,2030,19682462.0
ZMB,Cities,2030,9823745.0
ZMB,Rural,2030,10809786.0
ZMB,Towns,2030,4391370.0
ZWE,Cities,2030,4495750.0
ZWE,Rural,2030,11876329.0
ZWE,Towns,2030,2238269.0
AFE,Cities,2031,321259979.0
AFE,Rural,2031,258349916.0
AFE,Towns,2031,331349886.0
AFW,Cities,2031,273053558.0
AFW,Rural,2031,161129778.0
AFW,Towns,2031,174542633.0
AGO,Cities,2031,30554155.0
AGO,Rural,2031,10802559.0
AGO,Towns,2031,5093250.0
BDI,Cities,2031,2710210.0
BDI,Rural,2031,1352768.0
BDI,Towns,2031,12492053.0
BEN,Cities,2031,7143276.0
BEN,Rural,2031,3992953.0
BEN,Towns,2031,5849701.0
BFA,Cities,2031,7398615.0
BFA,Rural,2031,12366273.0
BFA,Towns,2031,7505975.0
BWA,Cities,2031,650616.0
BWA,Rural,2031,802160.0
BWA,Towns,2031,1352214.0
CAF,Cities,2031,1724840.0
CAF,Rural,2031,2897046.0
CAF,Towns,2031,2058172.0
CIV,Cities,2031,14239344.0
CIV,Rural,2031,11023404.0
CIV,Towns,2031,12266618.0
CMR,Cities,2031,19217339.0
CMR,Rural,2031,7720816.0
CMR,Towns,2031,7645961.0
COD,Cities,2031,66081774.99999999
COD,Rural,2031,34502279.0
COD,Towns,2031,34863441.0
COG,Cities,2031,6289068.0
COG,Rural,2031,569767.0
COG,Towns,2031,593575.0
COM,Cities,2031,471557.0
COM,Rural,2031,113103.0
COM,Towns,2031,396116.0
CPV,Cities,2031,213825.0
CPV,Rural,2031,135072.0
CPV,Towns,2031,191867.0
ERI,Cities,2031,1623656.0
ERI,Rural,2031,1373764.0
ERI,Towns,2031,1087626.0
ETH,Cities,2031,44892708.0
ETH,Rural,2031,47996207.0
ETH,Towns,2031,63493513.0
GAB,Cities,2031,1770353.0
GAB,Rural,2031,452740.0
GAB,Towns,2031,699407.0
GHA,Cities,2031,19338449.0
GHA,Rural,2031,8074081.0
GHA,Towns,2031,11444273.0
GIN,Cities,2031,6171098.0
GIN,Rural,2031,7247611.0
GIN,Towns,2031,3728925.0
GMB,Cities,2031,1642036.0
GMB,Rural,2031,698016.0
GMB,Towns,2031,850945.0
GNB,Cities,2031,840715.0
GNB,Rural,2031,1143987.0
GNB,Towns,2031,552197.0
GNQ,Cities,2031,1871998.0
GNQ,Rural,2031,206306.0
GNQ,Towns,2031,139780.0
KEN,Cities,2031,16426376.0
KEN,Rural,2031,13233130.0
KEN,Towns,2031,34570612.0
LBR,Cities,2031,2753559.0
LBR,Rural,2031,2653103.0
LBR,Towns,2031,1080079.0
LSO,Cities,2031,301243.0
LSO,Rural,2031,1423064.0
LSO,Towns,2031,795714.0
MDG,Cities,2031,7342053.0
MDG,Rural,2031,19599015.0
MDG,Towns,2031,10554638.0
MLI,Cities,2031,8256750.0
MLI,Rural,2031,14281332.0
MLI,Towns,2031,7266456.0
MOZ,Cities,2031,12340742.0
MOZ,Rural,2031,17803467.0
MOZ,Towns,2031,11787048.0
MRT,Cities,2031,2407035.0
MRT,Rural,2031,2320645.0
MRT,Towns,2031,1490109.0
MUS,Cities,2031,541575.0
MUS,Rural,2031,116963.0
MUS,Towns,2031,587854.0
MWI,Cities,2031,3108844.0
MWI,Rural,2031,5968886.0
MWI,Towns,2031,16685805.0
NAM,Cities,2031,789403.0
NAM,Rural,2031,1857173.0
NAM,Towns,2031,802920.0
NER,Cities,2031,7808080.0
NER,Rural,2031,15376510.0
NER,Towns,2031,10285028.0
NGA,Cities,2031,136744661.0
NGA,Rural,2031,45817499.0
NGA,Towns,2031,84858914.0
RWA,Cities,2031,2823476.0
RWA,Rural,2031,707619.0
RWA,Towns,2031,12942012.0
SDN,Cities,2031,28095250.0
SDN,Rural,2031,14827432.0
SDN,Towns,2031,16950256.0
SEN,Cities,2031,10401486.0
SEN,Rural,2031,5721836.0
SEN,Towns,2031,5500391.0
SLE,Cities,2031,3754581.0
SLE,Rural,2031,4092821.0
SLE,Towns,2031,2022896.0
SOM,Cities,2031,15443276.0
SOM,Rural,2031,4027432.0
SOM,Towns,2031,4119087.9999999995
SSA,Cities,2031,594313537.0
SSA,Rural,2031,419479694.0
SSA,Towns,2031,505892519.0
SSD,Cities,2031,4765405.0
SSD,Rural,2031,4528256.0
SSD,Towns,2031,4431751.0
STP,Cities,2031,165176.0
STP,Rural,2031,33333.0
STP,Towns,2031,71061.0
SWZ,Cities,2031,98328.0
SWZ,Rural,2031,985038.0
SWZ,Towns,2031,249804.0
SYC,Cities,2031,0.0
SYC,Rural,2031,22108.0
SYC,Towns,2031,118670.0
TCD,Cities,2031,7872476.0
TCD,Rural,2031,11663550.0
TCD,Towns,2031,5361213.0
TGO,Cities,2031,5193974.0
TGO,Rural,2031,2674410.0
TGO,Towns,2031,3150151.0
TZA,Cities,2031,21216744.0
TZA,Rural,2031,29315107.0
TZA,Towns,2031,32556088.0
UGA,Cities,2031,10612763.0
UGA,Rural,2031,10538275.0
UGA,Towns,2031,38552496.0
ZAF,Cities,2031,35453109.0
ZAF,Rural,2031,13491434.0
ZAF,Towns,2031,19854037.0
ZMB,Cities,2031,10131571.0
ZMB,Rural,2031,10924740.0
ZMB,Towns,2031,4610193.0
ZWE,Cities,2031,4619968.0
ZWE,Rural,2031,12004604.0
ZWE,Towns,2031,2331626.0
AFE,Cities,2032,330578157.0
AFE,Rural,2032,260490099.0
AFE,Towns,2032,340721897.0
AFW,Cities,2032,279532465.0
AFW,Rural,2032,163086356.0
AFW,Towns,2032,178941416.0
AGO,Cities,2032,31506530.0
AGO,Rural,2032,11046752.0
AGO,Towns,2032,5206228.0
BDI,Cities,2032,2824136.0
BDI,Rural,2032,1333052.0
BDI,Towns,2032,12778049.0
BEN,Cities,2032,7307225.0
BEN,Rural,2032,4010760.0
BEN,Towns,2032,6039080.0
BFA,Cities,2032,7539354.0
BFA,Rural,2032,12451371.0
BFA,Towns,2032,7824445.0
BWA,Cities,2032,670318.0
BWA,Rural,2032,807626.0
BWA,Towns,2032,1365289.0
CAF,Cities,2032,1787583.0
CAF,Rural,2032,2967141.0
CAF,Towns,2032,2129414.0
CIV,Cities,2032,14517225.0
CIV,Rural,2032,11172289.0
CIV,Towns,2032,12687092.0
CMR,Cities,2032,19717859.0
CMR,Rural,2032,7808902.0
CMR,Towns,2032,7872911.0
COD,Cities,2032,67943451.0
COD,Rural,2032,35352004.0
COD,Towns,2032,36113157.0
COG,Cities,2032,6422492.0
COG,Rural,2032,578599.0
COG,Towns,2032,625386.0
COM,Cities,2032,480761.0
COM,Rural,2032,110655.0
COM,Towns,2032,405934.0
CPV,Cities,2032,214674.0
CPV,Rural,2032,135432.0
CPV,Towns,2032,192689.0
ERI,Cities,2032,1662350.0
ERI,Rural,2032,1391281.0
ERI,Towns,2032,1112883.0
ETH,Cities,2032,46814316.0
ETH,Rural,2032,48404251.0
ETH,Towns,2032,64705332.0
GAB,Cities,2032,1818724.0
GAB,Rural,2032,457015.0
GAB,Towns,2032,703068.0
GHA,Cities,2032,19733991.0
GHA,Rural,2032,8126022.0
GHA,Towns,2032,11632781.0
GIN,Cities,2032,6288393.0
GIN,Rural,2032,7316486.0
GIN,Towns,2032,3881012.0
GMB,Cities,2032,1663696.0
GMB,Rural,2032,704351.0
GMB,Towns,2032,883779.0
GNB,Cities,2032,849955.0
GNB,Rural,2032,1164176.0
GNB,Towns,2032,571446.0
GNQ,Cities,2032,1915706.0
GNQ,Rural,2032,205785.0
GNQ,Towns,2032,145539.0
KEN,Cities,2032,16834179.0
KEN,Rural,2032,13238870.0
KEN,Towns,2032,35285985.0
LBR,Cities,2032,2804534.0
LBR,Rural,2032,2705269.0
LBR,Towns,2032,1104451.0
LSO,Cities,2032,303596.0
LSO,Rural,2032,1428869.0
LSO,Towns,2032,814026.0
MDG,Cities,2032,7562102.0
MDG,Rural,2032,19814167.0
MDG,Towns,2032,10925049.0
MLI,Cities,2032,8550696.0
MLI,Rural,2032,14517477.0
MLI,Towns,2032,7550716.0
MOZ,Cities,2032,12657978.0
MOZ,Rural,2032,17949110.0
MOZ,Towns,2032,12425806.0
MRT,Cities,2032,2497230.0
MRT,Rural,2032,2365415.0
MRT,Towns,2032,1512201.0
MUS,Cities,2032,540152.0
MUS,Rural,2032,116917.0
MUS,Towns,2032,584950.0
MWI,Cities,2032,3226057.0
MWI,Rural,2032,5859991.0
MWI,Towns,2032,17280712.0
NAM,Cities,2032,816480.0
NAM,Rural,2032,1879474.0
NAM,Towns,2032,812283.0
NER,Cities,2032,8013023.0
NER,Rural,2032,15679558.0
NER,Towns,2032,10736058.0
NGA,Cities,2032,139939802.0
NGA,Rural,2032,46137227.0
NGA,Towns,2032,86406613.0
RWA,Cities,2032,2976904.0
RWA,Rural,2032,690048.0
RWA,Towns,2032,13104869.0
SDN,Cities,2032,28717250.0
SDN,Rural,2032,15077891.0
SDN,Towns,2032,17384339.0
SEN,Cities,2032,10648283.0
SEN,Rural,2032,5779698.0
SEN,Towns,2032,5657945.0
SLE,Cities,2032,3830618.0
SLE,Rural,2032,4150153.0000000005
SLE,Towns,2032,2066429.0
SOM,Cities,2032,15890145.0
SOM,Rural,2032,4120997.9999999995
SOM,Towns,2032,4247655.0
SSA,Cities,2032,610110622.0
SSA,Rural,2032,423576455.0
SSA,Towns,2032,519663313.0
SSD,Cities,2032,4918714.0
SSD,Rural,2032,4562401.0
SSD,Towns,2032,4515236.0
STP,Cities,2032,168707.0
STP,Rural,2032,33517.0
STP,Towns,2032,72420.0
SWZ,Cities,2032,99182.0
SWZ,Rural,2032,992362.0
SWZ,Towns,2032,253353.0
SYC,Cities,2032,0.0
SYC,Rural,2032,22146.0
SYC,Towns,2032,118973.0
TCD,Cities,2032,8165124.0
TCD,Rural,2032,11966647.0
TCD,Towns,2032,5464461.0
TGO,Cities,2032,5306278.0
TGO,Rural,2032,2686583.0
TGO,Towns,2032,3253900.0
TZA,Cities,2032,21945236.0
TZA,Rural,2032,29217428.0
TZA,Towns,2032,34130469.0
UGA,Cities,2032,10935553.0
UGA,Rural,2032,10353254.0
UGA,Towns,2032,39800249.0
ZAF,Cities,2032,35896750.0
ZAF,Rural,2032,13506786.0
ZAF,Towns,2032,20022904.0
ZMB,Cities,2032,10440894.0
ZMB,Rural,2032,11041388.0
ZMB,Towns,2032,4829668.0
ZWE,Cities,2032,4746416.0
ZWE,Rural,2032,12138861.0
ZWE,Towns,2032,2426079.0
AFE,Cities,2033,339933007.0
AFE,Rural,2033,262660382.0
AFE,Towns,2033,350113826.0
AFW,Cities,2033,286042426.0
AFW,Rural,2033,165067205.0
AFW,Towns,2033,183362048.0
AGO,Cities,2033,32473657.0
AGO,Rural,2033,11296155.0
AGO,Towns,2033,5321663.0
BDI,Cities,2033,2938432.0
BDI,Rural,2033,1313505.0
BDI,Towns,2033,13065697.0
BEN,Cities,2033,7472535.0
BEN,Rural,2033,4029329.0
BEN,Towns,2033,6229574.0
BFA,Cities,2033,7681279.0
BFA,Rural,2033,12538442.0
BFA,Towns,2033,8144130.0
BWA,Cities,2033,689905.0
BWA,Rural,2033,812950.0
BWA,Towns,2033,1378126.0
CAF,Cities,2033,1850644.0
CAF,Rural,2033,3037765.0
CAF,Towns,2033,2201034.0
CIV,Cities,2033,14802895.0
CIV,Rural,2033,11327195.0
CIV,Towns,2033,13114294.0
CMR,Cities,2033,20222970.0
CMR,Rural,2033,7898825.0
CMR,Towns,2033,8101688.0
COD,Cities,2033,69826737.0
COD,Rural,2033,36213005.0
COD,Towns,2033,37374288.0
COG,Cities,2033,6557984.0
COG,Rural,2033,587618.0
COG,Towns,2033,657397.0
COM,Cities,2033,490031.0
COM,Rural,2033,108223.0
COM,Towns,2033,415808.0
CPV,Cities,2033,215495.0
CPV,Rural,2033,135776.0
CPV,Towns,2033,193487.0
ERI,Cities,2033,1701647.0
ERI,Rural,2033,1409314.0
ERI,Towns,2033,1138545.0
ETH,Cities,2033,48732397.0
ETH,Rural,2033,48808646.0
ETH,Towns,2033,65912273.0
GAB,Cities,2033,1867452.0
GAB,Rural,2033,461381.0
GAB,Towns,2033,706871.0
GHA,Cities,2033,20131500.0
GHA,Rural,2033,8178775.0
GHA,Towns,2033,11822450.0
GIN,Cities,2033,6404987.0
GIN,Rural,2033,7384535.0
GIN,Towns,2033,4032680.0
GMB,Cities,2033,1685325.0
GMB,Rural,2033,710673.0
GMB,Towns,2033,916598.0
GNB,Cities,2033,859341.0
GNB,Rural,2033,1184568.0
GNB,Towns,2033,590800.0
GNQ,Cities,2033,1959435.0
GNQ,Rural,2033,205265.0
GNQ,Towns,2033,151300.0
KEN,Cities,2033,17241189.0
KEN,Rural,2033,13243945.0
KEN,Towns,2033,35999677.0
LBR,Cities,2033,2856844.0
LBR,Rural,2033,2758725.0
LBR,Towns,2033,1129352.0
LSO,Cities,2033,305966.0
LSO,Rural,2033,1434758.0
LSO,Towns,2033,832386.0
MDG,Cities,2033,7782631.0
MDG,Rural,2033,20030599.0
MDG,Towns,2033,11296150.0
MLI,Cities,2033,8847297.0
MLI,Rural,2033,14758186.0
MLI,Towns,2033,7837315.0
MOZ,Cities,2033,12978157.0
MOZ,Rural,2033,18099005.0
MOZ,Towns,2033,13067371.0
MRT,Cities,2033,2588178.0
MRT,Rural,2033,2410906.0
MRT,Towns,2033,1534756.0
MUS,Cities,2033,538588.0
MUS,Rural,2033,116840.0
MUS,Towns,2033,581892.0
MWI,Cities,2033,3344293.0
MWI,Rural,2033,5753027.0
MWI,Towns,2033,17881101.0
NAM,Cities,2033,843178.0
NAM,Rural,2033,1900898.0
NAM,Towns,2033,821267.0
NER,Cities,2033,8220151.0
NER,Rural,2033,15986899.0
NER,Towns,2033,11189987.0
NGA,Cities,2033,143139544.0
NGA,Rural,2033,46458437.0
NGA,Towns,2033,87957134.0
RWA,Cities,2033,3130641.0
RWA,Rural,2033,672662.0
RWA,Towns,2033,13270172.0
SDN,Cities,2033,29344498.0
SDN,Rural,2033,15331113.0
SDN,Towns,2033,17821593.0
SEN,Cities,2033,10895418.0
SEN,Rural,2033,5837744.0
SEN,Towns,2033,5815677.0
SLE,Cities,2033,3905480.0
SLE,Rural,2033,4206205.0
SLE,Towns,2033,2109329.0
SOM,Cities,2033,16333105.0
SOM,Rural,2033,4213567.0
SOM,Towns,2033,4375169.0
SSA,Cities,2033,625975433.0
SSA,Rural,2033,427727587.0
SSA,Towns,2033,533475874.0
SSD,Cities,2033,5070080.0
SSD,Rural,2033,4594746.0
SSD,Towns,2033,4596939.0
STP,Cities,2033,172268.0
STP,Rural,2033,33706.0
STP,Towns,2033,73792.0
SWZ,Cities,2033,100046.0
SWZ,Rural,2033,999775.0
SWZ,Towns,2033,256923.99999999997
SYC,Cities,2033,0.0
SYC,Rural,2033,22176.0
SYC,Towns,2033,119233.0
TCD,Cities,2033,8458620.0
TCD,Rural,2033,12270962.0
TCD,Towns,2033,5568259.0
TGO,Cities,2033,5419052.0
TGO,Rural,2033,2698994.0
TGO,Towns,2033,3357936.0
TZA,Cities,2033,22679366.0
TZA,Rural,2033,29127688.0
TZA,Towns,2033,35713439.0
UGA,Cities,2033,11256471.0
UGA,Rural,2033,10166438.0
UGA,Towns,2033,41041197.0
ZAF,Cities,2033,36333267.0
ZAF,Rural,2033,13519430.0
ZAF,Towns,2033,20187783.0
ZMB,Cities,2033,10751279.0
ZMB,Rural,2033,11159182.0
ZMB,Towns,2033,5049626.0
ZWE,Cities,2033,4875178.0
ZWE,Rural,2033,12279029.0
ZWE,Towns,2033,2521715.0
AFE,Cities,2034,349350305.0
AFE,Rural,2034,264871817.0
AFE,Towns,2034,359561598.0
AFW,Cities,2034,292569038.0
AFW,Rural,2034,167062136.0
AFW,Towns,2034,187796728.0
AGO,Cities,2034,33456716.999999996
AGO,Rural,2034,11551053.0
AGO,Towns,2034,5439686.0
BDI,Cities,2034,3052871.0
BDI,Rural,2034,1294005.0
BDI,Towns,2034,13353932.0
BEN,Cities,2034,7639576.0
BEN,Rural,2034,4048816.0
BEN,Towns,2034,6421521.0
BFA,Cities,2034,7824399.0
BFA,Rural,2034,12627429.0
BFA,Towns,2034,8465120.0
BWA,Cities,2034,709310.0
BWA,Rural,2034,818064.0
BWA,Towns,2034,1390604.0
CAF,Cities,2034,1914100.0
CAF,Rural,2034,3109025.0
CAF,Towns,2034,2273122.0
CIV,Cities,2034,15096326.0
CIV,Rural,2034,11488002.0
CIV,Towns,2034,13548480.0
CMR,Cities,2034,20732288.0
CMR,Rural,2034,7990364.0
CMR,Towns,2034,8332157.999999999
COD,Cities,2034,71733703.0
COD,Rural,2034,37086243.0
COD,Towns,2034,38648190.0
COG,Cities,2034,6695002.0
COG,Rural,2034,596772.0
COG,Towns,2034,689570.0
COM,Cities,2034,499348.0
COM,Rural,2034,105801.0
COM,Towns,2034,425722.0
CPV,Cities,2034,216289.0
CPV,Rural,2034,136103.0
CPV,Towns,2034,194260.0
ERI,Cities,2034,1741840.0
ERI,Rural,2034,1428084.0
ERI,Towns,2034,1164806.0
ETH,Cities,2034,50649221.0
ETH,Rural,2034,49211926.0
ETH,Towns,2034,67117647.0
GAB,Cities,2034,1916565.0
GAB,Rural,2034,465841.0
GAB,Towns,2034,710816.0
GHA,Cities,2034,20529772.0
GHA,Rural,2034,8231823.0
GHA,Towns,2034,12012561.0
GIN,Cities,2034,6520107.0
GIN,Rural,2034,7450896.0
GIN,Towns,2034,4183404.0000000005
GMB,Cities,2034,1706830.0
GMB,Rural,2034,716942.0
GMB,Towns,2034,949349.0
GNB,Cities,2034,868479.0
GNB,Rural,2034,1204621.0
GNB,Towns,2034,609988.0
GNQ,Cities,2034,2003065.0
GNQ,Rural,2034,204733.0
GNQ,Towns,2034,157053.0
KEN,Cities,2034,17646654.0
KEN,Rural,2034,13247833.0
KEN,Towns,2034,36710143.0
LBR,Cities,2034,2908344.0
LBR,Rural,2034,2811401.0
LBR,Towns,2034,1153935.0
LSO,Cities,2034,308343.0
LSO,Rural,2034,1440673.0
LSO,Towns,2034,850763.0
MDG,Cities,2034,8003664.0
MDG,Rural,2034,20248302.0
MDG,Towns,2034,11667984.0
MLI,Cities,2034,9146730.0
MLI,Rural,2034,15003514.0
MLI,Towns,2034,8126432.0
MOZ,Cities,2034,13303436.0
MOZ,Rural,2034,18255902.0
MOZ,Towns,2034,13714188.0
MRT,Cities,2034,2679775.0
MRT,Rural,2034,2456989.0
MRT,Towns,2034,1557685.0
MUS,Cities,2034,536883.0
MUS,Rural,2034,116732.0
MUS,Towns,2034,578682.0
MWI,Cities,2034,3463187.0
MWI,Rural,2034,5647107.0
MWI,Towns,2034,18485003.0
NAM,Cities,2034,869720.0
NAM,Rural,2034,1921993.0
NAM,Towns,2034,830109.0
NER,Cities,2034,8428887.0
NER,Rural,2034,16297339.0
NER,Towns,2034,11646157.0
NGA,Cities,2034,146337160.0
NGA,Rural,2034,46778913.0
NGA,Towns,2034,89506323.0
RWA,Cities,2034,3289321.0
RWA,Rural,2034,656353.0
RWA,Towns,2034,13456580.0
SDN,Cities,2034,29975236.0
SDN,Rural,2034,15586143.0
SDN,Towns,2034,18260978.0
SEN,Cities,2034,11142686.0
SEN,Rural,2034,5895859.0
SEN,Towns,2034,5973482.0
SLE,Cities,2034,3979065.0
SLE,Rural,2034,4260887.0
SLE,Towns,2034,2151538.0
SOM,Cities,2034,16781818.0
SOM,Rural,2034,4307635.0
SOM,Towns,2034,4504219.0
SSA,Cities,2034,641919343.0
SSA,Rural,2034,431933953.0
SSA,Towns,2034,547358326.0
SSD,Cities,2034,5221558.0
SSD,Rural,2034,4627230.0
SSD,Towns,2034,4678762.0
STP,Cities,2034,175848.0
STP,Rural,2034,33899.0
STP,Towns,2034,75173.0
SWZ,Cities,2034,100892.0
SWZ,Rural,2034,1007016.0
SWZ,Towns,2034,260451.00000000003
SYC,Cities,2034,0.0
SYC,Rural,2034,22201.0
SYC,Towns,2034,119463.0
TCD,Cities,2034,8751473.0
TCD,Rural,2034,12574320.0
TCD,Towns,2034,5671615.0
TGO,Cities,2034,5532120.0
TGO,Rural,2034,2711547.0
TGO,Towns,2034,3462159.0
TZA,Cities,2034,23424125.0
TZA,Rural,2034,29051266.0
TZA,Towns,2034,37313286.0
UGA,Cities,2034,11576422.0
UGA,Rural,2034,9978846.0
UGA,Towns,2034,42278600.0
ZAF,Cities,2034,36763042.0
ZAF,Rural,2034,13529597.0
ZAF,Towns,2034,20348933.0
ZMB,Cities,2034,11063028.0
ZMB,Rural,2034,11278368.0
ZMB,Towns,2034,5270234.0
ZWE,Cities,2034,5004118.0
ZWE,Rural,2034,12419545.0
ZWE,Towns,2034,2617460.0
AFE,Cities,2035,358841186.0
AFE,Rural,2035,267128731.0
AFE,Towns,2035,369068899.0
AFW,Cities,2035,299110564.0
AFW,Rural,2035,169069082.0
AFW,Towns,2035,192242338.0
AGO,Cities,2035,34452014.0
AGO,Rural,2035,11810063.0
AGO,Towns,2035,5559642.0
BDI,Cities,2035,3167651.0
BDI,Rural,2035,1274622.0
BDI,Towns,2035,13643568.0
BEN,Cities,2035,7808411.0
BEN,Rural,2035,4069209.0
BEN,Towns,2035,6615011.0
BFA,Cities,2035,7967435.0
BFA,Rural,2035,12716232.0
BFA,Towns,2035,8786079.0
BWA,Cities,2035,728572.0
BWA,Rural,2035,823023.0
BWA,Towns,2035,1402819.0
CAF,Cities,2035,1977438.0
CAF,Rural,2035,3180079.0
CAF,Towns,2035,2345070.0
CIV,Cities,2035,15394446.0
CIV,Rural,2035,11652287.0
CIV,Towns,2035,13987115.0
CMR,Cities,2035,21245932.0
CMR,Rural,2035,8083501.0
CMR,Towns,2035,8564384.0
COD,Cities,2035,73659024.0
COD,Rural,2035,37968865.0
COD,Towns,2035,39932213.0
COG,Cities,2035,6832885.0
COG,Rural,2035,606000.0
COG,Towns,2035,721847.0
COM,Cities,2035,508706.0
COM,Rural,2035,103386.0
COM,Towns,2035,435671.0
CPV,Cities,2035,217101.0
CPV,Rural,2035,136441.0
CPV,Towns,2035,195049.0
ERI,Cities,2035,1782428.0
ERI,Rural,2035,1447164.0
ERI,Towns,2035,1191330.0
ETH,Cities,2035,52574790.0
ETH,Rural,2035,49623627.0
ETH,Towns,2035,68334538.0
GAB,Cities,2035,1966136.0
GAB,Rural,2035,470408.0
GAB,Towns,2035,714923.0
GHA,Cities,2035,20926524.0
GHA,Rural,2035,8284251.0
GHA,Towns,2035,12201779.0
GIN,Cities,2035,6635013.0
GIN,Rural,2035,7517041.0
GIN,Towns,2035,4333959.0
GMB,Cities,2035,1728224.0
GMB,Rural,2035,723165.0
GMB,Towns,2035,982036.0
GNB,Cities,2035,877187.0
GNB,Rural,2035,1224076.0
GNB,Towns,2035,628870.0
GNQ,Cities,2035,2047175.0
GNQ,Rural,2035,204250.0
GNQ,Towns,2035,162845.0
KEN,Cities,2035,18049866.0
KEN,Rural,2035,13250094.0
KEN,Towns,2035,37415949.0
LBR,Cities,2035,2960315.0
LBR,Rural,2035,2864534.0
LBR,Towns,2035,1178708.0
LSO,Cities,2035,310733.0
LSO,Rural,2035,1446654.0
LSO,Towns,2035,869180.0
MDG,Cities,2035,8225375.0
MDG,Rural,2035,20467650.0
MDG,Towns,2035,12040819.0
MLI,Cities,2035,9448429.0
MLI,Rural,2035,15252331.0
MLI,Towns,2035,8417584.0
MOZ,Cities,2035,13631428.0
MOZ,Rural,2035,18416253.0
MOZ,Towns,2035,14364093.0
MRT,Cities,2035,2771897.0
MRT,Rural,2035,2503524.0
MRT,Towns,2035,1580896.0
MUS,Cities,2035,535039.0
MUS,Rural,2035,116594.0
MUS,Towns,2035,575322.0
MWI,Cities,2035,3582307.0
MWI,Rural,2035,5541399.0
MWI,Towns,2035,19090089.0
NAM,Cities,2035,896393.0
NAM,Rural,2035,1943401.0
NAM,Towns,2035,839086.0
NER,Cities,2035,8638942.0
NER,Rural,2035,16610268.0
NER,Towns,2035,12104253.0
NGA,Cities,2035,149532767.0
NGA,Rural,2035,47098725.0
NGA,Towns,2035,91054270.0
RWA,Cities,2035,3451094.0
RWA,Rural,2035,640560.0
RWA,Towns,2035,13654664.0
SDN,Cities,2035,30606355.0
SDN,Rural,2035,15841347.0
SDN,Towns,2035,18700614.0
SEN,Cities,2035,11390626.0
SEN,Rural,2035,5954321.0
SEN,Towns,2035,6131649.0
SLE,Cities,2035,4053105.0
SLE,Rural,2035,4316070.0
SLE,Towns,2035,2193993.0
SOM,Cities,2035,17249846.0
SOM,Rural,2035,4406643.0
SOM,Towns,2035,4638461.0
SSA,Cities,2035,657951750.0
SSA,Rural,2035,436197813.0
SSA,Towns,2035,561311237.0
SSD,Cities,2035,5374929.0
SSD,Rural,2035,4661389.0
SSD,Towns,2035,4762282.0
STP,Cities,2035,179437.0
STP,Rural,2035,34094.0
STP,Towns,2035,76557.0
SWZ,Cities,2035,101697.0
SWZ,Rural,2035,1013849.0
SWZ,Towns,2035,263872.0
SYC,Cities,2035,0.0
SYC,Rural,2035,22221.0
SYC,Towns,2035,119670.0
TCD,Cities,2035,9044434.0
TCD,Rural,2035,12877816.0
TCD,Towns,2035,5775029.0
TGO,Cities,2035,5646142.0
TGO,Rural,2035,2724553.0
TGO,Towns,2035,3566989.0
TZA,Cities,2035,24178077.0
TZA,Rural,2035,28985106.0
TZA,Towns,2035,38928246.0
UGA,Cities,2035,11896707.0
UGA,Rural,2035,9791658.0
UGA,Towns,2035,43517209.0
ZAF,Cities,2035,37188641.0
ZAF,Rural,2035,13538302.0
ZAF,Towns,2035,20507810.0
ZMB,Cities,2035,11376287.0
ZMB,Rural,2035,11399018.0
ZMB,Towns,2035,5491588.0
ZWE,Cities,2035,5133790.0
ZWE,Rural,2035,12561749.0
ZWE,Towns,2035,2713607.0
AFE,Cities,2036,369200394.0
AFE,Rural,2036,269169225.0
AFE,Towns,2036,378014822.0
AFW,Cities,2036,306158334.0
AFW,Rural,2036,171059982.0
AFW,Towns,2036,196251118.0
AGO,Cities,2036,35494828.0
AGO,Rural,2036,12081061.0
AGO,Towns,2036,5640050.0
BDI,Cities,2036,3424186.0
BDI,Rural,2036,1262195.0
BDI,Towns,2036,13796673.0
BEN,Cities,2036,8003784.0
BEN,Rural,2036,4096362.0
BEN,Towns,2036,6777900.0
BFA,Cities,2036,8108052.0
BFA,Rural,2036,12800383.0
BFA,Towns,2036,9111442.0
BWA,Cities,2036,749717.0
BWA,Rural,2036,830073.0
BWA,Towns,2036,1410345.0
CAF,Cities,2036,2042925.0
CAF,Rural,2036,3243867.0
CAF,Towns,2036,2420768.0
CIV,Cities,2036,15779721.0
CIV,Rural,2036,11810149.0
CIV,Towns,2036,14358597.0
CMR,Cities,2036,21794268.0
CMR,Rural,2036,8163023.0
CMR,Towns,2036,8785177.0
COD,Cities,2036,75742293.0
COD,Rural,2036,38810725.0
COD,Towns,2036,41136437.0
COG,Cities,2036,6997051.0
COG,Rural,2036,613874.0
COG,Towns,2036,730788.0
COM,Cities,2036,518809.99999999994
COM,Rural,2036,100741.0
COM,Towns,2036,445300.0
CPV,Cities,2036,217891.0
CPV,Rural,2036,135796.0
CPV,Towns,2036,196787.0
ERI,Cities,2036,1838356.0
ERI,Rural,2036,1462919.0
ERI,Towns,2036,1208482.0
ETH,Cities,2036,54552054.0
ETH,Rural,2036,50002921.0
ETH,Towns,2036,69542801.0
GAB,Cities,2036,2010211.0
GAB,Rural,2036,476571.0
GAB,Towns,2036,723802.0
GHA,Cities,2036,21335586.0
GHA,Rural,2036,8317382.0
GHA,Towns,2036,12394488.0
GIN,Cities,2036,6788140.0
GIN,Rural,2036,7599747.0
GIN,Towns,2036,4432977.0
GMB,Cities,2036,1762082.0
GMB,Rural,2036,733667.0
GMB,Towns,2036,997827.0
GNB,Cities,2036,886592.0
GNB,Rural,2036,1242838.0
GNB,Towns,2036,648460.0
GNQ,Cities,2036,2089414.0000000002
GNQ,Rural,2036,206299.0
GNQ,Towns,2036,168176.0
KEN,Cities,2036,18496865.0
KEN,Rural,2036,13254115.0
KEN,Towns,2036,38067906.0
LBR,Cities,2036,3006360.0
LBR,Rural,2036,2910214.0
LBR,Towns,2036,1225749.0
LSO,Cities,2036,312260.0
LSO,Rural,2036,1450265.0
LSO,Towns,2036,890973.0
MDG,Cities,2036,8419524.0
MDG,Rural,2036,20665558.0
MDG,Towns,2036,12466233.0
MLI,Cities,2036,9739739.0
MLI,Rural,2036,15508706.0
MLI,Towns,2036,8719443.0
MOZ,Cities,2036,14022258.0
MOZ,Rural,2036,18551657.0
MOZ,Towns,2036,14974755.0
MRT,Cities,2036,2846955.0
MRT,Rural,2036,2546168.0
MRT,Towns,2036,1626111.0
MUS,Cities,2036,533051.0
MUS,Rural,2036,116237.0
MUS,Towns,2036,571997.0
MWI,Cities,2036,3712320.0
MWI,Rural,2036,5463814.0
MWI,Towns,2036,19659467.0
NAM,Cities,2036,913274.0
NAM,Rural,2036,1963304.0
NAM,Towns,2036,859352.0
NER,Cities,2036,8902146.0
NER,Rural,2036,16900095.0
NER,Towns,2036,12537904.0
NGA,Cities,2036,153008592.0
NGA,Rural,2036,47479271.0
NGA,Towns,2036,92251533.0
RWA,Cities,2036,3606927.0
RWA,Rural,2036,627242.0
RWA,Towns,2036,13842607.0
SDN,Cities,2036,31268449.0
SDN,Rural,2036,16079058.0
SDN,Towns,2036,19122508.0
SEN,Cities,2036,11630860.0
SEN,Rural,2036,6007711.0
SEN,Towns,2036,6303654.0
SLE,Cities,2036,4130036.0
SLE,Rural,2036,4360848.0
SLE,Towns,2036,2243464.0
SOM,Cities,2036,17701484.0
SOM,Rural,2036,4485759.0
SOM,Towns,2036,4821960.0
SSA,Cities,2036,675358728.0
SSA,Rural,2036,440229207.0
SSA,Towns,2036,574265940.0
SSD,Cities,2036,5525074.0
SSD,Rural,2036,4669638.0
SSD,Towns,2036,4875384.0
STP,Cities,2036,182864.0
STP,Rural,2036,34297.0
STP,Towns,2036,78112.0
SWZ,Cities,2036,104633.0
SWZ,Rural,2036,1017685.0
SWZ,Towns,2036,267838.0
SYC,Cities,2036,0.0
SYC,Rural,2036,22169.0
SYC,Towns,2036,119913.0
TCD,Cities,2036,9274688.0
TCD,Rural,2036,13166802.0
TCD,Towns,2036,5969014.0
TGO,Cities,2036,5803241.0
TGO,Rural,2036,2740209.0
TGO,Towns,2036,3627057.0
TZA,Cities,2036,25023186.0
TZA,Rural,2036,28821798.0
TZA,Towns,2036,40575829.0
UGA,Cities,2036,12398307.0
UGA,Rural,2036,9665918.0
UGA,Towns,2036,44509508.0
ZAF,Cities,2036,37677020.0
ZAF,Rural,2036,13521902.0
ZAF,Towns,2036,20617457.0
ZMB,Cities,2036,11701465.0
ZMB,Rural,2036,11525074.0
ZMB,Towns,2036,5698571.0
ZWE,Cities,2036,5281189.0
ZWE,Rural,2036,12683100.0
ZWE,Towns,2036,2814364.0
AFE,Cities,2037,379586004.0
AFE,Rural,2037,271224827.0
AFE,Towns,2037,386975705.0
AFW,Cities,2037,313213502.0
AFW,Rural,2037,173060547.0
AFW,Towns,2037,200265089.0
AGO,Cities,2037,36548012.0
AGO,Rural,2037,12355670.0
AGO,Towns,2037,5722189.0
BDI,Cities,2037,3683024.0
BDI,Rural,2037,1250678.0
BDI,Towns,2037,13959556.0
BEN,Cities,2037,8199582.0
BEN,Rural,2037,4123767.0
BEN,Towns,2037,6941150.0
BFA,Cities,2037,8248004.999999999
BFA,Rural,2037,12883449.0
BFA,Towns,2037,9436106.0
BWA,Cities,2037,770713.0
BWA,Rural,2037,836946.0
BWA,Towns,2037,1417569.0
CAF,Cities,2037,2108173.0
CAF,Rural,2037,3307276.0
CAF,Towns,2037,2496182.0
CIV,Cities,2037,16171321.0
CIV,Rural,2037,11972861.0
CIV,Towns,2037,14735816.0
CMR,Cities,2037,22347776.0
CMR,Rural,2037,8244541.999999999
CMR,Towns,2037,9008054.0
COD,Cities,2037,77839986.0
COD,Rural,2037,39660153.0
COD,Towns,2037,42348436.0
COG,Cities,2037,7162978.0
COG,Rural,2037,621906.0
COG,Towns,2037,739918.0
COM,Cities,2037,528943.0
COM,Rural,2037,98103.0
COM,Towns,2037,454953.0
CPV,Cities,2037,218653.0
CPV,Rural,2037,135134.0
CPV,Towns,2037,198500.0
ERI,Cities,2037,1895654.0
ERI,Rural,2037,1479753.0
ERI,Towns,2037,1226527.0
ETH,Cities,2037,56528672.0
ETH,Rural,2037,50381937.0
ETH,Towns,2037,70750529.0
GAB,Cities,2037,2054656.0
GAB,Rural,2037,482824.0
GAB,Towns,2037,732818.0
GHA,Cities,2037,21744570.0
GHA,Rural,2037,8350459.999999999
GHA,Towns,2037,12587144.0
GIN,Cities,2037,6941280.0
GIN,Rural,2037,7682469.0
GIN,Towns,2037,4532004.0
GMB,Cities,2037,1795842.0
GMB,Rural,2037,744129.0
GMB,Towns,2037,1013562.0
GNB,Cities,2037,896163.0
GNB,Rural,2037,1261834.0
GNB,Towns,2037,668172.0
GNQ,Cities,2037,2132035.0
GNQ,Rural,2037,208387.0
GNQ,Towns,2037,173537.0
KEN,Cities,2037,18940910.0
KEN,Rural,2037,13255852.0
KEN,Towns,2037,38713639.0
LBR,Cities,2037,3051416.0
LBR,Rural,2037,2954939.0
LBR,Towns,2037,1272402.0
LSO,Cities,2037,313746.0
LSO,Rural,2037,1453681.0
LSO,Towns,2037,912653.0
MDG,Cities,2037,8614186.0
MDG,Rural,2037,20864775.0
MDG,Towns,2037,12892380.0
MLI,Cities,2037,10032756.0
MLI,Rural,2037,15767878.0
MLI,Towns,2037,9022816.0
MOZ,Cities,2037,14412775.0
MOZ,Rural,2037,18686745.0
MOZ,Towns,2037,15585036.0
MRT,Cities,2037,2922401.0
MRT,Rural,2037,2589171.0
MRT,Towns,2037,1671547.0
MUS,Cities,2037,530930.0
MUS,Rural,2037,115850.0
MUS,Towns,2037,568528.0
MWI,Cities,2037,3843012.0
MWI,Rural,2037,5387106.0
MWI,Towns,2037,20232391.0
NAM,Cities,2037,930111.0
NAM,Rural,2037,1983108.0
NAM,Towns,2037,879577.0
NER,Cities,2037,9166166.0
NER,Rural,2037,17191517.0
NER,Towns,2037,12972692.0
NGA,Cities,2037,156474293.0
NGA,Rural,2037,47856493.0
NGA,Towns,2037,93442458.0
RWA,Cities,2037,3760349.0
RWA,Rural,2037,613567.0
RWA,Towns,2037,14021929.0
SDN,Cities,2037,31930325.0
SDN,Rural,2037,16316643.0
SDN,Towns,2037,19544271.0
SEN,Cities,2037,11870958.0
SEN,Rural,2037,6061024.0
SEN,Towns,2037,6475590.0
SLE,Cities,2037,4205718.0
SLE,Rural,2037,4404289.0
SLE,Towns,2037,2292260.0
SOM,Cities,2037,18158185.0
SOM,Rural,2037,4566164.0
SOM,Towns,2037,5006830.0
SSA,Cities,2037,692799506.0
SSA,Rural,2037,444285374.0
SSA,Towns,2037,587240794.0
SSD,Cities,2037,5673112.0
SSD,Rural,2037,4675983.0
SSD,Towns,2037,4986608.0
STP,Cities,2037,186283.0
STP,Rural,2037,34498.0
STP,Towns,2037,79663.0
SWZ,Cities,2037,107536.0
SWZ,Rural,2037,1021190.0
SWZ,Towns,2037,271719.0
SYC,Cities,2037,0.0
SYC,Rural,2037,22111.0
SYC,Towns,2037,120127.0
TCD,Cities,2037,9507960.0
TCD,Rural,2037,13460084.0
TCD,Towns,2037,6164927.0
TGO,Cities,2037,5960800.0
TGO,Rural,2037,2756114.0
TGO,Towns,2037,3687434.0
TZA,Cities,2037,25874889.0
TZA,Rural,2037,28667009.0
TZA,Towns,2037,42233878.0
UGA,Cities,2037,12900084.0
UGA,Rural,2037,9540233.0
UGA,Towns,2037,45502314.0
ZAF,Cities,2037,38160135.0
ZAF,Rural,2037,13503526.0
ZAF,Towns,2037,20724153.0
ZMB,Cities,2037,12026716.0
ZMB,Rural,2037,11651182.0
ZMB,Towns,2037,5905594.0
ZWE,Cities,2037,5427716.0
ZWE,Rural,2037,12802364.0
ZWE,Towns,2037,2914656.0
AFE,Cities,2038,390004536.0
AFE,Rural,2038,273299973.0
AFE,Towns,2038,395961181.0
AFW,Cities,2038,320265745.0
AFW,Rural,2038,175062180.0
AFW,Towns,2038,204278802.0
AGO,Cities,2038,37613189.0
AGO,Rural,2038,12634360.0
AGO,Towns,2038,5806231.0
BDI,Cities,2038,3942311.0
BDI,Rural,2038,1239288.0
BDI,Towns,2038,14123934.0
BEN,Cities,2038,8397213.0
BEN,Rural,2038,4152109.0000000005
BEN,Towns,2038,7105953.0
BFA,Cities,2038,8387224.0
BFA,Rural,2038,12965356.0
BFA,Towns,2038,9759945.0
BWA,Cities,2038,791510.0
BWA,Rural,2038,843600.0
BWA,Towns,2038,1424422.0
CAF,Cities,2038,2173462.0
CAF,Rural,2038,3370755.0
CAF,Towns,2038,2571645.0
CIV,Cities,2038,16567758.000000002
CIV,Rural,2038,12139173.0
CIV,Towns,2038,15117438.0
CMR,Cities,2038,22903948.0
CMR,Rural,2038,8327058.000000001
CMR,Towns,2038,9232006.0
COD,Cities,2038,79956118.0
COD,Rural,2038,40519048.0
COD,Towns,2038,43570444.0
COG,Cities,2038,7330446.0
COG,Rural,2038,630072.0
COG,Towns,2038,749208.0
COM,Cities,2038,539077.0
COM,Rural,2038,95465.0
COM,Towns,2038,464606.0
CPV,Cities,2038,219408.0
CPV,Rural,2038,134467.0
CPV,Towns,2038,200207.0
ERI,Cities,2038,1952239.0
ERI,Rural,2038,1496009.0
ERI,Towns,2038,1244096.0
ETH,Cities,2038,58508785.0
ETH,Rural,2038,50764284.0
ETH,Towns,2038,71962827.0
GAB,Cities,2038,2099409.0
GAB,Rural,2038,489149.0
GAB,Towns,2038,741945.0
GHA,Cities,2038,22152588.0
GHA,Rural,2038,8383153.0
GHA,Towns,2038,12779236.0
GIN,Cities,2038,7093956.0
GIN,Rural,2038,7764684.0
GIN,Towns,2038,4630729.0
GMB,Cities,2038,1829608.0
GMB,Rural,2038,754592.0
GMB,Towns,2038,1029300.9999999999
GNB,Cities,2038,905571.0
GNB,Rural,2038,1280600.0
GNB,Towns,2038,687763.0
GNQ,Cities,2038,2175355.0
GNQ,Rural,2038,210542.0
GNQ,Towns,2038,178955.0
KEN,Cities,2038,19382051.0
KEN,Rural,2038,13255496.0
KEN,Towns,2038,39353387.0
LBR,Cities,2038,3093765.0
LBR,Rural,2038,2997040.0
LBR,Towns,2038,1317907.0
LSO,Cities,2038,315178.0
LSO,Rural,2038,1456847.0
LSO,Towns,2038,934178.0
MDG,Cities,2038,8809414.0
MDG,Rural,2038,21065377.0
MDG,Towns,2038,13319369.0
MLI,Cities,2038,10327664.0
MLI,Rural,2038,16030020.0
MLI,Towns,2038,9327889.0
MOZ,Cities,2038,14803753.0
MOZ,Rural,2038,18822513.0
MOZ,Towns,2038,16195771.0
MRT,Cities,2038,2998400.0
MRT,Rural,2038,2632666.0
MRT,Towns,2038,1717298.0
MUS,Cities,2038,528668.0
MUS,Rural,2038,115433.0
MUS,Towns,2038,564908.0
MWI,Cities,2038,3972722.0
MWI,Rural,2038,5308929.0
MWI,Towns,2038,20800100.0
NAM,Cities,2038,947105.0
NAM,Rural,2038,2003245.0
NAM,Towns,2038,899952.0
NER,Cities,2038,9430853.0
NER,Rural,2038,17484197.0
NER,Towns,2038,13408420.0
NGA,Cities,2038,159927082.0
NGA,Rural,2038,48229696.0
NGA,Towns,2038,94625580.0
RWA,Cities,2038,3916697.0
RWA,Rural,2038,600420.0
RWA,Towns,2038,14212671.0
SDN,Cities,2038,32589965.0
SDN,Rural,2038,16553078.000000002
SDN,Towns,2038,19964666.0
SEN,Cities,2038,12110864.0
SEN,Rural,2038,6114233.0
SEN,Towns,2038,6647425.0
SLE,Cities,2038,4279841.0
SLE,Rural,2038,4446105.0
SLE,Towns,2038,2340205.0
SOM,Cities,2038,18616588.0
SOM,Rural,2038,4646989.0
SOM,Towns,2038,5192181.0
SSA,Cities,2038,710270281.0
SSA,Rural,2038,448362153.0
SSA,Towns,2038,600239983.0
SSD,Cities,2038,5819189.0
SSD,Rural,2038,4680680.0
SSD,Towns,2038,5096102.0
STP,Cities,2038,189688.0
STP,Rural,2038,34696.0
STP,Towns,2038,81209.0
SWZ,Cities,2038,110422.0
SWZ,Rural,2038,1024523.9999999999
SWZ,Towns,2038,275555.0
SYC,Cities,2038,0.0
SYC,Rural,2038,22048.0
SYC,Towns,2038,120312.0
TCD,Cities,2038,9741564.0
TCD,Rural,2038,13753832.0
TCD,Towns,2038,6361059.0
TGO,Cities,2038,6119766.0
TGO,Rural,2038,2772681.0
TGO,Towns,2038,3748688.0
TZA,Cities,2038,26733416.0
TZA,Rural,2038,28520056.0
TZA,Towns,2038,43902999.0
UGA,Cities,2038,13402034.0
UGA,Rural,2038,9414587.0
UGA,Towns,2038,46495588.0
ZAF,Cities,2038,38638204.0
ZAF,Rural,2038,13483332.0
ZAF,Towns,2038,20828081.0
ZMB,Cities,2038,12351439.0
ZMB,Rural,2038,11776765.0
ZMB,Towns,2038,6112362.0
ZWE,Cities,2038,5574774.0
ZWE,Rural,2038,12922904.0
ZWE,Towns,2038,3015230.0
AFE,Cities,2039,400454744.0
AFE,Rural,2039,275398051.0
AFE,Towns,2039,404967062.0
AFW,Cities,2039,327319050.0
AFW,Rural,2039,177071101.0
AFW,Towns,2039,208293570.0
AGO,Cities,2039,38691978.0
AGO,Rural,2039,12917592.0
AGO,Towns,2039,5892345.0
BDI,Cities,2039,4201810.0
BDI,Rural,2039,1227929.0
BDI,Towns,2039,14288782.0
BEN,Cities,2039,8596526.0
BEN,Rural,2039,4181265.0000000005
BEN,Towns,2039,7272178.0
BFA,Cities,2039,8525738.0
BFA,Rural,2039,13046184.0
BFA,Towns,2039,10082950.0
BWA,Cities,2039,812184.0
BWA,Rural,2039,850128.0
BWA,Towns,2039,1431062.0
CAF,Cities,2039,2239143.0
CAF,Rural,2039,3434841.0
CAF,Towns,2039,2647572.0
CIV,Cities,2039,16967991.0
CIV,Rural,2039,12308221.0
CIV,Towns,2039,15502533.0
CMR,Cities,2039,23464202.0
CMR,Rural,2039,8411036.0
CMR,Towns,2039,9457602.0
COD,Cities,2039,82098611.0
COD,Rural,2039,41391250.0
COD,Towns,2039,44806834.0
COG,Cities,2039,7499199.0
COG,Rural,2039,638347.0
COG,Towns,2039,758628.0
COM,Cities,2039,549270.0
COM,Rural,2039,92838.0
COM,Towns,2039,474312.0
CPV,Cities,2039,220131.0
CPV,Rural,2039,133780.0
CPV,Towns,2039,201885.0
ERI,Cities,2039,2007874.0
ERI,Rural,2039,1511540.0
ERI,Towns,2039,1261061.0
ETH,Cities,2039,60496830.0
ETH,Rural,2039,51153453.0
ETH,Towns,2039,73184828.0
GAB,Cities,2039,2144585.0
GAB,Rural,2039,495573.0
GAB,Towns,2039,751220.0
GHA,Cities,2039,22558086.0
GHA,Rural,2039,8414897.0
GHA,Towns,2039,12969876.0
GIN,Cities,2039,7246947.0
GIN,Rural,2039,7847252.0
GIN,Towns,2039,4729659.0
GMB,Cities,2039,1863309.0
GMB,Rural,2039,765028.0
GMB,Towns,2039,1045002.0
GNB,Cities,2039,915069.0
GNB,Rural,2039,1299495.0
GNB,Towns,2039,707423.0
GNQ,Cities,2039,2218402.0
GNQ,Rural,2039,212671.0
GNQ,Towns,2039,184352.0
KEN,Cities,2039,19819480.0
KEN,Rural,2039,13252648.0
KEN,Towns,2039,39985638.0
LBR,Cities,2039,3138974.0
LBR,Rural,2039,3041911.0
LBR,Towns,2039,1364614.0
LSO,Cities,2039,316589.0
LSO,Rural,2039,1459919.0
LSO,Towns,2039,955638.0
MDG,Cities,2039,9005116.0
MDG,Rural,2039,21267094.0
MDG,Towns,2039,13747082.0
MLI,Cities,2039,10623099.0
MLI,Rural,2039,16292935.0
MLI,Towns,2039,9633448.0
MOZ,Cities,2039,15198181.0
MOZ,Rural,2039,18962654.0
MOZ,Towns,2039,16810290.0
MRT,Cities,2039,3074863.0
MRT,Rural,2039,2676564.0
MRT,Towns,2039,1763315.0
MUS,Cities,2039,526235.0
MUS,Rural,2039,114979.0
MUS,Towns,2039,561105.0
MWI,Cities,2039,4101179.0
MWI,Rural,2039,5229134.0
MWI,Towns,2039,21361274.0
NAM,Cities,2039,963945.0
NAM,Rural,2039,2023053.0
NAM,Towns,2039,920182.0
NER,Cities,2039,9695975.0
NER,Rural,2039,17777667.0
NER,Towns,2039,13844770.0
NGA,Cities,2039,163365705.0
NGA,Rural,2039,48598671.0
NGA,Towns,2039,95800380.0
RWA,Cities,2039,4075794.0
RWA,Rural,2039,587686.0
RWA,Towns,2039,14413307.0
SDN,Cities,2039,33246038.0
SDN,Rural,2039,16787713.0
SDN,Towns,2039,20382875.0
SEN,Cities,2039,12350047.0
SEN,Rural,2039,6167077.0
SEN,Towns,2039,6818862.0
SLE,Cities,2039,4353968.0
SLE,Rural,2039,4487946.0
SLE,Towns,2039,2388148.0
SOM,Cities,2039,19066859.0
SOM,Rural,2039,4725788.0
SOM,Towns,2039,5375258.0
SSA,Cities,2039,727773794.0
SSA,Rural,2039,452469152.0
SSA,Towns,2039,613260632.0
SSD,Cities,2039,5963176.0
SSD,Rural,2039,4683743.0
SSD,Towns,2039,5203774.0
STP,Cities,2039,193089.0
STP,Rural,2039,34894.0
STP,Towns,2039,82753.0
SWZ,Cities,2039,113299.0
SWZ,Rural,2039,1027781.9999999999
SWZ,Towns,2039,279370.0
SYC,Cities,2039,0.0
SYC,Rural,2039,21980.0
SYC,Towns,2039,120474.0
TCD,Cities,2039,9976723.0
TCD,Rural,2039,14049766.0
TCD,Towns,2039,6558218.0
TGO,Cities,2039,6280368.0
TGO,Rural,2039,2789974.0
TGO,Towns,2039,3810935.0
TZA,Cities,2039,27600199.0
TZA,Rural,2039,28381571.0
TZA,Towns,2039,45585760.0
UGA,Cities,2039,13901683.0
UGA,Rural,2039,9287319.0
UGA,Towns,2039,47480873.0
ZAF,Cities,2039,39108158.0
ZAF,Rural,2039,13460339.0
ZAF,Towns,2039,20927662.0
ZMB,Cities,2039,12675325.0
ZMB,Rural,2039,11901559.0
ZMB,Towns,2039,6318713.0
ZWE,Cities,2039,5721842.0
ZWE,Rural,2039,13043466.0
ZWE,Towns,2039,3115810.0
AFE,Cities,2040,410956887.0
AFE,Rural,2040,277520646.0
AFE,Towns,2040,414005473.0
AFW,Cities,2040,334359567.0
AFW,Rural,2040,179077352.0
AFW,Towns,2040,212301388.0
AGO,Cities,2040,39781143.0
AGO,Rural,2040,13204214.0
AGO,Towns,2040,5979964.0
BDI,Cities,2040,4461335.0
BDI,Rural,2040,1216544.0
BDI,Towns,2040,14453438.0
BEN,Cities,2040,8796323.0
BEN,Rural,2040,4210626.0
BEN,Towns,2040,7438811.0
BFA,Cities,2040,8663292.0
BFA,Rural,2040,13125577.0
BFA,Towns,2040,10404776.0
BWA,Cities,2040,832700.0
BWA,Rural,2040,856499.0
BWA,Towns,2040,1437440.0
CAF,Cities,2040,2304611.0
CAF,Rural,2040,3498596.0
CAF,Towns,2040,2723248.0
CIV,Cities,2040,17372349.0
CIV,Rural,2040,12480164.0
CIV,Towns,2040,15891411.0
CMR,Cities,2040,24027516.0
CMR,Rural,2040,8496055.0
CMR,Towns,2040,9684432.0
COD,Cities,2040,84264480.0
COD,Rural,2040,42275066.0
COD,Towns,2040,46056037.0
COG,Cities,2040,7669096.0
COG,Rural,2040,646717.0
COG,Towns,2040,768159.0
COM,Cities,2040,559507.0
COM,Rural,2040,90217.0
COM,Towns,2040,484054.0
CPV,Cities,2040,220800.0
CPV,Rural,2040,133061.0
CPV,Towns,2040,203513.0
ERI,Cities,2040,2063527.0
ERI,Rural,2040,1527100.0
ERI,Towns,2040,1278049.0
ETH,Cities,2040,62490515.0
ETH,Rural,2040,51547049.0
ETH,Towns,2040,74413338.0
GAB,Cities,2040,2190229.0
GAB,Rural,2040,502103.0
GAB,Towns,2040,760656.0
GHA,Cities,2040,22962339.0
GHA,Rural,2040,8446202.0
GHA,Towns,2040,13159809.0
GIN,Cities,2040,7400819.0
GIN,Rural,2040,7930767.0
GIN,Towns,2040,4829164.0
GMB,Cities,2040,1896816.0
GMB,Rural,2040,775386.0
GMB,Towns,2040,1060596.0
GNB,Cities,2040,924462.0
GNB,Rural,2040,1318239.0
GNB,Towns,2040,727001.0
GNQ,Cities,2040,2261101.0
GNQ,Rural,2040,214766.0
GNQ,Towns,2040,189719.0
KEN,Cities,2040,20252561.0
KEN,Rural,2040,13247052.0
KEN,Towns,2040,40609251.0
LBR,Cities,2040,3183931.0
LBR,Rural,2040,3086539.0
LBR,Towns,2040,1411218.0
LSO,Cities,2040,317976.0
LSO,Rural,2040,1462880.0
LSO,Towns,2040,977020.0
MDG,Cities,2040,9201328.0
MDG,Rural,2040,21469970.0
MDG,Towns,2040,14175597.0
MLI,Cities,2040,10918620.0
MLI,Rural,2040,16555929.0
MLI,Towns,2040,9939094.0
MOZ,Cities,2040,15593821.0
MOZ,Rural,2040,19104184.0
MOZ,Towns,2040,17426210.0
MRT,Cities,2040,3151651.0
MRT,Rural,2040,2720736.0
MRT,Towns,2040,1809521.0
MUS,Cities,2040,523624.0
MUS,Rural,2040,114485.0
MUS,Towns,2040,557113.0
MWI,Cities,2040,4229703.0
MWI,Rural,2040,5149545.0
MWI,Towns,2040,21922850.0
NAM,Cities,2040,980377.0
NAM,Rural,2040,2042008.0
NAM,Towns,2040,940020.0
NER,Cities,2040,9961897.0
NER,Rural,2040,18072568.0
NER,Towns,2040,14282275.0
NGA,Cities,2040,166784613.0
NGA,Rural,2040,48961959.0
NGA,Towns,2040,96963845.0
RWA,Cities,2040,4238670.0
RWA,Rural,2040,575434.0
RWA,Towns,2040,14626666.0
SDN,Cities,2040,33904493.0
SDN,Rural,2040,17023564.0
SDN,Towns,2040,20802542.0
SEN,Cities,2040,12588282.0
SEN,Rural,2040,6219457.0
SEN,Towns,2040,6989771.0
SLE,Cities,2040,4429810.0
SLE,Rural,2040,4531560.0
SLE,Towns,2040,2437030.0
SOM,Cities,2040,19527743.0
SOM,Rural,2040,4807218.0
SOM,Towns,2040,5561327.0
SSA,Cities,2040,745316454.0
SSA,Rural,2040,456597998.0
SSA,Towns,2040,626306861.0
SSD,Cities,2040,6105634.0
SSD,Rural,2040,4685716.0
SSD,Towns,2040,5310130.0
STP,Cities,2040,196467.0
STP,Rural,2040,35088.0
STP,Towns,2040,84287.0
SWZ,Cities,2040,116126.0
SWZ,Rural,2040,1030593.0000000001
SWZ,Towns,2040,283062.0
SYC,Cities,2040,0.0
SYC,Rural,2040,21912.0
SYC,Towns,2040,120632.0
TCD,Cities,2040,10210049.0
TCD,Rural,2040,14343111.0
TCD,Towns,2040,6754182.0
TGO,Cities,2040,6440961.0
TGO,Rural,2040,2807234.0
TGO,Towns,2040,3873157.0
TZA,Cities,2040,28472795.0
TZA,Rural,2040,28248237.0
TZA,Towns,2040,47278326.0
UGA,Cities,2040,14399872.0
UGA,Rural,2040,9159193.0
UGA,Towns,2040,48461353.0
ZAF,Cities,2040,39574263.0
ZAF,Rural,2040,13436107.0
ZAF,Towns,2040,21025254.0
ZMB,Cities,2040,12999111.0
ZMB,Rural,2040,12026281.0
ZMB,Towns,2040,6525010.0
ZWE,Cities,2040,5869116.0
ZWE,Rural,2040,13164490.0
ZWE,Towns,2040,3216503.0
AFE,Cities,2041,421852015.0
AFE,Rural,2041,279133669.0
AFE,Towns,2041,423244493.0
AFW,Cities,2041,341424248.0
AFW,Rural,2041,180928644.0
AFW,Towns,2041,216411110.0
AGO,Cities,2041,40823982.0
AGO,Rural,2041,13470026.0
AGO,Towns,2041,6147171.0
BDI,Cities,2041,4745803.0
BDI,Rural,2041,1207465.0
BDI,Towns,2041,14584287.0
BEN,Cities,2041,8983706.0
BEN,Rural,2041,4243395.0
BEN,Towns,2041,7616163.0
BFA,Cities,2041,8818177.0
BFA,Rural,2041,13211727.0
BFA,Towns,2041,10698934.0
BWA,Cities,2041,851346.0
BWA,Rural,2041,857840.0
BWA,Towns,2041,1449945.0
CAF,Cities,2041,2345397.0
CAF,Rural,2041,3569746.0
CAF,Towns,2041,2813932.0
CIV,Cities,2041,17856834.0
CIV,Rural,2041,12640528.0
CIV,Towns,2041,16220070.0
CMR,Cities,2041,24571709.0
CMR,Rural,2041,8578559.0
CMR,Towns,2041,9939712.0
COD,Cities,2041,86460622.0
COD,Rural,2041,43044018.0
COD,Towns,2041,47441622.0
COG,Cities,2041,7833788.0
COG,Rural,2041,662483.0
COG,Towns,2041,778389.0
COM,Cities,2041,567347.0
COM,Rural,2041,88046.0
COM,Towns,2041,495756.0
CPV,Cities,2041,221461.0
CPV,Rural,2041,132226.0
CPV,Towns,2041,205131.0
ERI,Cities,2041,2094654.0
ERI,Rural,2041,1549580.0
ERI,Towns,2041,1310254.0
ETH,Cities,2041,64593350.0
ETH,Rural,2041,51711776.0
ETH,Towns,2041,75763504.0
GAB,Cities,2041,2229162.0
GAB,Rural,2041,506147.0
GAB,Towns,2041,779908.0
GHA,Cities,2041,23391892.0
GHA,Rural,2041,8490629.0
GHA,Towns,2041,13308113.0
GIN,Cities,2041,7527335.0
GIN,Rural,2041,7980078.0
GIN,Towns,2041,4989616.0
GMB,Cities,2041,1942657.0
GMB,Rural,2041,781913.0
GMB,Towns,2041,1067230.0
GNB,Cities,2041,934551.0
GNB,Rural,2041,1339585.0
GNB,Towns,2041,742408.0
GNQ,Cities,2041,2304491.0
GNQ,Rural,2041,217099.0
GNQ,Towns,2041,193892.0
KEN,Cities,2041,20712073.0
KEN,Rural,2041,13237616.0
KEN,Towns,2041,41194664.0
LBR,Cities,2041,3238477.0
LBR,Rural,2041,3128259.0
LBR,Towns,2041,1450348.0
LSO,Cities,2041,319345.0
LSO,Rural,2041,1461891.0
LSO,Towns,2041,1002133.0
MDG,Cities,2041,9467857.0
MDG,Rural,2041,21620147.0
MDG,Towns,2041,14588975.0
MLI,Cities,2041,11209462.0
MLI,Rural,2041,16805617.0
MLI,Towns,2041,10265787.0
MOZ,Cities,2041,15924832.0
MOZ,Rural,2041,19204809.0
MOZ,Towns,2041,18141360.0
MRT,Cities,2041,3214096.0
MRT,Rural,2041,2759565.0
MRT,Towns,2041,1876562.0
MUS,Cities,2041,521264.0
MUS,Rural,2041,114105.0
MUS,Towns,2041,552399.0
MWI,Cities,2041,4357714.0
MWI,Rural,2041,5080205.0
MWI,Towns,2041,22473326.0
NAM,Cities,2041,1008262.0
NAM,Rural,2041,2061053.0
NAM,Towns,2041,948363.0
NER,Cities,2041,10210745.0
NER,Rural,2041,18314716.0
NER,Towns,2041,14793777.0
NGA,Cities,2041,170222893.0
NGA,Rural,2041,49295181.0
NGA,Towns,2041,98089170.0
RWA,Cities,2041,4459284.0
RWA,Rural,2041,568238.0
RWA,Towns,2041,14778654.0
SDN,Cities,2041,34696545.0
SDN,Rural,2041,17261608.0
SDN,Towns,2041,21098067.0
SEN,Cities,2041,12819315.0
SEN,Rural,2041,6275532.0
SEN,Towns,2041,7162627.0
SLE,Cities,2041,4497839.0
SLE,Rural,2041,4572244.0
SLE,Towns,2041,2496132.0
SOM,Cities,2041,19997202.0
SOM,Rural,2041,4868556.0
SOM,Towns,2041,5770204.0
SSA,Cities,2041,763276263.0
SSA,Rural,2041,460062313.0
SSA,Towns,2041,639655603.0
SSD,Cities,2041,6247860.0
SSD,Rural,2041,4695649.0
SSD,Towns,2041,5406641.0
STP,Cities,2041,200221.0
STP,Rural,2041,35243.0
STP,Towns,2041,85425.0
SWZ,Cities,2041,118496.0
SWZ,Rural,2041,1031425.0
SWZ,Towns,2041,289123.0
SYC,Cities,2041,0.0
SYC,Rural,2041,21899.0
SYC,Towns,2041,120702.0
TCD,Cities,2041,10462847.0
TCD,Rural,2041,14597743.0
TCD,Towns,2041,6974535.0
TGO,Cities,2041,6587414.0
TGO,Rural,2041,2825672.0
TGO,Towns,2041,3948674.0
TZA,Cities,2041,29460978.0
TZA,Rural,2041,28072307.0
TZA,Towns,2041,48915195.0
UGA,Cities,2041,14943948.0
UGA,Rural,2041,9065181.0
UGA,Towns,2041,49363524.0
ZAF,Cities,2041,39940610.0
ZAF,Rural,2041,13414042.0
ZAF,Towns,2041,21220796.0
ZMB,Cities,2041,13342643.0
ZMB,Rural,2041,12148878.0
ZMB,Towns,2041,6712825.0
ZWE,Cities,2041,5995777.0
ZWE,Rural,2041,13242066.0
ZWE,Towns,2041,3389578.0
AFE,Cities,2042,432766531.0
AFE,Rural,2042,280764244.0
AFE,Towns,2042,432493786.0
AFW,Cities,2042,348471595.0
AFW,Rural,2042,182781988.0
AFW,Towns,2042,220512299.0
AGO,Cities,2042,41874140.0
AGO,Rural,2042,13738299.0
AGO,Towns,2042,6315474.0
BDI,Cities,2042,5032008.0
BDI,Rural,2042,1198854.0
BDI,Towns,2042,14720700.0
BEN,Cities,2042,9172042.0
BEN,Rural,2042,4276618.0
BEN,Towns,2042,7794321.0
BFA,Cities,2042,8972235.0
BFA,Rural,2042,13296582.0
BFA,Towns,2042,10992131.0
BWA,Cities,2042,869819.0
BWA,Rural,2042,859002.0
BWA,Towns,2042,1462149.0
CAF,Cities,2042,2386047.0
CAF,Rural,2042,3640685.0
CAF,Towns,2042,2904430.0
CIV,Cities,2042,18345537.0
CIV,Rural,2042,12803995.0
CIV,Towns,2042,16552630.000000002
CMR,Cities,2042,25118216.0
CMR,Rural,2042,8661872.0
CMR,Towns,2042,10195928.0
COD,Cities,2042,88682827.0
COD,Rural,2042,43826220.0
COD,Towns,2042,48841357.0
COG,Cities,2042,7999672.0
COG,Rural,2042,678350.0
COG,Towns,2042,788737.0
COM,Cities,2042,575183.0
COM,Rural,2042,85875.0
COM,Towns,2042,507454.0
CPV,Cities,2042,222073.0
CPV,Rural,2042,131361.0
CPV,Towns,2042,206703.0
ERI,Cities,2042,2125358.0
ERI,Rural,2042,1571747.0
ERI,Towns,2042,1342196.0
ETH,Cities,2042,66698990.00000001
ETH,Rural,2042,51879097.0
ETH,Towns,2042,77117217.0
GAB,Cities,2042,2268282.0
GAB,Rural,2042,510235.0
GAB,Towns,2042,799224.0
GHA,Cities,2042,23819241.0
GHA,Rural,2042,8534223.0
GHA,Towns,2042,13455134.0
GIN,Cities,2042,7652877.0
GIN,Rural,2042,8028326.0
GIN,Towns,2042,5149449.0
GMB,Cities,2042,1988366.0
GMB,Rural,2042,788383.0
GMB,Towns,2042,1073787.0
GNB,Cities,2042,944573.0
GNB,Rural,2042,1360835.0
GNB,Towns,2042,757762.0
GNQ,Cities,2042,2347370.0
GNQ,Rural,2042,219383.0
GNQ,Towns,2042,198023.0
KEN,Cities,2042,21166730.0
KEN,Rural,2042,13224835.0
KEN,Towns,2042,41770159.0
LBR,Cities,2042,3293721.0
LBR,Rural,2042,3170625.0
LBR,Towns,2042,1489830.0
LSO,Cities,2042,320677.0
LSO,Rural,2042,1460728.0
LSO,Towns,2042,1027138.9999999999
MDG,Cities,2042,9734740.0
MDG,Rural,2042,21771173.0
MDG,Towns,2042,15002901.0
MLI,Cities,2042,11501230.0
MLI,Rural,2042,17056734.0
MLI,Towns,2042,10593314.0
MOZ,Cities,2042,16257521.0
MOZ,Rural,2042,19307413.0
MOZ,Towns,2042,18858472.0
MRT,Cities,2042,3277342.0
MRT,Rural,2042,2799088.0
MRT,Towns,2042,1944055.0
MUS,Cities,2042,518765.99999999994
MUS,Rural,2042,113694.0
MUS,Towns,2042,547536.0
MWI,Cities,2042,4485325.0
MWI,Rural,2042,5010427.0
MWI,Towns,2042,23021754.0
NAM,Cities,2042,1036244.9999999999
NAM,Rural,2042,2080309.0000000002
NAM,Towns,2042,956802.0
NER,Cities,2042,10460624.0
NER,Rural,2042,18558774.0
NER,Towns,2042,15306724.0
NGA,Cities,2042,173632760.0
NGA,Rural,2042,49619849.0
NGA,Towns,2042,99197700.0
RWA,Cities,2042,4676131.0
RWA,Rural,2042,560512.0
RWA,Towns,2042,14917342.0
SDN,Cities,2042,35491277.0
SDN,Rural,2042,17501019.0
SDN,Towns,2042,21395264.0
SEN,Cities,2042,13049858.0
SEN,Rural,2042,6331363.0
SEN,Towns,2042,7335212.0
SLE,Cities,2042,4563832.0
SLE,Rural,2042,4610844.0
SLE,Towns,2042,2554116.0
SOM,Cities,2042,20449946.0
SOM,Rural,2042,4925812.0
SOM,Towns,2042,5974277.0
SSA,Cities,2042,781238126.0
SSA,Rural,2042,463546232.0
SSA,Towns,2042,653006085.0
SSD,Cities,2042,6388052.0
SSD,Rural,2042,4703948.0
SSD,Towns,2042,5501363.0
STP,Cities,2042,203950.0
STP,Rural,2042,35394.0
STP,Towns,2042,86553.0
SWZ,Cities,2042,120851.0
SWZ,Rural,2042,1032108.9999999999
SWZ,Towns,2042,295150.0
SYC,Cities,2042,0.0
SYC,Rural,2042,21881.0
SYC,Towns,2042,120739.0
TCD,Cities,2042,10720460.0
TCD,Rural,2042,14859143.0
TCD,Towns,2042,7198070.0
TGO,Cities,2042,6735237.0
TGO,Rural,2042,2844720.0
TGO,Towns,2042,4025019.0
TZA,Cities,2042,30456860.0
TZA,Rural,2042,27904568.0
TZA,Towns,2042,50564849.0
UGA,Cities,2042,15489061.0
UGA,Rural,2042,8971806.0
UGA,Towns,2042,50269137.0
ZAF,Cities,2042,40305170.0
ZAF,Rural,2042,13391342.0
ZAF,Towns,2042,21415389.0
ZMB,Cities,2042,13685472.0
ZMB,Rural,2042,12270847.0
ZMB,Towns,2042,6900285.0
ZWE,Cities,2042,6121432.0
ZWE,Rural,2042,13317333.0
ZWE,Towns,2042,3562128.0
AFE,Cities,2043,443721665.0
AFE,Rural,2043,282417896.0
AFE,Towns,2043,441771196.0
AFW,Cities,2043,355490931.0
AFW,Rural,2043,184628703.0
AFW,Towns,2043,224601518.0
AGO,Cities,2043,42935266.0
AGO,Rural,2043,14010182.0
AGO,Towns,2043,6485430.0
BDI,Cities,2043,5319542.0
BDI,Rural,2043,1190533.0
BDI,Towns,2043,14860772.0
BEN,Cities,2043,9360784.0
BEN,Rural,2043,4310029.0
BEN,Towns,2043,7972825.0
BFA,Cities,2043,9125092.0
BFA,Rural,2043,13379634.0
BFA,Towns,2043,11283871.0
BWA,Cities,2043,888225.0
BWA,Rural,2043,860100.0
BWA,Towns,2043,1474242.0
CAF,Cities,2043,2427170.0
CAF,Rural,2043,3712340.0
CAF,Towns,2043,2995486.0
CIV,Cities,2043,18839526.0
CIV,Rural,2043,12971168.0
CIV,Towns,2043,16889971.0
CMR,Cities,2043,25662295.0
CMR,Rural,2043,8744349.0
CMR,Towns,2043,10451157.0
COD,Cities,2043,90929769.0
COD,Rural,2043,44620721.0
COD,Towns,2043,50254674.0
COG,Cities,2043,8165542.0
COG,Rural,2043,694216.0
COG,Towns,2043,799084.0
COM,Cities,2043,583061.0
COM,Rural,2043,83710.0
COM,Towns,2043,519188.0
CPV,Cities,2043,222641.0
CPV,Rural,2043,130470.0
CPV,Towns,2043,208235.0
ERI,Cities,2043,2156125.0
ERI,Rural,2043,1593960.0
ERI,Towns,2043,1374180.0
ETH,Cities,2043,68813458.0
ETH,Rural,2043,52053347.0
ETH,Towns,2043,78481182.0
GAB,Cities,2043,2307590.0
GAB,Rural,2043,514366.0
GAB,Towns,2043,818605.0
GHA,Cities,2043,24244210.0
GHA,Rural,2043,8576954.0
GHA,Towns,2043,13600801.0
GIN,Cities,2043,7778133.0
GIN,Rural,2043,8076261.0
GIN,Towns,2043,5309105.0
GMB,Cities,2043,2033951.0
GMB,Rural,2043,794802.0
GMB,Towns,2043,1080274.0
GNB,Cities,2043,954638.0
GNB,Rural,2043,1382144.0
GNB,Towns,2043,773148.0
GNQ,Cities,2043,2389997.0
GNQ,Rural,2043,221644.0
GNQ,Towns,2043,202132.0
KEN,Cities,2043,21615886.0
KEN,Rural,2043,13208532.0
KEN,Towns,2043,42334706.0
LBR,Cities,2043,3343122.0
LBR,Rural,2043,3207356.0
LBR,Towns,2043,1526684.0
LSO,Cities,2043,321957.0
LSO,Rural,2043,1459323.0
LSO,Towns,2043,1051980.0
MDG,Cities,2043,10001968.0
MDG,Rural,2043,21922971.0
MDG,Towns,2043,15417356.0
MLI,Cities,2043,11794359.0
MLI,Rural,2043,17309871.0
MLI,Towns,2043,10922094.0
MOZ,Cities,2043,16589879.0
MOZ,Rural,2043,19409557.0
MOZ,Towns,2043,19575276.0
MRT,Cities,2043,3341324.0
MRT,Rural,2043,2839241.0
MRT,Towns,2043,2011984.0
MUS,Cities,2043,516109.00000000006
MUS,Rural,2043,113249.0
MUS,Towns,2043,542505.0
MWI,Cities,2043,4612749.0
MWI,Rural,2043,4940494.0
MWI,Towns,2043,23569249.0
NAM,Cities,2043,1064362.0
NAM,Rural,2043,2099840.0
NAM,Towns,2043,965368.0
NER,Cities,2043,10711503.0
NER,Rural,2043,18804629.0
NER,Towns,2043,15821123.0
NGA,Cities,2043,177016137.0
NGA,Rural,2043,49936841.0
NGA,Towns,2043,100290961.0
RWA,Cities,2043,4892816.0
RWA,Rural,2043,552752.0
RWA,Towns,2043,15055266.0
SDN,Cities,2043,36288268.0
SDN,Rural,2043,17741557.0
SDN,Towns,2043,21693837.0
SEN,Cities,2043,13280160.0
SEN,Rural,2043,6387076.0
SEN,Towns,2043,7507663.0
SLE,Cities,2043,4628490.0
SLE,Rural,2043,4648100.0
SLE,Towns,2043,2611347.0
SOM,Cities,2043,20898707.0
SOM,Rural,2043,4982147.0
SOM,Towns,2043,6177133.0
SSA,Cities,2043,799212596.0
SSA,Rural,2043,467046599.0
SSA,Towns,2043,666372714.0
SSD,Cities,2043,6525419.0
SSD,Rural,2043,4710142.0
SSD,Towns,2043,5593646.0
STP,Cities,2043,207687.0
STP,Rural,2043,35546.0
STP,Towns,2043,87685.0
SWZ,Cities,2043,123146.0
SWZ,Rural,2043,1032273.9999999999
SWZ,Towns,2043,301029.0
SYC,Cities,2043,0.0
SYC,Rural,2043,21859.0
SYC,Towns,2043,120759.0
TCD,Cities,2043,10979718.0
TCD,Rural,2043,15122813.0
TCD,Towns,2043,7422714.0
TGO,Cities,2043,6884549.0
TGO,Rural,2043,2864399.0
TGO,Towns,2043,4102254.0
TZA,Cities,2043,31460991.0
TZA,Rural,2043,27744605.0
TZA,Towns,2043,52228199.0
UGA,Cities,2043,16034953.0
UGA,Rural,2043,8878843.0
UGA,Towns,2043,51177195.0
ZAF,Cities,2043,40666067.0
ZAF,Rural,2043,13367411.0
ZAF,Towns,2043,21608035.0
ZMB,Cities,2043,14028984.0
ZMB,Rural,2043,12393440.0
ZMB,Towns,2043,7088089.0
ZWE,Cities,2043,6246271.0
ZWE,Rural,2043,13390801.0
ZWE,Towns,2043,3734215.0
AFE,Cities,2044,454717357.0
AFE,Rural,2044,284090273.0
AFE,Towns,2044,451060706.0
AFW,Cities,2044,362480628.0
AFW,Rural,2044,186467884.0
AFW,Towns,2044,228676118.0
AGO,Cities,2044,44004160.0
AGO,Rural,2044,14284576.0
AGO,Towns,2044,6656562.0
BDI,Cities,2044,5606036.0
BDI,Rural,2044,1181954.0
BDI,Towns,2044,14997702.0
BEN,Cities,2044,9548781.0
BEN,Rural,2044,4343095.0
BEN,Towns,2044,8150695.0
BFA,Cities,2044,9276729.0
BFA,Rural,2044,13460915.0
BFA,Towns,2044,11574091.0
BWA,Cities,2044,906589.0
BWA,Rural,2044,861158.0
BWA,Towns,2044,1486268.0
CAF,Cities,2044,2469070.0
CAF,Rural,2044,3785186.0
CAF,Towns,2044,3087506.0
CIV,Cities,2044,19337378.0
CIV,Rural,2044,13140935.0
CIV,Towns,2044,17230734.0
CMR,Cities,2044,26207451.0
CMR,Rural,2044,8827199.0
CMR,Towns,2044,10706823.0
COD,Cities,2044,93202219.0
COD,Rural,2044,45427640.0
COD,Towns,2044,51682143.0
COG,Cities,2044,8331058.999999999
COG,Rural,2044,710053.0
COG,Towns,2044,809395.0
COM,Cities,2044,591006.0
COM,Rural,2044,81555.0
COM,Towns,2044,530982.0
CPV,Cities,2044,223173.0
CPV,Rural,2044,129558.0
CPV,Towns,2044,209732.0
ERI,Cities,2044,2186322.0
ERI,Rural,2044,1615752.0
ERI,Towns,2044,1405796.0
ETH,Cities,2044,70932788.0
ETH,Rural,2044,52231054.0
ETH,Towns,2044,79850529.0
GAB,Cities,2044,2347160.0
GAB,Rural,2044,518554.0
GAB,Towns,2044,838079.0
GHA,Cities,2044,24666571.0
GHA,Rural,2044,8618772.0
GHA,Towns,2044,13745015.0
GIN,Cities,2044,7901811.0
GIN,Rural,2044,8122562.0
GIN,Towns,2044,5467677.0
GMB,Cities,2044,2079221.0
GMB,Rural,2044,801098.0
GMB,Towns,2044,1086594.0
GNB,Cities,2044,964710.0
GNB,Rural,2044,1403463.0
GNB,Towns,2044,788539.0
GNQ,Cities,2044,2432410.0
GNQ,Rural,2044,223886.0
GNQ,Towns,2044,206223.0
KEN,Cities,2044,22058962.0
KEN,Rural,2044,13188591.0
KEN,Towns,2044,42887428.0
LBR,Cities,2044,3390034.0
LBR,Rural,2044,3241714.0
LBR,Towns,2044,1562379.0
LSO,Cities,2044,323183.0
LSO,Rural,2044,1457678.0
LSO,Towns,2044,1076643.0
MDG,Cities,2044,10269374.0
MDG,Rural,2044,22075142.0
MDG,Towns,2044,15832088.0
MLI,Cities,2044,12087826.0
MLI,Rural,2044,17563481.0
MLI,Towns,2044,11251196.0
MOZ,Cities,2044,16919420.0
MOZ,Rural,2044,19508396.0
MOZ,Towns,2044,20288767.0
MRT,Cities,2044,3405536.0
MRT,Rural,2044,2879586.0
MRT,Towns,2044,2080060.0
MUS,Cities,2044,513309.99999999994
MUS,Rural,2044,112773.0
MUS,Towns,2044,537326.0
MWI,Cities,2044,4741433.0
MWI,Rural,2044,4871912.0
MWI,Towns,2044,24123183.0
NAM,Cities,2044,1092563.0
NAM,Rural,2044,2119532.0
NAM,Towns,2044,974008.0
NER,Cities,2044,10963512.0
NER,Rural,2044,19052446.0
NER,Towns,2044,16337203.0
NGA,Cities,2044,180370065.0
NGA,Rural,2044,50245626.0
NGA,Towns,2044,101367667.0
RWA,Cities,2044,5106954.0
RWA,Rural,2044,544709.0
RWA,Towns,2044,15185420.0
SDN,Cities,2044,37088477.0
SDN,Rural,2044,17983657.0
SDN,Towns,2044,21994321.0
SEN,Cities,2044,13510283.0
SEN,Rural,2044,6442703.0
SEN,Towns,2044,7680012.0
SLE,Cities,2044,4694059.0
SLE,Rural,2044,4686281.0
SLE,Towns,2044,2669087.0
SOM,Cities,2044,21356921.0
SOM,Rural,2044,5040760.0
SOM,Towns,2044,6382749.0
SSA,Cities,2044,817197985.0
SSA,Rural,2044,470558157.0
SSA,Towns,2044,679736824.0
SSD,Cities,2044,6660875.0
SSD,Rural,2044,4714997.0
SSD,Towns,2044,5684301.0
STP,Cities,2044,211418.0
STP,Rural,2044,35696.0
STP,Towns,2044,88813.0
SWZ,Cities,2044,125405.0
SWZ,Rural,2044,1032145.0
SWZ,Towns,2044,306820.0
SYC,Cities,2044,0.0
SYC,Rural,2044,21832.0
SYC,Towns,2044,120750.0
TCD,Cities,2044,11238816.0
TCD,Rural,2044,15386243.0
TCD,Towns,2044,7647262.0
TGO,Cities,2044,7034973.0
TGO,Rural,2044,2884528.0
TGO,Towns,2044,4180149.0000000005
TZA,Cities,2044,32472255.0
TZA,Rural,2044,27590626.0
TZA,Towns,2044,53903391.0
UGA,Cities,2044,16580356.0
UGA,Rural,2044,8785565.0
UGA,Towns,2044,52083600.0
ZAF,Cities,2044,41023374.0
ZAF,Rural,2044,13342311.0
ZAF,Towns,2044,21798775.0
ZMB,Cities,2044,14373131.0
ZMB,Rural,2044,12516588.0
ZMB,Towns,2044,7276214.0
ZWE,Cities,2044,6370826.0
ZWE,Rural,2044,13463674.0
ZWE,Towns,2044,3906127.0
AFE,Cities,2045,465729079.0
AFE,Rural,2045,285767310.0
AFE,Towns,2045,460334618.0
AFW,Cities,2045,369437309.0
AFW,Rural,2045,188300156.0
AFW,Towns,2045,232733175.0
AGO,Cities,2045,45076201.0
AGO,Rural,2045,14559954.0
AGO,Towns,2045,6828175.0
BDI,Cities,2045,5891851.0
BDI,Rural,2045,1173231.0
BDI,Towns,2045,15132805.0
BEN,Cities,2045,9737707.0
BEN,Rural,2045,4376581.0
BEN,Towns,2045,8329358.0
BFA,Cities,2045,9426961.0
BFA,Rural,2045,13540211.0
BFA,Towns,2045,11862518.0
BWA,Cities,2045,924906.0
BWA,Rural,2045,862175.0
BWA,Towns,2045,1498220.0
CAF,Cities,2045,2511587.0
CAF,Rural,2045,3858983.0
CAF,Towns,2045,3180323.0
CIV,Cities,2045,19834758.0
CIV,Rural,2045,13310288.0
CIV,Towns,2045,17571020.0
CMR,Cities,2045,26754840.0
CMR,Rural,2045,8910795.0
CMR,Towns,2045,10963404.0
COD,Cities,2045,95497514.0
COD,Rural,2045,46245448.0
COD,Towns,2045,53122417.0
COG,Cities,2045,8496347.0
COG,Rural,2045,725869.0
COG,Towns,2045,819684.0
COM,Cities,2045,598924.0
COM,Rural,2045,79396.0
COM,Towns,2045,542753.0
CPV,Cities,2045,223663.0
CPV,Rural,2045,128622.99999999999
CPV,Towns,2045,211190.0
ERI,Cities,2045,2217062.0
ERI,Rural,2045,1637946.0
ERI,Towns,2045,1437760.0
ETH,Cities,2045,73049785.0
ETH,Rural,2045,52406789.0
ETH,Towns,2045,81217065.0
GAB,Cities,2045,2386985.0
GAB,Rural,2045,522798.0
GAB,Towns,2045,857646.0
GHA,Cities,2045,25086552.0
GHA,Rural,2045,8659792.0
GHA,Towns,2045,13887931.0
GIN,Cities,2045,8024254.0
GIN,Rural,2045,8167627.0
GIN,Towns,2045,5625364.0
GMB,Cities,2045,2124191.0
GMB,Rural,2045,807283.0
GMB,Towns,2045,1092763.0
GNB,Cities,2045,975011.0
GNB,Rural,2045,1425118.0
GNB,Towns,2045,804119.0
GNQ,Cities,2045,2474798.0
GNQ,Rural,2045,226125.0
GNQ,Towns,2045,210312.0
KEN,Cities,2045,22495691.0
KEN,Rural,2045,13165084.0
KEN,Towns,2045,43428060.0
LBR,Cities,2045,3436764.0
LBR,Rural,2045,3275922.0
LBR,Towns,2045,1597959.0
LSO,Cities,2045,324364.0
LSO,Rural,2045,1455831.0
LSO,Towns,2045,1101145.0
MDG,Cities,2045,10536864.0
MDG,Rural,2045,22227463.0
MDG,Towns,2045,16246947.0
MLI,Cities,2045,12381388.0
MLI,Rural,2045,17817200.0
MLI,Towns,2045,11580394.0
MOZ,Cities,2045,17246977.0
MOZ,Rural,2045,19605018.0
MOZ,Towns,2045,20999798.0
MRT,Cities,2045,3470038.0
MRT,Rural,2045,2920169.0
MRT,Towns,2045,2148324.0
MUS,Cities,2045,510380.0
MUS,Rural,2045,112267.0
MUS,Towns,2045,532011.0
MWI,Cities,2045,4870183.0
MWI,Rural,2045,4803344.0
MWI,Towns,2045,24677427.0
NAM,Cities,2045,1120955.0
NAM,Rural,2045,2139582.0
NAM,Towns,2045,982813.0
NER,Cities,2045,11216719.0
NER,Rural,2045,19302286.0
NER,Towns,2045,16855111.0
NGA,Cities,2045,183690858.0
NGA,Rural,2045,50545492.0
NGA,Towns,2045,102426152.0
RWA,Cities,2045,5315814.0
RWA,Rural,2045,536152.0
RWA,Towns,2045,15300692.0
SDN,Cities,2045,37891588.0
SDN,Rural,2045,18227131.0
SDN,Towns,2045,22296485.0
SEN,Cities,2045,13739722.0
SEN,Rural,2045,6498008.0
SEN,Towns,2045,7851969.0
SLE,Cities,2045,4758835.0
SLE,Rural,2045,4723676.0
SLE,Towns,2045,2726369.0
SOM,Cities,2045,21819884.0
SOM,Rural,2045,5100483.0
SOM,Towns,2045,6589799.0
SSA,Cities,2045,835166388.0
SSA,Rural,2045,474067466.0
SSA,Towns,2045,693067793.0
SSD,Cities,2045,6794439.0
SSD,Rural,2045,4718604.0
SSD,Towns,2045,5773367.0
STP,Cities,2045,215141.0
STP,Rural,2045,35846.0
STP,Towns,2045,89939.0
SWZ,Cities,2045,127650.0
SWZ,Rural,2045,1031912.0
SWZ,Towns,2045,312575.0
SYC,Cities,2045,0.0
SYC,Rural,2045,21802.0
SYC,Towns,2045,120722.0
TCD,Cities,2045,11500215.0
TCD,Rural,2045,15652785.0
TCD,Towns,2045,7873394.0
TGO,Cities,2045,7185116.0
TGO,Rural,2045,2904525.0
TGO,Towns,2045,4257871.0
TZA,Cities,2045,33491345.0
TZA,Rural,2045,27442558.0
TZA,Towns,2045,55591570.0
UGA,Cities,2045,17123592.0
UGA,Rural,2045,8691159.0
UGA,Towns,2045,52983241.0
ZAF,Cities,2045,41377455.0
ZAF,Rural,2045,13316196.0
ZAF,Towns,2045,21987799.0
ZMB,Cities,2045,14717179.0
ZMB,Rural,2045,12639637.0
ZMB,Towns,2045,7464290.0
ZWE,Cities,2045,6493335.0
ZWE,Rural,2045,13532302.0
ZWE,Towns,2045,4076743.0
AFE,Cities,2046,477571307.0
AFE,Rural,2046,287354862.0
AFE,Towns,2046,468893140.0
AFW,Cities,2046,376477770.0
AFW,Rural,2046,189988844.0
AFW,Towns,2046,236783027.0
AGO,Cities,2046,46202618.0
AGO,Rural,2046,14810389.0
AGO,Towns,2046,6987591.0
BDI,Cities,2046,6186201.0
BDI,Rural,2046,1166721.0
BDI,Towns,2046,15233286.0
BEN,Cities,2046,9998450.0
BEN,Rural,2046,4412763.0
BEN,Towns,2046,8434982.0
BFA,Cities,2046,9586265.0
BFA,Rural,2046,13620092.0
BFA,Towns,2046,12133146.0
BWA,Cities,2046,947069.0
BWA,Rural,2046,864045.0
BWA,Towns,2046,1505887.0
CAF,Cities,2046,2601886.0
CAF,Rural,2046,3921849.0
CAF,Towns,2046,3237709.0
CIV,Cities,2046,20238513.0
CIV,Rural,2046,13467741.0
CIV,Towns,2046,18011803.0
CMR,Cities,2046,27337123.0
CMR,Rural,2046,8957056.0
CMR,Towns,2046,11224859.0
COD,Cities,2046,98119050.0
COD,Rural,2046,47018378.0
COD,Towns,2046,54327057.0
COG,Cities,2046,8660650.0
COG,Rural,2046,735318.0
COG,Towns,2046,838405.0
COM,Cities,2046,607983.0
COM,Rural,2046,76486.0
COM,Towns,2046,553986.0
CPV,Cities,2046,224100.0
CPV,Rural,2046,127695.0
CPV,Towns,2046,212559.0
ERI,Cities,2046,2250620.0
ERI,Rural,2046,1649679.0
ERI,Towns,2046,1475669.0
ETH,Cities,2046,75251876.0
ETH,Rural,2046,52588736.0
ETH,Towns,2046,82497236.0
GAB,Cities,2046,2425679.0
GAB,Rural,2046,525955.0
GAB,Towns,2046,879577.0
GHA,Cities,2046,25461784.0
GHA,Rural,2046,8690141.0
GHA,Towns,2046,14079685.0
GIN,Cities,2046,8159839.0
GIN,Rural,2046,8224066.999999999
GIN,Towns,2046,5757778.0
GMB,Cities,2046,2148685.0
GMB,Rural,2046,810952.0
GMB,Towns,2046,1121333.0
GNB,Cities,2046,995202.0
GNB,Rural,2046,1440002.0
GNB,Towns,2046,816264.0
GNQ,Cities,2046,2514049.0
GNQ,Rural,2046,229785.0
GNQ,Towns,2046,215262.0
KEN,Cities,2046,23110932.0
KEN,Rural,2046,13132504.0
KEN,Towns,2046,43778939.0
LBR,Cities,2046,3485259.0
LBR,Rural,2046,3309966.0
LBR,Towns,2046,1633686.0
LSO,Cities,2046,325500.0
LSO,Rural,2046,1456850.0
LSO,Towns,2046,1122434.0
MDG,Cities,2046,10778802.0
MDG,Rural,2046,22367316.0
MDG,Towns,2046,16700409.0
MLI,Cities,2046,12664083.0
MLI,Rural,2046,18011804.0
MLI,Towns,2046,11979758.0
MOZ,Cities,2046,17613403.0
MOZ,Rural,2046,19702671.0
MOZ,Towns,2046,21665035.0
MRT,Cities,2046,3557808.0
MRT,Rural,2046,2956858.0
MRT,Towns,2046,2198594.0
MUS,Cities,2046,507025.0
MUS,Rural,2046,113384.0
MUS,Towns,2046,525199.0
MWI,Cities,2046,4980798.0
MWI,Rural,2046,4767017.0
MWI,Towns,2046,25211796.0
NAM,Cities,2046,1136565.0
NAM,Rural,2046,2152602.0
NAM,Towns,2046,1010794.0
NER,Cities,2046,11505016.0
NER,Rural,2046,19563562.0
NER,Towns,2046,17329422.0
NGA,Cities,2046,187021800.0
NGA,Rural,2046,50800668.0
NGA,Towns,2046,103459295.0
RWA,Cities,2046,5561114.0
RWA,Rural,2046,533092.0
RWA,Towns,2046,15364950.0
SDN,Cities,2046,38628944.0
SDN,Rural,2046,18432200.0
SDN,Towns,2046,22706124.0
SEN,Cities,2046,13987895.0
SEN,Rural,2046,6546854.0
SEN,Towns,2046,8011535.0
SLE,Cities,2046,4809107.0
SLE,Rural,2046,4767046.0
SLE,Towns,2046,2787305.0
SOM,Cities,2046,22293555.0
SOM,Rural,2046,5140381.0
SOM,Towns,2046,6814095.0
SSA,Cities,2046,854049077.0
SSA,Rural,2046,477343706.0
SSA,Towns,2046,705676167.0
SSD,Cities,2046,6934181.0
SSD,Rural,2046,4729244.0
SSD,Towns,2046,5846271.0
STP,Cities,2046,220055.0
STP,Rural,2046,35520.0
STP,Towns,2046,90313.0
SWZ,Cities,2046,139094.0
SWZ,Rural,2046,1033210.0
SWZ,Towns,2046,307307.0
SYC,Cities,2046,0.0
SYC,Rural,2046,21767.0
SYC,Towns,2046,120669.0
TCD,Cities,2046,11770378.0
TCD,Rural,2046,15949741.0
TCD,Towns,2046,8067947.0
TGO,Cities,2046,7324199.0
TGO,Rural,2046,2918929.0
TGO,Towns,2046,4352123.0
TZA,Cities,2046,34567545.0
TZA,Rural,2046,27317599.0
TZA,Towns,2046,57224532.0
UGA,Cities,2046,17725853.0
UGA,Rural,2046,8600836.0
UGA,Towns,2046,53812485.0
ZAF,Cities,2046,41806588.0
ZAF,Rural,2046,13304102.0
ZAF,Towns,2046,22088858.0
ZMB,Cities,2046,15057930.0
ZMB,Rural,2046,12741195.0
ZMB,Towns,2046,7676684.0
ZWE,Cities,2046,6618006.0
ZWE,Rural,2046,13598938.0
ZWE,Towns,2046,4245534.0
AFE,Cities,2047,489455492.0
AFE,Rural,2047,288960296.0
AFE,Towns,2047,477470588.0
AFW,Cities,2047,383480802.0
AFW,Rural,2047,191662976.0
AFW,Towns,2047,240809802.0
AGO,Cities,2047,47340741.0
AGO,Rural,2047,15064644.0
AGO,Towns,2047,7148785.0
BDI,Cities,2047,6479318.0
BDI,Rural,2047,1159982.0
BDI,Towns,2047,15330766.0
BEN,Cities,2047,10257635.0
BEN,Rural,2047,4448239.0
BEN,Towns,2047,8539265.0
BFA,Cities,2047,9743645.0
BFA,Rural,2047,13697148.0
BFA,Towns,2047,12401384.0
BWA,Cities,2047,969184.0
BWA,Rural,2047,865858.0
BWA,Towns,2047,1513458.0
CAF,Cities,2047,2692374.0
CAF,Rural,2047,3985034.0
CAF,Towns,2047,3295356.0
CIV,Cities,2047,20642821.0
CIV,Rural,2047,13625576.0
CIV,Towns,2047,18453066.0
CMR,Cities,2047,27922133.0
CMR,Rural,2047,9004217.0
CMR,Towns,2047,11487433.0
COD,Cities,2047,100761216.0
COD,Rural,2047,47801458.0
COD,Towns,2047,55543254.0
COG,Cities,2047,8825857.0
COG,Rural,2047,744843.0
COG,Towns,2047,857212.0
COM,Cities,2047,616980.0
COM,Rural,2047,73568.0
COM,Towns,2047,565163.0
CPV,Cities,2047,224453.0
CPV,Rural,2047,126719.0
CPV,Towns,2047,213849.0
ERI,Cities,2047,2283061.0
ERI,Rural,2047,1660588.0
ERI,Towns,2047,1512852.0
ETH,Cities,2047,77461684.0
ETH,Rural,2047,52776010.0
ETH,Towns,2047,83785813.0
GAB,Cities,2047,2464281.0
GAB,Rural,2047,529090.0
GAB,Towns,2047,901475.0
GHA,Cities,2047,25834147.0
GHA,Rural,2047,8719468.0
GHA,Towns,2047,14269845.0
GIN,Cities,2047,8294323.0
GIN,Rural,2047,8279357.0
GIN,Towns,2047,5889433.0
GMB,Cities,2047,2172913.0
GMB,Rural,2047,814518.0
GMB,Towns,2047,1149771.0
GNB,Cities,2047,1015356.0
GNB,Rural,2047,1454832.0
GNB,Towns,2047,828379.0
GNQ,Cities,2047,2552112.0
GNQ,Rural,2047,233336.0
GNQ,Towns,2047,220111.0
KEN,Cities,2047,23721391.0
KEN,Rural,2047,13096979.0
KEN,Towns,2047,44120277.0
LBR,Cities,2047,3535758.0
LBR,Rural,2047,3345911.0
LBR,Towns,2047,1670354.0
LSO,Cities,2047,326595.0
LSO,Rural,2047,1457680.0
LSO,Towns,2047,1143590.0
MDG,Cities,2047,11020803.0
MDG,Rural,2047,22507294.0
MDG,Towns,2047,17153970.0
MLI,Cities,2047,12946348.0
MLI,Rural,2047,18205786.0
MLI,Towns,2047,12378720.0
MOZ,Cities,2047,17981967.0
MOZ,Rural,2047,19802746.0
MOZ,Towns,2047,22332881.0
MRT,Cities,2047,3645778.0
MRT,Rural,2047,2993716.0
MRT,Towns,2047,2248987.0
MUS,Cities,2047,503557.0
MUS,Rural,2047,114477.0
MUS,Towns,2047,518269.0
MWI,Cities,2047,5091382.0
MWI,Rural,2047,4730610.0
MWI,Towns,2047,25746001.0
NAM,Cities,2047,1151891.0
NAM,Rural,2047,2165068.0
NAM,Towns,2047,1038539.0
NER,Cities,2047,11793777.0
NER,Rural,2047,19825654.0
NER,Towns,2047,17804426.0
NGA,Cities,2047,190321897.0
NGA,Rural,2047,51047141.0
NGA,Towns,2047,104474971.0
RWA,Cities,2047,5806061.0
RWA,Rural,2047,530011.0
RWA,Towns,2047,15428517.0
SDN,Cities,2047,39364301.0
SDN,Rural,2047,18636345.0
SDN,Towns,2047,23114593.0
SEN,Cities,2047,14235647.0
SEN,Rural,2047,6595496.0
SEN,Towns,2047,8170860.0
SLE,Cities,2047,4857320.0
SLE,Rural,2047,4808369.0
SLE,Towns,2047,2847067.0
SOM,Cities,2047,22774049.0
SOM,Rural,2047,5181838.0
SOM,Towns,2047,7040495.0
SSA,Cities,2047,872936294.0
SSA,Rural,2047,480623272.0
SSA,Towns,2047,718280390.0
SSD,Cities,2047,7072140.0
SSD,Rural,2047,4738575.0
SSD,Towns,2047,5917622.0
STP,Cities,2047,224915.0
STP,Rural,2047,35185.0
STP,Towns,2047,90665.0
SWZ,Cities,2047,150491.0
SWZ,Rural,2047,1034092.0000000001
SWZ,Towns,2047,301911.0
SYC,Cities,2047,0.0
SYC,Rural,2047,21726.0
SYC,Towns,2047,120580.0
TCD,Cities,2047,12039608.0
TCD,Rural,2047,16245455.0
TCD,Towns,2047,8261858.0
TGO,Cities,2047,7462619.0
TGO,Rural,2047,2933071.0
TGO,Towns,2047,4445980.0
TZA,Cities,2047,35651510.0
TZA,Rural,2047,27199117.0
TZA,Towns,2047,58870400.0
UGA,Cities,2047,18327806.0
UGA,Rural,2047,8510236.0
UGA,Towns,2047,54640460.0
ZAF,Cities,2047,42235254.0
ZAF,Rural,2047,13291789.0
ZAF,Towns,2047,22189612.0
ZMB,Cities,2047,15398166.0
ZMB,Rural,2047,12842299.0
ZMB,Towns,2047,7888818.0
ZWE,Cities,2047,6741029.0
ZWE,Rural,2047,13662121.0
ZWE,Towns,2047,4413297.0
AFE,Cities,2048,501353772.0
AFE,Rural,2048,290568504.0
AFE,Towns,2048,486052457.0
AFW,Cities,2048,390448303.0
AFW,Rural,2048,193328883.0
AFW,Towns,2048,244817286.0
AGO,Cities,2048,48486365.0
AGO,Rural,2048,15321305.0
AGO,Towns,2048,7311113.0
BDI,Cities,2048,6773714.0
BDI,Rural,2048,1153475.0
BDI,Towns,2048,15431308.0
BEN,Cities,2048,10515984.0
BEN,Rural,2048,4483354.0
BEN,Towns,2048,8642853.0
BFA,Cities,2048,9898815.0
BFA,Rural,2048,13771069.0
BFA,Towns,2048,12666821.0
BWA,Cities,2048,991046.0
BWA,Rural,2048,867440.0
BWA,Towns,2048,1520626.0
CAF,Cities,2048,2783379.0
CAF,Rural,2048,4048995.0
CAF,Towns,2048,3353643.0
CIV,Cities,2048,21049371.0
CIV,Rural,2048,13784890.0
CIV,Towns,2048,18896335.0
CMR,Cities,2048,28507284.0
CMR,Rural,2048,9051415.0
CMR,Towns,2048,11750066.0
COD,Cities,2048,103421264.0
COD,Rural,2048,48593088.0
COD,Towns,2048,56769342.0
COG,Cities,2048,8991019.0
COG,Rural,2048,754364.0
COG,Towns,2048,876016.0
COM,Cities,2048,626012.0
COM,Rural,2048,70654.0
COM,Towns,2048,576372.0
CPV,Cities,2048,224734.0
CPV,Rural,2048,125702.0
CPV,Towns,2048,215072.0
ERI,Cities,2048,2315714.0
ERI,Rural,2048,1671651.0
ERI,Towns,2048,1550177.0
ETH,Cities,2048,79672002.0
ETH,Rural,2048,52963430.0
ETH,Towns,2048,85074773.0
GAB,Cities,2048,2502761.0
GAB,Rural,2048,532199.0
GAB,Towns,2048,923328.0
GHA,Cities,2048,26202923.0
GHA,Rural,2048,8747566.0
GHA,Towns,2048,14458021.0
GIN,Cities,2048,8427152.0
GIN,Rural,2048,8332984.0
GIN,Towns,2048,6019918.0
GMB,Cities,2048,2196833.0
GMB,Rural,2048,817968.0
GMB,Towns,2048,1178048.0
GNB,Cities,2048,1035571.9999999999
GNB,Rural,2048,1469748.0
GNB,Towns,2048,840543.0
GNQ,Cities,2048,2589725.0
GNQ,Rural,2048,236846.0
GNQ,Towns,2048,224920.0
KEN,Cities,2048,24326846.0
KEN,Rural,2048,13058634.0
KEN,Towns,2048,44452184.0
LBR,Cities,2048,3585766.0
LBR,Rural,2048,3381384.0
LBR,Towns,2048,1706798.0
LSO,Cities,2048,327630.0
LSO,Rural,2048,1458242.0
LSO,Towns,2048,1164541.0
MDG,Cities,2048,11262750.0
MDG,Rural,2048,22647153.0
MDG,Towns,2048,17607449.0
MLI,Cities,2048,13228511.0
MLI,Rural,2048,18399624.0
MLI,Towns,2048,12777585.0
MOZ,Cities,2048,18350683.0
MOZ,Rural,2048,19902978.0
MOZ,Towns,2048,23000923.0
MRT,Cities,2048,3733960.0
MRT,Rural,2048,3030747.0
MRT,Towns,2048,2299512.0
MUS,Cities,2048,499985.0
MUS,Rural,2048,115547.0
MUS,Towns,2048,511232.0
MWI,Cities,2048,5200447.0
MWI,Rural,2048,4692786.0
MWI,Towns,2048,26272527.0
NAM,Cities,2048,1166798.0
NAM,Rural,2048,2176740.0
NAM,Towns,2048,1065912.0
NER,Cities,2048,12083130.0
NER,Rural,2048,20088750.0
NER,Towns,2048,18280324.0
NGA,Cities,2048,193589929.0
NGA,Rural,2048,51284916.0
NGA,Towns,2048,105472924.0
RWA,Cities,2048,6055340.0
RWA,Rural,2048,527319.0
RWA,Towns,2048,15503463.0
SDN,Cities,2048,40099632.0
SDN,Rural,2048,18840512.0
SDN,Towns,2048,23523052.0
SEN,Cities,2048,14483162.0
SEN,Rural,2048,6644028.0
SEN,Towns,2048,8330049.999999999
SLE,Cities,2048,4904584.0
SLE,Rural,2048,4848753.0
SLE,Towns,2048,2906274.0
SOM,Cities,2048,23254042.0
SOM,Rural,2048,5223147.0
SOM,Towns,2048,7266778.0
SSA,Cities,2048,891802075.0
SSA,Rural,2048,483897387.0
SSA,Towns,2048,730869743.0
SSD,Cities,2048,7206711.0
SSD,Rural,2048,4745607.0
SSD,Towns,2048,5986122.0
STP,Cities,2048,229737.0
STP,Rural,2048,34844.0
STP,Towns,2048,91001.0
SWZ,Cities,2048,161853.0
SWZ,Rural,2048,1034728.0000000001
SWZ,Towns,2048,296442.0
SYC,Cities,2048,0.0
SYC,Rural,2048,21681.0
SYC,Towns,2048,120469.0
TCD,Cities,2048,12312689.0
TCD,Rural,2048,16546371.0
TCD,Towns,2048,8458411.0
TGO,Cities,2048,7601020.0
TGO,Rural,2048,2947210.0
TGO,Towns,2048,4539824.0
TZA,Cities,2048,36741030.0
TZA,Rural,2048,27084836.0
TZA,Towns,2048,60525436.0
UGA,Cities,2048,18928539.0
UGA,Rural,2048,8418983.0
UGA,Towns,2048,55464573.0
ZAF,Cities,2048,42653932.0
ZAF,Rural,2048,13276300.0
ZAF,Towns,2048,22285090.0
ZMB,Cities,2048,15738194.0
ZMB,Rural,2048,12943224.0
ZMB,Towns,2048,8100848.0
ZWE,Cities,2048,6863506.0
ZWE,Rural,2048,13724200.0
ZWE,Towns,2048,4580704.0
AFE,Cities,2049,513252702.0
AFE,Rural,2049,292175027.0
AFE,Towns,2049,494611430.0
AFW,Cities,2049,397373748.0
AFW,Rural,2049,194980633.0
AFW,Towns,2049,248801079.0
AGO,Cities,2049,49644271.0
AGO,Rural,2049,15581823.0
AGO,Towns,2049,7475291.0
BDI,Cities,2049,7068739.0
BDI,Rural,2049,1147062.0
BDI,Towns,2049,15533151.0
BEN,Cities,2049,10774041.0
BEN,Rural,2049,4518353.0
BEN,Towns,2049,8746213.0
BFA,Cities,2049,10051855.0
BFA,Rural,2049,13842062.0
BFA,Towns,2049,12929515.0
BWA,Cities,2049,1012626.0
BWA,Rural,2049,868777.0
BWA,Towns,2049,1527365.0
CAF,Cities,2049,2874760.0
CAF,Rural,2049,4113491.0
CAF,Towns,2049,3412374.0
CIV,Cities,2049,21455796.0
CIV,Rural,2049,13944111.0
CIV,Towns,2049,19339499.0
CMR,Cities,2049,29092162.0
CMR,Rural,2049,9098519.0
CMR,Towns,2049,12012589.0
COD,Cities,2049,106099332.0
COD,Rural,2049,49393088.0
COD,Towns,2049,58005272.0
COG,Cities,2049,9155139.0
COG,Rural,2049,763797.0
COG,Towns,2049,894718.0
COM,Cities,2049,635046.0
COM,Rural,2049,67740.0
COM,Towns,2049,587583.0
CPV,Cities,2049,224977.0
CPV,Rural,2049,124664.0
CPV,Towns,2049,216257.0
ERI,Cities,2049,2347854.0
ERI,Rural,2049,1682345.0
ERI,Towns,2049,1587157.0
ETH,Cities,2049,81875215.0
ETH,Rural,2049,53146045.0
ETH,Towns,2049,86356077.0
GAB,Cities,2049,2541077.0
GAB,Rural,2049,535274.0
GAB,Towns,2049,945121.0
GHA,Cities,2049,26566854.0
GHA,Rural,2049,8774060.0
GHA,Towns,2049,14643526.0
GIN,Cities,2049,8558356.0
GIN,Rural,2049,8385023.999999999
GIN,Towns,2049,6149233.0
GMB,Cities,2049,2220343.0
GMB,Rural,2049,821266.0
GMB,Towns,2049,1206104.0
GNB,Cities,2049,1055606.0
GNB,Rural,2049,1484404.0
GNB,Towns,2049,852558.0
GNQ,Cities,2049,2627520.0
GNQ,Rural,2049,240372.0
GNQ,Towns,2049,229746.0
KEN,Cities,2049,24927789.0
KEN,Rural,2049,13017952.0
KEN,Towns,2049,44776030.0
LBR,Cities,2049,3635755.0
LBR,Rural,2049,3416835.0
LBR,Towns,2049,1743238.0
LSO,Cities,2049,328576.0
LSO,Rural,2049,1458407.0
LSO,Towns,2049,1185174.0
MDG,Cities,2049,11504556.0
MDG,Rural,2049,22786726.0
MDG,Towns,2049,18060708.0
MLI,Cities,2049,13510431.0
MLI,Rural,2049,18593131.0
MLI,Towns,2049,13176212.0
MOZ,Cities,2049,18721032.0
MOZ,Rural,2049,20004943.0
MOZ,Towns,2049,23671038.0
MRT,Cities,2049,3822235.0
MRT,Rural,2049,3067850.0
MRT,Towns,2049,2350093.0
MUS,Cities,2049,496333.0
MUS,Rural,2049,116598.0
MUS,Towns,2049,504113.0
MWI,Cities,2049,5309143.0
MWI,Rural,2049,4654670.0
MWI,Towns,2049,26797190.0
NAM,Cities,2049,1180938.0
NAM,Rural,2049,2186989.0
NAM,Towns,2049,1092575.0
NER,Cities,2049,12372969.0
NER,Rural,2049,20352639.0
NER,Towns,2049,18756958.0
NGA,Cities,2049,196825159.0
NGA,Rural,2049,51514117.0
NGA,Towns,2049,106453149.0
RWA,Cities,2049,6303713.0
RWA,Rural,2049,524530.0
RWA,Towns,2049,15575650.0
SDN,Cities,2049,40843324.0
SDN,Rural,2049,19048613.0
SDN,Towns,2049,23936417.0
SEN,Cities,2049,14730366.0
SEN,Rural,2049,6692417.0
SEN,Towns,2049,8489060.0
SLE,Cities,2049,4951338.0
SLE,Rural,2049,4888635.0
SLE,Towns,2049,2965170.0
SOM,Cities,2049,23723066.0
SOM,Rural,2049,5261993.0
SOM,Towns,2049,7489632.0
SSA,Cities,2049,910626450.0
SSA,Rural,2049,487155660.0
SSA,Towns,2049,743412509.0
SSD,Cities,2049,7338991.0
SSD,Rural,2049,4751166.0
SSD,Towns,2049,6052739.0
STP,Cities,2049,234535.0
STP,Rural,2049,34499.0
STP,Towns,2049,91328.0
SWZ,Cities,2049,173199.0
SWZ,Rural,2049,1035282.9999999999
SWZ,Towns,2049,290952.0
SYC,Cities,2049,0.0
SYC,Rural,2049,21630.0
SYC,Towns,2049,120330.0
TCD,Cities,2049,12586074.0
TCD,Rural,2049,16847677.0
TCD,Towns,2049,8655174.0
TGO,Cities,2049,7740935.0
TGO,Rural,2049,2961935.0
TGO,Towns,2049,4634572.0
TZA,Cities,2049,37830558.0
TZA,Rural,2049,26970389.0
TZA,Towns,2049,62180459.0
UGA,Cities,2049,19525689.0
UGA,Rural,2049,8326147.999999999
UGA,Towns,2049,56278216.0
ZAF,Cities,2049,43064726.0
ZAF,Rural,2049,13258386.0
ZAF,Towns,2049,22376474.0
ZMB,Cities,2049,16077981.0
ZMB,Rural,2049,13043948.0
ZMB,Towns,2049,8312754.000000001
ZWE,Cities,2049,6985470.0
ZWE,Rural,2049,13785277.0
ZWE,Towns,2049,4747755.0
AFE,Cities,2050,525153064.0
AFE,Rural,2050,293778872.0
AFE,Towns,2050,503142471.0
AFW,Cities,2050,404256329.0
AFW,Rural,2050,196615606.0
AFW,Towns,2050,252760697.0
AGO,Cities,2050,50810014.0
AGO,Rural,2050,15844738.0
AGO,Towns,2050,7640643.0
BDI,Cities,2050,7361473.0
BDI,Rural,2050,1140279.0
BDI,Towns,2050,15629968.0
BEN,Cities,2050,11031539.0
BEN,Rural,2050,4553131.0
BEN,Towns,2050,8849140.0
BFA,Cities,2050,10203306.0
BFA,Rural,2050,13910952.0
BFA,Towns,2050,13190126.0
BWA,Cities,2050,1033901.0000000001
BWA,Rural,2050,869866.0
BWA,Towns,2050,1533663.0
CAF,Cities,2050,2966574.0
CAF,Rural,2050,4178578.9999999995
CAF,Towns,2050,3471599.0
CIV,Cities,2050,21861739.0
CIV,Rural,2050,14103011.0
CIV,Towns,2050,19782235.0
CMR,Cities,2050,29676197.0
CMR,Rural,2050,9145357.0
CMR,Towns,2050,12274763.0
COD,Cities,2050,108794663.0
COD,Rural,2050,50200889.0
COD,Towns,2050,59250520.0
COG,Cities,2050,9319735.0
COG,Rural,2050,773271.0
COG,Towns,2050,913467.0
COM,Cities,2050,644010.0
COM,Rural,2050,64819.0
COM,Towns,2050,598729.0
CPV,Cities,2050,225159.0
CPV,Rural,2050,123593.0
CPV,Towns,2050,217382.0
ERI,Cities,2050,2379532.0
ERI,Rural,2050,1692714.0
ERI,Towns,2050,1623816.0
ETH,Cities,2050,84069964.0
ETH,Rural,2050,53323323.0
ETH,Towns,2050,87628586.0
GAB,Cities,2050,2579316.0
GAB,Rural,2050,538333.0
GAB,Towns,2050,966884.0
GHA,Cities,2050,26926866.0
GHA,Rural,2050,8799304.0
GHA,Towns,2050,14826877.0
GIN,Cities,2050,8689335.0
GIN,Rural,2050,8436878.0
GIN,Towns,2050,6278371.0
GMB,Cities,2050,2243499.0
GMB,Rural,2050,824436.0
GMB,Towns,2050,1233960.0
GNB,Cities,2050,1075431.0
GNB,Rural,2050,1498770.0
GNB,Towns,2050,864407.0
GNQ,Cities,2050,2665267.0
GNQ,Rural,2050,243895.0
GNQ,Towns,2050,234566.0
KEN,Cities,2050,25524734.0
KEN,Rural,2050,12975384.0
KEN,Towns,2050,45093122.0
LBR,Cities,2050,3682777.0
LBR,Rural,2050,3449502.0
LBR,Towns,2050,1778252.0
LSO,Cities,2050,329431.0
LSO,Rural,2050,1458175.0
LSO,Towns,2050,1205469.0
MDG,Cities,2050,11746106.0
MDG,Rural,2050,22925805.0
MDG,Towns,2050,18513564.0
MLI,Cities,2050,13792425.0
MLI,Rural,2050,18786747.0
MLI,Towns,2050,13574907.0
MOZ,Cities,2050,19088836.0
MOZ,Rural,2050,20104166.0
MOZ,Towns,2050,24337950.0
MRT,Cities,2050,3910287.0
MRT,Rural,2050,3104773.0
MRT,Towns,2050,2400537.0
MUS,Cities,2050,492624.0
MUS,Rural,2050,117634.0
MUS,Towns,2050,496938.0
MWI,Cities,2050,5418618.0
MWI,Rural,2050,4617270.0
MWI,Towns,2050,27325795.0
NAM,Cities,2050,1195275.0
NAM,Rural,2050,2197619.0
NAM,Towns,2050,1119406.0
NER,Cities,2050,12663040.0
NER,Rural,2050,20616887.0
NER,Towns,2050,19233949.0
NGA,Cities,2050,200031428.0
NGA,Rural,2050,51736040.0
NGA,Towns,2050,107418088.0
RWA,Cities,2050,6548214.0
RWA,Rural,2050,521419.0
RWA,Towns,2050,15638278.0
SDN,Cities,2050,41593313.0
SDN,Rural,2050,19259606.0
SDN,Towns,2050,24353464.0
SEN,Cities,2050,14976833.0
SEN,Rural,2050,6740476.0
SEN,Towns,2050,8647645.0
SLE,Cities,2050,4997189.0
SLE,Rural,2050,4927628.0
SLE,Towns,2050,3023508.0
SOM,Cities,2050,24192806.0
SOM,Rural,2050,5301027.0
SOM,Towns,2050,7712679.0
SSA,Cities,2050,929409393.0
SSA,Rural,2050,490394478.0
SSA,Towns,2050,755903168.0
SSD,Cities,2050,7469044.0
SSD,Rural,2050,4755367.0
SSD,Towns,2050,6117563.0
STP,Cities,2050,239315.0
STP,Rural,2050,34152.0
STP,Towns,2050,91648.0
SWZ,Cities,2050,184480.0
SWZ,Rural,2050,1035484.9999999999
SWZ,Towns,2050,285367.0
SYC,Cities,2050,0.0
SYC,Rural,2050,21576.0
SYC,Towns,2050,120170.0
TCD,Cities,2050,12858572.0
TCD,Rural,2050,17147784.0
TCD,Towns,2050,8851330.0
TGO,Cities,2050,7879815.0
TGO,Rural,2050,2976259.0
TGO,Towns,2050,4728704.0
TZA,Cities,2050,38923022.0
TZA,Rural,2050,26857808.0
TZA,Towns,2050,63840273.0
UGA,Cities,2050,20118818.0
UGA,Rural,2050,8231741.0
UGA,Towns,2050,57080643.0
ZAF,Cities,2050,43471883.0
ZAF,Rural,2050,13239420.0
ZAF,Towns,2050,22466025.0
ZMB,Cities,2050,16416167.000000002
ZMB,Rural,2050,13143390.0
ZMB,Towns,2050,8523828.0
ZWE,Cities,2050,7106821.0
ZWE,Rural,2050,13845200.0
ZWE,Towns,2050,4914364.0
