ISO3_Code,Category,Year,Cities,Pop
AFE,100k-250k,1950.0,15.0,2455502.0
AFE,250k-500k,1950.0,2.0,757435.0
AFE,500k-1 million,1950.0,1.0,601097.0
AFE,50k-100k,1950.0,27.0,1862707.0
AFW,100k-250k,1950.0,12.0,1621881.0
AFW,250k-500k,1950.0,3.0,924209.0
AFW,500k-1 million,1950.0,1.0,644124.0
AFW,50k-100k,1950.0,36.0,2445402.0
AGO,100k-250k,1950.0,1.0,102956.0
AGO,50k-100k,1950.0,3.0,214636.0
BEN,50k-100k,1950.0,2.0,136137.0
CAF,50k-100k,1950.0,1.0,86324.0
CIV,100k-250k,1950.0,1.0,118450.0
CMR,100k-250k,1950.0,1.0,103538.0
CMR,50k-100k,1950.0,3.0,208564.0
COD,100k-250k,1950.0,4.0,737772.0
COD,50k-100k,1950.0,9.0,548322.0
COG,100k-250k,1950.0,2.0,349807.0
ERI,100k-250k,1950.0,1.0,136222.0
ERI,50k-100k,1950.0,1.0,66508.0
ETH,250k-500k,1950.0,1.0,355224.0
ETH,50k-100k,1950.0,1.0,69365.0
GHA,100k-250k,1950.0,1.0,124602.0
GHA,50k-100k,1950.0,1.0,64364.00000000001
GIN,50k-100k,1950.0,1.0,73395.0
KEN,100k-250k,1950.0,1.0,126832.0
KEN,50k-100k,1950.0,1.0,61634.0
MDG,100k-250k,1950.0,1.0,105269.0
MLI,100k-250k,1950.0,1.0,117929.0
MOZ,100k-250k,1950.0,1.0,121509.0
MOZ,50k-100k,1950.0,1.0,66852.0
MUS,100k-250k,1950.0,1.0,172682.0
NGA,100k-250k,1950.0,4.0,582140.0
NGA,250k-500k,1950.0,2.0,641195.0
NGA,500k-1 million,1950.0,1.0,644124.0
NGA,50k-100k,1950.0,26.0,1755454.0
SDN,100k-250k,1950.0,1.0,211601.0
SDN,50k-100k,1950.0,1.0,70624.0
SEN,100k-250k,1950.0,1.0,104719.0
SEN,250k-500k,1950.0,1.0,283014.0
SEN,50k-100k,1950.0,1.0,64328.99999999999
SLE,100k-250k,1950.0,1.0,120696.0
SOM,50k-100k,1950.0,3.0,209210.0
SSA,100k-250k,1950.0,27.0,4077383.0
SSA,250k-500k,1950.0,5.0,1681644.0
SSA,500k-1 million,1950.0,2.0,1245221.0
SSA,50k-100k,1950.0,63.0,4308109.0
SSD,50k-100k,1950.0,1.0,71648.0
TCD,50k-100k,1950.0,1.0,56835.0
TZA,50k-100k,1950.0,1.0,58363.0
UGA,100k-250k,1950.0,1.0,176598.0
ZAF,100k-250k,1950.0,2.0,414810.0
ZAF,250k-500k,1950.0,1.0,402211.0
ZAF,500k-1 million,1950.0,1.0,601097.0
ZAF,50k-100k,1950.0,4.0,327973.0
ZWE,100k-250k,1950.0,1.0,149251.0
ZWE,50k-100k,1950.0,1.0,97572.0
AFE,100k-250k,1951.0,14.0,2313915.0
AFE,250k-500k,1951.0,3.0,1036523.0
AFE,500k-1 million,1951.0,2.0,1128703.0
AFE,50k-100k,1951.0,27.0,1944857.0
AFW,100k-250k,1951.0,13.0,1791311.0
AFW,250k-500k,1951.0,4.0,1232080.0
AFW,500k-1 million,1951.0,1.0,689180.0
AFW,50k-100k,1951.0,35.0,2468790.0
AGO,100k-250k,1951.0,1.0,105421.0
AGO,500k-1 million,1951.0,1.0,513352.0
AGO,50k-100k,1951.0,3.0,219773.0
BEN,50k-100k,1951.0,2.0,148145.0
CAF,50k-100k,1951.0,1.0,94680.0
CIV,100k-250k,1951.0,1.0,133196.0
CMR,100k-250k,1951.0,1.0,107477.0
CMR,50k-100k,1951.0,3.0,218126.0
COD,100k-250k,1951.0,4.0,776101.0
COD,50k-100k,1951.0,9.0,575850.0
COG,100k-250k,1951.0,2.0,359913.0
ERI,100k-250k,1951.0,1.0,139841.0
ERI,50k-100k,1951.0,1.0,70119.0
ETH,250k-500k,1951.0,1.0,366187.0
ETH,50k-100k,1951.0,1.0,71998.0
GHA,100k-250k,1951.0,1.0,134248.0
GHA,250k-500k,1951.0,1.0,276350.0
GHA,50k-100k,1951.0,1.0,67744.0
GIN,50k-100k,1951.0,1.0,81883.0
KEN,100k-250k,1951.0,1.0,134637.0
KEN,50k-100k,1951.0,1.0,64447.0
MDG,100k-250k,1951.0,1.0,108412.0
MLI,100k-250k,1951.0,1.0,122520.0
MOZ,100k-250k,1951.0,1.0,128119.0
MOZ,50k-100k,1951.0,1.0,68022.0
MUS,100k-250k,1951.0,1.0,180646.0
NGA,100k-250k,1951.0,5.0,700975.0
NGA,250k-500k,1951.0,2.0,662185.0
NGA,500k-1 million,1951.0,1.0,689180.0
NGA,50k-100k,1951.0,25.0,1732490.0
SDN,100k-250k,1951.0,1.0,226177.0
SDN,50k-100k,1951.0,1.0,73785.0
SEN,100k-250k,1951.0,1.0,109324.0
SEN,250k-500k,1951.0,1.0,293545.0
SEN,50k-100k,1951.0,1.0,66722.0
SLE,100k-250k,1951.0,1.0,123658.0
SOM,50k-100k,1951.0,3.0,221538.0
SSA,100k-250k,1951.0,27.0,4105226.0
SSA,250k-500k,1951.0,7.0,2268603.0
SSA,500k-1 million,1951.0,3.0,1817883.0
SSA,50k-100k,1951.0,62.0,4413647.0
SSD,50k-100k,1951.0,1.0,74800.0
TCD,50k-100k,1951.0,1.0,59000.0
TZA,50k-100k,1951.0,1.0,62385.0
UGA,100k-250k,1951.0,1.0,183166.0
ZAF,100k-250k,1951.0,1.0,173103.0
ZAF,250k-500k,1951.0,2.0,670336.0
ZAF,500k-1 million,1951.0,1.0,615351.0
ZAF,50k-100k,1951.0,4.0,342346.0
ZWE,100k-250k,1951.0,1.0,158292.0
ZWE,50k-100k,1951.0,1.0,99794.0
AFE,100k-250k,1952.0,15.0,2360666.0
AFE,250k-500k,1952.0,4.0,1331297.0
AFE,500k-1 million,1952.0,2.0,1154957.0
AFE,50k-100k,1952.0,25.0,1822988.0
AFW,100k-250k,1952.0,14.0,1967554.0
AFW,250k-500k,1952.0,4.0,1283458.0
AFW,500k-1 million,1952.0,1.0,734236.0
AFW,50k-100k,1952.0,33.0,2382328.0
AGO,100k-250k,1952.0,1.0,107885.0
AGO,500k-1 million,1952.0,1.0,525352.0
AGO,50k-100k,1952.0,3.0,224911.0
BEN,50k-100k,1952.0,2.0,160153.0
CIV,100k-250k,1952.0,1.0,147942.0
CMR,100k-250k,1952.0,1.0,111416.0
CMR,50k-100k,1952.0,3.0,227688.0
COD,100k-250k,1952.0,3.0,550673.0
COD,250k-500k,1952.0,1.0,263758.0
COD,50k-100k,1952.0,9.0,603377.0
COG,100k-250k,1952.0,2.0,370018.0
ERI,100k-250k,1952.0,1.0,143460.0
ERI,50k-100k,1952.0,1.0,73731.0
ETH,250k-500k,1952.0,1.0,377151.0
ETH,50k-100k,1952.0,1.0,74632.0
GHA,100k-250k,1952.0,1.0,143894.0
GHA,250k-500k,1952.0,1.0,296207.0
GHA,50k-100k,1952.0,1.0,71125.0
GIN,50k-100k,1952.0,1.0,90370.0
KEN,100k-250k,1952.0,1.0,142442.0
KEN,50k-100k,1952.0,1.0,67261.0
MDG,100k-250k,1952.0,1.0,111554.0
MLI,100k-250k,1952.0,1.0,127110.0
MOZ,100k-250k,1952.0,1.0,134729.0
MOZ,50k-100k,1952.0,1.0,69192.0
MUS,100k-250k,1952.0,1.0,188610.0
NGA,100k-250k,1952.0,6.0,826626.0
NGA,250k-500k,1952.0,2.0,683176.0
NGA,500k-1 million,1952.0,1.0,734236.0
NGA,50k-100k,1952.0,24.0,1702711.0
SDN,100k-250k,1952.0,1.0,240752.0
SDN,50k-100k,1952.0,1.0,76946.0
SEN,100k-250k,1952.0,1.0,113929.0
SEN,250k-500k,1952.0,1.0,304075.0
SEN,50k-100k,1952.0,1.0,69116.0
SLE,100k-250k,1952.0,1.0,126619.0
SOM,50k-100k,1952.0,3.0,233866.0
SSA,100k-250k,1952.0,29.0,4328220.0
SSA,250k-500k,1952.0,8.0,2614755.0
SSA,500k-1 million,1952.0,3.0,1889193.0
SSA,50k-100k,1952.0,58.0,4205316.0
SSD,50k-100k,1952.0,1.0,77953.0
TCD,50k-100k,1952.0,1.0,61165.0
TZA,50k-100k,1952.0,1.0,66407.0
UGA,100k-250k,1952.0,1.0,189734.0
ZAF,100k-250k,1952.0,2.0,281478.0
ZAF,250k-500k,1952.0,2.0,690388.0
ZAF,500k-1 million,1952.0,1.0,629605.0
ZAF,50k-100k,1952.0,3.0,254712.0
ZWE,100k-250k,1952.0,2.0,269349.0
AFE,100k-250k,1953.0,13.0,1951354.0
AFE,250k-500k,1953.0,5.0,1628624.0
AFE,500k-1 million,1953.0,2.0,1181211.0
AFE,50k-100k,1953.0,25.0,1899297.0
AFW,100k-250k,1953.0,17.0,2361218.0
AFW,250k-500k,1953.0,4.0,1334836.0
AFW,500k-1 million,1953.0,1.0,779292.0
AFW,50k-100k,1953.0,31.0,2284519.0
AGO,100k-250k,1953.0,1.0,110349.0
AGO,500k-1 million,1953.0,1.0,537352.0
AGO,50k-100k,1953.0,3.0,230048.0
BEN,50k-100k,1953.0,2.0,172161.0
CAF,100k-250k,1953.0,1.0,111393.0
CIV,100k-250k,1953.0,1.0,162688.0
CMR,100k-250k,1953.0,2.0,219933.0
CMR,50k-100k,1953.0,2.0,132672.0
COD,100k-250k,1953.0,2.0,322691.0
COD,250k-500k,1953.0,2.0,530070.0
COD,50k-100k,1953.0,9.0,630904.0
COG,100k-250k,1953.0,2.0,380124.0
ERI,100k-250k,1953.0,1.0,147079.0
ERI,50k-100k,1953.0,1.0,77342.0
ETH,250k-500k,1953.0,1.0,388114.0
ETH,50k-100k,1953.0,1.0,77265.0
GHA,100k-250k,1953.0,1.0,153541.0
GHA,250k-500k,1953.0,1.0,316064.0
GHA,50k-100k,1953.0,1.0,74506.0
GIN,50k-100k,1953.0,1.0,98857.0
KEN,100k-250k,1953.0,1.0,150247.0
KEN,50k-100k,1953.0,1.0,70074.0
MDG,100k-250k,1953.0,1.0,114696.0
MLI,100k-250k,1953.0,1.0,131701.0
MOZ,100k-250k,1953.0,1.0,141339.0
MOZ,50k-100k,1953.0,1.0,70362.0
MUS,100k-250k,1953.0,1.0,196575.0
NGA,100k-250k,1953.0,7.0,953724.0
NGA,250k-500k,1953.0,2.0,704166.0
NGA,500k-1 million,1953.0,1.0,779292.0
NGA,50k-100k,1953.0,23.0,1671484.0
SDN,50k-100k,1953.0,1.0,80107.0
SEN,100k-250k,1953.0,1.0,118534.0
SEN,250k-500k,1953.0,1.0,314606.0
SEN,50k-100k,1953.0,1.0,71509.0
SLE,100k-250k,1953.0,1.0,129580.00000000001
SOM,50k-100k,1953.0,3.0,246194.0
SSA,100k-250k,1953.0,30.0,4312572.0
SSA,250k-500k,1953.0,9.0,2963460.0
SSA,500k-1 million,1953.0,3.0,1960503.0
SSA,50k-100k,1953.0,56.0,4183816.0
SSD,50k-100k,1953.0,1.0,81105.0
TCD,50k-100k,1953.0,1.0,63330.0
TZA,50k-100k,1953.0,1.0,70429.0
UGA,100k-250k,1953.0,1.0,196303.0
ZAF,100k-250k,1953.0,2.0,291463.0
ZAF,250k-500k,1953.0,2.0,710440.0
ZAF,500k-1 million,1953.0,1.0,643859.0
ZAF,50k-100k,1953.0,3.0,265467.0
ZWE,100k-250k,1953.0,2.0,280612.0
AFE,100k-250k,1954.0,13.0,2021524.0
AFE,250k-500k,1954.0,6.0,1957122.0
AFE,500k-1 million,1954.0,2.0,1207464.0
AFE,50k-100k,1954.0,25.0,1975607.0
AFW,100k-250k,1954.0,21.0,2876593.0
AFW,250k-500k,1954.0,4.0,1386213.0
AFW,500k-1 million,1954.0,1.0,824348.0
AFW,50k-100k,1954.0,27.0,1961962.0
AGO,100k-250k,1954.0,1.0,112813.0
AGO,500k-1 million,1954.0,1.0,549351.0
AGO,50k-100k,1954.0,3.0,235185.0
BEN,100k-250k,1954.0,1.0,107942.0
BEN,50k-100k,1954.0,1.0,76227.0
CAF,100k-250k,1954.0,1.0,119749.0
CIV,100k-250k,1954.0,1.0,177435.0
CMR,100k-250k,1954.0,2.0,230511.0
CMR,50k-100k,1954.0,2.0,135594.0
COD,100k-250k,1954.0,2.0,333441.0
COD,250k-500k,1954.0,2.0,557649.0
COD,50k-100k,1954.0,9.0,658431.0
COG,100k-250k,1954.0,2.0,390230.0
ERI,100k-250k,1954.0,1.0,150698.0
ERI,50k-100k,1954.0,1.0,80954.0
ETH,250k-500k,1954.0,1.0,399077.0
ETH,50k-100k,1954.0,1.0,79898.0
GHA,100k-250k,1954.0,1.0,163187.0
GHA,250k-500k,1954.0,1.0,335921.0
GHA,50k-100k,1954.0,1.0,77886.0
GIN,100k-250k,1954.0,1.0,107344.0
KEN,100k-250k,1954.0,1.0,158052.0
KEN,50k-100k,1954.0,1.0,72887.0
MDG,100k-250k,1954.0,1.0,117839.0
MLI,100k-250k,1954.0,1.0,136292.0
MOZ,100k-250k,1954.0,1.0,147949.0
MOZ,50k-100k,1954.0,1.0,71533.0
MUS,100k-250k,1954.0,1.0,204539.0
NGA,100k-250k,1954.0,9.0,1188223.0
NGA,250k-500k,1954.0,2.0,725156.0
NGA,500k-1 million,1954.0,1.0,824348.0
NGA,50k-100k,1954.0,21.0,1532857.0
SDN,250k-500k,1954.0,1.0,269904.0
SDN,50k-100k,1954.0,1.0,83267.0
SEN,100k-250k,1954.0,1.0,123138.0
SEN,250k-500k,1954.0,1.0,325136.0
SEN,50k-100k,1954.0,1.0,73903.0
SLE,100k-250k,1954.0,1.0,132542.0
SOM,50k-100k,1954.0,3.0,258522.0
SSA,100k-250k,1954.0,34.0,4898117.0
SSA,250k-500k,1954.0,10.0,3343335.0
SSA,500k-1 million,1954.0,3.0,2031812.0
SSA,50k-100k,1954.0,52.0,3937569.0
SSD,50k-100k,1954.0,1.0,84258.0
TCD,50k-100k,1954.0,1.0,65495.00000000001
TZA,50k-100k,1954.0,1.0,74450.0
UGA,100k-250k,1954.0,1.0,202871.0
ZAF,100k-250k,1954.0,2.0,301448.0
ZAF,250k-500k,1954.0,2.0,730492.0
ZAF,500k-1 million,1954.0,1.0,658113.0
ZAF,50k-100k,1954.0,3.0,276222.0
ZWE,100k-250k,1954.0,2.0,291874.0
AFE,100k-250k,1955.0,13.0,2091697.0
AFE,250k-500k,1955.0,6.0,2030291.0
AFE,500k-1 million,1955.0,2.0,1233719.0
AFE,50k-100k,1955.0,42.0,2974833.0
AFW,100k-250k,1955.0,23.0,3198709.0
AFW,250k-500k,1955.0,4.0,1437591.0
AFW,500k-1 million,1955.0,1.0,869404.0
AFW,50k-100k,1955.0,40.0,2680860.0
AGO,100k-250k,1955.0,1.0,115278.0
AGO,500k-1 million,1955.0,1.0,561351.0
AGO,50k-100k,1955.0,6.0,410428.0
BEN,100k-250k,1955.0,1.0,116540.0
BEN,50k-100k,1955.0,1.0,79637.0
BFA,50k-100k,1955.0,1.0,52314.0
CAF,100k-250k,1955.0,1.0,128104.99999999999
CIV,100k-250k,1955.0,1.0,192181.0
CMR,100k-250k,1955.0,2.0,241090.0
CMR,50k-100k,1955.0,4.0,244916.0
COD,100k-250k,1955.0,2.0,344191.0
COD,250k-500k,1955.0,2.0,585229.0
COD,50k-100k,1955.0,13.0,900885.0
COG,100k-250k,1955.0,2.0,400335.0
ERI,100k-250k,1955.0,1.0,154317.0
ERI,50k-100k,1955.0,1.0,84565.0
ETH,250k-500k,1955.0,1.0,410040.0
ETH,50k-100k,1955.0,4.0,244102.0
GHA,100k-250k,1955.0,1.0,172833.0
GHA,250k-500k,1955.0,1.0,355778.0
GHA,50k-100k,1955.0,1.0,81267.0
GIN,100k-250k,1955.0,1.0,115831.0
KEN,100k-250k,1955.0,1.0,165857.0
KEN,50k-100k,1955.0,1.0,75701.0
MDG,100k-250k,1955.0,1.0,120981.0
MLI,100k-250k,1955.0,1.0,140882.0
MOZ,100k-250k,1955.0,1.0,154559.0
MOZ,50k-100k,1955.0,2.0,123065.0
MUS,100k-250k,1955.0,1.0,212503.0
NGA,100k-250k,1955.0,11.0,1427666.0
NGA,250k-500k,1955.0,2.0,746146.0
NGA,500k-1 million,1955.0,1.0,869404.0
NGA,50k-100k,1955.0,28.0,1897121.0
SDN,250k-500k,1955.0,1.0,284479.0
SDN,50k-100k,1955.0,5.0,309009.0
SEN,100k-250k,1955.0,1.0,127743.0
SEN,250k-500k,1955.0,1.0,335667.0
SEN,50k-100k,1955.0,2.0,139261.0
SLE,100k-250k,1955.0,1.0,135503.0
SOM,50k-100k,1955.0,5.0,374219.0
SSA,100k-250k,1955.0,36.0,5290406.0
SSA,250k-500k,1955.0,10.0,3467882.0
SSA,500k-1 million,1955.0,3.0,2103123.0
SSA,50k-100k,1955.0,82.0,5655693.0
SSD,50k-100k,1955.0,1.0,87410.0
TCD,50k-100k,1955.0,2.0,128133.99999999999
TGO,50k-100k,1955.0,1.0,58210.0
TZA,50k-100k,1955.0,1.0,78472.0
UGA,100k-250k,1955.0,1.0,209440.0
ZAF,100k-250k,1955.0,2.0,311434.0
ZAF,250k-500k,1955.0,2.0,750543.0
ZAF,500k-1 million,1955.0,1.0,672368.0
ZAF,50k-100k,1955.0,3.0,286977.0
ZWE,100k-250k,1955.0,2.0,303137.0
AFE,100k-250k,1956.0,16.0,2507939.0
AFE,250k-500k,1956.0,6.0,2124112.0
AFE,500k-1 million,1956.0,2.0,1266667.0
AFE,50k-100k,1956.0,39.0,2806848.0
AFW,100k-250k,1956.0,24.0,3473638.0
AFW,250k-500k,1956.0,4.0,1524062.0
AFW,500k-1 million,1956.0,1.0,945368.0
AFW,50k-100k,1956.0,39.0,2712443.0
AGO,100k-250k,1956.0,1.0,118768.0
AGO,500k-1 million,1956.0,1.0,578346.0
AGO,50k-100k,1956.0,6.0,425975.0
BEN,100k-250k,1956.0,1.0,124804.0
BEN,50k-100k,1956.0,1.0,84619.0
BFA,50k-100k,1956.0,1.0,53965.0
CAF,100k-250k,1956.0,1.0,134984.0
CIV,100k-250k,1956.0,1.0,208755.0
CMR,100k-250k,1956.0,2.0,255956.0
CMR,50k-100k,1956.0,4.0,253443.0
COD,100k-250k,1956.0,2.0,358059.0
COD,250k-500k,1956.0,2.0,623636.0
COD,50k-100k,1956.0,13.0,952953.0
COG,100k-250k,1956.0,2.0,418085.0
ERI,100k-250k,1956.0,1.0,158885.0
ERI,50k-100k,1956.0,1.0,89147.0
ETH,250k-500k,1956.0,1.0,422697.0
ETH,50k-100k,1956.0,4.0,253074.0
GHA,100k-250k,1956.0,1.0,186217.0
GHA,250k-500k,1956.0,1.0,383329.0
GHA,50k-100k,1956.0,1.0,84904.0
GIN,100k-250k,1956.0,1.0,129223.99999999999
KEN,100k-250k,1956.0,1.0,178703.0
KEN,50k-100k,1956.0,1.0,80288.0
MDG,100k-250k,1956.0,1.0,128306.99999999999
MLI,100k-250k,1956.0,1.0,144322.0
MOZ,100k-250k,1956.0,1.0,162969.0
MOZ,50k-100k,1956.0,2.0,125569.0
MUS,100k-250k,1956.0,1.0,223924.0
NGA,100k-250k,1956.0,12.0,1598733.0
NGA,250k-500k,1956.0,2.0,779079.0
NGA,500k-1 million,1956.0,1.0,945368.0
NGA,50k-100k,1956.0,27.0,1887583.0
SDN,250k-500k,1956.0,1.0,304082.0
SDN,50k-100k,1956.0,5.0,325163.0
SEN,100k-250k,1956.0,1.0,133734.0
SEN,250k-500k,1956.0,1.0,361654.0
SEN,50k-100k,1956.0,2.0,147544.0
SLE,100k-250k,1956.0,1.0,138824.0
SOM,100k-250k,1956.0,2.0,210075.0
SOM,50k-100k,1956.0,3.0,184138.0
SSA,100k-250k,1956.0,40.0,5981577.0
SSA,250k-500k,1956.0,10.0,3648174.0
SSA,500k-1 million,1956.0,3.0,2212035.0
SSA,50k-100k,1956.0,78.0,5519291.0
SSD,50k-100k,1956.0,1.0,91228.0
TCD,50k-100k,1956.0,2.0,136544.0
TGO,50k-100k,1956.0,1.0,63841.0
TZA,50k-100k,1956.0,1.0,83231.0
UGA,100k-250k,1956.0,1.0,218815.0
ZAF,100k-250k,1956.0,3.0,428603.0
ZAF,250k-500k,1956.0,2.0,773697.0
ZAF,500k-1 million,1956.0,1.0,688321.0
ZAF,50k-100k,1956.0,2.0,196082.0
ZWE,100k-250k,1956.0,2.0,320831.0
AFE,100k-250k,1957.0,18.0,2834899.0
AFE,250k-500k,1957.0,6.0,2217932.0
AFE,500k-1 million,1957.0,2.0,1299616.0
AFE,50k-100k,1957.0,37.0,2728140.0
AFW,100k-250k,1957.0,27.0,3961058.0
AFW,250k-500k,1957.0,4.0,1610534.0
AFW,50k-100k,1957.0,36.0,2531537.0
AGO,100k-250k,1957.0,1.0,122258.0
AGO,500k-1 million,1957.0,1.0,595342.0
AGO,50k-100k,1957.0,6.0,441522.0
BEN,100k-250k,1957.0,1.0,133069.0
BEN,50k-100k,1957.0,1.0,89601.0
BFA,50k-100k,1957.0,1.0,55616.0
CAF,100k-250k,1957.0,1.0,141863.0
CIV,100k-250k,1957.0,1.0,225328.0
CMR,100k-250k,1957.0,2.0,270823.0
CMR,50k-100k,1957.0,4.0,261971.0
COD,100k-250k,1957.0,3.0,476204.0
COD,250k-500k,1957.0,2.0,662043.0
COD,50k-100k,1957.0,12.0,900743.0
COG,100k-250k,1957.0,2.0,435834.0
ERI,100k-250k,1957.0,1.0,163452.0
ERI,50k-100k,1957.0,1.0,93730.0
ETH,250k-500k,1957.0,1.0,435354.0
ETH,50k-100k,1957.0,4.0,262046.0
GHA,100k-250k,1957.0,1.0,199601.0
GHA,250k-500k,1957.0,1.0,410880.0
GHA,50k-100k,1957.0,1.0,88541.0
GIN,100k-250k,1957.0,1.0,142617.0
KEN,100k-250k,1957.0,1.0,191549.0
KEN,50k-100k,1957.0,1.0,84875.0
MDG,100k-250k,1957.0,1.0,135633.0
MLI,100k-250k,1957.0,1.0,147762.0
MOZ,100k-250k,1957.0,1.0,171378.0
MOZ,50k-100k,1957.0,2.0,128072.0
MUS,100k-250k,1957.0,1.0,235345.0
NGA,100k-250k,1957.0,15.0,1982291.0
NGA,250k-500k,1957.0,2.0,812012.0
NGA,50k-100k,1957.0,24.0,1665554.0
SDN,250k-500k,1957.0,1.0,323684.0
SDN,50k-100k,1957.0,5.0,341317.0
SEN,100k-250k,1957.0,1.0,139725.0
SEN,250k-500k,1957.0,1.0,387642.0
SEN,50k-100k,1957.0,2.0,155827.0
SLE,100k-250k,1957.0,1.0,142145.0
SOM,100k-250k,1957.0,2.0,221320.0
SOM,50k-100k,1957.0,3.0,192886.0
SSA,100k-250k,1957.0,45.0,6795957.0
SSA,250k-500k,1957.0,10.0,3828466.0
SSA,500k-1 million,1957.0,2.0,1299616.0
SSA,50k-100k,1957.0,73.0,5259677.0
SSD,50k-100k,1957.0,1.0,95046.0
TCD,50k-100k,1957.0,2.0,144954.0
TGO,50k-100k,1957.0,1.0,69473.0
TZA,50k-100k,1957.0,1.0,87989.0
UGA,100k-250k,1957.0,1.0,228190.0
ZAF,100k-250k,1957.0,4.0,551044.0
ZAF,250k-500k,1957.0,2.0,796851.0
ZAF,500k-1 million,1957.0,1.0,704274.0
ZAF,50k-100k,1957.0,1.0,99914.0
ZWE,100k-250k,1957.0,2.0,338526.0
AFE,100k-250k,1958.0,21.0,3276602.0
AFE,250k-500k,1958.0,5.0,1804567.0
AFE,500k-1 million,1958.0,3.0,1839750.0
AFE,50k-100k,1958.0,34.0,2534691.0
AFW,1-2.5 millions,1958.0,1.0,1097295.0
AFW,100k-250k,1958.0,26.0,3897123.0
AFW,250k-500k,1958.0,5.0,1955067.0
AFW,50k-100k,1958.0,36.0,2643923.0
AGO,100k-250k,1958.0,2.0,227046.0
AGO,500k-1 million,1958.0,1.0,612337.0
AGO,50k-100k,1958.0,5.0,355771.0
BEN,100k-250k,1958.0,1.0,141334.0
BEN,50k-100k,1958.0,1.0,94583.0
BFA,50k-100k,1958.0,1.0,57266.0
CAF,100k-250k,1958.0,1.0,148742.0
CIV,100k-250k,1958.0,1.0,241902.0
CMR,100k-250k,1958.0,2.0,285689.0
CMR,50k-100k,1958.0,4.0,270499.0
COD,100k-250k,1958.0,4.0,604048.0
COD,250k-500k,1958.0,2.0,700450.0
COD,50k-100k,1958.0,11.0,838834.0
COG,100k-250k,1958.0,2.0,453584.0
ERI,100k-250k,1958.0,1.0,168019.0
ERI,50k-100k,1958.0,1.0,98312.0
ETH,250k-500k,1958.0,1.0,448011.0
ETH,50k-100k,1958.0,4.0,271017.0
GHA,100k-250k,1958.0,1.0,212985.0
GHA,250k-500k,1958.0,1.0,438430.0
GHA,50k-100k,1958.0,1.0,92177.0
GIN,100k-250k,1958.0,1.0,156009.0
KEN,100k-250k,1958.0,1.0,204395.0
KEN,50k-100k,1958.0,1.0,89463.0
MDG,100k-250k,1958.0,1.0,142958.0
MLI,100k-250k,1958.0,1.0,151202.0
MOZ,100k-250k,1958.0,1.0,179787.0
MOZ,50k-100k,1958.0,2.0,130576.0
MUS,100k-250k,1958.0,1.0,246766.0
NGA,1-2.5 millions,1958.0,1.0,1097295.0
NGA,100k-250k,1958.0,14.0,1814493.0
NGA,250k-500k,1958.0,3.0,1103007.0
NGA,50k-100k,1958.0,24.0,1736818.0
SDN,250k-500k,1958.0,1.0,343287.0
SDN,50k-100k,1958.0,5.0,357472.0
SEN,100k-250k,1958.0,1.0,145716.0
SEN,250k-500k,1958.0,1.0,413630.0
SEN,50k-100k,1958.0,2.0,164111.0
SLE,100k-250k,1958.0,1.0,145467.0
SOM,100k-250k,1958.0,2.0,232566.0
SOM,50k-100k,1958.0,3.0,201634.0
SSA,1-2.5 millions,1958.0,1.0,1097295.0
SSA,100k-250k,1958.0,47.0,7173725.0
SSA,250k-500k,1958.0,10.0,3759634.0
SSA,500k-1 million,1958.0,3.0,1839750.0
SSA,50k-100k,1958.0,70.0,5178614.0
SSD,50k-100k,1958.0,1.0,98864.0
TCD,50k-100k,1958.0,2.0,153365.0
TGO,50k-100k,1958.0,1.0,75104.0
TZA,50k-100k,1958.0,1.0,92748.0
UGA,100k-250k,1958.0,1.0,237566.0
ZAF,100k-250k,1958.0,5.0,677231.0
ZAF,250k-500k,1958.0,1.0,312819.0
ZAF,500k-1 million,1958.0,2.0,1227413.0
ZWE,100k-250k,1958.0,2.0,356220.0
AFE,100k-250k,1959.0,22.0,3372523.0
AFE,250k-500k,1959.0,6.0,2142250.0
AFE,500k-1 million,1959.0,3.0,1887020.0
AFE,50k-100k,1959.0,32.0,2428837.0
AFW,1-2.5 millions,1959.0,1.0,1173258.0
AFW,100k-250k,1959.0,25.0,3817858.0
AFW,250k-500k,1959.0,6.0,2314928.0
AFW,50k-100k,1959.0,36.0,2756310.0
AGO,100k-250k,1959.0,2.0,233347.0
AGO,500k-1 million,1959.0,1.0,629332.0
AGO,50k-100k,1959.0,5.0,368507.0
BEN,100k-250k,1959.0,1.0,149598.0
BEN,50k-100k,1959.0,1.0,99565.0
BFA,50k-100k,1959.0,1.0,58917.0
CAF,100k-250k,1959.0,1.0,155621.0
CIV,250k-500k,1959.0,1.0,258476.0
CMR,100k-250k,1959.0,2.0,300556.0
CMR,50k-100k,1959.0,4.0,279026.0
COD,100k-250k,1959.0,4.0,637121.0
COD,250k-500k,1959.0,2.0,738857.0
COD,50k-100k,1959.0,11.0,871696.0
COG,100k-250k,1959.0,2.0,471333.0
ERI,100k-250k,1959.0,2.0,275481.0
ETH,250k-500k,1959.0,1.0,460667.0
ETH,50k-100k,1959.0,4.0,279989.0
GHA,100k-250k,1959.0,1.0,226369.0
GHA,250k-500k,1959.0,1.0,465981.0
GHA,50k-100k,1959.0,1.0,95814.0
GIN,100k-250k,1959.0,1.0,169402.0
KEN,100k-250k,1959.0,1.0,217241.0
KEN,50k-100k,1959.0,1.0,94050.0
MDG,100k-250k,1959.0,1.0,150284.0
MLI,100k-250k,1959.0,1.0,154641.0
MOZ,100k-250k,1959.0,1.0,188196.0
MOZ,50k-100k,1959.0,2.0,133080.0
MUS,250k-500k,1959.0,1.0,258185.99999999997
NGA,1-2.5 millions,1959.0,1.0,1173258.0
NGA,100k-250k,1959.0,14.0,1889843.0
NGA,250k-500k,1959.0,3.0,1150854.0
NGA,50k-100k,1959.0,24.0,1808083.0
SDN,250k-500k,1959.0,1.0,362889.0
SDN,50k-100k,1959.0,5.0,373626.0
SEN,100k-250k,1959.0,1.0,151707.0
SEN,250k-500k,1959.0,1.0,439617.0
SEN,50k-100k,1959.0,2.0,172394.0
SLE,100k-250k,1959.0,1.0,148788.0
SOM,100k-250k,1959.0,2.0,243811.0
SOM,50k-100k,1959.0,3.0,210383.0
SSA,1-2.5 millions,1959.0,1.0,1173258.0
SSA,100k-250k,1959.0,47.0,7190381.0
SSA,250k-500k,1959.0,12.0,4457178.0
SSA,500k-1 million,1959.0,3.0,1887020.0
SSA,50k-100k,1959.0,68.0,5185147.0
SSD,100k-250k,1959.0,1.0,102682.0
TCD,50k-100k,1959.0,2.0,161775.0
TGO,50k-100k,1959.0,1.0,80736.0
TZA,50k-100k,1959.0,1.0,97506.0
UGA,100k-250k,1959.0,1.0,246941.0
ZAF,100k-250k,1959.0,5.0,703504.0
ZAF,250k-500k,1959.0,1.0,321651.0
ZAF,500k-1 million,1959.0,2.0,1257688.0
ZWE,100k-250k,1959.0,2.0,373915.0
AFE,100k-250k,1960.0,23.0,3466661.0
AFE,250k-500k,1960.0,7.0,2489486.0
AFE,500k-1 million,1960.0,3.0,1934289.0
AFE,50k-100k,1960.0,48.0,3320285.0
AFW,1-2.5 millions,1960.0,1.0,1249222.0
AFW,100k-250k,1960.0,25.0,3834556.0
AFW,250k-500k,1960.0,6.0,2432887.0
AFW,50k-100k,1960.0,57.0,3985023.0
AGO,100k-250k,1960.0,2.0,239649.0
AGO,500k-1 million,1960.0,1.0,646327.0
AGO,50k-100k,1960.0,8.0,540253.0
BEN,100k-250k,1960.0,2.0,262410.0
BFA,50k-100k,1960.0,1.0,60568.0
CAF,100k-250k,1960.0,1.0,162500.0
CIV,250k-500k,1960.0,1.0,275050.0
CIV,50k-100k,1960.0,1.0,57107.0
CMR,100k-250k,1960.0,2.0,315422.0
CMR,50k-100k,1960.0,7.0,462114.0
COD,100k-250k,1960.0,5.0,772620.0
COD,250k-500k,1960.0,2.0,777264.0
COD,50k-100k,1960.0,17.0,1226856.0
COG,100k-250k,1960.0,1.0,238595.0
ERI,100k-250k,1960.0,2.0,284631.0
ETH,250k-500k,1960.0,1.0,473324.0
ETH,50k-100k,1960.0,7.0,457455.0
GHA,100k-250k,1960.0,1.0,239752.0
GHA,250k-500k,1960.0,1.0,493531.0
GHA,50k-100k,1960.0,1.0,99451.0
GIN,100k-250k,1960.0,1.0,182795.0
KEN,100k-250k,1960.0,1.0,230087.0
KEN,50k-100k,1960.0,1.0,98637.0
MDG,100k-250k,1960.0,1.0,157610.0
MLI,100k-250k,1960.0,1.0,158081.0
MOZ,100k-250k,1960.0,1.0,196606.0
MOZ,50k-100k,1960.0,3.0,187970.0
MUS,250k-500k,1960.0,1.0,269607.0
NER,50k-100k,1960.0,2.0,119656.0
NGA,1-2.5 millions,1960.0,1.0,1249222.0
NGA,100k-250k,1960.0,14.0,1965194.0
NGA,250k-500k,1960.0,3.0,1198701.0
NGA,50k-100k,1960.0,37.0,2587359.0
SDN,100k-250k,1960.0,1.0,102515.0
SDN,250k-500k,1960.0,1.0,382491.0
SDN,50k-100k,1960.0,5.0,343913.0
SEN,100k-250k,1960.0,1.0,157698.0
SEN,250k-500k,1960.0,1.0,465605.0
SEN,50k-100k,1960.0,3.0,235985.0
SLE,100k-250k,1960.0,1.0,152109.0
SLE,50k-100k,1960.0,1.0,55040.0
SOM,100k-250k,1960.0,2.0,255056.0
SOM,50k-100k,1960.0,3.0,219131.0
SSA,1-2.5 millions,1960.0,1.0,1249222.0
SSA,100k-250k,1960.0,48.0,7301217.0
SSA,250k-500k,1960.0,13.0,4922373.0
SSA,500k-1 million,1960.0,3.0,1934289.0
SSA,50k-100k,1960.0,105.0,7305308.0
SSD,100k-250k,1960.0,1.0,106500.0
TCD,50k-100k,1960.0,3.0,221375.0
TGO,50k-100k,1960.0,1.0,86368.0
TZA,50k-100k,1960.0,1.0,54435.0
UGA,250k-500k,1960.0,1.0,256315.99999999997
ZAF,100k-250k,1960.0,5.0,729778.0
ZAF,250k-500k,1960.0,1.0,330484.0
ZAF,500k-1 million,1960.0,2.0,1287962.0
ZAF,50k-100k,1960.0,1.0,58480.0
ZMB,50k-100k,1960.0,2.0,133155.0
ZWE,100k-250k,1960.0,2.0,391609.0
AFE,100k-250k,1961.0,26.0,3660344.0
AFE,250k-500k,1961.0,9.0,3157087.0
AFE,500k-1 million,1961.0,3.0,2000190.0
AFE,50k-100k,1961.0,44.0,3076895.0
AFW,1-2.5 millions,1961.0,1.0,1336504.0
AFW,100k-250k,1961.0,27.0,4085960.0
AFW,250k-500k,1961.0,6.0,2062779.0
AFW,500k-1 million,1961.0,1.0,512332.0
AFW,50k-100k,1961.0,54.0,3850652.0
AGO,100k-250k,1961.0,2.0,244754.0
AGO,500k-1 million,1961.0,1.0,660095.0
AGO,50k-100k,1961.0,8.0,554305.0
BEN,100k-250k,1961.0,2.0,278219.0
BFA,50k-100k,1961.0,1.0,63332.0
CAF,100k-250k,1961.0,1.0,173882.0
CIV,250k-500k,1961.0,1.0,303552.0
CIV,50k-100k,1961.0,1.0,63577.0
CMR,100k-250k,1961.0,2.0,334972.0
CMR,50k-100k,1961.0,7.0,482340.0
COD,100k-250k,1961.0,6.0,764893.0
COD,250k-500k,1961.0,3.0,1100602.0
COD,50k-100k,1961.0,15.0,1095732.0
COG,250k-500k,1961.0,2.0,515207.0
ERI,100k-250k,1961.0,2.0,297552.0
ETH,100k-250k,1961.0,1.0,103404.0
ETH,250k-500k,1961.0,1.0,490999.0
ETH,50k-100k,1961.0,6.0,376070.0
GHA,100k-250k,1961.0,2.0,353656.0
GHA,500k-1 million,1961.0,1.0,512332.0
GIN,100k-250k,1961.0,1.0,203928.0
KEN,100k-250k,1961.0,2.0,353019.0
MDG,100k-250k,1961.0,1.0,163470.0
MLI,100k-250k,1961.0,1.0,163071.0
MOZ,100k-250k,1961.0,1.0,210344.0
MOZ,50k-100k,1961.0,3.0,193295.0
MUS,250k-500k,1961.0,1.0,280138.0
NER,50k-100k,1961.0,2.0,128424.0
NGA,1-2.5 millions,1961.0,1.0,1336504.0
NGA,100k-250k,1961.0,16.0,2254025.0
NGA,250k-500k,1961.0,2.0,753964.0
NGA,50k-100k,1961.0,35.0,2483976.0
SDN,100k-250k,1961.0,1.0,106333.0
SDN,250k-500k,1961.0,1.0,405685.0
SDN,50k-100k,1961.0,5.0,364920.0
SEN,100k-250k,1961.0,1.0,165145.0
SEN,250k-500k,1961.0,1.0,490056.0
SEN,50k-100k,1961.0,3.0,246015.0
SLE,100k-250k,1961.0,1.0,159062.0
SLE,50k-100k,1961.0,1.0,57114.0
SOM,100k-250k,1961.0,2.0,272805.0
SOM,50k-100k,1961.0,3.0,230052.0
SSA,1-2.5 millions,1961.0,1.0,1336504.0
SSA,100k-250k,1961.0,53.0,7746304.0
SSA,250k-500k,1961.0,15.0,5219866.0
SSA,500k-1 million,1961.0,4.0,2512522.0
SSA,50k-100k,1961.0,98.0,6927547.0
SSD,100k-250k,1961.0,1.0,111231.0
TCD,50k-100k,1961.0,3.0,233456.0
TGO,50k-100k,1961.0,1.0,92418.0
TZA,100k-250k,1961.0,1.0,109317.0
TZA,50k-100k,1961.0,1.0,56065.0
UGA,250k-500k,1961.0,1.0,278439.0
ZAF,100k-250k,1961.0,5.0,767066.0
ZAF,250k-500k,1961.0,1.0,342822.0
ZAF,500k-1 million,1961.0,2.0,1340095.0
ZAF,50k-100k,1961.0,1.0,62527.0
ZMB,50k-100k,1961.0,2.0,143929.0
ZWE,100k-250k,1961.0,1.0,156156.0
ZWE,250k-500k,1961.0,1.0,258402.0
AFE,100k-250k,1962.0,24.0,3332543.0
AFE,250k-500k,1962.0,10.0,3341988.0
AFE,500k-1 million,1962.0,3.0,2066091.0
AFE,50k-100k,1962.0,44.0,3226753.0
AFW,1-2.5 millions,1962.0,1.0,1423787.0
AFW,100k-250k,1962.0,29.0,4335139.0
AFW,250k-500k,1962.0,6.0,1928120.0
AFW,500k-1 million,1962.0,3.0,1563087.0
AFW,50k-100k,1962.0,51.0,3699088.0
AGO,100k-250k,1962.0,2.0,249858.0
AGO,500k-1 million,1962.0,1.0,673862.0
AGO,50k-100k,1962.0,8.0,568356.0
BEN,100k-250k,1962.0,2.0,294028.0
BFA,50k-100k,1962.0,1.0,66095.0
CAF,100k-250k,1962.0,1.0,185265.0
CIV,250k-500k,1962.0,1.0,332054.0
CIV,50k-100k,1962.0,1.0,70047.0
CMR,100k-250k,1962.0,2.0,354523.0
CMR,50k-100k,1962.0,7.0,502567.0
COD,100k-250k,1962.0,6.0,808799.0
COD,250k-500k,1962.0,3.0,1175995.0
COD,50k-100k,1962.0,15.0,1160919.0
COG,250k-500k,1962.0,2.0,541332.0
ERI,100k-250k,1962.0,2.0,310474.0
ETH,100k-250k,1962.0,1.0,108508.0
ETH,50k-100k,1962.0,6.0,392986.0
GHA,100k-250k,1962.0,1.0,110091.0
GHA,250k-500k,1962.0,1.0,258017.99999999997
GHA,500k-1 million,1962.0,1.0,531132.0
GIN,100k-250k,1962.0,1.0,225062.0
KEN,100k-250k,1962.0,1.0,112039.0
KEN,250k-500k,1962.0,1.0,265274.0
MDG,100k-250k,1962.0,1.0,169330.0
MLI,100k-250k,1962.0,1.0,168061.0
MOZ,100k-250k,1962.0,1.0,224083.0
MOZ,50k-100k,1962.0,3.0,198619.0
MUS,250k-500k,1962.0,1.0,290670.0
NER,50k-100k,1962.0,2.0,137192.0
NGA,1-2.5 millions,1962.0,1.0,1423787.0
NGA,100k-250k,1962.0,17.0,2454490.0
NGA,250k-500k,1962.0,2.0,796716.0
NGA,500k-1 million,1962.0,1.0,517448.99999999994
NGA,50k-100k,1962.0,34.0,2468959.0
SDN,100k-250k,1962.0,1.0,110152.0
SDN,250k-500k,1962.0,1.0,428878.0
SDN,50k-100k,1962.0,5.0,385927.0
SEN,100k-250k,1962.0,2.0,273897.0
SEN,500k-1 million,1962.0,1.0,514506.0
SEN,50k-100k,1962.0,2.0,154741.0
SLE,100k-250k,1962.0,1.0,166014.0
SLE,50k-100k,1962.0,1.0,59189.0
SOM,100k-250k,1962.0,2.0,290554.0
SOM,50k-100k,1962.0,3.0,240973.0
SSA,1-2.5 millions,1962.0,1.0,1423787.0
SSA,100k-250k,1962.0,53.0,7667682.0
SSA,250k-500k,1962.0,16.0,5270108.0
SSA,500k-1 million,1962.0,6.0,3629178.0
SSA,50k-100k,1962.0,95.0,6925841.0
SSD,100k-250k,1962.0,1.0,115963.0
TCD,100k-250k,1962.0,1.0,103708.0
TCD,50k-100k,1962.0,2.0,141829.0
TGO,50k-100k,1962.0,1.0,98469.0
TZA,100k-250k,1962.0,1.0,116369.0
TZA,50k-100k,1962.0,1.0,57696.0
UGA,250k-500k,1962.0,1.0,300562.0
ZAF,100k-250k,1962.0,4.0,550200.0
ZAF,250k-500k,1962.0,2.0,609315.0
ZAF,500k-1 million,1962.0,2.0,1392229.0
ZAF,50k-100k,1962.0,1.0,66575.0
ZMB,50k-100k,1962.0,2.0,154702.0
ZWE,100k-250k,1962.0,1.0,166214.0
ZWE,250k-500k,1962.0,1.0,271294.0
AFE,100k-250k,1963.0,28.0,3909998.0
AFE,250k-500k,1963.0,10.0,3524881.0
AFE,500k-1 million,1963.0,4.0,2658338.0
AFE,50k-100k,1963.0,40.0,2964361.0
AFW,1-2.5 millions,1963.0,1.0,1511069.0
AFW,100k-250k,1963.0,32.0,4851248.0
AFW,250k-500k,1963.0,6.0,2034631.0
AFW,500k-1 million,1963.0,3.0,1621319.0
AFW,50k-100k,1963.0,48.0,3529474.0
AGO,100k-250k,1963.0,3.0,355726.0
AGO,500k-1 million,1963.0,1.0,687629.0
AGO,50k-100k,1963.0,7.0,481645.0
BEN,100k-250k,1963.0,2.0,309837.0
BFA,50k-100k,1963.0,1.0,68859.0
CAF,100k-250k,1963.0,1.0,196648.0
CIV,250k-500k,1963.0,1.0,360556.0
CIV,50k-100k,1963.0,1.0,76516.0
CMR,100k-250k,1963.0,2.0,374073.0
CMR,50k-100k,1963.0,7.0,522793.0
COD,100k-250k,1963.0,8.0,1060758.0
COD,250k-500k,1963.0,3.0,1251389.0
COD,50k-100k,1963.0,13.0,1018052.0
COG,250k-500k,1963.0,2.0,567457.0
ERI,100k-250k,1963.0,2.0,323396.0
ETH,100k-250k,1963.0,1.0,113611.0
ETH,500k-1 million,1963.0,1.0,526347.0
ETH,50k-100k,1963.0,6.0,409903.0
GHA,100k-250k,1963.0,1.0,115411.0
GHA,250k-500k,1963.0,1.0,267151.0
GHA,500k-1 million,1963.0,1.0,549932.0
GIN,100k-250k,1963.0,1.0,246196.0
KEN,100k-250k,1963.0,1.0,118740.0
KEN,250k-500k,1963.0,1.0,282868.0
MDG,100k-250k,1963.0,1.0,175190.0
MLI,100k-250k,1963.0,1.0,173051.0
MOZ,100k-250k,1963.0,1.0,237822.0
MOZ,50k-100k,1963.0,3.0,203943.0
MUS,250k-500k,1963.0,1.0,301201.0
NER,50k-100k,1963.0,2.0,145960.0
NGA,1-2.5 millions,1963.0,1.0,1511069.0
NGA,100k-250k,1963.0,19.0,2762304.0
NGA,250k-500k,1963.0,2.0,839467.0
NGA,500k-1 million,1963.0,1.0,532430.0
NGA,50k-100k,1963.0,32.0,2346593.0
SDN,100k-250k,1963.0,1.0,113971.0
SDN,250k-500k,1963.0,1.0,452071.0
SDN,50k-100k,1963.0,5.0,406935.0
SEN,100k-250k,1963.0,2.0,285503.0
SEN,500k-1 million,1963.0,1.0,538957.0
SEN,50k-100k,1963.0,2.0,160612.0
SLE,100k-250k,1963.0,1.0,172966.0
SLE,50k-100k,1963.0,1.0,61263.0
SOM,100k-250k,1963.0,3.0,411737.0
SOM,50k-100k,1963.0,2.0,148458.0
SSA,1-2.5 millions,1963.0,1.0,1511069.0
SSA,100k-250k,1963.0,60.0,8761246.0
SSA,250k-500k,1963.0,16.0,5559512.0
SSA,500k-1 million,1963.0,7.0,4279657.0
SSA,50k-100k,1963.0,88.0,6493835.0
SSD,100k-250k,1963.0,1.0,120695.0
TCD,100k-250k,1963.0,1.0,110740.0
TCD,50k-100k,1963.0,2.0,146878.0
TGO,100k-250k,1963.0,1.0,104519.0
TZA,100k-250k,1963.0,1.0,123421.0
TZA,50k-100k,1963.0,1.0,59326.0
UGA,250k-500k,1963.0,1.0,322684.0
ZAF,100k-250k,1963.0,4.0,578659.0
ZAF,250k-500k,1963.0,2.0,630482.0
ZAF,500k-1 million,1963.0,2.0,1444362.0
ZAF,50k-100k,1963.0,1.0,70623.0
ZMB,50k-100k,1963.0,2.0,165476.0
ZWE,100k-250k,1963.0,1.0,176272.0
ZWE,250k-500k,1963.0,1.0,284186.0
AFE,100k-250k,1964.0,28.0,3950685.0
AFE,250k-500k,1964.0,8.0,2676101.0
AFE,500k-1 million,1964.0,6.0,3773588.0
AFE,50k-100k,1964.0,38.0,2884482.0
AFW,1-2.5 millions,1964.0,1.0,1598352.0
AFW,100k-250k,1964.0,33.0,5006592.0
AFW,250k-500k,1964.0,6.0,1894604.0
AFW,500k-1 million,1964.0,4.0,2193419.0
AFW,50k-100k,1964.0,46.0,3453298.0
AGO,100k-250k,1964.0,3.0,364344.0
AGO,500k-1 million,1964.0,1.0,701396.0
AGO,50k-100k,1964.0,7.0,492184.0
BEN,100k-250k,1964.0,2.0,325646.0
BFA,50k-100k,1964.0,1.0,71622.0
CAF,100k-250k,1964.0,1.0,208031.0
CIV,250k-500k,1964.0,1.0,389058.0
CIV,50k-100k,1964.0,1.0,82986.0
CMR,100k-250k,1964.0,2.0,393624.0
CMR,50k-100k,1964.0,7.0,543019.0
COD,100k-250k,1964.0,9.0,1223711.0
COD,250k-500k,1964.0,1.0,295108.0
COD,500k-1 million,1964.0,2.0,1031674.0
COD,50k-100k,1964.0,12.0,964192.0
COG,250k-500k,1964.0,2.0,593582.0
ERI,100k-250k,1964.0,2.0,336317.0
ETH,100k-250k,1964.0,1.0,118714.0
ETH,500k-1 million,1964.0,1.0,544022.0
ETH,50k-100k,1964.0,6.0,426819.0
GHA,100k-250k,1964.0,1.0,120731.0
GHA,250k-500k,1964.0,1.0,276284.0
GHA,500k-1 million,1964.0,1.0,568732.0
GIN,250k-500k,1964.0,1.0,267330.0
KEN,100k-250k,1964.0,1.0,125441.0
KEN,250k-500k,1964.0,1.0,300462.0
MDG,100k-250k,1964.0,1.0,181050.0
MLI,100k-250k,1964.0,1.0,178041.0
MOZ,50k-100k,1964.0,3.0,209267.0
MUS,250k-500k,1964.0,1.0,311733.0
NER,50k-100k,1964.0,2.0,154727.0
NGA,1-2.5 millions,1964.0,1.0,1598352.0
NGA,100k-250k,1964.0,20.0,2974420.0
NGA,250k-500k,1964.0,1.0,368350.0
NGA,500k-1 million,1964.0,2.0,1061279.0
NGA,50k-100k,1964.0,31.0,2319924.0
SDN,100k-250k,1964.0,1.0,117789.0
SDN,250k-500k,1964.0,1.0,475264.0
SDN,50k-100k,1964.0,5.0,427942.0
SEN,100k-250k,1964.0,3.0,397838.0
SEN,500k-1 million,1964.0,1.0,563408.0
SEN,50k-100k,1964.0,1.0,65755.0
SLE,100k-250k,1964.0,1.0,179919.0
SLE,50k-100k,1964.0,1.0,63338.0
SOM,100k-250k,1964.0,3.0,433970.0
SOM,50k-100k,1964.0,2.0,154895.0
SSA,1-2.5 millions,1964.0,1.0,1598352.0
SSA,100k-250k,1964.0,61.0,8957277.0
SSA,250k-500k,1964.0,14.0,4570705.0
SSA,500k-1 million,1964.0,10.0,5967007.0
SSA,50k-100k,1964.0,84.0,6337780.0
SSD,100k-250k,1964.0,1.0,125427.0
TCD,100k-250k,1964.0,1.0,117772.0
TCD,50k-100k,1964.0,2.0,151927.0
TGO,100k-250k,1964.0,1.0,110570.0
TZA,100k-250k,1964.0,1.0,130473.99999999999
TZA,50k-100k,1964.0,1.0,60957.0
UGA,250k-500k,1964.0,1.0,344807.0
ZAF,100k-250k,1964.0,4.0,607118.0
ZAF,250k-500k,1964.0,2.0,651650.0
ZAF,500k-1 million,1964.0,2.0,1496496.0
ZAF,50k-100k,1964.0,1.0,74671.0
ZMB,50k-100k,1964.0,1.0,73555.0
ZWE,100k-250k,1964.0,1.0,186330.0
ZWE,250k-500k,1964.0,1.0,297077.0
AFE,100k-250k,1965.0,32.0,4547871.0
AFE,250k-500k,1965.0,9.0,3060692.0
AFE,500k-1 million,1965.0,6.0,3920765.0
AFE,50k-100k,1965.0,69.0,4589324.0
AFW,1-2.5 millions,1965.0,1.0,1685634.0
AFW,100k-250k,1965.0,34.0,5313762.0
AFW,250k-500k,1965.0,6.0,1999611.0
AFW,500k-1 million,1965.0,4.0,2274287.0
AFW,50k-100k,1965.0,68.0,4748775.0
AGO,100k-250k,1965.0,3.0,372961.0
AGO,500k-1 million,1965.0,1.0,715163.0
AGO,50k-100k,1965.0,8.0,554898.0
BEN,100k-250k,1965.0,2.0,341455.0
BFA,50k-100k,1965.0,1.0,74386.0
CAF,100k-250k,1965.0,1.0,219414.0
CIV,250k-500k,1965.0,1.0,417560.0
CIV,50k-100k,1965.0,2.0,149079.0
CMR,100k-250k,1965.0,2.0,413174.0
CMR,50k-100k,1965.0,8.0,614321.0
COD,100k-250k,1965.0,10.0,1392091.0
COD,250k-500k,1965.0,1.0,306899.0
COD,500k-1 million,1965.0,2.0,1095276.0
COD,50k-100k,1965.0,15.0,1137949.0
COG,250k-500k,1965.0,2.0,619707.0
ERI,100k-250k,1965.0,2.0,349239.0
ERI,50k-100k,1965.0,1.0,51915.0
ETH,100k-250k,1965.0,1.0,123818.0
ETH,500k-1 million,1965.0,1.0,561696.0
ETH,50k-100k,1965.0,13.0,824206.0
GHA,100k-250k,1965.0,1.0,126051.0
GHA,250k-500k,1965.0,1.0,285417.0
GHA,500k-1 million,1965.0,1.0,587532.0
GHA,50k-100k,1965.0,2.0,112373.0
GIN,250k-500k,1965.0,1.0,288463.0
KEN,100k-250k,1965.0,1.0,132142.0
KEN,250k-500k,1965.0,1.0,318055.0
MDG,100k-250k,1965.0,1.0,186911.0
MLI,100k-250k,1965.0,1.0,183031.0
MOZ,250k-500k,1965.0,1.0,265300.0
MOZ,50k-100k,1965.0,5.0,323959.0
MUS,250k-500k,1965.0,1.0,322264.0
NER,50k-100k,1965.0,3.0,226798.0
NGA,1-2.5 millions,1965.0,1.0,1685634.0
NGA,100k-250k,1965.0,21.0,3189638.0
NGA,250k-500k,1965.0,1.0,388464.0
NGA,500k-1 million,1965.0,2.0,1098896.0
NGA,50k-100k,1965.0,43.0,3001565.0
SDN,100k-250k,1965.0,3.0,324583.0
SDN,250k-500k,1965.0,1.0,498458.0
SDN,50k-100k,1965.0,13.0,807301.0
SEN,100k-250k,1965.0,3.0,412704.0
SEN,500k-1 million,1965.0,1.0,587859.0
SEN,50k-100k,1965.0,4.0,243994.0
SLE,100k-250k,1965.0,1.0,186871.0
SLE,50k-100k,1965.0,3.0,169283.0
SOM,100k-250k,1965.0,3.0,456203.0
SOM,50k-100k,1965.0,5.0,336834.0
SSA,1-2.5 millions,1965.0,1.0,1685634.0
SSA,100k-250k,1965.0,66.0,9861633.0
SSA,250k-500k,1965.0,15.0,5060303.0
SSA,500k-1 million,1965.0,10.0,6195052.0
SSA,50k-100k,1965.0,137.0,9338099.0
SSD,100k-250k,1965.0,1.0,130158.99999999999
SSD,50k-100k,1965.0,1.0,56386.0
TCD,100k-250k,1965.0,1.0,124804.0
TCD,50k-100k,1965.0,2.0,156976.0
TGO,100k-250k,1965.0,1.0,116620.0
TZA,100k-250k,1965.0,1.0,137526.0
TZA,50k-100k,1965.0,1.0,62587.0
UGA,250k-500k,1965.0,1.0,366929.0
ZAF,100k-250k,1965.0,4.0,635576.0
ZAF,250k-500k,1965.0,2.0,672818.0
ZAF,500k-1 million,1965.0,2.0,1548630.0
ZAF,50k-100k,1965.0,5.0,306496.0
ZMB,100k-250k,1965.0,1.0,110275.0
ZMB,50k-100k,1965.0,2.0,126793.0
ZWE,100k-250k,1965.0,1.0,196387.0
ZWE,250k-500k,1965.0,1.0,309969.0
AFE,100k-250k,1966.0,36.0,5234663.0
AFE,250k-500k,1966.0,8.0,2700625.0
AFE,500k-1 million,1966.0,7.0,4633030.0
AFE,50k-100k,1966.0,66.0,4466604.0
AFW,1-2.5 millions,1966.0,1.0,1749730.0
AFW,100k-250k,1966.0,36.0,5778759.0
AFW,250k-500k,1966.0,6.0,2158277.0
AFW,500k-1 million,1966.0,4.0,2369845.0
AFW,50k-100k,1966.0,69.0,4896710.0
AGO,100k-250k,1966.0,4.0,482474.0
AGO,500k-1 million,1966.0,1.0,730370.0
AGO,50k-100k,1966.0,7.0,467367.0
BDI,50k-100k,1966.0,1.0,53594.0
BEN,100k-250k,1966.0,2.0,359455.0
BFA,50k-100k,1966.0,1.0,77780.0
CAF,100k-250k,1966.0,1.0,232943.0
CIV,250k-500k,1966.0,1.0,464869.0
CIV,50k-100k,1966.0,2.0,159466.0
CMR,100k-250k,1966.0,2.0,445903.0
CMR,50k-100k,1966.0,8.0,641417.0
COD,100k-250k,1966.0,13.0,1801237.0
COD,250k-500k,1966.0,1.0,322740.0
COD,500k-1 million,1966.0,2.0,1175638.0
COD,50k-100k,1966.0,12.0,895175.0
COG,250k-500k,1966.0,2.0,654217.0
COG,50k-100k,1966.0,1.0,53808.0
ERI,100k-250k,1966.0,2.0,363084.0
ERI,50k-100k,1966.0,1.0,54011.0
ETH,100k-250k,1966.0,1.0,130537.0
ETH,500k-1 million,1966.0,1.0,586911.0
ETH,50k-100k,1966.0,13.0,866684.0
GHA,100k-250k,1966.0,1.0,133814.0
GHA,250k-500k,1966.0,1.0,298458.0
GHA,500k-1 million,1966.0,1.0,614377.0
GHA,50k-100k,1966.0,2.0,118955.0
GIN,250k-500k,1966.0,1.0,321812.0
GMB,50k-100k,1966.0,1.0,53826.0
KEN,100k-250k,1966.0,1.0,140031.0
KEN,250k-500k,1966.0,1.0,339673.0
MDG,100k-250k,1966.0,1.0,195274.0
MLI,100k-250k,1966.0,1.0,194293.0
MOZ,250k-500k,1966.0,1.0,283844.0
MOZ,50k-100k,1966.0,5.0,335927.0
MUS,250k-500k,1966.0,1.0,334812.0
NER,50k-100k,1966.0,3.0,241811.0
NGA,1-2.5 millions,1966.0,1.0,1749730.0
NGA,100k-250k,1966.0,23.0,3526680.0
NGA,250k-500k,1966.0,1.0,418921.0
NGA,500k-1 million,1966.0,2.0,1136741.0
NGA,50k-100k,1966.0,41.0,2899313.0
SDN,100k-250k,1966.0,3.0,342140.0
SDN,500k-1 million,1966.0,1.0,528697.0
SDN,50k-100k,1966.0,13.0,858819.0
SEN,100k-250k,1966.0,3.0,430264.0
SEN,500k-1 million,1966.0,1.0,618727.0
SEN,50k-100k,1966.0,4.0,255620.0
SLE,100k-250k,1966.0,1.0,198377.0
SLE,50k-100k,1966.0,3.0,176215.0
SOM,100k-250k,1966.0,3.0,491182.0
SOM,50k-100k,1966.0,5.0,353279.0
SSA,1-2.5 millions,1966.0,1.0,1749730.0
SSA,100k-250k,1966.0,72.0,11013422.0
SSA,250k-500k,1966.0,14.0,4858902.0
SSA,500k-1 million,1966.0,11.0,7002875.0
SSA,50k-100k,1966.0,135.0,9363314.0
SSD,100k-250k,1966.0,1.0,134835.0
SSD,50k-100k,1966.0,1.0,58412.0
TCD,100k-250k,1966.0,1.0,132482.0
TCD,50k-100k,1966.0,2.0,162914.0
TGO,100k-250k,1966.0,1.0,124548.0
TGO,50k-100k,1966.0,1.0,55585.0
TZA,100k-250k,1966.0,1.0,149406.0
TZA,50k-100k,1966.0,1.0,64922.0
UGA,250k-500k,1966.0,1.0,395368.0
ZAF,100k-250k,1966.0,4.0,674358.0
ZAF,250k-500k,1966.0,2.0,697941.0
ZAF,500k-1 million,1966.0,2.0,1611414.0
ZAF,50k-100k,1966.0,5.0,324315.0
ZMB,100k-250k,1966.0,1.0,121826.0
ZMB,50k-100k,1966.0,2.0,134099.0
ZWE,100k-250k,1966.0,1.0,208279.0
ZWE,250k-500k,1966.0,1.0,326247.0
AFE,100k-250k,1967.0,38.0,5744403.0
AFE,250k-500k,1967.0,8.0,2839018.0
AFE,500k-1 million,1967.0,7.0,4846836.0
AFE,50k-100k,1967.0,64.0,4470061.0
AFW,1-2.5 millions,1967.0,1.0,1813825.0
AFW,100k-250k,1967.0,38.0,5948139.0
AFW,250k-500k,1967.0,7.0,2320216.0
AFW,500k-1 million,1967.0,4.0,2465403.0
AFW,50k-100k,1967.0,64.0,4569118.0
AGO,100k-250k,1967.0,4.0,493606.0
AGO,500k-1 million,1967.0,1.0,745576.0
AGO,50k-100k,1967.0,7.0,478215.0
BDI,50k-100k,1967.0,1.0,56313.0
BEN,100k-250k,1967.0,2.0,377456.0
BFA,50k-100k,1967.0,1.0,81175.0
CAF,100k-250k,1967.0,1.0,246473.0
CIV,50k-100k,1967.0,1.0,66730.0
CMR,100k-250k,1967.0,2.0,325871.0
CMR,250k-500k,1967.0,1.0,260035.00000000003
CMR,50k-100k,1967.0,7.0,561240.0
COD,100k-250k,1967.0,15.0,2131708.0
COD,250k-500k,1967.0,1.0,338582.0
COD,500k-1 million,1967.0,2.0,1255999.0
COD,50k-100k,1967.0,10.0,731075.0
COG,250k-500k,1967.0,2.0,688728.0
COG,50k-100k,1967.0,1.0,56511.0
ERI,100k-250k,1967.0,2.0,376930.0
ERI,50k-100k,1967.0,1.0,56107.0
ETH,100k-250k,1967.0,1.0,137257.0
ETH,500k-1 million,1967.0,1.0,612126.0
ETH,50k-100k,1967.0,13.0,909163.0
GHA,100k-250k,1967.0,1.0,141576.0
GHA,250k-500k,1967.0,1.0,311499.0
GHA,500k-1 million,1967.0,1.0,641222.0
GHA,50k-100k,1967.0,2.0,125537.0
GIN,250k-500k,1967.0,1.0,355162.0
GMB,50k-100k,1967.0,1.0,57499.0
KEN,100k-250k,1967.0,1.0,147920.0
KEN,250k-500k,1967.0,1.0,361291.0
MDG,100k-250k,1967.0,1.0,203638.0
MLI,100k-250k,1967.0,1.0,205555.0
MOZ,250k-500k,1967.0,1.0,302388.0
MOZ,50k-100k,1967.0,5.0,347894.0
MUS,250k-500k,1967.0,1.0,347360.0
NER,50k-100k,1967.0,3.0,256825.0
NGA,1-2.5 millions,1967.0,1.0,1813825.0
NGA,100k-250k,1967.0,24.0,3617702.0
NGA,250k-500k,1967.0,2.0,704792.0
NGA,500k-1 million,1967.0,2.0,1174586.0
NGA,50k-100k,1967.0,39.0,2787666.0
SDN,100k-250k,1967.0,3.0,359698.0
SDN,500k-1 million,1967.0,1.0,558937.0
SDN,50k-100k,1967.0,13.0,910337.0
SEN,100k-250k,1967.0,3.0,447823.0
SEN,500k-1 million,1967.0,1.0,649595.0
SEN,50k-100k,1967.0,4.0,267245.0
SLE,100k-250k,1967.0,1.0,209883.0
SLE,50k-100k,1967.0,3.0,183146.0
SOM,100k-250k,1967.0,3.0,526161.0
SOM,50k-100k,1967.0,5.0,369724.0
SSA,1-2.5 millions,1967.0,1.0,1813825.0
SSA,100k-250k,1967.0,76.0,11692542.0
SSA,250k-500k,1967.0,15.0,5159234.0
SSA,500k-1 million,1967.0,11.0,7312239.0
SSA,50k-100k,1967.0,128.0,9039179.0
SSD,100k-250k,1967.0,1.0,139511.0
SSD,50k-100k,1967.0,1.0,60438.0
TCD,100k-250k,1967.0,2.0,243324.0
TCD,50k-100k,1967.0,1.0,65687.0
TGO,100k-250k,1967.0,1.0,132476.0
TGO,50k-100k,1967.0,1.0,59857.0
TZA,100k-250k,1967.0,1.0,161287.0
TZA,50k-100k,1967.0,1.0,67256.0
UGA,250k-500k,1967.0,1.0,423807.0
ZAF,100k-250k,1967.0,4.0,713139.0
ZAF,250k-500k,1967.0,2.0,723065.0
ZAF,500k-1 million,1967.0,2.0,1674198.0
ZAF,50k-100k,1967.0,5.0,342134.0
ZMB,100k-250k,1967.0,1.0,133377.0
ZMB,50k-100k,1967.0,2.0,141405.0
ZWE,100k-250k,1967.0,1.0,220171.0
ZWE,250k-500k,1967.0,1.0,342525.0
AFE,100k-250k,1968.0,39.0,6000092.0
AFE,250k-500k,1968.0,9.0,3237252.0
AFE,500k-1 million,1968.0,7.0,5060644.0
AFE,50k-100k,1968.0,62.0,4467723.0
AFW,1-2.5 millions,1968.0,1.0,1877920.0
AFW,100k-250k,1968.0,38.0,5755561.0
AFW,250k-500k,1968.0,9.0,2978552.0
AFW,500k-1 million,1968.0,5.0,3120450.0
AFW,50k-100k,1968.0,62.0,4525841.0
AGO,100k-250k,1968.0,4.0,504739.0
AGO,500k-1 million,1968.0,1.0,760783.0
AGO,50k-100k,1968.0,7.0,489064.0
BDI,50k-100k,1968.0,1.0,59033.0
BEN,100k-250k,1968.0,1.0,143093.0
BFA,50k-100k,1968.0,1.0,84569.0
CAF,250k-500k,1968.0,1.0,260003.0
CIV,100k-250k,1968.0,1.0,109956.0
CIV,500k-1 million,1968.0,1.0,559487.0
CIV,50k-100k,1968.0,1.0,70284.0
CMR,100k-250k,1968.0,2.0,346545.0
CMR,250k-500k,1968.0,1.0,279365.0
CMR,50k-100k,1968.0,7.0,581062.0
COD,100k-250k,1968.0,14.0,2004459.0
COD,250k-500k,1968.0,2.0,614268.0
COD,500k-1 million,1968.0,2.0,1336360.0
COD,50k-100k,1968.0,10.0,764849.0
COG,250k-500k,1968.0,2.0,723238.0
COG,50k-100k,1968.0,1.0,59215.0
ERI,100k-250k,1968.0,2.0,390775.0
ERI,50k-100k,1968.0,1.0,58203.0
ETH,100k-250k,1968.0,2.0,244007.0
ETH,500k-1 million,1968.0,1.0,637341.0
ETH,50k-100k,1968.0,12.0,851611.0
GHA,100k-250k,1968.0,1.0,149339.0
GHA,250k-500k,1968.0,1.0,324540.0
GHA,500k-1 million,1968.0,1.0,668068.0
GHA,50k-100k,1968.0,2.0,132120.0
GIN,250k-500k,1968.0,1.0,388511.0
GMB,50k-100k,1968.0,1.0,61172.0
KEN,100k-250k,1968.0,1.0,155809.0
KEN,250k-500k,1968.0,1.0,382909.0
MDG,100k-250k,1968.0,1.0,212001.0
MLI,100k-250k,1968.0,1.0,216818.0
MOZ,250k-500k,1968.0,1.0,320931.0
MOZ,50k-100k,1968.0,5.0,359862.0
MUS,250k-500k,1968.0,1.0,359907.0
NER,100k-250k,1968.0,1.0,105850.0
NER,50k-100k,1968.0,2.0,165988.0
NGA,1-2.5 millions,1968.0,1.0,1877920.0
NGA,100k-250k,1968.0,24.0,3602136.0
NGA,250k-500k,1968.0,3.0,1002895.0
NGA,500k-1 million,1968.0,2.0,1212431.0
NGA,50k-100k,1968.0,38.0,2770376.0
SDN,100k-250k,1968.0,4.0,480897.0
SDN,500k-1 million,1968.0,1.0,589177.0
SDN,50k-100k,1968.0,12.0,858214.0
SEN,100k-250k,1968.0,3.0,465383.0
SEN,500k-1 million,1968.0,1.0,680464.0
SEN,50k-100k,1968.0,4.0,278871.0
SLE,100k-250k,1968.0,1.0,221388.0
SLE,50k-100k,1968.0,3.0,190078.0
SOM,100k-250k,1968.0,3.0,561140.0
SOM,50k-100k,1968.0,5.0,386170.0
SSA,1-2.5 millions,1968.0,1.0,1877920.0
SSA,100k-250k,1968.0,77.0,11755653.0
SSA,250k-500k,1968.0,18.0,6215804.0
SSA,500k-1 million,1968.0,12.0,8181094.0
SSA,50k-100k,1968.0,124.0,8993564.0
SSD,100k-250k,1968.0,1.0,144187.0
SSD,50k-100k,1968.0,1.0,62463.0
TCD,100k-250k,1968.0,2.0,254650.0
TCD,50k-100k,1968.0,1.0,67978.0
TGO,100k-250k,1968.0,1.0,140403.0
TGO,50k-100k,1968.0,1.0,64128.0
TZA,100k-250k,1968.0,1.0,173167.0
TZA,50k-100k,1968.0,1.0,69591.0
UGA,250k-500k,1968.0,1.0,452245.0
ZAF,100k-250k,1968.0,4.0,751920.0
ZAF,250k-500k,1968.0,2.0,748189.0
ZAF,500k-1 million,1968.0,2.0,1736983.0
ZAF,50k-100k,1968.0,5.0,359953.0
ZMB,100k-250k,1968.0,1.0,144928.0
ZMB,50k-100k,1968.0,2.0,148710.0
ZWE,100k-250k,1968.0,1.0,232063.0
ZWE,250k-500k,1968.0,1.0,358803.0
AFE,1-2.5 millions,1969.0,1.0,1025848.0
AFE,100k-250k,1969.0,40.0,6235342.0
AFE,250k-500k,1969.0,10.0,3665545.0
AFE,500k-1 million,1969.0,6.0,4248601.0
AFE,50k-100k,1969.0,60.0,4455768.0
AFW,1-2.5 millions,1969.0,1.0,1942015.0
AFW,100k-250k,1969.0,39.0,5939233.0
AFW,250k-500k,1969.0,10.0,3157784.0
AFW,500k-1 million,1969.0,6.0,3773607.0
AFW,50k-100k,1969.0,60.0,4476730.0
AGO,100k-250k,1969.0,4.0,515871.0
AGO,500k-1 million,1969.0,1.0,775989.0
AGO,50k-100k,1969.0,7.0,499912.0
BDI,50k-100k,1969.0,1.0,61752.0
BEN,100k-250k,1969.0,1.0,147982.0
BEN,250k-500k,1969.0,1.0,265474.0
BFA,50k-100k,1969.0,1.0,87964.0
CAF,250k-500k,1969.0,1.0,273532.0
CIV,100k-250k,1969.0,1.0,116789.0
CIV,500k-1 million,1969.0,1.0,606797.0
CIV,50k-100k,1969.0,1.0,73837.0
CMR,100k-250k,1969.0,3.0,468702.0
CMR,250k-500k,1969.0,1.0,298695.0
CMR,50k-100k,1969.0,6.0,499401.0
COD,100k-250k,1969.0,14.0,2116314.0
COD,250k-500k,1969.0,2.0,650852.0
COD,500k-1 million,1969.0,2.0,1416722.0
COD,50k-100k,1969.0,10.0,798624.0
COG,250k-500k,1969.0,2.0,757748.0
COG,50k-100k,1969.0,1.0,61918.0
ERI,100k-250k,1969.0,2.0,404620.0
ERI,50k-100k,1969.0,1.0,60299.0
ETH,100k-250k,1969.0,2.0,255277.0
ETH,500k-1 million,1969.0,1.0,662555.0
ETH,50k-100k,1969.0,12.0,889539.0
GHA,100k-250k,1969.0,1.0,157101.0
GHA,250k-500k,1969.0,1.0,337582.0
GHA,500k-1 million,1969.0,1.0,694913.0
GHA,50k-100k,1969.0,2.0,138702.0
GIN,250k-500k,1969.0,1.0,421860.0
GMB,50k-100k,1969.0,1.0,64846.0
KEN,100k-250k,1969.0,1.0,163698.0
KEN,250k-500k,1969.0,1.0,404527.0
MDG,100k-250k,1969.0,1.0,220365.0
MLI,100k-250k,1969.0,1.0,228080.0
MOZ,250k-500k,1969.0,1.0,339475.0
MOZ,50k-100k,1969.0,5.0,371829.0
MUS,250k-500k,1969.0,1.0,372455.0
NER,100k-250k,1969.0,1.0,112499.0
NER,50k-100k,1969.0,2.0,174352.0
NGA,1-2.5 millions,1969.0,1.0,1942015.0
NGA,100k-250k,1969.0,24.0,3577936.0
NGA,250k-500k,1969.0,3.0,802893.0
NGA,500k-1 million,1969.0,3.0,1760565.0
NGA,50k-100k,1969.0,37.0,2749535.0
SDN,100k-250k,1969.0,5.0,606361.0
SDN,500k-1 million,1969.0,1.0,619416.0
SDN,50k-100k,1969.0,11.0,801825.0
SEN,100k-250k,1969.0,3.0,482943.0
SEN,500k-1 million,1969.0,1.0,711332.0
SEN,50k-100k,1969.0,4.0,290497.0
SLE,100k-250k,1969.0,1.0,232894.0
SLE,50k-100k,1969.0,3.0,197010.0
SOM,100k-250k,1969.0,2.0,326960.0
SOM,250k-500k,1969.0,1.0,269159.0
SOM,50k-100k,1969.0,5.0,402615.0
SSA,1-2.5 millions,1969.0,2.0,2967863.0
SSA,100k-250k,1969.0,79.0,12174575.0
SSA,250k-500k,1969.0,20.0,6823329.0
SSA,500k-1 million,1969.0,12.0,8022208.0
SSA,50k-100k,1969.0,120.0,8932498.0
SSD,100k-250k,1969.0,1.0,148863.0
SSD,50k-100k,1969.0,1.0,64489.00000000001
TCD,100k-250k,1969.0,2.0,265976.0
TCD,50k-100k,1969.0,1.0,70268.0
TGO,100k-250k,1969.0,1.0,148331.0
TGO,50k-100k,1969.0,1.0,68400.0
TZA,100k-250k,1969.0,1.0,185048.0
TZA,50k-100k,1969.0,1.0,71925.0
UGA,250k-500k,1969.0,1.0,480684.0
ZAF,1-2.5 millions,1969.0,1.0,1025848.0
ZAF,100k-250k,1969.0,5.0,891531.0
ZAF,250k-500k,1969.0,2.0,773312.0
ZAF,500k-1 million,1969.0,1.0,773919.0
ZAF,50k-100k,1969.0,4.0,276943.0
ZMB,100k-250k,1969.0,1.0,156479.0
ZMB,50k-100k,1969.0,2.0,156016.0
ZWE,100k-250k,1969.0,1.0,243955.0
ZWE,250k-500k,1969.0,1.0,375081.0
AFE,1-2.5 millions,1970.0,1.0,1059176.0
AFE,100k-250k,1970.0,39.0,5959991.0
AFE,250k-500k,1970.0,12.0,4106047.0
AFE,500k-1 million,1970.0,6.0,4429080.0
AFE,50k-100k,1970.0,95.0,6530948.0
AFW,1-2.5 millions,1970.0,1.0,2006111.0
AFW,100k-250k,1970.0,40.0,6119994.0
AFW,250k-500k,1970.0,11.0,3574313.0
AFW,500k-1 million,1970.0,6.0,3946931.0
AFW,50k-100k,1970.0,103.0,6903318.0
AGO,100k-250k,1970.0,4.0,527004.0
AGO,500k-1 million,1970.0,1.0,791196.0
AGO,50k-100k,1970.0,8.0,560906.0
BDI,50k-100k,1970.0,1.0,64471.99999999999
BEN,100k-250k,1970.0,1.0,152872.0
BEN,250k-500k,1970.0,1.0,278585.0
BFA,50k-100k,1970.0,3.0,201884.0
CAF,250k-500k,1970.0,1.0,287062.0
CIV,100k-250k,1970.0,1.0,123622.0
CIV,500k-1 million,1970.0,1.0,654106.0
CIV,50k-100k,1970.0,1.0,77390.0
CMR,100k-250k,1970.0,3.0,337497.0
CMR,250k-500k,1970.0,2.0,576820.0
CMR,50k-100k,1970.0,10.0,685750.0
COD,100k-250k,1970.0,14.0,2071938.9999999998
COD,250k-500k,1970.0,3.0,945292.0
COD,500k-1 million,1970.0,2.0,1497083.0
COD,50k-100k,1970.0,16.0,1115794.0
COG,250k-500k,1970.0,2.0,792258.0
COG,50k-100k,1970.0,2.0,123499.0
COM,50k-100k,1970.0,1.0,60028.0
CPV,50k-100k,1970.0,1.0,62607.0
ERI,100k-250k,1970.0,1.0,162809.0
ERI,250k-500k,1970.0,1.0,255657.0
ERI,50k-100k,1970.0,1.0,62395.0
ETH,100k-250k,1970.0,2.0,266547.0
ETH,500k-1 million,1970.0,1.0,687770.0
ETH,50k-100k,1970.0,23.0,1533124.0
GHA,100k-250k,1970.0,1.0,164864.0
GHA,250k-500k,1970.0,1.0,350623.0
GHA,500k-1 million,1970.0,1.0,721758.0
GHA,50k-100k,1970.0,3.0,198972.0
GIN,250k-500k,1970.0,1.0,455209.0
GMB,50k-100k,1970.0,1.0,68519.0
GNB,50k-100k,1970.0,1.0,57167.0
KEN,100k-250k,1970.0,1.0,171587.0
KEN,250k-500k,1970.0,1.0,426145.0
MDG,100k-250k,1970.0,1.0,228728.0
MLI,100k-250k,1970.0,1.0,239342.0
MLI,50k-100k,1970.0,1.0,55261.0
MOZ,250k-500k,1970.0,1.0,358019.0
MOZ,50k-100k,1970.0,5.0,383797.0
MUS,250k-500k,1970.0,1.0,385002.0
NER,100k-250k,1970.0,2.0,220231.0
NER,50k-100k,1970.0,2.0,137938.0
NGA,1-2.5 millions,1970.0,1.0,2006111.0
NGA,100k-250k,1970.0,24.0,3703104.0
NGA,250k-500k,1970.0,3.0,833756.0
NGA,500k-1 million,1970.0,3.0,1828867.0
NGA,50k-100k,1970.0,61.0,4147629.0
SDN,100k-250k,1970.0,5.0,633944.0
SDN,500k-1 million,1970.0,1.0,649656.0
SDN,50k-100k,1970.0,24.0,1589754.0
SEN,100k-250k,1970.0,3.0,500502.0
SEN,500k-1 million,1970.0,1.0,742200.0
SEN,50k-100k,1970.0,6.0,411731.0
SLE,100k-250k,1970.0,1.0,244400.0
SLE,50k-100k,1970.0,4.0,256911.0
SOM,100k-250k,1970.0,3.0,443097.0
SOM,250k-500k,1970.0,1.0,290291.0
SOM,50k-100k,1970.0,4.0,316770.0
SSA,1-2.5 millions,1970.0,2.0,3065287.0
SSA,100k-250k,1970.0,79.0,12079985.0
SSA,250k-500k,1970.0,23.0,7680360.0
SSA,500k-1 million,1970.0,12.0,8376011.0
SSA,50k-100k,1970.0,198.0,13434266.0
SSD,100k-250k,1970.0,1.0,153539.0
SSD,50k-100k,1970.0,2.0,131823.0
TCD,100k-250k,1970.0,2.0,277301.0
TCD,50k-100k,1970.0,4.0,231524.0
TGO,100k-250k,1970.0,1.0,156259.0
TGO,50k-100k,1970.0,3.0,186536.0
TZA,100k-250k,1970.0,1.0,196928.0
TZA,50k-100k,1970.0,2.0,140488.0
ZAF,1-2.5 millions,1970.0,1.0,1059176.0
ZAF,100k-250k,1970.0,5.0,935839.0
ZAF,250k-500k,1970.0,2.0,798436.0
ZAF,500k-1 million,1970.0,1.0,803375.0
ZAF,50k-100k,1970.0,5.0,354497.0
ZMB,100k-250k,1970.0,1.0,168030.0
ZMB,50k-100k,1970.0,3.0,217100.0
ZWE,250k-500k,1970.0,2.0,647205.0
AFE,1-2.5 millions,1971.0,1.0,1083453.0
AFE,100k-250k,1971.0,43.0,6681099.0
AFE,250k-500k,1971.0,12.0,4297615.0
AFE,500k-1 million,1971.0,7.0,5203612.0
AFE,50k-100k,1971.0,91.0,6478482.0
AFW,1-2.5 millions,1971.0,1.0,2127378.0
AFW,100k-250k,1971.0,40.0,5944651.0
AFW,250k-500k,1971.0,12.0,4048671.0
AFW,500k-1 million,1971.0,6.0,4190981.0
AFW,50k-100k,1971.0,101.0,6976656.0
AGO,100k-250k,1971.0,5.0,665878.0
AGO,500k-1 million,1971.0,1.0,835354.0
AGO,50k-100k,1971.0,7.0,491468.0
BDI,50k-100k,1971.0,1.0,67472.0
BEN,100k-250k,1971.0,1.0,158690.0
BEN,250k-500k,1971.0,1.0,295725.0
BFA,50k-100k,1971.0,3.0,211247.0
CAF,250k-500k,1971.0,1.0,304751.0
CIV,100k-250k,1971.0,1.0,133069.0
CIV,500k-1 million,1971.0,1.0,728234.0
CIV,50k-100k,1971.0,1.0,82004.0
CMR,100k-250k,1971.0,4.0,457778.0
CMR,250k-500k,1971.0,2.0,624301.0
CMR,50k-100k,1971.0,9.0,622750.0
COD,100k-250k,1971.0,14.0,2159745.0
COD,250k-500k,1971.0,3.0,982191.0
COD,500k-1 million,1971.0,2.0,1582883.0
COD,50k-100k,1971.0,16.0,1166862.0
COG,250k-500k,1971.0,2.0,833735.0
COG,50k-100k,1971.0,2.0,129912.0
COM,50k-100k,1971.0,1.0,63916.0
CPV,50k-100k,1971.0,1.0,64543.00000000001
ERI,100k-250k,1971.0,1.0,166704.0
ERI,250k-500k,1971.0,1.0,265867.0
ERI,50k-100k,1971.0,1.0,64887.0
ETH,100k-250k,1971.0,2.0,280489.0
ETH,500k-1 million,1971.0,1.0,723996.0
ETH,50k-100k,1971.0,23.0,1611023.0
GAB,50k-100k,1971.0,1.0,59858.0
GHA,100k-250k,1971.0,1.0,169800.0
GHA,250k-500k,1971.0,1.0,363686.0
GHA,500k-1 million,1971.0,1.0,748649.0
GHA,50k-100k,1971.0,3.0,210814.0
GIN,250k-500k,1971.0,1.0,487000.0
GMB,50k-100k,1971.0,1.0,73628.0
GNB,50k-100k,1971.0,1.0,61239.0
KEN,100k-250k,1971.0,1.0,177987.0
KEN,250k-500k,1971.0,1.0,448581.0
MDG,100k-250k,1971.0,1.0,240749.0
MLI,50k-100k,1971.0,1.0,58099.0
MOZ,100k-250k,1971.0,1.0,101811.0
MOZ,250k-500k,1971.0,1.0,379726.0
MOZ,50k-100k,1971.0,4.0,302248.0
MUS,250k-500k,1971.0,1.0,392017.0
NER,100k-250k,1971.0,2.0,234762.0
NER,50k-100k,1971.0,2.0,144942.0
NGA,1-2.5 millions,1971.0,1.0,2127378.0
NGA,100k-250k,1971.0,26.0,4063940.0
NGA,250k-500k,1971.0,3.0,882002.0
NGA,500k-1 million,1971.0,3.0,1932922.0
NGA,50k-100k,1971.0,59.0,4123006.9999999995
SDN,100k-250k,1971.0,6.0,777888.0
SDN,500k-1 million,1971.0,1.0,693835.0
SDN,50k-100k,1971.0,23.0,1593250.0
SEN,100k-250k,1971.0,2.0,267841.0
SEN,500k-1 million,1971.0,1.0,781176.0
SEN,50k-100k,1971.0,6.0,430850.0
SLE,250k-500k,1971.0,1.0,257471.0
SLE,50k-100k,1971.0,4.0,267056.0
SOM,100k-250k,1971.0,4.0,568093.0
SOM,250k-500k,1971.0,1.0,320698.0
SOM,50k-100k,1971.0,3.0,228616.0
SSA,1-2.5 millions,1971.0,2.0,3210831.0
SSA,100k-250k,1971.0,83.0,12625750.0
SSA,250k-500k,1971.0,24.0,8346286.0
SSA,500k-1 million,1971.0,13.0,9394593.0
SSA,50k-100k,1971.0,192.0,13455138.0
SSD,100k-250k,1971.0,1.0,162137.0
SSD,50k-100k,1971.0,2.0,139566.0
TCD,100k-250k,1971.0,2.0,293040.0
TCD,50k-100k,1971.0,4.0,241240.0
TGO,100k-250k,1971.0,1.0,165731.0
TGO,50k-100k,1971.0,3.0,195467.0
TZA,100k-250k,1971.0,1.0,217373.0
TZA,50k-100k,1971.0,2.0,151184.0
UGA,500k-1 million,1971.0,1.0,528101.0
ZAF,1-2.5 millions,1971.0,1.0,1083453.0
ZAF,100k-250k,1971.0,5.0,984040.0
ZAF,250k-500k,1971.0,2.0,829327.0
ZAF,500k-1 million,1971.0,1.0,839443.0
ZAF,50k-100k,1971.0,5.0,373108.0
ZMB,100k-250k,1971.0,1.0,178205.0
ZMB,50k-100k,1971.0,3.0,224882.0
ZWE,250k-500k,1971.0,2.0,679208.0
AFE,1-2.5 millions,1972.0,1.0,1107730.0
AFE,100k-250k,1972.0,43.0,6692626.0
AFE,250k-500k,1972.0,12.0,4246395.0
AFE,500k-1 million,1972.0,8.0,5976207.0
AFE,50k-100k,1972.0,89.0,6618427.0
AFW,1-2.5 millions,1972.0,1.0,2248646.0
AFW,100k-250k,1972.0,43.0,6520183.0
AFW,250k-500k,1972.0,13.0,4305914.0
AFW,500k-1 million,1972.0,7.0,4953819.0
AFW,50k-100k,1972.0,98.0,6972023.0
AGO,100k-250k,1972.0,5.0,705755.0
AGO,500k-1 million,1972.0,1.0,879513.0
AGO,50k-100k,1972.0,7.0,521027.00000000006
BDI,50k-100k,1972.0,1.0,70472.0
BEN,100k-250k,1972.0,1.0,164508.0
BEN,250k-500k,1972.0,1.0,312865.0
BFA,50k-100k,1972.0,3.0,220609.0
CAF,250k-500k,1972.0,1.0,322440.0
CIV,100k-250k,1972.0,1.0,142515.0
CIV,500k-1 million,1972.0,1.0,802362.0
CIV,50k-100k,1972.0,1.0,86618.0
CMR,100k-250k,1972.0,5.0,593257.0
CMR,250k-500k,1972.0,2.0,671783.0
CMR,50k-100k,1972.0,8.0,544551.0
COD,100k-250k,1972.0,15.0,2348338.0
COD,250k-500k,1972.0,3.0,1019090.0
COD,500k-1 million,1972.0,2.0,1668682.0
COD,50k-100k,1972.0,15.0,1117145.0
COG,250k-500k,1972.0,2.0,875212.0
COG,50k-100k,1972.0,2.0,136325.0
COM,50k-100k,1972.0,1.0,67805.0
CPV,50k-100k,1972.0,1.0,66479.0
ERI,100k-250k,1972.0,1.0,170599.0
ERI,250k-500k,1972.0,1.0,276077.0
ERI,50k-100k,1972.0,1.0,67379.0
ETH,100k-250k,1972.0,3.0,395947.0
ETH,500k-1 million,1972.0,1.0,760223.0
ETH,50k-100k,1972.0,22.0,1587404.0
GAB,50k-100k,1972.0,1.0,66618.0
GHA,100k-250k,1972.0,1.0,174735.0
GHA,250k-500k,1972.0,1.0,376749.0
GHA,500k-1 million,1972.0,1.0,775539.0
GHA,50k-100k,1972.0,3.0,222657.0
GIN,500k-1 million,1972.0,1.0,518789.99999999994
GMB,50k-100k,1972.0,1.0,78737.0
GNB,50k-100k,1972.0,1.0,65311.00000000001
KEN,100k-250k,1972.0,1.0,184387.0
KEN,250k-500k,1972.0,1.0,471016.0
MLI,250k-500k,1972.0,1.0,281143.0
MLI,50k-100k,1972.0,1.0,60936.0
MOZ,100k-250k,1972.0,1.0,104770.0
MOZ,250k-500k,1972.0,1.0,401434.0
MOZ,50k-100k,1972.0,4.0,319551.0
MUS,250k-500k,1972.0,1.0,399032.0
NER,100k-250k,1972.0,2.0,249294.0
NER,50k-100k,1972.0,2.0,151945.0
NGA,1-2.5 millions,1972.0,1.0,2248646.0
NGA,100k-250k,1972.0,28.0,4434451.0
NGA,250k-500k,1972.0,3.0,930248.0
NGA,500k-1 million,1972.0,3.0,2036976.0
NGA,50k-100k,1972.0,57.0,4088712.0
SDN,100k-250k,1972.0,6.0,823390.0
SDN,500k-1 million,1972.0,1.0,738014.0
SDN,50k-100k,1972.0,23.0,1695186.0
SEN,100k-250k,1972.0,2.0,277441.0
SEN,250k-500k,1972.0,1.0,264933.0
SEN,500k-1 million,1972.0,1.0,820152.0
SEN,50k-100k,1972.0,6.0,449970.0
SLE,250k-500k,1972.0,1.0,270541.0
SLE,50k-100k,1972.0,4.0,277201.0
SOM,100k-250k,1972.0,4.0,594665.0
SOM,250k-500k,1972.0,1.0,351105.0
SOM,50k-100k,1972.0,3.0,238887.0
SSA,1-2.5 millions,1972.0,2.0,3356376.0
SSA,100k-250k,1972.0,86.0,13212809.0
SSA,250k-500k,1972.0,25.0,8552309.0
SSA,500k-1 million,1972.0,15.0,10930026.0
SSA,50k-100k,1972.0,187.0,13590450.0
SSD,100k-250k,1972.0,1.0,170735.0
SSD,50k-100k,1972.0,2.0,147308.0
TCD,100k-250k,1972.0,2.0,308778.0
TCD,50k-100k,1972.0,4.0,250955.0
TGO,100k-250k,1972.0,1.0,175204.0
TGO,50k-100k,1972.0,3.0,204399.0
TZA,100k-250k,1972.0,1.0,237817.0
TZA,50k-100k,1972.0,2.0,161880.0
UGA,500k-1 million,1972.0,1.0,547080.0
ZAF,1-2.5 millions,1972.0,1.0,1107730.0
ZAF,100k-250k,1972.0,4.0,767844.0
ZAF,250k-500k,1972.0,2.0,617430.0
ZAF,500k-1 million,1972.0,2.0,1382695.0
ZAF,50k-100k,1972.0,5.0,391719.0
ZMB,100k-250k,1972.0,1.0,188379.0
ZMB,50k-100k,1972.0,3.0,232664.0
ZWE,250k-500k,1972.0,2.0,711211.0
AFE,1-2.5 millions,1973.0,1.0,1132006.0
AFE,100k-250k,1973.0,48.0,7200350.0
AFE,250k-500k,1973.0,14.0,4959734.0
AFE,500k-1 million,1973.0,8.0,6262512.0
AFE,50k-100k,1973.0,82.0,6231187.0
AFW,1-2.5 millions,1973.0,1.0,2369914.0
AFW,100k-250k,1973.0,45.0,6857593.0
AFW,250k-500k,1973.0,13.0,4277212.0
AFW,500k-1 million,1973.0,7.0,5229659.0
AFW,50k-100k,1973.0,95.0,6952982.0
AGO,100k-250k,1973.0,6.0,847052.0
AGO,500k-1 million,1973.0,1.0,923672.0
AGO,50k-100k,1973.0,6.0,449166.0
BDI,50k-100k,1973.0,1.0,73473.0
BEN,100k-250k,1973.0,1.0,170327.0
BEN,250k-500k,1973.0,1.0,330005.0
BFA,100k-250k,1973.0,1.0,103867.0
BFA,50k-100k,1973.0,2.0,126104.0
CAF,250k-500k,1973.0,1.0,340129.0
CIV,100k-250k,1973.0,1.0,151961.0
CIV,500k-1 million,1973.0,1.0,876490.0
CIV,50k-100k,1973.0,1.0,91232.0
CMR,100k-250k,1973.0,6.0,732112.0
CMR,250k-500k,1973.0,2.0,719265.0
CMR,50k-100k,1973.0,7.0,462977.0
COD,100k-250k,1973.0,16.0,2541702.0
COD,250k-500k,1973.0,3.0,1055989.0
COD,500k-1 million,1973.0,2.0,1754482.0
COD,50k-100k,1973.0,14.0,1062655.0
COG,250k-500k,1973.0,1.0,405051.0
COG,50k-100k,1973.0,2.0,142738.0
COM,50k-100k,1973.0,1.0,71693.0
CPV,50k-100k,1973.0,1.0,68414.0
ERI,100k-250k,1973.0,1.0,174494.0
ERI,250k-500k,1973.0,1.0,286288.0
ERI,50k-100k,1973.0,1.0,69871.0
ETH,100k-250k,1973.0,5.0,620324.0
ETH,500k-1 million,1973.0,1.0,796449.0
ETH,50k-100k,1973.0,20.0,1454868.0
GAB,50k-100k,1973.0,1.0,73377.0
GHA,100k-250k,1973.0,1.0,179671.0
GHA,250k-500k,1973.0,1.0,389812.0
GHA,500k-1 million,1973.0,1.0,802430.0
GHA,50k-100k,1973.0,3.0,234499.0
GIN,500k-1 million,1973.0,1.0,550580.0
GMB,50k-100k,1973.0,1.0,83846.0
GNB,50k-100k,1973.0,1.0,69383.0
KEN,100k-250k,1973.0,1.0,190787.0
KEN,250k-500k,1973.0,1.0,493451.0
MDG,250k-500k,1973.0,1.0,264792.0
MLI,250k-500k,1973.0,1.0,302044.0
MLI,50k-100k,1973.0,1.0,63774.0
MOZ,100k-250k,1973.0,2.0,215085.0
MOZ,250k-500k,1973.0,1.0,423141.0
MOZ,50k-100k,1973.0,3.0,229498.0
MUS,250k-500k,1973.0,1.0,406047.0
NER,100k-250k,1973.0,2.0,263825.0
NER,50k-100k,1973.0,2.0,158949.0
NGA,1-2.5 millions,1973.0,1.0,2369914.0
NGA,100k-250k,1973.0,28.0,4459597.0
NGA,250k-500k,1973.0,4.0,1231025.0
NGA,500k-1 million,1973.0,3.0,2141031.0
NGA,50k-100k,1973.0,56.0,4147250.0
SDN,100k-250k,1973.0,7.0,973293.0
SDN,500k-1 million,1973.0,1.0,782194.0
SDN,50k-100k,1973.0,22.0,1692723.0
SEN,100k-250k,1973.0,2.0,287040.0
SEN,250k-500k,1973.0,1.0,276269.0
SEN,500k-1 million,1973.0,1.0,859128.0
SEN,50k-100k,1973.0,6.0,469090.0
SLE,250k-500k,1973.0,1.0,283612.0
SLE,50k-100k,1973.0,4.0,287347.0
SOM,100k-250k,1973.0,4.0,621237.0
SOM,250k-500k,1973.0,1.0,381512.0
SOM,50k-100k,1973.0,3.0,249157.0
SSA,1-2.5 millions,1973.0,2.0,3501920.0
SSA,100k-250k,1973.0,93.0,14057943.0
SSA,250k-500k,1973.0,27.0,9236946.0
SSA,500k-1 million,1973.0,15.0,11492171.0
SSA,50k-100k,1973.0,177.0,13184169.0
SSD,100k-250k,1973.0,1.0,179332.0
SSD,50k-100k,1973.0,2.0,155050.0
TCD,100k-250k,1973.0,2.0,324516.0
TCD,50k-100k,1973.0,4.0,260671.0
TGO,100k-250k,1973.0,1.0,184677.0
TGO,50k-100k,1973.0,3.0,213331.0
TZA,50k-100k,1973.0,2.0,172577.0
UGA,500k-1 million,1973.0,1.0,566058.0
ZAF,1-2.5 millions,1973.0,1.0,1132006.0
ZAF,100k-250k,1973.0,3.0,538170.0
ZAF,250k-500k,1973.0,3.0,905301.0
ZAF,500k-1 million,1973.0,2.0,1439657.0
ZAF,50k-100k,1973.0,5.0,410331.0
ZMB,100k-250k,1973.0,2.0,298874.0
ZMB,50k-100k,1973.0,2.0,140125.0
ZWE,250k-500k,1973.0,2.0,743213.0
AFE,1-2.5 millions,1974.0,1.0,1156283.0
AFE,100k-250k,1974.0,52.0,7922111.0
AFE,250k-500k,1974.0,14.0,4934301.0
AFE,500k-1 million,1974.0,9.0,7064701.0
AFE,50k-100k,1974.0,78.0,6116545.0
AFW,1-2.5 millions,1974.0,1.0,2491182.0
AFW,100k-250k,1974.0,49.0,7391464.0
AFW,250k-500k,1974.0,14.0,4747955.0
AFW,500k-1 million,1974.0,8.0,6043458.0
AFW,50k-100k,1974.0,90.0,6723342.0
AGO,100k-250k,1974.0,6.0,895015.0
AGO,500k-1 million,1974.0,1.0,967830.0
AGO,50k-100k,1974.0,6.0,470640.0
BDI,50k-100k,1974.0,1.0,76473.0
BEN,100k-250k,1974.0,1.0,176145.0
BEN,250k-500k,1974.0,1.0,347145.0
BFA,100k-250k,1974.0,1.0,108037.0
BFA,50k-100k,1974.0,2.0,131297.0
CAF,250k-500k,1974.0,1.0,357818.0
CIV,100k-250k,1974.0,1.0,161407.0
CIV,500k-1 million,1974.0,1.0,950617.0
CIV,50k-100k,1974.0,1.0,95846.0
CMR,100k-250k,1974.0,6.0,773041.0
CMR,250k-500k,1974.0,2.0,766746.0
CMR,50k-100k,1974.0,7.0,479328.0
COD,100k-250k,1974.0,17.0,2741742.0
COD,250k-500k,1974.0,3.0,1092888.0
COD,500k-1 million,1974.0,2.0,1840282.0
COD,50k-100k,1974.0,13.0,1001490.0
COG,250k-500k,1974.0,1.0,420204.0
COG,500k-1 million,1974.0,1.0,537961.0
COG,50k-100k,1974.0,2.0,149150.0
COM,50k-100k,1974.0,1.0,75582.0
CPV,50k-100k,1974.0,1.0,70350.0
ERI,100k-250k,1974.0,1.0,178389.0
ERI,250k-500k,1974.0,1.0,296498.0
ERI,50k-100k,1974.0,1.0,72363.0
ETH,100k-250k,1974.0,6.0,748367.0
ETH,500k-1 million,1974.0,1.0,832675.0
ETH,50k-100k,1974.0,19.0,1418664.0
GAB,50k-100k,1974.0,1.0,80137.0
GHA,100k-250k,1974.0,1.0,184606.0
GHA,250k-500k,1974.0,1.0,402875.0
GHA,500k-1 million,1974.0,1.0,829320.0
GHA,50k-100k,1974.0,3.0,246341.0
GIN,500k-1 million,1974.0,1.0,582370.0
GMB,50k-100k,1974.0,1.0,88955.0
GNB,50k-100k,1974.0,1.0,73455.0
KEN,100k-250k,1974.0,1.0,197186.0
KEN,500k-1 million,1974.0,1.0,515885.99999999994
MDG,250k-500k,1974.0,1.0,276814.0
MLI,250k-500k,1974.0,1.0,322944.0
MLI,50k-100k,1974.0,1.0,66611.0
MOZ,100k-250k,1974.0,2.0,225405.0
MOZ,250k-500k,1974.0,1.0,444848.0
MOZ,50k-100k,1974.0,3.0,239440.0
MUS,250k-500k,1974.0,1.0,413061.0
NER,100k-250k,1974.0,2.0,278357.0
NER,50k-100k,1974.0,2.0,165952.0
NGA,1-2.5 millions,1974.0,1.0,2491182.0
NGA,100k-250k,1974.0,31.0,4777960.0
NGA,250k-500k,1974.0,5.0,1545936.0
NGA,500k-1 million,1974.0,3.0,2245086.0
NGA,50k-100k,1974.0,52.0,3898437.0
SDN,100k-250k,1974.0,9.0,1231766.0
SDN,500k-1 million,1974.0,1.0,826373.0
SDN,50k-100k,1974.0,20.0,1581689.0
SEN,100k-250k,1974.0,3.0,397507.0
SEN,250k-500k,1974.0,1.0,287605.0
SEN,500k-1 million,1974.0,1.0,898104.0
SEN,50k-100k,1974.0,5.0,387342.0
SLE,250k-500k,1974.0,1.0,296682.0
SLE,50k-100k,1974.0,4.0,297492.0
SOM,100k-250k,1974.0,4.0,647808.0
SOM,250k-500k,1974.0,1.0,411919.0
SOM,50k-100k,1974.0,3.0,259428.0
SSA,1-2.5 millions,1974.0,2.0,3647465.0
SSA,100k-250k,1974.0,101.0,15313575.0
SSA,250k-500k,1974.0,28.0,9682256.0
SSA,500k-1 million,1974.0,17.0,13108159.0
SSA,50k-100k,1974.0,168.0,12839887.0
SSD,100k-250k,1974.0,1.0,187930.0
SSD,50k-100k,1974.0,2.0,162792.0
TCD,100k-250k,1974.0,2.0,340254.0
TCD,50k-100k,1974.0,4.0,270386.0
TGO,100k-250k,1974.0,1.0,194150.0
TGO,50k-100k,1974.0,3.0,222263.0
TZA,250k-500k,1974.0,1.0,278706.0
TZA,50k-100k,1974.0,2.0,183273.0
UGA,500k-1 million,1974.0,1.0,585037.0
ZAF,1-2.5 millions,1974.0,1.0,1156283.0
ZAF,100k-250k,1974.0,3.0,557317.0
ZAF,250k-500k,1974.0,3.0,944351.0
ZAF,500k-1 million,1974.0,2.0,1496618.0
ZAF,50k-100k,1974.0,5.0,428942.0
ZMB,100k-250k,1974.0,2.0,311186.0
ZMB,50k-100k,1974.0,2.0,145769.0
ZWE,250k-500k,1974.0,2.0,775216.0
AFE,1-2.5 millions,1975.0,2.0,2216182.0
AFE,100k-250k,1975.0,56.0,8358344.0
AFE,250k-500k,1975.0,16.0,5652421.0
AFE,500k-1 million,1975.0,7.0,5325830.0
AFE,50k-100k,1975.0,141.0,9641353.0
AFW,100k-250k,1975.0,53.0,8088482.0
AFW,2.5-5 millions,1975.0,1.0,2612450.0
AFW,250k-500k,1975.0,14.0,4974567.0
AFW,500k-1 million,1975.0,7.0,5320876.0
AFW,50k-100k,1975.0,139.0,9572842.0
AGO,100k-250k,1975.0,6.0,942977.0
AGO,50k-100k,1975.0,10.0,713945.0
BDI,50k-100k,1975.0,2.0,136279.0
BEN,100k-250k,1975.0,1.0,181963.0
BEN,250k-500k,1975.0,1.0,364285.0
BFA,100k-250k,1975.0,1.0,112206.0
BFA,50k-100k,1975.0,2.0,136490.0
CAF,250k-500k,1975.0,1.0,375508.0
CIV,100k-250k,1975.0,2.0,271314.0
CIV,50k-100k,1975.0,1.0,65748.0
CMR,100k-250k,1975.0,7.0,914949.0
CMR,250k-500k,1975.0,2.0,814228.0
CMR,50k-100k,1975.0,12.0,747451.0
COD,1-2.5 millions,1975.0,1.0,1035622.0000000001
COD,100k-250k,1975.0,19.0,3047244.0
COD,250k-500k,1975.0,3.0,1129787.0
COD,500k-1 million,1975.0,1.0,890460.0
COD,50k-100k,1975.0,22.0,1439130.0
COG,250k-500k,1975.0,1.0,435357.0
COG,500k-1 million,1975.0,1.0,564284.0
COG,50k-100k,1975.0,2.0,155563.0
COM,50k-100k,1975.0,1.0,79470.0
CPV,50k-100k,1975.0,1.0,72286.0
ERI,100k-250k,1975.0,1.0,182284.0
ERI,250k-500k,1975.0,1.0,306709.0
ERI,50k-100k,1975.0,1.0,74855.0
ETH,100k-250k,1975.0,7.0,880653.0
ETH,500k-1 million,1975.0,1.0,868901.0
ETH,50k-100k,1975.0,45.0,2867819.0
GAB,50k-100k,1975.0,2.0,148736.0
GHA,100k-250k,1975.0,2.0,292763.0
GHA,250k-500k,1975.0,1.0,415938.0
GHA,500k-1 million,1975.0,1.0,856210.0
GHA,50k-100k,1975.0,5.0,326181.0
GIN,500k-1 million,1975.0,1.0,614161.0
GMB,50k-100k,1975.0,1.0,94064.0
GNB,50k-100k,1975.0,1.0,77527.0
KEN,100k-250k,1975.0,1.0,203586.0
KEN,500k-1 million,1975.0,1.0,538321.0
KEN,50k-100k,1975.0,1.0,79266.0
MDG,250k-500k,1975.0,1.0,288835.0
MLI,250k-500k,1975.0,1.0,343844.0
MLI,50k-100k,1975.0,1.0,69449.0
MOZ,100k-250k,1975.0,2.0,235724.0
MOZ,250k-500k,1975.0,1.0,466556.0
MOZ,50k-100k,1975.0,5.0,367140.0
MUS,250k-500k,1975.0,1.0,420076.0
NER,100k-250k,1975.0,3.0,396948.0
NER,50k-100k,1975.0,4.0,253175.0
NGA,100k-250k,1975.0,31.0,4947640.0
NGA,2.5-5 millions,1975.0,1.0,2612450.0
NGA,250k-500k,1975.0,5.0,1616713.0
NGA,500k-1 million,1975.0,3.0,2349141.0
NGA,50k-100k,1975.0,84.0,5815688.0
SDN,100k-250k,1975.0,10.0,1398124.0
SDN,500k-1 million,1975.0,1.0,870553.0
SDN,50k-100k,1975.0,31.0,2264720.0
SEN,100k-250k,1975.0,3.0,411083.0
SEN,250k-500k,1975.0,1.0,298941.0
SEN,500k-1 million,1975.0,1.0,937080.0
SEN,50k-100k,1975.0,7.0,521331.0
SLE,250k-500k,1975.0,1.0,309753.0
SLE,50k-100k,1975.0,4.0,307637.0
SOM,100k-250k,1975.0,3.0,420654.0
SOM,250k-500k,1975.0,2.0,696053.0
SOM,50k-100k,1975.0,8.0,545443.0
SSA,1-2.5 millions,1975.0,2.0,2216182.0
SSA,100k-250k,1975.0,109.0,16446826.0
SSA,2.5-5 millions,1975.0,1.0,2612450.0
SSA,250k-500k,1975.0,30.0,10626988.0
SSA,500k-1 million,1975.0,14.0,10646706.0
SSA,50k-100k,1975.0,280.0,19214195.0
SSD,100k-250k,1975.0,1.0,196527.0
SSD,50k-100k,1975.0,4.0,299815.0
TCD,100k-250k,1975.0,2.0,355993.0
TCD,50k-100k,1975.0,7.0,442278.0
TGO,100k-250k,1975.0,1.0,203623.0
TGO,50k-100k,1975.0,5.0,339238.0
TZA,250k-500k,1975.0,1.0,299151.0
TZA,50k-100k,1975.0,1.0,90586.0
UGA,500k-1 million,1975.0,1.0,604015.0
ZAF,1-2.5 millions,1975.0,1.0,1180560.0
ZAF,100k-250k,1975.0,4.0,527073.0
ZAF,250k-500k,1975.0,4.0,1238035.0
ZAF,500k-1 million,1975.0,2.0,1553580.0
ZAF,50k-100k,1975.0,8.0,531471.0
ZMB,100k-250k,1975.0,2.0,323498.0
ZMB,50k-100k,1975.0,2.0,151414.0
ZWE,250k-500k,1975.0,2.0,807219.0
AFE,1-2.5 millions,1976.0,4.0,4380885.0
AFE,100k-250k,1976.0,62.0,9032634.0
AFE,250k-500k,1976.0,15.0,5107499.0
AFE,500k-1 million,1976.0,7.0,5143410.0
AFE,50k-100k,1976.0,117.0,8348939.0
AFW,1-2.5 millions,1976.0,1.0,1125052.0
AFW,100k-250k,1976.0,56.0,8534364.0
AFW,2.5-5 millions,1976.0,1.0,2772900.0
AFW,250k-500k,1976.0,15.0,5471289.0
AFW,500k-1 million,1976.0,7.0,5649645.0
AFW,50k-100k,1976.0,132.0,9138966.0
AGO,1-2.5 millions,1976.0,1.0,1016738.0
AGO,100k-250k,1976.0,7.0,1108567.0
AGO,50k-100k,1976.0,9.0,638453.0
BDI,50k-100k,1976.0,2.0,153224.0
BEN,100k-250k,1976.0,1.0,188318.0
BEN,250k-500k,1976.0,1.0,392437.0
BFA,100k-250k,1976.0,2.0,226044.0
BFA,50k-100k,1976.0,1.0,61118.0
CAF,250k-500k,1976.0,1.0,386302.0
CIV,1-2.5 millions,1976.0,1.0,1125052.0
CIV,100k-250k,1976.0,2.0,286391.0
CIV,50k-100k,1976.0,1.0,67632.0
CMR,100k-250k,1976.0,7.0,928517.0
CMR,250k-500k,1976.0,2.0,881176.0
CMR,50k-100k,1976.0,12.0,759647.0
COD,1-2.5 millions,1976.0,1.0,1138717.0
COD,100k-250k,1976.0,19.0,2959933.0
COD,250k-500k,1976.0,4.0,1398182.0
COD,500k-1 million,1976.0,1.0,918999.0
COD,50k-100k,1976.0,21.0,1367559.0
COG,250k-500k,1976.0,1.0,421661.0
COG,500k-1 million,1976.0,1.0,597649.0
COG,50k-100k,1976.0,1.0,69389.0
COM,50k-100k,1976.0,1.0,81430.0
CPV,50k-100k,1976.0,1.0,73346.0
ERI,100k-250k,1976.0,1.0,183174.0
ERI,250k-500k,1976.0,1.0,307927.0
ERI,50k-100k,1976.0,1.0,72154.0
ETH,100k-250k,1976.0,7.0,894913.0
ETH,500k-1 million,1976.0,1.0,923628.0
ETH,50k-100k,1976.0,28.0,1931813.0
GAB,50k-100k,1976.0,1.0,61495.0
GHA,100k-250k,1976.0,2.0,301509.0
GHA,250k-500k,1976.0,1.0,428699.0
GHA,500k-1 million,1976.0,1.0,918482.0
GHA,50k-100k,1976.0,5.0,334800.0
GIN,500k-1 million,1976.0,1.0,629976.0
GNB,50k-100k,1976.0,1.0,85665.0
KEN,100k-250k,1976.0,1.0,222252.0
KEN,500k-1 million,1976.0,1.0,584514.0
KEN,50k-100k,1976.0,1.0,92870.0
MDG,250k-500k,1976.0,1.0,309596.0
MLI,250k-500k,1976.0,1.0,368809.0
MLI,50k-100k,1976.0,1.0,70087.0
MOZ,100k-250k,1976.0,2.0,248298.0
MOZ,50k-100k,1976.0,5.0,383936.0
MUS,250k-500k,1976.0,1.0,425169.0
NER,100k-250k,1976.0,3.0,416391.0
NER,50k-100k,1976.0,4.0,260723.0
NGA,100k-250k,1976.0,33.0,5171653.0
NGA,2.5-5 millions,1976.0,1.0,2772900.0
NGA,250k-500k,1976.0,6.0,1959841.0
NGA,500k-1 million,1976.0,3.0,2527591.0
NGA,50k-100k,1976.0,81.0,5664401.0
SDN,100k-250k,1976.0,13.0,1774825.0
SDN,500k-1 million,1976.0,1.0,977026.0
SDN,50k-100k,1976.0,28.0,2061217.0
SEN,100k-250k,1976.0,3.0,415839.0
SEN,250k-500k,1976.0,1.0,305214.0
SEN,500k-1 million,1976.0,1.0,975947.0
SEN,50k-100k,1976.0,7.0,528008.0
SLE,250k-500k,1976.0,1.0,327150.0
SLE,50k-100k,1976.0,4.0,313032.0
SOM,100k-250k,1976.0,4.0,566939.0
SOM,250k-500k,1976.0,2.0,726683.0
SOM,50k-100k,1976.0,7.0,497456.0
SSA,1-2.5 millions,1976.0,5.0,5505937.0
SSA,100k-250k,1976.0,118.0,17566998.0
SSA,2.5-5 millions,1976.0,1.0,2772900.0
SSA,250k-500k,1976.0,30.0,10578788.0
SSA,500k-1 million,1976.0,14.0,10793055.0
SSA,50k-100k,1976.0,249.0,17487905.0
SSD,100k-250k,1976.0,1.0,196770.0
SSD,50k-100k,1976.0,4.0,311548.0
TCD,100k-250k,1976.0,2.0,374307.0
TCD,50k-100k,1976.0,7.0,444294.0
TGO,100k-250k,1976.0,1.0,225395.0
TGO,50k-100k,1976.0,5.0,345329.0
TZA,100k-250k,1976.0,1.0,106701.0
TZA,250k-500k,1976.0,1.0,346978.0
TZA,50k-100k,1976.0,1.0,93714.0
UGA,500k-1 million,1976.0,1.0,618678.0
ZAF,1-2.5 millions,1976.0,2.0,2225430.0
ZAF,100k-250k,1976.0,4.0,552424.0
ZAF,250k-500k,1976.0,4.0,1270761.0
ZAF,500k-1 million,1976.0,1.0,609406.0
ZAF,50k-100k,1976.0,8.0,577897.0
ZMB,100k-250k,1976.0,2.0,217838.0
ZMB,50k-100k,1976.0,1.0,85668.0
ZWE,250k-500k,1976.0,1.0,322203.0
ZWE,500k-1 million,1976.0,1.0,511159.0
AFE,1-2.5 millions,1977.0,5.0,5633386.0
AFE,100k-250k,1977.0,70.0,10264055.0
AFE,250k-500k,1977.0,15.0,5054261.0
AFE,500k-1 million,1977.0,8.0,5439216.0
AFE,50k-100k,1977.0,109.0,7799166.0
AFW,1-2.5 millions,1977.0,1.0,1225360.0
AFW,100k-250k,1977.0,61.0,9125364.0
AFW,2.5-5 millions,1977.0,1.0,2933350.0
AFW,250k-500k,1977.0,15.0,5497647.0
AFW,500k-1 million,1977.0,7.0,5479445.0
AFW,50k-100k,1977.0,129.0,9038576.0
AGO,1-2.5 millions,1977.0,1.0,1021488.0
AGO,100k-250k,1977.0,7.0,1174927.0
AGO,50k-100k,1977.0,9.0,662192.0
BDI,100k-250k,1977.0,1.0,111180.0
BDI,50k-100k,1977.0,1.0,58990.0
BEN,100k-250k,1977.0,1.0,194674.0
BEN,250k-500k,1977.0,1.0,420588.0
BFA,100k-250k,1977.0,2.0,263594.0
BFA,50k-100k,1977.0,1.0,62033.0
CAF,250k-500k,1977.0,1.0,397097.0
CIV,1-2.5 millions,1977.0,1.0,1225360.0
CIV,100k-250k,1977.0,2.0,301468.0
CIV,50k-100k,1977.0,1.0,69516.0
CMR,100k-250k,1977.0,7.0,942085.0
CMR,250k-500k,1977.0,1.0,432281.0
CMR,500k-1 million,1977.0,1.0,515842.0
CMR,50k-100k,1977.0,12.0,771843.0
COD,1-2.5 millions,1977.0,1.0,1241812.0
COD,100k-250k,1977.0,19.0,3022887.0
COD,250k-500k,1977.0,3.0,912498.0
COD,500k-1 million,1977.0,2.0,1453278.0
COD,50k-100k,1977.0,21.0,1394062.0
COG,100k-250k,1977.0,1.0,130828.0
COG,250k-500k,1977.0,1.0,407966.0
COG,500k-1 million,1977.0,1.0,631014.0
COG,50k-100k,1977.0,1.0,67495.0
COM,50k-100k,1977.0,1.0,83390.0
CPV,50k-100k,1977.0,1.0,74406.0
ERI,100k-250k,1977.0,1.0,184065.0
ERI,250k-500k,1977.0,1.0,309146.0
ERI,50k-100k,1977.0,1.0,69453.0
ETH,100k-250k,1977.0,6.0,809575.0
ETH,500k-1 million,1977.0,1.0,978355.0
ETH,50k-100k,1977.0,29.0,2031314.0
GAB,100k-250k,1977.0,1.0,120907.0
GAB,50k-100k,1977.0,1.0,61150.0
GHA,100k-250k,1977.0,2.0,310256.0
GHA,250k-500k,1977.0,1.0,441460.0
GHA,500k-1 million,1977.0,1.0,980755.0
GHA,50k-100k,1977.0,5.0,343419.0
GIN,500k-1 million,1977.0,1.0,645792.0
GMB,100k-250k,1977.0,1.0,108837.0
GNB,50k-100k,1977.0,1.0,93802.0
KEN,100k-250k,1977.0,2.0,347392.0
KEN,500k-1 million,1977.0,1.0,630708.0
LBR,100k-250k,1977.0,1.0,154161.0
MDG,250k-500k,1977.0,1.0,330357.0
MLI,250k-500k,1977.0,1.0,393774.0
MLI,50k-100k,1977.0,1.0,70726.0
MOZ,100k-250k,1977.0,3.0,362214.0
MOZ,500k-1 million,1977.0,1.0,566414.0
MOZ,50k-100k,1977.0,4.0,299390.0
MUS,250k-500k,1977.0,1.0,430261.0
NER,100k-250k,1977.0,3.0,435834.0
NER,50k-100k,1977.0,4.0,268270.0
NGA,100k-250k,1977.0,35.0,5358226.0
NGA,2.5-5 millions,1977.0,1.0,2933350.0
NGA,250k-500k,1977.0,7.0,2348447.0
NGA,500k-1 million,1977.0,3.0,2706042.0
NGA,50k-100k,1977.0,78.0,5505075.0
SDN,1-2.5 millions,1977.0,1.0,1083499.0
SDN,100k-250k,1977.0,16.0,2183987.0
SDN,50k-100k,1977.0,25.0,1825252.0
SEN,100k-250k,1977.0,3.0,420595.0
SEN,250k-500k,1977.0,1.0,311487.0
SEN,50k-100k,1977.0,7.0,534684.0
SLE,250k-500k,1977.0,1.0,344547.0
SLE,50k-100k,1977.0,4.0,318427.0
SOM,100k-250k,1977.0,5.0,725161.0
SOM,250k-500k,1977.0,2.0,757314.0
SOM,50k-100k,1977.0,6.0,437532.0
SSA,1-2.5 millions,1977.0,6.0,6858746.0
SSA,100k-250k,1977.0,131.0,19389419.0
SSA,2.5-5 millions,1977.0,1.0,2933350.0
SSA,250k-500k,1977.0,30.0,10551908.0
SSA,500k-1 million,1977.0,15.0,10918661.0
SSA,50k-100k,1977.0,238.0,16837742.0
SSD,100k-250k,1977.0,1.0,197012.0
SSD,50k-100k,1977.0,4.0,323280.0
TCD,100k-250k,1977.0,1.0,136732.0
TCD,50k-100k,1977.0,7.0,446310.0
TGO,100k-250k,1977.0,1.0,247167.0
TGO,50k-100k,1977.0,5.0,351420.0
TZA,100k-250k,1977.0,1.0,110019.0
TZA,250k-500k,1977.0,1.0,394805.0
TZA,50k-100k,1977.0,1.0,96843.0
UGA,500k-1 million,1977.0,1.0,633341.0
ZAF,1-2.5 millions,1977.0,2.0,2286587.0
ZAF,100k-250k,1977.0,5.0,684631.0
ZAF,250k-500k,1977.0,4.0,1303488.0
ZAF,500k-1 million,1977.0,1.0,648946.0
ZAF,50k-100k,1977.0,7.0,517467.99999999994
ZMB,100k-250k,1977.0,3.0,351005.0
ZMB,250k-500k,1977.0,1.0,285061.0
ZWE,250k-500k,1977.0,1.0,331331.0
ZWE,500k-1 million,1977.0,1.0,528174.0
AFE,1-2.5 millions,1978.0,6.0,6941941.0
AFE,100k-250k,1978.0,73.0,10741597.0
AFE,250k-500k,1978.0,15.0,4997074.0
AFE,500k-1 million,1978.0,7.0,4671601.0
AFE,50k-100k,1978.0,104.0,7491538.0
AFW,1-2.5 millions,1978.0,3.0,3422374.0
AFW,100k-250k,1978.0,65.0,9592910.0
AFW,2.5-5 millions,1978.0,1.0,3093800.0
AFW,250k-500k,1978.0,18.0,6552519.0
AFW,500k-1 million,1978.0,5.0,3721666.0
AFW,50k-100k,1978.0,122.0,8506462.0
AGO,1-2.5 millions,1978.0,1.0,1026237.0000000001
AGO,100k-250k,1978.0,8.0,1196305.0
AGO,50k-100k,1978.0,7.0,478764.0
BDI,100k-250k,1978.0,1.0,127033.0
BDI,50k-100k,1978.0,1.0,60082.0
BEN,100k-250k,1978.0,1.0,201030.0
BEN,250k-500k,1978.0,1.0,448739.0
BFA,100k-250k,1978.0,2.0,301144.0
BFA,50k-100k,1978.0,1.0,62949.0
CAF,250k-500k,1978.0,1.0,407892.0
CIV,1-2.5 millions,1978.0,1.0,1325667.0
CIV,100k-250k,1978.0,2.0,316545.0
CIV,50k-100k,1978.0,1.0,71399.0
CMR,100k-250k,1978.0,7.0,955653.0
CMR,250k-500k,1978.0,1.0,468918.0
CMR,500k-1 million,1978.0,1.0,546154.0
CMR,50k-100k,1978.0,12.0,784040.0
COD,1-2.5 millions,1978.0,1.0,1344907.0
COD,100k-250k,1978.0,19.0,3085840.0
COD,250k-500k,1978.0,3.0,917692.0
COD,500k-1 million,1978.0,2.0,1496678.0
COD,50k-100k,1978.0,21.0,1420566.0
COG,100k-250k,1978.0,1.0,154102.0
COG,250k-500k,1978.0,1.0,394270.0
COG,500k-1 million,1978.0,1.0,664379.0
COG,50k-100k,1978.0,1.0,65601.0
COM,50k-100k,1978.0,1.0,85350.0
CPV,50k-100k,1978.0,1.0,75466.0
ERI,100k-250k,1978.0,1.0,184955.0
ERI,250k-500k,1978.0,1.0,310364.0
ERI,50k-100k,1978.0,1.0,66752.0
ETH,1-2.5 millions,1978.0,1.0,1033080.9999999999
ETH,100k-250k,1978.0,7.0,929709.0
ETH,50k-100k,1978.0,28.0,1925344.0
GAB,100k-250k,1978.0,1.0,137912.0
GAB,50k-100k,1978.0,1.0,60806.0
GHA,1-2.5 millions,1978.0,1.0,1043027.0
GHA,100k-250k,1978.0,2.0,319002.0
GHA,250k-500k,1978.0,1.0,454221.0
GHA,50k-100k,1978.0,5.0,352038.0
GIN,500k-1 million,1978.0,1.0,661608.0
GMB,100k-250k,1978.0,1.0,116224.0
KEN,100k-250k,1978.0,1.0,120079.0
KEN,250k-500k,1978.0,1.0,259584.0
KEN,500k-1 million,1978.0,1.0,676902.0
LBR,100k-250k,1978.0,1.0,199189.0
MDG,250k-500k,1978.0,1.0,351117.0
MLI,250k-500k,1978.0,1.0,418739.0
MLI,50k-100k,1978.0,1.0,71364.0
MOZ,100k-250k,1978.0,3.0,376967.0
MOZ,500k-1 million,1978.0,1.0,616343.0
MOZ,50k-100k,1978.0,4.0,314006.0
MUS,250k-500k,1978.0,1.0,435354.0
NER,100k-250k,1978.0,3.0,455277.0
NER,50k-100k,1978.0,4.0,275818.0
NGA,100k-250k,1978.0,39.0,5771558.0
NGA,2.5-5 millions,1978.0,1.0,3093800.0
NGA,250k-500k,1978.0,8.0,2737351.0
NGA,500k-1 million,1978.0,2.0,1849525.0
NGA,50k-100k,1978.0,73.0,5118693.0
SDN,1-2.5 millions,1978.0,1.0,1189972.0
SDN,100k-250k,1978.0,16.0,2300194.0
SDN,50k-100k,1978.0,25.0,1882242.0
SEN,1-2.5 millions,1978.0,1.0,1053680.0
SEN,100k-250k,1978.0,3.0,425351.0
SEN,250k-500k,1978.0,1.0,317760.0
SEN,50k-100k,1978.0,7.0,541361.0
SLE,100k-250k,1978.0,1.0,102733.0
SLE,250k-500k,1978.0,1.0,361944.0
SLE,50k-100k,1978.0,3.0,221090.0
SOM,100k-250k,1978.0,6.0,890063.0
SOM,250k-500k,1978.0,1.0,285517.0
SOM,50k-100k,1978.0,5.0,370930.0
SSA,1-2.5 millions,1978.0,9.0,10364315.0
SSA,100k-250k,1978.0,138.0,20334507.0
SSA,2.5-5 millions,1978.0,1.0,3093800.0
SSA,250k-500k,1978.0,33.0,11549593.0
SSA,500k-1 million,1978.0,12.0,8393267.0
SSA,50k-100k,1978.0,226.0,15998000.0
SSD,100k-250k,1978.0,1.0,197255.0
SSD,50k-100k,1978.0,4.0,335013.0
TCD,100k-250k,1978.0,1.0,137190.0
TCD,250k-500k,1978.0,1.0,273746.0
TCD,50k-100k,1978.0,7.0,448327.0
TGO,250k-500k,1978.0,1.0,268939.0
TGO,50k-100k,1978.0,5.0,357510.0
TZA,100k-250k,1978.0,1.0,113336.0
TZA,250k-500k,1978.0,1.0,442633.0
TZA,50k-100k,1978.0,1.0,99971.0
UGA,500k-1 million,1978.0,1.0,648004.0
ZAF,1-2.5 millions,1978.0,2.0,2347744.0
ZAF,100k-250k,1978.0,6.0,821358.0
ZAF,250k-500k,1978.0,4.0,1336214.0
ZAF,500k-1 million,1978.0,1.0,688485.0
ZAF,50k-100k,1978.0,6.0,452518.0
ZMB,100k-250k,1978.0,3.0,398503.0
ZMB,250k-500k,1978.0,1.0,318140.0
ZWE,250k-500k,1978.0,1.0,340459.0
ZWE,500k-1 million,1978.0,1.0,545189.0
AFE,1-2.5 millions,1979.0,7.0,8276757.0
AFE,100k-250k,1979.0,78.0,11727178.0
AFE,250k-500k,1979.0,16.0,5456120.0
AFE,500k-1 million,1979.0,7.0,4400189.0
AFE,50k-100k,1979.0,99.0,7146326.0
AFW,1-2.5 millions,1979.0,4.0,4745910.0
AFW,100k-250k,1979.0,65.0,9674682.0
AFW,2.5-5 millions,1979.0,1.0,3254250.0
AFW,250k-500k,1979.0,19.0,6868764.0
AFW,500k-1 million,1979.0,6.0,4398040.0
AFW,50k-100k,1979.0,121.0,8541179.0
AGO,1-2.5 millions,1979.0,1.0,1030986.0000000001
AGO,100k-250k,1979.0,8.0,1251551.0
AGO,250k-500k,1979.0,1.0,274757.0
AGO,50k-100k,1979.0,7.0,491007.0
BDI,100k-250k,1979.0,1.0,142886.0
BDI,50k-100k,1979.0,1.0,61173.0
BEN,100k-250k,1979.0,1.0,207385.0
BEN,250k-500k,1979.0,1.0,476891.0
BFA,100k-250k,1979.0,2.0,338693.0
BFA,50k-100k,1979.0,1.0,63864.0
CAF,250k-500k,1979.0,1.0,418686.0
CIV,1-2.5 millions,1979.0,1.0,1425974.0
CIV,100k-250k,1979.0,2.0,331622.0
CIV,50k-100k,1979.0,1.0,73283.0
CMR,100k-250k,1979.0,7.0,969221.0
CMR,500k-1 million,1979.0,2.0,1082020.0
CMR,50k-100k,1979.0,12.0,796236.0
COD,1-2.5 millions,1979.0,2.0,2452617.0
COD,100k-250k,1979.0,19.0,3148794.0
COD,250k-500k,1979.0,3.0,922886.0
COD,500k-1 million,1979.0,1.0,535464.0
COD,50k-100k,1979.0,21.0,1447069.0
COG,100k-250k,1979.0,1.0,177376.0
COG,250k-500k,1979.0,1.0,380574.0
COG,500k-1 million,1979.0,1.0,697743.0
COG,50k-100k,1979.0,1.0,63707.0
COM,50k-100k,1979.0,1.0,87310.0
CPV,50k-100k,1979.0,1.0,76526.0
ERI,100k-250k,1979.0,1.0,185845.0
ERI,250k-500k,1979.0,1.0,311583.0
ERI,50k-100k,1979.0,1.0,64051.0
ETH,1-2.5 millions,1979.0,1.0,1087808.0
ETH,100k-250k,1979.0,7.0,952791.0
ETH,50k-100k,1979.0,28.0,1916425.0
GAB,100k-250k,1979.0,1.0,154917.0
GAB,50k-100k,1979.0,1.0,60461.0
GHA,1-2.5 millions,1979.0,1.0,1105299.0
GHA,100k-250k,1979.0,2.0,327749.0
GHA,250k-500k,1979.0,1.0,466982.0
GHA,50k-100k,1979.0,5.0,360656.0
GIN,500k-1 million,1979.0,1.0,677424.0
GMB,100k-250k,1979.0,1.0,123610.0
GNB,100k-250k,1979.0,1.0,110077.0
KEN,100k-250k,1979.0,1.0,133683.0
KEN,250k-500k,1979.0,1.0,278249.0
KEN,500k-1 million,1979.0,1.0,723095.0
LBR,100k-250k,1979.0,1.0,244216.0
MDG,250k-500k,1979.0,1.0,371878.0
MLI,250k-500k,1979.0,1.0,443704.0
MLI,50k-100k,1979.0,1.0,72003.0
MOZ,100k-250k,1979.0,4.0,494805.0
MOZ,500k-1 million,1979.0,1.0,666272.0
MOZ,50k-100k,1979.0,3.0,225539.0
MUS,250k-500k,1979.0,1.0,440446.0
NER,100k-250k,1979.0,3.0,474721.0
NER,50k-100k,1979.0,4.0,283365.0
NGA,1-2.5 millions,1979.0,1.0,1122090.0
NGA,100k-250k,1979.0,38.0,5541818.0
NGA,2.5-5 millions,1979.0,1.0,3254250.0
NGA,250k-500k,1979.0,10.0,3396238.0
NGA,500k-1 million,1979.0,2.0,1940853.0
NGA,50k-100k,1979.0,72.0,5105401.0
SDN,1-2.5 millions,1979.0,1.0,1296445.0
SDN,100k-250k,1979.0,17.0,2519651.0
SDN,50k-100k,1979.0,24.0,1835983.0
SEN,1-2.5 millions,1979.0,1.0,1092547.0
SEN,100k-250k,1979.0,3.0,430107.0
SEN,250k-500k,1979.0,1.0,324034.0
SEN,50k-100k,1979.0,7.0,548038.0
SLE,100k-250k,1979.0,1.0,105522.0
SLE,250k-500k,1979.0,1.0,379341.0
SLE,50k-100k,1979.0,3.0,223695.0
SOM,100k-250k,1979.0,6.0,956633.0
SOM,250k-500k,1979.0,1.0,296114.0
SOM,500k-1 million,1979.0,1.0,522462.0
SOM,50k-100k,1979.0,5.0,402658.0
SSA,1-2.5 millions,1979.0,11.0,13022667.0
SSA,100k-250k,1979.0,143.0,21401860.0
SSA,2.5-5 millions,1979.0,1.0,3254250.0
SSA,250k-500k,1979.0,35.0,12324884.0
SSA,500k-1 million,1979.0,13.0,8798229.0
SSA,50k-100k,1979.0,220.0,15687505.0
SSD,100k-250k,1979.0,2.0,300751.0
SSD,50k-100k,1979.0,3.0,243492.0
TCD,100k-250k,1979.0,1.0,137648.0
TCD,250k-500k,1979.0,1.0,291602.0
TCD,50k-100k,1979.0,7.0,450343.0
TGO,250k-500k,1979.0,1.0,290712.0
TGO,50k-100k,1979.0,5.0,363601.0
TZA,100k-250k,1979.0,2.0,219753.0
TZA,250k-500k,1979.0,1.0,490460.0
UGA,500k-1 million,1979.0,1.0,662667.0
ZAF,1-2.5 millions,1979.0,2.0,2408901.0
ZAF,100k-250k,1979.0,7.0,974034.0
ZAF,250k-500k,1979.0,4.0,1368941.0
ZAF,500k-1 million,1979.0,1.0,728025.0
ZAF,50k-100k,1979.0,5.0,371619.0
ZMB,100k-250k,1979.0,3.0,446001.0
ZMB,250k-500k,1979.0,1.0,351219.0
ZWE,250k-500k,1979.0,1.0,349587.0
ZWE,500k-1 million,1979.0,1.0,562204.0
AFE,1-2.5 millions,1980.0,7.0,8635498.0
AFE,100k-250k,1980.0,83.0,12602128.0
AFE,250k-500k,1980.0,16.0,5388386.0
AFE,500k-1 million,1980.0,8.0,5140713.0
AFE,50k-100k,1980.0,139.0,9535742.0
AFW,1-2.5 millions,1980.0,6.0,7066658.0
AFW,100k-250k,1980.0,65.0,9545714.0
AFW,2.5-5 millions,1980.0,1.0,3414699.0
AFW,250k-500k,1980.0,21.0,7458415.0
AFW,500k-1 million,1980.0,4.0,2573315.0
AFW,50k-100k,1980.0,155.0,10416534.0
AGO,1-2.5 millions,1980.0,1.0,1035736.0000000001
AGO,100k-250k,1980.0,8.0,1306797.0
AGO,250k-500k,1980.0,1.0,297367.0
AGO,50k-100k,1980.0,10.0,702049.0
BDI,100k-250k,1980.0,1.0,158740.0
BDI,50k-100k,1980.0,1.0,62265.0
BEN,100k-250k,1980.0,1.0,213741.0
BFA,100k-250k,1980.0,2.0,376243.0
BFA,50k-100k,1980.0,2.0,116221.0
CAF,250k-500k,1980.0,1.0,429481.0
CIV,1-2.5 millions,1980.0,1.0,1526281.0
CIV,100k-250k,1980.0,2.0,346699.0
CIV,50k-100k,1980.0,2.0,137891.0
CMR,100k-250k,1980.0,7.0,982790.0
CMR,500k-1 million,1980.0,2.0,1148968.0
CMR,50k-100k,1980.0,14.0,912264.0
COD,1-2.5 millions,1980.0,2.0,2584251.0
COD,100k-250k,1980.0,18.0,2948095.0
COD,250k-500k,1980.0,4.0,1191733.0
COD,500k-1 million,1980.0,1.0,550326.0
COD,50k-100k,1980.0,26.0,1751289.0
COG,100k-250k,1980.0,1.0,200650.0
COG,250k-500k,1980.0,1.0,366878.0
COG,500k-1 million,1980.0,1.0,731108.0
COG,50k-100k,1980.0,1.0,61813.0
COM,50k-100k,1980.0,1.0,89270.0
CPV,50k-100k,1980.0,1.0,77586.0
ERI,100k-250k,1980.0,1.0,186735.0
ERI,250k-500k,1980.0,1.0,312802.0
ERI,50k-100k,1980.0,2.0,139889.0
ETH,1-2.5 millions,1980.0,1.0,1142535.0
ETH,100k-250k,1980.0,7.0,975873.0
ETH,50k-100k,1980.0,34.0,2265979.0
GAB,100k-250k,1980.0,1.0,171922.0
GAB,50k-100k,1980.0,1.0,60117.0
GHA,1-2.5 millions,1980.0,1.0,1167571.0
GHA,100k-250k,1980.0,3.0,436587.0
GHA,250k-500k,1980.0,1.0,479743.0
GHA,50k-100k,1980.0,7.0,431293.0
GIN,500k-1 million,1980.0,1.0,693239.0
GIN,50k-100k,1980.0,1.0,53331.0
GMB,100k-250k,1980.0,1.0,130997.00000000001
GNB,100k-250k,1980.0,1.0,118214.0
KEN,100k-250k,1980.0,1.0,147288.0
KEN,250k-500k,1980.0,1.0,296915.0
KEN,500k-1 million,1980.0,1.0,769289.0
LBR,250k-500k,1980.0,1.0,289244.0
LSO,50k-100k,1980.0,1.0,78449.0
MDG,250k-500k,1980.0,1.0,392639.0
MLI,250k-500k,1980.0,1.0,468669.0
MLI,50k-100k,1980.0,1.0,72642.0
MOZ,100k-250k,1980.0,4.0,521033.0
MOZ,500k-1 million,1980.0,1.0,716201.0
MOZ,50k-100k,1980.0,6.0,394782.0
MUS,250k-500k,1980.0,1.0,445539.0
NAM,50k-100k,1980.0,1.0,53240.0
NER,100k-250k,1980.0,3.0,494164.0
NER,50k-100k,1980.0,4.0,290913.0
NGA,1-2.5 millions,1980.0,3.0,3241393.0
NGA,100k-250k,1980.0,37.0,5292169.0
NGA,2.5-5 millions,1980.0,1.0,3414699.0
NGA,250k-500k,1980.0,12.0,4075412.0
NGA,50k-100k,1980.0,98.0,6598673.0
RWA,50k-100k,1980.0,1.0,81256.0
SDN,1-2.5 millions,1980.0,1.0,1402918.0
SDN,100k-250k,1980.0,20.0,2947777.0
SDN,50k-100k,1980.0,28.0,2024603.0
SEN,1-2.5 millions,1980.0,1.0,1131413.0
SEN,100k-250k,1980.0,4.0,535120.0
SEN,250k-500k,1980.0,1.0,330307.0
SEN,50k-100k,1980.0,7.0,504466.0
SLE,100k-250k,1980.0,1.0,108312.0
SLE,250k-500k,1980.0,1.0,396739.0
SLE,50k-100k,1980.0,3.0,226301.0
SOM,100k-250k,1980.0,7.0,1131893.0
SOM,250k-500k,1980.0,1.0,306711.0
SOM,500k-1 million,1980.0,1.0,542495.0
SOM,50k-100k,1980.0,12.0,796578.0
SSA,1-2.5 millions,1980.0,13.0,15702156.0
SSA,100k-250k,1980.0,148.0,22147842.0
SSA,2.5-5 millions,1980.0,1.0,3414699.0
SSA,250k-500k,1980.0,37.0,12846801.0
SSA,500k-1 million,1980.0,12.0,7714028.0
SSA,50k-100k,1980.0,294.0,19952276.0
SSD,100k-250k,1980.0,2.0,305458.0
SSD,50k-100k,1980.0,4.0,307430.0
TCD,100k-250k,1980.0,1.0,138106.0
TCD,250k-500k,1980.0,1.0,309458.0
TCD,50k-100k,1980.0,8.0,503332.0
TGO,250k-500k,1980.0,1.0,312484.0
TGO,50k-100k,1980.0,5.0,369691.0
TZA,100k-250k,1980.0,3.0,344593.0
TZA,500k-1 million,1980.0,1.0,538288.0
TZA,50k-100k,1980.0,3.0,209617.0
UGA,500k-1 million,1980.0,1.0,677330.0
ZAF,1-2.5 millions,1980.0,2.0,2470058.0
ZAF,100k-250k,1980.0,8.0,1134346.0
ZAF,250k-500k,1980.0,4.0,1401667.0
ZAF,500k-1 million,1980.0,1.0,767564.0
ZAF,50k-100k,1980.0,9.0,579046.0
ZMB,100k-250k,1980.0,3.0,493500.0
ZMB,250k-500k,1980.0,1.0,384299.0
ZWE,250k-500k,1980.0,1.0,358714.0
ZWE,500k-1 million,1980.0,1.0,579220.0
AFE,1-2.5 millions,1981.0,7.0,9096056.0
AFE,100k-250k,1981.0,83.0,12654385.0
AFE,250k-500k,1981.0,18.0,6087873.0
AFE,500k-1 million,1981.0,8.0,5484652.0
AFE,50k-100k,1981.0,140.0,9816755.0
AFW,1-2.5 millions,1981.0,6.0,7461610.0
AFW,100k-250k,1981.0,68.0,10121924.0
AFW,2.5-5 millions,1981.0,1.0,3629075.0
AFW,250k-500k,1981.0,21.0,7544912.0
AFW,500k-1 million,1981.0,6.0,3751786.0
AFW,50k-100k,1981.0,148.0,10128756.0
AGO,1-2.5 millions,1981.0,1.0,1040050.9999999999
AGO,100k-250k,1981.0,8.0,1360422.0
AGO,250k-500k,1981.0,1.0,326372.0
AGO,50k-100k,1981.0,10.0,736992.0
BDI,100k-250k,1981.0,1.0,169322.0
BDI,50k-100k,1981.0,1.0,63629.0
BEN,100k-250k,1981.0,1.0,219704.0
BEN,500k-1 million,1981.0,1.0,527949.0
BFA,100k-250k,1981.0,2.0,415523.0
BFA,50k-100k,1981.0,2.0,119947.0
CAF,250k-500k,1981.0,1.0,441748.0
CIV,1-2.5 millions,1981.0,1.0,1608172.0
CIV,100k-250k,1981.0,2.0,366490.0
CIV,50k-100k,1981.0,2.0,144265.0
CMR,100k-250k,1981.0,7.0,1002443.0
CMR,500k-1 million,1981.0,2.0,1214721.0
CMR,50k-100k,1981.0,13.0,876701.0
COD,1-2.5 millions,1981.0,2.0,2757249.0
COD,100k-250k,1981.0,17.0,2744888.0
COD,250k-500k,1981.0,5.0,1462056.0
COD,500k-1 million,1981.0,1.0,567260.0
COD,50k-100k,1981.0,26.0,1792481.0
COG,100k-250k,1981.0,1.0,218969.0
COG,250k-500k,1981.0,1.0,350601.0
COG,500k-1 million,1981.0,1.0,769245.0
COM,50k-100k,1981.0,1.0,93882.0
CPV,50k-100k,1981.0,1.0,78334.0
ERI,100k-250k,1981.0,1.0,187995.0
ERI,250k-500k,1981.0,1.0,312723.0
ERI,50k-100k,1981.0,2.0,147533.0
ETH,1-2.5 millions,1981.0,1.0,1227888.0
ETH,100k-250k,1981.0,8.0,1109537.0
ETH,50k-100k,1981.0,33.0,2204579.0
GAB,100k-250k,1981.0,1.0,181049.0
GAB,50k-100k,1981.0,1.0,61124.0
GHA,1-2.5 millions,1981.0,1.0,1218837.0
GHA,100k-250k,1981.0,3.0,445603.0
GHA,250k-500k,1981.0,1.0,497016.0
GHA,50k-100k,1981.0,7.0,448587.0
GIN,500k-1 million,1981.0,1.0,713657.0
GIN,50k-100k,1981.0,1.0,55341.0
GMB,100k-250k,1981.0,1.0,142528.0
GNB,100k-250k,1981.0,1.0,124040.0
KEN,100k-250k,1981.0,1.0,153732.0
KEN,250k-500k,1981.0,1.0,311222.0
KEN,500k-1 million,1981.0,1.0,832264.0
KEN,50k-100k,1981.0,1.0,55868.0
LBR,250k-500k,1981.0,1.0,331071.0
LSO,50k-100k,1981.0,1.0,91483.0
MDG,250k-500k,1981.0,1.0,419554.0
MDG,50k-100k,1981.0,1.0,54355.0
MLI,250k-500k,1981.0,1.0,499613.0
MLI,50k-100k,1981.0,1.0,73456.0
MOZ,100k-250k,1981.0,5.0,635219.0
MOZ,500k-1 million,1981.0,1.0,747059.0
MOZ,50k-100k,1981.0,5.0,308021.0
MRT,100k-250k,1981.0,1.0,136338.0
MUS,250k-500k,1981.0,1.0,451383.0
MWI,50k-100k,1981.0,1.0,87977.0
NAM,50k-100k,1981.0,1.0,56788.0
NER,100k-250k,1981.0,3.0,515490.0
NER,50k-100k,1981.0,4.0,304291.0
NGA,1-2.5 millions,1981.0,3.0,3457213.0
NGA,100k-250k,1981.0,38.0,5457964.0
NGA,2.5-5 millions,1981.0,1.0,3629075.0
NGA,250k-500k,1981.0,12.0,4001888.0
NGA,500k-1 million,1981.0,1.0,526214.0
NGA,50k-100k,1981.0,95.0,6481302.0
RWA,50k-100k,1981.0,1.0,86006.0
SDN,1-2.5 millions,1981.0,1.0,1514319.0
SDN,100k-250k,1981.0,20.0,3040759.0
SDN,50k-100k,1981.0,28.0,2083848.0
SEN,1-2.5 millions,1981.0,1.0,1177388.0
SEN,100k-250k,1981.0,4.0,545140.0
SEN,250k-500k,1981.0,1.0,339441.0
SEN,50k-100k,1981.0,6.0,462060.0
SLE,100k-250k,1981.0,1.0,108741.0
SLE,250k-500k,1981.0,1.0,417807.0
SLE,50k-100k,1981.0,3.0,231719.0
SOM,100k-250k,1981.0,6.0,898653.0
SOM,250k-500k,1981.0,2.0,571306.0
SOM,500k-1 million,1981.0,1.0,585409.0
SOM,50k-100k,1981.0,12.0,817241.0
SSA,1-2.5 millions,1981.0,13.0,16557666.0
SSA,100k-250k,1981.0,151.0,22776309.0
SSA,2.5-5 millions,1981.0,1.0,3629075.0
SSA,250k-500k,1981.0,39.0,13632785.0
SSA,500k-1 million,1981.0,14.0,9236438.0
SSA,50k-100k,1981.0,288.0,19945511.0
SSD,100k-250k,1981.0,2.0,308777.0
SSD,50k-100k,1981.0,4.0,317728.0
TCD,100k-250k,1981.0,1.0,138838.0
TCD,250k-500k,1981.0,1.0,330333.0
TCD,50k-100k,1981.0,8.0,513385.0
TGO,100k-250k,1981.0,1.0,103064.0
TGO,250k-500k,1981.0,1.0,335394.0
TGO,50k-100k,1981.0,4.0,278244.0
TZA,100k-250k,1981.0,3.0,356166.0
TZA,500k-1 million,1981.0,1.0,583021.0
TZA,50k-100k,1981.0,3.0,218250.0
UGA,500k-1 million,1981.0,1.0,704350.0
ZAF,1-2.5 millions,1981.0,2.0,2556549.0
ZAF,100k-250k,1981.0,8.0,1179895.0
ZAF,250k-500k,1981.0,4.0,1442692.0
ZAF,500k-1 million,1981.0,1.0,833597.0
ZAF,50k-100k,1981.0,9.0,600094.0
ZMB,100k-250k,1981.0,3.0,509020.0
ZMB,250k-500k,1981.0,1.0,414524.0
ZWE,250k-500k,1981.0,1.0,376041.0
ZWE,500k-1 million,1981.0,1.0,631692.0
AFE,1-2.5 millions,1982.0,7.0,9556614.0
AFE,100k-250k,1982.0,87.0,13434112.0
AFE,250k-500k,1982.0,18.0,6290421.0
AFE,500k-1 million,1982.0,8.0,5828594.0
AFE,50k-100k,1982.0,135.0,9602105.0
AFW,1-2.5 millions,1982.0,6.0,7856562.0
AFW,100k-250k,1982.0,67.0,9943340.0
AFW,2.5-5 millions,1982.0,1.0,3843450.0
AFW,250k-500k,1982.0,22.0,7639633.0
AFW,500k-1 million,1982.0,8.0,4974847.0
AFW,50k-100k,1982.0,146.0,10147699.0
AGO,1-2.5 millions,1982.0,1.0,1044366.0
AGO,100k-250k,1982.0,8.0,1414048.0
AGO,250k-500k,1982.0,1.0,355377.0
AGO,50k-100k,1982.0,10.0,771935.0
BDI,100k-250k,1982.0,1.0,179904.0
BDI,50k-100k,1982.0,1.0,64992.00000000001
BEN,100k-250k,1982.0,1.0,225668.0
BEN,500k-1 million,1982.0,1.0,550855.0
BFA,100k-250k,1982.0,1.0,187236.0
BFA,250k-500k,1982.0,1.0,267566.0
BFA,50k-100k,1982.0,2.0,123673.0
CAF,250k-500k,1982.0,1.0,454015.0
CIV,1-2.5 millions,1982.0,1.0,1690063.0
CIV,100k-250k,1982.0,1.0,120974.0
CIV,250k-500k,1982.0,1.0,265308.0
CIV,50k-100k,1982.0,2.0,150639.0
CMR,100k-250k,1982.0,7.0,1022097.0
CMR,500k-1 million,1982.0,2.0,1280473.0
CMR,50k-100k,1982.0,13.0,893647.0
COD,1-2.5 millions,1982.0,2.0,2930247.0
COD,100k-250k,1982.0,17.0,2790162.0
COD,250k-500k,1982.0,5.0,1483899.0
COD,500k-1 million,1982.0,1.0,584195.0
COD,50k-100k,1982.0,26.0,1833674.0
COG,100k-250k,1982.0,1.0,237288.0
COG,250k-500k,1982.0,1.0,334323.0
COG,500k-1 million,1982.0,1.0,807382.0
COM,50k-100k,1982.0,1.0,98494.0
CPV,50k-100k,1982.0,1.0,79082.0
ERI,100k-250k,1982.0,1.0,189256.0
ERI,250k-500k,1982.0,1.0,312644.0
ERI,50k-100k,1982.0,2.0,155176.0
ETH,1-2.5 millions,1982.0,1.0,1313241.0
ETH,100k-250k,1982.0,10.0,1353125.0
ETH,50k-100k,1982.0,31.0,2033255.0
GAB,100k-250k,1982.0,1.0,190176.0
GAB,50k-100k,1982.0,1.0,62130.0
GHA,1-2.5 millions,1982.0,1.0,1270103.0
GHA,100k-250k,1982.0,3.0,454618.0
GHA,500k-1 million,1982.0,1.0,514288.0
GHA,50k-100k,1982.0,7.0,465880.0
GIN,500k-1 million,1982.0,1.0,734075.0
GIN,50k-100k,1982.0,1.0,57350.0
GMB,100k-250k,1982.0,1.0,154060.0
GNB,100k-250k,1982.0,1.0,129865.00000000001
KEN,100k-250k,1982.0,1.0,160176.0
KEN,250k-500k,1982.0,1.0,325529.0
KEN,500k-1 million,1982.0,1.0,895239.0
KEN,50k-100k,1982.0,1.0,59891.0
LBR,250k-500k,1982.0,1.0,372897.0
MDG,250k-500k,1982.0,1.0,446468.0
MDG,50k-100k,1982.0,1.0,58162.0
MLI,500k-1 million,1982.0,1.0,530557.0
MLI,50k-100k,1982.0,1.0,74271.0
MOZ,100k-250k,1982.0,5.0,650149.0
MOZ,500k-1 million,1982.0,1.0,777917.0
MOZ,50k-100k,1982.0,5.0,320516.0
MRT,100k-250k,1982.0,1.0,166715.0
MUS,250k-500k,1982.0,1.0,457228.0
MWI,100k-250k,1982.0,1.0,117732.0
NAM,50k-100k,1982.0,1.0,60336.0
NER,100k-250k,1982.0,3.0,536817.0
NER,50k-100k,1982.0,4.0,317669.0
NGA,1-2.5 millions,1982.0,3.0,3673032.0
NGA,100k-250k,1982.0,38.0,5507070.0
NGA,2.5-5 millions,1982.0,1.0,3843450.0
NGA,250k-500k,1982.0,13.0,4448562.0
NGA,500k-1 million,1982.0,1.0,557217.0
NGA,50k-100k,1982.0,94.0,6507053.0
RWA,50k-100k,1982.0,1.0,90757.0
SDN,1-2.5 millions,1982.0,1.0,1625720.0
SDN,100k-250k,1982.0,21.0,3235868.0
SDN,50k-100k,1982.0,27.0,2040965.0
SEN,1-2.5 millions,1982.0,1.0,1223364.0
SEN,100k-250k,1982.0,5.0,655535.0
SEN,250k-500k,1982.0,1.0,348575.0
SEN,50k-100k,1982.0,5.0,369288.0
SLE,100k-250k,1982.0,1.0,109171.0
SLE,250k-500k,1982.0,1.0,438875.0
SLE,50k-100k,1982.0,3.0,237137.0
SOM,100k-250k,1982.0,6.0,913871.0
SOM,250k-500k,1982.0,2.0,587442.0
SOM,500k-1 million,1982.0,1.0,628323.0
SOM,50k-100k,1982.0,12.0,837903.0
SSA,1-2.5 millions,1982.0,13.0,17413176.0
SSA,100k-250k,1982.0,154.0,23377452.0
SSA,2.5-5 millions,1982.0,1.0,3843450.0
SSA,250k-500k,1982.0,40.0,13930054.0
SSA,500k-1 million,1982.0,16.0,10803441.0
SSA,50k-100k,1982.0,281.0,19749804.0
SSD,100k-250k,1982.0,2.0,312096.0
SSD,50k-100k,1982.0,4.0,328025.0
TCD,100k-250k,1982.0,1.0,139569.0
TCD,250k-500k,1982.0,1.0,351207.0
TCD,50k-100k,1982.0,8.0,523438.0
TGO,100k-250k,1982.0,1.0,106481.0
TGO,250k-500k,1982.0,1.0,358305.0
TGO,50k-100k,1982.0,4.0,286442.0
TZA,100k-250k,1982.0,3.0,367740.0
TZA,500k-1 million,1982.0,1.0,627754.0
TZA,50k-100k,1982.0,3.0,226883.0
UGA,500k-1 million,1982.0,1.0,731370.0
ZAF,1-2.5 millions,1982.0,2.0,2643040.0
ZAF,100k-250k,1982.0,8.0,1225444.0
ZAF,250k-500k,1982.0,4.0,1483717.0
ZAF,500k-1 million,1982.0,1.0,899631.0
ZAF,50k-100k,1982.0,9.0,621141.0
ZMB,100k-250k,1982.0,3.0,524541.0
ZMB,250k-500k,1982.0,1.0,444749.0
ZWE,250k-500k,1982.0,1.0,393368.0
ZWE,500k-1 million,1982.0,1.0,684165.0
AFE,1-2.5 millions,1983.0,7.0,10017172.0
AFE,100k-250k,1983.0,97.0,14882579.0
AFE,250k-500k,1983.0,18.0,6492971.0
AFE,500k-1 million,1983.0,8.0,6172532.0
AFE,50k-100k,1983.0,126.0,8927745.0
AFW,1-2.5 millions,1983.0,6.0,8251515.0
AFW,100k-250k,1983.0,68.0,9899050.0
AFW,2.5-5 millions,1983.0,1.0,4057825.0
AFW,250k-500k,1983.0,23.0,8060710.0
AFW,500k-1 million,1983.0,9.0,5708049.0
AFW,50k-100k,1983.0,142.0,9943203.0
AGO,1-2.5 millions,1983.0,1.0,1048681.0
AGO,100k-250k,1983.0,10.0,1678820.0
AGO,250k-500k,1983.0,1.0,384382.0
AGO,50k-100k,1983.0,8.0,595731.0
BDI,100k-250k,1983.0,1.0,190485.0
BDI,50k-100k,1983.0,1.0,66356.0
BEN,100k-250k,1983.0,1.0,231631.0
BEN,500k-1 million,1983.0,1.0,573762.0
BFA,100k-250k,1983.0,1.0,199157.0
BFA,250k-500k,1983.0,1.0,294925.0
BFA,50k-100k,1983.0,2.0,127400.0
CAF,250k-500k,1983.0,1.0,466282.0
CIV,1-2.5 millions,1983.0,1.0,1771955.0
CIV,100k-250k,1983.0,1.0,124635.0
CIV,250k-500k,1983.0,1.0,281438.0
CIV,50k-100k,1983.0,2.0,157012.0
CMR,100k-250k,1983.0,7.0,1041750.0
CMR,500k-1 million,1983.0,2.0,1346226.0
CMR,50k-100k,1983.0,13.0,910593.0
COD,1-2.5 millions,1983.0,2.0,3103245.0
COD,100k-250k,1983.0,17.0,2835435.0
COD,250k-500k,1983.0,5.0,1505742.0
COD,500k-1 million,1983.0,1.0,601129.0
COD,50k-100k,1983.0,26.0,1874866.0
COG,250k-500k,1983.0,2.0,573653.0
COG,500k-1 million,1983.0,1.0,845519.0
COM,100k-250k,1983.0,1.0,103107.0
CPV,50k-100k,1983.0,1.0,79830.0
ERI,100k-250k,1983.0,2.0,294138.0
ERI,250k-500k,1983.0,1.0,312566.0
ERI,50k-100k,1983.0,1.0,59199.0
ETH,1-2.5 millions,1983.0,1.0,1398594.0
ETH,100k-250k,1983.0,10.0,1399945.0
ETH,50k-100k,1983.0,31.0,2058699.9999999998
GAB,100k-250k,1983.0,1.0,199304.0
GAB,50k-100k,1983.0,1.0,63137.0
GHA,1-2.5 millions,1983.0,1.0,1321369.0
GHA,100k-250k,1983.0,3.0,463634.0
GHA,500k-1 million,1983.0,1.0,531561.0
GHA,50k-100k,1983.0,7.0,483174.0
GIN,500k-1 million,1983.0,1.0,754493.0
GIN,50k-100k,1983.0,1.0,59360.0
GMB,100k-250k,1983.0,1.0,165591.0
GNB,100k-250k,1983.0,1.0,135691.0
KEN,100k-250k,1983.0,1.0,166620.0
KEN,250k-500k,1983.0,1.0,339836.0
KEN,500k-1 million,1983.0,1.0,958214.0
KEN,50k-100k,1983.0,1.0,63913.0
LBR,250k-500k,1983.0,1.0,414724.0
LSO,100k-250k,1983.0,1.0,117550.0
MDG,250k-500k,1983.0,1.0,473383.0
MDG,50k-100k,1983.0,1.0,61968.0
MLI,500k-1 million,1983.0,1.0,561502.0
MLI,50k-100k,1983.0,1.0,75085.0
MOZ,100k-250k,1983.0,5.0,665078.0
MOZ,500k-1 million,1983.0,1.0,808774.0
MOZ,50k-100k,1983.0,5.0,333012.0
MRT,100k-250k,1983.0,1.0,197091.0
MUS,250k-500k,1983.0,1.0,463072.0
MWI,100k-250k,1983.0,1.0,147487.0
NAM,50k-100k,1983.0,1.0,63884.0
NER,100k-250k,1983.0,2.0,305486.0
NER,50k-100k,1983.0,4.0,331048.0
NGA,1-2.5 millions,1983.0,3.0,3888852.0
NGA,100k-250k,1983.0,41.0,5808326.0
NGA,2.5-5 millions,1983.0,1.0,4057825.0
NGA,250k-500k,1983.0,13.0,4458738.0
NGA,500k-1 million,1983.0,2.0,1094986.0
NGA,50k-100k,1983.0,90.0,6210386.0
RWA,50k-100k,1983.0,1.0,95508.0
SDN,1-2.5 millions,1983.0,1.0,1737121.0
SDN,100k-250k,1983.0,24.0,3647573.0
SDN,50k-100k,1983.0,24.0,1781487.0
SEN,1-2.5 millions,1983.0,1.0,1269339.0
SEN,100k-250k,1983.0,5.0,666955.0
SEN,250k-500k,1983.0,1.0,357710.0
SEN,50k-100k,1983.0,5.0,375491.0
SLE,100k-250k,1983.0,1.0,109600.0
SLE,250k-500k,1983.0,1.0,459943.0
SLE,50k-100k,1983.0,3.0,242555.0
SOM,100k-250k,1983.0,6.0,929089.0
SOM,250k-500k,1983.0,2.0,603578.0
SOM,500k-1 million,1983.0,1.0,671237.0
SOM,50k-100k,1983.0,12.0,858565.0
SSA,1-2.5 millions,1983.0,13.0,18268687.0
SSA,100k-250k,1983.0,165.0,24781629.0
SSA,2.5-5 millions,1983.0,1.0,4057825.0
SSA,250k-500k,1983.0,41.0,14553681.0
SSA,500k-1 million,1983.0,17.0,11880581.0
SSA,50k-100k,1983.0,268.0,18870948.0
SSD,100k-250k,1983.0,3.0,415800.0
SSD,50k-100k,1983.0,3.0,237936.0
TCD,100k-250k,1983.0,1.0,140300.0
TCD,250k-500k,1983.0,1.0,372082.0
TCD,50k-100k,1983.0,8.0,533491.0
TGO,100k-250k,1983.0,1.0,109899.0
TGO,250k-500k,1983.0,1.0,381215.0
TGO,50k-100k,1983.0,4.0,294641.0
TZA,100k-250k,1983.0,3.0,379314.0
TZA,500k-1 million,1983.0,1.0,672487.0
TZA,50k-100k,1983.0,3.0,235516.0
UGA,500k-1 million,1983.0,1.0,758390.0
ZAF,1-2.5 millions,1983.0,2.0,2729531.0
ZAF,100k-250k,1983.0,9.0,1372077.0
ZAF,250k-500k,1983.0,4.0,1524742.0
ZAF,500k-1 million,1983.0,1.0,965664.0
ZAF,50k-100k,1983.0,8.0,541104.0
ZMB,100k-250k,1983.0,3.0,540061.0
ZMB,250k-500k,1983.0,1.0,474975.0
ZWE,250k-500k,1983.0,1.0,410695.0
ZWE,500k-1 million,1983.0,1.0,736637.0
AFE,1-2.5 millions,1984.0,8.0,11509427.0
AFE,100k-250k,1984.0,95.0,14677138.0
AFE,250k-500k,1984.0,18.0,6210211.0
AFE,500k-1 million,1984.0,6.0,4463588.0
AFE,50k-100k,1984.0,124.0,8929085.0
AFW,1-2.5 millions,1984.0,6.0,8646466.0
AFW,100k-250k,1984.0,72.0,10602436.0
AFW,2.5-5 millions,1984.0,1.0,4272200.0
AFW,250k-500k,1984.0,23.0,8225375.0
AFW,500k-1 million,1984.0,10.0,6474176.0
AFW,50k-100k,1984.0,138.0,9719831.0
AGO,1-2.5 millions,1984.0,1.0,1052996.0
AGO,100k-250k,1984.0,9.0,1481750.0
AGO,250k-500k,1984.0,2.0,678661.0
AGO,50k-100k,1984.0,8.0,616096.0
BDI,100k-250k,1984.0,1.0,201067.0
BDI,50k-100k,1984.0,1.0,67719.0
BEN,100k-250k,1984.0,1.0,237594.0
BEN,500k-1 million,1984.0,1.0,596669.0
BFA,100k-250k,1984.0,1.0,211077.0
BFA,250k-500k,1984.0,1.0,322284.0
BFA,50k-100k,1984.0,2.0,131126.0
CAF,250k-500k,1984.0,1.0,478549.0
CIV,1-2.5 millions,1984.0,1.0,1853846.0
CIV,100k-250k,1984.0,1.0,128295.99999999999
CIV,250k-500k,1984.0,1.0,297569.0
CIV,50k-100k,1984.0,2.0,163386.0
CMR,100k-250k,1984.0,7.0,1061404.0
CMR,500k-1 million,1984.0,2.0,1411978.0
CMR,50k-100k,1984.0,13.0,927540.0
COD,1-2.5 millions,1984.0,2.0,3276243.0
COD,100k-250k,1984.0,17.0,2880709.0
COD,250k-500k,1984.0,5.0,1527584.0
COD,500k-1 million,1984.0,1.0,618064.0
COD,50k-100k,1984.0,26.0,1916058.0
COG,250k-500k,1984.0,2.0,575695.0
COG,500k-1 million,1984.0,1.0,883655.0
COM,100k-250k,1984.0,1.0,107719.0
CPV,50k-100k,1984.0,1.0,80579.0
ERI,100k-250k,1984.0,2.0,303759.0
ERI,250k-500k,1984.0,1.0,312487.0
ERI,50k-100k,1984.0,1.0,58482.0
ETH,1-2.5 millions,1984.0,1.0,1483947.0
ETH,100k-250k,1984.0,10.0,1446764.0
ETH,50k-100k,1984.0,31.0,2084143.9999999998
GAB,100k-250k,1984.0,1.0,208431.0
GAB,50k-100k,1984.0,1.0,64144.00000000001
GHA,1-2.5 millions,1984.0,1.0,1372635.0
GHA,100k-250k,1984.0,4.0,573736.0
GHA,500k-1 million,1984.0,1.0,548834.0
GHA,50k-100k,1984.0,6.0,399381.0
GIN,500k-1 million,1984.0,1.0,774911.0
GIN,50k-100k,1984.0,1.0,61370.0
GMB,100k-250k,1984.0,1.0,177122.0
GNB,100k-250k,1984.0,1.0,141516.0
KEN,100k-250k,1984.0,1.0,173064.0
KEN,250k-500k,1984.0,1.0,354142.0
KEN,50k-100k,1984.0,1.0,67935.0
LBR,250k-500k,1984.0,1.0,456551.0
LSO,100k-250k,1984.0,1.0,130584.0
MDG,50k-100k,1984.0,1.0,65775.0
MLI,500k-1 million,1984.0,1.0,592446.0
MLI,50k-100k,1984.0,1.0,75900.0
MOZ,100k-250k,1984.0,5.0,680008.0
MOZ,500k-1 million,1984.0,1.0,839632.0
MOZ,50k-100k,1984.0,5.0,345507.0
MRT,100k-250k,1984.0,1.0,227468.0
MUS,250k-500k,1984.0,1.0,468917.0
MWI,100k-250k,1984.0,1.0,177241.0
NAM,50k-100k,1984.0,1.0,67433.0
NER,100k-250k,1984.0,3.0,417890.0
NER,250k-500k,1984.0,1.0,262540.0
NER,50k-100k,1984.0,3.0,243467.0
NGA,1-2.5 millions,1984.0,3.0,4104671.0000000005
NGA,100k-250k,1984.0,43.0,6175150.0
NGA,2.5-5 millions,1984.0,1.0,4272200.0
NGA,250k-500k,1984.0,12.0,4187250.0
NGA,500k-1 million,1984.0,3.0,1665683.0
NGA,50k-100k,1984.0,88.0,6096888.0
SDN,1-2.5 millions,1984.0,1.0,1848522.0
SDN,100k-250k,1984.0,23.0,3509413.0
SDN,50k-100k,1984.0,24.0,1818629.0
SEN,1-2.5 millions,1984.0,1.0,1315314.0
SEN,100k-250k,1984.0,5.0,678375.0
SEN,250k-500k,1984.0,1.0,366844.0
SEN,50k-100k,1984.0,5.0,381694.0
SLE,100k-250k,1984.0,1.0,110029.0
SLE,250k-500k,1984.0,1.0,481011.0
SLE,50k-100k,1984.0,3.0,247972.0
SOM,100k-250k,1984.0,7.0,1051149.0
SOM,250k-500k,1984.0,2.0,619714.0
SOM,500k-1 million,1984.0,1.0,714152.0
SOM,50k-100k,1984.0,11.0,772386.0
SSA,1-2.5 millions,1984.0,14.0,20155893.0
SSA,100k-250k,1984.0,167.0,25279574.0
SSA,2.5-5 millions,1984.0,1.0,4272200.0
SSA,250k-500k,1984.0,41.0,14435586.0
SSA,500k-1 million,1984.0,16.0,10937764.0
SSA,50k-100k,1984.0,262.0,18648916.0
SSD,100k-250k,1984.0,3.0,420829.0
SSD,50k-100k,1984.0,3.0,246523.0
TCD,100k-250k,1984.0,1.0,141032.0
TCD,250k-500k,1984.0,1.0,392956.0
TCD,50k-100k,1984.0,8.0,543544.0
TGO,100k-250k,1984.0,1.0,113316.0
TGO,250k-500k,1984.0,1.0,404126.0
TGO,50k-100k,1984.0,4.0,302840.0
TZA,100k-250k,1984.0,3.0,390888.0
TZA,500k-1 million,1984.0,1.0,717220.0
TZA,50k-100k,1984.0,3.0,244149.0
UGA,500k-1 million,1984.0,1.0,785410.0
ZAF,1-2.5 millions,1984.0,3.0,3847719.0
ZAF,100k-250k,1984.0,8.0,1166612.0
ZAF,250k-500k,1984.0,5.0,1820684.0
ZAF,50k-100k,1984.0,8.0,558249.0
ZMB,100k-250k,1984.0,3.0,555582.0
ZWE,250k-500k,1984.0,1.0,428022.0
ZWE,500k-1 million,1984.0,1.0,789110.0
AFE,1-2.5 millions,1985.0,9.0,13120182.0
AFE,100k-250k,1985.0,99.0,15372557.0
AFE,250k-500k,1985.0,19.0,6382891.0
AFE,500k-1 million,1985.0,9.0,6248904.0
AFE,50k-100k,1985.0,185.0,12602271.0
AFW,1-2.5 millions,1985.0,6.0,9041417.0
AFW,100k-250k,1985.0,71.0,10657171.0
AFW,2.5-5 millions,1985.0,1.0,4486575.0
AFW,250k-500k,1985.0,22.0,8127014.0
AFW,500k-1 million,1985.0,10.0,6748590.0
AFW,50k-100k,1985.0,175.0,11888685.0
AGO,1-2.5 millions,1985.0,1.0,1057311.0
AGO,100k-250k,1985.0,10.0,1634178.0
AGO,250k-500k,1985.0,2.0,725134.0
AGO,50k-100k,1985.0,11.0,787858.0
BDI,100k-250k,1985.0,1.0,211649.0
BDI,50k-100k,1985.0,1.0,69083.0
BEN,100k-250k,1985.0,1.0,243557.0
BEN,500k-1 million,1985.0,1.0,619576.0
BEN,50k-100k,1985.0,2.0,114257.0
BFA,100k-250k,1985.0,1.0,222998.0
BFA,250k-500k,1985.0,1.0,349642.0
BFA,50k-100k,1985.0,2.0,134853.0
CAF,250k-500k,1985.0,1.0,490815.0
CIV,1-2.5 millions,1985.0,1.0,1935737.0
CIV,100k-250k,1985.0,1.0,131958.0
CIV,250k-500k,1985.0,1.0,313699.0
CIV,50k-100k,1985.0,6.0,388286.0
CMR,100k-250k,1985.0,7.0,1081057.0
CMR,500k-1 million,1985.0,2.0,1477731.0
CMR,50k-100k,1985.0,17.0,1155160.0
COD,1-2.5 millions,1985.0,2.0,3449241.0
COD,100k-250k,1985.0,18.0,3027839.0
COD,250k-500k,1985.0,5.0,1549427.0
COD,500k-1 million,1985.0,1.0,634998.0
COD,50k-100k,1985.0,32.0,2234950.0
COG,250k-500k,1985.0,2.0,577737.0
COG,500k-1 million,1985.0,1.0,921792.0
COM,100k-250k,1985.0,1.0,112331.0
COM,50k-100k,1985.0,1.0,57783.0
CPV,50k-100k,1985.0,1.0,81327.0
ERI,100k-250k,1985.0,2.0,313380.0
ERI,250k-500k,1985.0,1.0,312409.0
ERI,50k-100k,1985.0,2.0,109552.0
ETH,1-2.5 millions,1985.0,1.0,1569300.0
ETH,100k-250k,1985.0,10.0,1493584.0
ETH,50k-100k,1985.0,43.0,2778519.0
GAB,100k-250k,1985.0,1.0,217558.0
GAB,50k-100k,1985.0,1.0,65150.99999999999
GHA,1-2.5 millions,1985.0,1.0,1423901.0
GHA,100k-250k,1985.0,4.0,587946.0
GHA,500k-1 million,1985.0,1.0,566107.0
GHA,50k-100k,1985.0,8.0,517220.0
GIN,500k-1 million,1985.0,1.0,795328.0
GIN,50k-100k,1985.0,3.0,176872.0
GMB,100k-250k,1985.0,1.0,188654.0
GNB,100k-250k,1985.0,1.0,147342.0
KEN,1-2.5 millions,1985.0,1.0,1084164.0
KEN,100k-250k,1985.0,1.0,179508.0
KEN,250k-500k,1985.0,1.0,368449.0
KEN,50k-100k,1985.0,2.0,124219.0
LBR,250k-500k,1985.0,1.0,498378.0
LSO,100k-250k,1985.0,1.0,143618.0
MDG,500k-1 million,1985.0,1.0,527212.0
MDG,50k-100k,1985.0,1.0,69582.0
MLI,500k-1 million,1985.0,1.0,623390.0
MLI,50k-100k,1985.0,2.0,135628.0
MOZ,100k-250k,1985.0,5.0,694938.0
MOZ,500k-1 million,1985.0,1.0,870490.0
MOZ,50k-100k,1985.0,6.0,408180.0
MUS,250k-500k,1985.0,1.0,474761.0
MWI,100k-250k,1985.0,1.0,206996.0
MWI,50k-100k,1985.0,1.0,82155.0
NAM,50k-100k,1985.0,1.0,70981.0
NER,100k-250k,1985.0,3.0,435160.0
NER,250k-500k,1985.0,1.0,272422.0
NER,50k-100k,1985.0,6.0,413361.0
NGA,1-2.5 millions,1985.0,3.0,4320490.0
NGA,100k-250k,1985.0,43.0,6342190.0
NGA,2.5-5 millions,1985.0,1.0,4486575.0
NGA,250k-500k,1985.0,12.0,4407475.0
NGA,500k-1 million,1985.0,3.0,1744666.0
NGA,50k-100k,1985.0,105.0,7094539.0
RWA,100k-250k,1985.0,1.0,105010.0
SDN,1-2.5 millions,1985.0,1.0,1959923.0
SDN,100k-250k,1985.0,24.0,3566478.0
SDN,250k-500k,1985.0,2.0,511651.0
SDN,50k-100k,1985.0,33.0,2279749.0
SEN,1-2.5 millions,1985.0,1.0,1361289.0
SEN,100k-250k,1985.0,5.0,689795.0
SEN,250k-500k,1985.0,1.0,375979.0
SEN,50k-100k,1985.0,5.0,387896.0
SLE,100k-250k,1985.0,1.0,110459.0
SLE,50k-100k,1985.0,3.0,253390.0
SOM,100k-250k,1985.0,7.0,1073461.0
SOM,250k-500k,1985.0,2.0,635850.0
SOM,500k-1 million,1985.0,1.0,757066.0
SOM,50k-100k,1985.0,13.0,890490.0
SSA,1-2.5 millions,1985.0,15.0,22161599.0
SSA,100k-250k,1985.0,170.0,26029728.0
SSA,2.5-5 millions,1985.0,1.0,4486575.0
SSA,250k-500k,1985.0,41.0,14509905.0
SSA,500k-1 million,1985.0,19.0,12997494.0
SSA,50k-100k,1985.0,360.0,24490956.0
SSD,100k-250k,1985.0,3.0,425858.0
SSD,50k-100k,1985.0,5.0,371648.0
TCD,100k-250k,1985.0,1.0,141763.0
TCD,250k-500k,1985.0,1.0,413830.0
TCD,50k-100k,1985.0,10.0,659707.0
TGO,100k-250k,1985.0,1.0,116734.0
TGO,250k-500k,1985.0,1.0,427037.0
TGO,50k-100k,1985.0,4.0,311038.0
TZA,100k-250k,1985.0,3.0,402462.0
TZA,500k-1 million,1985.0,1.0,761953.0
TZA,50k-100k,1985.0,10.0,699096.0
UGA,500k-1 million,1985.0,1.0,812431.0
ZAF,1-2.5 millions,1985.0,3.0,4000243.0
ZAF,100k-250k,1985.0,8.0,1210165.0
ZAF,250k-500k,1985.0,4.0,1359862.0
ZAF,500k-1 million,1985.0,1.0,507746.0
ZAF,50k-100k,1985.0,19.0,1271110.0
ZMB,100k-250k,1985.0,3.0,571102.0
ZMB,500k-1 million,1985.0,1.0,535425.0
ZMB,50k-100k,1985.0,3.0,240426.0
ZWE,250k-500k,1985.0,1.0,445348.0
ZWE,500k-1 million,1985.0,1.0,841583.0
ZWE,50k-100k,1985.0,1.0,56890.0
AFE,1-2.5 millions,1986.0,9.0,13776796.0
AFE,100k-250k,1986.0,105.0,16209279.0
AFE,250k-500k,1986.0,20.0,6820975.0
AFE,500k-1 million,1986.0,9.0,6695699.0
AFE,50k-100k,1986.0,175.0,12160351.0
AFW,1-2.5 millions,1986.0,6.0,9420009.0
AFW,100k-250k,1986.0,72.0,10933740.0
AFW,2.5-5 millions,1986.0,1.0,4741856.0
AFW,250k-500k,1986.0,20.0,7212380.0
AFW,500k-1 million,1986.0,13.0,8722828.0
AFW,50k-100k,1986.0,172.0,11943424.0
AGO,1-2.5 millions,1986.0,1.0,1055764.0
AGO,100k-250k,1986.0,10.0,1694759.0
AGO,250k-500k,1986.0,2.0,762434.0
AGO,50k-100k,1986.0,11.0,809081.0
BDI,100k-250k,1986.0,1.0,219233.0
BDI,50k-100k,1986.0,1.0,70134.0
BEN,500k-1 million,1986.0,1.0,644549.0
BEN,50k-100k,1986.0,2.0,120957.0
BFA,100k-250k,1986.0,1.0,231059.0
BFA,250k-500k,1986.0,1.0,371501.0
BFA,50k-100k,1986.0,2.0,137678.0
CIV,1-2.5 millions,1986.0,1.0,2026639.0
CIV,100k-250k,1986.0,1.0,136494.0
CIV,250k-500k,1986.0,1.0,329554.0
CIV,50k-100k,1986.0,6.0,407316.0
CMR,100k-250k,1986.0,8.0,1212566.0
CMR,500k-1 million,1986.0,2.0,1557854.0
CMR,50k-100k,1986.0,15.0,1031136.0
COD,1-2.5 millions,1986.0,2.0,3650129.0
COD,100k-250k,1986.0,18.0,2938332.0
COD,250k-500k,1986.0,6.0,1845140.0
COD,500k-1 million,1986.0,1.0,655106.0
COD,50k-100k,1986.0,31.0,2198949.0
COG,250k-500k,1986.0,2.0,588184.0
COG,500k-1 million,1986.0,1.0,941784.0
COM,100k-250k,1986.0,1.0,115148.0
COM,50k-100k,1986.0,1.0,59855.0
CPV,50k-100k,1986.0,1.0,81651.0
ERI,100k-250k,1986.0,2.0,326546.0
ERI,250k-500k,1986.0,1.0,311470.0
ERI,50k-100k,1986.0,2.0,112380.0
ETH,1-2.5 millions,1986.0,1.0,1646543.0
ETH,100k-250k,1986.0,12.0,1756232.0
ETH,50k-100k,1986.0,41.0,2671778.0
GAB,100k-250k,1986.0,1.0,228687.0
GAB,50k-100k,1986.0,1.0,65552.0
GHA,1-2.5 millions,1986.0,1.0,1474355.0
GHA,100k-250k,1986.0,4.0,599037.0
GHA,500k-1 million,1986.0,1.0,607171.0
GHA,50k-100k,1986.0,8.0,539864.0
GIN,500k-1 million,1986.0,1.0,827836.0
GIN,50k-100k,1986.0,3.0,191416.0
GMB,100k-250k,1986.0,1.0,205997.0
GNB,100k-250k,1986.0,1.0,154802.0
KEN,1-2.5 millions,1986.0,1.0,1160694.0
KEN,100k-250k,1986.0,1.0,184776.0
KEN,250k-500k,1986.0,1.0,389799.0
KEN,50k-100k,1986.0,2.0,145110.0
LBR,500k-1 million,1986.0,1.0,608047.0
LSO,100k-250k,1986.0,1.0,150024.0
MDG,500k-1 million,1986.0,1.0,576539.0
MDG,50k-100k,1986.0,1.0,71431.0
MLI,500k-1 million,1986.0,1.0,661033.0
MLI,50k-100k,1986.0,2.0,140487.0
MOZ,100k-250k,1986.0,5.0,717987.0
MOZ,500k-1 million,1986.0,1.0,910038.0
MOZ,50k-100k,1986.0,6.0,421219.0
MRT,250k-500k,1986.0,1.0,283892.0
MUS,250k-500k,1986.0,1.0,480570.0
MWI,100k-250k,1986.0,1.0,227932.0
MWI,50k-100k,1986.0,1.0,90702.0
NAM,50k-100k,1986.0,1.0,76739.0
NER,100k-250k,1986.0,3.0,451620.0
NER,250k-500k,1986.0,1.0,294765.0
NER,50k-100k,1986.0,6.0,427027.0
NGA,1-2.5 millions,1986.0,3.0,4508204.0
NGA,100k-250k,1986.0,44.0,6637758.0
NGA,2.5-5 millions,1986.0,1.0,4741856.0
NGA,250k-500k,1986.0,11.0,4061164.0
NGA,500k-1 million,1986.0,4.0,2356473.0
NGA,50k-100k,1986.0,104.0,7129710.0
RWA,100k-250k,1986.0,1.0,118545.0
SDN,1-2.5 millions,1986.0,1.0,2117620.0
SDN,100k-250k,1986.0,25.0,3717737.0
SDN,250k-500k,1986.0,2.0,525182.0
SDN,50k-100k,1986.0,31.0,2153016.0
SEN,1-2.5 millions,1986.0,1.0,1410811.0
SEN,100k-250k,1986.0,5.0,702277.0
SEN,250k-500k,1986.0,1.0,396678.0
SEN,50k-100k,1986.0,5.0,398440.0
SLE,100k-250k,1986.0,1.0,111279.0
SLE,500k-1 million,1986.0,1.0,518081.0
SLE,50k-100k,1986.0,3.0,263830.0
SOM,100k-250k,1986.0,7.0,1070158.0
SOM,250k-500k,1986.0,2.0,648931.0
SOM,500k-1 million,1986.0,1.0,815010.0
SOM,50k-100k,1986.0,11.0,787934.0
SSA,1-2.5 millions,1986.0,15.0,23196805.0
SSA,100k-250k,1986.0,177.0,27143019.0
SSA,2.5-5 millions,1986.0,1.0,4741856.0
SSA,250k-500k,1986.0,40.0,14033355.0
SSA,500k-1 million,1986.0,22.0,15418527.0
SSA,50k-100k,1986.0,347.0,24103775.0
SSD,100k-250k,1986.0,3.0,421767.0
SSD,50k-100k,1986.0,5.0,373571.0
TCD,100k-250k,1986.0,1.0,144007.0
TCD,250k-500k,1986.0,1.0,429936.0
TCD,50k-100k,1986.0,10.0,689286.0
TGO,100k-250k,1986.0,1.0,118157.0
TGO,250k-500k,1986.0,1.0,456706.0
TGO,50k-100k,1986.0,4.0,319074.0
TZA,100k-250k,1986.0,4.0,519385.0
TZA,500k-1 million,1986.0,1.0,851154.0
TZA,50k-100k,1986.0,9.0,639254.0
UGA,500k-1 million,1986.0,1.0,850741.0
ZAF,1-2.5 millions,1986.0,3.0,4146046.0000000005
ZAF,100k-250k,1986.0,9.0,1351000.0
ZAF,250k-500k,1986.0,4.0,1393678.0
ZAF,500k-1 million,1986.0,1.0,542832.0
ZAF,50k-100k,1986.0,18.0,1266576.0
ZMB,100k-250k,1986.0,4.0,679718.0
ZMB,500k-1 million,1986.0,1.0,570922.0
ZMB,50k-100k,1986.0,2.0,152876.0
ZWE,250k-500k,1986.0,1.0,463771.0
ZWE,500k-1 million,1986.0,1.0,923357.0
ZWE,50k-100k,1986.0,1.0,59746.0
AFE,1-2.5 millions,1987.0,8.0,11862733.0
AFE,100k-250k,1987.0,107.0,16537929.0
AFE,250k-500k,1987.0,21.0,7019000.0
AFE,500k-1 million,1987.0,8.0,6137367.0
AFE,50k-100k,1987.0,171.0,12121197.0
AFW,1-2.5 millions,1987.0,6.0,9798601.0
AFW,100k-250k,1987.0,78.0,11868817.0
AFW,2.5-5 millions,1987.0,1.0,4997137.0
AFW,250k-500k,1987.0,19.0,6775992.0
AFW,500k-1 million,1987.0,16.0,10728474.0
AFW,50k-100k,1987.0,166.0,11635740.0
AGO,1-2.5 millions,1987.0,1.0,1054217.0
AGO,100k-250k,1987.0,10.0,1755341.0
AGO,250k-500k,1987.0,1.0,299613.0
AGO,50k-100k,1987.0,11.0,830304.0
BDI,100k-250k,1987.0,1.0,226816.0
BDI,50k-100k,1987.0,1.0,71185.0
BEN,250k-500k,1987.0,1.0,259333.00000000003
BEN,500k-1 million,1987.0,1.0,669522.0
BEN,50k-100k,1987.0,2.0,127657.0
BFA,100k-250k,1987.0,1.0,239120.0
BFA,250k-500k,1987.0,1.0,393359.0
BFA,50k-100k,1987.0,2.0,140503.0
CAF,500k-1 million,1987.0,1.0,519432.0
CIV,1-2.5 millions,1987.0,1.0,2117541.0
CIV,100k-250k,1987.0,1.0,141030.0
CIV,250k-500k,1987.0,1.0,345410.0
CIV,50k-100k,1987.0,6.0,426346.0
CMR,100k-250k,1987.0,8.0,1247459.0
CMR,500k-1 million,1987.0,2.0,1637977.0
CMR,50k-100k,1987.0,15.0,1056256.0
COD,1-2.5 millions,1987.0,1.0,1280342.0
COD,100k-250k,1987.0,17.0,2740607.0
COD,250k-500k,1987.0,7.0,2150363.0
COD,500k-1 million,1987.0,1.0,675214.0
COD,50k-100k,1987.0,31.0,2261654.0
COG,250k-500k,1987.0,2.0,598631.0
COG,500k-1 million,1987.0,1.0,961776.0
COM,100k-250k,1987.0,1.0,117965.0
COM,50k-100k,1987.0,1.0,61928.0
CPV,50k-100k,1987.0,1.0,81974.0
ERI,100k-250k,1987.0,2.0,339712.0
ERI,250k-500k,1987.0,1.0,310532.0
ERI,50k-100k,1987.0,2.0,115208.0
ETH,1-2.5 millions,1987.0,1.0,1723786.0
ETH,100k-250k,1987.0,12.0,1819250.0
ETH,50k-100k,1987.0,41.0,2764666.0
GAB,100k-250k,1987.0,1.0,239817.0
GAB,50k-100k,1987.0,1.0,65953.0
GHA,1-2.5 millions,1987.0,1.0,1524808.0
GHA,100k-250k,1987.0,4.0,610129.0
GHA,500k-1 million,1987.0,1.0,648234.0
GHA,50k-100k,1987.0,8.0,562508.0
GIN,500k-1 million,1987.0,1.0,860343.0
GIN,50k-100k,1987.0,3.0,205959.0
GMB,100k-250k,1987.0,1.0,223340.0
GNB,100k-250k,1987.0,1.0,162263.0
KEN,1-2.5 millions,1987.0,1.0,1237223.0
KEN,100k-250k,1987.0,2.0,291119.0
KEN,250k-500k,1987.0,1.0,411149.0
KEN,50k-100k,1987.0,1.0,64928.0
LBR,500k-1 million,1987.0,1.0,717716.0
LSO,100k-250k,1987.0,1.0,156431.0
MDG,500k-1 million,1987.0,1.0,625867.0
MDG,50k-100k,1987.0,1.0,73280.0
MLI,500k-1 million,1987.0,1.0,698677.0
MLI,50k-100k,1987.0,2.0,145346.0
MOZ,100k-250k,1987.0,5.0,741036.0
MOZ,500k-1 million,1987.0,1.0,949586.0
MOZ,50k-100k,1987.0,6.0,434258.0
MRT,250k-500k,1987.0,1.0,309938.0
MUS,250k-500k,1987.0,1.0,486379.0
MWI,100k-250k,1987.0,1.0,248869.0
MWI,50k-100k,1987.0,1.0,99249.0
NAM,50k-100k,1987.0,1.0,82497.0
NER,100k-250k,1987.0,4.0,570248.0
NER,250k-500k,1987.0,1.0,317108.0
NER,50k-100k,1987.0,5.0,338526.0
NGA,1-2.5 millions,1987.0,3.0,4695918.0
NGA,100k-250k,1987.0,47.0,7138055.0
NGA,2.5-5 millions,1987.0,1.0,4997137.0
NGA,250k-500k,1987.0,9.0,3202420.0
NGA,500k-1 million,1987.0,6.0,3480713.0
NGA,50k-100k,1987.0,101.0,6960150.0
RWA,100k-250k,1987.0,1.0,132080.0
SDN,1-2.5 millions,1987.0,1.0,2275316.0
SDN,100k-250k,1987.0,24.0,3519580.0
SDN,250k-500k,1987.0,3.0,789266.0
SDN,50k-100k,1987.0,31.0,2175367.0
SEN,1-2.5 millions,1987.0,1.0,1460334.0
SEN,100k-250k,1987.0,5.0,714759.0
SEN,250k-500k,1987.0,1.0,417376.0
SEN,50k-100k,1987.0,5.0,408983.0
SLE,100k-250k,1987.0,2.0,214253.0
SLE,500k-1 million,1987.0,1.0,534084.0
SLE,50k-100k,1987.0,2.0,172117.0
SOM,100k-250k,1987.0,7.0,1066854.0
SOM,250k-500k,1987.0,2.0,662012.0
SOM,500k-1 million,1987.0,1.0,872955.0
SOM,50k-100k,1987.0,11.0,789914.0
SSA,1-2.5 millions,1987.0,14.0,21661334.0
SSA,100k-250k,1987.0,185.0,28406746.0
SSA,2.5-5 millions,1987.0,1.0,4997137.0
SSA,250k-500k,1987.0,40.0,13794992.0
SSA,500k-1 million,1987.0,24.0,16865841.0
SSA,50k-100k,1987.0,337.0,23756937.0
SSD,100k-250k,1987.0,3.0,417676.0
SSD,50k-100k,1987.0,5.0,375494.0
TCD,100k-250k,1987.0,2.0,248764.0
TCD,250k-500k,1987.0,1.0,446041.0
TCD,50k-100k,1987.0,9.0,616352.0
TGO,100k-250k,1987.0,1.0,119580.0
TGO,250k-500k,1987.0,1.0,486376.0
TGO,50k-100k,1987.0,4.0,327110.0
TZA,100k-250k,1987.0,5.0,644816.0
TZA,500k-1 million,1987.0,1.0,940356.0
TZA,50k-100k,1987.0,8.0,570903.0
UGA,500k-1 million,1987.0,1.0,889051.0
ZAF,1-2.5 millions,1987.0,3.0,4291849.0
ZAF,100k-250k,1987.0,10.0,1520659.0
ZAF,250k-500k,1987.0,4.0,1427493.0
ZAF,500k-1 million,1987.0,1.0,577919.0
ZAF,50k-100k,1987.0,17.0,1233219.0
ZMB,100k-250k,1987.0,5.0,799118.0
ZMB,500k-1 million,1987.0,1.0,606419.0
ZMB,50k-100k,1987.0,1.0,54541.0
ZWE,250k-500k,1987.0,1.0,482193.0
ZWE,50k-100k,1987.0,1.0,62602.0
AFE,1-2.5 millions,1988.0,9.0,13444472.0
AFE,100k-250k,1988.0,106.0,15967632.0
AFE,2.5-5 millions,1988.0,1.0,2732456.0
AFE,250k-500k,1988.0,23.0,7472440.0
AFE,500k-1 million,1988.0,8.0,6001817.0
AFE,50k-100k,1988.0,166.0,11939608.0
AFW,1-2.5 millions,1988.0,6.0,10177192.0
AFW,100k-250k,1988.0,81.0,12074277.0
AFW,250k-500k,1988.0,19.0,6794692.0
AFW,5-10 millions,1988.0,1.0,5252418.0
AFW,500k-1 million,1988.0,17.0,11774676.0
AFW,50k-100k,1988.0,160.0,11304116.0
AGO,1-2.5 millions,1988.0,1.0,1052671.0
AGO,100k-250k,1988.0,10.0,1815922.0
AGO,250k-500k,1988.0,1.0,308050.0
AGO,500k-1 million,1988.0,1.0,528984.0
AGO,50k-100k,1988.0,11.0,851527.0
BDI,100k-250k,1988.0,1.0,234399.0
BDI,50k-100k,1988.0,1.0,72236.0
BEN,250k-500k,1988.0,1.0,267220.0
BEN,500k-1 million,1988.0,1.0,694495.0
BEN,50k-100k,1988.0,2.0,134356.0
BFA,100k-250k,1988.0,1.0,247181.0
BFA,250k-500k,1988.0,1.0,415217.0
BFA,50k-100k,1988.0,2.0,143328.0
CAF,500k-1 million,1988.0,1.0,533740.0
CIV,1-2.5 millions,1988.0,1.0,2208443.0
CIV,100k-250k,1988.0,1.0,145565.0
CIV,250k-500k,1988.0,1.0,361265.0
CIV,50k-100k,1988.0,6.0,445375.0
CMR,100k-250k,1988.0,8.0,1136198.0
CMR,500k-1 million,1988.0,2.0,1718100.0
CMR,50k-100k,1988.0,14.0,977135.0
COD,1-2.5 millions,1988.0,1.0,1319450.0
COD,100k-250k,1988.0,17.0,2482410.0
COD,2.5-5 millions,1988.0,1.0,2732456.0
COD,250k-500k,1988.0,9.0,2718151.0
COD,500k-1 million,1988.0,1.0,695322.0
COD,50k-100k,1988.0,29.0,2122268.0
COG,250k-500k,1988.0,2.0,609079.0
COG,500k-1 million,1988.0,1.0,981768.0
COM,100k-250k,1988.0,1.0,120781.0
COM,50k-100k,1988.0,1.0,64000.0
CPV,50k-100k,1988.0,1.0,82298.0
ERI,100k-250k,1988.0,2.0,352878.0
ERI,250k-500k,1988.0,1.0,309594.0
ERI,50k-100k,1988.0,2.0,118036.0
ETH,1-2.5 millions,1988.0,1.0,1801029.0
ETH,100k-250k,1988.0,11.0,1631482.0
ETH,50k-100k,1988.0,41.0,2857555.0
GAB,50k-100k,1988.0,1.0,66354.0
GHA,1-2.5 millions,1988.0,1.0,1575261.0
GHA,100k-250k,1988.0,4.0,621221.0
GHA,500k-1 million,1988.0,1.0,689297.0
GHA,50k-100k,1988.0,8.0,585152.0
GIN,500k-1 million,1988.0,1.0,892850.0
GIN,50k-100k,1988.0,3.0,220503.0
GMB,100k-250k,1988.0,1.0,240682.0
GNB,100k-250k,1988.0,1.0,169724.0
KEN,1-2.5 millions,1988.0,1.0,1313753.0
KEN,100k-250k,1988.0,2.0,310945.0
KEN,250k-500k,1988.0,1.0,432499.0
KEN,50k-100k,1988.0,1.0,71261.0
LBR,500k-1 million,1988.0,1.0,827385.0
LSO,100k-250k,1988.0,1.0,162837.0
MDG,500k-1 million,1988.0,1.0,675194.0
MDG,50k-100k,1988.0,1.0,75129.0
MLI,500k-1 million,1988.0,1.0,736320.0
MLI,50k-100k,1988.0,2.0,150205.0
MOZ,100k-250k,1988.0,5.0,612647.0
MOZ,500k-1 million,1988.0,1.0,989134.0
MOZ,50k-100k,1988.0,5.0,343302.0
MRT,250k-500k,1988.0,1.0,335985.0
MUS,250k-500k,1988.0,1.0,492188.0
MWI,100k-250k,1988.0,1.0,107795.0
MWI,250k-500k,1988.0,1.0,269805.0
NAM,50k-100k,1988.0,1.0,88254.0
NER,100k-250k,1988.0,5.0,692063.0
NER,250k-500k,1988.0,1.0,339452.0
NER,50k-100k,1988.0,4.0,246836.0
NGA,1-2.5 millions,1988.0,3.0,4883631.0
NGA,100k-250k,1988.0,48.0,7294332.0
NGA,250k-500k,1988.0,10.0,3566252.0
NGA,5-10 millions,1988.0,1.0,5252418.0
NGA,500k-1 million,1988.0,6.0,3634590.0
NGA,50k-100k,1988.0,99.0,6882399.0
RWA,100k-250k,1988.0,1.0,145615.0
SDN,1-2.5 millions,1988.0,1.0,2433012.0
SDN,100k-250k,1988.0,24.0,3569020.0
SDN,250k-500k,1988.0,3.0,805752.0
SDN,50k-100k,1988.0,31.0,2197719.0
SEN,1-2.5 millions,1988.0,1.0,1509857.0
SEN,100k-250k,1988.0,6.0,827438.0
SEN,250k-500k,1988.0,1.0,438075.0
SEN,50k-100k,1988.0,4.0,319329.0
SLE,100k-250k,1988.0,2.0,219996.0
SLE,500k-1 million,1988.0,1.0,550086.0
SLE,50k-100k,1988.0,2.0,177635.0
SOM,100k-250k,1988.0,7.0,1063551.0
SOM,250k-500k,1988.0,2.0,675092.0
SOM,500k-1 million,1988.0,1.0,930900.0
SOM,50k-100k,1988.0,11.0,791893.0
SSA,1-2.5 millions,1988.0,15.0,23621664.0
SSA,100k-250k,1988.0,187.0,28041909.0
SSA,2.5-5 millions,1988.0,1.0,2732456.0
SSA,250k-500k,1988.0,42.0,14267132.0
SSA,5-10 millions,1988.0,1.0,5252418.0
SSA,500k-1 million,1988.0,25.0,17776493.0
SSA,50k-100k,1988.0,326.0,23243724.0
SSD,100k-250k,1988.0,3.0,413585.0
SSD,50k-100k,1988.0,5.0,377417.0
TCD,100k-250k,1988.0,2.0,256293.99999999997
TCD,250k-500k,1988.0,1.0,462147.0
TCD,50k-100k,1988.0,9.0,640645.0
TGO,100k-250k,1988.0,2.0,223583.0
TGO,500k-1 million,1988.0,1.0,516044.99999999994
TGO,50k-100k,1988.0,3.0,232566.0
TZA,100k-250k,1988.0,5.0,671786.0
TZA,50k-100k,1988.0,8.0,601014.0
UGA,500k-1 million,1988.0,1.0,927361.0
ZAF,1-2.5 millions,1988.0,3.0,4437652.0
ZAF,100k-250k,1988.0,11.0,1703141.0
ZAF,250k-500k,1988.0,4.0,1461309.0
ZAF,500k-1 million,1988.0,1.0,613006.0
ZAF,50k-100k,1988.0,16.0,1187039.0
ZMB,100k-250k,1988.0,4.0,568838.0
ZMB,500k-1 million,1988.0,1.0,641916.0
ZMB,50k-100k,1988.0,1.0,55501.0
ZWE,1-2.5 millions,1988.0,1.0,1086905.0
ZWE,50k-100k,1988.0,1.0,65456.99999999999
AFE,1-2.5 millions,1989.0,10.0,13577810.0
AFE,100k-250k,1989.0,106.0,16221659.0
AFE,2.5-5 millions,1989.0,2.0,5484946.0
AFE,250k-500k,1989.0,27.0,8712607.0
AFE,500k-1 million,1989.0,8.0,5796857.0
AFE,50k-100k,1989.0,165.0,12142367.0
AFW,1-2.5 millions,1989.0,6.0,10555784.0
AFW,100k-250k,1989.0,82.0,11902259.0
AFW,250k-500k,1989.0,24.0,8336062.0
AFW,5-10 millions,1989.0,1.0,5507699.0
AFW,500k-1 million,1989.0,16.0,11332746.0
AFW,50k-100k,1989.0,155.0,11058331.0
AGO,1-2.5 millions,1989.0,1.0,1051124.0
AGO,100k-250k,1989.0,10.0,1876503.0
AGO,250k-500k,1989.0,1.0,316486.0
AGO,500k-1 million,1989.0,1.0,557848.0
AGO,50k-100k,1989.0,11.0,872750.0
BDI,100k-250k,1989.0,1.0,241983.0
BDI,50k-100k,1989.0,1.0,73287.0
BEN,250k-500k,1989.0,1.0,275108.0
BEN,500k-1 million,1989.0,1.0,719468.0
BEN,50k-100k,1989.0,2.0,141056.0
BFA,250k-500k,1989.0,2.0,692318.0
BFA,50k-100k,1989.0,2.0,146153.0
CAF,500k-1 million,1989.0,1.0,548048.0
CIV,1-2.5 millions,1989.0,1.0,2299345.0
CIV,100k-250k,1989.0,2.0,252310.0
CIV,250k-500k,1989.0,1.0,377120.0
CIV,50k-100k,1989.0,5.0,362196.0
CMR,100k-250k,1989.0,9.0,1265273.0
CMR,250k-500k,1989.0,1.0,261374.00000000003
CMR,500k-1 million,1989.0,2.0,1798223.0
CMR,50k-100k,1989.0,13.0,897092.0
COD,1-2.5 millions,1989.0,1.0,1358557.0
COD,100k-250k,1989.0,18.0,2619973.0
COD,2.5-5 millions,1989.0,1.0,2894237.0
COD,250k-500k,1989.0,9.0,2797760.0
COD,500k-1 million,1989.0,1.0,715429.0
COD,50k-100k,1989.0,28.0,2075299.0
COG,250k-500k,1989.0,2.0,619526.0
COM,100k-250k,1989.0,1.0,123598.0
COM,50k-100k,1989.0,1.0,66073.0
CPV,50k-100k,1989.0,1.0,82622.0
ERI,100k-250k,1989.0,2.0,366044.0
ERI,250k-500k,1989.0,1.0,308655.0
ERI,50k-100k,1989.0,2.0,120864.0
ETH,1-2.5 millions,1989.0,1.0,1878272.0
ETH,100k-250k,1989.0,11.0,1688120.0
ETH,250k-500k,1989.0,1.0,257166.0
ETH,50k-100k,1989.0,41.0,2950444.0
GAB,250k-500k,1989.0,1.0,262075.0
GAB,50k-100k,1989.0,1.0,66755.0
GHA,1-2.5 millions,1989.0,1.0,1625715.0
GHA,100k-250k,1989.0,4.0,632312.0
GHA,500k-1 million,1989.0,1.0,730361.0
GHA,50k-100k,1989.0,8.0,607797.0
GIN,500k-1 million,1989.0,1.0,925358.0
GIN,50k-100k,1989.0,3.0,235046.0
GNB,100k-250k,1989.0,1.0,177184.0
KEN,1-2.5 millions,1989.0,1.0,1390282.0
KEN,100k-250k,1989.0,2.0,330771.0
KEN,250k-500k,1989.0,1.0,453848.0
KEN,50k-100k,1989.0,1.0,77594.0
LBR,500k-1 million,1989.0,1.0,937055.0
LSO,100k-250k,1989.0,1.0,169243.0
MDG,500k-1 million,1989.0,1.0,724521.0
MDG,50k-100k,1989.0,1.0,76978.0
MLI,500k-1 million,1989.0,1.0,773963.0
MLI,50k-100k,1989.0,2.0,155064.0
MOZ,1-2.5 millions,1989.0,1.0,1028682.0
MOZ,100k-250k,1989.0,5.0,624550.0
MOZ,250k-500k,1989.0,1.0,272541.0
MOZ,50k-100k,1989.0,5.0,350378.0
MRT,250k-500k,1989.0,1.0,362031.0
MUS,250k-500k,1989.0,1.0,497997.0
MWI,100k-250k,1989.0,1.0,116342.0
MWI,250k-500k,1989.0,1.0,290741.0
NAM,50k-100k,1989.0,1.0,94012.0
NER,100k-250k,1989.0,4.0,463141.0
NER,250k-500k,1989.0,2.0,612971.0
NER,50k-100k,1989.0,4.0,254709.0
NGA,1-2.5 millions,1989.0,3.0,5071345.0
NGA,100k-250k,1989.0,49.0,7449084.0
NGA,250k-500k,1989.0,11.0,3936513.0
NGA,5-10 millions,1989.0,1.0,5507699.0
NGA,500k-1 million,1989.0,6.0,3788467.0
NGA,50k-100k,1989.0,97.0,6799743.0
RWA,100k-250k,1989.0,1.0,159150.0
SDN,100k-250k,1989.0,24.0,3618461.0
SDN,2.5-5 millions,1989.0,1.0,2590709.0
SDN,250k-500k,1989.0,3.0,822238.0
SDN,50k-100k,1989.0,31.0,2220070.0
SEN,1-2.5 millions,1989.0,1.0,1559379.0
SEN,100k-250k,1989.0,6.0,842084.0
SEN,250k-500k,1989.0,1.0,458774.0
SEN,50k-100k,1989.0,4.0,327708.0
SLE,100k-250k,1989.0,2.0,225739.0
SLE,500k-1 million,1989.0,1.0,566088.0
SLE,50k-100k,1989.0,2.0,183152.0
SOM,100k-250k,1989.0,7.0,1060248.0
SOM,250k-500k,1989.0,2.0,688173.0
SOM,500k-1 million,1989.0,1.0,988845.0
SOM,50k-100k,1989.0,11.0,793873.0
SSA,1-2.5 millions,1989.0,16.0,24133594.0
SSA,100k-250k,1989.0,188.0,28123918.0
SSA,2.5-5 millions,1989.0,2.0,5484946.0
SSA,250k-500k,1989.0,51.0,17048669.0
SSA,5-10 millions,1989.0,1.0,5507699.0
SSA,500k-1 million,1989.0,24.0,17129603.0
SSA,50k-100k,1989.0,320.0,23200698.0
SSD,100k-250k,1989.0,2.0,309516.0
SSD,50k-100k,1989.0,6.0,479317.0
TCD,100k-250k,1989.0,3.0,366369.0
TCD,250k-500k,1989.0,1.0,478252.0
TCD,50k-100k,1989.0,8.0,562393.0
TGO,100k-250k,1989.0,2.0,228763.0
TGO,500k-1 million,1989.0,1.0,545715.0
TGO,50k-100k,1989.0,3.0,236845.0
TZA,1-2.5 millions,1989.0,1.0,1118758.0
TZA,100k-250k,1989.0,5.0,698755.0
TZA,50k-100k,1989.0,8.0,631125.0
UGA,500k-1 million,1989.0,1.0,965671.0
ZAF,1-2.5 millions,1989.0,3.0,4583455.0
ZAF,100k-250k,1989.0,11.0,1634196.0
ZAF,250k-500k,1989.0,5.0,1751882.0
ZAF,500k-1 million,1989.0,1.0,648092.0
ZAF,50k-100k,1989.0,15.0,1135528.0
ZMB,100k-250k,1989.0,4.0,584206.0
ZMB,250k-500k,1989.0,1.0,255120.0
ZMB,500k-1 million,1989.0,1.0,677413.0
ZMB,50k-100k,1989.0,1.0,56462.0
ZWE,1-2.5 millions,1989.0,1.0,1168680.0
ZWE,500k-1 million,1989.0,1.0,519038.0
ZWE,50k-100k,1989.0,1.0,68313.0
AFE,1-2.5 millions,1990.0,11.0,15172259.0
AFE,100k-250k,1990.0,108.0,16523983.0
AFE,2.5-5 millions,1990.0,2.0,5804422.0
AFE,250k-500k,1990.0,28.0,8960547.0
AFE,500k-1 million,1990.0,7.0,4533451.0
AFE,50k-100k,1990.0,228.0,15869442.0
AFW,1-2.5 millions,1990.0,7.0,11956126.0
AFW,100k-250k,1990.0,83.0,11829213.0
AFW,250k-500k,1990.0,28.0,9712069.0
AFW,5-10 millions,1990.0,1.0,5762980.0
AFW,500k-1 million,1990.0,15.0,10825857.0
AFW,50k-100k,1990.0,193.0,13169167.0
AGO,1-2.5 millions,1990.0,1.0,1049577.0
AGO,100k-250k,1990.0,9.0,1677827.0
AGO,250k-500k,1990.0,2.0,584178.0
AGO,500k-1 million,1990.0,1.0,586711.0
AGO,50k-100k,1990.0,16.0,1163582.0
BDI,100k-250k,1990.0,1.0,249566.0
BDI,50k-100k,1990.0,1.0,74338.0
BEN,250k-500k,1990.0,1.0,282995.0
BEN,500k-1 million,1990.0,1.0,744441.0
BEN,50k-100k,1990.0,3.0,204701.0
BFA,250k-500k,1990.0,2.0,722238.0
BFA,50k-100k,1990.0,2.0,148979.0
CAF,500k-1 million,1990.0,1.0,562356.0
CIV,1-2.5 millions,1990.0,1.0,2390247.0
CIV,100k-250k,1990.0,2.0,259886.00000000003
CIV,250k-500k,1990.0,1.0,392976.0
CIV,50k-100k,1990.0,8.0,546117.0
CMR,100k-250k,1990.0,10.0,1398103.0
CMR,250k-500k,1990.0,1.0,272354.0
CMR,500k-1 million,1990.0,2.0,1878346.0
CMR,50k-100k,1990.0,14.0,919037.0
COD,1-2.5 millions,1990.0,1.0,1397665.0
COD,100k-250k,1990.0,18.0,2658732.0
COD,2.5-5 millions,1990.0,1.0,3056017.0
COD,250k-500k,1990.0,9.0,2877369.0
COD,500k-1 million,1990.0,1.0,735537.0
COD,50k-100k,1990.0,34.0,2471029.0
COG,1-2.5 millions,1990.0,1.0,1021751.0
COG,250k-500k,1990.0,2.0,629973.0
COM,100k-250k,1990.0,1.0,126415.0
COM,50k-100k,1990.0,1.0,68145.0
CPV,50k-100k,1990.0,1.0,82946.0
ERI,100k-250k,1990.0,2.0,379209.0
ERI,250k-500k,1990.0,1.0,307717.0
ERI,50k-100k,1990.0,2.0,123692.0
ETH,1-2.5 millions,1990.0,1.0,1955515.0
ETH,100k-250k,1990.0,13.0,1947080.0
ETH,250k-500k,1990.0,1.0,263546.0
ETH,50k-100k,1990.0,59.0,3932820.0
GAB,250k-500k,1990.0,1.0,273205.0
GAB,50k-100k,1990.0,1.0,67156.0
GHA,1-2.5 millions,1990.0,1.0,1676168.0
GHA,100k-250k,1990.0,5.0,745685.0
GHA,500k-1 million,1990.0,1.0,771424.0
GHA,50k-100k,1990.0,8.0,593372.0
GIN,500k-1 million,1990.0,1.0,957865.0
GIN,50k-100k,1990.0,6.0,413571.0
GMB,250k-500k,1990.0,1.0,275368.0
GNB,100k-250k,1990.0,1.0,184645.0
KEN,1-2.5 millions,1990.0,1.0,1466812.0
KEN,100k-250k,1990.0,2.0,350597.0
KEN,250k-500k,1990.0,1.0,475198.0
KEN,50k-100k,1990.0,4.0,277742.0
LSO,100k-250k,1990.0,1.0,175650.0
MDG,500k-1 million,1990.0,1.0,773848.0
MDG,50k-100k,1990.0,1.0,78827.0
MLI,500k-1 million,1990.0,1.0,811607.0
MLI,50k-100k,1990.0,5.0,327968.0
MOZ,1-2.5 millions,1990.0,1.0,1068230.0
MOZ,100k-250k,1990.0,4.0,538141.0
MOZ,250k-500k,1990.0,1.0,289650.0
MOZ,50k-100k,1990.0,6.0,455766.0
MRT,250k-500k,1990.0,1.0,388078.0
MUS,500k-1 million,1990.0,1.0,503806.0
MWI,100k-250k,1990.0,1.0,124889.0
MWI,250k-500k,1990.0,1.0,311678.0
NAM,50k-100k,1990.0,1.0,99770.0
NER,100k-250k,1990.0,4.0,476122.0
NER,250k-500k,1990.0,2.0,644588.0
NER,50k-100k,1990.0,6.0,372430.0
NGA,1-2.5 millions,1990.0,3.0,5259058.0
NGA,100k-250k,1990.0,47.0,6958014.0
NGA,250k-500k,1990.0,14.0,4856463.0
NGA,5-10 millions,1990.0,1.0,5762980.0
NGA,500k-1 million,1990.0,6.0,3942344.0
NGA,50k-100k,1990.0,119.0,8028266.0
RWA,100k-250k,1990.0,1.0,172685.0
RWA,50k-100k,1990.0,2.0,147119.0
SDN,100k-250k,1990.0,23.0,3415645.0
SDN,2.5-5 millions,1990.0,1.0,2748405.0
SDN,250k-500k,1990.0,4.0,1090982.0
SDN,50k-100k,1990.0,35.0,2451685.0
SEN,1-2.5 millions,1990.0,1.0,1608902.0
SEN,100k-250k,1990.0,6.0,856730.0
SEN,250k-500k,1990.0,1.0,479473.0
SEN,50k-100k,1990.0,4.0,336088.0
SLE,100k-250k,1990.0,2.0,231482.0
SLE,500k-1 million,1990.0,1.0,582090.0
SLE,50k-100k,1990.0,2.0,188670.0
SOM,1-2.5 millions,1990.0,1.0,1046790.0
SOM,100k-250k,1990.0,7.0,1056945.0
SOM,250k-500k,1990.0,2.0,701254.0
SOM,50k-100k,1990.0,11.0,795853.0
SSA,1-2.5 millions,1990.0,18.0,27128385.0
SSA,100k-250k,1990.0,191.0,28353196.0
SSA,2.5-5 millions,1990.0,2.0,5804422.0
SSA,250k-500k,1990.0,56.0,18672616.0
SSA,5-10 millions,1990.0,1.0,5762980.0
SSA,500k-1 million,1990.0,22.0,15359308.0
SSA,50k-100k,1990.0,421.0,29038609.0
SSD,100k-250k,1990.0,2.0,306382.0
SSD,50k-100k,1990.0,8.0,585920.0
STP,50k-100k,1990.0,1.0,58900.0
TCD,100k-250k,1990.0,3.0,384284.0
TCD,250k-500k,1990.0,1.0,494358.0
TCD,50k-100k,1990.0,11.0,745279.0
TGO,100k-250k,1990.0,3.0,334262.0
TGO,500k-1 million,1990.0,1.0,575384.0
TGO,50k-100k,1990.0,3.0,194587.0
TZA,1-2.5 millions,1990.0,1.0,1207959.0
TZA,100k-250k,1990.0,7.0,932058.0
TZA,50k-100k,1990.0,8.0,562244.0
UGA,50k-100k,1990.0,3.0,162149.0
ZAF,1-2.5 millions,1990.0,3.0,4729257.0
ZAF,100k-250k,1990.0,12.0,1812588.0
ZAF,250k-500k,1990.0,5.0,1799119.0
ZAF,500k-1 million,1990.0,1.0,683179.0
ZAF,50k-100k,1990.0,25.0,1738855.0
ZMB,100k-250k,1990.0,4.0,599574.0
ZMB,250k-500k,1990.0,1.0,259856.0
ZMB,500k-1 million,1990.0,1.0,712910.0
ZMB,50k-100k,1990.0,6.0,366564.0
ZWE,1-2.5 millions,1990.0,1.0,1250454.0
ZWE,500k-1 million,1990.0,1.0,537460.0
ZWE,50k-100k,1990.0,4.0,254442.0
AFE,1-2.5 millions,1991.0,12.0,16978264.0
AFE,100k-250k,1991.0,118.0,17932506.0
AFE,2.5-5 millions,1991.0,2.0,6204831.0
AFE,250k-500k,1991.0,29.0,9519550.0
AFE,500k-1 million,1991.0,7.0,4661331.0
AFE,50k-100k,1991.0,213.0,15067421.0
AFW,1-2.5 millions,1991.0,8.0,13428247.0
AFW,100k-250k,1991.0,87.0,12467853.0
AFW,250k-500k,1991.0,27.0,9365181.0
AFW,5-10 millions,1991.0,1.0,5987824.0
AFW,500k-1 million,1991.0,17.0,12282473.0
AFW,50k-100k,1991.0,188.0,13112290.0
AGO,1-2.5 millions,1991.0,1.0,1043625.0
AGO,100k-250k,1991.0,9.0,1728481.0
AGO,250k-500k,1991.0,2.0,604701.0
AGO,500k-1 million,1991.0,1.0,607549.0
AGO,50k-100k,1991.0,16.0,1213690.0
BDI,250k-500k,1991.0,1.0,258279.99999999997
BDI,50k-100k,1991.0,1.0,75882.0
BEN,250k-500k,1991.0,1.0,292223.0
BEN,500k-1 million,1991.0,1.0,769212.0
BEN,50k-100k,1991.0,3.0,215555.0
BFA,250k-500k,1991.0,2.0,754693.0
BFA,50k-100k,1991.0,2.0,153330.0
CAF,500k-1 million,1991.0,1.0,577226.0
CIV,1-2.5 millions,1991.0,1.0,2491496.0
CIV,100k-250k,1991.0,3.0,379320.0
CIV,250k-500k,1991.0,1.0,403627.0
CIV,50k-100k,1991.0,7.0,475449.0
CMR,1-2.5 millions,1991.0,1.0,1029801.9999999999
CMR,100k-250k,1991.0,12.0,1649841.0
CMR,250k-500k,1991.0,1.0,283819.0
CMR,500k-1 million,1991.0,1.0,950554.0
CMR,50k-100k,1991.0,12.0,743203.0
COD,1-2.5 millions,1991.0,1.0,1462279.0
COD,100k-250k,1991.0,21.0,3049950.0
COD,2.5-5 millions,1991.0,1.0,3295563.0
COD,250k-500k,1991.0,9.0,2991917.0
COD,500k-1 million,1991.0,1.0,766865.0
COD,50k-100k,1991.0,31.0,2280074.0
COG,1-2.5 millions,1991.0,1.0,1042455.9999999999
COG,250k-500k,1991.0,2.0,636587.0
COM,100k-250k,1991.0,1.0,128792.0
COM,50k-100k,1991.0,1.0,69926.0
CPV,50k-100k,1991.0,1.0,86000.0
ERI,100k-250k,1991.0,2.0,379071.0
ERI,250k-500k,1991.0,1.0,299817.0
ERI,50k-100k,1991.0,2.0,123981.0
ETH,1-2.5 millions,1991.0,1.0,2052781.0
ETH,100k-250k,1991.0,14.0,2125452.0
ETH,250k-500k,1991.0,1.0,271779.0
ETH,50k-100k,1991.0,58.0,3971206.0
GAB,250k-500k,1991.0,1.0,294085.0
GAB,50k-100k,1991.0,1.0,68619.0
GHA,1-2.5 millions,1991.0,1.0,1774148.0
GHA,100k-250k,1991.0,4.0,515155.0
GHA,250k-500k,1991.0,1.0,253134.0
GHA,500k-1 million,1991.0,1.0,838596.0
GHA,50k-100k,1991.0,8.0,613641.0
GIN,500k-1 million,1991.0,1.0,994687.0
GIN,50k-100k,1991.0,6.0,439448.0
GMB,250k-500k,1991.0,1.0,291197.0
GNB,100k-250k,1991.0,1.0,193339.0
KEN,1-2.5 millions,1991.0,1.0,1568224.0
KEN,100k-250k,1991.0,2.0,359091.0
KEN,250k-500k,1991.0,1.0,497518.0
KEN,50k-100k,1991.0,4.0,301245.0
LBR,500k-1 million,1991.0,1.0,934530.0
LSO,100k-250k,1991.0,1.0,181018.0
MDG,500k-1 million,1991.0,1.0,813771.0
MDG,50k-100k,1991.0,1.0,80244.0
MLI,500k-1 million,1991.0,1.0,847019.0
MLI,50k-100k,1991.0,5.0,344395.0
MOZ,1-2.5 millions,1991.0,1.0,1125604.0
MOZ,100k-250k,1991.0,6.0,776872.0
MOZ,250k-500k,1991.0,1.0,306346.0
MOZ,50k-100k,1991.0,4.0,269121.0
MRT,250k-500k,1991.0,1.0,398352.0
MUS,500k-1 million,1991.0,1.0,508046.0
MWI,100k-250k,1991.0,1.0,135011.0
MWI,250k-500k,1991.0,1.0,325313.0
NAM,100k-250k,1991.0,1.0,106213.0
NER,100k-250k,1991.0,4.0,500305.0
NER,250k-500k,1991.0,2.0,672792.0
NER,50k-100k,1991.0,6.0,384545.0
NGA,1-2.5 millions,1991.0,3.0,5431418.0
NGA,100k-250k,1991.0,49.0,7374036.0
NGA,250k-500k,1991.0,13.0,4590859.0
NGA,5-10 millions,1991.0,1.0,5987824.0
NGA,500k-1 million,1991.0,7.0,4628132.0
NGA,50k-100k,1991.0,117.0,8084909.0
RWA,100k-250k,1991.0,1.0,190986.0
RWA,50k-100k,1991.0,1.0,76470.0
SDN,100k-250k,1991.0,24.0,3592701.0
SDN,2.5-5 millions,1991.0,1.0,2909268.0
SDN,250k-500k,1991.0,4.0,1125757.0
SDN,50k-100k,1991.0,33.0,2352365.0
SEN,1-2.5 millions,1991.0,1.0,1658927.0
SEN,100k-250k,1991.0,6.0,886953.0
SEN,250k-500k,1991.0,1.0,493813.0
SEN,50k-100k,1991.0,4.0,345491.0
SLE,100k-250k,1991.0,2.0,229915.0
SLE,500k-1 million,1991.0,1.0,604296.0
SLE,50k-100k,1991.0,2.0,188410.0
SOM,1-2.5 millions,1991.0,1.0,1070247.0
SOM,100k-250k,1991.0,8.0,1310188.0
SOM,250k-500k,1991.0,1.0,467827.0
SOM,50k-100k,1991.0,11.0,797151.0
SSA,1-2.5 millions,1991.0,20.0,30406511.0
SSA,100k-250k,1991.0,205.0,30400359.0
SSA,2.5-5 millions,1991.0,2.0,6204831.0
SSA,250k-500k,1991.0,56.0,18884731.0
SSA,5-10 millions,1991.0,1.0,5987824.0
SSA,500k-1 million,1991.0,24.0,16943804.0
SSA,50k-100k,1991.0,401.0,28179711.0
SSD,100k-250k,1991.0,4.0,515533.0
SSD,50k-100k,1991.0,6.0,402573.0
STP,50k-100k,1991.0,1.0,60429.0
TCD,100k-250k,1991.0,3.0,398159.0
TCD,500k-1 million,1991.0,1.0,517341.0
TCD,50k-100k,1991.0,11.0,770540.0
TGO,100k-250k,1991.0,3.0,340830.0
TGO,500k-1 million,1991.0,1.0,620880.0
TGO,50k-100k,1991.0,3.0,198755.0
TZA,1-2.5 millions,1991.0,1.0,1283776.0
TZA,100k-250k,1991.0,7.0,993069.0
TZA,50k-100k,1991.0,8.0,586599.0
UGA,1-2.5 millions,1991.0,1.0,1065900.0
UGA,50k-100k,1991.0,3.0,169509.0
ZAF,1-2.5 millions,1991.0,3.0,4995540.0
ZAF,100k-250k,1991.0,12.0,1753058.0
ZAF,250k-500k,1991.0,6.0,2098276.0
ZAF,500k-1 million,1991.0,1.0,679086.0
ZAF,50k-100k,1991.0,22.0,1586498.0
ZMB,100k-250k,1991.0,4.0,607020.0
ZMB,250k-500k,1991.0,1.0,272019.0
ZMB,500k-1 million,1991.0,1.0,740803.0
ZMB,50k-100k,1991.0,6.0,385745.0
ZWE,1-2.5 millions,1991.0,1.0,1310288.0
ZWE,500k-1 million,1991.0,1.0,545211.0
ZWE,50k-100k,1991.0,4.0,264713.0
AFE,1-2.5 millions,1992.0,12.0,17780285.0
AFE,100k-250k,1992.0,127.0,19260715.0
AFE,2.5-5 millions,1992.0,2.0,6605241.0
AFE,250k-500k,1992.0,29.0,9595899.0
AFE,500k-1 million,1992.0,8.0,5309046.0
AFE,50k-100k,1992.0,203.0,14536818.0
AFW,1-2.5 millions,1992.0,8.0,12363091.0
AFW,100k-250k,1992.0,88.0,12676033.0
AFW,2.5-5 millions,1992.0,1.0,2592744.0
AFW,250k-500k,1992.0,26.0,8988039.0
AFW,5-10 millions,1992.0,1.0,6212668.0
AFW,500k-1 million,1992.0,17.0,12168548.0
AFW,50k-100k,1992.0,183.0,13025133.0
AGO,1-2.5 millions,1992.0,1.0,1037673.0
AGO,100k-250k,1992.0,9.0,1625216.0
AGO,250k-500k,1992.0,3.0,881478.0
AGO,500k-1 million,1992.0,1.0,628387.0
AGO,50k-100k,1992.0,15.0,1161462.0
BDI,250k-500k,1992.0,1.0,266994.0
BDI,50k-100k,1992.0,1.0,77427.0
BEN,250k-500k,1992.0,1.0,301450.0
BEN,500k-1 million,1992.0,1.0,793984.0
BEN,50k-100k,1992.0,3.0,226410.0
BFA,250k-500k,1992.0,1.0,278752.0
BFA,50k-100k,1992.0,2.0,157681.0
CAF,500k-1 million,1992.0,1.0,592096.0
CIV,100k-250k,1992.0,3.0,398826.0
CIV,2.5-5 millions,1992.0,1.0,2592744.0
CIV,250k-500k,1992.0,1.0,414277.0
CIV,50k-100k,1992.0,7.0,504709.0
CMR,1-2.5 millions,1992.0,1.0,1083564.0
CMR,100k-250k,1992.0,12.0,1704320.0
CMR,250k-500k,1992.0,1.0,295285.0
CMR,500k-1 million,1992.0,1.0,998803.0
CMR,50k-100k,1992.0,12.0,764629.0
COD,1-2.5 millions,1992.0,1.0,1526893.0
COD,100k-250k,1992.0,22.0,3252307.0
COD,2.5-5 millions,1992.0,1.0,3535110.0
COD,250k-500k,1992.0,9.0,3106465.0
COD,500k-1 million,1992.0,1.0,798192.0
COD,50k-100k,1992.0,30.0,2277981.0
COG,1-2.5 millions,1992.0,1.0,1063160.0
COG,250k-500k,1992.0,1.0,395088.0
COM,100k-250k,1992.0,1.0,131168.0
COM,50k-100k,1992.0,1.0,71706.0
CPV,50k-100k,1992.0,1.0,89055.0
ERI,100k-250k,1992.0,2.0,378932.0
ERI,250k-500k,1992.0,1.0,291918.0
ERI,50k-100k,1992.0,2.0,124269.0
ETH,1-2.5 millions,1992.0,1.0,2150046.0
ETH,100k-250k,1992.0,16.0,2410086.0
ETH,250k-500k,1992.0,1.0,280012.0
ETH,50k-100k,1992.0,56.0,3903330.0
GAB,250k-500k,1992.0,1.0,314965.0
GAB,50k-100k,1992.0,1.0,70082.0
GHA,1-2.5 millions,1992.0,1.0,1872127.0
GHA,100k-250k,1992.0,4.0,533278.0
GHA,250k-500k,1992.0,1.0,257615.0
GHA,500k-1 million,1992.0,1.0,905768.0
GHA,50k-100k,1992.0,8.0,633911.0
GIN,1-2.5 millions,1992.0,1.0,1031509.0
GIN,50k-100k,1992.0,5.0,363703.0
GMB,250k-500k,1992.0,1.0,307025.0
GNB,100k-250k,1992.0,1.0,202032.0
KEN,1-2.5 millions,1992.0,1.0,1669635.0
KEN,100k-250k,1992.0,3.0,472275.0
KEN,500k-1 million,1992.0,1.0,519837.99999999994
KEN,50k-100k,1992.0,3.0,220058.0
LBR,500k-1 million,1992.0,1.0,822337.0
LSO,100k-250k,1992.0,1.0,186386.0
MDG,500k-1 million,1992.0,1.0,853693.0
MDG,50k-100k,1992.0,1.0,81661.0
MLI,500k-1 million,1992.0,1.0,882432.0
MLI,50k-100k,1992.0,4.0,259603.0
MOZ,1-2.5 millions,1992.0,1.0,1182978.0
MOZ,100k-250k,1992.0,6.0,818917.0
MOZ,250k-500k,1992.0,1.0,323042.0
MOZ,50k-100k,1992.0,4.0,279161.0
MRT,250k-500k,1992.0,1.0,408627.0
MUS,500k-1 million,1992.0,1.0,512284.99999999994
MWI,100k-250k,1992.0,1.0,145134.0
MWI,250k-500k,1992.0,1.0,338948.0
NAM,100k-250k,1992.0,1.0,112656.0
NER,100k-250k,1992.0,4.0,524489.0
NER,250k-500k,1992.0,2.0,700997.0
NER,50k-100k,1992.0,6.0,396659.0
NGA,1-2.5 millions,1992.0,3.0,5603778.0
NGA,100k-250k,1992.0,49.0,7305309.0
NGA,250k-500k,1992.0,15.0,5313958.0
NGA,5-10 millions,1992.0,1.0,6212668.0
NGA,500k-1 million,1992.0,7.0,4831773.0
NGA,50k-100k,1992.0,115.0,8119745.0
RWA,100k-250k,1992.0,1.0,209286.0
RWA,50k-100k,1992.0,1.0,71146.0
SDN,100k-250k,1992.0,26.0,3885208.0
SDN,2.5-5 millions,1992.0,1.0,3070131.0
SDN,250k-500k,1992.0,4.0,1160532.0
SDN,50k-100k,1992.0,31.0,2188653.0
SEN,1-2.5 millions,1992.0,1.0,1708953.0
SEN,100k-250k,1992.0,7.0,1019999.0
SEN,500k-1 million,1992.0,1.0,508153.0
SEN,50k-100k,1992.0,3.0,252072.0
SLE,100k-250k,1992.0,2.0,228349.0
SLE,500k-1 million,1992.0,1.0,626503.0
SLE,50k-100k,1992.0,2.0,188150.0
SOM,1-2.5 millions,1992.0,1.0,1093703.0
SOM,100k-250k,1992.0,9.0,1412537.0
SOM,250k-500k,1992.0,1.0,485915.0
SOM,50k-100k,1992.0,10.0,697828.0
SSA,1-2.5 millions,1992.0,20.0,30143376.0
SSA,100k-250k,1992.0,215.0,31936748.0
SSA,2.5-5 millions,1992.0,3.0,9197985.0
SSA,250k-500k,1992.0,55.0,18583938.0
SSA,5-10 millions,1992.0,1.0,6212668.0
SSA,500k-1 million,1992.0,25.0,17477594.0
SSA,50k-100k,1992.0,386.0,27561951.0
SSD,100k-250k,1992.0,4.0,525884.0
SSD,50k-100k,1992.0,6.0,418028.0
STP,50k-100k,1992.0,1.0,61957.0
TCD,100k-250k,1992.0,3.0,412034.0
TCD,500k-1 million,1992.0,1.0,540324.0
TCD,50k-100k,1992.0,11.0,795802.0
TGO,100k-250k,1992.0,3.0,347397.0
TGO,500k-1 million,1992.0,1.0,666375.0
TGO,50k-100k,1992.0,3.0,202922.0
TZA,1-2.5 millions,1992.0,1.0,1359593.0
TZA,100k-250k,1992.0,8.0,1157212.0
TZA,50k-100k,1992.0,7.0,507822.0
UGA,1-2.5 millions,1992.0,1.0,1127818.0
UGA,50k-100k,1992.0,3.0,176868.0
ZAF,1-2.5 millions,1992.0,3.0,5261823.0
ZAF,100k-250k,1992.0,13.0,1923046.0
ZAF,250k-500k,1992.0,6.0,2176414.0
ZAF,500k-1 million,1992.0,1.0,674993.0
ZAF,50k-100k,1992.0,21.0,1537550.0
ZMB,100k-250k,1992.0,4.0,614465.0
ZMB,250k-500k,1992.0,1.0,284181.0
ZMB,500k-1 million,1992.0,1.0,768696.0
ZMB,50k-100k,1992.0,6.0,404927.0
ZWE,1-2.5 millions,1992.0,1.0,1370123.0
ZWE,500k-1 million,1992.0,1.0,552962.0
ZWE,50k-100k,1992.0,4.0,274984.0
AFE,1-2.5 millions,1993.0,12.0,18582308.0
AFE,100k-250k,1993.0,133.0,20338601.0
AFE,2.5-5 millions,1993.0,2.0,7005650.0
AFE,250k-500k,1993.0,29.0,9668077.0
AFE,500k-1 million,1993.0,8.0,5459247.0
AFE,50k-100k,1993.0,196.0,14254226.0
AFW,1-2.5 millions,1993.0,9.0,13841797.0
AFW,100k-250k,1993.0,94.0,13538495.0
AFW,2.5-5 millions,1993.0,1.0,2693993.0
AFW,250k-500k,1993.0,27.0,9356628.0
AFW,5-10 millions,1993.0,1.0,6437512.0
AFW,500k-1 million,1993.0,18.0,12554492.0
AFW,50k-100k,1993.0,178.0,12904424.0
AGO,1-2.5 millions,1993.0,1.0,1031720.0
AGO,100k-250k,1993.0,10.0,1773530.0
AGO,250k-500k,1993.0,3.0,910230.0
AGO,500k-1 million,1993.0,1.0,649224.0
AGO,50k-100k,1993.0,14.0,1105681.0
BDI,250k-500k,1993.0,1.0,275708.0
BDI,50k-100k,1993.0,1.0,78971.0
BEN,250k-500k,1993.0,1.0,310678.0
BEN,500k-1 million,1993.0,1.0,818755.0
BEN,50k-100k,1993.0,3.0,237265.0
BFA,250k-500k,1993.0,1.0,286477.0
BFA,500k-1 million,1993.0,1.0,533126.0
BFA,50k-100k,1993.0,2.0,162032.0
CAF,500k-1 million,1993.0,1.0,606966.0
CIV,100k-250k,1993.0,4.0,524010.0
CIV,2.5-5 millions,1993.0,1.0,2693993.0
CIV,250k-500k,1993.0,1.0,424928.0
CIV,50k-100k,1993.0,6.0,428292.0
CMR,1-2.5 millions,1993.0,2.0,2184377.0
CMR,100k-250k,1993.0,12.0,1758799.0
CMR,250k-500k,1993.0,1.0,306751.0
CMR,50k-100k,1993.0,12.0,786056.0
COD,1-2.5 millions,1993.0,1.0,1591506.0
COD,100k-250k,1993.0,23.0,3314114.0
COD,2.5-5 millions,1993.0,1.0,3774656.0
COD,250k-500k,1993.0,10.0,3471352.0
COD,500k-1 million,1993.0,1.0,829520.0
COD,50k-100k,1993.0,28.0,2166098.0
COG,1-2.5 millions,1993.0,1.0,1083864.0
COG,100k-250k,1993.0,1.0,237329.0
COG,250k-500k,1993.0,1.0,412486.0
COM,100k-250k,1993.0,1.0,133545.0
COM,50k-100k,1993.0,1.0,73487.0
CPV,50k-100k,1993.0,1.0,92109.0
ERI,100k-250k,1993.0,2.0,378793.0
ERI,250k-500k,1993.0,1.0,284018.0
ERI,50k-100k,1993.0,2.0,124558.0
ETH,1-2.5 millions,1993.0,1.0,2247312.0
ETH,100k-250k,1993.0,18.0,2699665.0
ETH,250k-500k,1993.0,1.0,288245.0
ETH,50k-100k,1993.0,54.0,3830510.0
GAB,250k-500k,1993.0,1.0,335845.0
GAB,50k-100k,1993.0,1.0,71545.0
GHA,1-2.5 millions,1993.0,1.0,1970107.0
GHA,100k-250k,1993.0,4.0,551401.0
GHA,250k-500k,1993.0,1.0,262096.0
GHA,500k-1 million,1993.0,1.0,972940.0
GHA,50k-100k,1993.0,8.0,654181.0
GIN,1-2.5 millions,1993.0,1.0,1068332.0
GIN,100k-250k,1993.0,2.0,209287.0
GIN,50k-100k,1993.0,4.0,281913.0
GMB,250k-500k,1993.0,1.0,322853.0
GNB,100k-250k,1993.0,1.0,210726.0
KEN,1-2.5 millions,1993.0,1.0,1771047.0
KEN,100k-250k,1993.0,3.0,491579.0
KEN,500k-1 million,1993.0,1.0,542158.0
KEN,50k-100k,1993.0,3.0,232751.0
LBR,500k-1 million,1993.0,1.0,710143.0
LSO,100k-250k,1993.0,1.0,191754.0
MDG,500k-1 million,1993.0,1.0,893616.0
MDG,50k-100k,1993.0,1.0,83077.0
MLI,100k-250k,1993.0,1.0,107273.0
MLI,500k-1 million,1993.0,1.0,917844.0
MLI,50k-100k,1993.0,4.0,269976.0
MOZ,1-2.5 millions,1993.0,1.0,1240352.0
MOZ,100k-250k,1993.0,6.0,860962.0
MOZ,250k-500k,1993.0,1.0,339738.0
MOZ,50k-100k,1993.0,4.0,289201.0
MRT,250k-500k,1993.0,1.0,418901.0
MUS,500k-1 million,1993.0,1.0,516525.0
MWI,100k-250k,1993.0,1.0,155257.0
MWI,250k-500k,1993.0,1.0,352584.0
NAM,100k-250k,1993.0,1.0,119098.0
NER,100k-250k,1993.0,4.0,548672.0
NER,250k-500k,1993.0,2.0,729202.0
NER,50k-100k,1993.0,6.0,408774.0
NGA,1-2.5 millions,1993.0,3.0,5776138.0
NGA,100k-250k,1993.0,50.0,7330295.0
NGA,250k-500k,1993.0,16.0,5546411.0
NGA,5-10 millions,1993.0,1.0,6437512.0
NGA,500k-1 million,1993.0,8.0,5548339.0
NGA,50k-100k,1993.0,112.0,8038587.0
RWA,100k-250k,1993.0,1.0,227587.0
RWA,50k-100k,1993.0,1.0,65821.0
SDN,100k-250k,1993.0,26.0,3984527.0
SDN,2.5-5 millions,1993.0,1.0,3230994.0
SDN,250k-500k,1993.0,4.0,1195307.0
SDN,50k-100k,1993.0,31.0,2218130.0
SEN,1-2.5 millions,1993.0,1.0,1758979.0
SEN,100k-250k,1993.0,7.0,1054047.0
SEN,500k-1 million,1993.0,1.0,522491.99999999994
SEN,50k-100k,1993.0,3.0,257651.0
SLE,100k-250k,1993.0,2.0,226782.0
SLE,500k-1 million,1993.0,1.0,648709.0
SLE,50k-100k,1993.0,2.0,187889.0
SOM,1-2.5 millions,1993.0,1.0,1117160.0
SOM,100k-250k,1993.0,9.0,1416338.0
SOM,50k-100k,1993.0,10.0,697053.0
SSA,1-2.5 millions,1993.0,21.0,32424105.0
SSA,100k-250k,1993.0,227.0,33877096.0
SSA,2.5-5 millions,1993.0,3.0,9699643.0
SSA,250k-500k,1993.0,56.0,19024705.0
SSA,5-10 millions,1993.0,1.0,6437512.0
SSA,500k-1 million,1993.0,26.0,18013739.0
SSA,50k-100k,1993.0,374.0,27158650.0
SSD,100k-250k,1993.0,4.0,536234.0
SSD,50k-100k,1993.0,6.0,433482.0
STP,50k-100k,1993.0,1.0,63486.0
TCD,100k-250k,1993.0,3.0,425909.0
TCD,500k-1 million,1993.0,1.0,563307.0
TCD,50k-100k,1993.0,11.0,821064.0
TGO,100k-250k,1993.0,3.0,353965.0
TGO,500k-1 million,1993.0,1.0,711871.0
TGO,50k-100k,1993.0,3.0,207090.0
TZA,1-2.5 millions,1993.0,1.0,1435411.0
TZA,100k-250k,1993.0,9.0,1325660.0
TZA,50k-100k,1993.0,6.0,424740.0
UGA,1-2.5 millions,1993.0,1.0,1189737.0
UGA,50k-100k,1993.0,3.0,184228.0
ZAF,1-2.5 millions,1993.0,3.0,5528105.0
ZAF,100k-250k,1993.0,14.0,2108047.0
ZAF,250k-500k,1993.0,6.0,2254552.0
ZAF,500k-1 million,1993.0,1.0,670901.0
ZAF,50k-100k,1993.0,20.0,1473589.0
ZMB,100k-250k,1993.0,4.0,621911.0
ZMB,250k-500k,1993.0,1.0,296343.0
ZMB,500k-1 million,1993.0,1.0,796589.0
ZMB,50k-100k,1993.0,6.0,424108.0
ZWE,1-2.5 millions,1993.0,1.0,1429958.0
ZWE,500k-1 million,1993.0,1.0,560714.0
ZWE,50k-100k,1993.0,4.0,285255.0
AFE,1-2.5 millions,1994.0,12.0,19384329.0
AFE,100k-250k,1994.0,142.0,21596086.0
AFE,2.5-5 millions,1994.0,2.0,7406060.0
AFE,250k-500k,1994.0,29.0,9480327.0
AFE,500k-1 million,1994.0,11.0,7154655.0
AFE,50k-100k,1994.0,185.0,13514764.0
AFW,1-2.5 millions,1994.0,10.0,15361810.0
AFW,100k-250k,1994.0,99.0,14324722.0
AFW,2.5-5 millions,1994.0,1.0,2795242.0
AFW,250k-500k,1994.0,28.0,9960015.0
AFW,5-10 millions,1994.0,1.0,6662356.0
AFW,500k-1 million,1994.0,17.0,11915705.0
AFW,50k-100k,1994.0,172.0,12649230.0
AGO,1-2.5 millions,1994.0,1.0,1025768.0
AGO,100k-250k,1994.0,13.0,2139622.0
AGO,250k-500k,1994.0,3.0,938983.0
AGO,500k-1 million,1994.0,1.0,670062.0
AGO,50k-100k,1994.0,11.0,832120.0
BDI,250k-500k,1994.0,1.0,284422.0
BDI,50k-100k,1994.0,1.0,80516.0
BEN,250k-500k,1994.0,1.0,319905.0
BEN,500k-1 million,1994.0,1.0,843527.0
BEN,50k-100k,1994.0,3.0,248120.0
BFA,250k-500k,1994.0,1.0,294201.0
BFA,500k-1 million,1994.0,1.0,557857.0
BFA,50k-100k,1994.0,2.0,166383.0
CAF,500k-1 million,1994.0,1.0,621836.0
CIV,100k-250k,1994.0,4.0,556103.0
CIV,2.5-5 millions,1994.0,1.0,2795242.0
CIV,250k-500k,1994.0,1.0,435579.0
CIV,50k-100k,1994.0,6.0,444966.0
CMR,1-2.5 millions,1994.0,2.0,2286387.0
CMR,100k-250k,1994.0,11.0,1555784.0
CMR,250k-500k,1994.0,2.0,575709.0
CMR,50k-100k,1994.0,12.0,807482.0
COD,1-2.5 millions,1994.0,1.0,1656120.0
COD,100k-250k,1994.0,26.0,3577202.0
COD,2.5-5 millions,1994.0,1.0,4014202.0
COD,250k-500k,1994.0,10.0,3349689.0
COD,500k-1 million,1994.0,2.0,1362077.0
COD,50k-100k,1994.0,24.0,1838256.0
COG,1-2.5 millions,1994.0,1.0,1104569.0
COG,100k-250k,1994.0,1.0,226545.0
COG,250k-500k,1994.0,1.0,429885.0
COM,100k-250k,1994.0,1.0,135921.0
COM,50k-100k,1994.0,1.0,75267.0
CPV,50k-100k,1994.0,1.0,95163.0
ERI,100k-250k,1994.0,2.0,378655.0
ERI,250k-500k,1994.0,1.0,276119.0
ERI,50k-100k,1994.0,2.0,124846.0
ETH,1-2.5 millions,1994.0,1.0,2344577.0
ETH,100k-250k,1994.0,18.0,2794595.0
ETH,250k-500k,1994.0,1.0,296477.0
ETH,50k-100k,1994.0,54.0,3952338.0
GAB,250k-500k,1994.0,1.0,356726.0
GAB,50k-100k,1994.0,1.0,73008.0
GHA,1-2.5 millions,1994.0,2.0,3108198.0
GHA,100k-250k,1994.0,5.0,671692.0
GHA,250k-500k,1994.0,1.0,266577.0
GHA,50k-100k,1994.0,7.0,572283.0
GIN,1-2.5 millions,1994.0,1.0,1105154.0
GIN,100k-250k,1994.0,2.0,221569.0
GIN,50k-100k,1994.0,4.0,295508.0
GMB,250k-500k,1994.0,1.0,338682.0
GNB,100k-250k,1994.0,1.0,219419.0
KEN,1-2.5 millions,1994.0,1.0,1872459.0
KEN,100k-250k,1994.0,3.0,510883.0
KEN,500k-1 million,1994.0,1.0,564478.0
KEN,50k-100k,1994.0,3.0,245444.0
LBR,500k-1 million,1994.0,1.0,597949.0
LSO,100k-250k,1994.0,1.0,197122.0
MDG,500k-1 million,1994.0,1.0,933538.0
MDG,50k-100k,1994.0,1.0,84494.0
MLI,100k-250k,1994.0,1.0,113327.0
MLI,500k-1 million,1994.0,1.0,953257.0
MLI,50k-100k,1994.0,4.0,280349.0
MOZ,1-2.5 millions,1994.0,1.0,1297726.0
MOZ,100k-250k,1994.0,6.0,752504.0
MOZ,250k-500k,1994.0,2.0,610116.0
MOZ,50k-100k,1994.0,3.0,196063.0
MRT,250k-500k,1994.0,1.0,429176.0
MUS,500k-1 million,1994.0,1.0,520765.0
MWI,100k-250k,1994.0,1.0,165379.0
MWI,250k-500k,1994.0,1.0,366219.0
NAM,100k-250k,1994.0,1.0,125541.0
NER,100k-250k,1994.0,4.0,572856.0
NER,250k-500k,1994.0,2.0,757406.0
NER,50k-100k,1994.0,6.0,420889.0
NGA,1-2.5 millions,1994.0,3.0,5948498.0
NGA,100k-250k,1994.0,54.0,7973432.0
NGA,250k-500k,1994.0,16.0,5756169.0
NGA,5-10 millions,1994.0,1.0,6662356.0
NGA,500k-1 million,1994.0,8.0,5789876.0
NGA,50k-100k,1994.0,108.0,7837005.0
RWA,100k-250k,1994.0,1.0,245888.0
RWA,50k-100k,1994.0,1.0,60497.0
SDN,100k-250k,1994.0,27.0,4029814.0
SDN,2.5-5 millions,1994.0,1.0,3391858.0
SDN,250k-500k,1994.0,5.0,1487836.0
SDN,50k-100k,1994.0,29.0,2043886.0
SEN,1-2.5 millions,1994.0,1.0,1809004.0
SEN,100k-250k,1994.0,7.0,1088095.0
SEN,500k-1 million,1994.0,1.0,536832.0
SEN,50k-100k,1994.0,3.0,263229.0
SLE,100k-250k,1994.0,2.0,225216.0
SLE,500k-1 million,1994.0,1.0,670915.0
SLE,50k-100k,1994.0,2.0,187629.0
SOM,1-2.5 millions,1994.0,1.0,1140616.0
SOM,100k-250k,1994.0,9.0,1420139.0
SOM,500k-1 million,1994.0,1.0,522091.0
SOM,50k-100k,1994.0,10.0,696279.0
SSA,1-2.5 millions,1994.0,22.0,34746139.0
SSA,100k-250k,1994.0,241.0,35920808.0
SSA,2.5-5 millions,1994.0,3.0,10201302.0
SSA,250k-500k,1994.0,57.0,19440342.0
SSA,5-10 millions,1994.0,1.0,6662356.0
SSA,500k-1 million,1994.0,28.0,19070360.0
SSA,50k-100k,1994.0,357.0,26163994.0
SSD,100k-250k,1994.0,4.0,546585.0
SSD,50k-100k,1994.0,6.0,448937.0
STP,50k-100k,1994.0,1.0,65013.99999999999
TCD,100k-250k,1994.0,4.0,540152.0
TCD,500k-1 million,1994.0,1.0,586290.0
TCD,50k-100k,1994.0,10.0,745958.0
TGO,100k-250k,1994.0,3.0,360532.0
TGO,500k-1 million,1994.0,1.0,757366.0
TGO,50k-100k,1994.0,3.0,211258.0
TZA,1-2.5 millions,1994.0,1.0,1511228.0
TZA,100k-250k,1994.0,9.0,1400682.0
TZA,50k-100k,1994.0,6.0,435084.0
UGA,1-2.5 millions,1994.0,1.0,1251655.0
UGA,50k-100k,1994.0,3.0,191587.0
ZAF,1-2.5 millions,1994.0,3.0,5794388.0
ZAF,100k-250k,1994.0,15.0,2442237.0
ZAF,250k-500k,1994.0,4.0,1561961.0
ZAF,500k-1 million,1994.0,2.0,1188698.0
ZAF,50k-100k,1994.0,20.0,1509280.0
ZMB,100k-250k,1994.0,4.0,629357.0
ZMB,250k-500k,1994.0,1.0,308505.0
ZMB,500k-1 million,1994.0,1.0,824481.0
ZMB,50k-100k,1994.0,6.0,443289.0
ZWE,1-2.5 millions,1994.0,1.0,1489792.0
ZWE,100k-250k,1994.0,1.0,103960.0
ZWE,500k-1 million,1994.0,1.0,568465.0
ZWE,50k-100k,1994.0,3.0,191567.0
AFE,1-2.5 millions,1995.0,12.0,20186351.0
AFE,100k-250k,1995.0,146.0,22368226.0
AFE,2.5-5 millions,1995.0,2.0,7806470.0
AFE,250k-500k,1995.0,31.0,10089231.0
AFE,500k-1 million,1995.0,12.0,7889657.0
AFE,50k-100k,1995.0,252.0,17481664.0
AFW,1-2.5 millions,1995.0,10.0,15908884.0
AFW,100k-250k,1995.0,109.0,15833373.0
AFW,2.5-5 millions,1995.0,1.0,2896490.0
AFW,250k-500k,1995.0,27.0,9809448.0
AFW,5-10 millions,1995.0,1.0,6887200.0
AFW,500k-1 million,1995.0,17.0,12269252.0
AFW,50k-100k,1995.0,241.0,16426597.0
AGO,1-2.5 millions,1995.0,1.0,1019815.0
AGO,100k-250k,1995.0,13.0,2209857.0
AGO,250k-500k,1995.0,4.0,1274187.0
AGO,500k-1 million,1995.0,1.0,690900.0
AGO,50k-100k,1995.0,13.0,970236.0
BDI,250k-500k,1995.0,1.0,293136.0
BDI,50k-100k,1995.0,3.0,191260.0
BEN,250k-500k,1995.0,1.0,329132.0
BEN,500k-1 million,1995.0,1.0,868298.0
BEN,50k-100k,1995.0,4.0,266745.0
BFA,250k-500k,1995.0,1.0,301926.0
BFA,500k-1 million,1995.0,1.0,582588.0
BFA,50k-100k,1995.0,6.0,405914.0
BWA,50k-100k,1995.0,1.0,54789.0
CAF,500k-1 million,1995.0,1.0,636706.0
CAF,50k-100k,1995.0,1.0,51642.0
CIV,100k-250k,1995.0,5.0,688651.0
CIV,2.5-5 millions,1995.0,1.0,2896490.0
CIV,250k-500k,1995.0,1.0,446230.0
CIV,50k-100k,1995.0,13.0,805003.0
CMR,1-2.5 millions,1995.0,2.0,2388397.0
CMR,100k-250k,1995.0,11.0,1601576.0
CMR,250k-500k,1995.0,2.0,595862.0
CMR,50k-100k,1995.0,18.0,1176565.0
COD,1-2.5 millions,1995.0,1.0,1720734.0
COD,100k-250k,1995.0,28.0,3906756.0
COD,2.5-5 millions,1995.0,1.0,4253749.0
COD,250k-500k,1995.0,9.0,2944672.0
COD,500k-1 million,1995.0,3.0,1928454.0
COD,50k-100k,1995.0,35.0,2448320.0
COG,1-2.5 millions,1995.0,1.0,1125273.0
COG,100k-250k,1995.0,1.0,215760.0
COG,250k-500k,1995.0,1.0,447284.0
COM,100k-250k,1995.0,1.0,138298.0
COM,50k-100k,1995.0,1.0,77048.0
CPV,50k-100k,1995.0,1.0,98218.0
ERI,100k-250k,1995.0,2.0,378516.0
ERI,250k-500k,1995.0,1.0,268219.0
ERI,50k-100k,1995.0,2.0,125135.0
ETH,1-2.5 millions,1995.0,1.0,2441843.0
ETH,100k-250k,1995.0,18.0,2738470.0
ETH,250k-500k,1995.0,2.0,559028.0
ETH,50k-100k,1995.0,74.0,5120710.0
GAB,250k-500k,1995.0,1.0,377606.0
GAB,50k-100k,1995.0,1.0,74471.0
GHA,1-2.5 millions,1995.0,2.0,3273350.0
GHA,100k-250k,1995.0,6.0,796691.0
GHA,250k-500k,1995.0,1.0,271058.0
GHA,50k-100k,1995.0,13.0,880422.0
GIN,1-2.5 millions,1995.0,1.0,1141976.0
GIN,100k-250k,1995.0,2.0,233851.0
GIN,50k-100k,1995.0,7.0,484548.0
GMB,250k-500k,1995.0,1.0,354510.0
GNB,100k-250k,1995.0,1.0,228113.0
GNQ,50k-100k,1995.0,2.0,142152.0
KEN,1-2.5 millions,1995.0,1.0,1973871.0
KEN,100k-250k,1995.0,3.0,530187.0
KEN,500k-1 million,1995.0,1.0,586797.0
KEN,50k-100k,1995.0,5.0,378656.0
LSO,100k-250k,1995.0,1.0,202490.0
MDG,500k-1 million,1995.0,1.0,973461.0
MDG,50k-100k,1995.0,1.0,85911.0
MLI,100k-250k,1995.0,2.0,224181.0
MLI,500k-1 million,1995.0,1.0,988669.0
MLI,50k-100k,1995.0,3.0,185921.0
MOZ,1-2.5 millions,1995.0,1.0,1355099.0
MOZ,100k-250k,1995.0,6.0,785066.0
MOZ,250k-500k,1995.0,2.0,640555.0
MOZ,50k-100k,1995.0,12.0,760063.0
MRT,250k-500k,1995.0,1.0,439451.0
MRT,50k-100k,1995.0,1.0,54449.0
MUS,500k-1 million,1995.0,1.0,525004.0
MWI,100k-250k,1995.0,1.0,175502.0
MWI,250k-500k,1995.0,1.0,379855.0
MWI,50k-100k,1995.0,1.0,57052.0
NAM,100k-250k,1995.0,1.0,131983.0
NER,100k-250k,1995.0,4.0,597039.0
NER,250k-500k,1995.0,2.0,785611.0
NER,50k-100k,1995.0,9.0,606110.0
NGA,1-2.5 millions,1995.0,3.0,6120858.0
NGA,100k-250k,1995.0,60.0,8875100.0
NGA,250k-500k,1995.0,15.0,5460778.0
NGA,5-10 millions,1995.0,1.0,6887200.0
NGA,500k-1 million,1995.0,9.0,6536562.0
NGA,50k-100k,1995.0,143.0,9752521.0
RWA,250k-500k,1995.0,1.0,264189.0
RWA,50k-100k,1995.0,1.0,55173.0
SDN,100k-250k,1995.0,27.0,4125767.0
SDN,2.5-5 millions,1995.0,1.0,3552721.0
SDN,250k-500k,1995.0,5.0,1530956.0
SDN,50k-100k,1995.0,32.0,2240627.0
SEN,1-2.5 millions,1995.0,1.0,1859030.0
SEN,100k-250k,1995.0,8.0,1222781.0
SEN,500k-1 million,1995.0,1.0,551172.0
SEN,50k-100k,1995.0,3.0,218767.0
SLE,100k-250k,1995.0,2.0,225379.0
SLE,500k-1 million,1995.0,1.0,693122.0
SLE,50k-100k,1995.0,2.0,185640.0
SOM,1-2.5 millions,1995.0,1.0,1164073.0
SOM,100k-250k,1995.0,9.0,1423940.0
SOM,500k-1 million,1995.0,1.0,540179.0
SOM,50k-100k,1995.0,11.0,751175.0
SSA,1-2.5 millions,1995.0,22.0,36095235.0
SSA,100k-250k,1995.0,255.0,38201599.0
SSA,2.5-5 millions,1995.0,3.0,10702960.0
SSA,250k-500k,1995.0,58.0,19898679.0
SSA,5-10 millions,1995.0,1.0,6887200.0
SSA,500k-1 million,1995.0,29.0,20158909.0
SSA,50k-100k,1995.0,493.0,33908261.0
SSD,100k-250k,1995.0,4.0,556935.0
SSD,50k-100k,1995.0,6.0,464391.0
STP,50k-100k,1995.0,1.0,66543.0
SWZ,50k-100k,1995.0,1.0,75393.0
TCD,100k-250k,1995.0,4.0,557151.0
TCD,500k-1 million,1995.0,1.0,609273.0
TCD,50k-100k,1995.0,11.0,822083.0
TGO,100k-250k,1995.0,3.0,367100.0
TGO,500k-1 million,1995.0,1.0,802862.0
TGO,50k-100k,1995.0,3.0,215426.0
TZA,1-2.5 millions,1995.0,1.0,1587045.0
TZA,100k-250k,1995.0,9.0,1475704.0
TZA,50k-100k,1995.0,9.0,611649.0
UGA,1-2.5 millions,1995.0,1.0,1313574.0
UGA,100k-250k,1995.0,1.0,116627.0
UGA,50k-100k,1995.0,6.0,373066.0
ZAF,1-2.5 millions,1995.0,3.0,6060670.0
ZAF,100k-250k,1995.0,17.0,2724070.0
ZAF,250k-500k,1995.0,4.0,1613767.0
ZAF,500k-1 million,1995.0,2.0,1216272.0
ZAF,50k-100k,1995.0,26.0,1808037.0
ZMB,100k-250k,1995.0,4.0,636802.0
ZMB,250k-500k,1995.0,1.0,320667.0
ZMB,500k-1 million,1995.0,1.0,852374.0
ZMB,50k-100k,1995.0,8.0,571889.0
ZWE,1-2.5 millions,1995.0,1.0,1549627.0
ZWE,100k-250k,1995.0,1.0,111256.0
ZWE,500k-1 million,1995.0,1.0,576216.0
ZWE,50k-100k,1995.0,3.0,194541.0
AFE,1-2.5 millions,1996.0,11.0,18482052.0
AFE,100k-250k,1996.0,146.0,21872800.0
AFE,2.5-5 millions,1996.0,2.0,8137831.0
AFE,250k-500k,1996.0,37.0,12009302.0
AFE,500k-1 million,1996.0,11.0,7131907.0
AFE,50k-100k,1996.0,244.0,17192392.0
AFW,1-2.5 millions,1996.0,12.0,18596256.0
AFW,100k-250k,1996.0,118.0,17269729.0
AFW,2.5-5 millions,1996.0,1.0,3005553.0
AFW,250k-500k,1996.0,25.0,9150201.0
AFW,5-10 millions,1996.0,1.0,7091552.0
AFW,500k-1 million,1996.0,18.0,12359216.0
AFW,50k-100k,1996.0,233.0,16088017.0
AGO,1-2.5 millions,1996.0,1.0,1008820.0
AGO,100k-250k,1996.0,14.0,2395871.0
AGO,250k-500k,1996.0,4.0,1384827.0
AGO,500k-1 million,1996.0,1.0,690795.0
AGO,50k-100k,1996.0,12.0,904368.0
BDI,250k-500k,1996.0,1.0,305357.0
BDI,50k-100k,1996.0,3.0,194964.0
BEN,100k-250k,1996.0,2.0,208129.0
BEN,250k-500k,1996.0,1.0,338465.0
BEN,500k-1 million,1996.0,1.0,901116.0
BEN,50k-100k,1996.0,3.0,182174.0
BFA,250k-500k,1996.0,1.0,320966.0
BFA,500k-1 million,1996.0,1.0,641713.0
BFA,50k-100k,1996.0,6.0,421296.0
BWA,50k-100k,1996.0,1.0,56688.0
CAF,500k-1 million,1996.0,1.0,653203.0
CAF,50k-100k,1996.0,1.0,53135.0
CIV,100k-250k,1996.0,5.0,716694.0
CIV,2.5-5 millions,1996.0,1.0,3005553.0
CIV,250k-500k,1996.0,1.0,456045.0
CIV,50k-100k,1996.0,13.0,839064.0
CMR,1-2.5 millions,1996.0,2.0,2517346.0
CMR,100k-250k,1996.0,12.0,1745954.0
CMR,250k-500k,1996.0,2.0,620236.0
CMR,50k-100k,1996.0,17.0,1099072.0
COD,1-2.5 millions,1996.0,1.0,1760455.0
COD,100k-250k,1996.0,29.0,3936109.0
COD,2.5-5 millions,1996.0,1.0,4468634.0
COD,250k-500k,1996.0,10.0,3271012.0
COD,500k-1 million,1996.0,3.0,2006271.0
COD,50k-100k,1996.0,33.0,2323011.0
COG,1-2.5 millions,1996.0,1.0,1154905.0
COG,100k-250k,1996.0,1.0,201505.0
COG,250k-500k,1996.0,1.0,468770.0
COG,50k-100k,1996.0,1.0,58896.0
COM,100k-250k,1996.0,1.0,140582.0
COM,50k-100k,1996.0,1.0,78839.0
ERI,100k-250k,1996.0,2.0,388545.0
ERI,250k-500k,1996.0,1.0,267601.0
ERI,50k-100k,1996.0,2.0,128326.0
ETH,100k-250k,1996.0,20.0,2894651.0
ETH,250k-500k,1996.0,3.0,825547.0
ETH,50k-100k,1996.0,71.0,4971617.0
GAB,250k-500k,1996.0,1.0,387036.0
GAB,50k-100k,1996.0,1.0,75448.0
GHA,1-2.5 millions,1996.0,2.0,3438858.0
GHA,100k-250k,1996.0,6.0,812542.0
GHA,250k-500k,1996.0,1.0,277118.0
GHA,50k-100k,1996.0,13.0,908128.0
GIN,1-2.5 millions,1996.0,1.0,1179381.0
GIN,100k-250k,1996.0,3.0,343614.0
GIN,50k-100k,1996.0,6.0,398776.0
GMB,250k-500k,1996.0,1.0,370136.0
GNB,100k-250k,1996.0,1.0,237530.0
GNQ,50k-100k,1996.0,2.0,166441.0
KEN,1-2.5 millions,1996.0,1.0,2095139.0000000002
KEN,100k-250k,1996.0,4.0,657198.0
KEN,500k-1 million,1996.0,1.0,611240.0
KEN,50k-100k,1996.0,4.0,287902.0
LBR,500k-1 million,1996.0,1.0,574193.0
LSO,100k-250k,1996.0,1.0,204475.0
MDG,50k-100k,1996.0,1.0,87861.0
MLI,1-2.5 millions,1996.0,1.0,1040771.9999999999
MLI,100k-250k,1996.0,2.0,234837.0
MLI,50k-100k,1996.0,3.0,196360.0
MOZ,1-2.5 millions,1996.0,1.0,1390064.0
MOZ,100k-250k,1996.0,6.0,807302.0
MOZ,250k-500k,1996.0,2.0,662159.0
MOZ,50k-100k,1996.0,12.0,787557.0
MRT,250k-500k,1996.0,1.0,452236.0
MRT,50k-100k,1996.0,1.0,56434.0
MUS,500k-1 million,1996.0,1.0,529398.0
MWI,100k-250k,1996.0,1.0,198794.0
MWI,250k-500k,1996.0,1.0,409889.0
MWI,50k-100k,1996.0,1.0,59159.0
NAM,100k-250k,1996.0,1.0,144029.0
NER,100k-250k,1996.0,4.0,621129.0
NER,250k-500k,1996.0,1.0,295521.0
NER,500k-1 million,1996.0,1.0,528453.0
NER,50k-100k,1996.0,9.0,626619.0
NGA,1-2.5 millions,1996.0,4.0,7347911.0
NGA,100k-250k,1996.0,65.0,9695591.0
NGA,250k-500k,1996.0,14.0,5163672.0
NGA,5-10 millions,1996.0,1.0,7091552.0
NGA,500k-1 million,1996.0,9.0,6279450.0
NGA,50k-100k,1996.0,138.0,9519123.0
RWA,250k-500k,1996.0,1.0,298560.0
RWA,50k-100k,1996.0,1.0,62655.0
SDN,100k-250k,1996.0,25.0,3726506.0
SDN,2.5-5 millions,1996.0,1.0,3669197.0
SDN,250k-500k,1996.0,7.0,2093029.0
SDN,50k-100k,1996.0,32.0,2291214.0
SEN,1-2.5 millions,1996.0,1.0,1917083.0
SEN,100k-250k,1996.0,8.0,1264951.0
SEN,500k-1 million,1996.0,1.0,564059.0
SEN,50k-100k,1996.0,3.0,220511.0
SLE,100k-250k,1996.0,2.0,231444.0
SLE,500k-1 million,1996.0,1.0,714263.0
SLE,50k-100k,1996.0,2.0,184971.0
SOM,1-2.5 millions,1996.0,1.0,1179122.0
SOM,100k-250k,1996.0,8.0,1249237.0
SOM,500k-1 million,1996.0,1.0,561079.0
SOM,50k-100k,1996.0,11.0,791525.0
SSA,1-2.5 millions,1996.0,23.0,37078308.0
SSA,100k-250k,1996.0,264.0,39142529.0
SSA,2.5-5 millions,1996.0,3.0,11143384.0
SSA,250k-500k,1996.0,62.0,21159503.0
SSA,5-10 millions,1996.0,1.0,7091552.0
SSA,500k-1 million,1996.0,29.0,19491123.0
SSA,50k-100k,1996.0,477.0,33280409.0
SSD,100k-250k,1996.0,4.0,572328.0
SSD,50k-100k,1996.0,6.0,485879.0
STP,50k-100k,1996.0,1.0,68821.0
SWZ,50k-100k,1996.0,1.0,76377.0
TCD,100k-250k,1996.0,4.0,576891.0
TCD,500k-1 million,1996.0,1.0,646731.0
TCD,50k-100k,1996.0,11.0,853430.0
TGO,100k-250k,1996.0,3.0,378918.0
TGO,500k-1 million,1996.0,1.0,856035.0
TGO,50k-100k,1996.0,3.0,228139.0
TZA,1-2.5 millions,1996.0,1.0,1683965.0
TZA,100k-250k,1996.0,9.0,1409434.0
TZA,50k-100k,1996.0,8.0,526890.0
UGA,1-2.5 millions,1996.0,1.0,1390242.0
UGA,100k-250k,1996.0,1.0,121616.0
UGA,50k-100k,1996.0,6.0,388434.0
ZAF,1-2.5 millions,1996.0,3.0,6384449.0
ZAF,100k-250k,1996.0,16.0,2517548.0
ZAF,250k-500k,1996.0,5.0,1916369.0
ZAF,500k-1 million,1996.0,2.0,1257213.0
ZAF,50k-100k,1996.0,26.0,1830292.0
ZMB,100k-250k,1996.0,3.0,393497.0
ZMB,250k-500k,1996.0,2.0,574952.0
ZMB,500k-1 million,1996.0,1.0,893177.0
ZMB,50k-100k,1996.0,8.0,589036.0
ZWE,1-2.5 millions,1996.0,1.0,1589796.0
ZWE,100k-250k,1996.0,1.0,115078.0
ZWE,500k-1 million,1996.0,1.0,582734.0
ZWE,50k-100k,1996.0,3.0,200977.0
AFE,1-2.5 millions,1997.0,11.0,19268052.0
AFE,100k-250k,1997.0,145.0,21800040.0
AFE,2.5-5 millions,1997.0,3.0,11050987.0
AFE,250k-500k,1997.0,43.0,14052729.0
AFE,500k-1 million,1997.0,12.0,8345443.0
AFE,50k-100k,1997.0,241.0,17374294.0
AFW,1-2.5 millions,1997.0,14.0,21383502.0
AFW,100k-250k,1997.0,122.0,18089423.0
AFW,2.5-5 millions,1997.0,1.0,3114616.0
AFW,250k-500k,1997.0,26.0,9727032.0
AFW,5-10 millions,1997.0,1.0,7295904.0
AFW,500k-1 million,1997.0,16.0,10877478.0
AFW,50k-100k,1997.0,228.0,16065333.0
AGO,100k-250k,1997.0,11.0,1694407.0
AGO,250k-500k,1997.0,7.0,2285433.0
AGO,500k-1 million,1997.0,2.0,1688514.0
AGO,50k-100k,1997.0,12.0,936014.0
BDI,250k-500k,1997.0,1.0,317578.0
BDI,50k-100k,1997.0,3.0,198669.0
BEN,100k-250k,1997.0,2.0,225448.0
BEN,250k-500k,1997.0,1.0,347798.0
BEN,500k-1 million,1997.0,1.0,933933.0
BEN,50k-100k,1997.0,3.0,188401.0
BFA,250k-500k,1997.0,1.0,340006.0
BFA,500k-1 million,1997.0,1.0,700838.0
BFA,50k-100k,1997.0,6.0,436677.0
BWA,50k-100k,1997.0,1.0,58586.0
CAF,500k-1 million,1997.0,1.0,669700.0
CAF,50k-100k,1997.0,1.0,54628.0
CIV,100k-250k,1997.0,5.0,744738.0
CIV,2.5-5 millions,1997.0,1.0,3114616.0
CIV,250k-500k,1997.0,1.0,465859.0
CIV,50k-100k,1997.0,13.0,873125.0
CMR,1-2.5 millions,1997.0,2.0,2646295.0
CMR,100k-250k,1997.0,12.0,1791129.0
CMR,250k-500k,1997.0,2.0,644610.0
CMR,50k-100k,1997.0,17.0,1120781.0
COD,1-2.5 millions,1997.0,1.0,1800177.0
COD,100k-250k,1997.0,29.0,4027591.0
COD,2.5-5 millions,1997.0,1.0,4683519.0
COD,250k-500k,1997.0,10.0,3350803.0
COD,500k-1 million,1997.0,3.0,2084088.0000000002
COD,50k-100k,1997.0,33.0,2382121.0
COG,1-2.5 millions,1997.0,1.0,1184537.0
COG,100k-250k,1997.0,1.0,187251.0
COG,250k-500k,1997.0,1.0,490257.0
COG,50k-100k,1997.0,1.0,67475.0
COM,100k-250k,1997.0,1.0,142866.0
COM,50k-100k,1997.0,1.0,80630.0
CPV,100k-250k,1997.0,1.0,102508.0
ERI,100k-250k,1997.0,2.0,398574.0
ERI,250k-500k,1997.0,1.0,266983.0
ERI,50k-100k,1997.0,2.0,131518.0
ETH,100k-250k,1997.0,22.0,3199512.0
ETH,2.5-5 millions,1997.0,1.0,2581795.0
ETH,250k-500k,1997.0,3.0,850718.0
ETH,50k-100k,1997.0,69.0,4915193.0
GAB,250k-500k,1997.0,1.0,396465.0
GAB,50k-100k,1997.0,1.0,76424.0
GHA,1-2.5 millions,1997.0,2.0,3604367.0
GHA,100k-250k,1997.0,6.0,828394.0
GHA,250k-500k,1997.0,1.0,283179.0
GHA,50k-100k,1997.0,13.0,935834.0
GIN,1-2.5 millions,1997.0,1.0,1216786.0
GIN,100k-250k,1997.0,3.0,357188.0
GIN,50k-100k,1997.0,6.0,409193.0
GMB,250k-500k,1997.0,1.0,385762.0
GNB,100k-250k,1997.0,1.0,246947.0
GNQ,50k-100k,1997.0,1.0,89571.0
KEN,1-2.5 millions,1997.0,1.0,2216407.0
KEN,100k-250k,1997.0,4.0,684944.0
KEN,500k-1 million,1997.0,1.0,635683.0
KEN,50k-100k,1997.0,4.0,296412.0
LBR,500k-1 million,1997.0,1.0,662631.0
LSO,100k-250k,1997.0,1.0,206461.0
MDG,1-2.5 millions,1997.0,1.0,1046278.0
MDG,50k-100k,1997.0,1.0,89810.0
MLI,1-2.5 millions,1997.0,1.0,1092876.0
MLI,100k-250k,1997.0,2.0,245493.0
MLI,50k-100k,1997.0,3.0,206799.0
MOZ,1-2.5 millions,1997.0,1.0,1425029.0
MOZ,100k-250k,1997.0,6.0,829538.0
MOZ,250k-500k,1997.0,2.0,683762.0
MOZ,50k-100k,1997.0,12.0,815051.0
MRT,250k-500k,1997.0,1.0,465021.0
MRT,50k-100k,1997.0,1.0,58419.0
MUS,500k-1 million,1997.0,1.0,533792.0
MWI,100k-250k,1997.0,1.0,222087.0
MWI,250k-500k,1997.0,1.0,439924.0
MWI,50k-100k,1997.0,1.0,61265.0
NAM,100k-250k,1997.0,1.0,156075.0
NER,100k-250k,1997.0,4.0,645218.0
NER,250k-500k,1997.0,1.0,301875.0
NER,500k-1 million,1997.0,1.0,560463.0
NER,50k-100k,1997.0,9.0,647128.0
NGA,1-2.5 millions,1997.0,6.0,9663504.0
NGA,100k-250k,1997.0,68.0,10183111.0
NGA,250k-500k,1997.0,15.0,5606200.0
NGA,5-10 millions,1997.0,1.0,7295904.0
NGA,500k-1 million,1997.0,7.0,4444166.0
NGA,50k-100k,1997.0,134.0,9368692.0
RWA,250k-500k,1997.0,1.0,332931.0
RWA,50k-100k,1997.0,1.0,70138.0
SDN,100k-250k,1997.0,24.0,3563069.0
SDN,2.5-5 millions,1997.0,1.0,3785673.0
SDN,250k-500k,1997.0,8.0,2419278.0
SDN,50k-100k,1997.0,32.0,2341802.0
SEN,1-2.5 millions,1997.0,1.0,1975137.0
SEN,100k-250k,1997.0,8.0,1307122.0
SEN,500k-1 million,1997.0,1.0,576946.0
SEN,50k-100k,1997.0,3.0,222256.0
SLE,100k-250k,1997.0,2.0,237510.0
SLE,500k-1 million,1997.0,1.0,735404.0
SLE,50k-100k,1997.0,2.0,184302.0
SOM,1-2.5 millions,1997.0,1.0,1194172.0
SOM,100k-250k,1997.0,9.0,1414930.0
SOM,250k-500k,1997.0,1.0,264451.0
SOM,500k-1 million,1997.0,1.0,581979.0
SOM,50k-100k,1997.0,10.0,730504.0
SSA,1-2.5 millions,1997.0,25.0,40651554.0
SSA,100k-250k,1997.0,267.0,39889463.0
SSA,2.5-5 millions,1997.0,4.0,14165603.0
SSA,250k-500k,1997.0,69.0,23779761.0
SSA,5-10 millions,1997.0,1.0,7295904.0
SSA,500k-1 million,1997.0,28.0,19222921.0
SSA,50k-100k,1997.0,469.0,33439627.0
SSD,100k-250k,1997.0,4.0,587721.0
SSD,50k-100k,1997.0,6.0,507367.0
STP,50k-100k,1997.0,1.0,71098.0
SWZ,50k-100k,1997.0,1.0,77362.0
TCD,100k-250k,1997.0,4.0,596631.0
TCD,500k-1 million,1997.0,1.0,684189.0
TCD,50k-100k,1997.0,11.0,884777.0
TGO,100k-250k,1997.0,3.0,390735.0
TGO,500k-1 million,1997.0,1.0,909208.0
TGO,50k-100k,1997.0,3.0,240851.0
TZA,1-2.5 millions,1997.0,1.0,1780885.0
TZA,100k-250k,1997.0,9.0,1476870.0
TZA,250k-500k,1997.0,1.0,281332.0
TZA,50k-100k,1997.0,8.0,540807.0
UGA,1-2.5 millions,1997.0,1.0,1466911.0
UGA,100k-250k,1997.0,1.0,126604.0
UGA,50k-100k,1997.0,6.0,403803.0
ZAF,1-2.5 millions,1997.0,3.0,6708228.0
ZAF,100k-250k,1997.0,16.0,2551430.0
ZAF,250k-500k,1997.0,5.0,1978568.0
ZAF,500k-1 million,1997.0,2.0,1298154.0
ZAF,50k-100k,1997.0,26.0,1852548.0
ZMB,100k-250k,1997.0,3.0,398461.0
ZMB,250k-500k,1997.0,2.0,580968.0
ZMB,500k-1 million,1997.0,1.0,933980.0
ZMB,50k-100k,1997.0,8.0,606184.0
ZWE,1-2.5 millions,1997.0,1.0,1629965.0
ZWE,100k-250k,1997.0,1.0,118900.0
ZWE,500k-1 million,1997.0,1.0,589253.0
ZWE,50k-100k,1997.0,3.0,207412.0
AFE,1-2.5 millions,1998.0,11.0,20053001.0
AFE,100k-250k,1998.0,150.0,22004643.0
AFE,2.5-5 millions,1998.0,3.0,11452325.0
AFE,250k-500k,1998.0,47.0,15065433.0
AFE,500k-1 million,1998.0,14.0,9622876.0
AFE,50k-100k,1998.0,230.0,16728240.0
AFW,1-2.5 millions,1998.0,13.0,19619451.0
AFW,100k-250k,1998.0,123.0,18471985.0
AFW,2.5-5 millions,1998.0,2.0,5793565.0
AFW,250k-500k,1998.0,24.0,8782657.0
AFW,5-10 millions,1998.0,1.0,7500257.0
AFW,500k-1 million,1998.0,19.0,12910449.0
AFW,50k-100k,1998.0,225.0,16217301.0
AGO,100k-250k,1998.0,12.0,1833395.0
AGO,250k-500k,1998.0,6.0,1896711.0
AGO,500k-1 million,1998.0,3.0,2228779.0
AGO,50k-100k,1998.0,11.0,865168.0
BDI,250k-500k,1998.0,1.0,329799.0
BDI,50k-100k,1998.0,3.0,202373.0
BEN,100k-250k,1998.0,2.0,242766.0
BEN,250k-500k,1998.0,1.0,357131.0
BEN,500k-1 million,1998.0,1.0,966750.0
BEN,50k-100k,1998.0,3.0,194629.0
BFA,250k-500k,1998.0,1.0,359047.0
BFA,500k-1 million,1998.0,1.0,759963.0
BFA,50k-100k,1998.0,5.0,351281.0
BWA,50k-100k,1998.0,1.0,60485.0
CAF,500k-1 million,1998.0,1.0,686197.0
CAF,50k-100k,1998.0,1.0,56121.0
CIV,100k-250k,1998.0,5.0,772782.0
CIV,2.5-5 millions,1998.0,1.0,3223679.0
CIV,250k-500k,1998.0,1.0,475673.0
CIV,50k-100k,1998.0,13.0,907186.0
CMR,1-2.5 millions,1998.0,2.0,2775244.0
CMR,100k-250k,1998.0,12.0,1836304.0
CMR,250k-500k,1998.0,2.0,668985.0
CMR,50k-100k,1998.0,17.0,1142490.0
COD,1-2.5 millions,1998.0,1.0,1839898.0
COD,100k-250k,1998.0,29.0,3973637.0
COD,2.5-5 millions,1998.0,1.0,4898404.0
COD,250k-500k,1998.0,11.0,3683131.0
COD,500k-1 million,1998.0,3.0,2161905.0
COD,50k-100k,1998.0,32.0,2334131.0
COG,1-2.5 millions,1998.0,1.0,1214169.0
COG,100k-250k,1998.0,1.0,172996.0
COG,500k-1 million,1998.0,1.0,511744.0
COG,50k-100k,1998.0,1.0,76054.0
COM,100k-250k,1998.0,1.0,145149.0
COM,50k-100k,1998.0,1.0,82422.0
CPV,100k-250k,1998.0,1.0,104653.0
ERI,100k-250k,1998.0,2.0,408603.0
ERI,250k-500k,1998.0,1.0,266365.0
ERI,50k-100k,1998.0,2.0,134710.0
ETH,100k-250k,1998.0,24.0,3354884.0
ETH,2.5-5 millions,1998.0,1.0,2651771.0
ETH,250k-500k,1998.0,4.0,1130958.0
ETH,50k-100k,1998.0,66.0,4753189.0
GAB,250k-500k,1998.0,1.0,405895.0
GAB,50k-100k,1998.0,1.0,77401.0
GHA,1-2.5 millions,1998.0,2.0,3769876.0
GHA,100k-250k,1998.0,6.0,844246.0
GHA,250k-500k,1998.0,1.0,289239.0
GHA,50k-100k,1998.0,13.0,963540.0
GIN,1-2.5 millions,1998.0,1.0,1254190.0
GIN,100k-250k,1998.0,3.0,370763.0
GIN,50k-100k,1998.0,6.0,419609.0
GMB,250k-500k,1998.0,1.0,401388.0
GNB,250k-500k,1998.0,1.0,256363.99999999997
GNQ,100k-250k,1998.0,1.0,115568.0
GNQ,50k-100k,1998.0,1.0,99452.0
KEN,1-2.5 millions,1998.0,1.0,2337675.0
KEN,100k-250k,1998.0,4.0,712690.0
KEN,500k-1 million,1998.0,1.0,660126.0
KEN,50k-100k,1998.0,4.0,304921.0
LBR,500k-1 million,1998.0,1.0,751068.0
LSO,100k-250k,1998.0,1.0,208446.0
MDG,1-2.5 millions,1998.0,1.0,1082687.0
MDG,50k-100k,1998.0,1.0,91760.0
MLI,1-2.5 millions,1998.0,1.0,1144979.0
MLI,100k-250k,1998.0,2.0,256149.0
MLI,50k-100k,1998.0,3.0,217237.0
MOZ,1-2.5 millions,1998.0,1.0,1459994.0
MOZ,100k-250k,1998.0,6.0,851774.0
MOZ,250k-500k,1998.0,2.0,705366.0
MOZ,50k-100k,1998.0,12.0,842544.0
MRT,250k-500k,1998.0,1.0,477806.0
MRT,50k-100k,1998.0,1.0,60404.0
MUS,500k-1 million,1998.0,1.0,538186.0
MWI,100k-250k,1998.0,1.0,245379.0
MWI,250k-500k,1998.0,1.0,469958.0
MWI,50k-100k,1998.0,1.0,63372.0
NAM,100k-250k,1998.0,1.0,168121.0
NER,100k-250k,1998.0,4.0,669307.0
NER,250k-500k,1998.0,1.0,308229.0
NER,500k-1 million,1998.0,1.0,592473.0
NER,50k-100k,1998.0,9.0,667637.0
NGA,1-2.5 millions,1998.0,5.0,7427803.0
NGA,100k-250k,1998.0,70.0,10726225.0
NGA,2.5-5 millions,1998.0,1.0,2569886.0
NGA,250k-500k,1998.0,13.0,4782900.0
NGA,5-10 millions,1998.0,1.0,7500257.0
NGA,500k-1 million,1998.0,9.0,5611848.0
NGA,50k-100k,1998.0,132.0,9406938.0
RWA,250k-500k,1998.0,1.0,367302.0
RWA,50k-100k,1998.0,1.0,77620.0
SDN,100k-250k,1998.0,24.0,3494350.0
SDN,2.5-5 millions,1998.0,1.0,3902150.0
SDN,250k-500k,1998.0,9.0,2751743.0
SDN,50k-100k,1998.0,31.0,2291456.0
SEN,1-2.5 millions,1998.0,1.0,2033190.0
SEN,100k-250k,1998.0,7.0,1097726.0
SEN,500k-1 million,1998.0,1.0,589833.0
SEN,50k-100k,1998.0,3.0,224001.0
SLE,100k-250k,1998.0,2.0,243575.0
SLE,500k-1 million,1998.0,1.0,756545.0
SLE,50k-100k,1998.0,2.0,183634.0
SOM,1-2.5 millions,1998.0,1.0,1209221.0
SOM,100k-250k,1998.0,9.0,1331018.0
SOM,250k-500k,1998.0,2.0,531809.0
SOM,500k-1 million,1998.0,1.0,602880.0
SOM,50k-100k,1998.0,9.0,664444.0
SSA,1-2.5 millions,1998.0,24.0,39672452.0
SSA,100k-250k,1998.0,273.0,40476628.0
SSA,2.5-5 millions,1998.0,5.0,17245890.0
SSA,250k-500k,1998.0,71.0,23848090.0
SSA,5-10 millions,1998.0,1.0,7500257.0
SSA,500k-1 million,1998.0,33.0,22533325.0
SSA,50k-100k,1998.0,455.0,32945541.0
SSD,100k-250k,1998.0,6.0,807626.0
SSD,50k-100k,1998.0,4.0,324343.0
STP,50k-100k,1998.0,1.0,73376.0
SWZ,50k-100k,1998.0,1.0,78346.0
TCD,100k-250k,1998.0,4.0,616372.0
TCD,500k-1 million,1998.0,1.0,721647.0
TCD,50k-100k,1998.0,11.0,916124.0
TGO,100k-250k,1998.0,3.0,402553.0
TGO,500k-1 million,1998.0,1.0,962381.0
TGO,50k-100k,1998.0,3.0,253563.0
TZA,1-2.5 millions,1998.0,1.0,1877805.0
TZA,100k-250k,1998.0,7.0,1024223.0
TZA,250k-500k,1998.0,3.0,825890.0
TZA,50k-100k,1998.0,8.0,554724.0
UGA,1-2.5 millions,1998.0,1.0,1543580.0
UGA,100k-250k,1998.0,1.0,131593.0
UGA,50k-100k,1998.0,6.0,419171.0
ZAF,1-2.5 millions,1998.0,3.0,7032007.0
ZAF,100k-250k,1998.0,17.0,2685898.0
ZAF,250k-500k,1998.0,4.0,1519416.0
ZAF,500k-1 million,1998.0,3.0,1860445.0
ZAF,50k-100k,1998.0,25.0,1774217.0
ZMB,100k-250k,1998.0,4.0,505135.0
ZMB,250k-500k,1998.0,2.0,586985.0
ZMB,500k-1 million,1998.0,1.0,974783.0
ZMB,50k-100k,1998.0,7.0,521620.0
ZWE,1-2.5 millions,1998.0,1.0,1670134.0
ZWE,100k-250k,1998.0,1.0,122722.0
ZWE,500k-1 million,1998.0,1.0,595772.0
ZWE,50k-100k,1998.0,3.0,213848.0
AFE,1-2.5 millions,1999.0,10.0,18217497.0
AFE,100k-250k,1999.0,153.0,22582321.0
AFE,2.5-5 millions,1999.0,3.0,9360827.0
AFE,250k-500k,1999.0,48.0,15587167.0
AFE,5-10 millions,1999.0,1.0,5113289.0
AFE,500k-1 million,1999.0,14.0,9433722.0
AFE,50k-100k,1999.0,225.0,16651082.0
AFW,1-2.5 millions,1999.0,12.0,17827433.0
AFW,100k-250k,1999.0,132.0,19491345.0
AFW,2.5-5 millions,1999.0,2.0,5977613.0
AFW,250k-500k,1999.0,28.0,10111255.0
AFW,5-10 millions,1999.0,1.0,7704609.0
AFW,500k-1 million,1999.0,18.0,12452173.0
AFW,50k-100k,1999.0,214.0,15538719.0
AGO,100k-250k,1999.0,13.0,1976233.0
AGO,250k-500k,1999.0,6.0,1977718.0
AGO,500k-1 million,1999.0,3.0,2299317.0
AGO,50k-100k,1999.0,10.0,790473.0
BDI,250k-500k,1999.0,1.0,342020.0
BDI,50k-100k,1999.0,3.0,206078.0
BEN,100k-250k,1999.0,2.0,260084.0
BEN,250k-500k,1999.0,1.0,366464.0
BEN,500k-1 million,1999.0,1.0,999567.0
BEN,50k-100k,1999.0,3.0,200856.0
BFA,100k-250k,1999.0,1.0,102987.0
BFA,250k-500k,1999.0,1.0,378087.0
BFA,500k-1 million,1999.0,1.0,819088.0
BFA,50k-100k,1999.0,5.0,364453.0
BWA,50k-100k,1999.0,1.0,62384.0
CAF,500k-1 million,1999.0,1.0,702694.0
CAF,50k-100k,1999.0,1.0,57614.0
CIV,100k-250k,1999.0,6.0,905650.0
CIV,2.5-5 millions,1999.0,1.0,3332743.0
CIV,250k-500k,1999.0,1.0,485488.0
CIV,50k-100k,1999.0,12.0,836423.0
CMR,1-2.5 millions,1999.0,2.0,2904193.0
CMR,100k-250k,1999.0,11.0,1628192.0
CMR,250k-500k,1999.0,3.0,946646.0
CMR,50k-100k,1999.0,17.0,1164199.0
COD,1-2.5 millions,1999.0,1.0,1879620.0
COD,100k-250k,1999.0,30.0,4169452.0
COD,250k-500k,1999.0,11.0,3768893.0
COD,5-10 millions,1999.0,1.0,5113289.0
COD,500k-1 million,1999.0,3.0,2239722.0
COD,50k-100k,1999.0,31.0,2282936.0
COG,1-2.5 millions,1999.0,1.0,1243801.0
COG,100k-250k,1999.0,1.0,158742.0
COG,500k-1 million,1999.0,1.0,533230.0
COG,50k-100k,1999.0,1.0,84634.0
COM,100k-250k,1999.0,1.0,147433.0
COM,50k-100k,1999.0,1.0,84213.0
CPV,100k-250k,1999.0,1.0,106798.0
ERI,100k-250k,1999.0,2.0,418632.0
ERI,250k-500k,1999.0,1.0,265747.0
ERI,50k-100k,1999.0,2.0,137901.0
ETH,100k-250k,1999.0,27.0,3763827.0
ETH,2.5-5 millions,1999.0,1.0,2721748.0
ETH,250k-500k,1999.0,4.0,1164931.0
ETH,50k-100k,1999.0,63.0,4583880.0
GAB,250k-500k,1999.0,1.0,415325.0
GAB,50k-100k,1999.0,1.0,78377.0
GHA,1-2.5 millions,1999.0,1.0,1412515.0
GHA,100k-250k,1999.0,8.0,1064165.0
GHA,250k-500k,1999.0,1.0,295299.0
GHA,50k-100k,1999.0,11.0,787179.0
GIN,1-2.5 millions,1999.0,1.0,1291595.0
GIN,100k-250k,1999.0,3.0,384337.0
GIN,50k-100k,1999.0,6.0,430025.0
GMB,250k-500k,1999.0,1.0,417014.0
GNB,250k-500k,1999.0,1.0,265781.0
GNQ,100k-250k,1999.0,2.0,239309.0
KEN,1-2.5 millions,1999.0,1.0,2458944.0
KEN,100k-250k,1999.0,4.0,740436.0
KEN,500k-1 million,1999.0,1.0,684569.0
KEN,50k-100k,1999.0,4.0,313431.0
LBR,500k-1 million,1999.0,1.0,839506.0
LSO,100k-250k,1999.0,1.0,210431.0
MDG,1-2.5 millions,1999.0,1.0,1119095.0
MDG,50k-100k,1999.0,1.0,93709.0
MLI,1-2.5 millions,1999.0,1.0,1197083.0
MLI,100k-250k,1999.0,2.0,266805.0
MLI,50k-100k,1999.0,3.0,227676.0
MOZ,1-2.5 millions,1999.0,1.0,1494959.0
MOZ,100k-250k,1999.0,6.0,874010.0
MOZ,250k-500k,1999.0,2.0,726970.0
MOZ,50k-100k,1999.0,12.0,870038.0
MRT,250k-500k,1999.0,1.0,490591.0
MRT,50k-100k,1999.0,1.0,62389.0
MUS,500k-1 million,1999.0,1.0,542579.0
MWI,250k-500k,1999.0,2.0,768664.0
MWI,50k-100k,1999.0,1.0,65479.0
NAM,100k-250k,1999.0,1.0,180167.0
NER,100k-250k,1999.0,4.0,693396.0
NER,250k-500k,1999.0,1.0,314583.0
NER,500k-1 million,1999.0,1.0,624484.0
NER,50k-100k,1999.0,9.0,688145.0
NGA,1-2.5 millions,1999.0,5.0,7687003.0
NGA,100k-250k,1999.0,72.0,10940123.0
NGA,2.5-5 millions,1999.0,1.0,2644870.0
NGA,250k-500k,1999.0,15.0,5478101.0
NGA,5-10 millions,1999.0,1.0,7704609.0
NGA,500k-1 million,1999.0,9.0,5794093.0
NGA,50k-100k,1999.0,128.0,9241337.0
RWA,250k-500k,1999.0,1.0,401673.0
RWA,50k-100k,1999.0,1.0,85103.0
SDN,100k-250k,1999.0,23.0,3318368.0
SDN,2.5-5 millions,1999.0,1.0,4018626.0
SDN,250k-500k,1999.0,10.0,3093311.0
SDN,50k-100k,1999.0,31.0,2339269.0
SEN,1-2.5 millions,1999.0,1.0,2091243.0
SEN,100k-250k,1999.0,8.0,1235079.0
SEN,250k-500k,1999.0,1.0,257875.99999999997
SEN,500k-1 million,1999.0,1.0,602720.0
SEN,50k-100k,1999.0,2.0,124254.0
SLE,100k-250k,1999.0,2.0,249641.0
SLE,500k-1 million,1999.0,1.0,777686.0
SLE,50k-100k,1999.0,2.0,182965.0
SOM,1-2.5 millions,1999.0,1.0,1224270.0
SOM,100k-250k,1999.0,10.0,1495106.0
SOM,250k-500k,1999.0,2.0,557625.0
SOM,500k-1 million,1999.0,1.0,623780.0
SOM,50k-100k,1999.0,8.0,591926.0
SSA,1-2.5 millions,1999.0,22.0,36044930.0
SSA,100k-250k,1999.0,285.0,42073666.0
SSA,2.5-5 millions,1999.0,5.0,15338440.0
SSA,250k-500k,1999.0,76.0,25698422.0
SSA,5-10 millions,1999.0,2.0,12817898.0
SSA,500k-1 million,1999.0,32.0,21885895.0
SSA,50k-100k,1999.0,439.0,32189801.0
SSD,100k-250k,1999.0,6.0,831159.0
SSD,50k-100k,1999.0,4.0,337691.0
STP,50k-100k,1999.0,1.0,75654.0
SWZ,50k-100k,1999.0,1.0,79331.0
TCD,100k-250k,1999.0,5.0,739553.0
TCD,500k-1 million,1999.0,1.0,759105.0
TCD,50k-100k,1999.0,10.0,844030.0
TGO,100k-250k,1999.0,4.0,516484.00000000006
TGO,50k-100k,1999.0,2.0,164163.0
TZA,1-2.5 millions,1999.0,1.0,1974725.0
TZA,100k-250k,1999.0,7.0,1056947.0
TZA,250k-500k,1999.0,3.0,885077.0
TZA,50k-100k,1999.0,8.0,568641.0
UGA,1-2.5 millions,1999.0,1.0,1620248.0
UGA,100k-250k,1999.0,1.0,136582.0
UGA,50k-100k,1999.0,6.0,434540.0
ZAF,1-2.5 millions,1999.0,2.0,4735333.0
ZAF,100k-250k,1999.0,16.0,2621375.0
ZAF,2.5-5 millions,1999.0,1.0,2620453.0
ZAF,250k-500k,1999.0,3.0,1041537.0
ZAF,500k-1 million,1999.0,4.0,2441465.0
ZAF,50k-100k,1999.0,26.0,1894876.0
ZMB,100k-250k,1999.0,4.0,515619.0
ZMB,250k-500k,1999.0,2.0,593001.0
ZMB,50k-100k,1999.0,7.0,533246.0
ZWE,1-2.5 millions,1999.0,1.0,1710303.0
ZWE,100k-250k,1999.0,1.0,126544.0
ZWE,500k-1 million,1999.0,1.0,602290.0
ZWE,50k-100k,1999.0,3.0,220283.0
AFE,1-2.5 millions,2000.0,11.0,18335599.0
AFE,100k-250k,2000.0,162.0,23760333.0
AFE,2.5-5 millions,2000.0,4.0,12274841.0
AFE,250k-500k,2000.0,49.0,16107148.0
AFE,5-10 millions,2000.0,1.0,5328174.0
AFE,500k-1 million,2000.0,14.0,9249237.0
AFE,50k-100k,2000.0,306.0,21233218.0
AFW,1-2.5 millions,2000.0,14.0,20570196.0
AFW,100k-250k,2000.0,133.0,19847813.0
AFW,2.5-5 millions,2000.0,3.0,8773731.0
AFW,250k-500k,2000.0,29.0,10464102.0
AFW,5-10 millions,2000.0,1.0,7908961.0
AFW,500k-1 million,2000.0,17.0,11923895.0
AFW,50k-100k,2000.0,272.0,19009680.0
AGO,100k-250k,2000.0,15.0,2227486.0
AGO,250k-500k,2000.0,6.0,2058724.0000000002
AGO,500k-1 million,2000.0,3.0,2369854.0
AGO,50k-100k,2000.0,16.0,1095648.0
BDI,250k-500k,2000.0,1.0,354241.0
BDI,50k-100k,2000.0,5.0,316430.0
BEN,1-2.5 millions,2000.0,1.0,1032385.0
BEN,100k-250k,2000.0,2.0,277403.0
BEN,250k-500k,2000.0,1.0,375797.0
BEN,50k-100k,2000.0,5.0,317712.0
BFA,100k-250k,2000.0,1.0,105197.0
BFA,250k-500k,2000.0,1.0,397127.0
BFA,500k-1 million,2000.0,1.0,878214.0
BFA,50k-100k,2000.0,6.0,436279.0
BWA,50k-100k,2000.0,1.0,64283.0
CAF,500k-1 million,2000.0,1.0,719191.0
CAF,50k-100k,2000.0,1.0,59107.0
CIV,100k-250k,2000.0,6.0,939363.0
CIV,2.5-5 millions,2000.0,1.0,3441806.0
CIV,250k-500k,2000.0,1.0,495302.0
CIV,50k-100k,2000.0,15.0,1046846.0
CMR,1-2.5 millions,2000.0,2.0,3033142.0
CMR,100k-250k,2000.0,11.0,1666839.0
CMR,250k-500k,2000.0,3.0,977549.0
CMR,50k-100k,2000.0,21.0,1399293.0
COD,1-2.5 millions,2000.0,2.0,2923669.0
COD,100k-250k,2000.0,35.0,4774844.0
COD,250k-500k,2000.0,11.0,3854655.0
COD,5-10 millions,2000.0,1.0,5328174.0
COD,500k-1 million,2000.0,2.0,1313211.0
COD,50k-100k,2000.0,40.0,2625248.0
COG,1-2.5 millions,2000.0,1.0,1273433.0
COG,100k-250k,2000.0,1.0,144487.0
COG,500k-1 million,2000.0,1.0,554717.0
COG,50k-100k,2000.0,2.0,163153.0
COM,100k-250k,2000.0,1.0,149717.0
COM,50k-100k,2000.0,1.0,86004.0
CPV,100k-250k,2000.0,1.0,108943.0
CPV,50k-100k,2000.0,1.0,56167.0
ERI,100k-250k,2000.0,2.0,428661.0
ERI,250k-500k,2000.0,1.0,265129.0
ERI,50k-100k,2000.0,2.0,141093.0
ETH,100k-250k,2000.0,26.0,3624887.0
ETH,2.5-5 millions,2000.0,1.0,2791724.0
ETH,250k-500k,2000.0,5.0,1453668.0
ETH,50k-100k,2000.0,83.0,5782518.0
GAB,250k-500k,2000.0,1.0,424755.0
GAB,50k-100k,2000.0,1.0,79354.0
GHA,1-2.5 millions,2000.0,1.0,1488822.0
GHA,100k-250k,2000.0,8.0,1087873.0
GHA,2.5-5 millions,2000.0,1.0,2612071.0
GHA,250k-500k,2000.0,1.0,301359.0
GHA,50k-100k,2000.0,15.0,1023050.0
GIN,1-2.5 millions,2000.0,1.0,1329000.0
GIN,100k-250k,2000.0,3.0,397912.0
GIN,50k-100k,2000.0,8.0,543203.0
GMB,250k-500k,2000.0,1.0,432640.0
GMB,50k-100k,2000.0,1.0,64351.0
GNB,250k-500k,2000.0,1.0,275198.0
GNQ,100k-250k,2000.0,2.0,263599.0
KEN,100k-250k,2000.0,5.0,868490.0
KEN,2.5-5 millions,2000.0,1.0,2580212.0
KEN,500k-1 million,2000.0,1.0,709012.0
KEN,50k-100k,2000.0,8.0,513249.0
LBR,500k-1 million,2000.0,1.0,927944.0
LSO,100k-250k,2000.0,1.0,212417.0
MDG,1-2.5 millions,2000.0,1.0,1155504.0
MDG,50k-100k,2000.0,5.0,384114.0
MLI,1-2.5 millions,2000.0,1.0,1249186.0
MLI,100k-250k,2000.0,2.0,277461.0
MLI,50k-100k,2000.0,5.0,339947.0
MOZ,1-2.5 millions,2000.0,1.0,1529924.0
MOZ,100k-250k,2000.0,7.0,998304.0
MOZ,250k-500k,2000.0,2.0,748574.0
MOZ,50k-100k,2000.0,15.0,1009669.0
MRT,50k-100k,2000.0,1.0,64373.99999999999
MUS,500k-1 million,2000.0,1.0,546973.0
MWI,250k-500k,2000.0,1.0,291964.0
MWI,500k-1 million,2000.0,1.0,530028.0
MWI,50k-100k,2000.0,1.0,67586.0
NAM,100k-250k,2000.0,1.0,192212.0
NER,100k-250k,2000.0,4.0,717485.0
NER,250k-500k,2000.0,1.0,320937.0
NER,500k-1 million,2000.0,1.0,656494.0
NER,50k-100k,2000.0,12.0,884384.0
NGA,1-2.5 millions,2000.0,5.0,7946204.0
NGA,100k-250k,2000.0,73.0,11194744.0
NGA,2.5-5 millions,2000.0,1.0,2719854.0
NGA,250k-500k,2000.0,16.0,5938443.0
NGA,5-10 millions,2000.0,1.0,7908961.0
NGA,500k-1 million,2000.0,9.0,5976338.0
NGA,50k-100k,2000.0,156.0,10893679.0
RWA,250k-500k,2000.0,1.0,436045.0
RWA,50k-100k,2000.0,2.0,173210.0
SDN,100k-250k,2000.0,23.0,3370285.0
SDN,2.5-5 millions,2000.0,1.0,4135102.0
SDN,250k-500k,2000.0,10.0,3206980.0
SDN,50k-100k,2000.0,39.0,2824111.0
SEN,1-2.5 millions,2000.0,1.0,2149297.0
SEN,100k-250k,2000.0,7.0,1013170.0
SEN,250k-500k,2000.0,2.0,524995.0
SEN,500k-1 million,2000.0,1.0,615607.0
SEN,50k-100k,2000.0,3.0,178981.0
SLE,100k-250k,2000.0,2.0,255706.0
SLE,500k-1 million,2000.0,1.0,798827.0
SLE,50k-100k,2000.0,2.0,182296.0
SOM,1-2.5 millions,2000.0,1.0,1239319.0
SOM,100k-250k,2000.0,10.0,1560699.0
SOM,250k-500k,2000.0,2.0,583440.0
SOM,500k-1 million,2000.0,1.0,644680.0
SOM,50k-100k,2000.0,18.0,1184213.0
SSA,1-2.5 millions,2000.0,25.0,38905795.0
SSA,100k-250k,2000.0,295.0,43608146.0
SSA,2.5-5 millions,2000.0,7.0,21048572.0
SSA,250k-500k,2000.0,78.0,26571250.0
SSA,5-10 millions,2000.0,2.0,13237135.0
SSA,500k-1 million,2000.0,31.0,21173132.0
SSA,50k-100k,2000.0,578.0,40242898.0
SSD,100k-250k,2000.0,7.0,957354.0
SSD,50k-100k,2000.0,4.0,301190.0
STP,50k-100k,2000.0,1.0,77931.0
SWZ,50k-100k,2000.0,1.0,80315.0
TCD,100k-250k,2000.0,6.0,863287.0
TCD,500k-1 million,2000.0,1.0,796563.0
TCD,50k-100k,2000.0,13.0,998972.0
TGO,1-2.5 millions,2000.0,1.0,1068727.0
TGO,100k-250k,2000.0,4.0,534344.0
TGO,50k-100k,2000.0,4.0,278532.0
TZA,1-2.5 millions,2000.0,1.0,2071645.0
TZA,100k-250k,2000.0,7.0,1089670.0
TZA,250k-500k,2000.0,3.0,944265.0
TZA,50k-100k,2000.0,12.0,803510.0
UGA,1-2.5 millions,2000.0,1.0,1696917.0
UGA,100k-250k,2000.0,1.0,141571.0
UGA,50k-100k,2000.0,9.0,634349.0
ZAF,1-2.5 millions,2000.0,2.0,4911761.0
ZAF,100k-250k,2000.0,16.0,2507267.0
ZAF,2.5-5 millions,2000.0,1.0,2767803.0
ZAF,250k-500k,2000.0,4.0,1310446.0
ZAF,500k-1 million,2000.0,4.0,2526670.0
ZAF,50k-100k,2000.0,32.0,2244654.0
ZMB,1-2.5 millions,2000.0,1.0,1056389.0
ZMB,100k-250k,2000.0,4.0,526103.0
ZMB,250k-500k,2000.0,2.0,599017.0
ZMB,50k-100k,2000.0,7.0,544873.0
ZWE,1-2.5 millions,2000.0,1.0,1750471.0
ZWE,100k-250k,2000.0,1.0,130366.00000000001
ZWE,500k-1 million,2000.0,1.0,608809.0
ZWE,50k-100k,2000.0,4.0,279020.0
AFE,1-2.5 millions,2001.0,10.0,16443801.0
AFE,100k-250k,2001.0,164.0,24038812.0
AFE,2.5-5 millions,2001.0,5.0,15306158.0
AFE,250k-500k,2001.0,52.0,17494700.0
AFE,5-10 millions,2001.0,1.0,5391882.0
AFE,500k-1 million,2001.0,14.0,9587000.0
AFE,50k-100k,2001.0,291.0,20652641.0
AFW,1-2.5 millions,2001.0,14.0,21499214.0
AFW,100k-250k,2001.0,138.0,20891791.0
AFW,2.5-5 millions,2001.0,3.0,9091390.0
AFW,250k-500k,2001.0,26.0,9129360.0
AFW,5-10 millions,2001.0,1.0,8128593.0
AFW,500k-1 million,2001.0,20.0,13491254.0
AFW,50k-100k,2001.0,265.0,18892956.0
AGO,100k-250k,2001.0,15.0,2116534.0
AGO,250k-500k,2001.0,7.0,2428518.0
AGO,500k-1 million,2001.0,3.0,2454405.0
AGO,50k-100k,2001.0,15.0,1048420.0000000001
BDI,250k-500k,2001.0,1.0,384916.0
BDI,50k-100k,2001.0,5.0,332026.0
BEN,1-2.5 millions,2001.0,1.0,1067414.0
BEN,100k-250k,2001.0,2.0,289520.0
BEN,250k-500k,2001.0,1.0,397829.0
BEN,50k-100k,2001.0,5.0,328427.0
BFA,100k-250k,2001.0,1.0,109667.0
BFA,250k-500k,2001.0,1.0,415069.0
BFA,500k-1 million,2001.0,1.0,979871.0
BFA,50k-100k,2001.0,6.0,448066.0
BWA,50k-100k,2001.0,1.0,66020.0
CAF,500k-1 million,2001.0,1.0,736238.0
CAF,50k-100k,2001.0,1.0,60487.0
CIV,100k-250k,2001.0,6.0,967697.0
CIV,2.5-5 millions,2001.0,1.0,3546163.0
CIV,50k-100k,2001.0,15.0,1074988.0
CMR,1-2.5 millions,2001.0,2.0,3209477.0
CMR,100k-250k,2001.0,12.0,1802753.0
CMR,250k-500k,2001.0,3.0,1008347.0
CMR,50k-100k,2001.0,20.0,1325005.0
COD,1-2.5 millions,2001.0,2.0,3025683.0
COD,100k-250k,2001.0,36.0,5022744.0
COD,250k-500k,2001.0,11.0,3967732.0
COD,5-10 millions,2001.0,1.0,5391882.0
COD,500k-1 million,2001.0,2.0,1396851.0
COD,50k-100k,2001.0,39.0,2628410.0
COG,1-2.5 millions,2001.0,1.0,1316811.0
COG,100k-250k,2001.0,2.0,237230.0
COG,500k-1 million,2001.0,1.0,580238.0
COG,50k-100k,2001.0,1.0,74622.0
COM,100k-250k,2001.0,1.0,152749.0
COM,50k-100k,2001.0,1.0,89913.0
CPV,100k-250k,2001.0,1.0,110819.0
CPV,50k-100k,2001.0,1.0,57561.0
ERI,100k-250k,2001.0,2.0,443420.0
ERI,250k-500k,2001.0,1.0,266591.0
ERI,50k-100k,2001.0,2.0,146470.0
ETH,100k-250k,2001.0,26.0,3630219.0
ETH,2.5-5 millions,2001.0,1.0,2846967.0
ETH,250k-500k,2001.0,5.0,1466703.0
ETH,50k-100k,2001.0,77.0,5478529.0
GAB,250k-500k,2001.0,1.0,436415.0
GAB,50k-100k,2001.0,1.0,80833.0
GHA,1-2.5 millions,2001.0,1.0,1568495.0
GHA,100k-250k,2001.0,9.0,1216446.0
GHA,2.5-5 millions,2001.0,1.0,2734492.0
GHA,250k-500k,2001.0,1.0,326425.0
GHA,50k-100k,2001.0,14.0,956519.0
GIN,1-2.5 millions,2001.0,1.0,1368586.0
GIN,100k-250k,2001.0,3.0,410018.0
GIN,50k-100k,2001.0,8.0,556580.0
GMB,250k-500k,2001.0,1.0,452978.0
GMB,50k-100k,2001.0,1.0,69194.0
GNB,250k-500k,2001.0,1.0,286792.0
GNQ,100k-250k,2001.0,2.0,292330.0
KEN,100k-250k,2001.0,5.0,902259.0
KEN,2.5-5 millions,2001.0,1.0,2691109.0
KEN,500k-1 million,2001.0,1.0,731700.0
KEN,50k-100k,2001.0,8.0,531983.0
LSO,100k-250k,2001.0,1.0,212603.0
MDG,1-2.5 millions,2001.0,1.0,1195345.0
MDG,100k-250k,2001.0,1.0,111615.0
MDG,50k-100k,2001.0,4.0,297176.0
MLI,1-2.5 millions,2001.0,1.0,1354070.0
MLI,100k-250k,2001.0,2.0,288130.0
MLI,50k-100k,2001.0,5.0,362174.0
MOZ,1-2.5 millions,2001.0,1.0,1568694.0
MOZ,100k-250k,2001.0,7.0,1018702.0
MOZ,250k-500k,2001.0,2.0,767245.0
MOZ,50k-100k,2001.0,15.0,1036364.0
MRT,500k-1 million,2001.0,1.0,541250.0
MRT,50k-100k,2001.0,1.0,65915.0
MUS,500k-1 million,2001.0,1.0,549287.0
MWI,250k-500k,2001.0,1.0,315358.0
MWI,500k-1 million,2001.0,1.0,543834.0
MWI,50k-100k,2001.0,1.0,70229.0
NAM,100k-250k,2001.0,1.0,199076.0
NER,100k-250k,2001.0,4.0,760576.0
NER,250k-500k,2001.0,1.0,335761.0
NER,500k-1 million,2001.0,1.0,688197.0
NER,50k-100k,2001.0,12.0,905941.0
NGA,1-2.5 millions,2001.0,5.0,8241708.000000001
NGA,100k-250k,2001.0,74.0,11556449.0
NGA,2.5-5 millions,2001.0,1.0,2810735.0
NGA,250k-500k,2001.0,14.0,4929108.0
NGA,5-10 millions,2001.0,1.0,8128593.0
NGA,500k-1 million,2001.0,12.0,7674429.0
NGA,50k-100k,2001.0,153.0,10933857.0
RWA,250k-500k,2001.0,1.0,476148.0
RWA,50k-100k,2001.0,1.0,82648.0
SDN,100k-250k,2001.0,24.0,3371755.0
SDN,2.5-5 millions,2001.0,1.0,4245782.0
SDN,250k-500k,2001.0,11.0,3572154.0
SDN,50k-100k,2001.0,35.0,2573623.0
SEN,1-2.5 millions,2001.0,1.0,2213686.0
SEN,100k-250k,2001.0,7.0,1036361.0000000001
SEN,250k-500k,2001.0,2.0,540636.0
SEN,500k-1 million,2001.0,1.0,631883.0
SEN,50k-100k,2001.0,3.0,183238.0
SLE,100k-250k,2001.0,2.0,278691.0
SLE,500k-1 million,2001.0,1.0,827127.0
SLE,50k-100k,2001.0,2.0,192940.0
SOM,1-2.5 millions,2001.0,1.0,1283600.0
SOM,100k-250k,2001.0,10.0,1622785.0
SOM,250k-500k,2001.0,2.0,610098.0
SOM,500k-1 million,2001.0,1.0,666231.0
SOM,50k-100k,2001.0,18.0,1231636.0
SSA,1-2.5 millions,2001.0,24.0,37943015.0
SSA,100k-250k,2001.0,302.0,44930603.0
SSA,2.5-5 millions,2001.0,8.0,24397548.0
SSA,250k-500k,2001.0,78.0,26624060.0
SSA,5-10 millions,2001.0,2.0,13520475.0
SSA,500k-1 million,2001.0,34.0,23078254.0
SSA,50k-100k,2001.0,556.0,39545597.0
SSD,100k-250k,2001.0,7.0,1004855.0
SSD,50k-100k,2001.0,4.0,316563.0
STP,50k-100k,2001.0,1.0,79979.0
SWZ,50k-100k,2001.0,1.0,80959.0
TCD,100k-250k,2001.0,7.0,993498.0
TCD,500k-1 million,2001.0,1.0,832021.0
TCD,50k-100k,2001.0,12.0,929160.0
TGO,1-2.5 millions,2001.0,1.0,1158967.0
TGO,100k-250k,2001.0,4.0,541606.0
TGO,50k-100k,2001.0,4.0,287449.0
TZA,1-2.5 millions,2001.0,1.0,2205668.0
TZA,100k-250k,2001.0,7.0,1137351.0
TZA,250k-500k,2001.0,3.0,1014723.0
TZA,50k-100k,2001.0,12.0,831072.0
UGA,1-2.5 millions,2001.0,1.0,1780001.0
UGA,100k-250k,2001.0,1.0,147392.0
UGA,50k-100k,2001.0,9.0,662861.0
ZAF,1-2.5 millions,2001.0,1.0,2491657.0
ZAF,100k-250k,2001.0,15.0,2274928.0
ZAF,2.5-5 millions,2001.0,2.0,5522300.0
ZAF,250k-500k,2001.0,5.0,1597130.0
ZAF,500k-1 million,2001.0,4.0,2637335.0
ZAF,50k-100k,2001.0,31.0,2228864.0
ZMB,1-2.5 millions,2001.0,1.0,1125645.0
ZMB,100k-250k,2001.0,4.0,538090.0
ZMB,250k-500k,2001.0,2.0,627384.0
ZMB,50k-100k,2001.0,7.0,559792.0
ZWE,1-2.5 millions,2001.0,1.0,1767508.0
ZWE,100k-250k,2001.0,1.0,131735.0
ZWE,500k-1 million,2001.0,1.0,607357.0
ZWE,50k-100k,2001.0,4.0,279104.0
AFE,1-2.5 millions,2002.0,9.0,14480452.0
AFE,100k-250k,2002.0,167.0,24597840.0
AFE,2.5-5 millions,2002.0,6.0,18409027.0
AFE,250k-500k,2002.0,52.0,17600028.0
AFE,5-10 millions,2002.0,1.0,5455590.0
AFE,500k-1 million,2002.0,15.0,10451246.0
AFE,50k-100k,2002.0,286.0,20603998.0
AFW,1-2.5 millions,2002.0,15.0,22075244.0
AFW,100k-250k,2002.0,152.0,22406721.0
AFW,2.5-5 millions,2002.0,4.0,11937245.0
AFW,250k-500k,2002.0,29.0,10027651.0
AFW,5-10 millions,2002.0,1.0,8348225.0
AFW,500k-1 million,2002.0,21.0,13955166.0
AFW,50k-100k,2002.0,247.0,17604629.0
AGO,100k-250k,2002.0,15.0,2153637.0
AGO,250k-500k,2002.0,7.0,2553361.0
AGO,500k-1 million,2002.0,3.0,2538956.0
AGO,50k-100k,2002.0,15.0,1098088.0
BDI,250k-500k,2002.0,1.0,415591.0
BDI,50k-100k,2002.0,4.0,245632.0
BEN,1-2.5 millions,2002.0,1.0,1102443.0
BEN,100k-250k,2002.0,2.0,301636.0
BEN,250k-500k,2002.0,1.0,419860.0
BEN,50k-100k,2002.0,5.0,339141.0
BFA,1-2.5 millions,2002.0,1.0,1081529.0
BFA,100k-250k,2002.0,1.0,114137.0
BFA,250k-500k,2002.0,1.0,433011.0
BFA,50k-100k,2002.0,6.0,459853.0
BWA,50k-100k,2002.0,1.0,67756.0
CAF,500k-1 million,2002.0,1.0,753285.0
CAF,50k-100k,2002.0,1.0,61867.0
CIV,100k-250k,2002.0,8.0,1199488.0
CIV,2.5-5 millions,2002.0,1.0,3650520.0
CIV,500k-1 million,2002.0,1.0,509380.0
CIV,50k-100k,2002.0,13.0,899672.0
CMR,1-2.5 millions,2002.0,2.0,3385811.0
CMR,100k-250k,2002.0,13.0,1943911.0
CMR,250k-500k,2002.0,3.0,1039145.0
CMR,50k-100k,2002.0,19.0,1245471.0
COD,1-2.5 millions,2002.0,2.0,3127696.0
COD,100k-250k,2002.0,38.0,5376260.0
COD,250k-500k,2002.0,10.0,3554325.0
COD,5-10 millions,2002.0,1.0,5455590.0
COD,500k-1 million,2002.0,3.0,2006975.0
COD,50k-100k,2002.0,37.0,2525956.0
COG,1-2.5 millions,2002.0,1.0,1360190.0
COG,100k-250k,2002.0,2.0,236760.0
COG,500k-1 million,2002.0,1.0,605759.0
COG,50k-100k,2002.0,1.0,79305.0
COM,100k-250k,2002.0,1.0,155781.0
COM,50k-100k,2002.0,1.0,93822.0
CPV,100k-250k,2002.0,1.0,112694.0
CPV,50k-100k,2002.0,1.0,58955.0
ERI,100k-250k,2002.0,2.0,458179.0
ERI,250k-500k,2002.0,1.0,268053.0
ERI,50k-100k,2002.0,2.0,151847.0
ETH,100k-250k,2002.0,24.0,3287356.0
ETH,2.5-5 millions,2002.0,1.0,2902209.0
ETH,250k-500k,2002.0,6.0,1730090.0
ETH,50k-100k,2002.0,78.0,5583304.0
GAB,250k-500k,2002.0,1.0,448075.0
GAB,50k-100k,2002.0,1.0,82313.0
GHA,1-2.5 millions,2002.0,1.0,1648168.0
GHA,100k-250k,2002.0,10.0,1347290.0
GHA,2.5-5 millions,2002.0,1.0,2856913.0
GHA,250k-500k,2002.0,1.0,351491.0
GHA,50k-100k,2002.0,13.0,887719.0
GIN,1-2.5 millions,2002.0,1.0,1408173.0
GIN,100k-250k,2002.0,3.0,422124.0
GIN,50k-100k,2002.0,8.0,569956.0
GMB,250k-500k,2002.0,1.0,473317.0
GMB,50k-100k,2002.0,1.0,74038.0
GNB,250k-500k,2002.0,1.0,298386.0
GNQ,100k-250k,2002.0,2.0,321061.0
KEN,100k-250k,2002.0,5.0,936028.0
KEN,2.5-5 millions,2002.0,1.0,2802007.0
KEN,500k-1 million,2002.0,1.0,754389.0
KEN,50k-100k,2002.0,8.0,550718.0
LBR,1-2.5 millions,2002.0,1.0,1093679.0
LSO,100k-250k,2002.0,1.0,212790.0
MDG,1-2.5 millions,2002.0,1.0,1235187.0
MDG,100k-250k,2002.0,2.0,224732.0
MDG,50k-100k,2002.0,3.0,208736.0
MLI,1-2.5 millions,2002.0,1.0,1458953.0
MLI,100k-250k,2002.0,4.0,510393.0
MLI,50k-100k,2002.0,3.0,172808.0
MOZ,1-2.5 millions,2002.0,1.0,1607465.0
MOZ,100k-250k,2002.0,8.0,1139517.0
MOZ,250k-500k,2002.0,2.0,785916.0
MOZ,50k-100k,2002.0,14.0,962641.0
MRT,500k-1 million,2002.0,1.0,579124.0
MRT,50k-100k,2002.0,1.0,67456.0
MUS,500k-1 million,2002.0,1.0,551601.0
MWI,250k-500k,2002.0,1.0,338752.0
MWI,500k-1 million,2002.0,1.0,557641.0
MWI,50k-100k,2002.0,1.0,72872.0
NAM,100k-250k,2002.0,1.0,205939.0
NER,100k-250k,2002.0,3.0,540343.0
NER,250k-500k,2002.0,2.0,613910.0
NER,500k-1 million,2002.0,1.0,719901.0
NER,50k-100k,2002.0,12.0,927499.0
NGA,1-2.5 millions,2002.0,4.0,6009016.0
NGA,100k-250k,2002.0,81.0,12368392.0
NGA,2.5-5 millions,2002.0,2.0,5429812.0
NGA,250k-500k,2002.0,15.0,5140928.0
NGA,5-10 millions,2002.0,1.0,8348225.0
NGA,500k-1 million,2002.0,13.0,8416655.0
NGA,50k-100k,2002.0,144.0,10339726.0
RWA,100k-250k,2002.0,1.0,117860.0
RWA,50k-100k,2002.0,1.0,84671.0
SDN,100k-250k,2002.0,24.0,3430860.0
SDN,2.5-5 millions,2002.0,1.0,4356462.0
SDN,250k-500k,2002.0,11.0,3687399.0
SDN,50k-100k,2002.0,35.0,2616692.0
SEN,1-2.5 millions,2002.0,1.0,2278075.0
SEN,100k-250k,2002.0,6.0,806301.0
SEN,250k-500k,2002.0,3.0,809528.0
SEN,500k-1 million,2002.0,1.0,648158.0
SEN,50k-100k,2002.0,3.0,187494.0
SLE,100k-250k,2002.0,3.0,407780.0
SLE,500k-1 million,2002.0,1.0,855426.0
SLE,50k-100k,2002.0,1.0,97480.0
SOM,1-2.5 millions,2002.0,1.0,1327881.0
SOM,100k-250k,2002.0,9.0,1430420.0
SOM,250k-500k,2002.0,3.0,891208.0
SOM,500k-1 million,2002.0,1.0,687781.0
SOM,50k-100k,2002.0,18.0,1279058.0
SSA,1-2.5 millions,2002.0,24.0,36555696.0
SSA,100k-250k,2002.0,319.0,47004561.0
SSA,2.5-5 millions,2002.0,10.0,30346272.0
SSA,250k-500k,2002.0,81.0,27627679.0
SSA,5-10 millions,2002.0,2.0,13803815.0
SSA,500k-1 million,2002.0,36.0,24406412.0
SSA,50k-100k,2002.0,533.0,38208627.0
SSD,100k-250k,2002.0,7.0,1052356.0
SSD,50k-100k,2002.0,4.0,331937.0
STP,50k-100k,2002.0,1.0,82028.0
SWZ,50k-100k,2002.0,1.0,81602.0
TCD,100k-250k,2002.0,9.0,1225544.0
TCD,500k-1 million,2002.0,1.0,867478.0
TCD,50k-100k,2002.0,10.0,757511.0
TGO,1-2.5 millions,2002.0,1.0,1249207.0
TGO,100k-250k,2002.0,4.0,548867.0
TGO,50k-100k,2002.0,4.0,296365.0
TZA,1-2.5 millions,2002.0,1.0,2339692.0
TZA,100k-250k,2002.0,7.0,1185032.0
TZA,250k-500k,2002.0,3.0,1085182.0
TZA,50k-100k,2002.0,12.0,858634.0
UGA,1-2.5 millions,2002.0,1.0,1863086.0
UGA,100k-250k,2002.0,1.0,153212.0
UGA,50k-100k,2002.0,9.0,691373.0
ZAF,100k-250k,2002.0,15.0,2292002.0
ZAF,2.5-5 millions,2002.0,3.0,8348349.0
ZAF,250k-500k,2002.0,5.0,1634400.0
ZAF,500k-1 million,2002.0,4.0,2747999.0
ZAF,50k-100k,2002.0,31.0,2265431.0
ZMB,1-2.5 millions,2002.0,1.0,1194901.0
ZMB,100k-250k,2002.0,5.0,652775.0
ZMB,250k-500k,2002.0,2.0,655751.0
ZMB,50k-100k,2002.0,6.0,472012.0
ZWE,1-2.5 millions,2002.0,1.0,1784544.0
ZWE,100k-250k,2002.0,1.0,133104.0
ZWE,500k-1 million,2002.0,1.0,605904.0
ZWE,50k-100k,2002.0,4.0,279188.0
AFE,1-2.5 millions,2003.0,9.0,15008758.0
AFE,100k-250k,2003.0,174.0,25262246.0
AFE,2.5-5 millions,2003.0,6.0,19020239.0
AFE,250k-500k,2003.0,54.0,18203060.0
AFE,5-10 millions,2003.0,1.0,5519298.0
AFE,500k-1 million,2003.0,16.0,10844015.0
AFE,50k-100k,2003.0,276.0,20018928.0
AFW,1-2.5 millions,2003.0,15.0,23101231.0
AFW,100k-250k,2003.0,158.0,23279238.0
AFW,2.5-5 millions,2003.0,4.0,12342461.0
AFW,250k-500k,2003.0,32.0,11217069.0
AFW,5-10 millions,2003.0,1.0,8567856.0
AFW,500k-1 million,2003.0,21.0,14399178.0
AFW,50k-100k,2003.0,238.0,17165019.0
AGO,100k-250k,2003.0,17.0,2392344.0
AGO,250k-500k,2003.0,7.0,2678204.0
AGO,500k-1 million,2003.0,2.0,1589981.0
AGO,50k-100k,2003.0,13.0,946153.0
BDI,100k-250k,2003.0,1.0,106061.0
BDI,250k-500k,2003.0,1.0,446267.0
BDI,50k-100k,2003.0,4.0,257154.0
BEN,1-2.5 millions,2003.0,1.0,1137472.0
BEN,100k-250k,2003.0,2.0,313753.0
BEN,250k-500k,2003.0,1.0,441892.0
BEN,50k-100k,2003.0,5.0,349856.0
BFA,1-2.5 millions,2003.0,1.0,1183186.0
BFA,100k-250k,2003.0,1.0,118608.0
BFA,250k-500k,2003.0,1.0,450952.0
BFA,50k-100k,2003.0,6.0,471640.0
BWA,50k-100k,2003.0,1.0,69493.0
CAF,500k-1 million,2003.0,1.0,770332.0
CAF,50k-100k,2003.0,1.0,63247.0
CIV,100k-250k,2003.0,8.0,1232929.0
CIV,2.5-5 millions,2003.0,1.0,3754877.0
CIV,500k-1 million,2003.0,1.0,516419.99999999994
CIV,50k-100k,2003.0,13.0,922706.0
CMR,1-2.5 millions,2003.0,2.0,3562146.0
CMR,100k-250k,2003.0,13.0,1985868.0
CMR,250k-500k,2003.0,3.0,1069943.0
CMR,50k-100k,2003.0,19.0,1265139.0
COD,1-2.5 millions,2003.0,2.0,3229710.0
COD,100k-250k,2003.0,39.0,5639564.0
COD,250k-500k,2003.0,9.0,3135223.0
COD,5-10 millions,2003.0,1.0,5519298.0
COD,500k-1 million,2003.0,4.0,2622794.0
COD,50k-100k,2003.0,36.0,2513716.0
COG,1-2.5 millions,2003.0,1.0,1403569.0
COG,100k-250k,2003.0,2.0,236290.0
COG,500k-1 million,2003.0,1.0,631280.0
COG,50k-100k,2003.0,1.0,83988.0
COM,100k-250k,2003.0,1.0,158814.0
COM,50k-100k,2003.0,1.0,97732.0
CPV,100k-250k,2003.0,1.0,114570.0
CPV,50k-100k,2003.0,1.0,60348.0
ERI,100k-250k,2003.0,1.0,217974.0
ERI,250k-500k,2003.0,2.0,524479.0
ERI,50k-100k,2003.0,2.0,157224.0
ETH,100k-250k,2003.0,23.0,3043861.0
ETH,2.5-5 millions,2003.0,1.0,2957452.0
ETH,250k-500k,2003.0,7.0,1997312.0
ETH,50k-100k,2003.0,78.0,5584877.0
GAB,250k-500k,2003.0,1.0,459735.0
GAB,50k-100k,2003.0,1.0,83792.0
GHA,1-2.5 millions,2003.0,1.0,1727840.0
GHA,100k-250k,2003.0,9.0,1122132.0
GHA,2.5-5 millions,2003.0,1.0,2979335.0
GHA,250k-500k,2003.0,2.0,637807.0
GHA,50k-100k,2003.0,13.0,913668.0
GIN,1-2.5 millions,2003.0,1.0,1447759.0
GIN,100k-250k,2003.0,3.0,434230.0
GIN,50k-100k,2003.0,8.0,583333.0
GMB,250k-500k,2003.0,1.0,493656.0
GMB,50k-100k,2003.0,1.0,78882.0
GNB,250k-500k,2003.0,1.0,309981.0
GNQ,100k-250k,2003.0,2.0,349792.0
KEN,100k-250k,2003.0,4.0,713699.0
KEN,2.5-5 millions,2003.0,1.0,2912904.0
KEN,250k-500k,2003.0,1.0,256098.0
KEN,500k-1 million,2003.0,1.0,777077.0
KEN,50k-100k,2003.0,8.0,569452.0
LBR,1-2.5 millions,2003.0,1.0,1176547.0
LSO,100k-250k,2003.0,1.0,212976.0
MDG,1-2.5 millions,2003.0,1.0,1275028.0
MDG,100k-250k,2003.0,2.0,239298.0
MDG,50k-100k,2003.0,3.0,218847.0
MLI,1-2.5 millions,2003.0,1.0,1563836.0
MLI,100k-250k,2003.0,4.0,535487.0
MLI,50k-100k,2003.0,3.0,180611.0
MOZ,1-2.5 millions,2003.0,1.0,1646235.0
MOZ,100k-250k,2003.0,10.0,1366154.0
MOZ,250k-500k,2003.0,2.0,804587.0
MOZ,50k-100k,2003.0,12.0,783096.0
MRT,500k-1 million,2003.0,1.0,616999.0
MRT,50k-100k,2003.0,1.0,68998.0
MUS,500k-1 million,2003.0,1.0,553914.0
MWI,250k-500k,2003.0,1.0,362145.0
MWI,500k-1 million,2003.0,1.0,571448.0
MWI,50k-100k,2003.0,1.0,75516.0
NAM,100k-250k,2003.0,1.0,212802.0
NER,100k-250k,2003.0,3.0,556707.0
NER,250k-500k,2003.0,2.0,655461.0
NER,500k-1 million,2003.0,1.0,751604.0
NER,50k-100k,2003.0,12.0,949056.0
NGA,1-2.5 millions,2003.0,4.0,6216965.0
NGA,100k-250k,2003.0,86.0,12997940.0
NGA,2.5-5 millions,2003.0,2.0,5608249.0
NGA,250k-500k,2003.0,17.0,5866827.0
NGA,5-10 millions,2003.0,1.0,8567856.0
NGA,500k-1 million,2003.0,13.0,8661449.0
NGA,50k-100k,2003.0,137.0,9911341.0
RWA,100k-250k,2003.0,1.0,130497.00000000001
RWA,500k-1 million,2003.0,1.0,556353.0
RWA,50k-100k,2003.0,1.0,86695.0
SDN,100k-250k,2003.0,26.0,3696722.0
SDN,2.5-5 millions,2003.0,1.0,4467142.0
SDN,250k-500k,2003.0,10.0,3300084.0
SDN,50k-100k,2003.0,33.0,2453003.0
SEN,1-2.5 millions,2003.0,1.0,2342464.0
SEN,100k-250k,2003.0,6.0,823846.0
SEN,250k-500k,2003.0,3.0,830815.0
SEN,500k-1 million,2003.0,1.0,664434.0
SEN,50k-100k,2003.0,3.0,191750.0
SLE,100k-250k,2003.0,4.0,538887.0
SLE,500k-1 million,2003.0,1.0,883725.0
SOM,1-2.5 millions,2003.0,1.0,1372163.0
SOM,100k-250k,2003.0,9.0,1482351.0
SOM,250k-500k,2003.0,3.0,928023.0
SOM,500k-1 million,2003.0,1.0,709332.0
SOM,50k-100k,2003.0,18.0,1326481.0
SSA,1-2.5 millions,2003.0,24.0,38109989.0
SSA,100k-250k,2003.0,332.0,48541484.0
SSA,2.5-5 millions,2003.0,10.0,31362700.0
SSA,250k-500k,2003.0,86.0,29420129.0
SSA,5-10 millions,2003.0,2.0,14087154.0
SSA,500k-1 million,2003.0,37.0,25243193.0
SSA,50k-100k,2003.0,514.0,37183947.0
SSD,100k-250k,2003.0,6.0,840648.0
SSD,250k-500k,2003.0,1.0,259209.99999999997
SSD,50k-100k,2003.0,4.0,347310.0
STP,50k-100k,2003.0,1.0,84076.0
SWZ,50k-100k,2003.0,1.0,82245.0
TCD,100k-250k,2003.0,9.0,1261328.0
TCD,500k-1 million,2003.0,1.0,902935.0
TCD,50k-100k,2003.0,10.0,782125.0
TGO,1-2.5 millions,2003.0,1.0,1339447.0
TGO,100k-250k,2003.0,5.0,656871.0
TGO,50k-100k,2003.0,3.0,204539.0
TZA,1-2.5 millions,2003.0,1.0,2473715.0
TZA,100k-250k,2003.0,7.0,1232713.0
TZA,250k-500k,2003.0,3.0,1155640.0
TZA,50k-100k,2003.0,12.0,886196.0
UGA,1-2.5 millions,2003.0,1.0,1946170.0
UGA,100k-250k,2003.0,2.0,262315.0
UGA,50k-100k,2003.0,8.0,616603.0
ZAF,100k-250k,2003.0,16.0,2409230.0
ZAF,2.5-5 millions,2003.0,3.0,8682741.0
ZAF,250k-500k,2003.0,5.0,1671670.0
ZAF,500k-1 million,2003.0,4.0,2858664.0
ZAF,50k-100k,2003.0,30.0,2201844.0
ZMB,1-2.5 millions,2003.0,1.0,1264157.0
ZMB,100k-250k,2003.0,6.0,769750.0
ZMB,250k-500k,2003.0,2.0,684118.0
ZMB,50k-100k,2003.0,5.0,381943.0
ZWE,1-2.5 millions,2003.0,1.0,1801580.0
ZWE,100k-250k,2003.0,1.0,134473.0
ZWE,500k-1 million,2003.0,1.0,604452.0
ZWE,50k-100k,2003.0,4.0,279272.0
AFE,1-2.5 millions,2004.0,10.0,15075157.0
AFE,100k-250k,2004.0,181.0,26395341.0
AFE,2.5-5 millions,2004.0,7.0,22239190.0
AFE,250k-500k,2004.0,54.0,18547163.0
AFE,5-10 millions,2004.0,1.0,5583005.0
AFE,500k-1 million,2004.0,17.0,11184701.0
AFE,50k-100k,2004.0,268.0,19584276.0
AFW,1-2.5 millions,2004.0,15.0,24127221.0
AFW,100k-250k,2004.0,153.0,22255043.0
AFW,2.5-5 millions,2004.0,4.0,12747675.0
AFW,250k-500k,2004.0,39.0,13206239.0
AFW,5-10 millions,2004.0,1.0,8787488.0
AFW,500k-1 million,2004.0,22.0,15357184.0
AFW,50k-100k,2004.0,235.0,17308373.0
AGO,1-2.5 millions,2004.0,1.0,1139820.0
AGO,100k-250k,2004.0,17.0,2448789.0
AGO,250k-500k,2004.0,7.0,2803046.0
AGO,500k-1 million,2004.0,2.0,1568237.0
AGO,50k-100k,2004.0,13.0,976479.0
BDI,100k-250k,2004.0,1.0,110133.0
BDI,250k-500k,2004.0,1.0,476942.0
BDI,50k-100k,2004.0,4.0,268677.0
BEN,1-2.5 millions,2004.0,1.0,1172502.0
BEN,100k-250k,2004.0,2.0,325870.0
BEN,250k-500k,2004.0,1.0,463924.0
BEN,50k-100k,2004.0,5.0,360570.0
BFA,1-2.5 millions,2004.0,1.0,1284843.0
BFA,100k-250k,2004.0,1.0,123078.0
BFA,250k-500k,2004.0,1.0,468894.0
BFA,50k-100k,2004.0,6.0,483427.0
BWA,50k-100k,2004.0,1.0,71230.0
CAF,500k-1 million,2004.0,1.0,787379.0
CAF,50k-100k,2004.0,1.0,64626.99999999999
CIV,100k-250k,2004.0,8.0,1266370.0
CIV,2.5-5 millions,2004.0,1.0,3859234.0
CIV,500k-1 million,2004.0,1.0,523458.99999999994
CIV,50k-100k,2004.0,13.0,945741.0
CMR,1-2.5 millions,2004.0,2.0,3738481.0
CMR,100k-250k,2004.0,12.0,1776323.0
CMR,250k-500k,2004.0,4.0,1352243.0
CMR,50k-100k,2004.0,19.0,1284806.0
COD,1-2.5 millions,2004.0,3.0,4337734.0
COD,100k-250k,2004.0,40.0,5910370.0
COD,250k-500k,2004.0,8.0,2694001.0
COD,5-10 millions,2004.0,1.0,5583005.0
COD,500k-1 million,2004.0,4.0,2254723.0
COD,50k-100k,2004.0,35.0,2493971.0
COG,1-2.5 millions,2004.0,1.0,1446947.0
COG,100k-250k,2004.0,2.0,235819.0
COG,500k-1 million,2004.0,1.0,656801.0
COG,50k-100k,2004.0,1.0,88671.0
COM,100k-250k,2004.0,2.0,263487.0
CPV,100k-250k,2004.0,1.0,116446.0
CPV,50k-100k,2004.0,1.0,61742.0
ERI,100k-250k,2004.0,1.0,226279.0
ERI,250k-500k,2004.0,2.0,532396.0
ERI,50k-100k,2004.0,2.0,162601.0
ETH,100k-250k,2004.0,23.0,3047816.0
ETH,2.5-5 millions,2004.0,1.0,3012695.0
ETH,250k-500k,2004.0,7.0,2018353.0
ETH,50k-100k,2004.0,78.0,5585180.0
GAB,250k-500k,2004.0,1.0,471395.0
GAB,50k-100k,2004.0,1.0,85271.0
GHA,1-2.5 millions,2004.0,1.0,1807513.0
GHA,100k-250k,2004.0,9.0,1146560.0
GHA,2.5-5 millions,2004.0,1.0,3101756.0
GHA,250k-500k,2004.0,2.0,674537.0
GHA,50k-100k,2004.0,13.0,939618.0
GIN,1-2.5 millions,2004.0,1.0,1487346.0
GIN,100k-250k,2004.0,3.0,446335.0
GIN,50k-100k,2004.0,8.0,596710.0
GMB,500k-1 million,2004.0,1.0,513995.0
GMB,50k-100k,2004.0,1.0,83726.0
GNB,250k-500k,2004.0,1.0,321575.0
GNQ,100k-250k,2004.0,2.0,378523.0
KEN,100k-250k,2004.0,4.0,735362.0
KEN,2.5-5 millions,2004.0,1.0,3023801.0
KEN,250k-500k,2004.0,1.0,268204.0
KEN,500k-1 million,2004.0,1.0,799765.0
KEN,50k-100k,2004.0,8.0,588186.0
LBR,1-2.5 millions,2004.0,1.0,1259415.0
LSO,100k-250k,2004.0,1.0,213163.0
MDG,1-2.5 millions,2004.0,1.0,1314870.0
MDG,100k-250k,2004.0,2.0,253864.0
MDG,50k-100k,2004.0,3.0,228958.0
MLI,1-2.5 millions,2004.0,1.0,1668720.0
MLI,100k-250k,2004.0,4.0,560581.0
MLI,50k-100k,2004.0,3.0,188414.0
MOZ,1-2.5 millions,2004.0,1.0,1685005.0
MOZ,100k-250k,2004.0,10.0,1401094.0
MOZ,250k-500k,2004.0,2.0,823258.0
MOZ,50k-100k,2004.0,12.0,795249.0
MRT,500k-1 million,2004.0,1.0,654873.0
MRT,50k-100k,2004.0,1.0,70539.0
MUS,500k-1 million,2004.0,1.0,556228.0
MWI,250k-500k,2004.0,1.0,385539.0
MWI,500k-1 million,2004.0,1.0,585255.0
MWI,50k-100k,2004.0,1.0,78159.0
NAM,100k-250k,2004.0,1.0,219666.0
NER,100k-250k,2004.0,4.0,674804.0
NER,250k-500k,2004.0,2.0,697012.0
NER,500k-1 million,2004.0,1.0,783308.0
NER,50k-100k,2004.0,11.0,868882.0
NGA,1-2.5 millions,2004.0,4.0,6424914.0
NGA,100k-250k,2004.0,81.0,11825271.0
NGA,2.5-5 millions,2004.0,2.0,5786685.0
NGA,250k-500k,2004.0,24.0,7904557.0
NGA,5-10 millions,2004.0,1.0,8787488.0
NGA,500k-1 million,2004.0,13.0,8906243.0
NGA,50k-100k,2004.0,135.0,9973343.0
RWA,100k-250k,2004.0,1.0,143134.0
RWA,500k-1 million,2004.0,1.0,596456.0
RWA,50k-100k,2004.0,1.0,88718.0
SDN,100k-250k,2004.0,27.0,3865040.0
SDN,2.5-5 millions,2004.0,1.0,4577822.0
SDN,250k-500k,2004.0,10.0,3397063.0
SDN,500k-1 million,2004.0,1.0,520827.0
SDN,50k-100k,2004.0,32.0,2386859.0
SEN,1-2.5 millions,2004.0,1.0,2406853.0
SEN,100k-250k,2004.0,6.0,841391.0
SEN,250k-500k,2004.0,3.0,852102.0
SEN,500k-1 million,2004.0,1.0,680710.0
SEN,50k-100k,2004.0,3.0,196006.0
SLE,100k-250k,2004.0,4.0,572515.0
SLE,500k-1 million,2004.0,1.0,912024.0
SOM,1-2.5 millions,2004.0,1.0,1416444.0
SOM,100k-250k,2004.0,10.0,1637339.0
SOM,250k-500k,2004.0,3.0,964838.0
SOM,500k-1 million,2004.0,1.0,730882.0
SOM,50k-100k,2004.0,17.0,1270846.0
SSA,1-2.5 millions,2004.0,25.0,39202378.0
SSA,100k-250k,2004.0,334.0,48650384.0
SSA,2.5-5 millions,2004.0,11.0,34986865.0
SSA,250k-500k,2004.0,93.0,31753402.0
SSA,5-10 millions,2004.0,2.0,14370493.0
SSA,500k-1 million,2004.0,39.0,26541885.0
SSA,50k-100k,2004.0,503.0,36892649.0
SSD,100k-250k,2004.0,9.0,1175899.0
SSD,250k-500k,2004.0,1.0,275514.0
SSD,50k-100k,2004.0,1.0,58629.0
STP,50k-100k,2004.0,1.0,86124.0
SWZ,50k-100k,2004.0,1.0,82888.0
TCD,100k-250k,2004.0,9.0,1297112.0
TCD,500k-1 million,2004.0,1.0,938392.0
TCD,50k-100k,2004.0,10.0,806738.0
TGO,1-2.5 millions,2004.0,1.0,1429687.0
TGO,100k-250k,2004.0,5.0,668045.0
TGO,50k-100k,2004.0,3.0,209542.0
TZA,100k-250k,2004.0,6.0,1019909.0
TZA,2.5-5 millions,2004.0,1.0,2607738.0
TZA,250k-500k,2004.0,4.0,1486584.0
TZA,50k-100k,2004.0,12.0,913758.0
UGA,1-2.5 millions,2004.0,1.0,2029255.0
UGA,100k-250k,2004.0,2.0,271980.0
UGA,50k-100k,2004.0,8.0,641271.0
ZAF,100k-250k,2004.0,17.0,2527240.0
ZAF,2.5-5 millions,2004.0,3.0,9017134.0
ZAF,250k-500k,2004.0,5.0,1708940.0
ZAF,500k-1 million,2004.0,4.0,2969329.0
ZAF,50k-100k,2004.0,29.0,2137474.0
ZMB,1-2.5 millions,2004.0,1.0,1333413.0
ZMB,100k-250k,2004.0,6.0,788935.0
ZMB,250k-500k,2004.0,2.0,712485.0
ZMB,50k-100k,2004.0,5.0,389663.0
ZWE,1-2.5 millions,2004.0,1.0,1818616.0
ZWE,100k-250k,2004.0,1.0,135842.0
ZWE,500k-1 million,2004.0,1.0,602999.0
ZWE,50k-100k,2004.0,4.0,279356.0
AFE,1-2.5 millions,2005.0,10.0,15644897.0
AFE,100k-250k,2005.0,190.0,27456678.0
AFE,2.5-5 millions,2005.0,7.0,22984426.0
AFE,250k-500k,2005.0,56.0,19396966.0
AFE,5-10 millions,2005.0,1.0,5646713.0
AFE,500k-1 million,2005.0,17.0,11470407.0
AFE,50k-100k,2005.0,341.0,23750213.0
AFW,1-2.5 millions,2005.0,15.0,25153210.0
AFW,100k-250k,2005.0,159.0,23227661.0
AFW,2.5-5 millions,2005.0,4.0,13152889.0
AFW,250k-500k,2005.0,39.0,13188001.0
AFW,5-10 millions,2005.0,1.0,9007119.0
AFW,500k-1 million,2005.0,24.0,16859311.0
AFW,50k-100k,2005.0,303.0,21070034.0
AGO,1-2.5 millions,2005.0,1.0,1246115.0
AGO,100k-250k,2005.0,20.0,2818851.0
AGO,250k-500k,2005.0,7.0,2927889.0
AGO,500k-1 million,2005.0,2.0,1546493.0
AGO,50k-100k,2005.0,18.0,1200006.0
BDI,100k-250k,2005.0,1.0,114206.0
BDI,50k-100k,2005.0,4.0,280200.0
BEN,1-2.5 millions,2005.0,1.0,1207531.0
BEN,100k-250k,2005.0,2.0,337987.0
BEN,250k-500k,2005.0,1.0,485955.0
BEN,50k-100k,2005.0,9.0,591052.0
BFA,1-2.5 millions,2005.0,1.0,1386501.0
BFA,100k-250k,2005.0,1.0,127548.0
BFA,250k-500k,2005.0,1.0,486836.0
BFA,50k-100k,2005.0,9.0,657115.0
BWA,50k-100k,2005.0,1.0,72967.0
CAF,500k-1 million,2005.0,1.0,804426.0
CAF,50k-100k,2005.0,2.0,118318.0
CIV,100k-250k,2005.0,8.0,1299812.0
CIV,2.5-5 millions,2005.0,1.0,3963591.0
CIV,500k-1 million,2005.0,1.0,530498.0
CIV,50k-100k,2005.0,15.0,1081724.0
CMR,1-2.5 millions,2005.0,2.0,3914816.0
CMR,100k-250k,2005.0,13.0,1915644.0
CMR,250k-500k,2005.0,4.0,1387418.0
CMR,50k-100k,2005.0,19.0,1257587.0
COD,1-2.5 millions,2005.0,3.0,4508911.0
COD,100k-250k,2005.0,40.0,5784897.0
COD,250k-500k,2005.0,10.0,3250152.0
COD,5-10 millions,2005.0,1.0,5646713.0
COD,500k-1 million,2005.0,4.0,2334230.0
COD,50k-100k,2005.0,58.0,3874415.0
COG,1-2.5 millions,2005.0,1.0,1490326.0
COG,100k-250k,2005.0,1.0,145809.0
COG,500k-1 million,2005.0,1.0,682322.0
COG,50k-100k,2005.0,3.0,234512.0
COM,100k-250k,2005.0,2.0,270428.0
CPV,100k-250k,2005.0,1.0,118322.0
CPV,50k-100k,2005.0,1.0,63135.0
ERI,100k-250k,2005.0,2.0,334981.0
ERI,250k-500k,2005.0,2.0,540313.0
ERI,50k-100k,2005.0,2.0,127464.0
ETH,100k-250k,2005.0,26.0,3355497.0
ETH,2.5-5 millions,2005.0,1.0,3067938.0
ETH,250k-500k,2005.0,7.0,2039394.0
ETH,50k-100k,2005.0,84.0,5753043.0
GAB,250k-500k,2005.0,1.0,483055.0
GAB,50k-100k,2005.0,3.0,187840.0
GHA,1-2.5 millions,2005.0,1.0,1887186.0
GHA,100k-250k,2005.0,9.0,1170989.0
GHA,2.5-5 millions,2005.0,1.0,3224177.0
GHA,250k-500k,2005.0,2.0,711268.0
GHA,50k-100k,2005.0,21.0,1393519.0
GIN,1-2.5 millions,2005.0,1.0,1526933.0
GIN,100k-250k,2005.0,3.0,458441.0
GIN,50k-100k,2005.0,10.0,718617.0
GMB,500k-1 million,2005.0,1.0,534333.0
GMB,50k-100k,2005.0,1.0,88569.0
GNB,250k-500k,2005.0,1.0,333169.0
GNQ,100k-250k,2005.0,2.0,407254.0
GNQ,50k-100k,2005.0,1.0,56477.0
KEN,100k-250k,2005.0,4.0,602842.0
KEN,2.5-5 millions,2005.0,1.0,3134699.0
KEN,250k-500k,2005.0,2.0,535407.0
KEN,500k-1 million,2005.0,1.0,822454.0
KEN,50k-100k,2005.0,10.0,695600.0
LBR,1-2.5 millions,2005.0,1.0,1342283.0
LSO,100k-250k,2005.0,1.0,213349.0
MDG,1-2.5 millions,2005.0,1.0,1354711.0
MDG,100k-250k,2005.0,2.0,268430.0
MDG,50k-100k,2005.0,4.0,301229.0
MLI,1-2.5 millions,2005.0,1.0,1773603.0
MLI,100k-250k,2005.0,4.0,585675.0
MLI,50k-100k,2005.0,3.0,196217.0
MOZ,1-2.5 millions,2005.0,1.0,1723775.0
MOZ,100k-250k,2005.0,10.0,1436034.0
MOZ,250k-500k,2005.0,2.0,841930.0
MOZ,50k-100k,2005.0,16.0,1033607.0
MRT,500k-1 million,2005.0,1.0,692747.0
MRT,50k-100k,2005.0,1.0,72081.0
MUS,500k-1 million,2005.0,1.0,558542.0
MWI,250k-500k,2005.0,1.0,408933.0
MWI,500k-1 million,2005.0,1.0,599062.0
MWI,50k-100k,2005.0,2.0,140417.0
NAM,100k-250k,2005.0,1.0,226529.0
NER,100k-250k,2005.0,5.0,797158.0
NER,250k-500k,2005.0,2.0,738563.0
NER,500k-1 million,2005.0,1.0,815011.0
NER,50k-100k,2005.0,14.0,1005994.0
NGA,1-2.5 millions,2005.0,4.0,6632863.0
NGA,100k-250k,2005.0,84.0,12182323.0
NGA,2.5-5 millions,2005.0,2.0,5965121.0
NGA,250k-500k,2005.0,24.0,7688348.0
NGA,5-10 millions,2005.0,1.0,9007119.0
NGA,500k-1 million,2005.0,15.0,10188817.0
NGA,50k-100k,2005.0,164.0,11612229.0
RWA,100k-250k,2005.0,1.0,155772.0
RWA,500k-1 million,2005.0,1.0,636559.0
RWA,50k-100k,2005.0,2.0,150887.0
SDN,100k-250k,2005.0,27.0,3934708.0
SDN,2.5-5 millions,2005.0,1.0,4688502.0
SDN,250k-500k,2005.0,10.0,3494041.0
SDN,500k-1 million,2005.0,1.0,539093.0
SDN,50k-100k,2005.0,37.0,2724547.0
SEN,1-2.5 millions,2005.0,1.0,2471241.0
SEN,100k-250k,2005.0,6.0,858937.0
SEN,250k-500k,2005.0,3.0,873389.0
SEN,500k-1 million,2005.0,1.0,696985.0
SEN,50k-100k,2005.0,8.0,469326.0
SLE,100k-250k,2005.0,4.0,606144.0
SLE,500k-1 million,2005.0,1.0,940323.0
SLE,50k-100k,2005.0,1.0,51178.0
SOM,1-2.5 millions,2005.0,1.0,1460725.0
SOM,100k-250k,2005.0,10.0,1692741.0
SOM,250k-500k,2005.0,3.0,1001652.0
SOM,500k-1 million,2005.0,1.0,752433.0
SOM,50k-100k,2005.0,22.0,1584457.0
SSA,1-2.5 millions,2005.0,25.0,40798107.0
SSA,100k-250k,2005.0,349.0,50684339.0
SSA,2.5-5 millions,2005.0,11.0,36137315.0
SSA,250k-500k,2005.0,95.0,32584967.0
SSA,5-10 millions,2005.0,2.0,14653832.0
SSA,500k-1 million,2005.0,41.0,28329718.0
SSA,50k-100k,2005.0,644.0,44820247.0
SSD,100k-250k,2005.0,9.0,1221016.0
SSD,250k-500k,2005.0,1.0,291818.0
SSD,50k-100k,2005.0,4.0,247734.0
STP,50k-100k,2005.0,1.0,88172.0
SWZ,50k-100k,2005.0,1.0,83531.0
TCD,100k-250k,2005.0,11.0,1536398.0
TCD,500k-1 million,2005.0,1.0,973849.0
TCD,50k-100k,2005.0,12.0,835864.0
TGO,1-2.5 millions,2005.0,1.0,1519927.0
TGO,100k-250k,2005.0,5.0,679220.0
TGO,50k-100k,2005.0,6.0,378680.0
TZA,100k-250k,2005.0,6.0,1046258.0
TZA,2.5-5 millions,2005.0,1.0,2741761.0
TZA,250k-500k,2005.0,4.0,1578374.0
TZA,50k-100k,2005.0,18.0,1276495.0
UGA,1-2.5 millions,2005.0,1.0,2112339.0
UGA,100k-250k,2005.0,3.0,383553.0
UGA,50k-100k,2005.0,7.0,564031.0
ZAF,100k-250k,2005.0,18.0,2651254.0
ZAF,2.5-5 millions,2005.0,3.0,9351526.0
ZAF,250k-500k,2005.0,5.0,1746211.0
ZAF,500k-1 million,2005.0,4.0,3079994.0
ZAF,50k-100k,2005.0,36.0,2591672.0
ZMB,1-2.5 millions,2005.0,1.0,1402669.0
ZMB,100k-250k,2005.0,6.0,808121.0
ZMB,250k-500k,2005.0,2.0,740852.0
ZMB,50k-100k,2005.0,10.0,680299.0
ZWE,1-2.5 millions,2005.0,1.0,1835652.0
ZWE,100k-250k,2005.0,1.0,137211.0
ZWE,500k-1 million,2005.0,1.0,601547.0
ZWE,50k-100k,2005.0,4.0,279440.0
AFE,1-2.5 millions,2006.0,10.0,16758192.0
AFE,100k-250k,2006.0,200.0,28979479.0
AFE,2.5-5 millions,2006.0,7.0,23797899.0
AFE,250k-500k,2006.0,58.0,20489543.0
AFE,5-10 millions,2006.0,1.0,5773356.0
AFE,500k-1 million,2006.0,18.0,12307230.0
AFE,50k-100k,2006.0,327.0,23227228.0
AFW,1-2.5 millions,2006.0,13.0,21206285.0
AFW,100k-250k,2006.0,169.0,24913871.0
AFW,2.5-5 millions,2006.0,6.0,18644304.0
AFW,250k-500k,2006.0,37.0,12457429.0
AFW,5-10 millions,2006.0,1.0,9232316.0
AFW,500k-1 million,2006.0,24.0,17028956.0
AFW,50k-100k,2006.0,291.0,20555843.0
AGO,1-2.5 millions,2006.0,1.0,1705739.0
AGO,100k-250k,2006.0,20.0,2905038.0
AGO,250k-500k,2006.0,7.0,3002465.0
AGO,500k-1 million,2006.0,2.0,1503375.0
AGO,50k-100k,2006.0,17.0,1183908.0
BDI,100k-250k,2006.0,1.0,119720.0
BDI,500k-1 million,2006.0,1.0,547535.0
BDI,50k-100k,2006.0,4.0,296405.0
BEN,1-2.5 millions,2006.0,1.0,1267663.0
BEN,100k-250k,2006.0,2.0,354144.0
BEN,50k-100k,2006.0,9.0,613730.0
BFA,1-2.5 millions,2006.0,1.0,1477641.0
BFA,100k-250k,2006.0,1.0,129872.99999999999
BFA,50k-100k,2006.0,9.0,676582.0
BWA,50k-100k,2006.0,1.0,74985.0
CAF,500k-1 million,2006.0,1.0,815084.0
CAF,50k-100k,2006.0,2.0,119216.0
CIV,100k-250k,2006.0,8.0,1333650.0
CIV,2.5-5 millions,2006.0,1.0,4071188.0
CIV,500k-1 million,2006.0,1.0,537369.0
CIV,50k-100k,2006.0,15.0,1105307.0
CMR,1-2.5 millions,2006.0,2.0,4134885.0
CMR,100k-250k,2006.0,14.0,2059510.0000000002
CMR,250k-500k,2006.0,4.0,1424539.0
CMR,50k-100k,2006.0,18.0,1175805.0
COD,1-2.5 millions,2006.0,3.0,4692601.0
COD,100k-250k,2006.0,41.0,5918466.0
COD,250k-500k,2006.0,11.0,3584013.0
COD,5-10 millions,2006.0,1.0,5773356.0
COD,500k-1 million,2006.0,4.0,2417140.0
COD,50k-100k,2006.0,56.0,3848259.0
COG,1-2.5 millions,2006.0,1.0,1584474.0
COG,100k-250k,2006.0,1.0,155337.0
COG,500k-1 million,2006.0,1.0,725975.0
COG,50k-100k,2006.0,1.0,96548.0
COM,100k-250k,2006.0,2.0,276625.0
CPV,100k-250k,2006.0,1.0,119464.0
CPV,50k-100k,2006.0,1.0,63951.0
ERI,100k-250k,2006.0,2.0,343737.0
ERI,250k-500k,2006.0,2.0,546232.0
ERI,50k-100k,2006.0,2.0,130701.0
ETH,100k-250k,2006.0,30.0,3889955.0
ETH,2.5-5 millions,2006.0,1.0,3192493.0
ETH,250k-500k,2006.0,7.0,2097877.0
ETH,50k-100k,2006.0,80.0,5522061.0
GAB,100k-250k,2006.0,1.0,109168.0
GAB,250k-500k,2006.0,1.0,496693.0
GAB,50k-100k,2006.0,3.0,193220.0
GHA,1-2.5 millions,2006.0,1.0,1989310.0
GHA,100k-250k,2006.0,10.0,1312849.0
GHA,2.5-5 millions,2006.0,1.0,3366968.0
GHA,250k-500k,2006.0,2.0,746664.0
GHA,50k-100k,2006.0,20.0,1329144.0
GIN,1-2.5 millions,2006.0,1.0,1601673.0
GIN,100k-250k,2006.0,4.0,577446.0
GIN,50k-100k,2006.0,9.0,635771.0
GMB,500k-1 million,2006.0,1.0,570516.0
GMB,50k-100k,2006.0,1.0,93049.0
GNB,250k-500k,2006.0,1.0,346392.0
GNQ,100k-250k,2006.0,2.0,436281.0
GNQ,50k-100k,2006.0,1.0,60101.0
KEN,100k-250k,2006.0,3.0,363603.0
KEN,2.5-5 millions,2006.0,1.0,3263599.0
KEN,250k-500k,2006.0,3.0,811075.0
KEN,500k-1 million,2006.0,1.0,858128.0
KEN,50k-100k,2006.0,10.0,726043.0
LBR,1-2.5 millions,2006.0,1.0,1321876.0
LSO,100k-250k,2006.0,1.0,214716.0
MDG,1-2.5 millions,2006.0,1.0,1460727.0
MDG,100k-250k,2006.0,2.0,278744.0
MDG,50k-100k,2006.0,4.0,321553.0
MLI,1-2.5 millions,2006.0,1.0,1891600.0
MLI,100k-250k,2006.0,4.0,619768.0
MLI,50k-100k,2006.0,3.0,205926.0
MOZ,1-2.5 millions,2006.0,1.0,1786962.0
MOZ,100k-250k,2006.0,10.0,1487098.0
MOZ,250k-500k,2006.0,2.0,867074.0
MOZ,50k-100k,2006.0,15.0,999021.0
MRT,500k-1 million,2006.0,1.0,733056.0
MRT,50k-100k,2006.0,1.0,78109.0
MUS,500k-1 million,2006.0,1.0,558858.0
MWI,250k-500k,2006.0,1.0,439376.0
MWI,500k-1 million,2006.0,1.0,615691.0
MWI,50k-100k,2006.0,2.0,148796.0
NAM,100k-250k,2006.0,1.0,234966.0
NER,100k-250k,2006.0,5.0,821779.0
NER,250k-500k,2006.0,2.0,779497.0
NER,500k-1 million,2006.0,1.0,853796.0
NER,50k-100k,2006.0,14.0,1042145.0
NGA,1-2.5 millions,2006.0,3.0,4371733.0
NGA,100k-250k,2006.0,89.0,13004699.0
NGA,2.5-5 millions,2006.0,3.0,8672832.0
NGA,250k-500k,2006.0,24.0,7761141.0
NGA,5-10 millions,2006.0,1.0,9232316.0
NGA,500k-1 million,2006.0,16.0,11094692.0
NGA,50k-100k,2006.0,158.0,11385590.0
RWA,100k-250k,2006.0,1.0,168828.0
RWA,500k-1 million,2006.0,1.0,670492.0
RWA,50k-100k,2006.0,2.0,158417.0
SDN,100k-250k,2006.0,28.0,4117285.0
SDN,2.5-5 millions,2006.0,1.0,4802898.0
SDN,250k-500k,2006.0,10.0,3604747.0
SDN,500k-1 million,2006.0,1.0,561015.0
SDN,50k-100k,2006.0,36.0,2667573.0
SEN,100k-250k,2006.0,6.0,877299.0
SEN,2.5-5 millions,2006.0,1.0,2533316.0
SEN,250k-500k,2006.0,3.0,902503.0
SEN,500k-1 million,2006.0,1.0,716727.0
SEN,50k-100k,2006.0,8.0,480109.0
SLE,100k-250k,2006.0,4.0,626348.0
SLE,500k-1 million,2006.0,1.0,981741.0
SLE,50k-100k,2006.0,1.0,52347.0
SOM,1-2.5 millions,2006.0,1.0,1504411.0
SOM,100k-250k,2006.0,11.0,1836749.0
SOM,250k-500k,2006.0,3.0,1032746.0000000001
SOM,500k-1 million,2006.0,1.0,775657.0
SOM,50k-100k,2006.0,21.0,1531422.0
SSA,1-2.5 millions,2006.0,23.0,37964477.0
SSA,100k-250k,2006.0,369.0,53893350.0
SSA,2.5-5 millions,2006.0,13.0,42442203.0
SSA,250k-500k,2006.0,95.0,32946972.0
SSA,5-10 millions,2006.0,2.0,15005672.0
SSA,500k-1 million,2006.0,42.0,29336186.0
SSA,50k-100k,2006.0,618.0,43783071.0
SSD,100k-250k,2006.0,9.0,1269237.0
SSD,250k-500k,2006.0,1.0,310529.0
SSD,50k-100k,2006.0,4.0,287843.0
STP,50k-100k,2006.0,1.0,90584.0
SWZ,50k-100k,2006.0,1.0,84389.0
TCD,100k-250k,2006.0,12.0,1679195.0
TCD,50k-100k,2006.0,11.0,751586.0
TGO,1-2.5 millions,2006.0,1.0,1565430.0
TGO,100k-250k,2006.0,5.0,697061.0
TGO,50k-100k,2006.0,6.0,397607.0
TZA,100k-250k,2006.0,6.0,1071625.0
TZA,2.5-5 millions,2006.0,1.0,2948712.0
TZA,250k-500k,2006.0,4.0,1650553.0
TZA,50k-100k,2006.0,18.0,1332517.0
UGA,1-2.5 millions,2006.0,1.0,2253784.0
UGA,100k-250k,2006.0,4.0,500258.0
UGA,50k-100k,2006.0,6.0,481131.0
ZAF,100k-250k,2006.0,21.0,3010987.0
ZAF,2.5-5 millions,2006.0,3.0,9590197.0
ZAF,250k-500k,2006.0,5.0,1772987.0
ZAF,500k-1 million,2006.0,4.0,3199625.0
ZAF,50k-100k,2006.0,33.0,2349442.0
ZMB,1-2.5 millions,2006.0,1.0,1493723.0
ZMB,100k-250k,2006.0,6.0,832857.0
ZMB,250k-500k,2006.0,2.0,769869.0
ZMB,50k-100k,2006.0,10.0,701792.0
ZWE,1-2.5 millions,2006.0,1.0,1860245.0
ZWE,100k-250k,2006.0,1.0,138985.0
ZWE,500k-1 million,2006.0,1.0,599714.0
ZWE,50k-100k,2006.0,4.0,290386.0
AFE,1-2.5 millions,2007.0,11.0,18924390.0
AFE,100k-250k,2007.0,217.0,31432123.0
AFE,2.5-5 millions,2007.0,7.0,24611373.0
AFE,250k-500k,2007.0,58.0,20853907.0
AFE,5-10 millions,2007.0,1.0,5899998.0
AFE,500k-1 million,2007.0,18.0,12087093.0
AFE,50k-100k,2007.0,309.0,22103979.0
AFW,1-2.5 millions,2007.0,16.0,25250344.0
AFW,100k-250k,2007.0,174.0,25510759.0
AFW,2.5-5 millions,2007.0,6.0,19234818.0
AFW,250k-500k,2007.0,39.0,12969841.0
AFW,5-10 millions,2007.0,1.0,9457513.0
AFW,500k-1 million,2007.0,26.0,17702972.0
AFW,50k-100k,2007.0,281.0,20135852.0
AGO,1-2.5 millions,2007.0,1.0,2165363.0
AGO,100k-250k,2007.0,23.0,3302049.0
AGO,250k-500k,2007.0,7.0,3077041.0
AGO,500k-1 million,2007.0,2.0,1460256.0
AGO,50k-100k,2007.0,14.0,911572.0
BDI,100k-250k,2007.0,1.0,125234.0
BDI,500k-1 million,2007.0,1.0,587452.0
BDI,50k-100k,2007.0,4.0,312610.0
BEN,1-2.5 millions,2007.0,1.0,1327796.0
BEN,100k-250k,2007.0,3.0,473492.0
BEN,500k-1 million,2007.0,1.0,518414.0
BEN,50k-100k,2007.0,8.0,533217.0
BFA,1-2.5 millions,2007.0,1.0,1568781.0
BFA,100k-250k,2007.0,1.0,132198.0
BFA,500k-1 million,2007.0,1.0,536629.0
BFA,50k-100k,2007.0,9.0,696049.0
BWA,50k-100k,2007.0,1.0,77002.0
CAF,500k-1 million,2007.0,1.0,825741.0
CAF,50k-100k,2007.0,2.0,120114.0
CIV,100k-250k,2007.0,8.0,1215489.0
CIV,2.5-5 millions,2007.0,1.0,4178783.9999999995
CIV,250k-500k,2007.0,1.0,253304.0
CIV,500k-1 million,2007.0,1.0,544240.0
CIV,50k-100k,2007.0,14.0,1027586.0
CMR,1-2.5 millions,2007.0,2.0,4354953.0
CMR,100k-250k,2007.0,14.0,2105141.0
CMR,250k-500k,2007.0,4.0,1461661.0
CMR,50k-100k,2007.0,18.0,1192259.0
COD,1-2.5 millions,2007.0,3.0,4876291.0
COD,100k-250k,2007.0,43.0,6155499.0
COD,250k-500k,2007.0,12.0,3941808.0
COD,5-10 millions,2007.0,1.0,5899998.0
COD,500k-1 million,2007.0,4.0,2500050.0
COD,50k-100k,2007.0,53.0,3694704.0
COG,1-2.5 millions,2007.0,1.0,1678622.0
COG,100k-250k,2007.0,1.0,164865.0
COG,500k-1 million,2007.0,1.0,769627.0
COG,50k-100k,2007.0,1.0,99743.0
COM,100k-250k,2007.0,2.0,282822.0
CPV,100k-250k,2007.0,1.0,120605.0
CPV,50k-100k,2007.0,1.0,64766.99999999999
ERI,100k-250k,2007.0,2.0,352493.0
ERI,250k-500k,2007.0,2.0,552152.0
ERI,50k-100k,2007.0,2.0,133937.0
ETH,100k-250k,2007.0,34.0,4435142.0
ETH,2.5-5 millions,2007.0,1.0,3317049.0
ETH,250k-500k,2007.0,7.0,2156360.0
ETH,50k-100k,2007.0,76.0,5280349.0
GAB,100k-250k,2007.0,1.0,118268.0
GAB,500k-1 million,2007.0,1.0,510330.0
GAB,50k-100k,2007.0,3.0,198600.0
GHA,1-2.5 millions,2007.0,1.0,2091435.0
GHA,100k-250k,2007.0,10.0,1355868.0
GHA,2.5-5 millions,2007.0,1.0,3509758.0
GHA,250k-500k,2007.0,2.0,782060.0
GHA,50k-100k,2007.0,20.0,1363610.0
GIN,1-2.5 millions,2007.0,1.0,1676413.0
GIN,100k-250k,2007.0,4.0,596891.0
GIN,50k-100k,2007.0,9.0,652484.0
GMB,500k-1 million,2007.0,1.0,606698.0
GMB,50k-100k,2007.0,1.0,97529.0
GNB,250k-500k,2007.0,1.0,359616.0
GNQ,100k-250k,2007.0,1.0,211118.0
GNQ,50k-100k,2007.0,1.0,63725.0
KEN,100k-250k,2007.0,3.0,372946.0
KEN,2.5-5 millions,2007.0,1.0,3392499.0
KEN,250k-500k,2007.0,3.0,838161.0
KEN,500k-1 million,2007.0,1.0,893802.0
KEN,50k-100k,2007.0,10.0,756486.0
LBR,1-2.5 millions,2007.0,1.0,1301469.0
LSO,100k-250k,2007.0,1.0,216082.0
MDG,1-2.5 millions,2007.0,1.0,1566744.0
MDG,100k-250k,2007.0,3.0,396116.0
MDG,50k-100k,2007.0,3.0,234819.0
MLI,1-2.5 millions,2007.0,1.0,2009597.0
MLI,100k-250k,2007.0,4.0,653861.0
MLI,50k-100k,2007.0,3.0,215634.0
MOZ,1-2.5 millions,2007.0,1.0,1850149.0
MOZ,100k-250k,2007.0,10.0,1538162.0
MOZ,250k-500k,2007.0,2.0,892218.0
MOZ,50k-100k,2007.0,15.0,1014787.0
MRT,500k-1 million,2007.0,1.0,773366.0
MRT,50k-100k,2007.0,1.0,84138.0
MUS,500k-1 million,2007.0,1.0,559174.0
MWI,250k-500k,2007.0,1.0,469818.0
MWI,500k-1 million,2007.0,1.0,632319.0
MWI,50k-100k,2007.0,2.0,157174.0
NAM,100k-250k,2007.0,1.0,243402.0
NER,100k-250k,2007.0,7.0,1046996.0000000001
NER,250k-500k,2007.0,2.0,820432.0
NER,500k-1 million,2007.0,1.0,892582.0
NER,50k-100k,2007.0,12.0,877700.0
NGA,1-2.5 millions,2007.0,4.0,5553448.0
NGA,100k-250k,2007.0,91.0,13234474.0
NGA,2.5-5 millions,2007.0,3.0,8950886.0
NGA,250k-500k,2007.0,26.0,8361152.0
NGA,5-10 millions,2007.0,1.0,9457513.0
NGA,500k-1 million,2007.0,16.0,10988877.0
NGA,50k-100k,2007.0,153.0,11222835.0
RWA,100k-250k,2007.0,1.0,181885.0
RWA,500k-1 million,2007.0,1.0,704425.0
RWA,50k-100k,2007.0,2.0,165946.0
SDN,100k-250k,2007.0,28.0,4199983.0
SDN,2.5-5 millions,2007.0,1.0,4917293.0
SDN,250k-500k,2007.0,10.0,3715453.0
SDN,500k-1 million,2007.0,1.0,582936.0
SDN,50k-100k,2007.0,36.0,2710477.0
SEN,100k-250k,2007.0,6.0,895660.0
SEN,2.5-5 millions,2007.0,1.0,2595390.0
SEN,250k-500k,2007.0,3.0,931616.0
SEN,500k-1 million,2007.0,1.0,736468.0
SEN,50k-100k,2007.0,8.0,490892.0
SLE,1-2.5 millions,2007.0,1.0,1023160.0
SLE,100k-250k,2007.0,4.0,646552.0
SLE,50k-100k,2007.0,1.0,53515.0
SOM,1-2.5 millions,2007.0,1.0,1548097.0
SOM,100k-250k,2007.0,12.0,1985328.0
SOM,250k-500k,2007.0,3.0,1063840.0
SOM,500k-1 million,2007.0,1.0,798882.0
SOM,50k-100k,2007.0,20.0,1473816.0
SSA,1-2.5 millions,2007.0,27.0,44174734.0
SSA,100k-250k,2007.0,391.0,56942882.0
SSA,2.5-5 millions,2007.0,13.0,43846191.0
SSA,250k-500k,2007.0,97.0,33823748.0
SSA,5-10 millions,2007.0,2.0,15357511.0
SSA,500k-1 million,2007.0,44.0,29790065.0
SSA,50k-100k,2007.0,590.0,42239831.0
SSD,100k-250k,2007.0,10.0,1435453.0
SSD,250k-500k,2007.0,1.0,329240.0
SSD,50k-100k,2007.0,3.0,209957.0
STP,50k-100k,2007.0,1.0,92995.0
SWZ,50k-100k,2007.0,1.0,85247.0
TCD,1-2.5 millions,2007.0,1.0,1053736.0
TCD,100k-250k,2007.0,13.0,1824379.0
TCD,50k-100k,2007.0,10.0,664920.0
TGO,1-2.5 millions,2007.0,1.0,1610934.0
TGO,100k-250k,2007.0,5.0,714902.0
TGO,50k-100k,2007.0,6.0,416535.0
TZA,100k-250k,2007.0,9.0,1403739.0
TZA,2.5-5 millions,2007.0,1.0,3155664.0
TZA,250k-500k,2007.0,4.0,1722732.0
TZA,50k-100k,2007.0,15.0,1081792.0
UGA,1-2.5 millions,2007.0,1.0,2395229.0
UGA,100k-250k,2007.0,4.0,518686.00000000006
UGA,50k-100k,2007.0,6.0,496507.0
ZAF,1-2.5 millions,2007.0,1.0,1052903.0
ZAF,100k-250k,2007.0,22.0,3182128.0
ZAF,2.5-5 millions,2007.0,3.0,9828868.0
ZAF,250k-500k,2007.0,4.0,1296199.0
ZAF,500k-1 million,2007.0,4.0,2769917.0
ZAF,50k-100k,2007.0,32.0,2295804.0
ZMB,1-2.5 millions,2007.0,1.0,1584776.0
ZMB,100k-250k,2007.0,6.0,857594.0
ZMB,250k-500k,2007.0,2.0,798885.0
ZMB,50k-100k,2007.0,10.0,723286.0
ZWE,1-2.5 millions,2007.0,1.0,1884838.0
ZWE,100k-250k,2007.0,2.0,247380.0
ZWE,500k-1 million,2007.0,1.0,597880.0
ZWE,50k-100k,2007.0,3.0,194712.0
AFE,1-2.5 millions,2008.0,9.0,14941622.0
AFE,100k-250k,2008.0,226.0,32976516.0
AFE,2.5-5 millions,2008.0,6.0,20393157.0
AFE,250k-500k,2008.0,56.0,20231230.0
AFE,5-10 millions,2008.0,1.0,6026640.0
AFE,500k-1 million,2008.0,21.0,13881711.0
AFE,50k-100k,2008.0,298.0,21596746.0
AFW,1-2.5 millions,2008.0,16.0,26344176.0
AFW,100k-250k,2008.0,181.0,26760410.0
AFW,2.5-5 millions,2008.0,6.0,19825335.0
AFW,250k-500k,2008.0,40.0,13244635.0
AFW,5-10 millions,2008.0,1.0,9682710.0
AFW,500k-1 million,2008.0,26.0,18337240.0
AFW,50k-100k,2008.0,271.0,19656878.0
AGO,100k-250k,2008.0,22.0,3136005.0
AGO,250k-500k,2008.0,7.0,2927426.0
AGO,500k-1 million,2008.0,3.0,1928033.0
AGO,50k-100k,2008.0,14.0,915588.0
BDI,100k-250k,2008.0,2.0,233204.0
BDI,500k-1 million,2008.0,1.0,627369.0
BDI,50k-100k,2008.0,3.0,226358.0
BEN,1-2.5 millions,2008.0,1.0,1387929.0
BEN,100k-250k,2008.0,3.0,493755.0
BEN,500k-1 million,2008.0,1.0,534643.0
BEN,50k-100k,2008.0,8.0,551790.0
BFA,1-2.5 millions,2008.0,1.0,1659921.0
BFA,100k-250k,2008.0,2.0,234999.0
BFA,500k-1 million,2008.0,1.0,561526.0
BFA,50k-100k,2008.0,8.0,615040.0
BWA,50k-100k,2008.0,1.0,79020.0
CAF,500k-1 million,2008.0,1.0,836399.0
CAF,50k-100k,2008.0,2.0,121013.0
CIV,100k-250k,2008.0,8.0,1248879.0
CIV,2.5-5 millions,2008.0,1.0,4286381.0
CIV,250k-500k,2008.0,1.0,258091.0
CIV,500k-1 million,2008.0,1.0,551111.0
CIV,50k-100k,2008.0,14.0,1046829.9999999999
CMR,1-2.5 millions,2008.0,2.0,4575022.0
CMR,100k-250k,2008.0,14.0,2150771.0
CMR,250k-500k,2008.0,3.0,994698.0
CMR,50k-100k,2008.0,18.0,1208713.0
COD,1-2.5 millions,2008.0,3.0,5059981.0
COD,100k-250k,2008.0,44.0,6599722.0
COD,250k-500k,2008.0,11.0,3800387.0
COD,5-10 millions,2008.0,1.0,6026640.0
COD,500k-1 million,2008.0,4.0,2582960.0
COD,50k-100k,2008.0,53.0,3833176.0
COG,1-2.5 millions,2008.0,1.0,1772770.0
COG,100k-250k,2008.0,2.0,277331.0
COG,500k-1 million,2008.0,1.0,813279.0
COM,100k-250k,2008.0,2.0,289019.0
CPV,100k-250k,2008.0,1.0,121747.0
CPV,50k-100k,2008.0,1.0,65583.0
ERI,100k-250k,2008.0,1.0,108332.0
ERI,250k-500k,2008.0,3.0,810988.0
ERI,50k-100k,2008.0,2.0,137174.0
ETH,100k-250k,2008.0,36.0,4795020.0
ETH,2.5-5 millions,2008.0,1.0,3441604.0
ETH,250k-500k,2008.0,7.0,2214843.0
ETH,50k-100k,2008.0,74.0,5223947.0
GAB,100k-250k,2008.0,1.0,127369.0
GAB,500k-1 million,2008.0,1.0,523967.99999999994
GAB,50k-100k,2008.0,3.0,203980.0
GHA,1-2.5 millions,2008.0,1.0,2193560.0
GHA,100k-250k,2008.0,10.0,1398887.0
GHA,2.5-5 millions,2008.0,1.0,3652549.0
GHA,250k-500k,2008.0,1.0,309060.0
GHA,50k-100k,2008.0,20.0,1398076.0
GIN,1-2.5 millions,2008.0,1.0,1751154.0
GIN,100k-250k,2008.0,5.0,716815.0
GIN,50k-100k,2008.0,8.0,568717.0
GMB,500k-1 million,2008.0,1.0,642880.0
GNB,250k-500k,2008.0,1.0,372840.0
GNQ,100k-250k,2008.0,1.0,224199.0
GNQ,250k-500k,2008.0,1.0,270136.0
GNQ,50k-100k,2008.0,1.0,67349.0
KEN,100k-250k,2008.0,4.0,485772.0
KEN,2.5-5 millions,2008.0,1.0,3521399.0
KEN,250k-500k,2008.0,3.0,865248.0
KEN,500k-1 million,2008.0,1.0,929476.0
KEN,50k-100k,2008.0,9.0,683447.0
LBR,1-2.5 millions,2008.0,1.0,1281062.0
LSO,100k-250k,2008.0,1.0,217449.0
MDG,1-2.5 millions,2008.0,1.0,1672760.0
MDG,100k-250k,2008.0,3.0,413505.0
MDG,50k-100k,2008.0,3.0,248068.0
MLI,1-2.5 millions,2008.0,1.0,2127594.0
MLI,100k-250k,2008.0,4.0,687954.0
MLI,50k-100k,2008.0,3.0,225343.0
MOZ,1-2.5 millions,2008.0,1.0,1913336.0
MOZ,100k-250k,2008.0,10.0,1589226.0
MOZ,250k-500k,2008.0,2.0,917362.0
MOZ,50k-100k,2008.0,15.0,1030553.0000000001
MRT,500k-1 million,2008.0,1.0,813675.0
MRT,50k-100k,2008.0,1.0,90167.0
MUS,500k-1 million,2008.0,1.0,559491.0
MWI,500k-1 million,2008.0,2.0,1149208.0
MWI,50k-100k,2008.0,2.0,165552.0
NER,100k-250k,2008.0,7.0,1077719.0
NER,250k-500k,2008.0,2.0,861366.0
NER,500k-1 million,2008.0,1.0,931367.0
NER,50k-100k,2008.0,12.0,907748.0
NGA,1-2.5 millions,2008.0,4.0,5780469.0
NGA,100k-250k,2008.0,95.0,13972006.0
NGA,2.5-5 millions,2008.0,3.0,9228941.0
NGA,250k-500k,2008.0,27.0,8958543.0
NGA,5-10 millions,2008.0,1.0,9682710.0
NGA,500k-1 million,2008.0,16.0,11372182.0
NGA,50k-100k,2008.0,148.0,11020517.0
RWA,100k-250k,2008.0,2.0,297337.0
RWA,500k-1 million,2008.0,1.0,738358.0
RWA,50k-100k,2008.0,1.0,71080.0
SDN,100k-250k,2008.0,29.0,4391086.0
SDN,250k-500k,2008.0,10.0,3826159.0
SDN,500k-1 million,2008.0,1.0,604857.0
SDN,50k-100k,2008.0,35.0,2644977.0
SEN,100k-250k,2008.0,6.0,914022.0
SEN,2.5-5 millions,2008.0,1.0,2657464.0
SEN,250k-500k,2008.0,3.0,960730.0
SEN,500k-1 million,2008.0,1.0,756210.0
SEN,50k-100k,2008.0,8.0,501676.0
SLE,1-2.5 millions,2008.0,1.0,1064578.0
SLE,100k-250k,2008.0,4.0,666757.0
SLE,50k-100k,2008.0,1.0,54684.0
SOM,1-2.5 millions,2008.0,1.0,1591783.0
SOM,100k-250k,2008.0,14.0,2237144.0
SOM,250k-500k,2008.0,3.0,1094934.0
SOM,500k-1 million,2008.0,1.0,822106.0
SOM,50k-100k,2008.0,18.0,1312972.0
SSA,1-2.5 millions,2008.0,25.0,41285798.0
SSA,100k-250k,2008.0,407.0,59736926.0
SSA,2.5-5 millions,2008.0,12.0,40218492.0
SSA,250k-500k,2008.0,96.0,33475865.0
SSA,5-10 millions,2008.0,2.0,15709350.0
SSA,500k-1 million,2008.0,47.0,32218951.0
SSA,50k-100k,2008.0,569.0,41253624.0
SSD,100k-250k,2008.0,10.0,1505731.0
SSD,250k-500k,2008.0,1.0,347950.0
SSD,50k-100k,2008.0,3.0,228010.0
STP,50k-100k,2008.0,1.0,95406.0
SWZ,50k-100k,2008.0,1.0,86106.0
TCD,1-2.5 millions,2008.0,1.0,1093679.0
TCD,100k-250k,2008.0,12.0,1611838.0
TCD,250k-500k,2008.0,1.0,259171.0
TCD,50k-100k,2008.0,10.0,676809.0
TGO,1-2.5 millions,2008.0,1.0,1656438.0
TGO,100k-250k,2008.0,6.0,835362.0
TGO,50k-100k,2008.0,5.0,332843.0
TZA,100k-250k,2008.0,9.0,1442478.0
TZA,2.5-5 millions,2008.0,1.0,3362615.0
TZA,250k-500k,2008.0,3.0,1280294.0
TZA,500k-1 million,2008.0,1.0,514616.99999999994
TZA,50k-100k,2008.0,15.0,1124441.0
UGA,100k-250k,2008.0,4.0,537114.0
UGA,50k-100k,2008.0,6.0,511884.0
ZAF,1-2.5 millions,2008.0,1.0,1118501.0
ZAF,100k-250k,2008.0,25.0,3559761.0
ZAF,2.5-5 millions,2008.0,3.0,10067539.0
ZAF,250k-500k,2008.0,4.0,1317737.0
ZAF,500k-1 million,2008.0,4.0,2829189.0
ZAF,50k-100k,2008.0,29.0,2035675.0
ZMB,1-2.5 millions,2008.0,1.0,1675829.0
ZMB,100k-250k,2008.0,6.0,882331.0
ZMB,250k-500k,2008.0,2.0,827902.0
ZMB,50k-100k,2008.0,10.0,744779.0
ZWE,1-2.5 millions,2008.0,1.0,1909432.0
ZWE,100k-250k,2008.0,2.0,256279.99999999997
ZWE,500k-1 million,2008.0,1.0,596047.0
ZWE,50k-100k,2008.0,3.0,198533.0
AFE,1-2.5 millions,2009.0,8.0,12983362.0
AFE,100k-250k,2009.0,229.0,33475306.0
AFE,2.5-5 millions,2009.0,9.0,29391053.0
AFE,250k-500k,2009.0,59.0,20821811.0
AFE,5-10 millions,2009.0,2.0,11299367.0
AFE,500k-1 million,2009.0,23.0,15254636.0
AFE,50k-100k,2009.0,289.0,21240976.0
AFW,1-2.5 millions,2009.0,15.0,24893411.0
AFW,100k-250k,2009.0,195.0,28750900.0
AFW,2.5-5 millions,2009.0,6.0,20415851.0
AFW,250k-500k,2009.0,42.0,14250608.0
AFW,5-10 millions,2009.0,1.0,9907907.0
AFW,500k-1 million,2009.0,28.0,20025796.0
AFW,50k-100k,2009.0,256.0,18626380.0
AGO,100k-250k,2009.0,22.0,3217898.0
AGO,2.5-5 millions,2009.0,1.0,3084611.0
AGO,250k-500k,2009.0,7.0,3004419.0
AGO,500k-1 million,2009.0,3.0,1921263.0
AGO,50k-100k,2009.0,14.0,919604.0
BDI,100k-250k,2009.0,2.0,246197.0
BDI,500k-1 million,2009.0,1.0,667287.0
BDI,50k-100k,2009.0,3.0,235085.0
BEN,1-2.5 millions,2009.0,1.0,1448061.0
BEN,100k-250k,2009.0,3.0,514018.0
BEN,500k-1 million,2009.0,1.0,550872.0
BEN,50k-100k,2009.0,8.0,570363.0
BFA,1-2.5 millions,2009.0,1.0,1751061.0
BFA,100k-250k,2009.0,4.0,442569.0
BFA,500k-1 million,2009.0,1.0,586423.0
BFA,50k-100k,2009.0,6.0,429262.0
BWA,50k-100k,2009.0,1.0,81037.0
CAF,500k-1 million,2009.0,1.0,847056.0
CAF,50k-100k,2009.0,2.0,121911.0
CIV,100k-250k,2009.0,9.0,1385361.0
CIV,2.5-5 millions,2009.0,1.0,4393977.0
CIV,250k-500k,2009.0,1.0,262879.0
CIV,500k-1 million,2009.0,1.0,557983.0
CIV,50k-100k,2009.0,13.0,962983.0
CMR,1-2.5 millions,2009.0,1.0,2250494.0
CMR,100k-250k,2009.0,14.0,2196401.0
CMR,250k-500k,2009.0,3.0,1017244.0
CMR,500k-1 million,2009.0,1.0,518658.0
CMR,50k-100k,2009.0,18.0,1225167.0
COD,1-2.5 millions,2009.0,2.0,2707584.0
COD,100k-250k,2009.0,47.0,6935276.0
COD,2.5-5 millions,2009.0,1.0,2536087.0
COD,250k-500k,2009.0,11.0,3663677.0
COD,5-10 millions,2009.0,1.0,6153283.0
COD,500k-1 million,2009.0,5.0,3178483.0
COD,50k-100k,2009.0,49.0,3562993.0
COG,1-2.5 millions,2009.0,1.0,1866918.0
COG,100k-250k,2009.0,2.0,290055.0
COG,500k-1 million,2009.0,1.0,856931.0
COM,100k-250k,2009.0,2.0,295216.0
CPV,100k-250k,2009.0,1.0,122889.0
CPV,50k-100k,2009.0,1.0,66399.0
ERI,100k-250k,2009.0,1.0,110977.0
ERI,250k-500k,2009.0,3.0,823019.0
ERI,50k-100k,2009.0,2.0,140411.0
ETH,100k-250k,2009.0,37.0,5056586.0
ETH,2.5-5 millions,2009.0,1.0,3566160.0
ETH,250k-500k,2009.0,7.0,2273325.0
ETH,50k-100k,2009.0,73.0,5265857.0
GAB,100k-250k,2009.0,1.0,136469.0
GAB,500k-1 million,2009.0,1.0,537605.0
GAB,50k-100k,2009.0,3.0,209360.0
GHA,1-2.5 millions,2009.0,1.0,2295685.0
GHA,100k-250k,2009.0,11.0,1544255.0
GHA,2.5-5 millions,2009.0,1.0,3795339.0
GHA,250k-500k,2009.0,1.0,317221.0
GHA,500k-1 million,2009.0,1.0,535631.0
GHA,50k-100k,2009.0,19.0,1330193.0
GIN,1-2.5 millions,2009.0,1.0,1825894.0
GIN,100k-250k,2009.0,5.0,745143.0
GIN,50k-100k,2009.0,8.0,576548.0
GMB,100k-250k,2009.0,1.0,106488.0
GMB,500k-1 million,2009.0,1.0,679063.0
GNB,250k-500k,2009.0,1.0,386063.0
GNQ,100k-250k,2009.0,1.0,237279.0
GNQ,250k-500k,2009.0,1.0,286082.0
GNQ,50k-100k,2009.0,1.0,70973.0
KEN,100k-250k,2009.0,4.0,505660.0
KEN,2.5-5 millions,2009.0,1.0,3650300.0
KEN,250k-500k,2009.0,3.0,892334.0
KEN,500k-1 million,2009.0,1.0,965150.0
KEN,50k-100k,2009.0,9.0,703344.0
LBR,1-2.5 millions,2009.0,1.0,1260656.0
LSO,100k-250k,2009.0,1.0,218815.0
MDG,1-2.5 millions,2009.0,1.0,1778777.0
MDG,100k-250k,2009.0,3.0,430895.0
MDG,50k-100k,2009.0,3.0,261315.99999999997
MLI,1-2.5 millions,2009.0,1.0,2245591.0
MLI,100k-250k,2009.0,4.0,722047.0
MLI,50k-100k,2009.0,3.0,235051.0
MOZ,1-2.5 millions,2009.0,1.0,1976524.0
MOZ,100k-250k,2009.0,10.0,1486612.0
MOZ,250k-500k,2009.0,2.0,693133.0
MOZ,50k-100k,2009.0,14.0,945026.0
MRT,500k-1 million,2009.0,1.0,853985.0
MRT,50k-100k,2009.0,1.0,96195.0
MUS,500k-1 million,2009.0,1.0,559807.0
MWI,500k-1 million,2009.0,2.0,1196279.0
MWI,50k-100k,2009.0,1.0,72023.0
NAM,250k-500k,2009.0,1.0,260276.0
NER,100k-250k,2009.0,8.0,1209706.0
NER,250k-500k,2009.0,2.0,902300.0
NER,500k-1 million,2009.0,1.0,970152.0
NER,50k-100k,2009.0,11.0,836533.0
NGA,1-2.5 millions,2009.0,4.0,6007491.0
NGA,100k-250k,2009.0,103.0,14973479.0
NGA,2.5-5 millions,2009.0,3.0,9506996.0
NGA,250k-500k,2009.0,29.0,9819557.0
NGA,5-10 millions,2009.0,1.0,9907907.0
NGA,500k-1 million,2009.0,16.0,11755486.0
NGA,50k-100k,2009.0,138.0,10290634.0
RWA,100k-250k,2009.0,2.0,314278.0
RWA,500k-1 million,2009.0,1.0,772292.0
RWA,50k-100k,2009.0,1.0,74726.0
SDN,100k-250k,2009.0,28.0,4229484.0
SDN,250k-500k,2009.0,11.0,4191192.0
SDN,5-10 millions,2009.0,1.0,5146084.0
SDN,500k-1 million,2009.0,1.0,626779.0
SDN,50k-100k,2009.0,35.0,2677854.0
SEN,100k-250k,2009.0,6.0,932384.0
SEN,2.5-5 millions,2009.0,1.0,2719539.0
SEN,250k-500k,2009.0,3.0,989844.0
SEN,500k-1 million,2009.0,1.0,775951.0
SEN,50k-100k,2009.0,8.0,512458.99999999994
SLE,1-2.5 millions,2009.0,1.0,1105996.0
SLE,100k-250k,2009.0,4.0,686961.0
SLE,50k-100k,2009.0,1.0,55853.0
SOM,1-2.5 millions,2009.0,1.0,1635470.0
SOM,100k-250k,2009.0,12.0,1787542.0
SOM,250k-500k,2009.0,5.0,1629782.0
SOM,500k-1 million,2009.0,1.0,845331.0
SOM,50k-100k,2009.0,18.0,1349793.0
SSA,1-2.5 millions,2009.0,23.0,37876773.0
SSA,100k-250k,2009.0,424.0,62226206.0
SSA,2.5-5 millions,2009.0,15.0,49806904.0
SSA,250k-500k,2009.0,101.0,35072419.0
SSA,5-10 millions,2009.0,3.0,21207274.0
SSA,500k-1 million,2009.0,51.0,35280432.0
SSA,50k-100k,2009.0,545.0,39867356.0
SSD,100k-250k,2009.0,11.0,1688322.0
SSD,250k-500k,2009.0,1.0,366661.0
SSD,50k-100k,2009.0,2.0,133749.0
STP,50k-100k,2009.0,1.0,97818.0
SWZ,50k-100k,2009.0,1.0,86964.0
TCD,1-2.5 millions,2009.0,1.0,1133623.0
TCD,100k-250k,2009.0,12.0,1648221.0
TCD,250k-500k,2009.0,1.0,269418.0
TCD,50k-100k,2009.0,10.0,688698.0
TGO,1-2.5 millions,2009.0,1.0,1701941.0
TGO,100k-250k,2009.0,6.0,857175.0
TGO,50k-100k,2009.0,5.0,347798.0
TZA,100k-250k,2009.0,10.0,1581928.0
TZA,2.5-5 millions,2009.0,1.0,3569567.0
TZA,250k-500k,2009.0,2.0,827799.0
TZA,500k-1 million,2009.0,2.0,1039290.9999999999
TZA,50k-100k,2009.0,14.0,1066380.0
UGA,100k-250k,2009.0,4.0,555543.0
UGA,2.5-5 millions,2009.0,1.0,2678118.0
UGA,50k-100k,2009.0,6.0,527261.0
ZAF,1-2.5 millions,2009.0,1.0,1184099.0
ZAF,100k-250k,2009.0,25.0,3641829.0
ZAF,2.5-5 millions,2009.0,3.0,10306210.0
ZAF,250k-500k,2009.0,4.0,1339275.0
ZAF,500k-1 million,2009.0,4.0,2888460.0
ZAF,50k-100k,2009.0,29.0,2071110.0000000002
ZMB,1-2.5 millions,2009.0,1.0,1766883.0
ZMB,100k-250k,2009.0,6.0,907068.0
ZMB,250k-500k,2009.0,2.0,856919.0
ZMB,50k-100k,2009.0,10.0,766272.0
ZWE,1-2.5 millions,2009.0,1.0,1934025.0
ZWE,100k-250k,2009.0,2.0,265180.0
ZWE,500k-1 million,2009.0,1.0,594214.0
ZWE,50k-100k,2009.0,3.0,202353.0
AFE,1-2.5 millions,2010.0,8.0,13490246.0
AFE,100k-250k,2010.0,237.0,35106650.0
AFE,2.5-5 millions,2010.0,9.0,30762138.0
AFE,250k-500k,2010.0,58.0,20620925.0
AFE,5-10 millions,2010.0,2.0,11540404.0
AFE,500k-1 million,2010.0,25.0,16200969.0
AFE,50k-100k,2010.0,385.0,26871376.0
AFW,1-2.5 millions,2010.0,16.0,26867711.0
AFW,100k-250k,2010.0,200.0,29718165.0
AFW,2.5-5 millions,2010.0,7.0,23671213.0
AFW,250k-500k,2010.0,43.0,14516374.0
AFW,500k-1 million,2010.0,28.0,19698183.0
AFW,50k-100k,2010.0,344.0,23752385.0
AFW,>10 millions,2010.0,1.0,10133104.0
AGO,100k-250k,2010.0,22.0,3299791.0
AGO,2.5-5 millions,2010.0,1.0,3544235.0
AGO,250k-500k,2010.0,7.0,3081412.0
AGO,500k-1 million,2010.0,3.0,1914493.0
AGO,50k-100k,2010.0,16.0,1040494.9999999999
BDI,100k-250k,2010.0,2.0,259189.00000000003
BDI,500k-1 million,2010.0,1.0,707204.0
BDI,50k-100k,2010.0,6.0,413833.0
BEN,1-2.5 millions,2010.0,1.0,1508194.0
BEN,100k-250k,2010.0,3.0,534280.0
BEN,500k-1 million,2010.0,1.0,567101.0
BEN,50k-100k,2010.0,10.0,690514.0
BFA,1-2.5 millions,2010.0,1.0,1842201.0
BFA,100k-250k,2010.0,4.0,453372.0
BFA,500k-1 million,2010.0,1.0,611319.0
BFA,50k-100k,2010.0,8.0,547148.0
BWA,50k-100k,2010.0,3.0,232879.0
CAF,500k-1 million,2010.0,1.0,857713.0
CAF,50k-100k,2010.0,2.0,122809.0
CIV,100k-250k,2010.0,9.0,1422368.0
CIV,2.5-5 millions,2010.0,1.0,4501574.0
CIV,250k-500k,2010.0,1.0,267666.0
CIV,500k-1 million,2010.0,1.0,564854.0
CIV,50k-100k,2010.0,17.0,1208900.0
CMR,1-2.5 millions,2010.0,1.0,2350315.0
CMR,100k-250k,2010.0,14.0,2242031.0
CMR,2.5-5 millions,2010.0,1.0,2664845.0
CMR,250k-500k,2010.0,3.0,1039790.0
CMR,500k-1 million,2010.0,1.0,533234.0
CMR,50k-100k,2010.0,20.0,1352609.0
COD,1-2.5 millions,2010.0,2.0,2820335.0
COD,100k-250k,2010.0,47.0,7140227.0
COD,2.5-5 millions,2010.0,1.0,2607026.0
COD,250k-500k,2010.0,11.0,3778293.0
COD,5-10 millions,2010.0,1.0,6279925.0
COD,500k-1 million,2010.0,5.0,3275332.0
COD,50k-100k,2010.0,68.0,4728018.0
COG,1-2.5 millions,2010.0,1.0,1961066.0
COG,100k-250k,2010.0,2.0,302778.0
COG,500k-1 million,2010.0,1.0,900584.0
COM,100k-250k,2010.0,2.0,301413.0
CPV,100k-250k,2010.0,1.0,124031.0
CPV,50k-100k,2010.0,1.0,67215.0
ERI,100k-250k,2010.0,1.0,113622.0
ERI,250k-500k,2010.0,3.0,835049.0
ERI,50k-100k,2010.0,3.0,197459.0
ETH,100k-250k,2010.0,38.0,5321967.0
ETH,2.5-5 millions,2010.0,1.0,3690715.0
ETH,250k-500k,2010.0,7.0,2331808.0
ETH,50k-100k,2010.0,104.0,7025666.0
GAB,100k-250k,2010.0,1.0,145569.0
GAB,500k-1 million,2010.0,1.0,551243.0
GAB,50k-100k,2010.0,4.0,275958.0
GHA,1-2.5 millions,2010.0,1.0,2397810.0
GHA,100k-250k,2010.0,11.0,1592641.0
GHA,2.5-5 millions,2010.0,1.0,3938130.0
GHA,250k-500k,2010.0,1.0,325381.0
GHA,500k-1 million,2010.0,1.0,562867.0
GHA,50k-100k,2010.0,33.0,2153597.0
GIN,1-2.5 millions,2010.0,1.0,1900635.0
GIN,100k-250k,2010.0,5.0,773471.0
GIN,50k-100k,2010.0,10.0,697830.0
GMB,100k-250k,2010.0,1.0,110968.0
GMB,500k-1 million,2010.0,1.0,715245.0
GMB,50k-100k,2010.0,1.0,53193.0
GNB,250k-500k,2010.0,1.0,399287.0
GNB,50k-100k,2010.0,2.0,109544.0
GNQ,250k-500k,2010.0,2.0,552388.0
GNQ,50k-100k,2010.0,1.0,74597.0
KEN,100k-250k,2010.0,5.0,627585.0
KEN,2.5-5 millions,2010.0,1.0,3779200.0
KEN,250k-500k,2010.0,3.0,919420.0
KEN,50k-100k,2010.0,17.0,1156008.0
LBR,1-2.5 millions,2010.0,1.0,1240249.0
LBR,50k-100k,2010.0,4.0,259461.0
LSO,100k-250k,2010.0,1.0,220182.0
MDG,1-2.5 millions,2010.0,1.0,1884793.0
MDG,100k-250k,2010.0,3.0,448284.0
MDG,50k-100k,2010.0,4.0,331938.0
MLI,1-2.5 millions,2010.0,1.0,2363588.0
MLI,100k-250k,2010.0,4.0,756140.0
MLI,50k-100k,2010.0,6.0,413386.0
MOZ,1-2.5 millions,2010.0,1.0,2039711.0
MOZ,100k-250k,2010.0,9.0,1431952.0
MOZ,250k-500k,2010.0,2.0,706663.0
MOZ,500k-1 million,2010.0,1.0,524814.0
MOZ,50k-100k,2010.0,17.0,1175851.0
MRT,500k-1 million,2010.0,1.0,894294.0
MUS,500k-1 million,2010.0,1.0,560123.0
MWI,100k-250k,2010.0,1.0,107184.0
MWI,500k-1 million,2010.0,2.0,1243350.0
MWI,50k-100k,2010.0,1.0,75125.0
NAM,250k-500k,2010.0,1.0,268712.0
NER,100k-250k,2010.0,7.0,992503.0
NER,250k-500k,2010.0,3.0,1194651.0
NER,50k-100k,2010.0,16.0,1132939.0
NGA,1-2.5 millions,2010.0,5.0,7235227.0
NGA,100k-250k,2010.0,109.0,15944821.0
NGA,2.5-5 millions,2010.0,3.0,9785051.0
NGA,250k-500k,2010.0,28.0,9438589.0
NGA,500k-1 million,2010.0,17.0,12144036.0
NGA,50k-100k,2010.0,178.0,12585264.0
NGA,>10 millions,2010.0,1.0,10133104.0
RWA,100k-250k,2010.0,2.0,331220.0
RWA,500k-1 million,2010.0,1.0,806225.0
RWA,50k-100k,2010.0,1.0,78371.0
SDN,100k-250k,2010.0,29.0,4412919.0
SDN,250k-500k,2010.0,10.0,3797474.0
SDN,5-10 millions,2010.0,1.0,5260479.0
SDN,500k-1 million,2010.0,2.0,1162636.0
SDN,50k-100k,2010.0,44.0,3192541.0
SEN,100k-250k,2010.0,6.0,950746.0
SEN,2.5-5 millions,2010.0,1.0,2781613.0
SEN,250k-500k,2010.0,3.0,1018958.0
SEN,500k-1 million,2010.0,1.0,795693.0
SEN,50k-100k,2010.0,8.0,523243.00000000006
SLE,1-2.5 millions,2010.0,1.0,1147415.0
SLE,100k-250k,2010.0,4.0,707165.0
SLE,50k-100k,2010.0,4.0,220338.0
SOM,1-2.5 millions,2010.0,1.0,1679156.0
SOM,100k-250k,2010.0,12.0,1673920.0
SOM,250k-500k,2010.0,6.0,1928829.0
SOM,500k-1 million,2010.0,1.0,868555.0
SOM,50k-100k,2010.0,22.0,1593290.0
SSA,1-2.5 millions,2010.0,24.0,40357957.0
SSA,100k-250k,2010.0,437.0,64824815.0
SSA,2.5-5 millions,2010.0,16.0,54433351.0
SSA,250k-500k,2010.0,101.0,35137299.0
SSA,5-10 millions,2010.0,2.0,11540404.0
SSA,500k-1 million,2010.0,53.0,35899152.0
SSA,50k-100k,2010.0,729.0,50623761.0
SSA,>10 millions,2010.0,1.0,10133104.0
SSD,100k-250k,2010.0,11.0,1773277.0
SSD,250k-500k,2010.0,1.0,385372.0
SSD,50k-100k,2010.0,5.0,353878.0
SWZ,50k-100k,2010.0,1.0,87822.0
TCD,1-2.5 millions,2010.0,1.0,1173566.0
TCD,100k-250k,2010.0,13.0,1786293.0
TCD,250k-500k,2010.0,1.0,279664.0
TCD,50k-100k,2010.0,14.0,901087.0
TGO,1-2.5 millions,2010.0,1.0,1747445.0
TGO,100k-250k,2010.0,6.0,878988.0
TGO,50k-100k,2010.0,5.0,362753.0
TZA,100k-250k,2010.0,11.0,1732695.0
TZA,2.5-5 millions,2010.0,1.0,3776518.0
TZA,250k-500k,2010.0,1.0,341145.0
TZA,500k-1 million,2010.0,3.0,1598124.0
TZA,50k-100k,2010.0,14.0,1048078.0
UGA,100k-250k,2010.0,5.0,676942.0
UGA,2.5-5 millions,2010.0,1.0,2819562.0
UGA,50k-100k,2010.0,7.0,557420.0
ZAF,1-2.5 millions,2010.0,1.0,1249697.0
ZAF,100k-250k,2010.0,27.0,3926725.0
ZAF,2.5-5 millions,2010.0,3.0,10544882.0
ZAF,250k-500k,2010.0,4.0,1360813.0
ZAF,500k-1 million,2010.0,4.0,2947732.0
ZAF,50k-100k,2010.0,32.0,2188486.0
ZMB,1-2.5 millions,2010.0,1.0,1857936.0
ZMB,100k-250k,2010.0,7.0,1033476.0000000001
ZMB,250k-500k,2010.0,2.0,885935.0
ZMB,50k-100k,2010.0,13.0,919584.0
ZWE,1-2.5 millions,2010.0,1.0,1958618.0
ZWE,100k-250k,2010.0,2.0,274080.0
ZWE,500k-1 million,2010.0,1.0,592381.0
ZWE,50k-100k,2010.0,7.0,474634.0
AFE,1-2.5 millions,2011.0,9.0,15168298.0
AFE,100k-250k,2011.0,248.0,37053697.0
AFE,2.5-5 millions,2011.0,9.0,32566857.0
AFE,250k-500k,2011.0,59.0,21383856.0
AFE,5-10 millions,2011.0,2.0,12003888.0
AFE,500k-1 million,2011.0,25.0,16656714.0
AFE,50k-100k,2011.0,362.0,25849139.0
AFW,1-2.5 millions,2011.0,16.0,26607944.0
AFW,100k-250k,2011.0,209.0,30957756.0
AFW,2.5-5 millions,2011.0,8.0,27015624.0
AFW,250k-500k,2011.0,44.0,14766234.0
AFW,500k-1 million,2011.0,30.0,21444454.0
AFW,50k-100k,2011.0,330.0,23068752.0
AFW,>10 millions,2011.0,1.0,10324870.0
AGO,100k-250k,2011.0,20.0,2983068.0
AGO,2.5-5 millions,2011.0,1.0,4257254.0
AGO,250k-500k,2011.0,8.0,3395758.0
AGO,500k-1 million,2011.0,3.0,1906397.0
AGO,50k-100k,2011.0,11.0,816910.0
BDI,100k-250k,2011.0,2.0,266972.0
BDI,500k-1 million,2011.0,1.0,749986.0
BDI,50k-100k,2011.0,6.0,423734.0
BEN,1-2.5 millions,2011.0,1.0,1576394.0
BEN,100k-250k,2011.0,3.0,553923.0
BEN,500k-1 million,2011.0,1.0,587364.0
BEN,50k-100k,2011.0,10.0,712799.0
BFA,1-2.5 millions,2011.0,1.0,1940174.0
BFA,100k-250k,2011.0,4.0,461766.0
BFA,500k-1 million,2011.0,1.0,649305.0
BFA,50k-100k,2011.0,8.0,568212.0
BWA,50k-100k,2011.0,2.0,158591.0
CAF,500k-1 million,2011.0,1.0,873231.0
CAF,50k-100k,2011.0,2.0,123076.0
CIV,100k-250k,2011.0,8.0,1211368.0
CIV,2.5-5 millions,2011.0,1.0,4622352.0
CIV,250k-500k,2011.0,2.0,523582.99999999994
CIV,500k-1 million,2011.0,1.0,571651.0
CIV,50k-100k,2011.0,17.0,1237887.0
CMR,1-2.5 millions,2011.0,1.0,2472058.0
CMR,100k-250k,2011.0,13.0,2022068.0
CMR,2.5-5 millions,2011.0,1.0,2824374.0
CMR,250k-500k,2011.0,4.0,1311584.0
CMR,500k-1 million,2011.0,1.0,545073.0
CMR,50k-100k,2011.0,19.0,1322657.0
COD,1-2.5 millions,2011.0,2.0,2936084.0
COD,100k-250k,2011.0,48.0,7477540.0
COD,2.5-5 millions,2011.0,1.0,2678679.0
COD,250k-500k,2011.0,11.0,3909640.0
COD,5-10 millions,2011.0,1.0,6616054.0
COD,500k-1 million,2011.0,5.0,3390973.0
COD,50k-100k,2011.0,67.0,4798197.0
COG,1-2.5 millions,2011.0,1.0,2091119.0000000002
COG,100k-250k,2011.0,2.0,296160.0
COG,500k-1 million,2011.0,1.0,942161.0
COM,100k-250k,2011.0,2.0,308220.0
CPV,100k-250k,2011.0,1.0,124638.0
CPV,50k-100k,2011.0,1.0,67920.0
ERI,100k-250k,2011.0,1.0,116382.0
ERI,250k-500k,2011.0,3.0,840687.0
ERI,50k-100k,2011.0,3.0,199820.0
ETH,100k-250k,2011.0,41.0,5797421.0
ETH,2.5-5 millions,2011.0,1.0,3867997.0
ETH,250k-500k,2011.0,7.0,2391777.0
ETH,50k-100k,2011.0,101.0,6929868.0
GAB,100k-250k,2011.0,1.0,157078.0
GAB,500k-1 million,2011.0,1.0,567746.0
GAB,50k-100k,2011.0,4.0,288001.0
GHA,100k-250k,2011.0,12.0,1738407.0
GHA,2.5-5 millions,2011.0,2.0,6599111.0
GHA,250k-500k,2011.0,1.0,350636.0
GHA,500k-1 million,2011.0,1.0,605144.0
GHA,50k-100k,2011.0,32.0,2114805.0
GIN,1-2.5 millions,2011.0,1.0,1979413.0
GIN,100k-250k,2011.0,5.0,806759.0
GIN,50k-100k,2011.0,10.0,709958.0
GMB,100k-250k,2011.0,1.0,116592.0
GMB,500k-1 million,2011.0,1.0,748390.0
GMB,50k-100k,2011.0,1.0,54755.0
GNB,250k-500k,2011.0,1.0,418648.0
GNB,50k-100k,2011.0,2.0,113316.0
GNQ,250k-500k,2011.0,2.0,583553.0
GNQ,50k-100k,2011.0,1.0,77088.0
KEN,1-2.5 millions,2011.0,1.0,1036993.9999999999
KEN,100k-250k,2011.0,7.0,855976.0
KEN,2.5-5 millions,2011.0,1.0,3958207.0
KEN,250k-500k,2011.0,3.0,961067.0
KEN,50k-100k,2011.0,15.0,1007954.0
LBR,1-2.5 millions,2011.0,1.0,1289437.0
LBR,50k-100k,2011.0,4.0,265285.0
LSO,100k-250k,2011.0,1.0,222787.0
MDG,1-2.5 millions,2011.0,1.0,2035745.0
MDG,100k-250k,2011.0,5.0,668168.0
MDG,50k-100k,2011.0,2.0,146589.0
MLI,1-2.5 millions,2011.0,1.0,2474208.0
MLI,100k-250k,2011.0,4.0,790862.0
MLI,50k-100k,2011.0,6.0,429828.0
MOZ,1-2.5 millions,2011.0,1.0,2147481.0
MOZ,100k-250k,2011.0,9.0,1489793.0
MOZ,250k-500k,2011.0,2.0,728439.0
MOZ,500k-1 million,2011.0,1.0,552320.0
MOZ,50k-100k,2011.0,17.0,1190249.0
MRT,100k-250k,2011.0,1.0,106654.0
MRT,500k-1 million,2011.0,1.0,937589.0
MUS,500k-1 million,2011.0,1.0,559877.0
MWI,100k-250k,2011.0,1.0,114490.0
MWI,500k-1 million,2011.0,2.0,1292113.0
MWI,50k-100k,2011.0,1.0,81828.0
NAM,250k-500k,2011.0,1.0,279657.0
NER,1-2.5 millions,2011.0,1.0,1039476.0000000001
NER,100k-250k,2011.0,9.0,1225169.0
NER,250k-500k,2011.0,2.0,723299.0
NER,500k-1 million,2011.0,1.0,515585.00000000006
NER,50k-100k,2011.0,13.0,903113.0
NGA,1-2.5 millions,2011.0,5.0,7545494.0
NGA,100k-250k,2011.0,116.0,17070330.0
NGA,2.5-5 millions,2011.0,3.0,10102761.0
NGA,250k-500k,2011.0,28.0,9515310.0
NGA,500k-1 million,2011.0,18.0,13079453.0
NGA,50k-100k,2011.0,170.0,12116759.0
NGA,>10 millions,2011.0,1.0,10324870.0
RWA,100k-250k,2011.0,2.0,343695.0
RWA,500k-1 million,2011.0,1.0,840923.0
RWA,50k-100k,2011.0,1.0,77297.0
SDN,100k-250k,2011.0,31.0,4682153.0
SDN,250k-500k,2011.0,10.0,3888052.0
SDN,5-10 millions,2011.0,1.0,5387834.0
SDN,500k-1 million,2011.0,2.0,1200911.0
SDN,50k-100k,2011.0,38.0,2805899.0
SEN,100k-250k,2011.0,7.0,1080840.0
SEN,2.5-5 millions,2011.0,1.0,2867026.0
SEN,250k-500k,2011.0,3.0,1049375.0
SEN,500k-1 million,2011.0,1.0,821762.0
SEN,50k-100k,2011.0,7.0,435050.0
SLE,1-2.5 millions,2011.0,1.0,1191245.0
SLE,100k-250k,2011.0,3.0,473932.0
SLE,50k-100k,2011.0,4.0,226349.0
SOM,1-2.5 millions,2011.0,1.0,1793207.0
SOM,100k-250k,2011.0,12.0,1694211.0
SOM,250k-500k,2011.0,6.0,1951144.0
SOM,500k-1 million,2011.0,1.0,888995.0
SOM,50k-100k,2011.0,22.0,1618395.0
SSA,1-2.5 millions,2011.0,25.0,41776242.0
SSA,100k-250k,2011.0,457.0,68011453.0
SSA,2.5-5 millions,2011.0,17.0,59582481.0
SSA,250k-500k,2011.0,103.0,36150090.0
SSA,5-10 millions,2011.0,2.0,12003888.0
SSA,500k-1 million,2011.0,55.0,38101168.0
SSA,50k-100k,2011.0,692.0,48917891.0
SSA,>10 millions,2011.0,1.0,10324870.0
SSD,100k-250k,2011.0,11.0,1828976.0
SSD,250k-500k,2011.0,1.0,391881.0
SSD,50k-100k,2011.0,5.0,372926.0
STP,100k-250k,2011.0,1.0,103085.0
SWZ,50k-100k,2011.0,1.0,88578.0
TCD,1-2.5 millions,2011.0,1.0,1217206.0
TCD,100k-250k,2011.0,13.0,1820724.0
TCD,250k-500k,2011.0,1.0,290246.0
TCD,50k-100k,2011.0,14.0,929587.0
TGO,1-2.5 millions,2011.0,1.0,1791720.0
TGO,100k-250k,2011.0,6.0,900486.0
TGO,50k-100k,2011.0,5.0,372307.0
TZA,100k-250k,2011.0,12.0,1898237.0
TZA,2.5-5 millions,2011.0,1.0,4063202.0
TZA,250k-500k,2011.0,1.0,354829.0
TZA,500k-1 million,2011.0,3.0,1669751.0
TZA,50k-100k,2011.0,13.0,991408.0
UGA,100k-250k,2011.0,6.0,808068.0
UGA,2.5-5 millions,2011.0,1.0,2951523.0
UGA,50k-100k,2011.0,6.0,490450.0
ZAF,1-2.5 millions,2011.0,1.0,1286132.0
ZAF,100k-250k,2011.0,27.0,4058304.0
ZAF,2.5-5 millions,2011.0,3.0,10789995.0
ZAF,250k-500k,2011.0,4.0,1383260.0
ZAF,500k-1 million,2011.0,4.0,3018784.0
ZAF,50k-100k,2011.0,31.0,2194118.0
ZMB,1-2.5 millions,2011.0,1.0,1960373.0
ZMB,100k-250k,2011.0,7.0,1058051.0
ZMB,250k-500k,2011.0,2.0,907665.0
ZMB,50k-100k,2011.0,13.0,971144.0
ZWE,1-2.5 millions,2011.0,1.0,1972282.0
ZWE,100k-250k,2011.0,2.0,278100.0
ZWE,500k-1 million,2011.0,1.0,585684.0
ZWE,50k-100k,2011.0,7.0,485184.0
AFE,1-2.5 millions,2012.0,9.0,15845526.0
AFE,100k-250k,2012.0,258.0,38230499.0
AFE,2.5-5 millions,2012.0,9.0,34371580.0
AFE,250k-500k,2012.0,60.0,20917206.0
AFE,5-10 millions,2012.0,2.0,12467370.0
AFE,500k-1 million,2012.0,29.0,19130840.0
AFE,50k-100k,2012.0,347.0,25029027.0
AFW,1-2.5 millions,2012.0,15.0,23584197.0
AFW,100k-250k,2012.0,214.0,31958427.0
AFW,2.5-5 millions,2012.0,10.0,33140856.0
AFW,250k-500k,2012.0,47.0,15792042.0
AFW,500k-1 million,2012.0,30.0,21685577.0
AFW,50k-100k,2012.0,322.0,22838817.0
AFW,>10 millions,2012.0,1.0,10516636.0
AGO,100k-250k,2012.0,20.0,3008429.0
AGO,2.5-5 millions,2012.0,1.0,4970274.0
AGO,250k-500k,2012.0,6.0,2462828.0
AGO,500k-1 million,2012.0,5.0,2906189.0
AGO,50k-100k,2012.0,11.0,826331.0
BDI,100k-250k,2012.0,2.0,274754.0
BDI,500k-1 million,2012.0,1.0,792769.0
BDI,50k-100k,2012.0,6.0,433635.0
BEN,1-2.5 millions,2012.0,1.0,1644593.0
BEN,100k-250k,2012.0,3.0,573565.0
BEN,500k-1 million,2012.0,1.0,607627.0
BEN,50k-100k,2012.0,10.0,735085.0
BFA,1-2.5 millions,2012.0,1.0,2038146.0
BFA,100k-250k,2012.0,6.0,677979.0
BFA,500k-1 million,2012.0,1.0,687290.0
BFA,50k-100k,2012.0,6.0,381457.0
BWA,100k-250k,2012.0,1.0,125954.0
BWA,50k-100k,2012.0,2.0,160975.0
CAF,500k-1 million,2012.0,1.0,888748.0
CAF,50k-100k,2012.0,2.0,123343.0
CIV,100k-250k,2012.0,8.0,1243670.0
CIV,2.5-5 millions,2012.0,1.0,4743130.0
CIV,250k-500k,2012.0,2.0,536198.0
CIV,500k-1 million,2012.0,1.0,578447.0
CIV,50k-100k,2012.0,17.0,1266873.0
CMR,100k-250k,2012.0,13.0,2049466.0
CMR,2.5-5 millions,2012.0,2.0,5577705.0
CMR,250k-500k,2012.0,4.0,1336016.0
CMR,500k-1 million,2012.0,1.0,556913.0
CMR,50k-100k,2012.0,19.0,1344167.0
COD,1-2.5 millions,2012.0,2.0,3051832.0
COD,100k-250k,2012.0,51.0,8036226.0
COD,2.5-5 millions,2012.0,1.0,2750332.0
COD,250k-500k,2012.0,11.0,4040987.0
COD,5-10 millions,2012.0,1.0,6952182.0
COD,500k-1 million,2012.0,5.0,3506614.0
COD,50k-100k,2012.0,64.0,4647003.0
COG,1-2.5 millions,2012.0,1.0,2221171.0
COG,100k-250k,2012.0,2.0,289543.0
COG,500k-1 million,2012.0,1.0,983739.0
COM,100k-250k,2012.0,2.0,315027.0
CPV,100k-250k,2012.0,1.0,125244.0
CPV,50k-100k,2012.0,1.0,68625.0
ERI,100k-250k,2012.0,1.0,119142.0
ERI,250k-500k,2012.0,3.0,846325.0
ERI,50k-100k,2012.0,3.0,202181.0
ETH,100k-250k,2012.0,43.0,6031738.0
ETH,2.5-5 millions,2012.0,1.0,4045280.0
ETH,250k-500k,2012.0,8.0,2703880.0
ETH,50k-100k,2012.0,98.0,6823072.0
GAB,100k-250k,2012.0,2.0,270319.0
GAB,500k-1 million,2012.0,1.0,584250.0
GAB,50k-100k,2012.0,3.0,198311.0
GHA,100k-250k,2012.0,12.0,1785722.0
GHA,2.5-5 millions,2012.0,2.0,6862282.0
GHA,250k-500k,2012.0,1.0,375891.0
GHA,500k-1 million,2012.0,1.0,647422.0
GHA,50k-100k,2012.0,32.0,2174463.0
GIN,1-2.5 millions,2012.0,1.0,2058192.0
GIN,100k-250k,2012.0,5.0,840047.0
GIN,50k-100k,2012.0,10.0,722085.0
GMB,100k-250k,2012.0,1.0,122216.0
GMB,500k-1 million,2012.0,1.0,781535.0
GMB,50k-100k,2012.0,1.0,56317.0
GNB,250k-500k,2012.0,1.0,438010.0
GNB,50k-100k,2012.0,2.0,117089.0
GNQ,250k-500k,2012.0,2.0,614717.0
GNQ,50k-100k,2012.0,1.0,79580.0
KEN,1-2.5 millions,2012.0,1.0,1073163.0
KEN,100k-250k,2012.0,8.0,992630.0
KEN,2.5-5 millions,2012.0,1.0,4137215.0
KEN,250k-500k,2012.0,3.0,1002713.0
KEN,50k-100k,2012.0,14.0,951637.0
LBR,1-2.5 millions,2012.0,1.0,1338624.0
LBR,50k-100k,2012.0,4.0,271108.0
LSO,100k-250k,2012.0,1.0,225393.0
MDG,1-2.5 millions,2012.0,1.0,2186698.0
MDG,100k-250k,2012.0,5.0,695802.0
MDG,50k-100k,2012.0,2.0,153489.0
MLI,100k-250k,2012.0,4.0,825583.0
MLI,2.5-5 millions,2012.0,1.0,2584828.0
MLI,50k-100k,2012.0,6.0,446270.0
MOZ,1-2.5 millions,2012.0,1.0,2255252.0
MOZ,100k-250k,2012.0,8.0,1285416.0
MOZ,250k-500k,2012.0,3.0,1012431.0
MOZ,500k-1 million,2012.0,1.0,579825.0
MOZ,50k-100k,2012.0,17.0,1204646.0
MRT,100k-250k,2012.0,1.0,111085.0
MRT,500k-1 million,2012.0,1.0,980883.0
MUS,500k-1 million,2012.0,1.0,559631.0
MWI,100k-250k,2012.0,1.0,121796.0
MWI,500k-1 million,2012.0,2.0,1340877.0
MWI,50k-100k,2012.0,1.0,88532.0
NAM,250k-500k,2012.0,1.0,290601.0
NER,1-2.5 millions,2012.0,1.0,1070015.0
NER,100k-250k,2012.0,9.0,1261361.0
NER,250k-500k,2012.0,2.0,747972.0
NER,500k-1 million,2012.0,1.0,535145.0
NER,50k-100k,2012.0,13.0,922762.0
NGA,1-2.5 millions,2012.0,6.0,8881540.0
NGA,100k-250k,2012.0,118.0,17406885.0
NGA,2.5-5 millions,2012.0,3.0,10420472.0
NGA,250k-500k,2012.0,30.0,10098853.0
NGA,500k-1 million,2012.0,18.0,13005748.0
NGA,50k-100k,2012.0,165.0,11913732.0
NGA,>10 millions,2012.0,1.0,10516636.0
RWA,100k-250k,2012.0,2.0,356170.0
RWA,500k-1 million,2012.0,1.0,875622.0
RWA,50k-100k,2012.0,1.0,76223.0
SDN,100k-250k,2012.0,30.0,4505018.0
SDN,250k-500k,2012.0,9.0,3219485.0
SDN,5-10 millions,2012.0,1.0,5515188.0
SDN,500k-1 million,2012.0,4.0,2249678.0
SDN,50k-100k,2012.0,38.0,2835787.0
SEN,100k-250k,2012.0,7.0,1112547.0
SEN,2.5-5 millions,2012.0,1.0,2952439.0
SEN,250k-500k,2012.0,3.0,1079793.0
SEN,500k-1 million,2012.0,1.0,847830.0
SEN,50k-100k,2012.0,7.0,445244.0
SLE,1-2.5 millions,2012.0,1.0,1235076.0
SLE,100k-250k,2012.0,3.0,486056.0
SLE,250k-500k,2012.0,1.0,263764.0
SLE,50k-100k,2012.0,4.0,232359.0
SOM,1-2.5 millions,2012.0,1.0,1907258.0
SOM,100k-250k,2012.0,12.0,1714502.0
SOM,250k-500k,2012.0,6.0,1973458.0
SOM,500k-1 million,2012.0,1.0,909434.0
SOM,50k-100k,2012.0,22.0,1643501.0
SSA,1-2.5 millions,2012.0,24.0,39429723.0
SSA,100k-250k,2012.0,472.0,70188926.0
SSA,2.5-5 millions,2012.0,19.0,67512436.0
SSA,250k-500k,2012.0,107.0,36709248.0
SSA,5-10 millions,2012.0,2.0,12467370.0
SSA,500k-1 million,2012.0,59.0,40816417.0
SSA,50k-100k,2012.0,669.0,47867844.0
SSA,>10 millions,2012.0,1.0,10516636.0
SSD,100k-250k,2012.0,11.0,1739806.0
SSD,250k-500k,2012.0,2.0,653909.0
SSD,50k-100k,2012.0,4.0,281324.0
STP,100k-250k,2012.0,1.0,105941.0
SWZ,50k-100k,2012.0,1.0,89335.0
TCD,1-2.5 millions,2012.0,1.0,1260845.0
TCD,100k-250k,2012.0,13.0,1855156.0
TCD,250k-500k,2012.0,1.0,300828.0
TCD,50k-100k,2012.0,14.0,958087.0
TGO,1-2.5 millions,2012.0,1.0,1835995.0
TGO,100k-250k,2012.0,6.0,921983.0
TGO,50k-100k,2012.0,5.0,381860.0
TZA,100k-250k,2012.0,11.0,1707008.0
TZA,2.5-5 millions,2012.0,1.0,4349886.0
TZA,250k-500k,2012.0,2.0,626905.0
TZA,500k-1 million,2012.0,3.0,1741377.0
TZA,50k-100k,2012.0,13.0,1033117.0
UGA,100k-250k,2012.0,8.0,1044945.9999999999
UGA,2.5-5 millions,2012.0,1.0,3083484.0
UGA,50k-100k,2012.0,4.0,317729.0
ZAF,1-2.5 millions,2012.0,1.0,1322567.0
ZAF,100k-250k,2012.0,27.0,4042304.0
ZAF,2.5-5 millions,2012.0,3.0,11035109.0
ZAF,250k-500k,2012.0,5.0,1656445.0
ZAF,500k-1 million,2012.0,4.0,3089836.0
ZAF,50k-100k,2012.0,30.0,2159823.0
ZMB,1-2.5 millions,2012.0,1.0,2062810.0
ZMB,100k-250k,2012.0,11.0,1500376.0
ZMB,250k-500k,2012.0,1.0,427239.0
ZMB,50k-100k,2012.0,9.0,604953.0
ZWE,1-2.5 millions,2012.0,1.0,1985946.0
ZWE,100k-250k,2012.0,2.0,282121.0
ZWE,500k-1 million,2012.0,1.0,578988.0
ZWE,50k-100k,2012.0,7.0,495734.0
AFE,1-2.5 millions,2013.0,9.0,16522754.0
AFE,100k-250k,2013.0,263.0,39545681.0
AFE,2.5-5 millions,2013.0,7.0,25364222.0
AFE,250k-500k,2013.0,61.0,21440256.0
AFE,5-10 millions,2013.0,4.0,23742933.0
AFE,500k-1 million,2013.0,31.0,20669610.0
AFE,50k-100k,2013.0,340.0,24919197.0
AFW,1-2.5 millions,2013.0,19.0,28618116.0
AFW,100k-250k,2013.0,217.0,32596531.0
AFW,2.5-5 millions,2013.0,10.0,34319819.0
AFW,250k-500k,2013.0,50.0,17091923.0
AFW,500k-1 million,2013.0,26.0,18326772.0
AFW,50k-100k,2013.0,314.0,22582437.0
AFW,>10 millions,2013.0,1.0,10708402.0
AGO,100k-250k,2013.0,18.0,2835519.0
AGO,250k-500k,2013.0,5.0,2000613.0
AGO,5-10 millions,2013.0,1.0,5683294.0
AGO,500k-1 million,2013.0,6.0,3435267.0
AGO,50k-100k,2013.0,13.0,1034021.9999999999
BDI,100k-250k,2013.0,2.0,282537.0
BDI,500k-1 million,2013.0,1.0,835552.0
BDI,50k-100k,2013.0,6.0,443537.0
BEN,1-2.5 millions,2013.0,1.0,1712793.0
BEN,100k-250k,2013.0,3.0,593207.0
BEN,500k-1 million,2013.0,1.0,627890.0
BEN,50k-100k,2013.0,10.0,757370.0
BFA,1-2.5 millions,2013.0,1.0,2136119.0
BFA,100k-250k,2013.0,6.0,699064.0
BFA,500k-1 million,2013.0,1.0,725275.0
BFA,50k-100k,2013.0,6.0,389831.0
BWA,100k-250k,2013.0,1.0,150595.0
BWA,50k-100k,2013.0,2.0,163359.0
CAF,500k-1 million,2013.0,1.0,904266.0
CAF,50k-100k,2013.0,2.0,123609.0
CIV,100k-250k,2013.0,8.0,1275971.0
CIV,2.5-5 millions,2013.0,1.0,4863908.0
CIV,250k-500k,2013.0,2.0,548814.0
CIV,500k-1 million,2013.0,1.0,585244.0
CIV,50k-100k,2013.0,17.0,1295860.0
CMR,100k-250k,2013.0,13.0,2076864.9999999998
CMR,2.5-5 millions,2013.0,2.0,5858977.0
CMR,250k-500k,2013.0,4.0,1360448.0
CMR,500k-1 million,2013.0,1.0,568753.0
CMR,50k-100k,2013.0,19.0,1365677.0
COD,1-2.5 millions,2013.0,2.0,3167581.0
COD,100k-250k,2013.0,54.0,8467711.0
COD,2.5-5 millions,2013.0,1.0,2821986.0
COD,250k-500k,2013.0,12.0,4424065.0
COD,5-10 millions,2013.0,1.0,7288311.0
COD,500k-1 million,2013.0,5.0,3622255.0
COD,50k-100k,2013.0,60.0,4371279.0
COG,1-2.5 millions,2013.0,2.0,3376540.0
COG,100k-250k,2013.0,1.0,184696.0
COM,100k-250k,2013.0,2.0,321834.0
CPV,100k-250k,2013.0,1.0,125851.0
CPV,50k-100k,2013.0,1.0,69330.0
ERI,100k-250k,2013.0,1.0,121902.0
ERI,250k-500k,2013.0,3.0,851963.0
ERI,50k-100k,2013.0,3.0,204542.0
ETH,100k-250k,2013.0,42.0,5963005.0
ETH,2.5-5 millions,2013.0,1.0,4222562.0
ETH,250k-500k,2013.0,9.0,3023925.0
ETH,50k-100k,2013.0,98.0,7011386.0
GAB,100k-250k,2013.0,2.0,284971.0
GAB,500k-1 million,2013.0,1.0,600754.0
GAB,50k-100k,2013.0,3.0,207211.0
GHA,100k-250k,2013.0,12.0,1833036.0
GHA,2.5-5 millions,2013.0,2.0,7125453.0
GHA,250k-500k,2013.0,1.0,401146.0
GHA,500k-1 million,2013.0,1.0,689699.0
GHA,50k-100k,2013.0,32.0,2234122.0
GIN,1-2.5 millions,2013.0,1.0,2136971.0
GIN,100k-250k,2013.0,6.0,974216.0
GIN,50k-100k,2013.0,9.0,633332.0
GMB,100k-250k,2013.0,1.0,127841.0
GMB,500k-1 million,2013.0,1.0,814680.0
GMB,50k-100k,2013.0,1.0,57879.0
GNB,250k-500k,2013.0,1.0,457371.0
GNB,50k-100k,2013.0,2.0,120862.0
GNQ,250k-500k,2013.0,2.0,645882.0
GNQ,50k-100k,2013.0,1.0,82071.0
KEN,1-2.5 millions,2013.0,1.0,1109333.0
KEN,100k-250k,2013.0,8.0,1036332.0000000001
KEN,2.5-5 millions,2013.0,1.0,4316222.0
KEN,250k-500k,2013.0,3.0,1044359.9999999999
KEN,50k-100k,2013.0,14.0,988271.0
LBR,1-2.5 millions,2013.0,1.0,1387812.0
LBR,50k-100k,2013.0,4.0,276932.0
LSO,100k-250k,2013.0,1.0,227998.0
MDG,1-2.5 millions,2013.0,1.0,2337650.0
MDG,100k-250k,2013.0,5.0,723437.0
MDG,50k-100k,2013.0,2.0,160390.0
MLI,100k-250k,2013.0,5.0,815654.0
MLI,2.5-5 millions,2013.0,1.0,2695447.0
MLI,50k-100k,2013.0,4.0,256680.0
MOZ,1-2.5 millions,2013.0,1.0,2363023.0
MOZ,100k-250k,2013.0,8.0,1328302.0
MOZ,250k-500k,2013.0,3.0,1049162.0
MOZ,500k-1 million,2013.0,1.0,607331.0
MOZ,50k-100k,2013.0,17.0,1219044.0
MRT,1-2.5 millions,2013.0,1.0,1024176.9999999999
MRT,100k-250k,2013.0,1.0,115516.0
MUS,500k-1 million,2013.0,1.0,559385.0
MWI,100k-250k,2013.0,1.0,129103.00000000001
MWI,500k-1 million,2013.0,2.0,1389640.0
MWI,50k-100k,2013.0,1.0,95236.0
NAM,250k-500k,2013.0,1.0,301545.0
NER,1-2.5 millions,2013.0,1.0,1100554.0
NER,100k-250k,2013.0,10.0,1398667.0
NER,250k-500k,2013.0,2.0,772646.0
NER,500k-1 million,2013.0,1.0,554704.0
NER,50k-100k,2013.0,12.0,841296.0
NGA,1-2.5 millions,2013.0,8.0,11279490.0
NGA,100k-250k,2013.0,119.0,17615475.0
NGA,2.5-5 millions,2013.0,3.0,10738182.0
NGA,250k-500k,2013.0,33.0,11211028.0
NGA,500k-1 million,2013.0,16.0,11381608.0
NGA,50k-100k,2013.0,161.0,11798565.0
NGA,>10 millions,2013.0,1.0,10708402.0
RWA,100k-250k,2013.0,2.0,368645.0
RWA,500k-1 million,2013.0,1.0,910320.0
RWA,50k-100k,2013.0,1.0,75150.0
SDN,100k-250k,2013.0,30.0,4573377.0
SDN,250k-500k,2013.0,9.0,3286886.0
SDN,5-10 millions,2013.0,1.0,5642543.0
SDN,500k-1 million,2013.0,4.0,2316982.0
SDN,50k-100k,2013.0,38.0,2865676.0
SEN,100k-250k,2013.0,7.0,1144254.0
SEN,2.5-5 millions,2013.0,1.0,3037852.0
SEN,250k-500k,2013.0,3.0,1110210.0
SEN,500k-1 million,2013.0,1.0,873899.0
SEN,50k-100k,2013.0,7.0,455439.0
SLE,1-2.5 millions,2013.0,1.0,1278906.0
SLE,100k-250k,2013.0,3.0,498180.0
SLE,250k-500k,2013.0,1.0,272968.0
SLE,50k-100k,2013.0,4.0,238370.0
SOM,1-2.5 millions,2013.0,1.0,2021309.0
SOM,100k-250k,2013.0,13.0,1836423.0
SOM,250k-500k,2013.0,6.0,1995772.0
SOM,500k-1 million,2013.0,1.0,929874.0
SOM,50k-100k,2013.0,21.0,1566976.0
SSA,1-2.5 millions,2013.0,28.0,45140870.0
SSA,100k-250k,2013.0,480.0,72142212.0
SSA,2.5-5 millions,2013.0,17.0,59684041.0
SSA,250k-500k,2013.0,111.0,38532179.0
SSA,5-10 millions,2013.0,4.0,23742933.0
SSA,500k-1 million,2013.0,57.0,38996382.0
SSA,50k-100k,2013.0,654.0,47501634.0
SSA,>10 millions,2013.0,1.0,10708402.0
SSD,100k-250k,2013.0,11.0,1778586.0
SSD,250k-500k,2013.0,2.0,696095.0
SSD,50k-100k,2013.0,4.0,281613.0
STP,100k-250k,2013.0,1.0,108796.0
SWZ,50k-100k,2013.0,1.0,90092.0
TCD,1-2.5 millions,2013.0,1.0,1304485.0
TCD,100k-250k,2013.0,13.0,1889587.0
TCD,250k-500k,2013.0,1.0,311410.0
TCD,50k-100k,2013.0,14.0,986587.0
TGO,1-2.5 millions,2013.0,1.0,1880269.0
TGO,100k-250k,2013.0,6.0,943480.0
TGO,50k-100k,2013.0,5.0,391414.0
TZA,100k-250k,2013.0,12.0,1867124.0
TZA,2.5-5 millions,2013.0,1.0,4636569.0
TZA,250k-500k,2013.0,2.0,650870.0
TZA,500k-1 million,2013.0,3.0,1813004.0
TZA,50k-100k,2013.0,12.0,971592.0
UGA,100k-250k,2013.0,9.0,1186361.0
UGA,2.5-5 millions,2013.0,1.0,3215445.0
UGA,50k-100k,2013.0,3.0,240471.0
ZAF,1-2.5 millions,2013.0,1.0,1359001.0
ZAF,100k-250k,2013.0,28.0,4289505.0
ZAF,2.5-5 millions,2013.0,2.0,6151438.0
ZAF,250k-500k,2013.0,5.0,1680697.0
ZAF,5-10 millions,2013.0,1.0,5128785.0
ZAF,500k-1 million,2013.0,4.0,3160887.0
ZAF,50k-100k,2013.0,29.0,2111261.0
ZMB,1-2.5 millions,2013.0,1.0,2165247.0
ZMB,100k-250k,2013.0,11.0,1560693.0
ZMB,250k-500k,2013.0,1.0,434303.0
ZMB,500k-1 million,2013.0,1.0,516821.0
ZMB,50k-100k,2013.0,9.0,620771.0
ZWE,1-2.5 millions,2013.0,1.0,1999610.0
ZWE,100k-250k,2013.0,3.0,387896.0
ZWE,500k-1 million,2013.0,1.0,572292.0
ZWE,50k-100k,2013.0,6.0,404529.0
AFE,1-2.5 millions,2014.0,11.0,19238205.0
AFE,100k-250k,2014.0,271.0,40698078.0
AFE,2.5-5 millions,2014.0,7.0,26307715.0
AFE,250k-500k,2014.0,66.0,23252511.0
AFE,5-10 millions,2014.0,4.0,25067641.0
AFE,500k-1 million,2014.0,29.0,19194734.0
AFE,50k-100k,2014.0,327.0,24156210.0
AFW,1-2.5 millions,2014.0,19.0,28199278.0
AFW,100k-250k,2014.0,224.0,33778024.0
AFW,2.5-5 millions,2014.0,11.0,38042437.0
AFW,250k-500k,2014.0,51.0,17385918.0
AFW,500k-1 million,2014.0,27.0,18921472.0
AFW,50k-100k,2014.0,305.0,22188004.0
AFW,>10 millions,2014.0,1.0,10900168.0
AGO,100k-250k,2014.0,17.0,2613001.0
AGO,250k-500k,2014.0,6.0,2266404.0
AGO,5-10 millions,2014.0,1.0,6396313.0
AGO,500k-1 million,2014.0,6.0,3491079.0
AGO,50k-100k,2014.0,13.0,1036580.9999999999
BDI,100k-250k,2014.0,4.0,491972.0
BDI,500k-1 million,2014.0,1.0,878335.0
BDI,50k-100k,2014.0,4.0,251786.0
BEN,1-2.5 millions,2014.0,1.0,1780993.0
BEN,100k-250k,2014.0,2.0,358877.0
BEN,500k-1 million,2014.0,1.0,648153.0
BEN,50k-100k,2014.0,10.0,779655.0
BFA,1-2.5 millions,2014.0,1.0,2234091.0
BFA,100k-250k,2014.0,6.0,720148.0
BFA,500k-1 million,2014.0,1.0,763260.0
BFA,50k-100k,2014.0,6.0,398205.0
BWA,100k-250k,2014.0,1.0,175236.0
BWA,50k-100k,2014.0,2.0,165744.0
CAF,500k-1 million,2014.0,1.0,919783.0
CAF,50k-100k,2014.0,2.0,123876.0
CIV,100k-250k,2014.0,9.0,1412035.0
CIV,2.5-5 millions,2014.0,1.0,4984687.0
CIV,250k-500k,2014.0,2.0,561430.0
CIV,500k-1 million,2014.0,1.0,592041.0
CIV,50k-100k,2014.0,16.0,1221084.0
CMR,100k-250k,2014.0,12.0,1852037.0
CMR,2.5-5 millions,2014.0,2.0,6140249.0
CMR,250k-500k,2014.0,5.0,1637106.0
CMR,500k-1 million,2014.0,1.0,580592.0
CMR,50k-100k,2014.0,19.0,1387187.0
COD,1-2.5 millions,2014.0,2.0,3283329.0
COD,100k-250k,2014.0,54.0,8444124.0
COD,2.5-5 millions,2014.0,1.0,2893639.0
COD,250k-500k,2014.0,14.0,5078007.0
COD,5-10 millions,2014.0,1.0,7624439.0
COD,500k-1 million,2014.0,5.0,3737895.0
COD,50k-100k,2014.0,58.0,4279762.0
COG,1-2.5 millions,2014.0,2.0,3548171.0
COG,100k-250k,2014.0,1.0,181778.0
COG,50k-100k,2014.0,1.0,94531.0
COM,100k-250k,2014.0,2.0,328641.0
CPV,100k-250k,2014.0,1.0,126458.0
CPV,50k-100k,2014.0,1.0,70035.0
ERI,100k-250k,2014.0,2.0,372832.0
ERI,250k-500k,2014.0,2.0,609430.0
ERI,50k-100k,2014.0,3.0,206903.0
ETH,100k-250k,2014.0,45.0,6442441.0
ETH,2.5-5 millions,2014.0,1.0,4399844.0
ETH,250k-500k,2014.0,9.0,3098918.0
ETH,50k-100k,2014.0,95.0,6896582.0
GAB,100k-250k,2014.0,2.0,299623.0
GAB,500k-1 million,2014.0,1.0,617257.0
GAB,50k-100k,2014.0,3.0,216110.0
GHA,100k-250k,2014.0,12.0,1880351.0
GHA,2.5-5 millions,2014.0,2.0,7388625.0
GHA,250k-500k,2014.0,1.0,426402.0
GHA,500k-1 million,2014.0,1.0,731976.0
GHA,50k-100k,2014.0,32.0,2293780.0
GIN,1-2.5 millions,2014.0,1.0,2215750.0
GIN,100k-250k,2014.0,6.0,1008946.0
GIN,50k-100k,2014.0,9.0,644018.0
GMB,100k-250k,2014.0,1.0,133465.0
GMB,500k-1 million,2014.0,1.0,847825.0
GMB,50k-100k,2014.0,1.0,59441.0
GNB,250k-500k,2014.0,1.0,476733.0
GNB,50k-100k,2014.0,2.0,124635.0
GNQ,250k-500k,2014.0,2.0,677046.0
GNQ,50k-100k,2014.0,1.0,84562.0
KEN,1-2.5 millions,2014.0,1.0,1145503.0
KEN,100k-250k,2014.0,10.0,1282022.0
KEN,2.5-5 millions,2014.0,1.0,4495229.0
KEN,250k-500k,2014.0,3.0,1086007.0
KEN,50k-100k,2014.0,12.0,822917.0
LBR,1-2.5 millions,2014.0,1.0,1437000.0
LBR,50k-100k,2014.0,4.0,282755.0
LSO,100k-250k,2014.0,1.0,230603.0
MDG,1-2.5 millions,2014.0,1.0,2488603.0
MDG,100k-250k,2014.0,5.0,751071.0
MDG,50k-100k,2014.0,2.0,167290.0
MLI,100k-250k,2014.0,5.0,846623.0
MLI,2.5-5 millions,2014.0,1.0,2806067.0
MLI,250k-500k,2014.0,1.0,263063.0
MLI,50k-100k,2014.0,4.0,264494.0
MOZ,1-2.5 millions,2014.0,1.0,2470794.0
MOZ,100k-250k,2014.0,8.0,1371188.0
MOZ,250k-500k,2014.0,3.0,1085893.0
MOZ,500k-1 million,2014.0,1.0,634837.0
MOZ,50k-100k,2014.0,17.0,1233441.0
MRT,1-2.5 millions,2014.0,1.0,1067472.0
MRT,100k-250k,2014.0,1.0,119947.0
MUS,500k-1 million,2014.0,1.0,559138.0
MWI,100k-250k,2014.0,2.0,238348.0
MWI,500k-1 million,2014.0,2.0,1438403.0
NAM,250k-500k,2014.0,1.0,312489.0
NER,1-2.5 millions,2014.0,1.0,1131092.0
NER,100k-250k,2014.0,11.0,1539983.0
NER,250k-500k,2014.0,1.0,280705.0
NER,500k-1 million,2014.0,2.0,1090877.0
NER,50k-100k,2014.0,11.0,755821.0
NGA,1-2.5 millions,2014.0,8.0,10189304.0
NGA,100k-250k,2014.0,125.0,18622316.0
NGA,2.5-5 millions,2014.0,4.0,13599545.0
NGA,250k-500k,2014.0,33.0,11318643.0
NGA,500k-1 million,2014.0,16.0,11229740.0
NGA,50k-100k,2014.0,154.0,11361921.0
NGA,>10 millions,2014.0,1.0,10900168.0
RWA,100k-250k,2014.0,1.0,122441.0
RWA,250k-500k,2014.0,1.0,258678.0
RWA,500k-1 million,2014.0,1.0,945019.0
RWA,50k-100k,2014.0,1.0,74076.0
SDN,100k-250k,2014.0,31.0,4742345.0
SDN,250k-500k,2014.0,9.0,3354288.0
SDN,5-10 millions,2014.0,1.0,5769898.0
SDN,500k-1 million,2014.0,4.0,2384286.0
SDN,50k-100k,2014.0,37.0,2794954.0
SEN,100k-250k,2014.0,7.0,1175961.0
SEN,2.5-5 millions,2014.0,1.0,3123264.0
SEN,250k-500k,2014.0,3.0,1140627.0
SEN,500k-1 million,2014.0,1.0,899968.0
SEN,50k-100k,2014.0,7.0,465633.0
SLE,1-2.5 millions,2014.0,1.0,1322737.0
SLE,100k-250k,2014.0,3.0,510304.0
SLE,250k-500k,2014.0,1.0,282171.0
SLE,50k-100k,2014.0,4.0,244381.0
SOM,1-2.5 millions,2014.0,1.0,2135360.0
SOM,100k-250k,2014.0,13.0,1858419.0
SOM,250k-500k,2014.0,6.0,2018087.0
SOM,500k-1 million,2014.0,1.0,950313.0
SOM,50k-100k,2014.0,21.0,1590377.0
SSA,1-2.5 millions,2014.0,30.0,47437483.0
SSA,100k-250k,2014.0,495.0,74476102.0
SSA,2.5-5 millions,2014.0,18.0,64350152.0
SSA,250k-500k,2014.0,117.0,40638429.0
SSA,5-10 millions,2014.0,4.0,25067641.0
SSA,500k-1 million,2014.0,56.0,38116206.0
SSA,50k-100k,2014.0,632.0,46344214.0
SSA,>10 millions,2014.0,1.0,10900168.0
SSD,100k-250k,2014.0,11.0,1817367.0
SSD,250k-500k,2014.0,2.0,738282.0
SSD,50k-100k,2014.0,4.0,281902.0
STP,100k-250k,2014.0,1.0,111652.0
SWZ,50k-100k,2014.0,1.0,90848.0
TCD,1-2.5 millions,2014.0,1.0,1348124.0
TCD,100k-250k,2014.0,14.0,2024194.0
TCD,250k-500k,2014.0,1.0,321992.0
TCD,50k-100k,2014.0,13.0,914912.0
TGO,1-2.5 millions,2014.0,1.0,1924544.0
TGO,100k-250k,2014.0,6.0,964978.0
TGO,50k-100k,2014.0,5.0,400968.0
TZA,100k-250k,2014.0,12.0,1781577.0
TZA,2.5-5 millions,2014.0,1.0,4923253.0
TZA,250k-500k,2014.0,3.0,925424.0
TZA,500k-1 million,2014.0,3.0,1884631.0
TZA,50k-100k,2014.0,11.0,905143.0
UGA,100k-250k,2014.0,9.0,1241133.0
UGA,2.5-5 millions,2014.0,1.0,3347405.0
UGA,50k-100k,2014.0,3.0,249857.0
ZAF,1-2.5 millions,2014.0,3.0,3433659.0
ZAF,100k-250k,2014.0,28.0,4265612.0
ZAF,2.5-5 millions,2014.0,2.0,6248345.0
ZAF,250k-500k,2014.0,6.0,1979237.0
ZAF,5-10 millions,2014.0,1.0,5276991.0
ZAF,500k-1 million,2014.0,2.0,1193716.0
ZAF,50k-100k,2014.0,28.0,2059504.0
ZMB,1-2.5 millions,2014.0,1.0,2267684.0
ZMB,100k-250k,2014.0,11.0,1621011.0
ZMB,250k-500k,2014.0,1.0,441367.0
ZMB,500k-1 million,2014.0,1.0,531487.0
ZMB,50k-100k,2014.0,9.0,636589.0
ZWE,1-2.5 millions,2014.0,1.0,2013273.0
ZWE,100k-250k,2014.0,3.0,395042.0
ZWE,500k-1 million,2014.0,1.0,565595.0
ZWE,50k-100k,2014.0,6.0,411954.0
AFE,1-2.5 millions,2015.0,9.0,14748075.0
AFE,100k-250k,2015.0,281.0,42375506.0
AFE,2.5-5 millions,2015.0,8.0,27259393.0
AFE,250k-500k,2015.0,68.0,24097037.0
AFE,5-10 millions,2015.0,5.0,31602288.0
AFE,500k-1 million,2015.0,30.0,20232204.0
AFE,50k-100k,2015.0,436.0,30285338.0
AFW,1-2.5 millions,2015.0,19.0,27623100.0
AFW,100k-250k,2015.0,233.0,35178808.0
AFW,2.5-5 millions,2015.0,11.0,36835495.0
AFW,250k-500k,2015.0,54.0,18455519.0
AFW,5-10 millions,2015.0,1.0,5105465.0
AFW,500k-1 million,2015.0,27.0,19002841.0
AFW,50k-100k,2015.0,392.0,26905530.0
AFW,>10 millions,2015.0,1.0,11091934.0
AGO,100k-250k,2015.0,16.0,2532959.0
AGO,250k-500k,2015.0,7.0,2780976.0
AGO,5-10 millions,2015.0,1.0,7109333.0
AGO,500k-1 million,2015.0,5.0,3056187.0
AGO,50k-100k,2015.0,21.0,1545961.0
BDI,100k-250k,2015.0,4.0,504391.0
BDI,500k-1 million,2015.0,1.0,921118.0
BDI,50k-100k,2015.0,5.0,307492.0
BEN,1-2.5 millions,2015.0,1.0,1849193.0
BEN,100k-250k,2015.0,3.0,468216.0
BEN,250k-500k,2015.0,1.0,264852.0
BEN,500k-1 million,2015.0,1.0,668415.0
BEN,50k-100k,2015.0,17.0,1134808.0
BFA,1-2.5 millions,2015.0,1.0,2332064.0
BFA,100k-250k,2015.0,6.0,741233.0
BFA,500k-1 million,2015.0,1.0,801246.0
BFA,50k-100k,2015.0,11.0,676849.0
BWA,100k-250k,2015.0,1.0,199877.0
BWA,50k-100k,2015.0,2.0,168128.0
CAF,500k-1 million,2015.0,1.0,935301.0
CAF,50k-100k,2015.0,3.0,176308.0
CIV,100k-250k,2015.0,9.0,1452274.0
CIV,250k-500k,2015.0,2.0,574046.0
CIV,5-10 millions,2015.0,1.0,5105465.0
CIV,500k-1 million,2015.0,1.0,598837.0
CIV,50k-100k,2015.0,23.0,1628081.0
CMR,100k-250k,2015.0,12.0,1875149.0
CMR,2.5-5 millions,2015.0,2.0,6421521.0
CMR,250k-500k,2015.0,5.0,1665825.0
CMR,500k-1 million,2015.0,1.0,592432.0
CMR,50k-100k,2015.0,21.0,1514136.0
COD,1-2.5 millions,2015.0,2.0,3399077.0
COD,100k-250k,2015.0,58.0,9119317.0
COD,2.5-5 millions,2015.0,1.0,2965293.0
COD,250k-500k,2015.0,12.0,4232092.0
COD,5-10 millions,2015.0,1.0,7960568.0
COD,500k-1 million,2015.0,7.0,4869122.0
COD,50k-100k,2015.0,84.0,5664657.0
COG,1-2.5 millions,2015.0,1.0,1108471.0
COG,100k-250k,2015.0,1.0,178860.0
COG,2.5-5 millions,2015.0,1.0,2611329.0
COG,50k-100k,2015.0,1.0,90832.0
COM,100k-250k,2015.0,2.0,335448.0
CPV,100k-250k,2015.0,1.0,127064.0
CPV,50k-100k,2015.0,1.0,70740.0
ERI,100k-250k,2015.0,2.0,371394.0
ERI,250k-500k,2015.0,2.0,619266.0
ERI,50k-100k,2015.0,3.0,209264.0
ETH,100k-250k,2015.0,48.0,6931243.0
ETH,2.5-5 millions,2015.0,1.0,4577126.0
ETH,250k-500k,2015.0,9.0,3173910.0
ETH,50k-100k,2015.0,127.0,8619400.0
GAB,100k-250k,2015.0,2.0,314275.0
GAB,500k-1 million,2015.0,1.0,633761.0
GAB,50k-100k,2015.0,3.0,225010.0
GHA,100k-250k,2015.0,15.0,2231374.0
GHA,2.5-5 millions,2015.0,2.0,7651796.0
GHA,250k-500k,2015.0,1.0,451657.0
GHA,500k-1 million,2015.0,1.0,774254.0
GHA,50k-100k,2015.0,32.0,2208558.0
GIN,1-2.5 millions,2015.0,1.0,2294528.0
GIN,100k-250k,2015.0,7.0,1145543.0
GIN,50k-100k,2015.0,9.0,605540.0
GMB,100k-250k,2015.0,1.0,139089.0
GMB,500k-1 million,2015.0,1.0,880970.0
GMB,50k-100k,2015.0,2.0,117962.0
GNB,250k-500k,2015.0,1.0,496094.0
GNB,50k-100k,2015.0,2.0,128407.00000000001
GNQ,250k-500k,2015.0,2.0,708211.0
GNQ,50k-100k,2015.0,1.0,87054.0
KEN,1-2.5 millions,2015.0,1.0,1181672.0
KEN,100k-250k,2015.0,10.0,1336465.0
KEN,2.5-5 millions,2015.0,1.0,4674237.0
KEN,250k-500k,2015.0,3.0,1127653.0
KEN,50k-100k,2015.0,19.0,1313132.0
LBR,1-2.5 millions,2015.0,1.0,1486188.0
LBR,50k-100k,2015.0,7.0,445343.0
LSO,100k-250k,2015.0,1.0,233208.0
MDG,100k-250k,2015.0,6.0,882714.0
MDG,2.5-5 millions,2015.0,1.0,2639555.0
MDG,50k-100k,2015.0,5.0,289209.0
MLI,100k-250k,2015.0,5.0,877592.0
MLI,2.5-5 millions,2015.0,1.0,2916687.0
MLI,250k-500k,2015.0,1.0,275443.0
MLI,50k-100k,2015.0,6.0,387735.0
MOZ,100k-250k,2015.0,7.0,1158478.0
MOZ,2.5-5 millions,2015.0,1.0,2578564.0
MOZ,250k-500k,2015.0,4.0,1378218.0
MOZ,500k-1 million,2015.0,1.0,662342.0
MOZ,50k-100k,2015.0,22.0,1521922.0
MRT,1-2.5 millions,2015.0,1.0,1110766.0
MRT,100k-250k,2015.0,1.0,124377.0
MRT,50k-100k,2015.0,2.0,130566.0
MUS,500k-1 million,2015.0,1.0,558892.0
MWI,100k-250k,2015.0,2.0,252358.0
MWI,500k-1 million,2015.0,2.0,1487167.0
MWI,50k-100k,2015.0,2.0,114718.0
NAM,250k-500k,2015.0,1.0,323433.0
NAM,50k-100k,2015.0,1.0,60489.0
NER,1-2.5 millions,2015.0,1.0,1161631.0
NER,100k-250k,2015.0,10.0,1333554.0
NER,250k-500k,2015.0,2.0,538907.0
NER,500k-1 million,2015.0,2.0,1127788.0
NER,50k-100k,2015.0,15.0,986542.0
NGA,1-2.5 millions,2015.0,9.0,11553108.0
NGA,100k-250k,2015.0,130.0,19386210.0
NGA,2.5-5 millions,2015.0,4.0,14025485.0
NGA,250k-500k,2015.0,34.0,11685491.0
NGA,500k-1 million,2015.0,16.0,11063800.0
NGA,50k-100k,2015.0,193.0,13449371.0
NGA,>10 millions,2015.0,1.0,11091934.0
RWA,100k-250k,2015.0,1.0,125510.0
RWA,250k-500k,2015.0,1.0,268084.0
RWA,500k-1 million,2015.0,1.0,979717.0
RWA,50k-100k,2015.0,1.0,73002.0
SDN,100k-250k,2015.0,32.0,4915206.0
SDN,250k-500k,2015.0,9.0,3421689.0
SDN,5-10 millions,2015.0,1.0,5897252.0
SDN,500k-1 million,2015.0,4.0,2451591.0
SDN,50k-100k,2015.0,44.0,3247728.0
SEN,100k-250k,2015.0,7.0,1207668.0
SEN,2.5-5 millions,2015.0,1.0,3208677.0
SEN,250k-500k,2015.0,3.0,1171044.0
SEN,500k-1 million,2015.0,1.0,926037.0
SEN,50k-100k,2015.0,11.0,691251.0
SLE,1-2.5 millions,2015.0,1.0,1366568.0
SLE,100k-250k,2015.0,3.0,522428.0
SLE,250k-500k,2015.0,1.0,291375.0
SLE,50k-100k,2015.0,6.0,378692.0
SOM,1-2.5 millions,2015.0,1.0,2249412.0
SOM,100k-250k,2015.0,13.0,1880414.0
SOM,250k-500k,2015.0,6.0,2040401.0
SOM,500k-1 million,2015.0,1.0,970753.0
SOM,50k-100k,2015.0,24.0,1774048.0
SSA,1-2.5 millions,2015.0,28.0,42371175.0
SSA,100k-250k,2015.0,514.0,77554314.0
SSA,2.5-5 millions,2015.0,19.0,64094888.0
SSA,250k-500k,2015.0,122.0,42552556.0
SSA,5-10 millions,2015.0,6.0,36707753.0
SSA,500k-1 million,2015.0,57.0,39235045.0
SSA,50k-100k,2015.0,828.0,57190868.0
SSA,>10 millions,2015.0,1.0,11091934.0
SSD,100k-250k,2015.0,11.0,1725707.0
SSD,250k-500k,2015.0,3.0,1033636.0
SSD,50k-100k,2015.0,8.0,531156.0
STP,100k-250k,2015.0,1.0,114508.0
SWZ,50k-100k,2015.0,1.0,91605.0
TCD,1-2.5 millions,2015.0,1.0,1391764.0
TCD,100k-250k,2015.0,14.0,2067427.0000000002
TCD,250k-500k,2015.0,1.0,332574.0
TCD,50k-100k,2015.0,17.0,1147858.0
TGO,1-2.5 millions,2015.0,1.0,1968819.0
TGO,100k-250k,2015.0,6.0,986475.0
TGO,50k-100k,2015.0,9.0,623887.0
TZA,100k-250k,2015.0,15.0,2145322.0
TZA,250k-500k,2015.0,3.0,957000.0
TZA,5-10 millions,2015.0,1.0,5209937.0
TZA,500k-1 million,2015.0,3.0,1956258.0
TZA,50k-100k,2015.0,10.0,739243.0
UGA,100k-250k,2015.0,9.0,1295904.0
UGA,2.5-5 millions,2015.0,1.0,3479366.0
UGA,50k-100k,2015.0,4.0,317387.0
ZAF,1-2.5 millions,2015.0,3.0,3520856.0
ZAF,100k-250k,2015.0,28.0,4231567.0
ZAF,2.5-5 millions,2015.0,2.0,6345252.0
ZAF,250k-500k,2015.0,7.0,2292248.0
ZAF,5-10 millions,2015.0,1.0,5425198.0
ZAF,500k-1 million,2015.0,2.0,1214006.0
ZAF,50k-100k,2015.0,35.0,2455495.0
ZMB,1-2.5 millions,2015.0,1.0,2370121.0
ZMB,100k-250k,2015.0,11.0,1681328.0
ZMB,250k-500k,2015.0,1.0,448431.0
ZMB,500k-1 million,2015.0,1.0,546152.0
ZMB,50k-100k,2015.0,10.0,707094.0
ZWE,1-2.5 millions,2015.0,1.0,2026937.0
ZWE,100k-250k,2015.0,3.0,402188.0
ZWE,500k-1 million,2015.0,1.0,558899.0
ZWE,50k-100k,2015.0,8.0,534208.0
AFE,1-2.5 millions,2016.0,11.0,16036073.0
AFE,100k-250k,2016.0,290.0,43919655.0
AFE,2.5-5 millions,2016.0,8.0,28358842.0
AFE,250k-500k,2016.0,69.0,24700135.0
AFE,5-10 millions,2016.0,5.0,33286914.0
AFE,500k-1 million,2016.0,28.0,18418148.0
AFE,50k-100k,2016.0,397.0,28206412.0
AFW,1-2.5 millions,2016.0,19.0,28633535.0
AFW,100k-250k,2016.0,237.0,35999151.0
AFW,2.5-5 millions,2016.0,11.0,38271549.0
AFW,250k-500k,2016.0,54.0,18605266.0
AFW,5-10 millions,2016.0,1.0,5297162.0
AFW,500k-1 million,2016.0,29.0,20588377.0
AFW,50k-100k,2016.0,370.0,25717145.0
AFW,>10 millions,2016.0,1.0,11275964.0
AGO,100k-250k,2016.0,15.0,2434884.0
AGO,250k-500k,2016.0,7.0,2846457.0
AGO,5-10 millions,2016.0,1.0,7642566.0
AGO,500k-1 million,2016.0,5.0,3238388.0
AGO,50k-100k,2016.0,21.0,1607332.0
BDI,100k-250k,2016.0,4.0,509860.0
BDI,500k-1 million,2016.0,1.0,965037.0
BDI,50k-100k,2016.0,4.0,258567.99999999997
BEN,1-2.5 millions,2016.0,1.0,1933258.0
BEN,100k-250k,2016.0,3.0,481097.0
BEN,250k-500k,2016.0,1.0,278425.0
BEN,500k-1 million,2016.0,1.0,684253.0
BEN,50k-100k,2016.0,17.0,1154154.0
BFA,1-2.5 millions,2016.0,1.0,2453393.0
BFA,100k-250k,2016.0,6.0,751790.0
BFA,500k-1 million,2016.0,1.0,849865.0
BFA,50k-100k,2016.0,8.0,523102.0
BWA,100k-250k,2016.0,1.0,205120.0
BWA,50k-100k,2016.0,2.0,170989.0
CAF,500k-1 million,2016.0,1.0,951332.0
CAF,50k-100k,2016.0,3.0,179439.0
CIV,100k-250k,2016.0,12.0,1801632.0
CIV,250k-500k,2016.0,2.0,589636.0
CIV,5-10 millions,2016.0,1.0,5297162.0
CIV,500k-1 million,2016.0,1.0,615085.0
CIV,50k-100k,2016.0,20.0,1359237.0
CMR,100k-250k,2016.0,13.0,1981575.0
CMR,2.5-5 millions,2016.0,2.0,6759762.0
CMR,250k-500k,2016.0,5.0,1685538.0
CMR,500k-1 million,2016.0,1.0,600170.0
CMR,50k-100k,2016.0,19.0,1372979.0
COD,1-2.5 millions,2016.0,3.0,4574396.0
COD,100k-250k,2016.0,59.0,9171313.0
COD,2.5-5 millions,2016.0,1.0,3046066.0
COD,250k-500k,2016.0,14.0,4894639.0
COD,5-10 millions,2016.0,1.0,8459163.0
COD,500k-1 million,2016.0,6.0,4030850.0
COD,50k-100k,2016.0,75.0,5171673.0
COG,1-2.5 millions,2016.0,1.0,1179694.0
COG,100k-250k,2016.0,1.0,165719.0
COG,2.5-5 millions,2016.0,1.0,2747786.0
COM,100k-250k,2016.0,2.0,343124.0
CPV,100k-250k,2016.0,1.0,127905.0
CPV,50k-100k,2016.0,1.0,71026.0
ERI,100k-250k,2016.0,2.0,375446.0
ERI,250k-500k,2016.0,2.0,602879.0
ERI,50k-100k,2016.0,3.0,216870.0
ETH,100k-250k,2016.0,52.0,7545903.0
ETH,2.5-5 millions,2016.0,1.0,4843405.0
ETH,250k-500k,2016.0,9.0,3270071.0
ETH,50k-100k,2016.0,123.0,8454321.0
GAB,100k-250k,2016.0,2.0,319918.0
GAB,500k-1 million,2016.0,1.0,680563.0
GAB,50k-100k,2016.0,3.0,226927.0
GHA,100k-250k,2016.0,14.0,2152159.0
GHA,2.5-5 millions,2016.0,2.0,7963776.0
GHA,250k-500k,2016.0,1.0,486322.0
GHA,500k-1 million,2016.0,1.0,826701.0
GHA,50k-100k,2016.0,32.0,2270093.0
GIN,1-2.5 millions,2016.0,1.0,2346306.0
GIN,100k-250k,2016.0,7.0,1180740.0
GIN,50k-100k,2016.0,9.0,610070.0
GMB,100k-250k,2016.0,1.0,144470.0
GMB,500k-1 million,2016.0,1.0,917965.0
GMB,50k-100k,2016.0,2.0,119700.0
GNB,500k-1 million,2016.0,1.0,512457.0
GNB,50k-100k,2016.0,2.0,131532.0
GNQ,250k-500k,2016.0,2.0,854178.0
KEN,1-2.5 millions,2016.0,1.0,1220104.0
KEN,100k-250k,2016.0,10.0,1396638.0
KEN,2.5-5 millions,2016.0,1.0,4857873.0
KEN,250k-500k,2016.0,3.0,1164522.0
KEN,50k-100k,2016.0,19.0,1369464.0
LBR,1-2.5 millions,2016.0,1.0,1542594.0
LBR,50k-100k,2016.0,7.0,448732.0
LSO,100k-250k,2016.0,1.0,241972.0
MDG,100k-250k,2016.0,6.0,909860.0
MDG,2.5-5 millions,2016.0,1.0,2815667.0
MDG,50k-100k,2016.0,5.0,304873.0
MLI,100k-250k,2016.0,5.0,909160.0
MLI,2.5-5 millions,2016.0,1.0,3063497.0
MLI,250k-500k,2016.0,1.0,290207.0
MLI,50k-100k,2016.0,6.0,400462.0
MOZ,100k-250k,2016.0,8.0,1289086.0
MOZ,2.5-5 millions,2016.0,1.0,2648493.0
MOZ,250k-500k,2016.0,4.0,1437505.0
MOZ,500k-1 million,2016.0,1.0,691270.0
MOZ,50k-100k,2016.0,19.0,1330787.0
MRT,1-2.5 millions,2016.0,1.0,1161398.0
MRT,100k-250k,2016.0,1.0,129768.0
MRT,50k-100k,2016.0,2.0,137527.0
MUS,500k-1 million,2016.0,1.0,557898.0
MWI,100k-250k,2016.0,2.0,263083.0
MWI,500k-1 million,2016.0,2.0,1524929.0
MWI,50k-100k,2016.0,2.0,117934.0
NAM,250k-500k,2016.0,1.0,332144.0
NAM,50k-100k,2016.0,1.0,62264.0
NER,1-2.5 millions,2016.0,1.0,1194527.0
NER,100k-250k,2016.0,10.0,1346450.0
NER,250k-500k,2016.0,2.0,550066.0
NER,500k-1 million,2016.0,2.0,1150203.0
NER,50k-100k,2016.0,13.0,882353.0
NGA,1-2.5 millions,2016.0,9.0,11907931.0
NGA,100k-250k,2016.0,130.0,19532344.0
NGA,2.5-5 millions,2016.0,4.0,14464126.0
NGA,250k-500k,2016.0,35.0,12033689.0
NGA,500k-1 million,2016.0,17.0,11846658.0
NGA,50k-100k,2016.0,186.0,13150350.0
NGA,>10 millions,2016.0,1.0,11275964.0
RWA,1-2.5 millions,2016.0,1.0,1047912.0
RWA,100k-250k,2016.0,1.0,127640.0
RWA,250k-500k,2016.0,1.0,274780.0
RWA,50k-100k,2016.0,1.0,71709.0
SDN,100k-250k,2016.0,34.0,5123215.0
SDN,250k-500k,2016.0,8.0,2980739.0
SDN,5-10 millions,2016.0,1.0,6003131.0
SDN,500k-1 million,2016.0,5.0,3029060.0
SDN,50k-100k,2016.0,37.0,2837221.0
SEN,100k-250k,2016.0,7.0,1252586.0
SEN,2.5-5 millions,2016.0,1.0,3272602.0
SEN,250k-500k,2016.0,3.0,1200043.0
SEN,500k-1 million,2016.0,1.0,953125.0
SEN,50k-100k,2016.0,11.0,706268.0
SLE,1-2.5 millions,2016.0,1.0,1447021.0
SLE,100k-250k,2016.0,3.0,529381.0
SLE,250k-500k,2016.0,1.0,298113.0
SLE,50k-100k,2016.0,6.0,384846.0
SOM,1-2.5 millions,2016.0,1.0,1059325.0
SOM,100k-250k,2016.0,15.0,2079465.0000000002
SOM,250k-500k,2016.0,6.0,2017116.0
SOM,50k-100k,2016.0,16.0,1233941.0
SSA,1-2.5 millions,2016.0,30.0,44669608.0
SSA,100k-250k,2016.0,527.0,79918806.0
SSA,2.5-5 millions,2016.0,19.0,66630391.0
SSA,250k-500k,2016.0,123.0,43305401.0
SSA,5-10 millions,2016.0,6.0,38584076.0
SSA,500k-1 million,2016.0,57.0,39006525.0
SSA,50k-100k,2016.0,767.0,53923557.0
SSA,>10 millions,2016.0,1.0,11275964.0
SSD,100k-250k,2016.0,10.0,1604661.0
SSD,250k-500k,2016.0,3.0,1067107.0
SSD,50k-100k,2016.0,4.0,310972.0
STP,100k-250k,2016.0,1.0,118631.0
TCD,1-2.5 millions,2016.0,1.0,1442485.0
TCD,100k-250k,2016.0,15.0,2192282.0
TCD,250k-500k,2016.0,1.0,339049.0
TCD,50k-100k,2016.0,14.0,950162.0
TGO,1-2.5 millions,2016.0,1.0,2024928.0
TGO,100k-250k,2016.0,6.0,1000175.0
TGO,50k-100k,2016.0,9.0,638186.0
TZA,100k-250k,2016.0,15.0,2221399.0
TZA,250k-500k,2016.0,3.0,991271.0
TZA,5-10 millions,2016.0,1.0,5538150.0
TZA,500k-1 million,2016.0,3.0,2033127.0
TZA,50k-100k,2016.0,10.0,768289.0
UGA,100k-250k,2016.0,9.0,1377969.0
UGA,2.5-5 millions,2016.0,1.0,3630107.0
UGA,50k-100k,2016.0,4.0,327384.0
ZAF,1-2.5 millions,2016.0,3.0,3642445.0
ZAF,100k-250k,2016.0,29.0,4440014.0
ZAF,2.5-5 millions,2016.0,2.0,6517231.0
ZAF,250k-500k,2016.0,7.0,2363677.0
ZAF,5-10 millions,2016.0,1.0,5643904.0
ZAF,500k-1 million,2016.0,2.0,1243631.0
ZAF,50k-100k,2016.0,33.0,2325286.0
ZMB,1-2.5 millions,2016.0,1.0,2493623.0
ZMB,100k-250k,2016.0,11.0,1733412.0
ZMB,250k-500k,2016.0,1.0,457228.0
ZMB,500k-1 million,2016.0,1.0,563091.0
ZMB,50k-100k,2016.0,10.0,719067.0
ZWE,1-2.5 millions,2016.0,1.0,1998268.0
ZWE,100k-250k,2016.0,3.0,406960.0
ZWE,500k-1 million,2016.0,1.0,540867.0
ZWE,50k-100k,2016.0,8.0,547468.0
AFE,1-2.5 millions,2017.0,10.0,14035520.0
AFE,100k-250k,2017.0,299.0,45067295.0
AFE,2.5-5 millions,2017.0,8.0,24812066.0
AFE,250k-500k,2017.0,70.0,24805459.0
AFE,5-10 millions,2017.0,5.0,34971540.0
AFE,500k-1 million,2017.0,30.0,19573802.0
AFE,50k-100k,2017.0,383.0,27343241.0
AFW,1-2.5 millions,2017.0,18.0,27069246.0
AFW,100k-250k,2017.0,237.0,36397607.0
AFW,2.5-5 millions,2017.0,12.0,42282324.0
AFW,250k-500k,2017.0,54.0,18709382.0
AFW,5-10 millions,2017.0,1.0,5488859.0
AFW,500k-1 million,2017.0,31.0,22253151.0
AFW,50k-100k,2017.0,368.0,25829383.0
AFW,>10 millions,2017.0,1.0,11459993.0
AGO,100k-250k,2017.0,16.0,2388377.0
AGO,250k-500k,2017.0,7.0,2651034.0
AGO,5-10 millions,2017.0,1.0,8175798.0
AGO,500k-1 million,2017.0,6.0,3944620.0
AGO,50k-100k,2017.0,19.0,1406077.0
BDI,100k-250k,2017.0,4.0,515328.0
BDI,50k-100k,2017.0,4.0,260528.00000000003
BEN,1-2.5 millions,2017.0,1.0,2017323.0
BEN,100k-250k,2017.0,4.0,594582.0
BEN,250k-500k,2017.0,1.0,291999.0
BEN,500k-1 million,2017.0,1.0,700090.0
BEN,50k-100k,2017.0,16.0,1072897.0
BFA,100k-250k,2017.0,6.0,762347.0
BFA,2.5-5 millions,2017.0,1.0,2574723.0
BFA,500k-1 million,2017.0,1.0,898484.0
BFA,50k-100k,2017.0,8.0,524845.0
BWA,100k-250k,2017.0,1.0,210364.0
BWA,50k-100k,2017.0,2.0,173850.0
CAF,500k-1 million,2017.0,1.0,967364.0
CAF,50k-100k,2017.0,3.0,182570.0
CIV,100k-250k,2017.0,12.0,1854390.0
CIV,250k-500k,2017.0,2.0,605226.0
CIV,5-10 millions,2017.0,1.0,5488859.0
CIV,500k-1 million,2017.0,1.0,631333.0
CIV,50k-100k,2017.0,20.0,1386993.0
CMR,100k-250k,2017.0,13.0,1989781.0
CMR,2.5-5 millions,2017.0,2.0,7098002.0
CMR,250k-500k,2017.0,5.0,1705251.0
CMR,500k-1 million,2017.0,1.0,607907.0
CMR,50k-100k,2017.0,19.0,1382682.0
COD,1-2.5 millions,2017.0,3.0,4779348.0
COD,100k-250k,2017.0,61.0,9458859.0
COD,2.5-5 millions,2017.0,1.0,3126840.0
COD,250k-500k,2017.0,14.0,4807161.0
COD,5-10 millions,2017.0,1.0,8957759.0
COD,500k-1 million,2017.0,7.0,4687844.0
COD,50k-100k,2017.0,72.0,4985966.0
COG,1-2.5 millions,2017.0,1.0,1250917.0
COG,100k-250k,2017.0,1.0,152578.0
COG,2.5-5 millions,2017.0,1.0,2884242.0
COM,100k-250k,2017.0,2.0,350800.0
CPV,100k-250k,2017.0,1.0,128746.00000000001
CPV,50k-100k,2017.0,1.0,71312.0
ERI,100k-250k,2017.0,2.0,379499.0
ERI,250k-500k,2017.0,2.0,586492.0
ERI,50k-100k,2017.0,3.0,224477.0
ETH,100k-250k,2017.0,54.0,7663024.0
ETH,250k-500k,2017.0,11.0,3875603.0
ETH,50k-100k,2017.0,119.0,8277407.999999999
GAB,100k-250k,2017.0,2.0,325561.0
GAB,500k-1 million,2017.0,1.0,727365.0
GAB,50k-100k,2017.0,3.0,228845.0
GHA,100k-250k,2017.0,14.0,2173065.0
GHA,2.5-5 millions,2017.0,2.0,8275755.999999999
GHA,500k-1 million,2017.0,2.0,1400137.0
GHA,50k-100k,2017.0,32.0,2281611.0
GIN,1-2.5 millions,2017.0,1.0,2398083.0
GIN,100k-250k,2017.0,7.0,1215938.0
GIN,50k-100k,2017.0,9.0,614600.0
GMB,100k-250k,2017.0,1.0,149850.0
GMB,500k-1 million,2017.0,1.0,954961.0
GMB,50k-100k,2017.0,2.0,121438.0
GNB,500k-1 million,2017.0,1.0,528821.0
GNB,50k-100k,2017.0,2.0,134656.0
GNQ,250k-500k,2017.0,1.0,457864.0
GNQ,500k-1 million,2017.0,1.0,542282.0
KEN,1-2.5 millions,2017.0,1.0,1258536.0
KEN,100k-250k,2017.0,13.0,1767217.0
KEN,250k-500k,2017.0,3.0,1201392.0
KEN,50k-100k,2017.0,16.0,1115391.0
LBR,1-2.5 millions,2017.0,1.0,1599000.0
LBR,50k-100k,2017.0,7.0,452120.0
MDG,100k-250k,2017.0,6.0,937006.0
MDG,2.5-5 millions,2017.0,1.0,2991779.0
MDG,50k-100k,2017.0,5.0,320537.0
MLI,100k-250k,2017.0,5.0,940729.0
MLI,2.5-5 millions,2017.0,1.0,3210308.0
MLI,250k-500k,2017.0,1.0,304972.0
MLI,50k-100k,2017.0,6.0,413188.0
MOZ,100k-250k,2017.0,8.0,1324488.0
MOZ,2.5-5 millions,2017.0,1.0,2718421.0
MOZ,250k-500k,2017.0,3.0,994251.0
MOZ,500k-1 million,2017.0,2.0,1222737.0
MOZ,50k-100k,2017.0,19.0,1341280.0
MRT,1-2.5 millions,2017.0,1.0,1212029.0
MRT,100k-250k,2017.0,1.0,135159.0
MRT,50k-100k,2017.0,2.0,144488.0
MUS,500k-1 million,2017.0,1.0,556903.0
MWI,100k-250k,2017.0,2.0,273808.0
MWI,500k-1 million,2017.0,2.0,1562691.0
MWI,50k-100k,2017.0,2.0,121150.0
NAM,250k-500k,2017.0,1.0,340855.0
NAM,50k-100k,2017.0,1.0,64040.00000000001
NER,1-2.5 millions,2017.0,1.0,1227424.0
NER,100k-250k,2017.0,10.0,1359347.0
NER,250k-500k,2017.0,2.0,561225.0
NER,500k-1 million,2017.0,2.0,1172618.0
NER,50k-100k,2017.0,13.0,887417.0
NGA,1-2.5 millions,2017.0,9.0,12262753.0
NGA,100k-250k,2017.0,129.0,19547782.0
NGA,2.5-5 millions,2017.0,4.0,14902766.0
NGA,250k-500k,2017.0,37.0,12903429.0
NGA,500k-1 million,2017.0,17.0,12141576.0
NGA,50k-100k,2017.0,185.0,13211463.0
NGA,>10 millions,2017.0,1.0,11459993.0
RWA,1-2.5 millions,2017.0,1.0,1116106.0
RWA,100k-250k,2017.0,1.0,129770.00000000001
RWA,250k-500k,2017.0,1.0,281477.0
RWA,50k-100k,2017.0,1.0,70415.0
SDN,100k-250k,2017.0,35.0,5265582.0
SDN,250k-500k,2017.0,8.0,3033429.0
SDN,5-10 millions,2017.0,1.0,6109010.0
SDN,500k-1 million,2017.0,5.0,3112889.0
SDN,50k-100k,2017.0,36.0,2767255.0
SEN,100k-250k,2017.0,7.0,1297505.0
SEN,2.5-5 millions,2017.0,1.0,3336527.0
SEN,250k-500k,2017.0,3.0,1229042.0
SEN,500k-1 million,2017.0,1.0,980213.0
SEN,50k-100k,2017.0,11.0,721284.0
SLE,1-2.5 millions,2017.0,1.0,1527474.0
SLE,100k-250k,2017.0,3.0,536334.0
SLE,250k-500k,2017.0,1.0,304851.0
SLE,50k-100k,2017.0,6.0,391000.0
SOM,1-2.5 millions,2017.0,1.0,1147897.0
SOM,100k-250k,2017.0,15.0,2225908.0
SOM,2.5-5 millions,2017.0,1.0,2887840.0
SOM,250k-500k,2017.0,5.0,1753873.0
SOM,50k-100k,2017.0,17.0,1319786.0
SSA,1-2.5 millions,2017.0,28.0,41104766.0
SSA,100k-250k,2017.0,536.0,81464902.0
SSA,2.5-5 millions,2017.0,20.0,67094390.0
SSA,250k-500k,2017.0,124.0,43514841.0
SSA,5-10 millions,2017.0,6.0,40460399.0
SSA,500k-1 million,2017.0,61.0,41826953.0
SSA,50k-100k,2017.0,751.0,53172624.0
SSA,>10 millions,2017.0,1.0,11459993.0
SSD,100k-250k,2017.0,10.0,1600559.0
SSD,250k-500k,2017.0,3.0,1100579.0
SSD,50k-100k,2017.0,4.0,319348.0
STP,100k-250k,2017.0,1.0,122754.0
TCD,1-2.5 millions,2017.0,1.0,1493206.0
TCD,100k-250k,2017.0,15.0,2220037.0
TCD,250k-500k,2017.0,1.0,345523.0
TCD,50k-100k,2017.0,14.0,953488.0
TGO,1-2.5 millions,2017.0,1.0,2081036.9999999998
TGO,100k-250k,2017.0,6.0,1013876.0
TGO,50k-100k,2017.0,9.0,652486.0
TZA,100k-250k,2017.0,15.0,2145608.0
TZA,250k-500k,2017.0,4.0,1278181.0
TZA,5-10 millions,2017.0,1.0,5866364.0
TZA,500k-1 million,2017.0,3.0,2109997.0
TZA,50k-100k,2017.0,9.0,696563.0
UGA,100k-250k,2017.0,9.0,1460034.0
UGA,2.5-5 millions,2017.0,1.0,3780849.0
UGA,50k-100k,2017.0,4.0,337381.0
ZAF,1-2.5 millions,2017.0,3.0,3764034.0
ZAF,100k-250k,2017.0,29.0,4549856.0
ZAF,2.5-5 millions,2017.0,2.0,6689211.0
ZAF,250k-500k,2017.0,7.0,2435106.0
ZAF,5-10 millions,2017.0,1.0,5862609.0
ZAF,500k-1 million,2017.0,2.0,1273256.0
ZAF,50k-100k,2017.0,33.0,2351248.0
ZMB,100k-250k,2017.0,11.0,1785496.0
ZMB,2.5-5 millions,2017.0,1.0,2617126.0
ZMB,250k-500k,2017.0,1.0,466026.0
ZMB,500k-1 million,2017.0,1.0,580030.0
ZMB,50k-100k,2017.0,10.0,731040.0
ZWE,1-2.5 millions,2017.0,1.0,1969599.0
ZWE,100k-250k,2017.0,4.0,512957.99999999994
ZWE,500k-1 million,2017.0,1.0,522835.00000000006
ZWE,50k-100k,2017.0,7.0,459501.0
AFE,1-2.5 millions,2018.0,11.0,15581467.0
AFE,100k-250k,2018.0,298.0,45604908.0
AFE,2.5-5 millions,2018.0,8.0,25904319.0
AFE,250k-500k,2018.0,74.0,26440734.0
AFE,5-10 millions,2018.0,7.0,47257275.0
AFE,500k-1 million,2018.0,30.0,20230522.0
AFE,50k-100k,2018.0,381.0,27525590.0
AFW,1-2.5 millions,2018.0,20.0,30017602.0
AFW,100k-250k,2018.0,236.0,36377066.0
AFW,2.5-5 millions,2018.0,12.0,43839705.0
AFW,250k-500k,2018.0,56.0,19260202.0
AFW,5-10 millions,2018.0,1.0,5680556.0
AFW,500k-1 million,2018.0,30.0,20929247.0
AFW,50k-100k,2018.0,365.0,25836040.0
AFW,>10 millions,2018.0,1.0,11644022.0
AGO,100k-250k,2018.0,13.0,1968829.0
AGO,250k-500k,2018.0,8.0,2932579.0
AGO,5-10 millions,2018.0,1.0,8709031.0
AGO,500k-1 million,2018.0,6.0,4177125.0
AGO,50k-100k,2018.0,21.0,1574623.0
BDI,1-2.5 millions,2018.0,1.0,1052875.0
BDI,100k-250k,2018.0,4.0,520797.0
BDI,50k-100k,2018.0,4.0,262488.0
BEN,1-2.5 millions,2018.0,1.0,2101388.0
BEN,100k-250k,2018.0,3.0,355510.0
BEN,250k-500k,2018.0,2.0,558959.0
BEN,500k-1 million,2018.0,1.0,715927.0
BEN,50k-100k,2018.0,16.0,1090811.0
BFA,100k-250k,2018.0,6.0,772904.0
BFA,2.5-5 millions,2018.0,1.0,2696052.0
BFA,500k-1 million,2018.0,1.0,947103.0
BFA,50k-100k,2018.0,8.0,526588.0
BWA,100k-250k,2018.0,1.0,215607.0
BWA,50k-100k,2018.0,2.0,176711.0
CAF,500k-1 million,2018.0,1.0,983396.0
CAF,50k-100k,2018.0,3.0,185702.0
CIV,100k-250k,2018.0,11.0,1655000.0
CIV,250k-500k,2018.0,3.0,872965.0
CIV,5-10 millions,2018.0,1.0,5680556.0
CIV,500k-1 million,2018.0,1.0,647581.0
CIV,50k-100k,2018.0,20.0,1414750.0
CMR,100k-250k,2018.0,13.0,1997987.0
CMR,2.5-5 millions,2018.0,2.0,7436242.0
CMR,250k-500k,2018.0,5.0,1724964.0
CMR,500k-1 million,2018.0,1.0,615645.0
CMR,50k-100k,2018.0,19.0,1392385.0
COD,1-2.5 millions,2018.0,3.0,4984300.0
COD,100k-250k,2018.0,60.0,9457710.0
COD,2.5-5 millions,2018.0,1.0,3207614.0
COD,250k-500k,2018.0,15.0,5228182.0
COD,5-10 millions,2018.0,1.0,9456354.0
COD,500k-1 million,2018.0,7.0,4849476.0
COD,50k-100k,2018.0,72.0,5075816.0
COG,1-2.5 millions,2018.0,1.0,1322140.0
COG,100k-250k,2018.0,1.0,139437.0
COG,2.5-5 millions,2018.0,1.0,3020698.0
COM,100k-250k,2018.0,2.0,358477.0
CPV,100k-250k,2018.0,1.0,129588.0
CPV,50k-100k,2018.0,1.0,71598.0
ERI,100k-250k,2018.0,2.0,383551.0
ERI,250k-500k,2018.0,2.0,570105.0
ERI,50k-100k,2018.0,3.0,232084.0
ETH,100k-250k,2018.0,59.0,8387279.0
ETH,250k-500k,2018.0,11.0,3990114.0
ETH,5-10 millions,2018.0,1.0,5375962.0
ETH,50k-100k,2018.0,114.0,7984384.0
GAB,100k-250k,2018.0,2.0,331204.0
GAB,500k-1 million,2018.0,1.0,774167.0
GAB,50k-100k,2018.0,3.0,230763.0
GHA,100k-250k,2018.0,14.0,2193972.0
GHA,2.5-5 millions,2018.0,2.0,8587736.0
GHA,500k-1 million,2018.0,2.0,1487250.0
GHA,50k-100k,2018.0,32.0,2293129.0
GIN,1-2.5 millions,2018.0,1.0,2449861.0
GIN,100k-250k,2018.0,6.0,998801.0
GIN,250k-500k,2018.0,1.0,252334.0
GIN,50k-100k,2018.0,9.0,619130.0
GMB,100k-250k,2018.0,1.0,155231.0
GMB,500k-1 million,2018.0,1.0,991956.0
GMB,50k-100k,2018.0,2.0,123176.0
GNB,500k-1 million,2018.0,1.0,545184.0
GNB,50k-100k,2018.0,2.0,137781.0
GNQ,500k-1 million,2018.0,2.0,1146113.0
KEN,1-2.5 millions,2018.0,1.0,1296968.0
KEN,100k-250k,2018.0,12.0,1599384.0
KEN,250k-500k,2018.0,4.0,1501143.0
KEN,5-10 millions,2018.0,1.0,5225147.0
KEN,50k-100k,2018.0,16.0,1136848.0
LBR,1-2.5 millions,2018.0,1.0,1655406.0
LBR,50k-100k,2018.0,7.0,455509.0
LSO,250k-500k,2018.0,1.0,259499.00000000003
MDG,100k-250k,2018.0,6.0,964153.0
MDG,2.5-5 millions,2018.0,1.0,3167891.0
MDG,50k-100k,2018.0,5.0,336200.0
MLI,100k-250k,2018.0,5.0,972298.0
MLI,2.5-5 millions,2018.0,1.0,3357119.0
MLI,250k-500k,2018.0,1.0,319737.0
MLI,50k-100k,2018.0,6.0,425915.0
MOZ,100k-250k,2018.0,8.0,1359891.0
MOZ,2.5-5 millions,2018.0,1.0,2788349.0
MOZ,250k-500k,2018.0,3.0,1045880.0000000001
MOZ,500k-1 million,2018.0,2.0,1259322.0
MOZ,50k-100k,2018.0,19.0,1351773.0
MRT,1-2.5 millions,2018.0,1.0,1262661.0
MRT,100k-250k,2018.0,1.0,140549.0
MRT,50k-100k,2018.0,2.0,151449.0
MUS,500k-1 million,2018.0,1.0,555909.0
MWI,100k-250k,2018.0,2.0,284533.0
MWI,500k-1 million,2018.0,2.0,1600453.0
MWI,50k-100k,2018.0,2.0,124365.0
NAM,250k-500k,2018.0,1.0,349565.0
NAM,50k-100k,2018.0,1.0,65816.0
NER,1-2.5 millions,2018.0,1.0,1260320.0
NER,100k-250k,2018.0,10.0,1372243.0
NER,250k-500k,2018.0,2.0,572385.0
NER,500k-1 million,2018.0,2.0,1195033.0
NER,50k-100k,2018.0,13.0,892481.0
NGA,1-2.5 millions,2018.0,11.0,14676828.0
NGA,100k-250k,2018.0,131.0,20001264.0
NGA,2.5-5 millions,2018.0,4.0,15341406.0
NGA,250k-500k,2018.0,37.0,13037231.0
NGA,500k-1 million,2018.0,16.0,10879892.0
NGA,50k-100k,2018.0,182.0,13067818.0
NGA,>10 millions,2018.0,1.0,11644022.0
RWA,1-2.5 millions,2018.0,1.0,1184301.0
RWA,100k-250k,2018.0,1.0,131900.0
RWA,250k-500k,2018.0,1.0,288173.0
RWA,50k-100k,2018.0,1.0,69122.0
SDN,100k-250k,2018.0,35.0,5330888.0
SDN,250k-500k,2018.0,8.0,3086119.0
SDN,5-10 millions,2018.0,1.0,6214889.0
SDN,500k-1 million,2018.0,5.0,3196718.0
SDN,50k-100k,2018.0,36.0,2774352.0
SEN,100k-250k,2018.0,7.0,1342423.0
SEN,2.5-5 millions,2018.0,1.0,3400452.0
SEN,250k-500k,2018.0,3.0,1258041.0
SEN,50k-100k,2018.0,11.0,736301.0
SLE,1-2.5 millions,2018.0,1.0,1607926.0
SLE,100k-250k,2018.0,3.0,543287.0
SLE,250k-500k,2018.0,1.0,311589.0
SLE,50k-100k,2018.0,6.0,397155.0
SOM,1-2.5 millions,2018.0,1.0,1236470.0
SOM,100k-250k,2018.0,13.0,2169736.0
SOM,2.5-5 millions,2018.0,1.0,3207055.0
SOM,250k-500k,2018.0,4.0,1500056.0
SOM,50k-100k,2018.0,20.0,1598820.0
SSA,1-2.5 millions,2018.0,31.0,45599069.0
SSA,100k-250k,2018.0,534.0,81981974.0
SSA,2.5-5 millions,2018.0,20.0,69744024.0
SSA,250k-500k,2018.0,130.0,45700936.0
SSA,5-10 millions,2018.0,8.0,52937831.0
SSA,500k-1 million,2018.0,60.0,41159769.0
SSA,50k-100k,2018.0,746.0,53361630.0
SSA,>10 millions,2018.0,1.0,11644022.0
SSD,100k-250k,2018.0,10.0,1618974.0
SSD,250k-500k,2018.0,3.0,1134050.0
SSD,50k-100k,2018.0,4.0,305206.0
STP,100k-250k,2018.0,1.0,126877.0
TCD,1-2.5 millions,2018.0,1.0,1543927.0
TCD,100k-250k,2018.0,15.0,2247792.0
TCD,250k-500k,2018.0,1.0,351997.0
TCD,50k-100k,2018.0,14.0,956814.0
TGO,1-2.5 millions,2018.0,1.0,2137145.0
TGO,100k-250k,2018.0,6.0,1027576.0
TGO,50k-100k,2018.0,9.0,666785.0
TZA,100k-250k,2018.0,16.0,2318280.0
TZA,250k-500k,2018.0,4.0,1320105.0
TZA,5-10 millions,2018.0,1.0,6194577.0
TZA,500k-1 million,2018.0,3.0,2186867.0
TZA,50k-100k,2018.0,8.0,621361.0
UGA,100k-250k,2018.0,9.0,1542099.0
UGA,2.5-5 millions,2018.0,1.0,3931590.0
UGA,50k-100k,2018.0,4.0,347378.0
ZAF,1-2.5 millions,2018.0,3.0,3885623.0
ZAF,100k-250k,2018.0,30.0,4761791.0
ZAF,2.5-5 millions,2018.0,2.0,6861191.0
ZAF,250k-500k,2018.0,7.0,2506535.0
ZAF,5-10 millions,2018.0,1.0,6081315.0
ZAF,500k-1 million,2018.0,2.0,1302881.0
ZAF,50k-100k,2018.0,32.0,2275118.0
ZMB,100k-250k,2018.0,10.0,1583774.0
ZMB,2.5-5 millions,2018.0,1.0,2740629.0
ZMB,250k-500k,2018.0,2.0,728629.0
ZMB,500k-1 million,2018.0,1.0,596968.0
ZMB,50k-100k,2018.0,10.0,743013.0
ZWE,1-2.5 millions,2018.0,1.0,1940930.0
ZWE,100k-250k,2018.0,4.0,520378.00000000006
ZWE,500k-1 million,2018.0,1.0,504803.0
ZWE,50k-100k,2018.0,7.0,470112.0
AFE,1-2.5 millions,2019.0,11.0,16118454.0
AFE,100k-250k,2019.0,310.0,47741029.0
AFE,2.5-5 millions,2019.0,8.0,26996568.0
AFE,250k-500k,2019.0,71.0,25293286.0
AFE,5-10 millions,2019.0,7.0,49391817.0
AFE,500k-1 million,2019.0,33.0,22475887.0
AFE,50k-100k,2019.0,368.0,26543256.0
AFW,1-2.5 millions,2019.0,21.0,30539931.0
AFW,100k-250k,2019.0,239.0,36745504.0
AFW,2.5-5 millions,2019.0,11.0,40311864.0
AFW,250k-500k,2019.0,58.0,19769072.0
AFW,5-10 millions,2019.0,2.0,10957475.0
AFW,500k-1 million,2019.0,31.0,21613846.0
AFW,50k-100k,2019.0,358.0,25426154.0
AFW,>10 millions,2019.0,1.0,11828051.0
AGO,100k-250k,2019.0,13.0,2002013.0
AGO,250k-500k,2019.0,6.0,1929819.0
AGO,5-10 millions,2019.0,1.0,9242263.0
AGO,500k-1 million,2019.0,8.0,5446946.0
AGO,50k-100k,2019.0,21.0,1537424.0
BDI,1-2.5 millions,2019.0,1.0,1096794.0
BDI,100k-250k,2019.0,4.0,526266.0
BDI,50k-100k,2019.0,4.0,264449.0
BEN,1-2.5 millions,2019.0,1.0,2185453.0
BEN,100k-250k,2019.0,3.0,364174.0
BEN,250k-500k,2019.0,2.0,578182.0
BEN,500k-1 million,2019.0,1.0,731764.0
BEN,50k-100k,2019.0,16.0,1108724.0
BFA,100k-250k,2019.0,6.0,783462.0
BFA,2.5-5 millions,2019.0,1.0,2817381.0
BFA,500k-1 million,2019.0,1.0,995722.0
BFA,50k-100k,2019.0,8.0,528331.0
BWA,100k-250k,2019.0,1.0,220850.0
BWA,50k-100k,2019.0,2.0,179572.0
CAF,500k-1 million,2019.0,1.0,999427.0
CAF,50k-100k,2019.0,3.0,188833.0
CIV,100k-250k,2019.0,11.0,1701286.0
CIV,250k-500k,2019.0,3.0,895027.0
CIV,5-10 millions,2019.0,1.0,5872253.0
CIV,500k-1 million,2019.0,1.0,663830.0
CIV,50k-100k,2019.0,20.0,1442506.0
CMR,100k-250k,2019.0,13.0,2006194.0
CMR,2.5-5 millions,2019.0,2.0,7774482.0
CMR,250k-500k,2019.0,5.0,1744677.0
CMR,500k-1 million,2019.0,1.0,623383.0
CMR,50k-100k,2019.0,19.0,1402088.0
COD,1-2.5 millions,2019.0,3.0,5189252.0
COD,100k-250k,2019.0,61.0,9817291.0
COD,2.5-5 millions,2019.0,1.0,3288387.0
COD,250k-500k,2019.0,14.0,4877244.0
COD,5-10 millions,2019.0,1.0,9954950.0
COD,500k-1 million,2019.0,8.0,5533984.0
COD,50k-100k,2019.0,71.0,5054019.0
COG,1-2.5 millions,2019.0,1.0,1393363.0
COG,100k-250k,2019.0,1.0,126296.0
COG,2.5-5 millions,2019.0,1.0,3157154.0
COM,100k-250k,2019.0,2.0,366153.0
CPV,100k-250k,2019.0,1.0,130429.0
CPV,50k-100k,2019.0,1.0,71884.0
ERI,100k-250k,2019.0,3.0,626698.0
ERI,250k-500k,2019.0,1.0,314624.0
ERI,50k-100k,2019.0,3.0,239691.0
ETH,100k-250k,2019.0,64.0,9122824.0
ETH,250k-500k,2019.0,10.0,3589403.0
ETH,5-10 millions,2019.0,1.0,5642240.0
ETH,500k-1 million,2019.0,1.0,515222.99999999994
ETH,50k-100k,2019.0,109.0,7680069.0
GAB,100k-250k,2019.0,2.0,336847.0
GAB,500k-1 million,2019.0,1.0,820969.0
GAB,50k-100k,2019.0,3.0,232681.0
GHA,100k-250k,2019.0,14.0,2214878.0
GHA,2.5-5 millions,2019.0,1.0,3814494.0
GHA,5-10 millions,2019.0,1.0,5085222.0
GHA,500k-1 million,2019.0,2.0,1574363.0
GHA,50k-100k,2019.0,32.0,2304647.0
GIN,100k-250k,2019.0,6.0,1029377.0
GIN,250k-500k,2019.0,1.0,256956.00000000003
GIN,50k-100k,2019.0,9.0,623660.0
GMB,1-2.5 millions,2019.0,1.0,1028952.0
GMB,100k-250k,2019.0,1.0,160612.0
GMB,50k-100k,2019.0,2.0,124914.0
GNB,500k-1 million,2019.0,1.0,561547.0
GNB,50k-100k,2019.0,2.0,140905.0
GNQ,500k-1 million,2019.0,2.0,1292080.0
KEN,1-2.5 millions,2019.0,1.0,1335400.0
KEN,100k-250k,2019.0,12.0,1672767.0
KEN,250k-500k,2019.0,3.0,1050160.0
KEN,5-10 millions,2019.0,1.0,5408784.0
KEN,50k-100k,2019.0,16.0,1158306.0
LBR,1-2.5 millions,2019.0,1.0,1711812.0
LBR,50k-100k,2019.0,7.0,458898.0
LSO,250k-500k,2019.0,1.0,268263.0
MDG,100k-250k,2019.0,6.0,991299.0
MDG,2.5-5 millions,2019.0,1.0,3344003.0
MDG,50k-100k,2019.0,5.0,351864.0
MLI,100k-250k,2019.0,5.0,849518.0
MLI,2.5-5 millions,2019.0,1.0,3503930.0
MLI,250k-500k,2019.0,2.0,589455.0
MLI,50k-100k,2019.0,5.0,338037.0
MOZ,100k-250k,2019.0,8.0,1395293.0
MOZ,2.5-5 millions,2019.0,1.0,2858277.0
MOZ,250k-500k,2019.0,3.0,1097509.0
MOZ,500k-1 million,2019.0,2.0,1295907.0
MOZ,50k-100k,2019.0,19.0,1362267.0
MRT,1-2.5 millions,2019.0,1.0,1313292.0
MRT,100k-250k,2019.0,1.0,145940.0
MRT,50k-100k,2019.0,2.0,158410.0
MUS,500k-1 million,2019.0,1.0,554914.0
MWI,100k-250k,2019.0,2.0,295258.0
MWI,500k-1 million,2019.0,2.0,1638215.0
MWI,50k-100k,2019.0,2.0,127581.0
NAM,250k-500k,2019.0,1.0,358276.0
NAM,50k-100k,2019.0,1.0,67591.0
NER,1-2.5 millions,2019.0,1.0,1293216.0
NER,100k-250k,2019.0,10.0,1385140.0
NER,250k-500k,2019.0,2.0,583544.0
NER,500k-1 million,2019.0,2.0,1217448.0
NER,50k-100k,2019.0,13.0,897545.0
NGA,1-2.5 millions,2019.0,11.0,15103172.0
NGA,100k-250k,2019.0,137.0,20860542.0
NGA,2.5-5 millions,2019.0,4.0,15780046.0
NGA,250k-500k,2019.0,36.0,12652016.0
NGA,500k-1 million,2019.0,18.0,12133313.0
NGA,50k-100k,2019.0,175.0,12510018.0
NGA,>10 millions,2019.0,1.0,11828051.0
RWA,1-2.5 millions,2019.0,1.0,1252495.0
RWA,100k-250k,2019.0,1.0,134030.0
RWA,250k-500k,2019.0,1.0,294869.0
RWA,50k-100k,2019.0,1.0,67828.0
SDN,100k-250k,2019.0,38.0,5711479.0
SDN,250k-500k,2019.0,8.0,3138809.0
SDN,5-10 millions,2019.0,1.0,6320768.0
SDN,500k-1 million,2019.0,5.0,3280548.0
SDN,50k-100k,2019.0,33.0,2466162.0
SEN,1-2.5 millions,2019.0,1.0,1034390.0000000001
SEN,100k-250k,2019.0,6.0,1132792.0
SEN,2.5-5 millions,2019.0,1.0,3464377.0
SEN,250k-500k,2019.0,4.0,1541589.0
SEN,50k-100k,2019.0,11.0,751318.0
SLE,1-2.5 millions,2019.0,1.0,1688379.0
SLE,100k-250k,2019.0,3.0,550240.0
SLE,250k-500k,2019.0,1.0,318328.0
SLE,50k-100k,2019.0,6.0,403309.0
SOM,1-2.5 millions,2019.0,1.0,1325042.0
SOM,100k-250k,2019.0,16.0,2479706.0
SOM,2.5-5 millions,2019.0,1.0,3526269.0
SOM,250k-500k,2019.0,4.0,1496422.0
SOM,50k-100k,2019.0,17.0,1261529.0
SSA,1-2.5 millions,2019.0,32.0,46658385.0
SSA,100k-250k,2019.0,549.0,84486533.0
SSA,2.5-5 millions,2019.0,19.0,67308432.0
SSA,250k-500k,2019.0,129.0,45062358.0
SSA,5-10 millions,2019.0,9.0,60349292.0
SSA,500k-1 million,2019.0,64.0,44089733.0
SSA,50k-100k,2019.0,726.0,51969410.0
SSA,>10 millions,2019.0,1.0,11828051.0
SSD,100k-250k,2019.0,9.0,1385809.0
SSD,250k-500k,2019.0,4.0,1419103.0
SSD,50k-100k,2019.0,4.0,291063.0
STP,100k-250k,2019.0,1.0,130999.0
TCD,1-2.5 millions,2019.0,1.0,1594648.0
TCD,100k-250k,2019.0,13.0,1926500.0
TCD,250k-500k,2019.0,2.0,609298.0
TCD,50k-100k,2019.0,15.0,1058361.0
TGO,1-2.5 millions,2019.0,1.0,2193254.0
TGO,100k-250k,2019.0,6.0,1041277.0
TGO,50k-100k,2019.0,9.0,681085.0
TZA,100k-250k,2019.0,17.0,2494462.0
TZA,250k-500k,2019.0,4.0,1362029.0
TZA,5-10 millions,2019.0,1.0,6522791.0
TZA,500k-1 million,2019.0,3.0,2263737.0
TZA,50k-100k,2019.0,7.0,542649.0
UGA,100k-250k,2019.0,8.0,1351807.0
UGA,2.5-5 millions,2019.0,1.0,4082331.0
UGA,250k-500k,2019.0,1.0,272357.0
UGA,50k-100k,2019.0,4.0,357375.0
ZAF,1-2.5 millions,2019.0,3.0,4007211.0
ZAF,100k-250k,2019.0,30.0,4874605.0
ZAF,2.5-5 millions,2019.0,2.0,7033170.0
ZAF,250k-500k,2019.0,7.0,2577964.0
ZAF,5-10 millions,2019.0,1.0,6300021.0
ZAF,500k-1 million,2019.0,2.0,1332506.0
ZAF,50k-100k,2019.0,32.0,2298108.0
ZMB,100k-250k,2019.0,10.0,1613622.0
ZMB,2.5-5 millions,2019.0,1.0,2864131.0
ZMB,250k-500k,2019.0,2.0,759663.0
ZMB,500k-1 million,2019.0,1.0,613907.0
ZMB,50k-100k,2019.0,10.0,754986.0
ZWE,1-2.5 millions,2019.0,1.0,1912260.0
ZWE,100k-250k,2019.0,4.0,527798.0
ZWE,250k-500k,2019.0,1.0,486772.0
ZWE,50k-100k,2019.0,7.0,480723.0
AFE,1-2.5 millions,2020.0,12.0,17686623.0
AFE,100k-250k,2020.0,311.0,48189847.0
AFE,2.5-5 millions,2020.0,8.0,28088821.0
AFE,250k-500k,2020.0,75.0,26691669.0
AFE,5-10 millions,2020.0,6.0,41072810.0
AFE,500k-1 million,2020.0,33.0,22740425.0
AFE,50k-100k,2020.0,492.0,33872296.0
AFE,>10 millions,2020.0,1.0,10453545.0
AFW,1-2.5 millions,2020.0,24.0,34609154.0
AFW,100k-250k,2020.0,242.0,36969044.0
AFW,2.5-5 millions,2020.0,12.0,44300960.0
AFW,250k-500k,2020.0,62.0,21255966.0
AFW,5-10 millions,2020.0,2.0,11270875.0
AFW,500k-1 million,2020.0,28.0,19232923.0
AFW,50k-100k,2020.0,400.0,27724631.0
AFW,>10 millions,2020.0,1.0,12012080.0
AGO,1-2.5 millions,2020.0,1.0,1031179.0000000001
AGO,100k-250k,2020.0,13.0,2025903.0
AGO,250k-500k,2020.0,6.0,1931932.0
AGO,5-10 millions,2020.0,1.0,9775496.0
AGO,500k-1 million,2020.0,7.0,4690008.0
AGO,50k-100k,2020.0,24.0,1672762.0
BDI,1-2.5 millions,2020.0,1.0,1140713.0
BDI,100k-250k,2020.0,3.0,431952.0
BDI,50k-100k,2020.0,5.0,366191.0
BEN,1-2.5 millions,2020.0,1.0,2269518.0
BEN,100k-250k,2020.0,3.0,372839.0
BEN,250k-500k,2020.0,2.0,597405.0
BEN,500k-1 million,2020.0,1.0,747602.0
BEN,50k-100k,2020.0,18.0,1229954.0
BFA,1-2.5 millions,2020.0,1.0,1044340.9999999999
BFA,100k-250k,2020.0,6.0,794019.0
BFA,2.5-5 millions,2020.0,1.0,2938711.0
BFA,50k-100k,2020.0,9.0,592961.0
BWA,100k-250k,2020.0,1.0,226094.0
BWA,50k-100k,2020.0,3.0,233580.0
CAF,1-2.5 millions,2020.0,1.0,1015459.0
CAF,50k-100k,2020.0,4.0,245795.0
CIV,100k-250k,2020.0,13.0,1949847.0
CIV,250k-500k,2020.0,3.0,917089.0
CIV,5-10 millions,2020.0,1.0,6063950.0
CIV,500k-1 million,2020.0,1.0,680078.0
CIV,50k-100k,2020.0,21.0,1429815.0
CMR,100k-250k,2020.0,13.0,2014400.0
CMR,2.5-5 millions,2020.0,2.0,8112722.0
CMR,250k-500k,2020.0,5.0,1764390.0
CMR,500k-1 million,2020.0,1.0,631120.0
CMR,50k-100k,2020.0,20.0,1494047.0
COD,1-2.5 millions,2020.0,3.0,5394204.0
COD,100k-250k,2020.0,62.0,10044302.0
COD,2.5-5 millions,2020.0,1.0,3369161.0
COD,250k-500k,2020.0,15.0,5269463.0
COD,500k-1 million,2020.0,8.0,5726762.0
COD,50k-100k,2020.0,94.0,6454817.0
COD,>10 millions,2020.0,1.0,10453545.0
COG,1-2.5 millions,2020.0,1.0,1464585.0
COG,100k-250k,2020.0,1.0,113155.0
COG,2.5-5 millions,2020.0,1.0,3293610.0
COM,100k-250k,2020.0,2.0,373829.0
CPV,100k-250k,2020.0,1.0,131270.0
CPV,50k-100k,2020.0,1.0,72170.0
ERI,100k-250k,2020.0,3.0,606060.0
ERI,250k-500k,2020.0,1.0,322927.0
ERI,50k-100k,2020.0,5.0,360090.0
ETH,100k-250k,2020.0,63.0,8959515.0
ETH,250k-500k,2020.0,12.0,4194984.0
ETH,5-10 millions,2020.0,1.0,5908518.0
ETH,500k-1 million,2020.0,1.0,534377.0
ETH,50k-100k,2020.0,143.0,9659429.0
GAB,100k-250k,2020.0,2.0,344669.0
GAB,500k-1 million,2020.0,1.0,867771.0
GAB,50k-100k,2020.0,3.0,232420.0
GHA,1-2.5 millions,2020.0,1.0,1036490.0
GHA,100k-250k,2020.0,13.0,1985429.0
GHA,2.5-5 millions,2020.0,1.0,4004772.0
GHA,5-10 millions,2020.0,1.0,5206925.0
GHA,500k-1 million,2020.0,1.0,624986.0
GHA,50k-100k,2020.0,35.0,2470523.0
GIN,100k-250k,2020.0,6.0,1059952.0
GIN,2.5-5 millions,2020.0,1.0,2553416.0
GIN,250k-500k,2020.0,1.0,261577.0
GIN,50k-100k,2020.0,11.0,731941.0
GMB,1-2.5 millions,2020.0,1.0,1065947.0
GMB,100k-250k,2020.0,1.0,165992.0
GMB,50k-100k,2020.0,2.0,126652.0
GNB,500k-1 million,2020.0,1.0,577910.0
GNB,50k-100k,2020.0,2.0,144030.0
GNQ,500k-1 million,2020.0,2.0,1438048.0
KEN,1-2.5 millions,2020.0,1.0,1373832.0
KEN,100k-250k,2020.0,13.0,1849807.0
KEN,250k-500k,2020.0,3.0,1089282.0
KEN,5-10 millions,2020.0,1.0,5592420.0
KEN,500k-1 million,2020.0,1.0,528929.0
KEN,50k-100k,2020.0,23.0,1550522.0
LBR,1-2.5 millions,2020.0,1.0,1768218.0
LBR,50k-100k,2020.0,8.0,521429.0
LSO,250k-500k,2020.0,1.0,277027.0
MDG,100k-250k,2020.0,7.0,1132635.0
MDG,2.5-5 millions,2020.0,1.0,3520115.0
MDG,50k-100k,2020.0,10.0,654048.0
MLI,100k-250k,2020.0,4.0,625924.0
MLI,2.5-5 millions,2020.0,1.0,3650740.0
MLI,250k-500k,2020.0,3.0,863858.0
MLI,50k-100k,2020.0,7.0,459619.0
MOZ,100k-250k,2020.0,8.0,1280030.0
MOZ,2.5-5 millions,2020.0,1.0,2928205.0
MOZ,250k-500k,2020.0,4.0,1400283.0
MOZ,500k-1 million,2020.0,2.0,1332492.0
MOZ,50k-100k,2020.0,22.0,1500803.0
MRT,1-2.5 millions,2020.0,1.0,1363924.0
MRT,100k-250k,2020.0,1.0,151331.0
MRT,50k-100k,2020.0,3.0,219626.0
MUS,500k-1 million,2020.0,1.0,553920.0
MWI,100k-250k,2020.0,2.0,305983.0
MWI,500k-1 million,2020.0,2.0,1675977.0
MWI,50k-100k,2020.0,2.0,130797.0
NAM,250k-500k,2020.0,1.0,366987.0
NAM,50k-100k,2020.0,3.0,192366.0
NER,1-2.5 millions,2020.0,1.0,1326113.0
NER,100k-250k,2020.0,12.0,1598868.0
NER,250k-500k,2020.0,2.0,594704.0
NER,500k-1 million,2020.0,2.0,1239863.0
NER,50k-100k,2020.0,13.0,817377.0
NGA,1-2.5 millions,2020.0,11.0,15529517.0
NGA,100k-250k,2020.0,136.0,20718834.0
NGA,2.5-5 millions,2020.0,4.0,16218687.0
NGA,250k-500k,2020.0,39.0,13737033.0
NGA,500k-1 million,2020.0,18.0,12425545.0
NGA,50k-100k,2020.0,200.0,13989301.0
NGA,>10 millions,2020.0,1.0,12012080.0
RWA,1-2.5 millions,2020.0,1.0,1320690.0
RWA,100k-250k,2020.0,1.0,136160.0
RWA,250k-500k,2020.0,1.0,301566.0
RWA,50k-100k,2020.0,1.0,66535.0
SDN,100k-250k,2020.0,37.0,5718843.0
SDN,250k-500k,2020.0,8.0,3191500.0
SDN,5-10 millions,2020.0,1.0,6426646.0
SDN,500k-1 million,2020.0,5.0,3364377.0
SDN,50k-100k,2020.0,49.0,3549867.0
SEN,1-2.5 millions,2020.0,1.0,1061478.0
SEN,100k-250k,2020.0,6.0,1170142.0
SEN,2.5-5 millions,2020.0,1.0,3528302.0
SEN,250k-500k,2020.0,4.0,1578156.0
SEN,50k-100k,2020.0,13.0,876045.0
SLE,1-2.5 millions,2020.0,1.0,1768832.0
SLE,100k-250k,2020.0,3.0,557193.0
SLE,250k-500k,2020.0,1.0,325066.0
SLE,50k-100k,2020.0,6.0,409463.0
SOM,1-2.5 millions,2020.0,1.0,1413614.0
SOM,100k-250k,2020.0,15.0,2241789.0
SOM,2.5-5 millions,2020.0,1.0,3845484.0
SOM,250k-500k,2020.0,5.0,1748086.0
SOM,50k-100k,2020.0,20.0,1399275.0
SSA,1-2.5 millions,2020.0,36.0,52295777.0
SSA,100k-250k,2020.0,553.0,85158891.0
SSA,2.5-5 millions,2020.0,20.0,72389781.0
SSA,250k-500k,2020.0,137.0,47947635.0
SSA,5-10 millions,2020.0,8.0,52343685.0
SSA,500k-1 million,2020.0,61.0,41973348.0
SSA,50k-100k,2020.0,892.0,61596927.0
SSA,>10 millions,2020.0,2.0,22465625.0
SSD,100k-250k,2020.0,9.0,1372011.0
SSD,250k-500k,2020.0,3.0,984156.0
SSD,50k-100k,2020.0,8.0,541771.0
STP,100k-250k,2020.0,1.0,135122.0
TCD,1-2.5 millions,2020.0,1.0,1645369.0
TCD,100k-250k,2020.0,13.0,1956316.0
TCD,250k-500k,2020.0,2.0,616688.0
TCD,50k-100k,2020.0,16.0,1116274.0
TGO,1-2.5 millions,2020.0,1.0,2249363.0
TGO,100k-250k,2020.0,8.0,1258864.0
TGO,50k-100k,2020.0,8.0,545189.0
TZA,100k-250k,2020.0,17.0,2574048.0
TZA,250k-500k,2020.0,4.0,1403952.0
TZA,5-10 millions,2020.0,1.0,6851004.0
TZA,500k-1 million,2020.0,3.0,2340606.0
TZA,50k-100k,2020.0,13.0,900470.0
UGA,100k-250k,2020.0,9.0,1507310.0
UGA,2.5-5 millions,2020.0,1.0,4233072.0
UGA,250k-500k,2020.0,1.0,300694.0
UGA,50k-100k,2020.0,8.0,558517.0
ZAF,1-2.5 millions,2020.0,3.0,4128800.0
ZAF,100k-250k,2020.0,31.0,5089765.0
ZAF,2.5-5 millions,2020.0,2.0,7205150.0
ZAF,250k-500k,2020.0,7.0,2649393.0
ZAF,5-10 millions,2020.0,1.0,6518726.0
ZAF,500k-1 million,2020.0,2.0,1362131.0
ZAF,50k-100k,2020.0,38.0,2606770.0
ZMB,100k-250k,2020.0,10.0,1643470.0
ZMB,2.5-5 millions,2020.0,1.0,2987634.0
ZMB,250k-500k,2020.0,2.0,790697.0
ZMB,500k-1 million,2020.0,1.0,630846.0
ZMB,50k-100k,2020.0,14.0,982353.0
ZWE,1-2.5 millions,2020.0,1.0,1883591.0
ZWE,100k-250k,2020.0,4.0,535219.0
ZWE,250k-500k,2020.0,1.0,468740.0
ZWE,50k-100k,2020.0,7.0,491333.0
AFE,1-2.5 millions,2021.0,13.0,19126538.0
AFE,100k-250k,2021.0,318.0,49012328.0
AFE,2.5-5 millions,2021.0,8.0,28704304.0
AFE,250k-500k,2021.0,81.0,28445220.0
AFE,5-10 millions,2021.0,5.0,31942189.0
AFE,500k-1 million,2021.0,35.0,23738778.0
AFE,50k-100k,2021.0,477.0,33392342.0
AFE,>10 millions,2021.0,1.0,10551564.0
AFW,1-2.5 millions,2021.0,24.0,35280465.0
AFW,100k-250k,2021.0,243.0,36587542.0
AFW,2.5-5 millions,2021.0,11.0,40191126.0
AFW,250k-500k,2021.0,70.0,23522312.0
AFW,5-10 millions,2021.0,3.0,16552883.0
AFW,500k-1 million,2021.0,29.0,20079896.0
AFW,50k-100k,2021.0,390.0,27408452.0
AFW,>10 millions,2021.0,1.0,12168004.0
AGO,1-2.5 millions,2021.0,2.0,2083376.0000000002
AGO,100k-250k,2021.0,12.0,1837880.0
AGO,250k-500k,2021.0,7.0,2283272.0
AGO,500k-1 million,2021.0,6.0,3804697.0
AGO,50k-100k,2021.0,24.0,1730054.0
BDI,1-2.5 millions,2021.0,1.0,1161962.0
BDI,100k-250k,2021.0,4.0,547720.0
BDI,50k-100k,2021.0,4.0,273337.0
BEN,1-2.5 millions,2021.0,1.0,2316913.0
BEN,100k-250k,2021.0,6.0,689400.0
BEN,250k-500k,2021.0,2.0,615796.0
BEN,500k-1 million,2021.0,1.0,761805.0
BEN,50k-100k,2021.0,15.0,954566.0
BFA,1-2.5 millions,2021.0,1.0,1060477.0
BFA,100k-250k,2021.0,6.0,810930.0
BFA,2.5-5 millions,2021.0,1.0,2992213.0
BFA,50k-100k,2021.0,9.0,603452.0
BWA,100k-250k,2021.0,1.0,231779.0
BWA,50k-100k,2021.0,3.0,243543.0
CAF,1-2.5 millions,2021.0,1.0,1023757.0
CAF,50k-100k,2021.0,4.0,248427.0
CIV,100k-250k,2021.0,14.0,2092452.0000000002
CIV,250k-500k,2021.0,3.0,936089.0
CIV,5-10 millions,2021.0,1.0,6175502.0
CIV,500k-1 million,2021.0,1.0,689000.0
CIV,50k-100k,2021.0,20.0,1361385.0
CMR,100k-250k,2021.0,14.0,2184328.0
CMR,2.5-5 millions,2021.0,2.0,8332298.000000001
CMR,250k-500k,2021.0,5.0,1794879.0
CMR,500k-1 million,2021.0,1.0,640650.0
CMR,50k-100k,2021.0,19.0,1432444.0
COD,1-2.5 millions,2021.0,3.0,5567548.0
COD,100k-250k,2021.0,63.0,10014057.0
COD,2.5-5 millions,2021.0,1.0,3416477.0
COD,250k-500k,2021.0,17.0,5697543.0
COD,500k-1 million,2021.0,9.0,6372966.0
COD,50k-100k,2021.0,90.0,6285297.0
COD,>10 millions,2021.0,1.0,10551564.0
COG,1-2.5 millions,2021.0,1.0,1504176.0
COG,100k-250k,2021.0,1.0,116955.0
COG,2.5-5 millions,2021.0,1.0,3366152.0
COM,100k-250k,2021.0,2.0,380686.0
CPV,100k-250k,2021.0,1.0,132020.0
CPV,50k-100k,2021.0,1.0,72423.0
ERI,100k-250k,2021.0,3.0,613291.0
ERI,250k-500k,2021.0,1.0,329273.0
ERI,50k-100k,2021.0,5.0,367026.0
ETH,100k-250k,2021.0,65.0,9379242.0
ETH,250k-500k,2021.0,12.0,4303259.0
ETH,5-10 millions,2021.0,1.0,6067956.0
ETH,500k-1 million,2021.0,1.0,544473.0
ETH,50k-100k,2021.0,141.0,9707328.0
GAB,100k-250k,2021.0,1.0,104519.0
GAB,500k-1 million,2021.0,1.0,878460.0
GAB,50k-100k,2021.0,3.0,236951.0
GHA,1-2.5 millions,2021.0,1.0,1054679.0
GHA,100k-250k,2021.0,13.0,2031852.0
GHA,2.5-5 millions,2021.0,1.0,4063414.0
GHA,250k-500k,2021.0,1.0,256600.00000000003
GHA,5-10 millions,2021.0,1.0,5284096.0
GHA,500k-1 million,2021.0,1.0,630963.0
GHA,50k-100k,2021.0,35.0,2530675.0
GIN,100k-250k,2021.0,5.0,845019.0
GIN,2.5-5 millions,2021.0,1.0,2588269.0
GIN,250k-500k,2021.0,2.0,517563.0
GIN,50k-100k,2021.0,11.0,749013.0
GMB,1-2.5 millions,2021.0,1.0,1084139.0
GMB,100k-250k,2021.0,1.0,169658.0
GMB,50k-100k,2021.0,2.0,129523.0
GNB,500k-1 million,2021.0,1.0,584857.0
GNB,50k-100k,2021.0,2.0,146990.0
GNQ,500k-1 million,2021.0,2.0,1474082.0
KEN,1-2.5 millions,2021.0,1.0,1390307.0
KEN,100k-250k,2021.0,15.0,2095795.9999999998
KEN,250k-500k,2021.0,3.0,1107868.0
KEN,5-10 millions,2021.0,1.0,5700803.0
KEN,500k-1 million,2021.0,1.0,537961.0
KEN,50k-100k,2021.0,21.0,1437806.0
LBR,1-2.5 millions,2021.0,1.0,1790393.0
LBR,50k-100k,2021.0,8.0,531733.0
LSO,250k-500k,2021.0,1.0,278990.0
MDG,100k-250k,2021.0,7.0,1181963.0
MDG,2.5-5 millions,2021.0,1.0,3599336.0
MDG,50k-100k,2021.0,10.0,666507.0
MLI,100k-250k,2021.0,3.0,387966.0
MLI,2.5-5 millions,2021.0,1.0,3769569.0
MLI,250k-500k,2021.0,4.0,1138238.0
MLI,50k-100k,2021.0,7.0,478864.0
MOZ,100k-250k,2021.0,9.0,1427792.0
MOZ,2.5-5 millions,2021.0,1.0,2975830.0
MOZ,250k-500k,2021.0,4.0,1437622.0
MOZ,500k-1 million,2021.0,2.0,1364769.0
MOZ,50k-100k,2021.0,21.0,1460364.0
MRT,1-2.5 millions,2021.0,1.0,1403462.0
MRT,100k-250k,2021.0,1.0,156937.0
MRT,50k-100k,2021.0,3.0,224805.0
MUS,500k-1 million,2021.0,1.0,552939.0
MWI,100k-250k,2021.0,2.0,319494.0
MWI,500k-1 million,2021.0,2.0,1714919.0
MWI,50k-100k,2021.0,2.0,132937.0
NAM,250k-500k,2021.0,1.0,375541.0
NAM,50k-100k,2021.0,3.0,202871.0
NER,1-2.5 millions,2021.0,1.0,1341120.0
NER,100k-250k,2021.0,12.0,1637331.0
NER,250k-500k,2021.0,2.0,611278.0
NER,500k-1 million,2021.0,2.0,1273175.0
NER,50k-100k,2021.0,13.0,843887.0
NGA,1-2.5 millions,2021.0,11.0,15833869.0
NGA,100k-250k,2021.0,133.0,19953248.0
NGA,2.5-5 millions,2021.0,3.0,11486074.0
NGA,250k-500k,2021.0,44.0,15067607.0
NGA,5-10 millions,2021.0,1.0,5093285.0
NGA,500k-1 million,2021.0,19.0,13146904.0
NGA,50k-100k,2021.0,197.0,14015031.0
NGA,>10 millions,2021.0,1.0,12168004.0
RWA,1-2.5 millions,2021.0,1.0,1353294.0
RWA,100k-250k,2021.0,1.0,140125.0
RWA,250k-500k,2021.0,1.0,308845.0
RWA,50k-100k,2021.0,1.0,68320.0
SDN,100k-250k,2021.0,36.0,5570707.0
SDN,250k-500k,2021.0,9.0,3497692.0
SDN,5-10 millions,2021.0,1.0,6503188.0
SDN,500k-1 million,2021.0,5.0,3395499.0
SDN,50k-100k,2021.0,49.0,3615931.0
SEN,1-2.5 millions,2021.0,1.0,1079493.0
SEN,100k-250k,2021.0,6.0,1195261.0
SEN,2.5-5 millions,2021.0,1.0,3593137.0
SEN,250k-500k,2021.0,4.0,1616514.0
SEN,50k-100k,2021.0,13.0,895928.0
SLE,1-2.5 millions,2021.0,1.0,1802218.0
SLE,100k-250k,2021.0,3.0,564014.0
SLE,250k-500k,2021.0,1.0,329250.0
SLE,50k-100k,2021.0,6.0,419819.0
SOM,1-2.5 millions,2021.0,1.0,1449600.0
SOM,100k-250k,2021.0,14.0,2065989.0
SOM,2.5-5 millions,2021.0,1.0,3956273.0
SOM,250k-500k,2021.0,6.0,2049734.0
SOM,50k-100k,2021.0,20.0,1442097.0
SSA,1-2.5 millions,2021.0,37.0,54407003.0
SSA,100k-250k,2021.0,561.0,85599870.0
SSA,2.5-5 millions,2021.0,19.0,68895430.0
SSA,250k-500k,2021.0,151.0,51967532.0
SSA,5-10 millions,2021.0,8.0,48495072.0
SSA,500k-1 million,2021.0,64.0,43818674.0
SSA,50k-100k,2021.0,867.0,60800794.0
SSA,>10 millions,2021.0,2.0,22719568.0
SSD,100k-250k,2021.0,9.0,1396712.0
SSD,250k-500k,2021.0,3.0,1016544.0
SSD,500k-1 million,2021.0,1.0,516794.99999999994
SSD,50k-100k,2021.0,8.0,563101.0
STP,100k-250k,2021.0,1.0,137727.0
TCD,1-2.5 millions,2021.0,1.0,1703277.0
TCD,100k-250k,2021.0,15.0,2225943.0
TCD,250k-500k,2021.0,2.0,638498.0
TCD,50k-100k,2021.0,14.0,971903.0
TGO,1-2.5 millions,2021.0,1.0,2282492.0
TGO,100k-250k,2021.0,8.0,1289709.0
TGO,50k-100k,2021.0,8.0,560633.0
TZA,100k-250k,2021.0,19.0,2872649.0
TZA,250k-500k,2021.0,4.0,1453275.0
TZA,5-10 millions,2021.0,1.0,7039826.0
TZA,500k-1 million,2021.0,3.0,2415783.0
TZA,50k-100k,2021.0,11.0,733613.0
UGA,100k-250k,2021.0,9.0,1409323.0
UGA,2.5-5 millions,2021.0,1.0,4362646.0
UGA,250k-500k,2021.0,2.0,584087.0
UGA,50k-100k,2021.0,7.0,478192.0
ZAF,1-2.5 millions,2021.0,3.0,4190139.0
ZAF,100k-250k,2021.0,32.0,5302940.0
ZAF,2.5-5 millions,2021.0,2.0,7301490.0
ZAF,250k-500k,2021.0,7.0,2684336.0
ZAF,5-10 millions,2021.0,1.0,6630416.0
ZAF,500k-1 million,2021.0,2.0,1376594.0
ZAF,50k-100k,2021.0,37.0,2571423.0
ZMB,100k-250k,2021.0,10.0,1539788.0
ZMB,2.5-5 millions,2021.0,1.0,3092252.0
ZMB,250k-500k,2021.0,2.0,563793.0
ZMB,500k-1 million,2021.0,2.0,1141383.0
ZMB,50k-100k,2021.0,13.0,908150.0
ZWE,1-2.5 millions,2021.0,1.0,1930312.0
ZWE,100k-250k,2021.0,4.0,546668.0
ZWE,250k-500k,2021.0,1.0,473546.0
ZWE,50k-100k,2021.0,7.0,504445.0
AFE,1-2.5 millions,2022.0,12.0,17034591.0
AFE,100k-250k,2022.0,326.0,50238159.0
AFE,2.5-5 millions,2022.0,9.0,31888188.0
AFE,250k-500k,2022.0,84.0,29237949.0
AFE,5-10 millions,2022.0,5.0,32587063.0
AFE,500k-1 million,2022.0,38.0,25734937.0
AFE,50k-100k,2022.0,463.0,32934878.0
AFE,>10 millions,2022.0,2.0,21062933.0
AFW,1-2.5 millions,2022.0,24.0,35951776.0
AFW,100k-250k,2022.0,247.0,36932648.0
AFW,2.5-5 millions,2022.0,11.0,41040974.0
AFW,250k-500k,2022.0,75.0,24808046.0
AFW,5-10 millions,2022.0,3.0,16875212.0
AFW,500k-1 million,2022.0,31.0,21468285.0
AFW,50k-100k,2022.0,380.0,27061173.0
AFW,>10 millions,2022.0,1.0,12323928.0
AGO,1-2.5 millions,2022.0,2.0,2172114.0
AGO,100k-250k,2022.0,13.0,1838694.0
AGO,250k-500k,2022.0,8.0,2650869.0
AGO,500k-1 million,2022.0,6.0,3882843.0
AGO,50k-100k,2022.0,22.0,1582251.0
AGO,>10 millions,2022.0,1.0,10413349.0
BDI,1-2.5 millions,2022.0,1.0,1183212.0
BDI,100k-250k,2022.0,5.0,664636.0
BDI,50k-100k,2022.0,3.0,179335.0
BEN,1-2.5 millions,2022.0,1.0,2364307.0
BEN,100k-250k,2022.0,6.0,709843.0
BEN,250k-500k,2022.0,2.0,634187.0
BEN,500k-1 million,2022.0,1.0,776008.0
BEN,50k-100k,2022.0,15.0,975296.0
BFA,1-2.5 millions,2022.0,1.0,1076614.0
BFA,100k-250k,2022.0,6.0,827842.0
BFA,2.5-5 millions,2022.0,1.0,3045715.0
BFA,50k-100k,2022.0,9.0,613942.0
BWA,100k-250k,2022.0,1.0,237463.0
BWA,50k-100k,2022.0,3.0,253506.0
CAF,1-2.5 millions,2022.0,1.0,1032055.0000000001
CAF,50k-100k,2022.0,4.0,251060.0
CIV,100k-250k,2022.0,14.0,2136523.0
CIV,250k-500k,2022.0,3.0,955089.0
CIV,5-10 millions,2022.0,1.0,6287055.0
CIV,500k-1 million,2022.0,1.0,697923.0
CIV,50k-100k,2022.0,20.0,1391490.0
CMR,100k-250k,2022.0,14.0,2255602.0
CMR,2.5-5 millions,2022.0,2.0,8551874.0
CMR,250k-500k,2022.0,5.0,1825368.0
CMR,500k-1 million,2022.0,1.0,650180.0
CMR,50k-100k,2022.0,19.0,1469496.0
COD,1-2.5 millions,2022.0,2.0,3172489.0
COD,100k-250k,2022.0,66.0,10482521.0
COD,2.5-5 millions,2022.0,2.0,6032195.0
COD,250k-500k,2022.0,18.0,6132127.0
COD,500k-1 million,2022.0,9.0,6530188.0
COD,50k-100k,2022.0,86.0,6099544.0
COD,>10 millions,2022.0,1.0,10649584.0
COG,1-2.5 millions,2022.0,1.0,1543766.0
COG,100k-250k,2022.0,1.0,120754.0
COG,2.5-5 millions,2022.0,1.0,3438695.0
COM,100k-250k,2022.0,2.0,387543.0
CPV,100k-250k,2022.0,1.0,132771.0
CPV,50k-100k,2022.0,1.0,72675.0
ERI,100k-250k,2022.0,3.0,620523.0
ERI,250k-500k,2022.0,1.0,335619.0
ERI,50k-100k,2022.0,5.0,373962.0
ETH,100k-250k,2022.0,67.0,9804039.0
ETH,250k-500k,2022.0,12.0,4411535.0
ETH,5-10 millions,2022.0,1.0,6227393.0
ETH,500k-1 million,2022.0,1.0,554568.0
ETH,50k-100k,2022.0,139.0,9750156.0
GAB,100k-250k,2022.0,2.0,207636.0
GAB,250k-500k,2022.0,1.0,263715.0
GAB,500k-1 million,2022.0,1.0,889149.0
GAB,50k-100k,2022.0,2.0,141164.0
GHA,1-2.5 millions,2022.0,1.0,1072868.0
GHA,100k-250k,2022.0,15.0,2278919.0
GHA,2.5-5 millions,2022.0,1.0,4122057.0
GHA,250k-500k,2022.0,1.0,262845.0
GHA,5-10 millions,2022.0,1.0,5361267.0
GHA,500k-1 million,2022.0,1.0,636939.0
GHA,50k-100k,2022.0,33.0,2390183.0
GIN,100k-250k,2022.0,4.0,621117.0
GIN,2.5-5 millions,2022.0,1.0,2623123.0
GIN,250k-500k,2022.0,3.0,782518.0
GIN,50k-100k,2022.0,11.0,766085.0
GMB,1-2.5 millions,2022.0,1.0,1102330.0
GMB,100k-250k,2022.0,1.0,173324.0
GMB,50k-100k,2022.0,2.0,132395.0
GNB,500k-1 million,2022.0,1.0,591803.0
GNB,50k-100k,2022.0,2.0,149950.0
GNQ,500k-1 million,2022.0,2.0,1510115.0
KEN,1-2.5 millions,2022.0,1.0,1406782.0
KEN,100k-250k,2022.0,16.0,2275893.0
KEN,250k-500k,2022.0,3.0,1126454.0
KEN,5-10 millions,2022.0,1.0,5809186.0
KEN,500k-1 million,2022.0,1.0,546994.0
KEN,50k-100k,2022.0,20.0,1390981.0
LBR,1-2.5 millions,2022.0,1.0,1812568.0
LBR,50k-100k,2022.0,8.0,542037.0
LSO,250k-500k,2022.0,1.0,280953.0
MDG,100k-250k,2022.0,7.0,1231291.0
MDG,2.5-5 millions,2022.0,1.0,3678557.0
MDG,50k-100k,2022.0,10.0,678967.0
MLI,100k-250k,2022.0,3.0,397044.0
MLI,2.5-5 millions,2022.0,1.0,3888397.0
MLI,250k-500k,2022.0,4.0,1165583.0
MLI,50k-100k,2022.0,7.0,498109.0
MOZ,100k-250k,2022.0,8.0,1218362.0
MOZ,2.5-5 millions,2022.0,1.0,3023454.0
MOZ,250k-500k,2022.0,5.0,1735722.0
MOZ,500k-1 million,2022.0,2.0,1397046.0
MOZ,50k-100k,2022.0,21.0,1516358.0
MRT,1-2.5 millions,2022.0,1.0,1443001.0
MRT,100k-250k,2022.0,1.0,162543.0
MRT,50k-100k,2022.0,3.0,229983.0
MUS,500k-1 million,2022.0,1.0,551958.0
MWI,100k-250k,2022.0,2.0,333004.0
MWI,500k-1 million,2022.0,2.0,1753861.0
MWI,50k-100k,2022.0,2.0,135077.0
NAM,250k-500k,2022.0,1.0,384095.0
NAM,50k-100k,2022.0,3.0,213376.0
NER,1-2.5 millions,2022.0,1.0,1356127.0
NER,100k-250k,2022.0,12.0,1675793.0
NER,250k-500k,2022.0,2.0,627852.0
NER,500k-1 million,2022.0,2.0,1306487.0
NER,50k-100k,2022.0,13.0,870397.0
NGA,1-2.5 millions,2022.0,11.0,16138222.0
NGA,100k-250k,2022.0,137.0,20322424.0
NGA,2.5-5 millions,2022.0,3.0,11713142.0
NGA,250k-500k,2022.0,46.0,15642218.0
NGA,5-10 millions,2022.0,1.0,5226890.0
NGA,500k-1 million,2022.0,20.0,13901245.0
NGA,50k-100k,2022.0,190.0,13628981.0
NGA,>10 millions,2022.0,1.0,12323928.0
RWA,1-2.5 millions,2022.0,1.0,1385898.0
RWA,100k-250k,2022.0,1.0,144090.0
RWA,250k-500k,2022.0,1.0,316124.0
RWA,50k-100k,2022.0,1.0,70105.0
SDN,100k-250k,2022.0,38.0,5869356.0
SDN,250k-500k,2022.0,7.0,2552615.0
SDN,5-10 millions,2022.0,1.0,6579730.0
SDN,500k-1 million,2022.0,7.0,4433227.0
SDN,50k-100k,2022.0,47.0,3479874.0
SEN,1-2.5 millions,2022.0,1.0,1097507.0
SEN,100k-250k,2022.0,5.0,967669.0
SEN,2.5-5 millions,2022.0,1.0,3657971.0
SEN,250k-500k,2022.0,4.0,1399149.0
SEN,500k-1 million,2022.0,1.0,508436.0
SEN,50k-100k,2022.0,13.0,915810.0
SLE,1-2.5 millions,2022.0,1.0,1835604.0
SLE,100k-250k,2022.0,3.0,570835.0
SLE,250k-500k,2022.0,1.0,333435.0
SLE,50k-100k,2022.0,6.0,430175.0
SOM,1-2.5 millions,2022.0,1.0,1485585.0
SOM,100k-250k,2022.0,14.0,1981327.0
SOM,2.5-5 millions,2022.0,1.0,4067062.0
SOM,250k-500k,2022.0,7.0,2361086.0
SOM,50k-100k,2022.0,19.0,1384078.0
SSA,1-2.5 millions,2022.0,36.0,52986367.0
SSA,100k-250k,2022.0,573.0,87170807.0
SSA,2.5-5 millions,2022.0,20.0,72929162.0
SSA,250k-500k,2022.0,159.0,54045995.0
SSA,5-10 millions,2022.0,8.0,49462275.0
SSA,500k-1 million,2022.0,69.0,47203222.0
SSA,50k-100k,2022.0,843.0,59996051.0
SSA,>10 millions,2022.0,3.0,33386861.0
SSD,100k-250k,2022.0,9.0,1269159.0
SSD,250k-500k,2022.0,4.0,1302079.0
SSD,500k-1 million,2022.0,1.0,532957.0
SSD,50k-100k,2022.0,7.0,483537.0
STP,100k-250k,2022.0,1.0,140331.0
TCD,1-2.5 millions,2022.0,1.0,1761185.0
TCD,100k-250k,2022.0,14.0,2051455.0
TCD,250k-500k,2022.0,3.0,916087.0
TCD,50k-100k,2022.0,14.0,1015868.0
TGO,1-2.5 millions,2022.0,1.0,2315622.0
TGO,100k-250k,2022.0,8.0,1320554.0
TGO,50k-100k,2022.0,8.0,576077.0
TZA,100k-250k,2022.0,18.0,2718892.0
TZA,250k-500k,2022.0,4.0,1251241.0
TZA,5-10 millions,2022.0,1.0,7228648.0
TZA,500k-1 million,2022.0,4.0,3000735.0
TZA,50k-100k,2022.0,11.0,760696.0
UGA,100k-250k,2022.0,9.0,1460010.0
UGA,2.5-5 millions,2022.0,1.0,4492221.0
UGA,250k-500k,2022.0,2.0,619529.0
UGA,50k-100k,2022.0,7.0,497145.0
ZAF,1-2.5 millions,2022.0,3.0,4251478.0
ZAF,100k-250k,2022.0,32.0,5416237.0
ZAF,2.5-5 millions,2022.0,2.0,7397829.0
ZAF,250k-500k,2022.0,7.0,2719280.0
ZAF,5-10 millions,2022.0,1.0,6742106.0
ZAF,500k-1 million,2022.0,2.0,1391058.0
ZAF,50k-100k,2022.0,37.0,2635953.0
ZMB,100k-250k,2022.0,10.0,1586671.0
ZMB,2.5-5 millions,2022.0,1.0,3196870.0
ZMB,250k-500k,2022.0,2.0,580269.0
ZMB,500k-1 million,2022.0,2.0,1159502.0
ZMB,50k-100k,2022.0,13.0,932420.0
ZWE,1-2.5 millions,2022.0,1.0,1977033.0
ZWE,100k-250k,2022.0,4.0,558117.0
ZWE,250k-500k,2022.0,1.0,478352.0
ZWE,50k-100k,2022.0,7.0,517557.0
AFE,1-2.5 millions,2023.0,13.0,18432755.0
AFE,100k-250k,2023.0,328.0,50705562.0
AFE,2.5-5 millions,2023.0,9.0,32591821.0
AFE,250k-500k,2023.0,90.0,31319687.0
AFE,5-10 millions,2023.0,5.0,33231937.0
AFE,500k-1 million,2023.0,38.0,25736372.0
AFE,50k-100k,2023.0,454.0,32931705.0
AFE,>10 millions,2023.0,2.0,21479878.0
AFW,1-2.5 millions,2023.0,24.0,36623088.0
AFW,100k-250k,2023.0,260.0,38927132.0
AFW,2.5-5 millions,2023.0,11.0,41890821.0
AFW,250k-500k,2023.0,75.0,25102870.0
AFW,5-10 millions,2023.0,3.0,17197541.0
AFW,500k-1 million,2023.0,32.0,22370086.0
AFW,50k-100k,2023.0,366.0,26288676.0
AFW,>10 millions,2023.0,1.0,12479851.0
AGO,1-2.5 millions,2023.0,2.0,2260853.0
AGO,100k-250k,2023.0,13.0,1894076.0
AGO,250k-500k,2023.0,8.0,2768794.0
AGO,500k-1 million,2023.0,6.0,3960989.0
AGO,50k-100k,2023.0,22.0,1629553.0
AGO,>10 millions,2023.0,1.0,10732275.0
BDI,1-2.5 millions,2023.0,1.0,1204461.0
BDI,100k-250k,2023.0,5.0,682903.0
BDI,50k-100k,2023.0,3.0,183983.0
BEN,1-2.5 millions,2023.0,1.0,2411701.0
BEN,100k-250k,2023.0,7.0,830676.0
BEN,250k-500k,2023.0,2.0,652578.0
BEN,500k-1 million,2023.0,1.0,790211.0
BEN,50k-100k,2023.0,14.0,895636.0
BFA,1-2.5 millions,2023.0,1.0,1092750.0
BFA,100k-250k,2023.0,6.0,844754.0
BFA,2.5-5 millions,2023.0,1.0,3099218.0
BFA,50k-100k,2023.0,9.0,624432.0
BWA,100k-250k,2023.0,1.0,243148.0
BWA,50k-100k,2023.0,3.0,263470.0
CAF,1-2.5 millions,2023.0,1.0,1040353.0000000001
CAF,50k-100k,2023.0,4.0,253692.0
CIV,100k-250k,2023.0,14.0,2180593.0
CIV,250k-500k,2023.0,3.0,974089.0
CIV,5-10 millions,2023.0,1.0,6398607.0
CIV,500k-1 million,2023.0,1.0,706846.0
CIV,50k-100k,2023.0,20.0,1421595.0
CMR,100k-250k,2023.0,15.0,2427830.0
CMR,2.5-5 millions,2023.0,2.0,8771450.0
CMR,250k-500k,2023.0,4.0,1351038.0
CMR,500k-1 million,2023.0,2.0,1164528.0
CMR,50k-100k,2023.0,18.0,1405594.0
COD,1-2.5 millions,2023.0,3.0,4267540.0
COD,100k-250k,2023.0,68.0,11009167.0
COD,2.5-5 millions,2023.0,2.0,6167661.0
COD,250k-500k,2023.0,18.0,6320965.0
COD,500k-1 million,2023.0,8.0,5677553.0
COD,50k-100k,2023.0,84.0,6101358.0
COD,>10 millions,2023.0,1.0,10747603.0
COG,1-2.5 millions,2023.0,1.0,1583357.0
COG,100k-250k,2023.0,1.0,124554.0
COG,2.5-5 millions,2023.0,1.0,3511237.0
COM,100k-250k,2023.0,2.0,394400.0
CPV,100k-250k,2023.0,1.0,133521.0
CPV,50k-100k,2023.0,1.0,72927.0
ERI,100k-250k,2023.0,2.0,375468.0
ERI,250k-500k,2023.0,2.0,594252.0
ERI,50k-100k,2023.0,5.0,380897.0
ETH,100k-250k,2023.0,65.0,9525364.0
ETH,250k-500k,2023.0,14.0,5028612.0
ETH,5-10 millions,2023.0,1.0,6386830.0
ETH,500k-1 million,2023.0,1.0,564663.0
ETH,50k-100k,2023.0,139.0,9987655.0
GAB,100k-250k,2023.0,2.0,210823.0
GAB,250k-500k,2023.0,1.0,274098.0
GAB,500k-1 million,2023.0,1.0,899838.0
GAB,50k-100k,2023.0,2.0,145307.0
GHA,1-2.5 millions,2023.0,1.0,1091058.0
GHA,100k-250k,2023.0,16.0,2429027.0
GHA,2.5-5 millions,2023.0,1.0,4180698.9999999995
GHA,250k-500k,2023.0,1.0,269089.0
GHA,5-10 millions,2023.0,1.0,5438438.0
GHA,500k-1 million,2023.0,1.0,642915.0
GHA,50k-100k,2023.0,32.0,2346650.0
GIN,100k-250k,2023.0,4.0,634183.0
GIN,2.5-5 millions,2023.0,1.0,2657977.0
GIN,250k-500k,2023.0,3.0,810505.0
GIN,50k-100k,2023.0,11.0,783156.0
GMB,1-2.5 millions,2023.0,1.0,1120521.0
GMB,100k-250k,2023.0,1.0,176989.0
GMB,50k-100k,2023.0,2.0,135266.0
GNB,500k-1 million,2023.0,1.0,598750.0
GNB,50k-100k,2023.0,2.0,152909.0
GNQ,500k-1 million,2023.0,2.0,1546149.0
KEN,1-2.5 millions,2023.0,1.0,1423257.0
KEN,100k-250k,2023.0,17.0,2460288.0
KEN,250k-500k,2023.0,3.0,1145040.0
KEN,5-10 millions,2023.0,1.0,5917569.0
KEN,500k-1 million,2023.0,1.0,556026.0
KEN,50k-100k,2023.0,19.0,1339858.0
LBR,1-2.5 millions,2023.0,1.0,1834742.0
LBR,50k-100k,2023.0,8.0,552341.0
LSO,250k-500k,2023.0,1.0,282916.0
MDG,100k-250k,2023.0,5.0,764998.0
MDG,2.5-5 millions,2023.0,1.0,3757778.0
MDG,250k-500k,2023.0,2.0,515621.0
MDG,50k-100k,2023.0,10.0,691426.0
MLI,100k-250k,2023.0,3.0,406123.0
MLI,2.5-5 millions,2023.0,1.0,4007225.0
MLI,250k-500k,2023.0,4.0,1192927.0
MLI,50k-100k,2023.0,7.0,517354.00000000006
MOZ,100k-250k,2023.0,9.0,1360906.0
MOZ,2.5-5 millions,2023.0,1.0,3071079.0
MOZ,250k-500k,2023.0,5.0,1784247.0
MOZ,500k-1 million,2023.0,2.0,1429323.0
MOZ,50k-100k,2023.0,20.0,1469953.0
MRT,1-2.5 millions,2023.0,1.0,1482540.0
MRT,100k-250k,2023.0,2.0,268299.0
MRT,50k-100k,2023.0,2.0,135012.0
MUS,500k-1 million,2023.0,1.0,550977.0
MWI,100k-250k,2023.0,2.0,346514.0
MWI,500k-1 million,2023.0,2.0,1792803.0
MWI,50k-100k,2023.0,2.0,137217.0
NAM,250k-500k,2023.0,1.0,392650.0
NAM,50k-100k,2023.0,3.0,223881.0
NER,1-2.5 millions,2023.0,1.0,1371135.0
NER,100k-250k,2023.0,13.0,1814437.0
NER,250k-500k,2023.0,2.0,644427.0
NER,500k-1 million,2023.0,2.0,1339799.0
NER,50k-100k,2023.0,12.0,796727.0
NGA,1-2.5 millions,2023.0,11.0,16442574.0
NGA,100k-250k,2023.0,144.0,21301424.0
NGA,2.5-5 millions,2023.0,3.0,11940209.0
NGA,250k-500k,2023.0,47.0,16223042.0
NGA,5-10 millions,2023.0,1.0,5360496.0
NGA,500k-1 million,2023.0,20.0,14157703.0
NGA,50k-100k,2023.0,182.0,13124778.0
NGA,>10 millions,2023.0,1.0,12479851.0
RWA,1-2.5 millions,2023.0,1.0,1418503.0
RWA,100k-250k,2023.0,1.0,148054.0
RWA,250k-500k,2023.0,1.0,323404.0
RWA,50k-100k,2023.0,1.0,71890.0
SDN,100k-250k,2023.0,40.0,6024068.0
SDN,250k-500k,2023.0,8.0,2848840.0
SDN,5-10 millions,2023.0,1.0,6656272.0
SDN,500k-1 million,2023.0,7.0,4480212.0
SDN,50k-100k,2023.0,44.0,3237195.0
SEN,1-2.5 millions,2023.0,1.0,1115522.0
SEN,100k-250k,2023.0,5.0,986887.0
SEN,2.5-5 millions,2023.0,1.0,3722806.0
SEN,250k-500k,2023.0,4.0,1428495.0
SEN,500k-1 million,2023.0,1.0,523347.0
SEN,50k-100k,2023.0,13.0,935693.0
SLE,1-2.5 millions,2023.0,1.0,1868990.0
SLE,100k-250k,2023.0,3.0,577656.0
SLE,250k-500k,2023.0,1.0,337619.0
SLE,50k-100k,2023.0,6.0,440530.0
SOM,1-2.5 millions,2023.0,1.0,1521571.0
SOM,100k-250k,2023.0,15.0,2139125.0
SOM,2.5-5 millions,2023.0,1.0,4177852.0
SOM,250k-500k,2023.0,7.0,2433627.0
SOM,50k-100k,2023.0,18.0,1322411.0
SSA,1-2.5 millions,2023.0,37.0,55055843.0
SSA,100k-250k,2023.0,588.0,89632694.0
SSA,2.5-5 millions,2023.0,20.0,74482642.0
SSA,250k-500k,2023.0,165.0,56422557.0
SSA,5-10 millions,2023.0,8.0,50429478.0
SSA,500k-1 million,2023.0,70.0,48106458.0
SSA,50k-100k,2023.0,820.0,59220381.0
SSA,>10 millions,2023.0,3.0,33959729.0
SSD,100k-250k,2023.0,9.0,1292737.0
SSD,250k-500k,2023.0,4.0,1340140.0
SSD,500k-1 million,2023.0,1.0,549119.0
SSD,50k-100k,2023.0,7.0,500316.0
STP,100k-250k,2023.0,1.0,142935.0
TCD,1-2.5 millions,2023.0,1.0,1819093.0
TCD,100k-250k,2023.0,15.0,2227958.0
TCD,250k-500k,2023.0,3.0,944963.0
TCD,50k-100k,2023.0,13.0,957556.0
TGO,1-2.5 millions,2023.0,1.0,2348752.0
TGO,100k-250k,2023.0,8.0,1351398.0
TGO,50k-100k,2023.0,8.0,591521.0
TZA,100k-250k,2023.0,18.0,2658058.0
TZA,250k-500k,2023.0,5.0,1557311.0
TZA,5-10 millions,2023.0,1.0,7417470.0
TZA,500k-1 million,2023.0,4.0,3085736.0
TZA,50k-100k,2023.0,10.0,686702.0
UGA,100k-250k,2023.0,9.0,1510697.0
UGA,2.5-5 millions,2023.0,1.0,4621795.0
UGA,250k-500k,2023.0,2.0,654970.0
UGA,50k-100k,2023.0,7.0,516097.99999999994
ZAF,1-2.5 millions,2023.0,3.0,4312817.0
ZAF,100k-250k,2023.0,32.0,5529535.0
ZAF,2.5-5 millions,2023.0,2.0,7494169.0
ZAF,250k-500k,2023.0,6.0,2248394.0
ZAF,5-10 millions,2023.0,1.0,6853796.0
ZAF,500k-1 million,2023.0,3.0,1911351.0
ZAF,50k-100k,2023.0,37.0,2700483.0
ZMB,100k-250k,2023.0,10.0,1633555.0
ZMB,2.5-5 millions,2023.0,1.0,3301487.0
ZMB,250k-500k,2023.0,2.0,596745.0
ZMB,500k-1 million,2023.0,2.0,1177620.0
ZMB,50k-100k,2023.0,13.0,956691.0
ZWE,1-2.5 millions,2023.0,1.0,2023753.0
ZWE,100k-250k,2023.0,4.0,569566.0
ZWE,250k-500k,2023.0,1.0,483159.0
ZWE,50k-100k,2023.0,7.0,530668.0
AFE,1-2.5 millions,2024.0,13.0,18843476.0
AFE,100k-250k,2024.0,339.0,51916622.0
AFE,2.5-5 millions,2024.0,9.0,33295451.0
AFE,250k-500k,2024.0,97.0,33705503.0
AFE,5-10 millions,2024.0,5.0,33876811.0
AFE,500k-1 million,2024.0,39.0,26733558.0
AFE,50k-100k,2024.0,435.0,31872486.0
AFE,>10 millions,2024.0,2.0,21896823.0
AFW,1-2.5 millions,2024.0,25.0,38302197.0
AFW,100k-250k,2024.0,267.0,40355975.0
AFW,2.5-5 millions,2024.0,11.0,42740670.0
AFW,250k-500k,2024.0,74.0,24881552.0
AFW,5-10 millions,2024.0,3.0,17519869.0
AFW,500k-1 million,2024.0,33.0,22783906.0
AFW,50k-100k,2024.0,358.0,26078149.0
AFW,>10 millions,2024.0,1.0,12635775.0
AGO,1-2.5 millions,2024.0,2.0,2349592.0
AGO,100k-250k,2024.0,13.0,1949457.0
AGO,250k-500k,2024.0,8.0,2886719.0
AGO,500k-1 million,2024.0,6.0,4039135.0
AGO,50k-100k,2024.0,22.0,1676855.0
AGO,>10 millions,2024.0,1.0,11051201.0
BDI,1-2.5 millions,2024.0,1.0,1225710.0
BDI,100k-250k,2024.0,5.0,701171.0
BDI,50k-100k,2024.0,3.0,188630.0
BEN,1-2.5 millions,2024.0,1.0,2459095.0
BEN,100k-250k,2024.0,7.0,853269.0
BEN,250k-500k,2024.0,2.0,670970.0
BEN,500k-1 million,2024.0,1.0,804414.0
BEN,50k-100k,2024.0,14.0,914216.0
BFA,1-2.5 millions,2024.0,1.0,1108886.0
BFA,100k-250k,2024.0,6.0,861665.0
BFA,2.5-5 millions,2024.0,1.0,3152720.0
BFA,50k-100k,2024.0,9.0,634923.0
BWA,100k-250k,2024.0,1.0,248833.0
BWA,50k-100k,2024.0,3.0,273433.0
CAF,1-2.5 millions,2024.0,1.0,1048651.0
CAF,50k-100k,2024.0,4.0,256325.0
CIV,100k-250k,2024.0,14.0,2224664.0
CIV,250k-500k,2024.0,3.0,993089.0
CIV,5-10 millions,2024.0,1.0,6510159.0
CIV,500k-1 million,2024.0,1.0,715768.0
CIV,50k-100k,2024.0,20.0,1451700.0
CMR,100k-250k,2024.0,16.0,2601119.0
CMR,2.5-5 millions,2024.0,2.0,8991027.0
CMR,250k-500k,2024.0,4.0,1370585.0
CMR,500k-1 million,2024.0,2.0,1184999.0
CMR,50k-100k,2024.0,17.0,1340630.0
COD,1-2.5 millions,2024.0,3.0,4375148.0
COD,100k-250k,2024.0,73.0,11686550.0
COD,2.5-5 millions,2024.0,2.0,6303126.0
COD,250k-500k,2024.0,18.0,6263103.0
COD,500k-1 million,2024.0,9.0,6318209.0
COD,50k-100k,2024.0,78.0,5693284.0
COD,>10 millions,2024.0,1.0,10845622.0
COG,1-2.5 millions,2024.0,1.0,1622947.0
COG,100k-250k,2024.0,1.0,128354.00000000001
COG,2.5-5 millions,2024.0,1.0,3583780.0
COM,100k-250k,2024.0,2.0,401257.0
CPV,100k-250k,2024.0,1.0,134272.0
CPV,50k-100k,2024.0,1.0,73179.0
ERI,100k-250k,2024.0,2.0,380394.0
ERI,250k-500k,2024.0,2.0,602902.0
ERI,50k-100k,2024.0,5.0,387833.0
ETH,100k-250k,2024.0,69.0,10151815.0
ETH,250k-500k,2024.0,14.0,5148032.0
ETH,5-10 millions,2024.0,1.0,6546268.0
ETH,500k-1 million,2024.0,1.0,574758.0
ETH,50k-100k,2024.0,135.0,9817684.0
GAB,100k-250k,2024.0,2.0,214011.0
GAB,250k-500k,2024.0,1.0,284480.0
GAB,500k-1 million,2024.0,1.0,910527.0
GAB,50k-100k,2024.0,2.0,149450.0
GHA,1-2.5 millions,2024.0,1.0,1109247.0
GHA,100k-250k,2024.0,16.0,2488557.0
GHA,2.5-5 millions,2024.0,1.0,4239342.0
GHA,250k-500k,2024.0,1.0,275334.0
GHA,5-10 millions,2024.0,1.0,5515609.0
GHA,500k-1 million,2024.0,1.0,648892.0
GHA,50k-100k,2024.0,32.0,2393695.0
GIN,100k-250k,2024.0,4.0,647249.0
GIN,2.5-5 millions,2024.0,1.0,2692831.0
GIN,250k-500k,2024.0,3.0,838491.0
GIN,50k-100k,2024.0,11.0,800228.0
GMB,1-2.5 millions,2024.0,1.0,1138712.0
GMB,100k-250k,2024.0,1.0,180655.0
GMB,50k-100k,2024.0,2.0,138138.0
GNB,500k-1 million,2024.0,1.0,605697.0
GNB,50k-100k,2024.0,2.0,155869.0
GNQ,500k-1 million,2024.0,2.0,1582183.0
KEN,1-2.5 millions,2024.0,1.0,1439732.0
KEN,100k-250k,2024.0,18.0,2652901.0
KEN,250k-500k,2024.0,3.0,1163626.0
KEN,5-10 millions,2024.0,1.0,6025952.0
KEN,500k-1 million,2024.0,1.0,565059.0
KEN,50k-100k,2024.0,18.0,1280517.0
LBR,1-2.5 millions,2024.0,1.0,1856917.0
LBR,50k-100k,2024.0,8.0,562645.0
LSO,250k-500k,2024.0,1.0,284879.0
MDG,100k-250k,2024.0,5.0,780741.0
MDG,2.5-5 millions,2024.0,1.0,3836998.0
MDG,250k-500k,2024.0,2.0,549206.0
MDG,50k-100k,2024.0,10.0,703885.0
MLI,100k-250k,2024.0,3.0,415201.0
MLI,2.5-5 millions,2024.0,1.0,4126053.0
MLI,250k-500k,2024.0,4.0,1220271.0
MLI,50k-100k,2024.0,7.0,536599.0
MOZ,100k-250k,2024.0,9.0,1249836.0
MOZ,2.5-5 millions,2024.0,1.0,3118703.0
MOZ,250k-500k,2024.0,6.0,2087694.0
MOZ,500k-1 million,2024.0,2.0,1461600.0
MOZ,50k-100k,2024.0,19.0,1422238.0
MRT,1-2.5 millions,2024.0,1.0,1522078.0
MRT,100k-250k,2024.0,2.0,276521.0
MRT,50k-100k,2024.0,2.0,137574.0
MUS,500k-1 million,2024.0,1.0,549996.0
MWI,100k-250k,2024.0,2.0,360025.0
MWI,500k-1 million,2024.0,2.0,1831746.0
MWI,50k-100k,2024.0,2.0,139358.0
NAM,250k-500k,2024.0,1.0,401204.0
NAM,50k-100k,2024.0,3.0,234386.0
NER,1-2.5 millions,2024.0,1.0,1386142.0
NER,100k-250k,2024.0,13.0,1854730.0
NER,250k-500k,2024.0,2.0,661001.0
NER,500k-1 million,2024.0,2.0,1373111.0
NER,50k-100k,2024.0,12.0,821406.0
NGA,1-2.5 millions,2024.0,12.0,17754728.0
NGA,100k-250k,2024.0,148.0,21991306.0
NGA,2.5-5 millions,2024.0,3.0,12167277.0
NGA,250k-500k,2024.0,47.0,16301800.0
NGA,5-10 millions,2024.0,1.0,5494101.0
NGA,500k-1 million,2024.0,20.0,13912102.0
NGA,50k-100k,2024.0,177.0,12906015.0
NGA,>10 millions,2024.0,1.0,12635775.0
RWA,1-2.5 millions,2024.0,1.0,1451107.0
RWA,100k-250k,2024.0,1.0,152019.0
RWA,250k-500k,2024.0,1.0,330683.0
RWA,50k-100k,2024.0,1.0,73676.0
SDN,100k-250k,2024.0,42.0,6331002.0
SDN,250k-500k,2024.0,8.0,2895810.0
SDN,5-10 millions,2024.0,1.0,6732814.0
SDN,500k-1 million,2024.0,7.0,4527197.0
SDN,50k-100k,2024.0,42.0,3091549.0
SEN,1-2.5 millions,2024.0,1.0,1133537.0
SEN,100k-250k,2024.0,5.0,1006106.0
SEN,2.5-5 millions,2024.0,1.0,3787640.0
SEN,250k-500k,2024.0,3.0,949888.0
SEN,500k-1 million,2024.0,2.0,1046213.0
SEN,50k-100k,2024.0,13.0,955576.0
SLE,1-2.5 millions,2024.0,1.0,1902375.0
SLE,100k-250k,2024.0,3.0,584478.0
SLE,250k-500k,2024.0,1.0,341804.0
SLE,50k-100k,2024.0,6.0,450886.0
SOM,1-2.5 millions,2024.0,1.0,1557557.0
SOM,100k-250k,2024.0,17.0,2404222.0
SOM,2.5-5 millions,2024.0,1.0,4288641.0
SOM,250k-500k,2024.0,7.0,2506169.0
SOM,50k-100k,2024.0,16.0,1153443.0
SSA,1-2.5 millions,2024.0,38.0,57145673.0
SSA,100k-250k,2024.0,606.0,92272597.0
SSA,2.5-5 millions,2024.0,20.0,76036121.0
SSA,250k-500k,2024.0,171.0,58587055.0
SSA,5-10 millions,2024.0,8.0,51396680.0
SSA,500k-1 million,2024.0,72.0,49517464.0
SSA,50k-100k,2024.0,793.0,57950635.0
SSA,>10 millions,2024.0,3.0,34532598.0
SSD,100k-250k,2024.0,9.0,1316315.0
SSD,250k-500k,2024.0,4.0,1378201.0
SSD,500k-1 million,2024.0,1.0,565282.0
SSD,50k-100k,2024.0,7.0,517096.0
STP,100k-250k,2024.0,1.0,145540.0
TCD,1-2.5 millions,2024.0,1.0,1877001.0
TCD,100k-250k,2024.0,16.0,2411482.0
TCD,250k-500k,2024.0,3.0,973839.0
TCD,50k-100k,2024.0,12.0,892222.0
TGO,1-2.5 millions,2024.0,1.0,2381881.0
TGO,100k-250k,2024.0,9.0,1482336.0
TGO,50k-100k,2024.0,7.0,506873.0
TZA,100k-250k,2024.0,18.0,2747300.0
TZA,250k-500k,2024.0,5.0,1616939.0
TZA,5-10 millions,2024.0,1.0,7606292.0
TZA,500k-1 million,2024.0,4.0,3170737.0
TZA,50k-100k,2024.0,10.0,709075.0
UGA,100k-250k,2024.0,8.0,1307932.0
UGA,2.5-5 millions,2024.0,1.0,4751369.0
UGA,250k-500k,2024.0,3.0,943864.0
UGA,50k-100k,2024.0,7.0,535051.0
ZAF,1-2.5 millions,2024.0,3.0,4374156.0
ZAF,100k-250k,2024.0,30.0,4843399.0
ZAF,2.5-5 millions,2024.0,2.0,7590509.0
ZAF,250k-500k,2024.0,10.0,3288253.0
ZAF,5-10 millions,2024.0,1.0,6965485.0
ZAF,500k-1 million,2024.0,3.0,1934101.0
ZAF,50k-100k,2024.0,35.0,2551244.0
ZMB,100k-250k,2024.0,10.0,1524898.0
ZMB,2.5-5 millions,2024.0,1.0,3406105.0
ZMB,250k-500k,2024.0,3.0,870254.0
ZMB,500k-1 million,2024.0,2.0,1195738.0
ZMB,50k-100k,2024.0,12.0,879469.0
ZWE,1-2.5 millions,2024.0,1.0,2070474.0000000002
ZWE,100k-250k,2024.0,4.0,581015.0
ZWE,250k-500k,2024.0,1.0,487965.0
ZWE,50k-100k,2024.0,7.0,543780.0
AFE,1-2.5 millions,2025.0,13.0,19254196.0
AFE,100k-250k,2025.0,352.0,53881763.0
AFE,2.5-5 millions,2025.0,9.0,33999083.0
AFE,250k-500k,2025.0,101.0,35378499.0
AFE,5-10 millions,2025.0,5.0,34521683.0
AFE,500k-1 million,2025.0,40.0,27751076.0
AFE,50k-100k,2025.0,586.0,40435607.0
AFE,>10 millions,2025.0,2.0,22313768.0
AFW,1-2.5 millions,2025.0,24.0,36479436.0
AFW,100k-250k,2025.0,268.0,40580256.0
AFW,2.5-5 millions,2025.0,10.0,38484428.0
AFW,250k-500k,2025.0,78.0,26185075.0
AFW,5-10 millions,2025.0,4.0,22948284.0
AFW,500k-1 million,2025.0,34.0,23703881.0
AFW,50k-100k,2025.0,455.0,31673858.0
AFW,>10 millions,2025.0,1.0,12791699.0
AGO,1-2.5 millions,2025.0,2.0,2438331.0
AGO,100k-250k,2025.0,12.0,1745497.0
AGO,250k-500k,2025.0,8.0,2749257.0
AGO,500k-1 million,2025.0,7.0,4632009.0
AGO,50k-100k,2025.0,27.0,2043798.0
AGO,>10 millions,2025.0,1.0,11370127.0
BDI,1-2.5 millions,2025.0,1.0,1246960.0
BDI,100k-250k,2025.0,5.0,719438.0
BDI,50k-100k,2025.0,6.0,365148.0
BEN,100k-250k,2025.0,7.0,875862.0
BEN,250k-500k,2025.0,2.0,689361.0
BEN,500k-1 million,2025.0,1.0,818617.0
BEN,50k-100k,2025.0,18.0,1151929.0
BFA,1-2.5 millions,2025.0,1.0,1125023.0
BFA,100k-250k,2025.0,6.0,878577.0
BFA,2.5-5 millions,2025.0,1.0,3206222.0
BFA,50k-100k,2025.0,20.0,1250235.0
BWA,100k-250k,2025.0,1.0,101014.0
BWA,250k-500k,2025.0,1.0,254517.0
BWA,50k-100k,2025.0,2.0,182382.0
CAF,1-2.5 millions,2025.0,1.0,1056949.0
CAF,50k-100k,2025.0,5.0,312583.0
CIV,100k-250k,2025.0,14.0,2268734.0
CIV,250k-500k,2025.0,3.0,1012089.0
CIV,5-10 millions,2025.0,1.0,6621711.0
CIV,500k-1 million,2025.0,1.0,724691.0
CIV,50k-100k,2025.0,28.0,1902863.0
CMR,100k-250k,2025.0,19.0,2985700.0
CMR,2.5-5 millions,2025.0,1.0,4104515.9999999995
CMR,250k-500k,2025.0,4.0,1390133.0
CMR,5-10 millions,2025.0,1.0,5106087.0
CMR,500k-1 million,2025.0,2.0,1205470.0
CMR,50k-100k,2025.0,17.0,1232193.0
COD,1-2.5 millions,2025.0,3.0,4482756.0
COD,100k-250k,2025.0,76.0,12183639.0
COD,2.5-5 millions,2025.0,2.0,6438591.0
COD,250k-500k,2025.0,19.0,6706616.0
COD,500k-1 million,2025.0,9.0,6464472.0
COD,50k-100k,2025.0,113.0,7643467.0
COD,>10 millions,2025.0,1.0,10943641.0
COG,1-2.5 millions,2025.0,1.0,1662537.0
COG,100k-250k,2025.0,1.0,132154.0
COG,2.5-5 millions,2025.0,1.0,3656322.0
COG,50k-100k,2025.0,1.0,57684.0
COM,100k-250k,2025.0,2.0,408114.0
CPV,100k-250k,2025.0,1.0,135022.0
CPV,50k-100k,2025.0,1.0,73431.0
ERI,100k-250k,2025.0,2.0,385320.0
ERI,250k-500k,2025.0,2.0,611553.0
ERI,50k-100k,2025.0,6.0,445740.0
ETH,100k-250k,2025.0,72.0,10688669.0
ETH,250k-500k,2025.0,14.0,5267453.0
ETH,5-10 millions,2025.0,1.0,6705705.0
ETH,500k-1 million,2025.0,1.0,584854.0
ETH,50k-100k,2025.0,171.0,11880911.0
GAB,100k-250k,2025.0,2.0,217198.0
GAB,250k-500k,2025.0,1.0,294863.0
GAB,500k-1 million,2025.0,1.0,921216.0
GAB,50k-100k,2025.0,2.0,153592.0
GHA,1-2.5 millions,2025.0,1.0,1127436.0
GHA,100k-250k,2025.0,17.0,2649351.0
GHA,2.5-5 millions,2025.0,1.0,4297984.0
GHA,250k-500k,2025.0,1.0,281579.0
GHA,5-10 millions,2025.0,1.0,5592780.0
GHA,500k-1 million,2025.0,1.0,654868.0
GHA,50k-100k,2025.0,36.0,2614074.0
GIN,100k-250k,2025.0,5.0,760818.0
GIN,2.5-5 millions,2025.0,1.0,2727684.0
GIN,250k-500k,2025.0,3.0,866478.0
GIN,50k-100k,2025.0,15.0,989679.0
GMB,1-2.5 millions,2025.0,1.0,1156903.0
GMB,100k-250k,2025.0,1.0,184321.0
GMB,50k-100k,2025.0,2.0,141009.0
GNB,500k-1 million,2025.0,1.0,612643.0
GNB,50k-100k,2025.0,2.0,158829.0
GNQ,500k-1 million,2025.0,2.0,1618217.0
KEN,1-2.5 millions,2025.0,1.0,1456207.0
KEN,100k-250k,2025.0,18.0,2755528.0
KEN,250k-500k,2025.0,3.0,1182212.0
KEN,5-10 millions,2025.0,1.0,6134334.0
KEN,500k-1 million,2025.0,1.0,574091.0
KEN,50k-100k,2025.0,26.0,1739838.0
LBR,1-2.5 millions,2025.0,1.0,1879092.0
LBR,50k-100k,2025.0,8.0,572949.0
LSO,250k-500k,2025.0,1.0,286843.0
MDG,100k-250k,2025.0,5.0,796483.0
MDG,2.5-5 millions,2025.0,1.0,3916219.0
MDG,250k-500k,2025.0,2.0,582791.0
MDG,50k-100k,2025.0,16.0,1072529.0
MLI,100k-250k,2025.0,3.0,424279.0
MLI,2.5-5 millions,2025.0,1.0,4244881.0
MLI,250k-500k,2025.0,4.0,1247616.0
MLI,50k-100k,2025.0,12.0,821637.0
MOZ,100k-250k,2025.0,10.0,1395625.0
MOZ,2.5-5 millions,2025.0,1.0,3166328.0
MOZ,250k-500k,2025.0,6.0,2142678.0
MOZ,500k-1 million,2025.0,2.0,1493877.0
MOZ,50k-100k,2025.0,29.0,1961371.0
MRT,1-2.5 millions,2025.0,1.0,1561617.0
MRT,100k-250k,2025.0,2.0,284744.0
MRT,50k-100k,2025.0,3.0,195005.0
MUS,500k-1 million,2025.0,1.0,549015.0
MWI,100k-250k,2025.0,2.0,373535.0
MWI,500k-1 million,2025.0,2.0,1870688.0
MWI,50k-100k,2025.0,4.0,264174.0
NAM,250k-500k,2025.0,1.0,409758.0
NAM,50k-100k,2025.0,3.0,244890.0
NER,1-2.5 millions,2025.0,1.0,1401149.0
NER,100k-250k,2025.0,13.0,1895024.0
NER,250k-500k,2025.0,2.0,677575.0
NER,500k-1 million,2025.0,2.0,1406423.0
NER,50k-100k,2025.0,17.0,1123017.0
NGA,1-2.5 millions,2025.0,12.0,18071497.0
NGA,100k-250k,2025.0,144.0,21260909.0
NGA,2.5-5 millions,2025.0,3.0,12394344.0
NGA,250k-500k,2025.0,51.0,17411167.0
NGA,5-10 millions,2025.0,1.0,5627706.0
NGA,500k-1 million,2025.0,21.0,14666888.0
NGA,50k-100k,2025.0,224.0,15714847.0
NGA,>10 millions,2025.0,1.0,12791699.0
RWA,1-2.5 millions,2025.0,1.0,1483711.0
RWA,100k-250k,2025.0,1.0,155984.0
RWA,250k-500k,2025.0,1.0,337963.0
RWA,50k-100k,2025.0,2.0,125926.0
SDN,100k-250k,2025.0,42.0,6288710.0
SDN,250k-500k,2025.0,9.0,3195124.0
SDN,5-10 millions,2025.0,1.0,6809355.0
SDN,500k-1 million,2025.0,7.0,4574181.0
SDN,50k-100k,2025.0,46.0,3304754.0
SEN,1-2.5 millions,2025.0,1.0,1151552.0
SEN,100k-250k,2025.0,5.0,1025325.0
SEN,2.5-5 millions,2025.0,1.0,3852475.0
SEN,250k-500k,2025.0,3.0,965511.0
SEN,500k-1 million,2025.0,2.0,1074848.0
SEN,50k-100k,2025.0,14.0,1028212.0
SLE,1-2.5 millions,2025.0,1.0,1935761.0
SLE,100k-250k,2025.0,3.0,591299.0
SLE,250k-500k,2025.0,1.0,345988.0
SLE,50k-100k,2025.0,6.0,461242.0
SOM,1-2.5 millions,2025.0,1.0,1593542.0
SOM,100k-250k,2025.0,16.0,2216453.0
SOM,2.5-5 millions,2025.0,1.0,4399430.0
SOM,250k-500k,2025.0,8.0,2835919.0
SOM,50k-100k,2025.0,27.0,1790406.0
SSA,1-2.5 millions,2025.0,37.0,55733632.0
SSA,100k-250k,2025.0,620.0,94462019.0
SSA,2.5-5 millions,2025.0,19.0,72483511.0
SSA,250k-500k,2025.0,179.0,61563574.0
SSA,5-10 millions,2025.0,9.0,57469967.0
SSA,500k-1 million,2025.0,74.0,51454957.0
SSA,50k-100k,2025.0,1041.0,72109465.0
SSA,>10 millions,2025.0,3.0,35105467.0
SSD,100k-250k,2025.0,9.0,1339894.0
SSD,250k-500k,2025.0,4.0,1416262.0
SSD,500k-1 million,2025.0,1.0,581444.0
SSD,50k-100k,2025.0,11.0,742475.0
STP,100k-250k,2025.0,1.0,148144.0
SWZ,50k-100k,2025.0,1.0,94145.0
TCD,1-2.5 millions,2025.0,1.0,1934909.0
TCD,100k-250k,2025.0,16.0,2495439.0
TCD,250k-500k,2025.0,3.0,1002715.0
TCD,50k-100k,2025.0,17.0,1198851.0
TGO,1-2.5 millions,2025.0,1.0,2415011.0
TGO,100k-250k,2025.0,9.0,1515500.0
TGO,50k-100k,2025.0,7.0,519996.99999999994
TZA,100k-250k,2025.0,18.0,2836542.0
TZA,250k-500k,2025.0,5.0,1676567.0
TZA,5-10 millions,2025.0,1.0,7795114.0
TZA,500k-1 million,2025.0,4.0,3255738.0
TZA,50k-100k,2025.0,17.0,1127115.0
UGA,100k-250k,2025.0,10.0,1597209.0
UGA,2.5-5 millions,2025.0,1.0,4880943.0
UGA,250k-500k,2025.0,3.0,987458.0
UGA,50k-100k,2025.0,13.0,879552.0
ZAF,1-2.5 millions,2025.0,3.0,4435494.0
ZAF,100k-250k,2025.0,34.0,5355309.0
ZAF,2.5-5 millions,2025.0,2.0,7686849.0
ZAF,250k-500k,2025.0,10.0,3345443.0
ZAF,5-10 millions,2025.0,1.0,7077175.0
ZAF,500k-1 million,2025.0,3.0,1956850.0
ZAF,50k-100k,2025.0,42.0,2829356.0
ZMB,100k-250k,2025.0,12.0,1798192.0
ZMB,2.5-5 millions,2025.0,1.0,3510723.0
ZMB,250k-500k,2025.0,3.0,897314.0
ZMB,500k-1 million,2025.0,2.0,1213857.0
ZMB,50k-100k,2025.0,15.0,1032412.0
ZWE,1-2.5 millions,2025.0,1.0,2117195.0
ZWE,100k-250k,2025.0,4.0,592464.0
ZWE,250k-500k,2025.0,1.0,492771.0
ZWE,50k-100k,2025.0,9.0,665218.0
AFE,1-2.5 millions,2026.0,14.0,20699819.0
AFE,100k-250k,2026.0,358.0,55050567.0
AFE,2.5-5 millions,2026.0,8.0,29745901.0
AFE,250k-500k,2026.0,105.0,36674697.0
AFE,5-10 millions,2026.0,5.0,35257345.0
AFE,500k-1 million,2026.0,40.0,26905133.0
AFE,50k-100k,2026.0,573.0,40375434.0
AFE,>10 millions,2026.0,2.0,22801626.0
AFW,1-2.5 millions,2026.0,24.0,37171870.0
AFW,100k-250k,2026.0,276.0,41516802.0
AFW,2.5-5 millions,2026.0,11.0,41793123.0
AFW,250k-500k,2026.0,82.0,27528327.0
AFW,5-10 millions,2026.0,4.0,23419173.0
AFW,500k-1 million,2026.0,35.0,24705154.0
AFW,50k-100k,2026.0,442.0,31171369.0
AFW,>10 millions,2026.0,1.0,12956639.0
AGO,1-2.5 millions,2026.0,3.0,3538408.0
AGO,100k-250k,2026.0,14.0,2000875.0
AGO,250k-500k,2026.0,8.0,2866397.0
AGO,500k-1 million,2026.0,6.0,3724111.0
AGO,50k-100k,2026.0,25.0,1916447.0
AGO,>10 millions,2026.0,1.0,11723099.0
BDI,1-2.5 millions,2026.0,1.0,1272585.0
BDI,100k-250k,2026.0,5.0,738212.0
BDI,50k-100k,2026.0,6.0,373926.0
BEN,100k-250k,2026.0,7.0,896299.0
BEN,2.5-5 millions,2026.0,1.0,2549483.0
BEN,250k-500k,2026.0,2.0,709003.0
BEN,500k-1 million,2026.0,1.0,834797.0
BEN,50k-100k,2026.0,18.0,1180061.0
BFA,1-2.5 millions,2026.0,1.0,1142184.0
BFA,100k-250k,2026.0,6.0,895635.0
BFA,2.5-5 millions,2026.0,1.0,3262758.0
BFA,50k-100k,2026.0,20.0,1276644.0
BWA,100k-250k,2026.0,1.0,101886.0
BWA,250k-500k,2026.0,1.0,259178.0
BWA,50k-100k,2026.0,2.0,185111.0
CAF,1-2.5 millions,2026.0,1.0,1084386.0
CAF,50k-100k,2026.0,5.0,323320.0
CIV,100k-250k,2026.0,13.0,2061630.0
CIV,250k-500k,2026.0,4.0,1290087.0
CIV,5-10 millions,2026.0,1.0,6745225.0
CIV,500k-1 million,2026.0,1.0,733603.0
CIV,50k-100k,2026.0,28.0,1950236.0
CMR,100k-250k,2026.0,20.0,3184391.0
CMR,2.5-5 millions,2026.0,1.0,4202309.0
CMR,250k-500k,2026.0,4.0,1413755.0
CMR,5-10 millions,2026.0,1.0,5244714.0
CMR,500k-1 million,2026.0,2.0,1227009.0
CMR,50k-100k,2026.0,16.0,1154427.0
COD,1-2.5 millions,2026.0,3.0,4601225.0
COD,100k-250k,2026.0,73.0,11685672.0
COD,2.5-5 millions,2026.0,2.0,6606066.0
COD,250k-500k,2026.0,23.0,7935230.0
COD,500k-1 million,2026.0,9.0,6640248.0
COD,50k-100k,2026.0,112.0,7833276.0
COD,>10 millions,2026.0,1.0,11078527.0
COG,1-2.5 millions,2026.0,1.0,1705647.0
COG,100k-250k,2026.0,1.0,135996.0
COG,2.5-5 millions,2026.0,1.0,3737458.0
COG,50k-100k,2026.0,1.0,59651.0
COM,100k-250k,2026.0,2.0,418968.0
CPV,100k-250k,2026.0,1.0,135703.0
CPV,50k-100k,2026.0,1.0,73646.0
ERI,100k-250k,2026.0,2.0,391580.0
ERI,250k-500k,2026.0,2.0,624319.0
ERI,50k-100k,2026.0,6.0,455111.0
ETH,100k-250k,2026.0,73.0,10869969.0
ETH,250k-500k,2026.0,15.0,5408283.0
ETH,5-10 millions,2026.0,1.0,6888446.0
ETH,500k-1 million,2026.0,2.0,1105556.0
ETH,50k-100k,2026.0,168.0,11901738.0
GAB,100k-250k,2026.0,2.0,220648.0
GAB,250k-500k,2026.0,1.0,304088.0
GAB,500k-1 million,2026.0,1.0,932029.0
GAB,50k-100k,2026.0,2.0,157183.0
GHA,1-2.5 millions,2026.0,1.0,1142875.0
GHA,100k-250k,2026.0,16.0,2298699.0
GHA,2.5-5 millions,2026.0,1.0,4357357.0
GHA,250k-500k,2026.0,3.0,795511.0
GHA,5-10 millions,2026.0,1.0,5667516.0
GHA,500k-1 million,2026.0,1.0,661316.0
GHA,50k-100k,2026.0,35.0,2564972.0
GIN,100k-250k,2026.0,5.0,776281.0
GIN,2.5-5 millions,2026.0,1.0,2764344.0
GIN,250k-500k,2026.0,3.0,898050.0
GIN,50k-100k,2026.0,15.0,1016387.0
GMB,1-2.5 millions,2026.0,1.0,1176524.0
GMB,100k-250k,2026.0,1.0,188407.0
GMB,50k-100k,2026.0,2.0,144928.0
GNB,500k-1 million,2026.0,1.0,620983.0
GNB,50k-100k,2026.0,2.0,162537.0
GNQ,500k-1 million,2026.0,2.0,1660452.0
KEN,1-2.5 millions,2026.0,1.0,1473280.0
KEN,100k-250k,2026.0,17.0,2608484.0
KEN,250k-500k,2026.0,4.0,1462997.0
KEN,5-10 millions,2026.0,1.0,6244748.0
KEN,500k-1 million,2026.0,1.0,589102.0
KEN,50k-100k,2026.0,26.0,1799384.0
LBR,1-2.5 millions,2026.0,1.0,1906670.0
LBR,50k-100k,2026.0,8.0,585570.0
LSO,250k-500k,2026.0,1.0,289259.0
MDG,100k-250k,2026.0,6.0,920474.0
MDG,2.5-5 millions,2026.0,1.0,3992888.0
MDG,250k-500k,2026.0,2.0,605320.0
MDG,50k-100k,2026.0,15.0,1000255.0
MLI,100k-250k,2026.0,3.0,434124.0
MLI,2.5-5 millions,2026.0,1.0,4378826.0
MLI,250k-500k,2026.0,4.0,1278533.0
MLI,50k-100k,2026.0,12.0,849264.0
MOZ,100k-250k,2026.0,11.0,1548291.0
MOZ,2.5-5 millions,2026.0,1.0,3233347.0
MOZ,250k-500k,2026.0,6.0,2209755.0
MOZ,500k-1 million,2026.0,2.0,1524853.0
MOZ,50k-100k,2026.0,28.0,1924936.0
MRT,1-2.5 millions,2026.0,1.0,1604131.0
MRT,100k-250k,2026.0,2.0,292948.0
MRT,50k-100k,2026.0,3.0,199516.0
MUS,500k-1 million,2026.0,1.0,547783.0
MWI,100k-250k,2026.0,2.0,387635.0
MWI,500k-1 million,2026.0,1.0,927168.0
MWI,50k-100k,2026.0,4.0,272797.0
NAM,250k-500k,2026.0,1.0,419202.0
NAM,50k-100k,2026.0,3.0,256947.99999999997
NER,1-2.5 millions,2026.0,1.0,1425660.0
NER,100k-250k,2026.0,13.0,1942875.0
NER,250k-500k,2026.0,2.0,696120.0
NER,500k-1 million,2026.0,2.0,1444938.0
NER,50k-100k,2026.0,17.0,1158657.0
NGA,1-2.5 millions,2026.0,12.0,18402017.0
NGA,100k-250k,2026.0,151.0,22246315.0
NGA,2.5-5 millions,2026.0,3.0,12619158.0
NGA,250k-500k,2026.0,51.0,17531022.0
NGA,5-10 millions,2026.0,1.0,5761718.0
NGA,500k-1 million,2026.0,22.0,15486241.0
NGA,50k-100k,2026.0,216.0,15327202.0
NGA,>10 millions,2026.0,1.0,12956639.0
RWA,1-2.5 millions,2026.0,1.0,1519860.0
RWA,100k-250k,2026.0,1.0,160057.0
RWA,250k-500k,2026.0,1.0,346009.0
RWA,50k-100k,2026.0,2.0,130039.99999999999
SDN,100k-250k,2026.0,44.0,6647489.0
SDN,250k-500k,2026.0,8.0,2770113.0
SDN,5-10 millions,2026.0,1.0,6941763.0
SDN,500k-1 million,2026.0,8.0,5175744.0
SDN,50k-100k,2026.0,44.0,3218203.0
SEN,1-2.5 millions,2026.0,1.0,1171311.0
SEN,100k-250k,2026.0,6.0,1146655.0
SEN,2.5-5 millions,2026.0,1.0,3921430.0
SEN,250k-500k,2026.0,3.0,983105.0
SEN,500k-1 million,2026.0,2.0,1103786.0
SEN,50k-100k,2026.0,13.0,950070.0
SLE,1-2.5 millions,2026.0,1.0,1970485.0
SLE,100k-250k,2026.0,3.0,448954.0
SLE,250k-500k,2026.0,2.0,603047.0
SLE,50k-100k,2026.0,5.0,369952.0
SOM,1-2.5 millions,2026.0,1.0,1634283.0
SOM,100k-250k,2026.0,17.0,2382894.0
SOM,2.5-5 millions,2026.0,1.0,4518628.0
SOM,250k-500k,2026.0,8.0,2926320.0
SOM,50k-100k,2026.0,26.0,1750336.0
SSA,1-2.5 millions,2026.0,38.0,57871689.0
SSA,100k-250k,2026.0,634.0,96567369.0
SSA,2.5-5 millions,2026.0,19.0,71539024.0
SSA,250k-500k,2026.0,187.0,64203024.0
SSA,5-10 millions,2026.0,9.0,58676518.0
SSA,500k-1 million,2026.0,75.0,51610287.0
SSA,50k-100k,2026.0,1015.0,71546803.0
SSA,>10 millions,2026.0,3.0,35758265.0
SSD,100k-250k,2026.0,9.0,1359631.0
SSD,250k-500k,2026.0,4.0,1451733.0
SSD,500k-1 million,2026.0,1.0,595491.0
SSD,50k-100k,2026.0,11.0,759424.0
STP,100k-250k,2026.0,1.0,150853.0
SWZ,50k-100k,2026.0,1.0,94803.0
TCD,1-2.5 millions,2026.0,1.0,1981353.0
TCD,100k-250k,2026.0,16.0,2560850.0
TCD,250k-500k,2026.0,3.0,1026006.0000000001
TCD,50k-100k,2026.0,17.0,1232657.0
TGO,1-2.5 millions,2026.0,1.0,2458627.0
TGO,100k-250k,2026.0,10.0,1650392.0
TGO,50k-100k,2026.0,6.0,434489.0
TZA,100k-250k,2026.0,18.0,2934760.0
TZA,250k-500k,2026.0,5.0,1733212.0
TZA,5-10 millions,2026.0,1.0,8009189.0
TZA,500k-1 million,2026.0,3.0,2358469.0
TZA,50k-100k,2026.0,17.0,1173959.0
UGA,100k-250k,2026.0,10.0,1655553.0
UGA,250k-500k,2026.0,3.0,1052687.0
UGA,50k-100k,2026.0,13.0,920464.0
ZAF,1-2.5 millions,2026.0,3.0,4497031.0
ZAF,100k-250k,2026.0,36.0,5619987.0
ZAF,2.5-5 millions,2026.0,2.0,7765076.0
ZAF,250k-500k,2026.0,9.0,2895217.0
ZAF,5-10 millions,2026.0,1.0,7173199.0
ZAF,500k-1 million,2026.0,4.0,2481242.0
ZAF,50k-100k,2026.0,40.0,2658725.0
ZMB,100k-250k,2026.0,12.0,1860051.0
ZMB,2.5-5 millions,2026.0,1.0,3629896.0
ZMB,250k-500k,2026.0,3.0,921373.0
ZMB,500k-1 million,2026.0,2.0,1235366.0
ZMB,50k-100k,2026.0,15.0,1067989.0
ZWE,1-2.5 millions,2026.0,1.0,2163147.0
ZWE,100k-250k,2026.0,4.0,607246.0
ZWE,250k-500k,2026.0,1.0,498093.0
ZWE,50k-100k,2026.0,9.0,681562.0
AFE,1-2.5 millions,2027.0,18.0,25283687.0
AFE,100k-250k,2027.0,376.0,57755930.0
AFE,2.5-5 millions,2027.0,8.0,30373660.0
AFE,250k-500k,2027.0,107.0,37751011.0
AFE,5-10 millions,2027.0,6.0,41136441.0
AFE,500k-1 million,2027.0,40.0,26460744.0
AFE,50k-100k,2027.0,550.0,39225342.0
AFE,>10 millions,2027.0,2.0,23289482.0
AFW,1-2.5 millions,2027.0,23.0,35362057.0
AFW,100k-250k,2027.0,276.0,41660586.0
AFW,2.5-5 millions,2027.0,11.0,42595330.0
AFW,250k-500k,2027.0,86.0,29141905.0
AFW,5-10 millions,2027.0,4.0,23890061.0
AFW,500k-1 million,2027.0,35.0,25214426.0
AFW,50k-100k,2027.0,437.0,31431748.0
AFW,>10 millions,2027.0,1.0,13121580.0
AGO,1-2.5 millions,2027.0,3.0,3665400.0
AGO,100k-250k,2027.0,15.0,2161242.0
AGO,250k-500k,2027.0,8.0,2983536.0
AGO,500k-1 million,2027.0,6.0,3789298.0
AGO,50k-100k,2027.0,24.0,1884107.0
AGO,>10 millions,2027.0,1.0,12076070.0
BDI,1-2.5 millions,2027.0,1.0,1298210.0
BDI,100k-250k,2027.0,5.0,756986.0
BDI,50k-100k,2027.0,6.0,382705.0
BEN,100k-250k,2027.0,7.0,916736.0
BEN,2.5-5 millions,2027.0,1.0,2592476.0
BEN,250k-500k,2027.0,2.0,728645.0
BEN,500k-1 million,2027.0,1.0,850977.0
BEN,50k-100k,2027.0,18.0,1208194.0
BFA,1-2.5 millions,2027.0,1.0,1159346.0
BFA,100k-250k,2027.0,6.0,912694.0
BFA,2.5-5 millions,2027.0,1.0,3319294.0
BFA,50k-100k,2027.0,20.0,1303054.0
BWA,100k-250k,2027.0,1.0,102758.0
BWA,250k-500k,2027.0,1.0,263839.0
BWA,50k-100k,2027.0,2.0,187840.0
CAF,1-2.5 millions,2027.0,1.0,1111823.0
CAF,50k-100k,2027.0,5.0,334056.0
CIV,100k-250k,2027.0,13.0,2100137.0
CIV,250k-500k,2027.0,4.0,1322473.0
CIV,5-10 millions,2027.0,1.0,6868738.0
CIV,500k-1 million,2027.0,1.0,742514.0
CIV,50k-100k,2027.0,28.0,1997610.0
CMR,100k-250k,2027.0,18.0,2774460.0
CMR,2.5-5 millions,2027.0,1.0,4300102.0
CMR,250k-500k,2027.0,6.0,1947175.0
CMR,5-10 millions,2027.0,1.0,5383341.0
CMR,500k-1 million,2027.0,2.0,1248548.0
CMR,50k-100k,2027.0,16.0,1175484.0
COD,1-2.5 millions,2027.0,4.0,5722422.0
COD,100k-250k,2027.0,74.0,11578075.0
COD,2.5-5 millions,2027.0,2.0,6773541.0
COD,250k-500k,2027.0,27.0,9188970.0
COD,500k-1 million,2027.0,8.0,5813297.0
COD,50k-100k,2027.0,107.0,7607587.0
COD,>10 millions,2027.0,1.0,11213412.0
COG,1-2.5 millions,2027.0,1.0,1748756.0
COG,100k-250k,2027.0,1.0,139838.0
COG,2.5-5 millions,2027.0,1.0,3818594.0
COG,50k-100k,2027.0,1.0,61617.0
COM,100k-250k,2027.0,1.0,179340.0
CPV,100k-250k,2027.0,1.0,136384.0
CPV,50k-100k,2027.0,1.0,73860.0
ERI,100k-250k,2027.0,3.0,499392.0
ERI,250k-500k,2027.0,2.0,637084.0
ERI,50k-100k,2027.0,5.0,362931.0
ETH,100k-250k,2027.0,80.0,11963607.0
ETH,250k-500k,2027.0,15.0,5558038.0
ETH,5-10 millions,2027.0,1.0,7071188.0
ETH,500k-1 million,2027.0,2.0,1127523.0
ETH,50k-100k,2027.0,161.0,11500037.0
GAB,100k-250k,2027.0,2.0,224098.0
GAB,250k-500k,2027.0,1.0,313312.0
GAB,500k-1 million,2027.0,1.0,942842.0
GAB,50k-100k,2027.0,2.0,160774.0
GHA,1-2.5 millions,2027.0,1.0,1158313.0
GHA,100k-250k,2027.0,16.0,2188446.0
GHA,2.5-5 millions,2027.0,1.0,4416731.0
GHA,250k-500k,2027.0,4.0,1071345.0
GHA,5-10 millions,2027.0,1.0,5742252.0
GHA,500k-1 million,2027.0,1.0,667765.0
GHA,50k-100k,2027.0,34.0,2513570.0
GIN,100k-250k,2027.0,5.0,791743.0
GIN,2.5-5 millions,2027.0,1.0,2801004.0
GIN,250k-500k,2027.0,3.0,929621.0
GIN,50k-100k,2027.0,15.0,1043095.0
GMB,1-2.5 millions,2027.0,1.0,1196144.0
GMB,100k-250k,2027.0,1.0,192493.0
GMB,50k-100k,2027.0,2.0,148846.0
GNB,500k-1 million,2027.0,1.0,629323.0
GNB,50k-100k,2027.0,2.0,166245.0
GNQ,500k-1 million,2027.0,2.0,1702687.0
KEN,1-2.5 millions,2027.0,1.0,1490354.0
KEN,100k-250k,2027.0,19.0,2906036.0
KEN,250k-500k,2027.0,4.0,1511343.0
KEN,5-10 millions,2027.0,1.0,6355162.0
KEN,500k-1 million,2027.0,1.0,604114.0
KEN,50k-100k,2027.0,24.0,1646774.0
LBR,1-2.5 millions,2027.0,1.0,1934247.0
LBR,50k-100k,2027.0,8.0,598192.0
LSO,250k-500k,2027.0,1.0,291674.0
MDG,100k-250k,2027.0,7.0,1052119.0
MDG,2.5-5 millions,2027.0,1.0,4069557.0
MDG,250k-500k,2027.0,2.0,627848.0
MDG,50k-100k,2027.0,14.0,920327.0
MLI,100k-250k,2027.0,3.0,443968.0
MLI,2.5-5 millions,2027.0,1.0,4512772.0
MLI,250k-500k,2027.0,4.0,1309451.0
MLI,50k-100k,2027.0,12.0,876892.0
MOZ,100k-250k,2027.0,12.0,1701954.0
MOZ,2.5-5 millions,2027.0,1.0,3300366.0
MOZ,250k-500k,2027.0,6.0,2276832.0
MOZ,500k-1 million,2027.0,2.0,1555828.0
MOZ,50k-100k,2027.0,27.0,1887505.0
MRT,1-2.5 millions,2027.0,1.0,1646644.0
MRT,100k-250k,2027.0,2.0,301152.0
MRT,50k-100k,2027.0,3.0,204028.0
MUS,500k-1 million,2027.0,1.0,546550.0
MWI,1-2.5 millions,2027.0,1.0,1047904.0
MWI,100k-250k,2027.0,2.0,401734.0
MWI,500k-1 million,2027.0,1.0,945048.0
MWI,50k-100k,2027.0,4.0,281420.0
NAM,250k-500k,2027.0,1.0,428646.0
NAM,50k-100k,2027.0,3.0,269005.0
NER,1-2.5 millions,2027.0,1.0,1450170.0
NER,100k-250k,2027.0,13.0,1990726.0
NER,250k-500k,2027.0,2.0,714665.0
NER,500k-1 million,2027.0,2.0,1483452.0
NER,50k-100k,2027.0,17.0,1194297.0
NGA,1-2.5 millions,2027.0,12.0,18732537.0
NGA,100k-250k,2027.0,154.0,22860879.0
NGA,2.5-5 millions,2027.0,3.0,12843971.0
NGA,250k-500k,2027.0,52.0,18144601.0
NGA,5-10 millions,2027.0,1.0,5895730.0
NGA,500k-1 million,2027.0,22.0,15813593.0
NGA,50k-100k,2027.0,212.0,15308676.0
NGA,>10 millions,2027.0,1.0,13121580.0
RWA,1-2.5 millions,2027.0,1.0,1556008.0
RWA,100k-250k,2027.0,1.0,164130.0
RWA,250k-500k,2027.0,1.0,354055.0
RWA,50k-100k,2027.0,2.0,134155.0
SDN,100k-250k,2027.0,46.0,7019483.0
SDN,250k-500k,2027.0,8.0,2831688.0
SDN,5-10 millions,2027.0,1.0,7074170.0
SDN,500k-1 million,2027.0,8.0,5290721.0
SDN,50k-100k,2027.0,42.0,3118436.0
SEN,1-2.5 millions,2027.0,1.0,1191070.0
SEN,100k-250k,2027.0,6.0,1168042.0
SEN,2.5-5 millions,2027.0,1.0,3990386.0
SEN,250k-500k,2027.0,3.0,1000699.0
SEN,500k-1 million,2027.0,2.0,1132725.0
SEN,50k-100k,2027.0,13.0,971870.0
SLE,1-2.5 millions,2027.0,1.0,2005210.0
SLE,100k-250k,2027.0,3.0,456507.0
SLE,250k-500k,2027.0,2.0,610621.0
SLE,50k-100k,2027.0,5.0,378251.0
SOM,1-2.5 millions,2027.0,1.0,1675023.0
SOM,100k-250k,2027.0,17.0,2450109.0
SOM,2.5-5 millions,2027.0,1.0,4637825.0
SOM,250k-500k,2027.0,8.0,3016721.0
SOM,50k-100k,2027.0,26.0,1809491.0
SSA,1-2.5 millions,2027.0,41.0,60645744.0
SSA,100k-250k,2027.0,652.0,99416516.0
SSA,2.5-5 millions,2027.0,19.0,72968990.0
SSA,250k-500k,2027.0,193.0,66892916.0
SSA,5-10 millions,2027.0,10.0,65026502.0
SSA,500k-1 million,2027.0,75.0,51675170.0
SSA,50k-100k,2027.0,987.0,70657090.0
SSA,>10 millions,2027.0,3.0,36411062.0
SSD,100k-250k,2027.0,9.0,1379368.0
SSD,250k-500k,2027.0,4.0,1487204.0
SSD,500k-1 million,2027.0,1.0,609539.0
SSD,50k-100k,2027.0,11.0,776373.0
STP,100k-250k,2027.0,1.0,153561.0
SWZ,50k-100k,2027.0,1.0,95461.0
TCD,1-2.5 millions,2027.0,1.0,2027797.0
TCD,100k-250k,2027.0,16.0,2626261.0
TCD,250k-500k,2027.0,3.0,1049297.0
TCD,50k-100k,2027.0,17.0,1266464.0
TGO,100k-250k,2027.0,9.0,1436022.0
TGO,50k-100k,2027.0,6.0,446673.0
TZA,1-2.5 millions,2027.0,2.0,2060697.9999999998
TZA,100k-250k,2027.0,19.0,3136723.0
TZA,250k-500k,2027.0,4.0,1288898.0
TZA,5-10 millions,2027.0,1.0,8223264.999999999
TZA,500k-1 million,2027.0,3.0,1909197.0
TZA,50k-100k,2027.0,16.0,1117056.0
UGA,100k-250k,2027.0,10.0,1713897.0
UGA,250k-500k,2027.0,3.0,1117917.0
UGA,5-10 millions,2027.0,1.0,5143433.0
UGA,50k-100k,2027.0,13.0,961375.0
ZAF,1-2.5 millions,2027.0,3.0,4558568.0
ZAF,100k-250k,2027.0,36.0,5686638.0
ZAF,2.5-5 millions,2027.0,2.0,7843303.0
ZAF,250k-500k,2027.0,9.0,2941287.0
ZAF,5-10 millions,2027.0,1.0,7269223.0
ZAF,500k-1 million,2027.0,4.0,2509338.0
ZAF,50k-100k,2027.0,40.0,2686121.0
ZMB,100k-250k,2027.0,13.0,2025505.0
ZMB,2.5-5 millions,2027.0,1.0,3749068.0
ZMB,250k-500k,2027.0,3.0,945431.0
ZMB,500k-1 million,2027.0,2.0,1256876.0
ZMB,50k-100k,2027.0,14.0,999973.0
ZWE,1-2.5 millions,2027.0,1.0,2209100.0
ZWE,100k-250k,2027.0,5.0,723273.0
ZWE,500k-1 million,2027.0,1.0,503415.0
ZWE,50k-100k,2027.0,8.0,596663.0
AFE,1-2.5 millions,2028.0,18.0,25896345.0
AFE,100k-250k,2028.0,386.0,59255346.0
AFE,2.5-5 millions,2028.0,8.0,31001420.0
AFE,250k-500k,2028.0,114.0,40092576.0
AFE,5-10 millions,2028.0,6.0,42003345.0
AFE,500k-1 million,2028.0,42.0,28011810.0
AFE,50k-100k,2028.0,532.0,38484149.0
AFE,>10 millions,2028.0,2.0,23777340.0
AFW,1-2.5 millions,2028.0,23.0,36010874.0
AFW,100k-250k,2028.0,280.0,42072786.0
AFW,2.5-5 millions,2028.0,11.0,40903204.0
AFW,250k-500k,2028.0,92.0,31031261.0
AFW,5-10 millions,2028.0,5.0,29401141.0
AFW,500k-1 million,2028.0,36.0,26229785.0
AFW,50k-100k,2028.0,427.0,31144984.0
AFW,>10 millions,2028.0,1.0,13286520.0
AGO,1-2.5 millions,2028.0,3.0,3792392.0
AGO,100k-250k,2028.0,16.0,2328579.0
AGO,250k-500k,2028.0,8.0,3100675.0
AGO,500k-1 million,2028.0,6.0,3854485.0
AGO,50k-100k,2028.0,23.0,1844799.0
AGO,>10 millions,2028.0,1.0,12429042.0
BDI,1-2.5 millions,2028.0,1.0,1323835.0
BDI,100k-250k,2028.0,5.0,775760.0
BDI,50k-100k,2028.0,6.0,391484.0
BEN,100k-250k,2028.0,8.0,1037853.0000000001
BEN,2.5-5 millions,2028.0,1.0,2635469.0
BEN,250k-500k,2028.0,2.0,748287.0
BEN,500k-1 million,2028.0,1.0,867156.0
BEN,50k-100k,2028.0,17.0,1135646.0
BFA,1-2.5 millions,2028.0,1.0,1176508.0
BFA,100k-250k,2028.0,6.0,929752.0
BFA,2.5-5 millions,2028.0,1.0,3375830.0
BFA,50k-100k,2028.0,20.0,1329463.0
BWA,100k-250k,2028.0,1.0,103630.0
BWA,250k-500k,2028.0,1.0,268500.0
BWA,50k-100k,2028.0,2.0,190569.0
CAF,1-2.5 millions,2028.0,1.0,1139260.0
CAF,50k-100k,2028.0,5.0,344793.0
CIV,100k-250k,2028.0,14.0,2240538.0
CIV,250k-500k,2028.0,4.0,1354859.0
CIV,5-10 millions,2028.0,1.0,6992252.0
CIV,500k-1 million,2028.0,1.0,751426.0
CIV,50k-100k,2028.0,27.0,1943089.0
CMR,100k-250k,2028.0,18.0,2552170.0
CMR,2.5-5 millions,2028.0,1.0,4397895.0
CMR,250k-500k,2028.0,8.0,2494156.0
CMR,5-10 millions,2028.0,1.0,5521968.0
CMR,500k-1 million,2028.0,2.0,1270086.0
CMR,50k-100k,2028.0,14.0,995340.0
COD,1-2.5 millions,2028.0,4.0,5867781.0
COD,100k-250k,2028.0,77.0,12263664.0
COD,2.5-5 millions,2028.0,2.0,6941016.0
COD,250k-500k,2028.0,26.0,8951954.0
COD,500k-1 million,2028.0,9.0,6471078.0
COD,50k-100k,2028.0,104.0,7570574.0
COD,>10 millions,2028.0,1.0,11348298.0
COG,1-2.5 millions,2028.0,1.0,1791866.0
COG,100k-250k,2028.0,1.0,143680.0
COG,2.5-5 millions,2028.0,1.0,3899730.0
COG,50k-100k,2028.0,1.0,63584.0
COM,100k-250k,2028.0,1.0,183328.0
COM,250k-500k,2028.0,1.0,257346.99999999997
CPV,100k-250k,2028.0,1.0,137065.0
CPV,50k-100k,2028.0,1.0,74074.0
ERI,100k-250k,2028.0,3.0,507452.0
ERI,250k-500k,2028.0,2.0,649849.0
ERI,50k-100k,2028.0,5.0,370503.0
ETH,100k-250k,2028.0,80.0,12071758.0
ETH,250k-500k,2028.0,16.0,5712711.0
ETH,5-10 millions,2028.0,1.0,7253929.0
ETH,500k-1 million,2028.0,3.0,1652747.0
ETH,50k-100k,2028.0,159.0,11575649.0
GAB,100k-250k,2028.0,2.0,227547.0
GAB,250k-500k,2028.0,1.0,322537.0
GAB,500k-1 million,2028.0,1.0,953656.0
GAB,50k-100k,2028.0,2.0,164365.0
GHA,1-2.5 millions,2028.0,1.0,1173752.0
GHA,100k-250k,2028.0,16.0,2227669.0
GHA,2.5-5 millions,2028.0,1.0,4476104.0
GHA,250k-500k,2028.0,4.0,1098278.0
GHA,5-10 millions,2028.0,1.0,5816989.0
GHA,500k-1 million,2028.0,1.0,674213.0
GHA,50k-100k,2028.0,34.0,2561594.0
GIN,100k-250k,2028.0,5.0,807205.0
GIN,2.5-5 millions,2028.0,1.0,2837664.0
GIN,250k-500k,2028.0,3.0,961193.0
GIN,50k-100k,2028.0,15.0,1069803.0
GMB,1-2.5 millions,2028.0,1.0,1215764.0
GMB,100k-250k,2028.0,1.0,196578.0
GMB,50k-100k,2028.0,2.0,152765.0
GNB,500k-1 million,2028.0,1.0,637663.0
GNB,50k-100k,2028.0,2.0,169953.0
GNQ,500k-1 million,2028.0,2.0,1744922.0
KEN,1-2.5 millions,2028.0,1.0,1507427.0
KEN,100k-250k,2028.0,19.0,3007412.0
KEN,250k-500k,2028.0,4.0,1559688.0
KEN,5-10 millions,2028.0,1.0,6465576.0
KEN,500k-1 million,2028.0,1.0,619125.0
KEN,50k-100k,2028.0,24.0,1690341.0
LBR,1-2.5 millions,2028.0,1.0,1961825.0
LBR,50k-100k,2028.0,8.0,610814.0
LSO,250k-500k,2028.0,1.0,294090.0
MDG,100k-250k,2028.0,7.0,1084426.0
MDG,2.5-5 millions,2028.0,1.0,4146225.9999999995
MDG,250k-500k,2028.0,2.0,650377.0
MDG,50k-100k,2028.0,14.0,939737.0
MLI,100k-250k,2028.0,4.0,557943.0
MLI,2.5-5 millions,2028.0,1.0,4646717.0
MLI,250k-500k,2028.0,4.0,1340369.0
MLI,50k-100k,2028.0,11.0,800390.0
MOZ,100k-250k,2028.0,12.0,1758799.0
MOZ,2.5-5 millions,2028.0,1.0,3367385.0
MOZ,250k-500k,2028.0,6.0,2343909.0
MOZ,500k-1 million,2028.0,2.0,1586804.0
MOZ,50k-100k,2028.0,27.0,1946891.0
MRT,1-2.5 millions,2028.0,1.0,1689158.0
MRT,100k-250k,2028.0,2.0,309357.0
MRT,50k-100k,2028.0,3.0,208539.0
MUS,500k-1 million,2028.0,1.0,545318.0
MWI,1-2.5 millions,2028.0,1.0,1091157.0
MWI,100k-250k,2028.0,2.0,415834.0
MWI,500k-1 million,2028.0,1.0,962928.0
MWI,50k-100k,2028.0,4.0,290044.0
NAM,100k-250k,2028.0,2.0,207443.0
NAM,250k-500k,2028.0,1.0,438090.0
NAM,50k-100k,2028.0,1.0,73619.0
NER,1-2.5 millions,2028.0,1.0,1474680.0
NER,100k-250k,2028.0,12.0,1787320.0
NER,250k-500k,2028.0,3.0,984466.0
NER,500k-1 million,2028.0,2.0,1521967.0
NER,50k-100k,2028.0,17.0,1229937.0
NGA,1-2.5 millions,2028.0,12.0,19063057.0
NGA,100k-250k,2028.0,157.0,23508159.0
NGA,2.5-5 millions,2028.0,2.0,8028595.0
NGA,250k-500k,2028.0,52.0,18257408.0
NGA,5-10 millions,2028.0,2.0,11069932.0
NGA,500k-1 million,2028.0,23.0,16647033.0
NGA,50k-100k,2028.0,208.0,15252118.0
NGA,>10 millions,2028.0,1.0,13286520.0
RWA,1-2.5 millions,2028.0,1.0,1592157.0
RWA,100k-250k,2028.0,1.0,168202.0
RWA,250k-500k,2028.0,1.0,362101.0
RWA,50k-100k,2028.0,2.0,138269.0
SDN,100k-250k,2028.0,48.0,7104965.0
SDN,250k-500k,2028.0,10.0,3398556.0
SDN,5-10 millions,2028.0,1.0,7206577.0
SDN,500k-1 million,2028.0,8.0,5405698.0
SDN,50k-100k,2028.0,38.0,2799889.0
SEN,1-2.5 millions,2028.0,1.0,1210829.0
SEN,100k-250k,2028.0,4.0,684658.0
SEN,2.5-5 millions,2028.0,1.0,4059341.0
SEN,250k-500k,2028.0,5.0,1523064.0
SEN,500k-1 million,2028.0,2.0,1161663.0
SEN,50k-100k,2028.0,13.0,993670.0
SLE,1-2.5 millions,2028.0,1.0,2039934.0
SLE,100k-250k,2028.0,3.0,464060.0
SLE,250k-500k,2028.0,2.0,618194.0
SLE,50k-100k,2028.0,5.0,386550.0
SOM,1-2.5 millions,2028.0,1.0,1715764.0
SOM,100k-250k,2028.0,19.0,2721212.0
SOM,2.5-5 millions,2028.0,1.0,4757022.0
SOM,250k-500k,2028.0,8.0,3107122.0
SOM,50k-100k,2028.0,24.0,1664759.0
SSA,1-2.5 millions,2028.0,41.0,61907219.0
SSA,100k-250k,2028.0,666.0,101328132.0
SSA,2.5-5 millions,2028.0,19.0,71904624.0
SSA,250k-500k,2028.0,206.0,71123837.0
SSA,5-10 millions,2028.0,11.0,71404486.0
SSA,500k-1 million,2028.0,78.0,54241595.0
SSA,50k-100k,2028.0,959.0,69629133.0
SSA,>10 millions,2028.0,3.0,37063860.0
SSD,100k-250k,2028.0,9.0,1251440.0
SSD,250k-500k,2028.0,5.0,1772828.0
SSD,500k-1 million,2028.0,1.0,623587.0
SSD,50k-100k,2028.0,10.0,690834.0
STP,100k-250k,2028.0,1.0,156269.0
SWZ,50k-100k,2028.0,1.0,96118.0
TCD,1-2.5 millions,2028.0,1.0,2074241.0
TCD,100k-250k,2028.0,17.0,2792303.0
TCD,250k-500k,2028.0,3.0,1072589.0
TCD,50k-100k,2028.0,16.0,1199640.0
TGO,100k-250k,2028.0,9.0,1468929.0
TGO,2.5-5 millions,2028.0,1.0,2545859.0
TGO,250k-500k,2028.0,1.0,255861.0
TGO,50k-100k,2028.0,6.0,458857.0
TZA,1-2.5 millions,2028.0,2.0,2130674.0
TZA,100k-250k,2028.0,19.0,3239408.0
TZA,250k-500k,2028.0,4.0,1325881.0
TZA,5-10 millions,2028.0,1.0,8437340.0
TZA,500k-1 million,2028.0,3.0,1965483.0
TZA,50k-100k,2028.0,16.0,1159432.0
UGA,100k-250k,2028.0,10.0,1625762.0
UGA,250k-500k,2028.0,4.0,1433355.0
UGA,5-10 millions,2028.0,1.0,5274677.0
UGA,50k-100k,2028.0,12.0,898557.0
ZAF,1-2.5 millions,2028.0,3.0,4620105.0
ZAF,100k-250k,2028.0,36.0,5599454.0
ZAF,2.5-5 millions,2028.0,2.0,7921530.0
ZAF,250k-500k,2028.0,10.0,3241400.0
ZAF,5-10 millions,2028.0,1.0,7365246.0
ZAF,500k-1 million,2028.0,4.0,2537435.0
ZAF,50k-100k,2028.0,39.0,2613307.0
ZMB,100k-250k,2028.0,13.0,1940451.0
ZMB,2.5-5 millions,2028.0,1.0,3868241.0
ZMB,250k-500k,2028.0,4.0,1224143.0
ZMB,500k-1 million,2028.0,2.0,1278385.0
ZMB,50k-100k,2028.0,13.0,927809.0
ZWE,1-2.5 millions,2028.0,1.0,2255053.0
ZWE,100k-250k,2028.0,5.0,740098.0
ZWE,500k-1 million,2028.0,1.0,508737.0
ZWE,50k-100k,2028.0,8.0,610965.0
AFE,1-2.5 millions,2029.0,19.0,27522996.0
AFE,100k-250k,2029.0,397.0,61579717.0
AFE,2.5-5 millions,2029.0,8.0,31629178.0
AFE,250k-500k,2029.0,112.0,39480835.0
AFE,5-10 millions,2029.0,6.0,42870253.0
AFE,500k-1 million,2029.0,45.0,29589395.0
AFE,50k-100k,2029.0,518.0,38079759.0
AFE,>10 millions,2029.0,2.0,24265197.0
AFW,1-2.5 millions,2029.0,23.0,35159786.0
AFW,100k-250k,2029.0,291.0,43786322.0
AFW,2.5-5 millions,2029.0,12.0,44185404.0
AFW,250k-500k,2029.0,94.0,32191258.0
AFW,5-10 millions,2029.0,5.0,29938666.0
AFW,500k-1 million,2029.0,35.0,25746667.0
AFW,50k-100k,2029.0,414.0,30530043.0
AFW,>10 millions,2029.0,1.0,13451460.0
AGO,1-2.5 millions,2029.0,3.0,3919384.0
AGO,100k-250k,2029.0,16.0,2402185.0
AGO,250k-500k,2029.0,8.0,3217814.0
AGO,500k-1 million,2029.0,6.0,3919672.0
AGO,50k-100k,2029.0,23.0,1899220.0
AGO,>10 millions,2029.0,1.0,12782014.0
BDI,1-2.5 millions,2029.0,1.0,1349461.0
BDI,100k-250k,2029.0,5.0,794535.0
BDI,50k-100k,2029.0,6.0,400263.0
BEN,100k-250k,2029.0,8.0,1060440.0
BEN,2.5-5 millions,2029.0,1.0,2678463.0
BEN,250k-500k,2029.0,2.0,767929.0
BEN,500k-1 million,2029.0,1.0,883336.0
BEN,50k-100k,2029.0,17.0,1161628.0
BFA,1-2.5 millions,2029.0,1.0,1193670.0
BFA,100k-250k,2029.0,7.0,1047854.0
BFA,2.5-5 millions,2029.0,1.0,3432365.0
BFA,50k-100k,2029.0,19.0,1254829.0
BWA,100k-250k,2029.0,1.0,104503.0
BWA,250k-500k,2029.0,1.0,273161.0
BWA,50k-100k,2029.0,2.0,193298.0
CAF,1-2.5 millions,2029.0,1.0,1166698.0
CAF,50k-100k,2029.0,5.0,355530.0
CIV,100k-250k,2029.0,13.0,2026933.0
CIV,250k-500k,2029.0,5.0,1641713.0
CIV,5-10 millions,2029.0,1.0,7115766.0
CIV,500k-1 million,2029.0,1.0,760338.0
CIV,50k-100k,2029.0,27.0,1988106.0
CMR,100k-250k,2029.0,18.0,2623806.0
CMR,2.5-5 millions,2029.0,1.0,4495688.0
CMR,250k-500k,2029.0,8.0,2550213.0
CMR,5-10 millions,2029.0,1.0,5660595.0
CMR,500k-1 million,2029.0,2.0,1291625.0
CMR,50k-100k,2029.0,14.0,1012195.0
COD,1-2.5 millions,2029.0,4.0,6013140.0
COD,100k-250k,2029.0,80.0,12968084.0
COD,2.5-5 millions,2029.0,2.0,7108490.0
COD,250k-500k,2029.0,25.0,8697261.0
COD,500k-1 million,2029.0,10.0,7146536.0
COD,50k-100k,2029.0,101.0,7514730.0
COD,>10 millions,2029.0,1.0,11483183.0
COG,1-2.5 millions,2029.0,1.0,1834975.0
COG,100k-250k,2029.0,1.0,147522.0
COG,2.5-5 millions,2029.0,1.0,3980866.0
COG,50k-100k,2029.0,1.0,65551.0
COM,100k-250k,2029.0,1.0,187316.0
COM,250k-500k,2029.0,1.0,264213.0
CPV,100k-250k,2029.0,1.0,137746.0
CPV,50k-100k,2029.0,1.0,74289.0
ERI,100k-250k,2029.0,4.0,616916.0
ERI,250k-500k,2029.0,2.0,662614.0
ERI,50k-100k,2029.0,4.0,276670.0
ETH,100k-250k,2029.0,84.0,12835626.0
ETH,250k-500k,2029.0,15.0,5405293.0
ETH,5-10 millions,2029.0,1.0,7436671.0
ETH,500k-1 million,2029.0,4.0,2190457.0
ETH,50k-100k,2029.0,155.0,11445148.0
GAB,100k-250k,2029.0,2.0,230997.0
GAB,250k-500k,2029.0,1.0,331761.0
GAB,500k-1 million,2029.0,1.0,964469.0
GAB,50k-100k,2029.0,2.0,167956.0
GHA,1-2.5 millions,2029.0,1.0,1189191.0
GHA,100k-250k,2029.0,17.0,2368111.0
GHA,2.5-5 millions,2029.0,1.0,4535477.0
GHA,250k-500k,2029.0,4.0,1125211.0
GHA,5-10 millions,2029.0,1.0,5891725.0
GHA,500k-1 million,2029.0,1.0,680661.0
GHA,50k-100k,2029.0,33.0,2508398.0
GIN,100k-250k,2029.0,6.0,923616.0
GIN,2.5-5 millions,2029.0,1.0,2874324.0
GIN,250k-500k,2029.0,3.0,992764.0
GIN,50k-100k,2029.0,14.0,995562.0
GMB,1-2.5 millions,2029.0,1.0,1235384.0
GMB,100k-250k,2029.0,1.0,200664.0
GMB,50k-100k,2029.0,2.0,156684.0
GNB,500k-1 million,2029.0,1.0,646003.0
GNB,50k-100k,2029.0,2.0,173661.0
GNQ,500k-1 million,2029.0,2.0,1787156.0
KEN,1-2.5 millions,2029.0,1.0,1524500.0
KEN,100k-250k,2029.0,19.0,3108787.0
KEN,250k-500k,2029.0,4.0,1608034.0
KEN,5-10 millions,2029.0,1.0,6575990.0
KEN,500k-1 million,2029.0,1.0,634136.0
KEN,50k-100k,2029.0,24.0,1733908.0
LBR,1-2.5 millions,2029.0,1.0,1989403.0
LBR,50k-100k,2029.0,8.0,623435.0
LSO,250k-500k,2029.0,1.0,296506.0
MDG,100k-250k,2029.0,7.0,1116732.0
MDG,2.5-5 millions,2029.0,1.0,4222895.0
MDG,250k-500k,2029.0,2.0,672905.0
MDG,50k-100k,2029.0,14.0,959148.0
MLI,100k-250k,2029.0,6.0,774991.0
MLI,2.5-5 millions,2029.0,1.0,4780662.0
MLI,250k-500k,2029.0,4.0,1371287.0
MLI,50k-100k,2029.0,9.0,620815.0
MOZ,100k-250k,2029.0,14.0,2016662.0
MOZ,2.5-5 millions,2029.0,1.0,3434404.0
MOZ,250k-500k,2029.0,5.0,1910490.0
MOZ,500k-1 million,2029.0,3.0,2118276.0
MOZ,50k-100k,2029.0,25.0,1805260.0
MRT,1-2.5 millions,2029.0,1.0,1731671.0
MRT,100k-250k,2029.0,2.0,317561.0
MRT,50k-100k,2029.0,3.0,213051.0
MUS,500k-1 million,2029.0,1.0,544086.0
MWI,1-2.5 millions,2029.0,1.0,1134410.0
MWI,100k-250k,2029.0,1.0,171555.0
MWI,250k-500k,2029.0,1.0,258378.0
MWI,500k-1 million,2029.0,1.0,980808.0
MWI,50k-100k,2029.0,4.0,298667.0
NAM,100k-250k,2029.0,2.0,217729.0
NAM,250k-500k,2029.0,1.0,447533.0
NAM,50k-100k,2029.0,1.0,75390.0
NER,1-2.5 millions,2029.0,1.0,1499191.0
NER,100k-250k,2029.0,12.0,1830846.0
NER,250k-500k,2029.0,3.0,1007336.0
NER,500k-1 million,2029.0,2.0,1560482.0
NER,50k-100k,2029.0,17.0,1265577.0
NGA,1-2.5 millions,2029.0,12.0,17893671.0
NGA,100k-250k,2029.0,163.0,24463073.0
NGA,2.5-5 millions,2029.0,3.0,10689788.0
NGA,250k-500k,2029.0,53.0,18872011.0
NGA,5-10 millions,2029.0,2.0,11270580.0
NGA,500k-1 million,2029.0,22.0,15981996.0
NGA,50k-100k,2029.0,201.0,14881499.0
NGA,>10 millions,2029.0,1.0,13451460.0
RWA,1-2.5 millions,2029.0,1.0,1628306.0
RWA,100k-250k,2029.0,1.0,172275.0
RWA,250k-500k,2029.0,1.0,370146.0
RWA,50k-100k,2029.0,2.0,142383.0
SDN,1-2.5 millions,2029.0,1.0,1013994.0
SDN,100k-250k,2029.0,47.0,7042473.0
SDN,250k-500k,2029.0,11.0,3722029.0
SDN,5-10 millions,2029.0,1.0,7338984.0
SDN,500k-1 million,2029.0,7.0,4506681.0
SDN,50k-100k,2029.0,38.0,2872710.0
SEN,1-2.5 millions,2029.0,1.0,1230588.0
SEN,100k-250k,2029.0,4.0,697472.0
SEN,2.5-5 millions,2029.0,1.0,4128296.0000000005
SEN,250k-500k,2029.0,5.0,1549232.0
SEN,500k-1 million,2029.0,2.0,1190601.0
SEN,50k-100k,2029.0,13.0,1015469.0
SLE,1-2.5 millions,2029.0,1.0,2074658.0
SLE,100k-250k,2029.0,3.0,471613.0
SLE,250k-500k,2029.0,2.0,625768.0
SLE,50k-100k,2029.0,5.0,394848.0
SOM,1-2.5 millions,2029.0,1.0,1756504.0
SOM,100k-250k,2029.0,20.0,2897553.0
SOM,2.5-5 millions,2029.0,1.0,4876219.0
SOM,250k-500k,2029.0,7.0,2696975.0
SOM,50k-100k,2029.0,23.0,1614788.0
SSA,1-2.5 millions,2029.0,42.0,62682782.0
SSA,100k-250k,2029.0,688.0,105366039.0
SSA,2.5-5 millions,2029.0,20.0,75814582.0
SSA,250k-500k,2029.0,206.0,71672093.0
SSA,5-10 millions,2029.0,11.0,72808919.0
SSA,500k-1 million,2029.0,80.0,55336062.0
SSA,50k-100k,2029.0,932.0,68609802.0
SSA,>10 millions,2029.0,3.0,37716657.0
SSD,100k-250k,2029.0,9.0,1267106.0
SSD,250k-500k,2029.0,5.0,1815654.0
SSD,500k-1 million,2029.0,1.0,637634.0
SSD,50k-100k,2029.0,10.0,704500.0
STP,100k-250k,2029.0,1.0,158978.0
SWZ,50k-100k,2029.0,1.0,96776.0
TCD,1-2.5 millions,2029.0,1.0,2120686.0
TCD,100k-250k,2029.0,18.0,2961241.0
TCD,250k-500k,2029.0,3.0,1095880.0
TCD,50k-100k,2029.0,15.0,1129919.0
TGO,100k-250k,2029.0,9.0,1501836.0
TGO,2.5-5 millions,2029.0,1.0,2589475.0
TGO,250k-500k,2029.0,1.0,260153.00000000003
TGO,50k-100k,2029.0,6.0,471041.0
TZA,1-2.5 millions,2029.0,2.0,2200649.0
TZA,100k-250k,2029.0,20.0,3449752.0
TZA,250k-500k,2029.0,4.0,1362863.0
TZA,5-10 millions,2029.0,1.0,8651416.0
TZA,500k-1 million,2029.0,3.0,2021768.0
TZA,50k-100k,2029.0,15.0,1094149.0
UGA,100k-250k,2029.0,9.0,1426887.0
UGA,250k-500k,2029.0,5.0,1761429.0
UGA,5-10 millions,2029.0,1.0,5405922.0
UGA,50k-100k,2029.0,12.0,933843.0
ZAF,1-2.5 millions,2029.0,3.0,4681642.0
ZAF,100k-250k,2029.0,37.0,5762821.0
ZAF,2.5-5 millions,2029.0,2.0,7999756.0
ZAF,250k-500k,2029.0,9.0,2782313.0
ZAF,5-10 millions,2029.0,1.0,7461270.0
ZAF,500k-1 million,2029.0,5.0,3075387.0
ZAF,50k-100k,2029.0,38.0,2539287.0
ZMB,100k-250k,2029.0,14.0,2104319.0
ZMB,2.5-5 millions,2029.0,1.0,3987414.0
ZMB,250k-500k,2029.0,4.0,1255224.0
ZMB,500k-1 million,2029.0,2.0,1299895.0
ZMB,50k-100k,2029.0,12.0,854355.0
ZWE,1-2.5 millions,2029.0,1.0,2301006.0
ZWE,100k-250k,2029.0,5.0,756923.0
ZWE,500k-1 million,2029.0,1.0,514058.99999999994
ZWE,50k-100k,2029.0,8.0,625266.0
AFE,1-2.5 millions,2030.0,19.0,28151452.0
AFE,100k-250k,2030.0,409.0,64134404.0
AFE,2.5-5 millions,2030.0,8.0,32256939.0
AFE,250k-500k,2030.0,114.0,40844091.0
AFE,5-10 millions,2030.0,6.0,43737160.0
AFE,500k-1 million,2030.0,47.0,31214251.0
AFE,50k-100k,2030.0,667.0,46898202.0
AFE,>10 millions,2030.0,2.0,24753054.0
AFW,1-2.5 millions,2030.0,24.0,36812032.0
AFW,100k-250k,2030.0,307.0,46182490.0
AFW,2.5-5 millions,2030.0,12.0,45004982.0
AFW,250k-500k,2030.0,92.0,31584199.0
AFW,5-10 millions,2030.0,5.0,30476191.0
AFW,500k-1 million,2030.0,37.0,26745469.0
AFW,50k-100k,2030.0,520.0,36197964.0
AFW,>10 millions,2030.0,1.0,13616401.0
AGO,1-2.5 millions,2030.0,3.0,4046376.0
AGO,100k-250k,2030.0,18.0,2681194.0
AGO,250k-500k,2030.0,8.0,3334953.0
AGO,500k-1 million,2030.0,6.0,3984859.0
AGO,50k-100k,2030.0,33.0,2432471.0
AGO,>10 millions,2030.0,1.0,13134985.0
BDI,1-2.5 millions,2030.0,1.0,1375086.0
BDI,100k-250k,2030.0,5.0,813309.0
BDI,50k-100k,2030.0,6.0,409041.0
BEN,100k-250k,2030.0,8.0,1083028.0
BEN,2.5-5 millions,2030.0,1.0,2721456.0
BEN,250k-500k,2030.0,2.0,787571.0
BEN,500k-1 million,2030.0,1.0,899516.0
BEN,50k-100k,2030.0,22.0,1489446.0
BFA,1-2.5 millions,2030.0,1.0,1210831.0
BFA,100k-250k,2030.0,7.0,1066861.0
BFA,2.5-5 millions,2030.0,1.0,3488901.0
BFA,50k-100k,2030.0,23.0,1492308.0
BWA,100k-250k,2030.0,1.0,105375.0
BWA,250k-500k,2030.0,1.0,277822.0
BWA,50k-100k,2030.0,3.0,247532.0
CAF,1-2.5 millions,2030.0,1.0,1194135.0
CAF,50k-100k,2030.0,7.0,468543.0
CIV,100k-250k,2030.0,15.0,2264371.0
CIV,250k-500k,2030.0,5.0,1679967.0
CIV,5-10 millions,2030.0,1.0,7239280.0
CIV,500k-1 million,2030.0,1.0,769249.0
CIV,50k-100k,2030.0,28.0,2015064.0
CMR,100k-250k,2030.0,18.0,2695442.0
CMR,2.5-5 millions,2030.0,1.0,4593481.0
CMR,250k-500k,2030.0,8.0,2606270.0
CMR,5-10 millions,2030.0,1.0,5799222.0
CMR,500k-1 million,2030.0,2.0,1313164.0
CMR,50k-100k,2030.0,27.0,1714002.0
COD,1-2.5 millions,2030.0,4.0,6158499.0
COD,100k-250k,2030.0,82.0,13424782.0
COD,2.5-5 millions,2030.0,2.0,7275965.0
COD,250k-500k,2030.0,26.0,9194601.0
COD,500k-1 million,2030.0,10.0,7328898.0
COD,50k-100k,2030.0,130.0,9241711.0
COD,>10 millions,2030.0,1.0,11618069.0
COG,1-2.5 millions,2030.0,1.0,1878084.0
COG,100k-250k,2030.0,1.0,151364.0
COG,2.5-5 millions,2030.0,1.0,4062002.0
COG,50k-100k,2030.0,1.0,67518.0
COM,100k-250k,2030.0,1.0,191304.0
COM,250k-500k,2030.0,1.0,271079.0
CPV,100k-250k,2030.0,1.0,138427.0
CPV,50k-100k,2030.0,1.0,74503.0
ERI,100k-250k,2030.0,4.0,626434.0
ERI,250k-500k,2030.0,2.0,675380.0
ERI,50k-100k,2030.0,4.0,282784.0
ETH,100k-250k,2030.0,88.0,13610633.0
ETH,250k-500k,2030.0,15.0,5590481.0
ETH,5-10 millions,2030.0,1.0,7619412.0
ETH,500k-1 million,2030.0,4.0,2235561.0
ETH,50k-100k,2030.0,199.0,13919131.0
GAB,100k-250k,2030.0,2.0,234446.0
GAB,250k-500k,2030.0,1.0,340986.0
GAB,500k-1 million,2030.0,1.0,975282.0
GAB,50k-100k,2030.0,2.0,171547.0
GHA,1-2.5 millions,2030.0,1.0,1204629.0
GHA,100k-250k,2030.0,18.0,2510917.0
GHA,2.5-5 millions,2030.0,1.0,4594850.0
GHA,250k-500k,2030.0,4.0,1152144.0
GHA,5-10 millions,2030.0,1.0,5966461.0
GHA,500k-1 million,2030.0,1.0,687110.0
GHA,50k-100k,2030.0,39.0,2827422.0
GIN,100k-250k,2030.0,6.0,941381.0
GIN,2.5-5 millions,2030.0,1.0,2910984.0
GIN,250k-500k,2030.0,3.0,1024336.0
GIN,50k-100k,2030.0,17.0,1176297.0
GMB,1-2.5 millions,2030.0,1.0,1255004.0
GMB,100k-250k,2030.0,1.0,204750.0
GMB,50k-100k,2030.0,2.0,160602.0
GNB,500k-1 million,2030.0,1.0,654343.0
GNB,50k-100k,2030.0,2.0,177368.0
GNQ,500k-1 million,2030.0,2.0,1829391.0
KEN,1-2.5 millions,2030.0,1.0,1541574.0
KEN,100k-250k,2030.0,20.0,3183052.0
KEN,250k-500k,2030.0,5.0,1909855.0
KEN,5-10 millions,2030.0,1.0,6686404.0
KEN,500k-1 million,2030.0,1.0,649147.0
KEN,50k-100k,2030.0,30.0,2048829.0000000002
LBR,1-2.5 millions,2030.0,1.0,2016980.0
LBR,50k-100k,2030.0,9.0,688606.0
LSO,250k-500k,2030.0,1.0,298922.0
MDG,100k-250k,2030.0,7.0,1149039.0
MDG,2.5-5 millions,2030.0,1.0,4299564.0
MDG,250k-500k,2030.0,2.0,695434.0
MDG,50k-100k,2030.0,14.0,978558.0
MLI,100k-250k,2030.0,7.0,898296.0
MLI,2.5-5 millions,2030.0,1.0,4914608.0
MLI,250k-500k,2030.0,4.0,1402204.0
MLI,50k-100k,2030.0,12.0,751141.0
MOZ,100k-250k,2030.0,14.0,2078697.9999999998
MOZ,2.5-5 millions,2030.0,1.0,3501423.0
MOZ,250k-500k,2030.0,4.0,1459963.0
MOZ,500k-1 million,2030.0,4.0,2666856.0
MOZ,50k-100k,2030.0,33.0,2321616.0
MRT,1-2.5 millions,2030.0,1.0,1774185.0
MRT,100k-250k,2030.0,2.0,325765.0
MRT,50k-100k,2030.0,3.0,217562.0
MUS,500k-1 million,2030.0,1.0,542853.0
MWI,1-2.5 millions,2030.0,1.0,1177663.0
MWI,100k-250k,2030.0,1.0,176520.0
MWI,250k-500k,2030.0,1.0,267513.0
MWI,500k-1 million,2030.0,1.0,998688.0
MWI,50k-100k,2030.0,5.0,371219.0
NAM,100k-250k,2030.0,2.0,228014.0
NAM,250k-500k,2030.0,1.0,456977.0
NAM,50k-100k,2030.0,1.0,77162.0
NER,1-2.5 millions,2030.0,1.0,1523701.0
NER,100k-250k,2030.0,12.0,1874371.0
NER,250k-500k,2030.0,3.0,1030205.9999999999
NER,500k-1 million,2030.0,2.0,1598997.0
NER,50k-100k,2030.0,22.0,1577619.0
NGA,1-2.5 millions,2030.0,13.0,19227623.0
NGA,100k-250k,2030.0,174.0,25933571.0
NGA,2.5-5 millions,2030.0,3.0,10888357.0
NGA,250k-500k,2030.0,52.0,18476913.0
NGA,5-10 millions,2030.0,2.0,11471228.0
NGA,500k-1 million,2030.0,23.0,16290123.0
NGA,50k-100k,2030.0,256.0,17656748.0
NGA,>10 millions,2030.0,1.0,13616401.0
RWA,1-2.5 millions,2030.0,1.0,1664454.0
RWA,100k-250k,2030.0,1.0,176348.0
RWA,250k-500k,2030.0,1.0,378192.0
RWA,50k-100k,2030.0,7.0,447561.0
SDN,1-2.5 millions,2030.0,1.0,1029791.9999999999
SDN,100k-250k,2030.0,48.0,7328065.0
SDN,250k-500k,2030.0,11.0,3799234.0
SDN,5-10 millions,2030.0,1.0,7471392.0
SDN,500k-1 million,2030.0,7.0,4605861.0
SDN,50k-100k,2030.0,44.0,3241352.0
SEN,1-2.5 millions,2030.0,1.0,1250348.0
SEN,100k-250k,2030.0,4.0,710285.0
SEN,2.5-5 millions,2030.0,1.0,4197252.0
SEN,250k-500k,2030.0,5.0,1575400.0
SEN,500k-1 million,2030.0,2.0,1219539.0
SEN,50k-100k,2030.0,16.0,1202676.0
SLE,1-2.5 millions,2030.0,1.0,2109382.0
SLE,100k-250k,2030.0,3.0,479166.0
SLE,250k-500k,2030.0,2.0,633341.0
SLE,50k-100k,2030.0,6.0,457215.0
SOM,1-2.5 millions,2030.0,1.0,1797245.0
SOM,100k-250k,2030.0,20.0,2975670.0
SOM,2.5-5 millions,2030.0,1.0,4995417.0
SOM,250k-500k,2030.0,7.0,2777564.0
SOM,500k-1 million,2030.0,1.0,510359.0
SOM,50k-100k,2030.0,28.0,1936385.0
SSA,1-2.5 millions,2030.0,43.0,64963484.0
SSA,100k-250k,2030.0,716.0,110316894.0
SSA,2.5-5 millions,2030.0,20.0,77261921.0
SSA,250k-500k,2030.0,206.0,72428290.0
SSA,5-10 millions,2030.0,11.0,74213351.0
SSA,500k-1 million,2030.0,84.0,57959720.0
SSA,50k-100k,2030.0,1187.0,83096166.0
SSA,>10 millions,2030.0,3.0,38369455.0
SSD,100k-250k,2030.0,9.0,1282771.0
SSD,250k-500k,2030.0,5.0,1858480.0
SSD,500k-1 million,2030.0,1.0,651682.0
SSD,50k-100k,2030.0,12.0,820209.0
STP,100k-250k,2030.0,1.0,161686.0
SWZ,50k-100k,2030.0,1.0,97434.0
TCD,1-2.5 millions,2030.0,1.0,2167130.0
TCD,100k-250k,2030.0,19.0,3135305.0
TCD,250k-500k,2030.0,2.0,610416.0
TCD,500k-1 million,2030.0,1.0,508755.0
TCD,50k-100k,2030.0,16.0,1161121.0
TGO,100k-250k,2030.0,9.0,1534744.0
TGO,2.5-5 millions,2030.0,1.0,2633091.0
TGO,250k-500k,2030.0,1.0,264445.0
TGO,50k-100k,2030.0,9.0,650656.0
TZA,1-2.5 millions,2030.0,2.0,2270625.0
TZA,100k-250k,2030.0,20.0,3490995.0
TZA,250k-500k,2030.0,5.0,1655073.0
TZA,5-10 millions,2030.0,1.0,8865491.0
TZA,500k-1 million,2030.0,3.0,2078054.0
TZA,50k-100k,2030.0,31.0,2135594.0
UGA,100k-250k,2030.0,11.0,1679409.0
UGA,250k-500k,2030.0,5.0,1840343.0
UGA,5-10 millions,2030.0,1.0,5537167.0
UGA,50k-100k,2030.0,18.0,1232177.0
ZAF,1-2.5 millions,2030.0,3.0,4743179.0
ZAF,100k-250k,2030.0,37.0,5827950.0
ZAF,2.5-5 millions,2030.0,2.0,8077983.0
ZAF,250k-500k,2030.0,9.0,2815920.0
ZAF,5-10 millions,2030.0,1.0,7557294.0
ZAF,500k-1 million,2030.0,5.0,3120647.0
ZAF,50k-100k,2030.0,43.0,2861733.0
ZMB,100k-250k,2030.0,14.0,2169408.0
ZMB,2.5-5 millions,2030.0,1.0,4106587.0000000005
ZMB,250k-500k,2030.0,4.0,1286305.0
ZMB,500k-1 million,2030.0,2.0,1321405.0
ZMB,50k-100k,2030.0,13.0,940041.0
ZWE,1-2.5 millions,2030.0,1.0,2346959.0
ZWE,100k-250k,2030.0,5.0,773748.0
ZWE,500k-1 million,2030.0,1.0,519381.0
ZWE,50k-100k,2030.0,12.0,855662.0
AFE,1-2.5 millions,2031.0,21.0,30780497.0
AFE,100k-250k,2031.0,430.0,66793904.0
AFE,2.5-5 millions,2031.0,7.0,27736582.0
AFE,250k-500k,2031.0,114.0,39858094.0
AFE,5-10 millions,2031.0,7.0,49622368.0
AFE,500k-1 million,2031.0,53.0,33865467.0
AFE,50k-100k,2031.0,638.0,45400869.0
AFE,>10 millions,2031.0,2.0,25186793.0
AFW,1-2.5 millions,2031.0,24.0,37425914.0
AFW,100k-250k,2031.0,315.0,47856274.0
AFW,2.5-5 millions,2031.0,11.0,40720070.0
AFW,250k-500k,2031.0,91.0,31480967.0
AFW,5-10 millions,2031.0,5.0,30978884.0
AFW,500k-1 million,2031.0,39.0,28229232.0
AFW,50k-100k,2031.0,511.0,36227177.0
AFW,>10 millions,2031.0,1.0,13757903.0
AGO,1-2.5 millions,2031.0,3.0,4181729.0000000005
AGO,100k-250k,2031.0,21.0,3077331.0
AGO,250k-500k,2031.0,6.0,2446587.0
AGO,500k-1 million,2031.0,8.0,5069509.0
AGO,50k-100k,2031.0,30.0,2225546.0
AGO,>10 millions,2031.0,1.0,13483451.0
BDI,1-2.5 millions,2031.0,1.0,1395375.0
BDI,100k-250k,2031.0,5.0,834149.0
BDI,50k-100k,2031.0,6.0,422341.0
BEN,100k-250k,2031.0,8.0,1107856.0
BEN,2.5-5 millions,2031.0,1.0,2755580.0
BEN,250k-500k,2031.0,2.0,807370.0
BEN,500k-1 million,2031.0,1.0,919248.0
BEN,50k-100k,2031.0,22.0,1545989.0
BFA,1-2.5 millions,2031.0,1.0,1225056.0
BFA,100k-250k,2031.0,7.0,1083346.0
BFA,2.5-5 millions,2031.0,1.0,3539695.0
BFA,50k-100k,2031.0,23.0,1520362.0
BWA,100k-250k,2031.0,2.0,207699.0
BWA,250k-500k,2031.0,1.0,281235.0
BWA,50k-100k,2031.0,2.0,149796.0
CAF,1-2.5 millions,2031.0,1.0,1219145.0
CAF,50k-100k,2031.0,7.0,483806.0
CIV,100k-250k,2031.0,15.0,2307741.0
CIV,250k-500k,2031.0,5.0,1713613.0
CIV,5-10 millions,2031.0,1.0,7358446.0
CIV,500k-1 million,2031.0,1.0,778336.0
CIV,50k-100k,2031.0,28.0,2063391.0
CMR,100k-250k,2031.0,18.0,2776070.0
CMR,2.5-5 millions,2031.0,1.0,4691026.0
CMR,250k-500k,2031.0,8.0,2667625.0
CMR,5-10 millions,2031.0,1.0,5937604.0
CMR,500k-1 million,2031.0,2.0,1331360.0
CMR,50k-100k,2031.0,27.0,1756585.0
COD,1-2.5 millions,2031.0,5.0,7306257.0
COD,100k-250k,2031.0,82.0,13371732.0
COD,2.5-5 millions,2031.0,2.0,7425219.0
COD,250k-500k,2031.0,29.0,10189662.0
COD,500k-1 million,2031.0,9.0,6479245.0
COD,50k-100k,2031.0,127.0,9241195.0
COD,>10 millions,2031.0,1.0,11703342.0
COG,1-2.5 millions,2031.0,1.0,1922310.0
COG,100k-250k,2031.0,1.0,156294.0
COG,2.5-5 millions,2031.0,1.0,4144558.0
COG,50k-100k,2031.0,1.0,70589.0
COM,100k-250k,2031.0,1.0,195943.0
COM,250k-500k,2031.0,1.0,275704.0
CPV,100k-250k,2031.0,1.0,139065.0
CPV,50k-100k,2031.0,1.0,74699.0
ERI,100k-250k,2031.0,4.0,635607.0
ERI,250k-500k,2031.0,2.0,689665.0
ERI,50k-100k,2031.0,4.0,288613.0
ETH,100k-250k,2031.0,90.0,13614977.0
ETH,250k-500k,2031.0,17.0,5788885.0
ETH,5-10 millions,2031.0,1.0,7792596.0
ETH,500k-1 million,2031.0,6.0,3284400.0
ETH,50k-100k,2031.0,193.0,13745671.0
GAB,100k-250k,2031.0,3.0,339646.0
GAB,250k-500k,2031.0,1.0,352005.0
GAB,500k-1 million,2031.0,1.0,983895.0
GAB,50k-100k,2031.0,1.0,83836.0
GHA,1-2.5 millions,2031.0,1.0,1222750.0
GHA,100k-250k,2031.0,22.0,2964738.0
GHA,2.5-5 millions,2031.0,1.0,4644297.0
GHA,250k-500k,2031.0,4.0,1171124.0
GHA,5-10 millions,2031.0,1.0,6035068.0
GHA,500k-1 million,2031.0,1.0,692487.0
GHA,50k-100k,2031.0,35.0,2490867.0
GIN,100k-250k,2031.0,6.0,953615.0
GIN,2.5-5 millions,2031.0,1.0,2935807.0
GIN,250k-500k,2031.0,3.0,1054792.0
GIN,50k-100k,2031.0,17.0,1204507.0
GMB,1-2.5 millions,2031.0,1.0,1269934.0
GMB,100k-250k,2031.0,1.0,208362.0
GMB,50k-100k,2031.0,2.0,163634.0
GNB,500k-1 million,2031.0,1.0,660550.0
GNB,50k-100k,2031.0,2.0,180256.0
GNQ,500k-1 million,2031.0,2.0,1872948.0
KEN,1-2.5 millions,2031.0,1.0,1557337.0
KEN,100k-250k,2031.0,22.0,3503155.0
KEN,250k-500k,2031.0,5.0,1952424.0
KEN,5-10 millions,2031.0,1.0,6791794.0
KEN,500k-1 million,2031.0,1.0,660907.0
KEN,50k-100k,2031.0,28.0,1889090.0
LBR,1-2.5 millions,2031.0,1.0,2042000.0
LBR,50k-100k,2031.0,9.0,703908.0
LSO,250k-500k,2031.0,1.0,301284.0
MDG,100k-250k,2031.0,8.0,1283341.0
MDG,2.5-5 millions,2031.0,1.0,4401006.0
MDG,250k-500k,2031.0,2.0,722621.0
MDG,50k-100k,2031.0,13.0,904710.0
MLI,100k-250k,2031.0,7.0,921051.0
MLI,250k-500k,2031.0,4.0,1430516.0
MLI,50k-100k,2031.0,12.0,778922.0
MOZ,100k-250k,2031.0,15.0,2240136.0
MOZ,2.5-5 millions,2031.0,1.0,3545825.0
MOZ,250k-500k,2031.0,3.0,982943.0
MOZ,500k-1 million,2031.0,5.0,3228732.0
MOZ,50k-100k,2031.0,32.0,2285890.0
MRT,1-2.5 millions,2031.0,1.0,1816422.0
MRT,100k-250k,2031.0,2.0,334965.0
MRT,50k-100k,2031.0,3.0,222837.0
MUS,500k-1 million,2031.0,1.0,541290.0
MWI,1-2.5 millions,2031.0,2.0,2232715.0
MWI,100k-250k,2031.0,1.0,184172.0
MWI,250k-500k,2031.0,1.0,277038.0
MWI,50k-100k,2031.0,5.0,393348.0
NAM,100k-250k,2031.0,2.0,235999.0
NAM,250k-500k,2031.0,1.0,463428.0
NAM,50k-100k,2031.0,1.0,79227.0
NER,1-2.5 millions,2031.0,1.0,1537533.0
NER,100k-250k,2031.0,13.0,2020858.0
NER,250k-500k,2031.0,3.0,1052832.0
NER,500k-1 million,2031.0,2.0,1629345.0
NER,50k-100k,2031.0,21.0,1518200.0
NGA,1-2.5 millions,2031.0,13.0,19552270.0
NGA,100k-250k,2031.0,176.0,26557975.0
NGA,2.5-5 millions,2031.0,3.0,11084836.0
NGA,250k-500k,2031.0,51.0,18101261.0
NGA,5-10 millions,2031.0,2.0,11647766.0
NGA,500k-1 million,2031.0,25.0,17589950.0
NGA,50k-100k,2031.0,253.0,17803949.0
NGA,>10 millions,2031.0,1.0,13757903.0
RWA,1-2.5 millions,2031.0,1.0,1694760.0
RWA,100k-250k,2031.0,1.0,181067.0
RWA,250k-500k,2031.0,1.0,385078.0
RWA,50k-100k,2031.0,7.0,486227.0
SDN,1-2.5 millions,2031.0,1.0,1042413.0
SDN,100k-250k,2031.0,48.0,7477612.0
SDN,250k-500k,2031.0,11.0,3862536.0
SDN,5-10 millions,2031.0,1.0,7572684.0
SDN,500k-1 million,2031.0,7.0,4699459.0
SDN,50k-100k,2031.0,44.0,3314886.0
SEN,1-2.5 millions,2031.0,1.0,1269904.0
SEN,100k-250k,2031.0,4.0,722641.0
SEN,2.5-5 millions,2031.0,1.0,4258434.0
SEN,250k-500k,2031.0,5.0,1600004.0
SEN,500k-1 million,2031.0,2.0,1250853.0
SEN,50k-100k,2031.0,16.0,1234813.0
SLE,1-2.5 millions,2031.0,1.0,2139328.0
SLE,100k-250k,2031.0,3.0,485756.0
SLE,250k-500k,2031.0,2.0,640482.0
SLE,50k-100k,2031.0,6.0,466939.0
SOM,1-2.5 millions,2031.0,1.0,1833004.0
SOM,100k-250k,2031.0,19.0,2801625.0
SOM,250k-500k,2031.0,7.0,2601843.0
SOM,5-10 millions,2031.0,1.0,5105123.0
SOM,500k-1 million,2031.0,2.0,1028933.0
SOM,50k-100k,2031.0,28.0,1997494.0
SSA,1-2.5 millions,2031.0,45.0,68206411.0
SSA,100k-250k,2031.0,745.0,114650178.0
SSA,2.5-5 millions,2031.0,18.0,68456652.0
SSA,250k-500k,2031.0,205.0,71339061.0
SSA,5-10 millions,2031.0,12.0,80601252.0
SSA,500k-1 million,2031.0,92.0,62094699.0
SSA,50k-100k,2031.0,1149.0,81628046.0
SSA,>10 millions,2031.0,3.0,38944696.0
SSD,100k-250k,2031.0,11.0,1505259.0
SSD,250k-500k,2031.0,5.0,1908985.0
SSD,500k-1 million,2031.0,1.0,667153.0
SSD,50k-100k,2031.0,10.0,639647.0
STP,100k-250k,2031.0,1.0,165237.0
SWZ,50k-100k,2031.0,1.0,98287.0
TCD,1-2.5 millions,2031.0,1.0,2209262.0
TCD,100k-250k,2031.0,19.0,3209194.0
TCD,250k-500k,2031.0,2.0,619069.0
TCD,500k-1 million,2031.0,1.0,520260.0
TCD,50k-100k,2031.0,16.0,1188146.0
TGO,100k-250k,2031.0,9.0,1567101.0
TGO,2.5-5 millions,2031.0,1.0,2665837.0
TGO,250k-500k,2031.0,1.0,270274.0
TGO,50k-100k,2031.0,9.0,670942.0
TZA,1-2.5 millions,2031.0,2.0,2345139.0
TZA,100k-250k,2031.0,23.0,3919398.0
TZA,250k-500k,2031.0,5.0,1698238.0
TZA,5-10 millions,2031.0,1.0,9069352.0
TZA,500k-1 million,2031.0,3.0,2134188.0
TZA,50k-100k,2031.0,28.0,1915512.0
UGA,100k-250k,2031.0,12.0,1838715.0
UGA,250k-500k,2031.0,3.0,867280.0
UGA,5-10 millions,2031.0,1.0,5656314.0
UGA,500k-1 million,2031.0,2.0,1030338.0
UGA,50k-100k,2031.0,17.0,1182264.0
ZAF,1-2.5 millions,2031.0,3.0,4790968.0
ZAF,100k-250k,2031.0,40.0,6196150.0
ZAF,2.5-5 millions,2031.0,2.0,8145215.0
ZAF,250k-500k,2031.0,9.0,2844083.0
ZAF,5-10 millions,2031.0,1.0,7634505.0
ZAF,500k-1 million,2031.0,5.0,3159148.0
ZAF,50k-100k,2031.0,40.0,2592571.0
ZMB,100k-250k,2031.0,14.0,2225374.0
ZMB,2.5-5 millions,2031.0,1.0,4219317.0
ZMB,250k-500k,2031.0,4.0,1318575.0
ZMB,500k-1 million,2031.0,2.0,1347995.0
ZMB,50k-100k,2031.0,13.0,969790.0
ZWE,1-2.5 millions,2031.0,1.0,2400800.0
ZWE,100k-250k,2031.0,8.0,1099226.0
ZWE,500k-1 million,2031.0,1.0,534170.0
ZWE,50k-100k,2031.0,9.0,578764.0
AFE,1-2.5 millions,2032.0,21.0,31412377.0
AFE,100k-250k,2032.0,436.0,67817959.0
AFE,2.5-5 millions,2032.0,6.0,23186120.0
AFE,250k-500k,2032.0,120.0,41598845.0
AFE,5-10 millions,2032.0,8.0,55537685.0
AFE,500k-1 million,2032.0,56.0,36093112.0
AFE,50k-100k,2032.0,623.0,45232976.0
AFE,>10 millions,2032.0,2.0,25620531.0
AFW,1-2.5 millions,2032.0,26.0,40057631.0
AFW,100k-250k,2032.0,329.0,50015276.0
AFW,2.5-5 millions,2032.0,11.0,41349767.0
AFW,250k-500k,2032.0,92.0,32121190.0
AFW,5-10 millions,2032.0,6.0,36684086.0
AFW,500k-1 million,2032.0,37.0,26203162.0
AFW,50k-100k,2032.0,494.0,35412338.0
AFW,>10 millions,2032.0,1.0,13899405.0
AGO,1-2.5 millions,2032.0,3.0,4317082.0
AGO,100k-250k,2032.0,22.0,3280728.0
AGO,250k-500k,2032.0,5.0,2018633.0
AGO,500k-1 million,2032.0,9.0,5693748.0
AGO,50k-100k,2032.0,29.0,2211362.0
AGO,>10 millions,2032.0,1.0,13831917.0
BDI,1-2.5 millions,2032.0,1.0,1415663.0
BDI,100k-250k,2032.0,5.0,854990.0
BDI,50k-100k,2032.0,6.0,435641.0
BEN,100k-250k,2032.0,9.0,1239688.0
BEN,2.5-5 millions,2032.0,1.0,2789704.0
BEN,250k-500k,2032.0,2.0,827170.0
BEN,500k-1 million,2032.0,1.0,938979.0
BEN,50k-100k,2032.0,21.0,1495528.0
BFA,1-2.5 millions,2032.0,1.0,1239281.0
BFA,100k-250k,2032.0,7.0,1099832.0
BFA,2.5-5 millions,2032.0,1.0,3590489.0
BFA,50k-100k,2032.0,23.0,1548416.0
BWA,100k-250k,2032.0,2.0,210137.0
BWA,250k-500k,2032.0,1.0,284649.0
BWA,50k-100k,2032.0,2.0,151946.0
CAF,1-2.5 millions,2032.0,1.0,1244156.0
CAF,50k-100k,2032.0,7.0,499069.0
CIV,100k-250k,2032.0,18.0,2655620.0
CIV,250k-500k,2032.0,5.0,1747259.0
CIV,5-10 millions,2032.0,1.0,7477613.0
CIV,500k-1 million,2032.0,1.0,787423.0
CIV,50k-100k,2032.0,25.0,1807207.0
CMR,100k-250k,2032.0,18.0,2856698.0
CMR,2.5-5 millions,2032.0,1.0,4788571.0
CMR,250k-500k,2032.0,8.0,2728980.0
CMR,5-10 millions,2032.0,1.0,6075985.0
CMR,500k-1 million,2032.0,2.0,1349557.0
CMR,50k-100k,2032.0,27.0,1799169.0
COD,1-2.5 millions,2032.0,5.0,7455533.0
COD,100k-250k,2032.0,81.0,13056079.0
COD,2.5-5 millions,2032.0,2.0,7574474.0
COD,250k-500k,2032.0,32.0,10953790.0
COD,500k-1 million,2032.0,10.0,7131123.0
COD,50k-100k,2032.0,124.0,9231168.0
COD,>10 millions,2032.0,1.0,11788614.0
COG,1-2.5 millions,2032.0,1.0,1966537.0
COG,100k-250k,2032.0,1.0,161224.0
COG,2.5-5 millions,2032.0,1.0,4227114.0
COG,50k-100k,2032.0,1.0,73660.0
COM,100k-250k,2032.0,1.0,200583.0
COM,250k-500k,2032.0,1.0,280330.0
CPV,100k-250k,2032.0,1.0,139703.0
CPV,50k-100k,2032.0,1.0,74895.0
ERI,100k-250k,2032.0,4.0,644780.0
ERI,250k-500k,2032.0,2.0,703950.0
ERI,50k-100k,2032.0,4.0,294442.0
ETH,100k-250k,2032.0,94.0,14115132.0
ETH,250k-500k,2032.0,19.0,6500573.0
ETH,5-10 millions,2032.0,1.0,7965779.0
ETH,500k-1 million,2032.0,6.0,3348032.0
ETH,50k-100k,2032.0,187.0,13548322.0
GAB,100k-250k,2032.0,3.0,346190.0
GAB,250k-500k,2032.0,1.0,363024.0
GAB,500k-1 million,2032.0,1.0,992507.0
GAB,50k-100k,2032.0,1.0,94781.0
GHA,1-2.5 millions,2032.0,1.0,1240871.0
GHA,100k-250k,2032.0,23.0,3126494.0
GHA,2.5-5 millions,2032.0,1.0,4693744.0
GHA,250k-500k,2032.0,4.0,1190104.0
GHA,5-10 millions,2032.0,1.0,6103676.0
GHA,500k-1 million,2032.0,1.0,697863.0
GHA,50k-100k,2032.0,34.0,2446378.0
GIN,100k-250k,2032.0,6.0,965849.0
GIN,2.5-5 millions,2032.0,1.0,2960629.0
GIN,250k-500k,2032.0,3.0,1085247.0
GIN,50k-100k,2032.0,17.0,1232716.0
GMB,1-2.5 millions,2032.0,1.0,1284864.0
GMB,100k-250k,2032.0,1.0,211974.0
GMB,50k-100k,2032.0,2.0,166665.0
GNB,500k-1 million,2032.0,1.0,666757.0
GNB,50k-100k,2032.0,1.0,83093.0
GNQ,500k-1 million,2032.0,1.0,909174.0
KEN,1-2.5 millions,2032.0,1.0,1573100.0
KEN,100k-250k,2032.0,23.0,3724479.0
KEN,250k-500k,2032.0,5.0,1994992.0
KEN,5-10 millions,2032.0,1.0,6897184.0
KEN,500k-1 million,2032.0,1.0,672667.0
KEN,50k-100k,2032.0,27.0,1828130.0
LBR,1-2.5 millions,2032.0,1.0,2067020.0
LBR,50k-100k,2032.0,9.0,719210.0
LSO,250k-500k,2032.0,1.0,303647.0
MDG,100k-250k,2032.0,8.0,1318671.0
MDG,2.5-5 millions,2032.0,1.0,4502449.0
MDG,250k-500k,2032.0,2.0,749807.0
MDG,50k-100k,2032.0,13.0,929834.0
MLI,100k-250k,2032.0,7.0,943806.0
MLI,250k-500k,2032.0,4.0,1458829.0
MLI,5-10 millions,2032.0,1.0,5202508.0
MLI,50k-100k,2032.0,12.0,806703.0
MOZ,100k-250k,2032.0,15.0,2303352.0
MOZ,2.5-5 millions,2032.0,1.0,3590227.0
MOZ,250k-500k,2032.0,3.0,1005709.0
MOZ,500k-1 million,2032.0,5.0,3290822.0
MOZ,50k-100k,2032.0,32.0,2348386.0
MRT,1-2.5 millions,2032.0,1.0,1858660.0
MRT,100k-250k,2032.0,2.0,344165.0
MRT,50k-100k,2032.0,3.0,228113.0
MUS,500k-1 million,2032.0,1.0,539727.0
MWI,1-2.5 millions,2032.0,2.0,2289080.0
MWI,100k-250k,2032.0,1.0,191823.0
MWI,250k-500k,2032.0,1.0,286563.0
MWI,50k-100k,2032.0,5.0,415476.0
NAM,100k-250k,2032.0,2.0,243984.0
NAM,250k-500k,2032.0,1.0,469880.0
NAM,50k-100k,2032.0,1.0,81293.0
NER,1-2.5 millions,2032.0,1.0,1551366.0
NER,100k-250k,2032.0,14.0,2172037.0
NER,250k-500k,2032.0,3.0,1075458.0
NER,500k-1 million,2032.0,2.0,1659693.0
NER,50k-100k,2032.0,20.0,1454089.0
NGA,1-2.5 millions,2032.0,15.0,21894749.0
NGA,100k-250k,2032.0,184.0,27796831.0
NGA,2.5-5 millions,2032.0,3.0,11281315.0
NGA,250k-500k,2032.0,51.0,18214247.0
NGA,5-10 millions,2032.0,2.0,11824304.0
NGA,500k-1 million,2032.0,24.0,16387276.999999998
NGA,50k-100k,2032.0,244.0,17332732.0
NGA,>10 millions,2032.0,1.0,13899405.0
RWA,1-2.5 millions,2032.0,1.0,1725067.0
RWA,100k-250k,2032.0,1.0,185786.0
RWA,250k-500k,2032.0,1.0,391964.0
RWA,50k-100k,2032.0,7.0,524893.0
SDN,1-2.5 millions,2032.0,1.0,1055034.0
SDN,100k-250k,2032.0,49.0,7578842.0
SDN,250k-500k,2032.0,12.0,4175932.0
SDN,5-10 millions,2032.0,1.0,7673976.0
SDN,500k-1 million,2032.0,7.0,4793057.0
SDN,50k-100k,2032.0,42.0,3186641.0
SEN,1-2.5 millions,2032.0,1.0,1289460.0
SEN,100k-250k,2032.0,5.0,835094.0
SEN,2.5-5 millions,2032.0,1.0,4319617.0
SEN,250k-500k,2032.0,5.0,1624609.0
SEN,500k-1 million,2032.0,2.0,1282167.0
SEN,50k-100k,2032.0,15.0,1166853.0
SLE,1-2.5 millions,2032.0,1.0,2169274.0
SLE,100k-250k,2032.0,3.0,492346.0
SLE,250k-500k,2032.0,2.0,647622.0
SLE,50k-100k,2032.0,6.0,476662.0
SOM,1-2.5 millions,2032.0,1.0,1868764.0
SOM,100k-250k,2032.0,18.0,2623364.0
SOM,250k-500k,2032.0,8.0,2925581.0
SOM,5-10 millions,2032.0,1.0,5214830.0
SOM,500k-1 million,2032.0,2.0,1052264.0
SOM,50k-100k,2032.0,28.0,2058603.0
SSA,1-2.5 millions,2032.0,47.0,71470008.0
SSA,100k-250k,2032.0,765.0,117833235.0
SSA,2.5-5 millions,2032.0,17.0,64535887.0
SSA,250k-500k,2032.0,212.0,73720035.0
SSA,5-10 millions,2032.0,14.0,92221771.0
SSA,500k-1 million,2032.0,93.0,62296274.0
SSA,50k-100k,2032.0,1117.0,80645314.0
SSA,>10 millions,2032.0,3.0,39519936.0
SSD,100k-250k,2032.0,11.0,1534531.0
SSD,250k-500k,2032.0,4.0,1452704.0
SSD,500k-1 million,2032.0,2.0,1189411.0
SSD,50k-100k,2032.0,10.0,652301.0
STP,100k-250k,2032.0,1.0,168787.0
SWZ,50k-100k,2032.0,1.0,99139.0
TCD,1-2.5 millions,2032.0,1.0,2251393.0
TCD,100k-250k,2032.0,18.0,3028267.0
TCD,250k-500k,2032.0,3.0,882538.0
TCD,500k-1 million,2032.0,1.0,531765.0
TCD,50k-100k,2032.0,16.0,1215171.0
TGO,100k-250k,2032.0,9.0,1599458.0
TGO,2.5-5 millions,2032.0,1.0,2698584.0
TGO,250k-500k,2032.0,1.0,276103.0
TGO,50k-100k,2032.0,9.0,691228.0
TZA,1-2.5 millions,2032.0,2.0,2419654.0
TZA,100k-250k,2032.0,24.0,4156649.9999999995
TZA,250k-500k,2032.0,5.0,1741403.0
TZA,5-10 millions,2032.0,1.0,9273213.0
TZA,500k-1 million,2032.0,3.0,2190322.0
TZA,50k-100k,2032.0,27.0,1886582.0
UGA,100k-250k,2032.0,13.0,2001145.0
UGA,250k-500k,2032.0,3.0,884147.0
UGA,5-10 millions,2032.0,1.0,5775461.0
UGA,500k-1 million,2032.0,2.0,1070745.0
UGA,50k-100k,2032.0,16.0,1129226.0
ZAF,1-2.5 millions,2032.0,3.0,4838758.0
ZAF,100k-250k,2032.0,39.0,6014657.0
ZAF,2.5-5 millions,2032.0,1.0,3186922.0
ZAF,250k-500k,2032.0,10.0,3123745.0
ZAF,5-10 millions,2032.0,2.0,12737242.0
ZAF,500k-1 million,2032.0,5.0,3197650.0
ZAF,50k-100k,2032.0,40.0,2621602.0
ZMB,100k-250k,2032.0,14.0,2281340.0
ZMB,2.5-5 millions,2032.0,1.0,4332048.0
ZMB,250k-500k,2032.0,4.0,1350846.0
ZMB,500k-1 million,2032.0,2.0,1374585.0
ZMB,50k-100k,2032.0,13.0,999540.0
ZWE,1-2.5 millions,2032.0,1.0,2454642.0
ZWE,100k-250k,2032.0,8.0,1128119.0
ZWE,500k-1 million,2032.0,1.0,548959.0
ZWE,50k-100k,2032.0,9.0,598449.0
AFE,1-2.5 millions,2033.0,21.0,30546841.0
AFE,100k-250k,2033.0,462.0,71351430.0
AFE,2.5-5 millions,2033.0,6.0,23594898.0
AFE,250k-500k,2033.0,123.0,42631751.0
AFE,5-10 millions,2033.0,8.0,56493760.0
AFE,500k-1 million,2033.0,58.0,37333250.0
AFE,50k-100k,2033.0,591.0,43239952.0
AFE,>10 millions,2033.0,2.0,26054270.0
AFW,1-2.5 millions,2033.0,28.0,42739840.0
AFW,100k-250k,2033.0,342.0,52297234.0
AFW,2.5-5 millions,2033.0,11.0,41979462.0
AFW,250k-500k,2033.0,91.0,31994818.0
AFW,5-10 millions,2033.0,6.0,37330729.0
AFW,500k-1 million,2033.0,37.0,25664594.0
AFW,50k-100k,2033.0,480.0,34816362.0
AFW,>10 millions,2033.0,1.0,14040908.0
AGO,1-2.5 millions,2033.0,3.0,4452435.0
AGO,100k-250k,2033.0,26.0,3788461.0
AGO,250k-500k,2033.0,5.0,2090577.0000000002
AGO,500k-1 million,2033.0,9.0,5818087.0
AGO,50k-100k,2033.0,25.0,1892842.0
AGO,>10 millions,2033.0,1.0,14180383.0
BDI,1-2.5 millions,2033.0,1.0,1435952.0
BDI,100k-250k,2033.0,5.0,875830.0
BDI,50k-100k,2033.0,6.0,448941.0
BEN,100k-250k,2033.0,9.0,1278494.0
BEN,2.5-5 millions,2033.0,1.0,2823828.0
BEN,250k-500k,2033.0,2.0,846969.0
BEN,500k-1 million,2033.0,1.0,958710.0
BEN,50k-100k,2033.0,21.0,1538093.0
BFA,1-2.5 millions,2033.0,1.0,1253506.0
BFA,100k-250k,2033.0,7.0,1116318.0
BFA,2.5-5 millions,2033.0,1.0,3641283.0
BFA,50k-100k,2033.0,23.0,1576470.0
BWA,100k-250k,2033.0,3.0,314056.0
BWA,250k-500k,2033.0,1.0,288062.0
BWA,50k-100k,2033.0,1.0,52615.0
CAF,1-2.5 millions,2033.0,1.0,1269167.0
CAF,50k-100k,2033.0,7.0,514332.99999999994
CIV,100k-250k,2033.0,18.0,2706041.0
CIV,250k-500k,2033.0,5.0,1780905.0
CIV,5-10 millions,2033.0,1.0,7596779.0
CIV,500k-1 million,2033.0,1.0,796509.0
CIV,50k-100k,2033.0,25.0,1848482.0
CMR,100k-250k,2033.0,18.0,2937326.0
CMR,2.5-5 millions,2033.0,1.0,4886115.0
CMR,250k-500k,2033.0,8.0,2790336.0
CMR,5-10 millions,2033.0,1.0,6214367.0
CMR,500k-1 million,2033.0,2.0,1367753.0
CMR,50k-100k,2033.0,27.0,1841752.0
COD,1-2.5 millions,2033.0,5.0,7604808.0
COD,100k-250k,2033.0,88.0,13848580.0
COD,2.5-5 millions,2033.0,2.0,7723728.0
COD,250k-500k,2033.0,33.0,11228485.0
COD,500k-1 million,2033.0,11.0,7792683.0
COD,50k-100k,2033.0,115.0,8592739.0
COD,>10 millions,2033.0,1.0,11873887.0
COG,1-2.5 millions,2033.0,1.0,2010763.0
COG,100k-250k,2033.0,1.0,166154.0
COG,2.5-5 millions,2033.0,1.0,4309670.0
COG,50k-100k,2033.0,1.0,76731.0
COM,100k-250k,2033.0,1.0,205222.0
COM,250k-500k,2033.0,1.0,284955.0
CPV,100k-250k,2033.0,1.0,140341.0
CPV,50k-100k,2033.0,1.0,75092.0
ERI,100k-250k,2033.0,3.0,401861.0
ERI,250k-500k,2033.0,3.0,970328.0
ERI,50k-100k,2033.0,4.0,300270.0
ETH,100k-250k,2033.0,103.0,15135434.0
ETH,250k-500k,2033.0,20.0,6734954.0
ETH,5-10 millions,2033.0,1.0,8138963.0
ETH,500k-1 million,2033.0,7.0,3917475.0
ETH,50k-100k,2033.0,176.0,12802321.0
GAB,100k-250k,2033.0,4.0,458460.0
GAB,250k-500k,2033.0,1.0,374042.0
GHA,1-2.5 millions,2033.0,1.0,1258992.0
GHA,100k-250k,2033.0,24.0,3290578.0
GHA,2.5-5 millions,2033.0,1.0,4743191.0
GHA,250k-500k,2033.0,4.0,1209084.0
GHA,5-10 millions,2033.0,1.0,6172283.0
GHA,500k-1 million,2033.0,1.0,703240.0
GHA,50k-100k,2033.0,33.0,2399560.0
GIN,100k-250k,2033.0,8.0,1178938.0
GIN,2.5-5 millions,2033.0,1.0,2985452.0
GIN,250k-500k,2033.0,3.0,1115703.0
GIN,50k-100k,2033.0,15.0,1060070.0
GMB,1-2.5 millions,2033.0,1.0,1299794.0
GMB,100k-250k,2033.0,1.0,215587.0
GMB,50k-100k,2033.0,2.0,169696.0
GNB,100k-250k,2033.0,1.0,101796.0
GNB,500k-1 million,2033.0,1.0,672965.0
GNB,50k-100k,2033.0,1.0,84236.0
GNQ,1-2.5 millions,2033.0,1.0,1027117.0
GNQ,500k-1 million,2033.0,1.0,932945.0
KEN,1-2.5 millions,2033.0,1.0,1588864.0
KEN,100k-250k,2033.0,23.0,3847697.0
KEN,250k-500k,2033.0,5.0,2037561.0
KEN,5-10 millions,2033.0,1.0,7002574.0
KEN,500k-1 million,2033.0,1.0,684428.0
KEN,50k-100k,2033.0,27.0,1865277.0
LBR,1-2.5 millions,2033.0,1.0,2092040.0
LBR,50k-100k,2033.0,8.0,634090.0
LSO,250k-500k,2033.0,1.0,306009.0
MDG,100k-250k,2033.0,8.0,1354001.0
MDG,2.5-5 millions,2033.0,1.0,4603891.0
MDG,250k-500k,2033.0,2.0,776994.0
MDG,50k-100k,2033.0,13.0,954958.0
MLI,100k-250k,2033.0,7.0,966561.0
MLI,250k-500k,2033.0,4.0,1487141.0
MLI,5-10 millions,2033.0,1.0,5346459.0
MLI,50k-100k,2033.0,12.0,834484.0
MOZ,1-2.5 millions,2033.0,1.0,1011070.0
MOZ,100k-250k,2033.0,17.0,2570087.0
MOZ,2.5-5 millions,2033.0,1.0,3634630.0
MOZ,250k-500k,2033.0,3.0,1028476.0000000001
MOZ,500k-1 million,2033.0,4.0,2341843.0
MOZ,50k-100k,2033.0,30.0,2207363.0
MRT,1-2.5 millions,2033.0,1.0,1900897.0
MRT,100k-250k,2033.0,2.0,353365.0
MRT,50k-100k,2033.0,3.0,233388.0
MUS,500k-1 million,2033.0,1.0,538164.0
MWI,1-2.5 millions,2033.0,2.0,2345446.0
MWI,100k-250k,2033.0,1.0,199475.0
MWI,250k-500k,2033.0,1.0,296088.0
MWI,50k-100k,2033.0,5.0,437605.0
NAM,100k-250k,2033.0,2.0,251969.0
NAM,250k-500k,2033.0,1.0,476331.0
NAM,50k-100k,2033.0,1.0,83358.0
NER,1-2.5 millions,2033.0,1.0,1565198.0
NER,100k-250k,2033.0,15.0,2324932.0
NER,250k-500k,2033.0,3.0,1098084.0
NER,500k-1 million,2033.0,2.0,1690041.0
NER,50k-100k,2033.0,19.0,1388262.0
NGA,1-2.5 millions,2033.0,16.0,23260605.0
NGA,100k-250k,2033.0,189.0,28779668.0
NGA,2.5-5 millions,2033.0,3.0,11477793.0
NGA,250k-500k,2033.0,50.0,17810223.0
NGA,5-10 millions,2033.0,2.0,12000841.0
NGA,500k-1 million,2033.0,25.0,16685680.0
NGA,50k-100k,2033.0,238.0,17110089.0
NGA,>10 millions,2033.0,1.0,14040908.0
RWA,1-2.5 millions,2033.0,1.0,1755373.0
RWA,100k-250k,2033.0,2.0,306087.0
RWA,250k-500k,2033.0,1.0,398850.0
RWA,50k-100k,2033.0,6.0,447978.0
SDN,1-2.5 millions,2033.0,1.0,1067655.0
SDN,100k-250k,2033.0,51.0,7933146.0
SDN,250k-500k,2033.0,11.0,3739828.0
SDN,5-10 millions,2033.0,1.0,7775267.0
SDN,500k-1 million,2033.0,8.0,5388270.0
SDN,50k-100k,2033.0,40.0,3053205.0
SEN,1-2.5 millions,2033.0,1.0,1309016.0
SEN,100k-250k,2033.0,6.0,951682.0
SEN,2.5-5 millions,2033.0,1.0,4380800.0
SEN,250k-500k,2033.0,5.0,1649213.0
SEN,500k-1 million,2033.0,2.0,1313480.0
SEN,50k-100k,2033.0,14.0,1094757.0
SLE,1-2.5 millions,2033.0,1.0,2199220.0
SLE,100k-250k,2033.0,3.0,498936.0
SLE,250k-500k,2033.0,2.0,654763.0
SLE,50k-100k,2033.0,6.0,486386.0
SOM,1-2.5 millions,2033.0,1.0,1904523.0
SOM,100k-250k,2033.0,19.0,2789316.0
SOM,250k-500k,2033.0,8.0,3006265.0
SOM,5-10 millions,2033.0,1.0,5324536.0
SOM,500k-1 million,2033.0,2.0,1075596.0
SOM,50k-100k,2033.0,27.0,2018553.0
SSA,1-2.5 millions,2033.0,49.0,73286681.0
SSA,100k-250k,2033.0,804.0,123648664.0
SSA,2.5-5 millions,2033.0,17.0,65574360.0
SSA,250k-500k,2033.0,214.0,74626569.0
SSA,5-10 millions,2033.0,14.0,93824489.0
SSA,500k-1 million,2033.0,95.0,62997844.0
SSA,50k-100k,2033.0,1071.0,78056314.0
SSA,>10 millions,2033.0,3.0,40095178.0
SSD,100k-250k,2033.0,10.0,1310630.0
SSD,250k-500k,2033.0,5.0,1743243.0
SSD,500k-1 million,2033.0,2.0,1218022.0
SSD,50k-100k,2033.0,10.0,664955.0
STP,100k-250k,2033.0,1.0,172337.0
SWZ,50k-100k,2033.0,1.0,99992.0
TCD,1-2.5 millions,2033.0,1.0,2293525.0
TCD,100k-250k,2033.0,18.0,3096923.0
TCD,250k-500k,2033.0,3.0,896423.0
TCD,500k-1 million,2033.0,1.0,543271.0
TCD,50k-100k,2033.0,16.0,1242195.0
TGO,100k-250k,2033.0,10.0,1735134.0
TGO,2.5-5 millions,2033.0,1.0,2731330.0
TGO,250k-500k,2033.0,1.0,281932.0
TGO,50k-100k,2033.0,8.0,608196.0
TZA,1-2.5 millions,2033.0,2.0,2494168.0
TZA,100k-250k,2033.0,24.0,4295072.0
TZA,250k-500k,2033.0,5.0,1784568.0
TZA,5-10 millions,2033.0,1.0,9477074.0
TZA,500k-1 million,2033.0,3.0,2246455.0
TZA,50k-100k,2033.0,27.0,1956483.0
UGA,100k-250k,2033.0,13.0,2075507.9999999998
UGA,250k-500k,2033.0,3.0,901015.0
UGA,5-10 millions,2033.0,1.0,5894609.0
UGA,500k-1 million,2033.0,2.0,1111153.0
UGA,50k-100k,2033.0,16.0,1164256.0
ZAF,1-2.5 millions,2033.0,3.0,4886547.0
ZAF,100k-250k,2033.0,39.0,6080526.0
ZAF,2.5-5 millions,2033.0,1.0,3187871.0
ZAF,250k-500k,2033.0,10.0,3156046.0
ZAF,5-10 millions,2033.0,2.0,12880737.0
ZAF,500k-1 million,2033.0,5.0,3236151.0
ZAF,50k-100k,2033.0,40.0,2650634.0
ZMB,100k-250k,2033.0,15.0,2439123.0
ZMB,2.5-5 millions,2033.0,1.0,4444778.0
ZMB,250k-500k,2033.0,4.0,1383116.0
ZMB,500k-1 million,2033.0,2.0,1401175.0
ZMB,50k-100k,2033.0,12.0,927472.0
ZWE,100k-250k,2033.0,8.0,1157012.0
ZWE,500k-1 million,2033.0,1.0,563748.0
ZWE,50k-100k,2033.0,9.0,618135.0
AFE,1-2.5 millions,2034.0,22.0,32145260.0
AFE,100k-250k,2034.0,474.0,72647567.0
AFE,2.5-5 millions,2034.0,7.0,26566002.0
AFE,250k-500k,2034.0,132.0,45185599.0
AFE,5-10 millions,2034.0,8.0,57449835.0
AFE,500k-1 million,2034.0,60.0,38621037.0
AFE,50k-100k,2034.0,567.0,41906361.0
AFE,>10 millions,2034.0,2.0,26488008.0
AFW,1-2.5 millions,2034.0,29.0,44433087.0
AFW,100k-250k,2034.0,349.0,53247870.0
AFW,2.5-5 millions,2034.0,11.0,42609160.0
AFW,250k-500k,2034.0,95.0,33113873.0
AFW,5-10 millions,2034.0,6.0,37977373.0
AFW,500k-1 million,2034.0,39.0,27130441.0
AFW,50k-100k,2034.0,467.0,34285784.0
AFW,>10 millions,2034.0,1.0,14182410.0
AGO,1-2.5 millions,2034.0,3.0,4587789.0
AGO,100k-250k,2034.0,27.0,3858164.0
AGO,250k-500k,2034.0,6.0,2420126.0
AGO,500k-1 million,2034.0,9.0,5942427.0
AGO,50k-100k,2034.0,23.0,1754747.0
AGO,>10 millions,2034.0,1.0,14528849.0
BDI,1-2.5 millions,2034.0,1.0,1456240.0
BDI,100k-250k,2034.0,5.0,896670.0
BDI,50k-100k,2034.0,6.0,462241.0
BEN,100k-250k,2034.0,9.0,1317299.0
BEN,2.5-5 millions,2034.0,1.0,2857952.0
BEN,250k-500k,2034.0,1.0,354761.0
BEN,500k-1 million,2034.0,2.0,1490449.0
BEN,50k-100k,2034.0,21.0,1580658.0
BFA,1-2.5 millions,2034.0,1.0,1267731.0
BFA,100k-250k,2034.0,9.0,1333131.0
BFA,2.5-5 millions,2034.0,1.0,3692077.0
BFA,50k-100k,2034.0,21.0,1404196.0
BWA,100k-250k,2034.0,3.0,318275.0
BWA,250k-500k,2034.0,1.0,291476.0
BWA,50k-100k,2034.0,1.0,52985.0
CAF,1-2.5 millions,2034.0,1.0,1294178.0
CAF,50k-100k,2034.0,6.0,428851.0
CIV,100k-250k,2034.0,18.0,2604034.0
CIV,250k-500k,2034.0,6.0,2067402.0
CIV,5-10 millions,2034.0,1.0,7715945.0
CIV,500k-1 million,2034.0,1.0,805596.0
CIV,50k-100k,2034.0,24.0,1789335.0
CMR,100k-250k,2034.0,18.0,2861925.0
CMR,2.5-5 millions,2034.0,1.0,4983660.0
CMR,250k-500k,2034.0,9.0,3107838.0
CMR,5-10 millions,2034.0,1.0,6352749.0
CMR,500k-1 million,2034.0,2.0,1385950.0
CMR,50k-100k,2034.0,26.0,1784217.0
COD,1-2.5 millions,2034.0,5.0,7754084.0
COD,100k-250k,2034.0,87.0,13707560.0
COD,2.5-5 millions,2034.0,2.0,7872982.0
COD,250k-500k,2034.0,35.0,11750683.0
COD,500k-1 million,2034.0,12.0,8468107.0
COD,50k-100k,2034.0,113.0,8626464.0
COD,>10 millions,2034.0,1.0,11959159.0
COG,1-2.5 millions,2034.0,1.0,2054989.0
COG,100k-250k,2034.0,1.0,171084.0
COG,2.5-5 millions,2034.0,1.0,4392226.0
COG,50k-100k,2034.0,1.0,79802.0
COM,100k-250k,2034.0,1.0,209861.0
COM,250k-500k,2034.0,1.0,289580.0
CPV,100k-250k,2034.0,1.0,140979.0
CPV,50k-100k,2034.0,1.0,75288.0
ERI,100k-250k,2034.0,3.0,408255.0
ERI,250k-500k,2034.0,3.0,987392.0
ERI,50k-100k,2034.0,4.0,306099.0
ETH,100k-250k,2034.0,111.0,16075169.0
ETH,250k-500k,2034.0,21.0,6978275.0
ETH,5-10 millions,2034.0,1.0,8312146.000000001
ETH,500k-1 million,2034.0,8.0,4515702.0
ETH,50k-100k,2034.0,166.0,12099164.0
GAB,1-2.5 millions,2034.0,1.0,1009732.0
GAB,100k-250k,2034.0,4.0,475948.0
GAB,250k-500k,2034.0,1.0,385061.0
GHA,1-2.5 millions,2034.0,1.0,1277113.0
GHA,100k-250k,2034.0,24.0,3355073.0
GHA,2.5-5 millions,2034.0,1.0,4792638.0
GHA,250k-500k,2034.0,4.0,1228065.0
GHA,5-10 millions,2034.0,1.0,6240891.0
GHA,500k-1 million,2034.0,1.0,708617.0
GHA,50k-100k,2034.0,33.0,2452331.0
GIN,100k-250k,2034.0,8.0,1193417.0
GIN,2.5-5 millions,2034.0,1.0,3010275.0
GIN,250k-500k,2034.0,3.0,1146158.0
GIN,50k-100k,2034.0,15.0,1086035.0
GMB,1-2.5 millions,2034.0,1.0,1314724.0
GMB,100k-250k,2034.0,1.0,219199.0
GMB,50k-100k,2034.0,2.0,172728.0
GNB,100k-250k,2034.0,1.0,103541.0
GNB,500k-1 million,2034.0,1.0,679172.0
GNB,50k-100k,2034.0,1.0,85379.0
GNQ,1-2.5 millions,2034.0,1.0,1046903.0
GNQ,500k-1 million,2034.0,1.0,956715.0
KEN,1-2.5 millions,2034.0,1.0,1604627.0
KEN,100k-250k,2034.0,22.0,3719579.0
KEN,250k-500k,2034.0,5.0,1820198.0
KEN,5-10 millions,2034.0,1.0,7107964.0
KEN,500k-1 million,2034.0,2.0,1207455.0
KEN,50k-100k,2034.0,27.0,1902424.0
LBR,1-2.5 millions,2034.0,1.0,2117060.0
LBR,100k-250k,2034.0,2.0,203821.0
LBR,50k-100k,2034.0,7.0,545993.0
LSO,250k-500k,2034.0,1.0,308371.0
MDG,100k-250k,2034.0,8.0,1389331.0
MDG,2.5-5 millions,2034.0,1.0,4705334.0
MDG,250k-500k,2034.0,2.0,804181.0
MDG,50k-100k,2034.0,13.0,980081.0
MLI,100k-250k,2034.0,7.0,989316.0
MLI,250k-500k,2034.0,4.0,1515453.0
MLI,5-10 millions,2034.0,1.0,5490409.0
MLI,50k-100k,2034.0,12.0,862265.0
MOZ,1-2.5 millions,2034.0,1.0,1025098.9999999999
MOZ,100k-250k,2034.0,16.0,2386428.0
MOZ,2.5-5 millions,2034.0,1.0,3679032.0
MOZ,250k-500k,2034.0,4.0,1304146.0
MOZ,500k-1 million,2034.0,4.0,2389904.0
MOZ,50k-100k,2034.0,30.0,2263829.0
MRT,1-2.5 millions,2034.0,1.0,1943135.0
MRT,100k-250k,2034.0,2.0,362565.0
MRT,50k-100k,2034.0,3.0,238664.0
MUS,500k-1 million,2034.0,1.0,536601.0
MWI,1-2.5 millions,2034.0,2.0,2401811.0
MWI,100k-250k,2034.0,2.0,308927.0
MWI,250k-500k,2034.0,1.0,305614.0
MWI,50k-100k,2034.0,4.0,357933.0
NAM,100k-250k,2034.0,2.0,259954.0
NAM,250k-500k,2034.0,1.0,482782.0
NAM,50k-100k,2034.0,1.0,85424.0
NER,1-2.5 millions,2034.0,1.0,1579030.0
NER,100k-250k,2034.0,15.0,2378387.0
NER,250k-500k,2034.0,3.0,1120710.0
NER,500k-1 million,2034.0,2.0,1720390.0
NER,50k-100k,2034.0,19.0,1421875.0
NGA,1-2.5 millions,2034.0,16.0,23635098.0
NGA,100k-250k,2034.0,191.0,29177186.0
NGA,2.5-5 millions,2034.0,3.0,11674272.0
NGA,250k-500k,2034.0,52.0,18401567.0
NGA,5-10 millions,2034.0,2.0,12177379.0
NGA,500k-1 million,2034.0,26.0,17483982.0
NGA,50k-100k,2034.0,233.0,16968859.0
NGA,>10 millions,2034.0,1.0,14182410.0
RWA,1-2.5 millions,2034.0,1.0,1785680.0
RWA,100k-250k,2034.0,3.0,439169.0
RWA,250k-500k,2034.0,1.0,405736.0
RWA,50k-100k,2034.0,5.0,358282.0
SDN,1-2.5 millions,2034.0,1.0,1080277.0
SDN,100k-250k,2034.0,52.0,8038952.0
SDN,250k-500k,2034.0,12.0,4054277.0
SDN,5-10 millions,2034.0,1.0,7876559.0
SDN,500k-1 million,2034.0,8.0,5486527.0
SDN,50k-100k,2034.0,38.0,2914674.0
SEN,1-2.5 millions,2034.0,1.0,1328572.0
SEN,100k-250k,2034.0,6.0,968583.0
SEN,2.5-5 millions,2034.0,1.0,4441983.0
SEN,250k-500k,2034.0,5.0,1673818.0
SEN,500k-1 million,2034.0,2.0,1344794.0
SEN,50k-100k,2034.0,14.0,1122349.0
SLE,1-2.5 millions,2034.0,1.0,2229165.0
SLE,100k-250k,2034.0,3.0,505526.0
SLE,250k-500k,2034.0,2.0,661903.0
SLE,50k-100k,2034.0,6.0,496109.0
SOM,1-2.5 millions,2034.0,1.0,1940283.0
SOM,100k-250k,2034.0,20.0,2959284.0
SOM,250k-500k,2034.0,8.0,3086949.0
SOM,5-10 millions,2034.0,1.0,5434243.0
SOM,500k-1 million,2034.0,2.0,1098928.0
SOM,50k-100k,2034.0,26.0,1974486.0
SSA,1-2.5 millions,2034.0,51.0,76578347.0
SSA,100k-250k,2034.0,823.0,125895437.0
SSA,2.5-5 millions,2034.0,18.0,69175162.0
SSA,250k-500k,2034.0,227.0,78299472.0
SSA,5-10 millions,2034.0,14.0,95427208.0
SSA,500k-1 million,2034.0,99.0,65751478.0
SSA,50k-100k,2034.0,1034.0,76192145.0
SSA,>10 millions,2034.0,3.0,40670418.0
SSD,100k-250k,2034.0,10.0,1334485.0
SSD,250k-500k,2034.0,5.0,1786026.0
SSD,500k-1 million,2034.0,2.0,1246633.0
SSD,50k-100k,2034.0,10.0,677608.0
STP,100k-250k,2034.0,1.0,175887.0
SWZ,100k-250k,2034.0,1.0,100845.0
TCD,1-2.5 millions,2034.0,1.0,2335657.0
TCD,100k-250k,2034.0,20.0,3368943.0
TCD,250k-500k,2034.0,3.0,910308.0
TCD,500k-1 million,2034.0,1.0,554776.0
TCD,50k-100k,2034.0,14.0,1065857.0
TGO,100k-250k,2034.0,9.0,1517913.0
TGO,2.5-5 millions,2034.0,1.0,2764077.0
TGO,250k-500k,2034.0,2.0,540829.0
TGO,50k-100k,2034.0,8.0,624993.0
TZA,1-2.5 millions,2034.0,3.0,3575034.0
TZA,100k-250k,2034.0,25.0,4383472.0
TZA,250k-500k,2034.0,6.0,2083592.9999999998
TZA,5-10 millions,2034.0,1.0,9680935.0
TZA,500k-1 million,2034.0,2.0,1296237.0
TZA,50k-100k,2034.0,25.0,1820545.0
UGA,100k-250k,2034.0,13.0,2000365.0
UGA,250k-500k,2034.0,4.0,1168735.0
UGA,5-10 millions,2034.0,1.0,6013756.0
UGA,500k-1 million,2034.0,2.0,1151561.0
UGA,50k-100k,2034.0,15.0,1097938.0
ZAF,1-2.5 millions,2034.0,3.0,4934336.0
ZAF,100k-250k,2034.0,40.0,6247350.0
ZAF,2.5-5 millions,2034.0,1.0,3188820.0
ZAF,250k-500k,2034.0,10.0,3188346.0
ZAF,5-10 millions,2034.0,2.0,13024232.0
ZAF,500k-1 million,2034.0,5.0,3274652.0
ZAF,50k-100k,2034.0,39.0,2578711.0
ZMB,100k-250k,2034.0,14.0,2243680.0
ZMB,2.5-5 millions,2034.0,1.0,4557508.0
ZMB,250k-500k,2034.0,5.0,1669113.0
ZMB,500k-1 million,2034.0,2.0,1427765.0
ZMB,50k-100k,2034.0,12.0,954905.0
ZWE,100k-250k,2034.0,8.0,1185905.0
ZWE,2.5-5 millions,2034.0,1.0,2562326.0
ZWE,500k-1 million,2034.0,1.0,578538.0
ZWE,50k-100k,2034.0,9.0,637821.0
AFE,1-2.5 millions,2035.0,23.0,33767039.0
AFE,100k-250k,2035.0,491.0,75102470.0
AFE,2.5-5 millions,2035.0,7.0,27028622.0
AFE,250k-500k,2035.0,135.0,45712149.0
AFE,5-10 millions,2035.0,8.0,58405912.0
AFE,500k-1 million,2035.0,64.0,40972809.0
AFE,50k-100k,2035.0,729.0,50930432.0
AFE,>10 millions,2035.0,2.0,26921747.0
AFW,1-2.5 millions,2035.0,29.0,45125213.0
AFW,100k-250k,2035.0,354.0,54018171.0
AFW,2.5-5 millions,2035.0,9.0,33117457.0
AFW,250k-500k,2035.0,100.0,34752171.0
AFW,5-10 millions,2035.0,8.0,48745414.0
AFW,500k-1 million,2035.0,40.0,28119115.0
AFW,50k-100k,2035.0,581.0,40909105.0
AFW,>10 millions,2035.0,1.0,14323912.0
AGO,1-2.5 millions,2035.0,4.0,5731627.0
AGO,100k-250k,2035.0,27.0,3834454.0
AGO,250k-500k,2035.0,5.0,1738771.0
AGO,500k-1 million,2035.0,10.0,6073839.0
AGO,50k-100k,2035.0,31.0,2196007.0
AGO,>10 millions,2035.0,1.0,14877315.0
BDI,1-2.5 millions,2035.0,1.0,1476529.0
BDI,100k-250k,2035.0,6.0,1036107.0
BDI,50k-100k,2035.0,9.0,655014.0
BEN,100k-250k,2035.0,9.0,1356105.0
BEN,2.5-5 millions,2035.0,1.0,2892077.0
BEN,250k-500k,2035.0,1.0,360204.0
BEN,500k-1 million,2035.0,2.0,1524537.0
BEN,50k-100k,2035.0,22.0,1675488.0
BFA,1-2.5 millions,2035.0,1.0,1281956.0
BFA,100k-250k,2035.0,9.0,1352290.0
BFA,2.5-5 millions,2035.0,1.0,3742871.0
BFA,50k-100k,2035.0,24.0,1590318.0
BWA,100k-250k,2035.0,3.0,322493.0
BWA,250k-500k,2035.0,1.0,294889.0
BWA,50k-100k,2035.0,2.0,111189.0
CAF,1-2.5 millions,2035.0,1.0,1319188.0
CAF,100k-250k,2035.0,1.0,103386.0
CAF,50k-100k,2035.0,8.0,554864.0
CIV,100k-250k,2035.0,18.0,2652632.0
CIV,250k-500k,2035.0,6.0,2104795.0
CIV,5-10 millions,2035.0,1.0,7835112.0
CIV,500k-1 million,2035.0,1.0,814683.0
CIV,50k-100k,2035.0,27.0,1987223.0
CMR,100k-250k,2035.0,18.0,2933610.0
CMR,250k-500k,2035.0,9.0,3180372.0
CMR,5-10 millions,2035.0,2.0,11572334.0
CMR,500k-1 million,2035.0,2.0,1404146.0
CMR,50k-100k,2035.0,32.0,2155470.0
COD,1-2.5 millions,2035.0,5.0,7903359.0
COD,100k-250k,2035.0,94.0,14816828.0
COD,2.5-5 millions,2035.0,2.0,8022236.0
COD,250k-500k,2035.0,34.0,11526747.0
COD,500k-1 million,2035.0,13.0,9151083.0
COD,50k-100k,2035.0,142.0,10194339.0
COD,>10 millions,2035.0,1.0,12044432.0
COG,1-2.5 millions,2035.0,1.0,2099215.0
COG,100k-250k,2035.0,1.0,176015.0
COG,2.5-5 millions,2035.0,1.0,4474782.0
COG,50k-100k,2035.0,1.0,82873.0
COM,100k-250k,2035.0,1.0,214500.0
COM,250k-500k,2035.0,1.0,294205.0
CPV,100k-250k,2035.0,1.0,141617.0
CPV,50k-100k,2035.0,1.0,75484.0
ERI,100k-250k,2035.0,3.0,414649.0
ERI,250k-500k,2035.0,3.0,1004457.0
ERI,50k-100k,2035.0,5.0,363322.0
ETH,100k-250k,2035.0,117.0,17129456.0
ETH,250k-500k,2035.0,20.0,6666373.0
ETH,5-10 millions,2035.0,1.0,8485330.0
ETH,500k-1 million,2035.0,9.0,5172443.0
ETH,50k-100k,2035.0,221.0,15121188.0
GAB,1-2.5 millions,2035.0,1.0,1018344.0
GAB,100k-250k,2035.0,4.0,493437.0
GAB,250k-500k,2035.0,1.0,396080.0
GAB,50k-100k,2035.0,1.0,58274.0
GHA,1-2.5 millions,2035.0,1.0,1295234.0
GHA,100k-250k,2035.0,25.0,3522074.0
GHA,2.5-5 millions,2035.0,1.0,4842085.0
GHA,250k-500k,2035.0,4.0,1247045.0
GHA,5-10 millions,2035.0,1.0,6309498.0
GHA,500k-1 million,2035.0,1.0,713994.0
GHA,50k-100k,2035.0,42.0,2996594.0
GIN,100k-250k,2035.0,8.0,1207896.0
GIN,2.5-5 millions,2035.0,1.0,3035097.0
GIN,250k-500k,2035.0,3.0,1176614.0
GIN,50k-100k,2035.0,17.0,1215406.0
GMB,1-2.5 millions,2035.0,1.0,1329654.0
GMB,100k-250k,2035.0,1.0,222811.0
GMB,50k-100k,2035.0,2.0,175759.0
GNB,100k-250k,2035.0,1.0,105285.0
GNB,500k-1 million,2035.0,1.0,685379.0
GNB,50k-100k,2035.0,1.0,86522.0
GNQ,1-2.5 millions,2035.0,1.0,1066689.0
GNQ,500k-1 million,2035.0,1.0,980485.0
KEN,1-2.5 millions,2035.0,1.0,1620391.0
KEN,100k-250k,2035.0,21.0,3587158.0
KEN,250k-500k,2035.0,6.0,2106543.0
KEN,5-10 millions,2035.0,1.0,7213354.0
KEN,500k-1 million,2035.0,2.0,1231077.0
KEN,50k-100k,2035.0,33.0,2291342.0
LBR,1-2.5 millions,2035.0,1.0,2142079.0
LBR,100k-250k,2035.0,2.0,208285.0
LBR,50k-100k,2035.0,8.0,609951.0
LSO,250k-500k,2035.0,1.0,310733.0
MDG,100k-250k,2035.0,8.0,1424662.0
MDG,2.5-5 millions,2035.0,1.0,4806776.0
MDG,250k-500k,2035.0,2.0,831367.0
MDG,50k-100k,2035.0,16.0,1162569.0
MLI,100k-250k,2035.0,8.0,1122524.0
MLI,250k-500k,2035.0,4.0,1543765.0
MLI,5-10 millions,2035.0,1.0,5634360.0
MLI,50k-100k,2035.0,18.0,1147780.0
MOZ,1-2.5 millions,2035.0,1.0,1039127.9999999999
MOZ,100k-250k,2035.0,17.0,2554052.0
MOZ,2.5-5 millions,2035.0,1.0,3723434.0
MOZ,250k-500k,2035.0,4.0,1331084.0
MOZ,500k-1 million,2035.0,4.0,2437965.0
MOZ,50k-100k,2035.0,35.0,2545765.0
MRT,1-2.5 millions,2035.0,1.0,1985372.0
MRT,100k-250k,2035.0,2.0,371765.0
MRT,50k-100k,2035.0,6.0,414761.0
MUS,500k-1 million,2035.0,1.0,535038.0
MWI,1-2.5 millions,2035.0,2.0,2458176.0
MWI,100k-250k,2035.0,3.0,422449.0
MWI,250k-500k,2035.0,1.0,315139.0
MWI,50k-100k,2035.0,5.0,386543.0
NAM,100k-250k,2035.0,2.0,267939.0
NAM,250k-500k,2035.0,1.0,489233.0
NAM,50k-100k,2035.0,2.0,139221.0
NER,1-2.5 millions,2035.0,1.0,1592862.0
NER,100k-250k,2035.0,15.0,2431843.0
NER,250k-500k,2035.0,3.0,1143336.0
NER,500k-1 million,2035.0,2.0,1750738.0
NER,50k-100k,2035.0,24.0,1720163.0
NGA,1-2.5 millions,2035.0,16.0,24009592.0
NGA,100k-250k,2035.0,189.0,28873296.0
NGA,2.5-5 millions,2035.0,2.0,6830557.0
NGA,250k-500k,2035.0,56.0,19502947.0
NGA,5-10 millions,2035.0,3.0,17394110.0
NGA,500k-1 million,2035.0,27.0,18302764.0
NGA,50k-100k,2035.0,288.0,20295589.0
NGA,>10 millions,2035.0,1.0,14323912.0
RWA,1-2.5 millions,2035.0,1.0,1815986.0
RWA,100k-250k,2035.0,4.0,578359.0
RWA,250k-500k,2035.0,1.0,412622.0
RWA,50k-100k,2035.0,10.0,644127.0
SDN,1-2.5 millions,2035.0,1.0,1092898.0
SDN,100k-250k,2035.0,52.0,8196889.999999999
SDN,250k-500k,2035.0,12.0,4120232.0
SDN,5-10 millions,2035.0,1.0,7977851.0
SDN,500k-1 million,2035.0,8.0,5584784.0
SDN,50k-100k,2035.0,49.0,3633700.0
SEN,1-2.5 millions,2035.0,1.0,1348128.0
SEN,100k-250k,2035.0,8.0,1189611.0
SEN,2.5-5 millions,2035.0,1.0,4503165.0
SEN,250k-500k,2035.0,5.0,1698422.0
SEN,500k-1 million,2035.0,2.0,1376108.0
SEN,50k-100k,2035.0,18.0,1275191.0
SLE,1-2.5 millions,2035.0,1.0,2259111.0
SLE,100k-250k,2035.0,4.0,612433.0
SLE,250k-500k,2035.0,2.0,669043.0
SLE,50k-100k,2035.0,7.0,512517.00000000006
SOM,1-2.5 millions,2035.0,1.0,1976043.0
SOM,100k-250k,2035.0,21.0,3130593.0
SOM,250k-500k,2035.0,8.0,3167633.0
SOM,5-10 millions,2035.0,1.0,5543950.0
SOM,500k-1 million,2035.0,2.0,1122260.0
SOM,50k-100k,2035.0,32.0,2309368.0
SSA,1-2.5 millions,2035.0,52.0,78892252.0
SSA,100k-250k,2035.0,845.0,129120641.0
SSA,2.5-5 millions,2035.0,16.0,60146079.0
SSA,250k-500k,2035.0,235.0,80464320.0
SSA,5-10 millions,2035.0,16.0,107151326.0
SSA,500k-1 million,2035.0,104.0,69091924.0
SSA,50k-100k,2035.0,1310.0,91839537.0
SSA,>10 millions,2035.0,3.0,41245659.0
SSD,100k-250k,2035.0,12.0,1576198.0
SSD,250k-500k,2035.0,4.0,1323680.0
SSD,500k-1 million,2035.0,3.0,1780373.0
SSD,50k-100k,2035.0,11.0,694679.0
STP,100k-250k,2035.0,1.0,179437.0
SWZ,100k-250k,2035.0,1.0,101697.0
TCD,1-2.5 millions,2035.0,1.0,2377789.0
TCD,100k-250k,2035.0,20.0,3291301.0
TCD,250k-500k,2035.0,4.0,1177921.0
TCD,500k-1 million,2035.0,1.0,566281.0
TCD,50k-100k,2035.0,25.0,1631142.0
TGO,100k-250k,2035.0,10.0,1649955.0
TGO,2.5-5 millions,2035.0,1.0,2796823.0
TGO,250k-500k,2035.0,2.0,551627.0
TGO,50k-100k,2035.0,9.0,647736.0
TZA,1-2.5 millions,2035.0,3.0,3670776.0
TZA,100k-250k,2035.0,25.0,4225780.0
TZA,250k-500k,2035.0,8.0,2642858.0
TZA,5-10 millions,2035.0,1.0,9884796.0
TZA,500k-1 million,2035.0,2.0,1331143.0
TZA,50k-100k,2035.0,37.0,2422723.0
UGA,100k-250k,2035.0,14.0,2168185.0
UGA,250k-500k,2035.0,4.0,1198629.0
UGA,5-10 millions,2035.0,1.0,6132904.0
UGA,500k-1 million,2035.0,2.0,1191968.0
UGA,50k-100k,2035.0,17.0,1205021.0
ZAF,1-2.5 millions,2035.0,3.0,4982126.0
ZAF,100k-250k,2035.0,36.0,5305809.0
ZAF,2.5-5 millions,2035.0,1.0,3189769.0
ZAF,250k-500k,2035.0,14.0,4230341.0
ZAF,5-10 millions,2035.0,2.0,13167727.0
ZAF,500k-1 million,2035.0,5.0,3313154.0
ZAF,50k-100k,2035.0,46.0,2999715.0
ZMB,100k-250k,2035.0,15.0,2399977.0
ZMB,2.5-5 millions,2035.0,1.0,4670239.0
ZMB,250k-500k,2035.0,5.0,1706613.0
ZMB,500k-1 million,2035.0,2.0,1454355.0
ZMB,50k-100k,2035.0,16.0,1145103.0
ZWE,100k-250k,2035.0,8.0,1214798.0
ZWE,2.5-5 millions,2035.0,1.0,2616168.0
ZWE,500k-1 million,2035.0,1.0,593327.0
ZWE,50k-100k,2035.0,10.0,709497.0
AFE,1-2.5 millions,2036.0,23.0,34449738.0
AFE,100k-250k,2036.0,496.0,76203956.0
AFE,2.5-5 millions,2036.0,7.0,27506332.0
AFE,250k-500k,2036.0,144.0,48838238.0
AFE,5-10 millions,2036.0,7.0,49266496.0
AFE,500k-1 million,2036.0,65.0,42395339.0
AFE,50k-100k,2036.0,714.0,50892912.0
AFE,>10 millions,2036.0,2.0,27406926.0
AFW,1-2.5 millions,2036.0,31.0,47866264.0
AFW,100k-250k,2036.0,370.0,56655170.0
AFW,2.5-5 millions,2036.0,9.0,33552644.0
AFW,250k-500k,2036.0,100.0,35165296.0
AFW,5-10 millions,2036.0,8.0,49650171.0
AFW,500k-1 million,2036.0,38.0,26582697.0
AFW,50k-100k,2036.0,564.0,40151152.0
AFW,>10 millions,2036.0,1.0,14463446.0
AGO,1-2.5 millions,2036.0,4.0,5904710.0
AGO,100k-250k,2036.0,27.0,3969517.0
AGO,250k-500k,2036.0,5.0,1795779.0
AGO,500k-1 million,2036.0,10.0,6204820.0
AGO,50k-100k,2036.0,31.0,2267618.0
AGO,>10 millions,2036.0,1.0,15263313.0
BDI,1-2.5 millions,2036.0,1.0,1520447.0
BDI,100k-250k,2036.0,6.0,1097502.0
BDI,50k-100k,2036.0,9.0,679729.0
BEN,1-2.5 millions,2036.0,1.0,1012395.0
BEN,100k-250k,2036.0,9.0,1382505.0
BEN,2.5-5 millions,2036.0,1.0,2933414.0
BEN,250k-500k,2036.0,1.0,365870.0
BEN,500k-1 million,2036.0,1.0,540569.0
BEN,50k-100k,2036.0,22.0,1717930.0
BFA,1-2.5 millions,2036.0,1.0,1296628.0
BFA,100k-250k,2036.0,9.0,1374361.0
BFA,2.5-5 millions,2036.0,1.0,3795453.0
BFA,50k-100k,2036.0,24.0,1619609.0
BWA,100k-250k,2036.0,3.0,326122.0
BWA,250k-500k,2036.0,1.0,298302.0
BWA,50k-100k,2036.0,2.0,112369.0
CAF,1-2.5 millions,2036.0,1.0,1344447.0
CAF,100k-250k,2036.0,1.0,105276.0
CAF,50k-100k,2036.0,8.0,569746.0
CIV,100k-250k,2036.0,19.0,2809831.0
CIV,250k-500k,2036.0,6.0,2146975.0
CIV,5-10 millions,2036.0,1.0,7966063.0
CIV,500k-1 million,2036.0,1.0,825842.0
CIV,50k-100k,2036.0,26.0,1931519.0
CMR,100k-250k,2036.0,19.0,3110692.0
CMR,250k-500k,2036.0,9.0,3259170.0
CMR,5-10 millions,2036.0,2.0,11821231.0
CMR,500k-1 million,2036.0,2.0,1424117.0
CMR,50k-100k,2036.0,31.0,2113309.0
COD,1-2.5 millions,2036.0,5.0,8059637.0
COD,100k-250k,2036.0,92.0,14449145.0
COD,2.5-5 millions,2036.0,2.0,8182808.0
COD,250k-500k,2036.0,38.0,12828172.0
COD,500k-1 million,2036.0,13.0,9351737.0
COD,50k-100k,2036.0,140.0,10303684.0
COD,>10 millions,2036.0,1.0,12143613.0
COG,1-2.5 millions,2036.0,1.0,2149402.0
COG,100k-250k,2036.0,1.0,181589.0
COG,2.5-5 millions,2036.0,1.0,4562266.0
COG,50k-100k,2036.0,1.0,85511.0
COM,100k-250k,2036.0,1.0,219894.0
COM,250k-500k,2036.0,1.0,298972.0
CPV,100k-250k,2036.0,1.0,142193.0
CPV,50k-100k,2036.0,1.0,75648.0
ERI,100k-250k,2036.0,3.0,422954.0
ERI,250k-500k,2036.0,3.0,1020817.0
ERI,50k-100k,2036.0,5.0,373228.0
ETH,100k-250k,2036.0,123.0,18255293.0
ETH,250k-500k,2036.0,19.0,6355281.0
ETH,5-10 millions,2036.0,1.0,8648075.0
ETH,500k-1 million,2036.0,10.0,5849942.0
ETH,50k-100k,2036.0,215.0,14968315.0
GAB,1-2.5 millions,2036.0,1.0,1028924.0
GAB,100k-250k,2036.0,4.0,505647.0
GAB,250k-500k,2036.0,1.0,406254.0
GAB,50k-100k,2036.0,1.0,59924.0
GHA,1-2.5 millions,2036.0,1.0,1321850.0
GHA,100k-250k,2036.0,25.0,3593274.0
GHA,2.5-5 millions,2036.0,1.0,4889576.0
GHA,250k-500k,2036.0,4.0,1268168.0
GHA,5-10 millions,2036.0,1.0,6377776.0
GHA,500k-1 million,2036.0,1.0,720410.0
GHA,50k-100k,2036.0,42.0,3054051.0
GIN,100k-250k,2036.0,8.0,1074903.0
GIN,2.5-5 millions,2036.0,1.0,3063326.0
GIN,250k-500k,2036.0,4.0,1463687.0
GIN,50k-100k,2036.0,16.0,1144166.0
GMB,1-2.5 millions,2036.0,1.0,1344866.0
GMB,100k-250k,2036.0,1.0,227461.0
GMB,50k-100k,2036.0,2.0,179118.0
GNB,100k-250k,2036.0,1.0,106481.0
GNB,500k-1 million,2036.0,1.0,692506.0
GNB,50k-100k,2036.0,1.0,87655.0
GNQ,1-2.5 millions,2036.0,2.0,2089960.0
KEN,1-2.5 millions,2036.0,1.0,1635160.0
KEN,100k-250k,2036.0,21.0,3671543.0
KEN,250k-500k,2036.0,6.0,2158768.0
KEN,5-10 millions,2036.0,1.0,7308000.0
KEN,500k-1 million,2036.0,2.0,1254026.0
KEN,50k-100k,2036.0,33.0,2342555.0
LBR,1-2.5 millions,2036.0,1.0,2167502.0
LBR,100k-250k,2036.0,3.0,312537.0
LBR,50k-100k,2036.0,7.0,524999.0
LSO,250k-500k,2036.0,1.0,312182.0
MDG,100k-250k,2036.0,8.0,1319163.0
MDG,2.5-5 millions,2036.0,1.0,4888368.0
MDG,250k-500k,2036.0,3.0,1106615.0
MDG,50k-100k,2036.0,15.0,1085740.0
MLI,100k-250k,2036.0,8.0,1161732.0
MLI,250k-500k,2036.0,3.0,1072636.0
MLI,5-10 millions,2036.0,1.0,5781676.0
MLI,50k-100k,2036.0,18.0,1180780.0
MOZ,1-2.5 millions,2036.0,1.0,1055663.0
MOZ,100k-250k,2036.0,17.0,2473357.0
MOZ,2.5-5 millions,2036.0,1.0,3775318.0
MOZ,250k-500k,2036.0,5.0,1610579.0
MOZ,500k-1 million,2036.0,4.0,2488152.0
MOZ,50k-100k,2036.0,34.0,2511638.0
MRT,1-2.5 millions,2036.0,1.0,2029962.0
MRT,100k-250k,2036.0,2.0,381594.0
MRT,50k-100k,2036.0,6.0,425790.0
MUS,500k-1 million,2036.0,1.0,532756.0
MWI,1-2.5 millions,2036.0,2.0,2506721.0
MWI,100k-250k,2036.0,4.0,533538.0
MWI,250k-500k,2036.0,1.0,322665.0
MWI,50k-100k,2036.0,4.0,295115.0
NAM,100k-250k,2036.0,2.0,276725.0
NAM,250k-500k,2036.0,1.0,494235.0
NAM,50k-100k,2036.0,2.0,142231.0
NER,1-2.5 millions,2036.0,1.0,1608926.0
NER,100k-250k,2036.0,17.0,2685663.0
NER,250k-500k,2036.0,3.0,1165696.0
NER,500k-1 million,2036.0,2.0,1787335.0
NER,50k-100k,2036.0,22.0,1560275.0
NGA,1-2.5 millions,2036.0,16.0,24397185.0
NGA,100k-250k,2036.0,197.0,30304254.0
NGA,2.5-5 millions,2036.0,2.0,6908181.0
NGA,250k-500k,2036.0,56.0,19844371.0
NGA,5-10 millions,2036.0,3.0,17703425.0
NGA,500k-1 million,2036.0,27.0,18606777.0
NGA,50k-100k,2036.0,280.0,19953246.0
NGA,>10 millions,2036.0,1.0,14463446.0
RWA,1-2.5 millions,2036.0,1.0,1848025.0
RWA,100k-250k,2036.0,4.0,601413.0
RWA,250k-500k,2036.0,1.0,437093.0
RWA,50k-100k,2036.0,10.0,678567.0
SDN,1-2.5 millions,2036.0,1.0,1106742.0
SDN,100k-250k,2036.0,53.0,8329275.0
SDN,250k-500k,2036.0,13.0,4445381.0
SDN,5-10 millions,2036.0,1.0,8084177.0
SDN,500k-1 million,2036.0,8.0,5680974.0
SDN,50k-100k,2036.0,47.0,3521859.0
SEN,1-2.5 millions,2036.0,1.0,1364543.0
SEN,100k-250k,2036.0,9.0,1313438.0
SEN,2.5-5 millions,2036.0,1.0,4570049.0
SEN,250k-500k,2036.0,5.0,1728281.0
SEN,500k-1 million,2036.0,2.0,1404761.0
SEN,50k-100k,2036.0,17.0,1201147.0
SLE,1-2.5 millions,2036.0,1.0,2287649.0
SLE,100k-250k,2036.0,5.0,723490.0
SLE,250k-500k,2036.0,2.0,676370.0
SLE,50k-100k,2036.0,6.0,420404.0
SOM,1-2.5 millions,2036.0,1.0,2014117.0
SOM,100k-250k,2036.0,21.0,3208688.0
SOM,250k-500k,2036.0,8.0,3254020.0
SOM,5-10 millions,2036.0,1.0,5660560.0
SOM,500k-1 million,2036.0,2.0,1144715.0
SOM,50k-100k,2036.0,32.0,2371282.0
SSA,1-2.5 millions,2036.0,54.0,82316002.0
SSA,100k-250k,2036.0,866.0,132859126.0
SSA,2.5-5 millions,2036.0,16.0,61058976.0
SSA,250k-500k,2036.0,244.0,84003534.0
SSA,5-10 millions,2036.0,15.0,98916667.0
SSA,500k-1 million,2036.0,103.0,68978036.0
SSA,50k-100k,2036.0,1278.0,91044064.0
SSA,>10 millions,2036.0,3.0,41870372.0
SSD,100k-250k,2036.0,12.0,1620456.0
SSD,250k-500k,2036.0,4.0,1351676.0
SSD,500k-1 million,2036.0,3.0,1817307.0
SSD,50k-100k,2036.0,11.0,709655.0
STP,100k-250k,2036.0,1.0,182843.0
SWZ,100k-250k,2036.0,1.0,104583.0
TCD,1-2.5 millions,2036.0,1.0,2422025.0
TCD,100k-250k,2036.0,20.0,3366037.0
TCD,250k-500k,2036.0,4.0,1206006.0
TCD,500k-1 million,2036.0,1.0,580380.0
TCD,50k-100k,2036.0,25.0,1670722.0
TGO,100k-250k,2036.0,11.0,1792212.0
TGO,2.5-5 millions,2036.0,1.0,2830379.0
TGO,250k-500k,2036.0,2.0,561812.0
TGO,50k-100k,2036.0,8.0,575603.0
TZA,1-2.5 millions,2036.0,3.0,3763642.0
TZA,100k-250k,2036.0,23.0,3863889.0
TZA,250k-500k,2036.0,10.0,3231155.0
TZA,500k-1 million,2036.0,2.0,1365606.0
TZA,50k-100k,2036.0,37.0,2504446.0
UGA,100k-250k,2036.0,14.0,2098559.0
UGA,250k-500k,2036.0,5.0,1488074.0
UGA,5-10 millions,2036.0,1.0,6261337.0
UGA,500k-1 million,2036.0,2.0,1270609.0
UGA,50k-100k,2036.0,16.0,1163687.0
ZAF,1-2.5 millions,2036.0,3.0,5034874.0
ZAF,100k-250k,2036.0,36.0,5379007.0
ZAF,2.5-5 millions,2036.0,1.0,3187978.0
ZAF,250k-500k,2036.0,14.0,4282209.0
ZAF,5-10 millions,2036.0,2.0,13304347.0
ZAF,500k-1 million,2036.0,5.0,3353846.0
ZAF,50k-100k,2036.0,46.0,3045283.0
ZMB,100k-250k,2036.0,16.0,2555874.0
ZMB,2.5-5 millions,2036.0,1.0,4788216.0
ZMB,250k-500k,2036.0,5.0,1746263.0
ZMB,500k-1 million,2036.0,2.0,1480135.0
ZMB,50k-100k,2036.0,15.0,1086669.0
ZWE,100k-250k,2036.0,8.0,1244616.0
ZWE,2.5-5 millions,2036.0,1.0,2683644.0
ZWE,500k-1 million,2036.0,1.0,600714.0
ZWE,50k-100k,2036.0,10.0,729242.0
AFE,1-2.5 millions,2037.0,26.0,38161963.0
AFE,100k-250k,2037.0,511.0,78496417.0
AFE,2.5-5 millions,2037.0,7.0,27984042.0
AFE,250k-500k,2037.0,152.0,51773368.0
AFE,5-10 millions,2037.0,7.0,50011876.0
AFE,500k-1 million,2037.0,63.0,40793969.0
AFE,50k-100k,2037.0,690.0,49849754.0
AFE,>10 millions,2037.0,3.0,38213696.0
AFW,1-2.5 millions,2037.0,31.0,48628649.0
AFW,100k-250k,2037.0,373.0,57106673.0
AFW,2.5-5 millions,2037.0,9.0,33987831.0
AFW,250k-500k,2037.0,105.0,36592059.0
AFW,5-10 millions,2037.0,8.0,50554925.0
AFW,500k-1 million,2037.0,40.0,28037897.0
AFW,50k-100k,2037.0,554.0,40047427.0
AFW,>10 millions,2037.0,1.0,14602980.0
AGO,1-2.5 millions,2037.0,4.0,6077794.0
AGO,100k-250k,2037.0,28.0,4208176.0
AGO,250k-500k,2037.0,5.0,1852786.0
AGO,500k-1 million,2037.0,10.0,6335801.0
AGO,50k-100k,2037.0,30.0,2235632.0
AGO,>10 millions,2037.0,1.0,15649310.0
BDI,1-2.5 millions,2037.0,1.0,1564366.0
BDI,100k-250k,2037.0,5.0,905540.0
BDI,250k-500k,2037.0,1.0,253357.0
BDI,50k-100k,2037.0,9.0,704444.0
BEN,1-2.5 millions,2037.0,1.0,1026617.0
BEN,100k-250k,2037.0,10.0,1510746.0
BEN,2.5-5 millions,2037.0,1.0,2974751.0
BEN,250k-500k,2037.0,1.0,371536.0
BEN,500k-1 million,2037.0,1.0,554774.0
BEN,50k-100k,2037.0,21.0,1658529.0
BFA,1-2.5 millions,2037.0,1.0,1311300.0
BFA,100k-250k,2037.0,9.0,1396432.0
BFA,2.5-5 millions,2037.0,1.0,3848034.0
BFA,50k-100k,2037.0,24.0,1648899.0
BWA,100k-250k,2037.0,3.0,329752.0
BWA,250k-500k,2037.0,1.0,301714.0
BWA,50k-100k,2037.0,2.0,113548.0
CAF,1-2.5 millions,2037.0,1.0,1369705.0
CAF,100k-250k,2037.0,1.0,107166.0
CAF,50k-100k,2037.0,8.0,584629.0
CIV,100k-250k,2037.0,19.0,2713547.0
CIV,250k-500k,2037.0,7.0,2444064.0
CIV,5-10 millions,2037.0,1.0,8097014.0
CIV,500k-1 million,2037.0,1.0,837001.0
CIV,50k-100k,2037.0,25.0,1874387.0
CMR,100k-250k,2037.0,19.0,3188498.0
CMR,250k-500k,2037.0,9.0,3337968.0
CMR,5-10 millions,2037.0,2.0,12070128.0
CMR,500k-1 million,2037.0,2.0,1444087.0
CMR,50k-100k,2037.0,31.0,2170424.0
COD,1-2.5 millions,2037.0,8.0,11245439.0
COD,100k-250k,2037.0,100.0,15684145.0
COD,2.5-5 millions,2037.0,2.0,8343379.999999999
COD,250k-500k,2037.0,37.0,12638300.0
COD,500k-1 million,2037.0,11.0,7024821.0
COD,50k-100k,2037.0,132.0,9799689.0
COD,>10 millions,2037.0,1.0,12242795.0
COG,1-2.5 millions,2037.0,1.0,2199589.0
COG,100k-250k,2037.0,1.0,187164.0
COG,2.5-5 millions,2037.0,1.0,4649749.0
COG,50k-100k,2037.0,1.0,88149.0
COM,100k-250k,2037.0,1.0,225288.0
COM,250k-500k,2037.0,1.0,303738.0
CPV,100k-250k,2037.0,1.0,142770.0
CPV,50k-100k,2037.0,1.0,75811.0
ERI,100k-250k,2037.0,4.0,532193.0
ERI,250k-500k,2037.0,3.0,1037178.0000000001
ERI,50k-100k,2037.0,4.0,282200.0
ETH,100k-250k,2037.0,127.0,18910651.0
ETH,250k-500k,2037.0,21.0,7048685.0
ETH,5-10 millions,2037.0,1.0,8810820.0
ETH,500k-1 million,2037.0,10.0,6031113.0
ETH,50k-100k,2037.0,209.0,14777754.0
GAB,1-2.5 millions,2037.0,1.0,1039502.9999999999
GAB,100k-250k,2037.0,4.0,517857.0
GAB,250k-500k,2037.0,1.0,416429.0
GAB,50k-100k,2037.0,1.0,61574.0
GHA,1-2.5 millions,2037.0,1.0,1348466.0
GHA,100k-250k,2037.0,25.0,3664473.0
GHA,2.5-5 millions,2037.0,1.0,4937068.0
GHA,250k-500k,2037.0,4.0,1289291.0
GHA,5-10 millions,2037.0,1.0,6446053.0
GHA,500k-1 million,2037.0,1.0,726826.0
GHA,50k-100k,2037.0,42.0,3111508.0
GIN,100k-250k,2037.0,8.0,1090867.0
GIN,2.5-5 millions,2037.0,1.0,3091555.0
GIN,250k-500k,2037.0,3.0,994974.0
GIN,50k-100k,2037.0,16.0,1172096.0
GMB,1-2.5 millions,2037.0,1.0,1360077.0
GMB,100k-250k,2037.0,1.0,232112.0
GMB,50k-100k,2037.0,2.0,182477.0
GNB,100k-250k,2037.0,1.0,107677.0
GNB,500k-1 million,2037.0,1.0,699632.0
GNB,50k-100k,2037.0,1.0,88788.0
GNQ,1-2.5 millions,2037.0,2.0,2132745.0
KEN,1-2.5 millions,2037.0,1.0,1649930.0
KEN,100k-250k,2037.0,21.0,3600596.0
KEN,250k-500k,2037.0,7.0,2467546.0
KEN,5-10 millions,2037.0,1.0,7402646.0
KEN,500k-1 million,2037.0,2.0,1276975.0
KEN,50k-100k,2037.0,32.0,2292547.0
LBR,1-2.5 millions,2037.0,1.0,2192925.0
LBR,100k-250k,2037.0,3.0,319839.0
LBR,50k-100k,2037.0,7.0,536997.0
LSO,250k-500k,2037.0,1.0,313630.0
MDG,100k-250k,2037.0,8.0,1359468.0
MDG,2.5-5 millions,2037.0,1.0,4969959.0
MDG,250k-500k,2037.0,3.0,1138429.0
MDG,50k-100k,2037.0,15.0,1106540.0
MLI,100k-250k,2037.0,8.0,1200939.0
MLI,250k-500k,2037.0,3.0,1093330.0
MLI,5-10 millions,2037.0,1.0,5928991.0
MLI,500k-1 million,2037.0,1.0,511169.0
MLI,50k-100k,2037.0,18.0,1213780.0
MOZ,1-2.5 millions,2037.0,1.0,1072198.0
MOZ,100k-250k,2037.0,18.0,2642094.0
MOZ,2.5-5 millions,2037.0,1.0,3827201.0
MOZ,250k-500k,2037.0,5.0,1643932.0
MOZ,500k-1 million,2037.0,4.0,2538340.0
MOZ,50k-100k,2037.0,33.0,2474221.0
MRT,1-2.5 millions,2037.0,1.0,2074551.0
MRT,100k-250k,2037.0,2.0,391424.0
MRT,50k-100k,2037.0,6.0,436820.0
MUS,500k-1 million,2037.0,1.0,530473.0
MWI,1-2.5 millions,2037.0,2.0,2555265.0
MWI,100k-250k,2037.0,4.0,545713.0
MWI,250k-500k,2037.0,1.0,330192.0
MWI,50k-100k,2037.0,4.0,302601.0
NAM,100k-250k,2037.0,2.0,285511.0
NAM,250k-500k,2037.0,1.0,499236.0
NAM,50k-100k,2037.0,2.0,145240.0
NER,1-2.5 millions,2037.0,1.0,1624990.0
NER,100k-250k,2037.0,17.0,2743086.0
NER,250k-500k,2037.0,3.0,1188056.0
NER,500k-1 million,2037.0,2.0,1823932.0
NER,50k-100k,2037.0,22.0,1596787.0
NGA,1-2.5 millions,2037.0,16.0,24784777.0
NGA,100k-250k,2037.0,199.0,30397128.0
NGA,2.5-5 millions,2037.0,2.0,6985805.0
NGA,250k-500k,2037.0,60.0,20950308.0
NGA,5-10 millions,2037.0,3.0,18012739.0
NGA,500k-1 million,2037.0,28.0,19412584.0
NGA,50k-100k,2037.0,273.0,19682681.0
NGA,>10 millions,2037.0,1.0,14602980.0
RWA,1-2.5 millions,2037.0,1.0,1880064.0
RWA,100k-250k,2037.0,5.0,734677.0
RWA,250k-500k,2037.0,1.0,461565.0
RWA,50k-100k,2037.0,9.0,602797.0
SDN,1-2.5 millions,2037.0,1.0,1120586.0
SDN,100k-250k,2037.0,53.0,8356877.0
SDN,250k-500k,2037.0,14.0,4777527.0
SDN,5-10 millions,2037.0,1.0,8190503.0
SDN,500k-1 million,2037.0,8.0,5777164.0
SDN,50k-100k,2037.0,46.0,3507803.0
SEN,1-2.5 millions,2037.0,1.0,1380957.0
SEN,100k-250k,2037.0,9.0,1338617.0
SEN,2.5-5 millions,2037.0,1.0,4636933.0
SEN,250k-500k,2037.0,5.0,1758140.0
SEN,500k-1 million,2037.0,2.0,1433414.0
SEN,50k-100k,2037.0,17.0,1225751.0
SLE,1-2.5 millions,2037.0,1.0,2316187.0
SLE,100k-250k,2037.0,5.0,735554.0
SLE,250k-500k,2037.0,2.0,683696.0
SLE,50k-100k,2037.0,6.0,427284.0
SOM,1-2.5 millions,2037.0,1.0,2052192.0
SOM,100k-250k,2037.0,21.0,3134976.0
SOM,250k-500k,2037.0,9.0,3593873.0
SOM,5-10 millions,2037.0,1.0,5777170.0
SOM,500k-1 million,2037.0,2.0,1167169.0
SOM,50k-100k,2037.0,31.0,2331537.0
SSA,1-2.5 millions,2037.0,57.0,86790612.0
SSA,100k-250k,2037.0,884.0,135603090.0
SSA,2.5-5 millions,2037.0,16.0,61971873.0
SSA,250k-500k,2037.0,257.0,88365427.0
SSA,5-10 millions,2037.0,15.0,100566801.0
SSA,500k-1 million,2037.0,103.0,68831866.0
SSA,50k-100k,2037.0,1244.0,89897181.0
SSA,>10 millions,2037.0,4.0,52816676.0
SSD,100k-250k,2037.0,12.0,1664714.0
SSD,250k-500k,2037.0,4.0,1379673.0
SSD,500k-1 million,2037.0,3.0,1854241.0
SSD,50k-100k,2037.0,11.0,724632.0
STP,100k-250k,2037.0,1.0,186249.0
SWZ,100k-250k,2037.0,1.0,107469.0
TCD,1-2.5 millions,2037.0,1.0,2466260.0
TCD,100k-250k,2037.0,21.0,3542729.0
TCD,250k-500k,2037.0,4.0,1234090.0
TCD,500k-1 million,2037.0,1.0,594478.0
TCD,50k-100k,2037.0,24.0,1608346.0
TGO,100k-250k,2037.0,10.0,1578048.0
TGO,2.5-5 millions,2037.0,1.0,2863936.0
TGO,250k-500k,2037.0,3.0,830177.0
TGO,50k-100k,2037.0,8.0,601710.0
TZA,1-2.5 millions,2037.0,3.0,3856507.0
TZA,100k-250k,2037.0,22.0,3744289.0
TZA,250k-500k,2037.0,11.0,3577163.0
TZA,500k-1 million,2037.0,2.0,1400068.0
TZA,50k-100k,2037.0,37.0,2586169.0
TZA,>10 millions,2037.0,1.0,10321591.0
UGA,100k-250k,2037.0,14.0,2192824.0
UGA,250k-500k,2037.0,5.0,1531329.0
UGA,5-10 millions,2037.0,1.0,6389771.0
UGA,500k-1 million,2037.0,2.0,1349249.0
UGA,50k-100k,2037.0,16.0,1204652.0
ZAF,1-2.5 millions,2037.0,3.0,5087622.0
ZAF,100k-250k,2037.0,37.0,5552375.0
ZAF,2.5-5 millions,2037.0,1.0,3186187.0
ZAF,250k-500k,2037.0,14.0,4334078.0
ZAF,5-10 millions,2037.0,2.0,13440966.0
ZAF,500k-1 million,2037.0,5.0,3394538.0
ZAF,50k-100k,2037.0,45.0,2990683.0
ZMB,100k-250k,2037.0,15.0,2215101.0
ZMB,2.5-5 millions,2037.0,1.0,4906194.0
ZMB,250k-500k,2037.0,7.0,2289437.0
ZMB,500k-1 million,2037.0,2.0,1505915.0
ZMB,50k-100k,2037.0,14.0,1021382.0
ZWE,100k-250k,2037.0,9.0,1377739.0
ZWE,2.5-5 millions,2037.0,1.0,2751121.0
ZWE,500k-1 million,2037.0,1.0,608102.0
ZWE,50k-100k,2037.0,9.0,645683.0
AFE,1-2.5 millions,2038.0,26.0,38914029.0
AFE,100k-250k,2038.0,528.0,81621757.0
AFE,2.5-5 millions,2038.0,5.0,18386031.0
AFE,250k-500k,2038.0,150.0,50735642.0
AFE,5-10 millions,2038.0,8.0,55808807.0
AFE,500k-1 million,2038.0,70.0,45196618.0
AFE,50k-100k,2038.0,668.0,48902703.0
AFE,>10 millions,2038.0,3.0,38917272.0
AFW,1-2.5 millions,2038.0,31.0,47884152.0
AFW,100k-250k,2038.0,386.0,59187941.0
AFW,2.5-5 millions,2038.0,9.0,34423020.0
AFW,250k-500k,2038.0,107.0,37520597.0
AFW,5-10 millions,2038.0,8.0,51459681.0
AFW,500k-1 million,2038.0,41.0,28524832.0
AFW,50k-100k,2038.0,538.0,39290640.0
AFW,>10 millions,2038.0,1.0,14742514.0
AGO,1-2.5 millions,2038.0,4.0,6250878.0
AGO,100k-250k,2038.0,29.0,4451324.0
AGO,250k-500k,2038.0,5.0,1909793.0
AGO,500k-1 million,2038.0,10.0,6466782.0
AGO,50k-100k,2038.0,29.0,2199157.0
AGO,>10 millions,2038.0,1.0,16035307.0
BDI,1-2.5 millions,2038.0,1.0,1608284.0
BDI,100k-250k,2038.0,7.0,1164248.0
BDI,250k-500k,2038.0,1.0,258704.0
BDI,50k-100k,2038.0,7.0,526500.0
BEN,1-2.5 millions,2038.0,1.0,1040839.0
BEN,100k-250k,2038.0,11.0,1642449.0
BEN,2.5-5 millions,2038.0,1.0,3016089.0
BEN,250k-500k,2038.0,1.0,377202.0
BEN,500k-1 million,2038.0,1.0,568979.0
BEN,50k-100k,2038.0,20.0,1595667.0
BFA,1-2.5 millions,2038.0,1.0,1325972.0
BFA,100k-250k,2038.0,9.0,1418504.0
BFA,2.5-5 millions,2038.0,1.0,3900616.0
BFA,50k-100k,2038.0,24.0,1678190.0
BWA,100k-250k,2038.0,3.0,333381.0
BWA,250k-500k,2038.0,1.0,305127.0
BWA,50k-100k,2038.0,2.0,114727.0
CAF,1-2.5 millions,2038.0,1.0,1394963.0
CAF,100k-250k,2038.0,1.0,109057.0
CAF,50k-100k,2038.0,8.0,599511.0
CIV,100k-250k,2038.0,19.0,2768358.0
CIV,250k-500k,2038.0,7.0,2491356.0
CIV,5-10 millions,2038.0,1.0,8227965.0
CIV,500k-1 million,2038.0,1.0,848159.0
CIV,50k-100k,2038.0,25.0,1915957.0
CMR,100k-250k,2038.0,20.0,3369543.0
CMR,250k-500k,2038.0,9.0,3416766.0
CMR,5-10 millions,2038.0,2.0,12319025.0
CMR,500k-1 million,2038.0,2.0,1464057.0
CMR,50k-100k,2038.0,30.0,2124300.0
COD,1-2.5 millions,2038.0,8.0,11471081.0
COD,100k-250k,2038.0,101.0,16080345.0
COD,2.5-5 millions,2038.0,2.0,8503953.0
COD,250k-500k,2038.0,36.0,12185608.0
COD,500k-1 million,2038.0,13.0,8175639.0
COD,50k-100k,2038.0,130.0,9879737.0
COD,>10 millions,2038.0,1.0,12341977.0
COG,1-2.5 millions,2038.0,1.0,2249776.0
COG,100k-250k,2038.0,1.0,192739.0
COG,2.5-5 millions,2038.0,1.0,4737233.0
COG,50k-100k,2038.0,1.0,90787.0
COM,100k-250k,2038.0,1.0,230682.0
COM,250k-500k,2038.0,1.0,308505.0
CPV,100k-250k,2038.0,1.0,143346.0
CPV,50k-100k,2038.0,1.0,75974.0
ERI,100k-250k,2038.0,4.0,543922.0
ERI,250k-500k,2038.0,3.0,1053538.0
ERI,50k-100k,2038.0,4.0,288682.0
ETH,100k-250k,2038.0,130.0,19636986.0
ETH,250k-500k,2038.0,22.0,7516252.0
ETH,5-10 millions,2038.0,1.0,8973565.0
ETH,500k-1 million,2038.0,10.0,6212283.0
ETH,50k-100k,2038.0,205.0,14742052.0
GAB,1-2.5 millions,2038.0,1.0,1050083.0
GAB,100k-250k,2038.0,4.0,530066.0
GAB,250k-500k,2038.0,1.0,426603.0
GAB,50k-100k,2038.0,1.0,63224.0
GHA,1-2.5 millions,2038.0,1.0,1375082.0
GHA,100k-250k,2038.0,26.0,3836409.0
GHA,2.5-5 millions,2038.0,1.0,4984560.0
GHA,250k-500k,2038.0,4.0,1310414.0
GHA,5-10 millions,2038.0,1.0,6514330.0
GHA,500k-1 million,2038.0,1.0,733242.0
GHA,50k-100k,2038.0,41.0,3068228.0
GIN,100k-250k,2038.0,7.0,856325.0
GIN,2.5-5 millions,2038.0,1.0,3119784.0
GIN,250k-500k,2038.0,4.0,1267851.0
GIN,500k-1 million,2038.0,1.0,524239.00000000006
GIN,50k-100k,2038.0,16.0,1200025.0
GMB,1-2.5 millions,2038.0,1.0,1375288.0
GMB,100k-250k,2038.0,1.0,236762.0
GMB,50k-100k,2038.0,2.0,185836.0
GNB,100k-250k,2038.0,1.0,108873.0
GNB,500k-1 million,2038.0,1.0,706759.0
GNB,50k-100k,2038.0,1.0,89921.0
GNQ,1-2.5 millions,2038.0,2.0,2175530.0
KEN,1-2.5 millions,2038.0,1.0,1664700.0
KEN,100k-250k,2038.0,21.0,3675070.0
KEN,250k-500k,2038.0,5.0,1517837.0
KEN,5-10 millions,2038.0,1.0,7497292.0
KEN,500k-1 million,2038.0,4.0,2313114.0
KEN,50k-100k,2038.0,32.0,2342415.0
LBR,1-2.5 millions,2038.0,1.0,2218348.0
LBR,100k-250k,2038.0,4.0,428336.0
LBR,50k-100k,2038.0,6.0,447801.0
LSO,250k-500k,2038.0,1.0,315079.0
MDG,100k-250k,2038.0,9.0,1500016.0
MDG,250k-500k,2038.0,3.0,1170243.0
MDG,5-10 millions,2038.0,1.0,5051550.0
MDG,50k-100k,2038.0,14.0,1027096.0
MLI,100k-250k,2038.0,8.0,1240147.0
MLI,250k-500k,2038.0,3.0,1114024.0
MLI,5-10 millions,2038.0,1.0,6076307.0
MLI,500k-1 million,2038.0,1.0,520842.0
MLI,50k-100k,2038.0,18.0,1246780.0
MOZ,1-2.5 millions,2038.0,1.0,1088734.0
MOZ,100k-250k,2038.0,18.0,2710909.0
MOZ,2.5-5 millions,2038.0,1.0,3879085.0
MOZ,250k-500k,2038.0,5.0,1677284.0
MOZ,500k-1 million,2038.0,4.0,2588527.0
MOZ,50k-100k,2038.0,33.0,2536725.0
MRT,1-2.5 millions,2038.0,1.0,2119140.0
MRT,100k-250k,2038.0,2.0,248587.0
MRT,250k-500k,2038.0,1.0,253987.0
MRT,50k-100k,2038.0,5.0,346530.0
MUS,500k-1 million,2038.0,1.0,528190.0
MWI,1-2.5 millions,2038.0,2.0,2603810.0
MWI,100k-250k,2038.0,5.0,661344.0
MWI,250k-500k,2038.0,1.0,337719.0
MWI,50k-100k,2038.0,3.0,206631.0
NAM,100k-250k,2038.0,2.0,294297.0
NAM,500k-1 million,2038.0,1.0,504237.0
NAM,50k-100k,2038.0,2.0,148250.0
NER,1-2.5 millions,2038.0,1.0,1641054.0
NER,100k-250k,2038.0,17.0,2800508.0
NER,250k-500k,2038.0,3.0,1210415.0
NER,500k-1 million,2038.0,2.0,1860528.0
NER,50k-100k,2038.0,22.0,1633298.0
NGA,1-2.5 millions,2038.0,17.0,26175980.0
NGA,100k-250k,2038.0,209.0,31916838.0
NGA,2.5-5 millions,2038.0,2.0,7063429.0
NGA,250k-500k,2038.0,60.0,21057834.0
NGA,5-10 millions,2038.0,3.0,18322054.0
NGA,500k-1 million,2038.0,28.0,19227383.0
NGA,50k-100k,2038.0,262.0,18971088.0
NGA,>10 millions,2038.0,1.0,14742514.0
RWA,1-2.5 millions,2038.0,1.0,1912102.0
RWA,100k-250k,2038.0,6.0,871156.0
RWA,250k-500k,2038.0,1.0,486036.0
RWA,50k-100k,2038.0,8.0,523813.0
SDN,1-2.5 millions,2038.0,1.0,1134430.0
SDN,100k-250k,2038.0,58.0,9040032.0
SDN,250k-500k,2038.0,14.0,4860496.0
SDN,5-10 millions,2038.0,1.0,8296829.0
SDN,500k-1 million,2038.0,8.0,5873354.0
SDN,50k-100k,2038.0,41.0,3087373.0
SEN,1-2.5 millions,2038.0,1.0,1397372.0
SEN,100k-250k,2038.0,9.0,1363796.0
SEN,2.5-5 millions,2038.0,1.0,4703817.0
SEN,250k-500k,2038.0,5.0,1787999.0
SEN,500k-1 million,2038.0,2.0,1462067.0
SEN,50k-100k,2038.0,17.0,1250354.0
SLE,1-2.5 millions,2038.0,1.0,2344725.0
SLE,100k-250k,2038.0,5.0,747618.0
SLE,250k-500k,2038.0,2.0,691023.0
SLE,50k-100k,2038.0,6.0,434163.0
SOM,1-2.5 millions,2038.0,1.0,2090266.9999999998
SOM,100k-250k,2038.0,23.0,3413276.0
SOM,250k-500k,2038.0,7.0,2679297.0
SOM,5-10 millions,2038.0,1.0,5893780.0
SOM,500k-1 million,2038.0,4.0,2198481.0
SOM,50k-100k,2038.0,29.0,2185352.0
SSA,1-2.5 millions,2038.0,57.0,86798181.0
SSA,100k-250k,2038.0,914.0,140809698.0
SSA,2.5-5 millions,2038.0,14.0,52809051.0
SSA,250k-500k,2038.0,257.0,88256239.0
SSA,5-10 millions,2038.0,16.0,107268488.0
SSA,500k-1 million,2038.0,111.0,73721450.0
SSA,50k-100k,2038.0,1206.0,88193343.0
SSA,>10 millions,2038.0,4.0,53659786.0
SSD,100k-250k,2038.0,12.0,1708972.0
SSD,250k-500k,2038.0,4.0,1407669.0
SSD,500k-1 million,2038.0,3.0,1891176.0
SSD,50k-100k,2038.0,11.0,739608.0
STP,100k-250k,2038.0,1.0,189655.0
SWZ,100k-250k,2038.0,1.0,110354.0
TCD,100k-250k,2038.0,21.0,3620202.0
TCD,250k-500k,2038.0,4.0,1262174.0
TCD,500k-1 million,2038.0,1.0,608577.0
TCD,50k-100k,2038.0,24.0,1645189.0
TGO,100k-250k,2038.0,10.0,1609478.0
TGO,2.5-5 millions,2038.0,1.0,2897492.0
TGO,250k-500k,2038.0,3.0,852949.0
TGO,50k-100k,2038.0,8.0,627817.0
TZA,1-2.5 millions,2038.0,3.0,3949373.0
TZA,100k-250k,2038.0,23.0,3814474.0
TZA,250k-500k,2038.0,12.0,3935004.0
TZA,500k-1 million,2038.0,2.0,1434531.0
TZA,50k-100k,2038.0,35.0,2466273.0
TZA,>10 millions,2038.0,1.0,10539988.0
UGA,100k-250k,2038.0,14.0,2137067.0
UGA,250k-500k,2038.0,6.0,1829384.0
UGA,5-10 millions,2038.0,1.0,6518205.0
UGA,500k-1 million,2038.0,2.0,1427889.0
UGA,50k-100k,2038.0,15.0,1140837.0
ZAF,1-2.5 millions,2038.0,3.0,5140370.0
ZAF,100k-250k,2038.0,37.0,5627242.0
ZAF,2.5-5 millions,2038.0,1.0,3184396.0
ZAF,250k-500k,2038.0,14.0,4385946.0
ZAF,5-10 millions,2038.0,2.0,13577586.0
ZAF,500k-1 million,2038.0,5.0,3435229.0
ZAF,50k-100k,2038.0,45.0,3034583.0
ZMB,100k-250k,2038.0,15.0,2268907.0
ZMB,250k-500k,2038.0,7.0,2342920.0
ZMB,500k-1 million,2038.0,2.0,1531696.0
ZMB,50k-100k,2038.0,14.0,1051206.0
ZWE,100k-250k,2038.0,8.0,1158098.0
ZWE,2.5-5 millions,2038.0,1.0,2818597.0
ZWE,250k-500k,2038.0,1.0,253201.0
ZWE,500k-1 million,2038.0,1.0,615490.0
ZWE,50k-100k,2038.0,9.0,661686.0
AFE,1-2.5 millions,2039.0,26.0,39666093.0
AFE,100k-250k,2039.0,542.0,83873486.0
AFE,2.5-5 millions,2039.0,5.0,18664172.0
AFE,250k-500k,2039.0,155.0,52182372.0
AFE,5-10 millions,2039.0,9.0,61777927.0
AFE,500k-1 million,2039.0,73.0,47654179.0
AFE,50k-100k,2039.0,645.0,47779387.0
AFE,>10 millions,2039.0,3.0,39620848.0
AFW,1-2.5 millions,2039.0,31.0,48617058.0
AFW,100k-250k,2039.0,393.0,60065869.0
AFW,2.5-5 millions,2039.0,9.0,32380886.0
AFW,250k-500k,2039.0,112.0,39230233.0
AFW,5-10 millions,2039.0,9.0,57396489.0
AFW,500k-1 million,2039.0,42.0,29495468.0
AFW,50k-100k,2039.0,524.0,38701042.0
AFW,>10 millions,2039.0,1.0,14882048.0
AGO,1-2.5 millions,2039.0,4.0,6423962.0
AGO,100k-250k,2039.0,27.0,4084705.0
AGO,250k-500k,2039.0,7.0,2477780.0
AGO,500k-1 million,2039.0,10.0,6597763.0
AGO,50k-100k,2039.0,29.0,2261470.0
AGO,>10 millions,2039.0,1.0,16421304.0
BDI,1-2.5 millions,2039.0,1.0,1652202.0
BDI,100k-250k,2039.0,6.0,974958.0
BDI,250k-500k,2039.0,2.0,517024.0
BDI,50k-100k,2039.0,7.0,543579.0
BEN,1-2.5 millions,2039.0,1.0,1055061.0
BEN,100k-250k,2039.0,13.0,1877480.0
BEN,2.5-5 millions,2039.0,1.0,3057426.0
BEN,250k-500k,2039.0,1.0,382868.0
BEN,500k-1 million,2039.0,1.0,583185.0
BEN,50k-100k,2039.0,18.0,1429477.0
BFA,1-2.5 millions,2039.0,1.0,1340644.0
BFA,100k-250k,2039.0,8.0,1188024.0
BFA,2.5-5 millions,2039.0,1.0,3953198.0
BFA,50k-100k,2039.0,24.0,1707481.0
BWA,100k-250k,2039.0,3.0,337010.0
BWA,250k-500k,2039.0,1.0,308539.0
BWA,50k-100k,2039.0,2.0,115906.0
CAF,1-2.5 millions,2039.0,1.0,1420221.0
CAF,100k-250k,2039.0,1.0,110947.0
CAF,50k-100k,2039.0,8.0,614394.0
CIV,100k-250k,2039.0,20.0,2923300.0
CIV,250k-500k,2039.0,7.0,2538647.0
CIV,5-10 millions,2039.0,1.0,8358915.999999999
CIV,500k-1 million,2039.0,1.0,859318.0
CIV,50k-100k,2039.0,24.0,1857398.0
CMR,100k-250k,2039.0,17.0,2690126.0
CMR,250k-500k,2039.0,12.0,4256388.0
CMR,5-10 millions,2039.0,2.0,12567922.0
CMR,500k-1 million,2039.0,2.0,1484028.0
CMR,50k-100k,2039.0,30.0,2177814.0
COD,1-2.5 millions,2039.0,8.0,11696724.0
COD,100k-250k,2039.0,105.0,16476958.999999998
COD,2.5-5 millions,2039.0,2.0,8664525.0
COD,250k-500k,2039.0,39.0,13226629.0
COD,500k-1 million,2039.0,13.0,8344498.0
COD,50k-100k,2039.0,123.0,9447620.0
COD,>10 millions,2039.0,1.0,12441159.0
COG,1-2.5 millions,2039.0,1.0,2299963.0
COG,100k-250k,2039.0,1.0,198313.0
COG,2.5-5 millions,2039.0,1.0,4824716.0
COG,50k-100k,2039.0,1.0,93425.0
COM,100k-250k,2039.0,1.0,236075.0
COM,250k-500k,2039.0,1.0,313271.0
CPV,100k-250k,2039.0,1.0,143923.0
CPV,50k-100k,2039.0,1.0,76138.0
ERI,100k-250k,2039.0,4.0,555651.0
ERI,250k-500k,2039.0,3.0,1069898.0
ERI,50k-100k,2039.0,4.0,295164.0
ETH,100k-250k,2039.0,135.0,20575866.0
ETH,250k-500k,2039.0,23.0,7996918.0
ETH,5-10 millions,2039.0,1.0,9136310.0
ETH,500k-1 million,2039.0,10.0,6393454.0
ETH,50k-100k,2039.0,199.0,14480706.0
GAB,1-2.5 millions,2039.0,1.0,1060662.0
GAB,100k-250k,2039.0,4.0,542276.0
GAB,250k-500k,2039.0,1.0,436777.0
GAB,50k-100k,2039.0,1.0,64873.99999999999
GHA,1-2.5 millions,2039.0,1.0,1401699.0
GHA,100k-250k,2039.0,28.0,4112817.0
GHA,250k-500k,2039.0,4.0,1331537.0
GHA,5-10 millions,2039.0,2.0,11614659.0
GHA,500k-1 million,2039.0,1.0,739658.0
GHA,50k-100k,2039.0,39.0,2920476.0
GIN,100k-250k,2039.0,7.0,869041.0
GIN,2.5-5 millions,2039.0,1.0,3148013.0
GIN,250k-500k,2039.0,4.0,1293469.0
GIN,500k-1 million,2039.0,1.0,540816.0
GIN,50k-100k,2039.0,16.0,1227954.0
GMB,1-2.5 millions,2039.0,1.0,1390500.0
GMB,100k-250k,2039.0,1.0,241413.0
GMB,50k-100k,2039.0,2.0,189195.0
GNB,100k-250k,2039.0,1.0,110068.0
GNB,500k-1 million,2039.0,1.0,713885.0
GNB,50k-100k,2039.0,1.0,91054.0
GNQ,1-2.5 millions,2039.0,2.0,2218315.0
KEN,1-2.5 millions,2039.0,1.0,1679470.0
KEN,100k-250k,2039.0,21.0,3602501.0
KEN,250k-500k,2039.0,6.0,1804514.0
KEN,5-10 millions,2039.0,1.0,7591937.0
KEN,500k-1 million,2039.0,4.0,2365689.0
KEN,50k-100k,2039.0,31.0,2286504.0
LBR,1-2.5 millions,2039.0,1.0,2243771.0
LBR,100k-250k,2039.0,4.0,438063.0
LBR,50k-100k,2039.0,6.0,457374.0
LSO,250k-500k,2039.0,1.0,316527.0
MDG,100k-250k,2039.0,10.0,1642599.0
MDG,250k-500k,2039.0,3.0,1202057.0
MDG,5-10 millions,2039.0,1.0,5133142.0
MDG,50k-100k,2039.0,13.0,945618.0
MLI,100k-250k,2039.0,8.0,1279354.0
MLI,250k-500k,2039.0,3.0,1134718.0
MLI,5-10 millions,2039.0,1.0,6223623.0
MLI,500k-1 million,2039.0,1.0,530515.0
MLI,50k-100k,2039.0,18.0,1279780.0
MOZ,1-2.5 millions,2039.0,1.0,1105269.0
MOZ,100k-250k,2039.0,20.0,2980069.0
MOZ,2.5-5 millions,2039.0,1.0,3930969.0
MOZ,250k-500k,2039.0,5.0,1710637.0
MOZ,500k-1 million,2039.0,4.0,2638714.0
MOZ,50k-100k,2039.0,31.0,2398885.0
MRT,1-2.5 millions,2039.0,1.0,2163729.0
MRT,100k-250k,2039.0,2.0,254103.0
MRT,250k-500k,2039.0,1.0,260338.00000000003
MRT,50k-100k,2039.0,5.0,355523.0
MUS,500k-1 million,2039.0,1.0,525907.0
MWI,1-2.5 millions,2039.0,2.0,2652355.0
MWI,100k-250k,2039.0,5.0,677102.0
MWI,250k-500k,2039.0,1.0,345245.0
MWI,50k-100k,2039.0,3.0,210534.0
NAM,100k-250k,2039.0,2.0,303083.0
NAM,500k-1 million,2039.0,1.0,509238.0
NAM,50k-100k,2039.0,2.0,151259.0
NER,1-2.5 millions,2039.0,1.0,1657117.0
NER,100k-250k,2039.0,16.0,2604343.0
NER,250k-500k,2039.0,4.0,1486361.0
NER,500k-1 million,2039.0,2.0,1897125.0
NER,50k-100k,2039.0,22.0,1669809.0
NGA,1-2.5 millions,2039.0,17.0,26578326.0
NGA,100k-250k,2039.0,214.0,32794542.999999996
NGA,2.5-5 millions,2039.0,2.0,7141053.0
NGA,250k-500k,2039.0,62.0,21926991.0
NGA,5-10 millions,2039.0,3.0,18631369.0
NGA,500k-1 million,2039.0,28.0,19533496.0
NGA,50k-100k,2039.0,255.0,18637414.0
NGA,>10 millions,2039.0,1.0,14882048.0
RWA,1-2.5 millions,2039.0,1.0,1944141.0
RWA,100k-250k,2039.0,6.0,909080.0
RWA,50k-100k,2039.0,8.0,543384.0
SDN,1-2.5 millions,2039.0,1.0,1148273.0
SDN,100k-250k,2039.0,60.0,9432386.0
SDN,250k-500k,2039.0,12.0,3937215.0
SDN,5-10 millions,2039.0,1.0,8403154.0
SDN,500k-1 million,2039.0,10.0,6975793.0
SDN,50k-100k,2039.0,39.0,2957743.0
SEN,1-2.5 millions,2039.0,1.0,1413787.0
SEN,100k-250k,2039.0,10.0,1489391.0
SEN,2.5-5 millions,2039.0,1.0,4770700.0
SEN,250k-500k,2039.0,4.0,1317812.0
SEN,500k-1 million,2039.0,3.0,1990766.0
SEN,50k-100k,2039.0,16.0,1174541.0
SLE,1-2.5 millions,2039.0,1.0,2373263.0
SLE,100k-250k,2039.0,6.0,859761.0
SLE,250k-500k,2039.0,2.0,698349.0
SLE,50k-100k,2039.0,5.0,340964.0
SOM,1-2.5 millions,2039.0,1.0,2128341.0
SOM,100k-250k,2039.0,26.0,3797130.0
SOM,250k-500k,2039.0,6.0,2251298.0
SOM,5-10 millions,2039.0,1.0,6010390.0
SOM,500k-1 million,2039.0,5.0,2743216.0
SOM,50k-100k,2039.0,26.0,1933613.0
SSA,1-2.5 millions,2039.0,57.0,88283151.0
SSA,100k-250k,2039.0,935.0,143939355.0
SSA,2.5-5 millions,2039.0,14.0,51045058.0
SSA,250k-500k,2039.0,267.0,91412605.0
SSA,5-10 millions,2039.0,18.0,119174416.0
SSA,500k-1 million,2039.0,115.0,77149647.0
SSA,50k-100k,2039.0,1169.0,86480429.0
SSA,>10 millions,2039.0,4.0,54502896.0
SSD,100k-250k,2039.0,12.0,1753230.0
SSD,250k-500k,2039.0,4.0,1435665.0
SSD,500k-1 million,2039.0,3.0,1928110.0
SSD,50k-100k,2039.0,11.0,754584.0
STP,100k-250k,2039.0,1.0,193061.0
SWZ,100k-250k,2039.0,1.0,113240.0
TCD,100k-250k,2039.0,21.0,3697675.0
TCD,2.5-5 millions,2039.0,1.0,2554732.0
TCD,250k-500k,2039.0,4.0,1290258.0
TCD,500k-1 million,2039.0,1.0,622676.0
TCD,50k-100k,2039.0,24.0,1682032.0
TGO,100k-250k,2039.0,10.0,1640908.0
TGO,2.5-5 millions,2039.0,1.0,2931048.0
TGO,250k-500k,2039.0,3.0,875720.0
TGO,50k-100k,2039.0,8.0,653925.0
TZA,1-2.5 millions,2039.0,3.0,4042238.0
TZA,100k-250k,2039.0,22.0,3684566.0
TZA,250k-500k,2039.0,13.0,4297549.0
TZA,500k-1 million,2039.0,2.0,1468993.0
TZA,50k-100k,2039.0,35.0,2541765.0
TZA,>10 millions,2039.0,1.0,10758385.0
UGA,100k-250k,2039.0,15.0,2332988.0
UGA,250k-500k,2039.0,6.0,1878933.0
UGA,5-10 millions,2039.0,1.0,6646639.0
UGA,500k-1 million,2039.0,2.0,1506529.0
UGA,50k-100k,2039.0,14.0,1073851.0
ZAF,1-2.5 millions,2039.0,3.0,5193118.0
ZAF,100k-250k,2039.0,37.0,5702109.0
ZAF,2.5-5 millions,2039.0,1.0,3182605.0
ZAF,250k-500k,2039.0,14.0,4437815.0
ZAF,5-10 millions,2039.0,2.0,13714206.0
ZAF,500k-1 million,2039.0,5.0,3475921.0
ZAF,50k-100k,2039.0,45.0,3078483.0
ZMB,100k-250k,2039.0,15.0,2322713.0
ZMB,250k-500k,2039.0,7.0,2396404.0
ZMB,5-10 millions,2039.0,1.0,5142149.0
ZMB,500k-1 million,2039.0,2.0,1557476.0
ZMB,50k-100k,2039.0,14.0,1081029.0
ZWE,100k-250k,2039.0,8.0,1186405.0
ZWE,2.5-5 millions,2039.0,1.0,2886073.0
ZWE,250k-500k,2039.0,1.0,258454.0
ZWE,500k-1 million,2039.0,1.0,622878.0
ZWE,50k-100k,2039.0,9.0,677690.0
AFE,1-2.5 millions,2040.0,26.0,40418160.0
AFE,100k-250k,2040.0,563.0,86561026.0
AFE,2.5-5 millions,2040.0,5.0,18942312.0
AFE,250k-500k,2040.0,161.0,53668652.0
AFE,5-10 millions,2040.0,9.0,62722876.0
AFE,500k-1 million,2040.0,79.0,51700875.0
AFE,50k-100k,2040.0,808.0,56618561.0
AFE,>10 millions,2040.0,3.0,40324425.0
AFW,1-2.5 millions,2040.0,32.0,50357220.0
AFW,100k-250k,2040.0,401.0,61528635.0
AFW,2.5-5 millions,2040.0,9.0,32812819.0
AFW,250k-500k,2040.0,114.0,39710082.0
AFW,5-10 millions,2040.0,9.0,58348734.0
AFW,500k-1 million,2040.0,44.0,30477437.0
AFW,50k-100k,2040.0,656.0,46103057.0
AFW,>10 millions,2040.0,1.0,15021582.0
AGO,1-2.5 millions,2040.0,4.0,6597046.0
AGO,100k-250k,2040.0,29.0,4418290.0
AGO,250k-500k,2040.0,7.0,2550523.0
AGO,500k-1 million,2040.0,10.0,6728744.0
AGO,50k-100k,2040.0,37.0,2679238.0
AGO,>10 millions,2040.0,1.0,16807302.0
BDI,1-2.5 millions,2040.0,1.0,1696120.0
BDI,100k-250k,2040.0,6.0,1018237.0
BDI,250k-500k,2040.0,2.0,542776.0
BDI,50k-100k,2040.0,18.0,1204202.0
BEN,1-2.5 millions,2040.0,1.0,1069284.0
BEN,100k-250k,2040.0,13.0,1915075.0
BEN,2.5-5 millions,2040.0,1.0,3098764.0
BEN,250k-500k,2040.0,1.0,388534.0
BEN,500k-1 million,2040.0,1.0,597390.0
BEN,50k-100k,2040.0,23.0,1727277.0
BFA,1-2.5 millions,2040.0,1.0,1355316.0
BFA,100k-250k,2040.0,8.0,1204359.0
BFA,2.5-5 millions,2040.0,1.0,4005780.0
BFA,250k-500k,2040.0,1.0,258286.99999999997
BFA,50k-100k,2040.0,26.0,1839550.0
BWA,100k-250k,2040.0,3.0,340640.0
BWA,250k-500k,2040.0,1.0,311952.0
BWA,50k-100k,2040.0,3.0,180109.0
CAF,1-2.5 millions,2040.0,1.0,1445480.0
CAF,100k-250k,2040.0,1.0,112837.0
CAF,50k-100k,2040.0,10.0,746294.0
CIV,100k-250k,2040.0,21.0,3080843.0
CIV,250k-500k,2040.0,7.0,2585938.0
CIV,5-10 millions,2040.0,1.0,8489866.0
CIV,500k-1 million,2040.0,1.0,870477.0
CIV,50k-100k,2040.0,33.0,2345225.0
CMR,100k-250k,2040.0,17.0,2754456.0
CMR,250k-500k,2040.0,11.0,3844728.0
CMR,5-10 millions,2040.0,2.0,12816818.0
CMR,500k-1 million,2040.0,3.0,2011534.0
CMR,50k-100k,2040.0,37.0,2599979.0
COD,1-2.5 millions,2040.0,8.0,11922367.0
COD,100k-250k,2040.0,112.0,16908756.0
COD,2.5-5 millions,2040.0,2.0,8825097.0
COD,250k-500k,2040.0,43.0,14281338.0
COD,500k-1 million,2040.0,14.0,9023316.0
COD,50k-100k,2040.0,151.0,10763265.0
COD,>10 millions,2040.0,1.0,12540341.0
COG,1-2.5 millions,2040.0,1.0,2350150.0
COG,100k-250k,2040.0,1.0,203888.0
COG,2.5-5 millions,2040.0,1.0,4912200.0
COG,50k-100k,2040.0,3.0,202858.0
COM,100k-250k,2040.0,1.0,241469.0
COM,250k-500k,2040.0,1.0,318038.0
CPV,100k-250k,2040.0,1.0,144499.0
CPV,50k-100k,2040.0,1.0,76301.0
ERI,100k-250k,2040.0,4.0,567380.0
ERI,250k-500k,2040.0,3.0,1086258.0
ERI,50k-100k,2040.0,6.0,409888.0
ETH,100k-250k,2040.0,139.0,21267962.0
ETH,250k-500k,2040.0,24.0,8247882.0
ETH,5-10 millions,2040.0,1.0,9299055.0
ETH,500k-1 million,2040.0,11.0,7080420.0
ETH,50k-100k,2040.0,236.0,16595196.0
GAB,1-2.5 millions,2040.0,1.0,1071242.0
GAB,100k-250k,2040.0,4.0,554486.0
GAB,250k-500k,2040.0,1.0,446952.0
GAB,50k-100k,2040.0,2.0,117550.0
GHA,1-2.5 millions,2040.0,1.0,1428315.0
GHA,100k-250k,2040.0,28.0,4190059.0
GHA,250k-500k,2040.0,4.0,1352660.0
GHA,5-10 millions,2040.0,2.0,11730428.0
GHA,500k-1 million,2040.0,1.0,746074.0
GHA,50k-100k,2040.0,49.0,3514804.0
GIN,100k-250k,2040.0,8.0,983626.0
GIN,2.5-5 millions,2040.0,1.0,3176241.0
GIN,250k-500k,2040.0,4.0,1319088.0
GIN,500k-1 million,2040.0,1.0,557393.0
GIN,50k-100k,2040.0,19.0,1364471.0
GMB,1-2.5 millions,2040.0,1.0,1405711.0
GMB,100k-250k,2040.0,1.0,246064.0
GMB,50k-100k,2040.0,3.0,245041.0
GNB,100k-250k,2040.0,1.0,111264.0
GNB,500k-1 million,2040.0,1.0,721011.0
GNB,50k-100k,2040.0,1.0,92186.0
GNQ,1-2.5 millions,2040.0,2.0,2261100.0
KEN,1-2.5 millions,2040.0,1.0,1694240.0
KEN,100k-250k,2040.0,23.0,3884302.0
KEN,250k-500k,2040.0,6.0,1841278.0
KEN,5-10 millions,2040.0,1.0,7686583.0
KEN,500k-1 million,2040.0,4.0,2418263.0
KEN,50k-100k,2040.0,40.0,2727894.0
LBR,1-2.5 millions,2040.0,1.0,2269194.0
LBR,100k-250k,2040.0,4.0,447790.0
LBR,50k-100k,2040.0,6.0,466947.0
LSO,250k-500k,2040.0,1.0,317976.0
MDG,100k-250k,2040.0,9.0,1434355.0
MDG,250k-500k,2040.0,4.0,1486102.0
MDG,5-10 millions,2040.0,1.0,5214733.0
MDG,50k-100k,2040.0,15.0,1066138.0
MLI,100k-250k,2040.0,7.0,1060271.0
MLI,250k-500k,2040.0,4.0,1413702.0
MLI,5-10 millions,2040.0,1.0,6370939.0
MLI,500k-1 million,2040.0,1.0,540188.0
MLI,50k-100k,2040.0,22.0,1533519.0
MOZ,1-2.5 millions,2040.0,1.0,1121804.0
MOZ,100k-250k,2040.0,21.0,3155744.0
MOZ,2.5-5 millions,2040.0,1.0,3982853.0
MOZ,250k-500k,2040.0,5.0,1743990.0
MOZ,500k-1 million,2040.0,4.0,2688902.0
MOZ,50k-100k,2040.0,40.0,2900528.0
MRT,1-2.5 millions,2040.0,1.0,2208318.0
MRT,100k-250k,2040.0,2.0,259619.00000000003
MRT,250k-500k,2040.0,1.0,266690.0
MRT,50k-100k,2040.0,6.0,417025.0
MUS,500k-1 million,2040.0,1.0,523624.0
MWI,1-2.5 millions,2040.0,2.0,2700900.0
MWI,100k-250k,2040.0,5.0,692860.0
MWI,250k-500k,2040.0,1.0,352772.0
MWI,50k-100k,2040.0,8.0,483172.0
NAM,100k-250k,2040.0,3.0,412014.0
NAM,500k-1 million,2040.0,1.0,514240.0
NAM,50k-100k,2040.0,1.0,54123.0
NER,1-2.5 millions,2040.0,1.0,1673181.0
NER,100k-250k,2040.0,17.0,2757070.0
NER,250k-500k,2040.0,4.0,1514308.0
NER,500k-1 million,2040.0,2.0,1933722.0
NER,50k-100k,2040.0,30.0,2083616.0
NGA,1-2.5 millions,2040.0,18.0,27987927.0
NGA,100k-250k,2040.0,222.0,34324140.0
NGA,2.5-5 millions,2040.0,2.0,7218678.0
NGA,250k-500k,2040.0,60.0,21296466.0
NGA,5-10 millions,2040.0,3.0,18940683.0
NGA,500k-1 million,2040.0,29.0,19837475.0
NGA,50k-100k,2040.0,320.0,22157662.0
NGA,>10 millions,2040.0,1.0,15021582.0
RWA,1-2.5 millions,2040.0,1.0,1976180.0
RWA,100k-250k,2040.0,6.0,947003.0
RWA,500k-1 million,2040.0,1.0,534979.0
RWA,50k-100k,2040.0,12.0,780509.0
SDN,1-2.5 millions,2040.0,1.0,1162117.0
SDN,100k-250k,2040.0,61.0,9579657.0
SDN,250k-500k,2040.0,12.0,3758979.0
SDN,5-10 millions,2040.0,1.0,8509480.0
SDN,500k-1 million,2040.0,11.0,7585466.0
SDN,50k-100k,2040.0,46.0,3308794.0
SEN,1-2.5 millions,2040.0,1.0,1430201.0
SEN,100k-250k,2040.0,9.0,1264075.0
SEN,2.5-5 millions,2040.0,1.0,4837584.0
SEN,250k-500k,2040.0,5.0,1593612.0
SEN,500k-1 million,2040.0,3.0,2025398.0
SEN,50k-100k,2040.0,20.0,1437412.0
SLE,1-2.5 millions,2040.0,1.0,2401801.0
SLE,100k-250k,2040.0,6.0,873152.0
SLE,250k-500k,2040.0,2.0,705676.0
SLE,50k-100k,2040.0,7.0,449181.0
SOM,1-2.5 millions,2040.0,1.0,2166416.0
SOM,100k-250k,2040.0,27.0,3989064.0
SOM,250k-500k,2040.0,5.0,1807847.0
SOM,5-10 millions,2040.0,1.0,6127000.0
SOM,500k-1 million,2040.0,6.0,3303402.0
SOM,50k-100k,2040.0,30.0,2134012.0
SSA,1-2.5 millions,2040.0,58.0,90775380.0
SSA,100k-250k,2040.0,964.0,148089661.0
SSA,2.5-5 millions,2040.0,14.0,51755131.0
SSA,250k-500k,2040.0,275.0,93378734.0
SSA,5-10 millions,2040.0,18.0,121071610.0
SSA,500k-1 million,2040.0,123.0,82178312.0
SSA,50k-100k,2040.0,1464.0,102721618.0
SSA,>10 millions,2040.0,4.0,55346007.0
SSD,100k-250k,2040.0,11.0,1538166.0
SSD,250k-500k,2040.0,5.0,1722984.0
SSD,500k-1 million,2040.0,3.0,1965044.0
SSD,50k-100k,2040.0,13.0,879440.0
STP,100k-250k,2040.0,1.0,196467.0
SWZ,100k-250k,2040.0,1.0,116126.0
TCD,100k-250k,2040.0,22.0,3875332.0
TCD,2.5-5 millions,2040.0,1.0,2598968.0
TCD,250k-500k,2040.0,4.0,1318342.0
TCD,500k-1 million,2040.0,1.0,636775.0
TCD,50k-100k,2040.0,26.0,1780632.0
TGO,100k-250k,2040.0,8.0,1165730.0
TGO,2.5-5 millions,2040.0,1.0,2964604.0
TGO,250k-500k,2040.0,5.0,1405099.0
TGO,50k-100k,2040.0,12.0,905527.0
TZA,1-2.5 millions,2040.0,3.0,4135104.0000000005
TZA,100k-250k,2040.0,22.0,3801907.0
TZA,250k-500k,2040.0,12.0,3897131.0
TZA,500k-1 million,2040.0,3.0,2019171.0
TZA,50k-100k,2040.0,53.0,3642701.0
TZA,>10 millions,2040.0,1.0,10976782.0
UGA,100k-250k,2040.0,17.0,2641449.0
UGA,250k-500k,2040.0,6.0,1928482.0
UGA,5-10 millions,2040.0,1.0,6775072.0
UGA,500k-1 million,2040.0,2.0,1585169.0
UGA,50k-100k,2040.0,21.0,1469699.0
ZAF,1-2.5 millions,2040.0,3.0,5245866.0
ZAF,100k-250k,2040.0,37.0,5612161.0
ZAF,2.5-5 millions,2040.0,1.0,3180813.0
ZAF,250k-500k,2040.0,15.0,4758750.0
ZAF,5-10 millions,2040.0,2.0,13850826.0
ZAF,500k-1 million,2040.0,5.0,3516613.0
ZAF,50k-100k,2040.0,51.0,3409233.0
ZMB,100k-250k,2040.0,16.0,2481801.0
ZMB,250k-500k,2040.0,7.0,2449888.0
ZMB,5-10 millions,2040.0,1.0,5260127.0
ZMB,500k-1 million,2040.0,2.0,1583256.0
ZMB,50k-100k,2040.0,17.0,1224040.0
ZWE,100k-250k,2040.0,9.0,1315216.0
ZWE,2.5-5 millions,2040.0,1.0,2953549.0
ZWE,250k-500k,2040.0,1.0,263706.0
ZWE,500k-1 million,2040.0,1.0,630266.0
ZWE,50k-100k,2040.0,10.0,706380.0
AFE,1-2.5 millions,2041.0,26.0,39614606.0
AFE,100k-250k,2041.0,576.0,88353153.0
AFE,2.5-5 millions,2041.0,6.0,21689908.0
AFE,250k-500k,2041.0,168.0,55339382.0
AFE,5-10 millions,2041.0,9.0,63599955.0
AFE,500k-1 million,2041.0,83.0,54192559.0
AFE,50k-100k,2041.0,783.0,55657719.0
AFE,>10 millions,2041.0,3.0,40939548.0
AFW,1-2.5 millions,2041.0,33.0,52040376.0
AFW,100k-250k,2041.0,408.0,62051724.0
AFW,2.5-5 millions,2041.0,9.0,33189764.0
AFW,250k-500k,2041.0,121.0,41879587.0
AFW,5-10 millions,2041.0,9.0,59248800.0
AFW,500k-1 million,2041.0,44.0,30432685.0
AFW,50k-100k,2041.0,640.0,45511483.0
AFW,>10 millions,2041.0,1.0,15141197.0
AGO,1-2.5 millions,2041.0,4.0,6763452.0
AGO,100k-250k,2041.0,32.0,4870166.0
AGO,250k-500k,2041.0,7.0,2619089.0
AGO,500k-1 million,2041.0,10.0,6864131.0
AGO,50k-100k,2041.0,34.0,2461696.0
AGO,>10 millions,2041.0,1.0,17150587.0
BDI,1-2.5 millions,2041.0,1.0,1717456.0
BDI,100k-250k,2041.0,5.0,813194.0
BDI,250k-500k,2041.0,3.0,820238.0
BDI,50k-100k,2041.0,18.0,1265957.0
BEN,1-2.5 millions,2041.0,1.0,1080779.0
BEN,100k-250k,2041.0,13.0,1956423.0
BEN,2.5-5 millions,2041.0,1.0,3134174.0
BEN,250k-500k,2041.0,1.0,395482.0
BEN,500k-1 million,2041.0,1.0,609757.0
BEN,50k-100k,2041.0,23.0,1765250.0
BFA,1-2.5 millions,2041.0,1.0,1366211.0
BFA,100k-250k,2041.0,8.0,1219432.0
BFA,2.5-5 millions,2041.0,1.0,4045705.0
BFA,250k-500k,2041.0,1.0,263033.0
BFA,50k-100k,2041.0,26.0,1868695.0
BWA,100k-250k,2041.0,3.0,344337.0
BWA,250k-500k,2041.0,1.0,315357.0
BWA,50k-100k,2041.0,3.0,181404.0
CAF,1-2.5 millions,2041.0,1.0,1462552.0
CAF,100k-250k,2041.0,1.0,114497.0
CAF,50k-100k,2041.0,10.0,758816.0
CIV,100k-250k,2041.0,21.0,3141039.0
CIV,250k-500k,2041.0,7.0,2634524.0
CIV,5-10 millions,2041.0,1.0,8617149.0
CIV,500k-1 million,2041.0,1.0,879553.0
CIV,50k-100k,2041.0,33.0,2396179.0
CMR,100k-250k,2041.0,17.0,2674291.0
CMR,250k-500k,2041.0,12.0,4171071.0
CMR,5-10 millions,2041.0,2.0,13043459.0
CMR,500k-1 million,2041.0,3.0,2042119.0
CMR,50k-100k,2041.0,36.0,2564560.0
COD,1-2.5 millions,2041.0,8.0,10642438.0
COD,100k-250k,2041.0,114.0,17422510.0
COD,2.5-5 millions,2041.0,3.0,11489402.0
COD,250k-500k,2041.0,43.0,14358899.0
COD,500k-1 million,2041.0,14.0,8691587.0
COD,50k-100k,2041.0,148.0,10798622.0
COD,>10 millions,2041.0,1.0,12599846.0
COG,1-2.5 millions,2041.0,1.0,2398438.0
COG,100k-250k,2041.0,1.0,210226.0
COG,2.5-5 millions,2041.0,1.0,4992020.0
COG,50k-100k,2041.0,3.0,209773.0
COM,100k-250k,2041.0,1.0,244455.0
COM,250k-500k,2041.0,1.0,322935.0
CPV,100k-250k,2041.0,1.0,144942.0
CPV,50k-100k,2041.0,1.0,76431.0
ERI,100k-250k,2041.0,4.0,576935.0
ERI,250k-500k,2041.0,3.0,1101284.0
ERI,50k-100k,2041.0,6.0,416015.0
ETH,100k-250k,2041.0,140.0,21114226.0
ETH,250k-500k,2041.0,29.0,9445380.0
ETH,5-10 millions,2041.0,1.0,9448810.0
ETH,500k-1 million,2041.0,12.0,7759479.0
ETH,50k-100k,2041.0,229.0,16305631.0
GAB,1-2.5 millions,2041.0,1.0,1081270.0
GAB,100k-250k,2041.0,4.0,566182.0
GAB,250k-500k,2041.0,1.0,459894.0
GAB,50k-100k,2041.0,2.0,122235.0
GHA,1-2.5 millions,2041.0,1.0,1449544.0
GHA,100k-250k,2041.0,30.0,4313286.0
GHA,250k-500k,2041.0,5.0,1624857.0
GHA,5-10 millions,2041.0,2.0,11834346.0
GHA,500k-1 million,2041.0,1.0,751629.0
GHA,50k-100k,2041.0,46.0,3289961.0
GIN,100k-250k,2041.0,8.0,998577.0
GIN,2.5-5 millions,2041.0,1.0,3201187.0
GIN,250k-500k,2041.0,3.0,835379.0
GIN,500k-1 million,2041.0,2.0,1075931.0
GIN,50k-100k,2041.0,19.0,1393012.0
GMB,1-2.5 millions,2041.0,1.0,1418745.0
GMB,100k-250k,2041.0,1.0,100183.0
GMB,50k-100k,2041.0,2.0,149407.0
GNB,100k-250k,2041.0,1.0,113277.0
GNB,500k-1 million,2041.0,1.0,726919.0
GNB,50k-100k,2041.0,1.0,94375.0
GNQ,1-2.5 millions,2041.0,2.0,2303840.0
KEN,1-2.5 millions,2041.0,1.0,1707029.0
KEN,100k-250k,2041.0,23.0,3837709.0
KEN,250k-500k,2041.0,7.0,2130201.0
KEN,5-10 millions,2041.0,1.0,7766641.0
KEN,500k-1 million,2041.0,4.0,2458499.0
KEN,50k-100k,2041.0,39.0,2713786.0
LBR,1-2.5 millions,2041.0,1.0,2291914.0
LBR,100k-250k,2041.0,4.0,456038.0
LBR,50k-100k,2041.0,6.0,476325.0
LSO,250k-500k,2041.0,1.0,319253.0
MDG,100k-250k,2041.0,9.0,1316088.0
MDG,250k-500k,2041.0,4.0,1270342.0
MDG,5-10 millions,2041.0,1.0,5295290.0
MDG,500k-1 million,2041.0,1.0,507688.0
MDG,50k-100k,2041.0,14.0,998627.0
MLI,100k-250k,2041.0,7.0,1083661.0
MLI,250k-500k,2041.0,4.0,1436361.0
MLI,5-10 millions,2041.0,1.0,6496878.0
MLI,500k-1 million,2041.0,1.0,549960.0
MLI,50k-100k,2041.0,22.0,1569444.0
MOZ,1-2.5 millions,2041.0,1.0,1133220.0
MOZ,100k-250k,2041.0,22.0,3331954.0
MOZ,2.5-5 millions,2041.0,1.0,4015771.0
MOZ,250k-500k,2041.0,4.0,1277674.0
MOZ,500k-1 million,2041.0,5.0,3236112.0
MOZ,50k-100k,2041.0,39.0,2864168.0
MRT,1-2.5 millions,2041.0,1.0,2250018.0
MRT,100k-250k,2041.0,2.0,264954.0
MRT,250k-500k,2041.0,1.0,273021.0
MRT,50k-100k,2041.0,6.0,427336.0
MUS,500k-1 million,2041.0,1.0,520975.0
MWI,1-2.5 millions,2041.0,2.0,2742231.0
MWI,100k-250k,2041.0,5.0,712791.0
MWI,250k-500k,2041.0,1.0,361271.0
MWI,50k-100k,2041.0,8.0,495708.0
NAM,100k-250k,2041.0,3.0,424989.0
NAM,500k-1 million,2041.0,1.0,518506.99999999994
NAM,50k-100k,2041.0,1.0,54472.0
NER,1-2.5 millions,2041.0,2.0,2699324.0
NER,100k-250k,2041.0,19.0,3009862.0
NER,250k-500k,2041.0,4.0,1540100.0
NER,500k-1 million,2041.0,1.0,954568.0
NER,50k-100k,2041.0,28.0,1928923.0
NGA,1-2.5 millions,2041.0,18.0,28365077.0
NGA,100k-250k,2041.0,226.0,34768886.0
NGA,2.5-5 millions,2041.0,2.0,7285339.0
NGA,250k-500k,2041.0,64.0,22648335.0
NGA,5-10 millions,2041.0,3.0,19256968.0
NGA,500k-1 million,2041.0,29.0,20133165.0
NGA,50k-100k,2041.0,312.0,21840345.0
NGA,>10 millions,2041.0,1.0,15141197.0
RWA,1-2.5 millions,2041.0,1.0,2011939.0
RWA,100k-250k,2041.0,7.0,1088229.0
RWA,500k-1 million,2041.0,1.0,557362.0
RWA,50k-100k,2041.0,11.0,723090.0
SDN,1-2.5 millions,2041.0,1.0,1176243.0
SDN,100k-250k,2041.0,63.0,9989640.0
SDN,250k-500k,2041.0,12.0,3817095.0
SDN,5-10 millions,2041.0,1.0,8598178.0
SDN,500k-1 million,2041.0,11.0,7704023.0
SDN,50k-100k,2041.0,44.0,3181996.0
SEN,1-2.5 millions,2041.0,1.0,1444037.0
SEN,100k-250k,2041.0,9.0,1134796.0
SEN,2.5-5 millions,2041.0,1.0,4890995.0
SEN,250k-500k,2041.0,6.0,1869519.0
SEN,500k-1 million,2041.0,3.0,2061178.0
SEN,50k-100k,2041.0,19.0,1371727.0
SLE,1-2.5 millions,2041.0,1.0,2428627.0
SLE,100k-250k,2041.0,6.0,888364.0
SLE,250k-500k,2041.0,2.0,712894.0
SLE,50k-100k,2041.0,7.0,455530.0
SOM,1-2.5 millions,2041.0,1.0,2199387.0
SOM,100k-250k,2041.0,29.0,4280670.0
SOM,250k-500k,2041.0,5.0,1852424.0
SOM,5-10 millions,2041.0,1.0,6228160.0
SOM,500k-1 million,2041.0,6.0,3371647.0
SOM,50k-100k,2041.0,28.0,1978838.0
SSA,1-2.5 millions,2041.0,59.0,91654982.0
SSA,100k-250k,2041.0,984.0,150404877.0
SSA,2.5-5 millions,2041.0,15.0,54879672.0
SSA,250k-500k,2041.0,289.0,97218969.0
SSA,5-10 millions,2041.0,18.0,122848755.0
SSA,500k-1 million,2041.0,127.0,84625244.0
SSA,50k-100k,2041.0,1423.0,101169202.0
SSA,>10 millions,2041.0,4.0,56080745.0
SSD,100k-250k,2041.0,12.0,1661356.0
SSD,250k-500k,2041.0,4.0,1259965.0
SSD,500k-1 million,2041.0,4.0,2502501.0
SSD,50k-100k,2041.0,12.0,798927.0
STP,100k-250k,2041.0,1.0,200202.0
SWZ,100k-250k,2041.0,1.0,118431.0
TCD,100k-250k,2041.0,21.0,3704941.0
TCD,2.5-5 millions,2041.0,1.0,2645670.0
TCD,250k-500k,2041.0,5.0,1587139.0
TCD,500k-1 million,2041.0,1.0,647906.0
TCD,50k-100k,2041.0,26.0,1826329.0
TGO,100k-250k,2041.0,8.0,1187867.0
TGO,2.5-5 millions,2041.0,1.0,2994674.0
TGO,250k-500k,2041.0,5.0,1427978.0
TGO,50k-100k,2041.0,12.0,926830.0
TZA,1-2.5 millions,2041.0,3.0,4230578.0
TZA,100k-250k,2041.0,23.0,3881052.0
TZA,250k-500k,2041.0,13.0,4241337.0
TZA,500k-1 million,2041.0,3.0,2066601.0
TZA,50k-100k,2041.0,51.0,3567522.0
TZA,>10 millions,2041.0,1.0,11189115.0
UGA,100k-250k,2041.0,17.0,2728762.0
UGA,250k-500k,2041.0,6.0,1992302.0
UGA,5-10 millions,2041.0,1.0,6894110.0
UGA,500k-1 million,2041.0,2.0,1648269.0
UGA,50k-100k,2041.0,21.0,1527741.0
ZAF,1-2.5 millions,2041.0,3.0,5290633.0
ZAF,100k-250k,2041.0,38.0,5774180.0
ZAF,2.5-5 millions,2041.0,1.0,3179150.0
ZAF,250k-500k,2041.0,15.0,4810508.0
ZAF,5-10 millions,2041.0,2.0,13973291.0
ZAF,500k-1 million,2041.0,5.0,3547556.0
ZAF,50k-100k,2041.0,50.0,3346688.0
ZMB,100k-250k,2041.0,15.0,2278180.0
ZMB,250k-500k,2041.0,8.0,2756335.0
ZMB,5-10 millions,2041.0,1.0,5395475.0
ZMB,500k-1 million,2041.0,2.0,1600172.0
ZMB,50k-100k,2041.0,17.0,1258892.0
ZWE,100k-250k,2041.0,9.0,1343097.0
ZWE,2.5-5 millions,2041.0,1.0,3005585.0
ZWE,250k-500k,2041.0,1.0,267493.0
ZWE,500k-1 million,2041.0,1.0,637450.0
ZWE,50k-100k,2041.0,10.0,717939.0
AFE,1-2.5 millions,2042.0,27.0,41297943.0
AFE,100k-250k,2042.0,584.0,89247700.0
AFE,2.5-5 millions,2042.0,6.0,21957842.0
AFE,250k-500k,2042.0,181.0,59312120.0
AFE,5-10 millions,2042.0,9.0,64477035.0
AFE,500k-1 million,2042.0,84.0,55225907.0
AFE,50k-100k,2042.0,760.0,54743566.0
AFE,>10 millions,2042.0,3.0,41554670.0
AFW,1-2.5 millions,2042.0,33.0,52725355.0
AFW,100k-250k,2042.0,419.0,63268639.0
AFW,2.5-5 millions,2042.0,8.0,28494869.0
AFW,250k-500k,2042.0,127.0,43587742.0
AFW,5-10 millions,2042.0,10.0,65220705.0
AFW,500k-1 million,2042.0,46.0,31897735.0
AFW,50k-100k,2042.0,622.0,44681144.0
AFW,>10 millions,2042.0,1.0,15260811.0
AGO,1-2.5 millions,2042.0,4.0,6929858.0
AGO,100k-250k,2042.0,32.0,4879113.0
AGO,250k-500k,2042.0,7.0,2430254.0
AGO,500k-1 million,2042.0,11.0,7507138.0
AGO,50k-100k,2042.0,33.0,2436862.0
AGO,>10 millions,2042.0,1.0,17493872.0
BDI,1-2.5 millions,2042.0,1.0,1738792.0
BDI,100k-250k,2042.0,5.0,705886.0
BDI,250k-500k,2042.0,4.0,1116043.0
BDI,50k-100k,2042.0,17.0,1211635.0
BEN,1-2.5 millions,2042.0,1.0,1092274.0
BEN,100k-250k,2042.0,14.0,2098648.0
BEN,2.5-5 millions,2042.0,1.0,3169585.0
BEN,250k-500k,2042.0,1.0,402430.0
BEN,500k-1 million,2042.0,1.0,622125.0
BEN,50k-100k,2042.0,22.0,1702347.0
BFA,1-2.5 millions,2042.0,1.0,1377106.0
BFA,100k-250k,2042.0,8.0,1234505.0
BFA,2.5-5 millions,2042.0,1.0,4085630.0
BFA,250k-500k,2042.0,1.0,267779.0
BFA,50k-100k,2042.0,26.0,1897839.0
BWA,100k-250k,2042.0,3.0,348035.0
BWA,250k-500k,2042.0,1.0,318763.0
BWA,50k-100k,2042.0,3.0,182700.0
CAF,1-2.5 millions,2042.0,1.0,1479625.0
CAF,100k-250k,2042.0,1.0,116158.0
CAF,50k-100k,2042.0,10.0,771338.0
CIV,100k-250k,2042.0,20.0,2948410.0
CIV,250k-500k,2042.0,8.0,2935935.0
CIV,5-10 millions,2042.0,1.0,8744432.0
CIV,500k-1 million,2042.0,1.0,888629.0
CIV,50k-100k,2042.0,33.0,2447134.0
CMR,100k-250k,2042.0,19.0,2945064.0
CMR,250k-500k,2042.0,12.0,4252318.0
CMR,5-10 millions,2042.0,2.0,13270099.0
CMR,500k-1 million,2042.0,3.0,2072703.0
CMR,50k-100k,2042.0,34.0,2423298.0
COD,1-2.5 millions,2042.0,8.0,10845563.0
COD,100k-250k,2042.0,116.0,17810145.0
COD,2.5-5 millions,2042.0,3.0,11674045.0
COD,250k-500k,2042.0,45.0,15190164.0
COD,500k-1 million,2042.0,14.0,8860287.0
COD,50k-100k,2042.0,144.0,10702572.0
COD,>10 millions,2042.0,1.0,12659351.0
COG,1-2.5 millions,2042.0,1.0,2446726.0
COG,100k-250k,2042.0,2.0,318406.0
COG,5-10 millions,2042.0,1.0,5071841.0
COG,50k-100k,2042.0,2.0,114846.0
COM,100k-250k,2042.0,1.0,247441.0
COM,250k-500k,2042.0,1.0,327833.0
CPV,100k-250k,2042.0,1.0,145385.0
CPV,50k-100k,2042.0,1.0,76560.0
ERI,100k-250k,2042.0,4.0,586490.0
ERI,250k-500k,2042.0,2.0,607870.0
ERI,500k-1 million,2042.0,1.0,508440.0
ERI,50k-100k,2042.0,6.0,422141.0
ETH,100k-250k,2042.0,147.0,22160797.0
ETH,250k-500k,2042.0,31.0,10174114.0
ETH,5-10 millions,2042.0,1.0,9598565.0
ETH,500k-1 million,2042.0,12.0,7940986.0
ETH,50k-100k,2042.0,220.0,15782073.0
GAB,1-2.5 millions,2042.0,1.0,1091298.0
GAB,100k-250k,2042.0,4.0,577877.0
GAB,250k-500k,2042.0,1.0,472837.0
GAB,50k-100k,2042.0,2.0,126919.0
GHA,1-2.5 millions,2042.0,1.0,1470774.0
GHA,100k-250k,2042.0,34.0,4790660.0
GHA,250k-500k,2042.0,5.0,1649278.0
GHA,5-10 millions,2042.0,2.0,11938263.0
GHA,500k-1 million,2042.0,1.0,757184.0
GHA,50k-100k,2042.0,42.0,2958748.0
GIN,100k-250k,2042.0,8.0,1013528.0
GIN,2.5-5 millions,2042.0,1.0,3226133.0
GIN,250k-500k,2042.0,3.0,843450.0
GIN,500k-1 million,2042.0,2.0,1102688.0
GIN,50k-100k,2042.0,19.0,1421554.0
GMB,1-2.5 millions,2042.0,1.0,1431778.0
GMB,100k-250k,2042.0,1.0,102078.0
GMB,250k-500k,2042.0,1.0,259273.00000000003
GMB,50k-100k,2042.0,2.0,152062.0
GNB,100k-250k,2042.0,1.0,115291.0
GNB,500k-1 million,2042.0,1.0,732826.0
GNB,50k-100k,2042.0,1.0,96564.0
GNQ,1-2.5 millions,2042.0,2.0,2346579.0
KEN,1-2.5 millions,2042.0,1.0,1719819.0
KEN,100k-250k,2042.0,24.0,4062837.0
KEN,250k-500k,2042.0,7.0,2170401.0
KEN,5-10 millions,2042.0,1.0,7846699.0
KEN,500k-1 million,2042.0,4.0,2498735.0
KEN,50k-100k,2042.0,38.0,2676680.0
LBR,1-2.5 millions,2042.0,1.0,2314634.0
LBR,100k-250k,2042.0,5.0,566331.0
LBR,50k-100k,2042.0,5.0,383658.0
LSO,250k-500k,2042.0,1.0,320531.0
MDG,100k-250k,2042.0,9.0,1347008.0
MDG,250k-500k,2042.0,4.0,1302672.0
MDG,5-10 millions,2042.0,1.0,5375847.0
MDG,500k-1 million,2042.0,1.0,518501.0
MDG,50k-100k,2042.0,14.0,1030715.9999999999
MLI,100k-250k,2042.0,8.0,1209184.0
MLI,250k-500k,2042.0,4.0,1459020.0
MLI,5-10 millions,2042.0,1.0,6622817.0
MLI,500k-1 million,2042.0,1.0,559732.0
MLI,50k-100k,2042.0,21.0,1503236.0
MOZ,1-2.5 millions,2042.0,1.0,1144636.0
MOZ,100k-250k,2042.0,25.0,3559427.0
MOZ,2.5-5 millions,2042.0,1.0,4048690.0
MOZ,250k-500k,2042.0,5.0,1552475.0
MOZ,500k-1 million,2042.0,5.0,3297557.0
MOZ,50k-100k,2042.0,35.0,2521194.0
MRT,1-2.5 millions,2042.0,1.0,2291717.0
MRT,100k-250k,2042.0,2.0,270289.0
MRT,250k-500k,2042.0,1.0,279352.0
MRT,50k-100k,2042.0,6.0,437648.0
MUS,500k-1 million,2042.0,1.0,518327.0
MWI,1-2.5 millions,2042.0,2.0,2783562.0
MWI,100k-250k,2042.0,4.0,479554.0
MWI,250k-500k,2042.0,2.0,622938.0
MWI,50k-100k,2042.0,8.0,508244.0
NAM,100k-250k,2042.0,3.0,437963.0
NAM,500k-1 million,2042.0,1.0,522775.0
NAM,50k-100k,2042.0,1.0,54822.0
NER,1-2.5 millions,2042.0,2.0,2727290.0
NER,100k-250k,2042.0,18.0,2811598.0
NER,250k-500k,2042.0,5.0,1818047.0
NER,500k-1 million,2042.0,1.0,973591.0
NER,50k-100k,2042.0,28.0,1973130.0
NGA,1-2.5 millions,2042.0,18.0,28742228.0
NGA,100k-250k,2042.0,228.0,35157946.0
NGA,2.5-5 millions,2042.0,2.0,7352001.0
NGA,250k-500k,2042.0,65.0,22765189.0
NGA,5-10 millions,2042.0,3.0,19573253.0
NGA,500k-1 million,2042.0,31.0,21432263.0
NGA,50k-100k,2042.0,307.0,21810321.0
NGA,>10 millions,2042.0,1.0,15260811.0
RWA,1-2.5 millions,2042.0,1.0,2047699.0
RWA,100k-250k,2042.0,7.0,1131678.0
RWA,500k-1 million,2042.0,1.0,579746.0
RWA,50k-100k,2042.0,11.0,763449.0
SDN,1-2.5 millions,2042.0,2.0,2194204.0
SDN,100k-250k,2042.0,60.0,9287726.0
SDN,250k-500k,2042.0,16.0,4894702.0
SDN,5-10 millions,2042.0,1.0,8686876.0
SDN,500k-1 million,2042.0,10.0,6818745.0
SDN,50k-100k,2042.0,43.0,3147605.0
SEN,1-2.5 millions,2042.0,1.0,1457873.0
SEN,100k-250k,2042.0,10.0,1255516.0
SEN,2.5-5 millions,2042.0,1.0,4944405.0
SEN,250k-500k,2042.0,6.0,1896583.0
SEN,500k-1 million,2042.0,3.0,2096958.0
SEN,50k-100k,2042.0,18.0,1304886.0
SLE,1-2.5 millions,2042.0,1.0,2455453.0
SLE,100k-250k,2042.0,6.0,903575.0
SLE,250k-500k,2042.0,2.0,720112.0
SLE,50k-100k,2042.0,7.0,461880.0
SOM,1-2.5 millions,2042.0,1.0,2232357.0
SOM,100k-250k,2042.0,28.0,4120924.0
SOM,250k-500k,2042.0,6.0,2150815.0
SOM,5-10 millions,2042.0,1.0,6329320.0
SOM,500k-1 million,2042.0,6.0,3439892.0
SOM,50k-100k,2042.0,28.0,2021204.0
SSA,1-2.5 millions,2042.0,60.0,94023298.0
SSA,100k-250k,2042.0,1003.0,152516339.0
SSA,2.5-5 millions,2042.0,14.0,50452711.0
SSA,250k-500k,2042.0,308.0,102899862.0
SSA,5-10 millions,2042.0,19.0,129697740.0
SSA,500k-1 million,2042.0,130.0,87123642.0
SSA,50k-100k,2042.0,1382.0,99424710.0
SSA,>10 millions,2042.0,4.0,56815481.0
SSD,100k-250k,2042.0,12.0,1685816.0
SSD,250k-500k,2042.0,4.0,1287744.0
SSD,500k-1 million,2042.0,4.0,2549160.0
SSD,50k-100k,2042.0,12.0,817144.0
STP,100k-250k,2042.0,1.0,203937.0
SWZ,100k-250k,2042.0,1.0,120735.0
TCD,100k-250k,2042.0,20.0,3376513.0
TCD,2.5-5 millions,2042.0,1.0,2692371.0
TCD,250k-500k,2042.0,7.0,2115282.0
TCD,500k-1 million,2042.0,1.0,659036.0
TCD,50k-100k,2042.0,25.0,1770717.0
TGO,100k-250k,2042.0,9.0,1311677.0
TGO,2.5-5 millions,2042.0,1.0,3024744.0
TGO,250k-500k,2042.0,5.0,1450857.0
TGO,50k-100k,2042.0,11.0,846459.0
TZA,1-2.5 millions,2042.0,3.0,4326053.0
TZA,100k-250k,2042.0,23.0,3864490.0
TZA,250k-500k,2042.0,14.0,4590314.0
TZA,500k-1 million,2042.0,3.0,2114030.0
TZA,50k-100k,2042.0,50.0,3583280.0
TZA,>10 millions,2042.0,1.0,11401447.0
UGA,100k-250k,2042.0,18.0,2923952.0
UGA,250k-500k,2042.0,6.0,2056121.9999999998
UGA,5-10 millions,2042.0,1.0,7013147.0
UGA,500k-1 million,2042.0,2.0,1711369.0
UGA,50k-100k,2042.0,20.0,1477907.0
ZAF,1-2.5 millions,2042.0,3.0,5335400.0
ZAF,100k-250k,2042.0,37.0,5588725.0
ZAF,2.5-5 millions,2042.0,1.0,3177487.0
ZAF,250k-500k,2042.0,16.0,5113787.0
ZAF,5-10 millions,2042.0,2.0,14095757.0
ZAF,500k-1 million,2042.0,5.0,3578498.0
ZAF,50k-100k,2042.0,50.0,3380096.0
ZMB,100k-250k,2042.0,15.0,2324043.0
ZMB,250k-500k,2042.0,8.0,2813298.0
ZMB,5-10 millions,2042.0,1.0,5530824.0
ZMB,500k-1 million,2042.0,2.0,1617088.0
ZMB,50k-100k,2042.0,17.0,1293743.0
ZWE,100k-250k,2042.0,9.0,1370978.0
ZWE,2.5-5 millions,2042.0,1.0,3057620.0
ZWE,250k-500k,2042.0,1.0,271280.0
ZWE,500k-1 million,2042.0,1.0,644633.0
ZWE,50k-100k,2042.0,10.0,729499.0
AFE,1-2.5 millions,2043.0,27.0,42005200.0
AFE,100k-250k,2043.0,590.0,90068107.0
AFE,2.5-5 millions,2043.0,6.0,22225775.0
AFE,250k-500k,2043.0,190.0,61608735.0
AFE,5-10 millions,2043.0,9.0,65354115.0
AFE,500k-1 million,2043.0,88.0,57768593.0
AFE,50k-100k,2043.0,740.0,54035862.0
AFE,>10 millions,2043.0,3.0,42169792.0
AFW,1-2.5 millions,2043.0,33.0,53410332.0
AFW,100k-250k,2043.0,431.0,64916615.0
AFW,2.5-5 millions,2043.0,8.0,28791997.0
AFW,250k-500k,2043.0,128.0,43537211.0
AFW,5-10 millions,2043.0,10.0,66200591.0
AFW,500k-1 million,2043.0,50.0,34391015.0
AFW,50k-100k,2043.0,605.0,43897534.0
AFW,>10 millions,2043.0,1.0,15380426.0
AGO,1-2.5 millions,2043.0,4.0,7096265.0
AGO,100k-250k,2043.0,32.0,4719259.0
AGO,250k-500k,2043.0,7.0,1997310.0
AGO,500k-1 million,2043.0,13.0,8670863.0
AGO,50k-100k,2043.0,31.0,2304220.0
AGO,>10 millions,2043.0,1.0,17837157.0
BDI,1-2.5 millions,2043.0,1.0,1760128.0
BDI,100k-250k,2043.0,6.0,846619.0
BDI,250k-500k,2043.0,4.0,1164927.0
BDI,50k-100k,2043.0,16.0,1156193.0
BEN,1-2.5 millions,2043.0,1.0,1103770.0
BEN,100k-250k,2043.0,15.0,2243121.0
BEN,2.5-5 millions,2043.0,1.0,3204996.0
BEN,250k-500k,2043.0,1.0,409379.0
BEN,500k-1 million,2043.0,1.0,634493.0
BEN,50k-100k,2043.0,21.0,1637195.0
BFA,1-2.5 millions,2043.0,1.0,1388001.0
BFA,100k-250k,2043.0,8.0,1249578.0
BFA,2.5-5 millions,2043.0,1.0,4125555.9999999995
BFA,250k-500k,2043.0,1.0,272525.0
BFA,50k-100k,2043.0,26.0,1926983.0
BWA,100k-250k,2043.0,3.0,351732.0
BWA,250k-500k,2043.0,1.0,322168.0
BWA,50k-100k,2043.0,3.0,183995.0
CAF,1-2.5 millions,2043.0,1.0,1496697.0
CAF,100k-250k,2043.0,2.0,219154.0
CAF,50k-100k,2043.0,9.0,682524.0
CIV,100k-250k,2043.0,20.0,3004665.0
CIV,250k-500k,2043.0,7.0,2483422.0
CIV,5-10 millions,2043.0,1.0,8871715.0
CIV,500k-1 million,2043.0,2.0,1402743.0
CIV,50k-100k,2043.0,33.0,2498089.0
CMR,100k-250k,2043.0,19.0,3018692.0
CMR,250k-500k,2043.0,12.0,4333566.0
CMR,5-10 millions,2043.0,2.0,13496739.0
CMR,500k-1 million,2043.0,3.0,2103288.0
CMR,50k-100k,2043.0,34.0,2479182.0
COD,1-2.5 millions,2043.0,8.0,11048688.0
COD,100k-250k,2043.0,119.0,17999197.0
COD,2.5-5 millions,2043.0,3.0,11858687.0
COD,250k-500k,2043.0,48.0,16036965.0
COD,500k-1 million,2043.0,15.0,9539938.0
COD,50k-100k,2043.0,137.0,10278619.0
COD,>10 millions,2043.0,1.0,12718856.0
COG,1-2.5 millions,2043.0,1.0,2495014.0
COG,100k-250k,2043.0,2.0,327633.0
COG,5-10 millions,2043.0,1.0,5151661.0
COG,50k-100k,2043.0,2.0,118872.0
COM,250k-500k,2043.0,2.0,583157.0
CPV,100k-250k,2043.0,1.0,145828.0
CPV,50k-100k,2043.0,1.0,76690.0
ERI,100k-250k,2043.0,4.0,596044.0
ERI,250k-500k,2043.0,2.0,614407.0
ERI,500k-1 million,2043.0,1.0,516928.0
ERI,50k-100k,2043.0,6.0,428268.0
ETH,100k-250k,2043.0,148.0,22304376.0
ETH,250k-500k,2043.0,35.0,11427854.0
ETH,5-10 millions,2043.0,1.0,9748320.0
ETH,500k-1 million,2043.0,12.0,8122493.0
ETH,50k-100k,2043.0,215.0,15636503.0
GAB,1-2.5 millions,2043.0,1.0,1101326.0
GAB,100k-250k,2043.0,4.0,589573.0
GAB,250k-500k,2043.0,1.0,485779.0
GAB,50k-100k,2043.0,2.0,131604.0
GHA,1-2.5 millions,2043.0,1.0,1492004.0
GHA,100k-250k,2043.0,34.0,4879114.0
GHA,250k-500k,2043.0,5.0,1673698.0
GHA,5-10 millions,2043.0,2.0,12042181.0
GHA,500k-1 million,2043.0,1.0,762739.0
GHA,50k-100k,2043.0,42.0,3016454.0
GIN,100k-250k,2043.0,9.0,1131015.0
GIN,2.5-5 millions,2043.0,1.0,3251079.0
GIN,250k-500k,2043.0,3.0,851521.0
GIN,500k-1 million,2043.0,2.0,1129446.0
GIN,50k-100k,2043.0,18.0,1347560.0
GMB,1-2.5 millions,2043.0,1.0,1444811.0
GMB,100k-250k,2043.0,1.0,103972.0
GMB,250k-500k,2043.0,1.0,265878.0
GMB,50k-100k,2043.0,2.0,154716.0
GNB,100k-250k,2043.0,1.0,117304.0
GNB,500k-1 million,2043.0,1.0,738734.0
GNB,50k-100k,2043.0,1.0,98753.0
GNQ,1-2.5 millions,2043.0,2.0,2389319.0
KEN,1-2.5 millions,2043.0,1.0,1732608.0
KEN,100k-250k,2043.0,23.0,3935768.0
KEN,250k-500k,2043.0,8.0,2472469.0
KEN,5-10 millions,2043.0,1.0,7926757.0
KEN,500k-1 million,2043.0,4.0,2538970.0
KEN,50k-100k,2043.0,38.0,2729901.0
LBR,1-2.5 millions,2043.0,1.0,2337353.0
LBR,100k-250k,2043.0,5.0,576744.0
LBR,50k-100k,2043.0,5.0,390871.0
LSO,250k-500k,2043.0,1.0,321808.0
MDG,100k-250k,2043.0,9.0,1377928.0
MDG,250k-500k,2043.0,4.0,1335001.0
MDG,5-10 millions,2043.0,1.0,5456404.0
MDG,500k-1 million,2043.0,1.0,529314.0
MDG,50k-100k,2043.0,14.0,1062804.0
MLI,100k-250k,2043.0,8.0,1236549.0
MLI,250k-500k,2043.0,4.0,1481679.0
MLI,5-10 millions,2043.0,1.0,6748756.0
MLI,500k-1 million,2043.0,1.0,569504.0
MLI,50k-100k,2043.0,21.0,1535186.0
MOZ,1-2.5 millions,2043.0,1.0,1156052.0
MOZ,100k-250k,2043.0,24.0,3387822.0
MOZ,2.5-5 millions,2043.0,1.0,4081608.0
MOZ,250k-500k,2043.0,6.0,1833120.0
MOZ,500k-1 million,2043.0,5.0,3359002.0
MOZ,50k-100k,2043.0,35.0,2571453.0
MRT,1-2.5 millions,2043.0,1.0,2333416.0
MRT,100k-250k,2043.0,2.0,275625.0
MRT,250k-500k,2043.0,1.0,285684.0
MRT,50k-100k,2043.0,6.0,447959.0
MUS,500k-1 million,2043.0,1.0,515678.0
MWI,1-2.5 millions,2043.0,2.0,2824893.0
MWI,100k-250k,2043.0,4.0,492964.0
MWI,250k-500k,2043.0,2.0,637958.0
MWI,50k-100k,2043.0,8.0,520780.0
NAM,100k-250k,2043.0,3.0,450938.0
NAM,500k-1 million,2043.0,1.0,527043.0
NAM,50k-100k,2043.0,1.0,55171.0
NER,1-2.5 millions,2043.0,2.0,2755255.0
NER,100k-250k,2043.0,17.0,2608414.0
NER,250k-500k,2043.0,5.0,1592924.0
NER,500k-1 million,2043.0,2.0,1500604.0
NER,50k-100k,2043.0,28.0,2017338.0
NGA,1-2.5 millions,2043.0,18.0,29119378.0
NGA,100k-250k,2043.0,237.0,36114833.0
NGA,2.5-5 millions,2043.0,2.0,7418663.0
NGA,250k-500k,2043.0,67.0,23127149.0
NGA,5-10 millions,2043.0,3.0,19889539.0
NGA,500k-1 million,2043.0,33.0,22746561.0
NGA,50k-100k,2043.0,294.0,20952164.0
NGA,>10 millions,2043.0,1.0,15380426.0
RWA,1-2.5 millions,2043.0,1.0,2083458.9999999998
RWA,100k-250k,2043.0,7.0,1175127.0
RWA,500k-1 million,2043.0,1.0,602130.0
RWA,50k-100k,2043.0,11.0,803808.0
SDN,1-2.5 millions,2043.0,2.0,2236085.0
SDN,100k-250k,2043.0,60.0,9328159.0
SDN,250k-500k,2043.0,17.0,5231641.0
SDN,5-10 millions,2043.0,1.0,8775574.0
SDN,500k-1 million,2043.0,10.0,6909547.0
SDN,50k-100k,2043.0,42.0,3111534.0
SEN,1-2.5 millions,2043.0,1.0,1471709.0
SEN,100k-250k,2043.0,10.0,1277279.0
SEN,2.5-5 millions,2043.0,1.0,4997816.0
SEN,250k-500k,2043.0,6.0,1923648.0
SEN,500k-1 million,2043.0,3.0,2132737.0
SEN,50k-100k,2043.0,18.0,1337001.0
SLE,1-2.5 millions,2043.0,1.0,2482279.0
SLE,100k-250k,2043.0,6.0,918787.0
SLE,250k-500k,2043.0,2.0,727330.0
SLE,50k-100k,2043.0,7.0,468229.0
SOM,1-2.5 millions,2043.0,1.0,2265328.0
SOM,100k-250k,2043.0,30.0,4410224.0
SOM,250k-500k,2043.0,5.0,1693757.0
SOM,5-10 millions,2043.0,1.0,6430480.0
SOM,500k-1 million,2043.0,7.0,4015613.0
SOM,50k-100k,2043.0,26.0,1862495.0
SSA,1-2.5 millions,2043.0,60.0,95415532.0
SSA,100k-250k,2043.0,1021.0,154984722.0
SSA,2.5-5 millions,2043.0,14.0,51017772.0
SSA,250k-500k,2043.0,318.0,105145946.0
SSA,5-10 millions,2043.0,19.0,131554706.0
SSA,500k-1 million,2043.0,138.0,92159608.0
SSA,50k-100k,2043.0,1345.0,97933396.0
SSA,>10 millions,2043.0,4.0,57550218.0
SSD,100k-250k,2043.0,12.0,1710275.0
SSD,250k-500k,2043.0,4.0,1315522.0
SSD,500k-1 million,2043.0,4.0,2595820.0
SSD,50k-100k,2043.0,12.0,835361.0
STP,100k-250k,2043.0,1.0,207672.0
SWZ,100k-250k,2043.0,1.0,123040.0
TCD,100k-250k,2043.0,21.0,3542842.0
TCD,2.5-5 millions,2043.0,1.0,2739073.0
TCD,250k-500k,2043.0,7.0,2149293.0
TCD,500k-1 million,2043.0,1.0,670166.0
TCD,50k-100k,2043.0,24.0,1714481.0
TGO,100k-250k,2043.0,9.0,1335893.0
TGO,2.5-5 millions,2043.0,1.0,3054814.0
TGO,250k-500k,2043.0,5.0,1473736.0
TGO,50k-100k,2043.0,11.0,865683.0
TZA,1-2.5 millions,2043.0,3.0,4421528.0
TZA,100k-250k,2043.0,24.0,4100497.0000000005
TZA,250k-500k,2043.0,13.0,4187692.0
TZA,500k-1 million,2043.0,4.0,2666066.0
TZA,50k-100k,2043.0,49.0,3593460.0
TZA,>10 millions,2043.0,1.0,11613779.0
UGA,100k-250k,2043.0,19.0,3129072.0
UGA,250k-500k,2043.0,6.0,2119942.0
UGA,5-10 millions,2043.0,1.0,7132185.0
UGA,500k-1 million,2043.0,1.0,763925.0
UGA,50k-100k,2043.0,19.0,1418142.0
ZAF,1-2.5 millions,2043.0,3.0,5380166.0
ZAF,100k-250k,2043.0,37.0,5652628.0
ZAF,2.5-5 millions,2043.0,1.0,3175824.0
ZAF,250k-500k,2043.0,16.0,5167708.0
ZAF,5-10 millions,2043.0,2.0,14218222.0
ZAF,500k-1 million,2043.0,5.0,3609441.0
ZAF,50k-100k,2043.0,50.0,3413503.0
ZMB,100k-250k,2043.0,15.0,2369906.0
ZMB,250k-500k,2043.0,8.0,2870261.0
ZMB,5-10 millions,2043.0,1.0,5666173.0
ZMB,500k-1 million,2043.0,2.0,1634005.0
ZMB,50k-100k,2043.0,17.0,1328594.0
ZWE,100k-250k,2043.0,9.0,1398860.0
ZWE,2.5-5 millions,2043.0,1.0,3109656.0
ZWE,250k-500k,2043.0,1.0,275068.0
ZWE,500k-1 million,2043.0,1.0,651817.0
ZWE,50k-100k,2043.0,10.0,741058.0
AFE,1-2.5 millions,2044.0,28.0,43759564.0
AFE,100k-250k,2044.0,613.0,93771397.0
AFE,2.5-5 millions,2044.0,6.0,22493709.0
AFE,250k-500k,2044.0,190.0,61728654.0
AFE,5-10 millions,2044.0,9.0,66231193.0
AFE,500k-1 million,2044.0,93.0,61329687.0
AFE,50k-100k,2044.0,711.0,52326121.0
AFE,>10 millions,2044.0,3.0,42784914.0
AFW,1-2.5 millions,2044.0,32.0,50054543.0
AFW,100k-250k,2044.0,442.0,66492928.0
AFW,2.5-5 millions,2044.0,8.0,26581196.0
AFW,250k-500k,2044.0,132.0,45000911.0
AFW,5-10 millions,2044.0,11.0,72231704.0
AFW,500k-1 million,2044.0,50.0,34392505.0
AFW,50k-100k,2044.0,589.0,43151505.0
AFW,>10 millions,2044.0,1.0,15500040.0
AGO,1-2.5 millions,2044.0,4.0,7262671.0
AGO,100k-250k,2044.0,33.0,4952564.0
AGO,250k-500k,2044.0,7.0,2067411.0
AGO,500k-1 million,2044.0,13.0,8844868.0
AGO,50k-100k,2044.0,30.0,2265094.0
AGO,>10 millions,2044.0,1.0,18180441.0
BDI,1-2.5 millions,2044.0,1.0,1781464.0
BDI,100k-250k,2044.0,9.0,1203989.0
BDI,250k-500k,2044.0,4.0,1213810.0
BDI,50k-100k,2044.0,13.0,884114.0
BEN,1-2.5 millions,2044.0,1.0,1115265.0
BEN,100k-250k,2044.0,15.0,2288427.0
BEN,2.5-5 millions,2044.0,1.0,3240407.0
BEN,250k-500k,2044.0,1.0,416327.0
BEN,500k-1 million,2044.0,1.0,646861.0
BEN,50k-100k,2044.0,21.0,1671209.0
BFA,1-2.5 millions,2044.0,1.0,1398896.0
BFA,100k-250k,2044.0,9.0,1365139.0
BFA,2.5-5 millions,2044.0,1.0,4165481.0
BFA,250k-500k,2044.0,1.0,277272.0
BFA,50k-100k,2044.0,25.0,1855639.0
BWA,100k-250k,2044.0,3.0,355429.0
BWA,250k-500k,2044.0,1.0,325574.0
BWA,50k-100k,2044.0,3.0,185291.0
CAF,1-2.5 millions,2044.0,1.0,1513770.0
CAF,100k-250k,2044.0,2.0,222257.0
CAF,50k-100k,2044.0,9.0,693604.0
CIV,100k-250k,2044.0,21.0,3161180.0
CIV,250k-500k,2044.0,7.0,2527382.0
CIV,5-10 millions,2044.0,1.0,8998998.0
CIV,500k-1 million,2044.0,2.0,1420385.0
CIV,50k-100k,2044.0,32.0,2448785.0
CMR,100k-250k,2044.0,20.0,3193467.0
CMR,250k-500k,2044.0,12.0,4414814.0
CMR,5-10 millions,2044.0,2.0,13723379.0
CMR,500k-1 million,2044.0,3.0,2133872.0
CMR,50k-100k,2044.0,33.0,2433918.0
COD,1-2.5 millions,2044.0,8.0,11251814.0
COD,100k-250k,2044.0,128.0,19399052.0
COD,2.5-5 millions,2044.0,3.0,12043330.0
COD,250k-500k,2044.0,46.0,15386147.0
COD,500k-1 million,2044.0,17.0,10728804.0
COD,50k-100k,2044.0,128.0,9632268.0
COD,>10 millions,2044.0,1.0,12778361.0
COG,100k-250k,2044.0,2.0,336860.0
COG,2.5-5 millions,2044.0,1.0,2543302.0
COG,5-10 millions,2044.0,1.0,5231482.0
COG,50k-100k,2044.0,2.0,122898.0
COM,250k-500k,2044.0,2.0,591040.0
CPV,100k-250k,2044.0,1.0,146271.0
CPV,50k-100k,2044.0,1.0,76819.0
ERI,100k-250k,2044.0,5.0,706755.0
ERI,250k-500k,2044.0,2.0,620944.0
ERI,500k-1 million,2044.0,1.0,525417.0
ERI,50k-100k,2044.0,5.0,333238.0
ETH,100k-250k,2044.0,150.0,22964964.0
ETH,250k-500k,2044.0,36.0,11976609.0
ETH,5-10 millions,2044.0,1.0,9898074.0
ETH,500k-1 million,2044.0,12.0,8304001.0
ETH,50k-100k,2044.0,212.0,15678908.0
GAB,1-2.5 millions,2044.0,1.0,1111355.0
GAB,100k-250k,2044.0,4.0,601269.0
GAB,250k-500k,2044.0,1.0,498722.0
GAB,50k-100k,2044.0,2.0,136288.0
GHA,1-2.5 millions,2044.0,1.0,1513234.0
GHA,100k-250k,2044.0,34.0,4967569.0
GHA,250k-500k,2044.0,5.0,1698118.0
GHA,5-10 millions,2044.0,2.0,12146099.0
GHA,500k-1 million,2044.0,1.0,768294.0
GHA,50k-100k,2044.0,42.0,3074160.0
GIN,100k-250k,2044.0,11.0,1350265.0
GIN,2.5-5 millions,2044.0,1.0,3276024.0
GIN,250k-500k,2044.0,3.0,859592.0
GIN,500k-1 million,2044.0,2.0,1156203.0
GIN,50k-100k,2044.0,16.0,1171802.0
GMB,1-2.5 millions,2044.0,1.0,1457845.0
GMB,100k-250k,2044.0,1.0,105867.0
GMB,250k-500k,2044.0,1.0,272483.0
GMB,50k-100k,2044.0,2.0,157370.0
GNB,100k-250k,2044.0,2.0,220260.0
GNB,500k-1 million,2044.0,1.0,744641.0
GNQ,1-2.5 millions,2044.0,2.0,2432058.0
KEN,1-2.5 millions,2044.0,1.0,1745397.0
KEN,100k-250k,2044.0,24.0,4144126.0
KEN,250k-500k,2044.0,8.0,2540963.0
KEN,5-10 millions,2044.0,1.0,8006814.0
KEN,500k-1 million,2044.0,4.0,2579206.0
KEN,50k-100k,2044.0,37.0,2681271.0
LBR,1-2.5 millions,2044.0,1.0,2360073.0
LBR,100k-250k,2044.0,5.0,587158.0
LBR,50k-100k,2044.0,5.0,398084.0
LSO,250k-500k,2044.0,1.0,323086.0
MDG,100k-250k,2044.0,9.0,1255952.0
MDG,250k-500k,2044.0,4.0,1118948.0
MDG,5-10 millions,2044.0,1.0,5536962.0
MDG,500k-1 million,2044.0,2.0,1042528.0
MDG,50k-100k,2044.0,13.0,993771.0
MLI,100k-250k,2044.0,9.0,1364451.0
MLI,250k-500k,2044.0,4.0,1504338.0
MLI,5-10 millions,2044.0,1.0,6874695.0
MLI,500k-1 million,2044.0,1.0,579276.0
MLI,50k-100k,2044.0,20.0,1466598.0
MOZ,1-2.5 millions,2044.0,1.0,1167468.0
MOZ,100k-250k,2044.0,25.0,3407644.0
MOZ,2.5-5 millions,2044.0,1.0,4114527.0
MOZ,250k-500k,2044.0,7.0,2124291.0
MOZ,500k-1 million,2044.0,5.0,3420447.0
MOZ,50k-100k,2044.0,33.0,2419759.0
MRT,1-2.5 millions,2044.0,1.0,2375115.0
MRT,100k-250k,2044.0,2.0,280960.0
MRT,250k-500k,2044.0,1.0,292015.0
MRT,50k-100k,2044.0,6.0,458271.0
MUS,500k-1 million,2044.0,1.0,513029.0
MWI,1-2.5 millions,2044.0,2.0,2866224.0
MWI,100k-250k,2044.0,4.0,506374.0
MWI,250k-500k,2044.0,2.0,652978.0
MWI,50k-100k,2044.0,8.0,533316.0
NAM,100k-250k,2044.0,3.0,463912.0
NAM,500k-1 million,2044.0,1.0,531311.0
NAM,50k-100k,2044.0,1.0,55521.0
NER,1-2.5 millions,2044.0,3.0,3794858.0
NER,100k-250k,2044.0,19.0,2850426.0
NER,250k-500k,2044.0,4.0,1116952.0
NER,500k-1 million,2044.0,2.0,1022173.0
NER,50k-100k,2044.0,26.0,1861006.0
NGA,1-2.5 millions,2044.0,18.0,29496529.0
NGA,100k-250k,2044.0,239.0,36543679.0
NGA,2.5-5 millions,2044.0,2.0,7485325.0
NGA,250k-500k,2044.0,70.0,24249659.0
NGA,5-10 millions,2044.0,3.0,20205824.0
NGA,500k-1 million,2044.0,33.0,23070986.0
NGA,50k-100k,2044.0,289.0,20851371.0
NGA,>10 millions,2044.0,1.0,15500040.0
RWA,1-2.5 millions,2044.0,1.0,2119218.0
RWA,100k-250k,2044.0,7.0,1072642.0
RWA,500k-1 million,2044.0,1.0,624514.0
RWA,50k-100k,2044.0,10.0,738670.0
SDN,1-2.5 millions,2044.0,2.0,2277966.0
SDN,100k-250k,2044.0,60.0,9365392.0
SDN,250k-500k,2044.0,18.0,5574065.0
SDN,5-10 millions,2044.0,1.0,8864272.0
SDN,500k-1 million,2044.0,10.0,7000349.0
SDN,50k-100k,2044.0,41.0,3073179.0
SEN,1-2.5 millions,2044.0,1.0,1485545.0
SEN,100k-250k,2044.0,11.0,1407623.0
SEN,250k-500k,2044.0,6.0,1950713.0
SEN,5-10 millions,2044.0,1.0,5051227.0
SEN,500k-1 million,2044.0,3.0,2168517.0
SEN,50k-100k,2044.0,17.0,1260536.0
SLE,100k-250k,2044.0,6.0,933998.0
SLE,250k-500k,2044.0,2.0,734548.0
SLE,50k-100k,2044.0,7.0,474578.0
SOM,1-2.5 millions,2044.0,1.0,2298298.0
SOM,100k-250k,2044.0,30.0,4504962.0
SOM,250k-500k,2044.0,5.0,1732425.0
SOM,5-10 millions,2044.0,1.0,6531640.0
SOM,500k-1 million,2044.0,7.0,4095608.0
SOM,50k-100k,2044.0,26.0,1898348.0
SSA,1-2.5 millions,2044.0,60.0,93814107.0
SSA,100k-250k,2044.0,1055.0,160264325.0
SSA,2.5-5 millions,2044.0,14.0,49074905.0
SSA,250k-500k,2044.0,322.0,106729565.0
SSA,5-10 millions,2044.0,20.0,138462897.0
SSA,500k-1 million,2044.0,143.0,95722192.0
SSA,50k-100k,2044.0,1300.0,95477626.0
SSA,>10 millions,2044.0,4.0,58284954.0
SSD,100k-250k,2044.0,13.0,1840734.0
SSD,250k-500k,2044.0,4.0,1343300.0
SSD,500k-1 million,2044.0,4.0,2642480.0
SSD,50k-100k,2044.0,11.0,747579.0
STP,100k-250k,2044.0,1.0,211406.0
SWZ,100k-250k,2044.0,1.0,125345.0
TCD,100k-250k,2044.0,19.0,3104695.0
TCD,2.5-5 millions,2044.0,1.0,2785774.0
TCD,250k-500k,2044.0,9.0,2691362.0
TCD,500k-1 million,2044.0,1.0,681297.0
TCD,50k-100k,2044.0,24.0,1754661.0
TGO,100k-250k,2044.0,10.0,1461107.0
TGO,2.5-5 millions,2044.0,1.0,3084883.0
TGO,250k-500k,2044.0,5.0,1496614.0
TGO,50k-100k,2044.0,10.0,783908.0
TZA,1-2.5 millions,2044.0,3.0,4517002.0
TZA,100k-250k,2044.0,27.0,4550821.0
TZA,250k-500k,2044.0,12.0,3775560.0
TZA,500k-1 million,2044.0,5.0,3227613.0
TZA,50k-100k,2044.0,46.0,3389323.0
TZA,>10 millions,2044.0,1.0,11826112.0
UGA,1-2.5 millions,2044.0,1.0,1047108.9999999999
UGA,100k-250k,2044.0,18.0,2976794.0
UGA,250k-500k,2044.0,7.0,2442541.0
UGA,5-10 millions,2044.0,1.0,7251222.0
UGA,500k-1 million,2044.0,1.0,790461.0
UGA,50k-100k,2044.0,19.0,1456994.0
ZAF,1-2.5 millions,2044.0,3.0,5424933.0
ZAF,100k-250k,2044.0,37.0,5716532.0
ZAF,2.5-5 millions,2044.0,1.0,3174161.0
ZAF,250k-500k,2044.0,16.0,5221628.0
ZAF,5-10 millions,2044.0,2.0,14340688.0
ZAF,500k-1 million,2044.0,5.0,3640384.0
ZAF,50k-100k,2044.0,50.0,3446911.0
ZMB,100k-250k,2044.0,17.0,2619267.0
ZMB,250k-500k,2044.0,7.0,2418479.0
ZMB,5-10 millions,2044.0,1.0,5801521.0
ZMB,500k-1 million,2044.0,3.0,2159666.0
ZMB,50k-100k,2044.0,15.0,1159948.0
ZWE,100k-250k,2044.0,9.0,1426741.0
ZWE,2.5-5 millions,2044.0,1.0,3161691.0
ZWE,250k-500k,2044.0,1.0,278855.0
ZWE,500k-1 million,2044.0,1.0,659001.0
ZWE,50k-100k,2044.0,10.0,752618.0
AFE,1-2.5 millions,2045.0,27.0,41961123.0
AFE,100k-250k,2045.0,621.0,94559215.0
AFE,2.5-5 millions,2045.0,7.0,25303905.0
AFE,250k-500k,2045.0,205.0,66425653.0
AFE,5-10 millions,2045.0,8.0,57060444.0
AFE,500k-1 million,2045.0,95.0,63429177.0
AFE,50k-100k,2045.0,903.0,63541691.0
AFE,>10 millions,2045.0,3.0,43400036.0
AFW,1-2.5 millions,2045.0,32.0,50683429.0
AFW,100k-250k,2045.0,465.0,69921406.0
AFW,2.5-5 millions,2045.0,9.0,29409131.0
AFW,250k-500k,2045.0,131.0,44963914.0
AFW,5-10 millions,2045.0,11.0,73264999.0
AFW,500k-1 million,2045.0,52.0,35901368.0
AFW,50k-100k,2045.0,711.0,49673400.0
AFW,>10 millions,2045.0,1.0,15619655.0
AGO,1-2.5 millions,2045.0,4.0,7429078.0
AGO,100k-250k,2045.0,33.0,5086901.0
AGO,250k-500k,2045.0,7.0,2137512.0
AGO,500k-1 million,2045.0,13.0,9018873.0
AGO,50k-100k,2045.0,40.0,2880110.0
AGO,>10 millions,2045.0,1.0,18523726.0
BDI,1-2.5 millions,2045.0,1.0,1802799.0
BDI,100k-250k,2045.0,10.0,1432624.0
BDI,250k-500k,2045.0,4.0,1262693.0
BDI,50k-100k,2045.0,21.0,1393735.0
BEN,1-2.5 millions,2045.0,1.0,1126761.0
BEN,100k-250k,2045.0,17.0,2535458.0
BEN,2.5-5 millions,2045.0,1.0,3275818.0
BEN,250k-500k,2045.0,1.0,423276.0
BEN,500k-1 million,2045.0,1.0,659228.0
BEN,50k-100k,2045.0,23.0,1717166.0
BFA,1-2.5 millions,2045.0,1.0,1409790.0
BFA,100k-250k,2045.0,9.0,1381525.0
BFA,2.5-5 millions,2045.0,1.0,4205406.0
BFA,250k-500k,2045.0,1.0,282018.0
BFA,50k-100k,2045.0,30.0,2148221.0
BWA,100k-250k,2045.0,3.0,359127.0
BWA,250k-500k,2045.0,1.0,328979.0
BWA,50k-100k,2045.0,4.0,236800.0
CAF,1-2.5 millions,2045.0,1.0,1530842.0
CAF,100k-250k,2045.0,2.0,225360.0
CAF,50k-100k,2045.0,10.0,755384.0
CIV,100k-250k,2045.0,25.0,3625331.0
CIV,250k-500k,2045.0,6.0,2069955.0
CIV,5-10 millions,2045.0,1.0,9126281.0
CIV,500k-1 million,2045.0,3.0,1939412.0
CIV,50k-100k,2045.0,46.0,3073779.0
CMR,100k-250k,2045.0,20.0,3116373.0
CMR,250k-500k,2045.0,13.0,4751015.0
CMR,5-10 millions,2045.0,2.0,13950019.0
CMR,500k-1 million,2045.0,3.0,2164457.0
CMR,50k-100k,2045.0,39.0,2772976.0
COD,1-2.5 millions,2045.0,7.0,8912677.0
COD,100k-250k,2045.0,130.0,19356055.0
COD,2.5-5 millions,2045.0,4.0,14770235.0
COD,250k-500k,2045.0,50.0,16485723.999999998
COD,500k-1 million,2045.0,18.0,11430117.0
COD,50k-100k,2045.0,167.0,11704839.0
COD,>10 millions,2045.0,1.0,12837866.0
COG,100k-250k,2045.0,2.0,346088.0
COG,2.5-5 millions,2045.0,1.0,2591591.0
COG,5-10 millions,2045.0,1.0,5311302.0
COG,50k-100k,2045.0,4.0,247367.0
COM,250k-500k,2045.0,2.0,598924.0
CPV,100k-250k,2045.0,1.0,146714.0
CPV,50k-100k,2045.0,1.0,76949.0
ERI,100k-250k,2045.0,5.0,717896.0
ERI,250k-500k,2045.0,2.0,627482.0
ERI,500k-1 million,2045.0,1.0,533906.0
ERI,50k-100k,2045.0,5.0,337778.0
ETH,100k-250k,2045.0,155.0,23593188.0
ETH,250k-500k,2045.0,38.0,12577517.0
ETH,500k-1 million,2045.0,13.0,8991550.0
ETH,50k-100k,2045.0,249.0,17839700.0
GAB,1-2.5 millions,2045.0,1.0,1121383.0
GAB,100k-250k,2045.0,4.0,612964.0
GAB,500k-1 million,2045.0,1.0,511665.0
GAB,50k-100k,2045.0,2.0,140973.0
GHA,1-2.5 millions,2045.0,1.0,1534463.0
GHA,100k-250k,2045.0,34.0,5056024.0
GHA,250k-500k,2045.0,5.0,1722538.0
GHA,5-10 millions,2045.0,2.0,12250017.0
GHA,500k-1 million,2045.0,1.0,773849.0
GHA,50k-100k,2045.0,53.0,3749660.0
GIN,100k-250k,2045.0,13.0,1574165.0
GIN,2.5-5 millions,2045.0,1.0,3300970.0
GIN,250k-500k,2045.0,3.0,867663.0
GIN,500k-1 million,2045.0,2.0,1182961.0
GIN,50k-100k,2045.0,16.0,1098495.0
GMB,1-2.5 millions,2045.0,1.0,1470878.0
GMB,100k-250k,2045.0,2.0,208903.0
GMB,250k-500k,2045.0,1.0,279088.0
GMB,50k-100k,2045.0,3.0,165321.0
GNB,100k-250k,2045.0,2.0,224462.0
GNB,500k-1 million,2045.0,1.0,750549.0
GNQ,1-2.5 millions,2045.0,2.0,2474798.0
KEN,1-2.5 millions,2045.0,1.0,1758186.0
KEN,100k-250k,2045.0,24.0,4253611.0
KEN,250k-500k,2045.0,8.0,2609456.0
KEN,5-10 millions,2045.0,1.0,8086872.0
KEN,500k-1 million,2045.0,4.0,2619442.0
KEN,50k-100k,2045.0,44.0,3168124.0
LBR,1-2.5 millions,2045.0,1.0,2382793.0
LBR,100k-250k,2045.0,6.0,698300.0
LBR,50k-100k,2045.0,5.0,355671.0
LSO,250k-500k,2045.0,1.0,324364.0
MDG,100k-250k,2045.0,9.0,1292712.0
MDG,250k-500k,2045.0,4.0,1144937.0
MDG,5-10 millions,2045.0,1.0,5617519.0
MDG,500k-1 million,2045.0,2.0,1066181.0
MDG,50k-100k,2045.0,20.0,1415515.0
MLI,100k-250k,2045.0,11.0,1595584.0
MLI,250k-500k,2045.0,4.0,1526997.0
MLI,5-10 millions,2045.0,1.0,7000634.0
MLI,500k-1 million,2045.0,1.0,589048.0
MLI,50k-100k,2045.0,25.0,1669125.0
MOZ,1-2.5 millions,2045.0,1.0,1178885.0
MOZ,100k-250k,2045.0,24.0,3227926.0
MOZ,2.5-5 millions,2045.0,1.0,4147444.9999999995
MOZ,250k-500k,2045.0,8.0,2418268.0
MOZ,500k-1 million,2045.0,5.0,3481892.0
MOZ,50k-100k,2045.0,39.0,2792561.0
MRT,1-2.5 millions,2045.0,1.0,2416814.0
MRT,100k-250k,2045.0,3.0,387521.0
MRT,250k-500k,2045.0,1.0,298346.0
MRT,50k-100k,2045.0,5.0,367356.0
MUS,500k-1 million,2045.0,1.0,510380.0
MWI,1-2.5 millions,2045.0,2.0,2907555.0
MWI,100k-250k,2045.0,4.0,519784.0
MWI,250k-500k,2045.0,2.0,667998.0
MWI,50k-100k,2045.0,12.0,774846.0
NAM,100k-250k,2045.0,3.0,476887.0
NAM,500k-1 million,2045.0,1.0,535579.0
NAM,50k-100k,2045.0,2.0,108489.0
NER,1-2.5 millions,2045.0,3.0,3841847.0
NER,100k-250k,2045.0,19.0,2895725.0
NER,250k-500k,2045.0,4.0,1139272.0
NER,500k-1 million,2045.0,2.0,1038063.0000000001
NER,50k-100k,2045.0,33.0,2301812.0
NGA,1-2.5 millions,2045.0,18.0,29873679.0
NGA,100k-250k,2045.0,247.0,38050481.0
NGA,2.5-5 millions,2045.0,2.0,7551986.0
NGA,250k-500k,2045.0,70.0,24627614.0
NGA,5-10 millions,2045.0,3.0,20522109.0
NGA,500k-1 million,2045.0,33.0,23395412.0
NGA,50k-100k,2045.0,345.0,24049921.0
NGA,>10 millions,2045.0,1.0,15619655.0
RWA,1-2.5 millions,2045.0,1.0,2154978.0
RWA,100k-250k,2045.0,7.0,1118281.0
RWA,250k-500k,2045.0,1.0,259654.99999999997
RWA,500k-1 million,2045.0,1.0,646897.0
RWA,50k-100k,2045.0,16.0,1136003.0
SDN,1-2.5 millions,2045.0,2.0,2319847.0
SDN,100k-250k,2045.0,60.0,9551767.0
SDN,250k-500k,2045.0,18.0,5668019.0
SDN,5-10 millions,2045.0,1.0,8952970.0
SDN,500k-1 million,2045.0,10.0,7091151.0
SDN,50k-100k,2045.0,62.0,4307833.0
SEN,1-2.5 millions,2045.0,1.0,1499381.0
SEN,100k-250k,2045.0,12.0,1540235.0
SEN,250k-500k,2045.0,6.0,1977778.0
SEN,5-10 millions,2045.0,1.0,5104637.0
SEN,500k-1 million,2045.0,3.0,2204297.0
SEN,50k-100k,2045.0,20.0,1413393.0
SLE,100k-250k,2045.0,6.0,949210.0
SLE,2.5-5 millions,2045.0,1.0,2535931.0
SLE,250k-500k,2045.0,2.0,741766.0
SLE,50k-100k,2045.0,8.0,531928.0
SOM,1-2.5 millions,2045.0,1.0,2331269.0
SOM,100k-250k,2045.0,28.0,4095237.0
SOM,250k-500k,2045.0,7.0,2275556.0
SOM,5-10 millions,2045.0,1.0,6632800.0
SOM,500k-1 million,2045.0,7.0,4175603.0
SOM,50k-100k,2045.0,33.0,2309420.0
SSA,1-2.5 millions,2045.0,59.0,92644552.0
SSA,100k-250k,2045.0,1086.0,164480621.0
SSA,2.5-5 millions,2045.0,16.0,54713036.0
SSA,250k-500k,2045.0,336.0,111389567.0
SSA,5-10 millions,2045.0,19.0,130325443.0
SSA,500k-1 million,2045.0,147.0,99330545.0
SSA,50k-100k,2045.0,1614.0,113215091.0
SSA,>10 millions,2045.0,4.0,59019691.0
SSD,100k-250k,2045.0,14.0,1973403.0
SSD,250k-500k,2045.0,4.0,1371079.0
SSD,500k-1 million,2045.0,4.0,2689139.0
SSD,50k-100k,2045.0,12.0,760818.0
STP,100k-250k,2045.0,1.0,215141.0
SWZ,100k-250k,2045.0,1.0,127650.0
TCD,100k-250k,2045.0,19.0,3162885.0
TCD,2.5-5 millions,2045.0,1.0,2832476.0
TCD,250k-500k,2045.0,9.0,2737095.0
TCD,500k-1 million,2045.0,1.0,692427.0
TCD,50k-100k,2045.0,29.0,2075331.0000000002
TGO,100k-250k,2045.0,11.0,1588098.0
TGO,2.5-5 millions,2045.0,1.0,3114953.0
TGO,250k-500k,2045.0,5.0,1519493.0
TGO,50k-100k,2045.0,14.0,962572.0
TZA,1-2.5 millions,2045.0,3.0,4612477.0
TZA,100k-250k,2045.0,28.0,4386131.0
TZA,250k-500k,2045.0,15.0,4616887.0
TZA,500k-1 million,2045.0,5.0,3295384.0
TZA,50k-100k,2045.0,67.0,4542021.0
TZA,>10 millions,2045.0,1.0,12038444.0
UGA,1-2.5 millions,2045.0,1.0,1083673.0
UGA,100k-250k,2045.0,20.0,3276563.0
UGA,250k-500k,2045.0,7.0,2515358.0
UGA,5-10 millions,2045.0,1.0,7370260.0
UGA,500k-1 million,2045.0,1.0,816997.0
UGA,50k-100k,2045.0,28.0,2060742.0000000002
ZAF,1-2.5 millions,2045.0,3.0,5469699.0
ZAF,100k-250k,2045.0,35.0,5266829.0
ZAF,2.5-5 millions,2045.0,1.0,3172498.0
ZAF,250k-500k,2045.0,18.0,5789156.0
ZAF,5-10 millions,2045.0,2.0,14463153.0
ZAF,500k-1 million,2045.0,5.0,3671326.0
ZAF,50k-100k,2045.0,51.0,3544793.0
ZMB,100k-250k,2045.0,18.0,2776880.0
ZMB,250k-500k,2045.0,7.0,2463447.0
ZMB,5-10 millions,2045.0,1.0,5936870.0
ZMB,500k-1 million,2045.0,3.0,2188576.0
ZMB,50k-100k,2045.0,19.0,1351405.0
ZWE,100k-250k,2045.0,9.0,1454622.0
ZWE,2.5-5 millions,2045.0,1.0,3213727.0
ZWE,250k-500k,2045.0,1.0,282642.0
ZWE,500k-1 million,2045.0,1.0,666184.0
ZWE,50k-100k,2045.0,12.0,876159.0
AFE,1-2.5 millions,2046.0,27.0,42684179.0
AFE,100k-250k,2046.0,639.0,97193124.0
AFE,2.5-5 millions,2046.0,7.0,25629502.0
AFE,250k-500k,2046.0,213.0,69460859.0
AFE,5-10 millions,2046.0,8.0,57778358.0
AFE,500k-1 million,2046.0,97.0,65524213.0
AFE,50k-100k,2046.0,874.0,62347722.0
AFE,>10 millions,2046.0,4.0,54246129.0
AFW,1-2.5 millions,2046.0,32.0,51282964.0
AFW,100k-250k,2046.0,478.0,72148864.0
AFW,2.5-5 millions,2046.0,9.0,29704979.0
AFW,250k-500k,2046.0,131.0,45154463.0
AFW,5-10 millions,2046.0,11.0,74240776.0
AFW,500k-1 million,2046.0,54.0,37435568.0
AFW,50k-100k,2046.0,696.0,49104731.0
AFW,>10 millions,2046.0,1.0,15731789.0
AGO,1-2.5 millions,2046.0,4.0,7612407.0
AGO,100k-250k,2046.0,34.0,5326584.0
AGO,250k-500k,2046.0,7.0,2205437.0
AGO,500k-1 million,2046.0,13.0,9190102.0
AGO,50k-100k,2046.0,39.0,2855445.0
AGO,>10 millions,2046.0,1.0,18876205.0
BDI,1-2.5 millions,2046.0,1.0,1828367.0
BDI,100k-250k,2046.0,10.0,1506968.0
BDI,250k-500k,2046.0,4.0,1320482.0
BDI,50k-100k,2046.0,21.0,1456307.0
BEN,1-2.5 millions,2046.0,1.0,1141707.0
BEN,100k-250k,2046.0,19.0,2789590.0
BEN,2.5-5 millions,2046.0,1.0,3309493.0
BEN,250k-500k,2046.0,1.0,431024.0
BEN,500k-1 million,2046.0,1.0,672988.0
BEN,50k-100k,2046.0,21.0,1561167.0
BFA,1-2.5 millions,2046.0,1.0,1420965.0
BFA,100k-250k,2046.0,9.0,1397539.0
BFA,2.5-5 millions,2046.0,1.0,4244632.0
BFA,250k-500k,2046.0,1.0,286016.0
BFA,50k-100k,2046.0,30.0,2180246.0
BWA,100k-250k,2046.0,3.0,362442.0
BWA,250k-500k,2046.0,1.0,333662.0
BWA,50k-100k,2046.0,4.0,238961.0
CAF,1-2.5 millions,2046.0,1.0,1550312.0
CAF,100k-250k,2046.0,2.0,228659.0
CAF,50k-100k,2046.0,10.0,770919.0
CIV,100k-250k,2046.0,27.0,3895878.0
CIV,250k-500k,2046.0,6.0,2107687.0
CIV,5-10 millions,2046.0,1.0,9256054.0
CIV,500k-1 million,2046.0,3.0,1964228.0
CIV,50k-100k,2046.0,44.0,2942512.0
CMR,100k-250k,2046.0,21.0,3283763.0
CMR,250k-500k,2046.0,13.0,4841231.0
CMR,5-10 millions,2046.0,2.0,14181948.0
CMR,500k-1 million,2046.0,3.0,2196007.0
CMR,50k-100k,2046.0,38.0,2739985.0
COD,1-2.5 millions,2046.0,7.0,9073568.0
COD,100k-250k,2046.0,136.0,20489341.0
COD,2.5-5 millions,2046.0,4.0,15015679.0
COD,250k-500k,2046.0,49.0,16350096.0
COD,500k-1 million,2046.0,19.0,12148726.0
COD,50k-100k,2046.0,161.0,11430213.0
COD,>10 millions,2046.0,1.0,12912408.0
COG,100k-250k,2046.0,2.0,355267.0
COG,2.5-5 millions,2046.0,1.0,2642525.0
COG,5-10 millions,2046.0,1.0,5395126.0
COG,50k-100k,2046.0,4.0,256834.0
COM,250k-500k,2046.0,2.0,607941.0
CPV,100k-250k,2046.0,1.0,146978.0
CPV,50k-100k,2046.0,1.0,76984.0
ERI,100k-250k,2046.0,5.0,731188.0
ERI,250k-500k,2046.0,2.0,633274.0
ERI,500k-1 million,2046.0,1.0,541975.0
ERI,50k-100k,2046.0,5.0,343119.0
ETH,100k-250k,2046.0,156.0,23510536.0
ETH,250k-500k,2046.0,43.0,14204136.0
ETH,500k-1 million,2046.0,13.0,9174475.0
ETH,50k-100k,2046.0,243.0,17676508.0
ETH,>10 millions,2046.0,1.0,10194779.0
GAB,1-2.5 millions,2046.0,1.0,1131387.0
GAB,100k-250k,2046.0,4.0,625776.0
GAB,500k-1 million,2046.0,1.0,523176.00000000006
GAB,50k-100k,2046.0,2.0,145113.0
GHA,1-2.5 millions,2046.0,1.0,1552973.0
GHA,100k-250k,2046.0,36.0,5342882.0
GHA,250k-500k,2046.0,5.0,1749650.0
GHA,5-10 millions,2046.0,2.0,12335981.0
GHA,500k-1 million,2046.0,1.0,780072.0
GHA,50k-100k,2046.0,51.0,3609338.0
GIN,100k-250k,2046.0,13.0,1597213.0
GIN,2.5-5 millions,2046.0,1.0,3320258.0
GIN,250k-500k,2046.0,3.0,874524.0
GIN,500k-1 million,2046.0,2.0,1214048.0
GIN,50k-100k,2046.0,16.0,1120873.0
GMB,1-2.5 millions,2046.0,1.0,1483895.0
GMB,100k-250k,2046.0,2.0,211811.0
GMB,250k-500k,2046.0,1.0,284260.0
GMB,50k-100k,2046.0,3.0,168086.0
GNB,100k-250k,2046.0,2.0,227136.0
GNB,500k-1 million,2046.0,1.0,757021.0
GNQ,1-2.5 millions,2046.0,2.0,2512892.0
KEN,1-2.5 millions,2046.0,1.0,1768276.0
KEN,100k-250k,2046.0,25.0,4315737.0
KEN,250k-500k,2046.0,9.0,2930578.0
KEN,5-10 millions,2046.0,1.0,8172413.0
KEN,500k-1 million,2046.0,4.0,2655449.0
KEN,50k-100k,2046.0,42.0,3026582.0
LBR,1-2.5 millions,2046.0,1.0,2403635.0
LBR,100k-250k,2046.0,7.0,811987.0
LBR,50k-100k,2046.0,4.0,259428.99999999997
LSO,250k-500k,2046.0,1.0,325377.0
MDG,100k-250k,2046.0,11.0,1522536.0
MDG,250k-500k,2046.0,4.0,1169971.0
MDG,5-10 millions,2046.0,1.0,5695874.0
MDG,500k-1 million,2046.0,2.0,1092230.0
MDG,50k-100k,2046.0,18.0,1254802.0
MLI,100k-250k,2046.0,11.0,1625875.0
MLI,250k-500k,2046.0,4.0,1552462.0
MLI,5-10 millions,2046.0,1.0,7128473.0
MLI,500k-1 million,2046.0,1.0,596543.0
MLI,50k-100k,2046.0,25.0,1708786.0
MOZ,1-2.5 millions,2046.0,1.0,1190036.0
MOZ,100k-250k,2046.0,25.0,3395780.0
MOZ,2.5-5 millions,2046.0,1.0,4182603.0
MOZ,250k-500k,2046.0,8.0,2463442.0
MOZ,500k-1 million,2046.0,5.0,3535887.0
MOZ,50k-100k,2046.0,38.0,2751484.0
MRT,1-2.5 millions,2046.0,1.0,2460061.0
MRT,100k-250k,2046.0,3.0,394969.0
MRT,250k-500k,2046.0,1.0,304378.0
MRT,50k-100k,2046.0,5.0,377027.0
MUS,500k-1 million,2046.0,1.0,506829.0
MWI,1-2.5 millions,2046.0,2.0,2958054.0
MWI,100k-250k,2046.0,4.0,535481.0
MWI,250k-500k,2046.0,2.0,681762.0
MWI,50k-100k,2046.0,12.0,793838.0
NAM,100k-250k,2046.0,3.0,487259.0
NAM,500k-1 million,2046.0,1.0,538952.0
NAM,50k-100k,2046.0,2.0,109608.0
NER,1-2.5 millions,2046.0,3.0,3885268.0
NER,100k-250k,2046.0,19.0,2945858.0
NER,250k-500k,2046.0,4.0,1156670.0
NER,500k-1 million,2046.0,2.0,1055495.0
NER,50k-100k,2046.0,33.0,2345011.0
NGA,1-2.5 millions,2046.0,18.0,30226577.0
NGA,100k-250k,2046.0,251.0,38784252.0
NGA,2.5-5 millions,2046.0,2.0,7608741.0
NGA,250k-500k,2046.0,70.0,24483219.0
NGA,5-10 millions,2046.0,3.0,20787170.0
NGA,500k-1 million,2046.0,35.0,24734751.0
NGA,50k-100k,2046.0,339.0,23860793.0
NGA,>10 millions,2046.0,1.0,15731789.0
RWA,1-2.5 millions,2046.0,1.0,2184177.0
RWA,100k-250k,2046.0,8.0,1137855.0
RWA,250k-500k,2046.0,2.0,523402.00000000006
RWA,500k-1 million,2046.0,1.0,656549.0
RWA,50k-100k,2046.0,14.0,982460.0
SDN,1-2.5 millions,2046.0,2.0,2369909.0
SDN,100k-250k,2046.0,61.0,9683804.0
SDN,250k-500k,2046.0,19.0,6024947.0
SDN,5-10 millions,2046.0,1.0,9051247.0
SDN,500k-1 million,2046.0,10.0,7175117.0
SDN,50k-100k,2046.0,60.0,4232178.0
SEN,1-2.5 millions,2046.0,1.0,1513292.0
SEN,100k-250k,2046.0,12.0,1573421.0
SEN,250k-500k,2046.0,6.0,2006226.0
SEN,5-10 millions,2046.0,1.0,5156024.0
SEN,500k-1 million,2046.0,3.0,2235654.0
SEN,50k-100k,2046.0,20.0,1438503.0
SLE,100k-250k,2046.0,7.0,1061793.0
SLE,2.5-5 millions,2046.0,1.0,2558827.0
SLE,250k-500k,2046.0,2.0,747645.0
SLE,50k-100k,2046.0,7.0,438242.0
SOM,1-2.5 millions,2046.0,1.0,2366031.0
SOM,100k-250k,2046.0,29.0,4276245.0
SOM,250k-500k,2046.0,6.0,1818004.0
SOM,5-10 millions,2046.0,1.0,6745160.0
SOM,500k-1 million,2046.0,8.0,4767135.0
SOM,50k-100k,2046.0,32.0,2258186.0
SSA,1-2.5 millions,2046.0,59.0,93967143.0
SSA,100k-250k,2046.0,1117.0,169341988.0
SSA,2.5-5 millions,2046.0,16.0,55334481.0
SSA,250k-500k,2046.0,344.0,114615322.0
SSA,5-10 millions,2046.0,19.0,132019134.0
SSA,500k-1 million,2046.0,151.0,102959781.0
SSA,50k-100k,2046.0,1570.0,111452453.0
SSA,>10 millions,2046.0,5.0,69977918.0
SSD,100k-250k,2046.0,14.0,1999826.0
SSD,250k-500k,2046.0,4.0,1394514.0
SSD,500k-1 million,2046.0,4.0,2742170.0
SSD,50k-100k,2046.0,12.0,770595.0
STP,100k-250k,2046.0,1.0,219976.0
SWZ,100k-250k,2046.0,1.0,128251.0
TCD,100k-250k,2046.0,19.0,3220312.0
TCD,2.5-5 millions,2046.0,1.0,2874882.0
TCD,250k-500k,2046.0,9.0,2784919.0
TCD,500k-1 million,2046.0,1.0,705585.0
TCD,50k-100k,2046.0,29.0,2122142.0
TGO,100k-250k,2046.0,11.0,1627905.0
TGO,2.5-5 millions,2046.0,1.0,3145621.0
TGO,250k-500k,2046.0,5.0,1544552.0
TGO,50k-100k,2046.0,14.0,982741.0
TZA,1-2.5 millions,2046.0,3.0,4700917.0
TZA,100k-250k,2046.0,29.0,4641974.0
TZA,250k-500k,2046.0,15.0,4742712.0
TZA,500k-1 million,2046.0,5.0,3368116.0
TZA,50k-100k,2046.0,66.0,4587819.0
TZA,>10 millions,2046.0,1.0,12262737.0
UGA,1-2.5 millions,2046.0,1.0,1122150.0
UGA,100k-250k,2046.0,20.0,3248705.0
UGA,250k-500k,2046.0,8.0,2834874.0
UGA,5-10 millions,2046.0,1.0,7474932.0
UGA,500k-1 million,2046.0,1.0,839796.0
UGA,50k-100k,2046.0,27.0,2052300.0000000002
ZAF,1-2.5 millions,2046.0,3.0,5510287.0
ZAF,100k-250k,2046.0,36.0,5263680.0
ZAF,2.5-5 millions,2046.0,1.0,3169594.0
ZAF,250k-500k,2046.0,19.0,6100912.0
ZAF,5-10 millions,2046.0,2.0,14579222.0
ZAF,500k-1 million,2046.0,5.0,3700832.0
ZAF,50k-100k,2046.0,48.0,3355390.0
ZMB,100k-250k,2046.0,19.0,2928180.0
ZMB,250k-500k,2046.0,7.0,2507351.0
ZMB,5-10 millions,2046.0,1.0,6059510.0
ZMB,500k-1 million,2046.0,3.0,2218331.0
ZMB,50k-100k,2046.0,18.0,1278936.0
ZWE,100k-250k,2046.0,9.0,1480776.0
ZWE,2.5-5 millions,2046.0,1.0,3261626.0
ZWE,250k-500k,2046.0,1.0,287985.0
ZWE,500k-1 million,2046.0,1.0,671542.0
ZWE,50k-100k,2046.0,12.0,892991.0
AFE,1-2.5 millions,2047.0,27.0,43407235.0
AFE,100k-250k,2047.0,652.0,99080032.0
AFE,2.5-5 millions,2047.0,7.0,25955097.0
AFE,250k-500k,2047.0,222.0,72528316.0
AFE,5-10 millions,2047.0,8.0,58496272.0
AFE,500k-1 million,2047.0,100.0,68169351.0
AFE,50k-100k,2047.0,849.0,61370262.0
AFE,>10 millions,2047.0,4.0,55044392.0
AFW,1-2.5 millions,2047.0,32.0,50386852.0
AFW,100k-250k,2047.0,490.0,73990774.0
AFW,2.5-5 millions,2047.0,9.0,30000824.0
AFW,250k-500k,2047.0,133.0,45848432.0
AFW,5-10 millions,2047.0,11.0,75216556.0
AFW,500k-1 million,2047.0,55.0,37973979.0
AFW,50k-100k,2047.0,680.0,48406315.0
AFW,>10 millions,2047.0,1.0,15843923.0
AGO,1-2.5 millions,2047.0,4.0,7795736.0
AGO,100k-250k,2047.0,33.0,5058794.0
AGO,250k-500k,2047.0,9.0,2782741.0
AGO,500k-1 million,2047.0,13.0,9361331.0
AGO,50k-100k,2047.0,38.0,2828874.0
AGO,>10 millions,2047.0,1.0,19228683.0
BDI,1-2.5 millions,2047.0,1.0,1853934.0
BDI,100k-250k,2047.0,10.0,1581312.0
BDI,250k-500k,2047.0,4.0,1378271.0
BDI,50k-100k,2047.0,21.0,1518880.0
BEN,1-2.5 millions,2047.0,1.0,1156653.0
BEN,100k-250k,2047.0,20.0,2949308.0
BEN,2.5-5 millions,2047.0,1.0,3343167.0
BEN,250k-500k,2047.0,1.0,438773.0
BEN,500k-1 million,2047.0,1.0,686748.0
BEN,50k-100k,2047.0,20.0,1499583.0
BFA,1-2.5 millions,2047.0,1.0,1432140.0
BFA,100k-250k,2047.0,10.0,1514340.0
BFA,2.5-5 millions,2047.0,1.0,4283857.0
BFA,250k-500k,2047.0,1.0,290014.0
BFA,50k-100k,2047.0,29.0,2111484.0
BWA,100k-250k,2047.0,3.0,365758.0
BWA,250k-500k,2047.0,1.0,338346.0
BWA,50k-100k,2047.0,4.0,241122.0
CAF,1-2.5 millions,2047.0,1.0,1569781.0
CAF,100k-250k,2047.0,2.0,231958.0
CAF,50k-100k,2047.0,10.0,786454.0
CIV,100k-250k,2047.0,27.0,3968081.0
CIV,250k-500k,2047.0,6.0,2145420.0
CIV,5-10 millions,2047.0,1.0,9385828.0
CIV,500k-1 million,2047.0,3.0,1989044.0
CIV,50k-100k,2047.0,44.0,3009590.0
CMR,100k-250k,2047.0,22.0,3452997.0
CMR,250k-500k,2047.0,12.0,4431345.0
CMR,5-10 millions,2047.0,2.0,14413877.0
CMR,500k-1 million,2047.0,4.0,2727658.0
CMR,50k-100k,2047.0,37.0,2705149.0
COD,1-2.5 millions,2047.0,7.0,9234459.0
COD,100k-250k,2047.0,136.0,20565923.0
COD,2.5-5 millions,2047.0,4.0,15261122.0
COD,250k-500k,2047.0,52.0,17476574.0
COD,500k-1 million,2047.0,19.0,12375770.0
COD,50k-100k,2047.0,158.0,11441749.0
COD,>10 millions,2047.0,1.0,12986950.0
COG,100k-250k,2047.0,2.0,364446.0
COG,2.5-5 millions,2047.0,1.0,2693459.0
COG,5-10 millions,2047.0,1.0,5478951.0
COG,50k-100k,2047.0,4.0,266301.0
COM,250k-500k,2047.0,2.0,616958.0
CPV,100k-250k,2047.0,1.0,147242.0
CPV,50k-100k,2047.0,1.0,77020.0
ERI,100k-250k,2047.0,5.0,744479.0
ERI,250k-500k,2047.0,2.0,639067.0
ERI,500k-1 million,2047.0,1.0,550044.0
ERI,50k-100k,2047.0,5.0,348461.0
ETH,100k-250k,2047.0,163.0,24500424.0
ETH,250k-500k,2047.0,44.0,14577763.0
ETH,500k-1 million,2047.0,14.0,9876103.0
ETH,50k-100k,2047.0,234.0,17175066.0
ETH,>10 millions,2047.0,1.0,10341729.0
GAB,1-2.5 millions,2047.0,1.0,1141391.0
GAB,100k-250k,2047.0,4.0,638587.0
GAB,500k-1 million,2047.0,1.0,534687.0
GAB,50k-100k,2047.0,2.0,149252.0
GHA,1-2.5 millions,2047.0,1.0,1571483.0
GHA,100k-250k,2047.0,35.0,5178251.0
GHA,250k-500k,2047.0,6.0,2030496.0
GHA,5-10 millions,2047.0,2.0,12421945.0
GHA,500k-1 million,2047.0,1.0,786295.0
GHA,50k-100k,2047.0,51.0,3666770.0
GIN,100k-250k,2047.0,13.0,1620262.0
GIN,2.5-5 millions,2047.0,1.0,3339546.0
GIN,250k-500k,2047.0,3.0,881386.0
GIN,500k-1 million,2047.0,2.0,1245135.0
GIN,50k-100k,2047.0,16.0,1143250.0
GMB,1-2.5 millions,2047.0,1.0,1496913.0
GMB,100k-250k,2047.0,2.0,214719.0
GMB,250k-500k,2047.0,1.0,289432.0
GMB,50k-100k,2047.0,3.0,170851.0
GNB,100k-250k,2047.0,2.0,229809.0
GNB,500k-1 million,2047.0,1.0,763493.0
GNQ,1-2.5 millions,2047.0,2.0,2550986.0
KEN,1-2.5 millions,2047.0,1.0,1778365.0
KEN,100k-250k,2047.0,24.0,4020129.0
KEN,250k-500k,2047.0,11.0,3516003.0
KEN,5-10 millions,2047.0,1.0,8257952.999999999
KEN,500k-1 million,2047.0,4.0,2691457.0
KEN,50k-100k,2047.0,41.0,2978471.0
LBR,1-2.5 millions,2047.0,1.0,2424477.0
LBR,100k-250k,2047.0,7.0,825769.0
LBR,50k-100k,2047.0,4.0,263093.0
LSO,250k-500k,2047.0,1.0,326391.0
MDG,100k-250k,2047.0,10.0,1304866.0
MDG,250k-500k,2047.0,5.0,1445265.0
MDG,5-10 millions,2047.0,1.0,5774229.0
MDG,500k-1 million,2047.0,2.0,1118278.0
MDG,50k-100k,2047.0,18.0,1291324.0
MLI,100k-250k,2047.0,13.0,1856884.0
MLI,250k-500k,2047.0,4.0,1577927.0
MLI,5-10 millions,2047.0,1.0,7256312.0
MLI,500k-1 million,2047.0,1.0,604038.0
MLI,50k-100k,2047.0,23.0,1547729.0
MOZ,1-2.5 millions,2047.0,1.0,1201188.0
MOZ,100k-250k,2047.0,25.0,3464765.0
MOZ,2.5-5 millions,2047.0,1.0,4217761.0
MOZ,250k-500k,2047.0,8.0,2508616.0
MOZ,500k-1 million,2047.0,5.0,3589883.0
MOZ,50k-100k,2047.0,38.0,2809275.0
MRT,100k-250k,2047.0,3.0,402417.0
MRT,250k-500k,2047.0,1.0,310410.0
MRT,50k-100k,2047.0,5.0,386697.0
MUS,500k-1 million,2047.0,1.0,503278.0
MWI,1-2.5 millions,2047.0,2.0,3008554.0
MWI,100k-250k,2047.0,4.0,551179.0
MWI,250k-500k,2047.0,2.0,695525.0
MWI,50k-100k,2047.0,12.0,812830.0
NAM,100k-250k,2047.0,3.0,497630.0
NAM,500k-1 million,2047.0,1.0,542325.0
NAM,50k-100k,2047.0,2.0,110727.0
NER,1-2.5 millions,2047.0,3.0,3928688.0
NER,100k-250k,2047.0,20.0,3097597.0
NER,250k-500k,2047.0,4.0,1174068.0
NER,500k-1 million,2047.0,2.0,1072927.0
NER,50k-100k,2047.0,32.0,2286605.0
NGA,1-2.5 millions,2047.0,19.0,31587136.0
NGA,100k-250k,2047.0,258.0,39974150.0
NGA,2.5-5 millions,2047.0,2.0,7665495.0
NGA,250k-500k,2047.0,70.0,24583516.0
NGA,5-10 millions,2047.0,3.0,21052232.0
NGA,500k-1 million,2047.0,35.0,24578201.0
NGA,50k-100k,2047.0,331.0,23459073.0
NGA,>10 millions,2047.0,1.0,15843923.0
RWA,1-2.5 millions,2047.0,1.0,2213377.0
RWA,100k-250k,2047.0,9.0,1319034.0
RWA,250k-500k,2047.0,2.0,539308.0
RWA,500k-1 million,2047.0,1.0,666200.0
RWA,50k-100k,2047.0,13.0,915152.0
SDN,1-2.5 millions,2047.0,2.0,2419970.0
SDN,100k-250k,2047.0,63.0,9926289.0
SDN,250k-500k,2047.0,20.0,6385615.0
SDN,5-10 millions,2047.0,1.0,9149524.0
SDN,500k-1 million,2047.0,10.0,7259083.0
SDN,50k-100k,2047.0,57.0,4042335.0
SEN,1-2.5 millions,2047.0,1.0,1527204.0
SEN,100k-250k,2047.0,13.0,1707949.0
SEN,250k-500k,2047.0,6.0,2034674.0
SEN,5-10 millions,2047.0,1.0,5207411.0
SEN,500k-1 million,2047.0,3.0,2267010.0
SEN,50k-100k,2047.0,19.0,1362272.0
SLE,100k-250k,2047.0,6.0,824110.0
SLE,2.5-5 millions,2047.0,1.0,2581723.0
SLE,250k-500k,2047.0,3.0,1004103.0
SLE,50k-100k,2047.0,7.0,444241.0
SOM,1-2.5 millions,2047.0,1.0,2400793.0
SOM,100k-250k,2047.0,30.0,4459845.0
SOM,250k-500k,2047.0,6.0,1858287.0
SOM,5-10 millions,2047.0,1.0,6857521.0
SOM,500k-1 million,2047.0,8.0,4860832.0
SOM,50k-100k,2047.0,31.0,2204359.0
SSA,1-2.5 millions,2047.0,59.0,93794087.0
SSA,100k-250k,2047.0,1142.0,173070806.0
SSA,2.5-5 millions,2047.0,16.0,55955921.0
SSA,250k-500k,2047.0,355.0,118376748.0
SSA,5-10 millions,2047.0,19.0,133712828.0
SSA,500k-1 million,2047.0,155.0,106143330.0
SSA,50k-100k,2047.0,1529.0,109776577.0
SSA,>10 millions,2047.0,5.0,70888315.0
SSD,100k-250k,2047.0,14.0,2026248.0
SSD,250k-500k,2047.0,4.0,1417948.0
SSD,500k-1 million,2047.0,4.0,2795200.0
SSD,50k-100k,2047.0,12.0,780372.0
STP,100k-250k,2047.0,1.0,224810.0
SWZ,100k-250k,2047.0,1.0,128851.0
TCD,100k-250k,2047.0,19.0,3124187.0
TCD,2.5-5 millions,2047.0,1.0,2917288.0
TCD,250k-500k,2047.0,10.0,3087257.0
TCD,500k-1 million,2047.0,1.0,718743.0
TCD,50k-100k,2047.0,28.0,2067989.9999999998
TGO,100k-250k,2047.0,11.0,1667711.0
TGO,2.5-5 millions,2047.0,1.0,3176289.0
TGO,250k-500k,2047.0,5.0,1569611.0
TGO,50k-100k,2047.0,14.0,1002911.0
TZA,1-2.5 millions,2047.0,3.0,4789358.0
TZA,100k-250k,2047.0,30.0,4745145.0
TZA,250k-500k,2047.0,16.0,5127662.0
TZA,500k-1 million,2047.0,5.0,3440849.0
TZA,50k-100k,2047.0,64.0,4527162.0
TZA,>10 millions,2047.0,1.0,12487030.0
UGA,1-2.5 millions,2047.0,1.0,1160627.0
UGA,100k-250k,2047.0,22.0,3588695.0
UGA,250k-500k,2047.0,7.0,2394241.0
UGA,5-10 millions,2047.0,1.0,7579605.0
UGA,500k-1 million,2047.0,2.0,1376733.0
UGA,50k-100k,2047.0,25.0,1922021.0
ZAF,1-2.5 millions,2047.0,3.0,5550874.0
ZAF,100k-250k,2047.0,36.0,5317095.0
ZAF,2.5-5 millions,2047.0,1.0,3166690.0
ZAF,250k-500k,2047.0,19.0,6165818.0
ZAF,5-10 millions,2047.0,2.0,14695291.0
ZAF,500k-1 million,2047.0,5.0,3730337.0
ZAF,50k-100k,2047.0,48.0,3408144.0
ZMB,100k-250k,2047.0,20.0,3081163.0
ZMB,250k-500k,2047.0,6.0,2044589.0
ZMB,5-10 millions,2047.0,1.0,6182149.0
ZMB,500k-1 million,2047.0,4.0,2754749.0
ZMB,50k-100k,2047.0,17.0,1204784.0
ZWE,100k-250k,2047.0,10.0,1607598.0
ZWE,2.5-5 millions,2047.0,1.0,3309524.0
ZWE,250k-500k,2047.0,1.0,293328.0
ZWE,500k-1 million,2047.0,1.0,676899.0
ZWE,50k-100k,2047.0,11.0,809154.0
AFE,1-2.5 millions,2048.0,29.0,46148736.0
AFE,100k-250k,2048.0,664.0,100731791.0
AFE,2.5-5 millions,2048.0,6.0,21219009.0
AFE,250k-500k,2048.0,234.0,76946656.0
AFE,5-10 millions,2048.0,9.0,64275872.0
AFE,500k-1 million,2048.0,98.0,67301881.0
AFE,50k-100k,2048.0,824.0,60271508.0
AFE,>10 millions,2048.0,4.0,55842657.0
AFW,1-2.5 millions,2048.0,31.0,48423775.0
AFW,100k-250k,2048.0,498.0,75151858.0
AFW,2.5-5 millions,2048.0,11.0,35380931.0
AFW,250k-500k,2048.0,137.0,47297224.0
AFW,5-10 millions,2048.0,11.0,76192332.0
AFW,500k-1 million,2048.0,56.0,39013172.0
AFW,50k-100k,2048.0,666.0,47870458.0
AFW,>10 millions,2048.0,1.0,15956058.0
AGO,1-2.5 millions,2048.0,5.0,8989224.0
AGO,100k-250k,2048.0,33.0,5040165.0
AGO,250k-500k,2048.0,10.0,3115453.0
AGO,500k-1 million,2048.0,12.0,8522401.0
AGO,50k-100k,2048.0,37.0,2797734.0
AGO,>10 millions,2048.0,1.0,19581162.0
BDI,1-2.5 millions,2048.0,1.0,1879501.0
BDI,100k-250k,2048.0,10.0,1486034.0
BDI,250k-500k,2048.0,5.0,1706015.0
BDI,50k-100k,2048.0,20.0,1481119.0
BEN,1-2.5 millions,2048.0,1.0,1171599.0
BEN,100k-250k,2048.0,20.0,3009372.0
BEN,2.5-5 millions,2048.0,1.0,3376841.0
BEN,250k-500k,2048.0,1.0,446522.0
BEN,500k-1 million,2048.0,1.0,700508.0
BEN,50k-100k,2048.0,20.0,1537653.0
BFA,1-2.5 millions,2048.0,1.0,1443315.0
BFA,100k-250k,2048.0,11.0,1632561.0
BFA,2.5-5 millions,2048.0,1.0,4323083.0
BFA,250k-500k,2048.0,1.0,294011.0
BFA,50k-100k,2048.0,28.0,2041301.0
BWA,100k-250k,2048.0,3.0,369073.0
BWA,250k-500k,2048.0,1.0,343029.0
BWA,50k-100k,2048.0,4.0,243282.0
CAF,1-2.5 millions,2048.0,1.0,1589250.0
CAF,100k-250k,2048.0,2.0,235256.0
CAF,50k-100k,2048.0,10.0,801989.0
CIV,100k-250k,2048.0,27.0,4040283.0
CIV,250k-500k,2048.0,6.0,2183152.0
CIV,5-10 millions,2048.0,1.0,9515601.0
CIV,500k-1 million,2048.0,3.0,2013859.0
CIV,50k-100k,2048.0,44.0,3076669.0
CMR,100k-250k,2048.0,24.0,3728242.0
CMR,250k-500k,2048.0,12.0,4519131.0
CMR,5-10 millions,2048.0,2.0,14645805.0
CMR,500k-1 million,2048.0,4.0,2761638.0
CMR,50k-100k,2048.0,35.0,2564303.0
COD,1-2.5 millions,2048.0,8.0,10403637.0
COD,100k-250k,2048.0,135.0,20528342.0
COD,2.5-5 millions,2048.0,3.0,10444881.0
COD,250k-500k,2048.0,55.0,18620799.0
COD,5-10 millions,2048.0,1.0,5061684.0
COD,500k-1 million,2048.0,18.0,11594527.0
COD,50k-100k,2048.0,156.0,11549700.0
COD,>10 millions,2048.0,1.0,13061492.0
COG,100k-250k,2048.0,1.0,121646.0
COG,2.5-5 millions,2048.0,1.0,2744394.0
COG,5-10 millions,2048.0,1.0,5562775.0
COG,50k-100k,2048.0,4.0,275769.0
COM,250k-500k,2048.0,2.0,625975.0
CPV,100k-250k,2048.0,1.0,147506.0
CPV,50k-100k,2048.0,1.0,77055.0
ERI,100k-250k,2048.0,5.0,757771.0
ERI,250k-500k,2048.0,2.0,644859.0
ERI,500k-1 million,2048.0,1.0,558113.0
ERI,50k-100k,2048.0,5.0,353802.0
ETH,100k-250k,2048.0,169.0,25423450.0
ETH,250k-500k,2048.0,45.0,14962560.0
ETH,500k-1 million,2048.0,15.0,10580487.0
ETH,50k-100k,2048.0,226.0,16726558.0
ETH,>10 millions,2048.0,1.0,10488680.0
GAB,1-2.5 millions,2048.0,1.0,1151395.0
GAB,100k-250k,2048.0,4.0,651398.0
GAB,500k-1 million,2048.0,1.0,546198.0
GAB,50k-100k,2048.0,2.0,153392.0
GHA,1-2.5 millions,2048.0,1.0,1589993.0
GHA,100k-250k,2048.0,37.0,5308231.0
GHA,250k-500k,2048.0,7.0,2319907.0
GHA,5-10 millions,2048.0,2.0,12507910.0
GHA,500k-1 million,2048.0,1.0,792517.0
GHA,50k-100k,2048.0,48.0,3421026.0
GIN,100k-250k,2048.0,13.0,1643310.0
GIN,2.5-5 millions,2048.0,1.0,3358834.0
GIN,250k-500k,2048.0,3.0,888248.0
GIN,500k-1 million,2048.0,2.0,1276223.0
GIN,50k-100k,2048.0,16.0,1165628.0
GMB,1-2.5 millions,2048.0,1.0,1509930.0
GMB,100k-250k,2048.0,2.0,217627.0
GMB,250k-500k,2048.0,1.0,294604.0
GMB,50k-100k,2048.0,3.0,173615.0
GNB,100k-250k,2048.0,2.0,232482.0
GNB,500k-1 million,2048.0,1.0,769965.0
GNQ,1-2.5 millions,2048.0,2.0,2589080.0
KEN,1-2.5 millions,2048.0,1.0,1788455.0
KEN,100k-250k,2048.0,25.0,4217470.0
KEN,250k-500k,2048.0,11.0,3612625.0
KEN,5-10 millions,2048.0,1.0,8343494.000000001
KEN,500k-1 million,2048.0,4.0,2727465.0
KEN,50k-100k,2048.0,40.0,2926215.0
LBR,1-2.5 millions,2048.0,1.0,2445319.0
LBR,100k-250k,2048.0,7.0,839551.0
LBR,50k-100k,2048.0,4.0,266758.0
LSO,250k-500k,2048.0,1.0,327404.0
MDG,100k-250k,2048.0,11.0,1437207.0
MDG,250k-500k,2048.0,5.0,1477530.0
MDG,5-10 millions,2048.0,1.0,5852585.0
MDG,500k-1 million,2048.0,2.0,1144326.0
MDG,50k-100k,2048.0,17.0,1220863.0
MLI,100k-250k,2048.0,13.0,1894986.0
MLI,250k-500k,2048.0,4.0,1603392.0
MLI,5-10 millions,2048.0,1.0,7384151.0
MLI,500k-1 million,2048.0,1.0,611533.0
MLI,50k-100k,2048.0,23.0,1579580.0
MOZ,1-2.5 millions,2048.0,1.0,1212339.0
MOZ,100k-250k,2048.0,27.0,3736447.0
MOZ,2.5-5 millions,2048.0,1.0,4252919.0
MOZ,250k-500k,2048.0,8.0,2553789.0
MOZ,500k-1 million,2048.0,5.0,3643878.0
MOZ,50k-100k,2048.0,36.0,2664369.0
MRT,100k-250k,2048.0,3.0,409865.0
MRT,2.5-5 millions,2048.0,1.0,2546553.0
MRT,250k-500k,2048.0,1.0,316441.0
MRT,50k-100k,2048.0,5.0,396368.0
MWI,1-2.5 millions,2048.0,2.0,3059053.0
MWI,100k-250k,2048.0,4.0,566876.0
MWI,250k-500k,2048.0,2.0,709289.0
MWI,50k-100k,2048.0,12.0,831823.0
NAM,100k-250k,2048.0,3.0,508002.0
NAM,500k-1 million,2048.0,1.0,545698.0
NAM,50k-100k,2048.0,2.0,111847.0
NER,1-2.5 millions,2048.0,3.0,3972109.0
NER,100k-250k,2048.0,22.0,3352153.0
NER,250k-500k,2048.0,4.0,1191465.0
NER,500k-1 million,2048.0,2.0,1090359.0
NER,50k-100k,2048.0,30.0,2125380.0
NGA,1-2.5 millions,2048.0,18.0,29420669.0
NGA,100k-250k,2048.0,259.0,40269935.0
NGA,2.5-5 millions,2048.0,3.0,10259956.0
NGA,250k-500k,2048.0,72.0,25179766.0
NGA,5-10 millions,2048.0,3.0,21317293.0
NGA,500k-1 million,2048.0,36.0,25420105.0
NGA,50k-100k,2048.0,327.0,23446378.0
NGA,>10 millions,2048.0,1.0,15956058.0
RWA,1-2.5 millions,2048.0,1.0,2242576.0
RWA,100k-250k,2048.0,9.0,1408484.0
RWA,250k-500k,2048.0,2.0,555215.0
RWA,500k-1 million,2048.0,1.0,675851.0
RWA,50k-100k,2048.0,13.0,939573.0
SDN,1-2.5 millions,2048.0,2.0,2470032.0
SDN,100k-250k,2048.0,61.0,9630632.0
SDN,250k-500k,2048.0,22.0,7000695.0
SDN,5-10 millions,2048.0,1.0,9247800.0
SDN,500k-1 million,2048.0,10.0,7343049.0
SDN,50k-100k,2048.0,57.0,4136221.9999999995
SEN,1-2.5 millions,2048.0,1.0,1541116.0
SEN,100k-250k,2048.0,13.0,1743142.0
SEN,250k-500k,2048.0,6.0,2063121.9999999998
SEN,5-10 millions,2048.0,1.0,5258797.0
SEN,500k-1 million,2048.0,3.0,2298367.0
SEN,50k-100k,2048.0,19.0,1385376.0
SLE,100k-250k,2048.0,6.0,835468.0
SLE,2.5-5 millions,2048.0,1.0,2604619.0
SLE,250k-500k,2048.0,3.0,1011520.0
SLE,50k-100k,2048.0,7.0,450241.0
SOM,1-2.5 millions,2048.0,1.0,2435555.0
SOM,100k-250k,2048.0,30.0,4544668.0
SOM,250k-500k,2048.0,6.0,1898570.0
SOM,5-10 millions,2048.0,1.0,6969882.0
SOM,500k-1 million,2048.0,8.0,4954529.0
SOM,50k-100k,2048.0,31.0,2249310.0
SSA,1-2.5 millions,2048.0,60.0,94572511.0
SSA,100k-250k,2048.0,1162.0,175883649.0
SSA,2.5-5 millions,2048.0,17.0,56599940.0
SSA,250k-500k,2048.0,371.0,124243880.0
SSA,5-10 millions,2048.0,20.0,140468204.0
SSA,500k-1 million,2048.0,154.0,106315053.0
SSA,50k-100k,2048.0,1490.0,108141966.0
SSA,>10 millions,2048.0,5.0,71798715.0
SSD,100k-250k,2048.0,14.0,2052670.9999999998
SSD,250k-500k,2048.0,4.0,1441383.0
SSD,500k-1 million,2048.0,4.0,2848230.0
SSD,50k-100k,2048.0,12.0,790149.0
STP,100k-250k,2048.0,1.0,229645.0
SWZ,100k-250k,2048.0,1.0,129452.0
TCD,100k-250k,2048.0,19.0,3030303.0
TCD,2.5-5 millions,2048.0,1.0,2959694.0
TCD,250k-500k,2048.0,11.0,3391272.0
TCD,500k-1 million,2048.0,1.0,731900.0
TCD,50k-100k,2048.0,27.0,2009920.0
TGO,100k-250k,2048.0,12.0,1808541.0
TGO,2.5-5 millions,2048.0,1.0,3206957.0
TGO,250k-500k,2048.0,5.0,1594671.0
TGO,50k-100k,2048.0,13.0,922057.0
TZA,1-2.5 millions,2048.0,3.0,4877798.0
TZA,100k-250k,2048.0,31.0,4687781.0
TZA,250k-500k,2048.0,18.0,5781698.0
TZA,500k-1 million,2048.0,5.0,3513581.0
TZA,50k-100k,2048.0,61.0,4357956.0
TZA,>10 millions,2048.0,1.0,12711323.0
UGA,1-2.5 millions,2048.0,1.0,1199105.0
UGA,100k-250k,2048.0,22.0,3431847.0
UGA,250k-500k,2048.0,9.0,2959001.0
UGA,5-10 millions,2048.0,1.0,7684278.0
UGA,500k-1 million,2048.0,2.0,1416023.0
UGA,50k-100k,2048.0,23.0,1780836.0
ZAF,1-2.5 millions,2048.0,3.0,5591461.0
ZAF,100k-250k,2048.0,39.0,5673981.0
ZAF,2.5-5 millions,2048.0,1.0,3163786.0
ZAF,250k-500k,2048.0,19.0,6230724.0
ZAF,5-10 millions,2048.0,2.0,14811360.0
ZAF,500k-1 million,2048.0,5.0,3759842.0
ZAF,50k-100k,2048.0,45.0,3157427.0
ZMB,100k-250k,2048.0,21.0,3236712.0
ZMB,250k-500k,2048.0,6.0,2081371.9999999998
ZMB,5-10 millions,2048.0,1.0,6304789.0
ZMB,500k-1 million,2048.0,4.0,2791625.0
ZMB,50k-100k,2048.0,16.0,1128066.0
ZWE,100k-250k,2048.0,10.0,1635081.0
ZWE,2.5-5 millions,2048.0,1.0,3357423.0
ZWE,250k-500k,2048.0,1.0,298671.0
ZWE,500k-1 million,2048.0,1.0,682256.0
ZWE,50k-100k,2048.0,11.0,824657.0
AFE,1-2.5 millions,2049.0,32.0,49950594.0
AFE,100k-250k,2049.0,679.0,103560164.0
AFE,2.5-5 millions,2049.0,5.0,16387707.0
AFE,250k-500k,2049.0,241.0,80469670.0
AFE,5-10 millions,2049.0,10.0,70150685.0
AFE,500k-1 million,2049.0,95.0,64884304.0
AFE,50k-100k,2049.0,802.0,59379769.0
AFE,>10 millions,2049.0,4.0,56640920.0
AFW,1-2.5 millions,2049.0,31.0,48948590.0
AFW,100k-250k,2049.0,508.0,76809970.0
AFW,2.5-5 millions,2049.0,11.0,35769835.0
AFW,250k-500k,2049.0,140.0,48260285.0
AFW,5-10 millions,2049.0,11.0,77168110.0
AFW,500k-1 million,2049.0,58.0,40567461.0
AFW,50k-100k,2049.0,652.0,47312166.0
AFW,>10 millions,2049.0,1.0,16068192.0
AGO,1-2.5 millions,2049.0,5.0,9194948.0
AGO,100k-250k,2049.0,34.0,5264606.0
AGO,250k-500k,2049.0,10.0,3205387.0
AGO,500k-1 million,2049.0,12.0,8671236.0
AGO,50k-100k,2049.0,36.0,2766301.0
AGO,>10 millions,2049.0,1.0,19933640.0
BDI,1-2.5 millions,2049.0,1.0,1905069.0
BDI,100k-250k,2049.0,12.0,1732296.0
BDI,250k-500k,2049.0,5.0,1798236.0
BDI,50k-100k,2049.0,18.0,1337342.0
BEN,1-2.5 millions,2049.0,1.0,1186545.0
BEN,100k-250k,2049.0,20.0,3069436.0
BEN,2.5-5 millions,2049.0,1.0,3410516.0
BEN,250k-500k,2049.0,1.0,454271.0
BEN,500k-1 million,2049.0,1.0,714268.0
BEN,50k-100k,2049.0,20.0,1575722.0
BFA,1-2.5 millions,2049.0,1.0,1454490.0
BFA,100k-250k,2049.0,12.0,1752712.0
BFA,2.5-5 millions,2049.0,1.0,4362308.0
BFA,250k-500k,2049.0,1.0,298009.0
BFA,50k-100k,2049.0,27.0,1969188.0
BWA,100k-250k,2049.0,3.0,372388.0
BWA,250k-500k,2049.0,1.0,347712.0
BWA,50k-100k,2049.0,4.0,245443.0
CAF,1-2.5 millions,2049.0,1.0,1608719.0
CAF,100k-250k,2049.0,3.0,339001.0
CAF,50k-100k,2049.0,9.0,717078.0
CIV,100k-250k,2049.0,28.0,4213387.0
CIV,250k-500k,2049.0,6.0,2220884.0
CIV,5-10 millions,2049.0,1.0,9645374.0
CIV,500k-1 million,2049.0,3.0,2038675.0
CIV,50k-100k,2049.0,43.0,3042846.0
CMR,100k-250k,2049.0,25.0,3906364.0
CMR,250k-500k,2049.0,11.0,4098365.0
CMR,5-10 millions,2049.0,2.0,14877734.0
CMR,500k-1 million,2049.0,5.0,3304169.0
CMR,50k-100k,2049.0,34.0,2520579.0
COD,1-2.5 millions,2049.0,8.0,10594004.0
COD,100k-250k,2049.0,140.0,20926959.0
COD,2.5-5 millions,2049.0,2.0,5533426.0
COD,250k-500k,2049.0,58.0,19553281.0
COD,5-10 millions,2049.0,2.0,10218583.0
COD,500k-1 million,2049.0,19.0,12292799.0
COD,50k-100k,2049.0,147.0,10932494.0
COD,>10 millions,2049.0,1.0,13136035.0
COG,100k-250k,2049.0,1.0,125358.0
COG,2.5-5 millions,2049.0,1.0,2795328.0
COG,250k-500k,2049.0,1.0,257447.0
COG,5-10 millions,2049.0,1.0,5646599.0
COG,50k-100k,2049.0,4.0,285236.0
COM,250k-500k,2049.0,2.0,634993.0
CPV,100k-250k,2049.0,1.0,147769.0
CPV,50k-100k,2049.0,1.0,77091.0
ERI,100k-250k,2049.0,5.0,771062.0
ERI,250k-500k,2049.0,2.0,650652.0
ERI,500k-1 million,2049.0,1.0,566182.0
ERI,50k-100k,2049.0,5.0,359143.0
ETH,100k-250k,2049.0,173.0,26292101.0
ETH,250k-500k,2049.0,46.0,15618341.0
ETH,500k-1 million,2049.0,15.0,10792036.0
ETH,50k-100k,2049.0,221.0,16554276.999999998
ETH,>10 millions,2049.0,1.0,10635630.0
GAB,1-2.5 millions,2049.0,1.0,1161400.0
GAB,100k-250k,2049.0,4.0,664209.0
GAB,500k-1 million,2049.0,1.0,557709.0
GAB,50k-100k,2049.0,2.0,157532.0
GHA,1-2.5 millions,2049.0,1.0,1608503.0
GHA,100k-250k,2049.0,37.0,5238279.0
GHA,250k-500k,2049.0,8.0,2611369.0
GHA,5-10 millions,2049.0,2.0,12593874.0
GHA,500k-1 million,2049.0,1.0,798740.0
GHA,50k-100k,2049.0,47.0,3373164.0
GIN,100k-250k,2049.0,13.0,1666358.0
GIN,2.5-5 millions,2049.0,1.0,3378122.0
GIN,250k-500k,2049.0,3.0,895109.0
GIN,500k-1 million,2049.0,2.0,1307310.0
GIN,50k-100k,2049.0,16.0,1188006.0
GMB,1-2.5 millions,2049.0,1.0,1522947.0
GMB,100k-250k,2049.0,2.0,220534.0
GMB,250k-500k,2049.0,1.0,299776.0
GMB,50k-100k,2049.0,3.0,176380.0
GNB,100k-250k,2049.0,2.0,235156.0
GNB,500k-1 million,2049.0,1.0,776437.0
GNQ,1-2.5 millions,2049.0,2.0,2627173.0
KEN,1-2.5 millions,2049.0,1.0,1798545.0
KEN,100k-250k,2049.0,23.0,3801688.0
KEN,250k-500k,2049.0,13.0,4222441.0
KEN,5-10 millions,2049.0,1.0,8429034.0
KEN,500k-1 million,2049.0,4.0,2763472.0
KEN,50k-100k,2049.0,40.0,2973885.0
LBR,1-2.5 millions,2049.0,1.0,2466160.0
LBR,100k-250k,2049.0,7.0,853333.0
LBR,50k-100k,2049.0,4.0,270422.0
LSO,250k-500k,2049.0,1.0,328418.0
MDG,100k-250k,2049.0,11.0,1472520.0
MDG,250k-500k,2049.0,5.0,1509795.0
MDG,5-10 millions,2049.0,1.0,5930940.0
MDG,500k-1 million,2049.0,2.0,1170375.0
MDG,50k-100k,2049.0,17.0,1247432.0
MLI,100k-250k,2049.0,13.0,1933088.0
MLI,250k-500k,2049.0,4.0,1628857.0
MLI,5-10 millions,2049.0,1.0,7511990.0
MLI,500k-1 million,2049.0,1.0,619028.0
MLI,50k-100k,2049.0,23.0,1611430.0
MOZ,1-2.5 millions,2049.0,1.0,1223491.0
MOZ,100k-250k,2049.0,27.0,3808277.0
MOZ,2.5-5 millions,2049.0,1.0,4288077.0
MOZ,250k-500k,2049.0,8.0,2598963.0
MOZ,500k-1 million,2049.0,5.0,3697873.0
MOZ,50k-100k,2049.0,36.0,2719316.0
MRT,100k-250k,2049.0,3.0,417313.0
MRT,2.5-5 millions,2049.0,1.0,2589799.0
MRT,250k-500k,2049.0,1.0,322473.0
MRT,50k-100k,2049.0,5.0,406038.0
MUS,250k-500k,2049.0,1.0,496175.0
MWI,1-2.5 millions,2049.0,2.0,3109553.0
MWI,100k-250k,2049.0,5.0,682777.0
MWI,250k-500k,2049.0,2.0,723053.0
MWI,50k-100k,2049.0,11.0,750612.0
NAM,100k-250k,2049.0,3.0,518374.0
NAM,500k-1 million,2049.0,1.0,549071.0
NAM,50k-100k,2049.0,2.0,112966.0
NER,1-2.5 millions,2049.0,3.0,4015529.0
NER,100k-250k,2049.0,22.0,3407225.0
NER,250k-500k,2049.0,4.0,1208863.0
NER,500k-1 million,2049.0,2.0,1107790.0
NER,50k-100k,2049.0,30.0,2163641.0
NGA,1-2.5 millions,2049.0,18.0,29742097.0
NGA,100k-250k,2049.0,264.0,41266735.0
NGA,2.5-5 millions,2049.0,3.0,10366524.0
NGA,250k-500k,2049.0,72.0,25278676.0
NGA,5-10 millions,2049.0,3.0,21582355.0
NGA,500k-1 million,2049.0,37.0,26268553.0
NGA,50k-100k,2049.0,321.0,23223464.0
NGA,>10 millions,2049.0,1.0,16068192.0
RWA,1-2.5 millions,2049.0,1.0,2271775.0
RWA,100k-250k,2049.0,9.0,1497934.0
RWA,250k-500k,2049.0,2.0,571121.0
RWA,500k-1 million,2049.0,1.0,685502.0
RWA,50k-100k,2049.0,13.0,963994.0
SDN,1-2.5 millions,2049.0,3.0,3522514.0
SDN,100k-250k,2049.0,61.0,9827451.0
SDN,250k-500k,2049.0,22.0,7123300.0
SDN,5-10 millions,2049.0,1.0,9346077.0
SDN,500k-1 million,2049.0,9.0,6424595.0
SDN,50k-100k,2049.0,57.0,4230108.0
SEN,1-2.5 millions,2049.0,1.0,1555027.0
SEN,100k-250k,2049.0,12.0,1522784.0
SEN,250k-500k,2049.0,7.0,2347121.0
SEN,5-10 millions,2049.0,1.0,5310184.0
SEN,500k-1 million,2049.0,3.0,2329724.0
SEN,50k-100k,2049.0,19.0,1408479.0
SLE,100k-250k,2049.0,6.0,846826.0
SLE,2.5-5 millions,2049.0,1.0,2627515.0
SLE,250k-500k,2049.0,3.0,1018937.0
SLE,50k-100k,2049.0,7.0,456241.0
SOM,1-2.5 millions,2049.0,1.0,2470317.0
SOM,100k-250k,2049.0,31.0,4730345.0
SOM,250k-500k,2049.0,6.0,1938853.0
SOM,5-10 millions,2049.0,1.0,7082243.0
SOM,500k-1 million,2049.0,8.0,5048226.0
SOM,50k-100k,2049.0,30.0,2193406.0
SSA,1-2.5 millions,2049.0,63.0,98899184.0
SSA,100k-250k,2049.0,1187.0,180370134.0
SSA,2.5-5 millions,2049.0,16.0,52157542.0
SSA,250k-500k,2049.0,381.0,128729955.0
SSA,5-10 millions,2049.0,21.0,147318795.0
SSA,500k-1 million,2049.0,153.0,105451765.0
SSA,50k-100k,2049.0,1454.0,106691935.0
SSA,>10 millions,2049.0,5.0,72709112.0
SSD,100k-250k,2049.0,14.0,2079092.9999999998
SSD,250k-500k,2049.0,4.0,1464818.0
SSD,500k-1 million,2049.0,4.0,2901260.0
SSD,50k-100k,2049.0,12.0,799926.0
STP,100k-250k,2049.0,1.0,234480.0
SWZ,100k-250k,2049.0,1.0,130051.99999999999
TCD,100k-250k,2049.0,21.0,3284672.0
TCD,2.5-5 millions,2049.0,1.0,3002099.0
TCD,250k-500k,2049.0,11.0,3448543.0
TCD,500k-1 million,2049.0,1.0,745058.0
TCD,50k-100k,2049.0,25.0,1850342.0
TGO,100k-250k,2049.0,12.0,1699431.0
TGO,2.5-5 millions,2049.0,1.0,3237624.0
TGO,250k-500k,2049.0,6.0,1871585.0
TGO,50k-100k,2049.0,12.0,839287.0
TZA,1-2.5 millions,2049.0,4.0,5990482.0
TZA,100k-250k,2049.0,31.0,4830968.0
TZA,250k-500k,2049.0,18.0,5939161.0
TZA,500k-1 million,2049.0,4.0,2562070.0
TZA,50k-100k,2049.0,61.0,4484770.0
TZA,>10 millions,2049.0,1.0,12935615.0
UGA,1-2.5 millions,2049.0,1.0,1237582.0
UGA,100k-250k,2049.0,23.0,3686201.0
UGA,250k-500k,2049.0,9.0,3027172.0
UGA,5-10 millions,2049.0,1.0,7788951.0
UGA,500k-1 million,2049.0,2.0,1455312.0
UGA,50k-100k,2049.0,22.0,1725037.0
ZAF,1-2.5 millions,2049.0,4.0,6632314.0
ZAF,100k-250k,2049.0,39.0,5742525.0
ZAF,2.5-5 millions,2049.0,1.0,3160882.0
ZAF,250k-500k,2049.0,19.0,6295630.0
ZAF,5-10 millions,2049.0,2.0,14927428.0
ZAF,500k-1 million,2049.0,4.0,2789081.0
ZAF,50k-100k,2049.0,45.0,3195052.0
ZMB,100k-250k,2049.0,23.0,3495504.0
ZMB,250k-500k,2049.0,6.0,2118154.0
ZMB,5-10 millions,2049.0,1.0,6427429.0
ZMB,500k-1 million,2049.0,3.0,1827601.0
ZMB,50k-100k,2049.0,14.0,948105.0
ZWE,100k-250k,2049.0,10.0,1662563.0
ZWE,2.5-5 millions,2049.0,1.0,3405322.0
ZWE,250k-500k,2049.0,1.0,304014.0
ZWE,500k-1 million,2049.0,1.0,687613.0
ZWE,50k-100k,2049.0,11.0,840160.0
AFE,1-2.5 millions,2050.0,31.0,46754451.0
AFE,100k-250k,2050.0,699.0,106672166.0
AFE,2.5-5 millions,2050.0,5.0,16554677.0
AFE,250k-500k,2050.0,249.0,83765512.0
AFE,5-10 millions,2050.0,10.0,71027224.0
AFE,500k-1 million,2050.0,96.0,65952062.0
AFE,50k-100k,2050.0,1006.0,70952036.0
AFE,>10 millions,2050.0,4.0,57439184.0
AFW,1-2.5 millions,2050.0,31.0,47940330.0
AFW,100k-250k,2050.0,526.0,79163707.0
AFW,2.5-5 millions,2050.0,12.0,38701660.0
AFW,250k-500k,2050.0,143.0,49227221.0
AFW,5-10 millions,2050.0,11.0,78143887.0
AFW,500k-1 million,2050.0,59.0,41133082.0
AFW,50k-100k,2050.0,776.0,53766113.0
AFW,>10 millions,2050.0,1.0,16180326.0
AGO,1-2.5 millions,2050.0,4.0,6876097.0
AGO,100k-250k,2050.0,36.0,5594111.0
AGO,250k-500k,2050.0,10.0,3295321.0
AGO,500k-1 million,2050.0,12.0,8820070.0
AGO,50k-100k,2050.0,48.0,3413720.0
AGO,>10 millions,2050.0,1.0,20286119.0
BDI,1-2.5 millions,2050.0,1.0,1930636.0
BDI,100k-250k,2050.0,13.0,1894371.0
BDI,250k-500k,2050.0,5.0,1890457.0
BDI,50k-100k,2050.0,22.0,1646009.0
BEN,1-2.5 millions,2050.0,1.0,1201491.0
BEN,100k-250k,2050.0,23.0,3462861.0
BEN,2.5-5 millions,2050.0,1.0,3444190.0
BEN,250k-500k,2050.0,1.0,462020.0
BEN,500k-1 million,2050.0,1.0,728028.0
BEN,50k-100k,2050.0,24.0,1732949.0
BFA,1-2.5 millions,2050.0,1.0,1465665.0
BFA,100k-250k,2050.0,12.0,1772996.0
BFA,2.5-5 millions,2050.0,1.0,4401534.0
BFA,250k-500k,2050.0,1.0,302007.0
BFA,50k-100k,2050.0,32.0,2261103.0
BWA,100k-250k,2050.0,3.0,375703.0
BWA,250k-500k,2050.0,1.0,352396.0
BWA,50k-100k,2050.0,5.0,305802.0
CAF,1-2.5 millions,2050.0,1.0,1628188.0
CAF,100k-250k,2050.0,3.0,343718.0
CAF,50k-100k,2050.0,14.0,994669.0
CIV,100k-250k,2050.0,29.0,4389693.0
CIV,250k-500k,2050.0,6.0,2258616.0
CIV,5-10 millions,2050.0,1.0,9775147.0
CIV,500k-1 million,2050.0,3.0,2063491.0
CIV,50k-100k,2050.0,49.0,3374792.0
CMR,100k-250k,2050.0,27.0,4037176.0
CMR,250k-500k,2050.0,11.0,3915367.0
CMR,5-10 millions,2050.0,2.0,15109662.0
CMR,500k-1 million,2050.0,6.0,3860399.0
CMR,50k-100k,2050.0,40.0,2753593.0
COD,1-2.5 millions,2050.0,8.0,10784372.0
COD,100k-250k,2050.0,141.0,21079969.0
COD,2.5-5 millions,2050.0,2.0,5620244.0
COD,250k-500k,2050.0,59.0,19734864.0
COD,5-10 millions,2050.0,2.0,10377209.0
COD,500k-1 million,2050.0,21.0,13512356.0
COD,50k-100k,2050.0,209.0,14475073.0
COD,>10 millions,2050.0,1.0,13210577.0
COG,100k-250k,2050.0,1.0,129070.0
COG,2.5-5 millions,2050.0,1.0,2846263.0
COG,250k-500k,2050.0,1.0,262915.0
COG,5-10 millions,2050.0,1.0,5730423.0
COG,50k-100k,2050.0,5.0,351064.0
COM,250k-500k,2050.0,2.0,644010.0
CPV,100k-250k,2050.0,1.0,148033.0
CPV,50k-100k,2050.0,1.0,77126.0
ERI,100k-250k,2050.0,5.0,784354.0
ERI,250k-500k,2050.0,2.0,656444.0
ERI,500k-1 million,2050.0,1.0,574251.0
ERI,50k-100k,2050.0,5.0,364484.0
ETH,100k-250k,2050.0,174.0,26554410.0
ETH,250k-500k,2050.0,49.0,16787415.0
ETH,500k-1 million,2050.0,14.0,9997491.0
ETH,50k-100k,2050.0,262.0,18941974.0
ETH,>10 millions,2050.0,1.0,10782580.0
GAB,1-2.5 millions,2050.0,1.0,1171404.0
GAB,100k-250k,2050.0,4.0,677020.0
GAB,500k-1 million,2050.0,1.0,569220.0
GAB,50k-100k,2050.0,2.0,161672.0
GHA,1-2.5 millions,2050.0,1.0,1627013.0
GHA,100k-250k,2050.0,39.0,5514018.0
GHA,250k-500k,2050.0,8.0,2659730.0
GHA,5-10 millions,2050.0,2.0,12679839.0
GHA,500k-1 million,2050.0,1.0,804963.0
GHA,50k-100k,2050.0,53.0,3641304.0
GIN,100k-250k,2050.0,14.0,1790807.0
GIN,2.5-5 millions,2050.0,1.0,3397410.0
GIN,250k-500k,2050.0,3.0,901971.0
GIN,500k-1 million,2050.0,2.0,1338397.0
GIN,50k-100k,2050.0,18.0,1260749.0
GMB,1-2.5 millions,2050.0,1.0,1535965.0
GMB,100k-250k,2050.0,2.0,223442.0
GMB,250k-500k,2050.0,1.0,304948.0
GMB,50k-100k,2050.0,3.0,179144.0
GNB,100k-250k,2050.0,2.0,237829.0
GNB,500k-1 million,2050.0,1.0,782910.0
GNB,50k-100k,2050.0,1.0,54692.0
GNQ,1-2.5 millions,2050.0,2.0,2665267.0
KEN,1-2.5 millions,2050.0,1.0,1808634.0
KEN,100k-250k,2050.0,23.0,3645121.0
KEN,250k-500k,2050.0,15.0,4840085.0
KEN,5-10 millions,2050.0,1.0,8514575.0
KEN,500k-1 million,2050.0,4.0,2799480.0
KEN,50k-100k,2050.0,55.0,3916838.0
LBR,1-2.5 millions,2050.0,1.0,2487002.0
LBR,100k-250k,2050.0,7.0,867114.0
LBR,50k-100k,2050.0,5.0,328660.0
LSO,250k-500k,2050.0,1.0,329432.0
MDG,100k-250k,2050.0,11.0,1507832.0
MDG,250k-500k,2050.0,5.0,1542060.0
MDG,5-10 millions,2050.0,1.0,6009295.0
MDG,500k-1 million,2050.0,2.0,1196423.0
MDG,50k-100k,2050.0,21.0,1490496.0
MLI,100k-250k,2050.0,13.0,1971190.0
MLI,250k-500k,2050.0,4.0,1654321.0
MLI,5-10 millions,2050.0,1.0,7639829.0
MLI,500k-1 million,2050.0,1.0,626523.0
MLI,50k-100k,2050.0,28.0,1900562.0
MOZ,1-2.5 millions,2050.0,1.0,1234642.0
MOZ,100k-250k,2050.0,28.0,3981581.0
MOZ,2.5-5 millions,2050.0,1.0,4323235.0
MOZ,250k-500k,2050.0,8.0,2644136.0
MOZ,500k-1 million,2050.0,5.0,3751869.0
MOZ,50k-100k,2050.0,44.0,3153373.0
MRT,100k-250k,2050.0,3.0,424761.0
MRT,2.5-5 millions,2050.0,1.0,2633046.0
MRT,250k-500k,2050.0,1.0,328505.0
MRT,50k-100k,2050.0,7.0,523976.0
MUS,250k-500k,2050.0,1.0,492624.0
MWI,1-2.5 millions,2050.0,2.0,3160052.0
MWI,100k-250k,2050.0,5.0,699906.0
MWI,250k-500k,2050.0,2.0,736816.0
MWI,50k-100k,2050.0,12.0,821844.0
NAM,100k-250k,2050.0,3.0,528746.0
NAM,500k-1 million,2050.0,1.0,552444.0
NAM,50k-100k,2050.0,2.0,114085.0
NER,1-2.5 millions,2050.0,3.0,4058950.0
NER,100k-250k,2050.0,23.0,3563097.0
NER,250k-500k,2050.0,4.0,1226261.0
NER,500k-1 million,2050.0,2.0,1125222.0
NER,50k-100k,2050.0,40.0,2689510.0
NGA,1-2.5 millions,2050.0,18.0,28530446.0
NGA,100k-250k,2050.0,270.0,41917626.0
NGA,2.5-5 millions,2050.0,4.0,13016010.0
NGA,250k-500k,2050.0,75.0,26134337.0
NGA,5-10 millions,2050.0,3.0,21847416.0
NGA,500k-1 million,2050.0,37.0,26114633.0
NGA,50k-100k,2050.0,379.0,26290634.0
NGA,>10 millions,2050.0,1.0,16180326.0
RWA,1-2.5 millions,2050.0,1.0,2300975.0
RWA,100k-250k,2050.0,9.0,1587385.0
RWA,250k-500k,2050.0,2.0,587028.0
RWA,500k-1 million,2050.0,1.0,695153.0
RWA,50k-100k,2050.0,20.0,1377673.0
SDN,1-2.5 millions,2050.0,3.0,3585268.0
SDN,100k-250k,2050.0,64.0,10178992.0
SDN,250k-500k,2050.0,23.0,7496492.0
SDN,5-10 millions,2050.0,1.0,9444354.0
SDN,500k-1 million,2050.0,9.0,6495869.0
SDN,50k-100k,2050.0,62.0,4392337.0
SEN,1-2.5 millions,2050.0,1.0,1568939.0
SEN,100k-250k,2050.0,12.0,1551961.0
SEN,250k-500k,2050.0,7.0,2381585.0
SEN,5-10 millions,2050.0,1.0,5361571.0
SEN,500k-1 million,2050.0,3.0,2361081.0
SEN,50k-100k,2050.0,25.0,1751696.0
SLE,100k-250k,2050.0,6.0,858183.0
SLE,2.5-5 millions,2050.0,1.0,2650410.0
SLE,250k-500k,2050.0,3.0,1026354.0
SLE,50k-100k,2050.0,7.0,462241.0
SOM,100k-250k,2050.0,32.0,4919805.0
SOM,250k-500k,2050.0,6.0,1979136.0
SOM,5-10 millions,2050.0,1.0,7194603.0
SOM,500k-1 million,2050.0,8.0,5141922.0
SOM,50k-100k,2050.0,35.0,2452260.0
SSA,1-2.5 millions,2050.0,62.0,94694781.0
SSA,100k-250k,2050.0,1225.0,185835873.0
SSA,2.5-5 millions,2050.0,17.0,55256337.0
SSA,250k-500k,2050.0,392.0,132992733.0
SSA,5-10 millions,2050.0,21.0,149171111.0
SSA,500k-1 million,2050.0,155.0,107085144.0
SSA,50k-100k,2050.0,1782.0,124718149.0
SSA,>10 millions,2050.0,5.0,73619510.0
SSD,100k-250k,2050.0,16.0,2308779.0
SSD,250k-500k,2050.0,4.0,1488253.0
SSD,500k-1 million,2050.0,4.0,2954290.0
SSD,50k-100k,2050.0,12.0,717722.0
STP,100k-250k,2050.0,1.0,239314.0
SWZ,100k-250k,2050.0,1.0,130652.99999999999
SWZ,50k-100k,2050.0,1.0,53827.0
TCD,100k-250k,2050.0,23.0,3545470.0
TCD,2.5-5 millions,2050.0,1.0,3044505.0
TCD,250k-500k,2050.0,11.0,3505813.0
TCD,500k-1 million,2050.0,1.0,758215.0
TCD,50k-100k,2050.0,29.0,2004568.0
TGO,100k-250k,2050.0,12.0,1737642.0
TGO,2.5-5 millions,2050.0,1.0,3268292.0
TGO,250k-500k,2050.0,6.0,1902471.0
TGO,50k-100k,2050.0,14.0,971409.0
TZA,1-2.5 millions,2050.0,4.0,6104962.0
TZA,100k-250k,2050.0,33.0,5176494.0
TZA,250k-500k,2050.0,18.0,6096624.0
TZA,500k-1 million,2050.0,4.0,2608763.0
TZA,50k-100k,2050.0,82.0,5776272.0
TZA,>10 millions,2050.0,1.0,13159908.0
UGA,1-2.5 millions,2050.0,1.0,1276059.0
UGA,100k-250k,2050.0,26.0,4123090.0
UGA,250k-500k,2050.0,10.0,3347089.0
UGA,5-10 millions,2050.0,1.0,7893623.0
UGA,500k-1 million,2050.0,2.0,1494602.0
UGA,50k-100k,2050.0,27.0,1984354.0
ZAF,1-2.5 millions,2050.0,4.0,6681367.0
ZAF,100k-250k,2050.0,39.0,5811068.0
ZAF,2.5-5 millions,2050.0,1.0,3157978.0
ZAF,250k-500k,2050.0,19.0,6360536.0
ZAF,5-10 millions,2050.0,2.0,15043497.0
ZAF,500k-1 million,2050.0,4.0,2810121.0
ZAF,50k-100k,2050.0,52.0,3607316.0
ZMB,1-2.5 millions,2050.0,1.0,1011387.0
ZMB,100k-250k,2050.0,24.0,3657875.0
ZMB,250k-500k,2050.0,6.0,2154936.0
ZMB,5-10 millions,2050.0,1.0,6550068.0
ZMB,500k-1 million,2050.0,3.0,1853988.0
ZMB,50k-100k,2050.0,19.0,1187912.0
ZWE,100k-250k,2050.0,12.0,1892607.0
ZWE,2.5-5 millions,2050.0,1.0,3453220.0
ZWE,250k-500k,2050.0,1.0,309358.0
ZWE,500k-1 million,2050.0,1.0,692970.0
ZWE,50k-100k,2050.0,11.0,758665.0
SYC,,,,
