 ISO3_Code , Category , Year , Pop , Pop_Rel 
 AFE , Rural ," 1,950 "," 91,002,190 ", 1 
 AFE , Urban ," 1,950 "," 12,316,301 ", 0 
 AFW , Rural ," 1,950 "," 72,224,630 ", 1 
 AFW , Urban ," 1,950 "," 8,040,555 ", 0 
 AGO , Rural ," 1,950 "," 4,280,578 ", 1 
 AGO , Urban ," 1,950 "," 271,291 ", 0 
 BDI , Rural ," 1,950 "," 2,228,629 ", 1 
 BDI , Urban ," 1,950 "," 26,309 ", 0 
 BEN , Rural ," 1,950 "," 2,099,836 ", 1 
 BEN , Urban ," 1,950 "," 150,640 ", 0 
 BFA , Rural ," 1,950 "," 4,032,540 ", 1 
 BFA , Urban ," 1,950 "," 180,612 ", 0 
 BWA , Rural ," 1,950 "," 402,528 ", 1 
 BWA , Urban ," 1,950 "," 11,170 ", 0 
 CAF , Rural ," 1,950 "," 1,208,255 ", 1 
 CAF , Urban ," 1,950 "," 229,802 ", 0 
 CIV , Rural ," 1,950 "," 2,465,553 ", 1 
 CIV , Urban ," 1,950 "," 269,627 ", 0 
 CMR , Rural ," 1,950 "," 3,859,400 ", 1 
 CMR , Urban ," 1,950 "," 470,684 ", 0 
 COD , Rural ," 1,950 "," 9,986,672 ", 1 
 COD , Urban ," 1,950 "," 2,307,615 ", 0 
 COG , Rural ," 1,950 "," 572,359 ", 1 
 COG , Urban ," 1,950 "," 262,903 ", 0 
 COM , Rural ," 1,950 "," 150,872 ", 1 
 COM , Urban ," 1,950 "," 11,066 ", 0 
 CPV , Rural ," 1,950 "," 172,386 ", 1 
 CPV , Urban ," 1,950 "," 12,586 ", 0 
 ERI , Rural ," 1,950 "," 757,011 ", 1 
 ERI , Urban ," 1,950 "," 57,855 ", 0 
 ETH , Rural ," 1,950 "," 16,620,790 ", 1 
 ETH , Urban ," 1,950 "," 1,049,622 ", 0 
 GAB , Rural ," 1,950 "," 418,938 ", 1 
 GAB , Urban ," 1,950 "," 53,904 ", 0 
 GHA , Rural ," 1,950 "," 4,304,337 ", 1 
 GHA , Urban ," 1,950 "," 776,327 ", 0 
 GIN , Rural ," 1,950 "," 2,769,802 ", 1 
 GIN , Urban ," 1,950 "," 243,375 ", 0 
 GMB , Rural ," 1,950 "," 274,563 ", 1 
 GMB , Urban ," 1,950 "," 32,173 ", 0 
 GNB , Rural ," 1,950 "," 489,176 ", 1 
 GNB , Urban ," 1,950 "," 54,451 ", 0 
 GNQ , Rural ," 1,950 "," 190,697 ", 1 
 GNQ , Urban ," 1,950 "," 35,865 ", 0 
 KEN , Rural ," 1,950 "," 5,427,482 ", 1 
 KEN , Urban ," 1,950 "," 341,702 ", 0 
 LBR , Rural ," 1,950 "," 800,922 ", 1 
 LBR , Urban ," 1,950 "," 117,980 ", 0 
 LSO , Rural ," 1,950 "," 569,409 ", 1 
 LSO , Urban ," 1,950 "," 10,142 ", 0 
 MDG , Rural ," 1,950 "," 3,647,105 ", 1 
 MDG , Urban ," 1,950 "," 308,969 ", 0 
 MLI , Rural ," 1,950 "," 4,487,549 ", 1 
 MLI , Urban ," 1,950 "," 209,362 ", 0 
 MOZ , Rural ," 1,950 "," 5,770,622 ", 1 
 MOZ , Urban ," 1,950 "," 139,603 ", 0 
 MRT , Rural ," 1,950 "," 640,533 ", 1 
 MRT , Urban ," 1,950 "," 17,182 ", 0 
 MUS , Rural ," 1,950 "," 349,171 ", 1 
 MUS , Urban ," 1,950 "," 176,387 ", 0 
 MWI , Rural ," 1,950 "," 2,846,101 ", 1 
 MWI , Urban ," 1,950 "," 104,199 ", 0 
 NAM , Rural ," 1,950 "," 434,582 ", 1 
 NAM , Urban ," 1,950 "," 80,009 ", 0 
 NER , Rural ," 1,950 "," 2,464,349 ", 1 
 NER , Urban ," 1,950 "," 133,461 ", 0 
 NGA , Rural ," 1,950 "," 33,510,405 ", 1 
 NGA , Urban ," 1,950 "," 3,772,605 ", 0 
 RWA , Rural ," 1,950 "," 2,118,700 ", 1 
 RWA , Urban ," 1,950 "," 38,396 ", 0 
 SDN , Rural ," 1,950 "," 5,799,327 ", 1 
 SDN , Urban ," 1,950 "," 390,583 ", 0 
 SEN , Rural ," 1,950 "," 2,002,132 ", 1 
 SEN , Urban ," 1,950 "," 553,237 ", 0 
 SLE , Rural ," 1,950 "," 1,751,033 ", 1 
 SLE , Urban ," 1,950 "," 248,590 ", 0 
 SOM , Rural ," 1,950 "," 1,928,677 ", 1 
 SOM , Urban ," 1,950 "," 284,454 ", 0 
 SSA , Rural ," 1,950 "," 163,226,820 ", 1 
 SSA , Urban ," 1,950 "," 20,356,856 ", 0 
 SSD , Rural ," 1,950 "," 2,331,566 ", 1 
 SSD , Urban ," 1,950 "," 161,717 ", 0 
 STP , Rural ," 1,950 "," 52,787 ", 1 
 STP , Urban ," 1,950 "," 8,087 ", 0 
 SWZ , Rural ," 1,950 "," 268,165 ", 1 
 SWZ , Urban ," 1,950 "," 3,490 ", 0 
 SYC , Rural ," 1,950 "," 27,790 ", 1 
 SYC , Urban ," 1,950 "," 10,494 ", 0 
 TCD , Rural ," 1,950 "," 2,411,809 ", 1 
 TCD , Urban ," 1,950 "," 113,645 ", 0 
 TGO , Rural ," 1,950 "," 1,298,056 ", 1 
 TGO , Urban ," 1,950 "," 101,544 ", 0 
 TZA , Rural ," 1,950 "," 7,343,876 ", 1 
 TZA , Urban ," 1,950 "," 281,279 ", 0 
 UGA , Rural ," 1,950 "," 5,564,632 ", 1 
 UGA , Urban ," 1,950 "," 186,282 ", 0 
 ZAF , Rural ," 1,950 "," 7,549,570 ", 1 
 ZAF , Urban ," 1,950 "," 5,488,921 ", 0 
 ZMB , Rural ," 1,950 "," 2,054,352 ", 1 
 ZMB , Urban ," 1,950 "," 266,950 ", 0 
 ZWE , Rural ," 1,950 "," 2,491,199 ", 1 
 ZWE , Urban ," 1,950 "," 299,706 ", 0 
 AFE , Rural ," 1,951 "," 92,606,025 ", 1 
 AFE , Urban ," 1,951 "," 12,938,542 ", 0 
 AFW , Rural ," 1,951 "," 73,377,758 ", 1 
 AFW , Urban ," 1,951 "," 8,408,861 ", 0 
 AGO , Rural ," 1,951 "," 4,307,358 ", 1 
 AGO , Urban ," 1,951 "," 295,204 ", 0 
 BDI , Rural ," 1,951 "," 2,277,742 ", 1 
 BDI , Urban ," 1,951 "," 28,004 ", 0 
 BEN , Rural ," 1,951 "," 2,112,343 ", 1 
 BEN , Urban ," 1,951 "," 154,965 ", 0 
 BFA , Rural ," 1,951 "," 4,074,754 ", 1 
 BFA , Urban ," 1,951 "," 185,630 ", 0 
 BWA , Rural ," 1,951 "," 412,108 ", 1 
 BWA , Urban ," 1,951 "," 11,448 ", 0 
 CAF , Rural ," 1,951 "," 1,223,650 ", 1 
 CAF , Urban ," 1,951 "," 237,601 ", 0 
 CIV , Rural ," 1,951 "," 2,517,982 ", 1 
 CIV , Urban ," 1,951 "," 291,385 ", 0 
 CMR , Rural ," 1,951 "," 3,910,860 ", 1 
 CMR , Urban ," 1,951 "," 484,493 ", 0 
 COD , Rural ," 1,951 "," 10,063,093 ", 1 
 COD , Urban ," 1,951 "," 2,479,551 ", 0 
 COG , Rural ," 1,951 "," 579,440 ", 1 
 COG , Urban ," 1,951 "," 274,195 ", 0 
 COM , Rural ," 1,951 "," 153,382 ", 1 
 COM , Urban ," 1,951 "," 12,151 ", 0 
 CPV , Rural ," 1,951 "," 174,596 ", 1 
 CPV , Urban ," 1,951 "," 12,602 ", 0 
 ERI , Rural ," 1,951 "," 765,325 ", 1 
 ERI , Urban ," 1,951 "," 61,701 ", 0 
 ETH , Rural ," 1,951 "," 16,902,286 ", 1 
 ETH , Urban ," 1,951 "," 1,086,775 ", 0 
 GAB , Rural ," 1,951 "," 421,352 ", 1 
 GAB , Urban ," 1,951 "," 54,286 ", 0 
 GHA , Rural ," 1,951 "," 4,392,742 ", 1 
 GHA , Urban ," 1,951 "," 836,382 ", 0 
 GIN , Rural ," 1,951 "," 2,811,253 ", 1 
 GIN , Urban ," 1,951 "," 250,720 ", 0 
 GMB , Rural ," 1,951 "," 281,473 ", 1 
 GMB , Urban ," 1,951 "," 33,018 ", 0 
 GNB , Rural ," 1,951 "," 492,449 ", 1 
 GNB , Urban ," 1,951 "," 57,288 ", 0 
 GNQ , Rural ," 1,951 "," 191,469 ", 1 
 GNQ , Urban ," 1,951 "," 39,146 ", 0 
 KEN , Rural ," 1,951 "," 5,529,441 ", 1 
 KEN , Urban ," 1,951 "," 364,135 ", 0 
 LBR , Rural ," 1,951 "," 811,526 ", 1 
 LBR , Urban ," 1,951 "," 124,882 ", 0 
 LSO , Rural ," 1,951 "," 579,860 ", 1 
 LSO , Urban ," 1,951 "," 10,409 ", 0 
 MDG , Rural ," 1,951 "," 3,728,460 ", 1 
 MDG , Urban ," 1,951 "," 328,740 ", 0 
 MLI , Rural ," 1,951 "," 4,546,555 ", 1 
 MLI , Urban ," 1,951 "," 220,146 ", 0 
 MOZ , Rural ," 1,951 "," 5,835,257 ", 1 
 MOZ , Urban ," 1,951 "," 142,899 ", 0 
 MRT , Rural ," 1,951 "," 651,933 ", 1 
 MRT , Urban ," 1,951 "," 18,951 ", 0 
 MUS , Rural ," 1,951 "," 355,751 ", 1 
 MUS , Urban ," 1,951 "," 185,419 ", 0 
 MWI , Rural ," 1,951 "," 2,896,527 ", 1 
 MWI , Urban ," 1,951 "," 106,358 ", 0 
 NAM , Rural ," 1,951 "," 436,692 ", 1 
 NAM , Urban ," 1,951 "," 83,699 ", 0 
 NER , Rural ," 1,951 "," 2,546,206 ", 1 
 NER , Urban ," 1,951 "," 138,548 ", 0 
 NGA , Rural ," 1,951 "," 34,051,815 ", 1 
 NGA , Urban ," 1,951 "," 3,942,262 ", 0 
 RWA , Rural ," 1,951 "," 2,194,189 ", 1 
 RWA , Urban ," 1,951 "," 41,842 ", 0 
 SDN , Rural ," 1,951 "," 5,954,102 ", 1 
 SDN , Urban ," 1,951 "," 421,958 ", 0 
 SEN , Rural ," 1,951 "," 2,050,048 ", 1 
 SEN , Urban ," 1,951 "," 569,594 ", 0 
 SLE , Rural ," 1,951 "," 1,762,368 ", 1 
 SLE , Urban ," 1,951 "," 260,908 ", 0 
 SOM , Rural ," 1,951 "," 1,974,068 ", 1 
 SOM , Urban ," 1,951 "," 302,612 ", 0 
 SSA , Rural ," 1,951 "," 165,983,783 ", 1 
 SSA , Urban ," 1,951 "," 21,347,403 ", 0 
 SSD , Rural ," 1,951 "," 2,349,820 ", 1 
 SSD , Urban ," 1,951 "," 179,800 ", 0 
 STP , Rural ," 1,951 "," 53,523 ", 1 
 STP , Urban ," 1,951 "," 8,238 ", 0 
 SWZ , Rural ," 1,951 "," 274,613 ", 1 
 SWZ , Urban ," 1,951 "," 3,991 ", 0 
 SYC , Rural ," 1,951 "," 28,077 ", 1 
 SYC , Urban ," 1,951 "," 10,606 ", 0 
 TCD , Rural ," 1,951 "," 2,452,995 ", 1 
 TCD , Urban ," 1,951 "," 117,411 ", 0 
 TGO , Rural ," 1,951 "," 1,319,949 ", 1 
 TGO , Urban ," 1,951 "," 104,448 ", 0 
 TZA , Rural ," 1,951 "," 7,506,818 ", 1 
 TZA , Urban ," 1,951 "," 306,157 ", 0 
 UGA , Rural ," 1,951 "," 5,714,939 ", 1 
 UGA , Urban ," 1,951 "," 196,225 ", 0 
 ZAF , Rural ," 1,951 "," 7,627,989 ", 1 
 ZAF , Urban ," 1,951 "," 5,681,031 ", 0 
 ZMB , Rural ," 1,951 "," 2,115,013 ", 1 
 ZMB , Urban ," 1,951 "," 278,289 ", 0 
 ZWE , Rural ," 1,951 "," 2,569,593 ", 1 
 ZWE , Urban ," 1,951 "," 311,299 ", 0 
 AFE , Rural ," 1,952 "," 94,287,359 ", 1 
 AFE , Urban ," 1,952 "," 13,586,601 ", 0 
 AFW , Rural ," 1,952 "," 74,539,244 ", 1 
 AFW , Urban ," 1,952 "," 8,807,915 ", 0 
 AGO , Rural ," 1,952 "," 4,332,334 ", 1 
 AGO , Urban ," 1,952 "," 319,354 ", 0 
 BDI , Rural ," 1,952 "," 2,325,949 ", 1 
 BDI , Urban ," 1,952 "," 29,855 ", 0 
 BEN , Rural ," 1,952 "," 2,125,171 ", 1 
 BEN , Urban ," 1,952 "," 160,604 ", 0 
 BFA , Rural ," 1,952 "," 4,119,460 ", 1 
 BFA , Urban ," 1,952 "," 190,891 ", 0 
 BWA , Rural ," 1,952 "," 421,951 ", 1 
 BWA , Urban ," 1,952 "," 11,760 ", 0 
 CAF , Rural ," 1,952 "," 1,238,685 ", 1 
 CAF , Urban ," 1,952 "," 246,139 ", 0 
 CIV , Rural ," 1,952 "," 2,570,502 ", 1 
 CIV , Urban ," 1,952 "," 315,210 ", 0 
 CMR , Rural ," 1,952 "," 3,963,876 ", 1 
 CMR , Urban ," 1,952 "," 500,840 ", 0 
 COD , Rural ," 1,952 "," 10,163,991 ", 1 
 COD , Urban ," 1,952 "," 2,639,649 ", 0 
 COG , Rural ," 1,952 "," 586,894 ", 1 
 COG , Urban ," 1,952 "," 285,788 ", 0 
 COM , Rural ," 1,952 "," 155,667 ", 1 
 COM , Urban ," 1,952 "," 13,309 ", 0 
 CPV , Rural ," 1,952 "," 176,805 ", 1 
 CPV , Urban ," 1,952 "," 12,627 ", 0 
 ERI , Rural ," 1,952 "," 774,664 ", 1 
 ERI , Urban ," 1,952 "," 65,676 ", 0 
 ETH , Rural ," 1,952 "," 17,199,781 ", 1 
 ETH , Urban ," 1,952 "," 1,126,392 ", 0 
 GAB , Rural ," 1,952 "," 423,778 ", 1 
 GAB , Urban ," 1,952 "," 54,810 ", 0 
 GHA , Rural ," 1,952 "," 4,483,710 ", 1 
 GHA , Urban ," 1,952 "," 903,786 ", 0 
 GIN , Rural ," 1,952 "," 2,854,777 ", 1 
 GIN , Urban ," 1,952 "," 256,904 ", 0 
 GMB , Rural ," 1,952 "," 288,812 ", 1 
 GMB , Urban ," 1,952 "," 33,826 ", 0 
 GNB , Rural ," 1,952 "," 493,982 ", 1 
 GNB , Urban ," 1,952 "," 59,930 ", 0 
 GNQ , Rural ," 1,952 "," 191,984 ", 1 
 GNQ , Urban ," 1,952 "," 42,700 ", 0 
 KEN , Rural ," 1,952 "," 5,645,445 ", 1 
 KEN , Urban ," 1,952 "," 387,849 ", 0 
 LBR , Rural ," 1,952 "," 822,687 ", 1 
 LBR , Urban ," 1,952 "," 132,289 ", 0 
 LSO , Rural ," 1,952 "," 591,104 ", 1 
 LSO , Urban ," 1,952 "," 10,843 ", 0 
 MDG , Rural ," 1,952 "," 3,811,410 ", 1 
 MDG , Urban ," 1,952 "," 349,425 ", 0 
 MLI , Rural ," 1,952 "," 4,604,266 ", 1 
 MLI , Urban ," 1,952 "," 232,097 ", 0 
 MOZ , Rural ," 1,952 "," 5,902,853 ", 1 
 MOZ , Urban ," 1,952 "," 147,906 ", 0 
 MRT , Rural ," 1,952 "," 663,610 ", 1 
 MRT , Urban ," 1,952 "," 21,194 ", 0 
 MUS , Rural ," 1,952 "," 362,711 ", 1 
 MUS , Urban ," 1,952 "," 194,465 ", 0 
 MWI , Rural ," 1,952 "," 2,950,386 ", 1 
 MWI , Urban ," 1,952 "," 108,992 ", 0 
 NAM , Rural ," 1,952 "," 438,388 ", 1 
 NAM , Urban ," 1,952 "," 88,246 ", 0 
 NER , Rural ," 1,952 "," 2,627,898 ", 1 
 NER , Urban ," 1,952 "," 143,990 ", 0 
 NGA , Rural ," 1,952 "," 34,592,927 ", 1 
 NGA , Urban ," 1,952 "," 4,123,275 ", 0 
 RWA , Rural ," 1,952 "," 2,271,092 ", 1 
 RWA , Urban ," 1,952 "," 45,418 ", 0 
 SDN , Rural ," 1,952 "," 6,103,123 ", 1 
 SDN , Urban ," 1,952 "," 465,486 ", 0 
 SEN , Rural ," 1,952 "," 2,100,548 ", 1 
 SEN , Urban ," 1,952 "," 586,451 ", 0 
 SLE , Rural ," 1,952 "," 1,773,520 ", 1 
 SLE , Urban ," 1,952 "," 273,680 ", 0 
 SOM , Rural ," 1,952 "," 2,018,707 ", 1 
 SOM , Urban ," 1,952 "," 321,542 ", 0 
 SSA , Rural ," 1,952 "," 168,826,603 ", 1 
 SSA , Urban ," 1,952 "," 22,394,516 ", 0 
 SSD , Rural ," 1,952 "," 2,370,564 ", 1 
 SSD , Urban ," 1,952 "," 198,645 ", 0 
 STP , Rural ," 1,952 "," 54,208 ", 1 
 STP , Urban ," 1,952 "," 8,385 ", 0 
 SWZ , Rural ," 1,952 "," 281,022 ", 1 
 SWZ , Urban ," 1,952 "," 4,608 ", 0 
 SYC , Rural ," 1,952 "," 28,296 ", 1 
 SYC , Urban ," 1,952 "," 10,693 ", 0 
 TCD , Rural ," 1,952 "," 2,494,000 ", 1 
 TCD , Urban ," 1,952 "," 122,312 ", 0 
 TGO , Rural ," 1,952 "," 1,341,351 ", 1 
 TGO , Urban ," 1,952 "," 108,573 ", 0 
 TZA , Rural ," 1,952 "," 7,678,120 ", 1 
 TZA , Urban ," 1,952 "," 330,959 ", 0 
 UGA , Rural ," 1,952 "," 5,869,905 ", 1 
 UGA , Urban ," 1,952 "," 207,135 ", 0 
 ZAF , Rural ," 1,952 "," 7,710,805 ", 1 
 ZAF , Urban ," 1,952 "," 5,884,738 ", 0 
 ZMB , Rural ," 1,952 "," 2,174,090 ", 1 
 ZMB , Urban ," 1,952 "," 293,161 ", 0 
 ZWE , Rural ," 1,952 "," 2,650,794 ", 1 
 ZWE , Urban ," 1,952 "," 322,109 ", 0 
 AFE , Rural ," 1,953 "," 96,037,020 ", 1 
 AFE , Urban ," 1,953 "," 14,244,537 ", 0 
 AFW , Rural ," 1,953 "," 75,691,163 ", 1 
 AFW , Urban ," 1,953 "," 9,244,443 ", 0 
 AGO , Rural ," 1,953 "," 4,362,124 ", 1 
 AGO , Urban ," 1,953 "," 344,235 ", 0 
 BDI , Rural ," 1,953 "," 2,373,322 ", 1 
 BDI , Urban ," 1,953 "," 31,864 ", 0 
 BEN , Rural ," 1,953 "," 2,138,725 ", 1 
 BEN , Urban ," 1,953 "," 167,477 ", 0 
 BFA , Rural ," 1,953 "," 4,164,996 ", 1 
 BFA , Urban ," 1,953 "," 196,321 ", 0 
 BWA , Rural ," 1,953 "," 431,871 ", 1 
 BWA , Urban ," 1,953 "," 12,102 ", 0 
 CAF , Rural ," 1,953 "," 1,253,513 ", 1 
 CAF , Urban ," 1,953 "," 255,435 ", 0 
 CIV , Rural ," 1,953 "," 2,623,506 ", 1 
 CIV , Urban ," 1,953 "," 341,626 ", 0 
 CMR , Rural ," 1,953 "," 4,018,801 ", 1 
 CMR , Urban ," 1,953 "," 519,645 ", 0 
 COD , Rural ," 1,953 "," 10,287,809 ", 1 
 COD , Urban ," 1,953 "," 2,781,641 ", 0 
 COG , Rural ," 1,953 "," 594,793 ", 1 
 COG , Urban ," 1,953 "," 297,673 ", 0 
 COM , Rural ," 1,953 "," 158,035 ", 1 
 COM , Urban ," 1,953 "," 14,565 ", 0 
 CPV , Rural ," 1,953 "," 178,878 ", 1 
 CPV , Urban ," 1,953 "," 12,668 ", 0 
 ERI , Rural ," 1,953 "," 784,925 ", 1 
 ERI , Urban ," 1,953 "," 69,777 ", 0 
 ETH , Rural ," 1,953 "," 17,506,662 ", 1 
 ETH , Urban ," 1,953 "," 1,168,114 ", 0 
 GAB , Rural ," 1,953 "," 426,270 ", 1 
 GAB , Urban ," 1,953 "," 55,482 ", 0 
 GHA , Rural ," 1,953 "," 4,576,188 ", 1 
 GHA , Urban ," 1,953 "," 977,782 ", 0 
 GIN , Rural ," 1,953 "," 2,900,467 ", 1 
 GIN , Urban ," 1,953 "," 262,055 ", 0 
 GMB , Rural ," 1,953 "," 296,640 ", 1 
 GMB , Urban ," 1,953 "," 34,449 ", 0 
 GNB , Rural ," 1,953 "," 495,120 ", 1 
 GNB , Urban ," 1,953 "," 62,505 ", 0 
 GNQ , Rural ," 1,953 "," 192,292 ", 1 
 GNQ , Urban ," 1,953 "," 46,504 ", 0 
 KEN , Rural ," 1,953 "," 5,771,249 ", 1 
 KEN , Urban ," 1,953 "," 412,642 ", 0 
 LBR , Rural ," 1,953 "," 834,189 ", 1 
 LBR , Urban ," 1,953 "," 140,187 ", 0 
 LSO , Rural ," 1,953 "," 603,046 ", 1 
 LSO , Urban ," 1,953 "," 11,428 ", 0 
 MDG , Rural ," 1,953 "," 3,896,438 ", 1 
 MDG , Urban ," 1,953 "," 371,097 ", 0 
 MLI , Rural ," 1,953 "," 4,659,302 ", 1 
 MLI , Urban ," 1,953 "," 245,498 ", 0 
 MOZ , Rural ," 1,953 "," 5,968,391 ", 1 
 MOZ , Urban ," 1,953 "," 154,727 ", 0 
 MRT , Rural ," 1,953 "," 675,485 ", 1 
 MRT , Urban ," 1,953 "," 23,905 ", 0 
 MUS , Rural ," 1,953 "," 368,801 ", 1 
 MUS , Urban ," 1,953 "," 203,119 ", 0 
 MWI , Rural ," 1,953 "," 3,007,162 ", 1 
 MWI , Urban ," 1,953 "," 112,073 ", 0 
 NAM , Rural ," 1,953 "," 439,385 ", 1 
 NAM , Urban ," 1,953 "," 93,845 ", 0 
 NER , Rural ," 1,953 "," 2,709,443 ", 1 
 NER , Urban ," 1,953 "," 149,749 ", 0 
 NGA , Rural ," 1,953 "," 35,117,233 ", 1 
 NGA , Urban ," 1,953 "," 4,322,587 ", 0 
 RWA , Rural ," 1,953 "," 2,349,239 ", 1 
 RWA , Urban ," 1,953 "," 49,121 ", 0 
 SDN , Rural ," 1,953 "," 6,248,295 ", 1 
 SDN , Urban ," 1,953 "," 517,610 ", 0 
 SEN , Rural ," 1,953 "," 2,153,624 ", 1 
 SEN , Urban ," 1,953 "," 603,942 ", 0 
 SLE , Rural ," 1,953 "," 1,783,985 ", 1 
 SLE , Urban ," 1,953 "," 286,825 ", 0 
 SOM , Rural ," 1,953 "," 2,062,263 ", 1 
 SOM , Urban ," 1,953 "," 341,307 ", 0 
 SSA , Rural ," 1,953 "," 171,728,183 ", 1 
 SSA , Urban ," 1,953 "," 23,488,980 ", 0 
 SSD , Rural ," 1,953 "," 2,395,440 ", 1 
 SSD , Urban ," 1,953 "," 216,293 ", 0 
 STP , Rural ," 1,953 "," 54,773 ", 1 
 STP , Urban ," 1,953 "," 8,554 ", 0 
 SWZ , Rural ," 1,953 "," 287,401 ", 1 
 SWZ , Urban ," 1,953 "," 5,337 ", 0 
 SYC , Rural ," 1,953 "," 28,528 ", 1 
 SYC , Urban ," 1,953 "," 10,784 ", 0 
 TCD , Rural ," 1,953 "," 2,535,416 ", 1 
 TCD , Urban ," 1,953 "," 128,354 ", 0 
 TGO , Rural ," 1,953 "," 1,362,299 ", 1 
 TGO , Urban ," 1,953 "," 113,772 ", 0 
 TZA , Rural ," 1,953 "," 7,857,862 ", 1 
 TZA , Urban ," 1,953 "," 355,252 ", 0 
 UGA , Rural ," 1,953 "," 6,030,379 ", 1 
 UGA , Urban ," 1,953 "," 219,056 ", 0 
 ZAF , Rural ," 1,953 "," 7,799,452 ", 1 
 ZAF , Urban ," 1,953 "," 6,093,458 ", 0 
 ZMB , Rural ," 1,953 "," 2,231,891 ", 1 
 ZMB , Urban ," 1,953 "," 311,647 ", 0 
 ZWE , Rural ," 1,953 "," 2,732,277 ", 1 
 ZWE , Urban ," 1,953 "," 334,889 ", 0 
 AFE , Rural ," 1,954 "," 97,881,413 ", 1 
 AFE , Urban ," 1,954 "," 14,901,378 ", 0 
 AFW , Rural ," 1,954 "," 76,841,901 ", 1 
 AFW , Urban ," 1,954 "," 9,727,186 ", 0 
 AGO , Rural ," 1,954 "," 4,396,787 ", 1 
 AGO , Urban ," 1,954 "," 369,930 ", 0 
 BDI , Rural ," 1,954 "," 2,420,547 ", 1 
 BDI , Urban ," 1,954 "," 34,039 ", 0 
 BEN , Rural ," 1,954 "," 2,153,242 ", 1 
 BEN , Urban ," 1,954 "," 175,540 ", 0 
 BFA , Rural ," 1,954 "," 4,211,930 ", 1 
 BFA , Urban ," 1,954 "," 201,946 ", 0 
 BWA , Rural ," 1,954 "," 441,573 ", 1 
 BWA , Urban ," 1,954 "," 12,470 ", 0 
 CAF , Rural ," 1,954 "," 1,268,255 ", 1 
 CAF , Urban ," 1,954 "," 265,502 ", 0 
 CIV , Rural ," 1,954 "," 2,677,315 ", 1 
 CIV , Urban ," 1,954 "," 371,222 ", 0 
 CMR , Rural ," 1,954 "," 4,076,008 ", 1 
 CMR , Urban ," 1,954 "," 540,878 ", 0 
 COD , Rural ," 1,954 "," 10,442,011 ", 1 
 COD , Urban ," 1,954 "," 2,901,020 ", 0 
 COG , Rural ," 1,954 "," 603,188 ", 1 
 COG , Urban ," 1,954 "," 309,829 ", 0 
 COM , Rural ," 1,954 "," 160,241 ", 1 
 COM , Urban ," 1,954 "," 15,897 ", 0 
 CPV , Rural ," 1,954 "," 180,824 ", 1 
 CPV , Urban ," 1,954 "," 12,724 ", 0 
 ERI , Rural ," 1,954 "," 796,017 ", 1 
 ERI , Urban ," 1,954 "," 74,004 ", 0 
 ETH , Rural ," 1,954 "," 17,825,837 ", 1 
 ETH , Urban ," 1,954 "," 1,212,198 ", 0 
 GAB , Rural ," 1,954 "," 428,847 ", 1 
 GAB , Urban ," 1,954 "," 56,304 ", 0 
 GHA , Rural ," 1,954 "," 4,671,469 ", 1 
 GHA , Urban ," 1,954 "," 1,057,959 ", 0 
 GIN , Rural ," 1,954 "," 2,947,773 ", 1 
 GIN , Urban ," 1,954 "," 266,787 ", 0 
 GMB , Rural ," 1,954 "," 304,912 ", 1 
 GMB , Urban ," 1,954 "," 34,900 ", 0 
 GNB , Rural ," 1,954 "," 495,972 ", 1 
 GNB , Urban ," 1,954 "," 65,006 ", 0 
 GNQ , Rural ," 1,954 "," 192,520 ", 1 
 GNQ , Urban ," 1,954 "," 50,455 ", 0 
 KEN , Rural ," 1,954 "," 5,909,374 ", 1 
 KEN , Urban ," 1,954 "," 438,767 ", 0 
 LBR , Rural ," 1,954 "," 846,150 ", 1 
 LBR , Urban ," 1,954 "," 148,619 ", 0 
 LSO , Rural ," 1,954 "," 615,742 ", 1 
 LSO , Urban ," 1,954 "," 12,152 ", 0 
 MDG , Rural ," 1,954 "," 3,983,533 ", 1 
 MDG , Urban ," 1,954 "," 393,786 ", 0 
 MLI , Rural ," 1,954 "," 4,712,555 ", 1 
 MLI , Urban ," 1,954 "," 260,355 ", 0 
 MOZ , Rural ," 1,954 "," 6,033,714 ", 1 
 MOZ , Urban ," 1,954 "," 163,264 ", 0 
 MRT , Rural ," 1,954 "," 687,584 ", 1 
 MRT , Urban ," 1,954 "," 27,088 ", 0 
 MUS , Rural ," 1,954 "," 373,881 ", 1 
 MUS , Urban ," 1,954 "," 211,598 ", 0 
 MWI , Rural ," 1,954 "," 3,065,953 ", 1 
 MWI , Urban ," 1,954 "," 115,576 ", 0 
 NAM , Rural ," 1,954 "," 439,835 ", 1 
 NAM , Urban ," 1,954 "," 100,180 ", 0 
 NER , Rural ," 1,954 "," 2,791,077 ", 1 
 NER , Urban ," 1,954 "," 155,807 ", 0 
 NGA , Rural ," 1,954 "," 35,628,207 ", 1 
 NGA , Urban ," 1,954 "," 4,548,117 ", 0 
 RWA , Rural ," 1,954 "," 2,429,164 ", 1 
 RWA , Urban ," 1,954 "," 52,958 ", 0 
 SDN , Rural ," 1,954 "," 6,395,105 ", 1 
 SDN , Urban ," 1,954 "," 574,531 ", 0 
 SEN , Rural ," 1,954 "," 2,209,194 ", 1 
 SEN , Urban ," 1,954 "," 622,196 ", 0 
 SLE , Rural ," 1,954 "," 1,794,597 ", 1 
 SLE , Urban ," 1,954 "," 300,469 ", 0 
 SOM , Rural ," 1,954 "," 2,104,971 ", 1 
 SOM , Urban ," 1,954 "," 362,341 ", 0 
 SSA , Rural ," 1,954 "," 174,723,314 ", 1 
 SSA , Urban ," 1,954 "," 24,628,564 ", 0 
 SSD , Rural ," 1,954 "," 2,427,647 ", 1 
 SSD , Urban ," 1,954 "," 229,447 ", 0 
 STP , Rural ," 1,954 "," 55,242 ", 1 
 STP , Urban ," 1,954 "," 8,745 ", 0 
 SWZ , Rural ," 1,954 "," 293,758 ", 1 
 SWZ , Urban ," 1,954 "," 6,172 ", 0 
 SYC , Rural ," 1,954 "," 28,793 ", 1 
 SYC , Urban ," 1,954 "," 10,888 ", 0 
 TCD , Rural ," 1,954 "," 2,577,477 ", 1 
 TCD , Urban ," 1,954 "," 135,527 ", 0 
 TGO , Rural ," 1,954 "," 1,382,804 ", 1 
 TGO , Urban ," 1,954 "," 119,957 ", 0 
 TZA , Rural ," 1,954 "," 8,046,230 ", 1 
 TZA , Urban ," 1,954 "," 378,556 ", 0 
 UGA , Rural ," 1,954 "," 6,196,374 ", 1 
 UGA , Urban ," 1,954 "," 232,004 ", 0 
 ZAF , Rural ," 1,954 "," 7,896,201 ", 1 
 ZAF , Urban ," 1,954 "," 6,307,578 ", 0 
 ZMB , Rural ," 1,954 "," 2,288,498 ", 1 
 ZMB , Urban ," 1,954 "," 333,779 ", 0 
 ZWE , Rural ," 1,954 "," 2,814,382 ", 1 
 ZWE , Urban ," 1,954 "," 349,501 ", 0 
 AFE , Rural ," 1,955 "," 99,854,223 ", 1 
 AFE , Urban ," 1,955 "," 15,550,350 ", 0 
 AFW , Rural ," 1,955 "," 78,007,354 ", 1 
 AFW , Urban ," 1,955 "," 10,256,872 ", 0 
 AGO , Rural ," 1,955 "," 4,436,255 ", 1 
 AGO , Urban ," 1,955 "," 396,509 ", 0 
 BDI , Rural ," 1,955 "," 2,468,260 ", 1 
 BDI , Urban ," 1,955 "," 36,390 ", 0 
 BEN , Rural ," 1,955 "," 2,168,900 ", 1 
 BEN , Urban ," 1,955 "," 184,746 ", 0 
 BFA , Rural ," 1,955 "," 4,261,238 ", 1 
 BFA , Urban ," 1,955 "," 207,815 ", 0 
 BWA , Rural ," 1,955 "," 451,061 ", 1 
 BWA , Urban ," 1,955 "," 12,865 ", 0 
 CAF , Rural ," 1,955 "," 1,283,011 ", 1 
 CAF , Urban ," 1,955 "," 276,352 ", 0 
 CIV , Rural ," 1,955 "," 2,732,003 ", 1 
 CIV , Urban ," 1,955 "," 404,625 ", 0 
 CMR , Rural ," 1,955 "," 4,135,767 ", 1 
 CMR , Urban ," 1,955 "," 564,491 ", 0 
 COD , Rural ," 1,955 "," 10,636,396 ", 1 
 COD , Urban ," 1,955 "," 2,993,955 ", 0 
 COG , Rural ," 1,955 "," 612,179 ", 1 
 COG , Urban ," 1,955 "," 322,253 ", 0 
 COM , Rural ," 1,955 "," 162,282 ", 1 
 COM , Urban ," 1,955 "," 17,304 ", 0 
 CPV , Rural ," 1,955 "," 182,812 ", 1 
 CPV , Urban ," 1,955 "," 12,802 ", 0 
 ERI , Rural ," 1,955 "," 807,884 ", 1 
 ERI , Urban ," 1,955 "," 78,353 ", 0 
 ETH , Rural ," 1,955 "," 18,160,811 ", 1 
 ETH , Urban ," 1,955 "," 1,258,959 ", 0 
 GAB , Rural ," 1,955 "," 431,540 ", 1 
 GAB , Urban ," 1,955 "," 57,277 ", 0 
 GHA , Rural ," 1,955 "," 4,771,060 ", 1 
 GHA , Urban ," 1,955 "," 1,143,864 ", 0 
 GIN , Rural ," 1,955 "," 2,996,571 ", 1 
 GIN , Urban ," 1,955 "," 271,289 ", 0 
 GMB , Rural ," 1,955 "," 313,580 ", 1 
 GMB , Urban ," 1,955 "," 35,209 ", 0 
 GNB , Rural ," 1,955 "," 496,645 ", 1 
 GNB , Urban ," 1,955 "," 67,423 ", 0 
 GNQ , Rural ," 1,955 "," 192,780 ", 1 
 GNQ , Urban ," 1,955 "," 54,435 ", 0 
 KEN , Rural ," 1,955 "," 6,062,767 ", 1 
 KEN , Urban ," 1,955 "," 466,530 ", 0 
 LBR , Rural ," 1,955 "," 858,750 ", 1 
 LBR , Urban ," 1,955 "," 157,640 ", 0 
 LSO , Rural ," 1,955 "," 629,187 ", 1 
 LSO , Urban ," 1,955 "," 13,001 ", 0 
 MDG , Rural ," 1,955 "," 4,072,597 ", 1 
 MDG , Urban ," 1,955 "," 417,516 ", 0 
 MLI , Rural ," 1,955 "," 4,765,237 ", 1 
 MLI , Urban ," 1,955 "," 276,697 ", 0 
 MOZ , Rural ," 1,955 "," 6,101,040 ", 1 
 MOZ , Urban ," 1,955 "," 173,432 ", 0 
 MRT , Rural ," 1,955 "," 699,972 ", 1 
 MRT , Urban ," 1,955 "," 30,752 ", 0 
 MUS , Rural ," 1,955 "," 379,096 ", 1 
 MUS , Urban ," 1,955 "," 220,492 ", 0 
 MWI , Rural ," 1,955 "," 3,127,026 ", 1 
 MWI , Urban ," 1,955 "," 119,517 ", 0 
 NAM , Rural ," 1,955 "," 440,094 ", 1 
 NAM , Urban ," 1,955 "," 106,988 ", 0 
 NER , Rural ," 1,955 "," 2,873,056 ", 1 
 NER , Urban ," 1,955 "," 162,233 ", 0 
 NGA , Rural ," 1,955 "," 36,135,623 ", 1 
 NGA , Urban ," 1,955 "," 4,800,011 ", 0 
 RWA , Rural ," 1,955 "," 2,511,360 ", 1 
 RWA , Urban ," 1,955 "," 56,938 ", 0 
 SDN , Rural ," 1,955 "," 6,549,703 ", 1 
 SDN , Urban ," 1,955 "," 631,989 ", 0 
 SEN , Rural ," 1,955 "," 2,267,151 ", 1 
 SEN , Urban ," 1,955 "," 641,353 ", 0 
 SLE , Rural ," 1,955 "," 1,806,139 ", 1 
 SLE , Urban ," 1,955 "," 314,750 ", 0 
 SOM , Rural ," 1,955 "," 2,147,997 ", 1 
 SOM , Urban ," 1,955 "," 384,256 ", 0 
 SSA , Rural ," 1,955 "," 177,861,577 ", 1 
 SSA , Urban ," 1,955 "," 25,807,222 ", 0 
 SSD , Rural ," 1,955 "," 2,467,035 ", 1 
 SSD , Urban ," 1,955 "," 238,047 ", 0 
 STP , Rural ," 1,955 "," 55,644 ", 1 
 STP , Urban ," 1,955 "," 8,962 ", 0 
 SWZ , Rural ," 1,955 "," 300,112 ", 1 
 SWZ , Urban ," 1,955 "," 7,105 ", 0 
 SYC , Rural ," 1,955 "," 29,096 ", 1 
 SYC , Urban ," 1,955 "," 11,006 ", 0 
 TCD , Rural ," 1,955 "," 2,620,428 ", 1 
 TCD , Urban ," 1,955 "," 143,821 ", 0 
 TGO , Rural ," 1,955 "," 1,402,913 ", 1 
 TGO , Urban ," 1,955 "," 127,033 ", 0 
 TZA , Rural ," 1,955 "," 8,244,476 ", 1 
 TZA , Urban ," 1,955 "," 400,386 ", 0 
 UGA , Rural ," 1,955 "," 6,367,782 ", 1 
 UGA , Urban ," 1,955 "," 245,988 ", 0 
 ZAF , Rural ," 1,955 "," 8,005,013 ", 1 
 ZAF , Urban ," 1,955 "," 6,528,353 ", 0 
 ZMB , Rural ," 1,955 "," 2,343,971 ", 1 
 ZMB , Urban ," 1,955 "," 359,572 ", 0 
 ZWE , Rural ," 1,955 "," 2,897,276 ", 1 
 ZWE , Urban ," 1,955 "," 365,939 ", 0 
 AFE , Rural ," 1,956 "," 101,943,301 ", 1 
 AFE , Urban ," 1,956 "," 16,201,801 ", 0 
 AFW , Rural ," 1,956 "," 79,181,545 ", 1 
 AFW , Urban ," 1,956 "," 10,838,026 ", 0 
 AGO , Rural ," 1,956 "," 4,480,248 ", 1 
 AGO , Urban ," 1,956 "," 424,022 ", 0 
 BDI , Rural ," 1,956 "," 2,516,389 ", 1 
 BDI , Urban ," 1,956 "," 38,919 ", 0 
 BEN , Rural ," 1,956 "," 2,185,841 ", 1 
 BEN , Urban ," 1,956 "," 195,051 ", 0 
 BFA , Rural ," 1,956 "," 4,312,732 ", 1 
 BFA , Urban ," 1,956 "," 213,922 ", 0 
 BWA , Rural ," 1,956 "," 460,489 ", 1 
 BWA , Urban ," 1,956 "," 13,293 ", 0 
 CAF , Rural ," 1,956 "," 1,297,857 ", 1 
 CAF , Urban ," 1,956 "," 287,989 ", 0 
 CIV , Rural ," 1,956 "," 2,784,442 ", 1 
 CIV , Urban ," 1,956 "," 445,568 ", 0 
 CMR , Rural ," 1,956 "," 4,197,954 ", 1 
 CMR , Urban ," 1,956 "," 590,382 ", 0 
 COD , Rural ," 1,956 "," 10,857,411 ", 1 
 COD , Urban ," 1,956 "," 3,072,540 ", 0 
 COG , Rural ," 1,956 "," 621,875 ", 1 
 COG , Urban ," 1,956 "," 334,949 ", 0 
 COM , Rural ," 1,956 "," 164,173 ", 1 
 COM , Urban ," 1,956 "," 18,785 ", 0 
 CPV , Rural ," 1,956 "," 184,939 ", 1 
 CPV , Urban ," 1,956 "," 12,908 ", 0 
 ERI , Rural ," 1,956 "," 820,573 ", 1 
 ERI , Urban ," 1,956 "," 82,834 ", 0 
 ETH , Rural ," 1,956 "," 18,510,476 ", 1 
 ETH , Urban ," 1,956 "," 1,308,409 ", 0 
 GAB , Rural ," 1,956 "," 434,380 ", 1 
 GAB , Urban ," 1,956 "," 58,406 ", 0 
 GHA , Rural ," 1,956 "," 4,875,034 ", 1 
 GHA , Urban ," 1,956 "," 1,234,575 ", 0 
 GIN , Rural ," 1,956 "," 3,043,468 ", 1 
 GIN , Urban ," 1,956 "," 279,032 ", 0 
 GMB , Rural ," 1,956 "," 322,617 ", 1 
 GMB , Urban ," 1,956 "," 35,413 ", 0 
 GNB , Rural ," 1,956 "," 497,223 ", 1 
 GNB , Urban ," 1,956 "," 69,747 ", 0 
 GNQ , Rural ," 1,956 "," 193,203 ", 1 
 GNQ , Urban ," 1,956 "," 58,325 ", 0 
 KEN , Rural ," 1,956 "," 6,231,640 ", 1 
 KEN , Urban ," 1,956 "," 496,050 ", 0 
 LBR , Rural ," 1,956 "," 871,887 ", 1 
 LBR , Urban ," 1,956 "," 167,262 ", 0 
 LSO , Rural ," 1,956 "," 643,296 ", 1 
 LSO , Urban ," 1,956 "," 14,015 ", 0 
 MDG , Rural ," 1,956 "," 4,164,058 ", 1 
 MDG , Urban ," 1,956 "," 442,364 ", 0 
 MLI , Rural ," 1,956 "," 4,817,484 ", 1 
 MLI , Urban ," 1,956 "," 294,492 ", 0 
 MOZ , Rural ," 1,956 "," 6,169,964 ", 1 
 MOZ , Urban ," 1,956 "," 185,071 ", 0 
 MRT , Rural ," 1,956 "," 712,704 ", 1 
 MRT , Urban ," 1,956 "," 34,902 ", 0 
 MUS , Rural ," 1,956 "," 384,653 ", 1 
 MUS , Urban ," 1,956 "," 229,904 ", 0 
 MWI , Rural ," 1,956 "," 3,191,355 ", 1 
 MWI , Urban ," 1,956 "," 123,943 ", 0 
 NAM , Rural ," 1,956 "," 440,556 ", 1 
 NAM , Urban ," 1,956 "," 114,002 ", 0 
 NER , Rural ," 1,956 "," 2,956,013 ", 1 
 NER , Urban ," 1,956 "," 168,737 ", 0 
 NGA , Rural ," 1,956 "," 36,639,010 ", 1 
 NGA , Urban ," 1,956 "," 5,077,045 ", 0 
 RWA , Rural ," 1,956 "," 2,595,751 ", 1 
 RWA , Urban ," 1,956 "," 61,058 ", 0 
 SDN , Rural ," 1,956 "," 6,710,749 ", 1 
 SDN , Urban ," 1,956 "," 690,843 ", 0 
 SEN , Rural ," 1,956 "," 2,327,372 ", 1 
 SEN , Urban ," 1,956 "," 661,560 ", 0 
 SLE , Rural ," 1,956 "," 1,818,339 ", 1 
 SLE , Urban ," 1,956 "," 329,640 ", 0 
 SOM , Rural ," 1,956 "," 2,191,296 ", 1 
 SOM , Urban ," 1,956 "," 407,071 ", 0 
 SSA , Rural ," 1,956 "," 181,124,846 ", 1 
 SSA , Urban ," 1,956 "," 27,039,827 ", 0 
 SSD , Rural ," 1,956 "," 2,513,083 ", 1 
 SSD , Urban ," 1,956 "," 241,509 ", 0 
 STP , Rural ," 1,956 "," 56,017 ", 1 
 STP , Urban ," 1,956 "," 9,209 ", 0 
 SWZ , Rural ," 1,956 "," 306,477 ", 1 
 SWZ , Urban ," 1,956 "," 8,137 ", 0 
 SYC , Rural ," 1,956 "," 29,454 ", 1 
 SYC , Urban ," 1,956 "," 11,146 ", 0 
 TCD , Rural ," 1,956 "," 2,664,437 ", 1 
 TCD , Urban ," 1,956 "," 153,219 ", 0 
 TGO , Rural ," 1,956 "," 1,422,735 ", 1 
 TGO , Urban ," 1,956 "," 134,901 ", 0 
 TZA , Rural ," 1,956 "," 8,454,540 ", 1 
 TZA , Urban ," 1,956 "," 420,240 ", 0 
 UGA , Rural ," 1,956 "," 6,544,448 ", 1 
 UGA , Urban ," 1,956 "," 261,011 ", 0 
 ZAF , Rural ," 1,956 "," 8,126,487 ", 1 
 ZAF , Urban ," 1,956 "," 6,754,199 ", 0 
 ZMB , Rural ," 1,956 "," 2,398,388 ", 1 
 ZMB , Urban ," 1,956 "," 389,022 ", 0 
 ZWE , Rural ," 1,956 "," 2,981,329 ", 1 
 ZWE , Urban ," 1,956 "," 384,206 ", 0 
 AFE , Rural ," 1,957 "," 104,070,928 ", 1 
 AFE , Urban ," 1,957 "," 16,872,477 ", 0 
 AFW , Rural ," 1,957 "," 80,365,248 ", 1 
 AFW , Urban ," 1,957 "," 11,467,809 ", 0 
 AGO , Rural ," 1,957 "," 4,528,159 ", 1 
 AGO , Urban ," 1,957 "," 452,483 ", 0 
 BDI , Rural ," 1,957 "," 2,564,859 ", 1 
 BDI , Urban ," 1,957 "," 41,624 ", 0 
 BEN , Rural ," 1,957 "," 2,204,350 ", 1 
 BEN , Urban ," 1,957 "," 206,420 ", 0 
 BFA , Rural ," 1,957 "," 4,366,308 ", 1 
 BFA , Urban ," 1,957 "," 220,264 ", 0 
 BWA , Rural ," 1,957 "," 470,024 ", 1 
 BWA , Urban ," 1,957 "," 13,764 ", 0 
 CAF , Rural ," 1,957 "," 1,312,858 ", 1 
 CAF , Urban ," 1,957 "," 300,419 ", 0 
 CIV , Rural ," 1,957 "," 2,834,696 ", 1 
 CIV , Urban ," 1,957 "," 494,582 ", 0 
 CMR , Rural ," 1,957 "," 4,260,749 ", 1 
 CMR , Urban ," 1,957 "," 618,184 ", 0 
 COD , Rural ," 1,957 "," 11,091,994 ", 1 
 COD , Urban ," 1,957 "," 3,150,284 ", 0 
 COG , Rural ," 1,957 "," 632,322 ", 1 
 COG , Urban ," 1,957 "," 347,876 ", 0 
 COM , Rural ," 1,957 "," 166,194 ", 1 
 COM , Urban ," 1,957 "," 20,372 ", 0 
 CPV , Rural ," 1,957 "," 187,245 ", 1 
 CPV , Urban ," 1,957 "," 13,041 ", 0 
 ERI , Rural ," 1,957 "," 831,610 ", 1 
 ERI , Urban ," 1,957 "," 87,188 ", 0 
 ETH , Rural ," 1,957 "," 18,817,257 ", 1 
 ETH , Urban ," 1,957 "," 1,356,482 ", 0 
 GAB , Rural ," 1,957 "," 437,379 ", 1 
 GAB , Urban ," 1,957 "," 59,691 ", 0 
 GHA , Rural ," 1,957 "," 4,983,525 ", 1 
 GHA , Urban ," 1,957 "," 1,328,976 ", 0 
 GIN , Rural ," 1,957 "," 3,088,204 ", 1 
 GIN , Urban ," 1,957 "," 290,450 ", 0 
 GMB , Rural ," 1,957 "," 331,993 ", 1 
 GMB , Urban ," 1,957 "," 35,553 ", 0 
 GNB , Rural ," 1,957 "," 497,775 ", 1 
 GNB , Urban ," 1,957 "," 71,967 ", 0 
 GNQ , Rural ," 1,957 "," 193,923 ", 1 
 GNQ , Urban ," 1,957 "," 61,992 ", 0 
 KEN , Rural ," 1,957 "," 6,417,331 ", 1 
 KEN , Urban ," 1,957 "," 527,537 ", 0 
 LBR , Rural ," 1,957 "," 885,457 ", 1 
 LBR , Urban ," 1,957 "," 177,491 ", 0 
 LSO , Rural ," 1,957 "," 658,892 ", 1 
 LSO , Urban ," 1,957 "," 15,777 ", 0 
 MDG , Rural ," 1,957 "," 4,258,234 ", 1 
 MDG , Urban ," 1,957 "," 468,402 ", 0 
 MLI , Rural ," 1,957 "," 4,869,422 ", 1 
 MLI , Urban ," 1,957 "," 313,708 ", 0 
 MOZ , Rural ," 1,957 "," 6,240,167 ", 1 
 MOZ , Urban ," 1,957 "," 198,011 ", 0 
 MRT , Rural ," 1,957 "," 725,800 ", 1 
 MRT , Urban ," 1,957 "," 39,546 ", 0 
 MUS , Rural ," 1,957 "," 390,577 ", 1 
 MUS , Urban ," 1,957 "," 239,827 ", 0 
 MWI , Rural ," 1,957 "," 3,258,877 ", 1 
 MWI , Urban ," 1,957 "," 128,861 ", 0 
 NAM , Rural ," 1,957 "," 441,640 ", 1 
 NAM , Urban ," 1,957 "," 120,951 ", 0 
 NER , Rural ," 1,957 "," 3,041,431 ", 1 
 NER , Urban ," 1,957 "," 174,409 ", 0 
 NGA , Rural ," 1,957 "," 37,139,429 ", 1 
 NGA , Urban ," 1,957 "," 5,378,047 ", 0 
 RWA , Rural ," 1,957 "," 2,682,552 ", 1 
 RWA , Urban ," 1,957 "," 65,322 ", 0 
 SDN , Rural ," 1,957 "," 6,874,280 ", 1 
 SDN , Urban ," 1,957 "," 755,169 ", 0 
 SEN , Rural ," 1,957 "," 2,389,453 ", 1 
 SEN , Urban ," 1,957 "," 682,911 ", 0 
 SLE , Rural ," 1,957 "," 1,831,113 ", 1 
 SLE , Urban ," 1,957 "," 345,137 ", 0 
 SOM , Rural ," 1,957 "," 2,234,883 ", 1 
 SOM , Urban ," 1,957 "," 430,819 ", 0 
 SSA , Rural ," 1,957 "," 184,436,177 ", 1 
 SSA , Urban ," 1,957 "," 28,340,285 ", 0 
 SSD , Rural ," 1,957 "," 2,559,092 ", 1 
 SSD , Urban ," 1,957 "," 245,004 ", 0 
 STP , Rural ," 1,957 "," 56,384 ", 1 
 STP , Urban ," 1,957 "," 9,487 ", 0 
 SWZ , Rural ," 1,957 "," 312,791 ", 1 
 SWZ , Urban ," 1,957 "," 9,331 ", 0 
 SYC , Rural ," 1,957 "," 29,870 ", 1 
 SYC , Urban ," 1,957 "," 11,308 ", 0 
 TCD , Rural ," 1,957 "," 2,709,395 ", 1 
 TCD , Urban ," 1,957 "," 163,688 ", 0 
 TGO , Rural ," 1,957 "," 1,442,422 ", 1 
 TGO , Urban ," 1,957 "," 143,456 ", 0 
 TZA , Rural ," 1,957 "," 8,678,237 ", 1 
 TZA , Urban ," 1,957 "," 437,553 ", 0 
 UGA , Rural ," 1,957 "," 6,726,788 ", 1 
 UGA , Urban ," 1,957 "," 277,096 ", 0 
 ZAF , Rural ," 1,957 "," 8,261,428 ", 1 
 ZAF , Urban ," 1,957 "," 6,983,411 ", 0 
 ZMB , Rural ," 1,957 "," 2,451,945 ", 1 
 ZMB , Urban ," 1,957 "," 422,123 ", 0 
 ZWE , Rural ," 1,957 "," 3,066,864 ", 1 
 ZWE , Urban ," 1,957 "," 404,290 ", 0 
 AFE , Rural ," 1,958 "," 106,205,215 ", 1 
 AFE , Urban ," 1,958 "," 17,557,460 ", 0 
 AFW , Rural ," 1,958 "," 81,543,120 ", 1 
 AFW , Urban ," 1,958 "," 12,139,958 ", 0 
 AGO , Rural ," 1,958 "," 4,579,256 ", 1 
 AGO , Urban ," 1,958 "," 481,878 ", 0 
 BDI , Rural ," 1,958 "," 2,612,918 ", 1 
 BDI , Urban ," 1,958 "," 44,494 ", 0 
 BEN , Rural ," 1,958 "," 2,224,616 ", 1 
 BEN , Urban ," 1,958 "," 218,818 ", 0 
 BFA , Rural ," 1,958 "," 4,420,512 ", 1 
 BFA , Urban ," 1,958 "," 226,768 ", 0 
 BWA , Rural ," 1,958 "," 479,823 ", 1 
 BWA , Urban ," 1,958 "," 14,283 ", 0 
 CAF , Rural ," 1,958 "," 1,328,037 ", 1 
 CAF , Urban ," 1,958 "," 313,633 ", 0 
 CIV , Rural ," 1,958 "," 2,886,562 ", 1 
 CIV , Urban ," 1,958 "," 548,518 ", 0 
 CMR , Rural ," 1,958 "," 4,323,782 ", 1 
 CMR , Urban ," 1,958 "," 648,436 ", 0 
 COD , Rural ," 1,958 "," 11,330,563 ", 1 
 COD , Urban ," 1,958 "," 3,227,233 ", 0 
 COG , Rural ," 1,958 "," 643,612 ", 1 
 COG , Urban ," 1,958 "," 361,016 ", 0 
 COM , Rural ," 1,958 "," 168,477 ", 1 
 COM , Urban ," 1,958 "," 22,086 ", 0 
 CPV , Rural ," 1,958 "," 189,880 ", 1 
 CPV , Urban ," 1,958 "," 13,209 ", 0 
 ERI , Rural ," 1,958 "," 841,173 ", 1 
 ERI , Urban ," 1,958 "," 91,410 ", 0 
 ETH , Rural ," 1,958 "," 19,077,531 ", 1 
 ETH , Urban ," 1,958 "," 1,402,754 ", 0 
 GAB , Rural ," 1,958 "," 440,588 ", 1 
 GAB , Urban ," 1,958 "," 61,140 ", 0 
 GHA , Rural ," 1,958 "," 5,094,930 ", 1 
 GHA , Urban ," 1,958 "," 1,425,226 ", 0 
 GIN , Rural ," 1,958 "," 3,131,056 ", 1 
 GIN , Urban ," 1,958 "," 305,376 ", 0 
 GMB , Rural ," 1,958 "," 341,697 ", 1 
 GMB , Urban ," 1,958 "," 35,677 ", 0 
 GNB , Rural ," 1,958 "," 498,351 ", 1 
 GNB , Urban ," 1,958 "," 74,072 ", 0 
 GNQ , Rural ," 1,958 "," 195,089 ", 1 
 GNQ , Urban ," 1,958 "," 65,298 ", 0 
 KEN , Rural ," 1,958 "," 6,614,175 ", 1 
 KEN , Urban ," 1,958 "," 560,614 ", 0 
 LBR , Rural ," 1,958 "," 898,989 ", 1 
 LBR , Urban ," 1,958 "," 188,257 ", 0 
 LSO , Rural ," 1,958 "," 675,700 ", 1 
 LSO , Urban ," 1,958 "," 18,615 ", 0 
 MDG , Rural ," 1,958 "," 4,355,172 ", 1 
 MDG , Urban ," 1,958 "," 495,674 ", 0 
 MLI , Rural ," 1,958 "," 4,919,287 ", 1 
 MLI , Urban ," 1,958 "," 334,181 ", 0 
 MOZ , Rural ," 1,958 "," 6,309,539 ", 1 
 MOZ , Urban ," 1,958 "," 212,015 ", 0 
 MRT , Rural ," 1,958 "," 739,305 ", 1 
 MRT , Urban ," 1,958 "," 44,691 ", 0 
 MUS , Rural ," 1,958 "," 396,898 ", 1 
 MUS , Urban ," 1,958 "," 250,256 ", 0 
 MWI , Rural ," 1,958 "," 3,329,661 ", 1 
 MWI , Urban ," 1,958 "," 134,286 ", 0 
 NAM , Rural ," 1,958 "," 443,787 ", 1 
 NAM , Urban ," 1,958 "," 127,548 ", 0 
 NER , Rural ," 1,958 "," 3,127,606 ", 1 
 NER , Urban ," 1,958 "," 181,620 ", 0 
 NGA , Rural ," 1,958 "," 37,624,929 ", 1 
 NGA , Urban ," 1,958 "," 5,699,717 ", 0 
 RWA , Rural ," 1,958 "," 2,770,436 ", 1 
 RWA , Urban ," 1,958 "," 69,693 ", 0 
 SDN , Rural ," 1,958 "," 7,038,394 ", 1 
 SDN , Urban ," 1,958 "," 824,640 ", 0 
 SEN , Rural ," 1,958 "," 2,453,186 ", 1 
 SEN , Urban ," 1,958 "," 705,570 ", 0 
 SLE , Rural ," 1,958 "," 1,843,730 ", 1 
 SLE , Urban ," 1,958 "," 361,109 ", 0 
 SOM , Rural ," 1,958 "," 2,278,023 ", 1 
 SOM , Urban ," 1,958 "," 455,382 ", 0 
 SSA , Rural ," 1,958 "," 187,748,335 ", 1 
 SSA , Urban ," 1,958 "," 29,697,418 ", 0 
 SSD , Rural ," 1,958 "," 2,600,278 ", 1 
 SSD , Urban ," 1,958 "," 248,076 ", 0 
 STP , Rural ," 1,958 "," 56,760 ", 1 
 STP , Urban ," 1,958 "," 9,798 ", 0 
 SWZ , Rural ," 1,958 "," 319,052 ", 1 
 SWZ , Urban ," 1,958 "," 10,708 ", 0 
 SYC , Rural ," 1,958 "," 30,315 ", 1 
 SYC , Urban ," 1,958 "," 11,484 ", 0 
 TCD , Rural ," 1,958 "," 2,755,179 ", 1 
 TCD , Urban ," 1,958 "," 175,188 ", 0 
 TGO , Rural ," 1,958 "," 1,462,198 ", 1 
 TGO , Urban ," 1,958 "," 152,437 ", 0 
 TZA , Rural ," 1,958 "," 8,914,386 ", 1 
 TZA , Urban ," 1,958 "," 453,208 ", 0 
 UGA , Rural ," 1,958 "," 6,915,481 ", 1 
 UGA , Urban ," 1,958 "," 294,276 ", 0 
 ZAF , Rural ," 1,958 "," 8,408,385 ", 1 
 ZAF , Urban ," 1,958 "," 7,212,033 ", 0 
 ZMB , Rural ," 1,958 "," 2,504,989 ", 1 
 ZMB , Urban ," 1,958 "," 458,878 ", 0 
 ZWE , Rural ," 1,958 "," 3,154,042 ", 1 
 ZWE , Urban ," 1,958 "," 426,139 ", 0 
 AFE , Rural ," 1,959 "," 108,509,952 ", 1 
 AFE , Urban ," 1,959 "," 18,276,800 ", 0 
 AFW , Rural ," 1,959 "," 82,750,873 ", 1 
 AFW , Urban ," 1,959 "," 12,856,798 ", 0 
 AGO , Rural ," 1,959 "," 4,632,912 ", 1 
 AGO , Urban ," 1,959 "," 512,190 ", 0 
 BDI , Rural ," 1,959 "," 2,662,045 ", 1 
 BDI , Urban ," 1,959 "," 47,552 ", 0 
 BEN , Rural ," 1,959 "," 2,246,718 ", 1 
 BEN , Urban ," 1,959 "," 232,196 ", 0 
 BFA , Rural ," 1,959 "," 4,477,315 ", 1 
 BFA , Urban ," 1,959 "," 233,530 ", 0 
 BWA , Rural ," 1,959 "," 490,020 ", 1 
 BWA , Urban ," 1,959 "," 14,858 ", 0 
 CAF , Rural ," 1,959 "," 1,343,651 ", 1 
 CAF , Urban ," 1,959 "," 327,680 ", 0 
 CIV , Rural ," 1,959 "," 2,940,115 ", 1 
 CIV , Urban ," 1,959 "," 608,827 ", 0 
 CMR , Rural ," 1,959 "," 4,390,682 ", 1 
 CMR , Urban ," 1,959 "," 679,389 ", 0 
 COD , Rural ," 1,959 "," 11,582,278 ", 1 
 COD , Urban ," 1,959 "," 3,309,304 ", 0 
 COG , Rural ," 1,959 "," 655,815 ", 1 
 COG , Urban ," 1,959 "," 374,340 ", 0 
 COM , Rural ," 1,959 "," 170,334 ", 1 
 COM , Urban ," 1,959 "," 23,952 ", 0 
 CPV , Rural ," 1,959 "," 192,939 ", 1 
 CPV , Urban ," 1,959 "," 13,415 ", 0 
 ERI , Rural ," 1,959 "," 854,501 ", 1 
 ERI , Urban ," 1,959 "," 96,063 ", 0 
 ETH , Rural ," 1,959 "," 19,421,316 ", 1 
 ETH , Urban ," 1,959 "," 1,456,789 ", 0 
 GAB , Rural ," 1,959 "," 444,046 ", 1 
 GAB , Urban ," 1,959 "," 62,759 ", 0 
 GHA , Rural ," 1,959 "," 5,212,875 ", 1 
 GHA , Urban ," 1,959 "," 1,522,665 ", 0 
 GIN , Rural ," 1,959 "," 3,172,034 ", 1 
 GIN , Urban ," 1,959 "," 323,739 ", 0 
 GMB , Rural ," 1,959 "," 351,705 ", 1 
 GMB , Urban ," 1,959 "," 35,839 ", 0 
 GNB , Rural ," 1,959 "," 498,989 ", 1 
 GNB , Urban ," 1,959 "," 76,045 ", 0 
 GNQ , Rural ," 1,959 "," 196,890 ", 1 
 GNQ , Urban ," 1,959 "," 68,106 ", 0 
 KEN , Rural ," 1,959 "," 6,826,987 ", 1 
 KEN , Urban ," 1,959 "," 595,758 ", 0 
 LBR , Rural ," 1,959 "," 912,897 ", 1 
 LBR , Urban ," 1,959 "," 199,666 ", 0 
 LSO , Rural ," 1,959 "," 692,572 ", 1 
 LSO , Urban ," 1,959 "," 22,375 ", 0 
 MDG , Rural ," 1,959 "," 4,454,871 ", 1 
 MDG , Urban ," 1,959 "," 524,223 ", 0 
 MLI , Rural ," 1,959 "," 4,969,614 ", 1 
 MLI , Urban ," 1,959 "," 356,024 ", 0 
 MOZ , Rural ," 1,959 "," 6,383,327 ", 1 
 MOZ , Urban ," 1,959 "," 227,075 ", 0 
 MRT , Rural ," 1,959 "," 753,262 ", 1 
 MRT , Urban ," 1,959 "," 50,344 ", 0 
 MUS , Rural ," 1,959 "," 403,650 ", 1 
 MUS , Urban ," 1,959 "," 261,185 ", 0 
 MWI , Rural ," 1,959 "," 3,403,922 ", 1 
 MWI , Urban ," 1,959 "," 140,237 ", 0 
 NAM , Rural ," 1,959 "," 447,437 ", 1 
 NAM , Urban ," 1,959 "," 133,483 ", 0 
 NER , Rural ," 1,959 "," 3,215,211 ", 1 
 NER , Urban ," 1,959 "," 190,245 ", 0 
 NGA , Rural ," 1,959 "," 38,118,004 ", 1 
 NGA , Urban ," 1,959 "," 6,043,677 ", 0 
 RWA , Rural ," 1,959 "," 2,858,258 ", 1 
 RWA , Urban ," 1,959 "," 74,136 ", 0 
 SDN , Rural ," 1,959 "," 7,206,943 ", 1 
 SDN , Urban ," 1,959 "," 899,541 ", 0 
 SEN , Rural ," 1,959 "," 2,518,539 ", 1 
 SEN , Urban ," 1,959 "," 729,779 ", 0 
 SLE , Rural ," 1,959 "," 1,857,257 ", 1 
 SLE , Urban ," 1,959 "," 377,769 ", 0 
 SOM , Rural ," 1,959 "," 2,322,040 ", 1 
 SOM , Urban ," 1,959 "," 481,050 ", 0 
 SSA , Rural ," 1,959 "," 191,260,825 ", 1 
 SSA , Urban ," 1,959 "," 31,133,598 ", 0 
 SSD , Rural ," 1,959 "," 2,637,930 ", 1 
 SSD , Urban ," 1,959 "," 250,855 ", 0 
 STP , Rural ," 1,959 "," 57,151 ", 1 
 STP , Urban ," 1,959 "," 10,140 ", 0 
 SWZ , Rural ," 1,959 "," 325,242 ", 1 
 SWZ , Urban ," 1,959 "," 12,267 ", 0 
 SYC , Rural ," 1,959 "," 30,791 ", 1 
 SYC , Urban ," 1,959 "," 11,673 ", 0 
 TCD , Rural ," 1,959 "," 2,801,652 ", 1 
 TCD , Urban ," 1,959 "," 187,670 ", 0 
 TGO , Rural ," 1,959 "," 1,480,665 ", 1 
 TGO , Urban ," 1,959 "," 163,092 ", 0 
 TZA , Rural ," 1,959 "," 9,160,649 ", 1 
 TZA , Urban ," 1,959 "," 468,615 ", 0 
 UGA , Rural ," 1,959 "," 7,110,803 ", 1 
 UGA , Urban ," 1,959 "," 312,623 ", 0 
 ZAF , Rural ," 1,959 "," 8,573,074 ", 1 
 ZAF , Urban ," 1,959 "," 7,441,900 ", 0 
 ZMB , Rural ," 1,959 "," 2,557,797 ", 1 
 ZMB , Urban ," 1,959 "," 499,257 ", 0 
 ZWE , Rural ," 1,959 "," 3,243,103 ", 1 
 ZWE , Urban ," 1,959 "," 449,698 ", 0 
 AFE , Rural ," 1,960 "," 111,033,266 ", 1 
 AFE , Urban ," 1,960 "," 19,043,989 ", 0 
 AFW , Rural ," 1,960 "," 84,014,848 ", 1 
 AFW , Urban ," 1,960 "," 13,616,077 ", 0 
 AGO , Rural ," 1,960 "," 4,688,237 ", 1 
 AGO , Urban ," 1,960 "," 543,417 ", 0 
 BDI , Rural ," 1,960 "," 2,713,435 ", 1 
 BDI , Urban ," 1,960 "," 50,823 ", 0 
 BEN , Rural ," 1,960 "," 2,270,853 ", 1 
 BEN , Urban ," 1,960 "," 246,433 ", 0 
 BFA , Rural ," 1,960 "," 4,537,983 ", 1 
 BFA , Urban ," 1,960 "," 240,638 ", 0 
 BWA , Rural ," 1,960 "," 500,671 ", 1 
 BWA , Urban ," 1,960 "," 15,494 ", 0 
 CAF , Rural ," 1,960 "," 1,359,777 ", 1 
 CAF , Urban ," 1,960 "," 342,569 ", 0 
 CIV , Rural ," 1,960 "," 2,996,517 ", 1 
 CIV , Urban ," 1,960 "," 677,149 ", 0 
 CMR , Rural ," 1,960 "," 4,456,812 ", 1 
 CMR , Urban ," 1,960 "," 702,246 ", 0 
 COD , Rural ," 1,960 "," 11,860,785 ", 1 
 COD , Urban ," 1,960 "," 3,404,061 ", 0 
 COG , Rural ," 1,960 "," 668,707 ", 1 
 COG , Urban ," 1,960 "," 388,025 ", 0 
 COM , Rural ," 1,960 "," 171,686 ", 1 
 COM , Urban ," 1,960 "," 26,014 ", 0 
 CPV , Rural ," 1,960 "," 196,372 ", 1 
 CPV , Urban ," 1,960 "," 13,652 ", 0 
 ERI , Rural ," 1,960 "," 871,387 ", 1 
 ERI , Urban ," 1,960 "," 101,159 ", 0 
 ETH , Rural ," 1,960 "," 19,857,067 ", 1 
 ETH , Urban ," 1,960 "," 1,519,626 ", 0 
 GAB , Rural ," 1,960 "," 447,764 ", 1 
 GAB , Urban ," 1,960 "," 64,552 ", 0 
 GHA , Rural ," 1,960 "," 5,340,201 ", 1 
 GHA , Urban ," 1,960 "," 1,621,013 ", 0 
 GIN , Rural ," 1,960 "," 3,211,273 ", 1 
 GIN , Urban ," 1,960 "," 345,476 ", 0 
 GMB , Rural ," 1,960 "," 361,967 ", 1 
 GMB , Urban ," 1,960 "," 36,093 ", 0 
 GNB , Rural ," 1,960 "," 499,763 ", 1 
 GNB , Urban ," 1,960 "," 77,870 ", 0 
 GNQ , Rural ," 1,960 "," 199,571 ", 1 
 GNQ , Urban ," 1,960 "," 70,236 ", 0 
 KEN , Rural ," 1,960 "," 7,061,712 ", 1 
 KEN , Urban ," 1,960 "," 633,595 ", 0 
 LBR , Rural ," 1,960 "," 927,667 ", 1 
 LBR , Urban ," 1,960 "," 211,855 ", 0 
 LSO , Rural ," 1,960 "," 709,556 ", 1 
 LSO , Urban ," 1,960 "," 26,944 ", 0 
 MDG , Rural ," 1,960 "," 4,556,981 ", 1 
 MDG , Urban ," 1,960 "," 554,048 ", 0 
 MLI , Rural ," 1,960 "," 5,023,153 ", 1 
 MLI , Urban ," 1,960 "," 379,397 ", 0 
 MOZ , Rural ," 1,960 "," 6,470,414 ", 1 
 MOZ , Urban ," 1,960 "," 243,281 ", 0 
 MRT , Rural ," 1,960 "," 767,779 ", 1 
 MRT , Urban ," 1,960 "," 56,519 ", 0 
 MUS , Rural ," 1,960 "," 408,981 ", 1 
 MUS , Urban ," 1,960 "," 271,350 ", 0 
 MWI , Rural ," 1,960 "," 3,481,416 ", 1 
 MWI , Urban ," 1,960 "," 146,718 ", 0 
 NAM , Rural ," 1,960 "," 453,091 ", 1 
 NAM , Urban ," 1,960 "," 138,373 ", 0 
 NER , Rural ," 1,960 "," 3,304,916 ", 1 
 NER , Urban ," 1,960 "," 200,134 ", 0 
 NGA , Rural ," 1,960 "," 38,641,725 ", 1 
 NGA , Urban ," 1,960 "," 6,412,057 ", 0 
 RWA , Rural ," 1,960 "," 2,943,714 ", 1 
 RWA , Urban ," 1,960 "," 78,580 ", 0 
 SDN , Rural ," 1,960 "," 7,384,206 ", 1 
 SDN , Urban ," 1,960 "," 980,283 ", 0 
 SEN , Rural ," 1,960 "," 2,585,382 ", 1 
 SEN , Urban ," 1,960 "," 755,525 ", 0 
 SLE , Rural ," 1,960 "," 1,872,953 ", 1 
 SLE , Urban ," 1,960 "," 395,403 ", 0 
 SOM , Rural ," 1,960 "," 2,368,193 ", 1 
 SOM , Urban ," 1,960 "," 508,138 ", 0 
 SSA , Rural ," 1,960 "," 195,048,114 ", 1 
 SSA , Urban ," 1,960 "," 32,660,066 ", 0 
 SSD , Rural ," 1,960 "," 2,677,682 ", 1 
 SSD , Urban ," 1,960 "," 253,877 ", 0 
 STP , Rural ," 1,960 "," 57,518 ", 1 
 STP , Urban ," 1,960 "," 10,494 ", 0 
 SWZ , Rural ," 1,960 "," 331,330 ", 1 
 SWZ , Urban ," 1,960 "," 14,007 ", 0 
 SYC , Rural ," 1,960 "," 31,337 ", 1 
 SYC , Urban ," 1,960 "," 11,893 ", 0 
 TCD , Rural ," 1,960 "," 2,848,752 ", 1 
 TCD , Urban ," 1,960 "," 201,086 ", 0 
 TGO , Rural ," 1,960 "," 1,494,961 ", 1 
 TGO , Urban ," 1,960 "," 178,149 ", 0 
 TZA , Rural ," 1,960 "," 9,417,442 ", 1 
 TZA , Urban ," 1,960 "," 483,977 ", 0 
 UGA , Rural ," 1,960 "," 7,307,602 ", 1 
 UGA , Urban ," 1,960 "," 333,371 ", 0 
 ZAF , Rural ," 1,960 "," 8,763,810 ", 1 
 ZAF , Urban ," 1,960 "," 7,676,362 ", 0 
 ZMB , Rural ," 1,960 "," 2,610,543 ", 1 
 ZMB , Urban ," 1,960 "," 543,186 ", 0 
 ZWE , Rural ," 1,960 "," 3,334,471 ", 1 
 ZWE , Urban ," 1,960 "," 474,917 ", 0 
 AFE , Rural ," 1,961 "," 113,689,201 ", 1 
 AFE , Urban ," 1,961 "," 19,858,713 ", 0 
 AFW , Rural ," 1,961 "," 85,280,692 ", 1 
 AFW , Urban ," 1,961 "," 14,425,980 ", 0 
 AGO , Rural ," 1,961 "," 4,728,454 ", 1 
 AGO , Urban ," 1,961 "," 573,130 ", 0 
 BDI , Rural ," 1,961 "," 2,780,543 ", 1 
 BDI , Urban ," 1,961 "," 54,575 ", 0 
 BEN , Rural ," 1,961 "," 2,296,916 ", 1 
 BEN , Urban ," 1,961 "," 262,307 ", 0 
 BFA , Rural ," 1,961 "," 4,600,158 ", 1 
 BFA , Urban ," 1,961 "," 248,066 ", 0 
 BWA , Rural ," 1,961 "," 511,747 ", 1 
 BWA , Urban ," 1,961 "," 16,195 ", 0 
 CAF , Rural ," 1,961 "," 1,376,135 ", 1 
 CAF , Urban ," 1,961 "," 358,445 ", 0 
 CIV , Rural ," 1,961 "," 3,057,813 ", 1 
 CIV , Urban ," 1,961 "," 752,339 ", 0 
 CMR , Rural ," 1,961 "," 4,508,997 ", 1 
 CMR , Urban ," 1,961 "," 730,275 ", 0 
 COD , Rural ," 1,961 "," 12,153,387 ", 1 
 COD , Urban ," 1,961 "," 3,508,987 ", 0 
 COG , Rural ," 1,961 "," 683,166 ", 1 
 COG , Urban ," 1,961 "," 401,224 ", 0 
 COM , Rural ," 1,961 "," 172,945 ", 1 
 COM , Urban ," 1,961 "," 28,256 ", 0 
 CPV , Rural ," 1,961 "," 200,902 ", 1 
 CPV , Urban ," 1,961 "," 14,185 ", 0 
 ERI , Rural ," 1,961 "," 889,166 ", 1 
 ERI , Urban ," 1,961 "," 106,407 ", 0 
 ETH , Rural ," 1,961 "," 20,319,484 ", 1 
 ETH , Urban ," 1,961 "," 1,586,618 ", 0 
 GAB , Rural ," 1,961 "," 450,176 ", 1 
 GAB , Urban ," 1,961 "," 68,090 ", 0 
 GHA , Rural ," 1,961 "," 5,447,269 ", 1 
 GHA , Urban ," 1,961 "," 1,715,397 ", 0 
 GIN , Rural ," 1,961 "," 3,249,024 ", 1 
 GIN , Urban ," 1,961 "," 370,527 ", 0 
 GMB , Rural ," 1,961 "," 372,428 ", 1 
 GMB , Urban ," 1,961 "," 36,502 ", 0 
 GNB , Rural ," 1,961 "," 502,660 ", 1 
 GNB , Urban ," 1,961 "," 79,872 ", 0 
 GNQ , Rural ," 1,961 "," 203,119 ", 1 
 GNQ , Urban ," 1,961 "," 71,777 ", 0 
 KEN , Rural ," 1,961 "," 7,313,927 ", 1 
 KEN , Urban ," 1,961 "," 673,843 ", 0 
 LBR , Rural ," 1,961 "," 942,954 ", 1 
 LBR , Urban ," 1,961 "," 224,763 ", 0 
 LSO , Rural ," 1,961 "," 726,633 ", 1 
 LSO , Urban ," 1,961 "," 32,191 ", 0 
 MDG , Rural ," 1,961 "," 4,661,032 ", 1 
 MDG , Urban ," 1,961 "," 585,126 ", 0 
 MLI , Rural ," 1,961 "," 5,078,141 ", 1 
 MLI , Urban ," 1,961 "," 404,142 ", 0 
 MOZ , Rural ," 1,961 "," 6,573,150 ", 1 
 MOZ , Urban ," 1,961 "," 261,786 ", 0 
 MRT , Rural ," 1,961 "," 782,938 ", 1 
 MRT , Urban ," 1,961 "," 63,228 ", 0 
 MUS , Rural ," 1,961 "," 412,307 ", 1 
 MUS , Urban ," 1,961 "," 280,222 ", 0 
 MWI , Rural ," 1,961 "," 3,561,807 ", 1 
 MWI , Urban ," 1,961 "," 153,727 ", 0 
 NAM , Rural ," 1,961 "," 460,510 ", 1 
 NAM , Urban ," 1,961 "," 142,556 ", 0 
 NER , Rural ," 1,961 "," 3,397,069 ", 1 
 NER , Urban ," 1,961 "," 211,093 ", 0 
 NGA , Rural ," 1,961 "," 39,187,369 ", 1 
 NGA , Urban ," 1,961 "," 6,801,941 ", 0 
 RWA , Rural ," 1,961 "," 3,023,950 ", 1 
 RWA , Urban ," 1,961 "," 82,829 ", 0 
 SDN , Rural ," 1,961 "," 7,568,435 ", 1 
 SDN , Urban ," 1,961 "," 1,066,506 ", 0 
 SEN , Rural ," 1,961 "," 2,651,326 ", 1 
 SEN , Urban ," 1,961 "," 785,049 ", 0 
 SLE , Rural ," 1,961 "," 1,890,285 ", 1 
 SLE , Urban ," 1,961 "," 413,942 ", 0 
 SOM , Rural ," 1,961 "," 2,415,542 ", 1 
 SOM , Urban ," 1,961 "," 536,512 ", 0 
 SSA , Rural ," 1,961 "," 198,969,893 ", 1 
 SSA , Urban ," 1,961 "," 34,284,693 ", 0 
 SSD , Rural ," 1,961 "," 2,719,579 ", 1 
 SSD , Urban ," 1,961 "," 257,145 ", 0 
 STP , Rural ," 1,961 "," 57,765 ", 1 
 STP , Urban ," 1,961 "," 10,942 ", 0 
 SWZ , Rural ," 1,961 "," 337,334 ", 1 
 SWZ , Urban ," 1,961 "," 15,930 ", 0 
 SYC , Rural ," 1,961 "," 31,885 ", 1 
 SYC , Urban ," 1,961 "," 12,223 ", 0 
 TCD , Rural ," 1,961 "," 2,896,558 ", 1 
 TCD , Urban ," 1,961 "," 215,388 ", 0 
 TGO , Rural ," 1,961 "," 1,505,289 ", 1 
 TGO , Urban ," 1,961 "," 197,428 ", 0 
 TZA , Rural ," 1,961 "," 9,688,208 ", 1 
 TZA , Urban ," 1,961 "," 499,678 ", 0 
 UGA , Rural ," 1,961 "," 7,504,751 ", 1 
 UGA , Urban ," 1,961 "," 357,466 ", 0 
 ZAF , Rural ," 1,961 "," 8,984,496 ", 1 
 ZAF , Urban ," 1,961 "," 7,923,539 ", 0 
 ZMB , Rural ," 1,961 "," 2,663,504 ", 1 
 ZMB , Urban ," 1,961 "," 590,582 ", 0 
 ZWE , Rural ," 1,961 "," 3,428,660 ", 1 
 ZWE , Urban ," 1,961 "," 501,742 ", 0 
 AFE , Rural ," 1,962 "," 116,452,270 ", 1 
 AFE , Urban ," 1,962 "," 20,725,335 ", 0 
 AFW , Rural ," 1,962 "," 86,558,835 ", 1 
 AFW , Urban ," 1,962 "," 15,295,919 ", 0 
 AGO , Rural ," 1,962 "," 4,754,249 ", 1 
 AGO , Urban ," 1,962 "," 600,061 ", 0 
 BDI , Rural ," 1,962 "," 2,849,380 ", 1 
 BDI , Urban ," 1,962 "," 58,562 ", 0 
 BEN , Rural ," 1,962 "," 2,323,310 ", 1 
 BEN , Urban ," 1,962 "," 281,348 ", 0 
 BFA , Rural ," 1,962 "," 4,663,905 ", 1 
 BFA , Urban ," 1,962 "," 255,767 ", 0 
 BWA , Rural ," 1,962 "," 523,222 ", 1 
 BWA , Urban ," 1,962 "," 16,964 ", 0 
 CAF , Rural ," 1,962 "," 1,392,547 ", 1 
 CAF , Urban ," 1,962 "," 375,568 ", 0 
 CIV , Rural ," 1,962 "," 3,123,935 ", 1 
 CIV , Urban ," 1,962 "," 833,004 ", 0 
 CMR , Rural ," 1,962 "," 4,571,505 ", 1 
 CMR , Urban ," 1,962 "," 767,115 ", 0 
 COD , Rural ," 1,962 "," 12,454,609 ", 1 
 COD , Urban ," 1,962 "," 3,621,115 ", 0 
 COG , Rural ," 1,962 "," 701,091 ", 1 
 COG , Urban ," 1,962 "," 412,084 ", 0 
 COM , Rural ," 1,962 "," 174,105 ", 1 
 COM , Urban ," 1,962 "," 30,597 ", 0 
 CPV , Rural ," 1,962 "," 205,891 ", 1 
 CPV , Urban ," 1,962 "," 16,028 ", 0 
 ERI , Rural ," 1,962 "," 907,965 ", 1 
 ERI , Urban ," 1,962 "," 111,823 ", 0 
 ETH , Rural ," 1,962 "," 20,807,306 ", 1 
 ETH , Urban ," 1,962 "," 1,657,820 ", 0 
 GAB , Rural ," 1,962 "," 449,949 ", 1 
 GAB , Urban ," 1,962 "," 74,699 ", 0 
 GHA , Rural ," 1,962 "," 5,530,653 ", 1 
 GHA , Urban ," 1,962 "," 1,806,722 ", 0 
 GIN , Rural ," 1,962 "," 3,285,457 ", 1 
 GIN , Urban ," 1,962 "," 398,816 ", 0 
 GMB , Rural ," 1,962 "," 383,029 ", 1 
 GMB , Urban ," 1,962 "," 37,134 ", 0 
 GNB , Rural ," 1,962 "," 507,465 ", 1 
 GNB , Urban ," 1,962 "," 82,009 ", 0 
 GNQ , Rural ," 1,962 "," 207,049 ", 1 
 GNQ , Urban ," 1,962 "," 73,237 ", 0 
 KEN , Rural ," 1,962 "," 7,582,739 ", 1 
 KEN , Urban ," 1,962 "," 716,569 ", 0 
 LBR , Rural ," 1,962 "," 958,532 ", 1 
 LBR , Urban ," 1,962 "," 238,507 ", 0 
 LSO , Rural ," 1,962 "," 743,854 ", 1 
 LSO , Urban ," 1,962 "," 37,960 ", 0 
 MDG , Rural ," 1,962 "," 4,766,701 ", 1 
 MDG , Urban ," 1,962 "," 617,449 ", 0 
 MLI , Rural ," 1,962 "," 5,133,767 ", 1 
 MLI , Urban ," 1,962 "," 430,150 ", 0 
 MOZ , Rural ," 1,962 "," 6,685,327 ", 1 
 MOZ , Urban ," 1,962 "," 284,037 ", 0 
 MRT , Rural ," 1,962 "," 798,711 ", 1 
 MRT , Urban ," 1,962 "," 70,473 ", 0 
 MUS , Rural ," 1,962 "," 415,996 ", 1 
 MUS , Urban ," 1,962 "," 289,278 ", 0 
 MWI , Rural ," 1,962 "," 3,645,036 ", 1 
 MWI , Urban ," 1,962 "," 161,271 ", 0 
 NAM , Rural ," 1,962 "," 468,907 ", 1 
 NAM , Urban ," 1,962 "," 146,852 ", 0 
 NER , Rural ," 1,962 "," 3,491,649 ", 1 
 NER , Urban ," 1,962 "," 222,871 ", 0 
 NGA , Rural ," 1,962 "," 39,753,975 ", 1 
 NGA , Urban ," 1,962 "," 7,211,317 ", 0 
 RWA , Rural ," 1,962 "," 3,099,212 ", 1 
 RWA , Urban ," 1,962 "," 86,813 ", 0 
 SDN , Rural ," 1,962 "," 7,760,856 ", 1 
 SDN , Urban ," 1,962 "," 1,158,172 ", 0 
 SEN , Rural ," 1,962 "," 2,709,745 ", 1 
 SEN , Urban ," 1,962 "," 824,941 ", 0 
 SLE , Rural ," 1,962 "," 1,908,897 ", 1 
 SLE , Urban ," 1,962 "," 433,345 ", 0 
 SOM , Rural ," 1,962 "," 2,463,905 ", 1 
 SOM , Urban ," 1,962 "," 566,187 ", 0 
 SSA , Rural ," 1,962 "," 203,011,105 ", 1 
 SSA , Urban ," 1,962 "," 36,021,254 ", 0 
 SSD , Rural ," 1,962 "," 2,763,648 ", 1 
 SSD , Urban ," 1,962 "," 260,660 ", 0 
 STP , Rural ," 1,962 "," 57,679 ", 1 
 STP , Urban ," 1,962 "," 11,723 ", 0 
 SWZ , Rural ," 1,962 "," 343,328 ", 1 
 SWZ , Urban ," 1,962 "," 18,038 ", 0 
 SYC , Rural ," 1,962 "," 32,337 ", 1 
 SYC , Urban ," 1,962 "," 12,726 ", 0 
 TCD , Rural ," 1,962 "," 2,945,079 ", 1 
 TCD , Urban ," 1,962 "," 230,519 ", 0 
 TGO , Rural ," 1,962 "," 1,512,695 ", 1 
 TGO , Urban ," 1,962 "," 220,264 ", 0 
 TZA , Rural ," 1,962 "," 9,971,863 ", 1 
 TZA , Urban ," 1,962 "," 515,893 ", 0 
 UGA , Rural ," 1,962 "," 7,707,612 ", 1 
 UGA , Urban ," 1,962 "," 384,619 ", 0 
 ZAF , Rural ," 1,962 "," 9,230,084 ", 1 
 ZAF , Urban ," 1,962 "," 8,188,438 ", 0 
 ZMB , Rural ," 1,962 "," 2,716,806 ", 1 
 ZMB , Urban ," 1,962 "," 641,293 ", 0 
 ZWE , Rural ," 1,962 "," 3,525,543 ", 1 
 ZWE , Urban ," 1,962 "," 530,416 ", 0 
 AFE , Rural ," 1,963 "," 119,306,409 ", 1 
 AFE , Urban ," 1,963 "," 21,641,515 ", 0 
 AFW , Rural ," 1,963 "," 87,859,259 ", 1 
 AFW , Urban ," 1,963 "," 16,229,916 ", 0 
 AGO , Rural ," 1,963 "," 4,781,944 ", 1 
 AGO , Urban ," 1,963 "," 626,376 ", 0 
 BDI , Rural ," 1,963 "," 2,907,326 ", 1 
 BDI , Urban ," 1,963 "," 62,516 ", 0 
 BEN , Rural ," 1,963 "," 2,349,265 ", 1 
 BEN , Urban ," 1,963 "," 303,643 ", 0 
 BFA , Rural ," 1,963 "," 4,729,841 ", 1 
 BFA , Urban ," 1,963 "," 263,783 ", 0 
 BWA , Rural ," 1,963 "," 535,160 ", 1 
 BWA , Urban ," 1,963 "," 17,806 ", 0 
 CAF , Rural ," 1,963 "," 1,408,997 ", 1 
 CAF , Urban ," 1,963 "," 394,066 ", 0 
 CIV , Rural ," 1,963 "," 3,194,748 ", 1 
 CIV , Urban ," 1,963 "," 917,313 ", 0 
 CMR , Rural ," 1,963 "," 4,643,943 ", 1 
 CMR , Urban ," 1,963 "," 812,680 ", 0 
 COD , Rural ," 1,963 "," 12,766,391 ", 1 
 COD , Urban ," 1,963 "," 3,741,207 ", 0 
 COG , Rural ," 1,963 "," 719,412 ", 1 
 COG , Urban ," 1,963 "," 423,851 ", 0 
 COM , Rural ," 1,963 "," 175,226 ", 1 
 COM , Urban ," 1,963 "," 32,959 ", 0 
 CPV , Rural ," 1,963 "," 210,257 ", 1 
 CPV , Urban ," 1,963 "," 19,115 ", 0 
 ERI , Rural ," 1,963 "," 927,698 ", 1 
 ERI , Urban ," 1,963 "," 117,394 ", 0 
 ETH , Rural ," 1,963 "," 21,318,422 ", 1 
 ETH , Urban ," 1,963 "," 1,733,215 ", 0 
 GAB , Rural ," 1,963 "," 447,453 ", 1 
 GAB , Urban ," 1,963 "," 83,999 ", 0 
 GHA , Rural ," 1,963 "," 5,613,876 ", 1 
 GHA , Urban ," 1,963 "," 1,900,838 ", 0 
 GIN , Rural ," 1,963 "," 3,320,700 ", 1 
 GIN , Urban ," 1,963 "," 430,254 ", 0 
 GMB , Rural ," 1,963 "," 393,671 ", 1 
 GMB , Urban ," 1,963 "," 38,086 ", 0 
 GNB , Rural ," 1,963 "," 510,670 ", 1 
 GNB , Urban ," 1,963 "," 83,748 ", 0 
 GNQ , Rural ," 1,963 "," 211,198 ", 1 
 GNQ , Urban ," 1,963 "," 74,767 ", 0 
 KEN , Rural ," 1,963 "," 7,867,386 ", 1 
 KEN , Urban ," 1,963 "," 760,585 ", 0 
 LBR , Rural ," 1,963 "," 974,088 ", 1 
 LBR , Urban ," 1,963 "," 253,326 ", 0 
 LSO , Rural ," 1,963 "," 761,298 ", 1 
 LSO , Urban ," 1,963 "," 44,075 ", 0 
 MDG , Rural ," 1,963 "," 4,874,122 ", 1 
 MDG , Urban ," 1,963 "," 651,063 ", 0 
 MLI , Rural ," 1,963 "," 5,189,306 ", 1 
 MLI , Urban ," 1,963 "," 457,299 ", 0 
 MOZ , Rural ," 1,963 "," 6,799,872 ", 1 
 MOZ , Urban ," 1,963 "," 309,956 ", 0 
 MRT , Rural ," 1,963 "," 815,237 ", 1 
 MRT , Urban ," 1,963 "," 78,187 ", 0 
 MUS , Rural ," 1,963 "," 421,125 ", 1 
 MUS , Urban ," 1,963 "," 299,225 ", 0 
 MWI , Rural ," 1,963 "," 3,731,143 ", 1 
 MWI , Urban ," 1,963 "," 169,363 ", 0 
 NAM , Rural ," 1,963 "," 478,237 ", 1 
 NAM , Urban ," 1,963 "," 151,352 ", 0 
 NER , Rural ," 1,963 "," 3,587,065 ", 1 
 NER , Urban ," 1,963 "," 236,808 ", 0 
 NGA , Rural ," 1,963 "," 40,336,957 ", 1 
 NGA , Urban ," 1,963 "," 7,636,618 ", 0 
 RWA , Rural ," 1,963 "," 3,168,336 ", 1 
 RWA , Urban ," 1,963 "," 90,554 ", 0 
 SDN , Rural ," 1,963 "," 7,962,842 ", 1 
 SDN , Urban ," 1,963 "," 1,255,236 ", 0 
 SEN , Rural ," 1,963 "," 2,760,523 ", 1 
 SEN , Urban ," 1,963 "," 875,353 ", 0 
 SLE , Rural ," 1,963 "," 1,928,480 ", 1 
 SLE , Urban ," 1,963 "," 453,778 ", 0 
 SOM , Rural ," 1,963 "," 2,513,172 ", 1 
 SOM , Urban ," 1,963 "," 597,189 ", 0 
 SSA , Rural ," 1,963 "," 207,165,669 ", 1 
 SSA , Urban ," 1,963 "," 37,871,430 ", 0 
 SSD , Rural ," 1,963 "," 2,808,390 ", 1 
 SSD , Urban ," 1,963 "," 264,279 ", 0 
 STP , Rural ," 1,963 "," 57,294 ", 1 
 STP , Urban ," 1,963 "," 12,818 ", 0 
 SWZ , Rural ," 1,963 "," 349,421 ", 1 
 SWZ , Urban ," 1,963 "," 20,338 ", 0 
 SYC , Rural ," 1,963 "," 32,690 ", 1 
 SYC , Urban ," 1,963 "," 13,385 ", 0 
 TCD , Rural ," 1,963 "," 2,994,575 ", 1 
 TCD , Urban ," 1,963 "," 246,329 ", 0 
 TGO , Rural ," 1,963 "," 1,518,998 ", 1 
 TGO , Urban ," 1,963 "," 246,074 ", 0 
 TZA , Rural ," 1,963 "," 10,266,732 ", 1 
 TZA , Urban ," 1,963 "," 532,796 ", 0 
 UGA , Rural ," 1,963 "," 7,919,226 ", 1 
 UGA , Urban ," 1,963 "," 414,436 ", 0 
 ZAF , Rural ," 1,963 "," 9,490,739 ", 1 
 ZAF , Urban ," 1,963 "," 8,463,825 ", 0 
 ZMB , Rural ," 1,963 "," 2,770,070 ", 1 
 ZMB , Urban ," 1,963 "," 695,837 ", 0 
 ZWE , Rural ," 1,963 "," 3,622,149 ", 1 
 ZWE , Urban ," 1,963 "," 563,728 ", 0 
 AFE , Rural ," 1,964 "," 122,289,354 ", 1 
 AFE , Urban ," 1,964 "," 22,615,715 ", 0 
 AFW , Rural ," 1,964 "," 89,163,536 ", 1 
 AFW , Urban ," 1,964 "," 17,224,905 ", 0 
 AGO , Rural ," 1,964 "," 4,811,480 ", 1 
 AGO , Urban ," 1,964 "," 652,707 ", 0 
 BDI , Rural ," 1,964 "," 2,988,496 ", 1 
 BDI , Urban ," 1,964 "," 67,154 ", 0 
 BEN , Rural ," 1,964 "," 2,374,876 ", 1 
 BEN , Urban ," 1,964 "," 329,127 ", 0 
 BFA , Rural ," 1,964 "," 4,798,858 ", 1 
 BFA , Urban ," 1,964 "," 272,176 ", 0 
 BWA , Rural ," 1,964 "," 547,160 ", 1 
 BWA , Urban ," 1,964 "," 19,106 ", 0 
 CAF , Rural ," 1,964 "," 1,425,495 ", 1 
 CAF , Urban ," 1,964 "," 414,088 ", 0 
 CIV , Rural ," 1,964 "," 3,270,802 ", 1 
 CIV , Urban ," 1,964 "," 1,003,150 ", 0 
 CMR , Rural ," 1,964 "," 4,713,581 ", 1 
 CMR , Urban ," 1,964 "," 864,676 ", 0 
 COD , Rural ," 1,964 "," 13,086,507 ", 1 
 COD , Urban ," 1,964 "," 3,868,820 ", 0 
 COG , Rural ," 1,964 "," 738,215 ", 1 
 COG , Urban ," 1,964 "," 436,601 ", 0 
 COM , Rural ," 1,964 "," 176,384 ", 1 
 COM , Urban ," 1,964 "," 35,260 ", 0 
 CPV , Rural ," 1,964 "," 213,765 ", 1 
 CPV , Urban ," 1,964 "," 23,241 ", 0 
 ERI , Rural ," 1,964 "," 948,190 ", 1 
 ERI , Urban ," 1,964 "," 123,097 ", 0 
 ETH , Rural ," 1,964 "," 21,853,537 ", 1 
 ETH , Urban ," 1,964 "," 1,813,011 ", 0 
 GAB , Rural ," 1,964 "," 443,060 ", 1 
 GAB , Urban ," 1,964 "," 95,597 ", 0 
 GHA , Rural ," 1,964 "," 5,698,526 ", 1 
 GHA , Urban ," 1,964 "," 1,997,213 ", 0 
 GIN , Rural ," 1,964 "," 3,354,971 ", 1 
 GIN , Urban ," 1,964 "," 464,751 ", 0 
 GMB , Rural ," 1,964 "," 403,863 ", 1 
 GMB , Urban ," 1,964 "," 39,824 ", 0 
 GNB , Rural ," 1,964 "," 504,701 ", 1 
 GNB , Urban ," 1,964 "," 83,842 ", 0 
 GNQ , Rural ," 1,964 "," 215,573 ", 1 
 GNQ , Urban ," 1,964 "," 76,369 ", 0 
 KEN , Rural ," 1,964 "," 8,168,403 ", 1 
 KEN , Urban ," 1,964 "," 805,133 ", 0 
 LBR , Rural ," 1,964 "," 989,764 ", 1 
 LBR , Urban ," 1,964 "," 268,981 ", 0 
 LSO , Rural ," 1,964 "," 779,105 ", 1 
 LSO , Urban ," 1,964 "," 50,332 ", 0 
 MDG , Rural ," 1,964 "," 4,983,797 ", 1 
 MDG , Urban ," 1,964 "," 686,066 ", 0 
 MLI , Rural ," 1,964 "," 5,244,623 ", 1 
 MLI , Urban ," 1,964 "," 485,502 ", 0 
 MOZ , Rural ," 1,964 "," 6,915,512 ", 1 
 MOZ , Urban ," 1,964 "," 339,549 ", 0 
 MRT , Rural ," 1,964 "," 832,566 ", 1 
 MRT , Urban ," 1,964 "," 86,389 ", 0 
 MUS , Rural ," 1,964 "," 426,997 ", 1 
 MUS , Urban ," 1,964 "," 309,540 ", 0 
 MWI , Rural ," 1,964 "," 3,819,327 ", 1 
 MWI , Urban ," 1,964 "," 177,978 ", 0 
 NAM , Rural ," 1,964 "," 488,474 ", 1 
 NAM , Urban ," 1,964 "," 156,056 ", 0 
 NER , Rural ," 1,964 "," 3,681,770 ", 1 
 NER , Urban ," 1,964 "," 254,044 ", 0 
 NGA , Rural ," 1,964 "," 40,932,549 ", 1 
 NGA , Urban ," 1,964 "," 8,079,467 ", 0 
 RWA , Rural ," 1,964 "," 3,240,451 ", 1 
 RWA , Urban ," 1,964 "," 94,383 ", 0 
 SDN , Rural ," 1,964 "," 8,173,820 ", 1 
 SDN , Urban ," 1,964 "," 1,357,288 ", 0 
 SEN , Rural ," 1,964 "," 2,805,426 ", 1 
 SEN , Urban ," 1,964 "," 935,110 ", 0 
 SLE , Rural ," 1,964 "," 1,947,916 ", 1 
 SLE , Urban ," 1,964 "," 476,474 ", 0 
 SOM , Rural ," 1,964 "," 2,562,719 ", 1 
 SOM , Urban ," 1,964 "," 630,077 ", 0 
 SSA , Rural ," 1,964 "," 211,452,890 ", 1 
 SSA , Urban ," 1,964 "," 39,840,620 ", 0 
 SSD , Rural ," 1,964 "," 2,861,220 ", 1 
 SSD , Urban ," 1,964 "," 268,698 ", 0 
 STP , Rural ," 1,964 "," 56,708 ", 1 
 STP , Urban ," 1,964 "," 14,158 ", 0 
 SWZ , Rural ," 1,964 "," 355,813 ", 1 
 SWZ , Urban ," 1,964 "," 22,843 ", 0 
 SYC , Rural ," 1,964 "," 32,953 ", 1 
 SYC , Urban ," 1,964 "," 14,187 ", 0 
 TCD , Rural ," 1,964 "," 3,043,950 ", 1 
 TCD , Urban ," 1,964 "," 263,529 ", 0 
 TGO , Rural ," 1,964 "," 1,528,687 ", 1 
 TGO , Urban ," 1,964 "," 274,753 ", 0 
 TZA , Rural ," 1,964 "," 10,576,937 ", 1 
 TZA , Urban ," 1,964 "," 550,889 ", 0 
 UGA , Rural ," 1,964 "," 8,140,039 ", 1 
 UGA , Urban ," 1,964 "," 446,324 ", 0 
 ZAF , Rural ," 1,964 "," 9,763,654 ", 1 
 ZAF , Urban ," 1,964 "," 8,747,707 ", 0 
 ZMB , Rural ," 1,964 "," 2,814,919 ", 1 
 ZMB , Urban ," 1,964 "," 762,098 ", 0 
 ZWE , Rural ," 1,964 "," 3,716,752 ", 1 
 ZWE , Urban ," 1,964 "," 603,254 ", 0 
 AFE , Rural ," 1,965 "," 125,378,845 ", 1 
 AFE , Urban ," 1,965 "," 23,655,056 ", 0 
 AFW , Rural ," 1,965 "," 90,483,600 ", 1 
 AFW , Urban ," 1,965 "," 18,289,033 ", 0 
 AGO , Rural ," 1,965 "," 4,842,330 ", 1 
 AGO , Urban ," 1,965 "," 679,651 ", 0 
 BDI , Rural ," 1,965 "," 3,069,257 ", 1 
 BDI , Urban ," 1,965 "," 72,109 ", 0 
 BEN , Rural ," 1,965 "," 2,400,211 ", 1 
 BEN , Urban ," 1,965 "," 357,725 ", 0 
 BFA , Rural ," 1,965 "," 4,871,821 ", 1 
 BFA , Urban ," 1,965 "," 281,012 ", 0 
 BWA , Rural ," 1,965 "," 552,633 ", 1 
 BWA , Urban ," 1,965 "," 22,031 ", 0 
 CAF , Rural ," 1,965 "," 1,442,056 ", 1 
 CAF , Urban ," 1,965 "," 435,798 ", 0 
 CIV , Rural ," 1,965 "," 3,354,038 ", 1 
 CIV , Urban ," 1,965 "," 1,088,339 ", 0 
 CMR , Rural ," 1,965 "," 4,781,626 ", 1 
 CMR , Urban ," 1,965 "," 923,060 ", 0 
 COD , Rural ," 1,965 "," 13,421,647 ", 1 
 COD , Urban ," 1,965 "," 4,006,155 ", 0 
 COG , Rural ," 1,965 "," 757,517 ", 1 
 COG , Urban ," 1,965 "," 450,363 ", 0 
 COM , Rural ," 1,965 "," 177,573 ", 1 
 COM , Urban ," 1,965 "," 37,394 ", 0 
 CPV , Rural ," 1,965 "," 216,656 ", 1 
 CPV , Urban ," 1,965 "," 28,200 ", 0 
 ERI , Rural ," 1,965 "," 969,414 ", 1 
 ERI , Urban ," 1,965 "," 128,921 ", 0 
 ETH , Rural ," 1,965 "," 22,413,207 ", 1 
 ETH , Urban ," 1,965 "," 1,897,405 ", 0 
 GAB , Rural ," 1,965 "," 437,214 ", 1 
 GAB , Urban ," 1,965 "," 109,094 ", 0 
 GHA , Rural ," 1,965 "," 5,787,047 ", 1 
 GHA , Urban ," 1,965 "," 2,095,559 ", 0 
 GIN , Rural ," 1,965 "," 3,388,503 ", 1 
 GIN , Urban ," 1,965 "," 502,213 ", 0 
 GMB , Rural ," 1,965 "," 413,402 ", 1 
 GMB , Urban ," 1,965 "," 42,550 ", 0 
 GNB , Rural ," 1,965 "," 492,288 ", 1 
 GNB , Urban ," 1,965 "," 82,718 ", 0 
 GNQ , Rural ," 1,965 "," 220,188 ", 1 
 GNQ , Urban ," 1,965 "," 78,050 ", 0 
 KEN , Rural ," 1,965 "," 8,486,727 ", 1 
 KEN , Urban ," 1,965 "," 851,351 ", 0 
 LBR , Rural ," 1,965 "," 1,005,603 ", 1 
 LBR , Urban ," 1,965 "," 285,553 ", 0 
 LSO , Rural ," 1,965 "," 797,575 ", 1 
 LSO , Urban ," 1,965 "," 56,515 ", 0 
 MDG , Rural ," 1,965 "," 5,096,512 ", 1 
 MDG , Urban ," 1,965 "," 722,604 ", 0 
 MLI , Rural ," 1,965 "," 5,300,713 ", 1 
 MLI , Urban ," 1,965 "," 514,774 ", 0 
 MOZ , Rural ," 1,965 "," 7,033,479 ", 1 
 MOZ , Urban ," 1,965 "," 372,941 ", 0 
 MRT , Rural ," 1,965 "," 849,264 ", 1 
 MRT , Urban ," 1,965 "," 96,574 ", 0 
 MUS , Rural ," 1,965 "," 432,974 ", 1 
 MUS , Urban ," 1,965 "," 319,686 ", 0 
 MWI , Rural ," 1,965 "," 3,909,060 ", 1 
 MWI , Urban ," 1,965 "," 187,097 ", 0 
 NAM , Rural ," 1,965 "," 499,592 ", 1 
 NAM , Urban ," 1,965 "," 160,966 ", 0 
 NER , Rural ," 1,965 "," 3,775,769 ", 1 
 NER , Urban ," 1,965 "," 273,926 ", 0 
 NGA , Rural ," 1,965 "," 41,538,815 ", 1 
 NGA , Urban ," 1,965 "," 8,547,949 ", 0 
 RWA , Rural ," 1,965 "," 3,324,554 ", 1 
 RWA , Urban ," 1,965 "," 98,656 ", 0 
 SDN , Rural ," 1,965 "," 8,394,079 ", 1 
 SDN , Urban ," 1,965 "," 1,463,951 ", 0 
 SEN , Rural ," 1,965 "," 2,846,787 ", 1 
 SEN , Urban ," 1,965 "," 1,003,001 ", 0 
 SLE , Rural ," 1,965 "," 1,966,510 ", 1 
 SLE , Urban ," 1,965 "," 502,156 ", 0 
 SOM , Rural ," 1,965 "," 2,612,508 ", 1 
 SOM , Urban ," 1,965 "," 665,366 ", 0 
 SSA , Rural ," 1,965 "," 215,862,445 ", 1 
 SSA , Urban ," 1,965 "," 41,944,089 ", 0 
 SSD , Rural ," 1,965 "," 2,916,456 ", 1 
 SSD , Urban ," 1,965 "," 273,379 ", 0 
 STP , Rural ," 1,965 "," 56,011 ", 1 
 STP , Urban ," 1,965 "," 15,669 ", 0 
 SWZ , Rural ," 1,965 "," 362,759 ", 1 
 SWZ , Urban ," 1,965 "," 25,577 ", 0 
 SYC , Rural ," 1,965 "," 33,148 ", 1 
 SYC , Urban ," 1,965 "," 15,122 ", 0 
 TCD , Rural ," 1,965 "," 3,090,382 ", 1 
 TCD , Urban ," 1,965 "," 283,838 ", 0 
 TGO , Rural ," 1,965 "," 1,547,186 ", 1 
 TGO , Urban ," 1,965 "," 306,585 ", 0 
 TZA , Rural ," 1,965 "," 10,900,338 ", 1 
 TZA , Urban ," 1,965 "," 570,390 ", 0 
 UGA , Rural ," 1,965 "," 8,369,650 ", 1 
 UGA , Urban ," 1,965 "," 479,554 ", 0 
 ZAF , Rural ," 1,965 "," 10,048,786 ", 1 
 ZAF , Urban ," 1,965 "," 9,040,594 ", 0 
 ZMB , Rural ," 1,965 "," 2,848,015 ", 1 
 ZMB , Urban ," 1,965 "," 844,071 ", 0 
 ZWE , Rural ," 1,965 "," 3,810,562 ", 1 
 ZWE , Urban ," 1,965 "," 647,900 ", 0 
 AFE , Rural ," 1,966 "," 128,527,993 ", 1 
 AFE , Urban ," 1,966 "," 24,753,802 ", 0 
 AFW , Rural ," 1,966 "," 91,828,621 ", 1 
 AFW , Urban ," 1,966 "," 19,418,332 ", 0 
 AGO , Rural ," 1,966 "," 4,873,604 ", 1 
 AGO , Urban ," 1,966 "," 707,782 ", 0 
 BDI , Rural ," 1,966 "," 3,140,639 ", 1 
 BDI , Urban ," 1,966 "," 77,321 ", 0 
 BEN , Rural ," 1,966 "," 2,425,014 ", 1 
 BEN , Urban ," 1,966 "," 389,303 ", 0 
 BFA , Rural ," 1,966 "," 4,947,690 ", 1 
 BFA , Urban ," 1,966 "," 290,243 ", 0 
 BWA , Rural ," 1,966 "," 551,105 ", 1 
 BWA , Urban ," 1,966 "," 26,761 ", 0 
 CAF , Rural ," 1,966 "," 1,458,701 ", 1 
 CAF , Urban ," 1,966 "," 459,381 ", 0 
 CIV , Rural ," 1,966 "," 3,445,407 ", 1 
 CIV , Urban ," 1,966 "," 1,172,112 ", 0 
 CMR , Rural ," 1,966 "," 4,849,470 ", 1 
 CMR , Urban ," 1,966 "," 987,825 ", 0 
 COD , Rural ," 1,966 "," 13,776,911 ", 1 
 COD , Urban ," 1,966 "," 4,155,018 ", 0 
 COG , Rural ," 1,966 "," 777,350 ", 1 
 COG , Urban ," 1,966 "," 465,184 ", 0 
 COM , Rural ," 1,966 "," 179,304 ", 1 
 COM , Urban ," 1,966 "," 39,359 ", 0 
 CPV , Rural ," 1,966 "," 219,219 ", 1 
 CPV , Urban ," 1,966 "," 33,757 ", 0 
 ERI , Rural ," 1,966 "," 990,249 ", 1 
 ERI , Urban ," 1,966 "," 134,707 ", 0 
 ETH , Rural ," 1,966 "," 22,968,618 ", 1 
 ETH , Urban ," 1,966 "," 1,984,071 ", 0 
 GAB , Rural ," 1,966 "," 430,387 ", 1 
 GAB , Urban ," 1,966 "," 124,076 ", 0 
 GHA , Rural ," 1,966 "," 5,879,775 ", 1 
 GHA , Urban ," 1,966 "," 2,194,746 ", 0 
 GIN , Rural ," 1,966 "," 3,421,610 ", 1 
 GIN , Urban ," 1,966 "," 542,544 ", 0 
 GMB , Rural ," 1,966 "," 422,312 ", 1 
 GMB , Urban ," 1,966 "," 46,204 ", 0 
 GNB , Rural ," 1,966 "," 484,636 ", 1 
 GNB , Urban ," 1,966 "," 82,272 ", 0 
 GNQ , Rural ," 1,966 "," 225,048 ", 1 
 GNQ , Urban ," 1,966 "," 79,811 ", 0 
 KEN , Rural ," 1,966 "," 8,817,725 ", 1 
 KEN , Urban ," 1,966 "," 900,091 ", 0 
 LBR , Rural ," 1,966 "," 1,021,370 ", 1 
 LBR , Urban ," 1,966 "," 303,013 ", 0 
 LSO , Rural ," 1,966 "," 819,239 ", 1 
 LSO , Urban ," 1,966 "," 62,631 ", 0 
 MDG , Rural ," 1,966 "," 5,213,039 ", 1 
 MDG , Urban ," 1,966 "," 761,239 ", 0 
 MLI , Rural ," 1,966 "," 5,357,204 ", 1 
 MLI , Urban ," 1,966 "," 545,000 ", 0 
 MOZ , Rural ," 1,966 "," 7,152,840 ", 1 
 MOZ , Urban ," 1,966 "," 410,150 ", 0 
 MRT , Rural ," 1,966 "," 865,923 ", 1 
 MRT , Urban ," 1,966 "," 108,234 ", 0 
 MUS , Rural ," 1,966 "," 439,072 ", 1 
 MUS , Urban ," 1,966 "," 329,578 ", 0 
 MWI , Rural ," 1,966 "," 4,001,219 ", 1 
 MWI , Urban ," 1,966 "," 196,707 ", 0 
 NAM , Rural ," 1,966 "," 511,572 ", 1 
 NAM , Urban ," 1,966 "," 166,084 ", 0 
 NER , Rural ," 1,966 "," 3,869,790 ", 1 
 NER , Urban ," 1,966 "," 295,754 ", 0 
 NGA , Rural ," 1,966 "," 42,145,856 ", 1 
 NGA , Urban ," 1,966 "," 9,042,378 ", 0 
 RWA , Rural ," 1,966 "," 3,418,217 ", 1 
 RWA , Urban ," 1,966 "," 103,409 ", 0 
 SDN , Rural ," 1,966 "," 8,622,994 ", 1 
 SDN , Urban ," 1,966 "," 1,574,584 ", 0 
 SEN , Rural ," 1,966 "," 2,886,776 ", 1 
 SEN , Urban ," 1,966 "," 1,077,523 ", 0 
 SLE , Rural ," 1,966 "," 1,984,291 ", 1 
 SLE , Urban ," 1,966 "," 530,347 ", 0 
 SOM , Rural ," 1,966 "," 2,662,347 ", 1 
 SOM , Urban ," 1,966 "," 702,759 ", 0 
 SSA , Rural ," 1,966 "," 220,356,614 ", 1 
 SSA , Urban ," 1,966 "," 44,172,134 ", 0 
 SSD , Rural ," 1,966 "," 2,959,470 ", 1 
 SSD , Urban ," 1,966 "," 276,953 ", 0 
 STP , Rural ," 1,966 "," 55,301 ", 1 
 STP , Urban ," 1,966 "," 17,275 ", 0 
 SWZ , Rural ," 1,966 "," 370,215 ", 1 
 SWZ , Urban ," 1,966 "," 28,551 ", 0 
 SYC , Rural ," 1,966 "," 33,281 ", 1 
 SYC , Urban ," 1,966 "," 16,175 ", 0 
 TCD , Rural ," 1,966 "," 3,133,751 ", 1 
 TCD , Urban ," 1,966 "," 307,153 ", 0 
 TGO , Rural ," 1,966 "," 1,577,039 ", 1 
 TGO , Urban ," 1,966 "," 341,474 ", 0 
 TZA , Rural ," 1,966 "," 11,235,852 ", 1 
 TZA , Urban ," 1,966 "," 591,607 ", 0 
 UGA , Rural ," 1,966 "," 8,609,469 ", 1 
 UGA , Urban ," 1,966 "," 513,395 ", 0 
 ZAF , Rural ," 1,966 "," 10,346,571 ", 1 
 ZAF , Urban ," 1,966 "," 9,343,516 ", 0 
 ZMB , Rural ," 1,966 "," 2,874,545 ", 1 
 ZMB , Urban ," 1,966 "," 937,457 ", 0 
 ZWE , Rural ," 1,966 "," 3,904,596 ", 1 
 ZWE , Urban ," 1,966 "," 696,621 ", 0 
 AFE , Rural ," 1,967 "," 131,794,106 ", 1 
 AFE , Urban ," 1,967 "," 25,911,370 ", 0 
 AFW , Rural ," 1,967 "," 93,188,122 ", 1 
 AFW , Urban ," 1,967 "," 20,606,897 ", 0 
 AGO , Rural ," 1,967 "," 4,904,146 ", 1 
 AGO , Urban ," 1,967 "," 737,661 ", 0 
 BDI , Rural ," 1,967 "," 3,217,684 ", 1 
 BDI , Urban ," 1,967 "," 83,006 ", 0 
 BEN , Rural ," 1,967 "," 2,449,259 ", 1 
 BEN , Urban ," 1,967 "," 423,738 ", 0 
 BFA , Rural ," 1,967 "," 5,026,464 ", 1 
 BFA , Urban ," 1,967 "," 299,884 ", 0 
 BWA , Rural ," 1,967 "," 548,134 ", 1 
 BWA , Urban ," 1,967 "," 32,798 ", 0 
 CAF , Rural ," 1,967 "," 1,475,416 ", 1 
 CAF , Urban ," 1,967 "," 485,028 ", 0 
 CIV , Rural ," 1,967 "," 3,543,808 ", 1 
 CIV , Urban ," 1,967 "," 1,255,936 ", 0 
 CMR , Rural ," 1,967 "," 4,918,372 ", 1 
 CMR , Urban ," 1,967 "," 1,058,946 ", 0 
 COD , Rural ," 1,967 "," 14,148,269 ", 1 
 COD , Urban ," 1,967 "," 4,314,513 ", 0 
 COG , Rural ," 1,967 "," 797,645 ", 1 
 COG , Urban ," 1,967 "," 481,046 ", 0 
 COM , Rural ," 1,967 "," 182,437 ", 1 
 COM , Urban ," 1,967 "," 41,422 ", 0 
 CPV , Rural ," 1,967 "," 221,762 ", 1 
 CPV , Urban ," 1,967 "," 39,642 ", 0 
 ERI , Rural ," 1,967 "," 1,011,754 ", 1 
 ERI , Urban ," 1,967 "," 140,585 ", 0 
 ETH , Rural ," 1,967 "," 23,545,034 ", 1 
 ETH , Urban ," 1,967 "," 2,075,242 ", 0 
 GAB , Rural ," 1,967 "," 423,013 ", 1 
 GAB , Urban ," 1,967 "," 140,095 ", 0 
 GHA , Rural ," 1,967 "," 5,978,038 ", 1 
 GHA , Urban ," 1,967 "," 2,293,875 ", 0 
 GIN , Rural ," 1,967 "," 3,454,525 ", 1 
 GIN , Urban ," 1,967 "," 585,629 ", 0 
 GMB , Rural ," 1,967 "," 430,844 ", 1 
 GMB , Urban ," 1,967 "," 50,744 ", 0 
 GNB , Rural ," 1,967 "," 485,765 ", 1 
 GNB , Urban ," 1,967 "," 83,246 ", 0 
 GNQ , Rural ," 1,967 "," 230,152 ", 1 
 GNQ , Urban ," 1,967 "," 81,653 ", 0 
 KEN , Rural ," 1,967 "," 9,158,485 ", 1 
 KEN , Urban ," 1,967 "," 952,571 ", 0 
 LBR , Rural ," 1,967 "," 1,037,045 ", 1 
 LBR , Urban ," 1,967 "," 321,390 ", 0 
 LSO , Rural ," 1,967 "," 844,612 ", 1 
 LSO , Urban ," 1,967 "," 69,370 ", 0 
 MDG , Rural ," 1,967 "," 5,334,873 ", 1 
 MDG , Urban ," 1,967 "," 801,613 ", 0 
 MLI , Rural ," 1,967 "," 5,414,747 ", 1 
 MLI , Urban ," 1,967 "," 576,159 ", 0 
 MOZ , Rural ," 1,967 "," 7,273,330 ", 1 
 MOZ , Urban ," 1,967 "," 451,220 ", 0 
 MRT , Rural ," 1,967 "," 882,869 ", 1 
 MRT , Urban ," 1,967 "," 120,974 ", 0 
 MUS , Rural ," 1,967 "," 445,210 ", 1 
 MUS , Urban ," 1,967 "," 339,047 ", 0 
 MWI , Rural ," 1,967 "," 4,094,559 ", 1 
 MWI , Urban ," 1,967 "," 208,453 ", 0 
 NAM , Rural ," 1,967 "," 524,574 ", 1 
 NAM , Urban ," 1,967 "," 171,471 ", 0 
 NER , Rural ," 1,967 "," 3,962,833 ", 1 
 NER , Urban ," 1,967 "," 320,757 ", 0 
 NGA , Rural ," 1,967 "," 42,733,930 ", 1 
 NGA , Urban ," 1,967 "," 9,559,134 ", 0 
 RWA , Rural ," 1,967 "," 3,520,833 ", 1 
 RWA , Urban ," 1,967 "," 108,744 ", 0 
 SDN , Rural ," 1,967 "," 8,861,834 ", 1 
 SDN , Urban ," 1,967 "," 1,688,764 ", 0 
 SEN , Rural ," 1,967 "," 2,927,140 ", 1 
 SEN , Urban ," 1,967 "," 1,156,730 ", 0 
 SLE , Rural ," 1,967 "," 2,001,633 ", 1 
 SLE , Urban ," 1,967 "," 560,751 ", 0 
 SOM , Rural ," 1,967 "," 2,712,503 ", 1 
 SOM , Urban ," 1,967 "," 742,034 ", 0 
 SSA , Rural ," 1,967 "," 224,982,228 ", 1 
 SSA , Urban ," 1,967 "," 46,518,267 ", 0 
 SSD , Rural ," 1,967 "," 2,997,543 ", 1 
 SSD , Urban ," 1,967 "," 280,105 ", 0 
 STP , Rural ," 1,967 "," 54,692 ", 1 
 STP , Urban ," 1,967 "," 18,904 ", 0 
 SWZ , Rural ," 1,967 "," 377,181 ", 1 
 SWZ , Urban ," 1,967 "," 31,850 ", 0 
 SYC , Rural ," 1,967 "," 33,350 ", 1 
 SYC , Urban ," 1,967 "," 17,317 ", 0 
 TCD , Rural ," 1,967 "," 3,175,461 ", 1 
 TCD , Urban ," 1,967 "," 333,051 ", 0 
 TGO , Rural ," 1,967 "," 1,617,400 ", 1 
 TGO , Urban ," 1,967 "," 378,490 ", 0 
 TZA , Rural ," 1,967 "," 11,585,369 ", 1 
 TZA , Urban ," 1,967 "," 614,740 ", 0 
 UGA , Rural ," 1,967 "," 8,861,855 ", 1 
 UGA , Urban ," 1,967 "," 547,069 ", 0 
 ZAF , Rural ," 1,967 "," 10,656,935 ", 1 
 ZAF , Urban ," 1,967 "," 9,657,131 ", 0 
 ZMB , Rural ," 1,967 "," 2,898,822 ", 1 
 ZMB , Urban ," 1,967 "," 1,037,521 ", 0 
 ZWE , Rural ," 1,967 "," 4,000,088 ", 1 
 ZWE , Urban ," 1,967 "," 748,219 ", 0 
 AFE , Rural ," 1,968 "," 135,192,623 ", 1 
 AFE , Urban ," 1,968 "," 27,138,390 ", 0 
 AFW , Rural ," 1,968 "," 94,588,273 ", 1 
 AFW , Urban ," 1,968 "," 21,856,363 ", 0 
 AGO , Rural ," 1,968 "," 4,932,829 ", 1 
 AGO , Urban ," 1,968 "," 769,871 ", 0 
 BDI , Rural ," 1,968 "," 3,291,426 ", 1 
 BDI , Urban ," 1,968 "," 88,961 ", 0 
 BEN , Rural ," 1,968 "," 2,473,302 ", 1 
 BEN , Urban ," 1,968 "," 460,955 ", 0 
 BFA , Rural ," 1,968 "," 5,108,661 ", 1 
 BFA , Urban ," 1,968 "," 309,983 ", 0 
 BWA , Rural ," 1,968 "," 544,382 ", 1 
 BWA , Urban ," 1,968 "," 39,584 ", 0 
 CAF , Rural ," 1,968 "," 1,492,157 ", 1 
 CAF , Urban ," 1,968 "," 512,943 ", 0 
 CIV , Rural ," 1,968 "," 3,648,923 ", 1 
 CIV , Urban ," 1,968 "," 1,341,099 ", 0 
 CMR , Rural ," 1,968 "," 4,989,488 ", 1 
 CMR , Urban ," 1,968 "," 1,136,375 ", 0 
 COD , Rural ," 1,968 "," 14,529,241 ", 1 
 COD , Urban ," 1,968 "," 4,482,948 ", 0 
 COG , Rural ," 1,968 "," 818,491 ", 1 
 COG , Urban ," 1,968 "," 498,028 ", 0 
 COM , Rural ," 1,968 "," 186,583 ", 1 
 COM , Urban ," 1,968 "," 43,661 ", 0 
 CPV , Rural ," 1,968 "," 224,621 ", 1 
 CPV , Urban ," 1,968 "," 45,543 ", 0 
 ERI , Rural ," 1,968 "," 1,035,064 ", 1 
 ERI , Urban ," 1,968 "," 146,673 ", 0 
 ETH , Rural ," 1,968 "," 24,164,595 ", 1 
 ETH , Urban ," 1,968 "," 2,173,335 ", 0 
 GAB , Rural ," 1,968 "," 415,580 ", 1 
 GAB , Urban ," 1,968 "," 156,677 ", 0 
 GHA , Rural ," 1,968 "," 6,083,630 ", 1 
 GHA , Urban ," 1,968 "," 2,392,100 ", 0 
 GIN , Rural ," 1,968 "," 3,487,252 ", 1 
 GIN , Urban ," 1,968 "," 631,298 ", 0 
 GMB , Rural ," 1,968 "," 439,155 ", 1 
 GMB , Urban ," 1,968 "," 56,114 ", 0 
 GNB , Rural ," 1,968 "," 492,937 ", 1 
 GNB , Urban ," 1,968 "," 85,233 ", 0 
 GNQ , Rural ," 1,968 "," 235,330 ", 1 
 GNQ , Urban ," 1,968 "," 83,518 ", 0 
 KEN , Rural ," 1,968 "," 9,508,353 ", 1 
 KEN , Urban ," 1,968 "," 1,010,469 ", 0 
 LBR , Rural ," 1,968 "," 1,052,764 ", 1 
 LBR , Urban ," 1,968 "," 340,766 ", 0 
 LSO , Rural ," 1,968 "," 871,085 ", 1 
 LSO , Urban ," 1,968 "," 77,019 ", 0 
 MDG , Rural ," 1,968 "," 5,462,595 ", 1 
 MDG , Urban ," 1,968 "," 843,898 ", 0 
 MLI , Rural ," 1,968 "," 5,474,666 ", 1 
 MLI , Urban ," 1,968 "," 608,312 ", 0 
 MOZ , Rural ," 1,968 "," 7,396,318 ", 1 
 MOZ , Urban ," 1,968 "," 496,295 ", 0 
 MRT , Rural ," 1,968 "," 899,906 ", 1 
 MRT , Urban ," 1,968 "," 134,833 ", 0 
 MUS , Rural ," 1,968 "," 451,338 ", 1 
 MUS , Urban ," 1,968 "," 347,942 ", 0 
 MWI , Rural ," 1,968 "," 4,186,960 ", 1 
 MWI , Urban ," 1,968 "," 224,094 ", 0 
 NAM , Rural ," 1,968 "," 538,455 ", 1 
 NAM , Urban ," 1,968 "," 177,087 ", 0 
 NER , Rural ," 1,968 "," 4,053,277 ", 1 
 NER , Urban ," 1,968 "," 350,360 ", 0 
 NGA , Rural ," 1,968 "," 43,328,406 ", 1 
 NGA , Urban ," 1,968 "," 10,104,377 ", 0 
 RWA , Rural ," 1,968 "," 3,629,315 ", 1 
 RWA , Urban ," 1,968 "," 114,695 ", 0 
 SDN , Rural ," 1,968 "," 9,112,001 ", 1 
 SDN , Urban ," 1,968 "," 1,805,999 ", 0 
 SEN , Rural ," 1,968 "," 2,969,397 ", 1 
 SEN , Urban ," 1,968 "," 1,238,190 ", 0 
 SLE , Rural ," 1,968 "," 2,018,588 ", 1 
 SLE , Urban ," 1,968 "," 592,944 ", 0 
 SOM , Rural ," 1,968 "," 2,763,568 ", 1 
 SOM , Urban ," 1,968 "," 783,022 ", 0 
 SSA , Rural ," 1,968 "," 229,780,897 ", 1 
 SSA , Urban ," 1,968 "," 48,994,752 ", 0 
 SSD , Rural ," 1,968 "," 3,038,008 ", 1 
 SSD , Urban ," 1,968 "," 283,520 ", 0 
 STP , Rural ," 1,968 "," 54,286 ", 1 
 STP , Urban ," 1,968 "," 20,479 ", 0 
 SWZ , Rural ," 1,968 "," 383,569 ", 1 
 SWZ , Urban ," 1,968 "," 35,577 ", 0 
 SYC , Rural ," 1,968 "," 33,361 ", 1 
 SYC , Urban ," 1,968 "," 18,524 ", 0 
 TCD , Rural ," 1,968 "," 3,217,131 ", 1 
 TCD , Urban ," 1,968 "," 361,100 ", 0 
 TGO , Rural ," 1,968 "," 1,664,611 ", 1 
 TGO , Urban ," 1,968 "," 415,615 ", 0 
 TZA , Rural ," 1,968 "," 11,947,477 ", 1 
 TZA , Urban ," 1,968 "," 654,599 ", 0 
 UGA , Rural ," 1,968 "," 9,128,953 ", 1 
 UGA , Urban ," 1,968 "," 579,679 ", 0 
 ZAF , Rural ," 1,968 "," 10,977,336 ", 1 
 ZAF , Urban ," 1,968 "," 9,979,951 ", 0 
 ZMB , Rural ," 1,968 "," 2,926,514 ", 1 
 ZMB , Urban ," 1,968 "," 1,139,079 ", 0 
 ZWE , Rural ," 1,968 "," 4,099,011 ", 1 
 ZWE , Urban ," 1,968 "," 801,429 ", 0 
 AFE , Rural ," 1,969 "," 138,650,630 ", 1 
 AFE , Urban ," 1,969 "," 28,439,667 ", 0 
 AFW , Rural ," 1,969 "," 96,039,668 ", 1 
 AFW , Urban ," 1,969 "," 23,163,854 ", 0 
 AGO , Rural ," 1,969 "," 4,958,649 ", 1 
 AGO , Urban ," 1,969 "," 805,036 ", 0 
 BDI , Rural ," 1,969 "," 3,359,475 ", 1 
 BDI , Urban ," 1,969 "," 95,115 ", 0 
 BEN , Rural ," 1,969 "," 2,497,375 ", 1 
 BEN , Urban ," 1,969 "," 500,847 ", 0 
 BFA , Rural ," 1,969 "," 5,192,717 ", 1 
 BFA , Urban ," 1,969 "," 320,460 ", 0 
 BWA , Rural ," 1,969 "," 540,513 ", 1 
 BWA , Urban ," 1,969 "," 46,553 ", 0 
 CAF , Rural ," 1,969 "," 1,508,353 ", 1 
 CAF , Urban ," 1,969 "," 543,163 ", 0 
 CIV , Rural ," 1,969 "," 3,762,325 ", 1 
 CIV , Urban ," 1,969 "," 1,429,896 ", 0 
 CMR , Rural ," 1,969 "," 5,063,511 ", 1 
 CMR , Urban ," 1,969 "," 1,219,951 ", 0 
 COD , Rural ," 1,969 "," 14,912,250 ", 1 
 COD , Urban ," 1,969 "," 4,658,195 ", 0 
 COG , Rural ," 1,969 "," 839,973 ", 1 
 COG , Urban ," 1,969 "," 516,209 ", 0 
 COM , Rural ," 1,969 "," 191,058 ", 1 
 COM , Urban ," 1,969 "," 45,943 ", 0 
 CPV , Rural ," 1,969 "," 228,148 ", 1 
 CPV , Urban ," 1,969 "," 51,100 ", 0 
 ERI , Rural ," 1,969 "," 1,059,194 ", 1 
 ERI , Urban ," 1,969 "," 152,811 ", 0 
 ETH , Rural ," 1,969 "," 24,796,459 ", 1 
 ETH , Urban ," 1,969 "," 2,276,112 ", 0 
 GAB , Rural ," 1,969 "," 409,555 ", 1 
 GAB , Urban ," 1,969 "," 173,721 ", 0 
 GHA , Rural ," 1,969 "," 6,200,905 ", 1 
 GHA , Urban ," 1,969 "," 2,489,478 ", 0 
 GIN , Rural ," 1,969 "," 3,519,086 ", 1 
 GIN , Urban ," 1,969 "," 679,214 ", 0 
 GMB , Rural ," 1,969 "," 447,217 ", 1 
 GMB , Urban ," 1,969 "," 62,223 ", 0 
 GNB , Rural ," 1,969 "," 495,229 ", 1 
 GNB , Urban ," 1,969 "," 86,381 ", 0 
 GNQ , Rural ," 1,969 "," 238,021 ", 1 
 GNQ , Urban ," 1,969 "," 84,495 ", 0 
 KEN , Rural ," 1,969 "," 9,864,400 ", 1 
 KEN , Urban ," 1,969 "," 1,075,295 ", 0 
 LBR , Rural ," 1,969 "," 1,068,448 ", 1 
 LBR , Urban ," 1,969 "," 361,157 ", 0 
 LSO , Rural ," 1,969 "," 897,906 ", 1 
 LSO , Urban ," 1,969 "," 85,296 ", 0 
 MDG , Rural ," 1,969 "," 5,595,204 ", 1 
 MDG , Urban ," 1,969 "," 889,512 ", 0 
 MLI , Rural ," 1,969 "," 5,536,390 ", 1 
 MLI , Urban ," 1,969 "," 641,314 ", 0 
 MOZ , Rural ," 1,969 "," 7,521,524 ", 1 
 MOZ , Urban ," 1,969 "," 545,427 ", 0 
 MRT , Rural ," 1,969 "," 916,903 ", 1 
 MRT , Urban ," 1,969 "," 149,851 ", 0 
 MUS , Rural ," 1,969 "," 457,537 ", 1 
 MUS , Urban ," 1,969 "," 356,204 ", 0 
 MWI , Rural ," 1,969 "," 4,277,888 ", 1 
 MWI , Urban ," 1,969 "," 243,296 ", 0 
 NAM , Rural ," 1,969 "," 553,185 ", 1 
 NAM , Urban ," 1,969 "," 182,935 ", 0 
 NER , Rural ," 1,969 "," 4,141,654 ", 1 
 NER , Urban ," 1,969 "," 384,071 ", 0 
 NGA , Rural ," 1,969 "," 43,948,232 ", 1 
 NGA , Urban ," 1,969 "," 10,683,682 ", 0 
 RWA , Rural ," 1,969 "," 3,739,987 ", 1 
 RWA , Urban ," 1,969 "," 121,284 ", 0 
 SDN , Rural ," 1,969 "," 9,373,522 ", 1 
 SDN , Urban ," 1,969 "," 1,925,414 ", 0 
 SEN , Rural ," 1,969 "," 3,015,691 ", 1 
 SEN , Urban ," 1,969 "," 1,319,283 ", 0 
 SLE , Rural ," 1,969 "," 2,034,986 ", 1 
 SLE , Urban ," 1,969 "," 626,379 ", 0 
 SOM , Rural ," 1,969 "," 2,815,639 ", 1 
 SOM , Urban ," 1,969 "," 825,377 ", 0 
 SSA , Rural ," 1,969 "," 234,690,299 ", 1 
 SSA , Urban ," 1,969 "," 51,603,520 ", 0 
 SSD , Rural ," 1,969 "," 3,078,553 ", 1 
 SSD , Urban ," 1,969 "," 286,980 ", 0 
 STP , Rural ," 1,969 "," 54,175 ", 1 
 STP , Urban ," 1,969 "," 21,908 ", 0 
 SWZ , Rural ," 1,969 "," 390,117 ", 1 
 SWZ , Urban ," 1,969 "," 39,757 ", 0 
 SYC , Rural ," 1,969 "," 33,320 ", 1 
 SYC , Urban ," 1,969 "," 19,761 ", 0 
 TCD , Rural ," 1,969 "," 3,260,279 ", 1 
 TCD , Urban ," 1,969 "," 390,835 ", 0 
 TGO , Rural ," 1,969 "," 1,714,671 ", 1 
 TGO , Urban ," 1,969 "," 450,143 ", 0 
 TZA , Rural ," 1,969 "," 12,304,617 ", 1 
 TZA , Urban ," 1,969 "," 732,083 ", 0 
 UGA , Rural ," 1,969 "," 9,405,228 ", 1 
 UGA , Urban ," 1,969 "," 609,630 ", 0 
 ZAF , Rural ," 1,969 "," 11,304,644 ", 1 
 ZAF , Urban ," 1,969 "," 10,310,032 ", 0 
 ZMB , Rural ," 1,969 "," 2,962,313 ", 1 
 ZMB , Urban ," 1,969 "," 1,234,803 ", 0 
 ZWE , Rural ," 1,969 "," 4,203,272 ", 1 
 ZWE , Urban ," 1,969 "," 854,909 ", 0 
 AFE , Rural ," 1,970 "," 142,165,610 ", 1 
 AFE , Urban ," 1,970 "," 29,821,725 ", 0 
 AFW , Rural ," 1,970 "," 97,555,215 ", 1 
 AFW , Urban ," 1,970 "," 24,531,320 ", 0 
 AGO , Rural ," 1,970 "," 5,004,775 ", 1 
 AGO , Urban ," 1,970 "," 848,013 ", 0 
 BDI , Rural ," 1,970 "," 3,428,777 ", 1 
 BDI , Urban ," 1,970 "," 101,655 ", 0 
 BEN , Rural ," 1,970 "," 2,521,755 ", 1 
 BEN , Urban ," 1,970 "," 543,302 ", 0 
 BFA , Rural ," 1,970 "," 5,278,959 ", 1 
 BFA , Urban ," 1,970 "," 331,345 ", 0 
 BWA , Rural ," 1,970 "," 537,203 ", 1 
 BWA , Urban ," 1,970 "," 53,131 ", 0 
 CAF , Rural ," 1,970 "," 1,518,234 ", 1 
 CAF , Urban ," 1,970 "," 579,271 ", 0 
 CIV , Rural ," 1,970 "," 3,886,266 ", 1 
 CIV , Urban ," 1,970 "," 1,525,301 ", 0 
 CMR , Rural ," 1,970 "," 5,140,485 ", 1 
 CMR , Urban ," 1,970 "," 1,309,308 ", 0 
 COD , Rural ," 1,970 "," 15,297,097 ", 1 
 COD , Urban ," 1,970 "," 4,840,339 ", 0 
 COG , Rural ," 1,970 "," 862,048 ", 1 
 COG , Urban ," 1,970 "," 535,590 ", 0 
 COM , Rural ," 1,970 "," 195,897 ", 1 
 COM , Urban ," 1,970 "," 48,288 ", 0 
 CPV , Rural ," 1,970 "," 232,210 ", 1 
 CPV , Urban ," 1,970 "," 55,675 ", 0 
 ERI , Rural ," 1,970 "," 1,084,395 ", 1 
 ERI , Urban ," 1,970 "," 159,058 ", 0 
 ETH , Rural ," 1,970 "," 25,444,974 ", 1 
 ETH , Urban ," 1,970 "," 2,384,154 ", 0 
 GAB , Rural ," 1,970 "," 405,175 ", 1 
 GAB , Urban ," 1,970 "," 190,671 ", 0 
 GHA , Rural ," 1,970 "," 6,338,003 ", 1 
 GHA , Urban ," 1,970 "," 2,587,809 ", 0 
 GIN , Rural ," 1,970 "," 3,548,691 ", 1 
 GIN , Urban ," 1,970 "," 728,845 ", 0 
 GMB , Rural ," 1,970 "," 455,127 ", 1 
 GMB , Urban ," 1,970 "," 68,978 ", 0 
 GNB , Rural ," 1,970 "," 496,953 ", 1 
 GNB , Urban ," 1,970 "," 87,449 ", 0 
 GNQ , Rural ," 1,970 "," 236,742 ", 1 
 GNQ , Urban ," 1,970 "," 84,061 ", 0 
 KEN , Rural ," 1,970 "," 10,215,550 ", 1 
 KEN , Urban ," 1,970 "," 1,153,242 ", 0 
 LBR , Rural ," 1,970 "," 1,084,077 ", 1 
 LBR , Urban ," 1,970 "," 382,599 ", 0 
 LSO , Rural ," 1,970 "," 925,260 ", 1 
 LSO , Urban ," 1,970 "," 94,012 ", 0 
 MDG , Rural ," 1,970 "," 5,731,918 ", 1 
 MDG , Urban ," 1,970 "," 940,085 ", 0 
 MLI , Rural ," 1,970 "," 5,601,243 ", 1 
 MLI , Urban ," 1,970 "," 675,229 ", 0 
 MOZ , Rural ," 1,970 "," 7,651,617 ", 1 
 MOZ , Urban ," 1,970 "," 598,889 ", 0 
 MRT , Rural ," 1,970 "," 933,739 ", 1 
 MRT , Urban ," 1,970 "," 166,067 ", 0 
 MUS , Rural ," 1,970 "," 463,907 ", 1 
 MUS , Urban ," 1,970 "," 363,789 ", 0 
 MWI , Rural ," 1,970 "," 4,368,279 ", 1 
 MWI , Urban ," 1,970 "," 265,665 ", 0 
 NAM , Rural ," 1,970 "," 568,827 ", 1 
 NAM , Urban ," 1,970 "," 189,041 ", 0 
 NER , Rural ," 1,970 "," 4,228,920 ", 1 
 NER , Urban ," 1,970 "," 421,355 ", 0 
 NGA , Rural ," 1,970 "," 44,594,845 ", 1 
 NGA , Urban ," 1,970 "," 11,298,993 ", 0 
 RWA , Rural ," 1,970 "," 3,851,845 ", 1 
 RWA , Urban ," 1,970 "," 128,824 ", 0 
 SDN , Rural ," 1,970 "," 9,649,205 ", 1 
 SDN , Urban ," 1,970 "," 2,046,566 ", 0 
 SEN , Rural ," 1,970 "," 3,069,027 ", 1 
 SEN , Urban ," 1,970 "," 1,397,301 ", 0 
 SLE , Rural ," 1,970 "," 2,051,561 ", 1 
 SLE , Urban ," 1,970 "," 660,725 ", 0 
 SOM , Rural ," 1,970 "," 2,869,533 ", 1 
 SOM , Urban ," 1,970 "," 868,915 ", 0 
 SSA , Rural ," 1,970 "," 239,720,826 ", 1 
 SSA , Urban ," 1,970 "," 54,353,044 ", 0 
 SSD , Rural ," 1,970 "," 3,119,134 ", 1 
 SSD , Urban ," 1,970 "," 290,480 ", 0 
 STP , Rural ," 1,970 "," 54,526 ", 1 
 STP , Urban ," 1,970 "," 23,100 ", 0 
 SWZ , Rural ," 1,970 "," 396,850 ", 1 
 SWZ , Urban ," 1,970 "," 44,366 ", 0 
 SYC , Rural ," 1,970 "," 33,249 ", 1 
 SYC , Urban ," 1,970 "," 21,003 ", 0 
 TCD , Rural ," 1,970 "," 3,306,104 ", 1 
 TCD , Urban ," 1,970 "," 421,724 ", 0 
 TGO , Rural ," 1,970 "," 1,765,049 ", 1 
 TGO , Urban ," 1,970 "," 479,724 ", 0 
 TZA , Rural ," 1,970 "," 12,648,003 ", 1 
 TZA , Urban ," 1,970 "," 844,675 ", 0 
 UGA , Rural ," 1,970 "," 9,684,791 ", 1 
 UGA , Urban ," 1,970 "," 636,813 ", 0 
 ZAF , Rural ," 1,970 "," 11,635,200 ", 1 
 ZAF , Urban ," 1,970 "," 10,644,784 ", 0 
 ZMB , Rural ," 1,970 "," 2,997,097 ", 1 
 ZMB , Urban ," 1,970 "," 1,324,621 ", 0 
 ZWE , Rural ," 1,970 "," 4,307,700 ", 1 
 ZWE , Urban ," 1,970 "," 908,218 ", 0 
 AFE , Rural ," 1,971 "," 145,730,510 ", 1 
 AFE , Urban ," 1,971 "," 31,294,495 ", 0 
 AFW , Rural ," 1,971 "," 99,101,329 ", 1 
 AFW , Urban ," 1,971 "," 25,971,618 ", 0 
 AGO , Rural ," 1,971 "," 5,087,892 ", 1 
 AGO , Urban ," 1,971 "," 903,210 ", 0 
 BDI , Rural ," 1,971 "," 3,508,417 ", 1 
 BDI , Urban ," 1,971 "," 108,872 ", 0 
 BEN , Rural ," 1,971 "," 2,546,605 ", 1 
 BEN , Urban ," 1,971 "," 588,162 ", 0 
 BFA , Rural ," 1,971 "," 5,365,467 ", 1 
 BFA , Urban ," 1,971 "," 342,532 ", 0 
 BWA , Rural ," 1,971 "," 541,119 ", 1 
 BWA , Urban ," 1,971 "," 59,362 ", 0 
 CAF , Rural ," 1,971 "," 1,518,822 ", 1 
 CAF , Urban ," 1,971 "," 622,628 ", 0 
 CIV , Rural ," 1,971 "," 4,020,913 ", 1 
 CIV , Urban ," 1,971 "," 1,629,955 ", 0 
 CMR , Rural ," 1,971 "," 5,208,451 ", 1 
 CMR , Urban ," 1,971 "," 1,415,957 ", 0 
 COD , Rural ," 1,971 "," 15,670,359 ", 1 
 COD , Urban ," 1,971 "," 5,025,210 ", 0 
 COG , Rural ," 1,971 "," 884,792 ", 1 
 COG , Urban ," 1,971 "," 556,247 ", 0 
 COM , Rural ," 1,971 "," 201,142 ", 1 
 COM , Urban ," 1,971 "," 50,723 ", 0 
 CPV , Rural ," 1,971 "," 235,224 ", 1 
 CPV , Urban ," 1,971 "," 58,822 ", 0 
 ERI , Rural ," 1,971 "," 1,110,712 ", 1 
 ERI , Urban ," 1,971 "," 165,442 ", 0 
 ETH , Rural ," 1,971 "," 26,103,113 ", 1 
 ETH , Urban ," 1,971 "," 2,496,993 ", 0 
 GAB , Rural ," 1,971 "," 400,448 ", 1 
 GAB , Urban ," 1,971 "," 207,900 ", 0 
 GHA , Rural ," 1,971 "," 6,488,924 ", 1 
 GHA , Urban ," 1,971 "," 2,687,340 ", 0 
 GIN , Rural ," 1,971 "," 3,575,478 ", 1 
 GIN , Urban ," 1,971 "," 779,722 ", 0 
 GMB , Rural ," 1,971 "," 463,097 ", 1 
 GMB , Urban ," 1,971 "," 76,291 ", 0 
 GNB , Rural ," 1,971 "," 497,811 ", 1 
 GNB , Urban ," 1,971 "," 88,409 ", 0 
 GNQ , Rural ," 1,971 "," 233,141 ", 1 
 GNQ , Urban ," 1,971 "," 82,799 ", 0 
 KEN , Rural ," 1,971 "," 10,539,702 ", 1 
 KEN , Urban ," 1,971 "," 1,249,202 ", 0 
 LBR , Rural ," 1,971 "," 1,099,134 ", 1 
 LBR , Urban ," 1,971 "," 404,943 ", 0 
 LSO , Rural ," 1,971 "," 953,307 ", 1 
 LSO , Urban ," 1,971 "," 102,939 ", 0 
 MDG , Rural ," 1,971 "," 5,870,386 ", 1 
 MDG , Urban ," 1,971 "," 998,482 ", 0 
 MLI , Rural ," 1,971 "," 5,668,112 ", 1 
 MLI , Urban ," 1,971 "," 709,832 ", 0 
 MOZ , Rural ," 1,971 "," 7,798,521 ", 1 
 MOZ , Urban ," 1,971 "," 657,796 ", 0 
 MRT , Rural ," 1,971 "," 950,202 ", 1 
 MRT , Urban ," 1,971 "," 183,500 ", 0 
 MUS , Rural ," 1,971 "," 470,495 ", 1 
 MUS , Urban ," 1,971 "," 370,611 ", 0 
 MWI , Rural ," 1,971 "," 4,460,580 ", 1 
 MWI , Urban ," 1,971 "," 290,854 ", 0 
 NAM , Rural ," 1,971 "," 585,220 ", 1 
 NAM , Urban ," 1,971 "," 195,364 ", 0 
 NER , Rural ," 1,971 "," 4,314,765 ", 1 
 NER , Urban ," 1,971 "," 461,460 ", 0 
 NGA , Rural ," 1,971 "," 45,263,841 ", 1 
 NGA , Urban ," 1,971 "," 11,950,843 ", 0 
 RWA , Rural ," 1,971 "," 3,961,825 ", 1 
 RWA , Urban ," 1,971 "," 138,219 ", 0 
 SDN , Rural ," 1,971 "," 9,937,565 ", 1 
 SDN , Urban ," 1,971 "," 2,167,974 ", 0 
 SEN , Rural ," 1,971 "," 3,131,833 ", 1 
 SEN , Urban ," 1,971 "," 1,470,031 ", 0 
 SLE , Rural ," 1,971 "," 2,067,964 ", 1 
 SLE , Urban ," 1,971 "," 695,258 ", 0 
 SOM , Rural ," 1,971 "," 2,924,695 ", 1 
 SOM , Urban ," 1,971 "," 912,996 ", 0 
 SSA , Rural ," 1,971 "," 244,831,839 ", 1 
 SSA , Urban ," 1,971 "," 57,266,113 ", 0 
 SSD , Rural ," 1,971 "," 3,173,361 ", 1 
 SSD , Urban ," 1,971 "," 295,285 ", 0 
 STP , Rural ," 1,971 "," 55,253 ", 1 
 STP , Urban ," 1,971 "," 24,077 ", 0 
 SWZ , Rural ," 1,971 "," 403,809 ", 1 
 SWZ , Urban ," 1,971 "," 49,373 ", 0 
 SYC , Rural ," 1,971 "," 33,245 ", 1 
 SYC , Urban ," 1,971 "," 22,265 ", 0 
 TCD , Rural ," 1,971 "," 3,354,333 ", 1 
 TCD , Urban ," 1,971 "," 452,983 ", 0 
 TGO , Rural ," 1,971 "," 1,811,972 ", 1 
 TGO , Urban ," 1,971 "," 506,004 ", 0 
 TZA , Rural ," 1,971 "," 12,982,228 ", 1 
 TZA , Urban ," 1,971 "," 989,223 ", 0 
 UGA , Rural ," 1,971 "," 9,956,105 ", 1 
 UGA , Urban ," 1,971 "," 662,101 ", 0 
 ZAF , Rural ," 1,971 "," 11,964,499 ", 1 
 ZAF , Urban ," 1,971 "," 10,977,644 ", 0 
 ZMB , Rural ," 1,971 "," 3,024,855 ", 1 
 ZMB , Urban ," 1,971 "," 1,417,671 ", 0 
 ZWE , Rural ," 1,971 "," 4,412,102 ", 1 
 ZWE , Urban ," 1,971 "," 962,610 ", 0 
 AFE , Rural ," 1,972 "," 149,269,661 ", 1 
 AFE , Urban ," 1,972 "," 32,859,304 ", 0 
 AFW , Rural ," 1,972 "," 100,675,827 ", 1 
 AFW , Urban ," 1,972 "," 27,500,665 ", 0 
 AGO , Rural ," 1,972 "," 5,201,039 ", 1 
 AGO , Urban ," 1,972 "," 973,223 ", 0 
 BDI , Rural ," 1,972 "," 3,503,398 ", 1 
 BDI , Urban ," 1,972 "," 113,730 ", 0 
 BEN , Rural ," 1,972 "," 2,572,256 ", 1 
 BEN , Urban ," 1,972 "," 635,286 ", 0 
 BFA , Rural ," 1,972 "," 5,453,148 ", 1 
 BFA , Urban ," 1,972 "," 354,086 ", 0 
 BWA , Rural ," 1,972 "," 556,611 ", 1 
 BWA , Urban ," 1,972 "," 65,796 ", 0 
 CAF , Rural ," 1,972 "," 1,514,059 ", 1 
 CAF , Urban ," 1,972 "," 669,710 ", 0 
 CIV , Rural ," 1,972 "," 4,163,818 ", 1 
 CIV , Urban ," 1,972 "," 1,745,898 ", 0 
 CMR , Rural ," 1,972 "," 5,259,653 ", 1 
 CMR , Urban ," 1,972 "," 1,547,219 ", 0 
 COD , Rural ," 1,972 "," 16,036,850 ", 1 
 COD , Urban ," 1,972 "," 5,214,310 ", 0 
 COG , Rural ," 1,972 "," 908,240 ", 1 
 COG , Urban ," 1,972 "," 578,228 ", 0 
 COM , Rural ," 1,972 "," 206,805 ", 1 
 COM , Urban ," 1,972 "," 53,271 ", 0 
 CPV , Rural ," 1,972 "," 236,501 ", 1 
 CPV , Urban ," 1,972 "," 60,885 ", 0 
 ERI , Rural ," 1,972 "," 1,137,363 ", 1 
 ERI , Urban ," 1,972 "," 171,872 ", 0 
 ETH , Rural ," 1,972 "," 26,760,797 ", 1 
 ETH , Urban ," 1,972 "," 2,613,811 ", 0 
 GAB , Rural ," 1,972 "," 394,370 ", 1 
 GAB , Urban ," 1,972 "," 226,590 ", 0 
 GHA , Rural ," 1,972 "," 6,650,053 ", 1 
 GHA , Urban ," 1,972 "," 2,788,134 ", 0 
 GIN , Rural ," 1,972 "," 3,599,781 ", 1 
 GIN , Urban ," 1,972 "," 831,511 ", 0 
 GMB , Rural ," 1,972 "," 471,313 ", 1 
 GMB , Urban ," 1,972 "," 84,057 ", 0 
 GNB , Rural ," 1,972 "," 497,408 ", 1 
 GNB , Urban ," 1,972 "," 89,212 ", 0 
 GNQ , Rural ," 1,972 "," 228,354 ", 1 
 GNQ , Urban ," 1,972 "," 81,114 ", 0 
 KEN , Rural ," 1,972 "," 10,844,110 ", 1 
 KEN , Urban ," 1,972 "," 1,361,950 ", 0 
 LBR , Rural ," 1,972 "," 1,114,227 ", 1 
 LBR , Urban ," 1,972 "," 428,443 ", 0 
 LSO , Rural ," 1,972 "," 982,251 ", 1 
 LSO , Urban ," 1,972 "," 111,812 ", 0 
 MDG , Rural ," 1,972 "," 6,009,880 ", 1 
 MDG , Urban ," 1,972 "," 1,064,518 ", 0 
 MLI , Rural ," 1,972 "," 5,738,518 ", 1 
 MLI , Urban ," 1,972 "," 745,208 ", 0 
 MOZ , Rural ," 1,972 "," 7,969,768 ", 1 
 MOZ , Urban ," 1,972 "," 723,168 ", 0 
 MRT , Rural ," 1,972 "," 966,178 ", 1 
 MRT , Urban ," 1,972 "," 202,177 ", 0 
 MUS , Rural ," 1,972 "," 477,165 ", 1 
 MUS , Urban ," 1,972 "," 376,439 ", 0 
 MWI , Rural ," 1,972 "," 4,556,068 ", 1 
 MWI , Urban ," 1,972 "," 318,406 ", 0 
 NAM , Rural ," 1,972 "," 602,454 ", 1 
 NAM , Urban ," 1,972 "," 201,944 ", 0 
 NER , Rural ," 1,972 "," 4,401,081 ", 1 
 NER , Urban ," 1,972 "," 503,764 ", 0 
 NGA , Rural ," 1,972 "," 45,959,669 ", 1 
 NGA , Urban ," 1,972 "," 12,642,079 ", 0 
 RWA , Rural ," 1,972 "," 4,070,526 ", 1 
 RWA , Urban ," 1,972 "," 149,809 ", 0 
 SDN , Rural ," 1,972 "," 10,239,402 ", 1 
 SDN , Urban ," 1,972 "," 2,288,454 ", 0 
 SEN , Rural ," 1,972 "," 3,200,274 ", 1 
 SEN , Urban ," 1,972 "," 1,541,356 ", 0 
 SLE , Rural ," 1,972 "," 2,084,870 ", 1 
 SLE , Urban ," 1,972 "," 729,518 ", 0 
 SOM , Rural ," 1,972 "," 2,982,068 ", 1 
 SOM , Urban ," 1,972 "," 957,368 ", 0 
 SSA , Rural ," 1,972 "," 249,945,488 ", 1 
 SSA , Urban ," 1,972 "," 60,359,969 ", 0 
 SSD , Rural ," 1,972 "," 3,241,119 ", 1 
 SSD , Urban ," 1,972 "," 301,379 ", 0 
 STP , Rural ," 1,972 "," 56,072 ", 1 
 STP , Urban ," 1,972 "," 24,969 ", 0 
 SWZ , Rural ," 1,972 "," 411,042 ", 1 
 SWZ , Urban ," 1,972 "," 54,746 ", 0 
 SYC , Rural ," 1,972 "," 33,151 ", 1 
 SYC , Urban ," 1,972 "," 23,738 ", 0 
 TCD , Rural ," 1,972 "," 3,407,494 ", 1 
 TCD , Urban ," 1,972 "," 485,758 ", 0 
 TGO , Rural ," 1,972 "," 1,854,562 ", 1 
 TGO , Urban ," 1,972 "," 530,432 ", 0 
 TZA , Rural ," 1,972 "," 13,316,966 ", 1 
 TZA , Urban ," 1,972 "," 1,162,342 ", 0 
 UGA , Rural ," 1,972 "," 10,201,144 ", 1 
 UGA , Urban ," 1,972 "," 684,652 ", 0 
 ZAF , Rural ," 1,972 "," 12,297,904 ", 1 
 ZAF , Urban ," 1,972 "," 11,311,552 ", 0 
 ZMB , Rural ," 1,972 "," 3,052,887 ", 1 
 ZMB , Urban ," 1,972 "," 1,516,421 ", 0 
 ZWE , Rural ," 1,972 "," 4,522,822 ", 1 
 ZWE , Urban ," 1,972 "," 1,019,623 ", 0 
 AFE , Rural ," 1,973 "," 152,989,568 ", 1 
 AFE , Urban ," 1,973 "," 34,536,298 ", 0 
 AFW , Rural ," 1,973 "," 102,316,274 ", 1 
 AFW , Urban ," 1,973 "," 29,133,670 ", 0 
 AGO , Rural ," 1,973 "," 5,331,544 ", 1 
 AGO , Urban ," 1,973 "," 1,056,984 ", 0 
 BDI , Rural ," 1,973 "," 3,493,428 ", 1 
 BDI , Urban ," 1,973 "," 118,563 ", 0 
 BEN , Rural ," 1,973 "," 2,599,000 ", 1 
 BEN , Urban ," 1,973 "," 684,496 ", 0 
 BFA , Rural ," 1,973 "," 5,545,664 ", 1 
 BFA , Urban ," 1,973 "," 366,263 ", 0 
 BWA , Rural ," 1,973 "," 579,685 ", 1 
 BWA , Urban ," 1,973 "," 72,723 ", 0 
 CAF , Rural ," 1,973 "," 1,508,957 ", 1 
 CAF , Urban ," 1,973 "," 717,051 ", 0 
 CIV , Rural ," 1,973 "," 4,310,289 ", 1 
 CIV , Urban ," 1,973 "," 1,874,655 ", 0 
 CMR , Rural ," 1,973 "," 5,300,950 ", 1 
 CMR , Urban ," 1,973 "," 1,695,710 ", 0 
 COD , Rural ," 1,973 "," 16,414,224 ", 1 
 COD , Urban ," 1,973 "," 5,413,441 ", 0 
 COG , Rural ," 1,973 "," 932,225 ", 1 
 COG , Urban ," 1,973 "," 601,455 ", 0 
 COM , Rural ," 1,973 "," 212,872 ", 1 
 COM , Urban ," 1,973 "," 55,948 ", 0 
 CPV , Rural ," 1,973 "," 237,363 ", 1 
 CPV , Urban ," 1,973 "," 62,518 ", 0 
 ERI , Rural ," 1,973 "," 1,164,302 ", 1 
 ERI , Urban ," 1,973 "," 178,367 ", 0 
 ETH , Rural ," 1,973 "," 27,430,793 ", 1 
 ETH , Urban ," 1,973 "," 2,735,992 ", 0 
 GAB , Rural ," 1,973 "," 387,331 ", 1 
 GAB , Urban ," 1,973 "," 246,665 ", 0 
 GHA , Rural ," 1,973 "," 6,823,066 ", 1 
 GHA , Urban ," 1,973 "," 2,891,550 ", 0 
 GIN , Rural ," 1,973 "," 3,622,362 ", 1 
 GIN , Urban ," 1,973 "," 883,962 ", 0 
 GMB , Rural ," 1,973 "," 479,747 ", 1 
 GMB , Urban ," 1,973 "," 92,245 ", 0 
 GNB , Rural ," 1,973 "," 501,827 ", 1 
 GNB , Urban ," 1,973 "," 90,981 ", 0 
 GNQ , Rural ," 1,973 "," 223,040 ", 1 
 GNQ , Urban ," 1,973 "," 79,242 ", 0 
 KEN , Rural ," 1,973 "," 11,144,301 ", 1 
 KEN , Urban ," 1,973 "," 1,490,534 ", 0 
 LBR , Rural ," 1,973 "," 1,130,127 ", 1 
 LBR , Urban ," 1,973 "," 453,461 ", 0 
 LSO , Rural ," 1,973 "," 1,012,360 ", 1 
 LSO , Urban ," 1,973 "," 120,337 ", 0 
 MDG , Rural ," 1,973 "," 6,152,834 ", 1 
 MDG , Urban ," 1,973 "," 1,135,214 ", 0 
 MLI , Rural ," 1,973 "," 5,815,452 ", 1 
 MLI , Urban ," 1,973 "," 781,654 ", 0 
 MOZ , Rural ," 1,973 "," 8,159,320 ", 1 
 MOZ , Urban ," 1,973 "," 794,922 ", 0 
 MRT , Rural ," 1,973 "," 981,686 ", 1 
 MRT , Urban ," 1,973 "," 222,152 ", 0 
 MUS , Rural ," 1,973 "," 484,102 ", 1 
 MUS , Urban ," 1,973 "," 381,042 ", 0 
 MWI , Rural ," 1,973 "," 4,656,115 ", 1 
 MWI , Urban ," 1,973 "," 347,823 ", 0 
 NAM , Rural ," 1,973 "," 620,234 ", 1 
 NAM , Urban ," 1,973 "," 208,694 ", 0 
 NER , Rural ," 1,973 "," 4,490,233 ", 1 
 NER , Urban ," 1,973 "," 547,633 ", 0 
 NGA , Rural ," 1,973 "," 46,701,973 ", 1 
 NGA , Urban ," 1,973 "," 13,380,166 ", 0 
 RWA , Rural ," 1,973 "," 4,181,892 ", 1 
 RWA , Urban ," 1,973 "," 163,155 ", 0 
 SDN , Rural ," 1,973 "," 10,626,611 ", 1 
 SDN , Urban ," 1,973 "," 2,422,703 ", 0 
 SEN , Rural ," 1,973 "," 3,271,959 ", 1 
 SEN , Urban ," 1,973 "," 1,613,222 ", 0 
 SLE , Rural ," 1,973 "," 2,103,683 ", 1 
 SLE , Urban ," 1,973 "," 763,272 ", 0 
 SOM , Rural ," 1,973 "," 3,043,536 ", 1 
 SOM , Urban ," 1,973 "," 1,002,056 ", 0 
 SSA , Rural ," 1,973 "," 255,305,843 ", 1 
 SSA , Urban ," 1,973 "," 63,669,967 ", 0 
 SSD , Rural ," 1,973 "," 3,318,947 ", 1 
 SSD , Urban ," 1,973 "," 308,437 ", 0 
 STP , Rural ," 1,973 "," 56,974 ", 1 
 STP , Urban ," 1,973 "," 25,824 ", 0 
 SWZ , Rural ," 1,973 "," 418,594 ", 1 
 SWZ , Urban ," 1,973 "," 60,444 ", 0 
 SYC , Rural ," 1,973 "," 32,817 ", 1 
 SYC , Urban ," 1,973 "," 25,483 ", 0 
 TCD , Rural ," 1,973 "," 3,454,193 ", 1 
 TCD , Urban ," 1,973 "," 531,715 ", 0 
 TGO , Rural ," 1,973 "," 1,895,146 ", 1 
 TGO , Urban ," 1,973 "," 553,603 ", 0 
 TZA , Rural ," 1,973 "," 13,651,090 ", 1 
 TZA , Urban ," 1,973 "," 1,359,010 ", 0 
 UGA , Rural ," 1,973 "," 10,438,234 ", 1 
 UGA , Urban ," 1,973 "," 706,002 ", 0 
 ZAF , Rural ," 1,973 "," 12,641,236 ", 1 
 ZAF , Urban ," 1,973 "," 11,653,027 ", 0 
 ZMB , Rural ," 1,973 "," 3,082,900 ", 1 
 ZMB , Urban ," 1,973 "," 1,619,792 ", 0 
 ZWE , Rural ," 1,973 "," 4,640,624 ", 1 
 ZWE , Urban ," 1,973 "," 1,079,780 ", 0 
 AFE , Rural ," 1,974 "," 156,897,354 ", 1 
 AFE , Urban ," 1,974 "," 36,289,512 ", 0 
 AFW , Rural ," 1,974 "," 104,045,065 ", 1 
 AFW , Urban ," 1,974 "," 30,866,518 ", 0 
 AGO , Rural ," 1,974 "," 5,461,559 ", 1 
 AGO , Urban ," 1,974 "," 1,151,808 ", 0 
 BDI , Rural ," 1,974 "," 3,576,763 ", 1 
 BDI , Urban ," 1,974 "," 126,827 ", 0 
 BEN , Rural ," 1,974 "," 2,627,064 ", 1 
 BEN , Urban ," 1,974 "," 735,569 ", 0 
 BFA , Rural ," 1,974 "," 5,645,645 ", 1 
 BFA , Urban ," 1,974 "," 379,259 ", 0 
 BWA , Rural ," 1,974 "," 605,586 ", 1 
 BWA , Urban ," 1,974 "," 79,862 ", 0 
 CAF , Rural ," 1,974 "," 1,508,496 ", 1 
 CAF , Urban ," 1,974 "," 760,842 ", 0 
 CIV , Rural ," 1,974 "," 4,455,822 ", 1 
 CIV , Urban ," 1,974 "," 2,018,236 ", 0 
 CMR , Rural ," 1,974 "," 5,340,383 ", 1 
 CMR , Urban ," 1,974 "," 1,853,201 ", 0 
 COD , Rural ," 1,974 "," 16,797,676 ", 1 
 COD , Urban ," 1,974 "," 5,621,202 ", 0 
 COG , Rural ," 1,974 "," 955,693 ", 1 
 COG , Urban ," 1,974 "," 626,608 ", 0 
 COM , Rural ," 1,974 "," 219,307 ", 1 
 COM , Urban ," 1,974 "," 58,768 ", 0 
 CPV , Rural ," 1,974 "," 238,553 ", 1 
 CPV , Urban ," 1,974 "," 64,017 ", 0 
 ERI , Rural ," 1,974 "," 1,190,842 ", 1 
 ERI , Urban ," 1,974 "," 184,846 ", 0 
 ETH , Rural ," 1,974 "," 28,095,356 ", 1 
 ETH , Urban ," 1,974 "," 2,861,917 ", 0 
 GAB , Rural ," 1,974 "," 379,659 ", 1 
 GAB , Urban ," 1,974 "," 268,031 ", 0 
 GHA , Rural ," 1,974 "," 7,003,926 ", 1 
 GHA , Urban ," 1,974 "," 2,996,598 ", 0 
 GIN , Rural ," 1,974 "," 3,643,748 ", 1 
 GIN , Urban ," 1,974 "," 936,762 ", 0 
 GMB , Rural ," 1,974 "," 487,249 ", 1 
 GMB , Urban ," 1,974 "," 101,836 ", 0 
 GNB , Rural ," 1,974 "," 518,248 ", 1 
 GNB , Urban ," 1,974 "," 95,090 ", 0 
 GNQ , Rural ," 1,974 "," 217,621 ", 1 
 GNQ , Urban ," 1,974 "," 77,332 ", 0 
 KEN , Rural ," 1,974 "," 11,438,682 ", 1 
 KEN , Urban ," 1,974 "," 1,631,396 ", 0 
 LBR , Rural ," 1,974 "," 1,146,191 ", 1 
 LBR , Urban ," 1,974 "," 480,171 ", 0 
 LSO , Rural ," 1,974 "," 1,044,208 ", 1 
 LSO , Urban ," 1,974 "," 128,212 ", 0 
 MDG , Rural ," 1,974 "," 6,302,455 ", 1 
 MDG , Urban ," 1,974 "," 1,207,271 ", 0 
 MLI , Rural ," 1,974 "," 5,896,654 ", 1 
 MLI , Urban ," 1,974 "," 818,782 ", 0 
 MOZ , Rural ," 1,974 "," 8,363,055 ", 1 
 MOZ , Urban ," 1,974 "," 873,038 ", 0 
 MRT , Rural ," 1,974 "," 996,718 ", 1 
 MRT , Urban ," 1,974 "," 243,470 ", 0 
 MUS , Rural ," 1,974 "," 491,780 ", 1 
 MUS , Urban ," 1,974 "," 384,683 ", 0 
 MWI , Rural ," 1,974 "," 4,762,741 ", 1 
 MWI , Urban ," 1,974 "," 378,596 ", 0 
 NAM , Rural ," 1,974 "," 638,660 ", 1 
 NAM , Urban ," 1,974 "," 215,660 ", 0 
 NER , Rural ," 1,974 "," 4,582,811 ", 1 
 NER , Urban ," 1,974 "," 592,142 ", 0 
 NGA , Rural ," 1,974 "," 47,506,680 ", 1 
 NGA , Urban ," 1,974 "," 14,172,464 ", 0 
 RWA , Rural ," 1,974 "," 4,296,495 ", 1 
 RWA , Urban ," 1,974 "," 177,733 ", 0 
 SDN , Rural ," 1,974 "," 11,026,209 ", 1 
 SDN , Urban ," 1,974 "," 2,554,514 ", 0 
 SEN , Rural ," 1,974 "," 3,344,662 ", 1 
 SEN , Urban ," 1,974 "," 1,684,775 ", 0 
 SLE , Rural ," 1,974 "," 2,124,802 ", 1 
 SLE , Urban ," 1,974 "," 795,657 ", 0 
 SOM , Rural ," 1,974 "," 3,106,342 ", 1 
 SOM , Urban ," 1,974 "," 1,045,500 ", 0 
 SSA , Rural ," 1,974 "," 260,942,419 ", 1 
 SSA , Urban ," 1,974 "," 67,156,030 ", 0 
 SSD , Rural ," 1,974 "," 3,406,806 ", 1 
 SSD , Urban ," 1,974 "," 316,453 ", 0 
 STP , Rural ," 1,974 "," 57,993 ", 1 
 STP , Urban ," 1,974 "," 26,679 ", 0 
 SWZ , Rural ," 1,974 "," 426,559 ", 1 
 SWZ , Urban ," 1,974 "," 66,429 ", 0 
 SYC , Rural ," 1,974 "," 32,401 ", 1 
 SYC , Urban ," 1,974 "," 27,339 ", 0 
 TCD , Rural ," 1,974 "," 3,488,883 ", 1 
 TCD , Urban ," 1,974 "," 589,473 ", 0 
 TGO , Rural ," 1,974 "," 1,935,559 ", 1 
 TGO , Urban ," 1,974 "," 576,201 ", 0 
 TZA , Rural ," 1,974 "," 13,988,152 ", 1 
 TZA , Urban ," 1,974 "," 1,573,478 ", 0 
 UGA , Rural ," 1,974 "," 10,696,341 ", 1 
 UGA , Urban ," 1,974 "," 728,505 ", 0 
 ZAF , Rural ," 1,974 "," 12,990,019 ", 1 
 ZAF , Urban ," 1,974 "," 11,999,089 ", 0 
 ZMB , Rural ," 1,974 "," 3,116,395 ", 1 
 ZMB , Urban ," 1,974 "," 1,726,351 ", 0 
 ZWE , Rural ," 1,974 "," 4,764,972 ", 1 
 ZWE , Urban ," 1,974 "," 1,143,356 ", 0 
 AFE , Rural ," 1,975 "," 160,827,924 ", 1 
 AFE , Urban ," 1,975 "," 38,084,595 ", 0 
 AFW , Rural ," 1,975 "," 105,879,148 ", 1 
 AFW , Urban ," 1,975 "," 32,690,769 ", 0 
 AGO , Rural ," 1,975 "," 5,585,912 ", 1 
 AGO , Urban ," 1,975 "," 1,257,034 ", 0 
 BDI , Rural ," 1,975 "," 3,661,081 ", 1 
 BDI , Urban ," 1,975 "," 135,531 ", 0 
 BEN , Rural ," 1,975 "," 2,657,055 ", 1 
 BEN , Urban ," 1,975 "," 788,352 ", 0 
 BFA , Rural ," 1,975 "," 5,755,148 ", 1 
 BFA , Urban ," 1,975 "," 392,421 ", 0 
 BWA , Rural ," 1,975 "," 633,103 ", 1 
 BWA , Urban ," 1,975 "," 87,277 ", 0 
 CAF , Rural ," 1,975 "," 1,518,046 ", 1 
 CAF , Urban ," 1,975 "," 795,870 ", 0 
 CIV , Rural ," 1,975 "," 4,594,858 ", 1 
 CIV , Urban ," 1,975 "," 2,181,439 ", 0 
 CMR , Rural ," 1,975 "," 5,386,755 ", 1 
 CMR , Urban ," 1,975 "," 2,010,365 ", 0 
 COD , Rural ," 1,975 "," 17,184,350 ", 1 
 COD , Urban ," 1,975 "," 5,836,751 ", 0 
 COG , Rural ," 1,975 "," 972,253 ", 1 
 COG , Urban ," 1,975 "," 654,779 ", 0 
 COM , Rural ," 1,975 "," 225,974 ", 1 
 COM , Urban ," 1,975 "," 61,718 ", 0 
 CPV , Rural ," 1,975 "," 240,285 ", 1 
 CPV , Urban ," 1,975 "," 65,562 ", 0 
 ERI , Rural ," 1,975 "," 1,216,888 ", 1 
 ERI , Urban ," 1,975 "," 191,322 ", 0 
 ETH , Rural ," 1,975 "," 28,733,742 ", 1 
 ETH , Urban ," 1,975 "," 2,989,510 ", 0 
 GAB , Rural ," 1,975 "," 371,635 ", 1 
 GAB , Urban ," 1,975 "," 290,562 ", 0 
 GHA , Rural ," 1,975 "," 7,190,968 ", 1 
 GHA , Urban ," 1,975 "," 3,103,340 ", 0 
 GIN , Rural ," 1,975 "," 3,664,333 ", 1 
 GIN , Urban ," 1,975 "," 989,543 ", 0 
 GMB , Rural ," 1,975 "," 493,278 ", 1 
 GMB , Urban ," 1,975 "," 113,542 ", 0 
 GNB , Rural ," 1,975 "," 548,893 ", 1 
 GNB , Urban ," 1,975 "," 102,073 ", 0 
 GNQ , Rural ," 1,975 "," 212,405 ", 1 
 GNQ , Urban ," 1,975 "," 75,497 ", 0 
 KEN , Rural ," 1,975 "," 11,730,688 ", 1 
 KEN , Urban ," 1,975 "," 1,780,982 ", 0 
 LBR , Rural ," 1,975 "," 1,161,567 ", 1 
 LBR , Urban ," 1,975 "," 509,346 ", 0 
 LSO , Rural ," 1,975 "," 1,078,528 ", 1 
 LSO , Urban ," 1,975 "," 135,115 ", 0 
 MDG , Rural ," 1,975 "," 6,461,289 ", 1 
 MDG , Urban ," 1,975 "," 1,278,047 ", 0 
 MLI , Rural ," 1,975 "," 5,980,959 ", 1 
 MLI , Urban ," 1,975 "," 856,302 ", 0 
 MOZ , Rural ," 1,975 "," 8,582,773 ", 1 
 MOZ , Urban ," 1,975 "," 958,045 ", 0 
 MRT , Rural ," 1,975 "," 1,011,171 ", 1 
 MRT , Urban ," 1,975 "," 266,159 ", 0 
 MUS , Rural ," 1,975 "," 500,299 ", 1 
 MUS , Urban ," 1,975 "," 387,724 ", 0 
 MWI , Rural ," 1,975 "," 4,877,265 ", 1 
 MWI , Urban ," 1,975 "," 410,101 ", 0 
 NAM , Rural ," 1,975 "," 658,063 ", 1 
 NAM , Urban ," 1,975 "," 222,969 ", 0 
 NER , Rural ," 1,975 "," 4,680,615 ", 1 
 NER , Urban ," 1,975 "," 636,404 ", 0 
 NGA , Rural ," 1,975 "," 48,385,039 ", 1 
 NGA , Urban ," 1,975 "," 15,025,776 ", 0 
 RWA , Rural ," 1,975 "," 4,414,783 ", 1 
 RWA , Urban ," 1,975 "," 192,945 ", 0 
 SDN , Rural ," 1,975 "," 11,391,267 ", 1 
 SDN , Urban ," 1,975 "," 2,673,531 ", 0 
 SEN , Rural ," 1,975 "," 3,415,686 ", 1 
 SEN , Urban ," 1,975 "," 1,755,124 ", 0 
 SLE , Rural ," 1,975 "," 2,147,737 ", 1 
 SLE , Urban ," 1,975 "," 826,919 ", 0 
 SOM , Rural ," 1,975 "," 3,170,468 ", 1 
 SOM , Urban ," 1,975 "," 1,087,068 ", 0 
 SSA , Rural ," 1,975 "," 266,707,072 ", 1 
 SSA , Urban ," 1,975 "," 70,775,364 ", 0 
 SSD , Rural ," 1,975 "," 3,496,803 ", 1 
 SSD , Urban ," 1,975 "," 324,691 ", 0 
 STP , Rural ," 1,975 "," 59,144 ", 1 
 STP , Urban ," 1,975 "," 27,564 ", 0 
 SWZ , Rural ," 1,975 "," 435,022 ", 1 
 SWZ , Urban ," 1,975 "," 72,650 ", 0 
 SYC , Rural ," 1,975 "," 32,082 ", 1 
 SYC , Urban ," 1,975 "," 29,136 ", 0 
 TCD , Rural ," 1,975 "," 3,514,365 ", 1 
 TCD , Urban ," 1,975 "," 652,869 ", 0 
 TGO , Rural ," 1,975 "," 1,976,097 ", 1 
 TGO , Urban ," 1,975 "," 598,525 ", 0 
 TZA , Rural ," 1,975 "," 14,338,716 ", 1 
 TZA , Urban ," 1,975 "," 1,799,644 ", 0 
 UGA , Rural ," 1,975 "," 10,972,797 ", 1 
 UGA , Urban ," 1,975 "," 752,443 ", 0 
 ZAF , Rural ," 1,975 "," 13,342,006 ", 1 
 ZAF , Urban ," 1,975 "," 12,348,934 ", 0 
 ZMB , Rural ," 1,975 "," 3,155,418 ", 1 
 ZMB , Urban ," 1,975 "," 1,834,668 ", 0 
 ZWE , Rural ," 1,975 "," 4,889,466 ", 1 
 ZWE , Urban ," 1,975 "," 1,209,192 ", 0 
 AFE , Rural ," 1,976 "," 164,873,303 ", 1 
 AFE , Urban ," 1,976 "," 39,925,256 ", 0 
 AFW , Rural ," 1,976 "," 107,738,606 ", 1 
 AFW , Urban ," 1,976 "," 34,598,663 ", 0 
 AGO , Rural ," 1,976 "," 5,702,290 ", 1 
 AGO , Urban ," 1,976 "," 1,372,374 ", 0 
 BDI , Rural ," 1,976 "," 3,738,255 ", 1 
 BDI , Urban ," 1,976 "," 144,371 ", 0 
 BEN , Rural ," 1,976 "," 2,689,540 ", 1 
 BEN , Urban ," 1,976 "," 842,656 ", 0 
 BFA , Rural ," 1,976 "," 5,869,919 ", 1 
 BFA , Urban ," 1,976 "," 410,716 ", 0 
 BWA , Rural ," 1,976 "," 663,154 ", 1 
 BWA , Urban ," 1,976 "," 95,354 ", 0 
 CAF , Rural ," 1,976 "," 1,530,283 ", 1 
 CAF , Urban ," 1,976 "," 818,283 ", 0 
 CIV , Rural ," 1,976 "," 4,681,466 ", 1 
 CIV , Urban ," 1,976 "," 2,376,492 ", 0 
 CMR , Rural ," 1,976 "," 5,442,586 ", 1 
 CMR , Urban ," 1,976 "," 2,155,376 ", 0 
 COD , Rural ," 1,976 "," 17,566,529 ", 1 
 COD , Urban ," 1,976 "," 6,057,502 ", 0 
 COG , Rural ," 1,976 "," 980,106 ", 1 
 COG , Urban ," 1,976 "," 687,119 ", 0 
 COM , Rural ," 1,976 "," 232,749 ", 1 
 COM , Urban ," 1,976 "," 64,789 ", 0 
 CPV , Rural ," 1,976 "," 242,259 ", 1 
 CPV , Urban ," 1,976 "," 67,196 ", 0 
 ERI , Rural ," 1,976 "," 1,245,497 ", 1 
 ERI , Urban ," 1,976 "," 198,310 ", 0 
 ETH , Rural ," 1,976 "," 29,409,007 ", 1 
 ETH , Urban ," 1,976 "," 3,125,411 ", 0 
 GAB , Rural ," 1,976 "," 363,523 ", 1 
 GAB , Urban ," 1,976 "," 314,105 ", 0 
 GHA , Rural ," 1,976 "," 7,382,851 ", 1 
 GHA , Urban ," 1,976 "," 3,212,062 ", 0 
 GIN , Rural ," 1,976 "," 3,684,975 ", 1 
 GIN , Urban ," 1,976 "," 1,042,047 ", 0 
 GMB , Rural ," 1,976 "," 498,544 ", 1 
 GMB , Urban ," 1,976 "," 127,122 ", 0 
 GNB , Rural ," 1,976 "," 583,948 ", 1 
 GNB , Urban ," 1,976 "," 110,242 ", 0 
 GNQ , Rural ," 1,976 "," 207,320 ", 1 
 GNQ , Urban ," 1,976 "," 73,711 ", 0 
 KEN , Rural ," 1,976 "," 12,022,698 ", 1 
 KEN , Urban ," 1,976 "," 1,934,925 ", 0 
 LBR , Rural ," 1,976 "," 1,175,807 ", 1 
 LBR , Urban ," 1,976 "," 541,253 ", 0 
 LSO , Rural ," 1,976 "," 1,112,872 ", 1 
 LSO , Urban ," 1,976 "," 140,342 ", 0 
 MDG , Rural ," 1,976 "," 6,626,658 ", 1 
 MDG , Urban ," 1,976 "," 1,350,172 ", 0 
 MLI , Rural ," 1,976 "," 6,067,182 ", 1 
 MLI , Urban ," 1,976 "," 893,796 ", 0 
 MOZ , Rural ," 1,976 "," 8,817,058 ", 1 
 MOZ , Urban ," 1,976 "," 1,050,151 ", 0 
 MRT , Rural ," 1,976 "," 1,025,065 ", 1 
 MRT , Urban ," 1,976 "," 290,271 ", 0 
 MUS , Rural ," 1,976 "," 509,508 ", 1 
 MUS , Urban ," 1,976 "," 390,344 ", 0 
 MWI , Rural ," 1,976 "," 5,001,697 ", 1 
 MWI , Urban ," 1,976 "," 441,687 ", 0 
 NAM , Rural ," 1,976 "," 676,567 ", 1 
 NAM , Urban ," 1,976 "," 229,999 ", 0 
 NER , Rural ," 1,976 "," 4,785,525 ", 1 
 NER , Urban ," 1,976 "," 679,437 ", 0 
 NGA , Rural ," 1,976 "," 49,319,640 ", 1 
 NGA , Urban ," 1,976 "," 15,938,369 ", 0 
 RWA , Rural ," 1,976 "," 4,537,817 ", 1 
 RWA , Urban ," 1,976 "," 208,137 ", 0 
 SDN , Rural ," 1,976 "," 11,775,691 ", 1 
 SDN , Urban ," 1,976 "," 2,794,025 ", 0 
 SEN , Rural ," 1,976 "," 3,484,196 ", 1 
 SEN , Urban ," 1,976 "," 1,824,368 ", 0 
 SLE , Rural ," 1,976 "," 2,171,029 ", 1 
 SLE , Urban ," 1,976 "," 857,791 ", 0 
 SOM , Rural ," 1,976 "," 3,237,499 ", 1 
 SOM , Urban ," 1,976 "," 1,128,313 ", 0 
 SSA , Rural ," 1,976 "," 272,611,909 ", 1 
 SSA , Urban ," 1,976 "," 74,523,919 ", 0 
 SSD , Rural ," 1,976 "," 3,588,774 ", 1 
 SSD , Urban ," 1,976 "," 333,136 ", 0 
 STP , Rural ," 1,976 "," 60,420 ", 1 
 STP , Urban ," 1,976 "," 28,502 ", 0 
 SWZ , Rural ," 1,976 "," 444,269 ", 1 
 SWZ , Urban ," 1,976 "," 79,061 ", 0 
 SYC , Rural ," 1,976 "," 32,057 ", 1 
 SYC , Urban ," 1,976 "," 30,686 ", 0 
 TCD , Rural ," 1,976 "," 3,535,915 ", 1 
 TCD , Urban ," 1,976 "," 715,382 ", 0 
 TGO , Rural ," 1,976 "," 2,016,927 ", 1 
 TGO , Urban ," 1,976 "," 620,869 ", 0 
 TZA , Rural ," 1,976 "," 14,706,769 ", 1 
 TZA , Urban ," 1,976 "," 2,029,442 ", 0 
 UGA , Rural ," 1,976 "," 11,259,527 ", 1 
 UGA , Urban ," 1,976 "," 777,767 ", 0 
 ZAF , Rural ," 1,976 "," 13,694,224 ", 1 
 ZAF , Urban ," 1,976 "," 12,701,226 ", 0 
 ZMB , Rural ," 1,976 "," 3,201,294 ", 1 
 ZMB , Urban ," 1,976 "," 1,942,548 ", 0 
 ZWE , Rural ," 1,976 "," 5,010,423 ", 1 
 ZWE , Urban ," 1,976 "," 1,276,682 ", 0 
 AFE , Rural ," 1,977 "," 168,885,035 ", 1 
 AFE , Urban ," 1,977 "," 41,788,894 ", 0 
 AFW , Rural ," 1,977 "," 109,664,040 ", 1 
 AFW , Urban ," 1,977 "," 36,594,536 ", 0 
 AGO , Rural ," 1,977 "," 5,818,004 ", 1 
 AGO , Urban ," 1,977 "," 1,499,826 ", 0 
 BDI , Rural ," 1,977 "," 3,829,418 ", 1 
 BDI , Urban ," 1,977 "," 154,164 ", 0 
 BEN , Rural ," 1,977 "," 2,724,976 ", 1 
 BEN , Urban ," 1,977 "," 898,226 ", 0 
 BFA , Rural ," 1,977 "," 5,988,593 ", 1 
 BFA , Urban ," 1,977 "," 440,141 ", 0 
 BWA , Rural ," 1,977 "," 695,228 ", 1 
 BWA , Urban ," 1,977 "," 104,346 ", 0 
 CAF , Rural ," 1,977 "," 1,538,609 ", 1 
 CAF , Urban ," 1,977 "," 834,321 ", 0 
 CIV , Rural ," 1,977 "," 4,736,293 ", 1 
 CIV , Urban ," 1,977 "," 2,585,657 ", 0 
 CMR , Rural ," 1,977 "," 5,502,777 ", 1 
 CMR , Urban ," 1,977 "," 2,293,724 ", 0 
 COD , Rural ," 1,977 "," 17,945,296 ", 1 
 COD , Urban ," 1,977 "," 6,283,765 ", 0 
 COG , Rural ," 1,977 "," 983,236 ", 1 
 COG , Urban ," 1,977 "," 724,332 ", 0 
 COM , Rural ," 1,977 "," 239,582 ", 1 
 COM , Urban ," 1,977 "," 67,997 ", 0 
 CPV , Rural ," 1,977 "," 243,938 ", 1 
 CPV , Urban ," 1,977 "," 68,896 ", 0 
 ERI , Rural ," 1,977 "," 1,276,699 ", 1 
 ERI , Urban ," 1,977 "," 205,866 ", 0 
 ETH , Rural ," 1,977 "," 29,919,209 ", 1 
 ETH , Urban ," 1,977 "," 3,248,063 ", 0 
 GAB , Rural ," 1,977 "," 355,546 ", 1 
 GAB , Urban ," 1,977 "," 338,438 ", 0 
 GHA , Rural ," 1,977 "," 7,585,526 ", 1 
 GHA , Urban ," 1,977 "," 3,326,345 ", 0 
 GIN , Rural ," 1,977 "," 3,706,979 ", 1 
 GIN , Urban ," 1,977 "," 1,094,149 ", 0 
 GMB , Rural ," 1,977 "," 503,443 ", 1 
 GMB , Urban ," 1,977 "," 142,327 ", 0 
 GNB , Rural ," 1,977 "," 622,295 ", 1 
 GNB , Urban ," 1,977 "," 119,495 ", 0 
 GNQ , Rural ," 1,977 "," 204,164 ", 1 
 GNQ , Urban ," 1,977 "," 72,615 ", 0 
 KEN , Rural ," 1,977 "," 12,337,264 ", 1 
 KEN , Urban ," 1,977 "," 2,091,555 ", 0 
 LBR , Rural ," 1,977 "," 1,190,192 ", 1 
 LBR , Urban ," 1,977 "," 575,827 ", 0 
 LSO , Rural ," 1,977 "," 1,145,328 ", 1 
 LSO , Urban ," 1,977 "," 144,639 ", 0 
 MDG , Rural ," 1,977 "," 6,797,304 ", 1 
 MDG , Urban ," 1,977 "," 1,424,936 ", 0 
 MLI , Rural ," 1,977 "," 6,158,840 ", 1 
 MLI , Urban ," 1,977 "," 932,138 ", 0 
 MOZ , Rural ," 1,977 "," 9,074,226 ", 1 
 MOZ , Urban ," 1,977 "," 1,150,749 ", 0 
 MRT , Rural ," 1,977 "," 1,037,152 ", 1 
 MRT , Urban ," 1,977 "," 316,616 ", 0 
 MUS , Rural ," 1,977 "," 519,345 ", 1 
 MUS , Urban ," 1,977 "," 392,802 ", 0 
 MWI , Rural ," 1,977 "," 5,142,103 ", 1 
 MWI , Urban ," 1,977 "," 472,880 ", 0 
 NAM , Rural ," 1,977 "," 694,297 ", 1 
 NAM , Urban ," 1,977 "," 236,807 ", 0 
 NER , Rural ," 1,977 "," 4,899,795 ", 1 
 NER , Urban ," 1,977 "," 719,921 ", 0 
 NGA , Rural ," 1,977 "," 50,318,320 ", 1 
 NGA , Urban ," 1,977 "," 16,916,270 ", 0 
 RWA , Rural ," 1,977 "," 4,665,712 ", 1 
 RWA , Urban ," 1,977 "," 222,528 ", 0 
 SDN , Rural ," 1,977 "," 12,170,624 ", 1 
 SDN , Urban ," 1,977 "," 2,915,990 ", 0 
 SEN , Rural ," 1,977 "," 3,547,705 ", 1 
 SEN , Urban ," 1,977 "," 1,891,844 ", 0 
 SLE , Rural ," 1,977 "," 2,196,035 ", 1 
 SLE , Urban ," 1,977 "," 889,319 ", 0 
 SOM , Rural ," 1,977 "," 3,312,545 ", 1 
 SOM , Urban ," 1,977 "," 1,171,505 ", 0 
 SSA , Rural ," 1,977 "," 278,549,074 ", 1 
 SSA , Urban ," 1,977 "," 78,383,431 ", 0 
 SSD , Rural ," 1,977 "," 3,682,288 ", 1 
 SSD , Urban ," 1,977 "," 341,744 ", 0 
 STP , Rural ," 1,977 "," 61,794 ", 1 
 STP , Urban ," 1,977 "," 29,507 ", 0 
 SWZ , Rural ," 1,977 "," 454,284 ", 1 
 SWZ , Urban ," 1,977 "," 86,064 ", 0 
 SYC , Rural ," 1,977 "," 32,430 ", 1 
 SYC , Urban ," 1,977 "," 31,674 ", 0 
 TCD , Rural ," 1,977 "," 3,561,324 ", 1 
 TCD , Urban ," 1,977 "," 770,343 ", 0 
 TGO , Rural ," 1,977 "," 2,058,300 ", 1 
 TGO , Urban ," 1,977 "," 643,594 ", 0 
 TZA , Rural ," 1,977 "," 15,099,260 ", 1 
 TZA , Urban ," 1,977 "," 2,253,669 ", 0 
 UGA , Rural ," 1,977 "," 11,554,766 ", 1 
 UGA , Urban ," 1,977 "," 804,903 ", 0 
 ZAF , Rural ," 1,977 "," 14,054,318 ", 1 
 ZAF , Urban ," 1,977 "," 13,064,634 ", 0 
 ZMB , Rural ," 1,977 "," 3,255,225 ", 1 
 ZMB , Urban ," 1,977 "," 2,047,255 ", 0 
 ZWE , Rural ," 1,977 "," 5,108,483 ", 1 
 ZWE , Urban ," 1,977 "," 1,341,029 ", 0 
 AFE , Rural ," 1,978 "," 173,290,901 ", 1 
 AFE , Urban ," 1,978 "," 43,777,997 ", 0 
 AFW , Rural ," 1,978 "," 111,748,515 ", 1 
 AFW , Urban ," 1,978 "," 38,654,101 ", 0 
 AGO , Rural ," 1,978 "," 5,936,055 ", 1 
 AGO , Urban ," 1,978 "," 1,640,679 ", 0 
 BDI , Rural ," 1,978 "," 3,935,325 ", 1 
 BDI , Urban ," 1,978 "," 165,013 ", 0 
 BEN , Rural ," 1,978 "," 2,763,620 ", 1 
 BEN , Urban ," 1,978 "," 954,685 ", 0 
 BFA , Rural ," 1,978 "," 6,111,093 ", 1 
 BFA , Urban ," 1,978 "," 479,891 ", 0 
 BWA , Rural ," 1,978 "," 733,882 ", 1 
 BWA , Urban ," 1,978 "," 115,357 ", 0 
 CAF , Rural ," 1,978 "," 1,547,996 ", 1 
 CAF , Urban ," 1,978 "," 849,965 ", 0 
 CIV , Rural ," 1,978 "," 4,835,591 ", 1 
 CIV , Urban ," 1,978 "," 2,767,539 ", 0 
 CMR , Rural ," 1,978 "," 5,573,477 ", 1 
 CMR , Urban ," 1,978 "," 2,438,444 ", 0 
 COD , Rural ," 1,978 "," 18,436,150 ", 1 
 COD , Urban ," 1,978 "," 6,556,539 ", 0 
 COG , Rural ," 1,978 "," 982,575 ", 1 
 COG , Urban ," 1,978 "," 765,514 ", 0 
 COM , Rural ," 1,978 "," 246,354 ", 1 
 COM , Urban ," 1,978 "," 71,334 ", 0 
 CPV , Rural ," 1,978 "," 245,346 ", 1 
 CPV , Urban ," 1,978 "," 70,801 ", 0 
 ERI , Rural ," 1,978 "," 1,308,634 ", 1 
 ERI , Urban ," 1,978 "," 213,744 ", 0 
 ETH , Rural ," 1,978 "," 30,366,806 ", 1 
 ETH , Urban ," 1,978 "," 3,367,786 ", 0 
 GAB , Rural ," 1,978 "," 347,945 ", 0 
 GAB , Urban ," 1,978 "," 363,299 ", 1 
 GHA , Rural ," 1,978 "," 7,800,453 ", 1 
 GHA , Urban ," 1,978 "," 3,447,997 ", 0 
 GIN , Rural ," 1,978 "," 3,732,004 ", 1 
 GIN , Urban ," 1,978 "," 1,145,850 ", 0 
 GMB , Rural ," 1,978 "," 508,274 ", 1 
 GMB , Urban ," 1,978 "," 158,829 ", 0 
 GNB , Rural ," 1,978 "," 662,103 ", 1 
 GNB , Urban ," 1,978 "," 129,591 ", 0 
 GNQ , Rural ," 1,978 "," 203,959 ", 1 
 GNQ , Urban ," 1,978 "," 72,572 ", 0 
 KEN , Rural ," 1,978 "," 12,686,850 ", 1 
 KEN , Urban ," 1,978 "," 2,247,276 ", 0 
 LBR , Rural ," 1,978 "," 1,205,384 ", 1 
 LBR , Urban ," 1,978 "," 612,863 ", 0 
 LSO , Rural ," 1,978 "," 1,178,275 ", 1 
 LSO , Urban ," 1,978 "," 148,965 ", 0 
 MDG , Rural ," 1,978 "," 6,973,559 ", 1 
 MDG , Urban ," 1,978 "," 1,502,305 ", 0 
 MLI , Rural ," 1,978 "," 6,257,388 ", 1 
 MLI , Urban ," 1,978 "," 972,264 ", 0 
 MOZ , Rural ," 1,978 "," 9,357,450 ", 1 
 MOZ , Urban ," 1,978 "," 1,260,800 ", 0 
 MRT , Rural ," 1,978 "," 1,045,549 ", 1 
 MRT , Urban ," 1,978 "," 347,164 ", 0 
 MUS , Rural ," 1,978 "," 529,838 ", 1 
 MUS , Urban ," 1,978 "," 395,439 ", 0 
 MWI , Rural ," 1,978 "," 5,305,659 ", 1 
 MWI , Urban ," 1,978 "," 504,473 ", 0 
 NAM , Rural ," 1,978 "," 705,746 ", 1 
 NAM , Urban ," 1,978 "," 241,523 ", 0 
 NER , Rural ," 1,978 "," 5,024,010 ", 1 
 NER , Urban ," 1,978 "," 758,922 ", 0 
 NGA , Rural ," 1,978 "," 51,367,829 ", 1 
 NGA , Urban ," 1,978 "," 17,958,703 ", 0 
 RWA , Rural ," 1,978 "," 4,799,915 ", 1 
 RWA , Urban ," 1,978 "," 235,255 ", 0 
 SDN , Rural ," 1,978 "," 12,638,160 ", 1 
 SDN , Urban ," 1,978 "," 3,056,842 ", 0 
 SEN , Rural ," 1,978 "," 3,609,016 ", 1 
 SEN , Urban ," 1,978 "," 1,959,080 ", 0 
 SLE , Rural ," 1,978 "," 2,223,655 ", 1 
 SLE , Urban ," 1,978 "," 921,862 ", 0 
 SOM , Rural ," 1,978 "," 3,544,547 ", 1 
 SOM , Urban ," 1,978 "," 1,270,345 ", 0 
 SSA , Rural ," 1,978 "," 285,039,416 ", 1 
 SSA , Urban ," 1,978 "," 82,432,098 ", 0 
 SSD , Rural ," 1,978 "," 3,777,159 ", 1 
 SSD , Urban ," 1,978 "," 350,497 ", 0 
 STP , Rural ," 1,978 "," 63,209 ", 1 
 STP , Urban ," 1,978 "," 30,585 ", 0 
 SWZ , Rural ," 1,978 "," 464,414 ", 1 
 SWZ , Urban ," 1,978 "," 94,032 ", 0 
 SYC , Rural ," 1,978 "," 32,878 ", 1 
 SYC , Urban ," 1,978 "," 32,109 ", 0 
 TCD , Rural ," 1,978 "," 3,600,340 ", 1 
 TCD , Urban ," 1,978 "," 811,026 ", 0 
 TGO , Rural ," 1,978 "," 2,100,908 ", 1 
 TGO , Urban ," 1,978 "," 667,240 ", 0 
 TZA , Rural ," 1,978 "," 15,517,055 ", 1 
 TZA , Urban ," 1,978 "," 2,459,511 ", 0 
 UGA , Rural ," 1,978 "," 11,857,715 ", 1 
 UGA , Urban ," 1,978 "," 834,398 ", 0 
 ZAF , Rural ," 1,978 "," 14,425,537 ", 1 
 ZAF , Urban ," 1,978 "," 13,443,970 ", 0 
 ZMB , Rural ," 1,978 "," 3,319,276 ", 1 
 ZMB , Urban ," 1,978 "," 2,146,098 ", 0 
 ZWE , Rural ," 1,978 "," 5,150,454 ", 1 
 ZWE , Urban ," 1,978 "," 1,393,121 ", 0 
 AFE , Rural ," 1,979 "," 178,059,089 ", 1 
 AFE , Urban ," 1,979 "," 45,907,446 ", 0 
 AFW , Rural ," 1,979 "," 113,957,054 ", 1 
 AFW , Urban ," 1,979 "," 40,764,656 ", 0 
 AGO , Rural ," 1,979 "," 6,052,739 ", 1 
 AGO , Urban ," 1,979 "," 1,794,468 ", 0 
 BDI , Rural ," 1,979 "," 4,027,771 ", 1 
 BDI , Urban ," 1,979 "," 175,759 ", 0 
 BEN , Rural ," 1,979 "," 2,806,618 ", 1 
 BEN , Urban ," 1,979 "," 1,011,910 ", 0 
 BFA , Rural ," 1,979 "," 6,235,358 ", 1 
 BFA , Urban ," 1,979 "," 528,544 ", 0 
 BWA , Rural ," 1,979 "," 773,667 ", 1 
 BWA , Urban ," 1,979 "," 128,075 ", 0 
 CAF , Rural ," 1,979 "," 1,558,490 ", 1 
 CAF , Urban ," 1,979 "," 865,304 ", 0 
 CIV , Rural ," 1,979 "," 4,989,358 ", 1 
 CIV , Urban ," 1,979 "," 2,912,910 ", 0 
 CMR , Rural ," 1,979 "," 5,651,649 ", 1 
 CMR , Urban ," 1,979 "," 2,587,993 ", 0 
 COD , Rural ," 1,979 "," 19,017,072 ", 1 
 COD , Urban ," 1,979 "," 6,869,710 ", 0 
 COG , Rural ," 1,979 "," 979,003 ", 1 
 COG , Urban ," 1,979 "," 809,521 ", 0 
 COM , Rural ," 1,979 "," 252,981 ", 1 
 COM , Urban ," 1,979 "," 74,810 ", 0 
 CPV , Rural ," 1,979 "," 246,444 ", 1 
 CPV , Urban ," 1,979 "," 73,036 ", 0 
 ERI , Rural ," 1,979 "," 1,341,336 ", 1 
 ERI , Urban ," 1,979 "," 221,996 ", 0 
 ETH , Rural ," 1,979 "," 30,754,159 ", 1 
 ETH , Urban ," 1,979 "," 3,484,493 ", 0 
 GAB , Rural ," 1,979 "," 340,989 ", 0 
 GAB , Urban ," 1,979 "," 388,385 ", 1 
 GHA , Rural ," 1,979 "," 8,021,605 ", 1 
 GHA , Urban ," 1,979 "," 3,575,651 ", 0 
 GIN , Rural ," 1,979 "," 3,762,010 ", 1 
 GIN , Urban ," 1,979 "," 1,197,272 ", 0 
 GMB , Rural ," 1,979 "," 513,496 ", 1 
 GMB , Urban ," 1,979 "," 176,285 ", 0 
 GNB , Rural ," 1,979 "," 683,085 ", 1 
 GNB , Urban ," 1,979 "," 136,782 ", 0 
 GNQ , Rural ," 1,979 "," 206,375 ", 1 
 GNQ , Urban ," 1,979 "," 73,471 ", 0 
 KEN , Rural ," 1,979 "," 13,066,672 ", 1 
 KEN , Urban ," 1,979 "," 2,393,994 ", 0 
 LBR , Rural ," 1,979 "," 1,221,111 ", 1 
 LBR , Urban ," 1,979 "," 651,602 ", 0 
 LSO , Rural ," 1,979 "," 1,212,726 ", 1 
 LSO , Urban ," 1,979 "," 153,443 ", 0 
 MDG , Rural ," 1,979 "," 7,155,249 ", 1 
 MDG , Urban ," 1,979 "," 1,582,331 ", 0 
 MLI , Rural ," 1,979 "," 6,361,152 ", 1 
 MLI , Urban ," 1,979 "," 1,014,114 ", 0 
 MOZ , Rural ," 1,979 "," 9,650,253 ", 1 
 MOZ , Urban ," 1,979 "," 1,378,557 ", 0 
 MRT , Rural ," 1,979 "," 1,049,907 ", 1 
 MRT , Urban ," 1,979 "," 382,851 ", 0 
 MUS , Rural ," 1,979 "," 540,880 ", 1 
 MUS , Urban ," 1,979 "," 398,507 ", 0 
 MWI , Rural ," 1,979 "," 5,491,152 ", 1 
 MWI , Urban ," 1,979 "," 537,597 ", 0 
 NAM , Rural ," 1,979 "," 716,696 ", 1 
 NAM , Urban ," 1,979 "," 246,129 ", 0 
 NER , Rural ," 1,979 "," 5,156,611 ", 1 
 NER , Urban ," 1,979 "," 798,945 ", 0 
 NGA , Rural ," 1,979 "," 52,439,527 ", 1 
 NGA , Urban ," 1,979 "," 19,058,715 ", 0 
 RWA , Rural ," 1,979 "," 4,942,911 ", 1 
 RWA , Urban ," 1,979 "," 246,629 ", 0 
 SDN , Rural ," 1,979 "," 13,143,943 ", 1 
 SDN , Urban ," 1,979 "," 3,211,409 ", 0 
 SEN , Rural ," 1,979 "," 3,673,864 ", 1 
 SEN , Urban ," 1,979 "," 2,029,030 ", 0 
 SLE , Rural ," 1,979 "," 2,252,615 ", 1 
 SLE , Urban ," 1,979 "," 954,884 ", 0 
 SOM , Rural ," 1,979 "," 3,998,425 ", 1 
 SOM , Urban ," 1,979 "," 1,450,691 ", 0 
 SSA , Rural ," 1,979 "," 292,016,143 ", 1 
 SSA , Urban ," 1,979 "," 86,672,102 ", 0 
 SSD , Rural ," 1,979 "," 3,873,228 ", 1 
 SSD , Urban ," 1,979 "," 359,377 ", 0 
 STP , Rural ," 1,979 "," 64,544 ", 1 
 STP , Urban ," 1,979 "," 31,708 ", 0 
 SWZ , Rural ," 1,979 "," 474,427 ", 1 
 SWZ , Urban ," 1,979 "," 102,772 ", 0 
 SYC , Rural ," 1,979 "," 33,193 ", 1 
 SYC , Urban ," 1,979 "," 32,410 ", 0 
 TCD , Rural ," 1,979 "," 3,660,821 ", 1 
 TCD , Urban ," 1,979 "," 844,563 ", 0 
 TGO , Rural ," 1,979 "," 2,146,966 ", 1 
 TGO , Urban ," 1,979 "," 692,888 ", 0 
 TZA , Rural ," 1,979 "," 15,943,492 ", 1 
 TZA , Urban ," 1,979 "," 2,648,546 ", 0 
 UGA , Rural ," 1,979 "," 12,137,447 ", 1 
 UGA , Urban ," 1,979 "," 864,715 ", 0 
 ZAF , Rural ," 1,979 "," 14,800,153 ", 1 
 ZAF , Urban ," 1,979 "," 13,834,009 ", 0 
 ZMB , Rural ," 1,979 "," 3,395,691 ", 1 
 ZMB , Urban ," 1,979 "," 2,236,037 ", 0 
 ZWE , Rural ," 1,979 "," 5,198,286 ", 1 
 ZWE , Urban ," 1,979 "," 1,449,270 ", 0 
 AFE , Rural ," 1,980 "," 182,682,545 ", 1 
 AFE , Urban ," 1,980 "," 48,101,360 ", 0 
 AFW , Rural ," 1,980 "," 116,199,802 ", 1 
 AFW , Urban ," 1,980 "," 42,966,715 ", 0 
 AGO , Rural ," 1,980 "," 6,171,252 ", 1 
 AGO , Urban ," 1,980 "," 1,962,620 ", 0 
 BDI , Rural ," 1,980 "," 4,193,302 ", 1 
 BDI , Urban ," 1,980 "," 190,404 ", 0 
 BEN , Rural ," 1,980 "," 2,853,578 ", 1 
 BEN , Urban ," 1,980 "," 1,071,673 ", 0 
 BFA , Rural ," 1,980 "," 6,363,094 ", 1 
 BFA , Urban ," 1,980 "," 584,806 ", 0 
 BWA , Rural ," 1,980 "," 797,424 ", 1 
 BWA , Urban ," 1,980 "," 140,061 ", 0 
 CAF , Rural ," 1,980 "," 1,570,116 ", 1 
 CAF , Urban ," 1,980 "," 880,419 ", 0 
 CIV , Rural ," 1,980 "," 5,164,043 ", 1 
 CIV , Urban ," 1,980 "," 3,056,671 ", 0 
 CMR , Rural ," 1,980 "," 5,759,050 ", 1 
 CMR , Urban ," 1,980 "," 2,753,169 ", 0 
 COD , Rural ," 1,980 "," 19,540,463 ", 1 
 COD , Urban ," 1,980 "," 7,170,635 ", 0 
 COG , Rural ," 1,980 "," 973,728 ", 1 
 COG , Urban ," 1,980 "," 855,257 ", 0 
 COM , Rural ," 1,980 "," 259,313 ", 1 
 COM , Urban ," 1,980 "," 78,408 ", 0 
 CPV , Rural ," 1,980 "," 247,453 ", 1 
 CPV , Urban ," 1,980 "," 75,848 ", 0 
 ERI , Rural ," 1,980 "," 1,375,074 ", 1 
 ERI , Urban ," 1,980 "," 230,723 ", 0 
 ETH , Rural ," 1,980 "," 30,856,689 ", 1 
 ETH , Urban ," 1,980 "," 3,571,825 ", 0 
 GAB , Rural ," 1,980 "," 335,008 ", 0 
 GAB , Urban ," 1,980 "," 413,381 ", 1 
 GHA , Rural ," 1,980 "," 8,236,391 ", 1 
 GHA , Urban ," 1,980 "," 3,705,057 ", 0 
 GIN , Rural ," 1,980 "," 3,798,879 ", 1 
 GIN , Urban ," 1,980 "," 1,248,541 ", 0 
 GMB , Rural ," 1,980 "," 519,619 ", 1 
 GMB , Urban ," 1,980 "," 194,295 ", 0 
 GNB , Rural ," 1,980 "," 686,160 ", 1 
 GNB , Urban ," 1,980 "," 143,142 ", 0 
 GNQ , Rural ," 1,980 "," 212,829 ", 1 
 GNQ , Urban ," 1,980 "," 75,815 ", 0 
 KEN , Rural ," 1,980 "," 13,481,898 ", 1 
 KEN , Urban ," 1,980 "," 2,536,561 ", 0 
 LBR , Rural ," 1,980 "," 1,237,760 ", 1 
 LBR , Urban ," 1,980 "," 691,493 ", 0 
 LSO , Rural ," 1,980 "," 1,248,461 ", 1 
 LSO , Urban ," 1,980 "," 158,060 ", 0 
 MDG , Rural ," 1,980 "," 7,341,196 ", 1 
 MDG , Urban ," 1,980 "," 1,664,836 ", 0 
 MLI , Rural ," 1,980 "," 6,472,482 ", 1 
 MLI , Urban ," 1,980 "," 1,058,032 ", 0 
 MOZ , Rural ," 1,980 "," 9,848,089 ", 1 
 MOZ , Urban ," 1,980 "," 1,488,133 ", 0 
 MRT , Rural ," 1,980 "," 1,051,544 ", 1 
 MRT , Urban ," 1,980 "," 422,499 ", 0 
 MUS , Rural ," 1,980 "," 552,118 ", 1 
 MUS , Urban ," 1,980 "," 402,098 ", 0 
 MWI , Rural ," 1,980 "," 5,693,253 ", 1 
 MWI , Urban ," 1,980 "," 572,276 ", 0 
 NAM , Rural ," 1,980 "," 729,856 ", 1 
 NAM , Urban ," 1,980 "," 251,578 ", 0 
 NER , Rural ," 1,980 "," 5,295,837 ", 1 
 NER , Urban ," 1,980 "," 840,134 ", 0 
 NGA , Rural ," 1,980 "," 53,542,529 ", 1 
 NGA , Urban ," 1,980 "," 20,222,112 ", 0 
 RWA , Rural ," 1,980 "," 5,095,425 ", 1 
 RWA , Urban ," 1,980 "," 257,834 ", 0 
 SDN , Rural ," 1,980 "," 13,678,159 ", 1 
 SDN , Urban ," 1,980 "," 3,380,746 ", 0 
 SEN , Rural ," 1,980 "," 3,743,369 ", 1 
 SEN , Urban ," 1,980 "," 2,102,269 ", 0 
 SLE , Rural ," 1,980 "," 2,283,492 ", 1 
 SLE , Urban ," 1,980 "," 988,597 ", 0 
 SOM , Rural ," 1,980 "," 4,342,421 ", 1 
 SOM , Urban ," 1,980 "," 1,593,733 ", 0 
 SSA , Rural ," 1,980 "," 298,882,347 ", 1 
 SSA , Urban ," 1,980 "," 91,068,075 ", 0 
 SSD , Rural ," 1,980 "," 3,970,635 ", 1 
 SSD , Urban ," 1,980 "," 368,395 ", 0 
 STP , Rural ," 1,980 "," 65,686 ", 1 
 STP , Urban ," 1,980 "," 32,858 ", 0 
 SWZ , Rural ," 1,980 "," 484,545 ", 1 
 SWZ , Urban ," 1,980 "," 112,099 ", 0 
 SYC , Rural ," 1,980 "," 33,530 ", 1 
 SYC , Urban ," 1,980 "," 32,730 ", 0 
 TCD , Rural ," 1,980 "," 3,653,776 ", 1 
 TCD , Urban ," 1,980 "," 861,676 ", 0 
 TGO , Rural ," 1,980 "," 2,199,065 ", 1 
 TGO , Urban ," 1,980 "," 721,829 ", 0 
 TZA , Rural ," 1,980 "," 16,355,909 ", 1 
 TZA , Urban ," 1,980 "," 2,833,860 ", 0 
 UGA , Rural ," 1,980 "," 12,378,896 ", 1 
 UGA , Urban ," 1,980 "," 896,845 ", 0 
 ZAF , Rural ," 1,980 "," 15,231,730 ", 1 
 ZAF , Urban ," 1,980 "," 14,287,127 ", 0 
 ZMB , Rural ," 1,980 "," 3,488,331 ", 1 
 ZMB , Urban ," 1,980 "," 2,314,502 ", 0 
 ZWE , Rural ," 1,980 "," 5,468,891 ", 1 
 ZWE , Urban ," 1,980 "," 1,572,412 ", 0 
 AFE , Rural ," 1,981 "," 187,651,431 ", 1 
 AFE , Urban ," 1,981 "," 50,383,336 ", 0 
 AFW , Rural ," 1,981 "," 118,494,602 ", 1 
 AFW , Urban ," 1,981 "," 45,267,872 ", 0 
 AGO , Rural ," 1,981 "," 6,290,308 ", 1 
 AGO , Urban ," 1,981 "," 2,145,299 ", 0 
 BDI , Rural ," 1,981 "," 4,359,900 ", 1 
 BDI , Urban ," 1,981 "," 206,114 ", 0 
 BEN , Rural ," 1,981 "," 2,902,767 ", 1 
 BEN , Urban ," 1,981 "," 1,135,540 ", 0 
 BFA , Rural ," 1,981 "," 6,493,320 ", 1 
 BFA , Urban ," 1,981 "," 646,951 ", 0 
 BWA , Rural ," 1,981 "," 816,602 ", 1 
 BWA , Urban ," 1,981 "," 153,394 ", 0 
 CAF , Rural ," 1,981 "," 1,582,969 ", 1 
 CAF , Urban ," 1,981 "," 895,433 ", 0 
 CIV , Rural ," 1,981 "," 5,350,486 ", 1 
 CIV , Urban ," 1,981 "," 3,206,110 ", 0 
 CMR , Rural ," 1,981 "," 5,885,678 ", 1 
 CMR , Urban ," 1,981 "," 2,930,698 ", 0 
 COD , Rural ," 1,981 "," 20,032,483 ", 1 
 COD , Urban ," 1,981 "," 7,468,032 ", 0 
 COG , Rural ," 1,981 "," 968,155 ", 1 
 COG , Urban ," 1,981 "," 901,604 ", 0 
 COM , Rural ," 1,981 "," 265,171 ", 1 
 COM , Urban ," 1,981 "," 82,211 ", 0 
 CPV , Rural ," 1,981 "," 247,562 ", 1 
 CPV , Urban ," 1,981 "," 80,284 ", 0 
 ERI , Rural ," 1,981 "," 1,409,938 ", 1 
 ERI , Urban ," 1,981 "," 240,001 ", 0 
 ETH , Rural ," 1,981 "," 31,570,341 ", 1 
 ETH , Urban ," 1,981 "," 3,733,671 ", 0 
 GAB , Rural ," 1,981 "," 330,406 ", 0 
 GAB , Urban ," 1,981 "," 437,980 ", 1 
 GHA , Rural ," 1,981 "," 8,444,309 ", 1 
 GHA , Urban ," 1,981 "," 3,837,403 ", 0 
 GIN , Rural ," 1,981 "," 3,843,751 ", 1 
 GIN , Urban ," 1,981 "," 1,299,537 ", 0 
 GMB , Rural ," 1,981 "," 526,869 ", 1 
 GMB , Urban ," 1,981 "," 212,257 ", 0 
 GNB , Rural ," 1,981 "," 689,115 ", 1 
 GNB , Urban ," 1,981 "," 153,317 ", 0 
 GNQ , Rural ," 1,981 "," 223,556 ", 1 
 GNQ , Urban ," 1,981 "," 79,696 ", 0 
 KEN , Rural ," 1,981 "," 13,918,016 ", 1 
 KEN , Urban ," 1,981 "," 2,683,491 ", 0 
 LBR , Rural ," 1,981 "," 1,255,271 ", 1 
 LBR , Urban ," 1,981 "," 731,596 ", 0 
 LSO , Rural ," 1,981 "," 1,285,266 ", 1 
 LSO , Urban ," 1,981 "," 162,803 ", 0 
 MDG , Rural ," 1,981 "," 7,529,546 ", 1 
 MDG , Urban ," 1,981 "," 1,749,464 ", 0 
 MLI , Rural ," 1,981 "," 6,589,146 ", 1 
 MLI , Urban ," 1,981 "," 1,103,620 ", 0 
 MOZ , Rural ," 1,981 "," 9,969,910 ", 1 
 MOZ , Urban ," 1,981 "," 1,598,216 ", 0 
 MRT , Rural ," 1,981 "," 1,051,671 ", 1 
 MRT , Urban ," 1,981 "," 465,206 ", 0 
 MUS , Rural ," 1,981 "," 563,018 ", 1 
 MUS , Urban ," 1,981 "," 406,200 ", 0 
 MWI , Rural ," 1,981 "," 5,907,961 ", 1 
 MWI , Urban ," 1,981 "," 608,493 ", 0 
 NAM , Rural ," 1,981 "," 737,332 ", 1 
 NAM , Urban ," 1,981 "," 255,168 ", 0 
 NER , Rural ," 1,981 "," 5,439,890 ", 1 
 NER , Urban ," 1,981 "," 882,116 ", 0 
 NGA , Rural ," 1,981 "," 54,633,427 ", 1 
 NGA , Urban ," 1,981 "," 21,434,676 ", 0 
 RWA , Rural ," 1,981 "," 5,258,150 ", 1 
 RWA , Urban ," 1,981 "," 269,080 ", 0 
 SDN , Rural ," 1,981 "," 14,217,564 ", 1 
 SDN , Urban ," 1,981 "," 3,563,008 ", 0 
 SEN , Rural ," 1,981 "," 3,818,086 ", 1 
 SEN , Urban ," 1,981 "," 2,179,074 ", 0 
 SLE , Rural ," 1,981 "," 2,316,067 ", 1 
 SLE , Urban ," 1,981 "," 1,022,873 ", 0 
 SOM , Rural ," 1,981 "," 4,363,576 ", 1 
 SOM , Urban ," 1,981 "," 1,619,273 ", 0 
 SSA , Rural ," 1,981 "," 306,146,033 ", 1 
 SSA , Urban ," 1,981 "," 95,651,208 ", 0 
 SSD , Rural ," 1,981 "," 4,069,696 ", 1 
 SSD , Urban ," 1,981 "," 377,576 ", 0 
 STP , Rural ," 1,981 "," 66,577 ", 1 
 STP , Urban ," 1,981 "," 34,038 ", 0 
 SWZ , Rural ," 1,981 "," 495,011 ", 1 
 SWZ , Urban ," 1,981 "," 121,797 ", 0 
 SYC , Rural ," 1,981 "," 33,886 ", 1 
 SYC , Urban ," 1,981 "," 33,064 ", 0 
 TCD , Rural ," 1,981 "," 3,644,045 ", 1 
 TCD , Urban ," 1,981 "," 876,915 ", 0 
 TGO , Rural ," 1,981 "," 2,258,057 ", 1 
 TGO , Urban ," 1,981 "," 754,985 ", 0 
 TZA , Rural ," 1,981 "," 16,765,769 ", 1 
 TZA , Urban ," 1,981 "," 3,018,934 ", 0 
 UGA , Rural ," 1,981 "," 12,618,714 ", 1 
 UGA , Urban ," 1,981 "," 937,738 ", 0 
 ZAF , Rural ," 1,981 "," 15,727,124 ", 1 
 ZAF , Urban ," 1,981 "," 14,813,920 ", 0 
 ZMB , Rural ," 1,981 "," 3,596,828 ", 1 
 ZMB , Urban ," 1,981 "," 2,386,461 ", 0 
 ZWE , Rural ," 1,981 "," 5,782,745 ", 1 
 ZWE , Urban ," 1,981 "," 1,715,889 ", 0 
 AFE , Rural ," 1,982 "," 192,990,364 ", 1 
 AFE , Urban ," 1,982 "," 52,825,970 ", 0 
 AFW , Rural ," 1,982 "," 120,923,013 ", 1 
 AFW , Urban ," 1,982 "," 47,662,105 ", 0 
 AGO , Rural ," 1,982 "," 6,408,984 ", 1 
 AGO , Urban ," 1,982 "," 2,342,664 ", 0 
 BDI , Rural ," 1,982 "," 4,461,723 ", 1 
 BDI , Urban ," 1,982 "," 219,667 ", 0 
 BEN , Rural ," 1,982 "," 2,953,536 ", 1 
 BEN , Urban ," 1,982 "," 1,203,060 ", 0 
 BFA , Rural ," 1,982 "," 6,627,022 ", 1 
 BFA , Urban ," 1,982 "," 713,175 ", 0 
 BWA , Rural ," 1,982 "," 835,352 ", 1 
 BWA , Urban ," 1,982 "," 173,916 ", 0 
 CAF , Rural ," 1,982 "," 1,596,987 ", 1 
 CAF , Urban ," 1,982 "," 910,388 ", 0 
 CIV , Rural ," 1,982 "," 5,546,580 ", 1 
 CIV , Urban ," 1,982 "," 3,361,356 ", 0 
 CMR , Rural ," 1,982 "," 5,949,473 ", 1 
 CMR , Urban ," 1,982 "," 3,079,205 ", 0 
 COD , Rural ," 1,982 "," 20,553,910 ", 1 
 COD , Urban ," 1,982 "," 7,784,280 ", 0 
 COG , Rural ," 1,982 "," 963,428 ", 1 
 COG , Urban ," 1,982 "," 947,002 ", 0 
 COM , Rural ," 1,982 "," 270,726 ", 1 
 COM , Urban ," 1,982 "," 86,413 ", 0 
 CPV , Rural ," 1,982 "," 245,919 ", 1 
 CPV , Urban ," 1,982 "," 86,805 ", 0 
 ERI , Rural ," 1,982 "," 1,445,617 ", 1 
 ERI , Urban ," 1,982 "," 249,844 ", 0 
 ETH , Rural ," 1,982 "," 32,744,702 ", 1 
 ETH , Urban ," 1,982 "," 3,956,588 ", 0 
 GAB , Rural ," 1,982 "," 327,197 ", 0 
 GAB , Urban ," 1,982 "," 462,089 ", 1 
 GHA , Rural ," 1,982 "," 8,661,948 ", 1 
 GHA , Urban ," 1,982 "," 3,981,871 ", 0 
 GIN , Rural ," 1,982 "," 3,897,624 ", 1 
 GIN , Urban ," 1,982 "," 1,350,048 ", 0 
 GMB , Rural ," 1,982 "," 536,074 ", 1 
 GMB , Urban ," 1,982 "," 229,679 ", 0 
 GNB , Rural ," 1,982 "," 689,640 ", 1 
 GNB , Urban ," 1,982 "," 166,251 ", 0 
 GNQ , Rural ," 1,982 "," 237,481 ", 1 
 GNQ , Urban ," 1,982 "," 84,735 ", 0 
 KEN , Rural ," 1,982 "," 14,371,429 ", 1 
 KEN , Urban ," 1,982 "," 2,834,746 ", 0 
 LBR , Rural ," 1,982 "," 1,274,011 ", 1 
 LBR , Urban ," 1,982 "," 771,062 ", 0 
 LSO , Rural ," 1,982 "," 1,323,052 ", 1 
 LSO , Urban ," 1,982 "," 167,680 ", 0 
 MDG , Rural ," 1,982 "," 7,721,195 ", 1 
 MDG , Urban ," 1,982 "," 1,836,475 ", 0 
 MLI , Rural ," 1,982 "," 6,709,635 ", 1 
 MLI , Urban ," 1,982 "," 1,150,559 ", 0 
 MOZ , Rural ," 1,982 "," 10,095,385 ", 1 
 MOZ , Urban ," 1,982 "," 1,728,985 ", 0 
 MRT , Rural ," 1,982 "," 1,051,345 ", 1 
 MRT , Urban ," 1,982 "," 509,831 ", 0 
 MUS , Rural ," 1,982 "," 572,889 ", 1 
 MUS , Urban ," 1,982 "," 410,721 ", 0 
 MWI , Rural ," 1,982 "," 6,132,504 ", 1 
 MWI , Urban ," 1,982 "," 646,375 ", 0 
 NAM , Rural ," 1,982 "," 749,725 ", 1 
 NAM , Urban ," 1,982 "," 260,583 ", 0 
 NER , Rural ," 1,982 "," 5,588,074 ", 1 
 NER , Urban ," 1,982 "," 924,658 ", 0 
 NGA , Rural ," 1,982 "," 55,690,305 ", 1 
 NGA , Urban ," 1,982 "," 22,688,396 ", 0 
 RWA , Rural ," 1,982 "," 5,431,057 ", 1 
 RWA , Urban ," 1,982 "," 280,492 ", 0 
 SDN , Rural ," 1,982 "," 14,731,824 ", 1 
 SDN , Urban ," 1,982 "," 3,754,821 ", 0 
 SEN , Rural ," 1,982 "," 3,897,730 ", 1 
 SEN , Urban ," 1,982 "," 2,259,231 ", 0 
 SLE , Rural ," 1,982 "," 2,350,457 ", 1 
 SLE , Urban ," 1,982 "," 1,057,726 ", 0 
 SOM , Rural ," 1,982 "," 4,365,999 ", 1 
 SOM , Urban ," 1,982 "," 1,637,841 ", 0 
 SSA , Rural ," 1,982 "," 313,913,377 ", 1 
 SSA , Urban ," 1,982 "," 100,488,075 ", 0 
 SSD , Rural ," 1,982 "," 4,170,738 ", 1 
 SSD , Urban ," 1,982 "," 386,948 ", 0 
 STP , Rural ," 1,982 "," 67,173 ", 1 
 STP , Urban ," 1,982 "," 35,335 ", 0 
 SWZ , Rural ," 1,982 "," 506,046 ", 1 
 SWZ , Urban ," 1,982 "," 131,606 ", 0 
 SYC , Rural ," 1,982 "," 34,250 ", 1 
 SYC , Urban ," 1,982 "," 33,400 ", 0 
 TCD , Rural ," 1,982 "," 3,805,603 ", 1 
 TCD , Urban ," 1,982 "," 932,880 ", 0 
 TGO , Rural ," 1,982 "," 2,322,943 ", 1 
 TGO , Urban ," 1,982 "," 792,099 ", 0 
 TZA , Rural ," 1,982 "," 17,191,136 ", 1 
 TZA , Urban ," 1,982 "," 3,207,435 ", 0 
 UGA , Rural ," 1,982 "," 12,882,216 ", 1 
 UGA , Urban ," 1,982 "," 991,415 ", 0 
 ZAF , Rural ," 1,982 "," 16,239,720 ", 1 
 ZAF , Urban ," 1,982 "," 15,375,619 ", 0 
 ZMB , Rural ," 1,982 "," 3,715,393 ", 1 
 ZMB , Urban ," 1,982 "," 2,463,244 ", 0 
 ZWE , Rural ," 1,982 "," 5,967,618 ", 1 
 ZWE , Urban ," 1,982 "," 1,828,878 ", 0 
 AFE , Rural ," 1,983 "," 198,194,513 ", 1 
 AFE , Urban ," 1,983 "," 55,449,832 ", 0 
 AFW , Rural ," 1,983 "," 123,205,003 ", 1 
 AFW , Urban ," 1,983 "," 50,050,156 ", 0 
 AGO , Rural ," 1,983 "," 6,527,711 ", 1 
 AGO , Urban ," 1,983 "," 2,555,271 ", 0 
 BDI , Rural ," 1,983 "," 4,574,010 ", 1 
 BDI , Urban ," 1,983 "," 234,518 ", 0 
 BEN , Rural ," 1,983 "," 3,005,274 ", 1 
 BEN , Urban ," 1,983 "," 1,273,704 ", 0 
 BFA , Rural ," 1,983 "," 6,769,259 ", 1 
 BFA , Urban ," 1,983 "," 781,870 ", 0 
 BWA , Rural ," 1,983 "," 841,444 ", 1 
 BWA , Urban ," 1,983 "," 204,693 ", 0 
 CAF , Rural ," 1,983 "," 1,612,090 ", 1 
 CAF , Urban ," 1,983 "," 925,310 ", 0 
 CIV , Rural ," 1,983 "," 5,752,119 ", 1 
 CIV , Urban ," 1,983 "," 3,520,625 ", 0 
 CMR , Rural ," 1,983 "," 5,995,946 ", 1 
 CMR , Urban ," 1,983 "," 3,219,451 ", 0 
 COD , Rural ," 1,983 "," 21,123,832 ", 1 
 COD , Urban ," 1,983 "," 8,127,131 ", 0 
 COG , Rural ," 1,983 "," 960,699 ", 0 
 COG , Urban ," 1,983 "," 989,622 ", 1 
 COM , Rural ," 1,983 "," 276,219 ", 1 
 COM , Urban ," 1,983 "," 91,014 ", 0 
 CPV , Rural ," 1,983 "," 242,670 ", 1 
 CPV , Urban ," 1,983 "," 94,984 ", 0 
 ERI , Rural ," 1,983 "," 1,476,775 ", 1 
 ERI , Urban ," 1,983 "," 259,385 ", 0 
 ETH , Rural ," 1,983 "," 33,593,547 ", 1 
 ETH , Urban ," 1,983 "," 4,147,270 ", 0 
 GAB , Rural ," 1,983 "," 324,909 ", 0 
 GAB , Urban ," 1,983 "," 486,097 ", 1 
 GHA , Rural ," 1,983 "," 8,889,351 ", 1 
 GHA , Urban ," 1,983 "," 4,140,485 ", 0 
 GIN , Rural ," 1,983 "," 3,960,110 ", 1 
 GIN , Urban ," 1,983 "," 1,399,704 ", 0 
 GMB , Rural ," 1,983 "," 548,345 ", 1 
 GMB , Urban ," 1,983 "," 246,180 ", 0 
 GNB , Rural ," 1,983 "," 688,096 ", 1 
 GNB , Urban ," 1,983 "," 181,496 ", 0 
 GNQ , Rural ," 1,983 "," 253,040 ", 1 
 GNQ , Urban ," 1,983 "," 90,380 ", 0 
 KEN , Rural ," 1,983 "," 14,854,020 ", 1 
 KEN , Urban ," 1,983 "," 2,992,354 ", 0 
 LBR , Rural ," 1,983 "," 1,296,728 ", 1 
 LBR , Urban ," 1,983 "," 810,386 ", 0 
 LSO , Rural ," 1,983 "," 1,361,716 ", 1 
 LSO , Urban ," 1,983 "," 172,697 ", 0 
 MDG , Rural ," 1,983 "," 7,916,915 ", 1 
 MDG , Urban ," 1,983 "," 1,926,129 ", 0 
 MLI , Rural ," 1,983 "," 6,835,391 ", 1 
 MLI , Urban ," 1,983 "," 1,199,009 ", 0 
 MOZ , Rural ," 1,983 "," 10,198,651 ", 1 
 MOZ , Urban ," 1,983 "," 1,875,171 ", 0 
 MRT , Rural ," 1,983 "," 1,051,704 ", 1 
 MRT , Urban ," 1,983 "," 555,042 ", 0 
 MUS , Rural ," 1,983 "," 581,464 ", 1 
 MUS , Urban ," 1,983 "," 415,902 ", 0 
 MWI , Rural ," 1,983 "," 6,365,480 ", 1 
 MWI , Urban ," 1,983 "," 686,230 ", 0 
 NAM , Rural ," 1,983 "," 768,968 ", 1 
 NAM , Urban ," 1,983 "," 268,543 ", 0 
 NER , Rural ," 1,983 "," 5,740,931 ", 1 
 NER , Urban ," 1,983 "," 967,713 ", 0 
 NGA , Rural ," 1,983 "," 56,531,817 ", 1 
 NGA , Urban ," 1,983 "," 23,906,443 ", 0 
 RWA , Rural ," 1,983 "," 5,613,150 ", 1 
 RWA , Urban ," 1,983 "," 292,162 ", 0 
 SDN , Rural ," 1,983 "," 15,152,339 ", 1 
 SDN , Urban ," 1,983 "," 3,957,431 ", 0 
 SEN , Rural ," 1,983 "," 3,982,011 ", 1 
 SEN , Urban ," 1,983 "," 2,342,493 ", 0 
 SLE , Rural ," 1,983 "," 2,387,949 ", 1 
 SLE , Urban ," 1,983 "," 1,093,697 ", 0 
 SOM , Rural ," 1,983 "," 4,494,037 ", 1 
 SOM , Urban ," 1,983 "," 1,704,393 ", 0 
 SSA , Rural ," 1,983 "," 321,399,516 ", 1 
 SSA , Urban ," 1,983 "," 105,499,988 ", 0 
 SSD , Rural ," 1,983 "," 4,264,461 ", 1 
 SSD , Urban ," 1,983 "," 397,113 ", 0 
 STP , Rural ," 1,983 "," 67,516 ", 1 
 STP , Urban ," 1,983 "," 36,864 ", 0 
 SWZ , Rural ," 1,983 "," 517,770 ", 1 
 SWZ , Urban ," 1,983 "," 141,187 ", 0 
 SYC , Rural ," 1,983 "," 34,621 ", 1 
 SYC , Urban ," 1,983 "," 33,739 ", 0 
 TCD , Rural ," 1,983 "," 3,985,545 ", 1 
 TCD , Urban ," 1,983 "," 993,585 ", 0 
 TGO , Rural ," 1,983 "," 2,391,018 ", 1 
 TGO , Urban ," 1,983 "," 831,881 ", 0 
 TZA , Rural ," 1,983 "," 17,672,028 ", 1 
 TZA , Urban ," 1,983 "," 3,407,846 ", 0 
 UGA , Rural ," 1,983 "," 13,165,878 ", 1 
 UGA , Urban ," 1,983 "," 1,056,004 ", 0 
 ZAF , Rural ," 1,983 "," 16,765,995 ", 1 
 ZAF , Urban ," 1,983 "," 15,973,309 ", 0 
 ZMB , Rural ," 1,983 "," 3,839,063 ", 1 
 ZMB , Urban ," 1,983 "," 2,541,975 ", 0 
 ZWE , Rural ," 1,983 "," 6,146,904 ", 1 
 ZWE , Urban ," 1,983 "," 1,951,500 ", 0 
 AFE , Rural ," 1,984 "," 203,205,023 ", 1 
 AFE , Urban ," 1,984 "," 58,256,561 ", 0 
 AFW , Rural ," 1,984 "," 125,394,549 ", 1 
 AFW , Urban ," 1,984 "," 52,486,195 ", 0 
 AGO , Rural ," 1,984 "," 6,643,631 ", 1 
 AGO , Urban ," 1,984 "," 2,782,287 ", 0 
 BDI , Rural ," 1,984 "," 4,676,819 ", 1 
 BDI , Urban ," 1,984 "," 249,646 ", 0 
 BEN , Rural ," 1,984 "," 3,058,550 ", 1 
 BEN , Urban ," 1,984 "," 1,347,344 ", 0 
 BFA , Rural ," 1,984 "," 6,921,452 ", 1 
 BFA , Urban ," 1,984 "," 850,804 ", 0 
 BWA , Rural ," 1,984 "," 838,567 ", 1 
 BWA , Urban ," 1,984 "," 245,093 ", 0 
 CAF , Rural ," 1,984 "," 1,628,311 ", 1 
 CAF , Urban ," 1,984 "," 940,299 ", 0 
 CIV , Rural ," 1,984 "," 5,965,555 ", 1 
 CIV , Urban ," 1,984 "," 3,684,961 ", 0 
 CMR , Rural ," 1,984 "," 6,089,031 ", 1 
 CMR , Urban ," 1,984 "," 3,386,047 ", 0 
 COD , Rural ," 1,984 "," 21,746,213 ", 1 
 COD , Urban ," 1,984 "," 8,498,868 ", 0 
 COG , Rural ," 1,984 "," 966,887 ", 0 
 COG , Urban ," 1,984 "," 1,032,641 ", 1 
 COM , Rural ," 1,984 "," 281,703 ", 1 
 COM , Urban ," 1,984 "," 95,933 ", 0 
 CPV , Rural ," 1,984 "," 238,089 ", 1 
 CPV , Urban ," 1,984 "," 104,416 ", 0 
 ERI , Rural ," 1,984 "," 1,503,081 ", 1 
 ERI , Urban ," 1,984 "," 268,649 ", 0 
 ETH , Rural ," 1,984 "," 34,396,730 ", 1 
 ETH , Urban ," 1,984 "," 4,338,992 ", 0 
 GAB , Rural ," 1,984 "," 323,166 ", 0 
 GAB , Urban ," 1,984 "," 510,335 ", 1 
 GHA , Rural ," 1,984 "," 9,077,228 ", 1 
 GHA , Urban ," 1,984 "," 4,293,362 ", 0 
 GIN , Rural ," 1,984 "," 4,029,690 ", 1 
 GIN , Urban ," 1,984 "," 1,450,406 ", 0 
 GMB , Rural ," 1,984 "," 563,294 ", 1 
 GMB , Urban ," 1,984 "," 262,337 ", 0 
 GNB , Rural ," 1,984 "," 684,932 ", 1 
 GNB , Urban ," 1,984 "," 198,587 ", 0 
 GNQ , Rural ," 1,984 "," 267,766 ", 1 
 GNQ , Urban ," 1,984 "," 97,134 ", 0 
 KEN , Rural ," 1,984 "," 15,360,054 ", 1 
 KEN , Urban ," 1,984 "," 3,154,852 ", 0 
 LBR , Rural ," 1,984 "," 1,323,819 ", 1 
 LBR , Urban ," 1,984 "," 849,493 ", 0 
 LSO , Rural ," 1,984 "," 1,401,127 ", 1 
 LSO , Urban ," 1,984 "," 177,859 ", 0 
 MDG , Rural ," 1,984 "," 8,116,172 ", 1 
 MDG , Urban ," 1,984 "," 2,018,378 ", 0 
 MLI , Rural ," 1,984 "," 6,960,734 ", 1 
 MLI , Urban ," 1,984 "," 1,247,864 ", 0 
 MOZ , Rural ," 1,984 "," 10,280,980 ", 1 
 MOZ , Urban ," 1,984 "," 2,034,974 ", 0 
 MRT , Rural ," 1,984 "," 1,054,246 ", 1 
 MRT , Urban ," 1,984 "," 599,447 ", 0 
 MUS , Rural ," 1,984 "," 588,332 ", 1 
 MUS , Urban ," 1,984 "," 422,906 ", 0 
 MWI , Rural ," 1,984 "," 6,604,496 ", 1 
 MWI , Urban ," 1,984 "," 728,314 ", 0 
 NAM , Rural ," 1,984 "," 789,002 ", 1 
 NAM , Urban ," 1,984 "," 276,987 ", 0 
 NER , Rural ," 1,984 "," 5,898,785 ", 1 
 NER , Urban ," 1,984 "," 1,011,186 ", 0 
 NGA , Rural ," 1,984 "," 57,358,521 ", 1 
 NGA , Urban ," 1,984 "," 25,167,922 ", 0 
 RWA , Rural ," 1,984 "," 5,803,429 ", 1 
 RWA , Urban ," 1,984 "," 304,198 ", 0 
 SDN , Rural ," 1,984 "," 15,354,289 ", 1 
 SDN , Urban ," 1,984 "," 4,192,239 ", 0 
 SEN , Rural ," 1,984 "," 4,070,732 ", 1 
 SEN , Urban ," 1,984 "," 2,428,632 ", 0 
 SLE , Rural ," 1,984 "," 2,428,168 ", 1 
 SLE , Urban ," 1,984 "," 1,130,590 ", 0 
 SOM , Rural ," 1,984 "," 4,646,280 ", 1 
 SOM , Urban ," 1,984 "," 1,782,109 ", 0 
 SSA , Rural ," 1,984 "," 328,599,572 ", 1 
 SSA , Urban ," 1,984 "," 110,742,756 ", 0 
 SSD , Rural ," 1,984 "," 4,335,749 ", 1 
 SSD , Urban ," 1,984 "," 414,877 ", 0 
 STP , Rural ," 1,984 "," 67,740 ", 1 
 STP , Urban ," 1,984 "," 38,654 ", 0 
 SWZ , Rural ," 1,984 "," 530,561 ", 1 
 SWZ , Urban ," 1,984 "," 150,221 ", 0 
 SYC , Rural ," 1,984 "," 35,000 ", 1 
 SYC , Urban ," 1,984 "," 34,083 ", 0 
 TCD , Rural ," 1,984 "," 4,026,031 ", 1 
 TCD , Urban ," 1,984 "," 1,019,113 ", 0 
 TGO , Rural ," 1,984 "," 2,459,561 ", 1 
 TGO , Urban ," 1,984 "," 873,276 ", 0 
 TZA , Rural ," 1,984 "," 18,165,784 ", 1 
 TZA , Urban ," 1,984 "," 3,613,282 ", 0 
 UGA , Rural ," 1,984 "," 13,476,672 ", 1 
 UGA , Urban ," 1,984 "," 1,131,006 ", 0 
 ZAF , Rural ," 1,984 "," 17,293,145 ", 1 
 ZAF , Urban ," 1,984 "," 16,599,643 ", 0 
 ZMB , Rural ," 1,984 "," 3,961,829 ", 1 
 ZMB , Urban ," 1,984 "," 2,618,661 ", 0 
 ZWE , Rural ," 1,984 "," 6,307,637 ", 1 
 ZWE , Urban ," 1,984 "," 2,083,851 ", 0 
 AFE , Rural ," 1,985 "," 208,181,676 ", 1 
 AFE , Urban ," 1,985 "," 61,277,844 ", 0 
 AFW , Rural ," 1,985 "," 127,748,384 ", 1 
 AFW , Urban ," 1,985 "," 55,062,653 ", 0 
 AGO , Rural ," 1,985 "," 6,755,796 ", 1 
 AGO , Urban ," 1,985 "," 3,023,324 ", 0 
 BDI , Rural ," 1,985 "," 4,769,140 ", 1 
 BDI , Urban ," 1,985 "," 264,902 ", 0 
 BEN , Rural ," 1,985 "," 3,114,112 ", 1 
 BEN , Urban ," 1,985 "," 1,423,900 ", 0 
 BFA , Rural ," 1,985 "," 7,083,290 ", 1 
 BFA , Urban ," 1,985 "," 916,644 ", 0 
 BWA , Rural ," 1,985 "," 828,403 ", 1 
 BWA , Urban ," 1,985 "," 293,542 ", 0 
 CAF , Rural ," 1,985 "," 1,645,552 ", 1 
 CAF , Urban ," 1,985 "," 955,380 ", 0 
 CIV , Rural ," 1,985 "," 6,185,375 ", 1 
 CIV , Urban ," 1,985 "," 3,855,107 ", 0 
 CMR , Rural ," 1,985 "," 6,197,786 ", 1 
 CMR , Urban ," 1,985 "," 3,563,944 ", 0 
 COD , Rural ," 1,985 "," 22,378,028 ", 1 
 COD , Urban ," 1,985 "," 8,886,788 ", 0 
 COG , Rural ," 1,985 "," 982,037 ", 0 
 COG , Urban ," 1,985 "," 1,077,274 ", 1 
 COM , Rural ," 1,985 "," 287,265 ", 1 
 COM , Urban ," 1,985 "," 101,087 ", 0 
 CPV , Rural ," 1,985 "," 232,635 ", 1 
 CPV , Urban ," 1,985 "," 114,730 ", 0 
 ERI , Rural ," 1,985 "," 1,528,709 ", 1 
 ERI , Urban ," 1,985 "," 279,107 ", 0 
 ETH , Rural ," 1,985 "," 35,288,275 ", 1 
 ETH , Urban ," 1,985 "," 4,553,861 ", 0 
 GAB , Rural ," 1,985 "," 321,549 ", 0 
 GAB , Urban ," 1,985 "," 535,177 ", 1 
 GHA , Rural ," 1,985 "," 9,218,269 ", 1 
 GHA , Urban ," 1,985 "," 4,442,961 ", 0 
 GIN , Rural ," 1,985 "," 4,106,939 ", 1 
 GIN , Urban ," 1,985 "," 1,503,434 ", 0 
 GMB , Rural ," 1,985 "," 580,135 ", 1 
 GMB , Urban ," 1,985 "," 278,739 ", 0 
 GNB , Rural ," 1,985 "," 680,667 ", 1 
 GNB , Urban ," 1,985 "," 217,031 ", 0 
 GNQ , Rural ," 1,985 "," 279,826 ", 1 
 GNQ , Urban ," 1,985 "," 105,721 ", 0 
 KEN , Rural ," 1,985 "," 15,881,620 ", 1 
 KEN , Urban ," 1,985 "," 3,320,148 ", 0 
 LBR , Rural ," 1,985 "," 1,355,376 ", 1 
 LBR , Urban ," 1,985 "," 885,163 ", 0 
 LSO , Rural ," 1,985 "," 1,441,198 ", 1 
 LSO , Urban ," 1,985 "," 183,181 ", 0 
 MDG , Rural ," 1,985 "," 8,319,656 ", 1 
 MDG , Urban ," 1,985 "," 2,113,486 ", 0 
 MLI , Rural ," 1,985 "," 7,078,938 ", 1 
 MLI , Urban ," 1,985 "," 1,295,725 ", 0 
 MOZ , Rural ," 1,985 "," 10,342,821 ", 1 
 MOZ , Urban ," 1,985 "," 2,206,127 ", 0 
 MRT , Rural ," 1,985 "," 1,060,621 ", 1 
 MRT , Urban ," 1,985 "," 641,486 ", 0 
 MUS , Rural ," 1,985 "," 593,159 ", 1 
 MUS , Urban ," 1,985 "," 431,904 ", 0 
 MWI , Rural ," 1,985 "," 6,847,529 ", 1 
 MWI , Urban ," 1,985 "," 772,979 ", 0 
 NAM , Rural ," 1,985 "," 810,650 ", 1 
 NAM , Urban ," 1,985 "," 286,240 ", 0 
 NER , Rural ," 1,985 "," 6,063,260 ", 1 
 NER , Urban ," 1,985 "," 1,055,197 ", 0 
 NGA , Rural ," 1,985 "," 58,345,228 ", 1 
 NGA , Urban ," 1,985 "," 26,552,745 ", 0 
 RWA , Rural ," 1,985 "," 6,000,517 ", 1 
 RWA , Urban ," 1,985 "," 316,711 ", 0 
 SDN , Rural ," 1,985 "," 15,412,438 ", 1 
 SDN , Urban ," 1,985 "," 4,493,434 ", 0 
 SEN , Rural ," 1,985 "," 4,165,068 ", 1 
 SEN , Urban ," 1,985 "," 2,518,218 ", 0 
 SLE , Rural ," 1,985 "," 2,470,444 ", 1 
 SLE , Urban ," 1,985 "," 1,167,994 ", 0 
 SOM , Rural ," 1,985 "," 4,821,770 ", 1 
 SOM , Urban ," 1,985 "," 1,871,520 ", 0 
 SSA , Rural ," 1,985 "," 335,930,060 ", 1 
 SSA , Urban ," 1,985 "," 116,340,497 ", 0 
 SSD , Rural ," 1,985 "," 4,391,778 ", 1 
 SSD , Urban ," 1,985 "," 442,518 ", 0 
 STP , Rural ," 1,985 "," 67,939 ", 1 
 STP , Urban ," 1,985 "," 40,719 ", 0 
 SWZ , Rural ," 1,985 "," 547,169 ", 1 
 SWZ , Urban ," 1,985 "," 159,027 ", 0 
 SYC , Rural ," 1,985 "," 35,391 ", 1 
 SYC , Urban ," 1,985 "," 34,432 ", 0 
 TCD , Rural ," 1,985 "," 4,055,500 ", 1 
 TCD , Urban ," 1,985 "," 1,040,768 ", 0 
 TGO , Rural ," 1,985 "," 2,525,777 ", 1 
 TGO , Urban ," 1,985 "," 915,315 ", 0 
 TZA , Rural ," 1,985 "," 18,676,238 ", 1 
 TZA , Urban ," 1,985 "," 3,825,455 ", 0 
 UGA , Rural ," 1,985 "," 13,808,894 ", 1 
 UGA , Urban ," 1,985 "," 1,214,786 ", 0 
 ZAF , Rural ," 1,985 "," 17,801,383 ", 1 
 ZAF , Urban ," 1,985 "," 17,240,710 ", 0 
 ZMB , Rural ," 1,985 "," 4,086,069 ", 1 
 ZMB , Urban ," 1,985 "," 2,694,884 ", 0 
 ZWE , Rural ," 1,985 "," 6,459,841 ", 1 
 ZWE , Urban ," 1,985 "," 2,226,972 ", 0 
 AFE , Rural ," 1,986 "," 213,113,072 ", 1 
 AFE , Urban ," 1,986 "," 64,523,596 ", 0 
 AFW , Rural ," 1,986 "," 130,234,642 ", 1 
 AFW , Urban ," 1,986 "," 57,654,499 ", 0 
 AGO , Rural ," 1,986 "," 6,862,196 ", 1 
 AGO , Urban ," 1,986 "," 3,277,254 ", 0 
 BDI , Rural ," 1,986 "," 4,849,326 ", 1 
 BDI , Urban ," 1,986 "," 280,088 ", 0 
 BEN , Rural ," 1,986 "," 3,172,344 ", 1 
 BEN , Urban ," 1,986 "," 1,503,076 ", 0 
 BFA , Rural ," 1,986 "," 7,250,494 ", 1 
 BFA , Urban ," 1,986 "," 978,353 ", 0 
 BWA , Rural ," 1,986 "," 812,612 ", 1 
 BWA , Urban ," 1,986 "," 348,038 ", 0 
 CAF , Rural ," 1,986 "," 1,663,691 ", 1 
 CAF , Urban ," 1,986 "," 970,567 ", 0 
 CIV , Rural ," 1,986 "," 6,409,314 ", 1 
 CIV , Urban ," 1,986 "," 4,031,603 ", 0 
 CMR , Rural ," 1,986 "," 6,312,176 ", 1 
 CMR , Urban ," 1,986 "," 3,748,166 ", 0 
 COD , Rural ," 1,986 "," 22,984,278 ", 1 
 COD , Urban ," 1,986 "," 9,280,918 ", 0 
 COG , Rural ," 1,986 "," 999,625 ", 0 
 COG , Urban ," 1,986 "," 1,120,977 ", 1 
 COM , Rural ," 1,986 "," 292,955 ", 1 
 COM , Urban ," 1,986 "," 106,363 ", 0 
 CPV , Rural ," 1,986 "," 226,775 ", 1 
 CPV , Urban ," 1,986 "," 125,537 ", 0 
 ERI , Rural ," 1,986 "," 1,554,247 ", 1 
 ERI , Urban ," 1,986 "," 290,917 ", 0 
 ETH , Rural ," 1,986 "," 36,244,895 ", 1 
 ETH , Urban ," 1,986 "," 4,792,761 ", 0 
 GAB , Rural ," 1,986 "," 319,626 ", 0 
 GAB , Urban ," 1,986 "," 561,079 ", 1 
 GHA , Rural ," 1,986 "," 9,352,886 ", 1 
 GHA , Urban ," 1,986 "," 4,612,330 ", 0 
 GIN , Rural ," 1,986 "," 4,191,746 ", 1 
 GIN , Urban ," 1,986 "," 1,558,922 ", 0 
 GMB , Rural ," 1,986 "," 598,542 ", 1 
 GMB , Urban ," 1,986 "," 295,478 ", 0 
 GNB , Rural ," 1,986 "," 675,826 ", 1 
 GNB , Urban ," 1,986 "," 236,300 ", 0 
 GNQ , Rural ," 1,986 "," 288,927 ", 1 
 GNQ , Urban ," 1,986 "," 115,801 ", 0 
 KEN , Rural ," 1,986 "," 16,414,831 ", 1 
 KEN , Urban ," 1,986 "," 3,486,815 ", 0 
 LBR , Rural ," 1,986 "," 1,460,336 ", 1 
 LBR , Urban ," 1,986 "," 848,175 ", 0 
 LSO , Rural ," 1,986 "," 1,477,822 ", 1 
 LSO , Urban ," 1,986 "," 188,316 ", 0 
 MDG , Rural ," 1,986 "," 8,525,725 ", 1 
 MDG , Urban ," 1,986 "," 2,211,132 ", 0 
 MLI , Rural ," 1,986 "," 7,189,107 ", 1 
 MLI , Urban ," 1,986 "," 1,342,170 ", 0 
 MOZ , Rural ," 1,986 "," 10,384,577 ", 1 
 MOZ , Urban ," 1,986 "," 2,386,001 ", 0 
 MRT , Rural ," 1,986 "," 1,072,504 ", 1 
 MRT , Urban ," 1,986 "," 679,331 ", 0 
 MUS , Rural ," 1,986 "," 596,382 ", 1 
 MUS , Urban ," 1,986 "," 441,962 ", 0 
 MWI , Rural ," 1,986 "," 7,086,538 ", 1 
 MWI , Urban ," 1,986 "," 819,942 ", 0 
 NAM , Rural ," 1,986 "," 834,516 ", 1 
 NAM , Urban ," 1,986 "," 296,565 ", 0 
 NER , Rural ," 1,986 "," 6,235,952 ", 1 
 NER , Urban ," 1,986 "," 1,099,859 ", 0 
 NGA , Rural ," 1,986 "," 59,270,473 ", 1 
 NGA , Urban ," 1,986 "," 27,965,480 ", 0 
 RWA , Rural ," 1,986 "," 6,202,095 ", 1 
 RWA , Urban ," 1,986 "," 329,786 ", 0 
 SDN , Rural ," 1,986 "," 15,427,844 ", 1 
 SDN , Urban ," 1,986 "," 4,860,394 ", 0 
 SEN , Rural ," 1,986 "," 4,266,301 ", 1 
 SEN , Urban ," 1,986 "," 2,611,891 ", 0 
 SLE , Rural ," 1,986 "," 2,519,917 ", 1 
 SLE , Urban ," 1,986 "," 1,208,463 ", 0 
 SOM , Rural ," 1,986 "," 5,006,605 ", 1 
 SOM , Urban ," 1,986 "," 1,968,183 ", 0 
 SSA , Rural ," 1,986 "," 343,347,714 ", 1 
 SSA , Urban ," 1,986 "," 122,178,095 ", 0 
 SSD , Rural ," 1,986 "," 4,442,518 ", 1 
 SSD , Urban ," 1,986 "," 478,722 ", 0 
 STP , Rural ," 1,986 "," 68,128 ", 1 
 STP , Urban ," 1,986 "," 43,022 ", 0 
 SWZ , Rural ," 1,986 "," 567,656 ", 1 
 SWZ , Urban ," 1,986 "," 167,076 ", 0 
 SYC , Rural ," 1,986 "," 35,784 ", 1 
 SYC , Urban ," 1,986 "," 34,780 ", 0 
 TCD , Rural ," 1,986 "," 4,168,192 ", 1 
 TCD , Urban ," 1,986 "," 1,082,877 ", 0 
 TGO , Rural ," 1,986 "," 2,589,887 ", 1 
 TGO , Urban ," 1,986 "," 958,065 ", 0 
 TZA , Rural ," 1,986 "," 19,211,707 ", 1 
 TZA , Urban ," 1,986 "," 4,047,252 ", 0 
 UGA , Rural ," 1,986 "," 14,161,690 ", 1 
 UGA , Urban ," 1,986 "," 1,305,889 ", 0 
 ZAF , Rural ," 1,986 "," 18,249,629 ", 1 
 ZAF , Urban ," 1,986 "," 17,930,886 ", 0 
 ZMB , Rural ," 1,986 "," 4,214,213 ", 1 
 ZMB , Urban ," 1,986 "," 2,772,259 ", 0 
 ZWE , Rural ," 1,986 "," 6,604,301 ", 1 
 ZWE , Urban ," 1,986 "," 2,378,277 ", 0 
 AFE , Rural ," 1,987 "," 218,094,545 ", 1 
 AFE , Urban ," 1,987 "," 67,990,670 ", 0 
 AFW , Rural ," 1,987 "," 132,608,012 ", 1 
 AFW , Urban ," 1,987 "," 60,496,335 ", 0 
 AGO , Rural ," 1,987 "," 6,957,174 ", 1 
 AGO , Urban ," 1,987 "," 3,540,684 ", 0 
 BDI , Rural ," 1,987 "," 4,950,708 ", 1 
 BDI , Urban ," 1,987 "," 297,078 ", 0 
 BEN , Rural ," 1,987 "," 3,233,864 ", 1 
 BEN , Urban ," 1,987 "," 1,584,622 ", 0 
 BFA , Rural ," 1,987 "," 7,419,795 ", 1 
 BFA , Urban ," 1,987 "," 1,037,314 ", 0 
 BWA , Rural ," 1,987 "," 793,060 ", 1 
 BWA , Urban ," 1,987 "," 406,107 ", 0 
 CAF , Rural ," 1,987 "," 1,683,030 ", 1 
 CAF , Urban ," 1,987 "," 986,125 ", 0 
 CIV , Rural ," 1,987 "," 6,635,782 ", 1 
 CIV , Urban ," 1,987 "," 4,215,692 ", 0 
 CMR , Rural ," 1,987 "," 6,431,759 ", 1 
 CMR , Urban ," 1,987 "," 3,938,991 ", 0 
 COD , Rural ," 1,987 "," 23,602,203 ", 1 
 COD , Urban ," 1,987 "," 9,696,701 ", 0 
 COG , Rural ," 1,987 "," 1,018,534 ", 0 
 COG , Urban ," 1,987 "," 1,164,939 ", 1 
 COM , Rural ," 1,987 "," 298,811 ", 1 
 COM , Urban ," 1,987 "," 111,628 ", 0 
 CPV , Rural ," 1,987 "," 220,918 ", 1 
 CPV , Urban ," 1,987 "," 136,384 ", 0 
 ERI , Rural ," 1,987 "," 1,582,733 ", 1 
 ERI , Urban ," 1,987 "," 305,936 ", 0 
 ETH , Rural ," 1,987 "," 37,389,173 ", 1 
 ETH , Urban ," 1,987 "," 5,070,867 ", 0 
 GAB , Rural ," 1,987 "," 316,918 ", 0 
 GAB , Urban ," 1,987 "," 588,561 ", 1 
 GHA , Rural ," 1,987 "," 9,486,293 ", 1 
 GHA , Urban ," 1,987 "," 4,802,815 ", 0 
 GIN , Rural ," 1,987 "," 4,283,364 ", 1 
 GIN , Urban ," 1,987 "," 1,616,834 ", 0 
 GMB , Rural ," 1,987 "," 618,317 ", 1 
 GMB , Urban ," 1,987 "," 312,773 ", 0 
 GNB , Rural ," 1,987 "," 671,021 ", 1 
 GNB , Urban ," 1,987 "," 255,841 ", 0 
 GNQ , Rural ," 1,987 "," 295,424 ", 1 
 GNQ , Urban ," 1,987 "," 127,098 ", 0 
 KEN , Rural ," 1,987 "," 16,961,545 ", 1 
 KEN , Urban ," 1,987 "," 3,654,551 ", 0 
 LBR , Rural ," 1,987 "," 1,408,551 ", 1 
 LBR , Urban ," 1,987 "," 968,679 ", 0 
 LSO , Rural ," 1,987 "," 1,508,138 ", 1 
 LSO , Urban ," 1,987 "," 195,252 ", 0 
 MDG , Rural ," 1,987 "," 8,735,574 ", 1 
 MDG , Urban ," 1,987 "," 2,311,718 ", 0 
 MLI , Rural ," 1,987 "," 7,293,824 ", 1 
 MLI , Urban ," 1,987 "," 1,387,340 ", 0 
 MOZ , Rural ," 1,987 "," 10,281,822 ", 1 
 MOZ , Urban ," 1,987 "," 2,540,752 ", 0 
 MRT , Rural ," 1,987 "," 1,091,945 ", 1 
 MRT , Urban ," 1,987 "," 711,069 ", 0 
 MUS , Rural ," 1,987 "," 598,789 ", 1 
 MUS , Urban ," 1,987 "," 452,322 ", 0 
 MWI , Rural ," 1,987 "," 7,412,551 ", 1 
 MWI , Urban ," 1,987 "," 880,623 ", 0 
 NAM , Rural ," 1,987 "," 860,065 ", 1 
 NAM , Urban ," 1,987 "," 307,824 ", 0 
 NER , Rural ," 1,987 "," 6,416,263 ", 1 
 NER , Urban ," 1,987 "," 1,144,887 ", 0 
 NGA , Rural ," 1,987 "," 60,170,058 ", 1 
 NGA , Urban ," 1,987 "," 29,421,658 ", 0 
 RWA , Rural ," 1,987 "," 6,405,958 ", 1 
 RWA , Urban ," 1,987 "," 343,534 ", 0 
 SDN , Rural ," 1,987 "," 15,426,870 ", 1 
 SDN , Urban ," 1,987 "," 5,278,034 ", 0 
 SEN , Rural ," 1,987 "," 4,372,947 ", 1 
 SEN , Urban ," 1,987 "," 2,708,583 ", 0 
 SLE , Rural ," 1,987 "," 2,577,373 ", 1 
 SLE , Urban ," 1,987 "," 1,252,345 ", 0 
 SOM , Rural ," 1,987 "," 5,168,236 ", 1 
 SOM , Urban ," 1,987 "," 2,060,066 ", 0 
 SSA , Rural ," 1,987 "," 350,702,558 ", 1 
 SSA , Urban ," 1,987 "," 128,487,004 ", 0 
 SSD , Rural ," 1,987 "," 4,445,872 ", 1 
 SSD , Urban ," 1,987 "," 516,523 ", 0 
 STP , Rural ," 1,987 "," 68,366 ", 1 
 STP , Urban ," 1,987 "," 45,554 ", 0 
 SWZ , Rural ," 1,987 "," 589,652 ", 1 
 SWZ , Urban ," 1,987 "," 174,159 ", 0 
 SYC , Rural ," 1,987 "," 36,197 ", 1 
 SYC , Urban ," 1,987 "," 35,141 ", 0 
 TCD , Rural ," 1,987 "," 4,307,159 ", 1 
 TCD , Urban ," 1,987 "," 1,131,150 ", 0 
 TGO , Rural ," 1,987 "," 2,654,873 ", 1 
 TGO , Urban ," 1,987 "," 1,002,635 ", 0 
 TZA , Rural ," 1,987 "," 19,754,174 ", 1 
 TZA , Urban ," 1,987 "," 4,276,204 ", 0 
 UGA , Rural ," 1,987 "," 14,550,024 ", 1 
 UGA , Urban ," 1,987 "," 1,404,146 ", 0 
 ZAF , Rural ," 1,987 "," 18,626,288 ", 0 
 ZAF , Urban ," 1,987 "," 18,699,902 ", 1 
 ZMB , Rural ," 1,987 "," 4,342,768 ", 1 
 ZMB , Urban ," 1,987 "," 2,848,514 ", 0 
 ZWE , Rural ," 1,987 "," 6,747,795 ", 1 
 ZWE , Urban ," 1,987 "," 2,536,849 ", 0 
 AFE , Rural ," 1,988 "," 222,963,116 ", 1 
 AFE , Urban ," 1,988 "," 71,559,316 ", 0 
 AFW , Rural ," 1,988 "," 135,120,930 ", 1 
 AFW , Urban ," 1,988 "," 63,364,097 ", 0 
 AGO , Rural ," 1,988 "," 7,046,058 ", 1 
 AGO , Urban ," 1,988 "," 3,815,233 ", 0 
 BDI , Rural ," 1,988 "," 5,050,760 ", 1 
 BDI , Urban ," 1,988 "," 314,566 ", 0 
 BEN , Rural ," 1,988 "," 3,299,181 ", 1 
 BEN , Urban ," 1,988 "," 1,668,159 ", 0 
 BFA , Rural ," 1,988 "," 7,592,054 ", 1 
 BFA , Urban ," 1,988 "," 1,095,382 ", 0 
 BWA , Rural ," 1,988 "," 771,160 ", 1 
 BWA , Urban ," 1,988 "," 464,316 ", 0 
 CAF , Rural ," 1,988 "," 1,708,762 ", 1 
 CAF , Urban ," 1,988 "," 1,005,203 ", 0 
 CIV , Rural ," 1,988 "," 6,865,270 ", 1 
 CIV , Urban ," 1,988 "," 4,409,918 ", 0 
 CMR , Rural ," 1,988 "," 6,550,589 ", 1 
 CMR , Urban ," 1,988 "," 4,134,379 ", 0 
 COD , Rural ," 1,988 "," 24,243,012 ", 1 
 COD , Urban ," 1,988 "," 10,139,740 ", 0 
 COG , Rural ," 1,988 "," 1,038,501 ", 0 
 COG , Urban ," 1,988 "," 1,209,152 ", 1 
 COM , Rural ," 1,988 "," 304,936 ", 1 
 COM , Urban ," 1,988 "," 116,751 ", 0 
 CPV , Rural ," 1,988 "," 215,526 ", 1 
 CPV , Urban ," 1,988 "," 146,803 ", 0 
 ERI , Rural ," 1,988 "," 1,614,909 ", 1 
 ERI , Urban ," 1,988 "," 323,345 ", 0 
 ETH , Rural ," 1,988 "," 38,757,680 ", 1 
 ETH , Urban ," 1,988 "," 5,393,146 ", 0 
 GAB , Rural ," 1,988 "," 312,964 ", 0 
 GAB , Urban ," 1,988 "," 618,056 ", 1 
 GHA , Rural ," 1,988 "," 9,621,229 ", 1 
 GHA , Urban ," 1,988 "," 5,015,339 ", 0 
 GIN , Rural ," 1,988 "," 4,379,887 ", 1 
 GIN , Urban ," 1,988 "," 1,676,687 ", 0 
 GMB , Rural ," 1,988 "," 639,259 ", 1 
 GMB , Urban ," 1,988 "," 330,901 ", 0 
 GNB , Rural ," 1,988 "," 666,963 ", 1 
 GNB , Urban ," 1,988 "," 275,098 ", 0 
 GNQ , Rural ," 1,988 "," 300,210 ", 1 
 GNQ , Urban ," 1,988 "," 139,441 ", 0 
 KEN , Rural ," 1,988 "," 17,531,493 ", 1 
 KEN , Urban ," 1,988 "," 3,824,726 ", 0 
 LBR , Rural ," 1,988 "," 1,435,832 ", 1 
 LBR , Urban ," 1,988 "," 1,011,109 ", 0 
 LSO , Rural ," 1,988 "," 1,534,510 ", 1 
 LSO , Urban ," 1,988 "," 205,331 ", 0 
 MDG , Rural ," 1,988 "," 8,953,061 ", 1 
 MDG , Urban ," 1,988 "," 2,416,401 ", 0 
 MLI , Rural ," 1,988 "," 7,401,715 ", 1 
 MLI , Urban ," 1,988 "," 1,432,281 ", 0 
 MOZ , Rural ," 1,988 "," 10,118,220 ", 1 
 MOZ , Urban ," 1,988 "," 2,682,338 ", 0 
 MRT , Rural ," 1,988 "," 1,120,980 ", 1 
 MRT , Urban ," 1,988 "," 734,879 ", 0 
 MUS , Rural ," 1,988 "," 601,323 ", 1 
 MUS , Urban ," 1,988 "," 462,270 ", 0 
 MWI , Rural ," 1,988 "," 7,798,684 ", 1 
 MWI , Urban ," 1,988 "," 954,578 ", 0 
 NAM , Rural ," 1,988 "," 889,002 ", 1 
 NAM , Urban ," 1,988 "," 320,694 ", 0 
 NER , Rural ," 1,988 "," 6,603,797 ", 1 
 NER , Urban ," 1,988 "," 1,189,951 ", 0 
 NGA , Rural ," 1,988 "," 61,080,567 ", 1 
 NGA , Urban ," 1,988 "," 30,939,523 ", 0 
 RWA , Rural ," 1,988 "," 6,609,972 ", 1 
 RWA , Urban ," 1,988 "," 358,099 ", 0 
 SDN , Rural ," 1,988 "," 15,415,677 ", 1 
 SDN , Urban ," 1,988 "," 5,722,754 ", 0 
 SEN , Rural ," 1,988 "," 4,482,885 ", 1 
 SEN , Urban ," 1,988 "," 2,806,733 ", 0 
 SLE , Rural ," 1,988 "," 2,637,335 ", 1 
 SLE , Urban ," 1,988 "," 1,297,183 ", 0 
 SOM , Rural ," 1,988 "," 5,151,797 ", 1 
 SOM , Urban ," 1,988 "," 2,083,563 ", 0 
 SSA , Rural ," 1,988 "," 358,084,046 ", 1 
 SSA , Urban ," 1,988 "," 134,923,413 ", 0 
 SSD , Rural ," 1,988 "," 4,307,442 ", 1 
 SSD , Urban ," 1,988 "," 540,586 ", 0 
 STP , Rural ," 1,988 "," 68,667 ", 1 
 STP , Urban ," 1,988 "," 48,272 ", 0 
 SWZ , Rural ," 1,988 "," 617,038 ", 1 
 SWZ , Urban ," 1,988 "," 182,760 ", 0 
 SYC , Rural ," 1,988 "," 36,682 ", 1 
 SYC , Urban ," 1,988 "," 35,528 ", 0 
 TCD , Rural ," 1,988 "," 4,446,743 ", 1 
 TCD , Urban ," 1,988 "," 1,178,859 ", 0 
 TGO , Rural ," 1,988 "," 2,720,683 ", 1 
 TGO , Urban ," 1,988 "," 1,049,059 ", 0 
 TZA , Rural ," 1,988 "," 20,264,537 ", 1 
 TZA , Urban ," 1,988 "," 4,505,149 ", 0 
 UGA , Rural ," 1,988 "," 14,963,651 ", 1 
 UGA , Urban ," 1,988 "," 1,506,832 ", 0 
 ZAF , Rural ," 1,988 "," 18,957,588 ", 0 
 ZAF , Urban ," 1,988 "," 19,523,061 ", 1 
 ZMB , Rural ," 1,988 "," 4,469,322 ", 1 
 ZMB , Urban ," 1,988 "," 2,922,118 ", 0 
 ZWE , Rural ," 1,988 "," 6,885,932 ", 1 
 ZWE , Urban ," 1,988 "," 2,697,162 ", 0 
 AFE , Rural ," 1,989 "," 227,770,996 ", 1 
 AFE , Urban ," 1,989 "," 75,196,799 ", 0 
 AFW , Rural ," 1,989 "," 137,713,854 ", 1 
 AFW , Urban ," 1,989 "," 66,348,421 ", 0 
 AGO , Rural ," 1,989 "," 7,135,071 ", 1 
 AGO , Urban ," 1,989 "," 4,103,491 ", 0 
 BDI , Rural ," 1,989 "," 5,139,838 ", 1 
 BDI , Urban ," 1,989 "," 331,868 ", 0 
 BEN , Rural ," 1,989 "," 3,368,560 ", 1 
 BEN , Urban ," 1,989 "," 1,753,097 ", 0 
 BFA , Rural ," 1,989 "," 7,767,791 ", 1 
 BFA , Urban ," 1,989 "," 1,153,384 ", 0 
 BWA , Rural ," 1,989 "," 750,540 ", 1 
 BWA , Urban ," 1,989 "," 519,734 ", 0 
 CAF , Rural ," 1,989 "," 1,750,438 ", 1 
 CAF , Urban ," 1,989 "," 1,033,532 ", 0 
 CIV , Rural ," 1,989 "," 7,103,052 ", 1 
 CIV , Urban ," 1,989 "," 4,616,718 ", 0 
 CMR , Rural ," 1,989 "," 6,668,085 ", 1 
 CMR , Urban ," 1,989 "," 4,334,660 ", 0 
 COD , Rural ," 1,989 "," 24,884,909 ", 1 
 COD , Urban ," 1,989 "," 10,601,957 ", 0 
 COG , Rural ," 1,989 "," 1,059,560 ", 0 
 COG , Urban ," 1,989 "," 1,253,998 ", 1 
 COM , Rural ," 1,989 "," 311,492 ", 1 
 COM , Urban ," 1,989 "," 121,611 ", 0 
 CPV , Rural ," 1,989 "," 211,326 ", 1 
 CPV , Urban ," 1,989 "," 156,478 ", 0 
 ERI , Rural ," 1,989 "," 1,635,824 ", 1 
 ERI , Urban ," 1,989 "," 351,193 ", 0 
 ETH , Rural ," 1,989 "," 40,148,857 ", 1 
 ETH , Urban ," 1,989 "," 5,730,833 ", 0 
 GAB , Rural ," 1,989 "," 307,908 ", 0 
 GAB , Urban ," 1,989 "," 649,230 ", 1 
 GHA , Rural ," 1,989 "," 9,757,486 ", 1 
 GHA , Urban ," 1,989 "," 5,249,326 ", 0 
 GIN , Rural ," 1,989 "," 4,478,276 ", 1 
 GIN , Urban ," 1,989 "," 1,737,536 ", 0 
 GMB , Rural ," 1,989 "," 661,160 ", 1 
 GMB , Urban ," 1,989 "," 350,198 ", 0 
 GNB , Rural ," 1,989 "," 664,332 ", 1 
 GNB , Urban ," 1,989 "," 293,458 ", 0 
 GNQ , Rural ," 1,989 "," 304,202 ", 1 
 GNQ , Urban ," 1,989 "," 152,606 ", 0 
 KEN , Rural ," 1,989 "," 18,122,323 ", 1 
 KEN , Urban ," 1,989 "," 3,996,111 ", 0 
 LBR , Rural ," 1,989 "," 1,463,732 ", 1 
 LBR , Urban ," 1,989 "," 1,054,126 ", 0 
 LSO , Rural ," 1,989 "," 1,557,315 ", 1 
 LSO , Urban ," 1,989 "," 218,121 ", 0 
 MDG , Rural ," 1,989 "," 9,179,322 ", 1 
 MDG , Urban ," 1,989 "," 2,525,676 ", 0 
 MLI , Rural ," 1,989 "," 7,521,398 ", 1 
 MLI , Urban ," 1,989 "," 1,478,540 ", 0 
 MOZ , Rural ," 1,989 "," 10,056,301 ", 1 
 MOZ , Urban ," 1,989 "," 2,850,541 ", 0 
 MRT , Rural ," 1,989 "," 1,150,239 ", 1 
 MRT , Urban ," 1,989 "," 752,809 ", 0 
 MUS , Rural ," 1,989 "," 604,940 ", 1 
 MUS , Urban ," 1,989 "," 471,042 ", 0 
 MWI , Rural ," 1,989 "," 8,144,349 ", 1 
 MWI , Urban ," 1,989 "," 1,031,871 ", 0 
 NAM , Rural ," 1,989 "," 945,060 ", 1 
 NAM , Urban ," 1,989 "," 343,888 ", 0 
 NER , Rural ," 1,989 "," 6,800,039 ", 1 
 NER , Urban ," 1,989 "," 1,234,741 ", 0 
 NGA , Rural ," 1,989 "," 62,007,497 ", 1 
 NGA , Urban ," 1,989 "," 32,523,517 ", 0 
 RWA , Rural ," 1,989 "," 6,811,110 ", 1 
 RWA , Urban ," 1,989 "," 373,596 ", 0 
 SDN , Rural ," 1,989 "," 15,407,971 ", 1 
 SDN , Urban ," 1,989 "," 6,170,051 ", 0 
 SEN , Rural ," 1,989 "," 4,596,188 ", 1 
 SEN , Urban ," 1,989 "," 2,906,018 ", 0 
 SLE , Rural ," 1,989 "," 2,693,901 ", 1 
 SLE , Urban ," 1,989 "," 1,340,136 ", 0 
 SOM , Rural ," 1,989 "," 5,044,544 ", 1 
 SOM , Urban ," 1,989 "," 2,070,273 ", 0 
 SSA , Rural ," 1,989 "," 365,484,850 ", 1 
 SSA , Urban ," 1,989 "," 141,545,220 ", 0 
 SSD , Rural ," 1,989 "," 4,152,020 ", 1 
 SSD , Urban ," 1,989 "," 561,208 ", 0 
 STP , Rural ," 1,989 "," 68,939 ", 1 
 STP , Urban ," 1,989 "," 51,040 ", 0 
 SWZ , Rural ," 1,989 "," 645,983 ", 1 
 SWZ , Urban ," 1,989 "," 191,817 ", 0 
 SYC , Rural ," 1,989 "," 37,229 ", 1 
 SYC , Urban ," 1,989 "," 35,889 ", 0 
 TCD , Rural ," 1,989 "," 4,592,294 ", 1 
 TCD , Urban ," 1,989 "," 1,227,292 ", 0 
 TGO , Rural ," 1,989 "," 2,786,390 ", 1 
 TGO , Urban ," 1,989 "," 1,097,021 ", 0 
 TZA , Rural ," 1,989 "," 20,714,608 ", 1 
 TZA , Urban ," 1,989 "," 4,724,151 ", 0 
 UGA , Rural ," 1,989 "," 15,399,245 ", 1 
 UGA , Urban ," 1,989 "," 1,611,453 ", 0 
 ZAF , Rural ," 1,989 "," 19,265,277 ", 0 
 ZAF , Urban ," 1,989 "," 20,363,299 ", 1 
 ZMB , Rural ," 1,989 "," 4,595,201 ", 1 
 ZMB , Urban ," 1,989 "," 2,994,015 ", 0 
 ZWE , Rural ," 1,989 "," 7,012,728 ", 1 
 ZWE , Urban ," 1,989 "," 2,852,070 ", 0 
 AFE , Rural ," 1,990 "," 232,889,148 ", 1 
 AFE , Urban ," 1,990 "," 78,894,258 ", 0 
 AFW , Rural ," 1,990 "," 140,214,212 ", 1 
 AFW , Urban ," 1,990 "," 69,351,821 ", 0 
 AGO , Rural ," 1,990 "," 7,222,527 ", 1 
 AGO , Urban ," 1,990 "," 4,403,833 ", 0 
 BDI , Rural ," 1,990 "," 5,236,918 ", 1 
 BDI , Urban ," 1,990 "," 350,134 ", 0 
 BEN , Rural ," 1,990 "," 3,442,581 ", 1 
 BEN , Urban ," 1,990 "," 1,838,898 ", 0 
 BFA , Rural ," 1,990 "," 7,947,151 ", 1 
 BFA , Urban ," 1,990 "," 1,212,205 ", 0 
 BWA , Rural ," 1,990 "," 735,818 ", 1 
 BWA , Urban ," 1,990 "," 569,878 ", 0 
 CAF , Rural ," 1,990 "," 1,803,536 ", 1 
 CAF , Urban ," 1,990 "," 1,068,374 ", 0 
 CIV , Rural ," 1,990 "," 7,352,320 ", 1 
 CIV , Urban ," 1,990 "," 4,837,458 ", 0 
 CMR , Rural ," 1,990 "," 6,789,037 ", 1 
 CMR , Urban ," 1,990 "," 4,542,784 ", 0 
 COD , Rural ," 1,990 "," 25,578,156 ", 1 
 COD , Urban ," 1,990 "," 11,105,907 ", 0 
 COG , Rural ," 1,990 "," 1,081,240 ", 0 
 COG , Urban ," 1,990 "," 1,299,320 ", 1 
 COM , Rural ," 1,990 "," 318,561 ", 1 
 COM , Urban ," 1,990 "," 126,035 ", 0 
 CPV , Rural ," 1,990 "," 209,759 ", 1 
 CPV , Urban ," 1,990 "," 165,669 ", 0 
 ERI , Rural ," 1,990 "," 1,655,288 ", 1 
 ERI , Urban ," 1,990 "," 377,449 ", 0 
 ETH , Rural ," 1,990 "," 41,532,782 ", 1 
 ETH , Urban ," 1,990 "," 6,076,973 ", 0 
 GAB , Rural ," 1,990 "," 302,221 ", 0 
 GAB , Urban ," 1,990 "," 681,513 ", 1 
 GHA , Rural ," 1,990 "," 9,892,106 ", 1 
 GHA , Urban ," 1,990 "," 5,502,542 ", 0 
 GIN , Rural ," 1,990 "," 4,618,913 ", 1 
 GIN , Urban ," 1,990 "," 1,815,461 ", 0 
 GMB , Rural ," 1,990 "," 683,688 ", 1 
 GMB , Urban ," 1,990 "," 371,008 ", 0 
 GNB , Rural ," 1,990 "," 663,547 ", 1 
 GNB , Urban ," 1,990 "," 310,123 ", 0 
 GNQ , Rural ," 1,990 "," 308,079 ", 1 
 GNQ , Urban ," 1,990 "," 166,195 ", 0 
 KEN , Rural ," 1,990 "," 18,727,037 ", 1 
 KEN , Urban ," 1,990 "," 4,165,615 ", 0 
 LBR , Rural ," 1,990 "," 1,260,038 ", 1 
 LBR , Urban ," 1,990 "," 963,629 ", 0 
 LSO , Rural ," 1,990 "," 1,576,562 ", 1 
 LSO , Urban ," 1,990 "," 233,134 ", 0 
 MDG , Rural ," 1,990 "," 9,415,550 ", 1 
 MDG , Urban ," 1,990 "," 2,640,089 ", 0 
 MLI , Rural ," 1,990 "," 7,652,273 ", 1 
 MLI , Urban ," 1,990 "," 1,526,557 ", 0 
 MOZ , Rural ," 1,990 "," 10,058,173 ", 1 
 MOZ , Urban ," 1,990 "," 3,036,363 ", 0 
 MRT , Rural ," 1,990 "," 1,181,462 ", 1 
 MRT , Urban ," 1,990 "," 770,416 ", 0 
 MUS , Rural ," 1,990 "," 610,942 ", 1 
 MUS , Urban ," 1,990 "," 478,082 ", 0 
 MWI , Rural ," 1,990 "," 8,436,154 ", 1 
 MWI , Urban ," 1,990 "," 1,109,698 ", 0 
 NAM , Rural ," 1,990 "," 1,001,409 ", 1 
 NAM , Urban ," 1,990 "," 367,893 ", 0 
 NER , Rural ," 1,990 "," 7,006,026 ", 1 
 NER , Urban ," 1,990 "," 1,280,034 ", 0 
 NGA , Rural ," 1,990 "," 62,947,356 ", 1 
 NGA , Urban ," 1,990 "," 34,173,569 ", 0 
 RWA , Rural ," 1,990 "," 6,986,264 ", 1 
 RWA , Urban ," 1,990 "," 389,043 ", 0 
 SDN , Rural ," 1,990 "," 15,425,995 ", 1 
 SDN , Urban ," 1,990 "," 6,595,486 ", 0 
 SEN , Rural ," 1,990 "," 4,713,637 ", 1 
 SEN , Urban ," 1,990 "," 3,006,886 ", 0 
 SLE , Rural ," 1,990 "," 2,792,681 ", 1 
 SLE , Urban ," 1,990 "," 1,404,147 ", 0 
 SOM , Rural ," 1,990 "," 5,000,137 ", 1 
 SOM , Urban ," 1,990 "," 2,082,675 ", 0 
 SSA , Rural ," 1,990 "," 373,103,361 ", 1 
 SSA , Urban ," 1,990 "," 148,246,078 ", 0 
 SSD , Rural ," 1,990 "," 4,139,184 ", 1 
 SSD , Urban ," 1,990 "," 598,449 ", 0 
 STP , Rural ," 1,990 "," 69,196 ", 1 
 STP , Urban ," 1,990 "," 53,784 ", 0 
 SWZ , Rural ," 1,990 "," 672,338 ", 1 
 SWZ , Urban ," 1,990 "," 200,090 ", 0 
 SYC , Rural ," 1,990 "," 37,799 ", 1 
 SYC , Urban ," 1,990 "," 36,184 ", 0 
 TCD , Rural ," 1,990 "," 4,714,409 ", 1 
 TCD , Urban ," 1,990 "," 1,268,424 ", 0 
 TGO , Rural ," 1,990 "," 2,852,150 ", 1 
 TGO , Urban ," 1,990 "," 1,146,611 ", 0 
 TZA , Rural ," 1,990 "," 21,167,772 ", 1 
 TZA , Urban ," 1,990 "," 4,942,435 ", 0 
 UGA , Rural ," 1,990 "," 15,854,660 ", 1 
 UGA , Urban ," 1,990 "," 1,715,237 ", 0 
 ZAF , Rural ," 1,990 "," 19,571,251 ", 0 
 ZAF , Urban ," 1,990 "," 21,175,017 ", 1 
 ZMB , Rural ," 1,990 "," 4,721,222 ", 1 
 ZMB , Urban ," 1,990 "," 3,064,947 ", 0 
 ZWE , Rural ," 1,990 "," 7,137,453 ", 1 
 ZWE , Urban ," 1,990 "," 2,999,828 ", 0 
 AFE , Rural ," 1,991 "," 238,096,519 ", 1 
 AFE , Urban ," 1,991 "," 82,383,593 ", 0 
 AFW , Rural ," 1,991 "," 142,488,226 ", 1 
 AFW , Urban ," 1,991 "," 72,690,486 ", 0 
 AGO , Rural ," 1,991 "," 7,308,349 ", 1 
 AGO , Urban ," 1,991 "," 4,715,179 ", 0 
 BDI , Rural ," 1,991 "," 5,335,227 ", 1 
 BDI , Urban ," 1,991 "," 368,630 ", 0 
 BEN , Rural ," 1,991 "," 3,521,945 ", 1 
 BEN , Urban ," 1,991 "," 1,924,987 ", 0 
 BFA , Rural ," 1,991 "," 8,122,934 ", 1 
 BFA , Urban ," 1,991 "," 1,271,698 ", 0 
 BWA , Rural ," 1,991 "," 730,725 ", 1 
 BWA , Urban ," 1,991 "," 611,031 ", 0 
 CAF , Rural ," 1,991 "," 1,858,863 ", 1 
 CAF , Urban ," 1,991 "," 1,104,329 ", 0 
 CIV , Rural ," 1,991 "," 7,611,922 ", 1 
 CIV , Urban ," 1,991 "," 5,071,948 ", 0 
 CMR , Rural ," 1,991 "," 6,910,451 ", 1 
 CMR , Urban ," 1,991 "," 4,756,729 ", 0 
 COD , Rural ," 1,991 "," 26,287,716 ", 1 
 COD , Urban ," 1,991 "," 11,638,101 ", 0 
 COG , Rural ," 1,991 "," 1,103,598 ", 0 
 COG , Urban ," 1,991 "," 1,345,632 ", 1 
 COM , Rural ," 1,991 "," 325,873 ", 1 
 COM , Urban ," 1,991 "," 129,683 ", 0 
 CPV , Rural ," 1,991 "," 209,997 ", 1 
 CPV , Urban ," 1,991 "," 174,589 ", 0 
 ERI , Rural ," 1,991 "," 1,538,919 ", 1 
 ERI , Urban ," 1,991 "," 380,652 ", 0 
 ETH , Rural ," 1,991 "," 43,239,568 ", 1 
 ETH , Urban ," 1,991 "," 6,477,630 ", 0 
 GAB , Rural ," 1,991 "," 296,477 ", 0 
 GAB , Urban ," 1,991 "," 714,341 ", 1 
 GHA , Rural ," 1,991 "," 10,017,692 ", 1 
 GHA , Urban ," 1,991 "," 5,769,804 ", 0 
 GIN , Rural ," 1,991 "," 4,790,399 ", 1 
 GIN , Urban ," 1,991 "," 1,906,767 ", 0 
 GMB , Rural ," 1,991 "," 706,311 ", 1 
 GMB , Urban ," 1,991 "," 393,648 ", 0 
 GNB , Rural ," 1,991 "," 668,879 ", 1 
 GNB , Urban ," 1,991 "," 325,761 ", 0 
 GNQ , Rural ," 1,991 "," 312,508 ", 1 
 GNQ , Urban ," 1,991 "," 179,709 ", 0 
 KEN , Rural ," 1,991 "," 19,319,599 ", 1 
 KEN , Urban ," 1,991 "," 4,326,915 ", 0 
 LBR , Rural ," 1,991 "," 821,738 ", 0 
 LBR , Urban ," 1,991 "," 1,134,780 ", 1 
 LSO , Rural ," 1,991 "," 1,592,526 ", 1 
 LSO , Urban ," 1,991 "," 249,853 ", 0 
 MDG , Rural ," 1,991 "," 9,661,577 ", 1 
 MDG , Urban ," 1,991 "," 2,759,835 ", 0 
 MLI , Rural ," 1,991 "," 7,787,428 ", 1 
 MLI , Urban ," 1,991 "," 1,575,460 ", 0 
 MOZ , Rural ," 1,991 "," 10,115,040 ", 1 
 MOZ , Urban ," 1,991 "," 3,237,050 ", 0 
 MRT , Rural ," 1,991 "," 1,219,005 ", 1 
 MRT , Urban ," 1,991 "," 790,733 ", 0 
 MUS , Rural ," 1,991 "," 619,196 ", 1 
 MUS , Urban ," 1,991 "," 483,845 ", 0 
 MWI , Rural ," 1,991 "," 8,659,873 ", 1 
 MWI , Urban ," 1,991 "," 1,184,353 ", 0 
 NAM , Rural ," 1,991 "," 1,032,436 ", 1 
 NAM , Urban ," 1,991 "," 383,248 ", 0 
 NER , Rural ," 1,991 "," 7,220,669 ", 1 
 NER , Urban ," 1,991 "," 1,326,231 ", 0 
 NGA , Rural ," 1,991 "," 63,855,045 ", 1 
 NGA , Urban ," 1,991 "," 35,865,117 ", 0 
 RWA , Rural ," 1,991 "," 7,123,304 ", 1 
 RWA , Urban ," 1,991 "," 403,662 ", 0 
 SDN , Rural ," 1,991 "," 15,496,822 ", 1 
 SDN , Urban ," 1,991 "," 6,973,854 ", 0 
 SEN , Rural ," 1,991 "," 4,834,144 ", 1 
 SEN , Urban ," 1,991 "," 3,108,941 ", 0 
 SLE , Rural ," 1,991 "," 2,816,060 ", 1 
 SLE , Urban ," 1,991 "," 1,430,207 ", 0 
 SOM , Rural ," 1,991 "," 4,788,846 ", 1 
 SOM , Urban ," 1,991 "," 2,024,914 ", 0 
 SSA , Rural ," 1,991 "," 380,584,744 ", 1 
 SSA , Urban ," 1,991 "," 155,074,080 ", 0 
 SSD , Rural ," 1,991 "," 4,194,436 ", 1 
 SSD , Urban ," 1,991 "," 642,241 ", 0 
 STP , Rural ," 1,991 "," 69,365 ", 1 
 STP , Urban ," 1,991 "," 56,331 ", 0 
 SWZ , Rural ," 1,991 "," 699,585 ", 1 
 SWZ , Urban ," 1,991 "," 208,604 ", 0 
 SYC , Rural ," 1,991 "," 38,397 ", 1 
 SYC , Urban ," 1,991 "," 36,420 ", 0 
 TCD , Rural ," 1,991 "," 4,884,385 ", 1 
 TCD , Urban ," 1,991 "," 1,321,291 ", 0 
 TGO , Rural ," 1,991 "," 2,917,777 ", 1 
 TGO , Urban ," 1,991 "," 1,197,783 ", 0 
 TZA , Rural ," 1,991 "," 21,620,611 ", 1 
 TZA , Urban ," 1,991 "," 5,159,825 ", 0 
 UGA , Rural ," 1,991 "," 16,339,345 ", 1 
 UGA , Urban ," 1,991 "," 1,816,557 ", 0 
 ZAF , Rural ," 1,991 "," 19,843,439 ", 0 
 ZAF , Urban ," 1,991 "," 21,844,459 ", 1 
 ZMB , Rural ," 1,991 "," 4,848,561 ", 1 
 ZMB , Urban ," 1,991 "," 3,133,089 ", 0 
 ZWE , Rural ," 1,991 "," 7,267,183 ", 1 
 ZWE , Urban ," 1,991 "," 3,137,633 ", 0 
 AFE , Rural ," 1,992 "," 243,443,487 ", 1 
 AFE , Urban ," 1,992 "," 85,677,302 ", 0 
 AFW , Rural ," 1,992 "," 145,235,280 ", 1 
 AFW , Urban ," 1,992 "," 75,956,099 ", 0 
 AGO , Rural ," 1,992 "," 7,389,552 ", 1 
 AGO , Urban ," 1,992 "," 5,034,160 ", 0 
 BDI , Rural ," 1,992 "," 5,468,892 ", 1 
 BDI , Urban ," 1,992 "," 389,514 ", 0 
 BEN , Rural ," 1,992 "," 3,607,231 ", 1 
 BEN , Urban ," 1,992 "," 2,010,613 ", 0 
 BFA , Rural ," 1,992 "," 8,296,227 ", 1 
 BFA , Urban ," 1,992 "," 1,333,049 ", 0 
 BWA , Rural ," 1,992 "," 734,198 ", 1 
 BWA , Urban ," 1,992 "," 645,835 ", 0 
 CAF , Rural ," 1,992 "," 1,917,028 ", 1 
 CAF , Urban ," 1,992 "," 1,141,802 ", 0 
 CIV , Rural ," 1,992 "," 7,880,543 ", 1 
 CIV , Urban ," 1,992 "," 5,319,767 ", 0 
 CMR , Rural ," 1,992 "," 7,030,980 ", 1 
 CMR , Urban ," 1,992 "," 4,975,374 ", 0 
 COD , Rural ," 1,992 "," 27,024,321 ", 1 
 COD , Urban ," 1,992 "," 12,204,589 ", 0 
 COG , Rural ," 1,992 "," 1,126,352 ", 0 
 COG , Urban ," 1,992 "," 1,393,113 ", 1 
 COM , Rural ," 1,992 "," 332,715 ", 1 
 COM , Urban ," 1,992 "," 132,397 ", 0 
 CPV , Rural ," 1,992 "," 210,223 ", 1 
 CPV , Urban ," 1,992 "," 183,192 ", 0 
 ERI , Rural ," 1,992 "," 1,413,249 ", 1 
 ERI , Urban ," 1,992 "," 385,499 ", 0 
 ETH , Rural ," 1,992 "," 44,967,707 ", 1 
 ETH , Urban ," 1,992 "," 6,886,040 ", 0 
 GAB , Rural ," 1,992 "," 291,304 ", 0 
 GAB , Urban ," 1,992 "," 747,076 ", 1 
 GHA , Rural ," 1,992 "," 10,134,947 ", 1 
 GHA , Urban ," 1,992 "," 6,049,909 ", 0 
 GIN , Rural ," 1,992 "," 4,928,219 ", 1 
 GIN , Urban ," 1,992 "," 1,986,147 ", 0 
 GMB , Rural ," 1,992 "," 727,588 ", 1 
 GMB , Urban ," 1,992 "," 417,994 ", 0 
 GNB , Rural ," 1,992 "," 682,218 ", 1 
 GNB , Urban ," 1,992 "," 342,138 ", 0 
 GNQ , Rural ," 1,992 "," 318,210 ", 1 
 GNQ , Urban ," 1,992 "," 192,560 ", 0 
 KEN , Rural ," 1,992 "," 19,900,878 ", 1 
 KEN , Urban ," 1,992 "," 4,481,582 ", 0 
 LBR , Rural ," 1,992 "," 902,842 ", 0 
 LBR , Urban ," 1,992 "," 1,169,620 ", 1 
 LSO , Rural ," 1,992 "," 1,605,566 ", 1 
 LSO , Urban ," 1,992 "," 267,708 ", 0 
 MDG , Rural ," 1,992 "," 9,916,089 ", 1 
 MDG , Urban ," 1,992 "," 2,884,781 ", 0 
 MLI , Rural ," 1,992 "," 7,927,623 ", 1 
 MLI , Urban ," 1,992 "," 1,625,917 ", 0 
 MOZ , Rural ," 1,992 "," 10,178,109 ", 1 
 MOZ , Urban ," 1,992 "," 3,435,207 ", 0 
 MRT , Rural ," 1,992 "," 1,269,772 ", 1 
 MRT , Urban ," 1,992 "," 818,363 ", 0 
 MUS , Rural ," 1,992 "," 628,511 ", 1 
 MUS , Urban ," 1,992 "," 489,159 ", 0 
 MWI , Rural ," 1,992 "," 8,873,357 ", 1 
 MWI , Urban ," 1,992 "," 1,261,722 ", 0 
 NAM , Rural ," 1,992 "," 1,062,026 ", 1 
 NAM , Urban ," 1,992 "," 399,296 ", 0 
 NER , Rural ," 1,992 "," 7,443,252 ", 1 
 NER , Urban ," 1,992 "," 1,374,382 ", 0 
 NGA , Rural ," 1,992 "," 64,755,237 ", 1 
 NGA , Urban ," 1,992 "," 37,617,533 ", 0 
 RWA , Rural ," 1,992 "," 7,248,136 ", 1 
 RWA , Urban ," 1,992 "," 435,130 ", 0 
 SDN , Rural ," 1,992 "," 15,649,337 ", 1 
 SDN , Urban ," 1,992 "," 7,278,018 ", 0 
 SEN , Rural ," 1,992 "," 4,956,606 ", 1 
 SEN , Urban ," 1,992 "," 3,211,789 ", 0 
 SLE , Rural ," 1,992 "," 2,754,149 ", 1 
 SLE , Urban ," 1,992 "," 1,412,217 ", 0 
 SOM , Rural ," 1,992 "," 4,544,011 ", 1 
 SOM , Urban ," 1,992 "," 1,951,096 ", 0 
 SSA , Rural ," 1,992 "," 388,678,767 ", 1 
 SSA , Urban ," 1,992 "," 161,633,401 ", 0 
 SSD , Rural ," 1,992 "," 4,232,153 ", 1 
 SSD , Urban ," 1,992 "," 677,597 ", 0 
 STP , Rural ," 1,992 "," 69,440 ", 1 
 STP , Urban ," 1,992 "," 58,670 ", 0 
 SWZ , Rural ," 1,992 "," 726,446 ", 1 
 SWZ , Urban ," 1,992 "," 216,970 ", 0 
 SYC , Rural ," 1,992 "," 39,022 ", 1 
 SYC , Urban ," 1,992 "," 36,595 ", 0 
 TCD , Rural ," 1,992 "," 5,091,609 ", 1 
 TCD , Urban ," 1,992 "," 1,383,047 ", 0 
 TGO , Rural ," 1,992 "," 2,983,119 ", 1 
 TGO , Urban ," 1,992 "," 1,250,498 ", 0 
 TZA , Rural ," 1,992 "," 22,078,757 ", 1 
 TZA , Urban ," 1,992 "," 5,378,831 ", 0 
 UGA , Rural ," 1,992 "," 16,865,981 ", 1 
 UGA , Urban ," 1,992 "," 1,919,051 ", 0 
 ZAF , Rural ," 1,992 "," 20,084,052 ", 0 
 ZAF , Urban ," 1,992 "," 22,359,457 ", 1 
 ZMB , Rural ," 1,992 "," 4,979,823 ", 1 
 ZMB , Urban ," 1,992 "," 3,196,857 ", 0 
 ZWE , Rural ," 1,992 "," 7,431,160 ", 1 
 ZWE , Urban ," 1,992 "," 3,271,540 ", 0 
 AFE , Rural ," 1,993 "," 249,207,066 ", 1 
 AFE , Urban ," 1,993 "," 89,156,112 ", 0 
 AFW , Rural ," 1,993 "," 147,974,926 ", 1 
 AFW , Urban ," 1,993 "," 79,271,853 ", 0 
 AGO , Rural ," 1,993 "," 7,467,432 ", 1 
 AGO , Urban ," 1,993 "," 5,359,702 ", 0 
 BDI , Rural ," 1,993 "," 5,289,293 ", 1 
 BDI , Urban ," 1,993 "," 387,550 ", 0 
 BEN , Rural ," 1,993 "," 3,747,847 ", 1 
 BEN , Urban ," 1,993 "," 2,124,859 ", 0 
 BFA , Rural ," 1,993 "," 8,473,279 ", 1 
 BFA , Urban ," 1,993 "," 1,398,434 ", 0 
 BWA , Rural ," 1,993 "," 740,359 ", 1 
 BWA , Urban ," 1,993 "," 679,756 ", 0 
 CAF , Rural ," 1,993 "," 1,977,385 ", 1 
 CAF , Urban ," 1,993 "," 1,180,454 ", 0 
 CIV , Rural ," 1,993 "," 8,156,052 ", 1 
 CIV , Urban ," 1,993 "," 5,579,899 ", 0 
 CMR , Rural ," 1,993 "," 7,152,980 ", 1 
 CMR , Urban ," 1,993 "," 5,200,151 ", 0 
 COD , Rural ," 1,993 "," 27,830,035 ", 1 
 COD , Urban ," 1,993 "," 12,826,301 ", 0 
 COG , Rural ," 1,993 "," 1,150,956 ", 0 
 COG , Urban ," 1,993 "," 1,444,168 ", 1 
 COM , Rural ," 1,993 "," 338,965 ", 1 
 COM , Urban ," 1,993 "," 134,717 ", 0 
 CPV , Rural ," 1,993 "," 210,453 ", 1 
 CPV , Urban ," 1,993 "," 191,512 ", 0 
 ERI , Rural ," 1,993 "," 1,424,119 ", 1 
 ERI , Urban ," 1,993 "," 431,887 ", 0 
 ETH , Rural ," 1,993 "," 46,452,411 ", 1 
 ETH , Urban ," 1,993 "," 7,256,480 ", 0 
 GAB , Rural ," 1,993 "," 287,443 ", 0 
 GAB , Urban ," 1,993 "," 778,962 ", 1 
 GHA , Rural ," 1,993 "," 10,246,774 ", 1 
 GHA , Urban ," 1,993 "," 6,342,745 ", 0 
 GIN , Rural ," 1,993 "," 5,062,510 ", 1 
 GIN , Urban ," 1,993 "," 2,065,668 ", 0 
 GMB , Rural ," 1,993 "," 744,949 ", 1 
 GMB , Urban ," 1,993 "," 443,416 ", 0 
 GNB , Rural ," 1,993 "," 699,281 ", 1 
 GNB , Urban ," 1,993 "," 359,464 ", 0 
 GNQ , Rural ," 1,993 "," 325,963 ", 1 
 GNQ , Urban ," 1,993 "," 204,060 ", 0 
 KEN , Rural ," 1,993 "," 20,483,063 ", 1 
 KEN , Urban ," 1,993 "," 4,634,125 ", 0 
 LBR , Rural ," 1,993 "," 1,019,217 ", 0 
 LBR , Urban ," 1,993 "," 1,135,909 ", 1 
 LSO , Rural ," 1,993 "," 1,615,771 ", 1 
 LSO , Urban ," 1,993 "," 286,022 ", 0 
 MDG , Rural ," 1,993 "," 10,181,466 ", 1 
 MDG , Urban ," 1,993 "," 3,015,880 ", 0 
 MLI , Rural ," 1,993 "," 8,075,706 ", 1 
 MLI , Urban ," 1,993 "," 1,679,080 ", 0 
 MOZ , Rural ," 1,993 "," 10,378,127 ", 1 
 MOZ , Urban ," 1,993 "," 3,673,065 ", 0 
 MRT , Rural ," 1,993 "," 1,325,949 ", 1 
 MRT , Urban ," 1,993 "," 848,379 ", 0 
 MUS , Rural ," 1,993 "," 638,494 ", 1 
 MUS , Urban ," 1,993 "," 493,899 ", 0 
 MWI , Rural ," 1,993 "," 8,960,963 ", 1 
 MWI , Urban ," 1,993 "," 1,323,061 ", 0 
 NAM , Rural ," 1,993 "," 1,091,078 ", 1 
 NAM , Urban ," 1,993 "," 417,620 ", 0 
 NER , Rural ," 1,993 "," 7,675,882 ", 1 
 NER , Urban ," 1,993 "," 1,424,907 ", 0 
 NGA , Rural ," 1,993 "," 65,665,998 ", 1 
 NGA , Urban ," 1,993 "," 39,456,071 ", 0 
 RWA , Rural ," 1,993 "," 7,470,337 ", 1 
 RWA , Urban ," 1,993 "," 510,795 ", 0 
 SDN , Rural ," 1,993 "," 15,945,711 ", 1 
 SDN , Urban ," 1,993 "," 7,499,881 ", 0 
 SEN , Rural ," 1,993 "," 5,080,713 ", 1 
 SEN , Urban ," 1,993 "," 3,315,575 ", 0 
 SLE , Rural ," 1,993 "," 2,739,461 ", 1 
 SLE , Urban ," 1,993 "," 1,417,669 ", 0 
 SOM , Rural ," 1,993 "," 4,652,235 ", 1 
 SOM , Urban ," 1,993 "," 2,029,164 ", 0 
 SSA , Rural ," 1,993 "," 397,181,991 ", 1 
 SSA , Urban ," 1,993 "," 168,427,966 ", 0 
 SSD , Rural ," 1,993 "," 4,254,093 ", 1 
 SSD , Urban ," 1,993 "," 701,909 ", 0 
 STP , Rural ," 1,993 "," 69,501 ", 1 
 STP , Urban ," 1,993 "," 60,966 ", 0 
 SWZ , Rural ," 1,993 "," 747,698 ", 1 
 SWZ , Urban ," 1,993 "," 223,620 ", 0 
 SYC , Rural ," 1,993 "," 39,687 ", 1 
 SYC , Urban ," 1,993 "," 36,722 ", 0 
 TCD , Rural ," 1,993 "," 5,209,838 ", 1 
 TCD , Urban ," 1,993 "," 1,419,308 ", 0 
 TGO , Rural ," 1,993 "," 2,946,292 ", 1 
 TGO , Urban ," 1,993 "," 1,261,161 ", 0 
 TZA , Rural ," 1,993 "," 22,694,097 ", 1 
 TZA , Urban ," 1,993 "," 5,638,595 ", 0 
 UGA , Rural ," 1,993 "," 17,422,695 ", 1 
 UGA , Urban ," 1,993 "," 2,022,466 ", 0 
 ZAF , Rural ," 1,993 "," 20,395,773 ", 0 
 ZAF , Urban ," 1,993 "," 22,901,383 ", 1 
 ZMB , Rural ," 1,993 "," 5,116,520 ", 1 
 ZMB , Urban ," 1,993 "," 3,257,401 ", 0 
 ZWE , Rural ," 1,993 "," 7,507,140 ", 1 
 ZWE , Urban ," 1,993 "," 3,353,148 ", 0 
 AFE , Rural ," 1,994 "," 254,633,774 ", 1 
 AFE , Urban ," 1,994 "," 92,844,794 ", 0 
 AFW , Rural ," 1,994 "," 150,717,012 ", 1 
 AFW , Urban ," 1,994 "," 82,643,093 ", 0 
 AGO , Rural ," 1,994 "," 7,552,365 ", 1 
 AGO , Urban ," 1,994 "," 5,697,399 ", 0 
 BDI , Rural ," 1,994 "," 5,313,927 ", 1 
 BDI , Urban ," 1,994 "," 399,927 ", 0 
 BEN , Rural ," 1,994 "," 3,869,615 ", 1 
 BEN , Urban ," 1,994 "," 2,226,891 ", 0 
 BFA , Rural ," 1,994 "," 8,654,516 ", 1 
 BFA , Urban ," 1,994 "," 1,469,282 ", 0 
 BWA , Rural ," 1,994 "," 747,630 ", 1 
 BWA , Urban ," 1,994 "," 712,393 ", 0 
 CAF , Rural ," 1,994 "," 2,038,484 ", 1 
 CAF , Urban ," 1,994 "," 1,219,470 ", 0 
 CIV , Rural ," 1,994 "," 8,436,102 ", 1 
 CIV , Urban ," 1,994 "," 5,851,100 ", 0 
 CMR , Rural ," 1,994 "," 7,275,066 ", 1 
 CMR , Urban ," 1,994 "," 5,429,837 ", 0 
 COD , Rural ," 1,994 "," 28,987,725 ", 1 
 COD , Urban ," 1,994 "," 13,639,151 ", 0 
 COG , Rural ," 1,994 "," 1,175,732 ", 0 
 COG , Urban ," 1,994 "," 1,497,412 ", 1 
 COM , Rural ," 1,994 "," 345,216 ", 1 
 COM , Urban ," 1,994 "," 136,926 ", 0 
 CPV , Rural ," 1,994 "," 210,654 ", 1 
 CPV , Urban ," 1,994 "," 199,574 ", 0 
 ERI , Rural ," 1,994 "," 1,430,815 ", 1 
 ERI , Urban ," 1,994 "," 483,100 ", 0 
 ETH , Rural ," 1,994 "," 47,983,129 ", 1 
 ETH , Urban ," 1,994 "," 7,628,379 ", 0 
 GAB , Rural ," 1,994 "," 284,360 ", 0 
 GAB , Urban ," 1,994 "," 810,360 ", 1 
 GHA , Rural ," 1,994 "," 10,349,377 ", 1 
 GHA , Urban ," 1,994 "," 6,643,813 ", 0 
 GIN , Rural ," 1,994 "," 5,197,691 ", 1 
 GIN , Urban ," 1,994 "," 2,147,416 ", 0 
 GMB , Rural ," 1,994 "," 756,752 ", 1 
 GMB , Urban ," 1,994 "," 470,474 ", 0 
 GNB , Rural ," 1,994 "," 715,707 ", 1 
 GNB , Urban ," 1,994 "," 376,324 ", 0 
 GNQ , Rural ," 1,994 "," 336,685 ", 1 
 GNQ , Urban ," 1,994 "," 213,453 ", 0 
 KEN , Rural ," 1,994 "," 21,069,698 ", 1 
 KEN , Urban ," 1,994 "," 4,787,432 ", 0 
 LBR , Rural ," 1,994 "," 1,112,444 ", 1 
 LBR , Urban ," 1,994 "," 1,037,484 ", 0 
 LSO , Rural ," 1,994 "," 1,623,591 ", 1 
 LSO , Urban ," 1,994 "," 304,116 ", 0 
 MDG , Rural ," 1,994 "," 10,459,905 ", 1 
 MDG , Urban ," 1,994 "," 3,153,945 ", 0 
 MLI , Rural ," 1,994 "," 8,231,488 ", 1 
 MLI , Urban ," 1,994 "," 1,735,543 ", 0 
 MOZ , Rural ," 1,994 "," 10,983,066 ", 1 
 MOZ , Urban ," 1,994 "," 4,050,787 ", 0 
 MRT , Rural ," 1,994 "," 1,375,878 ", 1 
 MRT , Urban ," 1,994 "," 873,576 ", 0 
 MUS , Rural ," 1,994 "," 648,666 ", 1 
 MUS , Urban ," 1,994 "," 497,882 ", 0 
 MWI , Rural ," 1,994 "," 8,816,484 ", 1 
 MWI , Urban ," 1,994 "," 1,348,410 ", 0 
 NAM , Rural ," 1,994 "," 1,118,448 ", 1 
 NAM , Urban ," 1,994 "," 437,856 ", 0 
 NER , Rural ," 1,994 "," 7,920,122 ", 1 
 NER , Urban ," 1,994 "," 1,478,136 ", 0 
 NGA , Rural ," 1,994 "," 66,563,245 ", 1 
 NGA , Urban ," 1,994 "," 41,372,469 ", 0 
 RWA , Rural ," 1,994 "," 6,284,053 ", 1 
 RWA , Urban ," 1,994 "," 508,299 ", 0 
 SDN , Rural ," 1,994 "," 16,338,177 ", 1 
 SDN , Urban ," 1,994 "," 7,705,771 ", 0 
 SEN , Rural ," 1,994 "," 5,204,601 ", 1 
 SEN , Urban ," 1,994 "," 3,419,477 ", 0 
 SLE , Rural ," 1,994 "," 2,741,592 ", 1 
 SLE , Urban ," 1,994 "," 1,431,513 ", 0 
 SOM , Rural ," 1,994 "," 4,868,733 ", 1 
 SOM , Urban ," 1,994 "," 2,158,064 ", 0 
 SSA , Rural ," 1,994 "," 405,350,786 ", 1 
 SSA , Urban ," 1,994 "," 175,487,887 ", 0 
 SSD , Rural ," 1,994 "," 4,338,301 ", 1 
 SSD , Urban ," 1,994 "," 732,883 ", 0 
 STP , Rural ," 1,994 "," 69,517 ", 1 
 STP , Urban ," 1,994 "," 63,215 ", 0 
 SWZ , Rural ," 1,994 "," 747,436 ", 1 
 SWZ , Urban ," 1,994 "," 223,776 ", 0 
 SYC , Rural ," 1,994 "," 40,417 ", 1 
 SYC , Urban ," 1,994 "," 36,845 ", 0 
 TCD , Rural ," 1,994 "," 5,328,352 ", 1 
 TCD , Urban ," 1,994 "," 1,455,098 ", 0 
 TGO , Rural ," 1,994 "," 2,938,545 ", 1 
 TGO , Urban ," 1,994 "," 1,284,395 ", 0 
 TZA , Rural ," 1,994 "," 23,492,838 ", 1 
 TZA , Urban ," 1,994 "," 5,949,518 ", 0 
 UGA , Rural ," 1,994 "," 17,983,529 ", 1 
 UGA , Urban ," 1,994 "," 2,125,272 ", 0 
 ZAF , Rural ," 1,994 "," 20,645,069 ", 0 
 ZAF , Urban ," 1,994 "," 23,359,070 ", 1 
 ZMB , Rural ," 1,994 "," 5,260,171 ", 1 
 ZMB , Urban ," 1,994 "," 3,316,098 ", 0 
 ZWE , Rural ," 1,994 "," 7,484,869 ", 1 
 ZWE , Urban ," 1,994 "," 3,388,279 ", 0 
 AFE , Rural ," 1,995 "," 260,174,221 ", 1 
 AFE , Urban ," 1,995 "," 96,446,341 ", 0 
 AFW , Rural ," 1,995 "," 153,605,886 ", 1 
 AFW , Urban ," 1,995 "," 86,195,988 ", 0 
 AGO , Rural ," 1,995 "," 7,642,969 ", 1 
 AGO , Urban ," 1,995 "," 6,056,809 ", 0 
 BDI , Rural ," 1,995 "," 5,631,465 ", 1 
 BDI , Urban ," 1,995 "," 434,851 ", 0 
 BEN , Rural ," 1,995 "," 3,932,922 ", 1 
 BEN , Urban ," 1,995 "," 2,293,851 ", 0 
 BFA , Rural ," 1,995 "," 8,839,666 ", 1 
 BFA , Urban ," 1,995 "," 1,547,056 ", 0 
 BWA , Rural ," 1,995 "," 755,236 ", 1 
 BWA , Urban ," 1,995 "," 743,600 ", 0 
 CAF , Rural ," 1,995 "," 2,093,335 ", 1 
 CAF , Urban ," 1,995 "," 1,254,717 ", 0 
 CIV , Rural ," 1,995 "," 8,721,392 ", 1 
 CIV , Urban ," 1,995 "," 6,134,172 ", 0 
 CMR , Rural ," 1,995 "," 7,395,626 ", 1 
 CMR , Urban ," 1,995 "," 5,662,890 ", 0 
 COD , Rural ," 1,995 "," 30,012,225 ", 1 
 COD , Urban ," 1,995 "," 14,421,479 ", 0 
 COG , Rural ," 1,995 "," 1,198,578 ", 0 
 COG , Urban ," 1,995 "," 1,550,883 ", 1 
 COM , Rural ," 1,995 "," 351,520 ", 1 
 COM , Urban ," 1,995 "," 139,066 ", 0 
 CPV , Rural ," 1,995 "," 210,743 ", 1 
 CPV , Urban ," 1,995 "," 207,361 ", 0 
 ERI , Rural ," 1,995 "," 1,473,513 ", 1 
 ERI , Urban ," 1,995 "," 551,754 ", 0 
 ETH , Rural ," 1,995 "," 49,549,681 ", 1 
 ETH , Urban ," 1,995 "," 7,987,654 ", 0 
 GAB , Rural ," 1,995 "," 280,923 ", 0 
 GAB , Urban ," 1,995 "," 842,290 ", 1 
 GHA , Rural ," 1,995 "," 10,446,279 ", 1 
 GHA , Urban ," 1,995 "," 6,952,738 ", 0 
 GIN , Rural ," 1,995 "," 5,325,115 ", 1 
 GIN , Urban ," 1,995 "," 2,228,135 ", 0 
 GMB , Rural ," 1,995 "," 764,066 ", 1 
 GMB , Urban ," 1,995 "," 500,246 ", 0 
 GNB , Rural ," 1,995 "," 728,738 ", 1 
 GNB , Urban ," 1,995 "," 391,211 ", 0 
 GNQ , Rural ," 1,995 "," 349,590 ", 1 
 GNQ , Urban ," 1,995 "," 221,674 ", 0 
 KEN , Rural ," 1,995 "," 21,658,411 ", 1 
 KEN , Urban ," 1,995 "," 4,943,340 ", 0 
 LBR , Rural ," 1,995 "," 1,203,283 ", 1 
 LBR , Urban ," 1,995 "," 965,879 ", 0 
 LSO , Rural ," 1,995 "," 1,630,055 ", 1 
 LSO , Urban ," 1,995 "," 321,382 ", 0 
 MDG , Rural ," 1,995 "," 10,752,028 ", 1 
 MDG , Urban ," 1,995 "," 3,299,248 ", 0 
 MLI , Rural ," 1,995 "," 8,390,358 ", 1 
 MLI , Urban ," 1,995 "," 1,795,008 ", 0 
 MOZ , Rural ," 1,995 "," 11,551,100 ", 1 
 MOZ , Urban ," 1,995 "," 4,409,430 ", 0 
 MRT , Rural ," 1,995 "," 1,418,386 ", 1 
 MRT , Urban ," 1,995 "," 893,631 ", 0 
 MUS , Rural ," 1,995 "," 658,729 ", 1 
 MUS , Urban ," 1,995 "," 501,092 ", 0 
 MWI , Rural ," 1,995 "," 8,766,104 ", 1 
 MWI , Urban ," 1,995 "," 1,384,013 ", 0 
 NAM , Rural ," 1,995 "," 1,142,810 ", 1 
 NAM , Urban ," 1,995 "," 459,360 ", 0 
 NER , Rural ," 1,995 "," 8,179,717 ", 1 
 NER , Urban ," 1,995 "," 1,534,811 ", 0 
 NGA , Rural ," 1,995 "," 67,448,682 ", 1 
 NGA , Urban ," 1,995 "," 43,370,746 ", 0 
 RWA , Rural ," 1,995 "," 5,173,912 ", 1 
 RWA , Urban ," 1,995 "," 500,206 ", 0 
 SDN , Rural ," 1,995 "," 16,749,902 ", 1 
 SDN , Urban ," 1,995 "," 7,922,241 ", 0 
 SEN , Rural ," 1,995 "," 5,325,807 ", 1 
 SEN , Urban ," 1,995 "," 3,522,294 ", 0 
 SLE , Rural ," 1,995 "," 2,737,296 ", 1 
 SLE , Urban ," 1,995 "," 1,441,883 ", 0 
 SOM , Rural ," 1,995 "," 5,021,882 ", 1 
 SOM , Urban ," 1,995 "," 2,263,125 ", 0 
 SSA , Rural ," 1,995 "," 413,780,108 ", 1 
 SSA , Urban ," 1,995 "," 182,642,328 ", 0 
 SSD , Rural ," 1,995 "," 4,455,445 ", 1 
 SSD , Urban ," 1,995 "," 770,391 ", 0 
 STP , Rural ," 1,995 "," 69,470 ", 1 
 STP , Urban ," 1,995 "," 65,425 ", 0 
 SWZ , Rural ," 1,995 "," 746,710 ", 1 
 SWZ , Urban ," 1,995 "," 223,724 ", 0 
 SYC , Rural ," 1,995 "," 41,523 ", 1 
 SYC , Urban ," 1,995 "," 36,603 ", 0 
 TCD , Rural ," 1,995 "," 5,565,635 ", 1 
 TCD , Urban ," 1,995 "," 1,523,429 ", 0 
 TGO , Rural ," 1,995 "," 3,049,750 ", 1 
 TGO , Urban ," 1,995 "," 1,361,082 ", 0 
 TZA , Rural ," 1,995 "," 24,151,116 ", 1 
 TZA , Urban ," 1,995 "," 6,232,381 ", 0 
 UGA , Rural ," 1,995 "," 18,448,784 ", 1 
 UGA , Urban ," 1,995 "," 2,216,883 ", 0 
 ZAF , Rural ," 1,995 "," 20,802,591 ", 0 
 ZAF , Urban ," 1,995 "," 23,738,963 ", 1 
 ZMB , Rural ," 1,995 "," 5,411,756 ", 1 
 ZMB , Urban ," 1,995 "," 3,374,007 ", 0 
 ZWE , Rural ," 1,995 "," 7,525,283 ", 1 
 ZWE , Urban ," 1,995 "," 3,449,315 ", 0 
 AFE , Rural ," 1,996 "," 266,285,492 ", 1 
 AFE , Urban ," 1,996 "," 99,893,886 ", 0 
 AFW , Rural ," 1,996 "," 156,478,322 ", 1 
 AFW , Urban ," 1,996 "," 89,937,123 ", 0 
 AGO , Rural ," 1,996 "," 7,729,472 ", 1 
 AGO , Urban ," 1,996 "," 6,441,501 ", 0 
 BDI , Rural ," 1,996 "," 5,625,156 ", 1 
 BDI , Urban ," 1,996 "," 445,350 ", 0 
 BEN , Rural ," 1,996 "," 4,018,767 ", 1 
 BEN , Urban ," 1,996 "," 2,373,091 ", 0 
 BFA , Rural ," 1,996 "," 9,023,543 ", 1 
 BFA , Urban ," 1,996 "," 1,632,399 ", 0 
 BWA , Rural ," 1,996 "," 762,517 ", 0 
 BWA , Urban ," 1,996 "," 773,397 ", 1 
 CAF , Rural ," 1,996 "," 2,146,809 ", 1 
 CAF , Urban ," 1,996 "," 1,289,156 ", 0 
 CIV , Rural ," 1,996 "," 9,012,475 ", 1 
 CIV , Urban ," 1,996 "," 6,429,837 ", 0 
 CMR , Rural ," 1,996 "," 7,515,353 ", 1 
 CMR , Urban ," 1,996 "," 5,899,405 ", 0 
 COD , Rural ," 1,996 "," 30,381,804 ", 1 
 COD , Urban ," 1,996 "," 14,914,320 ", 0 
 COG , Rural ," 1,996 "," 1,220,342 ", 0 
 COG , Urban ," 1,996 "," 1,606,443 ", 1 
 COM , Rural ," 1,996 "," 357,929 ", 1 
 COM , Urban ," 1,996 "," 141,178 ", 0 
 CPV , Rural ," 1,996 "," 210,679 ", 0 
 CPV , Urban ," 1,996 "," 214,902 ", 1 
 ERI , Rural ," 1,996 "," 1,507,531 ", 1 
 ERI , Urban ," 1,996 "," 620,933 ", 0 
 ETH , Rural ," 1,996 "," 51,081,065 ", 1 
 ETH , Urban ," 1,996 "," 8,386,570 ", 0 
 GAB , Rural ," 1,996 "," 277,151 ", 0 
 GAB , Urban ," 1,996 "," 874,864 ", 1 
 GHA , Rural ," 1,996 "," 10,541,072 ", 1 
 GHA , Urban ," 1,996 "," 7,269,109 ", 0 
 GIN , Rural ," 1,996 "," 5,456,775 ", 1 
 GIN , Urban ," 1,996 "," 2,313,260 ", 0 
 GMB , Rural ," 1,996 "," 768,506 ", 1 
 GMB , Urban ," 1,996 "," 532,904 ", 0 
 GNB , Rural ," 1,996 "," 739,104 ", 1 
 GNB , Urban ," 1,996 "," 404,431 ", 0 
 GNQ , Rural ," 1,996 "," 363,177 ", 1 
 GNQ , Urban ," 1,996 "," 230,315 ", 0 
 KEN , Rural ," 1,996 "," 22,241,480 ", 1 
 KEN , Urban ," 1,996 "," 5,102,731 ", 0 
 LBR , Rural ," 1,996 "," 1,273,208 ", 1 
 LBR , Urban ," 1,996 "," 959,080 ", 0 
 LSO , Rural ," 1,996 "," 1,635,327 ", 1 
 LSO , Urban ," 1,996 "," 337,091 ", 0 
 MDG , Rural ," 1,996 "," 11,058,511 ", 1 
 MDG , Urban ," 1,996 "," 3,452,201 ", 0 
 MLI , Rural ," 1,996 "," 8,549,669 ", 1 
 MLI , Urban ," 1,996 "," 1,857,609 ", 0 
 MOZ , Rural ," 1,996 "," 11,846,558 ", 1 
 MOZ , Urban ," 1,996 "," 4,645,922 ", 0 
 MRT , Rural ," 1,996 "," 1,450,827 ", 1 
 MRT , Urban ," 1,996 "," 907,361 ", 0 
 MUS , Rural ," 1,996 "," 668,654 ", 1 
 MUS , Urban ," 1,996 "," 503,729 ", 0 
 MWI , Rural ," 1,996 "," 8,906,912 ", 1 
 MWI , Urban ," 1,996 "," 1,445,316 ", 0 
 NAM , Rural ," 1,996 "," 1,164,170 ", 1 
 NAM , Urban ," 1,996 "," 481,933 ", 0 
 NER , Rural ," 1,996 "," 8,456,375 ", 1 
 NER , Urban ," 1,996 "," 1,588,477 ", 0 
 NGA , Rural ," 1,996 "," 68,309,339 ", 1 
 NGA , Urban ," 1,996 "," 45,445,439 ", 0 
 RWA , Rural ," 1,996 "," 6,017,857 ", 1 
 RWA , Urban ," 1,996 "," 690,907 ", 0 
 SDN , Rural ," 1,996 "," 17,115,437 ", 1 
 SDN , Urban ," 1,996 "," 8,116,091 ", 0 
 SEN , Rural ," 1,996 "," 5,443,249 ", 1 
 SEN , Urban ," 1,996 "," 3,623,765 ", 0 
 SLE , Rural ," 1,996 "," 2,742,112 ", 1 
 SLE , Urban ," 1,996 "," 1,457,098 ", 0 
 SOM , Rural ," 1,996 "," 5,179,918 ", 1 
 SOM , Urban ," 1,996 "," 2,374,556 ", 0 
 SSA , Rural ," 1,996 "," 422,763,814 ", 1 
 SSA , Urban ," 1,996 "," 189,831,009 ", 0 
 SSD , Rural ," 1,996 "," 4,552,029 ", 1 
 SSD , Urban ," 1,996 "," 804,896 ", 0 
 STP , Rural ," 1,996 "," 69,351 ", 1 
 STP , Urban ," 1,996 "," 67,611 ", 0 
 SWZ , Rural ," 1,996 "," 761,568 ", 1 
 SWZ , Urban ," 1,996 "," 228,274 ", 0 
 SYC , Rural ," 1,996 "," 43,033 ", 1 
 SYC , Urban ," 1,996 "," 35,849 ", 0 
 TCD , Rural ," 1,996 "," 5,814,939 ", 1 
 TCD , Urban ," 1,996 "," 1,595,169 ", 0 
 TGO , Rural ," 1,996 "," 3,144,851 ", 1 
 TGO , Urban ," 1,996 "," 1,433,009 ", 0 
 TZA , Rural ," 1,996 "," 24,502,426 ", 1 
 TZA , Urban ," 1,996 "," 6,443,336 ", 0 
 UGA , Rural ," 1,996 "," 18,920,723 ", 1 
 UGA , Urban ," 1,996 "," 2,310,827 ", 0 
 ZAF , Rural ," 1,996 "," 20,948,398 ", 0 
 ZAF , Urban ," 1,996 "," 24,174,620 ", 1 
 ZMB , Rural ," 1,996 "," 5,583,929 ", 1 
 ZMB , Urban ," 1,996 "," 3,420,124 ", 0 
 ZWE , Rural ," 1,996 "," 7,623,737 ", 1 
 ZWE , Urban ," 1,996 "," 3,534,623 ", 0 
 AFE , Rural ," 1,997 "," 272,286,446 ", 1 
 AFE , Urban ," 1,997 "," 103,398,133 ", 0 
 AFW , Rural ," 1,997 "," 159,315,806 ", 1 
 AFW , Urban ," 1,997 "," 93,891,781 ", 0 
 AGO , Rural ," 1,997 "," 7,810,972 ", 1 
 AGO , Urban ," 1,997 "," 6,849,440 ", 0 
 BDI , Rural ," 1,997 "," 5,614,452 ", 1 
 BDI , Urban ," 1,997 "," 455,590 ", 0 
 BEN , Rural ," 1,997 "," 4,120,965 ", 1 
 BEN , Urban ," 1,997 "," 2,462,401 ", 0 
 BFA , Rural ," 1,997 "," 9,205,071 ", 1 
 BFA , Urban ," 1,997 "," 1,729,152 ", 0 
 BWA , Rural ," 1,997 "," 769,305 ", 0 
 BWA , Urban ," 1,997 "," 802,386 ", 1 
 CAF , Rural ," 1,997 "," 2,205,110 ", 1 
 CAF , Urban ," 1,997 "," 1,326,590 ", 0 
 CIV , Rural ," 1,997 "," 9,309,001 ", 1 
 CIV , Urban ," 1,997 "," 6,738,169 ", 0 
 CMR , Rural ," 1,997 "," 7,635,378 ", 1 
 CMR , Urban ," 1,997 "," 6,139,836 ", 0 
 COD , Rural ," 1,997 "," 30,653,003 ", 1 
 COD , Urban ," 1,997 "," 15,376,899 ", 0 
 COG , Rural ," 1,997 "," 1,233,185 ", 0 
 COG , Urban ," 1,997 "," 1,654,677 ", 1 
 COM , Rural ," 1,997 "," 364,478 ", 1 
 COM , Urban ," 1,997 "," 143,299 ", 0 
 CPV , Rural ," 1,997 "," 210,487 ", 0 
 CPV , Urban ," 1,997 "," 222,311 ", 1 
 ERI , Rural ," 1,997 "," 1,486,563 ", 1 
 ERI , Urban ," 1,997 "," 665,571 ", 0 
 ETH , Rural ," 1,997 "," 52,619,180 ", 1 
 ETH , Urban ," 1,997 "," 8,785,359 ", 0 
 GAB , Rural ," 1,997 "," 273,156 ", 0 
 GAB , Urban ," 1,997 "," 908,283 ", 1 
 GHA , Rural ," 1,997 "," 10,642,714 ", 1 
 GHA , Urban ," 1,997 "," 7,596,244 ", 0 
 GIN , Rural ," 1,997 "," 5,547,769 ", 1 
 GIN , Urban ," 1,997 "," 2,383,601 ", 0 
 GMB , Rural ," 1,997 "," 770,796 ", 1 
 GMB , Urban ," 1,997 "," 568,094 ", 0 
 GNB , Rural ," 1,997 "," 748,612 ", 1 
 GNB , Urban ," 1,997 "," 416,933 ", 0 
 GNQ , Rural ," 1,997 "," 377,485 ", 1 
 GNQ , Urban ," 1,997 "," 239,408 ", 0 
 KEN , Rural ," 1,997 "," 22,830,552 ", 1 
 KEN , Urban ," 1,997 "," 5,271,216 ", 0 
 LBR , Rural ," 1,997 "," 1,374,841 ", 1 
 LBR , Urban ," 1,997 "," 1,038,148 ", 0 
 LSO , Rural ," 1,997 "," 1,636,968 ", 1 
 LSO , Urban ," 1,997 "," 351,162 ", 0 
 MDG , Rural ," 1,997 "," 11,378,169 ", 1 
 MDG , Urban ," 1,997 "," 3,612,645 ", 0 
 MLI , Rural ," 1,997 "," 8,720,058 ", 1 
 MLI , Urban ," 1,997 "," 1,926,437 ", 0 
 MOZ , Rural ," 1,997 "," 12,110,359 ", 1 
 MOZ , Urban ," 1,997 "," 4,839,623 ", 0 
 MRT , Rural ," 1,997 "," 1,487,277 ", 1 
 MRT , Urban ," 1,997 "," 924,029 ", 0 
 MUS , Rural ," 1,997 "," 678,345 ", 1 
 MUS , Urban ," 1,997 "," 505,954 ", 0 
 MWI , Rural ," 1,997 "," 9,059,143 ", 1 
 MWI , Urban ," 1,997 "," 1,502,892 ", 0 
 NAM , Rural ," 1,997 "," 1,183,521 ", 1 
 NAM , Urban ," 1,997 "," 505,743 ", 0 
 NER , Rural ," 1,997 "," 8,733,637 ", 1 
 NER , Urban ," 1,997 "," 1,650,333 ", 0 
 NGA , Rural ," 1,997 "," 69,151,508 ", 1 
 NGA , Urban ," 1,997 "," 47,603,284 ", 0 
 RWA , Rural ," 1,997 "," 6,837,445 ", 1 
 RWA , Urban ," 1,997 "," 917,793 ", 0 
 SDN , Rural ," 1,997 "," 17,487,645 ", 1 
 SDN , Urban ," 1,997 "," 8,312,176 ", 0 
 SEN , Rural ," 1,997 "," 5,558,232 ", 1 
 SEN , Urban ," 1,997 "," 3,725,263 ", 0 
 SLE , Rural ," 1,997 "," 2,769,213 ", 1 
 SLE , Urban ," 1,997 "," 1,484,503 ", 0 
 SOM , Rural ," 1,997 "," 5,335,230 ", 1 
 SOM , Urban ," 1,997 "," 2,489,295 ", 0 
 SSA , Rural ," 1,997 "," 431,602,252 ", 1 
 SSA , Urban ," 1,997 "," 197,289,914 ", 0 
 SSD , Rural ," 1,997 "," 4,666,263 ", 1 
 SSD , Urban ," 1,997 "," 842,873 ", 0 
 STP , Rural ," 1,997 "," 69,140 ", 0 
 STP , Urban ," 1,997 "," 69,782 ", 1 
 SWZ , Rural ," 1,997 "," 774,474 ", 1 
 SWZ , Urban ," 1,997 "," 232,161 ", 0 
 SYC , Rural ," 1,997 "," 44,303 ", 1 
 SYC , Urban ," 1,997 "," 35,347 ", 0 
 TCD , Rural ," 1,997 "," 6,016,492 ", 1 
 TCD , Urban ," 1,997 "," 1,653,874 ", 0 
 TGO , Rural ," 1,997 "," 3,224,820 ", 1 
 TGO , Urban ," 1,997 "," 1,500,210 ", 0 
 TZA , Rural ," 1,997 "," 24,902,731 ", 1 
 TZA , Urban ," 1,997 "," 6,675,358 ", 0 
 UGA , Rural ," 1,997 "," 19,441,810 ", 1 
 UGA , Urban ," 1,997 "," 2,414,236 ", 0 
 ZAF , Rural ," 1,997 "," 21,004,911 ", 0 
 ZAF , Urban ," 1,997 "," 24,661,927 ", 1 
 ZMB , Rural ," 1,997 "," 5,784,628 ", 1 
 ZMB , Urban ," 1,997 "," 3,452,434 ", 0 
 ZWE , Rural ," 1,997 "," 7,742,856 ", 1 
 ZWE , Urban ," 1,997 "," 3,626,972 ", 0 
 AFE , Rural ," 1,998 "," 278,276,184 ", 1 
 AFE , Urban ," 1,998 "," 107,266,134 ", 0 
 AFW , Rural ," 1,998 "," 162,242,360 ", 1 
 AFW , Urban ," 1,998 "," 98,055,472 ", 0 
 AGO , Rural ," 1,998 "," 7,883,933 ", 1 
 AGO , Urban ," 1,998 "," 7,275,437 ", 0 
 BDI , Rural ," 1,998 "," 5,712,040 ", 1 
 BDI , Urban ," 1,998 "," 475,068 ", 0 
 BEN , Rural ," 1,998 "," 4,231,237 ", 1 
 BEN , Urban ," 1,998 "," 2,558,252 ", 0 
 BFA , Rural ," 1,998 "," 9,392,351 ", 1 
 BFA , Urban ," 1,998 "," 1,848,313 ", 0 
 BWA , Rural ," 1,998 "," 775,509 ", 0 
 BWA , Urban ," 1,998 "," 831,391 ", 1 
 CAF , Rural ," 1,998 "," 2,264,167 ", 1 
 CAF , Urban ," 1,998 "," 1,364,659 ", 0 
 CIV , Rural ," 1,998 "," 9,607,232 ", 1 
 CIV , Urban ," 1,998 "," 7,056,716 ", 0 
 CMR , Rural ," 1,998 "," 7,758,673 ", 1 
 CMR , Urban ," 1,998 "," 6,386,187 ", 0 
 COD , Rural ," 1,998 "," 31,265,693 ", 1 
 COD , Urban ," 1,998 "," 16,031,907 ", 0 
 COG , Rural ," 1,998 "," 1,245,536 ", 0 
 COG , Urban ," 1,998 "," 1,706,525 ", 1 
 COM , Rural ," 1,998 "," 371,149 ", 1 
 COM , Urban ," 1,998 "," 145,449 ", 0 
 CPV , Rural ," 1,998 "," 210,131 ", 0 
 CPV , Urban ," 1,998 "," 229,653 ", 1 
 ERI , Rural ," 1,998 "," 1,473,958 ", 1 
 ERI , Urban ," 1,998 "," 706,461 ", 0 
 ETH , Rural ," 1,998 "," 54,167,232 ", 1 
 ETH , Urban ," 1,998 "," 9,196,292 ", 0 
 GAB , Rural ," 1,998 "," 269,030 ", 0 
 GAB , Urban ," 1,998 "," 942,706 ", 1 
 GHA , Rural ," 1,998 "," 10,754,418 ", 1 
 GHA , Urban ," 1,998 "," 7,933,618 ", 0 
 GIN , Rural ," 1,998 "," 5,629,927 ", 1 
 GIN , Urban ," 1,998 "," 2,452,063 ", 0 
 GMB , Rural ," 1,998 "," 771,636 ", 1 
 GMB , Urban ," 1,998 "," 605,351 ", 0 
 GNB , Rural ," 1,998 "," 758,207 ", 1 
 GNB , Urban ," 1,998 "," 429,266 ", 0 
 GNQ , Rural ," 1,998 "," 392,516 ", 1 
 GNQ , Urban ," 1,998 "," 248,958 ", 0 
 KEN , Rural ," 1,998 "," 23,434,029 ", 1 
 KEN , Urban ," 1,998 "," 5,454,028 ", 0 
 LBR , Rural ," 1,998 "," 1,516,913 ", 1 
 LBR , Urban ," 1,998 "," 1,153,211 ", 0 
 LSO , Rural ," 1,998 "," 1,633,995 ", 1 
 LSO , Urban ," 1,998 "," 364,054 ", 0 
 MDG , Rural ," 1,998 "," 11,709,179 ", 1 
 MDG , Urban ," 1,998 "," 3,780,185 ", 0 
 MLI , Rural ," 1,998 "," 8,914,259 ", 1 
 MLI , Urban ," 1,998 "," 2,005,314 ", 0 
 MOZ , Rural ," 1,998 "," 12,342,864 ", 1 
 MOZ , Urban ," 1,998 "," 4,997,600 ", 0 
 MRT , Rural ," 1,998 "," 1,529,534 ", 1 
 MRT , Urban ," 1,998 "," 945,117 ", 0 
 MUS , Rural ," 1,998 "," 687,398 ", 1 
 MUS , Urban ," 1,998 "," 507,707 ", 0 
 MWI , Rural ," 1,998 "," 9,236,247 ", 1 
 MWI , Urban ," 1,998 "," 1,556,629 ", 0 
 NAM , Rural ," 1,998 "," 1,201,802 ", 1 
 NAM , Urban ," 1,998 "," 530,943 ", 0 
 NER , Rural ," 1,998 "," 9,025,760 ", 1 
 NER , Urban ," 1,998 "," 1,715,652 ", 0 
 NGA , Rural ," 1,998 "," 69,989,117 ", 1 
 NGA , Urban ," 1,998 "," 49,857,137 ", 0 
 RWA , Rural ," 1,998 "," 7,004,765 ", 1 
 RWA , Urban ," 1,998 "," 1,076,916 ", 0 
 SDN , Rural ," 1,998 "," 17,922,107 ", 1 
 SDN , Urban ," 1,998 "," 8,536,892 ", 0 
 SEN , Rural ," 1,998 "," 5,673,645 ", 1 
 SEN , Urban ," 1,998 "," 3,829,307 ", 0 
 SLE , Rural ," 1,998 "," 2,787,843 ", 1 
 SLE , Urban ," 1,998 "," 1,507,942 ", 0 
 SOM , Rural ," 1,998 "," 5,528,434 ", 1 
 SOM , Urban ," 1,998 "," 2,626,983 ", 0 
 SSA , Rural ," 1,998 "," 440,518,543 ", 1 
 SSA , Urban ," 1,998 "," 205,321,607 ", 0 
 SSD , Rural ," 1,998 "," 4,745,462 ", 1 
 SSD , Urban ," 1,998 "," 874,606 ", 0 
 STP , Rural ," 1,998 "," 68,811 ", 0 
 STP , Urban ," 1,998 "," 71,940 ", 1 
 SWZ , Rural ," 1,998 "," 784,831 ", 1 
 SWZ , Urban ," 1,998 "," 234,821 ", 0 
 SYC , Rural ," 1,998 "," 45,242 ", 1 
 SYC , Urban ," 1,998 "," 35,480 ", 0 
 TCD , Rural ," 1,998 "," 6,224,483 ", 1 
 TCD , Urban ," 1,998 "," 1,714,357 ", 0 
 TGO , Rural ," 1,998 "," 3,295,746 ", 1 
 TGO , Urban ," 1,998 "," 1,565,167 ", 0 
 TZA , Rural ," 1,998 "," 25,459,547 ", 1 
 TZA , Urban ," 1,998 "," 6,960,911 ", 0 
 UGA , Rural ," 1,998 "," 19,989,226 ", 1 
 UGA , Urban ," 1,998 "," 2,526,580 ", 0 
 ZAF , Rural ," 1,998 "," 20,959,643 ", 0 
 ZAF , Urban ," 1,998 "," 25,264,237 ", 1 
 ZMB , Rural ," 1,998 "," 6,000,150 ", 1 
 ZMB , Urban ," 1,998 "," 3,482,258 ", 0 
 ZWE , Rural ," 1,998 "," 7,872,934 ", 1 
 ZWE , Urban ," 1,998 "," 3,721,363 ", 0 
 AFE , Rural ," 1,999 "," 284,416,853 ", 1 
 AFE , Urban ," 1,999 "," 111,366,316 ", 0 
 AFW , Rural ," 1,999 "," 165,160,271 ", 1 
 AFW , Urban ," 1,999 "," 102,346,028 ", 0 
 AGO , Rural ," 1,999 "," 7,949,629 ", 1 
 AGO , Urban ," 1,999 "," 7,717,605 ", 0 
 BDI , Rural ," 1,999 "," 5,839,245 ", 1 
 BDI , Urban ," 1,999 "," 497,911 ", 0 
 BEN , Rural ," 1,999 "," 4,344,079 ", 1 
 BEN , Urban ," 1,999 "," 2,658,739 ", 0 
 BFA , Rural ," 1,999 "," 9,585,960 ", 1 
 BFA , Urban ," 1,999 "," 1,988,968 ", 0 
 BWA , Rural ," 1,999 "," 780,843 ", 0 
 BWA , Urban ," 1,999 "," 861,154 ", 1 
 CAF , Rural ," 1,999 "," 2,325,239 ", 1 
 CAF , Urban ," 1,999 "," 1,404,211 ", 0 
 CIV , Rural ," 1,999 "," 9,862,890 ", 1 
 CIV , Urban ," 1,999 "," 7,353,045 ", 0 
 CMR , Rural ," 1,999 "," 7,886,197 ", 1 
 CMR , Urban ," 1,999 "," 6,638,943 ", 0 
 COD , Rural ," 1,999 "," 32,089,756 ", 1 
 COD , Urban ," 1,999 "," 16,823,215 ", 0 
 COG , Rural ," 1,999 "," 1,263,337 ", 0 
 COG , Urban ," 1,999 "," 1,769,537 ", 1 
 COM , Rural ," 1,999 "," 378,153 ", 1 
 COM , Urban ," 1,999 "," 147,733 ", 0 
 CPV , Rural ," 1,999 "," 209,549 ", 0 
 CPV , Urban ," 1,999 "," 236,971 ", 1 
 ERI , Rural ," 1,999 "," 1,471,674 ", 1 
 ERI , Urban ," 1,999 "," 741,106 ", 0 
 ETH , Rural ," 1,999 "," 55,755,792 ", 1 
 ETH , Urban ," 1,999 "," 9,618,769 ", 0 
 GAB , Rural ," 1,999 "," 264,830 ", 0 
 GAB , Urban ," 1,999 "," 978,186 ", 1 
 GHA , Rural ," 1,999 "," 10,873,709 ", 1 
 GHA , Urban ," 1,999 "," 8,276,155 ", 0 
 GIN , Rural ," 1,999 "," 5,733,498 ", 1 
 GIN , Urban ," 1,999 "," 2,531,625 ", 0 
 GMB , Rural ," 1,999 "," 771,700 ", 1 
 GMB , Urban ," 1,999 "," 644,079 ", 0 
 GNB , Rural ," 1,999 "," 768,423 ", 1 
 GNB , Urban ," 1,999 "," 441,783 ", 0 
 GNQ , Rural ," 1,999 "," 408,252 ", 1 
 GNQ , Urban ," 1,999 "," 258,962 ", 0 
 KEN , Rural ," 1,999 "," 24,075,482 ", 1 
 KEN , Urban ," 1,999 "," 5,657,926 ", 0 
 LBR , Rural ," 1,999 "," 1,595,815 ", 1 
 LBR , Urban ," 1,999 "," 1,225,869 ", 0 
 LSO , Rural ," 1,999 "," 1,627,190 ", 1 
 LSO , Urban ," 1,999 "," 376,044 ", 0 
 MDG , Rural ," 1,999 "," 12,047,011 ", 1 
 MDG , Urban ," 1,999 "," 3,953,495 ", 0 
 MLI , Rural ," 1,999 "," 9,132,477 ", 1 
 MLI , Urban ," 1,999 "," 2,094,937 ", 0 
 MOZ , Rural ," 1,999 "," 12,583,144 ", 1 
 MOZ , Urban ," 1,999 "," 5,151,362 ", 0 
 MRT , Rural ," 1,999 "," 1,573,309 ", 1 
 MRT , Urban ," 1,999 "," 968,389 ", 0 
 MUS , Rural ," 1,999 "," 696,296 ", 1 
 MUS , Urban ," 1,999 "," 509,595 ", 0 
 MWI , Rural ," 1,999 "," 9,439,278 ", 1 
 MWI , Urban ," 1,999 "," 1,608,526 ", 0 
 NAM , Rural ," 1,999 "," 1,219,079 ", 1 
 NAM , Urban ," 1,999 "," 557,289 ", 0 
 NER , Rural ," 1,999 "," 9,332,895 ", 1 
 NER , Urban ," 1,999 "," 1,784,516 ", 0 
 NGA , Rural ," 1,999 "," 70,830,258 ", 1 
 NGA , Urban ," 1,999 "," 52,217,062 ", 0 
 RWA , Rural ," 1,999 "," 6,952,340 ", 1 
 RWA , Urban ," 1,999 "," 1,195,572 ", 0 
 SDN , Rural ," 1,999 "," 18,365,672 ", 1 
 SDN , Urban ," 1,999 "," 8,764,941 ", 0 
 SEN , Rural ," 1,999 "," 5,792,363 ", 1 
 SEN , Urban ," 1,999 "," 3,938,524 ", 0 
 SLE , Rural ," 1,999 "," 2,793,200 ", 1 
 SLE , Urban ," 1,999 "," 1,524,844 ", 0 
 SOM , Rural ," 1,999 "," 5,721,417 ", 1 
 SOM , Urban ," 1,999 "," 2,770,643 ", 0 
 SSA , Rural ," 1,999 "," 449,577,124 ", 1 
 SSA , Urban ," 1,999 "," 213,712,344 ", 0 
 SSD , Rural ," 1,999 "," 4,859,089 ", 1 
 SSD , Urban ," 1,999 "," 912,539 ", 0 
 STP , Rural ," 1,999 "," 68,344 ", 0 
 STP , Urban ," 1,999 "," 74,098 ", 1 
 SWZ , Rural ," 1,999 "," 794,202 ", 1 
 SWZ , Urban ," 1,999 "," 236,580 ", 0 
 SYC , Rural ," 1,999 "," 46,227 ", 1 
 SYC , Urban ," 1,999 "," 35,794 ", 0 
 TCD , Rural ," 1,999 "," 6,444,554 ", 1 
 TCD , Urban ," 1,999 "," 1,778,151 ", 0 
 TGO , Rural ," 1,999 "," 3,367,736 ", 1 
 TGO , Urban ," 1,999 "," 1,632,533 ", 0 
 TZA , Rural ," 1,999 "," 26,033,916 ", 1 
 TZA , Urban ," 1,999 "," 7,266,414 ", 0 
 UGA , Rural ," 1,999 "," 20,601,924 ", 1 
 UGA , Urban ," 1,999 "," 2,655,357 ", 0 
 ZAF , Rural ," 1,999 "," 20,822,639 ", 0 
 ZAF , Urban ," 1,999 "," 25,907,696 ", 1 
 ZMB , Rural ," 1,999 "," 6,216,846 ", 1 
 ZMB , Urban ," 1,999 "," 3,523,159 ", 0 
 ZWE , Rural ," 1,999 "," 7,981,669 ", 1 
 ZWE , Urban ," 1,999 "," 3,801,789 ", 0 
 AFE , Rural ," 2,000 "," 290,547,665 ", 1 
 AFE , Urban ," 2,000 "," 115,640,938 ", 0 
 AFW , Rural ," 2,000 "," 168,136,418 ", 1 
 AFW , Urban ," 2,000 "," 106,832,030 ", 0 
 AGO , Rural ," 2,000 "," 8,015,315 ", 0 
 AGO , Urban ," 2,000 "," 8,179,553 ", 1 
 BDI , Rural ," 2,000 "," 5,949,744 ", 1 
 BDI , Urban ," 2,000 "," 520,450 ", 0 
 BEN , Rural ," 2,000 "," 4,457,476 ", 1 
 BEN , Urban ," 2,000 "," 2,764,143 ", 0 
 BFA , Rural ," 2,000 "," 9,778,906 ", 1 
 BFA , Urban ," 2,000 "," 2,146,640 ", 0 
 BWA , Rural ," 2,000 "," 784,935 ", 0 
 BWA , Urban ," 2,000 "," 892,447 ", 1 
 CAF , Rural ," 2,000 "," 2,388,161 ", 1 
 CAF , Urban ," 2,000 "," 1,445,255 ", 0 
 CIV , Rural ," 2,000 "," 10,073,564 ", 1 
 CIV , Urban ," 2,000 "," 7,625,440 ", 0 
 CMR , Rural ," 2,000 "," 8,016,287 ", 1 
 CMR , Urban ," 2,000 "," 6,896,344 ", 0 
 COD , Rural ," 2,000 "," 32,879,903 ", 1 
 COD , Urban ," 2,000 "," 17,627,539 ", 0 
 COG , Rural ," 2,000 "," 1,295,369 ", 0 
 COG , Urban ," 2,000 "," 1,855,977 ", 1 
 COM , Rural ," 2,000 "," 385,784 ", 1 
 COM , Urban ," 2,000 "," 150,296 ", 0 
 CPV , Rural ," 2,000 "," 208,829 ", 0 
 CPV , Urban ," 2,000 "," 244,489 ", 1 
 ERI , Rural ," 2,000 "," 1,480,830 ", 1 
 ERI , Urban ," 2,000 "," 766,201 ", 0 
 ETH , Rural ," 2,000 "," 57,354,164 ", 1 
 ETH , Urban ," 2,000 "," 10,057,330 ", 0 
 GAB , Rural ," 2,000 "," 260,650 ", 0 
 GAB , Urban ," 2,000 "," 1,014,922 ", 1 
 GHA , Rural ," 2,000 "," 11,009,066 ", 1 
 GHA , Urban ," 2,000 "," 8,628,021 ", 0 
 GIN , Rural ," 2,000 "," 5,822,375 ", 1 
 GIN , Urban ," 2,000 "," 2,606,457 ", 0 
 GMB , Rural ," 2,000 "," 771,599 ", 1 
 GMB , Urban ," 2,000 "," 683,485 ", 0 
 GNB , Rural ," 2,000 "," 779,848 ", 1 
 GNB , Urban ," 2,000 "," 454,893 ", 0 
 GNQ , Rural ," 2,000 "," 430,298 ", 1 
 GNQ , Urban ," 2,000 "," 272,981 ", 0 
 KEN , Rural ," 2,000 "," 24,681,198 ", 1 
 KEN , Urban ," 2,000 "," 5,961,692 ", 0 
 LBR , Rural ," 2,000 "," 1,646,450 ", 1 
 LBR , Urban ," 2,000 "," 1,281,666 ", 0 
 LSO , Rural ," 2,000 "," 1,616,609 ", 1 
 LSO , Urban ," 2,000 "," 387,304 ", 0 
 MDG , Rural ," 2,000 "," 12,385,672 ", 1 
 MDG , Urban ," 2,000 "," 4,130,666 ", 0 
 MLI , Rural ," 2,000 "," 9,365,611 ", 1 
 MLI , Urban ," 2,000 "," 2,193,679 ", 0 
 MOZ , Rural ," 2,000 "," 12,828,113 ", 1 
 MOZ , Urban ," 2,000 "," 5,301,540 ", 0 
 MRT , Rural ," 2,000 "," 1,618,881 ", 1 
 MRT , Urban ," 2,000 "," 994,561 ", 0 
 MUS , Rural ," 2,000 "," 704,877 ", 1 
 MUS , Urban ," 2,000 "," 511,752 ", 0 
 MWI , Rural ," 2,000 "," 9,655,094 ", 1 
 MWI , Urban ," 2,000 "," 1,660,848 ", 0 
 NAM , Rural ," 2,000 "," 1,234,554 ", 1 
 NAM , Urban ," 2,000 "," 584,093 ", 0 
 NER , Rural ," 2,000 "," 9,653,038 ", 1 
 NER , Urban ," 2,000 "," 1,856,592 ", 0 
 NGA , Rural ," 2,000 "," 71,686,040 ", 1 
 NGA , Urban ," 2,000 "," 54,696,454 ", 0 
 RWA , Rural ," 2,000 "," 6,917,735 ", 1 
 RWA , Urban ," 2,000 "," 1,296,195 ", 0 
 SDN , Rural ," 2,000 "," 18,819,812 ", 1 
 SDN , Urban ," 2,000 "," 8,996,933 ", 0 
 SEN , Rural ," 2,000 "," 5,914,492 ", 1 
 SEN , Urban ," 2,000 "," 4,053,768 ", 0 
 SLE , Rural ," 2,000 "," 2,851,779 ", 1 
 SLE , Urban ," 2,000 "," 1,571,833 ", 0 
 SOM , Rural ," 2,000 "," 5,916,669 ", 1 
 SOM , Urban ," 2,000 "," 2,922,044 ", 0 
 SSA , Rural ," 2,000 "," 458,684,084 ", 1 
 SSA , Urban ," 2,000 "," 222,472,967 ", 0 
 SSD , Rural ," 2,000 "," 5,064,520 ", 1 
 SSD , Urban ," 2,000 "," 967,748 ", 0 
 STP , Rural ," 2,000 "," 67,737 ", 0 
 STP , Urban ," 2,000 "," 76,281 ", 1 
 SWZ , Rural ," 2,000 "," 803,545 ", 1 
 SWZ , Urban ," 2,000 "," 237,869 ", 0 
 SYC , Rural ," 2,000 "," 47,160 ", 1 
 SYC , Urban ," 2,000 "," 36,158 ", 0 
 TCD , Rural ," 2,000 "," 6,668,989 ", 1 
 TCD , Urban ," 2,000 "," 1,843,104 ", 0 
 TGO , Rural ," 2,000 "," 3,438,711 ", 1 
 TGO , Urban ," 2,000 "," 1,701,325 ", 0 
 TZA , Rural ," 2,000 "," 26,656,300 ", 1 
 TZA , Urban ," 2,000 "," 7,603,838 ", 0 
 UGA , Rural ," 2,000 "," 21,206,178 ", 1 
 UGA , Urban ," 2,000 "," 2,793,972 ", 0 
 ZAF , Rural ," 2,000 "," 20,628,135 ", 0 
 ZAF , Urban ," 2,000 "," 26,531,584 ", 1 
 ZMB , Rural ," 2,000 "," 6,423,952 ", 1 
 ZMB , Urban ," 2,000 "," 3,593,680 ", 0 
 ZWE , Rural ," 2,000 "," 8,039,129 ", 1 
 ZWE , Urban ," 2,000 "," 3,852,926 ", 0 
 AFE , Rural ," 2,001 "," 296,654,969 ", 1 
 AFE , Urban ," 2,001 "," 120,185,819 ", 0 
 AFW , Rural ," 2,001 "," 171,215,394 ", 1 
 AFW , Urban ," 2,001 "," 111,565,324 ", 0 
 AGO , Rural ," 2,001 "," 8,085,137 ", 0 
 AGO , Urban ," 2,001 "," 8,662,071 ", 1 
 BDI , Rural ," 2,001 "," 6,087,622 ", 1 
 BDI , Urban ," 2,001 "," 546,743 ", 0 
 BEN , Rural ," 2,001 "," 4,570,209 ", 1 
 BEN , Urban ," 2,001 "," 2,875,387 ", 0 
 BFA , Rural ," 2,001 "," 9,976,269 ", 1 
 BFA , Urban ," 2,001 "," 2,318,732 ", 0 
 BWA , Rural ," 2,001 "," 786,798 ", 0 
 BWA , Urban ," 2,001 "," 925,456 ", 1 
 CAF , Rural ," 2,001 "," 2,439,645 ", 1 
 CAF , Urban ," 2,001 "," 1,479,842 ", 0 
 CIV , Rural ," 2,001 "," 10,277,082 ", 1 
 CIV , Urban ," 2,001 "," 7,901,831 ", 0 
 CMR , Rural ," 2,001 "," 8,150,351 ", 1 
 CMR , Urban ," 2,001 "," 7,159,139 ", 0 
 COD , Rural ," 2,001 "," 33,669,686 ", 1 
 COD , Urban ," 2,001 "," 18,462,960 ", 0 
 COG , Rural ," 2,001 "," 1,327,283 ", 0 
 COG , Urban ," 2,001 "," 1,945,255 ", 1 
 COM , Rural ," 2,001 "," 394,052 ", 1 
 COM , Urban ," 2,001 "," 153,168 ", 0 
 CPV , Rural ," 2,001 "," 208,162 ", 0 
 CPV , Urban ," 2,001 "," 252,131 ", 1 
 ERI , Rural ," 2,001 "," 1,518,450 ", 1 
 ERI , Urban ," 2,001 "," 793,628 ", 0 
 ETH , Rural ," 2,001 "," 58,982,764 ", 1 
 ETH , Urban ," 2,001 "," 10,504,998 ", 0 
 GAB , Rural ," 2,001 "," 256,560 ", 0 
 GAB , Urban ," 2,001 "," 1,053,029 ", 1 
 GHA , Rural ," 2,001 "," 11,164,277 ", 1 
 GHA , Urban ," 2,001 "," 9,002,792 ", 0 
 GIN , Rural ," 2,001 "," 5,873,981 ", 1 
 GIN , Urban ," 2,001 "," 2,665,979 ", 0 
 GMB , Rural ," 2,001 "," 772,185 ", 1 
 GMB , Urban ," 2,001 "," 722,826 ", 0 
 GNB , Rural ," 2,001 "," 792,549 ", 1 
 GNB , Urban ," 2,001 "," 468,724 ", 0 
 GNQ , Rural ," 2,001 "," 458,421 ", 1 
 GNQ , Urban ," 2,001 "," 291,415 ", 0 
 KEN , Rural ," 2,001 "," 25,155,696 ", 1 
 KEN , Urban ," 2,001 "," 6,463,474 ", 0 
 LBR , Rural ," 2,001 "," 1,684,037 ", 1 
 LBR , Urban ," 2,001 "," 1,331,301 ", 0 
 LSO , Rural ," 2,001 "," 1,602,733 ", 1 
 LSO , Urban ," 2,001 "," 398,120 ", 0 
 MDG , Rural ," 2,001 "," 12,722,244 ", 1 
 MDG , Urban ," 2,001 "," 4,310,695 ", 0 
 MLI , Rural ," 2,001 "," 9,610,944 ", 1 
 MLI , Urban ," 2,001 "," 2,301,214 ", 0 
 MOZ , Rural ," 2,001 "," 13,085,095 ", 1 
 MOZ , Urban ," 2,001 "," 5,452,634 ", 0 
 MRT , Rural ," 2,001 "," 1,657,963 ", 1 
 MRT , Urban ," 2,001 "," 1,020,797 ", 0 
 MUS , Rural ," 2,001 "," 712,402 ", 1 
 MUS , Urban ," 2,001 "," 513,399 ", 0 
 MWI , Rural ," 2,001 "," 9,879,558 ", 1 
 MWI , Urban ," 2,001 "," 1,713,500 ", 0 
 NAM , Rural ," 2,001 "," 1,246,868 ", 1 
 NAM , Urban ," 2,001 "," 610,180 ", 0 
 NER , Rural ," 2,001 "," 9,981,310 ", 1 
 NER , Urban ," 2,001 "," 1,939,337 ", 0 
 NGA , Rural ," 2,001 "," 72,559,112 ", 1 
 NGA , Urban ," 2,001 "," 57,303,483 ", 0 
 RWA , Rural ," 2,001 "," 6,915,684 ", 1 
 RWA , Urban ," 2,001 "," 1,371,410 ", 0 
 SDN , Rural ," 2,001 "," 19,284,169 ", 1 
 SDN , Urban ," 2,001 "," 9,232,601 ", 0 
 SEN , Rural ," 2,001 "," 6,038,265 ", 1 
 SEN , Urban ," 2,001 "," 4,174,677 ", 0 
 SLE , Rural ," 2,001 "," 3,014,429 ", 1 
 SLE , Urban ," 2,001 "," 1,678,287 ", 0 
 SOM , Rural ," 2,001 "," 6,115,819 ", 1 
 SOM , Urban ," 2,001 "," 3,082,674 ", 0 
 SSA , Rural ," 2,001 "," 467,870,363 ", 1 
 SSA , Urban ," 2,001 "," 231,751,143 ", 0 
 SSD , Rural ," 2,001 "," 5,282,902 ", 1 
 SSD , Urban ," 2,001 "," 1,025,490 ", 0 
 STP , Rural ," 2,001 "," 67,389 ", 0 
 STP , Urban ," 2,001 "," 78,986 ", 1 
 SWZ , Rural ," 2,001 "," 812,372 ", 1 
 SWZ , Urban ," 2,001 "," 238,692 ", 0 
 SYC , Rural ," 2,001 "," 48,042 ", 1 
 SYC , Urban ," 2,001 "," 36,564 ", 0 
 TCD , Rural ," 2,001 "," 6,895,557 ", 1 
 TCD , Urban ," 2,001 "," 1,908,567 ", 0 
 TGO , Rural ," 2,001 "," 3,506,801 ", 1 
 TGO , Urban ," 2,001 "," 1,770,581 ", 0 
 TZA , Rural ," 2,001 "," 27,244,778 ", 1 
 TZA , Urban ," 2,001 "," 7,953,521 ", 0 
 UGA , Rural ," 2,001 "," 21,800,597 ", 1 
 UGA , Urban ," 2,001 "," 2,945,079 ", 0 
 ZAF , Rural ," 2,001 "," 20,453,042 ", 0 
 ZAF , Urban ," 2,001 "," 27,113,758 ", 1 
 ZMB , Rural ," 2,001 "," 6,620,029 ", 1 
 ZMB , Urban ," 2,001 "," 3,705,157 ", 0 
 ZWE , Rural ," 2,001 "," 8,081,042 ", 1 
 ZWE , Urban ," 2,001 "," 3,890,860 ", 0 
 AFE , Rural ," 2,002 "," 302,825,233 ", 1 
 AFE , Urban ," 2,002 "," 125,026,724 ", 0 
 AFW , Rural ," 2,002 "," 174,361,493 ", 1 
 AFW , Urban ," 2,002 "," 116,480,297 ", 0 
 AGO , Rural ," 2,002 "," 8,162,624 ", 0 
 AGO , Urban ," 2,002 "," 9,165,075 ", 1 
 BDI , Rural ," 2,002 "," 6,247,419 ", 1 
 BDI , Urban ," 2,002 "," 576,713 ", 0 
 BEN , Rural ," 2,002 "," 4,681,741 ", 1 
 BEN , Urban ," 2,002 "," 2,993,685 ", 0 
 BFA , Rural ," 2,002 "," 10,179,582 ", 1 
 BFA , Urban ," 2,002 "," 2,501,314 ", 0 
 BWA , Rural ," 2,002 "," 784,894 ", 0 
 BWA , Urban ," 2,002 "," 959,869 ", 1 
 CAF , Rural ," 2,002 "," 2,491,100 ", 1 
 CAF , Urban ," 2,002 "," 1,514,977 ", 0 
 CIV , Rural ," 2,002 "," 10,472,969 ", 1 
 CIV , Urban ," 2,002 "," 8,181,802 ", 0 
 CMR , Rural ," 2,002 "," 8,293,813 ", 1 
 CMR , Urban ," 2,002 "," 7,431,715 ", 0 
 COD , Rural ," 2,002 "," 34,434,164 ", 1 
 COD , Urban ," 2,002 "," 19,316,360 ", 0 
 COG , Rural ," 2,002 "," 1,341,259 ", 0 
 COG , Urban ," 2,002 "," 2,009,511 ", 1 
 COM , Rural ," 2,002 "," 402,657 ", 1 
 COM , Urban ," 2,002 "," 156,267 ", 0 
 CPV , Rural ," 2,002 "," 207,507 ", 0 
 CPV , Urban ," 2,002 "," 259,539 ", 1 
 ERI , Rural ," 2,002 "," 1,566,394 ", 1 
 ERI , Urban ," 2,002 "," 826,584 ", 0 
 ETH , Rural ," 2,002 "," 60,651,476 ", 1 
 ETH , Urban ," 2,002 "," 10,984,041 ", 0 
 GAB , Rural ," 2,002 "," 252,609 ", 0 
 GAB , Urban ," 2,002 "," 1,092,526 ", 1 
 GHA , Rural ," 2,002 "," 11,328,928 ", 1 
 GHA , Urban ," 2,002 "," 9,400,460 ", 0 
 GIN , Rural ," 2,002 "," 5,940,596 ", 1 
 GIN , Urban ," 2,002 "," 2,733,470 ", 0 
 GMB , Rural ," 2,002 "," 774,401 ", 1 
 GMB , Urban ," 2,002 "," 761,290 ", 0 
 GNB , Rural ," 2,002 "," 806,159 ", 1 
 GNB , Urban ," 2,002 "," 483,148 ", 0 
 GNQ , Rural ," 2,002 "," 485,182 ", 1 
 GNQ , Urban ," 2,002 "," 312,775 ", 0 
 KEN , Rural ," 2,002 "," 25,497,370 ", 1 
 KEN , Urban ," 2,002 "," 7,132,438 ", 0 
 LBR , Rural ," 2,002 "," 1,715,540 ", 1 
 LBR , Urban ," 2,002 "," 1,379,242 ", 0 
 LSO , Rural ," 2,002 "," 1,585,917 ", 1 
 LSO , Urban ," 2,002 "," 408,762 ", 0 
 MDG , Rural ," 2,002 "," 13,056,477 ", 1 
 MDG , Urban ," 2,002 "," 4,493,436 ", 0 
 MLI , Rural ," 2,002 "," 9,869,848 ", 1 
 MLI , Urban ," 2,002 "," 2,418,202 ", 0 
 MOZ , Rural ," 2,002 "," 13,352,617 ", 1 
 MOZ , Urban ," 2,002 "," 5,605,721 ", 0 
 MRT , Rural ," 2,002 "," 1,687,284 ", 1 
 MRT , Urban ," 2,002 "," 1,051,370 ", 0 
 MUS , Rural ," 2,002 "," 719,488 ", 1 
 MUS , Urban ," 2,002 "," 514,597 ", 0 
 MWI , Rural ," 2,002 "," 10,113,551 ", 1 
 MWI , Urban ," 2,002 "," 1,766,889 ", 0 
 NAM , Rural ," 2,002 "," 1,254,072 ", 1 
 NAM , Urban ," 2,002 "," 635,898 ", 0 
 NER , Rural ," 2,002 "," 10,340,096 ", 1 
 NER , Urban ," 2,002 "," 2,009,048 ", 0 
 NGA , Rural ," 2,002 "," 73,437,219 ", 1 
 NGA , Urban ," 2,002 "," 60,034,769 ", 0 
 RWA , Rural ," 2,002 "," 6,982,407 ", 1 
 RWA , Urban ," 2,002 "," 1,417,773 ", 0 
 SDN , Rural ," 2,002 "," 19,757,485 ", 1 
 SDN , Urban ," 2,002 "," 9,471,242 ", 0 
 SEN , Rural ," 2,002 "," 6,163,747 ", 1 
 SEN , Urban ," 2,002 "," 4,302,467 ", 0 
 SLE , Rural ," 2,002 "," 3,181,306 ", 1 
 SLE , Urban ," 2,002 "," 1,790,128 ", 0 
 SOM , Rural ," 2,002 "," 6,304,263 ", 1 
 SOM , Urban ," 2,002 "," 3,245,800 ", 0 
 SSA , Rural ," 2,002 "," 477,186,726 ", 1 
 SSA , Urban ," 2,002 "," 241,507,021 ", 0 
 SSD , Rural ," 2,002 "," 5,511,787 ", 1 
 SSD , Urban ," 2,002 "," 1,085,019 ", 0 
 STP , Rural ," 2,002 "," 67,333 ", 0 
 STP , Urban ," 2,002 "," 82,589 ", 1 
 SWZ , Rural ," 2,002 "," 820,335 ", 1 
 SWZ , Urban ," 2,002 "," 239,106 ", 0 
 SYC , Rural ," 2,002 "," 48,857 ", 1 
 SYC , Urban ," 2,002 "," 37,000 ", 0 
 TCD , Rural ," 2,002 "," 7,137,908 ", 1 
 TCD , Urban ," 2,002 "," 1,978,284 ", 0 
 TGO , Rural ," 2,002 "," 3,572,699 ", 1 
 TGO , Urban ," 2,002 "," 1,840,575 ", 0 
 TZA , Rural ," 2,002 "," 27,802,318 ", 1 
 TZA , Urban ," 2,002 "," 8,318,986 ", 0 
 UGA , Rural ," 2,002 "," 22,417,147 ", 1 
 UGA , Urban ," 2,002 "," 3,115,723 ", 0 
 ZAF , Rural ," 2,002 "," 20,325,486 ", 0 
 ZAF , Urban ," 2,002 "," 27,693,929 ", 1 
 ZMB , Rural ," 2,002 "," 6,807,170 ", 1 
 ZMB , Urban ," 2,002 "," 3,840,779 ", 0 
 ZWE , Rural ," 2,002 "," 8,151,528 ", 1 
 ZWE , Urban ," 2,002 "," 3,936,125 ", 0 
 AFE , Rural ," 2,003 "," 309,025,785 ", 1 
 AFE , Urban ," 2,003 "," 130,180,481 ", 0 
 AFW , Rural ," 2,003 "," 177,556,688 ", 1 
 AFW , Urban ," 2,003 "," 121,586,155 ", 0 
 AGO , Rural ," 2,003 "," 8,253,326 ", 0 
 AGO , Urban ," 2,003 "," 9,690,386 ", 1 
 BDI , Rural ," 2,003 "," 6,432,080 ", 1 
 BDI , Urban ," 2,003 "," 611,074 ", 0 
 BEN , Rural ," 2,003 "," 4,793,978 ", 1 
 BEN , Urban ," 2,003 "," 3,119,092 ", 0 
 BFA , Rural ," 2,003 "," 10,392,328 ", 1 
 BFA , Urban ," 2,003 "," 2,690,204 ", 0 
 BWA , Rural ," 2,003 "," 779,585 ", 0 
 BWA , Urban ," 2,003 "," 996,151 ", 1 
 CAF , Rural ," 2,003 "," 2,548,578 ", 1 
 CAF , Urban ," 2,003 "," 1,554,508 ", 0 
 CIV , Rural ," 2,003 "," 10,660,697 ", 1 
 CIV , Urban ," 2,003 "," 8,464,845 ", 0 
 CMR , Rural ," 2,003 "," 8,446,597 ", 1 
 CMR , Urban ," 2,003 "," 7,713,743 ", 0 
 COD , Rural ," 2,003 "," 35,162,470 ", 1 
 COD , Urban ," 2,003 "," 20,181,397 ", 0 
 COG , Rural ," 2,003 "," 1,362,124 ", 0 
 COG , Urban ," 2,003 "," 2,083,628 ", 1 
 COM , Rural ," 2,003 "," 410,569 ", 1 
 COM , Urban ," 2,003 "," 159,229 ", 0 
 CPV , Rural ," 2,003 "," 206,728 ", 0 
 CPV , Urban ," 2,003 "," 266,655 ", 1 
 ERI , Rural ," 2,003 "," 1,627,393 ", 1 
 ERI , Urban ," 2,003 "," 866,510 ", 0 
 ETH , Rural ," 2,003 "," 62,356,222 ", 1 
 ETH , Urban ," 2,003 "," 11,476,441 ", 0 
 GAB , Rural ," 2,003 "," 248,863 ", 0 
 GAB , Urban ," 2,003 "," 1,133,487 ", 1 
 GHA , Rural ," 2,003 "," 11,488,551 ", 1 
 GHA , Urban ," 2,003 "," 9,808,154 ", 0 
 GIN , Rural ," 2,003 "," 6,049,110 ", 1 
 GIN , Urban ," 2,003 "," 2,821,671 ", 0 
 GMB , Rural ," 2,003 "," 779,324 ", 0 
 GMB , Urban ," 2,003 "," 798,287 ", 1 
 GNB , Rural ," 2,003 "," 820,597 ", 1 
 GNB , Urban ," 2,003 "," 498,209 ", 0 
 GNQ , Rural ," 2,003 "," 509,600 ", 1 
 GNQ , Urban ," 2,003 "," 338,262 ", 0 
 KEN , Rural ," 2,003 "," 25,722,450 ", 1 
 KEN , Urban ," 2,003 "," 7,929,773 ", 0 
 LBR , Rural ," 2,003 "," 1,715,728 ", 1 
 LBR , Urban ," 2,003 "," 1,403,804 ", 0 
 LSO , Rural ," 2,003 "," 1,565,753 ", 1 
 LSO , Urban ," 2,003 "," 419,306 ", 0 
 MDG , Rural ," 2,003 "," 13,391,828 ", 1 
 MDG , Urban ," 2,003 "," 4,680,026 ", 0 
 MLI , Rural ," 2,003 "," 10,140,426 ", 1 
 MLI , Urban ," 2,003 "," 2,544,529 ", 0 
 MOZ , Rural ," 2,003 "," 13,630,072 ", 1 
 MOZ , Urban ," 2,003 "," 5,762,403 ", 0 
 MRT , Rural ," 2,003 "," 1,712,423 ", 1 
 MRT , Urban ," 2,003 "," 1,089,623 ", 0 
 MUS , Rural ," 2,003 "," 726,470 ", 1 
 MUS , Urban ," 2,003 "," 515,629 ", 0 
 MWI , Rural ," 2,003 "," 10,359,803 ", 1 
 MWI , Urban ," 2,003 "," 1,821,771 ", 0 
 NAM , Rural ," 2,003 "," 1,255,057 ", 1 
 NAM , Urban ," 2,003 "," 662,407 ", 0 
 NER , Rural ," 2,003 "," 10,715,078 ", 1 
 NER , Urban ," 2,003 "," 2,081,906 ", 0 
 NGA , Rural ," 2,003 "," 74,312,783 ", 1 
 NGA , Urban ," 2,003 "," 62,889,861 ", 0 
 RWA , Rural ," 2,003 "," 7,136,145 ", 1 
 RWA , Urban ," 2,003 "," 1,450,730 ", 0 
 SDN , Rural ," 2,003 "," 20,201,597 ", 1 
 SDN , Urban ," 2,003 "," 9,694,438 ", 0 
 SEN , Rural ," 2,003 "," 6,287,011 ", 1 
 SEN , Urban ," 2,003 "," 4,434,165 ", 0 
 SLE , Rural ," 2,003 "," 3,299,789 ", 1 
 SLE , Urban ," 2,003 "," 1,877,898 ", 0 
 SOM , Rural ," 2,003 "," 6,493,276 ", 1 
 SOM , Urban ," 2,003 "," 3,415,881 ", 0 
 SSA , Rural ," 2,003 "," 486,582,473 ", 1 
 SSA , Urban ," 2,003 "," 251,766,636 ", 0 
 SSD , Rural ," 2,003 "," 5,756,141 ", 1 
 SSD , Urban ," 2,003 "," 1,146,985 ", 0 
 STP , Rural ," 2,003 "," 67,043 ", 0 
 STP , Urban ," 2,003 "," 86,771 ", 1 
 SWZ , Rural ," 2,003 "," 827,426 ", 1 
 SWZ , Urban ," 2,003 "," 239,274 ", 0 
 SYC , Rural ," 2,003 "," 49,605 ", 1 
 SYC , Urban ," 2,003 "," 37,429 ", 0 
 TCD , Rural ," 2,003 "," 7,427,009 ", 1 
 TCD , Urban ," 2,003 "," 2,060,824 ", 0 
 TGO , Rural ," 2,003 "," 3,639,367 ", 1 
 TGO , Urban ," 2,003 "," 1,912,799 ", 0 
 TZA , Rural ," 2,003 "," 28,366,014 ", 1 
 TZA , Urban ," 2,003 "," 8,723,541 ", 0 
 UGA , Rural ," 2,003 "," 23,034,283 ", 1 
 UGA , Urban ," 2,003 "," 3,317,841 ", 0 
 ZAF , Rural ," 2,003 "," 20,189,514 ", 0 
 ZAF , Urban ," 2,003 "," 28,310,834 ", 1 
 ZMB , Rural ," 2,003 "," 6,987,120 ", 1 
 ZMB , Urban ," 2,003 "," 3,996,475 ", 0 
 ZWE , Rural ," 2,003 "," 8,244,544 ", 1 
 ZWE , Urban ," 2,003 "," 3,987,778 ", 0 
 AFE , Rural ," 2,004 "," 315,273,686 ", 1 
 AFE , Urban ," 2,004 "," 135,688,834 ", 0 
 AFW , Rural ," 2,004 "," 180,819,822 ", 1 
 AFW , Urban ," 2,004 "," 126,905,277 ", 0 
 AGO , Rural ," 2,004 "," 8,361,908 ", 0 
 AGO , Urban ," 2,004 "," 10,238,515 ", 1 
 BDI , Rural ," 2,004 "," 6,658,651 ", 1 
 BDI , Urban ," 2,004 "," 652,005 ", 0 
 BEN , Rural ," 2,004 "," 4,907,485 ", 1 
 BEN , Urban ," 2,004 "," 3,251,609 ", 0 
 BFA , Rural ," 2,004 "," 10,619,626 ", 1 
 BFA , Urban ," 2,004 "," 2,880,908 ", 0 
 BWA , Rural ," 2,004 "," 772,406 ", 0 
 BWA , Urban ," 2,004 "," 1,034,740 ", 1 
 CAF , Rural ," 2,004 "," 2,601,117 ", 1 
 CAF , Urban ," 2,004 "," 1,591,709 ", 0 
 CIV , Rural ," 2,004 "," 10,842,431 ", 1 
 CIV , Urban ," 2,004 "," 8,752,569 ", 0 
 CMR , Rural ," 2,004 "," 8,607,108 ", 1 
 CMR , Urban ," 2,004 "," 8,003,379 ", 0 
 COD , Rural ," 2,004 "," 35,908,577 ", 1 
 COD , Urban ," 2,004 "," 21,089,164 ", 0 
 COG , Rural ," 2,004 "," 1,393,397 ", 0 
 COG , Urban ," 2,004 "," 2,172,157 ", 1 
 COM , Rural ," 2,004 "," 418,341 ", 1 
 COM , Urban ," 2,004 "," 162,363 ", 0 
 CPV , Rural ," 2,004 "," 205,804 ", 0 
 CPV , Urban ," 2,004 "," 273,566 ", 1 
 ERI , Rural ," 2,004 "," 1,690,639 ", 1 
 ERI , Urban ," 2,004 "," 907,645 ", 0 
 ETH , Rural ," 2,004 "," 64,088,510 ", 1 
 ETH , Urban ," 2,004 "," 11,988,696 ", 0 
 GAB , Rural ," 2,004 "," 245,433 ", 0 
 GAB , Urban ," 2,004 "," 1,176,176 ", 1 
 GHA , Rural ," 2,004 "," 11,643,294 ", 1 
 GHA , Urban ," 2,004 "," 10,225,004 ", 0 
 GIN , Rural ," 2,004 "," 6,153,296 ", 1 
 GIN , Urban ," 2,004 "," 2,909,430 ", 0 
 GMB , Rural ," 2,004 "," 786,236 ", 0 
 GMB , Urban ," 2,004 "," 835,076 ", 1 
 GNB , Rural ," 2,004 "," 835,673 ", 1 
 GNB , Urban ," 2,004 "," 513,889 ", 0 
 GNQ , Rural ," 2,004 "," 531,577 ", 1 
 GNQ , Urban ," 2,004 "," 368,339 ", 0 
 KEN , Rural ," 2,004 "," 25,891,116 ", 1 
 KEN , Urban ," 2,004 "," 8,822,339 ", 0 
 LBR , Rural ," 2,004 "," 1,722,575 ", 1 
 LBR , Urban ," 2,004 "," 1,434,317 ", 0 
 LSO , Rural ," 2,004 "," 1,541,435 ", 1 
 LSO , Urban ," 2,004 "," 429,694 ", 0 
 MDG , Rural ," 2,004 "," 13,734,100 ", 1 
 MDG , Urban ," 2,004 "," 4,872,508 ", 0 
 MLI , Rural ," 2,004 "," 10,422,042 ", 1 
 MLI , Urban ," 2,004 "," 2,680,367 ", 0 
 MOZ , Rural ," 2,004 "," 13,916,152 ", 1 
 MOZ , Urban ," 2,004 "," 5,924,161 ", 0 
 MRT , Rural ," 2,004 "," 1,733,575 ", 1 
 MRT , Urban ," 2,004 "," 1,135,089 ", 0 
 MUS , Rural ," 2,004 "," 733,301 ", 1 
 MUS , Urban ," 2,004 "," 516,499 ", 0 
 MWI , Rural ," 2,004 "," 10,621,676 ", 1 
 MWI , Urban ," 2,004 "," 1,879,061 ", 0 
 NAM , Rural ," 2,004 "," 1,251,951 ", 1 
 NAM , Urban ," 2,004 "," 690,131 ", 0 
 NER , Rural ," 2,004 "," 11,107,654 ", 1 
 NER , Urban ," 2,004 "," 2,158,182 ", 0 
 NGA , Rural ," 2,004 "," 75,184,138 ", 1 
 NGA , Urban ," 2,004 "," 65,872,907 ", 0 
 RWA , Rural ," 2,004 "," 7,326,620 ", 1 
 RWA , Urban ," 2,004 "," 1,490,224 ", 0 
 SDN , Rural ," 2,004 "," 20,642,243 ", 1 
 SDN , Urban ," 2,004 "," 9,914,394 ", 0 
 SEN , Rural ," 2,004 "," 6,407,087 ", 1 
 SEN , Urban ," 2,004 "," 4,568,617 ", 0 
 SLE , Rural ," 2,004 "," 3,398,249 ", 1 
 SLE , Urban ," 2,004 "," 1,957,468 ", 0 
 SOM , Rural ," 2,004 "," 6,686,548 ", 1 
 SOM , Urban ," 2,004 "," 3,594,450 ", 0 
 SSA , Rural ," 2,004 "," 496,093,508 ", 1 
 SSA , Urban ," 2,004 "," 262,594,111 ", 0 
 SSD , Rural ," 2,004 "," 6,021,007 ", 1 
 SSD , Urban ," 2,004 "," 1,212,034 ", 0 
 STP , Rural ," 2,004 "," 66,429 ", 0 
 STP , Urban ," 2,004 "," 91,276 ", 1 
 SWZ , Rural ," 2,004 "," 833,761 ", 1 
 SWZ , Urban ," 2,004 "," 239,397 ", 0 
 SYC , Rural ," 2,004 "," 50,316 ", 1 
 SYC , Urban ," 2,004 "," 37,840 ", 0 
 TCD , Rural ," 2,004 "," 7,763,640 ", 1 
 TCD , Urban ," 2,004 "," 2,156,396 ", 0 
 TGO , Rural ," 2,004 "," 3,708,384 ", 1 
 TGO , Urban ," 2,004 "," 1,988,124 ", 0 
 TZA , Rural ," 2,004 "," 28,931,623 ", 1 
 TZA , Urban ," 2,004 "," 9,178,045 ", 0 
 UGA , Rural ," 2,004 "," 23,591,269 ", 1 
 UGA , Urban ," 2,004 "," 3,563,246 ", 0 
 ZAF , Rural ," 2,004 "," 20,038,598 ", 0 
 ZAF , Urban ," 2,004 "," 28,952,822 ", 1 
 ZMB , Rural ," 2,004 "," 7,165,334 ", 1 
 ZMB , Urban ," 2,004 "," 4,172,864 ", 0 
 ZWE , Rural ," 2,004 "," 8,331,174 ", 1 
 ZWE , Urban ," 2,004 "," 4,034,722 ", 0 
 AFE , Rural ," 2,005 "," 321,686,354 ", 1 
 AFE , Urban ," 2,005 "," 141,425,651 ", 0 
 AFW , Rural ," 2,005 "," 184,139,068 ", 1 
 AFW , Urban ," 2,005 "," 132,449,410 ", 0 
 AGO , Rural ," 2,005 "," 8,488,111 ", 0 
 AGO , Urban ," 2,005 "," 10,803,050 ", 1 
 BDI , Rural ," 2,005 "," 6,890,738 ", 1 
 BDI , Urban ," 2,005 "," 696,561 ", 0 
 BEN , Rural ," 2,005 "," 5,029,584 ", 1 
 BEN , Urban ," 2,005 "," 3,396,560 ", 0 
 BFA , Rural ," 2,005 "," 10,864,552 ", 1 
 BFA , Urban ," 2,005 "," 3,067,572 ", 0 
 BWA , Rural ," 2,005 "," 764,403 ", 0 
 BWA , Urban ," 2,005 "," 1,075,474 ", 1 
 CAF , Rural ," 2,005 "," 2,657,139 ", 1 
 CAF , Urban ," 2,005 "," 1,631,671 ", 0 
 CIV , Rural ," 2,005 "," 11,021,136 ", 1 
 CIV , Urban ," 2,005 "," 9,047,322 ", 0 
 CMR , Rural ," 2,005 "," 8,779,110 ", 1 
 CMR , Urban ," 2,005 "," 8,295,484 ", 0 
 COD , Rural ," 2,005 "," 36,792,502 ", 1 
 COD , Urban ," 2,005 "," 21,983,222 ", 0 
 COG , Rural ," 2,005 "," 1,430,124 ", 0 
 COG , Urban ," 2,005 "," 2,266,269 ", 1 
 COM , Rural ," 2,005 "," 426,627 ", 1 
 COM , Urban ," 2,005 "," 166,050 ", 0 
 CPV , Rural ," 2,005 "," 204,730 ", 0 
 CPV , Urban ," 2,005 "," 280,386 ", 1 
 ERI , Rural ," 2,005 "," 1,727,069 ", 1 
 ERI , Urban ," 2,005 "," 934,145 ", 0 
 ETH , Rural ," 2,005 "," 65,842,023 ", 1 
 ETH , Urban ," 2,005 "," 12,525,447 ", 0 
 GAB , Rural ," 2,005 "," 242,462 ", 0 
 GAB , Urban ," 2,005 "," 1,221,033 ", 1 
 GHA , Rural ," 2,005 "," 11,796,541 ", 1 
 GHA , Urban ," 2,005 "," 10,652,897 ", 0 
 GIN , Rural ," 2,005 "," 6,250,535 ", 1 
 GIN , Urban ," 2,005 "," 2,995,309 ", 0 
 GMB , Rural ," 2,005 "," 794,206 ", 0 
 GMB , Urban ," 2,005 "," 872,831 ", 1 
 GNB , Rural ," 2,005 "," 851,331 ", 1 
 GNB , Urban ," 2,005 "," 530,254 ", 0 
 GNQ , Rural ," 2,005 "," 546,806 ", 1 
 GNQ , Urban ," 2,005 "," 400,561 ", 0 
 KEN , Rural ," 2,005 "," 26,035,257 ", 1 
 KEN , Urban ," 2,005 "," 9,761,227 ", 0 
 LBR , Rural ," 2,005 "," 1,787,466 ", 1 
 LBR , Urban ," 2,005 "," 1,513,549 ", 0 
 LSO , Rural ," 2,005 "," 1,513,013 ", 1 
 LSO , Urban ," 2,005 "," 440,063 ", 0 
 MDG , Rural ," 2,005 "," 14,087,308 ", 1 
 MDG , Urban ," 2,005 "," 5,072,399 ", 0 
 MLI , Rural ," 2,005 "," 10,713,040 ", 1 
 MLI , Urban ," 2,005 "," 2,825,607 ", 0 
 MOZ , Rural ," 2,005 "," 14,211,196 ", 1 
 MOZ , Urban ," 2,005 "," 6,093,373 ", 0 
 MRT , Rural ," 2,005 "," 1,751,468 ", 1 
 MRT , Urban ," 2,005 "," 1,187,590 ", 0 
 MUS , Rural ," 2,005 "," 739,972 ", 1 
 MUS , Urban ," 2,005 "," 517,243 ", 0 
 MWI , Rural ," 2,005 "," 10,900,650 ", 1 
 MWI , Urban ," 2,005 "," 1,939,381 ", 0 
 NAM , Rural ," 2,005 "," 1,247,069 ", 1 
 NAM , Urban ," 2,005 "," 719,513 ", 0 
 NER , Rural ," 2,005 "," 11,518,235 ", 1 
 NER , Urban ," 2,005 "," 2,237,957 ", 0 
 NGA , Rural ," 2,005 "," 76,038,867 ", 1 
 NGA , Urban ," 2,005 "," 68,978,387 ", 0 
 RWA , Rural ," 2,005 "," 7,523,660 ", 1 
 RWA , Urban ," 2,005 "," 1,530,868 ", 0 
 SDN , Rural ," 2,005 "," 21,114,556 ", 1 
 SDN , Urban ," 2,005 "," 10,147,888 ", 0 
 SEN , Rural ," 2,005 "," 6,527,162 ", 1 
 SEN , Urban ," 2,005 "," 4,708,310 ", 0 
 SLE , Rural ," 2,005 "," 3,474,411 ", 1 
 SLE , Urban ," 2,005 "," 2,027,301 ", 0 
 SOM , Rural ," 2,005 "," 6,868,987 ", 1 
 SOM , Urban ," 2,005 "," 3,775,241 ", 0 
 SSA , Rural ," 2,005 "," 505,825,422 ", 1 
 SSA , Urban ," 2,005 "," 273,875,061 ", 0 
 SSD , Rural ," 2,005 "," 6,309,718 ", 1 
 SSD , Urban ," 2,005 "," 1,280,425 ", 0 
 STP , Rural ," 2,005 "," 65,595 ", 0 
 STP , Urban ," 2,005 "," 96,045 ", 1 
 SWZ , Rural ," 2,005 "," 839,369 ", 1 
 SWZ , Urban ," 2,005 "," 239,653 ", 0 
 SYC , Rural ," 2,005 "," 51,015 ", 1 
 SYC , Urban ," 2,005 "," 38,251 ", 0 
 TCD , Rural ," 2,005 "," 8,081,535 ", 1 
 TCD , Urban ," 2,005 "," 2,246,557 ", 0 
 TGO , Rural ," 2,005 "," 3,778,626 ", 1 
 TGO , Urban ," 2,005 "," 2,066,005 ", 0 
 TZA , Rural ," 2,005 "," 29,501,678 ", 1 
 TZA , Urban ," 2,005 "," 9,680,398 ", 0 
 UGA , Rural ," 2,005 "," 24,106,949 ", 1 
 UGA , Urban ," 2,005 "," 3,856,340 ", 0 
 ZAF , Rural ," 2,005 "," 19,883,028 ", 0 
 ZAF , Urban ," 2,005 "," 29,607,004 ", 1 
 ZMB , Rural ," 2,005 "," 7,348,053 ", 1 
 ZMB , Urban ," 2,005 "," 4,370,766 ", 0 
 ZWE , Rural ," 2,005 "," 8,407,807 ", 1 
 ZWE , Urban ," 2,005 "," 4,075,625 ", 0 
 AFE , Rural ," 2,006 "," 328,247,911 ", 1 
 AFE , Urban ," 2,006 "," 147,393,856 ", 0 
 AFW , Rural ," 2,006 "," 187,451,955 ", 1 
 AFW , Urban ," 2,006 "," 138,211,202 ", 0 
 AGO , Rural ," 2,006 "," 8,627,806 ", 0 
 AGO , Urban ," 2,006 "," 11,387,473 ", 1 
 BDI , Rural ," 2,006 "," 7,121,102 ", 1 
 BDI , Urban ," 2,006 "," 744,445 ", 0 
 BEN , Rural ," 2,006 "," 5,147,462 ", 1 
 BEN , Urban ," 2,006 "," 3,545,780 ", 0 
 BFA , Rural ," 2,006 "," 11,132,029 ", 1 
 BFA , Urban ," 2,006 "," 3,241,678 ", 0 
 BWA , Rural ," 2,006 "," 756,515 ", 0 
 BWA , Urban ," 2,006 "," 1,118,001 ", 1 
 CAF , Rural ," 2,006 "," 2,708,214 ", 1 
 CAF , Urban ," 2,006 "," 1,669,365 ", 0 
 CIV , Rural ," 2,006 "," 11,197,285 ", 1 
 CIV , Urban ," 2,006 "," 9,349,517 ", 0 
 CMR , Rural ," 2,006 "," 8,914,831 ", 1 
 CMR , Urban ," 2,006 "," 8,635,576 ", 0 
 COD , Rural ," 2,006 "," 37,701,590 ", 1 
 COD , Urban ," 2,006 "," 22,914,318 ", 0 
 COG , Rural ," 2,006 "," 1,472,653 ", 0 
 COG , Urban ," 2,006 "," 2,364,756 ", 1 
 COM , Rural ," 2,006 "," 434,731 ", 1 
 COM , Urban ," 2,006 "," 170,022 ", 0 
 CPV , Rural ," 2,006 "," 203,489 ", 0 
 CPV , Urban ," 2,006 "," 287,239 ", 1 
 ERI , Rural ," 2,006 "," 1,750,449 ", 1 
 ERI , Urban ," 2,006 "," 953,053 ", 0 
 ETH , Rural ," 2,006 "," 67,617,542 ", 1 
 ETH , Urban ," 2,006 "," 13,085,948 ", 0 
 GAB , Rural ," 2,006 "," 240,048 ", 0 
 GAB , Urban ," 2,006 "," 1,268,289 ", 1 
 GHA , Rural ," 2,006 "," 11,949,163 ", 1 
 GHA , Urban ," 2,006 "," 11,091,539 ", 0 
 GIN , Rural ," 2,006 "," 6,355,153 ", 1 
 GIN , Urban ," 2,006 "," 3,086,017 ", 0 
 GMB , Rural ," 2,006 "," 803,429 ", 0 
 GMB , Urban ," 2,006 "," 911,846 ", 1 
 GNB , Rural ," 2,006 "," 867,762 ", 1 
 GNB , Urban ," 2,006 "," 547,540 ", 0 
 GNQ , Rural ," 2,006 "," 555,284 ", 1 
 GNQ , Urban ," 2,006 "," 435,059 ", 0 
 KEN , Rural ," 2,006 "," 26,208,091 ", 1 
 KEN , Urban ," 2,006 "," 10,695,917 ", 0 
 LBR , Rural ," 2,006 "," 1,876,916 ", 1 
 LBR , Urban ," 2,006 "," 1,613,871 ", 0 
 LSO , Rural ," 2,006 "," 1,491,221 ", 1 
 LSO , Urban ," 2,006 "," 453,841 ", 0 
 MDG , Rural ," 2,006 "," 14,451,179 ", 1 
 MDG , Urban ," 2,006 "," 5,279,730 ", 0 
 MLI , Rural ," 2,006 "," 11,010,414 ", 1 
 MLI , Urban ," 2,006 "," 2,979,726 ", 0 
 MOZ , Rural ," 2,006 "," 14,514,775 ", 1 
 MOZ , Urban ," 2,006 "," 6,272,312 ", 0 
 MRT , Rural ," 2,006 "," 1,766,789 ", 1 
 MRT , Urban ," 2,006 "," 1,246,871 ", 0 
 MUS , Rural ," 2,006 "," 746,127 ", 1 
 MUS , Urban ," 2,006 "," 517,654 ", 0 
 MWI , Rural ," 2,006 "," 11,195,745 ", 1 
 MWI , Urban ," 2,006 "," 2,002,956 ", 0 
 NAM , Rural ," 2,006 "," 1,241,500 ", 1 
 NAM , Urban ," 2,006 "," 750,388 ", 0 
 NER , Rural ," 2,006 "," 11,947,429 ", 1 
 NER , Urban ," 2,006 "," 2,321,152 ", 0 
 NGA , Rural ," 2,006 "," 76,887,720 ", 1 
 NGA , Urban ," 2,006 "," 72,189,614 ", 0 
 RWA , Rural ," 2,006 "," 7,726,649 ", 1 
 RWA , Urban ," 2,006 "," 1,572,597 ", 0 
 SDN , Rural ," 2,006 "," 21,604,398 ", 1 
 SDN , Urban ," 2,006 "," 10,388,037 ", 0 
 SEN , Rural ," 2,006 "," 6,646,521 ", 1 
 SEN , Urban ," 2,006 "," 4,853,573 ", 0 
 SLE , Rural ," 2,006 "," 3,533,831 ", 1 
 SLE , Urban ," 2,006 "," 2,090,635 ", 0 
 SOM , Rural ," 2,006 "," 7,024,518 ", 1 
 SOM , Urban ," 2,006 "," 3,950,984 ", 0 
 SSA , Rural ," 2,006 "," 515,699,866 ", 1 
 SSA , Urban ," 2,006 "," 285,605,058 ", 0 
 SSD , Rural ," 2,006 "," 6,624,426 ", 1 
 SSD , Urban ," 2,006 "," 1,352,100 ", 0 
 STP , Rural ," 2,006 "," 64,643 ", 0 
 STP , Urban ," 2,006 "," 100,995 ", 1 
 SWZ , Rural ," 2,006 "," 844,227 ", 1 
 SWZ , Urban ," 2,006 "," 240,209 ", 0 
 SYC , Rural ," 2,006 "," 51,704 ", 1 
 SYC , Urban ," 2,006 "," 38,669 ", 0 
 TCD , Rural ," 2,006 "," 8,376,387 ", 1 
 TCD , Urban ," 2,006 "," 2,330,037 ", 0 
 TGO , Rural ," 2,006 "," 3,859,146 ", 1 
 TGO , Urban ," 2,006 "," 2,151,522 ", 0 
 TZA , Rural ," 2,006 "," 30,070,432 ", 1 
 TZA , Urban ," 2,006 "," 10,224,470 ", 0 
 UGA , Rural ," 2,006 "," 24,594,354 ", 1 
 UGA , Urban ," 2,006 "," 4,199,649 ", 0 
 ZAF , Rural ," 2,006 "," 19,735,497 ", 0 
 ZAF , Urban ," 2,006 "," 30,262,780 ", 1 
 ZMB , Rural ," 2,006 "," 7,539,825 ", 1 
 ZMB , Urban ," 2,006 "," 4,589,728 ", 0 
 ZWE , Rural ," 2,006 "," 8,508,867 ", 1 
 ZWE , Urban ," 2,006 "," 4,127,578 ", 0 
 AFE , Rural ," 2,007 "," 335,368,634 ", 1 
 AFE , Urban ," 2,007 "," 153,248,397 ", 0 
 AFW , Rural ," 2,007 "," 190,899,734 ", 1 
 AFW , Urban ," 2,007 "," 144,084,441 ", 0 
 AGO , Rural ," 2,007 "," 8,777,599 ", 0 
 AGO , Urban ," 2,007 "," 12,000,962 ", 1 
 BDI , Rural ," 2,007 "," 7,364,223 ", 1 
 BDI , Urban ," 2,007 "," 797,651 ", 0 
 BEN , Rural ," 2,007 "," 5,257,253 ", 1 
 BEN , Urban ," 2,007 "," 3,696,716 ", 0 
 BFA , Rural ," 2,007 "," 11,412,382 ", 1 
 BFA , Urban ," 2,007 "," 3,403,924 ", 0 
 BWA , Rural ," 2,007 "," 749,530 ", 0 
 BWA , Urban ," 2,007 "," 1,161,671 ", 1 
 CAF , Rural ," 2,007 "," 2,756,460 ", 1 
 CAF , Urban ," 2,007 "," 1,706,310 ", 0 
 CIV , Rural ," 2,007 "," 11,371,156 ", 1 
 CIV , Urban ," 2,007 "," 9,659,402 ", 0 
 CMR , Rural ," 2,007 "," 9,078,610 ", 1 
 CMR , Urban ," 2,007 "," 8,971,286 ", 0 
 COD , Rural ," 2,007 "," 38,610,138 ", 1 
 COD , Urban ," 2,007 "," 23,867,614 ", 0 
 COG , Rural ," 2,007 "," 1,518,524 ", 0 
 COG , Urban ," 2,007 "," 2,461,906 ", 1 
 COM , Rural ," 2,007 "," 442,649 ", 1 
 COM , Urban ," 2,007 "," 174,277 ", 0 
 CPV , Rural ," 2,007 "," 202,011 ", 0 
 CPV , Urban ," 2,007 "," 294,179 ", 1 
 ERI , Rural ," 2,007 "," 1,772,613 ", 1 
 ERI , Urban ," 2,007 "," 970,609 ", 0 
 ETH , Rural ," 2,007 "," 69,727,894 ", 1 
 ETH , Urban ," 2,007 "," 13,375,324 ", 0 
 GAB , Rural ," 2,007 "," 238,260 ", 0 
 GAB , Urban ," 2,007 "," 1,317,977 ", 1 
 GHA , Rural ," 2,007 "," 12,101,889 ", 1 
 GHA , Urban ," 2,007 "," 11,540,390 ", 0 
 GIN , Rural ," 2,007 "," 6,476,236 ", 1 
 GIN , Urban ," 2,007 "," 3,186,044 ", 0 
 GMB , Rural ," 2,007 "," 813,676 ", 0 
 GMB , Urban ," 2,007 "," 952,098 ", 1 
 GNB , Rural ," 2,007 "," 885,057 ", 1 
 GNB , Urban ," 2,007 "," 565,929 ", 0 
 GNQ , Rural ," 2,007 "," 560,941 ", 1 
 GNQ , Urban ," 2,007 "," 475,103 ", 0 
 KEN , Rural ," 2,007 "," 26,467,447 ", 1 
 KEN , Urban ," 2,007 "," 11,568,902 ", 0 
 LBR , Rural ," 2,007 "," 1,958,888 ", 1 
 LBR , Urban ," 2,007 "," 1,710,162 ", 0 
 LSO , Rural ," 2,007 "," 1,480,210 ", 1 
 LSO , Urban ," 2,007 "," 473,058 ", 0 
 MDG , Rural ," 2,007 "," 14,824,434 ", 1 
 MDG , Urban ," 2,007 "," 5,494,149 ", 0 
 MLI , Rural ," 2,007 "," 11,314,684 ", 1 
 MLI , Urban ," 2,007 "," 3,143,092 ", 0 
 MOZ , Rural ," 2,007 "," 14,824,749 ", 1 
 MOZ , Urban ," 2,007 "," 6,462,886 ", 0 
 MRT , Rural ," 2,007 "," 1,780,346 ", 1 
 MRT , Urban ," 2,007 "," 1,312,713 ", 0 
 MUS , Rural ," 2,007 "," 751,749 ", 1 
 MUS , Urban ," 2,007 "," 517,769 ", 0 
 MWI , Rural ," 2,007 "," 11,506,250 ", 1 
 MWI , Urban ," 2,007 "," 2,070,093 ", 0 
 NAM , Rural ," 2,007 "," 1,236,121 ", 1 
 NAM , Urban ," 2,007 "," 782,479 ", 0 
 NER , Rural ," 2,007 "," 12,395,923 ", 1 
 NER , Urban ," 2,007 "," 2,407,687 ", 0 
 NGA , Rural ," 2,007 "," 77,804,901 ", 1 
 NGA , Urban ," 2,007 "," 75,462,360 ", 0 
 RWA , Rural ," 2,007 "," 7,934,649 ", 1 
 RWA , Urban ," 2,007 "," 1,615,284 ", 0 
 SDN , Rural ," 2,007 "," 22,123,670 ", 1 
 SDN , Urban ," 2,007 "," 10,640,465 ", 0 
 SEN , Rural ," 2,007 "," 6,765,082 ", 1 
 SEN , Urban ," 2,007 "," 5,005,262 ", 0 
 SLE , Rural ," 2,007 "," 3,592,639 ", 1 
 SLE , Urban ," 2,007 "," 2,156,713 ", 0 
 SOM , Rural ," 2,007 "," 7,182,571 ", 1 
 SOM , Urban ," 2,007 "," 4,140,011 ", 0 
 SSA , Rural ," 2,007 "," 526,268,368 ", 1 
 SSA , Urban ," 2,007 "," 297,332,838 ", 0 
 SSD , Rural ," 2,007 "," 6,962,804 ", 1 
 SSD , Urban ," 2,007 "," 1,425,984 ", 0 
 STP , Rural ," 2,007 "," 63,675 ", 0 
 STP , Urban ," 2,007 "," 106,025 ", 1 
 SWZ , Rural ," 2,007 "," 849,223 ", 1 
 SWZ , Urban ," 2,007 "," 241,482 ", 0 
 SYC , Rural ," 2,007 "," 52,378 ", 1 
 SYC , Urban ," 2,007 "," 39,090 ", 0 
 TCD , Rural ," 2,007 "," 8,669,082 ", 1 
 TCD , Urban ," 2,007 "," 2,412,578 ", 0 
 TGO , Rural ," 2,007 "," 3,945,737 ", 1 
 TGO , Urban ," 2,007 "," 2,242,607 ", 0 
 TZA , Rural ," 2,007 "," 30,632,420 ", 1 
 TZA , Urban ," 2,007 "," 10,803,092 ", 0 
 UGA , Rural ," 2,007 "," 25,058,839 ", 1 
 UGA , Urban ," 2,007 "," 4,594,591 ", 0 
 ZAF , Rural ," 2,007 "," 19,613,148 ", 0 
 ZAF , Urban ," 2,007 "," 30,915,436 ", 1 
 ZMB , Rural ," 2,007 "," 7,739,655 ", 1 
 ZMB , Urban ," 2,007 "," 4,825,431 ", 0 
 ZWE , Rural ," 2,007 "," 8,619,996 ", 1 
 ZWE , Urban ," 2,007 "," 4,184,062 ", 0 
 AFE , Rural ," 2,008 "," 342,187,574 ", 1 
 AFE , Urban ," 2,008 "," 159,919,296 ", 0 
 AFW , Rural ," 2,008 "," 194,415,870 ", 1 
 AFW , Urban ," 2,008 "," 150,170,239 ", 0 
 AGO , Rural ," 2,008 "," 8,936,762 ", 0 
 AGO , Urban ," 2,008 "," 12,641,893 ", 1 
 BDI , Rural ," 2,008 "," 7,646,020 ", 1 
 BDI , Urban ," 2,008 "," 859,617 ", 0 
 BEN , Rural ," 2,008 "," 5,370,693 ", 1 
 BEN , Urban ," 2,008 "," 3,857,773 ", 0 
 BFA , Rural ," 2,008 "," 11,693,288 ", 1 
 BFA , Urban ," 2,008 "," 3,564,805 ", 0 
 BWA , Rural ," 2,008 "," 744,261 ", 0 
 BWA , Urban ," 2,008 "," 1,205,709 ", 1 
 CAF , Rural ," 2,008 "," 2,810,730 ", 1 
 CAF , Urban ," 2,008 "," 1,748,254 ", 0 
 CIV , Rural ," 2,008 "," 11,539,909 ", 1 
 CIV , Urban ," 2,008 "," 9,974,530 ", 0 
 CMR , Rural ," 2,008 "," 9,271,085 ", 0 
 CMR , Urban ," 2,008 "," 9,302,971 ", 1 
 COD , Rural ," 2,008 "," 39,536,045 ", 1 
 COD , Urban ," 2,008 "," 24,854,619 ", 0 
 COG , Rural ," 2,008 "," 1,561,677 ", 0 
 COG , Urban ," 2,008 "," 2,551,841 ", 1 
 COM , Rural ," 2,008 "," 450,462 ", 1 
 COM , Urban ," 2,008 "," 178,845 ", 0 
 CPV , Rural ," 2,008 "," 200,170 ", 0 
 CPV , Urban ," 2,008 "," 301,185 ", 1 
 ERI , Rural ," 2,008 "," 1,816,821 ", 1 
 ERI , Urban ," 2,008 "," 999,506 ", 0 
 ETH , Rural ," 2,008 "," 71,177,746 ", 1 
 ETH , Urban ," 2,008 "," 14,365,922 ", 0 
 GAB , Rural ," 2,008 "," 237,158 ", 0 
 GAB , Urban ," 2,008 "," 1,370,017 ", 1 
 GHA , Rural ," 2,008 "," 12,253,287 ", 1 
 GHA , Urban ," 2,008 "," 11,996,659 ", 0 
 GIN , Rural ," 2,008 "," 6,606,790 ", 1 
 GIN , Urban ," 2,008 "," 3,292,080 ", 0 
 GMB , Rural ," 2,008 "," 824,521 ", 0 
 GMB , Urban ," 2,008 "," 993,331 ", 1 
 GNB , Rural ," 2,008 "," 902,772 ", 1 
 GNB , Urban ," 2,008 "," 585,282 ", 0 
 GNQ , Rural ," 2,008 "," 563,473 ", 1 
 GNQ , Urban ," 2,008 "," 521,057 ", 0 
 KEN , Rural ," 2,008 "," 26,886,528 ", 1 
 KEN , Urban ," 2,008 "," 12,319,823 ", 0 
 LBR , Rural ," 2,008 "," 2,021,003 ", 1 
 LBR , Urban ," 2,008 "," 1,800,000 ", 0 
 LSO , Rural ," 2,008 "," 1,471,039 ", 1 
 LSO , Urban ," 2,008 "," 495,502 ", 0 
 MDG , Rural ," 2,008 "," 15,207,810 ", 1 
 MDG , Urban ," 2,008 "," 5,716,030 ", 0 
 MLI , Rural ," 2,008 "," 11,625,081 ", 1 
 MLI , Urban ," 2,008 "," 3,315,701 ", 0 
 MOZ , Rural ," 2,008 "," 15,150,585 ", 1 
 MOZ , Urban ," 2,008 "," 6,668,451 ", 0 
 MRT , Rural ," 2,008 "," 1,796,048 ", 1 
 MRT , Urban ," 2,008 "," 1,387,221 ", 0 
 MUS , Rural ," 2,008 "," 756,937 ", 1 
 MUS , Urban ," 2,008 "," 517,698 ", 0 
 MWI , Rural ," 2,008 "," 11,834,699 ", 1 
 MWI , Urban ," 2,008 "," 2,141,719 ", 0 
 NAM , Rural ," 2,008 "," 1,231,656 ", 1 
 NAM , Urban ," 2,008 "," 815,400 ", 0 
 NER , Rural ," 2,008 "," 12,864,271 ", 1 
 NER , Urban ," 2,008 "," 2,497,643 ", 0 
 NGA , Rural ," 2,008 "," 78,717,888 ", 0 
 NGA , Urban ," 2,008 "," 78,877,126 ", 1 
 RWA , Rural ," 2,008 "," 8,145,671 ", 1 
 RWA , Urban ," 2,008 "," 1,658,597 ", 0 
 SDN , Rural ," 2,008 "," 22,702,366 ", 1 
 SDN , Urban ," 2,008 "," 10,921,614 ", 0 
 SEN , Rural ," 2,008 "," 6,883,842 ", 1 
 SEN , Urban ," 2,008 "," 5,165,117 ", 0 
 SLE , Rural ," 2,008 "," 3,662,238 ", 1 
 SLE , Urban ," 2,008 "," 2,232,484 ", 0 
 SOM , Rural ," 2,008 "," 7,327,283 ", 1 
 SOM , Urban ," 2,008 "," 4,335,801 ", 0 
 SSA , Rural ," 2,008 "," 536,603,444 ", 1 
 SSA , Urban ," 2,008 "," 310,089,535 ", 0 
 SSD , Rural ," 2,008 "," 7,315,992 ", 1 
 SSD , Urban ," 2,008 "," 1,501,655 ", 0 
 STP , Rural ," 2,008 "," 62,793 ", 0 
 STP , Urban ," 2,008 "," 111,000 ", 1 
 SWZ , Rural ," 2,008 "," 854,654 ", 1 
 SWZ , Urban ," 2,008 "," 243,438 ", 0 
 SYC , Rural ," 2,008 "," 53,033 ", 1 
 SYC , Urban ," 2,008 "," 39,515 ", 0 
 TCD , Rural ," 2,008 "," 8,977,266 ", 1 
 TCD , Urban ," 2,008 "," 2,499,030 ", 0 
 TGO , Rural ," 2,008 "," 4,032,679 ", 1 
 TGO , Urban ," 2,008 "," 2,336,133 ", 0 
 TZA , Rural ," 2,008 "," 31,168,102 ", 1 
 TZA , Urban ," 2,008 "," 11,402,626 ", 0 
 UGA , Rural ," 2,008 "," 25,498,369 ", 1 
 UGA , Urban ," 2,008 "," 5,041,184 ", 0 
 ZAF , Rural ," 2,008 "," 19,541,469 ", 0 
 ZAF , Urban ," 2,008 "," 31,573,129 ", 1 
 ZMB , Rural ," 2,008 "," 7,947,830 ", 1 
 ZMB , Urban ," 2,008 "," 5,073,494 ", 0 
 ZWE , Rural ," 2,008 "," 8,722,638 ", 1 
 ZWE , Urban ," 2,008 "," 4,236,512 ", 0 
 AFE , Rural ," 2,009 "," 349,665,999 ", 1 
 AFE , Urban ," 2,009 "," 166,375,324 ", 0 
 AFW , Rural ," 2,009 "," 197,896,752 ", 1 
 AFW , Urban ," 2,009 "," 156,447,093 ", 0 
 AGO , Rural ," 2,009 "," 9,105,434 ", 0 
 AGO , Urban ," 2,009 "," 13,309,339 ", 1 
 BDI , Rural ," 2,009 "," 8,008,323 ", 1 
 BDI , Urban ," 2,009 "," 939,323 ", 0 
 BEN , Rural ," 2,009 "," 5,483,272 ", 1 
 BEN , Urban ," 2,009 "," 4,026,151 ", 0 
 BFA , Rural ," 2,009 "," 11,979,674 ", 1 
 BFA , Urban ," 2,009 "," 3,730,392 ", 0 
 BWA , Rural ," 2,009 "," 741,522 ", 0 
 BWA , Urban ," 2,009 "," 1,249,151 ", 1 
 CAF , Rural ," 2,009 "," 2,786,420 ", 1 
 CAF , Urban ," 2,009 "," 1,742,627 ", 0 
 CIV , Rural ," 2,009 "," 11,703,353 ", 1 
 CIV , Urban ," 2,009 "," 10,294,587 ", 0 
 CMR , Rural ," 2,009 "," 9,466,881 ", 0 
 CMR , Urban ," 2,009 "," 9,647,093 ", 1 
 COD , Rural ," 2,009 "," 40,513,826 ", 1 
 COD , Urban ," 2,009 "," 25,898,218 ", 0 
 COG , Rural ," 2,009 "," 1,617,563 ", 0 
 COG , Urban ," 2,009 "," 2,663,656 ", 1 
 COM , Rural ," 2,009 "," 458,211 ", 1 
 COM , Urban ," 2,009 "," 183,737 ", 0 
 CPV , Rural ," 2,009 "," 197,869 ", 0 
 CPV , Urban ," 2,009 "," 308,272 ", 1 
 ERI , Rural ," 2,009 "," 1,860,543 ", 1 
 ERI , Urban ," 2,009 "," 1,027,342 ", 0 
 ETH , Rural ," 2,009 "," 72,913,358 ", 1 
 ETH , Urban ," 2,009 "," 15,094,278 ", 0 
 GAB , Rural ," 2,009 "," 236,884 ", 0 
 GAB , Urban ," 2,009 "," 1,424,672 ", 1 
 GHA , Rural ," 2,009 "," 12,403,703 ", 0 
 GHA , Urban ," 2,009 "," 12,458,961 ", 1 
 GIN , Rural ," 2,009 "," 6,741,876 ", 1 
 GIN , Urban ," 2,009 "," 3,401,658 ", 0 
 GMB , Rural ," 2,009 "," 835,816 ", 0 
 GMB , Urban ," 2,009 "," 1,035,606 ", 1 
 GNB , Rural ," 2,009 "," 920,838 ", 1 
 GNB , Urban ," 2,009 "," 605,539 ", 0 
 GNQ , Rural ," 2,009 "," 562,473 ", 0 
 GNQ , Urban ," 2,009 "," 573,200 ", 1 
 KEN , Rural ," 2,009 "," 27,534,494 ", 1 
 KEN , Urban ," 2,009 "," 12,874,397 ", 0 
 LBR , Rural ," 2,009 "," 2,065,180 ", 1 
 LBR , Urban ," 2,009 "," 1,877,848 ", 0 
 LSO , Rural ," 2,009 "," 1,460,721 ", 1 
 LSO , Urban ," 2,009 "," 520,162 ", 0 
 MDG , Rural ," 2,009 "," 15,601,666 ", 1 
 MDG , Urban ," 2,009 "," 5,945,614 ", 0 
 MLI , Rural ," 2,009 "," 11,938,494 ", 1 
 MLI , Urban ," 2,009 "," 3,497,044 ", 0 
 MOZ , Rural ," 2,009 "," 15,501,456 ", 1 
 MOZ , Urban ," 2,009 "," 6,890,289 ", 0 
 MRT , Rural ," 2,009 "," 1,814,356 ", 1 
 MRT , Urban ," 2,009 "," 1,470,092 ", 0 
 MUS , Rural ," 2,009 "," 761,566 ", 1 
 MUS , Urban ," 2,009 "," 517,406 ", 0 
 MWI , Rural ," 2,009 "," 12,178,616 ", 1 
 MWI , Urban ," 2,009 "," 2,217,172 ", 0 
 NAM , Rural ," 2,009 "," 1,228,727 ", 1 
 NAM , Urban ," 2,009 "," 848,667 ", 0 
 NER , Rural ," 2,009 "," 13,352,650 ", 1 
 NER , Urban ," 2,009 "," 2,591,026 ", 0 
 NGA , Rural ," 2,009 "," 79,623,758 ", 0 
 NGA , Urban ," 2,009 "," 82,425,706 ", 1 
 RWA , Rural ," 2,009 "," 8,358,138 ", 1 
 RWA , Urban ," 2,009 "," 1,702,294 ", 0 
 SDN , Rural ," 2,009 "," 23,307,373 ", 1 
 SDN , Urban ," 2,009 "," 11,261,740 ", 0 
 SEN , Rural ," 2,009 "," 7,002,982 ", 1 
 SEN , Urban ," 2,009 "," 5,334,407 ", 0 
 SLE , Rural ," 2,009 "," 3,739,383 ", 1 
 SLE , Urban ," 2,009 "," 2,316,263 ", 0 
 SOM , Rural ," 2,009 "," 7,434,859 ", 1 
 SOM , Urban ," 2,009 "," 4,526,342 ", 0 
 SSA , Rural ," 2,009 "," 547,562,751 ", 1 
 SSA , Urban ," 2,009 "," 322,822,417 ", 0 
 SSD , Rural ," 2,009 "," 7,645,001 ", 1 
 SSD , Urban ," 2,009 "," 1,598,555 ", 0 
 STP , Rural ," 2,009 "," 62,101 ", 0 
 STP , Urban ," 2,009 "," 115,752 ", 1 
 SWZ , Rural ," 2,009 "," 859,429 ", 1 
 SWZ , Urban ," 2,009 "," 245,724 ", 0 
 SYC , Rural ," 2,009 "," 53,676 ", 1 
 SYC , Urban ," 2,009 "," 39,952 ", 0 
 TCD , Rural ," 2,009 "," 9,303,480 ", 1 
 TCD , Urban ," 2,009 "," 2,590,274 ", 0 
 TGO , Rural ," 2,009 "," 4,119,846 ", 1 
 TGO , Urban ," 2,009 "," 2,432,020 ", 0 
 TZA , Rural ," 2,009 "," 31,635,341 ", 1 
 TZA , Urban ," 2,009 "," 11,998,641 ", 0 
 UGA , Rural ," 2,009 "," 25,911,863 ", 1 
 UGA , Urban ," 2,009 "," 5,539,288 ", 0 
 ZAF , Rural ," 2,009 "," 19,522,712 ", 0 
 ZAF , Urban ," 2,009 "," 32,205,804 ", 1 
 ZMB , Rural ," 2,009 "," 8,162,923 ", 1 
 ZMB , Urban ," 2,009 "," 5,327,467 ", 0 
 ZWE , Rural ," 2,009 "," 8,844,121 ", 1 
 ZWE , Urban ," 2,009 "," 4,298,669 ", 0 
 AFE , Rural ," 2,010 "," 357,501,239 ", 1 
 AFE , Urban ," 2,010 "," 172,844,658 ", 0 
 AFW , Rural ," 2,010 "," 201,395,317 ", 1 
 AFW , Urban ," 2,010 "," 162,962,952 ", 0 
 AGO , Rural ," 2,010 "," 9,287,407 ", 0 
 AGO , Urban ," 2,010 "," 14,007,418 ", 1 
 BDI , Rural ," 2,010 "," 8,346,506 ", 1 
 BDI , Urban ," 2,010 "," 1,029,938 ", 0 
 BEN , Rural ," 2,010 "," 5,595,178 ", 1 
 BEN , Urban ," 2,010 "," 4,202,306 ", 0 
 BFA , Rural ," 2,010 "," 12,275,521 ", 1 
 BFA , Urban ," 2,010 "," 3,900,977 ", 0 
 BWA , Rural ," 2,010 "," 742,195 ", 0 
 BWA , Urban ," 2,010 "," 1,290,915 ", 1 
 CAF , Rural ," 2,010 "," 2,757,599 ", 1 
 CAF , Urban ," 2,010 "," 1,735,397 ", 0 
 CIV , Rural ," 2,010 "," 11,865,281 ", 1 
 CIV , Urban ," 2,010 "," 10,622,784 ", 0 
 CMR , Rural ," 2,010 "," 9,666,755 ", 0 
 CMR , Urban ," 2,010 "," 10,001,311 ", 1 
 COD , Rural ," 2,010 "," 41,555,122 ", 1 
 COD , Urban ," 2,010 "," 27,007,916 ", 0 
 COG , Rural ," 2,010 "," 1,678,165 ", 0 
 COG , Urban ," 2,010 "," 2,784,125 ", 1 
 COM , Rural ," 2,010 "," 465,889 ", 1 
 COM , Urban ," 2,010 "," 188,947 ", 0 
 CPV , Rural ," 2,010 "," 194,751 ", 0 
 CPV , Urban ," 2,010 "," 315,033 ", 1 
 ERI , Rural ," 2,010 "," 1,895,679 ", 1 
 ERI , Urban ," 2,010 "," 1,049,507 ", 0 
 ETH , Rural ," 2,010 "," 74,699,902 ", 1 
 ETH , Urban ," 2,010 "," 15,838,612 ", 0 
 GAB , Rural ," 2,010 "," 237,597 ", 0 
 GAB , Urban ," 2,010 "," 1,482,282 ", 1 
 GHA , Rural ," 2,010 "," 12,551,608 ", 0 
 GHA , Urban ," 2,010 "," 12,923,387 ", 1 
 GIN , Rural ," 2,010 "," 6,881,425 ", 1 
 GIN , Urban ," 2,010 "," 3,514,661 ", 0 
 GMB , Rural ," 2,010 "," 847,504 ", 0 
 GMB , Urban ," 2,010 "," 1,079,126 ", 1 
 GNB , Rural ," 2,010 "," 939,658 ", 1 
 GNB , Urban ," 2,010 "," 626,689 ", 0 
 GNQ , Rural ," 2,010 "," 557,421 ", 0 
 GNQ , Urban ," 2,010 "," 631,664 ", 1 
 KEN , Rural ," 2,010 "," 28,340,550 ", 1 
 KEN , Urban ," 2,010 "," 13,258,016 ", 0 
 LBR , Rural ," 2,010 "," 2,104,910 ", 1 
 LBR , Urban ," 2,010 "," 1,953,980 ", 0 
 LSO , Rural ," 2,010 "," 1,449,269 ", 1 
 LSO , Urban ," 2,010 "," 546,982 ", 0 
 MDG , Rural ," 2,010 "," 16,001,915 ", 1 
 MDG , Urban ," 2,010 "," 6,181,425 ", 0 
 MLI , Rural ," 2,010 "," 12,256,126 ", 1 
 MLI , Urban ," 2,010 "," 3,689,072 ", 0 
 MOZ , Rural ," 2,010 "," 15,872,651 ", 1 
 MOZ , Urban ," 2,010 "," 7,126,584 ", 0 
 MRT , Rural ," 2,010 "," 1,832,674 ", 1 
 MRT , Urban ," 2,010 "," 1,558,290 ", 0 
 MUS , Rural ," 2,010 "," 765,718 ", 1 
 MUS , Urban ," 2,010 "," 516,991 ", 0 
 MWI , Rural ," 2,010 "," 12,531,668 ", 1 
 MWI , Urban ," 2,010 "," 2,294,795 ", 0 
 NAM , Rural ," 2,010 "," 1,228,023 ", 1 
 NAM , Urban ," 2,010 "," 881,787 ", 0 
 NER , Rural ," 2,010 "," 13,861,034 ", 1 
 NER , Urban ," 2,010 "," 2,687,801 ", 0 
 NGA , Rural ," 2,010 "," 80,525,477 ", 0 
 NGA , Urban ," 2,010 "," 86,117,409 ", 1 
 RWA , Rural ," 2,010 "," 8,571,250 ", 1 
 RWA , Urban ," 2,010 "," 1,746,304 ", 0 
 SDN , Rural ," 2,010 "," 23,827,728 ", 1 
 SDN , Urban ," 2,010 "," 11,586,672 ", 0 
 SEN , Rural ," 2,010 "," 7,121,675 ", 1 
 SEN , Urban ," 2,010 "," 5,513,737 ", 0 
 SLE , Rural ," 2,010 "," 3,818,149 ", 1 
 SLE , Urban ," 2,010 "," 2,404,565 ", 0 
 SOM , Rural ," 2,010 "," 7,531,967 ", 1 
 SOM , Urban ," 2,010 "," 4,729,789 ", 0 
 SSA , Rural ," 2,010 "," 558,896,557 ", 1 
 SSA , Urban ," 2,010 "," 335,807,609 ", 0 
 SSD , Rural ," 2,010 "," 8,036,941 ", 1 
 SSD , Urban ," 2,010 "," 1,709,013 ", 0 
 STP , Rural ," 2,010 "," 61,709 ", 0 
 STP , Urban ," 2,010 "," 120,093 ", 1 
 SWZ , Rural ," 2,010 "," 863,384 ", 1 
 SWZ , Urban ," 2,010 "," 248,266 ", 0 
 SYC , Rural ," 2,010 "," 54,456 ", 1 
 SYC , Urban ," 2,010 "," 40,515 ", 0 
 TCD , Rural ," 2,010 "," 9,622,617 ", 1 
 TCD , Urban ," 2,010 "," 2,689,958 ", 0 
 TGO , Rural ," 2,010 "," 4,204,194 ", 1 
 TGO , Urban ," 2,010 "," 2,528,396 ", 0 
 TZA , Rural ," 2,010 "," 32,137,984 ", 1 
 TZA , Urban ," 2,010 "," 12,620,504 ", 0 
 UGA , Rural ," 2,010 "," 26,301,634 ", 1 
 UGA , Urban ," 2,010 "," 6,089,168 ", 0 
 ZAF , Rural ," 2,010 "," 19,561,018 ", 0 
 ZAF , Urban ," 2,010 "," 32,783,033 ", 1 
 ZMB , Rural ," 2,010 "," 8,385,517 ", 1 
 ZMB , Urban ," 2,010 "," 5,580,077 ", 0 
 ZWE , Rural ," 2,010 "," 8,985,157 ", 1 
 ZWE , Urban ," 2,010 "," 4,371,391 ", 0 
 AFE , Rural ," 2,011 "," 365,337,405 ", 1 
 AFE , Urban ," 2,011 "," 179,444,025 ", 0 
 AFW , Rural ," 2,011 "," 205,014,708 ", 1 
 AFW , Urban ," 2,011 "," 169,775,435 ", 0 
 AGO , Rural ," 2,011 "," 9,483,141 ", 0 
 AGO , Urban ," 2,011 "," 14,735,211 ", 1 
 BDI , Rural ," 2,011 "," 8,594,418 ", 1 
 BDI , Urban ," 2,011 "," 1,123,560 ", 0 
 BEN , Rural ," 2,011 "," 5,706,772 ", 1 
 BEN , Urban ," 2,011 "," 4,386,852 ", 0 
 BFA , Rural ," 2,011 "," 12,585,023 ", 1 
 BFA , Urban ," 2,011 "," 4,076,885 ", 0 
 BWA , Rural ," 2,011 "," 746,083 ", 0 
 BWA , Urban ," 2,011 "," 1,327,452 ", 1 
 CAF , Rural ," 2,011 "," 2,793,653 ", 1 
 CAF , Urban ," 2,011 "," 1,771,369 ", 0 
 CIV , Rural ," 2,011 "," 12,024,239 ", 1 
 CIV , Urban ," 2,011 "," 10,957,761 ", 0 
 CMR , Rural ," 2,011 "," 9,868,714 ", 0 
 CMR , Urban ," 2,011 "," 10,363,590 ", 1 
 COD , Rural ," 2,011 "," 42,661,934 ", 1 
 COD , Urban ," 2,011 "," 28,187,377 ", 0 
 COG , Rural ," 2,011 "," 1,725,892 ", 0 
 COG , Urban ," 2,011 "," 2,883,832 ", 1 
 COM , Rural ," 2,011 "," 473,560 ", 1 
 COM , Urban ," 2,011 "," 194,496 ", 0 
 CPV , Rural ," 2,011 "," 190,555 ", 0 
 CPV , Urban ," 2,011 "," 320,891 ", 1 
 ERI , Rural ," 2,011 "," 1,928,907 ", 1 
 ERI , Urban ," 2,011 "," 1,069,578 ", 0 
 ETH , Rural ," 2,011 "," 76,509,854 ", 1 
 ETH , Urban ," 2,011 "," 16,640,116 ", 0 
 GAB , Rural ," 2,011 "," 239,382 ", 0 
 GAB , Urban ," 2,011 "," 1,542,603 ", 1 
 GHA , Rural ," 2,011 "," 12,700,373 ", 0 
 GHA , Urban ," 2,011 "," 13,394,715 ", 1 
 GIN , Rural ," 2,011 "," 7,025,693 ", 1 
 GIN , Urban ," 2,011 "," 3,631,117 ", 0 
 GMB , Rural ," 2,011 "," 859,580 ", 0 
 GMB , Urban ," 2,011 "," 1,124,204 ", 1 
 GNB , Rural ," 2,011 "," 957,784 ", 1 
 GNB , Urban ," 2,011 "," 650,292 ", 0 
 GNQ , Rural ," 2,011 "," 546,726 ", 0 
 GNQ , Urban ," 2,011 "," 695,109 ", 1 
 KEN , Rural ," 2,011 "," 29,132,453 ", 1 
 KEN , Urban ," 2,011 "," 13,626,008 ", 0 
 LBR , Rural ," 2,011 "," 2,167,223 ", 1 
 LBR , Urban ," 2,011 "," 2,053,955 ", 0 
 LSO , Rural ," 2,011 "," 1,437,700 ", 1 
 LSO , Urban ," 2,011 "," 576,309 ", 0 
 MDG , Rural ," 2,011 "," 16,401,547 ", 1 
 MDG , Urban ," 2,011 "," 6,420,753 ", 0 
 MLI , Rural ," 2,011 "," 12,576,101 ", 1 
 MLI , Urban ," 2,011 "," 3,892,948 ", 0 
 MOZ , Rural ," 2,011 "," 16,269,067 ", 1 
 MOZ , Urban ," 2,011 "," 7,379,972 ", 0 
 MRT , Rural ," 2,011 "," 1,851,760 ", 1 
 MRT , Urban ," 2,011 "," 1,651,051 ", 0 
 MUS , Rural ," 2,011 "," 769,617 ", 1 
 MUS , Urban ," 2,011 "," 516,650 ", 0 
 MWI , Rural ," 2,011 "," 12,890,958 ", 1 
 MWI , Urban ," 2,011 "," 2,374,064 ", 0 
 NAM , Rural ," 2,011 "," 1,231,398 ", 1 
 NAM , Urban ," 2,011 "," 914,927 ", 0 
 NER , Rural ," 2,011 "," 14,388,520 ", 1 
 NER , Urban ," 2,011 "," 2,787,763 ", 0 
 NGA , Rural ," 2,011 "," 81,421,843 ", 0 
 NGA , Urban ," 2,011 "," 89,957,755 ", 1 
 RWA , Rural ," 2,011 "," 8,783,351 ", 1 
 RWA , Urban ," 2,011 "," 1,790,382 ", 0 
 SDN , Rural ," 2,011 "," 24,248,321 ", 1 
 SDN , Urban ," 2,011 "," 11,892,485 ", 0 
 SEN , Rural ," 2,011 "," 7,248,044 ", 1 
 SEN , Urban ," 2,011 "," 5,710,852 ", 0 
 SLE , Rural ," 2,011 "," 3,893,207 ", 1 
 SLE , Urban ," 2,011 "," 2,494,044 ", 0 
 SOM , Rural ," 2,011 "," 7,485,821 ", 1 
 SOM , Urban ," 2,011 "," 4,863,009 ", 0 
 SSA , Rural ," 2,011 "," 570,352,112 ", 1 
 SSA , Urban ," 2,011 "," 349,219,461 ", 0 
 SSD , Rural ," 2,011 "," 8,458,701 ", 1 
 SSD , Urban ," 2,011 "," 1,829,408 ", 0 
 STP , Rural ," 2,011 "," 61,770 ", 0 
 STP , Urban ," 2,011 "," 123,879 ", 1 
 SWZ , Rural ," 2,011 "," 866,729 ", 1 
 SWZ , Urban ," 2,011 "," 251,104 ", 0 
 SYC , Rural ," 2,011 "," 55,620 ", 1 
 SYC , Urban ," 2,011 "," 41,404 ", 0 
 TCD , Rural ," 2,011 "," 9,954,526 ", 1 
 TCD , Urban ," 2,011 "," 2,800,471 ", 0 
 TGO , Rural ," 2,011 "," 4,289,097 ", 1 
 TGO , Urban ," 2,011 "," 2,627,377 ", 0 
 TZA , Rural ," 2,011 "," 32,742,656 ", 1 
 TZA , Urban ," 2,011 "," 13,286,711 ", 0 
 UGA , Rural ," 2,011 "," 26,664,922 ", 1 
 UGA , Urban ," 2,011 "," 6,689,622 ", 0 
 ZAF , Rural ," 2,011 "," 19,687,386 ", 0 
 ZAF , Urban ," 2,011 "," 33,307,819 ", 1 
 ZMB , Rural ," 2,011 "," 8,609,482 ", 1 
 ZMB , Urban ," 2,011 "," 5,828,314 ", 0 
 ZWE , Rural ," 2,011 "," 9,142,008 ", 1 
 ZWE , Urban ," 2,011 "," 4,453,416 ", 0 
 AFE , Rural ," 2,012 "," 373,360,635 ", 1 
 AFE , Urban ," 2,012 "," 186,293,852 ", 0 
 AFW , Rural ," 2,012 "," 208,583,014 ", 1 
 AFW , Urban ," 2,012 "," 176,777,334 ", 0 
 AGO , Rural ," 2,012 "," 9,690,421 ", 0 
 AGO , Urban ," 2,012 "," 15,486,973 ", 1 
 BDI , Rural ," 2,012 "," 8,839,899 ", 1 
 BDI , Urban ," 2,012 "," 1,231,129 ", 0 
 BEN , Rural ," 2,012 "," 5,817,748 ", 1 
 BEN , Urban ," 2,012 "," 4,579,909 ", 0 
 BFA , Rural ," 2,012 "," 12,913,527 ", 1 
 BFA , Urban ," 2,012 "," 4,258,760 ", 0 
 BWA , Rural ," 2,012 "," 750,682 ", 0 
 BWA , Urban ," 2,012 "," 1,357,934 ", 1 
 CAF , Rural ," 2,012 "," 2,811,226 ", 1 
 CAF , Urban ," 2,012 "," 1,799,622 ", 0 
 CIV , Rural ," 2,012 "," 12,173,723 ", 1 
 CIV , Urban ," 2,012 "," 11,293,355 ", 0 
 CMR , Rural ," 2,012 "," 10,074,161 ", 0 
 CMR , Urban ," 2,012 "," 10,735,368 ", 1 
 COD , Rural ," 2,012 "," 43,823,082 ", 1 
 COD , Urban ," 2,012 "," 29,431,536 ", 0 
 COG , Rural ," 2,012 "," 1,767,301 ", 0 
 COG , Urban ," 2,012 "," 2,973,149 ", 1 
 COM , Rural ," 2,012 "," 481,245 ", 1 
 COM , Urban ," 2,012 "," 200,385 ", 0 
 CPV , Rural ," 2,012 "," 185,706 ", 0 
 CPV , Urban ," 2,012 "," 326,249 ", 1 
 ERI , Rural ," 2,012 "," 1,953,317 ", 1 
 ERI , Urban ," 2,012 "," 1,083,671 ", 0 
 ETH , Rural ," 2,012 "," 78,357,513 ", 1 
 ETH , Urban ," 2,012 "," 17,441,254 ", 0 
 GAB , Rural ," 2,012 "," 242,241 ", 0 
 GAB , Urban ," 2,012 "," 1,604,649 ", 1 
 GHA , Rural ," 2,012 "," 12,853,892 ", 0 
 GHA , Urban ," 2,012 "," 13,880,376 ", 1 
 GIN , Rural ," 2,012 "," 7,172,049 ", 1 
 GIN , Urban ," 2,012 "," 3,749,531 ", 0 
 GMB , Rural ," 2,012 "," 871,978 ", 0 
 GMB , Urban ," 2,012 "," 1,171,116 ", 1 
 GNB , Rural ," 2,012 "," 976,506 ", 1 
 GNB , Urban ," 2,012 "," 674,911 ", 0 
 GNQ , Rural ," 2,012 "," 530,190 ", 0 
 GNQ , Urban ," 2,012 "," 763,293 ", 1 
 KEN , Rural ," 2,012 "," 29,907,327 ", 1 
 KEN , Urban ," 2,012 "," 13,980,976 ", 0 
 LBR , Rural ," 2,012 "," 2,222,498 ", 1 
 LBR , Urban ," 2,012 "," 2,150,546 ", 0 
 LSO , Rural ," 2,012 "," 1,426,142 ", 1 
 LSO , Urban ," 2,012 "," 608,212 ", 0 
 MDG , Rural ," 2,012 "," 16,799,386 ", 1 
 MDG , Urban ," 2,012 "," 6,663,052 ", 0 
 MLI , Rural ," 2,012 "," 12,860,109 ", 1 
 MLI , Urban ," 2,012 "," 4,096,924 ", 0 
 MOZ , Rural ," 2,012 "," 16,688,090 ", 1 
 MOZ , Urban ," 2,012 "," 7,649,756 ", 0 
 MRT , Rural ," 2,012 "," 1,872,009 ", 1 
 MRT , Urban ," 2,012 "," 1,747,025 ", 0 
 MUS , Rural ," 2,012 "," 773,026 ", 1 
 MUS , Urban ," 2,012 "," 516,144 ", 0 
 MWI , Rural ," 2,012 "," 13,254,906 ", 1 
 MWI , Urban ," 2,012 "," 2,454,671 ", 0 
 NAM , Rural ," 2,012 "," 1,242,604 ", 1 
 NAM , Urban ," 2,012 "," 952,050 ", 0 
 NER , Rural ," 2,012 "," 14,944,692 ", 1 
 NER , Urban ," 2,012 "," 2,892,077 ", 0 
 NGA , Rural ," 2,012 "," 82,281,965 ", 0 
 NGA , Urban ," 2,012 "," 93,918,659 ", 1 
 RWA , Rural ," 2,012 "," 8,995,205 ", 1 
 RWA , Urban ," 2,012 "," 1,834,696 ", 0 
 SDN , Rural ," 2,012 "," 24,685,893 ", 1 
 SDN , Urban ," 2,012 "," 12,237,285 ", 0 
 SEN , Rural ," 2,012 "," 7,382,535 ", 1 
 SEN , Urban ," 2,012 "," 5,927,959 ", 0 
 SLE , Rural ," 2,012 "," 3,965,735 ", 1 
 SLE , Urban ," 2,012 "," 2,585,345 ", 0 
 SOM , Rural ," 2,012 "," 7,442,768 ", 1 
 SOM , Urban ," 2,012 "," 5,018,392 ", 0 
 SSA , Rural ," 2,012 "," 581,943,649 ", 1 
 SSA , Urban ," 2,012 "," 363,071,186 ", 0 
 SSD , Rural ," 2,012 "," 8,816,655 ", 1 
 SSD , Urban ," 2,012 "," 1,939,585 ", 0 
 STP , Rural ," 2,012 "," 62,451 ", 0 
 STP , Urban ," 2,012 "," 126,988 ", 1 
 SWZ , Rural ," 2,012 "," 869,603 ", 1 
 SWZ , Urban ," 2,012 "," 254,260 ", 0 
 SYC , Rural ," 2,012 "," 57,012 ", 1 
 SYC , Urban ," 2,012 "," 42,531 ", 0 
 TCD , Rural ," 2,012 "," 10,290,550 ", 1 
 TCD , Urban ," 2,012 "," 2,920,448 ", 0 
 TGO , Rural ," 2,012 "," 4,372,673 ", 1 
 TGO , Urban ," 2,012 "," 2,728,063 ", 0 
 TZA , Rural ," 2,012 "," 33,404,597 ", 1 
 TZA , Urban ," 2,012 "," 13,969,663 ", 0 
 UGA , Rural ," 2,012 "," 26,998,714 ", 1 
 UGA , Urban ," 2,012 "," 7,338,724 ", 0 
 ZAF , Rural ," 2,012 "," 19,920,172 ", 0 
 ZAF , Urban ," 2,012 "," 33,862,394 ", 1 
 ZMB , Rural ," 2,012 "," 8,833,364 ", 1 
 ZMB , Urban ," 2,012 "," 6,080,265 ", 0 
 ZWE , Rural ," 2,012 "," 9,286,563 ", 1 
 ZWE , Urban ," 2,012 "," 4,531,324 ", 0 
 AFE , Rural ," 2,013 "," 381,573,605 ", 1 
 AFE , Urban ," 2,013 "," 193,673,294 ", 0 
 AFW , Rural ," 2,013 "," 212,088,707 ", 1 
 AFW , Urban ," 2,013 "," 183,941,501 ", 0 
 AGO , Rural ," 2,013 "," 9,908,055 ", 0 
 AGO , Urban ," 2,013 "," 16,257,565 ", 1 
 BDI , Rural ," 2,013 "," 9,085,661 ", 1 
 BDI , Urban ," 2,013 "," 1,353,679 ", 0 
 BEN , Rural ," 2,013 "," 5,927,309 ", 1 
 BEN , Urban ," 2,013 "," 4,781,525 ", 0 
 BFA , Rural ," 2,013 "," 13,252,779 ", 1 
 BFA , Urban ," 2,013 "," 4,442,630 ", 0 
 BWA , Rural ," 2,013 "," 754,420 ", 0 
 BWA , Urban ," 2,013 "," 1,386,262 ", 1 
 CAF , Rural ," 2,013 "," 2,817,749 ", 1 
 CAF , Urban ," 2,013 "," 1,824,670 ", 0 
 CIV , Rural ," 2,013 "," 12,312,170 ", 1 
 CIV , Urban ," 2,013 "," 11,627,605 ", 0 
 CMR , Rural ," 2,013 "," 10,284,364 ", 0 
 CMR , Urban ," 2,013 "," 11,118,012 ", 1 
 COD , Rural ," 2,013 "," 45,043,512 ", 1 
 COD , Urban ," 2,013 "," 30,745,883 ", 0 
 COG , Rural ," 2,013 "," 1,803,524 ", 0 
 COG , Urban ," 2,013 "," 3,053,575 ", 1 
 COM , Rural ," 2,013 "," 489,393 ", 1 
 COM , Urban ," 2,013 "," 206,799 ", 0 
 CPV , Rural ," 2,013 "," 180,566 ", 0 
 CPV , Urban ," 2,013 "," 331,659 ", 1 
 ERI , Rural ," 2,013 "," 1,977,695 ", 1 
 ERI , Urban ," 2,013 "," 1,096,665 ", 0 
 ETH , Rural ," 2,013 "," 80,113,871 ", 1 
 ETH , Urban ," 2,013 "," 18,324,880 ", 0 
 GAB , Rural ," 2,013 "," 245,862 ", 0 
 GAB , Urban ," 2,013 "," 1,667,197 ", 1 
 GHA , Rural ," 2,013 "," 13,008,831 ", 0 
 GHA , Urban ," 2,013 "," 14,377,362 ", 1 
 GIN , Rural ," 2,013 "," 7,321,581 ", 1 
 GIN , Urban ," 2,013 "," 3,870,292 ", 0 
 GMB , Rural ," 2,013 "," 884,229 ", 0 
 GMB , Urban ," 2,013 "," 1,219,591 ", 1 
 GNB , Rural ," 2,013 "," 995,576 ", 1 
 GNB , Urban ," 2,013 "," 700,397 ", 0 
 GNQ , Rural ," 2,013 "," 508,709 ", 0 
 GNQ , Urban ," 2,013 "," 837,509 ", 1 
 KEN , Rural ," 2,013 "," 30,666,395 ", 1 
 KEN , Urban ," 2,013 "," 14,320,396 ", 0 
 LBR , Rural ," 2,013 "," 2,248,629 ", 1 
 LBR , Urban ," 2,013 "," 2,221,610 ", 0 
 LSO , Rural ," 2,013 "," 1,414,037 ", 1 
 LSO , Urban ," 2,013 "," 642,467 ", 0 
 MDG , Rural ," 2,013 "," 17,199,456 ", 1 
 MDG , Urban ," 2,013 "," 6,909,834 ", 0 
 MLI , Rural ," 2,013 "," 13,146,503 ", 1 
 MLI , Urban ," 2,013 "," 4,313,112 ", 0 
 MOZ , Rural ," 2,013 "," 17,119,791 ", 1 
 MOZ , Urban ," 2,013 "," 7,931,820 ", 0 
 MRT , Rural ," 2,013 "," 1,891,231 ", 1 
 MRT , Urban ," 2,013 "," 1,843,087 ", 0 
 MUS , Rural ," 2,013 "," 775,741 ", 1 
 MUS , Urban ," 2,013 "," 515,243 ", 0 
 MWI , Rural ," 2,013 "," 13,624,958 ", 1 
 MWI , Urban ," 2,013 "," 2,536,858 ", 0 
 NAM , Rural ," 2,013 "," 1,258,911 ", 1 
 NAM , Urban ," 2,013 "," 993,597 ", 0 
 NER , Rural ," 2,013 "," 15,516,663 ", 1 
 NER , Urban ," 2,013 "," 3,003,235 ", 0 
 NGA , Rural ," 2,013 "," 83,078,003 ", 0 
 NGA , Urban ," 2,013 "," 97,971,440 ", 1 
 RWA , Rural ," 2,013 "," 9,199,239 ", 1 
 RWA , Urban ," 2,013 "," 1,894,101 ", 0 
 SDN , Rural ," 2,013 "," 25,155,370 ", 1 
 SDN , Urban ," 2,013 "," 12,630,478 ", 0 
 SEN , Rural ," 2,013 "," 7,535,500 ", 1 
 SEN , Urban ," 2,013 "," 6,175,349 ", 0 
 SLE , Rural ," 2,013 "," 4,035,706 ", 1 
 SLE , Urban ," 2,013 "," 2,678,345 ", 0 
 SOM , Rural ," 2,013 "," 7,559,683 ", 1 
 SOM , Urban ," 2,013 "," 5,309,911 ", 0 
 SSA , Rural ," 2,013 "," 593,662,312 ", 1 
 SSA , Urban ," 2,013 "," 377,614,795 ", 0 
 SSD , Rural ," 2,013 "," 9,124,310 ", 1 
 SSD , Urban ," 2,013 "," 2,041,966 ", 0 
 STP , Rural ," 2,013 "," 63,486 ", 0 
 STP , Urban ," 2,013 "," 129,662 ", 1 
 SWZ , Rural ," 2,013 "," 872,215 ", 1 
 SWZ , Urban ," 2,013 "," 257,775 ", 0 
 SYC , Rural ," 2,013 "," 58,381 ", 1 
 SYC , Urban ," 2,013 "," 43,711 ", 0 
 TCD , Rural ," 2,013 "," 10,638,299 ", 1 
 TCD , Urban ," 2,013 "," 3,052,781 ", 0 
 TGO , Rural ," 2,013 "," 4,454,926 ", 1 
 TGO , Urban ," 2,013 "," 2,830,516 ", 0 
 TZA , Rural ," 2,013 "," 34,141,487 ", 1 
 TZA , Urban ," 2,013 "," 14,682,641 ", 0 
 UGA , Rural ," 2,013 "," 27,302,541 ", 1 
 UGA , Urban ," 2,013 "," 8,034,501 ", 0 
 ZAF , Rural ," 2,013 "," 20,202,500 ", 0 
 ZAF , Urban ," 2,013 "," 34,476,292 ", 1 
 ZMB , Rural ," 2,013 "," 9,059,503 ", 1 
 ZMB , Urban ," 2,013 "," 6,339,494 ", 0 
 ZWE , Rural ," 2,013 "," 9,402,994 ", 1 
 ZWE , Urban ," 2,013 "," 4,610,814 ", 0 
 AFE , Rural ," 2,014 "," 389,607,203 ", 1 
 AFE , Urban ," 2,014 "," 201,405,876 ", 0 
 AFW , Rural ," 2,014 "," 215,615,577 ", 1 
 AFW , Urban ," 2,014 "," 191,376,472 ", 0 
 AGO , Rural ," 2,014 "," 10,124,688 ", 0 
 AGO , Urban ," 2,014 "," 17,036,081 ", 1 
 BDI , Rural ," 2,014 "," 9,311,146 ", 1 
 BDI , Urban ," 2,014 "," 1,488,640 ", 0 
 BEN , Rural ," 2,014 "," 6,034,730 ", 1 
 BEN , Urban ," 2,014 "," 4,995,274 ", 0 
 BFA , Rural ," 2,014 "," 13,602,566 ", 1 
 BFA , Urban ," 2,014 "," 4,626,895 ", 0 
 BWA , Rural ," 2,014 "," 758,119 ", 0 
 BWA , Urban ," 2,014 "," 1,413,925 ", 1 
 CAF , Rural ," 2,014 "," 2,791,355 ", 1 
 CAF , Urban ," 2,014 "," 1,831,827 ", 0 
 CIV , Rural ," 2,014 "," 12,504,725 ", 1 
 CIV , Urban ," 2,014 "," 12,022,670 ", 0 
 CMR , Rural ," 2,014 "," 10,522,703 ", 0 
 CMR , Urban ," 2,014 "," 11,537,190 ", 1 
 COD , Rural ," 2,014 "," 46,292,107 ", 1 
 COD , Urban ," 2,014 "," 32,111,135 ", 0 
 COG , Rural ," 2,014 "," 1,840,700 ", 0 
 COG , Urban ," 2,014 "," 3,135,180 ", 1 
 COM , Rural ," 2,014 "," 497,837 ", 1 
 COM , Urban ," 2,014 "," 213,666 ", 0 
 CPV , Rural ," 2,014 "," 175,172 ", 0 
 CPV , Urban ," 2,014 "," 337,154 ", 1 
 ERI , Rural ," 2,014 "," 1,992,062 ", 1 
 ERI , Urban ," 2,014 "," 1,103,111 ", 0 
 ETH , Rural ," 2,014 "," 81,877,064 ", 1 
 ETH , Urban ," 2,014 "," 19,238,546 ", 0 
 GAB , Rural ," 2,014 "," 244,855 ", 0 
 GAB , Urban ," 2,014 "," 1,733,545 ", 1 
 GHA , Rural ," 2,014 "," 13,160,945 ", 0 
 GHA , Urban ," 2,014 "," 14,880,647 ", 1 
 GIN , Rural ," 2,014 "," 7,478,305 ", 1 
 GIN , Urban ," 2,014 "," 3,994,619 ", 0 
 GMB , Rural ," 2,014 "," 895,808 ", 0 
 GMB , Urban ," 2,014 "," 1,268,720 ", 1 
 GNB , Rural ," 2,014 "," 1,014,601 ", 1 
 GNB , Urban ," 2,014 "," 726,521 ", 0 
 GNQ , Rural ," 2,014 "," 482,110 ", 0 
 GNQ , Urban ," 2,014 "," 917,718 ", 1 
 KEN , Rural ," 2,014 "," 31,410,235 ", 1 
 KEN , Urban ," 2,014 "," 14,641,205 ", 0 
 LBR , Rural ," 2,014 "," 2,272,114 ", 0 
 LBR , Urban ," 2,014 "," 2,292,180 ", 1 
 LSO , Rural ," 2,014 "," 1,401,139 ", 1 
 LSO , Urban ," 2,014 "," 678,950 ", 0 
 MDG , Rural ," 2,014 "," 17,602,848 ", 1 
 MDG , Urban ," 2,014 "," 7,161,500 ", 0 
 MLI , Rural ," 2,014 "," 13,467,325 ", 1 
 MLI , Urban ," 2,014 "," 4,552,942 ", 0 
 MOZ , Rural ," 2,014 "," 17,562,667 ", 1 
 MOZ , Urban ," 2,014 "," 8,225,808 ", 0 
 MRT , Rural ," 2,014 "," 1,906,189 ", 0 
 MRT , Urban ," 2,014 "," 1,942,325 ", 1 
 MUS , Rural ," 2,014 "," 777,932 ", 1 
 MUS , Urban ," 2,014 "," 514,072 ", 0 
 MWI , Rural ," 2,014 "," 14,000,961 ", 1 
 MWI , Urban ," 2,014 "," 2,620,577 ", 0 
 NAM , Rural ," 2,014 "," 1,275,805 ", 1 
 NAM , Urban ," 2,014 "," 1,036,333 ", 0 
 NER , Rural ," 2,014 "," 16,094,276 ", 1 
 NER , Urban ," 2,014 "," 3,121,633 ", 0 
 NGA , Rural ," 2,014 "," 83,796,300 ", 0 
 NGA , Urban ," 2,014 "," 102,100,615 ", 1 
 RWA , Rural ," 2,014 "," 9,375,689 ", 1 
 RWA , Urban ," 2,014 "," 1,989,068 ", 0 
 SDN , Rural ," 2,014 "," 25,715,611 ", 1 
 SDN , Urban ," 2,014 "," 13,107,707 ", 0 
 SEN , Rural ," 2,014 "," 7,698,448 ", 1 
 SEN , Urban ," 2,014 "," 6,453,654 ", 0 
 SLE , Rural ," 2,014 "," 4,103,329 ", 1 
 SLE , Urban ," 2,014 "," 2,773,056 ", 0 
 SOM , Rural ," 2,014 "," 7,690,014 ", 1 
 SOM , Urban ," 2,014 "," 5,649,477 ", 0 
 SSA , Rural ," 2,014 "," 605,222,780 ", 1 
 SSA , Urban ," 2,014 "," 392,782,348 ", 0 
 SSD , Rural ," 2,014 "," 9,151,425 ", 1 
 SSD , Urban ," 2,014 "," 2,083,647 ", 0 
 STP , Rural ," 2,014 "," 64,420 ", 0 
 STP , Urban ," 2,014 "," 132,347 ", 1 
 SWZ , Rural ," 2,014 "," 874,645 ", 1 
 SWZ , Urban ," 2,014 "," 261,654 ", 0 
 SYC , Rural ," 2,014 "," 59,717 ", 1 
 SYC , Urban ," 2,014 "," 44,937 ", 0 
 TCD , Rural ," 2,014 "," 10,992,047 ", 1 
 TCD , Urban ," 2,014 "," 3,196,631 ", 0 
 TGO , Rural ," 2,014 "," 4,536,976 ", 1 
 TGO , Urban ," 2,014 "," 2,935,474 ", 0 
 TZA , Rural ," 2,014 "," 34,921,640 ", 1 
 TZA , Urban ," 2,014 "," 15,429,872 ", 0 
 UGA , Rural ," 2,014 "," 27,590,057 ", 1 
 UGA , Urban ," 2,014 "," 8,805,482 ", 0 
 ZAF , Rural ," 2,014 "," 20,494,908 ", 0 
 ZAF , Urban ," 2,014 "," 35,099,930 ", 1 
 ZMB , Rural ," 2,014 "," 9,288,670 ", 1 
 ZMB , Urban ," 2,014 "," 6,606,645 ", 0 
 ZWE , Rural ," 2,014 "," 9,495,799 ", 1 
 ZWE , Urban ," 2,014 "," 4,711,559 ", 0 
 AFE , Rural ," 2,015 "," 397,747,914 ", 1 
 AFE , Urban ," 2,015 "," 209,418,564 ", 0 
 AFW , Rural ," 2,015 "," 219,089,000 ", 1 
 AFW , Urban ," 2,015 "," 199,038,843 ", 0 
 AGO , Rural ," 2,015 "," 10,273,182 ", 0 
 AGO , Urban ," 2,015 "," 17,884,616 ", 1 
 BDI , Rural ," 2,015 "," 9,426,954 ", 1 
 BDI , Urban ," 2,015 "," 1,620,626 ", 0 
 BEN , Rural ," 2,015 "," 6,141,500 ", 1 
 BEN , Urban ," 2,015 "," 5,219,181 ", 0 
 BFA , Rural ," 2,015 "," 13,966,426 ", 1 
 BFA , Urban ," 2,015 "," 4,811,061 ", 0 
 BWA , Rural ," 2,015 "," 762,104 ", 0 
 BWA , Urban ," 2,015 "," 1,441,169 ", 1 
 CAF , Rural ," 2,015 "," 2,778,405 ", 1 
 CAF , Urban ," 2,015 "," 1,850,915 ", 0 
 CIV , Rural ," 2,015 "," 12,757,106 ", 1 
 CIV , Urban ," 2,015 "," 12,489,236 ", 0 
 CMR , Rural ," 2,015 "," 10,779,823 ", 0 
 CMR , Urban ," 2,015 "," 11,983,591 ", 1 
 COD , Rural ," 2,015 "," 47,532,544 ", 1 
 COD , Urban ," 2,015 "," 33,502,987 ", 0 
 COG , Rural ," 2,015 "," 1,879,193 ", 0 
 COG , Urban ," 2,015 "," 3,218,387 ", 1 
 COM , Rural ," 2,015 "," 505,965 ", 1 
 COM , Urban ," 2,015 "," 220,717 ", 0 
 CPV , Rural ," 2,015 "," 169,579 ", 0 
 CPV , Urban ," 2,015 "," 342,815 ", 1 
 ERI , Rural ," 2,015 "," 2,000,251 ", 1 
 ERI , Urban ," 2,015 "," 1,105,295 ", 0 
 ETH , Rural ," 2,015 "," 83,663,349 ", 1 
 ETH , Urban ," 2,015 "," 20,203,785 ", 0 
 GAB , Rural ," 2,015 "," 243,178 ", 0 
 GAB , Urban ," 2,015 "," 1,797,811 ", 1 
 GHA , Rural ," 2,015 "," 13,308,478 ", 0 
 GHA , Urban ," 2,015 "," 15,387,590 ", 1 
 GIN , Rural ," 2,015 "," 7,644,204 ", 1 
 GIN , Urban ," 2,015 "," 4,122,866 ", 0 
 GMB , Rural ," 2,015 "," 906,588 ", 0 
 GMB , Urban ," 2,015 "," 1,317,941 ", 1 
 GNB , Rural ," 2,015 "," 1,033,343 ", 1 
 GNB , Urban ," 2,015 "," 753,113 ", 0 
 GNQ , Rural ," 2,015 "," 451,425 ", 0 
 GNQ , Urban ," 2,015 "," 1,002,498 ", 1 
 KEN , Rural ," 2,015 "," 32,145,546 ", 1 
 KEN , Urban ," 2,015 "," 14,942,980 ", 0 
 LBR , Rural ," 2,015 "," 2,295,076 ", 0 
 LBR , Urban ," 2,015 "," 2,364,355 ", 1 
 LSO , Rural ," 2,015 "," 1,387,142 ", 1 
 LSO , Urban ," 2,015 "," 717,470 ", 0 
 MDG , Rural ," 2,015 "," 18,008,943 ", 1 
 MDG , Urban ," 2,015 "," 7,417,759 ", 0 
 MLI , Rural ," 2,015 "," 13,787,281 ", 1 
 MLI , Urban ," 2,015 "," 4,805,741 ", 0 
 MOZ , Rural ," 2,015 "," 18,015,903 ", 1 
 MOZ , Urban ," 2,015 "," 8,531,669 ", 0 
 MRT , Rural ," 2,015 "," 1,916,826 ", 0 
 MRT , Urban ," 2,015 "," 2,049,133 ", 1 
 MUS , Rural ," 2,015 "," 779,617 ", 1 
 MUS , Urban ," 2,015 "," 512,658 ", 0 
 MWI , Rural ," 2,015 "," 14,380,281 ", 1 
 MWI , Urban ," 2,015 "," 2,705,306 ", 0 
 NAM , Rural ," 2,015 "," 1,293,748 ", 1 
 NAM , Urban ," 2,015 "," 1,080,552 ", 0 
 NER , Rural ," 2,015 "," 16,688,650 ", 1 
 NER , Urban ," 2,015 "," 3,250,848 ", 0 
 NGA , Rural ," 2,015 "," 84,405,544 ", 0 
 NGA , Urban ," 2,015 "," 106,266,334 ", 1 
 RWA , Rural ," 2,015 "," 9,522,083 ", 1 
 RWA , Urban ," 2,015 "," 2,117,939 ", 0 
 SDN , Rural ," 2,015 "," 26,379,527 ", 1 
 SDN , Urban ," 2,015 "," 13,644,905 ", 0 
 SEN , Rural ," 2,015 "," 7,840,301 ", 1 
 SEN , Urban ," 2,015 "," 6,753,029 ", 0 
 SLE , Rural ," 2,015 "," 4,168,617 ", 1 
 SLE , Urban ," 2,015 "," 2,869,038 ", 0 
 SOM , Rural ," 2,015 "," 7,750,980 ", 1 
 SOM , Urban ," 2,015 "," 6,055,984 ", 0 
 SSA , Rural ," 2,015 "," 616,836,914 ", 1 
 SSA , Urban ," 2,015 "," 408,457,407 ", 0 
 SSD , Rural ," 2,015 "," 9,018,312 ", 1 
 SSD , Urban ," 2,015 "," 2,089,250 ", 0 
 STP , Rural ," 2,015 "," 65,312 ", 0 
 STP , Urban ," 2,015 "," 134,979 ", 1 
 SWZ , Rural ," 2,015 "," 876,925 ", 1 
 SWZ , Urban ," 2,015 "," 265,887 ", 0 
 SYC , Rural ," 2,015 "," 61,019 ", 1 
 SYC , Urban ," 2,015 "," 46,211 ", 0 
 TCD , Rural ," 2,015 "," 11,307,798 ", 1 
 TCD , Urban ," 2,015 "," 3,339,823 ", 0 
 TGO , Rural ," 2,015 "," 4,619,662 ", 1 
 TGO , Urban ," 2,015 "," 3,043,534 ", 0 
 TZA , Rural ," 2,015 "," 35,787,219 ", 1 
 TZA , Urban ," 2,015 "," 16,233,743 ", 0 
 UGA , Rural ," 2,015 "," 28,156,922 ", 1 
 UGA , Urban ," 2,015 "," 9,374,524 ", 0 
 ZAF , Rural ," 2,015 "," 20,868,796 ", 0 
 ZAF , Urban ," 2,015 "," 35,854,741 ", 1 
 ZMB , Rural ," 2,015 "," 9,518,767 ", 1 
 ZMB , Urban ," 2,015 "," 6,880,322 ", 0 
 ZWE , Rural ," 2,015 "," 9,566,522 ", 1 
 ZWE , Urban ," 2,015 "," 4,832,491 ", 0 
 AFE , Rural ," 2,016 "," 405,956,154 ", 1 
 AFE , Urban ," 2,016 "," 217,456,447 ", 0 
 AFW , Rural ," 2,016 "," 222,569,342 ", 1 
 AFW , Urban ," 2,016 "," 206,885,401 ", 0 
 AGO , Rural ," 2,016 "," 10,418,581 ", 0 
 AGO , Urban ," 2,016 "," 18,764,489 ", 1 
 BDI , Rural ," 2,016 "," 9,484,063 ", 1 
 BDI , Urban ," 2,016 "," 1,755,388 ", 0 
 BEN , Rural ," 2,016 "," 6,245,541 ", 1 
 BEN , Urban ," 2,016 "," 5,452,301 ", 0 
 BFA , Rural ," 2,016 "," 14,342,304 ", 1 
 BFA , Urban ," 2,016 "," 4,992,552 ", 0 
 BWA , Rural ," 2,016 "," 766,641 ", 0 
 BWA , Urban ," 2,016 "," 1,468,135 ", 1 
 CAF , Rural ," 2,016 "," 2,810,245 ", 1 
 CAF , Urban ," 2,016 "," 1,903,419 ", 0 
 CIV , Rural ," 2,016 "," 13,012,897 ", 1 
 CIV , Urban ," 2,016 "," 12,976,508 ", 0 
 CMR , Rural ," 2,016 "," 11,027,794 ", 0 
 CMR , Urban ," 2,016 "," 12,426,367 ", 1 
 COD , Rural ," 2,016 "," 48,922,202 ", 1 
 COD , Urban ," 2,016 "," 35,034,213 ", 0 
 COG , Rural ," 2,016 "," 1,919,202 ", 0 
 COG , Urban ," 2,016 "," 3,303,334 ", 1 
 COM , Rural ," 2,016 "," 513,800 ", 1 
 COM , Urban ," 2,016 "," 227,941 ", 0 
 CPV , Rural ," 2,016 "," 163,836 ", 0 
 CPV , Urban ," 2,016 "," 348,718 ", 1 
 ERI , Rural ," 2,016 "," 2,014,636 ", 1 
 ERI , Urban ," 2,016 "," 1,110,062 ", 0 
 ETH , Rural ," 2,016 "," 85,506,474 ", 1 
 ETH , Urban ," 2,016 "," 21,211,688 ", 0 
 GAB , Rural ," 2,016 "," 240,599 ", 0 
 GAB , Urban ," 2,016 "," 1,859,707 ", 1 
 GHA , Rural ," 2,016 "," 13,455,060 ", 0 
 GHA , Urban ," 2,016 "," 15,901,682 ", 1 
 GIN , Rural ," 2,016 "," 7,810,040 ", 1 
 GIN , Urban ," 2,016 "," 4,262,990 ", 0 
 GMB , Rural ," 2,016 "," 916,585 ", 0 
 GMB , Urban ," 2,016 "," 1,367,185 ", 1 
 GNB , Rural ," 2,016 "," 1,051,761 ", 1 
 GNB , Urban ," 2,016 "," 780,132 ", 0 
 GNQ , Rural ," 2,016 "," 463,718 ", 0 
 GNQ , Urban ," 2,016 "," 1,044,468 ", 1 
 KEN , Rural ," 2,016 "," 32,903,355 ", 1 
 KEN , Urban ," 2,016 "," 15,236,332 ", 0 
 LBR , Rural ," 2,016 "," 2,317,468 ", 0 
 LBR , Urban ," 2,016 "," 2,438,140 ", 1 
 LSO , Rural ," 2,016 "," 1,373,956 ", 1 
 LSO , Urban ," 2,016 "," 756,466 ", 0 
 MDG , Rural ," 2,016 "," 18,420,316 ", 1 
 MDG , Urban ," 2,016 "," 7,679,636 ", 0 
 MLI , Rural ," 2,016 "," 14,115,796 ", 1 
 MLI , Urban ," 2,016 "," 5,075,493 ", 0 
 MOZ , Rural ," 2,016 "," 18,484,825 ", 1 
 MOZ , Urban ," 2,016 "," 8,852,280 ", 0 
 MRT , Rural ," 2,016 "," 1,924,056 ", 0 
 MRT , Urban ," 2,016 "," 2,162,600 ", 1 
 MUS , Rural ," 2,016 "," 780,793 ", 1 
 MUS , Urban ," 2,016 "," 511,010 ", 0 
 MWI , Rural ," 2,016 "," 14,766,123 ", 1 
 MWI , Urban ," 2,016 "," 2,791,616 ", 0 
 NAM , Rural ," 2,016 "," 1,312,902 ", 1 
 NAM , Urban ," 2,016 "," 1,126,311 ", 0 
 NER , Rural ," 2,016 "," 17,295,394 ", 1 
 NER , Urban ," 2,016 "," 3,390,359 ", 0 
 NGA , Rural ," 2,016 "," 84,937,802 ", 0 
 NGA , Urban ," 2,016 "," 110,505,898 ", 1 
 RWA , Rural ," 2,016 "," 9,640,069 ", 1 
 RWA , Urban ," 2,016 "," 2,279,114 ", 0 
 SDN , Rural ," 2,016 "," 27,153,879 ", 1 
 SDN , Urban ," 2,016 "," 14,106,013 ", 0 
 SEN , Rural ," 2,016 "," 7,959,973 ", 1 
 SEN , Urban ," 2,016 "," 7,074,547 ", 0 
 SLE , Rural ," 2,016 "," 4,234,614 ", 1 
 SLE , Urban ," 2,016 "," 2,970,714 ", 0 
 SOM , Rural ," 2,016 "," 7,756,521 ", 1 
 SOM , Urban ," 2,016 "," 6,592,219 ", 0 
 SSA , Rural ," 2,016 "," 628,525,496 ", 1 
 SSA , Urban ," 2,016 "," 424,341,848 ", 0 
 SSD , Rural ," 2,016 "," 8,764,049 ", 1 
 SSD , Urban ," 2,016 "," 2,066,053 ", 0 
 STP , Rural ," 2,016 "," 66,154 ", 0 
 STP , Urban ," 2,016 "," 137,535 ", 1 
 SWZ , Rural ," 2,016 "," 879,052 ", 1 
 SWZ , Urban ," 2,016 "," 270,455 ", 0 
 SYC , Rural ," 2,016 "," 62,289 ", 1 
 SYC , Urban ," 2,016 "," 47,532 ", 0 
 TCD , Rural ," 2,016 "," 11,621,360 ", 1 
 TCD , Urban ," 2,016 "," 3,493,295 ", 0 
 TGO , Rural ," 2,016 "," 4,703,297 ", 1 
 TGO , Urban ," 2,016 "," 3,154,992 ", 0 
 TZA , Rural ," 2,016 "," 36,730,728 ", 1 
 TZA , Urban ," 2,016 "," 17,093,285 ", 0 
 UGA , Rural ," 2,016 "," 28,829,571 ", 1 
 UGA , Urban ," 2,016 "," 9,969,581 ", 0 
 ZAF , Rural ," 2,016 "," 21,028,514 ", 0 
 ZAF , Urban ," 2,016 "," 36,231,037 ", 1 
 ZMB , Rural ," 2,016 "," 9,752,138 ", 1 
 ZMB , Urban ," 2,016 "," 7,162,285 ", 0 
 ZWE , Rural ," 2,016 "," 9,624,522 ", 1 
 ZWE , Urban ," 2,016 "," 4,975,772 ", 0 
 AFE , Rural ," 2,017 "," 414,251,873 ", 1 
 AFE , Urban ," 2,017 "," 225,849,220 ", 0 
 AFW , Rural ," 2,017 "," 225,963,890 ", 1 
 AFW , Urban ," 2,017 "," 214,919,013 ", 0 
 AGO , Rural ," 2,017 "," 10,556,478 ", 0 
 AGO , Urban ," 2,017 "," 19,678,361 ", 1 
 BDI , Rural ," 2,017 "," 9,593,863 ", 1 
 BDI , Urban ," 2,017 "," 1,912,899 ", 0 
 BEN , Rural ," 2,017 "," 6,345,653 ", 1 
 BEN , Urban ," 2,017 "," 5,694,127 ", 0 
 BFA , Rural ," 2,017 "," 14,726,439 ", 1 
 BFA , Urban ," 2,017 "," 5,167,968 ", 0 
 BWA , Rural ," 2,017 "," 771,926 ", 0 
 BWA , Urban ," 2,017 "," 1,494,821 ", 1 
 CAF , Rural ," 2,017 "," 2,837,032 ", 1 
 CAF , Urban ," 2,017 "," 1,956,478 ", 0 
 CIV , Rural ," 2,017 "," 13,260,359 ", 0 
 CIV , Urban ," 2,017 "," 13,473,013 ", 1 
 CMR , Rural ," 2,017 "," 11,265,278 ", 0 
 CMR , Urban ," 2,017 "," 12,863,323 ", 1 
 COD , Rural ," 2,017 "," 50,410,177 ", 1 
 COD , Urban ," 2,017 "," 36,673,221 ", 0 
 COG , Rural ," 2,017 "," 1,960,907 ", 0 
 COG , Urban ," 2,017 "," 3,390,104 ", 1 
 COM , Rural ," 2,017 "," 521,348 ", 1 
 COM , Urban ," 2,017 "," 235,322 ", 0 
 CPV , Rural ," 2,017 "," 157,971 ", 0 
 CPV , Urban ," 2,017 "," 354,922 ", 1 
 ERI , Rural ," 2,017 "," 2,033,779 ", 1 
 ERI , Urban ," 2,017 "," 1,116,568 ", 0 
 ETH , Rural ," 2,017 "," 87,394,880 ", 1 
 ETH , Urban ," 2,017 "," 22,271,601 ", 0 
 GAB , Rural ," 2,017 "," 237,238 ", 0 
 GAB , Urban ," 2,017 "," 1,919,662 ", 1 
 GHA , Rural ," 2,017 "," 13,594,042 ", 0 
 GHA , Urban ," 2,017 "," 16,414,312 ", 1 
 GIN , Rural ," 2,017 "," 7,978,503 ", 1 
 GIN , Urban ," 2,017 "," 4,407,156 ", 0 
 GMB , Rural ," 2,017 "," 925,827 ", 0 
 GMB , Urban ," 2,017 "," 1,416,362 ", 1 
 GNB , Rural ," 2,017 "," 1,069,639 ", 1 
 GNB , Urban ," 2,017 "," 807,433 ", 0 
 GNQ , Rural ," 2,017 "," 475,725 ", 0 
 GNQ , Urban ," 2,017 "," 1,086,671 ", 1 
 KEN , Rural ," 2,017 "," 33,681,595 ", 1 
 KEN , Urban ," 2,017 "," 15,516,171 ", 0 
 LBR , Rural ," 2,017 "," 2,337,387 ", 0 
 LBR , Urban ," 2,017 "," 2,511,537 ", 1 
 LSO , Rural ," 2,017 "," 1,369,153 ", 1 
 LSO , Urban ," 2,017 "," 787,957 ", 0 
 MDG , Rural ," 2,017 "," 18,839,987 ", 1 
 MDG , Urban ," 2,017 "," 7,948,388 ", 0 
 MLI , Rural ," 2,017 "," 14,450,685 ", 1 
 MLI , Urban ," 2,017 "," 5,362,326 ", 0 
 MOZ , Rural ," 2,017 "," 18,976,420 ", 1 
 MOZ , Urban ," 2,017 "," 9,189,973 ", 0 
 MRT , Rural ," 2,017 "," 1,928,579 ", 0 
 MRT , Urban ," 2,017 "," 2,282,021 ", 1 
 MUS , Rural ," 2,017 "," 781,492 ", 1 
 MUS , Urban ," 2,017 "," 509,163 ", 0 
 MWI , Rural ," 2,017 "," 15,159,958 ", 1 
 MWI , Urban ," 2,017 "," 2,879,757 ", 0 
 NAM , Rural ," 2,017 "," 1,333,305 ", 1 
 NAM , Urban ," 2,017 "," 1,173,548 ", 0 
 NER , Rural ," 2,017 "," 17,897,805 ", 1 
 NER , Urban ," 2,017 "," 3,537,641 ", 0 
 NGA , Rural ," 2,017 "," 85,411,312 ", 0 
 NGA , Urban ," 2,017 "," 114,843,266 ", 1 
 RWA , Rural ," 2,017 "," 9,731,417 ", 1 
 RWA , Urban ," 2,017 "," 2,470,643 ", 0 
 SDN , Rural ," 2,017 "," 28,068,757 ", 1 
 SDN , Urban ," 2,017 "," 14,645,549 ", 0 
 SEN , Rural ," 2,017 "," 8,057,240 ", 1 
 SEN , Urban ," 2,017 "," 7,417,762 ", 0 
 SLE , Rural ," 2,017 "," 4,301,344 ", 1 
 SLE , Urban ," 2,017 "," 3,077,955 ", 0 
 SOM , Rural ," 2,017 "," 7,702,356 ", 1 
 SOM , Urban ," 2,017 "," 7,214,273 ", 0 
 SSA , Rural ," 2,017 "," 640,215,762 ", 1 
 SSA , Urban ," 2,017 "," 440,768,234 ", 0 
 SSD , Rural ," 2,017 "," 8,274,111 ", 1 
 SSD , Urban ," 2,017 "," 1,985,043 ", 0 
 STP , Rural ," 2,017 "," 66,951 ", 0 
 STP , Urban ," 2,017 "," 140,019 ", 1 
 SWZ , Rural ," 2,017 "," 882,484 ", 1 
 SWZ , Urban ," 2,017 "," 275,711 ", 0 
 SYC , Rural ," 2,017 "," 63,524 ", 1 
 SYC , Urban ," 2,017 "," 48,902 ", 0 
 TCD , Rural ," 2,017 "," 11,957,449 ", 1 
 TCD , Urban ," 2,017 "," 3,665,310 ", 0 
 TGO , Rural ," 2,017 "," 4,787,476 ", 1 
 TGO , Urban ," 2,017 "," 3,269,664 ", 0 
 TZA , Rural ," 2,017 "," 37,677,729 ", 1 
 TZA , Urban ," 2,017 "," 17,975,161 ", 0 
 UGA , Rural ," 2,017 "," 29,564,962 ", 1 
 UGA , Urban ," 2,017 "," 10,612,426 ", 0 
 ZAF , Rural ," 2,017 "," 21,134,175 ", 0 
 ZAF , Urban ," 2,017 "," 36,500,987 ", 1 
 ZMB , Rural ," 2,017 "," 9,988,714 ", 1 
 ZMB , Urban ," 2,017 "," 7,452,606 ", 0 
 ZWE , Rural ," 2,017 "," 9,672,329 ", 1 
 ZWE , Urban ," 2,017 "," 5,140,153 ", 0 
 AFE , Rural ," 2,018 "," 422,893,668 ", 1 
 AFE , Urban ," 2,018 "," 234,948,950 ", 0 
 AFW , Rural ," 2,018 "," 229,182,170 ", 1 
 AFW , Urban ," 2,018 "," 223,013,745 ", 0 
 AGO , Rural ," 2,018 "," 10,680,713 ", 0 
 AGO , Urban ," 2,018 "," 20,616,442 ", 1 
 BDI , Rural ," 2,018 "," 9,762,456 ", 1 
 BDI , Urban ," 2,018 "," 2,096,990 ", 0 
 BEN , Rural ," 2,018 "," 6,439,925 ", 1 
 BEN , Urban ," 2,018 "," 5,943,423 ", 0 
 BFA , Rural ," 2,018 "," 15,107,324 ", 1 
 BFA , Urban ," 2,018 "," 5,330,964 ", 0 
 BWA , Rural ," 2,018 "," 778,077 ", 0 
 BWA , Urban ," 2,018 "," 1,521,064 ", 1 
 CAF , Rural ," 2,018 "," 2,864,627 ", 1 
 CAF , Urban ," 2,018 "," 2,014,030 ", 0 
 CIV , Rural ," 2,018 "," 13,492,641 ", 0 
 CIV , Urban ," 2,018 "," 13,971,532 ", 1 
 CMR , Rural ," 2,018 "," 11,501,731 ", 0 
 CMR , Urban ," 2,018 "," 13,304,652 ", 1 
 COD , Rural ," 2,018 "," 51,782,204 ", 1 
 COD , Urban ," 2,018 "," 38,265,440 ", 0 
 COG , Rural ," 2,018 "," 2,004,438 ", 0 
 COG , Urban ," 2,018 "," 3,478,680 ", 1 
 COM , Rural ," 2,018 "," 529,254 ", 1 
 COM , Urban ," 2,018 "," 242,336 ", 0 
 CPV , Rural ," 2,018 "," 151,986 ", 0 
 CPV , Urban ," 2,018 "," 361,429 ", 1 
 ERI , Rural ," 2,018 "," 2,064,276 ", 1 
 ERI , Urban ," 2,018 "," 1,128,484 ", 0 
 ETH , Rural ," 2,018 "," 89,248,249 ", 1 
 ETH , Urban ," 2,018 "," 23,415,903 ", 0 
 GAB , Rural ," 2,018 "," 233,311 ", 0 
 GAB , Urban ," 2,018 "," 1,979,007 ", 1 
 GHA , Rural ," 2,018 "," 13,719,977 ", 0 
 GHA , Urban ," 2,018 "," 16,917,608 ", 1 
 GIN , Rural ," 2,018 "," 8,149,422 ", 1 
 GIN , Urban ," 2,018 "," 4,555,352 ", 0 
 GMB , Rural ," 2,018 "," 934,307 ", 0 
 GMB , Urban ," 2,018 "," 1,465,325 ", 1 
 GNB , Rural ," 2,018 "," 1,087,084 ", 1 
 GNB , Urban ," 2,018 "," 835,084 ", 0 
 GNQ , Rural ," 2,018 "," 487,518 ", 0 
 GNQ , Urban ," 2,018 "," 1,128,904 ", 1 
 KEN , Rural ," 2,018 "," 34,445,086 ", 1 
 KEN , Urban ," 2,018 "," 15,762,021 ", 0 
 LBR , Rural ," 2,018 "," 2,357,419 ", 0 
 LBR , Urban ," 2,018 "," 2,587,307 ", 1 
 LSO , Rural ," 2,018 "," 1,363,243 ", 1 
 LSO , Urban ," 2,018 "," 820,360 ", 0 
 MDG , Rural ," 2,018 "," 19,268,963 ", 1 
 MDG , Urban ," 2,018 "," 8,225,963 ", 0 
 MLI , Rural ," 2,018 "," 14,779,604 ", 1 
 MLI , Urban ," 2,018 "," 5,662,426 ", 0 
 MOZ , Rural ," 2,018 "," 19,445,319 ", 1 
 MOZ , Urban ," 2,018 "," 9,573,325 ", 0 
 MRT , Rural ," 2,018 "," 1,946,297 ", 0 
 MRT , Urban ," 2,018 "," 2,391,388 ", 1 
 MUS , Rural ," 2,018 "," 781,710 ", 1 
 MUS , Urban ," 2,018 "," 507,123 ", 0 
 MWI , Rural ," 2,018 "," 15,559,484 ", 1 
 MWI , Urban ," 2,018 "," 2,968,597 ", 0 
 NAM , Rural ," 2,018 "," 1,355,073 ", 1 
 NAM , Urban ," 2,018 "," 1,222,253 ", 0 
 NER , Rural ," 2,018 "," 18,494,887 ", 1 
 NER , Urban ," 2,018 "," 3,693,182 ", 0 
 NGA , Rural ," 2,018 "," 85,755,936 ", 0 
 NGA , Urban ," 2,018 "," 119,182,819 ", 1 
 RWA , Rural ," 2,018 "," 9,797,851 ", 1 
 RWA , Urban ," 2,018 "," 2,690,145 ", 0 
 SDN , Rural ," 2,018 "," 29,023,209 ", 1 
 SDN , Urban ," 2,018 "," 15,207,387 ", 0 
 SEN , Rural ," 2,018 "," 8,132,282 ", 1 
 SEN , Urban ," 2,018 "," 7,782,216 ", 0 
 SLE , Rural ," 2,018 "," 4,366,454 ", 1 
 SLE , Urban ," 2,018 "," 3,188,109 ", 0 
 SOM , Rural ," 2,018 "," 7,579,349 ", 0 
 SOM , Urban ," 2,018 "," 7,873,138 ", 1 
 SSA , Rural ," 2,018 "," 652,075,838 ", 1 
 SSA , Urban ," 2,018 "," 457,962,695 ", 0 
 SSD , Rural ," 2,018 "," 8,136,301 ", 1 
 SSD , Urban ," 2,018 "," 1,986,676 ", 0 
 STP , Rural ," 2,018 "," 67,716 ", 0 
 STP , Urban ," 2,018 "," 142,471 ", 1 
 SWZ , Rural ," 2,018 "," 887,709 ", 1 
 SWZ , Urban ," 2,018 "," 281,220 ", 0 
 SYC , Rural ," 2,018 "," 64,723 ", 1 
 SYC , Urban ," 2,018 "," 50,317 ", 0 
 TCD , Rural ," 2,018 "," 12,303,422 ", 1 
 TCD , Urban ," 2,018 "," 3,853,108 ", 0 
 TGO , Rural ," 2,018 "," 4,871,578 ", 1 
 TGO , Urban ," 2,018 "," 3,387,200 ", 0 
 TZA , Rural ," 2,018 "," 38,581,253 ", 1 
 TZA , Urban ," 2,018 "," 18,855,892 ", 0 
 UGA , Rural ," 2,018 "," 30,289,833 ", 1 
 UGA , Urban ," 2,018 "," 11,275,998 ", 0 
 ZAF , Rural ," 2,018 "," 21,465,749 ", 0 
 ZAF , Urban ," 2,018 "," 37,147,252 ", 1 
 ZMB , Rural ," 2,018 "," 10,224,899 ", 1 
 ZMB , Urban ," 2,018 "," 7,748,670 ", 0 
 ZWE , Rural ," 2,018 "," 9,710,970 ", 1 
 ZWE , Urban ," 2,018 "," 5,323,482 ", 0 
 AFE , Rural ," 2,019 "," 431,973,751 ", 1 
 AFE , Urban ," 2,019 "," 244,016,749 ", 0 
 AFW , Rural ," 2,019 "," 232,192,068 ", 1 
 AFW , Urban ," 2,019 "," 231,173,361 ", 0 
 AGO , Rural ," 2,019 "," 10,792,811 ", 0 
 AGO , Urban ," 2,019 "," 21,582,821 ", 1 
 BDI , Rural ," 2,019 "," 9,953,027 ", 1 
 BDI , Urban ," 2,019 "," 2,302,309 ", 0 
 BEN , Rural ," 2,019 "," 6,527,228 ", 1 
 BEN , Urban ," 2,019 "," 6,199,527 ", 0 
 BFA , Rural ," 2,019 "," 15,486,957 ", 1 
 BFA , Urban ," 2,019 "," 5,474,995 ", 0 
 BWA , Rural ," 2,019 "," 785,278 ", 0 
 BWA , Urban ," 2,019 "," 1,546,805 ", 1 
 CAF , Rural ," 2,019 "," 2,878,804 ", 1 
 CAF , Urban ," 2,019 "," 2,065,899 ", 0 
 CIV , Rural ," 2,019 "," 13,715,482 ", 0 
 CIV , Urban ," 2,019 "," 14,477,527 ", 1 
 CMR , Rural ," 2,019 "," 11,745,865 ", 0 
 CMR , Urban ," 2,019 "," 13,760,230 ", 1 
 COD , Rural ," 2,019 "," 53,096,497 ", 1 
 COD , Urban ," 2,019 "," 39,850,945 ", 0 
 COG , Rural ," 2,019 "," 2,049,091 ", 0 
 COG , Urban ," 2,019 "," 3,567,570 ", 1 
 COM , Rural ," 2,019 "," 537,007 ", 1 
 COM , Urban ," 2,019 "," 249,571 ", 0 
 CPV , Rural ," 2,019 "," 145,875 ", 0 
 CPV , Urban ," 2,019 "," 368,229 ", 1 
 ERI , Rural ," 2,019 "," 2,098,504 ", 1 
 ERI , Urban ," 2,019 "," 1,141,690 ", 0 
 ETH , Rural ," 2,019 "," 91,144,728 ", 1 
 ETH , Urban ," 2,019 "," 24,592,655 ", 0 
 GAB , Rural ," 2,019 "," 228,966 ", 0 
 GAB , Urban ," 2,019 "," 2,038,740 ", 1 
 GHA , Rural ," 2,019 "," 13,840,014 ", 0 
 GHA , Urban ," 2,019 "," 17,418,931 ", 1 
 GIN , Rural ," 2,019 "," 8,325,277 ", 1 
 GIN , Urban ," 2,019 "," 4,709,069 ", 0 
 GMB , Rural ," 2,019 "," 942,366 ", 0 
 GMB , Urban ," 2,019 "," 1,514,478 ", 1 
 GNB , Rural ," 2,019 "," 1,104,378 ", 1 
 GNB , Urban ," 2,019 "," 863,318 ", 0 
 GNQ , Rural ," 2,019 "," 499,090 ", 0 
 GNQ , Urban ," 2,019 "," 1,171,087 ", 1 
 KEN , Rural ," 2,019 "," 35,232,893 ", 1 
 KEN , Urban ," 2,019 "," 15,969,935 ", 0 
 LBR , Rural ," 2,019 "," 2,377,849 ", 0 
 LBR , Urban ," 2,019 "," 2,665,872 ", 1 
 LSO , Rural ," 2,019 "," 1,356,484 ", 1 
 LSO , Urban ," 2,019 "," 852,921 ", 0 
 MDG , Rural ," 2,019 "," 19,667,704 ", 1 
 MDG , Urban ," 2,019 "," 8,551,850 ", 0 
 MLI , Rural ," 2,019 "," 15,095,076 ", 1 
 MLI , Urban ," 2,019 "," 5,973,329 ", 0 
 MOZ , Rural ," 2,019 "," 19,897,700 ", 1 
 MOZ , Urban ," 2,019 "," 9,986,680 ", 0 
 MRT , Rural ," 2,019 "," 1,963,128 ", 0 
 MRT , Urban ," 2,019 "," 2,504,580 ", 1 
 MUS , Rural ," 2,019 "," 781,397 ", 1 
 MUS , Urban ," 2,019 "," 504,873 ", 0 
 MWI , Rural ," 2,019 "," 15,955,305 ", 1 
 MWI , Urban ," 2,019 "," 3,070,447 ", 0 
 NAM , Rural ," 2,019 "," 1,378,204 ", 1 
 NAM , Urban ," 2,019 "," 1,272,290 ", 0 
 NER , Rural ," 2,019 "," 19,089,517 ", 1 
 NER , Urban ," 2,019 "," 3,858,240 ", 0 
 NGA , Rural ," 2,019 "," 85,970,564 ", 0 
 NGA , Urban ," 2,019 "," 123,515,077 ", 1 
 RWA , Rural ," 2,019 "," 9,841,291 ", 1 
 RWA , Urban ," 2,019 "," 2,934,812 ", 0 
 SDN , Rural ," 2,019 "," 29,846,458 ", 1 
 SDN , Urban ," 2,019 "," 15,701,717 ", 0 
 SEN , Rural ," 2,019 "," 8,185,564 ", 1 
 SEN , Urban ," 2,019 "," 8,167,358 ", 0 
 SLE , Rural ," 2,019 "," 4,430,288 ", 1 
 SLE , Urban ," 2,019 "," 3,301,703 ", 0 
 SOM , Rural ," 2,019 "," 7,752,238 ", 0 
 SOM , Urban ," 2,019 "," 8,278,733 ", 1 
 SSA , Rural ," 2,019 "," 664,165,819 ", 1 
 SSA , Urban ," 2,019 "," 475,190,110 ", 0 
 SSD , Rural ," 2,019 "," 8,348,481 ", 1 
 SSD , Urban ," 2,019 "," 2,074,903 ", 0 
 STP , Rural ," 2,019 "," 68,471 ", 0 
 STP , Urban ," 2,019 "," 144,921 ", 1 
 SWZ , Rural ," 2,019 "," 892,622 ", 1 
 SWZ , Urban ," 2,019 "," 287,252 ", 0 
 SYC , Rural ," 2,019 "," 65,878 ", 1 
 SYC , Urban ," 2,019 "," 51,772 ", 0 
 TCD , Rural ," 2,019 "," 12,635,201 ", 1 
 TCD , Urban ," 2,019 "," 4,050,022 ", 0 
 TGO , Rural ," 2,019 "," 4,955,488 ", 1 
 TGO , Urban ," 2,019 "," 3,507,580 ", 0 
 TZA , Rural ," 2,019 "," 39,441,529 ", 1 
 TZA , Urban ," 2,019 "," 19,733,362 ", 0 
 UGA , Rural ," 2,019 "," 31,029,837 ", 1 
 UGA , Urban ," 2,019 "," 11,969,800 ", 0 
 ZAF , Rural ," 2,019 "," 21,801,583 ", 0 
 ZAF , Urban ," 2,019 "," 37,786,302 ", 1 
 ZMB , Rural ," 2,019 "," 10,462,210 ", 1 
 ZMB , Urban ," 2,019 "," 8,051,629 ", 0 
 ZWE , Rural ," 2,019 "," 9,745,612 ", 1 
 ZWE , Urban ," 2,019 "," 5,525,756 ", 0 
 AFE , Rural ," 2,020 "," 441,077,001 ", 1 
 AFE , Urban ," 2,020 "," 253,408,137 ", 0 
 AFW , Rural ," 2,020 "," 235,024,217 ", 0 
 AFW , Urban ," 2,020 "," 239,545,135 ", 1 
 AGO , Rural ," 2,020 "," 10,886,060 ", 0 
 AGO , Urban ," 2,020 "," 22,565,072 ", 1 
 BDI , Rural ," 2,020 "," 10,102,335 ", 1 
 BDI , Urban ," 2,020 "," 2,514,701 ", 0 
 BEN , Rural ," 2,020 "," 6,607,473 ", 1 
 BEN , Urban ," 2,020 "," 6,462,696 ", 0 
 BFA , Rural ," 2,020 "," 15,817,372 ", 1 
 BFA , Urban ," 2,020 "," 5,661,318 ", 0 
 BWA , Rural ," 2,020 "," 793,785 ", 0 
 BWA , Urban ," 2,020 "," 1,572,109 ", 1 
 CAF , Rural ," 2,020 "," 2,900,109 ", 1 
 CAF , Urban ," 2,020 "," 2,126,519 ", 0 
 CIV , Rural ," 2,020 "," 13,926,904 ", 0 
 CIV , Urban ," 2,020 "," 14,988,545 ", 1 
 CMR , Rural ," 2,020 "," 11,989,811 ", 0 
 CMR , Urban ," 2,020 "," 14,220,747 ", 1 
 COD , Rural ," 2,020 "," 54,471,578 ", 1 
 COD , Urban ," 2,020 "," 41,518,420 ", 0 
 COG , Rural ," 2,020 "," 2,095,391 ", 0 
 COG , Urban ," 2,020 "," 3,657,399 ", 1 
 COM , Rural ," 2,020 "," 544,960 ", 1 
 COM , Urban ," 2,020 "," 257,204 ", 0 
 CPV , Rural ," 2,020 "," 139,561 ", 0 
 CPV , Urban ," 2,020 "," 375,119 ", 1 
 ERI , Rural ," 2,020 "," 2,135,503 ", 1 
 ERI , Urban ," 2,020 "," 1,155,767 ", 0 
 ETH , Rural ," 2,020 "," 93,200,529 ", 1 
 ETH , Urban ," 2,020 "," 25,717,142 ", 0 
 GAB , Rural ," 2,020 "," 224,170 ", 0 
 GAB , Urban ," 2,020 "," 2,098,369 ", 1 
 GHA , Rural ," 2,020 "," 13,961,388 ", 0 
 GHA , Urban ," 2,020 "," 17,926,421 ", 1 
 GIN , Rural ," 2,020 "," 8,493,346 ", 1 
 GIN , Urban ," 2,020 "," 4,877,837 ", 0 
 GMB , Rural ," 2,020 "," 950,773 ", 0 
 GMB , Urban ," 2,020 "," 1,564,960 ", 1 
 GNB , Rural ," 2,020 "," 1,121,306 ", 1 
 GNB , Urban ," 2,020 "," 891,949 ", 0 
 GNQ , Rural ," 2,020 "," 508,326 ", 0 
 GNQ , Urban ," 2,020 "," 1,208,142 ", 1 
 KEN , Rural ," 2,020 "," 35,922,210 ", 1 
 KEN , Urban ," 2,020 "," 16,295,124 ", 0 
 LBR , Rural ," 2,020 "," 2,400,275 ", 0 
 LBR , Urban ," 2,020 "," 2,749,189 ", 1 
 LSO , Rural ," 2,020 "," 1,349,643 ", 1 
 LSO , Urban ," 2,020 "," 886,084 ", 0 
 MDG , Rural ," 2,020 "," 20,064,250 ", 1 
 MDG , Urban ," 2,020 "," 8,889,306 ", 0 
 MLI , Rural ," 2,020 "," 15,412,351 ", 1 
 MLI , Urban ," 2,020 "," 6,301,485 ", 0 
 MOZ , Rural ," 2,020 "," 20,346,663 ", 1 
 MOZ , Urban ," 2,020 "," 10,437,025 ", 0 
 MRT , Rural ," 2,020 "," 1,978,808 ", 0 
 MRT , Urban ," 2,020 "," 2,621,323 ", 1 
 MUS , Rural ," 2,020 "," 780,704 ", 1 
 MUS , Urban ," 2,020 "," 502,519 ", 0 
 MWI , Rural ," 2,020 "," 16,350,617 ", 1 
 MWI , Urban ," 2,020 "," 3,183,271 ", 0 
 NAM , Rural ," 2,020 "," 1,404,019 ", 1 
 NAM , Urban ," 2,020 "," 1,324,743 ", 0 
 NER , Rural ," 2,020 "," 19,683,688 ", 1 
 NER , Urban ," 2,020 "," 4,033,925 ", 0 
 NGA , Rural ," 2,020 "," 86,099,297 ", 0 
 NGA , Urban ," 2,020 "," 127,896,884 ", 1 
 RWA , Rural ," 2,020 "," 9,864,318 ", 1 
 RWA , Urban ," 2,020 "," 3,201,519 ", 0 
 SDN , Rural ," 2,020 "," 30,619,133 ", 1 
 SDN , Urban ," 2,020 "," 16,170,098 ", 0 
 SEN , Rural ," 2,020 "," 8,217,266 ", 0 
 SEN , Urban ," 2,020 "," 8,571,953 ", 1 
 SLE , Rural ," 2,020 "," 4,493,307 ", 1 
 SLE , Urban ," 2,020 "," 3,419,251 ", 0 
 SOM , Rural ," 2,020 "," 7,944,896 ", 0 
 SOM , Urban ," 2,020 "," 8,706,295 ", 1 
 SSA , Rural ," 2,020 "," 676,101,218 ", 1 
 SSA , Urban ," 2,020 "," 492,953,272 ", 0 
 SSD , Rural ," 2,020 "," 8,538,291 ", 1 
 SSD , Urban ," 2,020 "," 2,160,176 ", 0 
 STP , Rural ," 2,020 "," 69,484 ", 0 
 STP , Urban ," 2,020 "," 147,951 ", 1 
 SWZ , Rural ," 2,020 "," 898,539 ", 1 
 SWZ , Urban ," 2,020 "," 294,190 ", 0 
 SYC , Rural ," 2,020 "," 67,010 ", 1 
 SYC , Urban ," 2,020 "," 53,281 ", 0 
 TCD , Rural ," 2,020 "," 12,964,294 ", 1 
 TCD , Urban ," 2,020 "," 4,260,385 ", 0 
 TGO , Rural ," 2,020 "," 5,039,001 ", 1 
 TGO , Urban ," 2,020 "," 3,630,719 ", 0 
 TZA , Rural ," 2,020 "," 40,330,625 ", 1 
 TZA , Urban ," 2,020 "," 20,642,173 ", 0 
 UGA , Rural ," 2,020 "," 31,769,092 ", 1 
 UGA , Urban ," 2,020 "," 12,688,060 ", 0 
 ZAF , Rural ," 2,020 "," 22,143,236 ", 0 
 ZAF , Urban ," 2,020 "," 38,419,145 ", 1 
 ZMB , Rural ," 2,020 "," 10,699,096 ", 1 
 ZMB , Urban ," 2,020 "," 8,360,299 ", 0 
 ZWE , Rural ," 2,020 "," 9,780,423 ", 1 
 ZWE , Urban ," 2,020 "," 5,746,465 ", 0 
 AFE , Rural ," 2,021 "," 449,920,702 ", 1 
 AFE , Urban ," 2,021 "," 263,207,246 ", 0 
 AFW , Rural ," 2,021 "," 237,749,496 ", 0 
 AFW , Urban ," 2,021 "," 248,171,500 ", 1 
 AGO , Rural ," 2,021 "," 10,963,212 ", 0 
 AGO , Urban ," 2,021 "," 23,569,217 ", 1 
 BDI , Rural ," 2,021 "," 10,228,354 ", 1 
 BDI , Urban ," 2,021 "," 2,737,128 ", 0 
 BEN , Rural ," 2,021 "," 6,680,394 ", 0 
 BEN , Urban ," 2,021 "," 6,733,023 ", 1 
 BFA , Rural ," 2,021 "," 16,098,004 ", 1 
 BFA , Urban ," 2,021 "," 5,897,239 ", 0 
 BWA , Rural ," 2,021 "," 804,044 ", 0 
 BWA , Urban ," 2,021 "," 1,597,397 ", 1 
 CAF , Rural ," 2,021 "," 2,921,321 ", 1 
 CAF , Urban ," 2,021 "," 2,190,779 ", 0 
 CIV , Rural ," 2,021 "," 14,132,716 ", 0 
 CIV , Urban ," 2,021 "," 15,507,020 ", 1 
 CMR , Rural ," 2,021 "," 12,231,902 ", 0 
 CMR , Urban ," 2,021 "," 14,683,856 ", 1 
 COD , Rural ," 2,021 "," 55,891,177 ", 1 
 COD , Urban ," 2,021 "," 43,257,755 ", 0 
 COG , Rural ," 2,021 "," 2,143,699 ", 0 
 COG , Urban ," 2,021 "," 3,748,484 ", 1 
 COM , Rural ," 2,021 "," 552,984 ", 1 
 COM , Urban ," 2,021 "," 265,190 ", 0 
 CPV , Rural ," 2,021 "," 133,498 ", 0 
 CPV , Urban ," 2,021 "," 383,151 ", 1 
 ERI , Rural ," 2,021 "," 2,178,051 ", 1 
 ERI , Urban ," 2,021 "," 1,172,132 ", 0 
 ETH , Rural ," 2,021 "," 95,137,766 ", 1 
 ETH , Urban ," 2,021 "," 27,000,822 ", 0 
 GAB , Rural ," 2,021 "," 218,939 ", 0 
 GAB , Urban ," 2,021 "," 2,157,783 ", 1 
 GHA , Rural ," 2,021 "," 14,082,125 ", 0 
 GHA , Urban ," 2,021 "," 18,436,540 ", 1 
 GIN , Rural ," 2,021 "," 8,658,159 ", 1 
 GIN , Urban ," 2,021 "," 5,052,354 ", 0 
 GMB , Rural ," 2,021 "," 959,433 ", 0 
 GMB , Urban ," 2,021 "," 1,616,577 ", 1 
 GNB , Rural ," 2,021 "," 1,137,852 ", 1 
 GNB , Urban ," 2,021 "," 920,990 ", 0 
 GNQ , Rural ," 2,021 "," 516,325 ", 0 
 GNQ , Urban ," 2,021 "," 1,242,461 ", 1 
 KEN , Rural ," 2,021 "," 36,567,989 ", 1 
 KEN , Urban ," 2,021 "," 16,651,177 ", 0 
 LBR , Rural ," 2,021 "," 2,423,367 ", 0 
 LBR , Urban ," 2,021 "," 2,835,956 ", 1 
 LSO , Rural ," 2,021 "," 1,342,108 ", 1 
 LSO , Urban ," 2,021 "," 919,434 ", 0 
 MDG , Rural ," 2,021 "," 20,453,085 ", 1 
 MDG , Urban ," 2,021 "," 9,237,998 ", 0 
 MLI , Rural ," 2,021 "," 15,738,096 ", 1 
 MLI , Urban ," 2,021 "," 6,650,534 ", 0 
 MOZ , Rural ," 2,021 "," 20,784,486 ", 1 
 MOZ , Urban ," 2,021 "," 10,923,314 ", 0 
 MRT , Rural ," 2,021 "," 1,993,309 ", 0 
 MRT , Urban ," 2,021 "," 2,741,565 ", 1 
 MUS , Rural ," 2,021 "," 779,583 ", 1 
 MUS , Urban ," 2,021 "," 500,040 ", 0 
 MWI , Rural ," 2,021 "," 16,741,827 ", 1 
 MWI , Urban ," 2,021 "," 3,305,431 ", 0 
 NAM , Rural ," 2,021 "," 1,431,772 ", 1 
 NAM , Urban ," 2,021 "," 1,378,776 ", 0 
 NER , Rural ," 2,021 "," 20,280,521 ", 1 
 NER , Urban ," 2,021 "," 4,221,619 ", 0 
 NGA , Rural ," 2,021 "," 86,166,415 ", 0 
 NGA , Urban ," 2,021 "," 132,362,871 ", 1 
 RWA , Rural ," 2,021 "," 9,868,881 ", 1 
 RWA , Urban ," 2,021 "," 3,486,379 ", 0 
 SDN , Rural ," 2,021 "," 31,415,505 ", 1 
 SDN , Urban ," 2,021 "," 16,651,419 ", 0 
 SEN , Rural ," 2,021 "," 8,227,091 ", 0 
 SEN , Urban ," 2,021 "," 8,993,775 ", 1 
 SLE , Rural ," 2,021 "," 4,554,465 ", 1 
 SLE , Urban ," 2,021 "," 3,540,137 ", 0 
 SOM , Rural ," 2,021 "," 8,133,796 ", 0 
 SOM , Urban ," 2,021 "," 9,137,635 ", 1 
 SSA , Rural ," 2,021 "," 687,670,197 ", 1 
 SSA , Urban ," 2,021 "," 511,378,747 ", 0 
 SSD , Rural ," 2,021 "," 8,640,347 ", 1 
 SSD , Urban ," 2,021 "," 2,225,433 ", 0 
 STP , Rural ," 2,021 "," 70,642 ", 0 
 STP , Urban ," 2,021 "," 151,319 ", 1 
 SWZ , Rural ," 2,021 "," 904,756 ", 1 
 SWZ , Urban ," 2,021 "," 301,837 ", 0 
 SYC , Rural ," 2,021 "," 68,132 ", 1 
 SYC , Urban ," 2,021 "," 54,856 ", 0 
 TCD , Rural ," 2,021 "," 13,329,981 ", 1 
 TCD , Urban ," 2,021 "," 4,498,292 ", 0 
 TGO , Rural ," 2,021 "," 5,121,884 ", 1 
 TGO , Urban ," 2,021 "," 3,756,494 ", 0 
 TZA , Rural ," 2,021 "," 41,248,158 ", 1 
 TZA , Urban ," 2,021 "," 21,582,254 ", 0 
 UGA , Rural ," 2,021 "," 32,488,275 ", 1 
 UGA , Urban ," 2,021 "," 13,422,655 ", 0 
 ZAF , Rural ," 2,021 "," 22,478,960 ", 0 
 ZAF , Urban ," 2,021 "," 39,023,643 ", 1 
 ZMB , Rural ," 2,021 "," 10,931,878 ", 1 
 ZMB , Urban ," 2,021 "," 8,671,729 ", 0 
 ZWE , Rural ," 2,021 "," 9,814,932 ", 1 
 ZWE , Urban ," 2,021 "," 5,982,278 ", 0 
 AFE , Rural ," 2,022 "," 458,420,101 ", 1 
 AFE , Urban ," 2,022 "," 273,420,545 ", 0 
 AFW , Rural ," 2,022 "," 240,329,059 ", 0 
 AFW , Urban ," 2,022 "," 257,058,121 ", 1 
 AGO , Rural ," 2,022 "," 11,028,821 ", 0 
 AGO , Urban ," 2,022 "," 24,606,208 ", 1 
 BDI , Rural ," 2,022 "," 10,347,796 ", 1 
 BDI , Urban ," 2,022 "," 2,973,302 ", 0 
 BEN , Rural ," 2,022 "," 6,747,287 ", 0 
 BEN , Urban ," 2,022 "," 7,012,213 ", 1 
 BFA , Rural ," 2,022 "," 16,368,767 ", 1 
 BFA , Urban ," 2,022 "," 6,140,271 ", 0 
 BWA , Rural ," 2,022 "," 815,193 ", 0 
 BWA , Urban ," 2,022 "," 1,624,699 ", 1 
 CAF , Rural ," 2,022 "," 2,891,853 ", 1 
 CAF , Urban ," 2,022 "," 2,206,187 ", 0 
 CIV , Rural ," 2,022 "," 14,331,470 ", 0 
 CIV , Urban ," 2,022 "," 16,063,532 ", 1 
 CMR , Rural ," 2,022 "," 12,477,336 ", 0 
 CMR , Urban ," 2,022 "," 15,155,435 ", 1 
 COD , Rural ," 2,022 "," 57,338,936 ", 1 
 COD , Urban ," 2,022 "," 45,058,032 ", 0 
 COG , Rural ," 2,022 "," 2,194,231 ", 0 
 COG , Urban ," 2,022 "," 3,840,873 ", 1 
 COM , Rural ," 2,022 "," 560,786 ", 1 
 COM , Urban ," 2,022 "," 273,402 ", 0 
 CPV , Rural ," 2,022 "," 129,760 ", 0 
 CPV , Urban ," 2,022 "," 389,981 ", 1 
 ERI , Rural ," 2,022 "," 2,221,359 ", 1 
 ERI , Urban ," 2,022 "," 1,188,088 ", 0 
 ETH , Rural ," 2,022 "," 96,875,952 ", 1 
 ETH , Urban ," 2,022 "," 28,508,335 ", 0 
 GAB , Rural ," 2,022 "," 213,314 ", 0 
 GAB , Urban ," 2,022 "," 2,217,433 ", 1 
 GHA , Rural ," 2,022 "," 14,171,060 ", 0 
 GHA , Urban ," 2,022 "," 18,978,092 ", 1 
 GIN , Rural ," 2,022 "," 8,821,215 ", 1 
 GIN , Urban ," 2,022 "," 5,233,922 ", 0 
 GMB , Rural ," 2,022 "," 967,928 ", 0 
 GMB , Urban ," 2,022 "," 1,668,542 ", 1 
 GNB , Rural ," 2,022 "," 1,154,615 ", 1 
 GNB , Urban ," 2,022 "," 950,914 ", 0 
 GNQ , Rural ," 2,022 "," 524,994 ", 0 
 GNQ , Urban ," 2,022 "," 1,278,551 ", 1 
 KEN , Rural ," 2,022 "," 37,200,488 ", 1 
 KEN , Urban ," 2,022 "," 17,051,972 ", 0 
 LBR , Rural ," 2,022 "," 2,447,046 ", 0 
 LBR , Urban ," 2,022 "," 2,926,248 ", 1 
 LSO , Rural ," 2,022 "," 1,333,479 ", 1 
 LSO , Urban ," 2,022 "," 952,631 ", 0 
 MDG , Rural ," 2,022 "," 20,837,415 ", 1 
 MDG , Urban ," 2,022 "," 9,599,846 ", 0 
 MLI , Rural ," 2,022 "," 16,058,195 ", 1 
 MLI , Urban ," 2,022 "," 7,014,445 ", 0 
 MOZ , Rural ," 2,022 "," 21,209,035 ", 1 
 MOZ , Urban ," 2,022 "," 11,447,211 ", 0 
 MRT , Rural ," 2,022 "," 2,008,173 ", 0 
 MRT , Urban ," 2,022 "," 2,867,465 ", 1 
 MUS , Rural ," 2,022 "," 778,439 ", 1 
 MUS , Urban ," 2,022 "," 497,691 ", 0 
 MWI , Rural ," 2,022 "," 17,130,747 ", 1 
 MWI , Urban ," 2,022 "," 3,437,981 ", 0 
 NAM , Rural ," 2,022 "," 1,458,438 ", 1 
 NAM , Urban ," 2,022 "," 1,431,224 ", 0 
 NER , Rural ," 2,022 "," 20,888,147 ", 1 
 NER , Urban ," 2,022 "," 4,423,826 ", 0 
 NGA , Rural ," 2,022 "," 86,197,021 ", 0 
 NGA , Urban ," 2,022 "," 136,953,875 ", 1 
 RWA , Rural ," 2,022 "," 9,858,682 ", 1 
 RWA , Urban ," 2,022 "," 3,792,348 ", 0 
 SDN , Rural ," 2,022 "," 32,236,962 ", 1 
 SDN , Urban ," 2,022 "," 17,146,384 ", 0 
 SEN , Rural ," 2,022 "," 8,217,735 ", 0 
 SEN , Urban ," 2,022 "," 9,433,368 ", 1 
 SLE , Rural ," 2,022 "," 4,612,943 ", 1 
 SLE , Urban ," 2,022 "," 3,663,863 ", 0 
 SOM , Rural ," 2,022 "," 8,277,702 ", 0 
 SOM , Urban ," 2,022 "," 9,524,195 ", 1 
 SSA , Rural ," 2,022 "," 698,749,160 ", 1 
 SSA , Urban ," 2,022 "," 530,478,666 ", 0 
 SSD , Rural ," 2,022 "," 8,731,505 ", 1 
 SSD , Urban ," 2,022 "," 2,289,673 ", 0 
 STP , Rural ," 2,022 "," 71,576 ", 0 
 STP , Urban ," 2,022 "," 154,729 ", 1 
 SWZ , Rural ," 2,022 "," 909,353 ", 1 
 SWZ , Urban ," 2,022 "," 309,564 ", 0 
 SYC , Rural ," 2,022 "," 69,149 ", 1 
 SYC , Urban ," 2,022 "," 56,373 ", 0 
 TCD , Rural ," 2,022 "," 13,700,570 ", 1 
 TCD , Urban ," 2,022 "," 4,754,746 ", 0 
 TGO , Rural ," 2,022 "," 5,205,399 ", 1 
 TGO , Urban ," 2,022 "," 3,884,339 ", 0 
 TZA , Rural ," 2,022 "," 42,176,917 ", 1 
 TZA , Urban ," 2,022 "," 22,534,904 ", 0 
 UGA , Rural ," 2,022 "," 33,154,295 ", 1 
 UGA , Urban ," 2,022 "," 14,158,425 ", 0 
 ZAF , Rural ," 2,022 "," 22,782,673 ", 0 
 ZAF , Urban ," 2,022 "," 39,595,737 ", 1 
 ZMB , Rural ," 2,022 "," 11,164,959 ", 1 
 ZMB , Urban ," 2,022 "," 8,987,979 ", 0 
 ZWE , Rural ," 2,022 "," 9,849,444 ", 1 
 ZWE , Urban ," 2,022 "," 6,219,612 ", 0 
 AFE , Rural ," 2,023 "," 467,033,213 ", 1 
 AFE , Urban ," 2,023 "," 283,491,277 ", 0 
 AFW , Rural ," 2,023 "," 243,070,193 ", 0 
 AFW , Urban ," 2,023 "," 266,328,396 ", 1 
 AGO , Rural ," 2,023 "," 11,079,544 ", 0 
 AGO , Urban ," 2,023 "," 25,670,362 ", 1 
 BDI , Rural ," 2,023 "," 10,465,109 ", 1 
 BDI , Urban ," 2,023 "," 3,224,341 ", 0 
 BEN , Rural ," 2,023 "," 6,809,168 ", 0 
 BEN , Urban ," 2,023 "," 7,301,866 ", 1 
 BFA , Rural ," 2,023 "," 16,627,547 ", 1 
 BFA , Urban ," 2,023 "," 6,398,229 ", 0 
 BWA , Rural ," 2,023 "," 817,953 ", 0 
 BWA , Urban ," 2,023 "," 1,662,291 ", 1 
 CAF , Rural ," 2,023 "," 2,900,896 ", 1 
 CAF , Urban ," 2,023 "," 2,251,524 ", 0 
 CIV , Rural ," 2,023 "," 14,520,851 ", 0 
 CIV , Urban ," 2,023 "," 16,644,803 ", 1 
 CMR , Rural ," 2,023 "," 12,731,197 ", 0 
 CMR , Urban ," 2,023 "," 15,641,490 ", 1 
 COD , Rural ," 2,023 "," 58,845,037 ", 1 
 COD , Urban ," 2,023 "," 46,944,694 ", 0 
 COG , Rural ," 2,023 "," 2,246,695 ", 0 
 COG , Urban ," 2,023 "," 3,936,190 ", 1 
 COM , Rural ," 2,023 "," 568,482 ", 1 
 COM , Urban ," 2,023 "," 281,905 ", 0 
 CPV , Rural ," 2,023 "," 125,848 ", 0 
 CPV , Urban ," 2,023 "," 396,482 ", 1 
 ERI , Rural ," 2,023 "," 2,266,289 ", 1 
 ERI , Urban ," 2,023 "," 1,204,101 ", 0 
 ETH , Rural ," 2,023 "," 99,017,129 ", 1 
 ETH , Urban ," 2,023 "," 29,674,563 ", 0 
 GAB , Rural ," 2,023 "," 207,788 ", 0 
 GAB , Urban ," 2,023 "," 2,277,000 ", 1 
 GHA , Rural ," 2,023 "," 14,255,974 ", 0 
 GHA , Urban ," 2,023 "," 19,531,940 ", 1 
 GIN , Rural ," 2,023 "," 8,982,471 ", 1 
 GIN , Urban ," 2,023 "," 5,422,997 ", 0 
 GMB , Rural ," 2,023 "," 976,566 ", 0 
 GMB , Urban ," 2,023 "," 1,721,280 ", 1 
 GNB , Rural ," 2,023 "," 1,171,580 ", 1 
 GNB , Urban ," 2,023 "," 981,759 ", 0 
 GNQ , Rural ," 2,023 "," 533,405 ", 0 
 GNQ , Urban ," 2,023 "," 1,314,144 ", 1 
 KEN , Rural ," 2,023 "," 37,833,597 ", 1 
 KEN , Urban ," 2,023 "," 17,505,406 ", 0 
 LBR , Rural ," 2,023 "," 2,471,981 ", 0 
 LBR , Urban ," 2,023 "," 3,021,050 ", 1 
 LSO , Rural ," 2,023 "," 1,324,978 ", 1 
 LSO , Urban ," 2,023 "," 986,494 ", 0 
 MDG , Rural ," 2,023 "," 21,219,490 ", 1 
 MDG , Urban ," 2,023 "," 9,976,442 ", 0 
 MLI , Rural ," 2,023 "," 16,399,940 ", 1 
 MLI , Urban ," 2,023 "," 7,369,187 ", 0 
 MOZ , Rural ," 2,023 "," 21,622,370 ", 1 
 MOZ , Urban ," 2,023 "," 12,012,790 ", 0 
 MRT , Rural ," 2,023 "," 2,023,329 ", 0 
 MRT , Urban ," 2,023 "," 2,999,113 ", 1 
 MUS , Rural ," 2,023 "," 776,838 ", 1 
 MUS , Urban ," 2,023 "," 496,750 ", 0 
 MWI , Rural ," 2,023 "," 17,522,023 ", 1 
 MWI , Urban ," 2,023 "," 3,582,459 ", 0 
 NAM , Rural ," 2,023 "," 1,482,893 ", 1 
 NAM , Urban ," 2,023 "," 1,480,202 ", 0 
 NER , Rural ," 2,023 "," 21,516,311 ", 1 
 NER , Urban ," 2,023 "," 4,643,556 ", 0 
 NGA , Rural ," 2,023 "," 86,197,462 ", 0 
 NGA , Urban ," 2,023 "," 141,685,483 ", 1 
 RWA , Rural ," 2,023 "," 9,927,835 ", 1 
 RWA , Urban ," 2,023 "," 4,026,637 ", 0 
 SDN , Rural ," 2,023 "," 32,629,898 ", 1 
 SDN , Urban ," 2,023 "," 17,412,893 ", 0 
 SEN , Rural ," 2,023 "," 8,189,280 ", 0 
 SEN , Urban ," 2,023 "," 9,888,293 ", 1 
 SLE , Rural ," 2,023 "," 4,669,414 ", 1 
 SLE , Urban ," 2,023 "," 3,791,098 ", 0 
 SOM , Rural ," 2,023 "," 8,431,847 ", 0 
 SOM , Urban ," 2,023 "," 9,926,768 ", 1 
 SSA , Rural ," 2,023 "," 710,103,405 ", 1 
 SSA , Urban ," 2,023 "," 549,819,674 ", 0 
 SSD , Rural ," 2,023 "," 9,063,394 ", 1 
 SSD , Urban ," 2,023 "," 2,419,980 ", 0 
 STP , Rural ," 2,023 "," 72,483 ", 0 
 STP , Urban ," 2,023 "," 158,388 ", 1 
 SWZ , Rural ," 2,023 "," 912,935 ", 1 
 SWZ , Urban ," 2,023 "," 317,571 ", 0 
 SYC , Rural ," 2,023 "," 70,249 ", 1 
 SYC , Urban ," 2,023 "," 57,702 ", 0 
 TCD , Rural ," 2,023 "," 14,232,250 ", 1 
 TCD , Urban ," 2,023 "," 5,086,814 ", 0 
 TGO , Rural ," 2,023 "," 5,280,241 ", 1 
 TGO , Urban ," 2,023 "," 4,024,097 ", 0 
 TZA , Rural ," 2,023 "," 42,985,142 ", 1 
 TZA , Urban ," 2,023 "," 23,632,464 ", 0 
 UGA , Rural ," 2,023 "," 33,764,793 ", 1 
 UGA , Urban ," 2,023 "," 14,891,808 ", 0 
 ZAF , Rural ," 2,023 "," 23,020,452 ", 0 
 ZAF , Urban ," 2,023 "," 40,191,932 ", 1 
 ZMB , Rural ," 2,023 "," 11,392,257 ", 1 
 ZMB , Urban ," 2,023 "," 9,331,708 ", 0 
 ZWE , Rural ," 2,023 "," 9,920,197 ", 1 
 ZWE , Urban ," 2,023 "," 6,420,625 ", 0 
 AFE , Rural ," 2,024 "," 475,117,230 ", 1 
 AFE , Urban ," 2,024 "," 294,198,111 ", 0 
 AFW , Rural ," 2,024 "," 245,961,860 ", 0 
 AFW , Urban ," 2,024 "," 275,802,217 ", 1 
 AGO , Rural ," 2,024 "," 11,117,550 ", 0 
 AGO , Urban ," 2,024 "," 26,768,299 ", 1 
 BDI , Rural ," 2,024 "," 10,559,681 ", 1 
 BDI , Urban ," 2,024 "," 3,488,105 ", 0 
 BEN , Rural ," 2,024 "," 6,863,208 ", 0 
 BEN , Urban ," 2,024 "," 7,599,516 ", 1 
 BFA , Rural ," 2,024 "," 16,876,175 ", 1 
 BFA , Urban ," 2,024 "," 6,672,606 ", 0 
 BWA , Rural ," 2,024 "," 820,319 ", 0 
 BWA , Urban ," 2,024 "," 1,700,820 ", 1 
 CAF , Rural ," 2,024 "," 2,978,557 ", 1 
 CAF , Urban ," 2,024 "," 2,352,133 ", 0 
 CIV , Rural ," 2,024 "," 14,698,269 ", 0 
 CIV , Urban ," 2,024 "," 17,235,961 ", 1 
 CMR , Rural ," 2,024 "," 12,988,265 ", 0 
 CMR , Urban ," 2,024 "," 16,135,479 ", 1 
 COD , Rural ," 2,024 "," 60,379,966 ", 1 
 COD , Urban ," 2,024 "," 48,896,299 ", 0 
 COG , Rural ," 2,024 "," 2,287,047 ", 0 
 COG , Urban ," 2,024 "," 4,045,914 ", 1 
 COM , Rural ," 2,024 "," 575,968 ", 1 
 COM , Urban ," 2,024 "," 290,660 ", 0 
 CPV , Rural ," 2,024 "," 121,918 ", 0 
 CPV , Urban ," 2,024 "," 402,959 ", 1 
 ERI , Rural ," 2,024 "," 2,314,528 ", 1 
 ERI , Urban ," 2,024 "," 1,221,075 ", 0 
 ETH , Rural ," 2,024 "," 100,864,234 ", 1 
 ETH , Urban ," 2,024 "," 31,195,533 ", 0 
 GAB , Rural ," 2,024 "," 206,589 ", 0 
 GAB , Urban ," 2,024 "," 2,332,363 ", 1 
 GHA , Rural ," 2,024 "," 14,333,686 ", 0 
 GHA , Urban ," 2,024 "," 20,093,728 ", 1 
 GIN , Rural ," 2,024 "," 9,137,447 ", 1 
 GIN , Urban ," 2,024 "," 5,617,339 ", 0 
 GMB , Rural ," 2,024 "," 985,332 ", 0 
 GMB , Urban ," 2,024 "," 1,774,656 ", 1 
 GNB , Rural ," 2,024 "," 1,186,238 ", 1 
 GNB , Urban ," 2,024 "," 1,015,114 ", 0 
 GNQ , Rural ," 2,024 "," 542,066 ", 0 
 GNQ , Urban ," 2,024 "," 1,350,450 ", 1 
 KEN , Rural ," 2,024 "," 38,434,343 ", 1 
 KEN , Urban ," 2,024 "," 17,998,601 ", 0 
 LBR , Rural ," 2,024 "," 2,495,526 ", 0 
 LBR , Urban ," 2,024 "," 3,117,291 ", 1 
 LSO , Rural ," 2,024 "," 1,316,483 ", 1 
 LSO , Urban ," 2,024 "," 1,020,940 ", 0 
 MDG , Rural ," 2,024 "," 21,597,446 ", 1 
 MDG , Urban ," 2,024 "," 10,367,510 ", 0 
 MLI , Rural ," 2,024 "," 16,741,508 ", 1 
 MLI , Urban ," 2,024 "," 7,737,087 ", 0 
 MOZ , Rural ," 2,024 "," 22,014,294 ", 1 
 MOZ , Urban ," 2,024 "," 12,617,472 ", 0 
 MRT , Rural ," 2,024 "," 2,036,387 ", 0 
 MRT , Urban ," 2,024 "," 3,133,008 ", 1 
 MUS , Rural ," 2,024 "," 775,207 ", 1 
 MUS , Urban ," 2,024 "," 495,962 ", 0 
 MWI , Rural ," 2,024 "," 17,915,742 ", 1 
 MWI , Urban ," 2,024 "," 3,739,544 ", 0 
 NAM , Rural ," 2,024 "," 1,502,678 ", 0 
 NAM , Urban ," 2,024 "," 1,527,453 ", 1 
 NER , Rural ," 2,024 "," 22,153,132 ", 1 
 NER , Urban ," 2,024 "," 4,879,280 ", 0 
 NGA , Rural ," 2,024 "," 86,148,256 ", 0 
 NGA , Urban ," 2,024 "," 146,531,222 ", 1 
 RWA , Rural ," 2,024 "," 9,995,996 ", 1 
 RWA , Urban ," 2,024 "," 4,260,571 ", 0 
 SDN , Rural ," 2,024 "," 32,858,770 ", 1 
 SDN , Urban ," 2,024 "," 17,590,192 ", 0 
 SEN , Rural ," 2,024 "," 8,282,077 ", 0 
 SEN , Urban ," 2,024 "," 10,219,907 ", 1 
 SLE , Rural ," 2,024 "," 4,721,769 ", 1 
 SLE , Urban ," 2,024 "," 3,920,253 ", 0 
 SOM , Rural ," 2,024 "," 8,626,800 ", 0 
 SOM , Urban ," 2,024 "," 10,382,351 ", 1 
 SSA , Rural ," 2,024 "," 721,079,090 ", 1 
 SSA , Urban ," 2,024 "," 570,000,328 ", 0 
 SSD , Rural ," 2,024 "," 9,390,287 ", 1 
 SSD , Urban ," 2,024 "," 2,553,121 ", 0 
 STP , Rural ," 2,024 "," 73,320 ", 0 
 STP , Urban ," 2,024 "," 162,216 ", 1 
 SWZ , Rural ," 2,024 "," 916,583 ", 1 
 SWZ , Urban ," 2,024 "," 326,239 ", 0 
 SYC , Rural ," 2,024 "," 71,352 ", 1 
 SYC , Urban ," 2,024 "," 59,066 ", 0 
 TCD , Rural ," 2,024 "," 14,832,259 ", 1 
 TCD , Urban ," 2,024 "," 5,466,864 ", 0 
 TGO , Rural ," 2,024 "," 5,346,150 ", 1 
 TGO , Urban ," 2,024 "," 4,169,086 ", 0 
 TZA , Rural ," 2,024 "," 43,763,014 ", 1 
 TZA , Urban ," 2,024 "," 24,797,143 ", 0 
 UGA , Rural ," 2,024 "," 34,371,487 ", 1 
 UGA , Urban ," 2,024 "," 15,643,605 ", 0 
 ZAF , Rural ," 2,024 "," 23,239,858 ", 0 
 ZAF , Urban ," 2,024 "," 40,767,329 ", 1 
 ZMB , Rural ," 2,024 "," 11,622,964 ", 1 
 ZMB , Urban ," 2,024 "," 9,691,992 ", 0 
 ZWE , Rural ," 2,024 "," 9,998,361 ", 1 
 ZWE , Urban ," 2,024 "," 6,636,012 ", 0 
 AFE , Rural ," 2,025 "," 483,565,105 ", 1 
 AFE , Urban ," 2,025 "," 305,313,766 ", 0 
 AFW , Rural ," 2,025 "," 248,506,398 ", 0 
 AFW , Urban ," 2,025 "," 285,433,517 ", 1 
 AGO , Rural ," 2,025 "," 11,141,406 ", 0 
 AGO , Urban ," 2,025 "," 27,898,633 ", 1 
 BDI , Rural ," 2,025 "," 10,693,640 ", 1 
 BDI , Urban ," 2,025 "," 3,696,362 ", 0 
 BEN , Rural ," 2,025 "," 6,909,167 ", 0 
 BEN , Urban ," 2,025 "," 7,905,293 ", 1 
 BFA , Rural ," 2,025 "," 17,111,577 ", 1 
 BFA , Urban ," 2,025 "," 6,963,003 ", 0 
 BWA , Rural ," 2,025 "," 821,007 ", 0 
 BWA , Urban ," 2,025 "," 1,741,115 ", 1 
 CAF , Rural ," 2,025 "," 3,056,938 ", 1 
 CAF , Urban ," 2,025 "," 2,456,344 ", 0 
 CIV , Rural ," 2,025 "," 14,867,742 ", 0 
 CIV , Urban ," 2,025 "," 17,843,805 ", 1 
 CMR , Rural ," 2,025 "," 13,245,748 ", 0 
 CMR , Urban ," 2,025 "," 16,633,589 ", 1 
 COD , Rural ," 2,025 "," 61,929,724 ", 1 
 COD , Urban ," 2,025 "," 50,902,749 ", 0 
 COG , Rural ," 2,025 "," 2,326,379 ", 0 
 COG , Urban ," 2,025 "," 4,158,058 ", 1 
 COM , Rural ," 2,025 "," 583,196 ", 1 
 COM , Urban ," 2,025 "," 299,652 ", 0 
 CPV , Rural ," 2,025 "," 117,962 ", 0 
 CPV , Urban ," 2,025 "," 409,364 ", 1 
 ERI , Rural ," 2,025 "," 2,361,128 ", 1 
 ERI , Urban ," 2,025 "," 1,245,875 ", 0 
 ETH , Rural ," 2,025 "," 102,810,152 ", 1 
 ETH , Urban ," 2,025 "," 32,661,899 ", 0 
 GAB , Rural ," 2,025 "," 205,177 ", 0 
 GAB , Urban ," 2,025 "," 2,387,953 ", 1 
 GHA , Rural ," 2,025 "," 14,402,760 ", 0 
 GHA , Urban ," 2,025 "," 20,661,512 ", 1 
 GIN , Rural ," 2,025 "," 9,283,836 ", 1 
 GIN , Urban ," 2,025 "," 5,815,891 ", 0 
 GMB , Rural ," 2,025 "," 988,057 ", 0 
 GMB , Urban ," 2,025 "," 1,834,036 ", 1 
 GNB , Rural ," 2,025 "," 1,200,093 ", 1 
 GNB , Urban ," 2,025 "," 1,049,422 ", 0 
 GNQ , Rural ," 2,025 "," 550,978 ", 0 
 GNQ , Urban ," 2,025 "," 1,387,453 ", 1 
 KEN , Rural ," 2,025 "," 39,000,057 ", 1 
 KEN , Urban ," 2,025 "," 18,532,435 ", 0 
 LBR , Rural ," 2,025 "," 2,517,033 ", 0 
 LBR , Urban ," 2,025 "," 3,214,173 ", 1 
 LSO , Rural ," 2,025 "," 1,307,638 ", 1 
 LSO , Urban ," 2,025 "," 1,055,687 ", 0 
 MDG , Rural ," 2,025 "," 21,968,436 ", 1 
 MDG , Urban ," 2,025 "," 10,772,242 ", 0 
 MLI , Rural ," 2,025 "," 17,081,597 ", 1 
 MLI , Urban ," 2,025 "," 8,117,224 ", 0 
 MOZ , Rural ," 2,025 "," 22,373,901 ", 1 
 MOZ , Urban ," 2,025 "," 13,257,752 ", 0 
 MRT , Rural ," 2,025 "," 2,046,894 ", 0 
 MRT , Urban ," 2,025 "," 3,268,171 ", 1 
 MUS , Rural ," 2,025 "," 773,182 ", 1 
 MUS , Urban ," 2,025 "," 495,098 ", 0 
 MWI , Rural ," 2,025 "," 18,307,197 ", 1 
 MWI , Urban ," 2,025 "," 3,908,923 ", 0 
 NAM , Rural ," 2,025 "," 1,519,603 ", 0 
 NAM , Urban ," 2,025 "," 1,573,213 ", 1 
 NER , Rural ," 2,025 "," 22,788,189 ", 1 
 NER , Urban ," 2,025 "," 5,129,642 ", 0 
 NGA , Rural ," 2,025 "," 86,043,446 ", 0 
 NGA , Urban ," 2,025 "," 151,484,336 ", 1 
 RWA , Rural ," 2,025 "," 10,065,464 ", 1 
 RWA , Urban ," 2,025 "," 4,503,876 ", 0 
 SDN , Rural ," 2,025 "," 33,614,005 ", 1 
 SDN , Urban ," 2,025 "," 18,048,143 ", 0 
 SEN , Rural ," 2,025 "," 8,374,129 ", 0 
 SEN , Urban ," 2,025 "," 10,557,837 ", 1 
 SLE , Rural ," 2,025 "," 4,769,147 ", 1 
 SLE , Urban ," 2,025 "," 4,050,647 ", 0 
 SOM , Rural ," 2,025 "," 8,817,134 ", 0 
 SOM , Urban ," 2,025 "," 10,837,605 ", 1 
 SSA , Rural ," 2,025 "," 732,071,503 ", 1 
 SSA , Urban ," 2,025 "," 590,747,283 ", 0 
 SSD , Rural ," 2,025 "," 9,545,727 ", 1 
 SSD , Urban ," 2,025 "," 2,643,061 ", 0 
 STP , Rural ," 2,025 "," 74,065 ", 0 
 STP , Urban ," 2,025 "," 166,189 ", 1 
 SWZ , Rural ," 2,025 "," 920,507 ", 1 
 SWZ , Urban ," 2,025 "," 335,667 ", 0 
 SYC , Rural ," 2,025 "," 72,387 ", 1 
 SYC , Urban ," 2,025 "," 60,392 ", 0 
 TCD , Rural ," 2,025 "," 15,213,849 ", 1 
 TCD , Urban ," 2,025 "," 5,789,856 ", 0 
 TGO , Rural ," 2,025 "," 5,405,701 ", 1 
 TGO , Urban ," 2,025 "," 4,315,907 ", 0 
 TZA , Rural ," 2,025 "," 44,526,214 ", 1 
 TZA , Urban ," 2,025 "," 26,019,651 ", 0 
 UGA , Rural ," 2,025 "," 34,972,582 ", 1 
 UGA , Urban ," 2,025 "," 16,412,312 ", 0 
 ZAF , Rural ," 2,025 "," 23,428,558 ", 0 
 ZAF , Urban ," 2,025 "," 41,318,761 ", 1 
 ZMB , Rural ," 2,025 "," 11,851,647 ", 1 
 ZMB , Urban ," 2,025 "," 10,062,227 ", 0 
 ZWE , Rural ," 2,025 "," 10,086,549 ", 1 
 ZWE , Urban ," 2,025 "," 6,864,246 ", 0 
 AFE , Rural ," 2,026 "," 492,114,783 ", 1 
 AFE , Urban ," 2,026 "," 316,898,455 ", 0 
 AFW , Rural ," 2,026 "," 250,810,631 ", 0 
 AFW , Urban ," 2,026 "," 295,265,199 ", 1 
 AGO , Rural ," 2,026 "," 11,151,294 ", 0 
 AGO , Urban ," 2,026 "," 29,063,886 ", 1 
 BDI , Rural ," 2,026 "," 10,824,589 ", 1 
 BDI , Urban ," 2,026 "," 3,904,568 ", 0 
 BEN , Rural ," 2,026 "," 6,948,768 ", 0 
 BEN , Urban ," 2,026 "," 8,221,652 ", 1 
 BFA , Rural ," 2,026 "," 17,332,171 ", 1 
 BFA , Urban ," 2,026 "," 7,269,529 ", 0 
 BWA , Rural ," 2,026 "," 819,733 ", 0 
 BWA , Urban ," 2,026 "," 1,783,655 ", 1 
 CAF , Rural ," 2,026 "," 3,135,296 ", 1 
 CAF , Urban ," 2,026 "," 2,563,688 ", 0 
 CIV , Rural ," 2,026 "," 15,027,369 ", 0 
 CIV , Urban ," 2,026 "," 18,466,977 ", 1 
 CMR , Rural ," 2,026 "," 13,504,436 ", 0 
 CMR , Urban ," 2,026 "," 17,136,381 ", 1 
 COD , Rural ," 2,026 "," 63,490,444 ", 1 
 COD , Urban ," 2,026 "," 52,961,718 ", 0 
 COG , Rural ," 2,026 "," 2,363,484 ", 0 
 COG , Urban ," 2,026 "," 4,274,302 ", 1 
 COM , Rural ," 2,026 "," 590,136 ", 1 
 COM , Urban ," 2,026 "," 308,874 ", 0 
 CPV , Rural ," 2,026 "," 113,980 ", 0 
 CPV , Urban ," 2,026 "," 415,650 ", 1 
 ERI , Rural ," 2,026 "," 2,410,197 ", 1 
 ERI , Urban ," 2,026 "," 1,272,472 ", 0 
 ETH , Rural ," 2,026 "," 104,740,195 ", 1 
 ETH , Urban ," 2,026 "," 34,161,990 ", 0 
 GAB , Rural ," 2,026 "," 203,711 ", 0 
 GAB , Urban ," 2,026 "," 2,443,689 ", 1 
 GHA , Rural ," 2,026 "," 14,462,827 ", 0 
 GHA , Urban ," 2,026 "," 21,234,730 ", 1 
 GIN , Rural ," 2,026 "," 9,422,480 ", 1 
 GIN , Urban ," 2,026 "," 6,019,512 ", 0 
 GMB , Rural ," 2,026 "," 989,439 ", 0 
 GMB , Urban ," 2,026 "," 1,894,640 ", 1 
 GNB , Rural ," 2,026 "," 1,213,095 ", 1 
 GNB , Urban ," 2,026 "," 1,084,713 ", 0 
 GNQ , Rural ," 2,026 "," 559,913 ", 0 
 GNQ , Urban ," 2,026 "," 1,424,555 ", 1 
 KEN , Rural ," 2,026 "," 39,528,483 ", 1 
 KEN , Urban ," 2,026 "," 19,107,929 ", 0 
 LBR , Rural ," 2,026 "," 2,539,007 ", 0 
 LBR , Urban ," 2,026 "," 3,314,942 ", 1 
 LSO , Rural ," 2,026 "," 1,298,547 ", 1 
 LSO , Urban ," 2,026 "," 1,090,789 ", 0 
 MDG , Rural ," 2,026 "," 22,331,423 ", 1 
 MDG , Urban ," 2,026 "," 11,190,629 ", 0 
 MLI , Rural ," 2,026 "," 17,421,649 ", 1 
 MLI , Urban ," 2,026 "," 8,510,626 ", 0 
 MOZ , Rural ," 2,026 "," 22,702,775 ", 1 
 MOZ , Urban ," 2,026 "," 13,937,075 ", 0 
 MRT , Rural ," 2,026 "," 2,055,695 ", 0 
 MRT , Urban ," 2,026 "," 3,405,624 ", 1 
 MUS , Rural ," 2,026 "," 770,845 ", 1 
 MUS , Urban ," 2,026 "," 494,214 ", 0 
 MWI , Rural ," 2,026 "," 18,694,661 ", 1 
 MWI , Urban ," 2,026 "," 4,090,874 ", 0 
 NAM , Rural ," 2,026 "," 1,535,004 ", 0 
 NAM , Urban ," 2,026 "," 1,618,242 ", 1 
 NER , Rural ," 2,026 "," 23,419,758 ", 1 
 NER , Urban ," 2,026 "," 5,395,120 ", 0 
 NGA , Rural ," 2,026 "," 85,883,399 ", 0 
 NGA , Urban ," 2,026 "," 156,548,433 ", 1 
 RWA , Rural ," 2,026 "," 10,134,260 ", 1 
 RWA , Urban ," 2,026 "," 4,755,433 ", 0 
 SDN , Rural ," 2,026 "," 34,634,293 ", 1 
 SDN , Urban ," 2,026 "," 18,648,426 ", 0 
 SEN , Rural ," 2,026 "," 8,465,167 ", 0 
 SEN , Urban ," 2,026 "," 10,901,381 ", 1 
 SLE , Rural ," 2,026 "," 4,813,107 ", 1 
 SLE , Urban ," 2,026 "," 4,183,637 ", 0 
 SOM , Rural ," 2,026 "," 9,008,003 ", 0 
 SOM , Urban ," 2,026 "," 11,297,904 ", 1 
 SSA , Rural ," 2,026 "," 742,925,415 ", 1 
 SSA , Urban ," 2,026 "," 612,163,653 ", 0 
 SSD , Rural ," 2,026 "," 9,700,555 ", 1 
 SSD , Urban ," 2,026 "," 2,735,482 ", 0 
 STP , Rural ," 2,026 "," 74,703 ", 0 
 STP , Urban ," 2,026 "," 170,291 ", 1 
 SWZ , Rural ," 2,026 "," 924,145 ", 1 
 SWZ , Urban ," 2,026 "," 345,714 ", 0 
 SYC , Rural ," 2,026 "," 73,315 ", 1 
 SYC , Urban ," 2,026 "," 61,644 ", 0 
 TCD , Rural ," 2,026 "," 15,473,251 ", 1 
 TCD , Urban ," 2,026 "," 6,087,129 ", 0 
 TGO , Rural ," 2,026 "," 5,462,632 ", 1 
 TGO , Urban ," 2,026 "," 4,468,286 ", 0 
 TZA , Rural ," 2,026 "," 45,264,473 ", 1 
 TZA , Urban ," 2,026 "," 27,299,307 ", 0 
 UGA , Rural ," 2,026 "," 35,565,583 ", 1 
 UGA , Urban ," 2,026 "," 17,195,887 ", 0 
 ZAF , Rural ," 2,026 "," 23,593,888 ", 0 
 ZAF , Urban ," 2,026 "," 41,859,196 ", 1 
 ZMB , Rural ," 2,026 "," 12,078,619 ", 1 
 ZMB , Urban ," 2,026 "," 10,443,296 ", 0 
 ZWE , Rural ," 2,026 "," 10,174,619 ", 1 
 ZWE , Urban ," 2,026 "," 7,098,961 ", 0 
 AFE , Rural ," 2,027 "," 500,398,556 ", 1 
 AFE , Urban ," 2,027 "," 328,773,829 ", 0 
 AFW , Rural ," 2,027 "," 253,030,560 ", 0 
 AFW , Urban ," 2,027 "," 305,345,625 ", 1 
 AGO , Rural ," 2,027 "," 11,147,614 ", 0 
 AGO , Urban ," 2,027 "," 30,267,510 ", 1 
 BDI , Rural ," 2,027 "," 10,956,751 ", 1 
 BDI , Urban ," 2,027 "," 4,120,228 ", 0 
 BEN , Rural ," 2,027 "," 6,981,178 ", 0 
 BEN , Urban ," 2,027 "," 8,548,236 ", 1 
 BFA , Rural ," 2,027 "," 17,537,983 ", 1 
 BFA , Urban ," 2,027 "," 7,592,928 ", 0 
 BWA , Rural ," 2,027 "," 819,143 ", 0 
 BWA , Urban ," 2,027 "," 1,825,499 ", 1 
 CAF , Rural ," 2,027 "," 3,213,750 ", 1 
 CAF , Urban ," 2,027 "," 2,674,373 ", 0 
 CIV , Rural ," 2,027 "," 15,176,096 ", 0 
 CIV , Urban ," 2,027 "," 19,105,034 ", 1 
 CMR , Rural ," 2,027 "," 13,765,486 ", 0 
 CMR , Urban ," 2,027 "," 17,644,898 ", 1 
 COD , Rural ," 2,027 "," 65,058,695 ", 1 
 COD , Urban ," 2,027 "," 55,071,051 ", 0 
 COG , Rural ," 2,027 "," 2,398,700 ", 0 
 COG , Urban ," 2,027 "," 4,395,594 ", 1 
 COM , Rural ," 2,027 "," 596,822 ", 1 
 COM , Urban ," 2,027 "," 318,352 ", 0 
 CPV , Rural ," 2,027 "," 109,996 ", 0 
 CPV , Urban ," 2,027 "," 421,876 ", 1 
 ERI , Rural ," 2,027 "," 2,460,211 ", 1 
 ERI , Urban ," 2,027 "," 1,300,163 ", 0 
 ETH , Rural ," 2,027 "," 106,666,188 ", 1 
 ETH , Urban ," 2,027 "," 35,698,609 ", 0 
 GAB , Rural ," 2,027 "," 202,212 ", 0 
 GAB , Urban ," 2,027 "," 2,499,639 ", 1 
 GHA , Rural ," 2,027 "," 14,514,311 ", 0 
 GHA , Urban ," 2,027 "," 21,813,952 ", 1 
 GIN , Rural ," 2,027 "," 9,554,677 ", 1 
 GIN , Urban ," 2,027 "," 6,229,412 ", 0 
 GMB , Rural ," 2,027 "," 989,430 ", 0 
 GMB , Urban ," 2,027 "," 1,956,451 ", 1 
 GNB , Rural ," 2,027 "," 1,234,212 ", 1 
 GNB , Urban ," 2,027 "," 1,111,977 ", 0 
 GNQ , Rural ," 2,027 "," 568,917 ", 0 
 GNQ , Urban ," 2,027 "," 1,461,837 ", 1 
 KEN , Rural ," 2,027 "," 40,018,936 ", 1 
 KEN , Urban ," 2,027 "," 19,726,817 ", 0 
 LBR , Rural ," 2,027 "," 2,563,829 ", 0 
 LBR , Urban ," 2,027 "," 3,422,971 ", 1 
 LSO , Rural ," 2,027 "," 1,289,179 ", 1 
 LSO , Urban ," 2,027 "," 1,126,189 ", 0 
 MDG , Rural ," 2,027 "," 22,685,894 ", 1 
 MDG , Urban ," 2,027 "," 11,622,899 ", 0 
 MLI , Rural ," 2,027 "," 17,761,543 ", 1 
 MLI , Urban ," 2,027 "," 8,917,627 ", 0 
 MOZ , Rural ," 2,027 "," 23,004,090 ", 1 
 MOZ , Urban ," 2,027 "," 14,664,568 ", 0 
 MRT , Rural ," 2,027 "," 2,063,120 ", 0 
 MRT , Urban ," 2,027 "," 3,545,671 ", 1 
 MUS , Rural ," 2,027 "," 768,269 ", 1 
 MUS , Urban ," 2,027 "," 493,362 ", 0 
 MWI , Rural ," 2,027 "," 19,079,776 ", 1 
 MWI , Urban ," 2,027 "," 4,286,412 ", 0 
 NAM , Rural ," 2,027 "," 1,549,633 ", 0 
 NAM , Urban ," 2,027 "," 1,663,271 ", 1 
 NER , Rural ," 2,027 "," 24,047,248 ", 1 
 NER , Urban ," 2,027 "," 5,676,448 ", 0 
 NGA , Rural ," 2,027 "," 85,660,973 ", 0 
 NGA , Urban ," 2,027 "," 161,713,290 ", 1 
 RWA , Rural ," 2,027 "," 10,200,011 ", 1 
 RWA , Urban ," 2,027 "," 5,014,317 ", 0 
 SDN , Rural ," 2,027 "," 35,538,132 ", 1 
 SDN , Urban ," 2,027 "," 19,186,086 ", 0 
 SEN , Rural ," 2,027 "," 8,556,075 ", 0 
 SEN , Urban ," 2,027 "," 11,251,172 ", 1 
 SLE , Rural ," 2,027 "," 4,854,561 ", 1 
 SLE , Urban ," 2,027 "," 4,320,131 ", 0 
 SOM , Rural ," 2,027 "," 9,198,149 ", 0 
 SOM , Urban ," 2,027 "," 11,760,913 ", 1 
 SSA , Rural ," 2,027 "," 753,429,116 ", 1 
 SSA , Urban ," 2,027 "," 634,119,454 ", 0 
 SSD , Rural ," 2,027 "," 9,856,385 ", 1 
 SSD , Urban ," 2,027 "," 2,830,918 ", 0 
 STP , Rural ," 2,027 "," 75,239 ", 0 
 STP , Urban ," 2,027 "," 174,549 ", 1 
 SWZ , Rural ," 2,027 "," 927,329 ", 1 
 SWZ , Urban ," 2,027 "," 355,893 ", 0 
 SYC , Rural ," 2,027 "," 74,104 ", 1 
 SYC , Urban ," 2,027 "," 62,794 ", 0 
 TCD , Rural ," 2,027 "," 15,759,580 ", 1 
 TCD , Urban ," 2,027 "," 6,415,795 ", 0 
 TGO , Rural ," 2,027 "," 5,516,683 ", 1 
 TGO , Urban ," 2,027 "," 4,626,313 ", 0 
 TZA , Rural ," 2,027 "," 45,970,034 ", 1 
 TZA , Urban ," 2,027 "," 28,634,774 ", 0 
 UGA , Rural ," 2,027 "," 36,150,824 ", 1 
 UGA , Urban ," 2,027 "," 17,993,448 ", 0 
 ZAF , Rural ," 2,027 "," 23,742,485 ", 0 
 ZAF , Urban ," 2,027 "," 42,400,537 ", 1 
 ZMB , Rural ," 2,027 "," 12,303,446 ", 1 
 ZMB , Urban ," 2,027 "," 10,835,274 ", 0 
 ZWE , Rural ," 2,027 "," 10,261,218 ", 1 
 ZWE , Urban ," 2,027 "," 7,339,395 ", 0 
 AFE , Rural ," 2,028 "," 508,479,663 ", 1 
 AFE , Urban ," 2,028 "," 340,866,092 ", 0 
 AFW , Rural ," 2,028 "," 255,147,296 ", 0 
 AFW , Urban ," 2,028 "," 315,679,492 ", 1 
 AGO , Rural ," 2,028 "," 11,130,095 ", 0 
 AGO , Urban ," 2,028 "," 31,511,581 ", 1 
 BDI , Rural ," 2,028 "," 11,097,869 ", 1 
 BDI , Urban ," 2,028 "," 4,346,145 ", 0 
 BEN , Rural ," 2,028 "," 7,005,615 ", 0 
 BEN , Urban ," 2,028 "," 8,884,665 ", 1 
 BFA , Rural ," 2,028 "," 17,728,306 ", 1 
 BFA , Urban ," 2,028 "," 7,933,635 ", 0 
 BWA , Rural ," 2,028 "," 823,855 ", 0 
 BWA , Urban ," 2,028 "," 1,861,753 ", 1 
 CAF , Rural ," 2,028 "," 3,293,190 ", 1 
 CAF , Urban ," 2,028 "," 2,789,274 ", 0 
 CIV , Rural ," 2,028 "," 15,315,820 ", 0 
 CIV , Urban ," 2,028 "," 19,761,276 ", 1 
 CMR , Rural ," 2,028 "," 14,030,228 ", 0 
 CMR , Urban ," 2,028 "," 18,160,440 ", 1 
 COD , Rural ," 2,028 "," 66,637,548 ", 1 
 COD , Urban ," 2,028 "," 57,234,001 ", 0 
 COG , Rural ," 2,028 "," 2,431,907 ", 0 
 COG , Urban ," 2,028 "," 4,522,065 ", 1 
 COM , Rural ," 2,028 "," 603,308 ", 1 
 COM , Urban ," 2,028 "," 328,123 ", 0 
 CPV , Rural ," 2,028 "," 106,029 ", 0 
 CPV , Urban ," 2,028 "," 428,086 ", 1 
 ERI , Rural ," 2,028 "," 2,511,114 ", 1 
 ERI , Urban ," 2,028 "," 1,329,029 ", 0 
 ETH , Rural ," 2,028 "," 108,575,009 ", 1 
 ETH , Urban ," 2,028 "," 37,266,253 ", 0 
 GAB , Rural ," 2,028 "," 200,694 ", 0 
 GAB , Urban ," 2,028 "," 2,555,783 ", 1 
 GHA , Rural ," 2,028 "," 14,558,369 ", 0 
 GHA , Urban ," 2,028 "," 22,400,945 ", 1 
 GIN , Rural ," 2,028 "," 9,680,502 ", 1 
 GIN , Urban ," 2,028 "," 6,446,072 ", 0 
 GMB , Rural ," 2,028 "," 988,017 ", 0 
 GMB , Urban ," 2,028 "," 2,019,529 ", 1 
 GNB , Rural ," 2,028 "," 1,255,211 ", 1 
 GNB , Urban ," 2,028 "," 1,139,019 ", 0 
 GNQ , Rural ," 2,028 "," 577,992 ", 0 
 GNQ , Urban ," 2,028 "," 1,499,270 ", 1 
 KEN , Rural ," 2,028 "," 40,469,989 ", 1 
 KEN , Urban ," 2,028 "," 20,390,455 ", 0 
 LBR , Rural ," 2,028 "," 2,586,670 ", 0 
 LBR , Urban ," 2,028 "," 3,532,090 ", 1 
 LSO , Rural ," 2,028 "," 1,279,560 ", 1 
 LSO , Urban ," 2,028 "," 1,161,882 ", 0 
 MDG , Rural ," 2,028 "," 23,030,846 ", 1 
 MDG , Urban ," 2,028 "," 12,069,011 ", 0 
 MLI , Rural ," 2,028 "," 18,101,739 ", 1 
 MLI , Urban ," 2,028 "," 9,338,871 ", 0 
 MOZ , Rural ," 2,028 "," 23,346,593 ", 1 
 MOZ , Urban ," 2,028 "," 15,367,505 ", 0 
 MRT , Rural ," 2,028 "," 2,069,431 ", 0 
 MRT , Urban ," 2,028 "," 3,688,525 ", 1 
 MUS , Rural ," 2,028 "," 765,482 ", 1 
 MUS , Urban ," 2,028 "," 492,561 ", 0 
 MWI , Rural ," 2,028 "," 19,459,029 ", 1 
 MWI , Urban ," 2,028 "," 4,495,421 ", 0 
 NAM , Rural ," 2,028 "," 1,563,703 ", 0 
 NAM , Urban ," 2,028 "," 1,708,460 ", 1 
 NER , Rural ," 2,028 "," 24,669,362 ", 1 
 NER , Urban ," 2,028 "," 5,974,200 ", 0 
 NGA , Rural ," 2,028 "," 85,372,436 ", 0 
 NGA , Urban ," 2,028 "," 166,973,692 ", 1 
 RWA , Rural ," 2,028 "," 10,258,178 ", 1 
 RWA , Urban ," 2,028 "," 5,278,284 ", 0 
 SDN , Rural ," 2,028 "," 36,330,622 ", 1 
 SDN , Urban ," 2,028 "," 19,663,212 ", 0 
 SEN , Rural ," 2,028 "," 8,647,291 ", 0 
 SEN , Urban ," 2,028 "," 11,607,271 ", 1 
 SLE , Rural ," 2,028 "," 4,891,016 ", 1 
 SLE , Urban ," 2,028 "," 4,458,009 ", 0 
 SOM , Rural ," 2,028 "," 9,382,558 ", 0 
 SOM , Urban ," 2,028 "," 12,219,258 ", 1 
 SSA , Rural ," 2,028 "," 763,626,959 ", 1 
 SSA , Urban ," 2,028 "," 656,545,584 ", 0 
 SSD , Rural ," 2,028 "," 10,012,303 ", 1 
 SSD , Urban ," 2,028 "," 2,929,197 ", 0 
 STP , Rural ," 2,028 "," 75,672 ", 0 
 STP , Urban ," 2,028 "," 178,989 ", 1 
 SWZ , Rural ," 2,028 "," 931,516 ", 1 
 SWZ , Urban ," 2,028 "," 364,451 ", 0 
 SYC , Rural ," 2,028 "," 74,713 ", 1 
 SYC , Urban ," 2,028 "," 63,807 ", 0 
 TCD , Rural ," 2,028 "," 16,070,509 ", 1 
 TCD , Urban ," 2,028 "," 6,777,241 ", 0 
 TGO , Rural ," 2,028 "," 5,566,961 ", 1 
 TGO , Urban ," 2,028 "," 4,789,535 ", 0 
 TZA , Rural ," 2,028 "," 46,641,847 ", 1 
 TZA , Urban ," 2,028 "," 30,028,645 ", 0 
 UGA , Rural ," 2,028 "," 36,728,569 ", 1 
 UGA , Urban ," 2,028 "," 18,803,989 ", 0 
 ZAF , Rural ," 2,028 "," 23,879,004 ", 0 
 ZAF , Urban ," 2,028 "," 42,951,380 ", 1 
 ZMB , Rural ," 2,028 "," 12,524,352 ", 1 
 ZMB , Urban ," 2,028 "," 11,237,021 ", 0 
 ZWE , Rural ," 2,028 "," 10,346,329 ", 1 
 ZWE , Urban ," 2,028 "," 7,585,679 ", 0 
 AFE , Rural ," 2,029 "," 516,415,110 ", 1 
 AFE , Urban ," 2,029 "," 353,287,250 ", 0 
 AFW , Rural ," 2,029 "," 257,116,536 ", 0 
 AFW , Urban ," 2,029 "," 326,252,853 ", 1 
 AGO , Rural ," 2,029 "," 11,097,191 ", 0 
 AGO , Urban ," 2,029 "," 32,794,659 ", 1 
 BDI , Rural ," 2,029 "," 11,237,334 ", 1 
 BDI , Urban ," 2,029 "," 4,578,522 ", 0 
 BEN , Rural ," 2,029 "," 7,022,223 ", 0 
 BEN , Urban ," 2,029 "," 9,231,697 ", 1 
 BFA , Rural ," 2,029 "," 17,902,509 ", 1 
 BFA , Urban ," 2,029 "," 8,292,098 ", 0 
 BWA , Rural ," 2,029 "," 828,097 ", 0 
 BWA , Urban ," 2,029 "," 1,897,947 ", 1 
 CAF , Rural ," 2,029 "," 3,372,305 ", 1 
 CAF , Urban ," 2,029 "," 2,907,427 ", 0 
 CIV , Rural ," 2,029 "," 15,446,584 ", 0 
 CIV , Urban ," 2,029 "," 20,436,871 ", 1 
 CMR , Rural ," 2,029 "," 14,297,800 ", 0 
 CMR , Urban ," 2,029 "," 18,681,482 ", 1 
 COD , Rural ," 2,029 "," 68,224,784 ", 1 
 COD , Urban ," 2,029 "," 59,449,356 ", 0 
 COG , Rural ," 2,029 "," 2,462,852 ", 0 
 COG , Urban ," 2,029 "," 4,653,611 ", 1 
 COM , Rural ," 2,029 "," 609,603 ", 1 
 COM , Urban ," 2,029 "," 338,204 ", 0 
 CPV , Rural ," 2,029 "," 102,083 ", 0 
 CPV , Urban ," 2,029 "," 434,265 ", 1 
 ERI , Rural ," 2,029 "," 2,561,845 ", 1 
 ERI , Urban ," 2,029 "," 1,358,627 ", 0 
 ETH , Rural ," 2,029 "," 110,471,068 ", 1 
 ETH , Urban ," 2,029 "," 38,864,994 ", 0 
 GAB , Rural ," 2,029 "," 199,177 ", 0 
 GAB , Urban ," 2,029 "," 2,612,169 ", 1 
 GHA , Rural ," 2,029 "," 14,594,571 ", 0 
 GHA , Urban ," 2,029 "," 22,995,139 ", 1 
 GIN , Rural ," 2,029 "," 9,798,080 ", 1 
 GIN , Urban ," 2,029 "," 6,668,676 ", 0 
 GMB , Rural ," 2,029 "," 985,156 ", 0 
 GMB , Urban ," 2,029 "," 2,083,862 ", 1 
 GNB , Rural ," 2,029 "," 1,275,921 ", 1 
 GNB , Urban ," 2,029 "," 1,165,661 ", 0 
 GNQ , Rural ," 2,029 "," 587,069 ", 0 
 GNQ , Urban ," 2,029 "," 1,536,633 ", 1 
 KEN , Rural ," 2,029 "," 40,879,429 ", 1 
 KEN , Urban ," 2,029 "," 21,099,758 ", 0 
 LBR , Rural ," 2,029 "," 2,605,553 ", 0 
 LBR , Urban ," 2,029 "," 3,639,533 ", 1 
 LSO , Rural ," 2,029 "," 1,269,773 ", 1 
 LSO , Urban ," 2,029 "," 1,197,910 ", 0 
 MDG , Rural ," 2,029 "," 23,365,609 ", 1 
 MDG , Urban ," 2,029 "," 12,529,069 ", 0 
 MLI , Rural ," 2,029 "," 18,441,239 ", 1 
 MLI , Urban ," 2,029 "," 9,774,273 ", 0 
 MOZ , Rural ," 2,029 "," 23,687,179 ", 1 
 MOZ , Urban ," 2,029 "," 16,087,765 ", 0 
 MRT , Rural ," 2,029 "," 2,074,849 ", 0 
 MRT , Urban ," 2,029 "," 3,834,347 ", 1 
 MUS , Rural ," 2,029 "," 762,474 ", 1 
 MUS , Urban ," 2,029 "," 491,809 ", 0 
 MWI , Rural ," 2,029 "," 19,834,463 ", 1 
 MWI , Urban ," 2,029 "," 4,719,039 ", 0 
 NAM , Rural ," 2,029 "," 1,577,145 ", 0 
 NAM , Urban ," 2,029 "," 1,753,661 ", 1 
 NER , Rural ," 2,029 "," 25,285,883 ", 1 
 NER , Urban ," 2,029 "," 6,289,211 ", 0 
 NGA , Rural ," 2,029 "," 85,019,024 ", 0 
 NGA , Urban ," 2,029 "," 172,333,614 ", 1 
 RWA , Rural ," 2,029 "," 10,301,477 ", 1 
 RWA , Urban ," 2,029 "," 5,543,181 ", 0 
 SDN , Rural ," 2,029 "," 37,131,346 ", 1 
 SDN , Urban ," 2,029 "," 20,144,094 ", 0 
 SEN , Rural ," 2,029 "," 8,738,267 ", 0 
 SEN , Urban ," 2,029 "," 11,968,358 ", 1 
 SLE , Rural ," 2,029 "," 4,923,026 ", 1 
 SLE , Urban ," 2,029 "," 4,597,792 ", 0 
 SOM , Rural ," 2,029 "," 9,567,581 ", 0 
 SOM , Urban ," 2,029 "," 12,680,138 ", 1 
 SSA , Rural ," 2,029 "," 773,531,646 ", 1 
 SSA , Urban ," 2,029 "," 679,540,103 ", 0 
 SSD , Rural ," 2,029 "," 10,167,826 ", 1 
 SSD , Urban ," 2,029 "," 3,030,259 ", 0 
 STP , Rural ," 2,029 "," 75,993 ", 0 
 STP , Urban ," 2,029 "," 183,604 ", 1 
 SWZ , Rural ," 2,029 "," 935,286 ", 1 
 SWZ , Urban ," 2,029 "," 373,064 ", 0 
 SYC , Rural ," 2,029 "," 75,091 ", 1 
 SYC , Urban ," 2,029 "," 64,631 ", 0 
 TCD , Rural ," 2,029 "," 16,368,490 ", 1 
 TCD , Urban ," 2,029 "," 7,157,549 ", 0 
 TGO , Rural ," 2,029 "," 5,613,878 ", 1 
 TGO , Urban ," 2,029 "," 4,958,582 ", 0 
 TZA , Rural ," 2,029 "," 47,285,267 ", 1 
 TZA , Urban ," 2,029 "," 31,487,928 ", 0 
 UGA , Rural ," 2,029 "," 37,297,313 ", 1 
 UGA , Urban ," 2,029 "," 19,625,477 ", 0 
 ZAF , Rural ," 2,029 "," 24,000,355 ", 0 
 ZAF , Urban ," 2,029 "," 43,506,494 ", 1 
 ZMB , Rural ," 2,029 "," 12,741,034 ", 1 
 ZMB , Urban ," 2,029 "," 11,648,652 ", 0 
 ZWE , Rural ," 2,029 "," 10,430,547 ", 1 
 ZWE , Urban ," 2,029 "," 7,838,408 ", 0 
 AFE , Rural ," 2,030 "," 524,204,111 ", 1 
 AFE , Urban ," 2,030 "," 366,042,825 ", 0 
 AFW , Rural ," 2,030 "," 258,934,062 ", 0 
 AFW , Urban ," 2,030 "," 337,065,080 ", 1 
 AGO , Rural ," 2,030 "," 11,046,906 ", 0 
 AGO , Urban ," 2,030 "," 34,113,552 ", 1 
 BDI , Rural ," 2,030 "," 11,367,759 ", 1 
 BDI , Urban ," 2,030 "," 4,814,257 ", 0 
 BEN , Rural ," 2,030 "," 7,030,090 ", 0 
 BEN , Urban ," 2,030 "," 9,588,732 ", 1 
 BFA , Rural ," 2,030 "," 18,061,050 ", 1 
 BFA , Urban ," 2,030 "," 8,669,274 ", 0 
 BWA , Rural ," 2,030 "," 832,227 ", 0 
 BWA , Urban ," 2,030 "," 1,933,691 ", 1 
 CAF , Rural ," 2,030 "," 3,450,138 ", 1 
 CAF , Urban ," 2,030 "," 3,028,108 ", 0 
 CIV , Rural ," 2,030 "," 15,567,369 ", 0 
 CIV , Urban ," 2,030 "," 21,131,640 ", 1 
 CMR , Rural ," 2,030 "," 14,568,816 ", 0 
 CMR , Urban ," 2,030 "," 19,208,374 ", 1 
 COD , Rural ," 2,030 "," 69,817,248 ", 1 
 COD , Urban ," 2,030 "," 61,714,953 ", 0 
 COG , Rural ," 2,030 "," 2,491,584 ", 0 
 COG , Urban ," 2,030 "," 4,790,682 ", 1 
 COM , Rural ," 2,030 "," 615,676 ", 1 
 COM , Urban ," 2,030 "," 348,588 ", 0 
 CPV , Rural ," 2,030 "," 98,172 ", 0 
 CPV , Urban ," 2,030 "," 440,442 ", 1 
 ERI , Rural ," 2,030 "," 2,613,181 ", 1 
 ERI , Urban ," 2,030 "," 1,389,491 ", 0 
 ETH , Rural ," 2,030 "," 112,360,013 ", 1 
 ETH , Urban ," 2,030 "," 40,495,344 ", 0 
 GAB , Rural ," 2,030 "," 197,689 ", 0 
 GAB , Urban ," 2,030 "," 2,668,978 ", 1 
 GHA , Rural ," 2,030 "," 14,623,898 ", 0 
 GHA , Urban ," 2,030 "," 23,598,191 ", 1 
 GIN , Rural ," 2,030 "," 9,908,657 ", 1 
 GIN , Urban ," 2,030 "," 6,898,490 ", 0 
 GMB , Rural ," 2,030 "," 980,766 ", 0 
 GMB , Urban ," 2,030 "," 2,149,368 ", 1 
 GNB , Rural ," 2,030 "," 1,296,715 ", 1 
 GNB , Urban ," 2,030 "," 1,192,219 ", 0 
 GNQ , Rural ," 2,030 "," 596,260 ", 0 
 GNQ , Urban ," 2,030 "," 1,574,185 ", 1 
 KEN , Rural ," 2,030 "," 41,246,118 ", 1 
 KEN , Urban ," 2,030 "," 21,856,127 ", 0 
 LBR , Rural ," 2,030 "," 2,620,767 ", 0 
 LBR , Urban ," 2,030 "," 3,745,524 ", 1 
 LSO , Rural ," 2,030 "," 1,259,692 ", 1 
 LSO , Urban ," 2,030 "," 1,234,126 ", 0 
 MDG , Rural ," 2,030 "," 23,689,849 ", 1 
 MDG , Urban ," 2,030 "," 13,003,334 ", 0 
 MLI , Rural ," 2,030 "," 18,779,117 ", 1 
 MLI , Urban ," 2,030 "," 10,223,748 ", 0 
 MOZ , Rural ," 2,030 "," 24,020,699 ", 1 
 MOZ , Urban ," 2,030 "," 16,826,056 ", 0 
 MRT , Rural ," 2,030 "," 2,079,462 ", 0 
 MRT , Urban ," 2,030 "," 3,983,066 ", 1 
 MUS , Rural ," 2,030 "," 759,292 ", 1 
 MUS , Urban ," 2,030 "," 491,140 ", 0 
 MWI , Rural ," 2,030 "," 20,203,048 ", 1 
 MWI , Urban ," 2,030 "," 4,957,239 ", 0 
 NAM , Rural ," 2,030 "," 1,590,521 ", 0 
 NAM , Urban ," 2,030 "," 1,799,437 ", 1 
 NER , Rural ," 2,030 "," 25,895,912 ", 1 
 NER , Urban ," 2,030 "," 6,622,163 ", 0 
 NGA , Rural ," 2,030 "," 84,595,998 ", 0 
 NGA , Urban ," 2,030 "," 177,784,972 ", 1 
 RWA , Rural ," 2,030 "," 10,340,513 ", 1 
 RWA , Urban ," 2,030 "," 5,814,192 ", 0 
 SDN , Rural ," 2,030 "," 37,942,039 ", 1 
 SDN , Urban ," 2,030 "," 20,629,577 ", 0 
 SEN , Rural ," 2,030 "," 8,829,191 ", 0 
 SEN , Urban ," 2,030 "," 12,334,001 ", 1 
 SLE , Rural ," 2,030 "," 4,953,021 ", 1 
 SLE , Urban ," 2,030 "," 4,741,837 ", 0 
 SOM , Rural ," 2,030 "," 9,761,338 ", 0 
 SOM , Urban ," 2,030 "," 13,153,706 ", 1 
 SSA , Rural ," 2,030 "," 783,138,173 ", 1 
 SSA , Urban ," 2,030 "," 703,107,905 ", 0 
 SSD , Rural ," 2,030 "," 10,323,196 ", 1 
 SSD , Urban ," 2,030 "," 3,134,258 ", 0 
 STP , Rural ," 2,030 "," 76,184 ", 0 
 STP , Urban ," 2,030 "," 188,380 ", 1 
 SWZ , Rural ," 2,030 "," 939,134 ", 1 
 SWZ , Urban ," 2,030 "," 381,784 ", 0 
 SYC , Rural ," 2,030 "," 75,182 ", 1 
 SYC , Urban ," 2,030 "," 65,217 ", 0 
 TCD , Rural ," 2,030 "," 16,651,019 ", 1 
 TCD , Urban ," 2,030 "," 7,556,460 ", 0 
 TGO , Rural ," 2,030 "," 5,658,372 ", 1 
 TGO , Urban ," 2,030 "," 5,134,625 ", 0 
 TZA , Rural ," 2,030 "," 47,898,005 ", 1 
 TZA , Urban ," 2,030 "," 33,015,119 ", 0 
 UGA , Rural ," 2,030 "," 37,856,664 ", 1 
 UGA , Urban ," 2,030 "," 20,456,276 ", 0 
 ZAF , Rural ," 2,030 "," 24,102,555 ", 0 
 ZAF , Urban ," 2,030 "," 44,058,804 ", 1 
 ZMB , Rural ," 2,030 "," 12,953,931 ", 1 
 ZMB , Urban ," 2,030 "," 12,070,970 ", 0 
 ZWE , Rural ," 2,030 "," 10,513,141 ", 1 
 ZWE , Urban ," 2,030 "," 8,097,207 ", 0 
 AFE , Rural ," 2,031 "," 531,830,037 ", 1 
 AFE , Urban ," 2,031 "," 379,129,743 ", 0 
 AFW , Rural ," 2,031 "," 260,603,002 ", 0 
 AFW , Urban ," 2,031 "," 348,122,970 ", 1 
 AGO , Rural ," 2,031 "," 10,979,215 ", 0 
 AGO , Urban ," 2,031 "," 35,470,750 ", 1 
 BDI , Rural ," 2,031 "," 11,498,090 ", 1 
 BDI , Urban ," 2,031 "," 5,056,940 ", 0 
 BEN , Rural ," 2,031 "," 7,029,372 ", 0 
 BEN , Urban ," 2,031 "," 9,956,558 ", 1 
 BFA , Rural ," 2,031 "," 18,204,588 ", 1 
 BFA , Urban ," 2,031 "," 9,066,275 ", 0 
 BWA , Rural ," 2,031 "," 836,199 ", 0 
 BWA , Urban ," 2,031 "," 1,968,790 ", 1 
 CAF , Rural ," 2,031 "," 3,527,733 ", 1 
 CAF , Urban ," 2,031 "," 3,152,325 ", 0 
 CIV , Rural ," 2,031 "," 15,680,018 ", 0 
 CIV , Urban ," 2,031 "," 21,849,348 ", 1 
 CMR , Rural ," 2,031 "," 14,843,362 ", 0 
 CMR , Urban ," 2,031 "," 19,740,755 ", 1 
 COD , Rural ," 2,031 "," 71,415,609 ", 1 
 COD , Urban ," 2,031 "," 64,031,886 ", 0 
 COG , Rural ," 2,031 "," 2,518,320 ", 0 
 COG , Urban ," 2,031 "," 4,934,090 ", 1 
 COM , Rural ," 2,031 "," 621,503 ", 1 
 COM , Urban ," 2,031 "," 359,273 ", 0 
 CPV , Rural ," 2,031 "," 94,273 ", 0 
 CPV , Urban ," 2,031 "," 446,491 ", 1 
 ERI , Rural ," 2,031 "," 2,663,926 ", 1 
 ERI , Urban ," 2,031 "," 1,421,120 ", 0 
 ETH , Rural ," 2,031 "," 114,230,750 ", 1 
 ETH , Urban ," 2,031 "," 42,151,678 ", 0 
 GAB , Rural ," 2,031 "," 196,248 ", 0 
 GAB , Urban ," 2,031 "," 2,726,252 ", 1 
 GHA , Rural ," 2,031 "," 14,646,412 ", 0 
 GHA , Urban ," 2,031 "," 24,210,391 ", 1 
 GIN , Rural ," 2,031 "," 10,011,889 ", 1 
 GIN , Urban ," 2,031 "," 7,135,745 ", 0 
 GMB , Rural ," 2,031 "," 974,856 ", 0 
 GMB , Urban ," 2,031 "," 2,216,141 ", 1 
 GNB , Rural ," 2,031 "," 1,317,919 ", 1 
 GNB , Urban ," 2,031 "," 1,218,981 ", 0 
 GNQ , Rural ," 2,031 "," 605,736 ", 0 
 GNQ , Urban ," 2,031 "," 1,612,348 ", 1 
 KEN , Rural ," 2,031 "," 41,569,090 ", 1 
 KEN , Urban ," 2,031 "," 22,661,028 ", 0 
 LBR , Rural ," 2,031 "," 2,634,159 ", 0 
 LBR , Urban ," 2,031 "," 3,852,582 ", 1 
 LSO , Rural ," 2,031 "," 1,249,428 ", 0 
 LSO , Urban ," 2,031 "," 1,270,593 ", 1 
 MDG , Rural ," 2,031 "," 24,003,499 ", 1 
 MDG , Urban ," 2,031 "," 13,492,207 ", 0 
 MLI , Rural ," 2,031 "," 19,116,319 ", 1 
 MLI , Urban ," 2,031 "," 10,688,219 ", 0 
 MOZ , Rural ," 2,031 "," 24,348,819 ", 1 
 MOZ , Urban ," 2,031 "," 17,582,438 ", 0 
 MRT , Rural ," 2,031 "," 2,083,311 ", 0 
 MRT , Urban ," 2,031 "," 4,134,478 ", 1 
 MUS , Rural ," 2,031 "," 755,876 ", 1 
 MUS , Urban ," 2,031 "," 490,516 ", 0 
 MWI , Rural ," 2,031 "," 20,555,259 ", 1 
 MWI , Urban ," 2,031 "," 5,208,276 ", 0 
 NAM , Rural ," 2,031 "," 1,603,798 ", 0 
 NAM , Urban ," 2,031 "," 1,845,698 ", 1 
 NER , Rural ," 2,031 "," 26,496,437 ", 1 
 NER , Urban ," 2,031 "," 6,973,181 ", 0 
 NGA , Rural ," 2,031 "," 84,099,907 ", 0 
 NGA , Urban ," 2,031 "," 183,321,167 ", 1 
 RWA , Rural ," 2,031 "," 10,379,405 ", 1 
 RWA , Urban ," 2,031 "," 6,093,703 ", 0 
 SDN , Rural ," 2,031 "," 38,756,659 ", 1 
 SDN , Urban ," 2,031 "," 21,116,279 ", 0 
 SEN , Rural ," 2,031 "," 8,920,149 ", 0 
 SEN , Urban ," 2,031 "," 12,703,564 ", 1 
 SLE , Rural ," 2,031 "," 4,980,465 ", 1 
 SLE , Urban ," 2,031 "," 4,889,833 ", 0 
 SOM , Rural ," 2,031 "," 9,958,042 ", 0 
 SOM , Urban ," 2,031 "," 13,631,754 ", 1 
 SSA , Rural ," 2,031 "," 792,433,039 ", 1 
 SSA , Urban ," 2,031 "," 727,252,713 ", 0 
 SSD , Rural ," 2,031 "," 10,482,781 ", 1 
 SSD , Urban ," 2,031 "," 3,242,631 ", 0 
 STP , Rural ," 2,031 "," 76,243 ", 0 
 STP , Urban ," 2,031 "," 193,327 ", 1 
 SWZ , Rural ," 2,031 "," 942,721 ", 1 
 SWZ , Urban ," 2,031 "," 390,449 ", 0 
 SYC , Rural ," 2,031 "," 75,111 ", 1 
 SYC , Urban ," 2,031 "," 65,667 ", 0 
 TCD , Rural ," 2,031 "," 16,921,078 ", 1 
 TCD , Urban ," 2,031 "," 7,976,161 ", 0 
 TGO , Rural ," 2,031 "," 5,700,451 ", 1 
 TGO , Urban ," 2,031 "," 5,318,085 ", 0 
 TZA , Rural ," 2,031 "," 48,476,219 ", 1 
 TZA , Urban ," 2,031 "," 34,611,719 ", 0 
 UGA , Rural ," 2,031 "," 38,407,962 ", 1 
 UGA , Urban ," 2,031 "," 21,295,572 ", 0 
 ZAF , Rural ," 2,031 "," 24,187,249 ", 0 
 ZAF , Urban ," 2,031 "," 44,611,331 ", 1 
 ZMB , Rural ," 2,031 "," 13,162,553 ", 1 
 ZMB , Urban ," 2,031 "," 12,503,951 ", 0 
 ZWE , Rural ," 2,031 "," 10,594,031 ", 1 
 ZWE , Urban ," 2,031 "," 8,362,167 ", 0 
 AFE , Rural ," 2,032 "," 539,261,149 ", 1 
 AFE , Urban ," 2,032 "," 392,529,004 ", 0 
 AFW , Rural ," 2,032 "," 262,121,554 ", 0 
 AFW , Urban ," 2,032 "," 359,438,681 ", 1 
 AGO , Rural ," 2,032 "," 10,893,248 ", 0 
 AGO , Urban ," 2,032 "," 36,866,262 ", 1 
 BDI , Rural ," 2,032 "," 11,628,501 ", 1 
 BDI , Urban ," 2,032 "," 5,306,737 ", 0 
 BEN , Rural ," 2,032 "," 7,020,541 ", 0 
 BEN , Urban ," 2,032 "," 10,336,523 ", 1 
 BFA , Rural ," 2,032 "," 18,331,866 ", 1 
 BFA , Urban ," 2,032 "," 9,483,304 ", 0 
 BWA , Rural ," 2,032 "," 840,033 ", 0 
 BWA , Urban ," 2,032 "," 2,003,200 ", 1 
 CAF , Rural ," 2,032 "," 3,604,484 ", 1 
 CAF , Urban ," 2,032 "," 3,279,654 ", 0 
 CIV , Rural ," 2,032 "," 15,784,764 ", 0 
 CIV , Urban ," 2,032 "," 22,591,842 ", 1 
 CMR , Rural ," 2,032 "," 15,121,482 ", 0 
 CMR , Urban ," 2,032 "," 20,278,189 ", 1 
 COD , Rural ," 2,032 "," 73,013,628 ", 1 
 COD , Urban ," 2,032 "," 66,394,984 ", 0 
 COG , Rural ," 2,032 "," 2,542,775 ", 0 
 COG , Urban ," 2,032 "," 5,083,702 ", 1 
 COM , Rural ," 2,032 "," 627,081 ", 1 
 COM , Urban ," 2,032 "," 370,269 ", 0 
 CPV , Rural ," 2,032 "," 90,394 ", 0 
 CPV , Urban ," 2,032 "," 452,401 ", 1 
 ERI , Rural ," 2,032 "," 2,713,290 ", 1 
 ERI , Urban ," 2,032 "," 1,453,224 ", 0 
 ETH , Rural ," 2,032 "," 116,089,530 ", 1 
 ETH , Urban ," 2,032 "," 43,834,369 ", 0 
 GAB , Rural ," 2,032 "," 194,866 ", 0 
 GAB , Urban ," 2,032 "," 2,783,940 ", 1 
 GHA , Rural ," 2,032 "," 14,661,639 ", 0 
 GHA , Urban ," 2,032 "," 24,831,155 ", 1 
 GIN , Rural ," 2,032 "," 10,106,149 ", 1 
 GIN , Urban ," 2,032 "," 7,379,743 ", 0 
 GMB , Rural ," 2,032 "," 967,466 ", 0 
 GMB , Urban ," 2,032 "," 2,284,359 ", 1 
 GNB , Rural ," 2,032 "," 1,339,590 ", 1 
 GNB , Urban ," 2,032 "," 1,245,988 ", 0 
 GNQ , Rural ," 2,032 "," 615,616 ", 0 
 GNQ , Urban ," 2,032 "," 1,651,414 ", 1 
 KEN , Rural ," 2,032 "," 41,844,658 ", 1 
 KEN , Urban ," 2,032 "," 23,514,376 ", 0 
 LBR , Rural ," 2,032 "," 2,648,858 ", 0 
 LBR , Urban ," 2,032 "," 3,965,396 ", 1 
 LSO , Rural ," 2,032 "," 1,239,093 ", 0 
 LSO , Urban ," 2,032 "," 1,307,397 ", 1 
 MDG , Rural ," 2,032 "," 24,305,685 ", 1 
 MDG , Urban ," 2,032 "," 13,995,632 ", 0 
 MLI , Rural ," 2,032 "," 19,451,511 ", 1 
 MLI , Urban ," 2,032 "," 11,167,378 ", 0 
 MOZ , Rural ," 2,032 "," 24,674,613 ", 1 
 MOZ , Urban ," 2,032 "," 18,358,280 ", 0 
 MRT , Rural ," 2,032 "," 2,086,458 ", 0 
 MRT , Urban ," 2,032 "," 4,288,388 ", 1 
 MUS , Rural ," 2,032 "," 752,135 ", 1 
 MUS , Urban ," 2,032 "," 489,884 ", 0 
 MWI , Rural ," 2,032 "," 20,893,526 ", 1 
 MWI , Urban ," 2,032 "," 5,473,235 ", 0 
 NAM , Rural ," 2,032 "," 1,616,457 ", 0 
 NAM , Urban ," 2,032 "," 1,891,780 ", 1 
 NER , Rural ," 2,032 "," 27,085,914 ", 1 
 NER , Urban ," 2,032 "," 7,342,725 ", 0 
 NGA , Rural ," 2,032 "," 83,533,980 ", 0 
 NGA , Urban ," 2,032 "," 188,949,662 ", 1 
 RWA , Rural ," 2,032 "," 10,400,595 ", 1 
 RWA , Urban ," 2,032 "," 6,371,227 ", 0 
 SDN , Rural ," 2,032 "," 39,575,324 ", 1 
 SDN , Urban ," 2,032 "," 21,604,156 ", 0 
 SEN , Rural ," 2,032 "," 9,010,562 ", 0 
 SEN , Urban ," 2,032 "," 13,075,364 ", 1 
 SLE , Rural ," 2,032 "," 5,005,298 ", 0 
 SLE , Urban ," 2,032 "," 5,041,902 ", 1 
 SOM , Rural ," 2,032 "," 10,152,474 ", 0 
 SOM , Urban ," 2,032 "," 14,106,324 ", 1 
 SSA , Rural ," 2,032 "," 801,382,702 ", 1 
 SSA , Urban ," 2,032 "," 751,967,686 ", 0 
 SSD , Rural ," 2,032 "," 10,642,193 ", 1 
 SSD , Urban ," 2,032 "," 3,354,158 ", 0 
 STP , Rural ," 2,032 "," 76,170 ", 0 
 STP , Urban ," 2,032 "," 198,474 ", 1 
 SWZ , Rural ," 2,032 "," 945,923 ", 1 
 SWZ , Urban ," 2,032 "," 398,974 ", 0 
 SYC , Rural ," 2,032 "," 75,018 ", 1 
 SYC , Urban ," 2,032 "," 66,101 ", 0 
 TCD , Rural ," 2,032 "," 17,178,631 ", 1 
 TCD , Urban ," 2,032 "," 8,417,601 ", 0 
 TGO , Rural ," 2,032 "," 5,738,709 ", 1 
 TGO , Urban ," 2,032 "," 5,508,052 ", 0 
 TZA , Rural ," 2,032 "," 49,014,850 ", 1 
 TZA , Urban ," 2,032 "," 36,278,283 ", 0 
 UGA , Rural ," 2,032 "," 38,948,724 ", 1 
 UGA , Urban ," 2,032 "," 22,140,332 ", 0 
 ZAF , Rural ," 2,032 "," 24,257,205 ", 0 
 ZAF , Urban ," 2,032 "," 45,169,234 ", 1 
 ZMB , Rural ," 2,032 "," 13,365,384 ", 1 
 ZMB , Urban ," 2,032 "," 12,946,567 ", 0 
 ZWE , Rural ," 2,032 "," 10,675,811 ", 1 
 ZWE , Urban ," 2,032 "," 8,635,545 ", 0 
 AFE , Rural ," 2,033 "," 546,475,721 ", 1 
 AFE , Urban ," 2,033 "," 406,231,496 ", 0 
 AFW , Rural ," 2,033 "," 263,473,257 ", 0 
 AFW , Urban ," 2,033 "," 370,998,418 ", 1 
 AGO , Rural ," 2,033 "," 10,788,867 ", 0 
 AGO , Urban ," 2,033 "," 38,302,607 ", 1 
 BDI , Rural ," 2,033 "," 11,755,534 ", 1 
 BDI , Urban ," 2,033 "," 5,562,100 ", 0 
 BEN , Rural ," 2,033 "," 7,002,968 ", 0 
 BEN , Urban ," 2,033 "," 10,728,470 ", 1 
 BFA , Rural ," 2,033 "," 18,442,742 ", 1 
 BFA , Urban ," 2,033 "," 9,921,109 ", 0 
 BWA , Rural ," 2,033 "," 843,853 ", 0 
 BWA , Urban ," 2,033 "," 2,037,129 ", 1 
 CAF , Rural ," 2,033 "," 3,679,794 ", 1 
 CAF , Urban ," 2,033 "," 3,409,649 ", 0 
 CIV , Rural ," 2,033 "," 15,882,407 ", 0 
 CIV , Urban ," 2,033 "," 23,361,977 ", 1 
 CMR , Rural ," 2,033 "," 15,403,243 ", 0 
 CMR , Urban ," 2,033 "," 20,820,240 ", 1 
 COD , Rural ," 2,033 "," 74,610,384 ", 1 
 COD , Urban ," 2,033 "," 68,803,646 ", 0 
 COG , Rural ," 2,033 "," 2,564,328 ", 0 
 COG , Urban ," 2,033 "," 5,238,671 ", 1 
 COM , Rural ," 2,033 "," 632,452 ", 1 
 COM , Urban ," 2,033 "," 381,610 ", 0 
 CPV , Rural ," 2,033 "," 86,552 ", 0 
 CPV , Urban ," 2,033 "," 458,206 ", 1 
 ERI , Rural ," 2,033 "," 2,762,762 ", 1 
 ERI , Urban ," 2,033 "," 1,486,744 ", 0 
 ETH , Rural ," 2,033 "," 117,918,706 ", 1 
 ETH , Urban ," 2,033 "," 45,534,610 ", 0 
 GAB , Rural ," 2,033 "," 193,565 ", 0 
 GAB , Urban ," 2,033 "," 2,842,139 ", 1 
 GHA , Rural ," 2,033 "," 14,670,490 ", 0 
 GHA , Urban ," 2,033 "," 25,462,235 ", 1 
 GIN , Rural ," 2,033 "," 10,191,355 ", 1 
 GIN , Urban ," 2,033 "," 7,630,847 ", 0 
 GMB , Rural ," 2,033 "," 958,558 ", 0 
 GMB , Urban ," 2,033 "," 2,354,038 ", 1 
 GNB , Rural ," 2,033 "," 1,361,600 ", 1 
 GNB , Urban ," 2,033 "," 1,273,108 ", 0 
 GNQ , Rural ," 2,033 "," 625,559 ", 0 
 GNQ , Urban ," 2,033 "," 1,690,440 ", 1 
 KEN , Rural ," 2,033 "," 42,069,012 ", 1 
 KEN , Urban ," 2,033 "," 24,415,799 ", 0 
 LBR , Rural ," 2,033 "," 2,663,187 ", 0 
 LBR , Urban ," 2,033 "," 4,081,734 ", 1 
 LSO , Rural ," 2,033 "," 1,228,645 ", 0 
 LSO , Urban ," 2,033 "," 1,344,465 ", 1 
 MDG , Rural ," 2,033 "," 24,595,741 ", 1 
 MDG , Urban ," 2,033 "," 14,513,639 ", 0 
 MLI , Rural ," 2,033 "," 19,782,470 ", 1 
 MLI , Urban ," 2,033 "," 11,660,327 ", 0 
 MOZ , Rural ," 2,033 "," 24,994,541 ", 1 
 MOZ , Urban ," 2,033 "," 19,149,993 ", 0 
 MRT , Rural ," 2,033 "," 2,089,065 ", 0 
 MRT , Urban ," 2,033 "," 4,444,775 ", 1 
 MUS , Rural ," 2,033 "," 748,075 ", 1 
 MUS , Urban ," 2,033 "," 489,245 ", 0 
 MWI , Rural ," 2,033 "," 21,224,108 ", 1 
 MWI , Urban ," 2,033 "," 5,754,313 ", 0 
 NAM , Rural ," 2,033 "," 1,628,155 ", 0 
 NAM , Urban ," 2,033 "," 1,937,187 ", 1 
 NER , Rural ," 2,033 "," 27,665,153 ", 1 
 NER , Urban ," 2,033 "," 7,731,884 ", 0 
 NGA , Rural ," 2,033 "," 82,893,872 ", 0 
 NGA , Urban ," 2,033 "," 194,661,243 ", 1 
 RWA , Rural ," 2,033 "," 10,418,560 ", 1 
 RWA , Urban ," 2,033 "," 6,654,915 ", 0 
 SDN , Rural ," 2,033 "," 40,401,953 ", 1 
 SDN , Urban ," 2,033 "," 22,095,251 ", 0 
 SEN , Rural ," 2,033 "," 9,100,425 ", 0 
 SEN , Urban ," 2,033 "," 13,448,414 ", 1 
 SLE , Rural ," 2,033 "," 5,025,187 ", 0 
 SLE , Urban ," 2,033 "," 5,195,827 ", 1 
 SOM , Rural ," 2,033 "," 10,344,979 ", 0 
 SOM , Urban ," 2,033 "," 14,576,862 ", 1 
 SSA , Rural ," 2,033 "," 809,948,979 ", 1 
 SSA , Urban ," 2,033 "," 777,229,913 ", 0 
 SSD , Rural ," 2,033 "," 10,794,921 ", 1 
 SSD , Urban ," 2,033 "," 3,466,844 ", 0 
 STP , Rural ," 2,033 "," 75,952 ", 0 
 STP , Urban ," 2,033 "," 203,814 ", 1 
 SWZ , Rural ," 2,033 "," 949,218 ", 1 
 SWZ , Urban ," 2,033 "," 407,526 ", 0 
 SYC , Rural ," 2,033 "," 74,897 ", 1 
 SYC , Urban ," 2,033 "," 66,512 ", 0 
 TCD , Rural ," 2,033 "," 17,418,624 ", 1 
 TCD , Urban ," 2,033 "," 8,879,216 ", 0 
 TGO , Rural ," 2,033 "," 5,772,112 ", 1 
 TGO , Urban ," 2,033 "," 5,703,870 ", 0 
 TZA , Rural ," 2,033 "," 49,506,845 ", 1 
 TZA , Urban ," 2,033 "," 38,013,648 ", 0 
 UGA , Rural ," 2,033 "," 39,476,707 ", 1 
 UGA , Urban ," 2,033 "," 22,987,400 ", 0 
 ZAF , Rural ," 2,033 "," 24,310,840 ", 0 
 ZAF , Urban ," 2,033 "," 45,729,641 ", 1 
 ZMB , Rural ," 2,033 "," 13,561,655 ", 1 
 ZMB , Urban ," 2,033 "," 13,398,433 ", 0 
 ZWE , Rural ," 2,033 "," 10,758,360 ", 1 
 ZWE , Urban ," 2,033 "," 8,917,562 ", 0 
 AFE , Rural ," 2,034 "," 553,513,006 ", 1 
 AFE , Urban ," 2,034 "," 420,270,714 ", 0 
 AFW , Rural ," 2,034 "," 264,641,375 ", 0 
 AFW , Urban ," 2,034 "," 382,786,530 ", 1 
 AGO , Rural ," 2,034 "," 10,665,681 ", 0 
 AGO , Urban ," 2,034 "," 39,781,774 ", 1 
 BDI , Rural ," 2,034 "," 11,878,305 ", 1 
 BDI , Urban ," 2,034 "," 5,822,503 ", 0 
 BEN , Rural ," 2,034 "," 6,976,682 ", 0 
 BEN , Urban ," 2,034 "," 11,133,230 ", 1 
 BFA , Rural ," 2,034 "," 18,536,693 ", 1 
 BFA , Urban ," 2,034 "," 10,380,255 ", 0 
 BWA , Rural ," 2,034 "," 847,609 ", 0 
 BWA , Urban ," 2,034 "," 2,070,369 ", 1 
 CAF , Rural ," 2,034 "," 3,753,762 ", 1 
 CAF , Urban ," 2,034 "," 3,542,485 ", 0 
 CIV , Rural ," 2,034 "," 15,972,222 ", 0 
 CIV , Urban ," 2,034 "," 24,160,586 ", 1 
 CMR , Rural ," 2,034 "," 15,688,567 ", 0 
 CMR , Urban ," 2,034 "," 21,366,243 ", 1 
 COD , Rural ," 2,034 "," 76,208,046 ", 1 
 COD , Urban ," 2,034 "," 71,260,090 ", 0 
 COG , Rural ," 2,034 "," 2,582,652 ", 0 
 COG , Urban ," 2,034 "," 5,398,692 ", 1 
 COM , Rural ," 2,034 "," 637,583 ", 1 
 COM , Urban ," 2,034 "," 393,287 ", 0 
 CPV , Rural ," 2,034 "," 82,753 ", 0 
 CPV , Urban ," 2,034 "," 463,899 ", 1 
 ERI , Rural ," 2,034 "," 2,812,700 ", 1 
 ERI , Urban ," 2,034 "," 1,522,030 ", 0 
 ETH , Rural ," 2,034 "," 119,725,973 ", 1 
 ETH , Urban ," 2,034 "," 47,252,821 ", 0 
 GAB , Rural ," 2,034 "," 192,362 ", 0 
 GAB , Urban ," 2,034 "," 2,900,860 ", 1 
 GHA , Rural ," 2,034 "," 14,671,979 ", 0 
 GHA , Urban ," 2,034 "," 26,102,177 ", 1 
 GIN , Rural ," 2,034 "," 10,266,036 ", 1 
 GIN , Urban ," 2,034 "," 7,888,371 ", 0 
 GMB , Rural ," 2,034 "," 948,048 ", 0 
 GMB , Urban ," 2,034 "," 2,425,073 ", 1 
 GNB , Rural ," 2,034 "," 1,383,335 ", 1 
 GNB , Urban ," 2,034 "," 1,299,753 ", 0 
 GNQ , Rural ," 2,034 "," 635,537 ", 0 
 GNQ , Urban ," 2,034 "," 1,729,315 ", 1 
 KEN , Rural ," 2,034 "," 42,239,367 ", 1 
 KEN , Urban ," 2,034 "," 25,365,263 ", 0 
 LBR , Rural ," 2,034 "," 2,675,108 ", 0 
 LBR , Urban ," 2,034 "," 4,198,572 ", 1 
 LSO , Rural ," 2,034 "," 1,218,054 ", 0 
 LSO , Urban ," 2,034 "," 1,381,725 ", 1 
 MDG , Rural ," 2,034 "," 24,873,454 ", 1 
 MDG , Urban ," 2,034 "," 15,046,496 ", 0 
 MLI , Rural ," 2,034 "," 20,109,248 ", 1 
 MLI , Urban ," 2,034 "," 12,167,428 ", 0 
 MOZ , Rural ," 2,034 "," 25,313,423 ", 1 
 MOZ , Urban ," 2,034 "," 19,960,103 ", 0 
 MRT , Rural ," 2,034 "," 2,091,158 ", 0 
 MRT , Urban ," 2,034 "," 4,603,292 ", 1 
 MUS , Rural ," 2,034 "," 743,694 ", 1 
 MUS , Urban ," 2,034 "," 488,603 ", 0 
 MWI , Rural ," 2,034 "," 21,543,957 ", 1 
 MWI , Urban ," 2,034 "," 6,051,341 ", 0 
 NAM , Rural ," 2,034 "," 1,639,403 ", 0 
 NAM , Urban ," 2,034 "," 1,982,418 ", 1 
 NER , Rural ," 2,034 "," 28,231,566 ", 1 
 NER , Urban ," 2,034 "," 8,140,818 ", 0 
 NGA , Rural ," 2,034 "," 82,175,807 ", 0 
 NGA , Urban ," 2,034 "," 200,446,590 ", 1 
 RWA , Rural ," 2,034 "," 10,447,816 ", 1 
 RWA , Urban ," 2,034 "," 6,954,438 ", 0 
 SDN , Rural ," 2,034 "," 41,234,179 ", 1 
 SDN , Urban ," 2,034 "," 22,588,178 ", 0 
 SEN , Rural ," 2,034 "," 9,189,996 ", 0 
 SEN , Urban ," 2,034 "," 13,822,031 ", 1 
 SLE , Rural ," 2,034 "," 5,040,006 ", 0 
 SLE , Urban ," 2,034 "," 5,351,484 ", 1 
 SOM , Rural ," 2,034 "," 10,542,050 ", 0 
 SOM , Urban ," 2,034 "," 15,051,623 ", 1 
 SSA , Rural ," 2,034 "," 818,154,381 ", 1 
 SSA , Urban ," 2,034 "," 803,057,244 ", 0 
 SSD , Rural ," 2,034 "," 10,945,426 ", 1 
 SSD , Urban ," 2,034 "," 3,582,124 ", 0 
 STP , Rural ," 2,034 "," 75,579 ", 0 
 STP , Urban ," 2,034 "," 209,341 ", 1 
 SWZ , Rural ," 2,034 "," 952,378 ", 1 
 SWZ , Urban ," 2,034 "," 415,981 ", 0 
 SYC , Rural ," 2,034 "," 74,755 ", 1 
 SYC , Urban ," 2,034 "," 66,909 ", 0 
 TCD , Rural ," 2,034 "," 17,637,529 ", 1 
 TCD , Urban ," 2,034 "," 9,359,879 ", 0 
 TGO , Rural ," 2,034 "," 5,800,329 ", 0 
 TGO , Urban ," 2,034 "," 5,905,497 ", 1 
 TZA , Rural ," 2,034 "," 49,960,361 ", 1 
 TZA , Urban ," 2,034 "," 39,828,317 ", 0 
 UGA , Rural ," 2,034 "," 39,996,451 ", 1 
 UGA , Urban ," 2,034 "," 23,837,417 ", 0 
 ZAF , Rural ," 2,034 "," 24,348,458 ", 0 
 ZAF , Urban ," 2,034 "," 46,293,114 ", 1 
 ZMB , Rural ," 2,034 "," 13,751,546 ", 0 
 ZMB , Urban ," 2,034 "," 13,860,084 ", 1 
 ZWE , Rural ," 2,034 "," 10,836,758 ", 1 
 ZWE , Urban ," 2,034 "," 9,204,365 ", 0 
 AFE , Rural ," 2,035 "," 560,384,312 ", 1 
 AFE , Urban ," 2,035 "," 434,654,501 ", 0 
 AFW , Rural ," 2,035 "," 265,620,328 ", 0 
 AFW , Urban ," 2,035 "," 394,801,661 ", 1 
 AGO , Rural ," 2,035 "," 10,521,749 ", 0 
 AGO , Urban ," 2,035 "," 41,299,969 ", 1 
 BDI , Rural ," 2,035 "," 11,997,631 ", 1 
 BDI , Urban ," 2,035 "," 6,088,210 ", 0 
 BEN , Rural ," 2,035 "," 6,941,407 ", 0 
 BEN , Urban ," 2,035 "," 11,551,224 ", 1 
 BFA , Rural ," 2,035 "," 18,610,195 ", 1 
 BFA , Urban ," 2,035 "," 10,859,551 ", 0 
 BWA , Rural ," 2,035 "," 851,383 ", 0 
 BWA , Urban ," 2,035 "," 2,103,031 ", 1 
 CAF , Rural ," 2,035 "," 3,825,341 ", 1 
 CAF , Urban ," 2,035 "," 3,677,246 ", 0 
 CIV , Rural ," 2,035 "," 16,050,275 ", 0 
 CIV , Urban ," 2,035 "," 24,983,573 ", 1 
 CMR , Rural ," 2,035 "," 15,977,773 ", 0 
 CMR , Urban ," 2,035 "," 21,916,045 ", 1 
 COD , Rural ," 2,035 "," 77,800,923 ", 1 
 COD , Urban ," 2,035 "," 73,759,179 ", 0 
 COG , Rural ," 2,035 "," 2,597,394 ", 0 
 COG , Urban ," 2,035 "," 5,563,338 ", 1 
 COM , Rural ," 2,035 "," 642,458 ", 1 
 COM , Urban ," 2,035 "," 405,305 ", 0 
 CPV , Rural ," 2,035 "," 79,021 ", 0 
 CPV , Urban ," 2,035 "," 469,570 ", 1 
 ERI , Rural ," 2,035 "," 2,862,176 ", 1 
 ERI , Urban ," 2,035 "," 1,558,746 ", 0 
 ETH , Rural ," 2,035 "," 121,536,428 ", 1 
 ETH , Urban ," 2,035 "," 48,996,526 ", 0 
 GAB , Rural ," 2,035 "," 191,279 ", 0 
 GAB , Urban ," 2,035 "," 2,960,189 ", 1 
 GHA , Rural ," 2,035 "," 14,664,431 ", 0 
 GHA , Urban ," 2,035 "," 26,748,123 ", 1 
 GIN , Rural ," 2,035 "," 10,331,939 ", 1 
 GIN , Urban ," 2,035 "," 8,154,074 ", 0 
 GMB , Rural ," 2,035 "," 935,917 ", 0 
 GMB , Urban ," 2,035 "," 2,497,508 ", 1 
 GNB , Rural ," 2,035 "," 1,404,504 ", 1 
 GNB , Urban ," 2,035 "," 1,325,629 ", 0 
 GNQ , Rural ," 2,035 "," 645,743 ", 0 
 GNQ , Urban ," 2,035 "," 1,768,527 ", 1 
 KEN , Rural ," 2,035 "," 42,353,226 ", 1 
 KEN , Urban ," 2,035 "," 26,362,683 ", 0 
 LBR , Rural ," 2,035 "," 2,685,798 ", 0 
 LBR , Urban ," 2,035 "," 4,317,759 ", 1 
 LSO , Rural ," 2,035 "," 1,207,371 ", 0 
 LSO , Urban ," 2,035 "," 1,419,196 ", 1 
 MDG , Rural ," 2,035 "," 25,139,084 ", 1 
 MDG , Urban ," 2,035 "," 15,594,760 ", 0 
 MLI , Rural ," 2,035 "," 20,430,287 ", 1 
 MLI , Urban ," 2,035 "," 12,688,058 ", 0 
 MOZ , Rural ," 2,035 "," 25,627,418 ", 1 
 MOZ , Urban ," 2,035 "," 20,784,356 ", 0 
 MRT , Rural ," 2,035 "," 2,092,766 ", 0 
 MRT , Urban ," 2,035 "," 4,763,552 ", 1 
 MUS , Rural ," 2,035 "," 738,995 ", 1 
 MUS , Urban ," 2,035 "," 487,960 ", 0 
 MWI , Rural ," 2,035 "," 21,849,812 ", 1 
 MWI , Urban ," 2,035 "," 6,363,983 ", 0 
 NAM , Rural ," 2,035 "," 1,650,784 ", 0 
 NAM , Urban ," 2,035 "," 2,028,096 ", 1 
 NER , Rural ," 2,035 "," 28,783,551 ", 1 
 NER , Urban ," 2,035 "," 8,569,912 ", 0 
 NGA , Rural ," 2,035 "," 81,380,208 ", 0 
 NGA , Urban ," 2,035 "," 206,305,555 ", 1 
 RWA , Rural ," 2,035 "," 10,480,663 ", 1 
 RWA , Urban ," 2,035 "," 7,265,656 ", 0 
 SDN , Rural ," 2,035 "," 42,067,782 ", 1 
 SDN , Urban ," 2,035 "," 23,080,534 ", 0 
 SEN , Rural ," 2,035 "," 9,280,163 ", 0 
 SEN , Urban ," 2,035 "," 14,196,433 ", 1 
 SLE , Rural ," 2,035 "," 5,051,925 ", 0 
 SLE , Urban ," 2,035 "," 5,511,243 ", 1 
 SOM , Rural ," 2,035 "," 10,752,406 ", 0 
 SOM , Urban ," 2,035 "," 15,542,544 ", 1 
 SSA , Rural ," 2,035 "," 826,004,640 ", 0 
 SSA , Urban ," 2,035 "," 829,456,162 ", 1 
 SSD , Rural ," 2,035 "," 11,097,334 ", 1 
 SSD , Urban ," 2,035 "," 3,701,266 ", 0 
 STP , Rural ," 2,035 "," 75,039 ", 0 
 STP , Urban ," 2,035 "," 215,049 ", 1 
 SWZ , Rural ," 2,035 "," 955,203 ", 1 
 SWZ , Urban ," 2,035 "," 424,215 ", 0 
 SYC , Rural ," 2,035 "," 74,597 ", 1 
 SYC , Urban ," 2,035 "," 67,294 ", 0 
 TCD , Rural ," 2,035 "," 17,836,511 ", 1 
 TCD , Urban ," 2,035 "," 9,860,768 ", 0 
 TGO , Rural ," 2,035 "," 5,823,901 ", 0 
 TGO , Urban ," 2,035 "," 6,113,783 ", 1 
 TZA , Rural ," 2,035 "," 50,369,179 ", 1 
 TZA , Urban ," 2,035 "," 41,722,250 ", 0 
 UGA , Rural ," 2,035 "," 40,513,691 ", 1 
 UGA , Urban ," 2,035 "," 24,691,883 ", 0 
 ZAF , Rural ," 2,035 "," 24,371,799 ", 0 
 ZAF , Urban ," 2,035 "," 46,862,953 ", 1 
 ZMB , Rural ," 2,035 "," 13,935,024 ", 0 
 ZMB , Urban ," 2,035 "," 14,331,868 ", 1 
 ZWE , Rural ," 2,035 "," 10,912,154 ", 1 
 ZWE , Urban ," 2,035 "," 9,496,992 ", 0 
 AFE , Rural ," 2,036 "," 567,038,533 ", 1 
 AFE , Urban ," 2,036 "," 449,345,904 ", 0 
 AFW , Rural ," 2,036 "," 266,417,939 ", 0 
 AFW , Urban ," 2,036 "," 407,051,496 ", 1 
 AGO , Rural ," 2,036 "," 10,356,757 ", 0 
 AGO , Urban ," 2,036 "," 42,859,182 ", 1 
 BDI , Rural ," 2,036 "," 12,120,359 ", 1 
 BDI , Urban ," 2,036 "," 6,362,696 ", 0 
 BEN , Rural ," 2,036 "," 6,896,234 ", 0 
 BEN , Urban ," 2,036 "," 11,981,811 ", 1 
 BFA , Rural ," 2,036 "," 18,661,370 ", 1 
 BFA , Urban ," 2,036 "," 11,358,507 ", 0 
 BWA , Rural ," 2,036 "," 855,156 ", 0 
 BWA , Urban ," 2,036 "," 2,134,979 ", 1 
 CAF , Rural ," 2,036 "," 3,894,055 ", 1 
 CAF , Urban ," 2,036 "," 3,813,506 ", 0 
 CIV , Rural ," 2,036 "," 16,116,291 ", 0 
 CIV , Urban ," 2,036 "," 25,832,176 ", 1 
 CMR , Rural ," 2,036 "," 16,271,941 ", 0 
 CMR , Urban ," 2,036 "," 22,470,527 ", 1 
 COD , Rural ," 2,036 "," 79,388,772 ", 1 
 COD , Urban ," 2,036 "," 76,300,683 ", 0 
 COG , Rural ," 2,036 "," 2,608,630 ", 0 
 COG , Urban ," 2,036 "," 5,733,082 ", 1 
 COM , Rural ," 2,036 "," 647,138 ", 1 
 COM , Urban ," 2,036 "," 417,713 ", 0 
 CPV , Rural ," 2,036 "," 75,347 ", 0 
 CPV , Urban ," 2,036 "," 475,127 ", 1 
 ERI , Rural ," 2,036 "," 2,912,158 ", 1 
 ERI , Urban ," 2,036 "," 1,597,599 ", 0 
 ETH , Rural ," 2,036 "," 123,338,819 ", 1 
 ETH , Urban ," 2,036 "," 50,758,956 ", 0 
 GAB , Rural ," 2,036 "," 190,339 ", 0 
 GAB , Urban ," 2,036 "," 3,020,245 ", 1 
 GHA , Rural ," 2,036 "," 14,647,694 ", 0 
 GHA , Urban ," 2,036 "," 27,399,762 ", 1 
 GIN , Rural ," 2,036 "," 10,390,907 ", 1 
 GIN , Urban ," 2,036 "," 8,429,958 ", 0 
 GMB , Rural ," 2,036 "," 922,156 ", 0 
 GMB , Urban ," 2,036 "," 2,571,420 ", 1 
 GNB , Rural ," 2,036 "," 1,426,170 ", 1 
 GNB , Urban ," 2,036 "," 1,351,720 ", 0 
 GNQ , Rural ," 2,036 "," 656,090 ", 0 
 GNQ , Urban ," 2,036 "," 1,807,799 ", 1 
 KEN , Rural ," 2,036 "," 42,409,958 ", 1 
 KEN , Urban ," 2,036 "," 27,408,928 ", 0 
 LBR , Rural ," 2,036 "," 2,698,158 ", 0 
 LBR , Urban ," 2,036 "," 4,444,164 ", 1 
 LSO , Rural ," 2,036 "," 1,196,626 ", 0 
 LSO , Urban ," 2,036 "," 1,456,872 ", 1 
 MDG , Rural ," 2,036 "," 25,392,532 ", 1 
 MDG , Urban ," 2,036 "," 16,158,783 ", 0 
 MLI , Rural ," 2,036 "," 20,745,463 ", 1 
 MLI , Urban ," 2,036 "," 13,222,425 ", 0 
 MOZ , Rural ," 2,036 "," 25,931,603 ", 1 
 MOZ , Urban ," 2,036 "," 21,617,067 ", 0 
 MRT , Rural ," 2,036 "," 2,093,986 ", 0 
 MRT , Urban ," 2,036 "," 4,925,248 ", 1 
 MUS , Rural ," 2,036 "," 733,974 ", 1 
 MUS , Urban ," 2,036 "," 487,311 ", 0 
 MWI , Rural ," 2,036 "," 22,142,566 ", 1 
 MWI , Urban ," 2,036 "," 6,693,034 ", 0 
 NAM , Rural ," 2,036 "," 1,662,063 ", 0 
 NAM , Urban ," 2,036 "," 2,073,867 ", 1 
 NER , Rural ," 2,036 "," 29,320,369 ", 1 
 NER , Urban ," 2,036 "," 9,019,776 ", 0 
 NGA , Rural ," 2,036 "," 80,505,817 ", 0 
 NGA , Urban ," 2,036 "," 212,233,579 ", 1 
 RWA , Rural ," 2,036 "," 10,499,964 ", 1 
 RWA , Urban ," 2,036 "," 7,576,812 ", 0 
 SDN , Rural ," 2,036 "," 42,899,556 ", 1 
 SDN , Urban ," 2,036 "," 23,570,459 ", 0 
 SEN , Rural ," 2,036 "," 9,371,258 ", 0 
 SEN , Urban ," 2,036 "," 14,570,968 ", 1 
 SLE , Rural ," 2,036 "," 5,060,053 ", 0 
 SLE , Urban ," 2,036 "," 5,674,295 ", 1 
 SOM , Rural ," 2,036 "," 10,969,459 ", 0 
 SOM , Urban ," 2,036 "," 16,039,744 ", 1 
 SSA , Rural ," 2,036 "," 833,456,471 ", 0 
 SSA , Urban ," 2,036 "," 856,397,401 ", 1 
 SSD , Rural ," 2,036 "," 11,246,953 ", 1 
 SSD , Urban ," 2,036 "," 3,823,143 ", 0 
 STP , Rural ," 2,036 "," 74,327 ", 0 
 STP , Urban ," 2,036 "," 220,946 ", 1 
 SWZ , Rural ," 2,036 "," 957,881 ", 1 
 SWZ , Urban ," 2,036 "," 432,274 ", 0 
 SYC , Rural ," 2,036 "," 74,420 ", 1 
 SYC , Urban ," 2,036 "," 67,662 ", 0 
 TCD , Rural ," 2,036 "," 18,023,460 ", 1 
 TCD , Urban ," 2,036 "," 10,387,044 ", 0 
 TGO , Rural ," 2,036 "," 5,842,151 ", 0 
 TGO , Urban ," 2,036 "," 6,328,357 ", 1 
 TZA , Rural ," 2,036 "," 50,726,363 ", 1 
 TZA , Urban ," 2,036 "," 43,694,449 ", 0 
 UGA , Rural ," 2,036 "," 41,026,210 ", 1 
 UGA , Urban ," 2,036 "," 25,547,523 ", 0 
 ZAF , Rural ," 2,036 "," 24,379,616 ", 0 
 ZAF , Urban ," 2,036 "," 47,436,763 ", 1 
 ZMB , Rural ," 2,036 "," 14,111,519 ", 0 
 ZMB , Urban ," 2,036 "," 14,813,590 ", 1 
 ZWE , Rural ," 2,036 "," 10,983,783 ", 1 
 ZWE , Urban ," 2,036 "," 9,794,870 ", 0 
 AFE , Rural ," 2,037 "," 573,457,654 ", 1 
 AFE , Urban ," 2,037 "," 464,328,885 ", 0 
 AFW , Rural ," 2,037 "," 267,018,352 ", 0 
 AFW , Urban ," 2,037 "," 419,520,787 ", 1 
 AGO , Rural ," 2,037 "," 10,169,222 ", 0 
 AGO , Urban ," 2,037 "," 44,456,649 ", 1 
 BDI , Rural ," 2,037 "," 12,246,861 ", 1 
 BDI , Urban ," 2,037 "," 6,646,397 ", 0 
 BEN , Rural ," 2,037 "," 6,840,276 ", 0 
 BEN , Urban ," 2,037 "," 12,424,224 ", 1 
 BFA , Rural ," 2,037 "," 18,690,029 ", 1 
 BFA , Urban ," 2,037 "," 11,877,531 ", 0 
 BWA , Rural ," 2,037 "," 858,979 ", 0 
 BWA , Urban ," 2,037 "," 2,166,249 ", 1 
 CAF , Rural ," 2,037 "," 3,960,129 ", 1 
 CAF , Urban ," 2,037 "," 3,951,502 ", 0 
 CIV , Rural ," 2,037 "," 16,170,846 ", 0 
 CIV , Urban ," 2,037 "," 26,709,152 ", 1 
 CMR , Rural ," 2,037 "," 16,571,166 ", 0 
 CMR , Urban ," 2,037 "," 23,029,206 ", 1 
 COD , Rural ," 2,037 "," 80,967,746 ", 1 
 COD , Urban ," 2,037 "," 78,880,830 ", 0 
 COG , Rural ," 2,037 "," 2,616,424 ", 0 
 COG , Urban ," 2,037 "," 5,908,378 ", 1 
 COM , Rural ," 2,037 "," 651,532 ", 1 
 COM , Urban ," 2,037 "," 430,467 ", 0 
 CPV , Rural ," 2,037 "," 71,736 ", 0 
 CPV , Urban ," 2,037 "," 480,551 ", 1 
 ERI , Rural ," 2,037 "," 2,962,972 ", 1 
 ERI , Urban ," 2,037 "," 1,638,962 ", 0 
 ETH , Rural ," 2,037 "," 125,126,448 ", 1 
 ETH , Urban ," 2,037 "," 52,534,690 ", 0 
 GAB , Rural ," 2,037 "," 189,542 ", 0 
 GAB , Urban ," 2,037 "," 3,080,756 ", 1 
 GHA , Rural ," 2,037 "," 14,622,919 ", 0 
 GHA , Urban ," 2,037 "," 28,059,256 ", 1 
 GIN , Rural ," 2,037 "," 10,440,824 ", 1 
 GIN , Urban ," 2,037 "," 8,714,929 ", 0 
 GMB , Rural ," 2,037 "," 906,726 ", 0 
 GMB , Urban ," 2,037 "," 2,646,807 ", 1 
 GNB , Rural ," 2,037 "," 1,448,240 ", 1 
 GNB , Urban ," 2,037 "," 1,377,928 ", 0 
 GNQ , Rural ," 2,037 "," 666,654 ", 0 
 GNQ , Urban ," 2,037 "," 1,847,304 ", 1 
 KEN , Rural ," 2,037 "," 42,406,951 ", 1 
 KEN , Urban ," 2,037 "," 28,503,450 ", 0 
 LBR , Rural ," 2,037 "," 2,707,845 ", 0 
 LBR , Urban ," 2,037 "," 4,570,912 ", 1 
 LSO , Rural ," 2,037 "," 1,185,619 ", 0 
 LSO , Urban ," 2,037 "," 1,494,461 ", 1 
 MDG , Rural ," 2,037 "," 25,632,924 ", 1 
 MDG , Urban ," 2,037 "," 16,738,416 ", 0 
 MLI , Rural ," 2,037 "," 21,053,477 ", 1 
 MLI , Urban ," 2,037 "," 13,769,973 ", 0 
 MOZ , Rural ," 2,037 "," 26,227,306 ", 1 
 MOZ , Urban ," 2,037 "," 22,457,250 ", 0 
 MRT , Rural ," 2,037 "," 2,094,964 ", 0 
 MRT , Urban ," 2,037 "," 5,088,155 ", 1 
 MUS , Rural ," 2,037 "," 728,642 ", 1 
 MUS , Urban ," 2,037 "," 486,666 ", 0 
 MWI , Rural ," 2,037 "," 22,423,161 ", 1 
 MWI , Urban ," 2,037 "," 7,039,349 ", 0 
 NAM , Rural ," 2,037 "," 1,673,200 ", 0 
 NAM , Urban ," 2,037 "," 2,119,596 ", 1 
 NER , Rural ," 2,037 "," 29,839,828 ", 1 
 NER , Urban ," 2,037 "," 9,490,548 ", 0 
 NGA , Rural ," 2,037 "," 79,550,433 ", 0 
 NGA , Urban ," 2,037 "," 218,222,811 ", 1 
 RWA , Rural ," 2,037 "," 10,507,483 ", 1 
 RWA , Urban ," 2,037 "," 7,888,363 ", 0 
 SDN , Rural ," 2,037 "," 43,732,005 ", 1 
 SDN , Urban ," 2,037 "," 24,059,235 ", 0 
 SEN , Rural ," 2,037 "," 9,463,243 ", 0 
 SEN , Urban ," 2,037 "," 14,944,329 ", 1 
 SLE , Rural ," 2,037 "," 5,063,049 ", 0 
 SLE , Urban ," 2,037 "," 5,839,219 ", 1 
 SOM , Rural ," 2,037 "," 11,191,349 ", 0 
 SOM , Urban ," 2,037 "," 16,539,829 ", 1 
 SSA , Rural ," 2,037 "," 840,476,006 ", 0 
 SSA , Urban ," 2,037 "," 883,849,672 ", 1 
 SSD , Rural ," 2,037 "," 11,389,532 ", 1 
 SSD , Urban ," 2,037 "," 3,946,171 ", 0 
 STP , Rural ," 2,037 "," 73,426 ", 0 
 STP , Urban ," 2,037 "," 227,018 ", 1 
 SWZ , Rural ," 2,037 "," 960,351 ", 1 
 SWZ , Urban ," 2,037 "," 440,094 ", 0 
 SYC , Rural ," 2,037 "," 74,222 ", 1 
 SYC , Urban ," 2,037 "," 68,016 ", 0 
 TCD , Rural ," 2,037 "," 18,195,049 ", 1 
 TCD , Urban ," 2,037 "," 10,937,922 ", 0 
 TGO , Rural ," 2,037 "," 5,854,954 ", 0 
 TGO , Urban ," 2,037 "," 6,549,393 ", 1 
 TZA , Rural ," 2,037 "," 51,028,865 ", 1 
 TZA , Urban ," 2,037 "," 45,746,912 ", 0 
 UGA , Rural ," 2,037 "," 41,537,920 ", 1 
 UGA , Urban ," 2,037 "," 26,404,712 ", 0 
 ZAF , Rural ," 2,037 "," 24,372,396 ", 0 
 ZAF , Urban ," 2,037 "," 48,015,418 ", 1 
 ZMB , Rural ," 2,037 "," 14,279,497 ", 0 
 ZMB , Urban ," 2,037 "," 15,303,995 ", 1 
 ZWE , Rural ," 2,037 "," 11,049,045 ", 1 
 ZWE , Urban ," 2,037 "," 10,095,690 ", 0 
 AFE , Rural ," 2,038 "," 579,651,010 ", 1 
 AFE , Urban ," 2,038 "," 479,614,678 ", 0 
 AFW , Rural ," 2,038 "," 267,408,893 ", 0 
 AFW , Urban ," 2,038 "," 432,197,839 ", 1 
 AGO , Rural ," 2,038 "," 9,958,956 ", 0 
 AGO , Urban ," 2,038 "," 46,094,824 ", 1 
 BDI , Rural ," 2,038 "," 12,369,982 ", 1 
 BDI , Urban ," 2,038 "," 6,935,551 ", 0 
 BEN , Rural ," 2,038 "," 6,774,412 ", 0 
 BEN , Urban ," 2,038 "," 12,880,863 ", 1 
 BFA , Rural ," 2,038 "," 18,695,698 ", 1 
 BFA , Urban ," 2,038 "," 12,416,827 ", 0 
 BWA , Rural ," 2,038 "," 862,831 ", 0 
 BWA , Urban ," 2,038 "," 2,196,701 ", 1 
 CAF , Rural ," 2,038 "," 4,024,076 ", 0 
 CAF , Urban ," 2,038 "," 4,091,786 ", 1 
 CIV , Rural ," 2,038 "," 16,211,665 ", 0 
 CIV , Urban ," 2,038 "," 27,612,704 ", 1 
 CMR , Rural ," 2,038 "," 16,873,831 ", 0 
 CMR , Urban ," 2,038 "," 23,589,181 ", 1 
 COD , Rural ," 2,038 "," 82,542,049 ", 1 
 COD , Urban ," 2,038 "," 81,503,561 ", 0 
 COG , Rural ," 2,038 "," 2,620,587 ", 0 
 COG , Urban ," 2,038 "," 6,089,139 ", 1 
 COM , Rural ," 2,038 "," 655,599 ", 1 
 COM , Urban ," 2,038 "," 443,549 ", 0 
 CPV , Rural ," 2,038 "," 68,200 ", 0 
 CPV , Urban ," 2,038 "," 485,882 ", 1 
 ERI , Rural ," 2,038 "," 3,011,199 ", 1 
 ERI , Urban ," 2,038 "," 1,681,145 ", 0 
 ETH , Rural ," 2,038 "," 126,910,390 ", 1 
 ETH , Urban ," 2,038 "," 54,325,506 ", 0 
 GAB , Rural ," 2,038 "," 188,900 ", 0 
 GAB , Urban ," 2,038 "," 3,141,604 ", 1 
 GHA , Rural ," 2,038 "," 14,589,479 ", 0 
 GHA , Urban ," 2,038 "," 28,725,498 ", 1 
 GIN , Rural ," 2,038 "," 10,480,679 ", 1 
 GIN , Urban ," 2,038 "," 9,008,690 ", 0 
 GMB , Rural ," 2,038 "," 889,651 ", 0 
 GMB , Urban ," 2,038 "," 2,723,850 ", 1 
 GNB , Rural ," 2,038 "," 1,470,189 ", 1 
 GNB , Urban ," 2,038 "," 1,403,745 ", 0 
 GNQ , Rural ," 2,038 "," 677,542 ", 0 
 GNQ , Urban ," 2,038 "," 1,887,311 ", 1 
 KEN , Rural ," 2,038 "," 42,343,924 ", 1 
 KEN , Urban ," 2,038 "," 29,647,010 ", 0 
 LBR , Rural ," 2,038 "," 2,713,363 ", 0 
 LBR , Urban ," 2,038 "," 4,695,349 ", 1 
 LSO , Rural ," 2,038 "," 1,174,333 ", 0 
 LSO , Urban ," 2,038 "," 1,531,869 ", 1 
 MDG , Rural ," 2,038 "," 25,860,175 ", 1 
 MDG , Urban ," 2,038 "," 17,333,985 ", 0 
 MLI , Rural ," 2,038 "," 21,354,511 ", 1 
 MLI , Urban ," 2,038 "," 14,331,063 ", 0 
 MOZ , Rural ," 2,038 "," 26,517,107 ", 1 
 MOZ , Urban ," 2,038 "," 23,304,930 ", 0 
 MRT , Rural ," 2,038 "," 2,095,994 ", 0 
 MRT , Urban ," 2,038 "," 5,252,370 ", 1 
 MUS , Rural ," 2,038 "," 722,991 ", 1 
 MUS , Urban ," 2,038 "," 486,018 ", 0 
 MWI , Rural ," 2,038 "," 22,681,508 ", 1 
 MWI , Urban ," 2,038 "," 7,400,244 ", 0 
 NAM , Rural ," 2,038 "," 1,684,594 ", 0 
 NAM , Urban ," 2,038 "," 2,165,707 ", 1 
 NER , Rural ," 2,038 "," 30,340,820 ", 1 
 NER , Urban ," 2,038 "," 9,982,651 ", 0 
 NGA , Rural ," 2,038 "," 78,513,498 ", 0 
 NGA , Urban ," 2,038 "," 224,268,860 ", 1 
 RWA , Rural ," 2,038 "," 10,518,392 ", 1 
 RWA , Urban ," 2,038 "," 8,211,396 ", 0 
 SDN , Rural ," 2,038 "," 44,562,422 ", 1 
 SDN , Urban ," 2,038 "," 24,545,287 ", 0 
 SEN , Rural ," 2,038 "," 9,556,588 ", 0 
 SEN , Urban ," 2,038 "," 15,315,934 ", 1 
 SLE , Rural ," 2,038 "," 5,060,562 ", 0 
 SLE , Urban ," 2,038 "," 6,005,588 ", 1 
 SOM , Rural ," 2,038 "," 11,416,326 ", 0 
 SOM , Urban ," 2,038 "," 17,039,432 ", 1 
 SSA , Rural ," 2,038 "," 847,059,903 ", 0 
 SSA , Urban ," 2,038 "," 911,812,517 ", 1 
 SSD , Rural ," 2,038 "," 11,525,500 ", 1 
 SSD , Urban ," 2,038 "," 4,070,470 ", 0 
 STP , Rural ," 2,038 "," 72,331 ", 0 
 STP , Urban ," 2,038 "," 233,263 ", 1 
 SWZ , Rural ," 2,038 "," 962,785 ", 1 
 SWZ , Urban ," 2,038 "," 447,716 ", 0 
 SYC , Rural ," 2,038 "," 74,006 ", 1 
 SYC , Urban ," 2,038 "," 68,354 ", 0 
 TCD , Rural ," 2,038 "," 18,345,592 ", 1 
 TCD , Urban ," 2,038 "," 11,510,864 ", 0 
 TGO , Rural ," 2,038 "," 5,863,056 ", 0 
 TGO , Urban ," 2,038 "," 6,778,080 ", 1 
 TZA , Rural ," 2,038 "," 51,274,252 ", 1 
 TZA , Urban ," 2,038 "," 47,882,219 ", 0 
 UGA , Rural ," 2,038 "," 42,050,047 ", 1 
 UGA , Urban ," 2,038 "," 27,262,161 ", 0 
 ZAF , Rural ," 2,038 "," 24,350,358 ", 0 
 ZAF , Urban ," 2,038 "," 48,599,259 ", 1 
 ZMB , Rural ," 2,038 "," 14,438,108 ", 0 
 ZMB , Urban ," 2,038 "," 15,802,458 ", 1 
 ZWE , Rural ," 2,038 "," 11,110,844 ", 1 
 ZWE , Urban ," 2,038 "," 10,402,064 ", 0 
 AFE , Rural ," 2,039 "," 585,619,878 ", 1 
 AFE , Urban ," 2,039 "," 495,199,982 ", 0 
 AFW , Rural ," 2,039 "," 267,593,651 ", 0 
 AFW , Urban ," 2,039 "," 445,090,071 ", 1 
 AGO , Rural ," 2,039 "," 9,725,683 ", 0 
 AGO , Urban ," 2,039 "," 47,776,233 ", 1 
 BDI , Rural ," 2,039 "," 12,488,952 ", 1 
 BDI , Urban ," 2,039 "," 7,229,569 ", 0 
 BEN , Rural ," 2,039 "," 6,698,149 ", 0 
 BEN , Urban ," 2,039 "," 13,351,820 ", 1 
 BFA , Rural ," 2,039 "," 18,678,150 ", 1 
 BFA , Urban ," 2,039 "," 12,976,722 ", 0 
 BWA , Rural ," 2,039 "," 866,831 ", 0 
 BWA , Urban ," 2,039 "," 2,226,543 ", 1 
 CAF , Rural ," 2,039 "," 4,086,506 ", 0 
 CAF , Urban ," 2,039 "," 4,235,050 ", 1 
 CIV , Rural ," 2,039 "," 16,237,022 ", 0 
 CIV , Urban ," 2,039 "," 28,541,723 ", 1 
 CMR , Rural ," 2,039 "," 17,181,253 ", 0 
 CMR , Urban ," 2,039 "," 24,151,587 ", 1 
 COD , Rural ," 2,039 "," 84,119,781 ", 0 
 COD , Urban ," 2,039 "," 84,176,914 ", 1 
 COG , Rural ," 2,039 "," 2,620,932 ", 0 
 COG , Urban ," 2,039 "," 6,275,242 ", 1 
 COM , Rural ," 2,039 "," 659,405 ", 1 
 COM , Urban ," 2,039 "," 457,015 ", 0 
 CPV , Rural ," 2,039 "," 64,740 ", 0 
 CPV , Urban ," 2,039 "," 491,057 ", 1 
 ERI , Rural ," 2,039 "," 3,056,401 ", 1 
 ERI , Urban ," 2,039 "," 1,724,074 ", 0 
 ETH , Rural ," 2,039 "," 128,701,744 ", 1 
 ETH , Urban ," 2,039 "," 56,133,367 ", 0 
 GAB , Rural ," 2,039 "," 188,441 ", 0 
 GAB , Urban ," 2,039 "," 3,202,937 ", 1 
 GHA , Rural ," 2,039 "," 14,546,369 ", 0 
 GHA , Urban ," 2,039 "," 29,396,490 ", 1 
 GIN , Rural ," 2,039 "," 10,511,330 ", 1 
 GIN , Urban ," 2,039 "," 9,312,528 ", 0 
 GMB , Rural ," 2,039 "," 870,847 ", 0 
 GMB , Urban ," 2,039 "," 2,802,493 ", 1 
 GNB , Rural ," 2,039 "," 1,492,433 ", 1 
 GNB , Urban ," 2,039 "," 1,429,554 ", 0 
 GNQ , Rural ," 2,039 "," 688,461 ", 0 
 GNQ , Urban ," 2,039 "," 1,926,964 ", 1 
 KEN , Rural ," 2,039 "," 42,218,797 ", 1 
 KEN , Urban ," 2,039 "," 30,838,969 ", 0 
 LBR , Rural ," 2,039 "," 2,719,604 ", 0 
 LBR , Urban ," 2,039 "," 4,825,896 ", 1 
 LSO , Rural ," 2,039 "," 1,162,923 ", 0 
 LSO , Urban ," 2,039 "," 1,569,223 ", 1 
 MDG , Rural ," 2,039 "," 26,073,769 ", 1 
 MDG , Urban ," 2,039 "," 17,945,524 ", 0 
 MLI , Rural ," 2,039 "," 21,645,580 ", 1 
 MLI , Urban ," 2,039 "," 14,903,902 ", 0 
 MOZ , Rural ," 2,039 "," 26,807,475 ", 1 
 MOZ , Urban ," 2,039 "," 24,163,650 ", 0 
 MRT , Rural ," 2,039 "," 2,097,194 ", 0 
 MRT , Urban ," 2,039 "," 5,417,548 ", 1 
 MUS , Rural ," 2,039 "," 716,981 ", 1 
 MUS , Urban ," 2,039 "," 485,338 ", 0 
 MWI , Rural ," 2,039 "," 22,916,136 ", 1 
 MWI , Urban ," 2,039 "," 7,775,451 ", 0 
 NAM , Rural ," 2,039 "," 1,695,729 ", 0 
 NAM , Urban ," 2,039 "," 2,211,451 ", 1 
 NER , Rural ," 2,039 "," 30,822,016 ", 1 
 NER , Urban ," 2,039 "," 10,496,396 ", 0 
 NGA , Rural ," 2,039 "," 77,395,354 ", 0 
 NGA , Urban ," 2,039 "," 230,369,402 ", 1 
 RWA , Rural ," 2,039 "," 10,531,365 ", 1 
 RWA , Urban ," 2,039 "," 8,545,422 ", 0 
 SDN , Rural ," 2,039 "," 45,389,058 ", 1 
 SDN , Urban ," 2,039 "," 25,027,568 ", 0 
 SEN , Rural ," 2,039 "," 9,651,413 ", 0 
 SEN , Urban ," 2,039 "," 15,684,573 ", 1 
 SLE , Rural ," 2,039 "," 5,054,440 ", 0 
 SLE , Urban ," 2,039 "," 6,175,621 ", 1 
 SOM , Rural ," 2,039 "," 11,638,726 ", 0 
 SOM , Urban ," 2,039 "," 17,529,179 ", 1 
 SSA , Rural ," 2,039 "," 853,213,528 ", 0 
 SSA , Urban ," 2,039 "," 940,290,054 ", 1 
 SSD , Rural ," 2,039 "," 11,654,728 ", 1 
 SSD , Urban ," 2,039 "," 4,195,966 ", 0 
 STP , Rural ," 2,039 "," 71,038 ", 0 
 STP , Urban ," 2,039 "," 239,698 ", 1 
 SWZ , Rural ," 2,039 "," 965,294 ", 1 
 SWZ , Urban ," 2,039 "," 455,157 ", 0 
 SYC , Rural ," 2,039 "," 73,775 ", 1 
 SYC , Urban ," 2,039 "," 68,679 ", 0 
 TCD , Rural ," 2,039 "," 18,476,978 ", 1 
 TCD , Urban ," 2,039 "," 12,107,729 ", 0 
 TGO , Rural ," 2,039 "," 5,866,439 ", 0 
 TGO , Urban ," 2,039 "," 7,014,837 ", 1 
 TZA , Rural ," 2,039 "," 51,462,322 ", 1 
 TZA , Urban ," 2,039 "," 50,105,208 ", 0 
 UGA , Rural ," 2,039 "," 42,556,322 ", 1 
 UGA , Urban ," 2,039 "," 28,113,553 ", 0 
 ZAF , Rural ," 2,039 "," 24,311,677 ", 0 
 ZAF , Urban ," 2,039 "," 49,184,482 ", 1 
 ZMB , Rural ," 2,039 "," 14,586,879 ", 0 
 ZMB , Urban ," 2,039 "," 16,308,718 ", 1 
 ZWE , Rural ," 2,039 "," 11,168,086 ", 1 
 ZWE , Urban ," 2,039 "," 10,713,032 ", 0 
 AFE , Rural ," 2,040 "," 591,382,840 ", 1 
 AFE , Urban ," 2,040 "," 511,100,167 ", 0 
 AFW , Rural ," 2,040 "," 267,581,656 ", 0 
 AFW , Urban ," 2,040 "," 458,156,650 ", 1 
 AGO , Rural ," 2,040 "," 9,467,885 ", 0 
 AGO , Urban ," 2,040 "," 49,497,436 ", 1 
 BDI , Rural ," 2,040 "," 12,603,332 ", 1 
 BDI , Urban ," 2,040 "," 7,527,986 ", 0 
 BEN , Rural ," 2,040 "," 6,610,224 ", 0 
 BEN , Urban ," 2,040 "," 13,835,536 ", 1 
 BFA , Rural ," 2,040 "," 18,636,557 ", 1 
 BFA , Urban ," 2,040 "," 13,557,088 ", 0 
 BWA , Rural ," 2,040 "," 870,970 ", 0 
 BWA , Urban ," 2,040 "," 2,255,670 ", 1 
 CAF , Rural ," 2,040 "," 4,146,272 ", 0 
 CAF , Urban ," 2,040 "," 4,380,183 ", 1 
 CIV , Rural ," 2,040 "," 16,246,549 ", 0 
 CIV , Urban ," 2,040 "," 29,497,375 ", 1 
 CMR , Rural ," 2,040 "," 17,492,960 ", 0 
 CMR , Urban ," 2,040 "," 24,715,043 ", 1 
 COD , Rural ," 2,040 "," 85,697,728 ", 0 
 COD , Urban ," 2,040 "," 86,897,854 ", 1 
 COG , Rural ," 2,040 "," 2,617,322 ", 0 
 COG , Urban ," 2,040 "," 6,466,650 ", 1 
 COM , Rural ," 2,040 "," 662,921 ", 1 
 COM , Urban ," 2,040 "," 470,857 ", 0 
 CPV , Rural ," 2,040 "," 61,355 ", 0 
 CPV , Urban ," 2,040 "," 496,019 ", 1 
 ERI , Rural ," 2,040 "," 3,099,963 ", 1 
 ERI , Urban ," 2,040 "," 1,768,713 ", 0 
 ETH , Rural ," 2,040 "," 130,497,000 ", 1 
 ETH , Urban ," 2,040 "," 57,953,902 ", 0 
 GAB , Rural ," 2,040 "," 188,187 ", 0 
 GAB , Urban ," 2,040 "," 3,264,801 ", 1 
 GHA , Rural ," 2,040 "," 14,494,450 ", 0 
 GHA , Urban ," 2,040 "," 30,073,900 ", 1 
 GIN , Rural ," 2,040 "," 10,533,242 ", 1 
 GIN , Urban ," 2,040 "," 9,627,508 ", 0 
 GMB , Rural ," 2,040 "," 873,231 ", 0 
 GMB , Urban ," 2,040 "," 2,859,567 ", 1 
 GNB , Rural ," 2,040 "," 1,514,658 ", 1 
 GNB , Urban ," 2,040 "," 1,455,044 ", 0 
 GNQ , Rural ," 2,040 "," 699,398 ", 0 
 GNQ , Urban ," 2,040 "," 1,966,188 ", 1 
 KEN , Rural ," 2,040 "," 42,030,065 ", 1 
 KEN , Urban ," 2,040 "," 32,078,798 ", 0 
 LBR , Rural ," 2,040 "," 2,723,798 ", 0 
 LBR , Urban ," 2,040 "," 4,957,890 ", 1 
 LSO , Rural ," 2,040 "," 1,151,402 ", 0 
 LSO , Urban ," 2,040 "," 1,606,474 ", 1 
 MDG , Rural ," 2,040 "," 26,273,582 ", 1 
 MDG , Urban ," 2,040 "," 18,573,313 ", 0 
 MLI , Rural ," 2,040 "," 21,925,718 ", 1 
 MLI , Urban ," 2,040 "," 15,487,925 ", 0 
 MOZ , Rural ," 2,040 "," 27,095,536 ", 1 
 MOZ , Urban ," 2,040 "," 25,028,679 ", 0 
 MRT , Rural ," 2,040 "," 2,098,666 ", 0 
 MRT , Urban ," 2,040 "," 5,583,242 ", 1 
 MUS , Rural ," 2,040 "," 710,603 ", 1 
 MUS , Urban ," 2,040 "," 484,620 ", 0 
 MWI , Rural ," 2,040 "," 23,134,389 ", 1 
 MWI , Urban ," 2,040 "," 8,167,709 ", 0 
 NAM , Rural ," 2,040 "," 1,706,208 ", 0 
 NAM , Urban ," 2,040 "," 2,256,197 ", 1 
 NER , Rural ," 2,040 "," 31,284,012 ", 1 
 NER , Urban ," 2,040 "," 11,032,728 ", 0 
 NGA , Rural ," 2,040 "," 76,194,453 ", 0 
 NGA , Urban ," 2,040 "," 236,515,963 ", 1 
 RWA , Rural ," 2,040 "," 10,548,268 ", 1 
 RWA , Urban ," 2,040 "," 8,892,502 ", 0 
 SDN , Rural ," 2,040 "," 46,220,087 ", 1 
 SDN , Urban ," 2,040 "," 25,510,512 ", 0 
 SEN , Rural ," 2,040 "," 9,748,109 ", 0 
 SEN , Urban ," 2,040 "," 16,049,401 ", 1 
 SLE , Rural ," 2,040 "," 5,046,566 ", 0 
 SLE , Urban ," 2,040 "," 6,351,834 ", 1 
 SOM , Rural ," 2,040 "," 11,870,355 ", 0 
 SOM , Urban ," 2,040 "," 18,025,932 ", 1 
 SSA , Rural ," 2,040 "," 858,964,496 ", 0 
 SSA , Urban ," 2,040 "," 969,256,817 ", 1 
 SSD , Rural ," 2,040 "," 11,778,413 ", 1 
 SSD , Urban ," 2,040 "," 4,323,067 ", 0 
 STP , Rural ," 2,040 "," 69,534 ", 0 
 STP , Urban ," 2,040 "," 246,308 ", 1 
 SWZ , Rural ," 2,040 "," 967,555 ", 1 
 SWZ , Urban ," 2,040 "," 462,226 ", 0 
 SYC , Rural ," 2,040 "," 73,540 ", 1 
 SYC , Urban ," 2,040 "," 69,004 ", 0 
 TCD , Rural ," 2,040 "," 18,582,568 ", 1 
 TCD , Urban ," 2,040 "," 12,724,774 ", 0 
 TGO , Rural ," 2,040 "," 5,863,362 ", 0 
 TGO , Urban ," 2,040 "," 7,257,990 ", 1 
 TZA , Rural ," 2,040 "," 51,585,567 ", 0 
 TZA , Urban ," 2,040 "," 52,413,792 ", 1 
 UGA , Rural ," 2,040 "," 43,061,117 ", 1 
 UGA , Urban ," 2,040 "," 28,959,301 ", 0 
 ZAF , Rural ," 2,040 "," 24,259,136 ", 0 
 ZAF , Urban ," 2,040 "," 49,776,488 ", 1 
 ZMB , Rural ," 2,040 "," 14,726,545 ", 0 
 ZMB , Urban ," 2,040 "," 16,823,857 ", 1 
 ZWE , Rural ," 2,040 "," 11,221,137 ", 1 
 ZWE , Urban ," 2,040 "," 11,028,972 ", 0 
 AFE , Rural ," 2,041 "," 596,925,874 ", 1 
 AFE , Urban ," 2,041 "," 527,304,307 ", 0 
 AFW , Rural ," 2,041 "," 267,353,518 ", 0 
 AFW , Urban ," 2,041 "," 471,410,485 ", 1 
 AGO , Rural ," 2,041 "," 9,184,532 ", 0 
 AGO , Urban ," 2,041 "," 51,256,647 ", 1 
 BDI , Rural ," 2,041 "," 12,709,328 ", 1 
 BDI , Urban ," 2,041 "," 7,828,228 ", 0 
 BEN , Rural ," 2,041 "," 6,510,564 ", 0 
 BEN , Urban ," 2,041 "," 14,332,700 ", 1 
 BFA , Rural ," 2,041 "," 18,570,690 ", 1 
 BFA , Urban ," 2,041 "," 14,158,148 ", 0 
 BWA , Rural ," 2,041 "," 875,219 ", 0 
 BWA , Urban ," 2,041 "," 2,283,912 ", 1 
 CAF , Rural ," 2,041 "," 4,202,642 ", 0 
 CAF , Urban ," 2,041 "," 4,526,432 ", 1 
 CIV , Rural ," 2,041 "," 16,238,702 ", 0 
 CIV , Urban ," 2,041 "," 30,478,730 ", 1 
 CMR , Rural ," 2,041 "," 17,809,872 ", 0 
 CMR , Urban ," 2,041 "," 25,280,108 ", 1 
 COD , Rural ," 2,041 "," 87,277,828 ", 0 
 COD , Urban ," 2,041 "," 89,668,435 ", 1 
 COG , Rural ," 2,041 "," 2,610,109 ", 0 
 COG , Urban ," 2,041 "," 6,664,551 ", 1 
 COM , Rural ," 2,041 "," 666,097 ", 1 
 COM , Urban ," 2,041 "," 485,052 ", 0 
 CPV , Rural ," 2,041 "," 58,055 ", 0 
 CPV , Urban ," 2,041 "," 500,763 ", 1 
 ERI , Rural ," 2,041 "," 3,140,196 ", 1 
 ERI , Urban ," 2,041 "," 1,814,292 ", 0 
 ETH , Rural ," 2,041 "," 132,288,211 ", 1 
 ETH , Urban ," 2,041 "," 59,780,419 ", 0 
 GAB , Rural ," 2,041 "," 188,151 ", 0 
 GAB , Urban ," 2,041 "," 3,327,066 ", 1 
 GHA , Rural ," 2,041 "," 14,433,455 ", 0 
 GHA , Urban ," 2,041 "," 30,757,180 ", 1 
 GIN , Rural ," 2,041 "," 10,544,487 ", 1 
 GIN , Urban ," 2,041 "," 9,952,542 ", 0 
 GMB , Rural ," 2,041 "," 876,401 ", 0 
 GMB , Urban ," 2,041 "," 2,915,399 ", 1 
 GNB , Rural ," 2,041 "," 1,536,598 ", 1 
 GNB , Urban ," 2,041 "," 1,479,946 ", 0 
 GNQ , Rural ," 2,041 "," 710,403 ", 0 
 GNQ , Urban ," 2,041 "," 2,005,079 ", 1 
 KEN , Rural ," 2,041 "," 41,777,588 ", 1 
 KEN , Urban ," 2,041 "," 33,366,764 ", 0 
 LBR , Rural ," 2,041 "," 2,725,869 ", 0 
 LBR , Urban ," 2,041 "," 5,091,215 ", 1 
 LSO , Rural ," 2,041 "," 1,139,788 ", 0 
 LSO , Urban ," 2,041 "," 1,643,581 ", 1 
 MDG , Rural ," 2,041 "," 26,459,409 ", 1 
 MDG , Urban ," 2,041 "," 19,217,570 ", 0 
 MLI , Rural ," 2,041 "," 22,196,516 ", 1 
 MLI , Urban ," 2,041 "," 16,084,350 ", 0 
 MOZ , Rural ," 2,041 "," 27,377,282 ", 1 
 MOZ , Urban ," 2,041 "," 25,893,720 ", 0 
 MRT , Rural ," 2,041 "," 2,100,718 ", 0 
 MRT , Urban ," 2,041 "," 5,749,505 ", 1 
 MUS , Rural ," 2,041 "," 703,888 ", 1 
 MUS , Urban ," 2,041 "," 483,880 ", 0 
 MWI , Rural ," 2,041 "," 23,334,458 ", 1 
 MWI , Urban ," 2,041 "," 8,576,788 ", 0 
 NAM , Rural ," 2,041 "," 1,716,816 ", 0 
 NAM , Urban ," 2,041 "," 2,300,862 ", 1 
 NER , Rural ," 2,041 "," 31,726,817 ", 1 
 NER , Urban ," 2,041 "," 11,592,421 ", 0 
 NGA , Rural ," 2,041 "," 74,909,069 ", 0 
 NGA , Urban ," 2,041 "," 242,698,175 ", 1 
 RWA , Rural ," 2,041 "," 10,560,435 ", 1 
 RWA , Urban ," 2,041 "," 9,245,740 ", 0 
 SDN , Rural ," 2,041 "," 47,059,795 ", 1 
 SDN , Urban ," 2,041 "," 25,996,425 ", 0 
 SEN , Rural ," 2,041 "," 9,847,402 ", 0 
 SEN , Urban ," 2,041 "," 16,410,072 ", 1 
 SLE , Rural ," 2,041 "," 5,034,619 ", 0 
 SLE , Urban ," 2,041 "," 6,531,597 ", 1 
 SOM , Rural ," 2,041 "," 12,109,506 ", 0 
 SOM , Urban ," 2,041 "," 18,526,457 ", 1 
 SSA , Rural ," 2,041 "," 864,279,392 ", 0 
 SSA , Urban ," 2,041 "," 998,714,792 ", 1 
 SSD , Rural ," 2,041 "," 11,897,885 ", 1 
 SSD , Urban ," 2,041 "," 4,452,265 ", 0 
 STP , Rural ," 2,041 "," 67,809 ", 0 
 STP , Urban ," 2,041 "," 253,080 ", 1 
 SWZ , Rural ," 2,041 "," 969,968 ", 1 
 SWZ , Urban ," 2,041 "," 469,076 ", 0 
 SYC , Rural ," 2,041 "," 73,288 ", 1 
 SYC , Urban ," 2,041 "," 69,313 ", 0 
 TCD , Rural ," 2,041 "," 18,668,507 ", 1 
 TCD , Urban ," 2,041 "," 13,366,618 ", 0 
 TGO , Rural ," 2,041 "," 5,853,872 ", 0 
 TGO , Urban ," 2,041 "," 7,507,888 ", 1 
 TZA , Rural ," 2,041 "," 51,639,818 ", 0 
 TZA , Urban ," 2,041 "," 54,808,662 ", 1 
 UGA , Rural ," 2,041 "," 43,571,148 ", 1 
 UGA , Urban ," 2,041 "," 29,801,505 ", 0 
 ZAF , Rural ," 2,041 "," 24,195,184 ", 0 
 ZAF , Urban ," 2,041 "," 50,380,264 ", 1 
 ZMB , Rural ," 2,041 "," 14,856,666 ", 0 
 ZMB , Urban ," 2,041 "," 17,347,680 ", 1 
 ZWE , Rural ," 2,041 "," 11,273,732 ", 0 
 ZWE , Urban ," 2,041 "," 11,353,690 ", 1 
 AFE , Rural ," 2,042 "," 602,238,461 ", 1 
 AFE , Urban ," 2,042 "," 543,786,104 ", 0 
 AFW , Rural ," 2,042 "," 266,913,485 ", 0 
 AFW , Urban ," 2,042 "," 484,852,398 ", 1 
 AGO , Rural ," 2,042 "," 8,874,859 ", 0 
 AGO , Urban ," 2,042 "," 53,053,055 ", 1 
 BDI , Rural ," 2,042 "," 12,815,995 ", 1 
 BDI , Urban ," 2,042 "," 8,135,567 ", 0 
 BEN , Rural ," 2,042 "," 6,399,033 ", 0 
 BEN , Urban ," 2,042 "," 14,843,948 ", 1 
 BFA , Rural ," 2,042 "," 18,480,618 ", 1 
 BFA , Urban ," 2,042 "," 14,780,330 ", 0 
 BWA , Rural ," 2,042 "," 879,636 ", 0 
 BWA , Urban ," 2,042 "," 2,311,334 ", 1 
 CAF , Rural ," 2,042 "," 4,256,455 ", 0 
 CAF , Urban ," 2,042 "," 4,674,707 ", 1 
 CIV , Rural ," 2,042 "," 16,213,824 ", 0 
 CIV , Urban ," 2,042 "," 31,488,338 ", 1 
 CMR , Rural ," 2,042 "," 18,131,169 ", 0 
 CMR , Urban ," 2,042 "," 25,844,847 ", 1 
 COD , Rural ," 2,042 "," 88,860,840 ", 0 
 COD , Urban ," 2,042 "," 92,489,565 ", 1 
 COG , Rural ," 2,042 "," 2,598,782 ", 0 
 COG , Urban ," 2,042 "," 6,867,978 ", 1 
 COM , Rural ," 2,042 "," 668,915 ", 1 
 COM , Urban ," 2,042 "," 499,597 ", 0 
 CPV , Rural ," 2,042 "," 54,848 ", 0 
 CPV , Urban ," 2,042 "," 505,289 ", 1 
 ERI , Rural ," 2,042 "," 3,177,865 ", 1 
 ERI , Urban ," 2,042 "," 1,861,436 ", 0 
 ETH , Rural ," 2,042 "," 134,082,567 ", 1 
 ETH , Urban ," 2,042 "," 61,612,737 ", 0 
 GAB , Rural ," 2,042 "," 188,335 ", 0 
 GAB , Urban ," 2,042 "," 3,389,406 ", 1 
 GHA , Rural ," 2,042 "," 14,363,044 ", 0 
 GHA , Urban ," 2,042 "," 31,445,555 ", 1 
 GIN , Rural ," 2,042 "," 10,543,722 ", 1 
 GIN , Urban ," 2,042 "," 10,286,930 ", 0 
 GMB , Rural ," 2,042 "," 880,422 ", 0 
 GMB , Urban ," 2,042 "," 2,970,114 ", 1 
 GNB , Rural ," 2,042 "," 1,558,593 ", 1 
 GNB , Urban ," 2,042 "," 1,504,577 ", 0 
 GNQ , Rural ," 2,042 "," 721,398 ", 0 
 GNQ , Urban ," 2,042 "," 2,043,378 ", 1 
 KEN , Rural ," 2,042 "," 41,459,863 ", 1 
 KEN , Urban ," 2,042 "," 34,701,861 ", 0 
 LBR , Rural ," 2,042 "," 2,726,667 ", 0 
 LBR , Urban ," 2,042 "," 5,227,509 ", 1 
 LSO , Rural ," 2,042 "," 1,128,079 ", 0 
 LSO , Urban ," 2,042 "," 1,680,465 ", 1 
 MDG , Rural ," 2,042 "," 26,630,625 ", 1 
 MDG , Urban ," 2,042 "," 19,878,189 ", 0 
 MLI , Rural ," 2,042 "," 22,457,954 ", 1 
 MLI , Urban ," 2,042 "," 16,693,324 ", 0 
 MOZ , Rural ," 2,042 "," 27,660,301 ", 1 
 MOZ , Urban ," 2,042 "," 26,763,105 ", 0 
 MRT , Rural ," 2,042 "," 2,103,774 ", 0 
 MRT , Urban ," 2,042 "," 5,916,710 ", 1 
 MUS , Rural ," 2,042 "," 696,862 ", 1 
 MUS , Urban ," 2,042 "," 483,134 ", 0 
 MWI , Rural ," 2,042 "," 23,514,981 ", 1 
 MWI , Urban ," 2,042 "," 9,002,526 ", 0 
 NAM , Rural ," 2,042 "," 1,727,746 ", 0 
 NAM , Urban ," 2,042 "," 2,345,611 ", 1 
 NER , Rural ," 2,042 "," 32,150,014 ", 1 
 NER , Urban ," 2,042 "," 12,176,108 ", 0 
 NGA , Rural ," 2,042 "," 73,539,490 ", 0 
 NGA , Urban ," 2,042 "," 248,910,819 ", 1 
 RWA , Rural ," 2,042 "," 10,557,981 ", 1 
 RWA , Urban ," 2,042 "," 9,596,004 ", 0 
 SDN , Rural ," 2,042 "," 47,904,394 ", 1 
 SDN , Urban ," 2,042 "," 26,483,166 ", 0 
 SEN , Rural ," 2,042 "," 9,950,094 ", 0 
 SEN , Urban ," 2,042 "," 16,766,339 ", 1 
 SLE , Rural ," 2,042 "," 5,016,524 ", 0 
 SLE , Urban ," 2,042 "," 6,712,268 ", 1 
 SOM , Rural ," 2,042 "," 12,341,931 ", 0 
 SOM , Urban ," 2,042 "," 19,008,104 ", 1 
 SSA , Rural ," 2,042 "," 869,151,946 ", 0 
 SSA , Urban ," 2,042 "," 1,028,638,502 ", 1 
 SSD , Rural ," 2,042 "," 12,010,714 ", 1 
 SSD , Urban ," 2,042 "," 4,582,649 ", 0 
 STP , Rural ," 2,042 "," 65,862 ", 0 
 STP , Urban ," 2,042 "," 260,035 ", 1 
 SWZ , Rural ," 2,042 "," 972,471 ", 1 
 SWZ , Urban ," 2,042 "," 475,639 ", 0 
 SYC , Rural ," 2,042 "," 73,016 ", 1 
 SYC , Urban ," 2,042 "," 69,604 ", 0 
 TCD , Rural ," 2,042 "," 18,739,835 ", 1 
 TCD , Urban ," 2,042 "," 14,037,838 ", 0 
 TGO , Rural ," 2,042 "," 5,838,891 ", 0 
 TGO , Urban ," 2,042 "," 7,766,085 ", 1 
 TZA , Rural ," 2,042 "," 51,628,069 ", 0 
 TZA , Urban ," 2,042 "," 57,298,208 ", 1 
 UGA , Rural ," 2,042 "," 44,089,840 ", 1 
 UGA , Urban ," 2,042 "," 30,640,164 ", 0 
 ZAF , Rural ," 2,042 "," 24,118,593 ", 0 
 ZAF , Urban ," 2,042 "," 50,993,308 ", 1 
 ZMB , Rural ," 2,042 "," 14,976,732 ", 0 
 ZMB , Urban ," 2,042 "," 17,879,871 ", 1 
 ZWE , Rural ," 2,042 "," 11,319,724 ", 0 
 ZWE , Urban ," 2,042 "," 11,681,170 ", 1 
 AFE , Rural ," 2,043 "," 607,344,397 ", 1 
 AFE , Urban ," 2,043 "," 560,566,356 ", 0 
 AFW , Rural ," 2,043 "," 266,251,096 ", 0 
 AFW , Urban ," 2,043 "," 498,470,055 ", 1 
 AGO , Rural ," 2,043 "," 8,539,084 ", 0 
 AGO , Urban ," 2,043 "," 54,891,794 ", 1 
 BDI , Rural ," 2,043 "," 12,921,813 ", 1 
 BDI , Urban ," 2,043 "," 8,449,035 ", 0 
 BEN , Rural ," 2,043 "," 6,274,955 ", 0 
 BEN , Urban ," 2,043 "," 15,368,682 ", 1 
 BFA , Rural ," 2,043 "," 18,365,384 ", 1 
 BFA , Urban ," 2,043 "," 15,423,214 ", 0 
 BWA , Rural ," 2,043 "," 884,359 ", 0 
 BWA , Urban ," 2,043 "," 2,338,208 ", 1 
 CAF , Rural ," 2,043 "," 4,308,762 ", 0 
 CAF , Urban ," 2,043 "," 4,826,234 ", 1 
 CIV , Rural ," 2,043 "," 16,172,039 ", 0 
 CIV , Urban ," 2,043 "," 32,528,626 ", 1 
 CMR , Rural ," 2,043 "," 18,453,763 ", 0 
 CMR , Urban ," 2,043 "," 26,404,038 ", 1 
 COD , Rural ," 2,043 "," 90,445,325 ", 0 
 COD , Urban ," 2,043 "," 95,359,839 ", 1 
 COG , Rural ," 2,043 "," 2,582,883 ", 0 
 COG , Urban ," 2,043 "," 7,075,959 ", 1 
 COM , Rural ," 2,043 "," 671,422 ", 1 
 COM , Urban ," 2,043 "," 514,537 ", 0 
 CPV , Rural ," 2,043 "," 51,745 ", 0 
 CPV , Urban ," 2,043 "," 509,602 ", 1 
 ERI , Rural ," 2,043 "," 3,213,565 ", 1 
 ERI , Urban ," 2,043 "," 1,910,700 ", 0 
 ETH , Rural ," 2,043 "," 135,894,103 ", 1 
 ETH , Urban ," 2,043 "," 63,453,883 ", 0 
 GAB , Rural ," 2,043 "," 188,761 ", 0 
 GAB , Urban ," 2,043 "," 3,451,800 ", 1 
 GHA , Rural ," 2,043 "," 14,283,159 ", 0 
 GHA , Urban ," 2,043 "," 32,138,806 ", 1 
 GIN , Rural ," 2,043 "," 10,531,619 ", 0 
 GIN , Urban ," 2,043 "," 10,631,880 ", 1 
 GMB , Rural ," 2,043 "," 885,321 ", 0 
 GMB , Urban ," 2,043 "," 3,023,705 ", 1 
 GNB , Rural ," 2,043 "," 1,580,825 ", 1 
 GNB , Urban ," 2,043 "," 1,529,105 ", 0 
 GNQ , Rural ," 2,043 "," 732,472 ", 0 
 GNQ , Urban ," 2,043 "," 2,081,301 ", 1 
 KEN , Rural ," 2,043 "," 41,075,934 ", 1 
 KEN , Urban ," 2,043 "," 36,083,190 ", 0 
 LBR , Rural ," 2,043 "," 2,720,818 ", 0 
 LBR , Urban ," 2,043 "," 5,356,344 ", 1 
 LSO , Rural ," 2,043 "," 1,116,251 ", 0 
 LSO , Urban ," 2,043 "," 1,717,009 ", 1 
 MDG , Rural ," 2,043 "," 26,786,982 ", 1 
 MDG , Urban ," 2,043 "," 20,555,313 ", 0 
 MLI , Rural ," 2,043 "," 22,710,754 ", 1 
 MLI , Urban ," 2,043 "," 17,315,570 ", 0 
 MOZ , Rural ," 2,043 "," 27,942,600 ", 1 
 MOZ , Urban ," 2,043 "," 27,632,112 ", 0 
 MRT , Rural ," 2,043 "," 2,108,008 ", 0 
 MRT , Urban ," 2,043 "," 6,084,541 ", 1 
 MUS , Rural ," 2,043 "," 689,501 ", 1 
 MUS , Urban ," 2,043 "," 482,362 ", 0 
 MWI , Rural ," 2,043 "," 23,676,904 ", 1 
 MWI , Urban ," 2,043 "," 9,445,587 ", 0 
 NAM , Rural ," 2,043 "," 1,739,090 ", 0 
 NAM , Urban ," 2,043 "," 2,390,480 ", 1 
 NER , Rural ," 2,043 "," 32,552,933 ", 1 
 NER , Urban ," 2,043 "," 12,784,322 ", 0 
 NGA , Rural ," 2,043 "," 72,088,196 ", 0 
 NGA , Urban ," 2,043 "," 255,155,743 ", 1 
 RWA , Rural ," 2,043 "," 10,550,076 ", 1 
 RWA , Urban ," 2,043 "," 9,950,759 ", 0 
 SDN , Rural ," 2,043 "," 48,753,299 ", 1 
 SDN , Urban ," 2,043 "," 26,970,364 ", 0 
 SEN , Rural ," 2,043 "," 10,056,982 ", 0 
 SEN , Urban ," 2,043 "," 17,117,917 ", 1 
 SLE , Rural ," 2,043 "," 4,993,094 ", 0 
 SLE , Urban ," 2,043 "," 6,894,843 ", 1 
 SOM , Rural ," 2,043 "," 12,575,714 ", 0 
 SOM , Urban ," 2,043 "," 19,482,272 ", 1 
 SSA , Rural ," 2,043 "," 873,595,493 ", 0 
 SSA , Urban ," 2,043 "," 1,059,036,411 ", 1 
 SSD , Rural ," 2,043 "," 12,115,548 ", 1 
 SSD , Urban ," 2,043 "," 4,713,659 ", 0 
 STP , Rural ," 2,043 "," 63,698 ", 0 
 STP , Urban ," 2,043 "," 267,219 ", 1 
 SWZ , Rural ," 2,043 "," 974,733 ", 1 
 SWZ , Urban ," 2,043 "," 481,716 ", 0 
 SYC , Rural ," 2,043 "," 72,733 ", 1 
 SYC , Urban ," 2,043 "," 69,885 ", 0 
 TCD , Rural ," 2,043 "," 18,790,323 ", 1 
 TCD , Urban ," 2,043 "," 14,734,921 ", 0 
 TGO , Rural ," 2,043 "," 5,818,299 ", 0 
 TGO , Urban ," 2,043 "," 8,032,903 ", 1 
 TZA , Rural ," 2,043 "," 51,547,978 ", 0 
 TZA , Urban ," 2,043 "," 59,885,816 ", 1 
 UGA , Rural ," 2,043 "," 44,617,741 ", 1 
 UGA , Urban ," 2,043 "," 31,473,249 ", 0 
 ZAF , Rural ," 2,043 "," 24,028,277 ", 0 
 ZAF , Urban ," 2,043 "," 51,613,236 ", 1 
 ZMB , Rural ," 2,043 "," 15,088,120 ", 0 
 ZMB , Urban ," 2,043 "," 18,422,392 ", 1 
 ZWE , Rural ," 2,043 "," 11,359,545 ", 0 
 ZWE , Urban ," 2,043 "," 12,011,742 ", 1 
 AFE , Rural ," 2,044 "," 612,234,280 ", 1 
 AFE , Urban ," 2,044 "," 577,634,060 ", 0 
 AFW , Rural ," 2,044 "," 265,364,194 ", 0 
 AFW , Urban ," 2,044 "," 512,260,438 ", 1 
 AGO , Rural ," 2,044 "," 8,175,956 ", 0 
 AGO , Urban ," 2,044 "," 56,769,342 ", 1 
 BDI , Rural ," 2,044 "," 13,021,018 ", 1 
 BDI , Urban ," 2,044 "," 8,764,674 ", 0 
 BEN , Rural ," 2,044 "," 6,137,322 ", 0 
 BEN , Urban ," 2,044 "," 15,905,249 ", 1 
 BFA , Rural ," 2,044 "," 18,224,821 ", 1 
 BFA , Urban ," 2,044 "," 16,086,915 ", 0 
 BWA , Rural ," 2,044 "," 889,437 ", 0 
 BWA , Urban ," 2,044 "," 2,364,578 ", 1 
 CAF , Rural ," 2,044 "," 4,360,062 ", 0 
 CAF , Urban ," 2,044 "," 4,981,700 ", 1 
 CIV , Rural ," 2,044 "," 16,111,286 ", 0 
 CIV , Urban ," 2,044 "," 33,597,760 ", 1 
 CMR , Rural ," 2,044 "," 18,780,531 ", 0 
 CMR , Urban ," 2,044 "," 26,960,943 ", 1 
 COD , Rural ," 2,044 "," 92,031,981 ", 0 
 COD , Urban ," 2,044 "," 98,280,021 ", 1 
 COG , Rural ," 2,044 "," 2,562,270 ", 0 
 COG , Urban ," 2,044 "," 7,288,237 ", 1 
 COM , Rural ," 2,044 "," 673,641 ", 1 
 COM , Urban ," 2,044 "," 529,903 ", 0 
 CPV , Rural ," 2,044 "," 48,752 ", 0 
 CPV , Urban ," 2,044 "," 513,711 ", 1 
 ERI , Rural ," 2,044 "," 3,246,213 ", 1 
 ERI , Urban ," 2,044 "," 1,961,657 ", 0 
 ETH , Rural ," 2,044 "," 137,716,797 ", 1 
 ETH , Urban ," 2,044 "," 65,297,574 ", 0 
 GAB , Rural ," 2,044 "," 189,458 ", 0 
 GAB , Urban ," 2,044 "," 3,514,336 ", 1 
 GHA , Rural ," 2,044 "," 14,193,717 ", 0 
 GHA , Urban ," 2,044 "," 32,836,641 ", 1 
 GIN , Rural ," 2,044 "," 10,506,147 ", 0 
 GIN , Urban ," 2,044 "," 10,985,904 ", 1 
 GMB , Rural ," 2,044 "," 891,036 ", 0 
 GMB , Urban ," 2,044 "," 3,075,877 ", 1 
 GNB , Rural ," 2,044 "," 1,603,241 ", 1 
 GNB , Urban ," 2,044 "," 1,553,471 ", 0 
 GNQ , Rural ," 2,044 "," 743,649 ", 0 
 GNQ , Urban ," 2,044 "," 2,118,870 ", 1 
 KEN , Rural ," 2,044 "," 40,625,165 ", 1 
 KEN , Urban ," 2,044 "," 37,509,815 ", 0 
 LBR , Rural ," 2,044 "," 2,711,233 ", 0 
 LBR , Urban ," 2,044 "," 5,482,893 ", 1 
 LSO , Rural ," 2,044 "," 1,104,334 ", 0 
 LSO , Urban ," 2,044 "," 1,753,170 ", 1 
 MDG , Rural ," 2,044 "," 26,927,844 ", 1 
 MDG , Urban ," 2,044 "," 21,248,760 ", 0 
 MLI , Rural ," 2,044 "," 22,952,829 ", 1 
 MLI , Urban ," 2,044 "," 17,949,674 ", 0 
 MOZ , Rural ," 2,044 "," 28,221,590 ", 0 
 MOZ , Urban ," 2,044 "," 28,494,994 ", 1 
 MRT , Rural ," 2,044 "," 2,113,335 ", 0 
 MRT , Urban ," 2,044 "," 6,251,847 ", 1 
 MUS , Rural ," 2,044 "," 681,831 ", 1 
 MUS , Urban ," 2,044 "," 481,578 ", 0 
 MWI , Rural ," 2,044 "," 23,827,292 ", 1 
 MWI , Urban ," 2,044 "," 9,909,236 ", 0 
 NAM , Rural ," 2,044 "," 1,750,801 ", 0 
 NAM , Urban ," 2,044 "," 2,435,303 ", 1 
 NER , Rural ," 2,044 "," 32,935,385 ", 1 
 NER , Urban ," 2,044 "," 13,417,777 ", 0 
 NGA , Rural ," 2,044 "," 70,555,597 ", 0 
 NGA , Urban ," 2,044 "," 261,427,761 ", 1 
 RWA , Rural ," 2,044 "," 10,531,992 ", 1 
 RWA , Urban ," 2,044 "," 10,305,091 ", 0 
 SDN , Rural ," 2,044 "," 49,607,778 ", 1 
 SDN , Urban ," 2,044 "," 27,458,677 ", 0 
 SEN , Rural ," 2,044 "," 10,168,734 ", 0 
 SEN , Urban ," 2,044 "," 17,464,264 ", 1 
 SLE , Rural ," 2,044 "," 4,966,723 ", 0 
 SLE , Urban ," 2,044 "," 7,082,703 ", 1 
 SOM , Rural ," 2,044 "," 12,819,246 ", 0 
 SOM , Urban ," 2,044 "," 19,961,183 ", 1 
 SSA , Rural ," 2,044 "," 877,598,473 ", 0 
 SSA , Urban ," 2,044 "," 1,089,894,499 ", 1 
 SSD , Rural ," 2,044 "," 12,214,220 ", 1 
 SSD , Urban ," 2,044 "," 4,845,954 ", 0 
 STP , Rural ," 2,044 "," 61,306 ", 0 
 STP , Urban ," 2,044 "," 274,622 ", 1 
 SWZ , Rural ," 2,044 "," 976,990 ", 1 
 SWZ , Urban ," 2,044 "," 487,380 ", 0 
 SYC , Rural ," 2,044 "," 72,431 ", 1 
 SYC , Urban ," 2,044 "," 70,151 ", 0 
 TCD , Rural ," 2,044 "," 18,816,507 ", 1 
 TCD , Urban ," 2,044 "," 15,455,814 ", 0 
 TGO , Rural ," 2,044 "," 5,791,558 ", 0 
 TGO , Urban ," 2,044 "," 8,308,092 ", 1 
 TZA , Rural ," 2,044 "," 51,394,492 ", 0 
 TZA , Urban ," 2,044 "," 62,571,780 ", 1 
 UGA , Rural ," 2,044 "," 45,152,774 ", 1 
 UGA , Urban ," 2,044 "," 32,296,747 ", 0 
 ZAF , Rural ," 2,044 "," 23,924,347 ", 0 
 ZAF , Urban ," 2,044 "," 52,240,113 ", 1 
 ZMB , Rural ," 2,044 "," 15,190,589 ", 0 
 ZMB , Urban ," 2,044 "," 18,975,345 ", 1 
 ZWE , Rural ," 2,044 "," 11,394,217 ", 0 
 ZWE , Urban ," 2,044 "," 12,346,410 ", 1 
 AFE , Rural ," 2,045 "," 616,875,996 ", 1 
 AFE , Urban ," 2,045 "," 594,955,009 ", 0 
 AFW , Rural ," 2,045 "," 264,253,079 ", 0 
 AFW , Urban ," 2,045 "," 526,217,562 ", 1 
 AGO , Rural ," 2,045 "," 7,784,139 ", 0 
 AGO , Urban ," 2,045 "," 58,680,190 ", 1 
 BDI , Rural ," 2,045 "," 13,114,922 ", 1 
 BDI , Urban ," 2,045 "," 9,082,965 ", 0 
 BEN , Rural ," 2,045 "," 5,986,988 ", 0 
 BEN , Urban ," 2,045 "," 16,456,658 ", 1 
 BFA , Rural ," 2,045 "," 18,058,462 ", 1 
 BFA , Urban ," 2,045 "," 16,771,228 ", 0 
 BWA , Rural ," 2,045 "," 894,888 ", 0 
 BWA , Urban ," 2,045 "," 2,390,413 ", 1 
 CAF , Rural ," 2,045 "," 4,410,019 ", 0 
 CAF , Urban ," 2,045 "," 5,140,874 ", 1 
 CIV , Rural ," 2,045 "," 16,027,292 ", 0 
 CIV , Urban ," 2,045 "," 34,688,775 ", 1 
 CMR , Rural ," 2,045 "," 19,112,642 ", 0 
 CMR , Urban ," 2,045 "," 27,516,397 ", 1 
 COD , Rural ," 2,045 "," 93,618,138 ", 0 
 COD , Urban ," 2,045 "," 101,247,241 ", 1 
 COG , Rural ," 2,045 "," 2,536,956 ", 0 
 COG , Urban ," 2,045 "," 7,504,945 ", 1 
 COM , Rural ," 2,045 "," 675,456 ", 1 
 COM , Urban ," 2,045 "," 545,616 ", 0 
 CPV , Rural ," 2,045 "," 45,878 ", 0 
 CPV , Urban ," 2,045 "," 517,598 ", 1 
 ERI , Rural ," 2,045 "," 3,277,322 ", 1 
 ERI , Urban ," 2,045 "," 2,015,446 ", 0 
 ETH , Rural ," 2,045 "," 139,539,141 ", 1 
 ETH , Urban ," 2,045 "," 67,134,498 ", 0 
 GAB , Rural ," 2,045 "," 190,445 ", 0 
 GAB , Urban ," 2,045 "," 3,576,984 ", 1 
 GHA , Rural ," 2,045 "," 14,094,905 ", 0 
 GHA , Urban ," 2,045 "," 33,539,369 ", 1 
 GIN , Rural ," 2,045 "," 10,467,537 ", 0 
 GIN , Urban ," 2,045 "," 11,349,708 ", 1 
 GMB , Rural ," 2,045 "," 897,595 ", 0 
 GMB , Urban ," 2,045 "," 3,126,642 ", 1 
 GNB , Rural ," 2,045 "," 1,626,217 ", 1 
 GNB , Urban ," 2,045 "," 1,578,032 ", 0 
 GNQ , Rural ," 2,045 "," 754,994 ", 0 
 GNQ , Urban ," 2,045 "," 2,156,241 ", 1 
 KEN , Rural ," 2,045 "," 40,107,649 ", 1 
 KEN , Urban ," 2,045 "," 38,981,187 ", 0 
 LBR , Rural ," 2,045 "," 2,699,812 ", 0 
 LBR , Urban ," 2,045 "," 5,610,832 ", 1 
 LSO , Rural ," 2,045 "," 1,092,385 ", 0 
 LSO , Urban ," 2,045 "," 1,788,954 ", 1 
 MDG , Rural ," 2,045 "," 27,052,797 ", 1 
 MDG , Urban ," 2,045 "," 21,958,477 ", 0 
 MLI , Rural ," 2,045 "," 23,183,657 ", 1 
 MLI , Urban ," 2,045 "," 18,595,325 ", 0 
 MOZ , Rural ," 2,045 "," 28,500,375 ", 0 
 MOZ , Urban ," 2,045 "," 29,351,418 ", 1 
 MRT , Rural ," 2,045 "," 2,120,042 ", 0 
 MRT , Urban ," 2,045 "," 6,418,489 ", 1 
 MUS , Rural ," 2,045 "," 673,869 ", 1 
 MUS , Urban ," 2,045 "," 480,790 ", 0 
 MWI , Rural ," 2,045 "," 23,959,612 ", 1 
 MWI , Urban ," 2,045 "," 10,391,342 ", 0 
 NAM , Rural ," 2,045 "," 1,763,082 ", 0 
 NAM , Urban ," 2,045 "," 2,480,268 ", 1 
 NER , Rural ," 2,045 "," 33,296,996 ", 1 
 NER , Urban ," 2,045 "," 14,077,121 ", 0 
 NGA , Rural ," 2,045 "," 68,941,987 ", 0 
 NGA , Urban ," 2,045 "," 267,720,515 ", 1 
 RWA , Rural ," 2,045 "," 10,499,142 ", 0 
 RWA , Urban ," 2,045 "," 10,653,516 ", 1 
 SDN , Rural ," 2,045 "," 50,467,384 ", 1 
 SDN , Urban ," 2,045 "," 27,947,819 ", 0 
 SEN , Rural ," 2,045 "," 10,285,611 ", 0 
 SEN , Urban ," 2,045 "," 17,804,088 ", 1 
 SLE , Rural ," 2,045 "," 4,935,518 ", 0 
 SLE , Urban ," 2,045 "," 7,273,362 ", 1 
 SOM , Rural ," 2,045 "," 13,069,972 ", 0 
 SOM , Urban ," 2,045 "," 20,440,194 ", 1 
 SSA , Rural ," 2,045 "," 881,129,075 ", 0 
 SSA , Urban ," 2,045 "," 1,121,172,571 ", 1 
 SSD , Rural ," 2,045 "," 12,306,856 ", 1 
 SSD , Urban ," 2,045 "," 4,979,554 ", 0 
 STP , Rural ," 2,045 "," 58,678 ", 0 
 STP , Urban ," 2,045 "," 282,248 ", 1 
 SWZ , Rural ," 2,045 "," 979,445 ", 1 
 SWZ , Urban ," 2,045 "," 492,692 ", 0 
 SYC , Rural ," 2,045 "," 72,118 ", 1 
 SYC , Urban ," 2,045 "," 70,406 ", 0 
 TCD , Rural ," 2,045 "," 18,822,182 ", 1 
 TCD , Urban ," 2,045 "," 16,204,211 ", 0 
 TGO , Rural ," 2,045 "," 5,757,343 ", 0 
 TGO , Urban ," 2,045 "," 8,590,169 ", 1 
 TZA , Rural ," 2,045 "," 51,165,596 ", 0 
 TZA , Urban ," 2,045 "," 65,359,877 ", 1 
 UGA , Rural ," 2,045 "," 45,692,109 ", 1 
 UGA , Urban ," 2,045 "," 33,105,883 ", 0 
 ZAF , Rural ," 2,045 "," 23,807,086 ", 0 
 ZAF , Urban ," 2,045 "," 52,874,364 ", 1 
 ZMB , Rural ," 2,045 "," 15,283,182 ", 0 
 ZMB , Urban ," 2,045 "," 19,537,924 ", 1 
 ZWE , Rural ," 2,045 "," 11,420,651 ", 0 
 ZWE , Urban ," 2,045 "," 12,681,729 ", 1 
 AFE , Rural ," 2,046 "," 621,276,507 ", 1 
 AFE , Urban ," 2,046 "," 612,542,803 ", 0 
 AFW , Rural ," 2,046 "," 262,913,958 ", 0 
 AFW , Urban ," 2,046 "," 540,335,682 ", 1 
 AGO , Rural ," 2,046 "," 7,364,643 ", 0 
 AGO , Urban ," 2,046 "," 60,635,955 ", 1 
 BDI , Rural ," 2,046 "," 13,191,345 ", 1 
 BDI , Urban ," 2,046 "," 9,394,863 ", 0 
 BEN , Rural ," 2,046 "," 5,823,471 ", 0 
 BEN , Urban ," 2,046 "," 17,022,725 ", 1 
 BFA , Rural ," 2,046 "," 17,864,735 ", 1 
 BFA , Urban ," 2,046 "," 17,474,768 ", 0 
 BWA , Rural ," 2,046 "," 900,892 ", 0 
 BWA , Urban ," 2,046 "," 2,416,110 ", 1 
 CAF , Rural ," 2,046 "," 4,458,135 ", 0 
 CAF , Urban ," 2,046 "," 5,303,309 ", 1 
 CIV , Rural ," 2,046 "," 15,918,466 ", 0 
 CIV , Urban ," 2,046 "," 35,799,590 ", 1 
 CMR , Rural ," 2,046 "," 19,449,848 ", 0 
 CMR , Urban ," 2,046 "," 28,069,190 ", 1 
 COD , Rural ," 2,046 "," 95,203,473 ", 0 
 COD , Urban ," 2,046 "," 104,261,011 ", 1 
 COG , Rural ," 2,046 "," 2,507,252 ", 0 
 COG , Urban ," 2,046 "," 7,727,120 ", 1 
 COM , Rural ," 2,046 "," 676,814 ", 1 
 COM , Urban ," 2,046 "," 561,641 ", 0 
 CPV , Rural ," 2,046 "," 43,126 ", 0 
 CPV , Urban ," 2,046 "," 521,228 ", 1 
 ERI , Rural ," 2,046 "," 3,304,890 ", 1 
 ERI , Urban ," 2,046 "," 2,071,078 ", 0 
 ETH , Rural ," 2,046 "," 141,372,077 ", 1 
 ETH , Urban ," 2,046 "," 68,965,771 ", 0 
 GAB , Rural ," 2,046 "," 191,735 ", 0 
 GAB , Urban ," 2,046 "," 3,639,475 ", 1 
 GHA , Rural ," 2,046 "," 13,986,141 ", 0 
 GHA , Urban ," 2,046 "," 34,245,469 ", 1 
 GIN , Rural ," 2,046 "," 10,416,769 ", 0 
 GIN , Urban ," 2,046 "," 11,724,916 ", 1 
 GMB , Rural ," 2,046 "," 905,007 ", 0 
 GMB , Urban ," 2,046 "," 3,175,963 ", 1 
 GNB , Rural ," 2,046 "," 1,649,211 ", 1 
 GNB , Urban ," 2,046 "," 1,602,257 ", 0 
 GNQ , Rural ," 2,046 "," 766,303 ", 0 
 GNQ , Urban ," 2,046 "," 2,192,793 ", 1 
 KEN , Rural ," 2,046 "," 39,524,648 ", 0 
 KEN , Urban ," 2,046 "," 40,497,727 ", 1 
 LBR , Rural ," 2,046 "," 2,687,246 ", 0 
 LBR , Urban ," 2,046 "," 5,741,664 ", 1 
 LSO , Rural ," 2,046 "," 1,080,448 ", 0 
 LSO , Urban ," 2,046 "," 1,824,336 ", 1 
 MDG , Rural ," 2,046 "," 27,161,824 ", 1 
 MDG , Urban ," 2,046 "," 22,684,703 ", 0 
 MLI , Rural ," 2,046 "," 23,403,131 ", 1 
 MLI , Urban ," 2,046 "," 19,252,514 ", 0 
 MOZ , Rural ," 2,046 "," 28,781,074 ", 0 
 MOZ , Urban ," 2,046 "," 30,200,034 ", 1 
 MRT , Rural ," 2,046 "," 2,128,553 ", 0 
 MRT , Urban ," 2,046 "," 6,584,707 ", 1 
 MUS , Rural ," 2,046 "," 665,616 ", 1 
 MUS , Urban ," 2,046 "," 479,992 ", 0 
 MWI , Rural ," 2,046 "," 24,069,370 ", 1 
 MWI , Urban ," 2,046 "," 10,890,241 ", 0 
 NAM , Rural ," 2,046 "," 1,775,420 ", 0 
 NAM , Urban ," 2,046 "," 2,524,541 ", 1 
 NER , Rural ," 2,046 "," 33,635,725 ", 1 
 NER , Urban ," 2,046 "," 14,762,276 ", 0 
 NGA , Rural ," 2,046 "," 67,249,120 ", 0 
 NGA , Urban ," 2,046 "," 274,032,643 ", 1 
 RWA , Rural ," 2,046 "," 10,457,858 ", 0 
 RWA , Urban ," 2,046 "," 11,001,298 ", 1 
 SDN , Rural ," 2,046 "," 51,330,440 ", 1 
 SDN , Urban ," 2,046 "," 28,436,828 ", 0 
 SEN , Rural ," 2,046 "," 10,408,741 ", 0 
 SEN , Urban ," 2,046 "," 18,137,543 ", 1 
 SLE , Rural ," 2,046 "," 4,898,333 ", 0 
 SLE , Urban ," 2,046 "," 7,465,125 ", 1 
 SOM , Rural ," 2,046 "," 13,328,496 ", 0 
 SOM , Urban ," 2,046 "," 20,919,536 ", 1 
 SSA , Rural ," 2,046 "," 884,190,465 ", 0 
 SSA , Urban ," 2,046 "," 1,152,878,485 ", 1 
 SSD , Rural ," 2,046 "," 12,394,738 ", 1 
 SSD , Urban ," 2,046 "," 5,114,958 ", 0 
 STP , Rural ," 2,046 "," 55,806 ", 0 
 STP , Urban ," 2,046 "," 290,082 ", 1 
 SWZ , Rural ," 2,046 "," 982,030 ", 1 
 SWZ , Urban ," 2,046 "," 497,581 ", 0 
 SYC , Rural ," 2,046 "," 71,790 ", 1 
 SYC , Urban ," 2,046 "," 70,646 ", 0 
 TCD , Rural ," 2,046 "," 18,807,191 ", 1 
 TCD , Urban ," 2,046 "," 16,980,876 ", 0 
 TGO , Rural ," 2,046 "," 5,715,721 ", 0 
 TGO , Urban ," 2,046 "," 8,879,529 ", 1 
 TZA , Rural ," 2,046 "," 50,857,657 ", 0 
 TZA , Urban ," 2,046 "," 68,252,018 ", 1 
 UGA , Rural ," 2,046 "," 46,239,025 ", 1 
 UGA , Urban ," 2,046 "," 33,900,150 ", 0 
 ZAF , Rural ," 2,046 "," 23,678,725 ", 0 
 ZAF , Urban ," 2,046 "," 53,520,823 ", 1 
 ZMB , Rural ," 2,046 "," 15,365,654 ", 0 
 ZMB , Urban ," 2,046 "," 20,110,156 ", 1 
 ZWE , Rural ," 2,046 "," 11,441,755 ", 0 
 ZWE , Urban ," 2,046 "," 13,020,723 ", 1 
 AFE , Rural ," 2,047 "," 625,470,676 ", 0 
 AFE , Urban ," 2,047 "," 630,415,699 ", 1 
 AFW , Rural ," 2,047 "," 261,342,306 ", 0 
 AFW , Urban ," 2,047 "," 554,611,270 ", 1 
 AGO , Rural ," 2,047 "," 6,916,775 ", 0 
 AGO , Urban ," 2,047 "," 62,637,395 ", 1 
 BDI , Rural ," 2,047 "," 13,262,139 ", 1 
 BDI , Urban ," 2,047 "," 9,707,926 ", 0 
 BEN , Rural ," 2,047 "," 5,645,243 ", 0 
 BEN , Urban ," 2,047 "," 17,599,896 ", 1 
 BFA , Rural ," 2,047 "," 17,644,198 ", 0 
 BFA , Urban ," 2,047 "," 18,197,980 ", 1 
 BWA , Rural ," 2,047 "," 907,305 ", 0 
 BWA , Urban ," 2,047 "," 2,441,195 ", 1 
 CAF , Rural ," 2,047 "," 4,504,062 ", 0 
 CAF , Urban ," 2,047 "," 5,468,702 ", 1 
 CIV , Rural ," 2,047 "," 15,786,366 ", 0 
 CIV , Urban ," 2,047 "," 36,935,097 ", 1 
 CMR , Rural ," 2,047 "," 19,793,450 ", 0 
 CMR , Urban ," 2,047 "," 28,620,333 ", 1 
 COD , Rural ," 2,047 "," 96,786,464 ", 0 
 COD , Urban ," 2,047 "," 107,319,463 ", 1 
 COG , Rural ," 2,047 "," 2,473,108 ", 0 
 COG , Urban ," 2,047 "," 7,954,804 ", 1 
 COM , Rural ," 2,047 "," 677,723 ", 1 
 COM , Urban ," 2,047 "," 577,988 ", 0 
 CPV , Rural ," 2,047 "," 40,499 ", 0 
 CPV , Urban ," 2,047 "," 524,522 ", 1 
 ERI , Rural ," 2,047 "," 3,328,196 ", 1 
 ERI , Urban ," 2,047 "," 2,128,305 ", 0 
 ETH , Rural ," 2,047 "," 143,229,466 ", 1 
 ETH , Urban ," 2,047 "," 70,794,042 ", 0 
 GAB , Rural ," 2,047 "," 193,336 ", 0 
 GAB , Urban ," 2,047 "," 3,701,510 ", 1 
 GHA , Rural ," 2,047 "," 13,867,802 ", 0 
 GHA , Urban ," 2,047 "," 34,955,657 ", 1 
 GIN , Rural ," 2,047 "," 10,352,485 ", 0 
 GIN , Urban ," 2,047 "," 12,110,627 ", 1 
 GMB , Rural ," 2,047 "," 913,303 ", 0 
 GMB , Urban ," 2,047 "," 3,223,899 ", 1 
 GNB , Rural ," 2,047 "," 1,672,325 ", 1 
 GNB , Urban ," 2,047 "," 1,626,242 ", 0 
 GNQ , Rural ," 2,047 "," 777,444 ", 0 
 GNQ , Urban ," 2,047 "," 2,228,115 ", 1 
 KEN , Rural ," 2,047 "," 38,878,071 ", 0 
 KEN , Urban ," 2,047 "," 42,060,576 ", 1 
 LBR , Rural ," 2,047 "," 2,674,455 ", 0 
 LBR , Urban ," 2,047 "," 5,877,567 ", 1 
 LSO , Rural ," 2,047 "," 1,068,563 ", 0 
 LSO , Urban ," 2,047 "," 1,859,302 ", 1 
 MDG , Rural ," 2,047 "," 27,254,626 ", 1 
 MDG , Urban ," 2,047 "," 23,427,441 ", 0 
 MLI , Rural ," 2,047 "," 23,610,318 ", 1 
 MLI , Urban ," 2,047 "," 19,920,536 ", 0 
 MOZ , Rural ," 2,047 "," 29,071,788 ", 0 
 MOZ , Urban ," 2,047 "," 31,045,807 ", 1 
 MRT , Rural ," 2,047 "," 2,138,914 ", 0 
 MRT , Urban ," 2,047 "," 6,749,567 ", 1 
 MUS , Rural ," 2,047 "," 657,101 ", 1 
 MUS , Urban ," 2,047 "," 479,202 ", 0 
 MWI , Rural ," 2,047 "," 24,160,224 ", 1 
 MWI , Urban ," 2,047 "," 11,407,769 ", 0 
 NAM , Rural ," 2,047 "," 1,787,687 ", 0 
 NAM , Urban ," 2,047 "," 2,567,811 ", 1 
 NER , Rural ," 2,047 "," 33,950,405 ", 1 
 NER , Urban ," 2,047 "," 15,473,451 ", 0 
 NGA , Rural ," 2,047 "," 65,479,204 ", 0 
 NGA , Urban ," 2,047 "," 280,364,805 ", 1 
 RWA , Rural ," 2,047 "," 10,412,337 ", 0 
 RWA , Urban ," 2,047 "," 11,352,252 ", 1 
 SDN , Rural ," 2,047 "," 52,192,195 ", 1 
 SDN , Urban ," 2,047 "," 28,923,044 ", 0 
 SEN , Rural ," 2,047 "," 10,538,523 ", 0 
 SEN , Urban ," 2,047 "," 18,463,480 ", 1 
 SLE , Rural ," 2,047 "," 4,855,066 ", 0 
 SLE , Urban ," 2,047 "," 7,657,690 ", 1 
 SOM , Rural ," 2,047 "," 13,596,009 ", 0 
 SOM , Urban ," 2,047 "," 21,400,373 ", 1 
 SSA , Rural ," 2,047 "," 886,812,982 ", 0 
 SSA , Urban ," 2,047 "," 1,185,026,969 ", 1 
 SSD , Rural ," 2,047 "," 12,476,673 ", 1 
 SSD , Urban ," 2,047 "," 5,251,664 ", 0 
 STP , Rural ," 2,047 "," 52,676 ", 0 
 STP , Urban ," 2,047 "," 298,089 ", 1 
 SWZ , Rural ," 2,047 "," 984,573 ", 1 
 SWZ , Urban ," 2,047 "," 501,921 ", 0 
 SYC , Rural ," 2,047 "," 71,441 ", 1 
 SYC , Urban ," 2,047 "," 70,865 ", 0 
 TCD , Rural ," 2,047 "," 18,765,697 ", 1 
 TCD , Urban ," 2,047 "," 17,781,223 ", 0 
 TGO , Rural ," 2,047 "," 5,666,105 ", 0 
 TGO , Urban ," 2,047 "," 9,175,565 ", 1 
 TZA , Rural ," 2,047 "," 50,468,689 ", 0 
 TZA , Urban ," 2,047 "," 71,252,338 ", 1 
 UGA , Rural ," 2,047 "," 46,798,326 ", 1 
 UGA , Urban ," 2,047 "," 34,680,176 ", 0 
 ZAF , Rural ," 2,047 "," 23,538,619 ", 0 
 ZAF , Urban ," 2,047 "," 54,178,036 ", 1 
 ZMB , Rural ," 2,047 "," 15,437,526 ", 0 
 ZMB , Urban ," 2,047 "," 20,691,757 ", 1 
 ZWE , Rural ," 2,047 "," 11,455,482 ", 0 
 ZWE , Urban ," 2,047 "," 13,360,964 ", 1 
 AFE , Rural ," 2,048 "," 629,436,359 ", 0 
 AFE , Urban ," 2,048 "," 648,538,375 ", 1 
 AFW , Rural ," 2,048 "," 259,546,220 ", 0 
 AFW , Urban ," 2,048 "," 569,048,254 ", 1 
 AGO , Rural ," 2,048 "," 6,439,256 ", 0 
 AGO , Urban ," 2,048 "," 64,679,528 ", 1 
 BDI , Rural ," 2,048 "," 13,332,714 ", 1 
 BDI , Urban ," 2,048 "," 10,025,783 ", 0 
 BEN , Rural ," 2,048 "," 5,452,593 ", 0 
 BEN , Urban ," 2,048 "," 18,189,598 ", 1 
 BFA , Rural ," 2,048 "," 17,396,412 ", 0 
 BFA , Urban ," 2,048 "," 18,940,294 ", 1 
 BWA , Rural ," 2,048 "," 913,965 ", 0 
 BWA , Urban ," 2,048 "," 2,465,147 ", 1 
 CAF , Rural ," 2,048 "," 4,548,275 ", 0 
 CAF , Urban ," 2,048 "," 5,637,742 ", 1 
 CIV , Rural ," 2,048 "," 15,631,705 ", 0 
 CIV , Urban ," 2,048 "," 38,098,891 ", 1 
 CMR , Rural ," 2,048 "," 20,141,962 ", 0 
 CMR , Urban ," 2,048 "," 29,166,803 ", 1 
 COD , Rural ," 2,048 "," 98,364,414 ", 0 
 COD , Urban ," 2,048 "," 110,419,280 ", 1 
 COG , Rural ," 2,048 "," 2,434,227 ", 0 
 COG , Urban ," 2,048 "," 8,187,172 ", 1 
 COM , Rural ," 2,048 "," 678,286 ", 1 
 COM , Urban ," 2,048 "," 594,752 ", 0 
 CPV , Rural ," 2,048 "," 38,006 ", 0 
 CPV , Urban ," 2,048 "," 527,502 ", 1 
 ERI , Rural ," 2,048 "," 3,349,048 ", 1 
 ERI , Urban ," 2,048 "," 2,188,494 ", 0 
 ETH , Rural ," 2,048 "," 145,100,470 ", 1 
 ETH , Urban ," 2,048 "," 72,609,735 ", 0 
 GAB , Rural ," 2,048 "," 195,269 ", 0 
 GAB , Urban ," 2,048 "," 3,763,019 ", 1 
 GHA , Rural ," 2,048 "," 13,739,570 ", 0 
 GHA , Urban ," 2,048 "," 35,668,940 ", 1 
 GIN , Rural ," 2,048 "," 10,273,767 ", 0 
 GIN , Urban ," 2,048 "," 12,506,287 ", 1 
 GMB , Rural ," 2,048 "," 922,473 ", 0 
 GMB , Urban ," 2,048 "," 3,270,376 ", 1 
 GNB , Rural ," 2,048 "," 1,695,724 ", 1 
 GNB , Urban ," 2,048 "," 1,650,140 ", 0 
 GNQ , Rural ," 2,048 "," 788,650 ", 0 
 GNQ , Urban ," 2,048 "," 2,262,841 ", 1 
 KEN , Rural ," 2,048 "," 38,168,322 ", 0 
 KEN , Urban ," 2,048 "," 43,669,342 ", 1 
 LBR , Rural ," 2,048 "," 2,659,480 ", 0 
 LBR , Urban ," 2,048 "," 6,014,468 ", 1 
 LSO , Rural ," 2,048 "," 1,056,703 ", 0 
 LSO , Urban ," 2,048 "," 1,893,710 ", 1 
 MDG , Rural ," 2,048 "," 27,330,794 ", 1 
 MDG , Urban ," 2,048 "," 24,186,558 ", 0 
 MLI , Rural ," 2,048 "," 23,805,801 ", 1 
 MLI , Urban ," 2,048 "," 20,599,919 ", 0 
 MOZ , Rural ," 2,048 "," 29,370,990 ", 0 
 MOZ , Urban ," 2,048 "," 31,883,594 ", 1 
 MRT , Rural ," 2,048 "," 2,151,413 ", 0 
 MRT , Urban ," 2,048 "," 6,912,806 ", 1 
 MUS , Rural ," 2,048 "," 648,340 ", 1 
 MUS , Urban ," 2,048 "," 478,424 ", 0 
 MWI , Rural ," 2,048 "," 24,225,039 ", 1 
 MWI , Urban ," 2,048 "," 11,940,721 ", 0 
 NAM , Rural ," 2,048 "," 1,799,732 ", 0 
 NAM , Urban ," 2,048 "," 2,609,718 ", 1 
 NER , Rural ," 2,048 "," 34,240,914 ", 1 
 NER , Urban ," 2,048 "," 16,211,290 ", 0 
 NGA , Rural ," 2,048 "," 63,633,569 ", 0 
 NGA , Urban ," 2,048 "," 286,714,200 ", 1 
 RWA , Rural ," 2,048 "," 10,370,787 ", 0 
 RWA , Urban ," 2,048 "," 11,715,335 ", 1 
 SDN , Rural ," 2,048 "," 53,055,290 ", 1 
 SDN , Urban ," 2,048 "," 29,407,906 ", 0 
 SEN , Rural ," 2,048 "," 10,675,788 ", 0 
 SEN , Urban ," 2,048 "," 18,781,452 ", 1 
 SLE , Rural ," 2,048 "," 4,806,859 ", 0 
 SLE , Urban ," 2,048 "," 7,852,753 ", 1 
 SOM , Rural ," 2,048 "," 13,868,418 ", 0 
 SOM , Urban ," 2,048 "," 21,875,549 ", 1 
 SSA , Rural ," 2,048 "," 888,982,580 ", 0 
 SSA , Urban ," 2,048 "," 1,217,586,628 ", 1 
 SSD , Rural ," 2,048 "," 12,549,960 ", 1 
 SSD , Urban ," 2,048 "," 5,388,480 ", 0 
 STP , Rural ," 2,048 "," 49,287 ", 0 
 STP , Urban ," 2,048 "," 306,295 ", 1 
 SWZ , Rural ," 2,048 "," 987,259 ", 1 
 SWZ , Urban ," 2,048 "," 505,764 ", 0 
 SYC , Rural ," 2,048 "," 71,078 ", 1 
 SYC , Urban ," 2,048 "," 71,072 ", 0 
 TCD , Rural ," 2,048 "," 18,704,883 ", 1 
 TCD , Urban ," 2,048 "," 18,612,587 ", 0 
 TGO , Rural ," 2,048 "," 5,608,879 ", 0 
 TGO , Urban ," 2,048 "," 9,479,175 ", 1 
 TZA , Rural ," 2,048 "," 49,992,381 ", 0 
 TZA , Urban ," 2,048 "," 74,358,921 ", 1 
 UGA , Rural ," 2,048 "," 47,369,468 ", 1 
 UGA , Urban ," 2,048 "," 35,442,627 ", 0 
 ZAF , Rural ," 2,048 "," 23,381,570 ", 0 
 ZAF , Urban ," 2,048 "," 54,833,752 ", 1 
 ZMB , Rural ," 2,048 "," 15,498,972 ", 0 
 ZMB , Urban ," 2,048 "," 21,283,294 ", 1 
 ZWE , Rural ," 2,048 "," 11,463,816 ", 0 
 ZWE , Urban ," 2,048 "," 13,704,594 ", 1 
 AFE , Rural ," 2,049 "," 633,156,033 ", 0 
 AFE , Urban ," 2,049 "," 666,883,126 ", 1 
 AFW , Rural ," 2,049 "," 257,519,394 ", 0 
 AFW , Urban ," 2,049 "," 583,636,068 ", 1 
 AGO , Rural ," 2,049 "," 5,932,103 ", 0 
 AGO , Urban ," 2,049 "," 66,769,282 ", 1 
 BDI , Rural ," 2,049 "," 13,401,706 ", 1 
 BDI , Urban ," 2,049 "," 10,347,246 ", 0 
 BEN , Rural ," 2,049 "," 5,245,624 ", 0 
 BEN , Urban ," 2,049 "," 18,792,983 ", 1 
 BFA , Rural ," 2,049 "," 17,121,647 ", 0 
 BFA , Urban ," 2,049 "," 19,701,785 ", 1 
 BWA , Rural ," 2,049 "," 920,887 ", 0 
 BWA , Urban ," 2,049 "," 2,487,881 ", 1 
 CAF , Rural ," 2,049 "," 4,590,457 ", 0 
 CAF , Urban ," 2,049 "," 5,810,169 ", 1 
 CIV , Rural ," 2,049 "," 15,452,113 ", 0 
 CIV , Urban ," 2,049 "," 39,287,293 ", 1 
 CMR , Rural ," 2,049 "," 20,495,429 ", 0 
 CMR , Urban ," 2,049 "," 29,707,841 ", 1 
 COD , Rural ," 2,049 "," 99,937,485 ", 0 
 COD , Urban ," 2,049 "," 113,560,207 ", 1 
 COG , Rural ," 2,049 "," 2,390,342 ", 0 
 COG , Urban ," 2,049 "," 8,423,313 ", 1 
 COM , Rural ," 2,049 "," 678,460 ", 1 
 COM , Urban ," 2,049 "," 611,909 ", 0 
 CPV , Rural ," 2,049 "," 35,661 ", 0 
 CPV , Urban ," 2,049 "," 530,237 ", 1 
 ERI , Rural ," 2,049 "," 3,366,241 ", 1 
 ERI , Urban ," 2,049 "," 2,251,115 ", 0 
 ETH , Rural ," 2,049 "," 146,974,443 ", 1 
 ETH , Urban ," 2,049 "," 74,402,894 ", 0 
 GAB , Rural ," 2,049 "," 197,560 ", 0 
 GAB , Urban ," 2,049 "," 3,823,912 ", 1 
 GHA , Rural ," 2,049 "," 13,600,882 ", 0 
 GHA , Urban ," 2,049 "," 36,383,558 ", 1 
 GIN , Rural ," 2,049 "," 10,180,451 ", 0 
 GIN , Urban ," 2,049 "," 12,912,162 ", 1 
 GMB , Rural ," 2,049 "," 932,480 ", 0 
 GMB , Urban ," 2,049 "," 3,315,234 ", 1 
 GNB , Rural ," 2,049 "," 1,719,009 ", 1 
 GNB , Urban ," 2,049 "," 1,673,559 ", 0 
 GNQ , Rural ," 2,049 "," 800,124 ", 0 
 GNQ , Urban ," 2,049 "," 2,297,514 ", 1 
 KEN , Rural ," 2,049 "," 37,396,929 ", 0 
 KEN , Urban ," 2,049 "," 45,324,842 ", 1 
 LBR , Rural ," 2,049 "," 2,642,667 ", 0 
 LBR , Urban ," 2,049 "," 6,153,161 ", 1 
 LSO , Rural ," 2,049 "," 1,044,810 ", 0 
 LSO , Urban ," 2,049 "," 1,927,347 ", 1 
 MDG , Rural ," 2,049 "," 27,390,015 ", 1 
 MDG , Urban ," 2,049 "," 24,961,975 ", 0 
 MLI , Rural ," 2,049 "," 23,989,299 ", 1 
 MLI , Urban ," 2,049 "," 21,290,475 ", 0 
 MOZ , Rural ," 2,049 "," 29,682,848 ", 0 
 MOZ , Urban ," 2,049 "," 32,714,166 ", 1 
 MRT , Rural ," 2,049 "," 2,166,270 ", 0 
 MRT , Urban ," 2,049 "," 7,073,908 ", 1 
 MUS , Rural ," 2,049 "," 639,365 ", 1 
 MUS , Urban ," 2,049 "," 477,679 ", 0 
 MWI , Rural ," 2,049 "," 24,269,261 ", 1 
 MWI , Urban ," 2,049 "," 12,491,742 ", 0 
 NAM , Rural ," 2,049 "," 1,811,081 ", 0 
 NAM , Urban ," 2,049 "," 2,649,421 ", 1 
 NER , Rural ," 2,049 "," 34,506,449 ", 1 
 NER , Urban ," 2,049 "," 16,976,117 ", 0 
 NGA , Rural ," 2,049 "," 61,713,740 ", 0 
 NGA , Urban ," 2,049 "," 293,078,685 ", 1 
 RWA , Rural ," 2,049 "," 10,323,755 ", 0 
 RWA , Urban ," 2,049 "," 12,080,138 ", 1 
 SDN , Rural ," 2,049 "," 53,930,820 ", 1 
 SDN , Urban ," 2,049 "," 29,897,534 ", 0 
 SEN , Rural ," 2,049 "," 10,821,190 ", 0 
 SEN , Urban ," 2,049 "," 19,090,653 ", 1 
 SLE , Rural ," 2,049 "," 4,754,123 ", 0 
 SLE , Urban ," 2,049 "," 8,051,019 ", 1 
 SOM , Rural ," 2,049 "," 14,139,762 ", 0 
 SOM , Urban ," 2,049 "," 22,334,929 ", 1 
 SSA , Rural ," 2,049 "," 890,675,428 ", 0 
 SSA , Urban ," 2,049 "," 1,250,519,193 ", 1 
 SSD , Rural ," 2,049 "," 12,616,681 ", 1 
 SSD , Urban ," 2,049 "," 5,526,215 ", 0 
 STP , Rural ," 2,049 "," 45,639 ", 0 
 STP , Urban ," 2,049 "," 314,722 ", 1 
 SWZ , Rural ," 2,049 "," 990,271 ", 1 
 SWZ , Urban ," 2,049 "," 509,164 ", 0 
 SYC , Rural ," 2,049 "," 70,699 ", 0 
 SYC , Urban ," 2,049 "," 71,261 ", 1 
 TCD , Rural ," 2,049 "," 18,618,866 ", 0 
 TCD , Urban ," 2,049 "," 19,470,059 ", 1 
 TGO , Rural ," 2,049 "," 5,545,012 ", 0 
 TGO , Urban ," 2,049 "," 9,792,430 ", 1 
 TZA , Rural ," 2,049 "," 49,418,567 ", 0 
 TZA , Urban ," 2,049 "," 77,562,839 ", 1 
 UGA , Rural ," 2,049 "," 47,948,540 ", 1 
 UGA , Urban ," 2,049 "," 36,181,513 ", 0 
 ZAF , Rural ," 2,049 "," 23,209,015 ", 0 
 ZAF , Urban ," 2,049 "," 55,490,571 ", 1 
 ZMB , Rural ," 2,049 "," 15,549,807 ", 0 
 ZMB , Urban ," 2,049 "," 21,884,876 ", 1 
 ZWE , Rural ," 2,049 "," 11,466,843 ", 0 
 ZWE , Urban ," 2,049 "," 14,051,658 ", 1 
 AFE , Rural ," 2,050 "," 636,630,817 ", 0 
 AFE , Urban ," 2,050 "," 685,443,588 ", 1 
 AFW , Rural ," 2,050 "," 255,260,877 ", 0 
 AFW , Urban ," 2,050 "," 598,371,752 ", 1 
 AGO , Rural ," 2,050 "," 5,394,096 ", 0 
 AGO , Urban ," 2,050 "," 68,901,298 ", 1 
 BDI , Rural ," 2,050 "," 13,463,832 ", 1 
 BDI , Urban ," 2,050 "," 10,667,888 ", 0 
 BEN , Rural ," 2,050 "," 5,024,001 ", 0 
 BEN , Urban ," 2,050 "," 19,409,808 ", 1 
 BFA , Rural ," 2,050 "," 16,820,956 ", 0 
 BFA , Urban ," 2,050 "," 20,483,427 ", 1 
 BWA , Rural ," 2,050 "," 928,062 ", 0 
 BWA , Urban ," 2,050 "," 2,509,368 ", 1 
 CAF , Rural ," 2,050 "," 4,630,623 ", 0 
 CAF , Urban ," 2,050 "," 5,986,129 ", 1 
 CIV , Rural ," 2,050 "," 15,246,827 ", 0 
 CIV , Urban ," 2,050 "," 40,500,158 ", 1 
 CMR , Rural ," 2,050 "," 20,854,203 ", 0 
 CMR , Urban ," 2,050 "," 30,242,114 ", 1 
 COD , Rural ," 2,050 "," 101,505,040 ", 0 
 COD , Urban ," 2,050 "," 116,741,032 ", 1 
 COG , Rural ," 2,050 "," 2,341,846 ", 0 
 COG , Urban ," 2,050 "," 8,664,626 ", 1 
 COM , Rural ," 2,050 "," 678,165 ", 1 
 COM , Urban ," 2,050 "," 629,393 ", 0 
 CPV , Rural ," 2,050 "," 33,467 ", 0 
 CPV , Urban ," 2,050 "," 532,667 ", 1 
 ERI , Rural ," 2,050 "," 3,379,705 ", 1 
 ERI , Urban ," 2,050 "," 2,316,357 ", 0 
 ETH , Rural ," 2,050 "," 148,852,650 ", 1 
 ETH , Urban ," 2,050 "," 76,169,224 ", 0 
 GAB , Rural ," 2,050 "," 200,229 ", 0 
 GAB , Urban ," 2,050 "," 3,884,304 ", 1 
 GHA , Rural ," 2,050 "," 13,452,330 ", 0 
 GHA , Urban ," 2,050 "," 37,100,717 ", 1 
 GIN , Rural ," 2,050 "," 10,073,961 ", 0 
 GIN , Urban ," 2,050 "," 13,330,623 ", 1 
 GMB , Rural ," 2,050 "," 943,349 ", 0 
 GMB , Urban ," 2,050 "," 3,358,546 ", 1 
 GNB , Rural ," 2,050 "," 1,742,146 ", 1 
 GNB , Urban ," 2,050 "," 1,696,462 ", 0 
 GNQ , Rural ," 2,050 "," 811,799 ", 0 
 GNQ , Urban ," 2,050 "," 2,331,929 ", 1 
 KEN , Rural ," 2,050 "," 36,565,377 ", 0 
 KEN , Urban ," 2,050 "," 47,027,862 ", 1 
 LBR , Rural ," 2,050 "," 2,621,900 ", 0 
 LBR , Urban ," 2,050 "," 6,288,630 ", 1 
 LSO , Rural ," 2,050 "," 1,032,914 ", 0 
 LSO , Urban ," 2,050 "," 1,960,162 ", 1 
 MDG , Rural ," 2,050 "," 27,431,936 ", 1 
 MDG , Urban ," 2,050 "," 25,753,539 ", 0 
 MLI , Rural ," 2,050 "," 24,161,341 ", 1 
 MLI , Urban ," 2,050 "," 21,992,738 ", 0 
 MOZ , Rural ," 2,050 "," 30,002,677 ", 0 
 MOZ , Urban ," 2,050 "," 33,528,275 ", 1 
 MRT , Rural ," 2,050 "," 2,183,610 ", 0 
 MRT , Urban ," 2,050 "," 7,231,988 ", 1 
 MUS , Rural ," 2,050 "," 630,212 ", 1 
 MUS , Urban ," 2,050 "," 476,985 ", 0 
 MWI , Rural ," 2,050 "," 24,297,971 ", 1 
 MWI , Urban ," 2,050 "," 13,063,712 ", 0 
 NAM , Rural ," 2,050 "," 1,823,279 ", 0 
 NAM , Urban ," 2,050 "," 2,689,021 ", 1 
 NER , Rural ," 2,050 "," 34,745,863 ", 1 
 NER , Urban ," 2,050 "," 17,768,013 ", 0 
 NGA , Rural ," 2,050 "," 59,722,603 ", 0 
 NGA , Urban ," 2,050 "," 299,462,953 ", 1 
 RWA , Rural ," 2,050 "," 10,266,952 ", 0 
 RWA , Urban ," 2,050 "," 12,440,958 ", 1 
 SDN , Rural ," 2,050 "," 54,815,968 ", 1 
 SDN , Urban ," 2,050 "," 30,390,415 ", 0 
 SEN , Rural ," 2,050 "," 10,975,145 ", 0 
 SEN , Urban ," 2,050 "," 19,389,809 ", 1 
 SLE , Rural ," 2,050 "," 4,696,458 ", 0 
 SLE , Urban ," 2,050 "," 8,251,867 ", 1 
 SOM , Rural ," 2,050 "," 14,417,350 ", 0 
 SOM , Urban ," 2,050 "," 22,789,162 ", 1 
 SSA , Rural ," 2,050 "," 891,891,695 ", 0 
 SSA , Urban ," 2,050 "," 1,283,815,339 ", 1 
 SSD , Rural ," 2,050 "," 12,677,062 ", 1 
 SSD , Urban ," 2,050 "," 5,664,912 ", 0 
 STP , Rural ," 2,050 "," 41,727 ", 0 
 STP , Urban ," 2,050 "," 323,388 ", 1 
 SWZ , Rural ," 2,050 "," 993,361 ", 1 
 SWZ , Urban ," 2,050 "," 511,970 ", 0 
 SYC , Rural ," 2,050 "," 70,308 ", 0 
 SYC , Urban ," 2,050 "," 71,438 ", 1 
 TCD , Rural ," 2,050 "," 18,505,717 ", 0 
 TCD , Urban ," 2,050 "," 20,351,969 ", 1 
 TGO , Rural ," 2,050 "," 5,472,504 ", 0 
 TGO , Urban ," 2,050 "," 10,112,274 ", 1 
 TZA , Rural ," 2,050 "," 48,748,913 ", 0 
 TZA , Urban ," 2,050 "," 80,872,189 ", 1 
 UGA , Rural ," 2,050 "," 48,536,855 ", 1 
 UGA , Urban ," 2,050 "," 36,894,347 ", 0 
 ZAF , Rural ," 2,050 "," 23,023,378 ", 0 
 ZAF , Urban ," 2,050 "," 56,153,950 ", 1 
 ZMB , Rural ," 2,050 "," 15,588,588 ", 0 
 ZMB , Urban ," 2,050 "," 22,494,797 ", 1 
 ZWE , Rural ," 2,050 "," 11,464,440 ", 0 
 ZWE , Urban ," 2,050 "," 14,401,945 ", 1 
