ISO3,unique_id,Agglomeration_Name,Surface km2,africapolis_geometry_year,worldpop_year,worldpop_population_total,worldpop_built_surface_km2,worldpop_built_volume_m3
AGO,AGO_1095,Alto Dondo,3.0,2015,2015,17354.0,0.740877,4731082.0
AGO,AGO_1096,Alto Hama,4.0,2015,2015,13947.0,0.702074,3501157.0
AGO,AGO_1208,Cambulo,5.0,2015,2015,53424.0,1.588449,11130502.0
AGO,AGO_1209,Andulo,11.0,2015,2015,35132.0,3.19905,21664664.0
AGO,AGO_1497,Baia Farta,6.0,2015,2015,41928.0,1.101886,5490794.0
AGO,AGO_1501,Bailundo,17.0,2015,2015,39918.0,3.27817,16926704.0
AGO,AGO_1541,Balombo,5.0,2015,2015,27836.0,1.366309,8548161.0
AGO,AGO_1809,Benguela,103.0,2015,2015,516195.0,13.47657,86423128.0
AGO,AGO_1867,Bibala,5.0,2015,2015,6014.0,0.572625,2340057.0
AGO,AGO_1980,Bocoio,4.0,2015,2015,15232.0,1.199119,6908300.0
AGO,AGO_2173,Bucau Zau,2.0,2015,2015,9952.0,0.421105,1807061.0
AGO,AGO_2311,Caala,15.0,2015,2015,81844.0,3.749053,20375354.0
AGO,AGO_2312,Cabinda,79.0,2015,2015,550864.0,19.280198,164086592.0
AGO,AGO_2314,Cacolo,3.0,2015,2015,14055.0,0.395368,2454901.0
AGO,AGO_2315,Caconda,9.0,2015,2015,17793.0,1.69451,9031459.0
AGO,AGO_2316,Cacuso,5.0,2015,2015,21686.0,1.311901,7176227.0
AGO,AGO_2317,Cuango,8.0,2015,2015,101203.0,2.449039,15649631.0
AGO,AGO_2318,Cahama,5.0,2015,2015,11063.0,0.568147,1901700.0
AGO,AGO_2319,Caimbambo,4.0,2015,2015,10273.0,1.000301,5284730.0
AGO,AGO_2324,Calenga,3.0,2015,2015,8751.0,0.687451,3182485.0
AGO,AGO_2325,Calulo,5.0,2015,2015,34261.0,1.334293,10374096.0
AGO,AGO_2326,Ambaca,4.0,2015,2015,26909.0,0.726883,4746220.0
AGO,AGO_2327,Camacupa,10.0,2015,2015,48995.0,2.484208,15002209.0
AGO,AGO_2328,Camanongue,3.0,2015,2015,11485.0,0.535412,3017366.0
AGO,AGO_2331,Cangandala,2.0,2015,2015,8679.0,0.318235,1555708.0
AGO,AGO_2343,Katchiungo,6.0,2015,2015,17002.0,1.219815,6461298.0
AGO,AGO_2344,Gama (south),9.0,2015,2015,21824.0,0.815626,3567858.0
AGO,AGO_2345,Caxito,6.0,2015,2015,31174.0,1.498572,9271680.0
AGO,AGO_2346,Cazombo,12.0,2015,2015,42099.0,1.859847,10659095.0
AGO,AGO_2348,Cela,12.0,2015,2015,49589.0,3.182042,19932430.0
AGO,AGO_2413,Chibia,6.0,2015,2015,15988.0,1.004957,4792241.0
AGO,AGO_2436,Chipindo,3.0,2015,2015,8909.0,0.616787,2858520.0
AGO,AGO_2457,Chongoroi,2.0,2015,2015,5441.0,0.381319,2138405.0
AGO,AGO_2501,Conda,3.0,2015,2015,15136.0,0.62846,3601881.0
AGO,AGO_2512,Cuango Luzamba,2.0,2015,2015,26997.0,0.560373,3538789.0
AGO,AGO_2513,Cubal,11.0,2015,2015,49304.0,2.73654,14789247.0
AGO,AGO_2514,Cuchi,0.0,2015,2015,1095.0,0.061368,153433.0
AGO,AGO_2515,Kuimba,6.0,2015,2015,39538.0,0.538938,2958356.0
AGO,AGO_2568,Damba,4.0,2015,2015,12740.0,0.718811,3706820.0
AGO,AGO_2839,Dombe Grande,4.0,2015,2015,10639.0,0.747867,3444222.0
AGO,AGO_2846,Dondo,4.0,2015,2015,31040.0,1.163343,10526769.0
AGO,AGO_2908,Dundo,21.0,2015,2015,145316.0,5.012167,34637912.0
AGO,AGO_2954,Ecunha,3.0,2015,2015,9005.0,0.589774,2566984.0
AGO,AGO_3306,Gabela,9.0,2015,2015,94147.0,2.199012,18850640.0
AGO,AGO_3359,Ganda,12.0,2015,2015,44771.0,3.003262,19357174.0
AGO,AGO_3562,Golungo Alto,2.0,2015,2015,14270.0,0.391531,3276348.0
AGO,AGO_3835,Huambo,87.0,2015,2015,520603.0,23.149612,153198064.0
AGO,AGO_4465,Caluquembe,11.0,2015,2015,19672.0,1.614597,7366125.0
AGO,AGO_5212,Cacongo,3.0,2015,2015,11128.0,0.588317,3693498.0
AGO,AGO_5296,Lobito,72.0,2015,2015,471418.0,15.212244,181722368.0
AGO,AGO_5303,Longonjo,3.0,2015,2015,8565.0,0.697925,3952153.0
AGO,AGO_5331,Luanda,947.0,2015,2015,6987982.0,259.57536,1787586944.0
AGO,AGO_5334,Luau,12.0,2015,2015,65492.0,2.823894,16853640.0
AGO,AGO_5336,Lubango,134.0,2015,2015,555412.0,25.203052,202183056.0
AGO,AGO_5347,Lucala,1.0,2015,2015,9106.0,0.246167,1230355.0
AGO,AGO_5348,Lucapa,11.0,2015,2015,69684.0,1.701283,11068346.0
AGO,AGO_5357,Luena,55.0,2015,2015,259854.0,9.874712,63048312.0
AGO,AGO_5365,Londuimbale,4.0,2015,2015,11603.0,0.758793,3365462.0
AGO,AGO_5384,Lumbala-N'guimbo,4.0,2015,2015,12591.0,0.520872,2509792.0
AGO,AGO_5385,Cameia,3.0,2015,2015,17088.0,0.522439,2819069.0
AGO,AGO_5599,Malanje,53.0,2015,2015,423988.0,15.012227,94363600.0
AGO,AGO_5705,Maquela do Zombo,8.0,2015,2015,54284.0,1.142172,11095399.0
AGO,AGO_5782,Matala,24.0,2015,2015,87880.0,6.0496,37822736.0
AGO,AGO_5815,Mavinga,2.0,2015,2015,7189.0,0.289886,1176128.0
AGO,AGO_5853,Mbanza Congo,18.0,2015,2015,139837.0,3.391783,29649552.0
AGO,AGO_5948,Menongue,36.0,2015,2015,216517.0,7.804059,47318772.0
AGO,AGO_6377,Mungo,5.0,2015,2015,12159.0,1.07448,5666134.0
AGO,AGO_6420,Mussende,3.0,2015,2015,14042.0,0.680538,4736717.0
AGO,AGO_6520,Namacunde/Oshikango [AGO],4.0,2015,2015,22440.0,1.022933,6367444.0
AGO,AGO_6532,Namibe,31.0,2015,2015,208440.0,7.070591,54060392.0
AGO,AGO_6609,Ndalatando,12.0,2015,2015,145889.0,3.522487,33385064.0
AGO,AGO_6649,Negage,11.0,2015,2015,86985.0,2.355712,15284239.0
AGO,AGO_6723,Sumbe,29.0,2015,2015,188779.0,5.850887,59531944.0
AGO,AGO_6927,Nzetu,5.0,2015,2015,27193.0,1.32403,7202300.0
AGO,AGO_7092,Ondjiva,26.0,2015,2015,98340.0,4.710412,26232594.0
AGO,AGO_7333,Ext. Pinheiro,10.0,2015,2015,21902.0,1.26296,4804966.0
AGO,AGO_7352,Jamba,4.0,2015,2015,9424.0,0.757046,3381031.0
AGO,AGO_7366,Porto Amboim,12.0,2015,2015,85858.0,3.249733,26933508.0
AGO,AGO_7444,Quibala,6.0,2015,2015,27936.0,1.61913,8837938.0
AGO,AGO_7445,Quilenda,2.0,2015,2015,10444.0,0.40992,2225118.0
AGO,AGO_7446,Quipungo,7.0,2015,2015,14628.0,1.25746,6340236.0
AGO,AGO_7777,Soyo,27.0,2015,2015,164589.0,7.889482,53183956.0
AGO,AGO_7780,Sanza Pombo,4.0,2015,2015,19556.0,0.855414,5989773.0
AGO,AGO_7799,Sassalemba,41.0,2015,2015,73329.0,4.196418,19931800.0
AGO,AGO_7802,Saurimo,42.0,2015,2015,362315.0,11.926442,69854416.0
AGO,AGO_8099,Silva Porto,61.0,2015,2015,285280.0,14.557113,99297080.0
AGO,AGO_8168,Songo,6.0,2015,2015,23456.0,1.133476,7662712.0
AGO,AGO_8560,Tomboco,4.0,2015,2015,15300.0,0.654304,4033559.0
AGO,AGO_8562,Tombua,4.0,2015,2015,34903.0,0.992857,6550471.0
AGO,AGO_8715,Uige,40.0,2015,2015,450592.0,11.338429,112627616.0
AGO,AGO_8721,Uku-Seles,6.0,2015,2015,35437.0,1.507421,9917188.0
AGO,AGO_8722,Ukuma,5.0,2015,2015,15907.0,1.197613,6123213.0
AGO,AGO_9031,Xangongo,9.0,2015,2015,22191.0,1.508651,9301116.0
BDI,BDI_1592,Mugerama,2.0,2015,2015,5087.0,0.350607,1197223.0
BDI,BDI_2172,Bubanza,5.0,2015,2015,20516.0,0.843782,7452469.0
BDI,BDI_2195,Bujumbura,300.0,2015,2015,1094783.0,40.232104,330925984.0
BDI,BDI_2464,Rugombo centre-urbain sud,7.0,2015,2015,33544.0,1.50809,8985229.0
BDI,BDI_3401,Gasenyi,7.0,2015,2015,23864.0,1.025671,5027316.0
BDI,BDI_3406,Gatabo,4.0,2015,2015,3335.0,0.207151,517909.0
BDI,BDI_3413,Gatumba,4.0,2015,2015,20248.0,1.265255,9466373.0
BDI,BDI_3528,Gitega,25.0,2015,2015,85279.0,4.007996,31847000.0
BDI,BDI_4886,Kirundo,8.0,2015,2015,24503.0,0.975643,4912753.0
BDI,BDI_5554,Makamba,20.0,2015,2015,30817.0,2.051715,10837369.0
BDI,BDI_6340,Sampeke,9.0,2015,2015,6797.0,0.389162,973041.0
BDI,BDI_6396,Muramwiya,34.0,2015,2015,39715.0,1.655581,7554596.0
BDI,BDI_6435,Muyange,14.0,2015,2015,33220.0,2.097674,11340058.0
BDI,BDI_6437,Muyinga,13.0,2015,2015,45441.0,1.598583,8894265.0
BDI,BDI_6614,Ndava,2.0,2015,2015,8162.0,0.510099,3306669.0
BDI,BDI_6717,Kayanza,14.0,2015,2015,68215.0,2.540881,18064766.0
BDI,BDI_6908,Kagunuzi,1.0,2015,2015,3444.0,0.208176,646597.0
BDI,BDI_7555,Kinyami,2.0,2015,2015,4608.0,0.139831,349596.0
BDI,BDI_7567,Mugina,3.0,2015,2015,8594.0,0.388774,1251963.0
BDI,BDI_7568,Rugombo,4.0,2015,2015,21434.0,0.959983,5798612.0
BDI,BDI_7580,Rumonge,7.0,2015,2015,46836.0,2.004364,17479372.0
BDI,BDI_7591,Rutana,6.0,2015,2015,11530.0,0.742472,4287496.0
BDI,BDI_7596,Ruyigi,6.0,2015,2015,15462.0,0.880716,4714365.0
BEN,BEN_1211,Hilacondji,8.0,2015,2015,0.0,0.0,0.0
BEN,BEN_1218,Aniviekome,1.0,2015,2015,1292.0,0.203349,837278.0
BEN,BEN_1253,Aplahoué,2.0,2015,2015,5350.0,0.460993,2373041.0
BEN,BEN_1432,Djakotomey,8.0,2015,2015,47967.0,2.493829,18830860.0
BEN,BEN_154,Adakplame,2.0,2015,2015,4565.0,0.456193,2383695.0
BEN,BEN_1644,Banikoara,7.0,2015,2015,21792.0,1.577235,9217488.0
BEN,BEN_1653,Banté,4.0,2015,2015,16403.0,1.060215,6302484.0
BEN,BEN_1708,Bassila I,4.0,2015,2015,13260.0,0.940746,5379461.0
BEN,BEN_191,Adja Tokpa I,6.0,2015,2015,11737.0,1.074637,3876530.0
BEN,BEN_192,Adjaglimey,2.0,2015,2015,4794.0,0.38282,1578918.0
BEN,BEN_193,Adjaha,0.0,2015,2015,1626.0,0.118702,803796.0
BEN,BEN_195,Adjegounle,2.0,2015,2015,3451.0,0.348715,1600590.0
BEN,BEN_2496,Colli Bossouvi,5.0,2015,2015,17889.0,1.13971,7471246.0
BEN,BEN_2498,Comé,13.0,2015,2015,61351.0,3.289906,21871672.0
BEN,BEN_2504,Copargo,3.0,2015,2015,9886.0,0.652194,3668037.0
BEN,BEN_2505,Cotonou,354.0,2015,2015,2384337.0,99.05308,757376576.0
BEN,BEN_2507,Cove,10.0,2015,2015,42740.0,2.649072,16237222.0
BEN,BEN_251,Agbozounkpa,2.0,2015,2015,9931.0,0.618626,4158884.0
BEN,BEN_2573,Dame,1.0,2015,2015,2479.0,0.340936,1920665.0
BEN,BEN_2638,Dassa-Zoume,11.0,2015,2015,37698.0,2.345155,14886884.0
BEN,BEN_266,Agon,4.0,2015,2015,6726.0,0.63663,2617660.0
BEN,BEN_2674,Djeregbe 1,7.0,2015,2015,22609.0,1.5777,9886611.0
BEN,BEN_2804,Djidja Mandjavi,1.0,2015,2015,4583.0,0.358867,2160563.0
BEN,BEN_2811,Djougou,26.0,2015,2015,120390.0,6.215428,44486520.0
BEN,BEN_2823,Dogbo-Tota,5.0,2015,2015,24317.0,1.078815,7089092.0
BEN,BEN_2832,Doko-Centre,2.0,2015,2015,5283.0,0.480525,2445174.0
BEN,BEN_2842,Doméguédji,1.0,2015,2015,1035.0,0.154871,671360.0
BEN,BEN_2849,Donga,1.0,2015,2015,3711.0,0.394304,2077055.0
BEN,BEN_295,Ahomey Glon,0.0,2015,2015,865.0,0.103844,413691.0
BEN,BEN_3272,Founougo A,2.0,2015,2015,6590.0,0.541367,2986232.0
BEN,BEN_3353,Gamia Est,4.0,2015,2015,12091.0,0.794255,4032442.0
BEN,BEN_3436,Gbakéhoué,1.0,2015,2015,4940.0,0.339573,1978511.0
BEN,BEN_3437,Gbanlin,2.0,2015,2015,3038.0,0.363071,1647526.0
BEN,BEN_3441,Gbeko,1.0,2015,2015,1742.0,0.224857,1120012.0
BEN,BEN_3537,Glazoué,8.0,2015,2015,27346.0,1.828269,10827422.0
BEN,BEN_3541,Glogbo,7.0,2015,2015,29243.0,1.764793,12596316.0
BEN,BEN_3551,Gogounou,3.0,2015,2015,7337.0,0.62478,3405425.0
BEN,BEN_3586,Gouka,3.0,2015,2015,7191.0,0.689178,4489333.0
BEN,BEN_3589,Goumori A,2.0,2015,2015,6006.0,0.482898,2339231.0
BEN,BEN_3596,Gourou,3.0,2015,2015,9671.0,0.690874,3671166.0
BEN,BEN_3653,Guimaro-Sinakpagourou,2.0,2015,2015,3845.0,0.410106,2155909.0
BEN,BEN_3830,Houinta,1.0,2015,2015,2313.0,0.287366,1409462.0
BEN,BEN_3832,Houssoukoué,5.0,2015,2015,9655.0,0.773313,3340286.0
BEN,BEN_3887,Idigny Centre,2.0,2015,2015,4669.0,0.439028,2253804.0
BEN,BEN_3901,Ifangni ,9.0,2015,2015,25618.0,1.976901,12608043.0
BEN,BEN_4009,Ilare,1.0,2015,2015,4148.0,0.337074,2156939.0
BEN,BEN_4057,Ina 3,3.0,2015,2015,8326.0,0.68386,3900757.0
BEN,BEN_4504,Kandi,12.0,2015,2015,54612.0,2.983756,19168226.0
BEN,BEN_4726,Kérou,3.0,2015,2015,10651.0,0.6131,3834389.0
BEN,BEN_4734,Kétonou,2.0,2015,2015,4265.0,0.449909,2016580.0
BEN,BEN_4735,Ketou,16.0,2015,2015,55533.0,3.849547,25089188.0
BEN,BEN_48,Abolou,2.0,2015,2015,2853.0,0.29799,999811.0
BEN,BEN_4818,Kilibo Olata,2.0,2015,2015,7421.0,0.583135,3256771.0
BEN,BEN_49,Abomey,94.0,2015,2015,423731.0,23.686392,155266384.0
BEN,BEN_4934,Klouekanme,4.0,2015,2015,19994.0,1.108276,7336793.0
BEN,BEN_4964,Kolokonde,4.0,2015,2015,9186.0,0.698978,3390378.0
BEN,BEN_5005,Kossou,5.0,2015,2015,12654.0,1.045545,5436180.0
BEN,BEN_5297,Lobogo Gbede Come,5.0,2015,2015,15996.0,0.93062,9191253.0
BEN,BEN_5310,Lokossa,9.0,2015,2015,54741.0,2.546027,20266574.0
BEN,BEN_5442,Madecali,1.0,2015,2015,2404.0,0.22858,890170.0
BEN,BEN_5601,Malanville,8.0,2015,2015,39000.0,2.188183,13854897.0
BEN,BEN_5662,Manigri Oké,4.0,2015,2015,12009.0,0.982719,6347150.0
BEN,BEN_5797,Materi,5.0,2015,2015,10626.0,0.940895,5125152.0
BEN,BEN_6569,Natitingou,17.0,2015,2015,79417.0,4.017178,30503518.0
BEN,BEN_6610,N'Dali,6.0,2015,2015,19221.0,1.270949,7346199.0
BEN,BEN_6758,Nikki,9.0,2015,2015,34515.0,2.156292,13461764.0
BEN,BEN_7033,Oke-Odan,1.0,2015,2015,2864.0,0.251843,1271821.0
BEN,BEN_7099,Onklou,2.0,2015,2015,3610.0,0.375511,1531130.0
BEN,BEN_7158,Ouake,4.0,2015,2015,9169.0,0.795232,4103277.0
BEN,BEN_7187,Ouesse Centre,5.0,2015,2015,17927.0,1.362811,8735512.0
BEN,BEN_7190,Ouidah,18.0,2015,2015,93034.0,4.622234,33681720.0
BEN,BEN_7286,Parakou,71.0,2015,2015,433797.0,20.593278,147443120.0
BEN,BEN_7289,Partago,4.0,2015,2015,10516.0,0.851477,4668495.0
BEN,BEN_7304,Perere I,2.0,2015,2015,9840.0,0.560219,3354753.0
BEN,BEN_7335,Pira Adjigo,2.0,2015,2015,9152.0,0.561706,3189986.0
BEN,BEN_7345,Pobe,8.0,2015,2015,42349.0,2.594345,20222552.0
BEN,BEN_7367,Porto-Novo,137.0,2015,2015,868562.0,37.322656,298837408.0
BEN,BEN_7682,Sakete I,8.0,2015,2015,30003.0,1.796328,10634464.0
BEN,BEN_7803,Savalou,8.0,2015,2015,38449.0,2.214938,16130781.0
BEN,BEN_7804,Save,10.0,2015,2015,34692.0,2.252448,15329200.0
BEN,BEN_7817,Sé,4.0,2015,2015,16960.0,0.86822,4878291.0
BEN,BEN_7832,Segbana II,4.0,2015,2015,9376.0,0.751203,3688079.0
BEN,BEN_7843,Garou II,2.0,2015,2015,3375.0,0.412159,1944064.0
BEN,BEN_796,Allawénoussa I,1.0,2015,2015,6413.0,0.312715,1891082.0
BEN,BEN_8104,Sinaourarou,4.0,2015,2015,17635.0,0.95348,5751633.0
BEN,BEN_8152,Sokomey,2.0,2015,2015,2982.0,0.475718,2735068.0
BEN,BEN_8161,Somai,1.0,2015,2015,2881.0,0.408486,2570258.0
BEN,BEN_8164,Sompérékou A,4.0,2015,2015,7984.0,0.695071,3743378.0
BEN,BEN_8362,Tanguiéta,7.0,2015,2015,30397.0,1.703048,12708692.0
BEN,BEN_8410,Tchatchou,2.0,2015,2015,6877.0,0.487178,2562052.0
BEN,BEN_8414,Tchetti,2.0,2015,2015,7235.0,0.473404,2888628.0
BEN,BEN_8417,Tchingayare,2.0,2015,2015,7663.0,0.595614,3962863.0
BEN,BEN_8593,Toui-Centre,1.0,2015,2015,5150.0,0.395802,2307667.0
BEN,BEN_8604,Toviklin,2.0,2015,2015,6167.0,0.491684,2985428.0
BEN,BEN_8608,Tozoungo,3.0,2015,2015,3482.0,0.386842,1375406.0
BEN,BEN_9016,Worogui,7.0,2015,2015,23292.0,1.372377,7224860.0
BFA,BFA_1274,Arbinda,2.0,2015,2015,3340.0,0.299205,1393739.0
BFA,BFA_1564,Ban,2.0,2015,2015,3938.0,0.498239,2867288.0
BFA,BFA_1581,Banfora,19.0,2015,2015,71434.0,5.57572,36590380.0
BFA,BFA_1659,Banzon,3.0,2015,2015,8952.0,0.673807,3875210.0
BFA,BFA_1693,Barsalogho,3.0,2015,2015,4154.0,0.484832,2100724.0
BFA,BFA_1717,Batie,5.0,2015,2015,6018.0,0.843965,4498865.0
BFA,BFA_1759,Beguedo,15.0,2015,2015,21911.0,2.115573,9606299.0
BFA,BFA_1793,Bena,5.0,2015,2015,5868.0,0.644543,2859385.0
BFA,BFA_1960,Bittou,6.0,2015,2015,13724.0,1.49082,9265822.0
BFA,BFA_1975,Bobo-Dioulasso,118.0,2015,2015,631699.0,34.750436,250160992.0
BFA,BFA_1992,Bogande,5.0,2015,2015,11888.0,0.846824,4628634.0
BFA,BFA_2011,Bokin,5.0,2015,2015,8888.0,0.830281,4223893.0
BFA,BFA_2068,Boromo,10.0,2015,2015,14528.0,2.020583,14466203.0
BFA,BFA_2121,Boulsa,6.0,2015,2015,12750.0,1.218946,6243977.0
BFA,BFA_2138,Bousse,8.0,2015,2015,13741.0,1.248639,8121693.0
BFA,BFA_2140,Boussouma,3.0,2015,2015,4973.0,0.311047,1245615.0
BFA,BFA_2491,Cinkanse ,8.0,2015,2015,16204.0,1.907433,12086109.0
BFA,BFA_2594,Dande,4.0,2015,2015,5815.0,0.734497,3838652.0
BFA,BFA_2606,Dano,5.0,2015,2015,9550.0,1.067596,7084023.0
BFA,BFA_2666,Dedougou,19.0,2015,2015,40460.0,4.309889,31568446.0
BFA,BFA_2714,Diapaga,5.0,2015,2015,6754.0,0.935202,5373435.0
BFA,BFA_2726,Didyr,5.0,2015,2015,4441.0,0.399804,1527576.0
BFA,BFA_2727,Diebougou,10.0,2015,2015,14186.0,1.690293,10265022.0
BFA,BFA_2778,Dirlakou,2.0,2015,2015,2961.0,0.425968,1834459.0
BFA,BFA_2801,Djibo,12.0,2015,2015,23577.0,2.001433,10872789.0
BFA,BFA_2860,Dori (east),9.0,2015,2015,31200.0,1.867205,10011852.0
BFA,BFA_3183,Fada-N'Gourma,26.0,2015,2015,40685.0,6.056716,39049136.0
BFA,BFA_3189,Falagountou,3.0,2015,2015,11060.0,0.559523,2428903.0
BFA,BFA_3369,Gaoua,13.0,2015,2015,27214.0,3.017681,20999928.0
BFA,BFA_3379,Garango,11.0,2015,2015,19058.0,1.872256,9307823.0
BFA,BFA_3572,Gonboussou,5.0,2015,2015,7324.0,0.802207,3473641.0
BFA,BFA_3594,Gourcy,12.0,2015,2015,28455.0,1.840212,9338269.0
BFA,BFA_3650,Lanfiera,5.0,2015,2015,12083.0,1.138365,6554640.0
BFA,BFA_3831,Hounde,15.0,2015,2015,37131.0,3.675305,23192400.0
BFA,BFA_4041,Imasgho,3.0,2015,2015,2952.0,0.33134,1497035.0
BFA,BFA_4665,Kaya,27.0,2015,2015,82268.0,4.620211,28396148.0
BFA,BFA_4849,Kindi,5.0,2015,2015,4000.0,0.506363,1973995.0
BFA,BFA_4950,Kokologho,6.0,2015,2015,8848.0,1.109209,6884332.0
BFA,BFA_4969,Kombissiri,8.0,2015,2015,10968.0,1.489955,8370169.0
BFA,BFA_4973,Kompienbiga,1.0,2015,2015,1201.0,0.206051,652783.0
BFA,BFA_4974,Kompienga,2.0,2015,2015,2566.0,0.446608,2757208.0
BFA,BFA_4981,Kongoussi,10.0,2015,2015,32667.0,1.498574,8441481.0
BFA,BFA_5001,Korsimoro,4.0,2015,2015,9335.0,0.796916,4117905.0
BFA,BFA_5011,Koudougou,50.0,2015,2015,122665.0,12.465267,101623232.0
BFA,BFA_5013,Kouka,8.0,2015,2015,10585.0,1.10801,5381482.0
BFA,BFA_5027,Koupela,14.0,2015,2015,34957.0,3.413628,21027412.0
BFA,BFA_5028,Kourouma,4.0,2015,2015,4371.0,0.611297,2785276.0
BFA,BFA_5183,Kyon,5.0,2015,2015,4122.0,0.302098,968561.0
BFA,BFA_5256,Leo,16.0,2015,2015,28775.0,3.071454,19293612.0
BFA,BFA_5649,Manga,10.0,2015,2015,13736.0,1.948628,10733154.0
BFA,BFA_6187,Mogtedo,5.0,2015,2015,12841.0,1.273818,7504047.0
BFA,BFA_6491,Nadiagou,3.0,2015,2015,3945.0,0.596726,3147936.0
BFA,BFA_6535,Namponkore,2.0,2015,2015,1676.0,0.228909,763053.0
BFA,BFA_6568,Natiaboani,1.0,2015,2015,890.0,0.246709,1415142.0
BFA,BFA_6744,Nianaba,7.0,2015,2015,6201.0,0.876994,3083556.0
BFA,BFA_6747,Niangoloko,11.0,2015,2015,16854.0,2.5708,15446240.0
BFA,BFA_6749,Niaogho,5.0,2015,2015,6106.0,1.11202,5767887.0
BFA,BFA_6853,Nouna,15.0,2015,2015,29579.0,2.289679,16290167.0
BFA,BFA_7120,Orodara,8.0,2015,2015,20414.0,1.700856,9560738.0
BFA,BFA_7156,Ouagadougou,452.0,2015,2015,2258430.0,132.440648,900068864.0
BFA,BFA_7157,Ouahigouya,31.0,2015,2015,100541.0,6.077099,35313820.0
BFA,BFA_7162,Ouargaye,4.0,2015,2015,7444.0,0.664452,3367983.0
BFA,BFA_7272,Pama,3.0,2015,2015,3137.0,0.527486,2642184.0
BFA,BFA_7325,Piela,4.0,2015,2015,8177.0,0.618555,2671822.0
BFA,BFA_7336,Pissila,4.0,2015,2015,9385.0,0.899137,5196165.0
BFA,BFA_7344,Po,11.0,2015,2015,14391.0,2.791475,20307976.0
BFA,BFA_7374,Pouytenga,17.0,2015,2015,65598.0,4.743983,31249406.0
BFA,BFA_7501,Reo,19.0,2015,2015,15764.0,1.85277,7360549.0
BFA,BFA_7537,Rollo,2.0,2015,2015,3085.0,0.277207,1185753.0
BFA,BFA_7553,Rouko,2.0,2015,2015,3300.0,0.277638,884309.0
BFA,BFA_7619,Sabou,5.0,2015,2015,8378.0,0.997521,6595489.0
BFA,BFA_7784,Sapouy,4.0,2015,2015,6299.0,0.901464,6462621.0
BFA,BFA_7837,Seguenega,2.0,2015,2015,7241.0,0.451101,2276215.0
BFA,BFA_8157,Solenzo,9.0,2015,2015,18056.0,1.888264,10721007.0
BFA,BFA_8182,Soubakaniedougo,3.0,2015,2015,2512.0,0.38074,1759132.0
BFA,BFA_8360,Tanghin-Dassouri,7.0,2015,2015,7271.0,1.100867,5915626.0
BFA,BFA_8451,Tenkodogo,24.0,2015,2015,45490.0,5.024761,31000024.0
BFA,BFA_8529,Titao,5.0,2015,2015,11452.0,0.689864,2916780.0
BFA,BFA_8543,To,5.0,2015,2015,3917.0,0.506699,1844001.0
BFA,BFA_8557,Toma,6.0,2015,2015,9906.0,1.01943,5142852.0
BFA,BFA_8590,Tougan,8.0,2015,2015,21991.0,1.792919,10295055.0
BFA,BFA_9045,Yako,13.0,2015,2015,31135.0,2.340234,16352278.0
BFA,BFA_9049,Yalgo,4.0,2015,2015,6946.0,0.661488,3401640.0
BFA,BFA_9100,Zabre,5.0,2015,2015,10819.0,0.967881,4686265.0
BFA,BFA_9170,Ziniare,20.0,2015,2015,32848.0,3.169873,15858669.0
BFA,BFA_9182,Zorgho,11.0,2015,2015,21068.0,2.134916,11789204.0
BWA,BWA_1976,Bobonong,24.0,2015,2015,13592.0,4.736695,24745568.0
BWA,BWA_2067,Tlhalogang,14.0,2015,2015,8945.0,3.480139,20988916.0
BWA,BWA_3278,Francistown,34.0,2015,2015,73548.0,8.282436,52701224.0
BWA,BWA_3310,Gaborone,181.0,2015,2015,264401.0,47.486736,303841888.0
BWA,BWA_3483,Ghanzi,9.0,2015,2015,11074.0,2.182948,11883607.0
BWA,BWA_4239,Jwaneng,9.0,2015,2015,19073.0,2.295156,13879999.0
BWA,BWA_4527,Kanye,44.0,2015,2015,27246.0,9.169655,56471320.0
BWA,BWA_4991,Kopong,12.0,2015,2015,11658.0,2.448504,12470392.0
BWA,BWA_5266,Letlhakane,23.0,2015,2015,21644.0,4.610633,25028584.0
BWA,BWA_5295,Lobatse,15.0,2015,2015,20192.0,3.059975,16661792.0
BWA,BWA_5503,Mahalapye,49.0,2015,2015,35515.0,12.269949,68959984.0
BWA,BWA_5814,Maun,55.0,2015,2015,53426.0,12.90162,77544800.0
BWA,BWA_6164,Mmadinare,17.0,2015,2015,9887.0,3.774708,23044870.0
BWA,BWA_6177,Mochudi,62.0,2015,2015,41544.0,13.93239,78719056.0
BWA,BWA_6207,Molepolole,69.0,2015,2015,69357.0,14.356688,79731336.0
BWA,BWA_6253,Moshupa,27.0,2015,2015,20292.0,5.095461,27196228.0
BWA,BWA_7268,Palapye,37.0,2015,2015,26325.0,8.543292,49623104.0
BWA,BWA_7467,Ramotswa,23.0,2015,2015,16570.0,5.024219,28011980.0
BWA,BWA_7853,Selibe Phikwe,17.0,2015,2015,23213.0,4.044375,25579360.0
BWA,BWA_7875,Serowe,72.0,2015,2015,50799.0,14.01383,83773336.0
BWA,BWA_8465,Thamaga,32.0,2015,2015,20890.0,5.315769,27765472.0
BWA,BWA_8542,Tlokweng,16.0,2015,2015,16734.0,3.324603,19503748.0
BWA,BWA_8571,Tonota,36.0,2015,2015,23425.0,7.816589,46035404.0
BWA,BWA_8690,Tutume,31.0,2015,2015,13688.0,5.969495,27623394.0
CAF,CAF_1550,Bambari,7.0,2015,2015,46137.0,1.750388,11779132.0
CAF,CAF_1584,Bangassou,10.0,2015,2015,34190.0,2.194682,13090157.0
CAF,CAF_1589,Bangui,105.0,2015,2015,849565.0,30.336672,216247920.0
CAF,CAF_1660,Baoro,3.0,2015,2015,13987.0,0.773025,4331019.0
CAF,CAF_1713,Batangafo,3.0,2015,2015,12237.0,0.588203,3401159.0
CAF,CAF_1832,Berbérati,14.0,2015,2015,75620.0,3.95089,27792698.0
CAF,CAF_1981,Boda,3.0,2015,2015,21912.0,0.953024,6389222.0
CAF,CAF_2007,Bokaranga,5.0,2015,2015,17714.0,1.022925,5438793.0
CAF,CAF_2073,Bossangoa,10.0,2015,2015,35053.0,1.989623,11980490.0
CAF,CAF_2074,Bossembélé,3.0,2015,2015,11183.0,0.547655,3183052.0
CAF,CAF_2092,Bouar,10.0,2015,2015,49727.0,2.989251,24314958.0
CAF,CAF_2096,Bouca,3.0,2015,2015,10205.0,0.571167,3368091.0
CAF,CAF_2154,Bozoum,5.0,2015,2015,20455.0,1.131098,6720525.0
CAF,CAF_2166,Bria,6.0,2015,2015,28403.0,1.272224,7839127.0
CAF,CAF_2339,Carnot,8.0,2015,2015,71228.0,2.205667,16576979.0
CAF,CAF_2678,Dēkoa,3.0,2015,2015,10600.0,0.57454,2920991.0
CAF,CAF_3350,Gamboula,2.0,2015,2015,9330.0,0.497207,2506883.0
CAF,CAF_3614,Grimari,1.0,2015,2015,4217.0,0.190594,766701.0
CAF,CAF_4082,Ippy,4.0,2015,2015,10825.0,0.74982,3934291.0
CAF,CAF_4256,Kabo,6.0,2015,2015,15654.0,1.323099,9077749.0
CAF,CAF_4395,Kaga-Bandoro,5.0,2015,2015,26678.0,1.135643,7524952.0
CAF,CAF_5842,M'bāïki,4.0,2015,2015,9984.0,0.758547,4669659.0
CAF,CAF_6218,Monga,4.0,2015,2015,0.0,0.0,0.0
CAF,CAF_6618,Ndélé ,2.0,2015,2015,13729.0,0.591309,3766503.0
CAF,CAF_6844,Nola,5.0,2015,2015,25295.0,1.312191,7559769.0
CAF,CAF_7284,Paoua,9.0,2015,2015,33863.0,1.690565,8920274.0
CAF,CAF_730,Alindao,1.0,2015,2015,12409.0,0.310891,1740697.0
CAF,CAF_8030,Sibut,5.0,2015,2015,13885.0,0.998709,5478253.0
CAF,CAF_9050,Yaloké,4.0,2015,2015,15654.0,0.828268,4725346.0
CAF,CAF_9155,Zémio,2.0,2015,2015,5438.0,0.227068,929682.0
CIV,CIV_1177,Amelekia,2.0,2015,2015,6583.0,0.479842,3129126.0
CIV,CIV_1199,Ananguie 1,2.0,2015,2015,6073.0,0.431212,2374552.0
CIV,CIV_1201,Mignore,2.0,2015,2015,3622.0,0.506624,3043160.0
CIV,CIV_1205,Ande,2.0,2015,2015,13662.0,0.509364,2704538.0
CIV,CIV_1295,Arrah,5.0,2015,2015,21384.0,1.389046,9099504.0
CIV,CIV_1346,Assuefry,2.0,2015,2015,11854.0,0.484087,2896783.0
CIV,CIV_1425,Azaguie,2.0,2015,2015,8675.0,0.555137,4490619.0
CIV,CIV_1453,Bacon,2.0,2015,2015,6118.0,0.495185,3563184.0
CIV,CIV_1482,Bagohouo,2.0,2015,2015,3599.0,0.277449,1295606.0
CIV,CIV_1489,Bahe-Sebon,1.0,2015,2015,3048.0,0.192543,930495.0
CIV,CIV_1575,Bandiahi,2.0,2015,2015,3947.0,0.407623,2659035.0
CIV,CIV_1587,Bangolo,3.0,2015,2015,20323.0,0.819021,4758804.0
CIV,CIV_1661,Baoulifla,1.0,2015,2015,4317.0,0.336975,2040887.0
CIV,CIV_1735,Bayota,3.0,2015,2015,12371.0,0.688516,4329967.0
CIV,CIV_1742,Bazre,1.0,2015,2015,2532.0,0.115333,439880.0
CIV,CIV_1747,Becedi-Brignan,3.0,2015,2015,10805.0,0.457354,2917543.0
CIV,CIV_1754,Bediala,3.0,2015,2015,6426.0,0.583059,3530553.0
CIV,CIV_1779,Belle-Ville,1.0,2015,2015,5050.0,0.309097,1849987.0
CIV,CIV_1829,Beoumi,4.0,2015,2015,25232.0,1.115744,6256137.0
CIV,CIV_183,Adiake,4.0,2015,2015,22396.0,0.994595,6387792.0
CIV,CIV_1864,Biankouma,6.0,2015,2015,27246.0,1.121735,7722058.0
CIV,CIV_1865,Bianouan,1.0,2015,2015,6026.0,0.33261,2692493.0
CIV,CIV_1877,Bieby,2.0,2015,2015,7321.0,0.332291,1851126.0
CIV,CIV_194,Adjamene,2.0,2015,2015,10784.0,0.590731,5501055.0
CIV,CIV_1967,Blenimeouin,2.0,2015,2015,4934.0,0.458774,2449080.0
CIV,CIV_1971,Blolequin,2.0,2015,2015,19603.0,0.620807,5242060.0
CIV,CIV_1978,Bocanda,2.0,2015,2015,15366.0,0.703904,4639198.0
CIV,CIV_1995,Bognonzra,2.0,2015,2015,5735.0,0.681076,4773616.0
CIV,CIV_2038,Bondoukou,21.0,2015,2015,92625.0,4.52395,30278784.0
CIV,CIV_2043,Bongouanou,6.0,2015,2015,32219.0,1.405775,9075500.0
CIV,CIV_2047,Bonon,8.0,2015,2015,54141.0,2.317727,17734400.0
CIV,CIV_2048,Bonoua,11.0,2015,2015,52579.0,2.346859,16240867.0
CIV,CIV_2049,Bonoufla,3.0,2015,2015,10864.0,0.814856,5812781.0
CIV,CIV_2069,Borotou-Koro,2.0,2015,2015,11411.0,0.478028,2717215.0
CIV,CIV_2078,Botro,2.0,2015,2015,16338.0,0.666134,3877127.0
CIV,CIV_2087,Bouafle,13.0,2015,2015,97356.0,3.746169,28502424.0
CIV,CIV_2088,Bouake,87.0,2015,2015,613374.0,25.365412,210651808.0
CIV,CIV_2089,Bouandougou,1.0,2015,2015,10548.0,0.381975,2132377.0
CIV,CIV_2127,Bouna,8.0,2015,2015,46665.0,1.70214,10412083.0
CIV,CIV_2128,Boundiali,11.0,2015,2015,61140.0,2.944068,18866972.0
CIV,CIV_218,Adzope,13.0,2015,2015,75530.0,3.086958,25244720.0
CIV,CIV_223,Affery,5.0,2015,2015,18954.0,1.280123,9999572.0
CIV,CIV_2298,Buyo,5.0,2015,2015,21470.0,0.787939,4236775.0
CIV,CIV_2347,Cechi,2.0,2015,2015,7913.0,0.4284,2175948.0
CIV,CIV_250,Agboville,12.0,2015,2015,73007.0,3.23326,27937366.0
CIV,CIV_2519,Dabakala,6.0,2015,2015,29741.0,0.832745,4871835.0
CIV,CIV_2523,Dabou,12.0,2015,2015,79862.0,3.161797,24976804.0
CIV,CIV_2524,Dabouyo,3.0,2015,2015,12779.0,0.683198,5709165.0
CIV,CIV_2529,Dagadji,2.0,2015,2015,4156.0,0.501973,3189484.0
CIV,CIV_2543,Dairo,2.0,2015,2015,9835.0,0.512411,2957834.0
CIV,CIV_2549,Dakpadou,2.0,2015,2015,9328.0,0.289841,2151068.0
CIV,CIV_2557,Daloa,45.0,2015,2015,282604.0,13.43773,99115984.0
CIV,CIV_2591,Danane,13.0,2015,2015,78118.0,3.032308,24268632.0
CIV,CIV_2608,Daoukro,9.0,2015,2015,55974.0,2.391109,16309104.0
CIV,CIV_261,Agnibilekrou,11.0,2015,2015,53623.0,2.779141,20492742.0
CIV,CIV_2611,Dapeoua,1.0,2015,2015,5722.0,0.223582,1151180.0
CIV,CIV_2709,Diangobo,2.0,2015,2015,7068.0,0.38837,2162348.0
CIV,CIV_2711,Dianra,4.0,2015,2015,26805.0,0.920899,6032813.0
CIV,CIV_2712,Dianra-Village,2.0,2015,2015,11611.0,0.574128,3469067.0
CIV,CIV_2717,Diawala,3.0,2015,2015,14805.0,0.799577,5573824.0
CIV,CIV_2729,Diegonefla,6.0,2015,2015,34949.0,1.502443,10248739.0
CIV,CIV_2736,Dignago,2.0,2015,2015,7198.0,0.339016,2042431.0
CIV,CIV_2742,Dikodougou,3.0,2015,2015,19883.0,0.909187,6334436.0
CIV,CIV_2748,Dimbokro,7.0,2015,2015,42785.0,2.09889,14405542.0
CIV,CIV_2765,Diourouzon,1.0,2015,2015,4660.0,0.222418,1157949.0
CIV,CIV_2786,Divo,25.0,2015,2015,183051.0,6.937816,55956924.0
CIV,CIV_2792,Djapadji,2.0,2015,2015,3624.0,0.461046,2765089.0
CIV,CIV_28,Abengourou,19.0,2015,2015,104096.0,5.695923,47865680.0
CIV,CIV_2816,Doba,1.0,2015,2015,2226.0,0.233699,1143132.0
CIV,CIV_2829,Doka,1.0,2015,2015,1720.0,0.144008,935642.0
CIV,CIV_2862,Doropo,3.0,2015,2015,15271.0,0.934734,6848173.0
CIV,CIV_2873,Doukouya,2.0,2015,2015,7887.0,0.448986,2699251.0
CIV,CIV_288,Ahigbe-Koffikro,1.0,2015,2015,5100.0,0.227808,1375211.0
CIV,CIV_2897,Duekoue,15.0,2015,2015,124812.0,3.689904,25374368.0
CIV,CIV_2944,Ebilassokro,2.0,2015,2015,10021.0,0.50732,3477720.0
CIV,CIV_3151,Essuikro,1.0,2015,2015,5551.0,0.260815,1389161.0
CIV,CIV_32,Abidjan,377.0,2015,2015,4988785.0,129.55664,1223415296.0
CIV,CIV_3230,Ferkessedougou,15.0,2015,2015,74899.0,4.084484,26748276.0
CIV,CIV_3256,Flakiedougou,2.0,2015,2015,11941.0,0.461432,2231776.0
CIV,CIV_3283,Fresco,2.0,2015,2015,9733.0,0.52068,3027826.0
CIV,CIV_3286,Fronan,5.0,2015,2015,27426.0,1.079462,6195038.0
CIV,CIV_3308,Gabiadji,4.0,2015,2015,21474.0,0.909423,9199544.0
CIV,CIV_3317,Gadouan,2.0,2015,2015,14746.0,0.497713,3008661.0
CIV,CIV_3320,Gagnoa,26.0,2015,2015,164876.0,7.08854,55143256.0
CIV,CIV_3331,Galebre,3.0,2015,2015,13783.0,0.705705,4714068.0
CIV,CIV_3371,Gaoussoukro,2.0,2015,2015,4934.0,0.344272,1525482.0
CIV,CIV_3380,Garango,2.0,2015,2015,7461.0,0.437091,3197259.0
CIV,CIV_3434,Gbagbam,3.0,2015,2015,4611.0,0.432864,2289379.0
CIV,CIV_3438,Gbapleu,3.0,2015,2015,14460.0,0.803872,4817037.0
CIV,CIV_3446,Gbolouville,3.0,2015,2015,10399.0,0.379623,1890684.0
CIV,CIV_3543,Gnato,1.0,2015,2015,3836.0,0.251954,2081626.0
CIV,CIV_3554,Gohitafla,3.0,2015,2015,19227.0,0.699935,4412857.0
CIV,CIV_3555,Gohouo-Zagna,1.0,2015,2015,5968.0,0.356164,2125720.0
CIV,CIV_3568,Gomeneberi,1.0,2015,2015,2164.0,0.234376,1080040.0
CIV,CIV_3570,Gomon I,2.0,2015,2015,6516.0,0.32093,1616211.0
CIV,CIV_3571,Gonate,3.0,2015,2015,25471.0,0.824838,5360436.0
CIV,CIV_3602,Grabo,2.0,2015,2015,6925.0,0.378529,2290168.0
CIV,CIV_3607,Grand-Lahou,7.0,2015,2015,30503.0,1.36439,9509208.0
CIV,CIV_3608,Grand-Zattry,4.0,2015,2015,14758.0,0.710416,4014222.0
CIV,CIV_3613,Grihiri,1.0,2015,2015,2710.0,0.289327,1657305.0
CIV,CIV_3633,Guepahouo,3.0,2015,2015,13437.0,0.712226,4171099.0
CIV,CIV_3638,Guessabo,2.0,2015,2015,14950.0,0.645175,3817704.0
CIV,CIV_3640,Gueyo,3.0,2015,2015,23211.0,0.753017,5767606.0
CIV,CIV_3641,Guezon,2.0,2015,2015,10479.0,0.612072,4352240.0
CIV,CIV_3645,Guiberoua,5.0,2015,2015,19561.0,0.903797,5889029.0
CIV,CIV_3651,Guiglo,9.0,2015,2015,78527.0,2.628368,18858740.0
CIV,CIV_3654,Guinglo-Tahouake,1.0,2015,2015,2756.0,0.268162,1472233.0
CIV,CIV_3656,Guitry,3.0,2015,2015,16149.0,0.81782,5332534.0
CIV,CIV_3798,Hermankono-Garo,3.0,2015,2015,13362.0,0.620112,4038933.0
CIV,CIV_3811,Hire,8.0,2015,2015,46242.0,2.092452,14609610.0
CIV,CIV_4129,Issia,11.0,2015,2015,68923.0,2.557483,17054236.0
CIV,CIV_4167,Jacqueville,3.0,2015,2015,10220.0,0.617106,3856489.0
CIV,CIV_421,Akoupe,5.0,2015,2015,21091.0,1.349731,10206564.0
CIV,CIV_4409,Kahin-Zarabaon,2.0,2015,2015,10781.0,0.377962,2688159.0
CIV,CIV_4495,Kanakono,1.0,2015,2015,5894.0,0.355687,2258172.0
CIV,CIV_4533,Kaouara,1.0,2015,2015,2393.0,0.166663,911439.0
CIV,CIV_46,Aboisso,9.0,2015,2015,46634.0,1.981804,19750966.0
CIV,CIV_4648,Katiola,10.0,2015,2015,51317.0,2.470019,17643528.0
CIV,CIV_47,Aboisso-Comoe,1.0,2015,2015,7205.0,0.328925,2369257.0
CIV,CIV_4962,Kolia,2.0,2015,2015,10433.0,0.522219,2760203.0
CIV,CIV_4978,Konedougou,2.0,2015,2015,5449.0,0.410164,2362628.0
CIV,CIV_4979,Kong,2.0,2015,2015,10780.0,0.390258,2194034.0
CIV,CIV_4987,Kononfla,4.0,2015,2015,19633.0,1.005915,6655663.0
CIV,CIV_4997,Korhogo,63.0,2015,2015,323122.0,16.744051,120839240.0
CIV,CIV_5010,Kouamefla,2.0,2015,2015,4776.0,0.413389,2694605.0
CIV,CIV_5012,Kouibly,2.0,2015,2015,16950.0,0.58761,3258719.0
CIV,CIV_5033,Kouto,4.0,2015,2015,19357.0,0.975825,5199400.0
CIV,CIV_5050,Krazandougou,1.0,2015,2015,4159.0,0.274526,1585446.0
CIV,CIV_5203,Lakota,9.0,2015,2015,68630.0,2.264581,16229357.0
CIV,CIV_5298,Loboville,1.0,2015,2015,3270.0,0.109253,410061.0
CIV,CIV_53,Abongoua 1,2.0,2015,2015,7880.0,0.388623,2454332.0
CIV,CIV_5304,Logouale,3.0,2015,2015,13983.0,0.575195,3297863.0
CIV,CIV_5359,Luenoufla,2.0,2015,2015,6436.0,0.584311,3530287.0
CIV,CIV_5463,Mafere,4.0,2015,2015,10608.0,0.698047,4560265.0
CIV,CIV_5524,Mahapleu,5.0,2015,2015,21123.0,0.971175,6362017.0
CIV,CIV_5631,Man,27.0,2015,2015,170929.0,6.064569,50591888.0
CIV,CIV_5670,Mankono,4.0,2015,2015,20580.0,0.948686,5590806.0
CIV,CIV_5699,Manzanouan,2.0,2015,2015,5893.0,0.346779,2178139.0
CIV,CIV_58,Aboude-Kouassikro,2.0,2015,2015,5039.0,0.357457,3225244.0
CIV,CIV_5840,M'Bahiakro,2.0,2015,2015,15491.0,0.740306,4312551.0
CIV,CIV_5857,M'Batto,3.0,2015,2015,22391.0,1.012207,6902986.0
CIV,CIV_5861,M'Bengue,4.0,2015,2015,16992.0,0.914586,5537885.0
CIV,CIV_5894,Meagui,9.0,2015,2015,69574.0,2.683009,20726470.0
CIV,CIV_6223,Monoko-Zohi,1.0,2015,2015,2205.0,0.233076,1441131.0
CIV,CIV_6271,Moussadougou,3.0,2015,2015,8085.0,0.696261,5704918.0
CIV,CIV_6529,Nambingue,1.0,2015,2015,2974.0,0.293282,1803211.0
CIV,CIV_6634,N'Douci,5.0,2015,2015,45353.0,1.180568,8544884.0
CIV,CIV_6737,Niable,4.0,2015,2015,16371.0,0.879436,6997680.0
CIV,CIV_6739,Niakaramadougou,6.0,2015,2015,33020.0,1.298167,7698691.0
CIV,CIV_6750,Niapidou,2.0,2015,2015,6858.0,0.265812,1707955.0
CIV,CIV_6755,Nielle,3.0,2015,2015,15654.0,0.713809,4325545.0
CIV,CIV_6772,Nizahon 1,1.0,2015,2015,2774.0,0.137604,459251.0
CIV,CIV_6929,N'Zianouan,2.0,2015,2015,13985.0,0.594859,3750701.0
CIV,CIV_6963,Odienne,14.0,2015,2015,62871.0,3.540737,24829620.0
CIV,CIV_6997,Ogoudou,2.0,2015,2015,7071.0,0.362596,2069837.0
CIV,CIV_7055,Okromodou,1.0,2015,2015,2724.0,0.2643,1434935.0
CIV,CIV_7056,Okrouyo,2.0,2015,2015,11961.0,0.445363,2389386.0
CIV,CIV_7160,Ouangolodougou,7.0,2015,2015,35806.0,1.821663,12146137.0
CIV,CIV_7165,Ouattaradougou,1.0,2015,2015,2690.0,0.225849,1452557.0
CIV,CIV_7224,Oume,7.0,2015,2015,47178.0,1.894426,13503439.0
CIV,CIV_7226,Oupoyo,3.0,2015,2015,11066.0,0.782086,4908792.0
CIV,CIV_7227,Ouragahio,4.0,2015,2015,16012.0,0.913304,6484949.0
CIV,CIV_7285,Para,3.0,2015,2015,12667.0,0.709278,4741200.0
CIV,CIV_7299,Pelezi,2.0,2015,2015,5746.0,0.418682,2389450.0
CIV,CIV_7560,Rubino,2.0,2015,2015,7399.0,0.43674,2330779.0
CIV,CIV_7660,Sahoua,1.0,2015,2015,2292.0,0.176022,583791.0
CIV,CIV_7676,Saioua,5.0,2015,2015,24974.0,1.200513,7602030.0
CIV,CIV_7679,Sakassou,3.0,2015,2015,16557.0,0.618298,3052870.0
CIV,CIV_7763,Sankadiokro,2.0,2015,2015,5907.0,0.42382,2743460.0
CIV,CIV_7768,San-Pedro,26.0,2015,2015,237059.0,6.96132,65942880.0
CIV,CIV_7800,Sassandra,4.0,2015,2015,24861.0,1.020918,9967165.0
CIV,CIV_7815,Scierie Jacob,1.0,2015,2015,2791.0,0.226324,939545.0
CIV,CIV_7836,Seguela,10.0,2015,2015,65091.0,2.782815,20973044.0
CIV,CIV_7859,Semien,2.0,2015,2015,5046.0,0.380129,1906891.0
CIV,CIV_8081,Sietinfla,1.0,2015,2015,3102.0,0.232789,1075292.0
CIV,CIV_8094,Sikensi,10.0,2015,2015,42916.0,1.742724,11306624.0
CIV,CIV_8109,Sinematiali,4.0,2015,2015,20890.0,0.956985,5812377.0
CIV,CIV_8110,Sinfra,11.0,2015,2015,69317.0,3.270135,23340826.0
CIV,CIV_8166,Songan,1.0,2015,2015,2508.0,0.184305,888352.0
CIV,CIV_8183,Soubre,19.0,2015,2015,147814.0,5.729206,40980656.0
CIV,CIV_8260,Tabou,5.0,2015,2015,31279.0,1.031515,7023239.0
CIV,CIV_8271,Tafire,3.0,2015,2015,16529.0,0.921439,4986407.0
CIV,CIV_8352,Tanda,4.0,2015,2015,28904.0,1.074566,6153740.0
CIV,CIV_8412,Tchefrodouo,1.0,2015,2015,2226.0,0.181343,947750.0
CIV,CIV_8449,Tengrela,6.0,2015,2015,40831.0,1.78408,10598224.0
CIV,CIV_8487,Tiassale,4.0,2015,2015,24047.0,0.9552,6218605.0
CIV,CIV_8498,Tiebissou,5.0,2015,2015,24782.0,1.041053,5812986.0
CIV,CIV_8582,Tortiya,3.0,2015,2015,17882.0,0.857237,5119913.0
CIV,CIV_8585,Touba,7.0,2015,2015,35522.0,1.382145,8382387.0
CIV,CIV_8594,Touih,2.0,2015,2015,10529.0,0.625534,4426460.0
CIV,CIV_8597,Toumodi,9.0,2015,2015,47768.0,2.23273,14597516.0
CIV,CIV_8819,Vavoua,8.0,2015,2015,50753.0,2.273157,20369760.0
CIV,CIV_8966,Watte,1.0,2015,2015,2119.0,0.22982,1594901.0
CIV,CIV_9035,Yabayo,4.0,2015,2015,22494.0,1.23026,7825982.0
CIV,CIV_9042,Yakasse-Attobrou,4.0,2015,2015,13657.0,0.63274,3912474.0
CIV,CIV_9043,Yakasse-Me,2.0,2015,2015,13427.0,0.395501,2656148.0
CIV,CIV_9054,Yamoussoukro,31.0,2015,2015,175048.0,7.761346,53946152.0
CIV,CIV_9105,Zagne,4.0,2015,2015,17346.0,0.659407,3616779.0
CIV,CIV_9108,Zaguieta,1.0,2015,2015,4931.0,0.199191,1052473.0
CIV,CIV_9119,Zaliohouan,2.0,2015,2015,7556.0,0.498969,3325183.0
CIV,CIV_9146,Zeaglo,1.0,2015,2015,4412.0,0.228765,1455984.0
CIV,CIV_9183,Zou,1.0,2015,2015,3832.0,0.232143,997303.0
CIV,CIV_9184,Zouan,1.0,2015,2015,1424.0,0.109003,527316.0
CIV,CIV_9185,Zouan-Hounien,6.0,2015,2015,38347.0,1.423533,9386263.0
CIV,CIV_9187,Zoukougbeu,3.0,2015,2015,11280.0,0.668532,3780157.0
CIV,CIV_9191,Zuenoufla,5.0,2015,2015,34924.0,1.278619,8463148.0
CMR,CMR_1156,Ambam,4.0,2015,2015,10348.0,0.953381,6465625.0
CMR,CMR_1392,Awing,23.0,2015,2015,17124.0,1.852918,6678661.0
CMR,CMR_1423,Ayos,4.0,2015,2015,12112.0,0.664808,3509018.0
CMR,CMR_1441,Baba 1,4.0,2015,2015,5021.0,0.411038,1205642.0
CMR,CMR_1449,Babessi,3.0,2015,2015,5124.0,0.35487,1445605.0
CMR,CMR_1451,Babungo,9.0,2015,2015,10042.0,0.698502,2791804.0
CMR,CMR_1465,Bafang,12.0,2015,2015,22919.0,1.757502,15300458.0
CMR,CMR_1466,Bafanji,6.0,2015,2015,4516.0,0.377915,945517.0
CMR,CMR_1468,Bafia,18.0,2015,2015,53262.0,3.477904,24166968.0
CMR,CMR_1470,Bafoussam,1574.0,2015,2015,1004098.0,145.023232,723450304.0
CMR,CMR_1534,Bali,9.0,2015,2015,16592.0,1.737568,13107475.0
CMR,CMR_1536,Balikumbat,9.0,2015,2015,9043.0,0.751441,2147604.0
CMR,CMR_1548,Bambalang,9.0,2015,2015,14624.0,1.074534,4541891.0
CMR,CMR_1558,Bamenda,108.0,2015,2015,330974.0,22.672386,216012448.0
CMR,CMR_1560,Bamessing,15.0,2015,2015,20462.0,1.904477,7618693.0
CMR,CMR_1563,Bamumkumbit 1,4.0,2015,2015,4325.0,0.339419,1076964.0
CMR,CMR_1586,Bangolan,3.0,2015,2015,6473.0,0.589261,2876035.0
CMR,CMR_1649,Bankim,3.0,2015,2015,12786.0,0.679471,4284254.0
CMR,CMR_1658,Banyo,7.0,2015,2015,42896.0,1.519299,13254214.0
CMR,CMR_1716,Batibo,15.0,2015,2015,18973.0,1.548368,6585836.0
CMR,CMR_1722,Batouri,12.0,2015,2015,53836.0,2.199848,15323171.0
CMR,CMR_1773,Belabo,4.0,2015,2015,15284.0,0.845254,5003859.0
CMR,CMR_1846,Bertoua,38.0,2015,2015,155700.0,8.669329,65966760.0
CMR,CMR_1869,Bibemi,2.0,2015,2015,6855.0,0.417152,1983987.0
CMR,CMR_1914,Binka,3.0,2015,2015,4831.0,0.260538,1447739.0
CMR,CMR_1965,Blangoua,2.0,2015,2015,10000.0,0.477892,2793494.0
CMR,CMR_1996,Bogo,3.0,2015,2015,19149.0,0.819313,5302374.0
CMR,CMR_211,Adoumri,2.0,2015,2015,8027.0,0.418529,1908686.0
CMR,CMR_2135,Bourrha,2.0,2015,2015,8240.0,0.347592,1505622.0
CMR,CMR_2180,Buea,38.0,2015,2015,165901.0,6.957127,50333692.0
CMR,CMR_2687,Demsa,3.0,2015,2015,9207.0,0.489771,2171406.0
CMR,CMR_2723,Dibombari,2.0,2015,2015,5410.0,0.297287,1148734.0
CMR,CMR_2751,Din,4.0,2015,2015,4662.0,0.282456,828607.0
CMR,CMR_2810,Djottin,1.0,2015,2015,732.0,0.032911,82290.0
CMR,CMR_2859,Doreissou,1.0,2015,2015,1152.0,0.065282,163230.0
CMR,CMR_2866,Douala,231.0,2015,2015,2424964.0,73.646648,669806848.0
CMR,CMR_2872,Doukoula,4.0,2015,2015,7530.0,0.477299,1929781.0
CMR,CMR_2874,Doumo,2.0,2015,2015,5675.0,0.348739,1168644.0
CMR,CMR_2940,Kye Ossi/Ebebiyin [CAM],4.0,2015,2015,12005.0,0.794602,5156677.0
CMR,CMR_2946,Ebolowa I,18.0,2015,2015,83060.0,4.016532,27956816.0
CMR,CMR_2956,Edea,15.0,2015,2015,53177.0,3.091455,21593756.0
CMR,CMR_2998,Ekombe Bonji,2.0,2015,2015,6898.0,0.366203,1145147.0
CMR,CMR_2999,Ekona Mbenge,2.0,2015,2015,8676.0,0.47434,3361748.0
CMR,CMR_3000,Ekondo-Titi,4.0,2015,2015,22014.0,0.756345,4680106.0
CMR,CMR_3141,Eseka,6.0,2015,2015,16469.0,1.07763,6187268.0
CMR,CMR_3154,Esu,4.0,2015,2015,5675.0,0.426332,2209451.0
CMR,CMR_3241,Figuil centre,3.0,2015,2015,25594.0,0.839917,5231934.0
CMR,CMR_3265,Gamboru/Fotokol [CMR],3.0,2015,2015,14553.0,0.549195,2791068.0
CMR,CMR_3269,Foumban,21.0,2015,2015,93401.0,5.540235,62203076.0
CMR,CMR_3270,Foumbot,12.0,2015,2015,40324.0,2.778673,19061592.0
CMR,CMR_3289,Fundong,23.0,2015,2015,15880.0,1.493426,8697558.0
CMR,CMR_3392,Garoua,45.0,2015,2015,413876.0,12.666457,87755496.0
CMR,CMR_3393,Garoua-Boulai ,7.0,2015,2015,34516.0,1.630752,12563371.0
CMR,CMR_3419,Gazawa,2.0,2015,2015,13482.0,0.509767,3177626.0
CMR,CMR_3548,Gobo,3.0,2015,2015,6188.0,0.445369,2167741.0
CMR,CMR_3631,Gueme,2.0,2015,2015,5347.0,0.299823,1307556.0
CMR,CMR_3647,Guider,17.0,2015,2015,110437.0,3.260776,19878366.0
CMR,CMR_3648,Guidiguis,4.0,2015,2015,16104.0,0.806016,4256768.0
CMR,CMR_417,Akonolinga,6.0,2015,2015,20630.0,1.307661,8578498.0
CMR,CMR_4294,Kaele,15.0,2015,2015,70335.0,2.250307,11441617.0
CMR,CMR_4695,Kejom Ketinguh,7.0,2015,2015,5095.0,0.512274,2257129.0
CMR,CMR_4696,Kekem,3.0,2015,2015,7723.0,0.712731,4017941.0
CMR,CMR_5031,Koutaba,10.0,2015,2015,11474.0,1.315008,5039626.0
CMR,CMR_5037,Koza,5.0,2015,2015,18200.0,0.695885,2787278.0
CMR,CMR_5052,Kribi,16.0,2015,2015,62204.0,3.015513,19226368.0
CMR,CMR_5114,Kumba,27.0,2015,2015,213031.0,7.077865,57026320.0
CMR,CMR_5117,Kumbo,26.0,2015,2015,71349.0,3.541457,29056924.0
CMR,CMR_5197,Lagdo,4.0,2015,2015,27445.0,0.905845,5524853.0
CMR,CMR_52,Abong-Mbang,4.0,2015,2015,17876.0,1.039944,7187956.0
CMR,CMR_5277,Limbe,28.0,2015,2015,176521.0,6.56688,60007176.0
CMR,CMR_5327,Loum,5.0,2015,2015,37816.0,1.940335,14407493.0
CMR,CMR_5455,Madingring,3.0,2015,2015,7897.0,0.451941,2179775.0
CMR,CMR_5471,Maga,3.0,2015,2015,13036.0,0.88417,5511632.0
CMR,CMR_5478,Magba,4.0,2015,2015,8789.0,0.82935,4395327.0
CMR,CMR_5553,Makak,3.0,2015,2015,3068.0,0.420808,1818622.0
CMR,CMR_5564,Makenene,6.0,2015,2015,7976.0,1.060799,5748820.0
CMR,CMR_5600,Malantouen,10.0,2015,2015,9380.0,1.147257,3976353.0
CMR,CMR_5626,Mamfe,7.0,2015,2015,50733.0,1.447331,10639806.0
CMR,CMR_5666,Manjo,3.0,2015,2015,16008.0,0.943815,7076957.0
CMR,CMR_5733,Maroua,43.0,2015,2015,338902.0,11.524503,78807520.0
CMR,CMR_5827,Mayo Oulo,3.0,2015,2015,12830.0,0.630105,2975086.0
CMR,CMR_5841,Mbai Mboum,2.0,2015,2015,11929.0,0.594841,3502132.0
CMR,CMR_5848,Mbalmayo,10.0,2015,2015,34863.0,2.413674,16431800.0
CMR,CMR_5851,Mbandjock,3.0,2015,2015,13355.0,0.707887,4110744.0
CMR,CMR_5852,Mbanga,5.0,2015,2015,31900.0,1.639498,10663648.0
CMR,CMR_5862,Mbengwi,20.0,2015,2015,28509.0,2.045597,10508220.0
CMR,CMR_5915,Meiganga,11.0,2015,2015,85724.0,2.556803,17719520.0
CMR,CMR_5932,Melong,6.0,2015,2015,29293.0,1.551881,10984023.0
CMR,CMR_5977,Mfou,7.0,2015,2015,4633.0,0.997034,5455100.0
CMR,CMR_6011,Mindif,4.0,2015,2015,9753.0,0.495507,1911717.0
CMR,CMR_6167,Mmen,10.0,2015,2015,10257.0,0.650173,2558154.0
CMR,CMR_6183,Mogode ,2.0,2015,2015,5629.0,0.362821,1875366.0
CMR,CMR_6202,Mokolo,12.0,2015,2015,102803.0,2.350567,15378856.0
CMR,CMR_6216,Monatele,4.0,2015,2015,5098.0,0.748293,4591585.0
CMR,CMR_6234,Mora,11.0,2015,2015,74031.0,2.131126,13152640.0
CMR,CMR_6439,Muyuka,6.0,2015,2015,33200.0,1.43315,9296828.0
CMR,CMR_6545,Nanga-Eboko,7.0,2015,2015,22489.0,1.101882,5796011.0
CMR,CMR_6624,Ndikinimeki,6.0,2015,2015,8191.0,0.838673,3435710.0
CMR,CMR_6626,Ndjamena/Kousseri [CMR],21.0,2015,2015,203366.0,5.293614,33871028.0
CMR,CMR_6632,Ndop,12.0,2015,2015,33289.0,2.471775,16197628.0
CMR,CMR_6636,Ndu,9.0,2015,2015,24667.0,1.002915,5999572.0
CMR,CMR_6691,Ngaoui ,2.0,2015,2015,7979.0,0.403344,2520720.0
CMR,CMR_6692,Ngaoundal,7.0,2015,2015,32952.0,1.790739,12366418.0
CMR,CMR_6693,Ngaoundere,48.0,2015,2015,198264.0,11.748316,103709360.0
CMR,CMR_6711,Ngong,5.0,2015,2015,32180.0,1.349588,8707347.0
CMR,CMR_6775,Njinikom,64.0,2015,2015,50509.0,3.988102,18263908.0
CMR,CMR_6778,Njombe,3.0,2015,2015,13137.0,1.079356,7275786.0
CMR,CMR_6783,Nkambe,4.0,2015,2015,17489.0,1.006102,9271288.0
CMR,CMR_6799,Nkongsamba,14.0,2015,2015,84560.0,4.184808,43726800.0
CMR,CMR_6805,Nkoteng,5.0,2015,2015,15505.0,1.059778,6060437.0
CMR,CMR_6880,Ntui,5.0,2015,2015,15320.0,1.10346,8032605.0
CMR,CMR_6934,Obala,19.0,2015,2015,19400.0,3.042294,17352376.0
CMR,CMR_7080,Ombessa,4.0,2015,2015,7678.0,0.683819,4247388.0
CMR,CMR_7303,Penja-Ville,2.0,2015,2015,8179.0,0.667311,4923564.0
CMR,CMR_7306,Pete,2.0,2015,2015,3664.0,0.277189,1092809.0
CMR,CMR_7338,Pitoa,6.0,2015,2015,30742.0,1.123227,5606486.0
CMR,CMR_7351,Poli,3.0,2015,2015,11230.0,0.509856,2826738.0
CMR,CMR_7372,Pouss,11.0,2015,2015,33099.0,1.69511,8608388.0
CMR,CMR_7602,Sa'a,4.0,2015,2015,3901.0,0.711691,5404079.0
CMR,CMR_7752,Sangmelima,7.0,2015,2015,37317.0,2.179327,16864708.0
CMR,CMR_7771,Santa,29.0,2015,2015,26985.0,3.285016,17921208.0
CMR,CMR_7775,Santchou,3.0,2015,2015,4478.0,0.767534,4727391.0
CMR,CMR_8419,Tchollire,3.0,2015,2015,11829.0,0.542937,2947172.0
CMR,CMR_8489,Tibati,6.0,2015,2015,30734.0,1.314938,8351695.0
CMR,CMR_8502,Tignere,5.0,2015,2015,12073.0,0.748847,4943288.0
CMR,CMR_8507,Tiko,7.0,2015,2015,49794.0,2.012242,14245046.0
CMR,CMR_8558,Tombel,3.0,2015,2015,13720.0,0.84869,4937222.0
CMR,CMR_8565,Tonga,4.0,2015,2015,6945.0,0.883102,6679384.0
CMR,CMR_8588,Touboro,8.0,2015,2015,44497.0,1.402283,9347172.0
CMR,CMR_8602,Tourou/Turu [CMR],6.0,2015,2015,7778.0,0.293054,782313.0
CMR,CMR_8603,Touroua,2.0,2015,2015,13132.0,0.508704,2410074.0
CMR,CMR_9023,Wum,8.0,2015,2015,32624.0,1.460641,11487388.0
CMR,CMR_9040,Yagoua,12.0,2015,2015,68524.0,2.320869,14240982.0
CMR,CMR_9059,Yaounde,331.0,2015,2015,2805922.0,82.050032,872765632.0
CMR,CMR_9086,Yokadouma,7.0,2015,2015,30986.0,1.222193,7754101.0
COD,COD_10,Aba,13.0,2015,2015,17746.0,1.382084,5257245.0
COD,COD_1221,Ankoro,6.0,2015,2015,31801.0,1.242881,5842159.0
COD,COD_1250,Apala/Rubanga,18.0,2015,2015,15281.0,0.758396,2030440.0
COD,COD_1299,Aru,17.0,2015,2015,36943.0,2.663931,15984985.0
COD,COD_137,Bakongo ,6.0,2015,2015,33979.0,1.297987,8632901.0
COD,COD_1472,Bafwasende,3.0,2015,2015,32236.0,0.5416,3195128.0
COD,COD_1479,Bagata,4.0,2015,2015,25529.0,0.964453,6049655.0
COD,COD_1480,Bakpulu,2.0,2015,2015,3708.0,0.2347,586822.0
COD,COD_1514,Bakwa-Gambo/Mokoka,6.0,2015,2015,8207.0,0.314106,785391.0
COD,COD_1515,Lusanga/Luka,3.0,2015,2015,7480.0,0.230751,576978.0
COD,COD_1516,Bakwa-Nsakalongo,2.0,2015,2015,5353.0,0.300335,893757.0
COD,COD_1517,Bakwa-Nzeba,4.0,2015,2015,10784.0,0.702759,4379268.0
COD,COD_1518,Bakwa-Tshibaka,6.0,2015,2015,19664.0,0.805588,2685268.0
COD,COD_1519,Bakwa-Tshileo/Bena-Ntita,10.0,2015,2015,24623.0,1.492997,6411390.0
COD,COD_1525,Balamba/Kasumbalela [ZAR],28.0,2015,2015,103444.0,6.993391,43640664.0
COD,COD_1556,Bambo,2.0,2015,2015,16948.0,0.526618,5567578.0
COD,COD_1573,Bandi,2.0,2015,2015,7080.0,0.361498,1623761.0
COD,COD_1579,Basoko,4.0,2015,2015,33606.0,0.985073,6414628.0
COD,COD_1580,Bandundu,26.0,2015,2015,193744.0,7.14817,54018324.0
COD,COD_1583,Bangadi,4.0,2015,2015,7061.0,0.367977,953480.0
COD,COD_1646,Bankana,2.0,2015,2015,10020.0,0.423377,2241887.0
COD,COD_1669,Baraka,16.0,2015,2015,135561.0,4.048144,27768588.0
COD,COD_1698,Basankusu,7.0,2015,2015,49380.0,1.340141,7311947.0
COD,COD_1700,Bosekpanga,6.0,2015,2015,8170.0,0.393169,983032.0
COD,COD_1725,Batua-Ishama,6.0,2015,2015,16251.0,0.672672,2334323.0
COD,COD_1794,Bena-Boya,3.0,2015,2015,31125.0,0.880903,5880518.0
COD,COD_1796,Bena-Dibele,5.0,2015,2015,46784.0,0.844154,5330075.0
COD,COD_1797,Bena-Kabimba,10.0,2015,2015,24130.0,1.039159,3225711.0
COD,COD_1798,Bena-Katomba,5.0,2015,2015,7545.0,0.542836,1846057.0
COD,COD_1799,Bena-Kayemba-A-Tshimanga,4.0,2015,2015,5808.0,0.180054,450230.0
COD,COD_1800,Bena-Leka,3.0,2015,2015,18687.0,0.677213,3561247.0
COD,COD_1801,Bena-Mushia,11.0,2015,2015,14891.0,0.591161,1478099.0
COD,COD_1803,Bena-Tshiamba,8.0,2015,2015,12723.0,0.431072,1080505.0
COD,COD_1804,Bena-Tshibangu,8.0,2015,2015,25498.0,1.170413,5806322.0
COD,COD_1805,Bena-Tshishimbi,8.0,2015,2015,28235.0,1.017318,4174059.0
COD,COD_1806,Bena-Tshitala,2.0,2015,2015,1652.0,0.055802,139563.0
COD,COD_1807,Bendere/Mavivi,5.0,2015,2015,13316.0,0.712023,3819257.0
COD,COD_1810,Beni,52.0,2015,2015,251930.0,12.232348,102339824.0
COD,COD_1862,Biakutu,4.0,2015,2015,27900.0,0.775241,6526474.0
COD,COD_1863,Biambe,4.0,2015,2015,13732.0,0.571463,3704612.0
COD,COD_1879,Biera,4.0,2015,2015,27753.0,0.823436,6430208.0
COD,COD_1886,Bikoro,5.0,2015,2015,20525.0,0.68511,3590848.0
COD,COD_1893,Bili,4.0,2015,2015,9279.0,0.479376,2238675.0
COD,COD_1897,Bili-Moke ,6.0,2015,2015,28267.0,1.141297,6714819.0
COD,COD_1910,Binga,8.0,2015,2015,20539.0,1.198031,5653176.0
COD,COD_1912,Bingi,3.0,2015,2015,8320.0,0.332298,3053673.0
COD,COD_1924,Birava,6.0,2015,2015,14896.0,0.454874,1263063.0
COD,COD_1954,Bita,2.0,2015,2015,3894.0,0.122726,306876.0
COD,COD_1972,Blukwa/Drodo/Djauda,7.0,2015,2015,10778.0,0.332434,831190.0
COD,COD_1982,Bodango,2.0,2015,2015,3689.0,0.199956,502019.0
COD,COD_1984,Bodeme II,2.0,2015,2015,4729.0,0.312682,791278.0
COD,COD_1989,Boeli,4.0,2015,2015,5556.0,0.171391,428428.0
COD,COD_1990,Boende,6.0,2015,2015,74340.0,1.324379,9706948.0
COD,COD_1998,Bogose-Mubea,2.0,2015,2015,4799.0,0.177419,462109.0
COD,COD_2008,Bokata,3.0,2015,2015,9925.0,0.29572,909869.0
COD,COD_2014,Bokoro,4.0,2015,2015,22521.0,0.966038,5853465.0
COD,COD_2017,Bokungu,3.0,2015,2015,11971.0,0.089184,247774.0
COD,COD_2023,Bolobo,6.0,2015,2015,43356.0,1.792462,11064812.0
COD,COD_2024,Bolongbolo,1.0,2015,2015,3767.0,0.19273,947184.0
COD,COD_2025,Boma,32.0,2015,2015,288804.0,8.276212,85377264.0
COD,COD_2027,Bombakabo,3.0,2015,2015,8637.0,0.370089,1135783.0
COD,COD_2028,Bombala,7.0,2015,2015,55715.0,1.190217,8012262.0
COD,COD_2032,Bomongo,2.0,2015,2015,11126.0,0.5624,2921410.0
COD,COD_2036,Bondo,8.0,2015,2015,56278.0,2.128272,14219048.0
COD,COD_2039,Bonduru,4.0,2015,2015,5214.0,0.256943,642454.0
COD,COD_2053,Bonzo,3.0,2015,2015,8679.0,0.492578,1240470.0
COD,COD_2071,Bowagboko,2.0,2015,2015,3586.0,0.19252,481345.0
COD,COD_2072,Bosobolo,3.0,2015,2015,11109.0,0.432607,2160093.0
COD,COD_2149,Boyabo,3.0,2015,2015,6752.0,0.207259,627269.0
COD,COD_2150,Boyasebalanga,6.0,2015,2015,16521.0,0.549627,1780921.0
COD,COD_2151,Bozene,5.0,2015,2015,22562.0,0.7249,5198908.0
COD,COD_2152,Mogalo,2.0,2015,2015,8155.0,0.24437,730267.0
COD,COD_2153,Bozoko,2.0,2015,2015,5424.0,0.306733,949181.0
COD,COD_2171,Bubanda,3.0,2015,2015,4804.0,0.235623,588719.0
COD,COD_2178,Budjala,3.0,2015,2015,16110.0,0.841595,5911226.0
COD,COD_2191,Bugumya ,5.0,2015,2015,19327.0,0.385698,1073854.0
COD,COD_2192,Buhumba (west),2.0,2015,2015,9016.0,0.327856,1383782.0
COD,COD_2196,Ingbokolo/Bukalwa/Adi,13.0,2015,2015,12142.0,0.966568,3245200.0
COD,COD_2197,Bukama,3.0,2015,2015,38617.0,0.859971,5967890.0
COD,COD_2198,Bukavu,98.0,2015,2015,809662.0,15.803365,189777488.0
COD,COD_2214,Bulongo 2,2.0,2015,2015,6347.0,0.304524,1339913.0
COD,COD_2219,Bulula,3.0,2015,2015,16717.0,0.65673,3502769.0
COD,COD_2220,Bulungu,8.0,2015,2015,70999.0,2.145634,14770819.0
COD,COD_2232,Bunia,54.0,2015,2015,377480.0,10.872977,85938832.0
COD,COD_2234,Bunkeya,4.0,2015,2015,12583.0,0.640795,3333640.0
COD,COD_2237,Bunyakiri,5.0,2015,2015,26091.0,0.722787,8660562.0
COD,COD_2263,Buseregenya,2.0,2015,2015,14949.0,0.63751,3352754.0
COD,COD_2269,Businga,7.0,2015,2015,24356.0,1.237133,6358778.0
COD,COD_2273,Boso Congo,5.0,2015,2015,10557.0,0.334917,908164.0
COD,COD_2275,Buta,14.0,2015,2015,102315.0,3.596008,27172024.0
COD,COD_2280,Butembo,88.0,2015,2015,651333.0,24.118818,306669120.0
COD,COD_2297,Buy-Bwa-Dalamba,6.0,2015,2015,24668.0,1.147441,5271179.0
COD,COD_2300,Bwamanda,6.0,2015,2015,20295.0,1.104716,7902832.0
COD,COD_2301,Bwamandema,3.0,2015,2015,6076.0,0.204092,513921.0
COD,COD_2306,Bwila,3.0,2015,2015,5583.0,0.075981,190012.0
COD,COD_2400,Gisenyi/Goma/Kisoro/Bunagana [ZAR] 2,12.0,2015,2015,28541.0,0.755515,2057071.0
COD,COD_2676,Dekese,3.0,2015,2015,18540.0,0.527324,2629551.0
COD,COD_2682,Demba,10.0,2015,2015,52970.0,2.106896,12111349.0
COD,COD_2705,Diadia,3.0,2015,2015,12410.0,0.642373,4340150.0
COD,COD_2707,Diambo/Tshipama Mulundu,3.0,2015,2015,6778.0,0.491715,2096232.0
COD,COD_2720,Dibaya-Lubue,8.0,2015,2015,63982.0,1.829688,13075470.0
COD,COD_2745,Dilolo,10.0,2015,2015,37498.0,1.836783,10163418.0
COD,COD_2761,Diongo,2.0,2015,2015,6929.0,0.375244,1717434.0
COD,COD_2788,Andata,7.0,2015,2015,7354.0,0.432735,1250463.0
COD,COD_2805,Djindji,2.0,2015,2015,5975.0,0.3079,1094355.0
COD,COD_2807,Djokupunda ,3.0,2015,2015,20057.0,0.77186,4578714.0
COD,COD_2808,Djolu,5.0,2015,2015,22816.0,0.378336,1327281.0
COD,COD_2809,Djori ,3.0,2015,2015,17554.0,0.574209,3258906.0
COD,COD_2843,Domiongo,2.0,2015,2015,15318.0,0.44086,2173021.0
COD,COD_2847,Dondo,2.0,2015,2015,11006.0,0.539009,2840275.0
COD,COD_2850,Dongo,3.0,2015,2015,12261.0,0.357566,1784176.0
COD,COD_2851,Dongo-Kuma,3.0,2015,2015,11121.0,0.350713,1129718.0
COD,COD_2863,Doruma,3.0,2015,2015,4179.0,0.249404,793748.0
COD,COD_2892,Duama II (north),2.0,2015,2015,11989.0,0.438353,1998851.0
COD,COD_2911,Dungu,18.0,2015,2015,73001.0,2.784929,14270824.0
COD,COD_2912,Dungu ,3.0,2015,2015,7395.0,0.617565,3431054.0
COD,COD_2971,Egbita ,2.0,2015,2015,9292.0,0.350066,1204720.0
COD,COD_3110,Endri/Mado,3.0,2015,2015,2547.0,0.235664,589218.0
COD,COD_3131,Eringite,8.0,2015,2015,20986.0,0.986335,5642080.0
COD,COD_3193,Faradje,9.0,2015,2015,17347.0,0.95279,3722499.0
COD,COD_3233,Feshi,4.0,2015,2015,21931.0,0.675416,3650881.0
COD,COD_3255,Fizi,4.0,2015,2015,18167.0,0.55342,2568512.0
COD,COD_3291,Fungurume,17.0,2015,2015,83468.0,3.63961,26505140.0
COD,COD_3299,Fwamba/Tshisuku,3.0,2015,2015,6558.0,0.241008,602543.0
COD,COD_3363,Gangara,5.0,2015,2015,21365.0,0.98864,4878033.0
COD,COD_3433,Gbadolite,10.0,2015,2015,74954.0,2.790894,18124964.0
COD,COD_3443,Molegbe,2.0,2015,2015,5841.0,0.249017,627119.0
COD,COD_3464,Gemena,28.0,2015,2015,168847.0,6.878623,50286856.0
COD,COD_3506,Gilima,4.0,2015,2015,6015.0,0.392375,1153323.0
COD,COD_3564,Goma,66.0,2015,2015,633410.0,21.247276,153846576.0
COD,COD_3667,Gungu,12.0,2015,2015,63548.0,2.278416,15812490.0
COD,COD_3690,Gwena,2.0,2015,2015,3793.0,0.362994,1515685.0
COD,COD_3695,Gwok Nyer ,4.0,2015,2015,5298.0,0.271354,717324.0
COD,COD_3856,Babonde/Biku/Ibambi,5.0,2015,2015,15389.0,0.591611,2289399.0
COD,COD_3888,Idiofa,21.0,2015,2015,148044.0,5.142006,34291168.0
COD,COD_3976,Ikela,2.0,2015,2015,6151.0,0.135903,339774.0
COD,COD_4016,Ilebo,11.0,2015,2015,130106.0,3.255012,21410480.0
COD,COD_402,Aketi,5.0,2015,2015,38699.0,1.261645,8797579.0
COD,COD_4036,Ilunga-Mutombo,3.0,2015,2015,3652.0,0.106838,267168.0
COD,COD_4067,Inkisi,5.0,2015,2015,39048.0,0.807823,3982984.0
COD,COD_4068,Inongo,8.0,2015,2015,61363.0,1.489009,8726325.0
COD,COD_4099,Isaka,2.0,2015,2015,9029.0,0.372695,2483544.0
COD,COD_4117,Isiro,19.0,2015,2015,157933.0,4.821798,32365438.0
COD,COD_4241,Kabala,3.0,2015,2015,6958.0,0.377738,1702697.0
COD,COD_4243,Kabalo (east),3.0,2015,2015,19036.0,0.855598,4070620.0
COD,COD_4244,Kabalo (west),2.0,2015,2015,14191.0,0.531138,2505500.0
COD,COD_4245,Kabamba,14.0,2015,2015,34784.0,0.980548,2979012.0
COD,COD_4246,Kabambare,2.0,2015,2015,11702.0,0.308767,1479168.0
COD,COD_4252,Kabeya-Kamwanga,7.0,2015,2015,33894.0,1.059969,4976166.0
COD,COD_4253,Kabila,3.0,2015,2015,7369.0,0.460994,1524781.0
COD,COD_4254,Kabimba,2.0,2015,2015,6555.0,0.253241,2401555.0
COD,COD_4255,Kabinda,16.0,2015,2015,80668.0,3.155643,22825280.0
COD,COD_4262,Kabolwe,2.0,2015,2015,4044.0,0.338091,1423563.0
COD,COD_4263,Kabombo-Dianda,7.0,2015,2015,57961.0,1.452926,8079077.0
COD,COD_4266,Kabongo (south),6.0,2015,2015,36008.0,1.532319,9567648.0
COD,COD_4267,Kabongo (north),6.0,2015,2015,29439.0,1.03525,4529674.0
COD,COD_4272,Kabozia,2.0,2015,2015,8043.0,0.372031,1479175.0
COD,COD_4278,Kabwe,2.0,2015,2015,9026.0,0.319001,1302760.0
COD,COD_4284,Kadimadiba,4.0,2015,2015,8671.0,0.307072,878064.0
COD,COD_4298,Kafifi/Tumpa,1.0,2015,2015,1023.0,0.076728,203160.0
COD,COD_4301,Kafita,5.0,2015,2015,9810.0,0.324773,811675.0
COD,COD_4393,Bena-Kafumbu,3.0,2015,2015,2937.0,0.11119,278030.0
COD,COD_4406,Kahe,4.0,2015,2015,39119.0,1.117717,7529443.0
COD,COD_4407,Kahemba,10.0,2015,2015,92716.0,2.256582,12216043.0
COD,COD_4408,Kahinda,9.0,2015,2015,37820.0,1.765587,9519603.0
COD,COD_4421,Kakana,2.0,2015,2015,1377.0,0.12592,338849.0
COD,COD_4422,Kakanda ,5.0,2015,2015,30171.0,0.768569,5801641.0
COD,COD_4425,Kakenge,5.0,2015,2015,24323.0,1.125673,6964017.0
COD,COD_4427,Kakoi,2.0,2015,2015,9070.0,0.396131,1952587.0
COD,COD_4428,Kakoma,5.0,2015,2015,5018.0,0.485468,1992755.0
COD,COD_4432,Kakumba,3.0,2015,2015,13682.0,0.670206,5011126.0
COD,COD_4442,Kalehe,7.0,2015,2015,15623.0,0.405773,1127909.0
COD,COD_4443,Mwenge,2.0,2015,2015,3148.0,0.172576,500689.0
COD,COD_4444,Kalemie,27.0,2015,2015,296659.0,6.69584,85329640.0
COD,COD_4445,Kalenda,2.0,2015,2015,4846.0,0.325174,1105741.0
COD,COD_4448,Kalima 2,3.0,2015,2015,23442.0,0.723677,5169653.0
COD,COD_4449,Kalima 1,4.0,2015,2015,15769.0,0.541143,2565954.0
COD,COD_4457,Kalo,4.0,2015,2015,16070.0,0.796156,3902925.0
COD,COD_4459,Kalombo,2.0,2015,2015,8223.0,0.663514,3664822.0
COD,COD_4461,Kalonda,2.0,2015,2015,9727.0,0.416211,2118149.0
COD,COD_4464,Kalua,2.0,2015,2015,6283.0,0.589674,3078173.0
COD,COD_4466,Kama,3.0,2015,2015,30477.0,0.833998,5049676.0
COD,COD_4471,Kamango,2.0,2015,2015,6297.0,0.36143,1634459.0
COD,COD_4472,Bugarama/Kamanyola [ZAR],3.0,2015,2015,25467.0,0.81184,4740349.0
COD,COD_4476,Kambove,5.0,2015,2015,33647.0,1.150064,9094212.0
COD,COD_4481,Kamina/Kikunki,27.0,2015,2015,185411.0,6.6789,42165772.0
COD,COD_4482,Kamisalu,3.0,2015,2015,11550.0,0.54142,3332613.0
COD,COD_4487,Kampene,3.0,2015,2015,28719.0,0.733913,4967111.0
COD,COD_4490,Kamuesha/Tshialupuishi,3.0,2015,2015,14588.0,0.54217,2406620.0
COD,COD_4499,Kananga,65.0,2015,2015,535594.0,17.742964,147731264.0
COD,COD_4505,Kandolo,2.0,2015,2015,15083.0,0.541702,2999463.0
COD,COD_4511,Kaniama,6.0,2015,2015,36388.0,1.688739,10617251.0
COD,COD_4517,Kankumbwa,2.0,2015,2015,3832.0,0.39858,1611938.0
COD,COD_4523,Manono ,4.0,2015,2015,21255.0,0.726206,4048631.0
COD,COD_4526,Kanyabayonga,7.0,2015,2015,46693.0,1.406761,14901273.0
COD,COD_4528,Kanyinda,4.0,2015,2015,14916.0,0.421543,1193544.0
COD,COD_4529,Kanzamba,2.0,2015,2015,14113.0,0.466488,2288882.0
COD,COD_4530,Kanzenze ,2.0,2015,2015,3446.0,0.183197,637819.0
COD,COD_4536,Kapanga,8.0,2015,2015,37867.0,1.950577,11946294.0
COD,COD_4537,Kapanga (west),2.0,2015,2015,6155.0,0.290793,826094.0
COD,COD_4558,Karambi,8.0,2015,2015,14414.0,0.415936,1040018.0
COD,COD_4559,Karambi ,4.0,2015,2015,4220.0,0.154088,425540.0
COD,COD_4569,Luvungi ,5.0,2015,2015,41147.0,0.984853,5925963.0
COD,COD_4587,Kasaji,13.0,2015,2015,53818.0,2.870851,17246898.0
COD,COD_4588,Kasalo,3.0,2015,2015,10712.0,0.714624,3911430.0
COD,COD_4591,Kasandi ,9.0,2015,2015,27150.0,1.200276,6649526.0
COD,COD_4592,Kasangulu,8.0,2015,2015,67401.0,1.393603,11700308.0
COD,COD_4594,Kasanza,6.0,2015,2015,14253.0,0.404516,1180575.0
COD,COD_4595,Kasegbe,3.0,2015,2015,14140.0,0.50789,6180875.0
COD,COD_4598,Kasenga 1,10.0,2015,2015,33391.0,2.126393,11471176.0
COD,COD_4599,Kasenga 2,3.0,2015,2015,8594.0,0.403424,1805045.0
COD,COD_4600,Kasenyi,4.0,2015,2015,14484.0,0.493202,2083448.0
COD,COD_4605,Kashobwe,6.0,2015,2015,7687.0,0.96027,4537339.0
COD,COD_4608,Kamituga,6.0,2015,2015,53823.0,1.582615,26083528.0
COD,COD_4609,Kasomeno,1.0,2015,2015,4247.0,0.24767,1013797.0
COD,COD_4610,Kasonga-Tambwe ,2.0,2015,2015,8906.0,0.347567,1171839.0
COD,COD_4611,Kasongo,9.0,2015,2015,97688.0,2.646304,17346858.0
COD,COD_4612,Kasongo-Lunda,3.0,2015,2015,27737.0,0.793436,6090658.0
COD,COD_4619,Kasumba,2.0,2015,2015,11546.0,0.696589,3749752.0
COD,COD_4621,Kasungeshi,2.0,2015,2015,5994.0,0.455961,2206783.0
COD,COD_4627,Katako-Kombe,3.0,2015,2015,20608.0,0.489087,2508805.0
COD,COD_4629,Katana ,12.0,2015,2015,36127.0,1.027041,5227680.0
COD,COD_4630,Katanda,4.0,2015,2015,24181.0,0.698051,3262467.0
COD,COD_4631,Katanga,2.0,2015,2015,4508.0,0.372275,1724540.0
COD,COD_4636,Kate,2.0,2015,2015,4410.0,0.184821,462089.0
COD,COD_4638,Katengele,2.0,2015,2015,9440.0,0.367326,1176965.0
COD,COD_4639,Katenta,3.0,2015,2015,4595.0,0.118273,295744.0
COD,COD_4650,Katobole,3.0,2015,2015,7149.0,0.446979,2670090.0
COD,COD_4661,Kavumu,9.0,2015,2015,54310.0,1.226862,8840607.0
COD,COD_4673,Kayna,4.0,2015,2015,22188.0,0.770013,6526482.0
COD,COD_4676,Kazadi,6.0,2015,2015,10828.0,0.236461,591279.0
COD,COD_4679,Kazumba,2.0,2015,2015,6726.0,0.20558,658463.0
COD,COD_4710,Kenge,9.0,2015,2015,70276.0,1.915081,11680788.0
COD,COD_4766,Cité de luilu,8.0,2015,2015,49543.0,2.002065,12004288.0
COD,COD_4767,Kiamba,4.0,2015,2015,18285.0,0.754126,4075645.0
COD,COD_4782,Kibirizi,2.0,2015,2015,19935.0,0.80033,5526625.0
COD,COD_4787,Kibombo,2.0,2015,2015,15388.0,0.644632,3645291.0
COD,COD_4792,Kibula,2.0,2015,2015,12379.0,0.447415,2273169.0
COD,COD_4799,Kidumbi,12.0,2015,2015,38609.0,1.101206,3334151.0
COD,COD_4812,Kikonka,2.0,2015,2015,11574.0,0.235511,815569.0
COD,COD_4813,Kikunka,4.0,2015,2015,20769.0,0.628807,3204992.0
COD,COD_4815,Kikwit,55.0,2015,2015,478254.0,16.89676,133018056.0
COD,COD_4816,Kilembe,2.0,2015,2015,6398.0,0.25848,830610.0
COD,COD_4823,Kilomines,3.0,2015,2015,9627.0,0.273492,1063053.0
COD,COD_4824,Kilongwe,4.0,2015,2015,8039.0,0.297521,839388.0
COD,COD_4827,Kilubi,3.0,2015,2015,13904.0,0.500093,2022317.0
COD,COD_4828,Kilunda,3.0,2015,2015,10607.0,0.463748,1979608.0
COD,COD_4829,Kilwa,9.0,2015,2015,28686.0,1.632583,8732324.0
COD,COD_4830,Kimafu ,3.0,2015,2015,15991.0,0.588271,3123082.0
COD,COD_4838,Kimvula,2.0,2015,2015,8157.0,0.204752,553571.0
COD,COD_4841,Kimoho,2.0,2015,2015,10100.0,0.311882,1975838.0
COD,COD_4842,Kimpemba,3.0,2015,2015,7920.0,0.385762,1824492.0
COD,COD_4843,Kimpese,13.0,2015,2015,134907.0,2.52596,18624600.0
COD,COD_4844,Kimpoko Centre,4.0,2015,2015,12273.0,0.342743,1157145.0
COD,COD_4845,Kimpuki,3.0,2015,2015,10321.0,0.6114,3301503.0
COD,COD_4851,Kindu,41.0,2015,2015,293617.0,10.526293,83395688.0
COD,COD_4853,Kingombe,4.0,2015,2015,34016.0,1.280552,12311030.0
COD,COD_4858,Kinshasa,447.0,2015,2015,6150356.0,156.313264,1321501824.0
COD,COD_4862,Kintobongo-Bunge,4.0,2015,2015,7713.0,0.497085,1622373.0
COD,COD_4864,Kinzau-Vuete ,7.0,2015,2015,74147.0,1.615088,11210815.0
COD,COD_4866,Bulongo 1,7.0,2015,2015,30935.0,1.592441,10675051.0
COD,COD_4867,Kipaka,2.0,2015,2015,17558.0,0.518181,2546278.0
COD,COD_4868,Kipamba,5.0,2015,2015,22372.0,1.009653,5367412.0
COD,COD_4869,Kipese,5.0,2015,2015,22132.0,0.708517,10468871.0
COD,COD_4873,Kipushi,12.0,2015,2015,55708.0,2.618952,17500614.0
COD,COD_4880,Kiri,2.0,2015,2015,12112.0,0.470221,2799261.0
COD,COD_4885,Kirumba,9.0,2015,2015,56490.0,1.981892,26773356.0
COD,COD_4887,Kirungu,11.0,2015,2015,46510.0,1.835832,10439343.0
COD,COD_4889,Kisambiro,6.0,2015,2015,25282.0,0.916383,9715258.0
COD,COD_4890,Kisangani,72.0,2015,2015,750335.0,21.554372,163245184.0
COD,COD_4894,Kisenda,5.0,2015,2015,19519.0,1.094607,5841399.0
COD,COD_4895,Kisenge,4.0,2015,2015,8824.0,0.77741,3731086.0
COD,COD_4897,Kisharo,4.0,2015,2015,19404.0,0.86046,4175798.0
COD,COD_4904,Lemba ,5.0,2015,2015,43589.0,1.003521,8659769.0
COD,COD_4911,Kitangua,4.0,2015,2015,7720.0,0.47023,1595117.0
COD,COD_4912,Kitenge,6.0,2015,2015,38471.0,1.262405,7255587.0
COD,COD_4913,Kitengo ,3.0,2015,2015,12477.0,0.573221,3009095.0
COD,COD_4929,Nsanda,2.0,2015,2015,17646.0,0.354886,1606293.0
COD,COD_4949,Kokola,4.0,2015,2015,10107.0,0.513059,2697152.0
COD,COD_4960,Kole,4.0,2015,2015,21305.0,0.454027,1988403.0
COD,COD_4967,Kolwezi,88.0,2015,2015,449215.0,14.92416,98489304.0
COD,COD_4968,Komanda,6.0,2015,2015,26238.0,1.235756,7532105.0
COD,COD_4972,Komeshia,4.0,2015,2015,17005.0,0.510234,2239540.0
COD,COD_4980,Kongolo,13.0,2015,2015,79845.0,3.813103,22252032.0
COD,COD_5004,Koshi ,2.0,2015,2015,6799.0,0.565693,3175164.0
COD,COD_5040,Kpandroma,5.0,2015,2015,16216.0,0.432426,1748097.0
COD,COD_5082,Kulundji,3.0,2015,2015,11539.0,0.393186,1656479.0
COD,COD_5142,Kutu,3.0,2015,2015,32959.0,1.043447,7500130.0
COD,COD_5159,Kwamouth,3.0,2015,2015,9464.0,0.732945,4477357.0
COD,COD_5174,Kwilu-Ngongo,7.0,2015,2015,78214.0,1.560964,15800390.0
COD,COD_5184,Kyondo,9.0,2015,2015,21330.0,1.011663,6269495.0
COD,COD_5270,Libenge,5.0,2015,2015,21159.0,0.582489,3047564.0
COD,COD_5273,Likasi,47.0,2015,2015,268474.0,12.704512,96659888.0
COD,COD_5274,Likati,4.0,2015,2015,24078.0,0.949503,5396215.0
COD,COD_5289,Lisala,19.0,2015,2015,129482.0,3.450317,22077784.0
COD,COD_5294,Lobango,3.0,2015,2015,4926.0,0.315348,2912720.0
COD,COD_5300,Lodja,22.0,2015,2015,171468.0,4.379335,30475260.0
COD,COD_5312,Lokutu Bandu ,5.0,2015,2015,27935.0,0.922258,6281600.0
COD,COD_5329,Lovangira,3.0,2015,2015,5649.0,0.240698,675383.0
COD,COD_5330,Luambo,6.0,2015,2015,21459.0,0.771732,4064769.0
COD,COD_5337,Lubao,7.0,2015,2015,41738.0,1.94104,11499505.0
COD,COD_5339,Lubena,5.0,2015,2015,20130.0,1.039302,8124975.0
COD,COD_5340,Lubero,13.0,2015,2015,42717.0,1.598436,9752438.0
COD,COD_5342,Lubondo ,2.0,2015,2015,5029.0,0.22271,569615.0
COD,COD_5343,Lubudi,4.0,2015,2015,8487.0,0.418836,1489665.0
COD,COD_5344,Lubumbashi,324.0,2015,2015,1525256.0,76.689848,521323040.0
COD,COD_5345,Lubutu,8.0,2015,2015,49411.0,1.048935,6006776.0
COD,COD_5356,Luebo,4.0,2015,2015,38063.0,1.22772,8700612.0
COD,COD_5358,Luena,6.0,2015,2015,76143.0,1.652873,11745370.0
COD,COD_5364,Luhihi,3.0,2015,2015,4344.0,0.183996,460066.0
COD,COD_5366,Luishia,3.0,2015,2015,6249.0,0.328035,1799097.0
COD,COD_5367,Luiza,9.0,2015,2015,68869.0,1.993968,11169686.0
COD,COD_5368,Lukala,6.0,2015,2015,54490.0,1.127269,7385912.0
COD,COD_5369,Lukalaba,7.0,2015,2015,48109.0,1.646726,9464284.0
COD,COD_5371,Lukolela,4.0,2015,2015,32552.0,0.818709,5133317.0
COD,COD_5372,Lukombo I,2.0,2015,2015,6036.0,0.330866,1152967.0
COD,COD_5373,Kiondo,4.0,2015,2015,9886.0,0.751749,3557724.0
COD,COD_5375,Lukula,4.0,2015,2015,48116.0,1.021862,8393840.0
COD,COD_5377,Lukuni ,3.0,2015,2015,5279.0,0.297257,1507984.0
COD,COD_5387,Lunga ,6.0,2015,2015,33219.0,1.509952,10051104.0
COD,COD_5388,Sange ,5.0,2015,2015,48061.0,1.245189,7074552.0
COD,COD_5391,Luofu ,2.0,2015,2015,10007.0,0.458547,4005644.0
COD,COD_5393,Luozi,8.0,2015,2015,38561.0,0.863897,3721783.0
COD,COD_5395,Miabi,2.0,2015,2015,3523.0,0.133523,333858.0
COD,COD_5396,Luputa,14.0,2015,2015,80616.0,3.743991,25805252.0
COD,COD_5399,Lusambo,5.0,2015,2015,45867.0,1.463833,9671577.0
COD,COD_5403,Lusuku,3.0,2015,2015,13008.0,0.776339,4444016.0
COD,COD_5405,Lutukwe,3.0,2015,2015,10479.0,0.368742,1134210.0
COD,COD_5412,Lwanguku,4.0,2015,2015,13043.0,0.43309,1505232.0
COD,COD_5423,Maboya,2.0,2015,2015,6911.0,0.325741,2284272.0
COD,COD_548,Alberta,5.0,2015,2015,25400.0,0.712869,2922022.0
COD,COD_5500,Mahagi,13.0,2015,2015,36813.0,1.693913,11856807.0
COD,COD_5536,Mai-Munene,1.0,2015,2015,5390.0,0.367535,1837696.0
COD,COD_5560,Mankanza,5.0,2015,2015,24215.0,0.674944,3672409.0
COD,COD_5563,Makaw,2.0,2015,2015,5311.0,0.39821,2429033.0
COD,COD_5596,Bena-Musakatshi/Mulamba,2.0,2015,2015,1512.0,0.083597,209020.0
COD,COD_5605,Malemba-Nkulu,10.0,2015,2015,64748.0,2.09929,11761630.0
COD,COD_5607,Malia-Bwana ,4.0,2015,2015,11170.0,0.617893,3429897.0
COD,COD_5608,Malibu,3.0,2015,2015,8352.0,0.477835,2684871.0
COD,COD_5620,Maluku-Maes,2.0,2015,2015,6980.0,0.251786,1257958.0
COD,COD_5624,Mamba,5.0,2015,2015,8229.0,0.691141,2683406.0
COD,COD_5625,Mambasa,10.0,2015,2015,64320.0,2.189677,18009362.0
COD,COD_5640,Manda,2.0,2015,2015,5779.0,0.436157,1861844.0
COD,COD_5650,Mangai,6.0,2015,2015,38272.0,1.633634,10030373.0
COD,COD_5652,Mangina,12.0,2015,2015,50803.0,3.148199,20721132.0
COD,COD_5667,Sele,3.0,2015,2015,7896.0,0.349715,874346.0
COD,COD_5673,Manono ,12.0,2015,2015,97853.0,2.781572,18143016.0
COD,COD_5747,Masamuna,3.0,2015,2015,14224.0,0.737142,3986499.0
COD,COD_5752,Masereke,17.0,2015,2015,44074.0,1.597215,8957723.0
COD,COD_5764,Masi-Manimba,8.0,2015,2015,53930.0,1.783501,13384498.0
COD,COD_5768,Masisi,3.0,2015,2015,16480.0,0.415258,5947555.0
COD,COD_5779,Matadi,36.0,2015,2015,508172.0,11.765791,168332432.0
COD,COD_5787,Matamba ,3.0,2015,2015,11683.0,0.355731,1079966.0
COD,COD_5795,Mateko Centre,4.0,2015,2015,15941.0,0.643819,3007527.0
COD,COD_5846,Mbali-Iboma,2.0,2015,2015,7094.0,0.256236,1172189.0
COD,COD_5850,Mbandaka,27.0,2015,2015,301208.0,7.806686,59657660.0
COD,COD_5854,Mbanza-Ngungu,16.0,2015,2015,182865.0,3.154172,24683072.0
COD,COD_5856,Mbata-Mbenge,3.0,2015,2015,14073.0,0.383984,1480015.0
COD,COD_5858,Mbau,5.0,2015,2015,17029.0,0.86511,4976736.0
COD,COD_5867,Mbien,2.0,2015,2015,5872.0,0.461668,2436100.0
COD,COD_5882,Mbuji-Mayi,128.0,2015,2015,1499636.0,31.690288,209130960.0
COD,COD_5946,Menkao,4.0,2015,2015,13911.0,0.459457,1589349.0
COD,COD_5947,Menki,2.0,2015,2015,11543.0,0.495937,2814967.0
COD,COD_5983,Lupatapata,5.0,2015,2015,28202.0,0.928568,4301158.0
COD,COD_6016,Minova,4.0,2015,2015,33969.0,0.947848,7734697.0
COD,COD_6078,Misisi,6.0,2015,2015,34194.0,0.945171,6369777.0
COD,COD_6139,Mitwaba,5.0,2015,2015,8831.0,0.361265,1276501.0
COD,COD_6156,Mkwadi ,9.0,2015,2015,20236.0,0.570122,1635371.0
COD,COD_6172,Moanda,27.0,2015,2015,288609.0,7.840335,55918456.0
COD,COD_6175,Moba,4.0,2015,2015,24142.0,0.839001,6709256.0
COD,COD_6176,Mobayi-Mbongo,3.0,2015,2015,11162.0,0.447813,1416071.0
COD,COD_6199,Mokambo ,5.0,2015,2015,13440.0,0.866611,5054561.0
COD,COD_6222,Monkoto,2.0,2015,2015,12831.0,0.425571,3880447.0
COD,COD_6263,Motokolea,3.0,2015,2015,6660.0,0.335033,1778901.0
COD,COD_6328,Mwene-Ditu,38.0,2015,2015,254823.0,8.960885,57062140.0
COD,COD_6345,Muimba,2.0,2015,2015,8882.0,0.545478,3554503.0
COD,COD_6348,Mukedi,9.0,2015,2015,28122.0,0.906286,3182825.0
COD,COD_6350,Mukoso ,3.0,2015,2015,7612.0,0.206407,617258.0
COD,COD_6351,Mukubu,5.0,2015,2015,20266.0,0.871185,4498083.0
COD,COD_6353,Mukungwa,5.0,2015,2015,9308.0,0.526851,1807858.0
COD,COD_6354,Mukupa,2.0,2015,2015,3975.0,0.35143,1587868.0
COD,COD_6361,Mulinga,3.0,2015,2015,12823.0,0.475105,4880336.0
COD,COD_6362,Mulongo,9.0,2015,2015,56128.0,1.884286,10578123.0
COD,COD_6363,Bumba,26.0,2015,2015,177937.0,4.523109,25855392.0
COD,COD_6375,Mungbere,2.0,2015,2015,9275.0,0.500318,2774522.0
COD,COD_6376,Mungbualu/Nzebi,6.0,2015,2015,41084.0,1.044233,8654828.0
COD,COD_6415,Mushie,8.0,2015,2015,41479.0,2.296735,13790116.0
COD,COD_6417,Musienene,7.0,2015,2015,20918.0,0.814133,3987129.0
COD,COD_6422,Mutabi,3.0,2015,2015,9583.0,0.640543,3273503.0
COD,COD_6429,Mutshatsha,2.0,2015,2015,6549.0,0.343744,1575928.0
COD,COD_6434,Mutwanga,7.0,2015,2015,21935.0,1.292646,7894334.0
COD,COD_6446,Mwadingusha,4.0,2015,2015,18167.0,0.956674,6369666.0
COD,COD_6456,Kibango ,2.0,2015,2015,10485.0,0.361558,1458056.0
COD,COD_6462,Mweka,11.0,2015,2015,86225.0,2.821477,20173196.0
COD,COD_6464,Mwenda,3.0,2015,2015,4075.0,0.264499,757987.0
COD,COD_6465,Mwenga 1,3.0,2015,2015,25985.0,0.763554,5900318.0
COD,COD_6467,Mweso,2.0,2015,2015,10724.0,0.324045,1805220.0
COD,COD_6617,Ndekesha ,2.0,2015,2015,9620.0,0.411068,2189757.0
COD,COD_6630,Ndombe,2.0,2015,2015,11132.0,0.342252,2385048.0
COD,COD_6635,Ndrele,6.0,2015,2015,10086.0,0.461236,2078131.0
COD,COD_6689,Ngandajika,19.0,2015,2015,105941.0,4.10694,22780068.0
COD,COD_6698,Ngeba,4.0,2015,2015,20660.0,0.729983,3756029.0
COD,COD_6701,Ngeya-Kalamba,1.0,2015,2015,5713.0,0.286929,1314103.0
COD,COD_6702,Ngiko,4.0,2015,2015,15819.0,0.545985,1916970.0
COD,COD_6710,Ngome,3.0,2015,2015,14118.0,0.717426,3256411.0
COD,COD_6740,Niakunde,6.0,2015,2015,11263.0,0.564733,1582358.0
COD,COD_6746,Niangara,4.0,2015,2015,17227.0,0.603808,2838207.0
COD,COD_6748,Nia-Nia,3.0,2015,2015,19775.0,0.650926,4408221.0
COD,COD_6765,Nioki,7.0,2015,2015,61965.0,1.736952,12066632.0
COD,COD_6782,Nkamba,2.0,2015,2015,11372.0,0.255263,912548.0
COD,COD_6788,Nkassa,2.0,2015,2015,16686.0,0.379856,2591009.0
COD,COD_6840,(N.C.),2.0,2015,2015,3060.0,0.122426,470862.0
COD,COD_6865,Nsioni ,5.0,2015,2015,41761.0,1.061357,9678676.0
COD,COD_6867,Nsona/Ntite,4.0,2015,2015,5688.0,0.196032,490163.0
COD,COD_6873,Ntandembele,3.0,2015,2015,10876.0,0.539423,3035119.0
COD,COD_6906,Nyamilima,5.0,2015,2015,30361.0,1.201499,7734221.0
COD,COD_6923,Nyunzu,6.0,2015,2015,66472.0,2.097619,13985412.0
COD,COD_7009,Oicha,20.0,2015,2015,89548.0,4.692228,34605664.0
COD,COD_7105,Opima,6.0,2015,2015,5118.0,0.411319,1306144.0
COD,COD_7128,Oshwe,3.0,2015,2015,33669.0,0.572232,2417129.0
COD,COD_7134,Mubi,3.0,2015,2015,12889.0,0.482899,3039242.0
COD,COD_7263,Pai-Kongila,3.0,2015,2015,12691.0,0.424792,1564088.0
COD,COD_7278,Panu,5.0,2015,2015,29364.0,1.131972,5938502.0
COD,COD_7348,Poko,5.0,2015,2015,20459.0,0.618256,2779084.0
COD,COD_7355,Popokabaka,4.0,2015,2015,32554.0,0.665438,3713591.0
COD,COD_7384,Pungwe,5.0,2015,2015,8187.0,0.371038,1007848.0
COD,COD_7385,Punia,6.0,2015,2015,48696.0,1.352578,9725310.0
COD,COD_7387,Pweto ,8.0,2015,2015,31161.0,1.328216,6710109.0
COD,COD_7558,Rubaya,3.0,2015,2015,26607.0,0.642261,11295736.0
COD,COD_7592,Rutshuru/Kiwanja,12.0,2015,2015,139766.0,3.465783,25895680.0
COD,COD_7677,Sakania,7.0,2015,2015,20893.0,1.303679,8009000.0
COD,COD_7680,Sake,4.0,2015,2015,39695.0,1.19872,8185756.0
COD,COD_7699,Bena-Manda,8.0,2015,2015,6483.0,0.153375,382990.0
COD,COD_7712,Samba,3.0,2015,2015,34023.0,1.045413,6560499.0
COD,COD_7724,Sampwe ,2.0,2015,2015,8816.0,0.49436,2725369.0
COD,COD_7743,Sandoa/Mbangu,7.0,2015,2015,26529.0,1.796155,9827733.0
COD,COD_7783,Sapo-Bumba,2.0,2015,2015,7243.0,0.486605,1972623.0
COD,COD_7841,Seke Banza ,2.0,2015,2015,11133.0,0.320356,1449529.0
COD,COD_7842,Seke-Banza,4.0,2015,2015,23702.0,0.500853,2086102.0
COD,COD_7855,Semandane,2.0,2015,2015,5622.0,0.431982,2981135.0
COD,COD_7858,Semendwa,4.0,2015,2015,29726.0,1.145733,7330969.0
COD,COD_7898,Shabunda,4.0,2015,2015,30382.0,1.145721,9256364.0
COD,COD_7911,Kingwangala,2.0,2015,2015,16763.0,0.438003,1983936.0
COD,COD_7919,Shamikalenge,5.0,2015,2015,12896.0,0.822659,2842281.0
COD,COD_8106,Sinda,4.0,2015,2015,8797.0,0.508986,2004303.0
COD,COD_8169,Songo,3.0,2015,2015,11618.0,0.792616,5055718.0
COD,COD_8170,Songololo,3.0,2015,2015,9330.0,0.243161,839989.0
COD,COD_8173,Songwe,2.0,2015,2015,9728.0,0.377784,1564007.0
COD,COD_8337,Tambwe-Yangala,3.0,2015,2015,9861.0,0.652014,3834762.0
COD,COD_8354,Tandala,4.0,2015,2015,10336.0,0.507646,2291931.0
COD,COD_8420,Tchomia ,3.0,2015,2015,18625.0,0.54864,2308777.0
COD,COD_8445,Temvo,3.0,2015,2015,28394.0,0.587488,4502063.0
COD,COD_8450,Tenke,7.0,2015,2015,17512.0,0.737807,4556086.0
COD,COD_8530,Titule,3.0,2015,2015,14382.0,0.330673,1322811.0
COD,COD_8556,Tolo,3.0,2015,2015,24658.0,0.800404,5078802.0
COD,COD_8625,Tshela,8.0,2015,2015,89868.0,1.357944,9921258.0
COD,COD_8627,Tshibala,3.0,2015,2015,12686.0,0.460592,1836348.0
COD,COD_8628,Tshibalabala,2.0,2015,2015,3352.0,0.097028,242435.0
COD,COD_8629,Tshibinda,3.0,2015,2015,12600.0,0.616846,3433331.0
COD,COD_8630,Tshibombo,4.0,2015,2015,7462.0,0.16698,417570.0
COD,COD_8631,Tshikangu,1.0,2015,2015,4790.0,0.358306,1794585.0
COD,COD_8632,Tshikapa,30.0,2015,2015,411905.0,9.03605,63528984.0
COD,COD_8633,Tshimbalanga ,4.0,2015,2015,20062.0,1.162893,6889585.0
COD,COD_8634,Tshilolo/Tshisenda,2.0,2015,2015,2040.0,0.062523,156328.0
COD,COD_8635,Tshimbulu,7.0,2015,2015,39404.0,1.126637,5445568.0
COD,COD_8636,Tshimpumpu,4.0,2015,2015,20090.0,0.728343,3738519.0
COD,COD_8638,Tshioji,2.0,2015,2015,1337.0,0.043143,107771.0
COD,COD_8639,Tshisumba,2.0,2015,2015,14335.0,0.467458,2524446.0
COD,COD_8644,Tshofa ,5.0,2015,2015,18806.0,0.811415,3701426.0
COD,COD_8689,Turungu,2.0,2015,2015,5789.0,0.297485,921542.0
COD,COD_8700,Ubundu,2.0,2015,2015,22052.0,0.367719,2560396.0
COD,COD_8803,Uvira,15.0,2015,2015,267878.0,5.16609,52099024.0
COD,COD_8897,Bashu,25.0,2015,2015,29207.0,1.25917,3592419.0
COD,COD_8901,Vuyinga/Butengwa,3.0,2015,2015,8506.0,0.411001,3000857.0
COD,COD_8933,Walikale,5.0,2015,2015,34760.0,0.698906,3939700.0
COD,COD_8934,Izege,14.0,2015,2015,36003.0,1.020004,4547313.0
COD,COD_8935,Walungu,9.0,2015,2015,16583.0,0.455905,1291189.0
COD,COD_8938,Wamaza,3.0,2015,2015,25952.0,0.706591,3867765.0
COD,COD_8940,Wamba,5.0,2015,2015,27683.0,1.000142,4597217.0
COD,COD_8949,Wapinda ,3.0,2015,2015,13729.0,0.544596,2454793.0
COD,COD_8965,Watsa/Kalimva (gold mines),10.0,2015,2015,43384.0,1.692737,11514766.0
COD,COD_8968,Ariwara ,19.0,2015,2015,32099.0,2.455096,12624945.0
COD,COD_8984,Wembo Nyama,3.0,2015,2015,24380.0,0.566732,2883161.0
COD,COD_9017,Wotu/Sensenge,7.0,2015,2015,8588.0,0.682015,2443490.0
COD,COD_9044,Yakata,2.0,2015,2015,5128.0,0.273718,1034909.0
COD,COD_9046,Yakoma,9.0,2015,2015,58449.0,2.034741,12734395.0
COD,COD_9095,Yuki Kengundu,2.0,2015,2015,7872.0,0.399926,1839057.0
COD,COD_9097,Yumbi 1,4.0,2015,2015,24500.0,1.103453,6601673.0
COD,COD_9098,Yumbi 2,4.0,2015,2015,11176.0,0.424155,1562462.0
COD,COD_9158,Zengu,5.0,2015,2015,5718.0,0.290706,923598.0
COD,COD_9179,Zongo,6.0,2015,2015,35796.0,1.515364,8870427.0
COG,COG_1857,Bété,5.0,2015,2015,24788.0,0.484235,3010047.0
COG,COG_2090,Bouansa,6.0,2015,2015,20393.0,1.235164,7184747.0
COG,COG_2129,Boundji,5.0,2015,2015,16397.0,0.6808,3234693.0
COG,COG_2158,Brazzaville,225.0,2015,2015,1782619.0,57.244264,447164032.0
COG,COG_2790,Djambala,6.0,2015,2015,32529.0,0.935227,5568147.0
COG,COG_2835,Dolisie,25.0,2015,2015,170914.0,6.196396,42348212.0
COG,COG_3169,Ewo,8.0,2015,2015,27823.0,0.983424,4008604.0
COG,COG_3349,Gamboma,7.0,2015,2015,37487.0,1.617867,9329986.0
COG,COG_4051,Impfondo,8.0,2015,2015,99433.0,1.638123,9447226.0
COG,COG_5324,Loudima Gare,2.0,2015,2015,10661.0,0.633156,3684882.0
COG,COG_5328,Loutele,6.0,2015,2015,18490.0,1.00944,5624381.0
COG,COG_5454,Madingou,10.0,2015,2015,30273.0,1.997273,11879522.0
COG,COG_5551,Makabana,2.0,2015,2015,2815.0,0.295114,1170745.0
COG,COG_5578,Makoua,6.0,2015,2015,35234.0,1.562071,9800508.0
COG,COG_6012,Mindouli,6.0,2015,2015,14230.0,0.679539,3104880.0
COG,COG_6255,Mossaka,2.0,2015,2015,5488.0,0.499053,3276880.0
COG,COG_6257,Mossendjo,4.0,2015,2015,9089.0,0.797432,4283103.0
COG,COG_6273,Mouyondzi,4.0,2015,2015,12025.0,0.717317,3322314.0
COG,COG_6705,Ngo,4.0,2015,2015,15339.0,0.710677,3524164.0
COG,COG_6790,Nkayi,11.0,2015,2015,85524.0,3.386316,23001178.0
COG,COG_7188,Ouesso,8.0,2015,2015,86184.0,1.968619,12839682.0
COG,COG_7236,Owando,8.0,2015,2015,54314.0,2.018448,13672887.0
COG,COG_7347,Pointe Noire,195.0,2015,2015,1133237.0,46.910464,353200576.0
COG,COG_7349,Pokola,3.0,2015,2015,15530.0,0.484588,3302606.0
COG,COG_8028,Sibiti,6.0,2015,2015,28296.0,1.38672,8396840.0
COM,COM_1578,Bandrani Mtsangani,1.0,2015,2015,6840.0,0.199815,1200155.0
COM,COM_158,Adda Daoueni,1.0,2015,2015,13309.0,0.243895,1284810.0
COM,COM_1741,Bazimini,1.0,2015,2015,7865.0,0.227368,1697493.0
COM,COM_2844,Domoni,3.0,2015,2015,15074.0,0.565599,4211327.0
COM,COM_3259,Fomboni,4.0,2015,2015,18933.0,0.798013,4252499.0
COM,COM_5285,Lingoni,1.0,2015,2015,11771.0,0.211904,648874.0
COM,COM_5863,Mbeni,2.0,2015,2015,5633.0,0.333173,2292666.0
COM,COM_6135,Mitsamiouli,4.0,2015,2015,9191.0,0.611635,2244224.0
COM,COM_6247,Moroni,24.0,2015,2015,117585.0,5.435052,35825256.0
COM,COM_6275,Moya,0.0,2015,2015,4333.0,0.063648,438109.0
COM,COM_6428,Mutsamudu,3.0,2015,2015,32220.0,0.92755,9284177.0
COM,COM_7094,Ongodjou,1.0,2015,2015,10752.0,0.277611,1433820.0
COM,COM_7161,Ouani,3.0,2015,2015,17884.0,0.521126,3727294.0
COM,COM_8102,Sima,1.0,2015,2015,7238.0,0.262045,1999812.0
COM,COM_8621,Tsembehou,2.0,2015,2015,16960.0,0.409688,2836046.0
CPV,CPV_1345,Assomada,14.0,2015,2015,17682.0,0.890707,4255752.0
CPV,CPV_3147,Espargos,7.0,2015,2015,9215.0,0.746965,4924499.0
CPV,CPV_6010,Mindelo,10.0,2015,2015,38875.0,2.537137,17071958.0
CPV,CPV_7375,Praia,21.0,2015,2015,104287.0,4.858008,55174932.0
ERI,ERI_1332,Asmara,37.0,2015,2015,234647.0,9.790065,84951832.0
ERI,ERI_1339,Assab,6.0,2015,2015,19414.0,1.270012,8779803.0
ERI,ERI_1681,Barentu,10.0,2015,2015,21405.0,1.491905,8827785.0
ERI,ERI_176,Adhi Bdo,3.0,2015,2015,1239.0,0.03968,72048.0
ERI,ERI_180,Adi Keyih,2.0,2015,2015,7011.0,0.56518,3809580.0
ERI,ERI_182,Adi Tekelezan,2.0,2015,2015,9351.0,0.36015,2222467.0
ERI,ERI_188,Adiquala,2.0,2015,2015,6029.0,0.429689,2136802.0
ERI,ERI_220,Af Abeb,9.0,2015,2015,38740.0,0.334912,1006608.0
ERI,ERI_2655,Debarwa,3.0,2015,2015,6865.0,0.500257,3035221.0
ERI,ERI_2675,Dekemehari,8.0,2015,2015,21676.0,1.386625,8564418.0
ERI,ERI_3474,Gergef,2.0,2015,2015,2546.0,0.158838,426304.0
ERI,ERI_3513,Ginda,4.0,2015,2015,47307.0,0.506873,3298024.0
ERI,ERI_3561,Goluj,7.0,2015,2015,10031.0,0.661893,2866291.0
ERI,ERI_3785,Haykota,5.0,2015,2015,4065.0,0.154443,361997.0
ERI,ERI_3790,Hegaz,4.0,2015,2015,19702.0,0.628043,3307816.0
ERI,ERI_3809,Himbirti,2.0,2015,2015,4707.0,0.388108,2298681.0
ERI,ERI_418,Akordat,5.0,2015,2015,11624.0,0.7837,5051165.0
ERI,ERI_4718,Keren,9.0,2015,2015,71620.0,2.614649,24227120.0
ERI,ERI_5774,Massawa,6.0,2015,2015,92116.0,1.042171,5793180.0
ERI,ERI_5939,Mendefera,4.0,2015,2015,15558.0,0.828941,5314236.0
ERI,ERI_6488,Nacfa,3.0,2015,2015,15962.0,0.124463,308573.0
ERI,ERI_7078,Om Hajer,4.0,2015,2015,5255.0,0.33135,1323279.0
ERI,ERI_714,Ali Ghdir,5.0,2015,2015,4337.0,0.176166,510386.0
ERI,ERI_7834,Segheneyti,3.0,2015,2015,5065.0,0.456945,3253883.0
ERI,ERI_7861,Senafe,2.0,2015,2015,5434.0,0.378097,1668086.0
ERI,ERI_8458,Tessenei,11.0,2015,2015,25031.0,1.634369,9036751.0
ETH,ETH_103,Abu Kuke,2.0,2015,2015,6376.0,0.291974,1234573.0
ETH,ETH_1142,Amanuel,5.0,2015,2015,12430.0,0.648326,4806021.0
ETH,ETH_1154,Amba Giyorgis,4.0,2015,2015,14179.0,0.386985,1917787.0
ETH,ETH_1162,Amber,5.0,2015,2015,5616.0,0.184739,851204.0
ETH,ETH_1164,Ambo,16.0,2015,2015,64054.0,3.428882,23540720.0
ETH,ETH_1174,Amedber,1.0,2015,2015,5615.0,0.189275,910492.0
ETH,ETH_1207,Andinet,4.0,2015,2015,5814.0,0.074088,185302.0
ETH,ETH_1215,Anibesema,2.0,2015,2015,6377.0,0.290182,1434686.0
ETH,ETH_1267,Aradom,2.0,2015,2015,4308.0,0.156245,453985.0
ETH,ETH_1272,Arba Minch,14.0,2015,2015,182409.0,3.542602,28748152.0
ETH,ETH_1279,Arerti,3.0,2015,2015,14020.0,0.756772,4437746.0
ETH,ETH_1286,Arjo,3.0,2015,2015,9187.0,0.408518,1892070.0
ETH,ETH_1297,Arsi Negele,11.0,2015,2015,103678.0,2.609521,18569170.0
ETH,ETH_1311,Asassa,9.0,2015,2015,55345.0,1.485795,9574679.0
ETH,ETH_1312,Asayta,4.0,2015,2015,50720.0,0.601031,2819153.0
ETH,ETH_1313,Asebot,25.0,2015,2015,16715.0,0.328814,1185917.0
ETH,ETH_1314,Asela,21.0,2015,2015,83026.0,4.827085,40737516.0
ETH,ETH_1315,Asendabo,6.0,2015,2015,15537.0,0.882198,5574626.0
ETH,ETH_1321,Ashe,3.0,2015,2015,7815.0,0.133972,454190.0
ETH,ETH_1336,Asosa,11.0,2015,2015,67762.0,2.23107,15130993.0
ETH,ETH_1353,Ataye,4.0,2015,2015,23014.0,0.725252,4815270.0
ETH,ETH_1371,Atsbi Endasilasie,2.0,2015,2015,66796.0,0.329298,1789732.0
ETH,ETH_1384,Awash Melkakunture,4.0,2015,2015,8916.0,0.256549,1364551.0
ETH,ETH_1386,Awash Sebat Kilo,5.0,2015,2015,30582.0,0.795255,4509091.0
ETH,ETH_1413,Awubere,3.0,2015,2015,8903.0,0.282064,904930.0
ETH,ETH_1415,Axum,16.0,2015,2015,51886.0,2.297313,14873766.0
ETH,ETH_1418,Ayida Chema,5.0,2015,2015,3023.0,0.049746,124467.0
ETH,ETH_1420,Ayikel,6.0,2015,2015,39755.0,0.73192,4262528.0
ETH,ETH_1430,Azena,2.0,2015,2015,5494.0,0.313349,1840657.0
ETH,ETH_1450,Babile,6.0,2015,2015,47739.0,0.838802,4878692.0
ETH,ETH_1493,Bahir Dar,49.0,2015,2015,343618.0,8.056471,48108208.0
ETH,ETH_1510,Bako,7.0,2015,2015,32757.0,0.976321,5896455.0
ETH,ETH_1529,Bale,4.0,2015,2015,12002.0,0.57286,2836478.0
ETH,ETH_153,Adaba,7.0,2015,2015,29074.0,1.175852,6312735.0
ETH,ETH_1531,Balemi,3.0,2015,2015,9175.0,0.301651,1481008.0
ETH,ETH_155,Adama,54.0,2015,2015,283186.0,12.768939,96682672.0
ETH,ETH_156,Adami Tulu,4.0,2015,2015,19304.0,0.528937,2543654.0
ETH,ETH_1562,Bamibasi,4.0,2015,2015,30884.0,0.512585,2606372.0
ETH,ETH_159,Addis Ababa,550.0,2015,2015,4059081.0,119.635952,1072951232.0
ETH,ETH_160,Addis Alem 1,6.0,2015,2015,14122.0,0.798332,3889468.0
ETH,ETH_161,Addis Alem 2,3.0,2015,2015,5538.0,0.092846,232162.0
ETH,ETH_162,Addis Kidam,6.0,2015,2015,14590.0,0.713158,4800710.0
ETH,ETH_1643,Baniko Goteti,1.0,2015,2015,7871.0,0.12256,322574.0
ETH,ETH_166,Adebaye,3.0,2015,2015,13092.0,0.272631,962828.0
ETH,ETH_169,Adele,4.0,2015,2015,7575.0,0.494322,2443574.0
ETH,ETH_1711,Bata Wayu,1.0,2015,2015,2534.0,0.164954,596810.0
ETH,ETH_1715,Bati,4.0,2015,2015,38623.0,0.771566,6814546.0
ETH,ETH_172,Adet,8.0,2015,2015,13921.0,0.927406,5560916.0
ETH,ETH_1751,Bedele,9.0,2015,2015,28295.0,1.304075,9216473.0
ETH,ETH_1752,Bedeno,212.0,2015,2015,302198.0,3.339291,9608889.0
ETH,ETH_1753,Bedesa,22.0,2015,2015,47557.0,1.306864,6629356.0
ETH,ETH_1757,Begi,12.0,2015,2015,139105.0,0.552431,2604306.0
ETH,ETH_1775,Bele,3.0,2015,2015,14261.0,0.39244,1933480.0
ETH,ETH_179,Adi Gudom,3.0,2015,2015,16165.0,0.409496,1808918.0
ETH,ETH_18,Abala,3.0,2015,2015,50901.0,0.196209,870959.0
ETH,ETH_181,Adi Remets,3.0,2015,2015,16055.0,0.174494,614850.0
ETH,ETH_1849,Besko Elala,1.0,2015,2015,1255.0,0.060857,152168.0
ETH,ETH_185,Adigrat,19.0,2015,2015,61708.0,2.300704,16146553.0
ETH,ETH_1872,Bichena,16.0,2015,2015,46627.0,1.511445,7749540.0
ETH,ETH_1880,Bifitu Geda,11.0,2015,2015,19286.0,0.863699,2159289.0
ETH,ETH_1881,Biftu,4.0,2015,2015,22105.0,0.239627,603843.0
ETH,ETH_189,Adis Zemen,3.0,2015,2015,22559.0,0.574552,3074025.0
ETH,ETH_1890,Bilalo Irsjha Limat,1.0,2015,2015,3437.0,0.041249,103147.0
ETH,ETH_1894,Bilida,2.0,2015,2015,2919.0,0.123836,326943.0
ETH,ETH_190,Adishohu,2.0,2015,2015,13089.0,0.185355,883143.0
ETH,ETH_1925,Birbir,3.0,2015,2015,18100.0,0.565342,3076239.0
ETH,ETH_200,Ado Boelo,1.0,2015,2015,5458.0,0.134385,583762.0
ETH,ETH_2010,Boke Tiko,2.0,2015,2015,13267.0,0.307197,1528692.0
ETH,ETH_2013,Bokoji,8.0,2015,2015,41376.0,1.57177,12341929.0
ETH,ETH_2019,Bole,2.0,2015,2015,10205.0,0.286558,1115063.0
ETH,ETH_2022,Bolo Giyorgis,3.0,2015,2015,2034.0,0.191601,479091.0
ETH,ETH_2035,Bona,2.0,2015,2015,24137.0,0.276597,1334683.0
ETH,ETH_2040,Bonesha,6.0,2015,2015,17503.0,0.426328,2315155.0
ETH,ETH_2041,Bonga,9.0,2015,2015,32311.0,0.879996,5215254.0
ETH,ETH_2062,Bore,3.0,2015,2015,23651.0,0.440779,2228127.0
ETH,ETH_208,Adola,9.0,2015,2015,54095.0,1.173323,6866825.0
ETH,ETH_2165,Bri,1.0,2015,2015,3993.0,0.064533,161358.0
ETH,ETH_217,Adwa,15.0,2015,2015,54471.0,1.783145,11375503.0
ETH,ETH_2207,Bulbula,4.0,2015,2015,17047.0,0.434858,2171801.0
ETH,ETH_2208,Bule,3.0,2015,2015,13959.0,0.225876,774302.0
ETH,ETH_2212,Bulki,5.0,2015,2015,9569.0,0.153725,638214.0
ETH,ETH_2244,Bure,16.0,2015,2015,39768.0,1.48685,8013260.0
ETH,ETH_2250,Burjawi,2.0,2015,2015,6756.0,0.306361,1512750.0
ETH,ETH_2251,Burka,2.0,2015,2015,28312.0,0.48163,2915079.0
ETH,ETH_2276,Butajira,72.0,2015,2015,111495.0,4.005805,22528300.0
ETH,ETH_2357,Chagni,5.0,2015,2015,33163.0,0.854969,5010145.0
ETH,ETH_2366,Chancho,6.0,2015,2015,9670.0,0.740861,3722632.0
ETH,ETH_2367,Chandba Delega,1.0,2015,2015,1831.0,0.070554,176402.0
ETH,ETH_238,Agarfa,7.0,2015,2015,22957.0,0.99817,5422397.0
ETH,ETH_2384,Chefa Robit,2.0,2015,2015,14630.0,0.336334,1763232.0
ETH,ETH_2386,Chefe Gudina,1.0,2015,2015,2418.0,0.147559,492176.0
ETH,ETH_2387,Chefedonsa,2.0,2015,2015,16973.0,0.386581,2284748.0
ETH,ETH_239,Agaro,17.0,2015,2015,71688.0,1.874406,13492277.0
ETH,ETH_2391,Chelelektu,4.0,2015,2015,30207.0,0.323424,999146.0
ETH,ETH_2392,Chelenko,32.0,2015,2015,69719.0,1.367045,5545131.0
ETH,ETH_24,Abderafi,4.0,2015,2015,20801.0,0.246254,870972.0
ETH,ETH_240,Agat K. 13,2.0,2015,2015,2592.0,0.11013,275351.0
ETH,ETH_2401,Chenicha,8.0,2015,2015,23524.0,0.858921,5760892.0
ETH,ETH_2405,Chere,3.0,2015,2015,25640.0,0.228333,596461.0
ETH,ETH_2407,Cherti Dabeso,2.0,2015,2015,8921.0,0.219813,969513.0
ETH,ETH_2421,Chiefera,2.0,2015,2015,5249.0,0.125002,561159.0
ETH,ETH_2430,Chinaksen,4.0,2015,2015,14024.0,0.446608,1999630.0
ETH,ETH_2441,Chiri,2.0,2015,2015,6950.0,0.150094,380844.0
ETH,ETH_2442,Chiro,8.0,2015,2015,53932.0,1.587587,12522230.0
ETH,ETH_2455,Chole,2.0,2015,2015,12579.0,0.459364,2345864.0
ETH,ETH_2460,Chuahit,2.0,2015,2015,10915.0,0.323132,1746541.0
ETH,ETH_2521,Dabat,4.0,2015,2015,24884.0,0.582302,3351227.0
ETH,ETH_255,Agena,4.0,2015,2015,3875.0,0.297605,1283129.0
ETH,ETH_2558,Dalocha,5.0,2015,2015,13344.0,0.420669,2087260.0
ETH,ETH_2602,Dangila,7.0,2015,2015,32255.0,1.305193,7540890.0
ETH,ETH_2603,Danisha,4.0,2015,2015,31737.0,0.368601,1870691.0
ETH,ETH_2627,Darge,5.0,2015,2015,15868.0,0.646454,3323793.0
ETH,ETH_2628,Bilida Bukisa,1.0,2015,2015,6278.0,0.099142,247964.0
ETH,ETH_2646,Daye,6.0,2015,2015,127808.0,0.715403,4256452.0
ETH,ETH_2654,Debark,6.0,2015,2015,44166.0,0.917111,6929749.0
ETH,ETH_2656,Debere Markos,23.0,2015,2015,73026.0,2.973234,21641152.0
ETH,ETH_2658,Debire Eyesus,7.0,2015,2015,6169.0,0.192392,494244.0
ETH,ETH_2660,Debirewerik,4.0,2015,2015,19194.0,0.504261,2606286.0
ETH,ETH_2661,Debre Brehan,14.0,2015,2015,110530.0,3.135433,24518568.0
ETH,ETH_2662,Debre Mariyam,4.0,2015,2015,2578.0,0.045235,113135.0
ETH,ETH_2663,Debre Sina,2.0,2015,2015,7321.0,0.277579,1367259.0
ETH,ETH_2664,Debretabor,20.0,2015,2015,160058.0,2.146653,16270565.0
ETH,ETH_2665,Deder,10.0,2015,2015,39752.0,0.745326,4670774.0
ETH,ETH_2668,Degan,3.0,2015,2015,6675.0,0.351492,1958324.0
ETH,ETH_2669,Degehabur,8.0,2015,2015,85721.0,1.119838,6487378.0
ETH,ETH_2670,Degolu,6.0,2015,2015,20044.0,0.876502,5882374.0
ETH,ETH_2673,Dejen,3.0,2015,2015,8768.0,0.457524,2688377.0
ETH,ETH_2679,Deksis,4.0,2015,2015,10739.0,0.491429,2338302.0
ETH,ETH_2680,Delgi,2.0,2015,2015,25031.0,0.379143,2103830.0
ETH,ETH_2683,Dembe,3.0,2015,2015,26024.0,0.303352,1347326.0
ETH,ETH_2684,Dembecha,9.0,2015,2015,24737.0,0.961141,5897275.0
ETH,ETH_2685,Dembi Dolo,10.0,2015,2015,38096.0,1.402634,9220401.0
ETH,ETH_2688,Deneba 1,2.0,2015,2015,1256.0,0.24636,804619.0
ETH,ETH_2689,Deneba 2,2.0,2015,2015,4566.0,0.308435,2290098.0
ETH,ETH_2692,Denise 37,4.0,2015,2015,5535.0,0.324946,1534786.0
ETH,ETH_2694,Dera,6.0,2015,2015,38837.0,1.175112,6788687.0
ETH,ETH_2698,Derwonaji,1.0,2015,2015,1194.0,0.044056,110170.0
ETH,ETH_2700,Dessie,27.0,2015,2015,183197.0,5.365996,52412080.0
ETH,ETH_2734,Digalu Kidame,2.0,2015,2015,3017.0,0.229939,1047682.0
ETH,ETH_2774,Dire Dawa,36.0,2015,2015,441813.0,7.756697,60411176.0
ETH,ETH_2813,Dl Amba,3.0,2015,2015,6149.0,0.103564,258940.0
ETH,ETH_2820,Dodola,7.0,2015,2015,49779.0,1.695312,10531099.0
ETH,ETH_2836,Dolo,6.0,2015,2015,78274.0,0.875169,5332676.0
ETH,ETH_2895,Dubti,5.0,2015,2015,35014.0,0.684619,3181204.0
ETH,ETH_2917,Durbete,5.0,2015,2015,25577.0,0.861618,5379372.0
ETH,ETH_2945,Ebinat,2.0,2015,2015,14913.0,0.415082,2445023.0
ETH,ETH_2957,Edega Hamus,3.0,2015,2015,39489.0,0.338782,2118017.0
ETH,ETH_2964,Efa,1.0,2015,2015,9139.0,0.107263,268191.0
ETH,ETH_2965,Efa Gamachu,1.0,2015,2015,3363.0,0.115179,577552.0
ETH,ETH_2975,Ego,2.0,2015,2015,5525.0,0.164317,653704.0
ETH,ETH_2982,Ejaji,4.0,2015,2015,13739.0,0.557217,2496927.0
ETH,ETH_2984,Ejere,3.0,2015,2015,14449.0,0.462456,2085295.0
ETH,ETH_3080,Eledima,1.0,2015,2015,3565.0,0.03586,89668.0
ETH,ETH_3083,Elferida,2.0,2015,2015,6796.0,0.096825,242107.0
ETH,ETH_3084,Eliyas,5.0,2015,2015,14194.0,0.652464,3710141.0
ETH,ETH_3107,Endaba Guna,2.0,2015,2015,19427.0,0.375528,1753606.0
ETH,ETH_3109,Endibir,3.0,2015,2015,5769.0,0.362309,1815874.0
ETH,ETH_3111,Enewari,2.0,2015,2015,11112.0,0.52299,3347638.0
ETH,ETH_3113,Enfranz,2.0,2015,2015,7008.0,0.200301,1102074.0
ETH,ETH_3116,Enseno,21.0,2015,2015,19728.0,0.840419,4467953.0
ETH,ETH_3153,Este,5.0,2015,2015,23796.0,0.70576,4293674.0
ETH,ETH_3158,Eteya,7.0,2015,2015,35721.0,1.127842,7180481.0
ETH,ETH_3187,Faji,3.0,2015,2015,3035.0,0.176846,442161.0
ETH,ETH_3220,Felege Birihan,4.0,2015,2015,9098.0,0.237944,1256808.0
ETH,ETH_3221,Fendika 2,4.0,2015,2015,13047.0,0.341708,1398206.0
ETH,ETH_3222,Fendika 1,3.0,2015,2015,12974.0,0.33942,1686814.0
ETH,ETH_3228,Feres Bet,6.0,2015,2015,8226.0,0.430114,2697806.0
ETH,ETH_3236,Fiche,14.0,2015,2015,28683.0,2.284827,14002559.0
ETH,ETH_3242,Fik,4.0,2015,2015,26099.0,0.3702,1811141.0
ETH,ETH_3244,Filakit,8.0,2015,2015,13775.0,0.766331,3667187.0
ETH,ETH_3248,Fincha,2.0,2015,2015,10836.0,0.411325,2635624.0
ETH,ETH_3249,Finote Selam,11.0,2015,2015,25709.0,1.521629,9791502.0
ETH,ETH_3261,Fonko,46.0,2015,2015,37753.0,1.100582,3806669.0
ETH,ETH_3294,Funyan Bira,4.0,2015,2015,15608.0,0.539914,2797895.0
ETH,ETH_3347,Gambela,19.0,2015,2015,92957.0,2.145416,11514979.0
ETH,ETH_3402,Gasera,9.0,2015,2015,15818.0,0.592431,2959188.0
ETH,ETH_3409,Gatira,7.0,2015,2015,6192.0,0.394688,2257782.0
ETH,ETH_3411,Gato,2.0,2015,2015,15127.0,0.063298,160069.0
ETH,ETH_3451,Gebeze Mariyam,2.0,2015,2015,3149.0,0.290581,1490428.0
ETH,ETH_3455,Gedeb,7.0,2015,2015,50807.0,0.639435,3461615.0
ETH,ETH_3458,Gedo,3.0,2015,2015,15424.0,0.458391,2852942.0
ETH,ETH_3461,Gelemso,3.0,2015,2015,38890.0,0.762004,5536542.0
ETH,ETH_3462,Gembe,2.0,2015,2015,5087.0,0.18403,697926.0
ETH,ETH_3465,Gend Wen,6.0,2015,2015,18286.0,0.680235,5066281.0
ETH,ETH_3466,Genda Wuha,4.0,2015,2015,60876.0,0.533599,2798472.0
ETH,ETH_3470,Gerba 2,2.0,2015,2015,6888.0,0.207502,1104793.0
ETH,ETH_3472,Gerbe Guracha,8.0,2015,2015,32293.0,1.291062,7138106.0
ETH,ETH_3473,Gerese,2.0,2015,2015,22616.0,0.343124,2482684.0
ETH,ETH_3477,Gesa,3.0,2015,2015,12819.0,0.224122,1165066.0
ETH,ETH_3496,Gida Ayana,4.0,2015,2015,9363.0,0.534357,2420272.0
ETH,ETH_3500,Gidole,7.0,2015,2015,104891.0,0.460962,2877567.0
ETH,ETH_3507,Gimbi,10.0,2015,2015,35618.0,1.120403,8784179.0
ETH,ETH_3508,Gimbicho,7.0,2015,2015,25671.0,0.733821,4219757.0
ETH,ETH_3509,Gimija Bet,3.0,2015,2015,17542.0,0.518382,3290059.0
ETH,ETH_3514,Ginichi,7.0,2015,2015,23470.0,0.983453,5526039.0
ETH,ETH_3515,Ginido,3.0,2015,2015,8654.0,0.6716,4085256.0
ETH,ETH_3516,Ginir,5.0,2015,2015,35986.0,1.245197,8238850.0
ETH,ETH_3518,Girawa,166.0,2015,2015,306851.0,3.7368,11741795.0
ETH,ETH_3523,Gisa Baela Egziabher,1.0,2015,2015,2278.0,0.203259,795259.0
ETH,ETH_3527,Gishe Abay,6.0,2015,2015,9063.0,0.468321,2182740.0
ETH,ETH_3545,Goba,13.0,2015,2015,38166.0,2.026199,12203741.0
ETH,ETH_3547,Gobessa,5.0,2015,2015,34808.0,1.055476,7060911.0
ETH,ETH_3549,Gode,12.0,2015,2015,323425.0,1.729134,10908065.0
ETH,ETH_3556,Gojo,7.0,2015,2015,34395.0,0.796236,4702866.0
ETH,ETH_3559,Golije,3.0,2015,2015,5651.0,0.224441,1250178.0
ETH,ETH_3573,Gonder,38.0,2015,2015,279898.0,6.101124,51947616.0
ETH,ETH_3579,Gore,2.0,2015,2015,17267.0,0.271376,1507476.0
ETH,ETH_3658,Guliso,2.0,2015,2015,14542.0,0.250328,978602.0
ETH,ETH_3666,Gundo Meskel,5.0,2015,2015,31211.0,0.878244,5481521.0
ETH,ETH_3670,Gura Harecho,1.0,2015,2015,1492.0,0.038438,96142.0
ETH,ETH_3678,Gutin,4.0,2015,2015,14230.0,0.669925,3469432.0
ETH,ETH_3697,Habe,2.0,2015,2015,6911.0,0.244441,885154.0
ETH,ETH_3707,Hagere Mariyam,10.0,2015,2015,44955.0,1.661483,11422959.0
ETH,ETH_3708,Hagere Selam 2,2.0,2015,2015,31222.0,0.32728,1706470.0
ETH,ETH_3709,Hagere Selam 1,4.0,2015,2015,15561.0,0.255413,1137610.0
ETH,ETH_3720,Halila Negele,1.0,2015,2015,1491.0,0.10043,371107.0
ETH,ETH_3726,Hamibiso,3.0,2015,2015,10273.0,0.625047,3462048.0
ETH,ETH_3735,Hamus Gebeya,1.0,2015,2015,1146.0,0.079645,293096.0
ETH,ETH_3736,Hamusit,4.0,2015,2015,10162.0,0.256316,823847.0
ETH,ETH_3744,Harare,193.0,2015,2015,723428.0,16.759627,81613800.0
ETH,ETH_3748,Harbu,3.0,2015,2015,17375.0,0.725309,4440562.0
ETH,ETH_3753,Haro,2.0,2015,2015,2925.0,0.091847,229640.0
ETH,ETH_3754,Haro Adi,3.0,2015,2015,20755.0,0.619488,3525051.0
ETH,ETH_3759,Hartishek,4.0,2015,2015,11908.0,0.638101,3306824.0
ETH,ETH_3778,Hawassa,1373.0,2015,2015,2246476.0,28.514716,148679408.0
ETH,ETH_3780,Hawuzen,3.0,2015,2015,12035.0,0.283726,1708482.0
ETH,ETH_3784,Hayk,16.0,2015,2015,21639.0,0.91378,6520619.0
ETH,ETH_3788,Hebo Molicha,1.0,2015,2015,4568.0,0.04661,116543.0
ETH,ETH_38,Abiyi Adi,4.0,2015,2015,32662.0,0.513854,2772971.0
ETH,ETH_3812,Hirna,26.0,2015,2015,36158.0,0.829725,4019190.0
ETH,ETH_3824,Holeta,18.0,2015,2015,47549.0,2.437746,14504809.0
ETH,ETH_3826,Homocho,4.0,2015,2015,10094.0,0.466125,2523823.0
ETH,ETH_3829,Hosaena,78.0,2015,2015,133838.0,7.307187,48113052.0
ETH,ETH_3838,Humera,7.0,2015,2015,86699.0,1.437723,9452338.0
ETH,ETH_3845,Hurta,1.0,2015,2015,2751.0,0.185987,735877.0
ETH,ETH_385,Aje,2.0,2015,2015,17318.0,0.334357,1455427.0
ETH,ETH_386,Ajebar,5.0,2015,2015,7717.0,0.581189,3037950.0
ETH,ETH_388,Ajibar,6.0,2015,2015,7454.0,0.46383,2673680.0
ETH,ETH_39,Abiyot Fana,4.0,2015,2015,6435.0,0.136839,449325.0
ETH,ETH_3906,Ifedin,1.0,2015,2015,3717.0,0.139082,453296.0
ETH,ETH_4037,Ilusinbitu,3.0,2015,2015,4883.0,0.296272,841368.0
ETH,ETH_4058,Inango,3.0,2015,2015,8072.0,0.187508,612219.0
ETH,ETH_4061,Inchini,3.0,2015,2015,9379.0,0.594806,3520670.0
ETH,ETH_4066,Injebara,11.0,2015,2015,29576.0,1.187872,8864094.0
ETH,ETH_4070,Inticho,3.0,2015,2015,22869.0,0.363804,2324018.0
ETH,ETH_4206,Jiga,7.0,2015,2015,14255.0,0.638979,3361097.0
ETH,ETH_4208,Jijiga,46.0,2015,2015,401093.0,7.237734,50700132.0
ETH,ETH_4212,Jimma,48.0,2015,2015,175385.0,6.592479,52324792.0
ETH,ETH_4215,Jinka,12.0,2015,2015,114349.0,1.339707,7090942.0
ETH,ETH_4223,Jomora,1.0,2015,2015,1081.0,0.065397,163504.0
ETH,ETH_4282,Kachise,5.0,2015,2015,15658.0,0.633166,4318638.0
ETH,ETH_436,Alaba Kulito,12.0,2015,2015,92144.0,1.661979,11040036.0
ETH,ETH_4424,Kake,3.0,2015,2015,20595.0,0.34631,1575932.0
ETH,ETH_4551,Kara Mile,15.0,2015,2015,30691.0,0.684593,4937962.0
ETH,ETH_4561,Karat,2.0,2015,2015,34820.0,0.368942,2393203.0
ETH,ETH_465,Alamata,6.0,2015,2015,36117.0,1.489835,8728503.0
ETH,ETH_4683,Kebri Beyah,7.0,2015,2015,19698.0,0.514386,2574754.0
ETH,ETH_4684,Kebridehar,6.0,2015,2015,194970.0,0.900777,5335070.0
ETH,ETH_4685,Kechema Chefe,3.0,2015,2015,3143.0,0.107525,268889.0
ETH,ETH_4686,Kedida Gubeta,3.0,2015,2015,12151.0,0.138876,356736.0
ETH,ETH_4697,Kelafo,2.0,2015,2015,47874.0,0.349455,1592790.0
ETH,ETH_4698,Kelala,2.0,2015,2015,5440.0,0.456803,3532013.0
ETH,ETH_4699,Kele,5.0,2015,2015,28444.0,0.415071,2383144.0
ETH,ETH_4702,Kemba,3.0,2015,2015,11579.0,0.289335,1463192.0
ETH,ETH_4704,Kemise,7.0,2015,2015,30131.0,1.2328,8424486.0
ETH,ETH_4717,Kere,3.0,2015,2015,17378.0,0.307069,1221496.0
ETH,ETH_4728,Kersa,6.0,2015,2015,25284.0,0.717636,4200810.0
ETH,ETH_4825,Kiloniso Mokoniso,2.0,2015,2015,2505.0,0.1196,299031.0
ETH,ETH_4840,Kimir Dingay,4.0,2015,2015,4850.0,0.31504,1394099.0
ETH,ETH_4937,Kobo 1,17.0,2015,2015,46130.0,0.89952,3754722.0
ETH,ETH_4938,Kobo 2,6.0,2015,2015,80243.0,1.522475,9230694.0
ETH,ETH_4942,Kofele,9.0,2015,2015,60066.0,1.008287,6267323.0
ETH,ETH_4952,Kokosa,1.0,2015,2015,12178.0,0.195732,792460.0
ETH,ETH_4956,Koladiba,4.0,2015,2015,23713.0,0.564057,2960777.0
ETH,ETH_4970,Kombolcha,26.0,2015,2015,113781.0,3.910457,27156324.0
ETH,ETH_4996,Korem,3.0,2015,2015,30688.0,0.513949,3482201.0
ETH,ETH_4998,Kork,3.0,2015,2015,5079.0,0.19934,1079857.0
ETH,ETH_5003,Koshe,4.0,2015,2015,7716.0,0.330626,1613917.0
ETH,ETH_5067,Kuchi,3.0,2015,2015,13578.0,0.614658,3539910.0
ETH,ETH_5084,Kulubi,3.0,2015,2015,12892.0,0.247101,1032817.0
ETH,ETH_51,Abomsa,3.0,2015,2015,21062.0,0.74481,4421913.0
ETH,ETH_5115,Kumbabe,5.0,2015,2015,8340.0,0.439193,1986295.0
ETH,ETH_5139,Kutaber,8.0,2015,2015,9487.0,0.517001,2053659.0
ETH,ETH_5144,Kuy,5.0,2015,2015,14827.0,0.426824,2214649.0
ETH,ETH_5204,Lalibela 1,4.0,2015,2015,33173.0,0.679903,5883049.0
ETH,ETH_5205,Lalibela 2,3.0,2015,2015,2796.0,0.090319,225838.0
ETH,ETH_5213,Lange,2.0,2015,2015,6880.0,0.249213,936589.0
ETH,ETH_5230,Laska,5.0,2015,2015,19259.0,0.252369,1013502.0
ETH,ETH_5247,Lehulum Selam,4.0,2015,2015,13071.0,0.463255,2135543.0
ETH,ETH_5251,Lemen,3.0,2015,2015,6783.0,0.474648,2677676.0
ETH,ETH_5253,Lemo Genito,3.0,2015,2015,5336.0,0.070488,176297.0
ETH,ETH_5257,Lera,27.0,2015,2015,24505.0,0.758255,2493401.0
ETH,ETH_5272,Liguama,5.0,2015,2015,10413.0,0.683662,4485540.0
ETH,ETH_5278,Limu Genet,8.0,2015,2015,21599.0,0.612148,3001659.0
ETH,ETH_5302,Logiya,7.0,2015,2015,111732.0,1.025514,7122441.0
ETH,ETH_5382,Lumame,10.0,2015,2015,16987.0,0.451999,2427846.0
ETH,ETH_55,Abora,3.0,2015,2015,7155.0,0.347804,1612035.0
ETH,ETH_5530,Mahidere Selam,5.0,2015,2015,15955.0,0.674728,4567348.0
ETH,ETH_5546,Majete,3.0,2015,2015,6356.0,0.422499,2222358.0
ETH,ETH_5552,Makafta Juru,1.0,2015,2015,2599.0,0.084114,210323.0
ETH,ETH_5580,Maksegnit,3.0,2015,2015,15004.0,0.357522,2194781.0
ETH,ETH_5661,Manibuk,4.0,2015,2015,24129.0,0.38117,1343250.0
ETH,ETH_5671,Mankusa,7.0,2015,2015,8766.0,0.487244,1779841.0
ETH,ETH_5756,Masha 1,4.0,2015,2015,11765.0,0.36291,1697947.0
ETH,ETH_5757,Masha 2,3.0,2015,2015,8746.0,0.460302,2398401.0
ETH,ETH_5818,May Cadera,3.0,2015,2015,26389.0,0.534081,2284951.0
ETH,ETH_5824,Maychew,8.0,2015,2015,32527.0,1.111174,7335691.0
ETH,ETH_5896,Mechara,6.0,2015,2015,8010.0,0.486121,2644501.0
ETH,ETH_5911,Mehal Amba,2.0,2015,2015,4040.0,0.120617,301603.0
ETH,ETH_5912,Mehal Meda,3.0,2015,2015,23118.0,0.613764,3643990.0
ETH,ETH_5914,Mehoni,3.0,2015,2015,33655.0,0.642599,3408805.0
ETH,ETH_5917,Mekane Berhan,3.0,2015,2015,9300.0,0.220676,1242847.0
ETH,ETH_5918,Mekele,54.0,2015,2015,427599.0,9.342723,72392104.0
ETH,ETH_592,Alem Gebeya,4.0,2015,2015,18562.0,0.330928,1690537.0
ETH,ETH_5920,Meki,10.0,2015,2015,58525.0,1.711778,10530999.0
ETH,ETH_5923,Mekoye,6.0,2015,2015,9430.0,0.408394,1975770.0
ETH,ETH_5925,Melika Gemechu,1.0,2015,2015,1331.0,0.057954,144903.0
ETH,ETH_5926,Meliyu,3.0,2015,2015,10173.0,0.386155,1543902.0
ETH,ETH_5929,Melka Werer,1.0,2015,2015,5398.0,0.206334,758578.0
ETH,ETH_593,Alem Ketema,5.0,2015,2015,26245.0,0.719957,4983591.0
ETH,ETH_5935,Mena,3.0,2015,2015,68774.0,0.615981,3394315.0
ETH,ETH_594,Alem Tena,3.0,2015,2015,24543.0,0.4668,2608816.0
ETH,ETH_5941,Mendi,6.0,2015,2015,22436.0,0.864813,5696042.0
ETH,ETH_5942,Mendida,2.0,2015,2015,3772.0,0.351966,1753133.0
ETH,ETH_5944,Menider 24,4.0,2015,2015,8854.0,0.276687,907126.0
ETH,ETH_5954,Meraro,4.0,2015,2015,8457.0,0.455009,2413568.0
ETH,ETH_5955,Merawi,9.0,2015,2015,70013.0,0.916383,5564099.0
ETH,ETH_5958,Merito Lemariyam,7.0,2015,2015,26209.0,0.701393,4383896.0
ETH,ETH_5962,Mersa,12.0,2015,2015,37994.0,1.197439,6567385.0
ETH,ETH_5967,Metehara,3.0,2015,2015,19096.0,0.506937,2975744.0
ETH,ETH_5968,Metema Yohanis Town ,2.0,2015,2015,32127.0,0.301477,1745678.0
ETH,ETH_5969,Meti,5.0,2015,2015,26091.0,0.603003,3108093.0
ETH,ETH_5973,Metu,13.0,2015,2015,43186.0,1.67042,11816779.0
ETH,ETH_5987,Micheta,3.0,2015,2015,8861.0,0.279224,1584529.0
ETH,ETH_5997,Mieso,3.0,2015,2015,15312.0,0.36563,1575359.0
ETH,ETH_6005,Mile,1.0,2015,2015,9808.0,0.121172,441990.0
ETH,ETH_6068,Mirab Imi,1.0,2015,2015,13132.0,0.137627,724146.0
ETH,ETH_6070,Miret Amba,1.0,2015,2015,2333.0,0.088431,221106.0
ETH,ETH_6080,Misrak Imi,1.0,2015,2015,7512.0,0.097478,426282.0
ETH,ETH_6141,Mizan-Aman,20.0,2015,2015,138269.0,1.737115,11162564.0
ETH,ETH_6197,Mojo 1,13.0,2015,2015,45409.0,2.541993,15209192.0
ETH,ETH_6198,Mojo 2,2.0,2015,2015,3869.0,0.087022,217604.0
ETH,ETH_6206,Molale,3.0,2015,2015,9428.0,0.451028,2898361.0
ETH,ETH_6259,Mota,8.0,2015,2015,50126.0,1.335638,8716666.0
ETH,ETH_6276,Moyale ,10.0,2015,2015,223547.0,2.115158,15693323.0
ETH,ETH_6327,Mudula,21.0,2015,2015,35822.0,0.712573,2822114.0
ETH,ETH_6334,Muger,5.0,2015,2015,12803.0,0.569152,3286428.0
ETH,ETH_6347,Muke Turi,3.0,2015,2015,26532.0,0.647955,3675981.0
ETH,ETH_6490,Nada,4.0,2015,2015,12213.0,0.537075,3392103.0
ETH,ETH_6647,Nefas Mewicha,5.0,2015,2015,19536.0,0.438104,2521711.0
ETH,ETH_6650,Negele,12.0,2015,2015,121875.0,1.841855,10915543.0
ETH,ETH_6652,Nejo,5.0,2015,2015,15182.0,0.588648,3697527.0
ETH,ETH_6654,Nekemte,21.0,2015,2015,144011.0,4.375316,40111936.0
ETH,ETH_6951,Obora,1.0,2015,2015,2800.0,0.228645,1129301.0
ETH,ETH_6993,Ogolcho,3.0,2015,2015,10594.0,0.229358,975564.0
ETH,ETH_7076,Olonkomi,4.0,2015,2015,5638.0,0.412885,1995033.0
ETH,ETH_7330,Pigniwedo,2.0,2015,2015,8414.0,0.284097,1153607.0
ETH,ETH_7425,Qericha,6.0,2015,2015,36257.0,0.456238,1471686.0
ETH,ETH_7426,Qersa,2.0,2015,2015,8912.0,0.315011,1396699.0
ETH,ETH_7439,Qoqa,4.0,2015,2015,6033.0,0.399845,1558494.0
ETH,ETH_7440,Qore,3.0,2015,2015,15595.0,0.450032,2863545.0
ETH,ETH_7516,Rim,5.0,2015,2015,10427.0,0.202585,620795.0
ETH,ETH_7527,Rob Gebeya,3.0,2015,2015,16472.0,0.31941,1463810.0
ETH,ETH_7529,Robe 1,17.0,2015,2015,84485.0,4.132221,26696306.0
ETH,ETH_7530,Robe 2,6.0,2015,2015,28237.0,0.946573,5728802.0
ETH,ETH_7532,Robit 2,3.0,2015,2015,10648.0,0.336326,1536846.0
ETH,ETH_7533,Robit 1,4.0,2015,2015,3206.0,0.205162,728761.0
ETH,ETH_7544,Ropi,2.0,2015,2015,5487.0,0.089204,223050.0
ETH,ETH_764,Alkeso,3.0,2015,2015,7724.0,0.15168,832865.0
ETH,ETH_7655,Sagure,5.0,2015,2015,14085.0,0.924918,6150553.0
ETH,ETH_7762,Sanja,2.0,2015,2015,33025.0,0.236862,1450039.0
ETH,ETH_7808,Sawula,23.0,2015,2015,67879.0,1.422796,7445357.0
ETH,ETH_7840,Seka,5.0,2015,2015,29687.0,0.558215,3104479.0
ETH,ETH_7847,Sekota,3.0,2015,2015,28926.0,0.79168,6518296.0
ETH,ETH_7851,Selekileha,2.0,2015,2015,13464.0,0.254023,1308656.0
ETH,ETH_7863,Senbete,4.0,2015,2015,21608.0,0.401115,2389875.0
ETH,ETH_7864,Sendafa,14.0,2015,2015,19197.0,2.166599,12458442.0
ETH,ETH_7869,Sengo Gebeya,4.0,2015,2015,2333.0,0.123859,309460.0
ETH,ETH_7884,Seyo 1,11.0,2015,2015,26219.0,1.296758,8337573.0
ETH,ETH_7885,Seyo 2,2.0,2015,2015,11176.0,0.232113,1027782.0
ETH,ETH_7906,Shahura,3.0,2015,2015,22648.0,0.333667,1937752.0
ETH,ETH_7907,Shakiso,5.0,2015,2015,25863.0,1.142936,8112822.0
ETH,ETH_7918,Shambu,6.0,2015,2015,27197.0,1.119336,7486011.0
ETH,ETH_7945,Shashemene,46.0,2015,2015,297951.0,8.815726,63314520.0
ETH,ETH_7956,Shay Bench,3.0,2015,2015,19067.0,0.275581,895754.0
ETH,ETH_7960,Shebe,5.0,2015,2015,6607.0,0.263666,1186493.0
ETH,ETH_7961,Shek,7.0,2015,2015,11665.0,0.492079,2967832.0
ETH,ETH_7967,Shendi,3.0,2015,2015,11785.0,0.58715,3628340.0
ETH,ETH_7968,Shere Horera,1.0,2015,2015,741.0,0.030218,75563.0
ETH,ETH_7969,Shewa Robit,6.0,2015,2015,29258.0,1.121364,7107020.0
ETH,ETH_7985,Shiraro,5.0,2015,2015,20717.0,0.673875,4006243.0
ETH,ETH_7987,Shire Enidasilase,13.0,2015,2015,51071.0,2.036853,12359887.0
ETH,ETH_8033,Side,4.0,2015,2015,4761.0,0.170227,534408.0
ETH,ETH_8088,Sigmo,4.0,2015,2015,9963.0,0.491411,3478867.0
ETH,ETH_8098,Siltana,3.0,2015,2015,13993.0,0.556223,3970857.0
ETH,ETH_8122,Sire 2,3.0,2015,2015,12361.0,0.386276,2222285.0
ETH,ETH_8123,Sire 1,3.0,2015,2015,16280.0,0.52329,2605448.0
ETH,ETH_8126,Siribo,4.0,2015,2015,10640.0,0.426333,2192121.0
ETH,ETH_8131,Sitir Dirma,1.0,2015,2015,720.0,0.022269,55696.0
ETH,ETH_8144,Sodo,2027.0,2015,2015,1721095.0,34.940024,139266128.0
ETH,ETH_8155,Sokoru,4.0,2015,2015,2033.0,0.393205,1897497.0
ETH,ETH_8158,Solomo,3.0,2015,2015,25873.0,0.401572,1959722.0
ETH,ETH_8226,Sululta,26.0,2015,2015,55373.0,4.041992,31256916.0
ETH,ETH_8380,Tapi,11.0,2015,2015,100584.0,1.318065,7381929.0
ETH,ETH_8422,Tebela,10.0,2015,2015,26517.0,0.601404,3341490.0
ETH,ETH_8454,Tercha,3.0,2015,2015,33626.0,0.362577,1460627.0
ETH,ETH_8505,Tijo,2.0,2015,2015,4029.0,0.288313,1829642.0
ETH,ETH_8506,Tikil Dingay,2.0,2015,2015,10734.0,0.274886,1616123.0
ETH,ETH_8509,Tilili,25.0,2015,2015,30937.0,1.136848,5925243.0
ETH,ETH_8525,Tis Abay,1.0,2015,2015,8192.0,0.202439,839123.0
ETH,ETH_8545,Toba,3.0,2015,2015,5700.0,0.351242,1803467.0
ETH,ETH_8554,Toli Beyem,2.0,2015,2015,3924.0,0.234636,1414783.0
ETH,ETH_8573,Tora,4.0,2015,2015,18714.0,0.391436,2259490.0
ETH,ETH_8656,Tuche Angalo,2.0,2015,2015,2005.0,0.11959,732869.0
ETH,ETH_8669,Tulu Bolo,6.0,2015,2015,31062.0,1.050754,6771042.0
ETH,ETH_8687,Turre Wetera Elemo,1.0,2015,2015,394.0,0.008874,22200.0
ETH,ETH_8905,Wacha,3.0,2015,2015,8330.0,0.211001,748351.0
ETH,ETH_8926,Togo Chale town ,4.0,2015,2015,0.0,0.0,0.0
ETH,ETH_8929,Waka,4.0,2015,2015,15981.0,0.183504,630377.0
ETH,ETH_8954,Warder,5.0,2015,2015,78507.0,0.496354,2866714.0
ETH,ETH_8971,Wayu,4.0,2015,2015,12618.0,0.35972,1612518.0
ETH,ETH_8974,Wegada,3.0,2015,2015,13833.0,0.507166,3220914.0
ETH,ETH_8975,Wegel Tena,7.0,2015,2015,13353.0,0.734299,4691997.0
ETH,ETH_8976,Weken,3.0,2015,2015,8955.0,0.223,992842.0
ETH,ETH_8977,Welenchiti,4.0,2015,2015,23659.0,0.823646,4513406.0
ETH,ETH_8978,Weliso,24.0,2015,2015,54508.0,3.315111,20214932.0
ETH,ETH_8979,Welkite,11.0,2015,2015,33893.0,2.428063,17719612.0
ETH,ETH_8986,Werabe,9.0,2015,2015,18861.0,1.053184,5968653.0
ETH,ETH_8987,Were Ilu,4.0,2015,2015,10321.0,0.546921,3511149.0
ETH,ETH_8988,Were Mehamed,8.0,2015,2015,21393.0,0.624245,1688931.0
ETH,ETH_8990,Wereta,6.0,2015,2015,28287.0,1.015838,6774610.0
ETH,ETH_8991,Wergesa,3.0,2015,2015,8054.0,0.253997,905180.0
ETH,ETH_8996,Wetet Abay,3.0,2015,2015,18768.0,0.286779,952179.0
ETH,ETH_9009,Woldiya,14.0,2015,2015,121250.0,2.247312,18004796.0
ETH,ETH_9013,Wonji Gefersa,5.0,2015,2015,21258.0,0.89598,4277593.0
ETH,ETH_9014,Wonji Shewa Sugar Cane Plantat,2.0,2015,2015,7067.0,0.293828,1476385.0
ETH,ETH_9018,Wuchale,4.0,2015,2015,7332.0,0.34739,2702759.0
ETH,ETH_9021,Wukro,7.0,2015,2015,44034.0,1.286481,8929118.0
ETH,ETH_9036,Yabelo,9.0,2015,2015,42570.0,0.966415,5083288.0
ETH,ETH_9038,Yachiaurache,1.0,2015,2015,1327.0,0.095213,262487.0
ETH,ETH_9062,Yaya,2.0,2015,2015,33174.0,0.29872,1615837.0
ETH,ETH_9063,Yayu,6.0,2015,2015,19050.0,0.369178,1630399.0
ETH,ETH_9064,Yebokila,3.0,2015,2015,1857.0,0.172841,489029.0
ETH,ETH_9068,Yejube,6.0,2015,2015,23612.0,0.556768,3079933.0
ETH,ETH_9075,Yenache,11.0,2015,2015,2434.0,0.156415,391170.0
ETH,ETH_9078,Yezeleka,3.0,2015,2015,3962.0,0.307204,1492545.0
ETH,ETH_9083,Yirga Chefe,59.0,2015,2015,185364.0,1.668296,6694395.0
ETH,ETH_9162,Zeway/Batu,13.0,2015,2015,79197.0,2.172187,14261005.0
GAB,GAB_1957,Bitam,4.0,2015,2015,6787.0,0.759453,4071146.0
GAB,GAB_3277,Franceville,22.0,2015,2015,69210.0,4.789738,44016616.0
GAB,GAB_3344,Gamba,5.0,2015,2015,5026.0,0.768194,4155770.0
GAB,GAB_5015,Koulamoutou,6.0,2015,2015,15976.0,1.091459,10084130.0
GAB,GAB_5209,Lambaréné,10.0,2015,2015,20319.0,1.978904,12564121.0
GAB,GAB_5232,Lastoursville,3.0,2015,2015,4773.0,0.454967,2141134.0
GAB,GAB_5271,Libreville,230.0,2015,2015,705295.0,56.72744,543692864.0
GAB,GAB_5573,Makokou,4.0,2015,2015,7135.0,1.079037,7366703.0
GAB,GAB_6173,Moanda,11.0,2015,2015,23947.0,2.532577,18352456.0
GAB,GAB_6265,Mouila,13.0,2015,2015,16677.0,2.90996,16658286.0
GAB,GAB_7040,Okondja,3.0,2015,2015,4619.0,0.668156,3535165.0
GAB,GAB_7246,Oyem,16.0,2015,2015,36017.0,3.110587,23679912.0
GAB,GAB_7363,Port-Gentil,38.0,2015,2015,109419.0,10.356133,72642080.0
GAB,GAB_8415,Tchibanga,11.0,2015,2015,17599.0,2.11663,12559045.0
GHA,GHA_1141,Amanten,2.0,2015,2015,9493.0,0.561615,3008055.0
GHA,GHA_1223,Kilkor,35.0,2015,2015,51042.0,5.280286,32480408.0
GHA,GHA_1224,Anloga,27.0,2015,2015,80216.0,6.307833,42732292.0
GHA,GHA_1245,Anyiman,4.0,2015,2015,19348.0,0.99058,6252893.0
GHA,GHA_1251,Apam,6.0,2015,2015,19470.0,0.904687,4188725.0
GHA,GHA_1252,Apedwa,3.0,2015,2015,7777.0,0.654216,3420943.0
GHA,GHA_1307,Asamankese,10.0,2015,2015,61993.0,2.680207,20147020.0
GHA,GHA_1308,Asankragwa,7.0,2015,2015,21803.0,1.176347,9137197.0
GHA,GHA_1309,Asanwinso,4.0,2015,2015,22958.0,1.19464,8580277.0
GHA,GHA_132,Abuesi,3.0,2015,2015,18775.0,0.823494,7303470.0
GHA,GHA_1344,Assin Foso,11.0,2015,2015,51229.0,2.692073,20539948.0
GHA,GHA_1348,Asuom,3.0,2015,2015,18616.0,0.837886,6809054.0
GHA,GHA_1355,Atebubu,10.0,2015,2015,65797.0,2.950297,21160352.0
GHA,GHA_139,Abura Dunkwa,4.0,2015,2015,15926.0,0.786701,4447497.0
GHA,GHA_1414,Axim,3.0,2015,2015,18526.0,0.720914,5312621.0
GHA,GHA_145,Accra,1210.0,2015,2015,5178934.0,357.26928,2777471744.0
GHA,GHA_1464,Badu,4.0,2015,2015,12417.0,0.821131,4716854.0
GHA,GHA_152,Ada Foah,4.0,2015,2015,13307.0,0.854588,5984689.0
GHA,GHA_168,Adeiso,3.0,2015,2015,19891.0,0.64286,3823561.0
GHA,GHA_1730,Bawjiase,6.0,2015,2015,29928.0,1.104087,8520410.0
GHA,GHA_1731,Bawku,13.0,2015,2015,70100.0,3.926801,26788218.0
GHA,GHA_1749,Bechem,7.0,2015,2015,20897.0,1.333569,7159887.0
GHA,GHA_1758,Begoro,7.0,2015,2015,26648.0,1.419913,10792928.0
GHA,GHA_1835,Berekum,35.0,2015,2015,101280.0,8.317443,59875200.0
GHA,GHA_1848,Besease,4.0,2015,2015,16328.0,0.617902,3667580.0
GHA,GHA_187,Adina,2.0,2015,2015,3692.0,0.444313,1620777.0
GHA,GHA_1870,Bibiani,10.0,2015,2015,52742.0,2.145286,14951102.0
GHA,GHA_1905,Bimbilla,8.0,2015,2015,43679.0,2.01027,14014333.0
GHA,GHA_1987,Bodomase,3.0,2015,2015,11120.0,0.712541,4406878.0
GHA,GHA_1999,Bogoso,7.0,2015,2015,34995.0,1.544415,13443257.0
GHA,GHA_2020,Bole,7.0,2015,2015,34402.0,1.652033,9635089.0
GHA,GHA_2021,Bolgatanga,22.0,2015,2015,84781.0,5.748284,50762068.0
GHA,GHA_203,Adoagyiri,6.0,2015,2015,26552.0,1.221122,7964718.0
GHA,GHA_2052,Bonyere,3.0,2015,2015,6963.0,0.422768,1691099.0
GHA,GHA_2161,Breman Brakwa,2.0,2015,2015,11583.0,0.495716,3144590.0
GHA,GHA_2162,Breman Odoben,3.0,2015,2015,12939.0,0.52424,3590278.0
GHA,GHA_2163,Brenan Asikuma,4.0,2015,2015,28675.0,1.022985,6830379.0
GHA,GHA_2194,Buipe,2.0,2015,2015,16552.0,0.601918,4066460.0
GHA,GHA_2235,Bunkpurugu,3.0,2015,2015,16226.0,0.841881,4545864.0
GHA,GHA_229,Afosu,6.0,2015,2015,22601.0,1.221549,7843255.0
GHA,GHA_2334,Cape Coast,39.0,2015,2015,175974.0,8.667092,77891144.0
GHA,GHA_2363,Chamba,1.0,2015,2015,5797.0,0.440083,3097920.0
GHA,GHA_2439,Chiraa,8.0,2015,2015,17029.0,1.553015,8465918.0
GHA,GHA_2569,Dambai,4.0,2015,2015,31804.0,1.348552,12123811.0
GHA,GHA_2577,Damongo,6.0,2015,2015,29663.0,1.508524,10149804.0
GHA,GHA_265,Agogo,9.0,2015,2015,38629.0,1.936276,13517519.0
GHA,GHA_267,Agona,4.0,2015,2015,17513.0,0.914739,5317960.0
GHA,GHA_268,Agona Kwanyako,2.0,2015,2015,10716.0,0.417092,2685717.0
GHA,GHA_269,Agona nkwanta,6.0,2015,2015,27547.0,1.149016,6553086.0
GHA,GHA_2696,Derma,3.0,2015,2015,9374.0,0.656337,3355603.0
GHA,GHA_270,Agona Nsaba,2.0,2015,2015,10851.0,0.447831,3078338.0
GHA,GHA_271,Agona Nyakrom,2.0,2015,2015,10905.0,0.516579,3689459.0
GHA,GHA_2715,Diare,2.0,2015,2015,6745.0,0.475393,3155331.0
GHA,GHA_272,Agona Swedru,19.0,2015,2015,114743.0,5.582142,45008532.0
GHA,GHA_2845,Dompoase,4.0,2015,2015,12448.0,0.805839,4410569.0
GHA,GHA_2861,Dormaa Ahenkro,16.0,2015,2015,53702.0,3.632603,25234148.0
GHA,GHA_2887,Drobo,9.0,2015,2015,43365.0,2.384748,15870066.0
GHA,GHA_2891,Duadaso No.2,2.0,2015,2015,11197.0,0.568755,3292214.0
GHA,GHA_2893,Duayaw Nkwanta,8.0,2015,2015,22370.0,1.717203,10045512.0
GHA,GHA_2913,Dunkwa-on-Offin,8.0,2015,2015,50421.0,2.26933,19143412.0
GHA,GHA_2932,Dzemeni,3.0,2015,2015,8634.0,0.706411,4535978.0
GHA,GHA_2933,Dzita Agbledomi,3.0,2015,2015,4662.0,0.626647,3566150.0
GHA,GHA_2934,Dzodze,9.0,2015,2015,36862.0,2.441931,18040414.0
GHA,GHA_2989,Ejura,9.0,2015,2015,57436.0,2.731386,18413590.0
GHA,GHA_30,Abetifi,4.0,2015,2015,13455.0,0.745245,4540827.0
GHA,GHA_3085,Elmina,6.0,2015,2015,36043.0,1.347636,9635952.0
GHA,GHA_3087,Elubo,2.0,2015,2015,13197.0,0.472746,3370525.0
GHA,GHA_3106,Enchi,4.0,2015,2015,12268.0,0.742564,4297123.0
GHA,GHA_3142,Esiama,3.0,2015,2015,11164.0,0.489145,2583818.0
GHA,GHA_3345,Gambaga,3.0,2015,2015,16298.0,0.62714,3291455.0
GHA,GHA_3544,Goaso,8.0,2015,2015,30286.0,1.865394,11412778.0
GHA,GHA_3677,Gushiegu,4.0,2015,2015,28733.0,1.029071,5865944.0
GHA,GHA_3717,Half Assini,4.0,2015,2015,16457.0,0.779696,4032461.0
GHA,GHA_379,Aiyinase,8.0,2015,2015,29046.0,1.288072,6424275.0
GHA,GHA_3795,Hemang,4.0,2015,2015,14996.0,0.696632,4025076.0
GHA,GHA_3819,Ho,33.0,2015,2015,120256.0,9.164663,71539160.0
GHA,GHA_3820,Hohoe,12.0,2015,2015,72260.0,3.460469,26537532.0
GHA,GHA_399,Akatsi,11.0,2015,2015,39265.0,2.518598,19736692.0
GHA,GHA_405,Akim Achiase,6.0,2015,2015,24467.0,1.147913,7237234.0
GHA,GHA_406,Akim Akroso,4.0,2015,2015,16935.0,0.678105,4320305.0
GHA,GHA_409,Akim Oda,19.0,2015,2015,64955.0,3.985872,30533112.0
GHA,GHA_410,Akim Swedru,6.0,2015,2015,18410.0,0.981206,6532760.0
GHA,GHA_416,Afrancho,8.0,2015,2015,28024.0,1.835084,11509486.0
GHA,GHA_4166,Jacobu,4.0,2015,2015,17219.0,0.675529,4099669.0
GHA,GHA_4183,Jamasi,4.0,2015,2015,15778.0,0.820545,4936107.0
GHA,GHA_4187,Jasikan,5.0,2015,2015,16075.0,1.011991,6016329.0
GHA,GHA_419,Akosombo,4.0,2015,2015,17364.0,1.011297,8499327.0
GHA,GHA_4217,Jirapa,6.0,2015,2015,17916.0,1.576662,9538261.0
GHA,GHA_4230,Juapong,5.0,2015,2015,25264.0,1.334356,9938708.0
GHA,GHA_4283,Kade,10.0,2015,2015,35103.0,1.986271,13468338.0
GHA,GHA_4287,Kadjebi,3.0,2015,2015,13997.0,0.584376,3917015.0
GHA,GHA_430,Akwatia,9.0,2015,2015,31406.0,1.923951,13268565.0
GHA,GHA_44,Abofour,4.0,2015,2015,21595.0,1.097246,8253367.0
GHA,GHA_4554,Karaga,1.0,2015,2015,15644.0,0.455859,3046583.0
GHA,GHA_4616,Kasseh,5.0,2015,2015,16389.0,1.070811,6267776.0
GHA,GHA_4715,Kenyasi 2,9.0,2015,2015,21776.0,1.72671,10961804.0
GHA,GHA_4733,Kete-Krachi,6.0,2015,2015,23984.0,1.199107,8432346.0
GHA,GHA_4779,Kibi,8.0,2015,2015,20818.0,1.554269,7994796.0
GHA,GHA_4859,Kintampo,16.0,2015,2015,83409.0,4.16521,32562188.0
GHA,GHA_4943,Koforidua,63.0,2015,2015,213830.0,15.490508,115784240.0
GHA,GHA_4971,Komenda,2.0,2015,2015,10726.0,0.539579,2910266.0
GHA,GHA_4988,Konongo,17.0,2015,2015,57553.0,3.786065,31006176.0
GHA,GHA_5039,Kpandai,3.0,2015,2015,21939.0,0.788173,6030801.0
GHA,GHA_5041,Kpandu,10.0,2015,2015,34974.0,2.641304,20396704.0
GHA,GHA_5042,Kpassa,4.0,2015,2015,33443.0,1.288683,10755898.0
GHA,GHA_5112,Kumasi,566.0,2015,2015,2341879.0,155.815328,1279505152.0
GHA,GHA_5113,Kumawu,3.0,2015,2015,11425.0,0.59993,4042265.0
GHA,GHA_5156,Kwame Danso,4.0,2015,2015,20230.0,1.080758,8186596.0
GHA,GHA_5157,Kwamekrom,2.0,2015,2015,7847.0,0.552565,3453255.0
GHA,GHA_5226,Larteh,2.0,2015,2015,7452.0,0.458101,3015340.0
GHA,GHA_5316,Lome/Aflao/Tokor [GHA] 2,12.0,2015,2015,90048.0,4.393657,34701804.0
GHA,GHA_5466,Mafi Kumase,2.0,2015,2015,8751.0,0.566823,3384061.0
GHA,GHA_5630,Mampong,17.0,2015,2015,64056.0,3.744098,25132664.0
GHA,GHA_5668,Mankesim,24.0,2015,2015,104243.0,5.285326,34928152.0
GHA,GHA_5952,Mepe,4.0,2015,2015,19591.0,1.171207,7306641.0
GHA,GHA_6166,Mmem,5.0,2015,2015,19202.0,1.161404,7287408.0
GHA,GHA_6290,Mpohor,2.0,2015,2015,8922.0,0.399936,2214798.0
GHA,GHA_6517,Nalerigu,7.0,2015,2015,34503.0,1.421825,7784525.0
GHA,GHA_6571,Navrongo,18.0,2015,2015,40550.0,3.645973,25892022.0
GHA,GHA_6671,New Ebiduase,4.0,2015,2015,21258.0,0.909421,6335348.0
GHA,GHA_6675,New Tafo,19.0,2015,2015,58562.0,3.635378,24243124.0
GHA,GHA_6789,Nkawkaw,24.0,2015,2015,96268.0,5.616992,42362176.0
GHA,GHA_6791,Nkenkaasu,3.0,2015,2015,11598.0,0.780687,5053445.0
GHA,GHA_6803,Nkoranza,14.0,2015,2015,53621.0,3.401373,22143084.0
GHA,GHA_6808,Nkrankwanta,3.0,2015,2015,11630.0,0.794639,4577862.0
GHA,GHA_6811,Nkwanta,6.0,2015,2015,44097.0,1.401818,9526843.0
GHA,GHA_6812,Nkwatanum-Essiam,4.0,2015,2015,18153.0,0.775968,4587362.0
GHA,GHA_6813,Bepong,17.0,2015,2015,46231.0,3.245557,21666452.0
GHA,GHA_6862,Nsawkaw,2.0,2015,2015,13592.0,0.592417,3326064.0
GHA,GHA_6868,Nsuatre,8.0,2015,2015,17234.0,1.5581,9094151.0
GHA,GHA_6870,Nsuta,4.0,2015,2015,12311.0,0.878217,4176100.0
GHA,GHA_6922,Nyinahin,4.0,2015,2015,17495.0,0.834731,5506337.0
GHA,GHA_6948,Obogu,3.0,2015,2015,9812.0,0.540425,3625615.0
GHA,GHA_6952,Obuasi,38.0,2015,2015,171684.0,9.635115,77217592.0
GHA,GHA_6975,Offinso,16.0,2015,2015,61948.0,3.47668,21861116.0
GHA,GHA_7065,Old Debiso,5.0,2015,2015,15704.0,1.062284,7104597.0
GHA,GHA_7287,Parambo,2.0,2015,2015,8309.0,0.594633,3440802.0
GHA,GHA_7298,Peki-Tsame,5.0,2015,2015,14301.0,0.91486,5284024.0
GHA,GHA_7378,Prestea,6.0,2015,2015,31425.0,1.328387,12647261.0
GHA,GHA_7687,Salaga,8.0,2015,2015,45836.0,1.805165,10599140.0
GHA,GHA_7723,Sampa,5.0,2015,2015,28404.0,1.098101,6435698.0
GHA,GHA_7725,Samreboi,3.0,2015,2015,9422.0,0.759723,4418153.0
GHA,GHA_7805,Savelugu,8.0,2015,2015,50105.0,2.06139,13448121.0
GHA,GHA_7829,Sefwi Bekwai,6.0,2015,2015,24246.0,1.128878,7165605.0
GHA,GHA_7830,Sefwi Wiawso,8.0,2015,2015,31050.0,1.613052,10136465.0
GHA,GHA_7838,Seikwa,4.0,2015,2015,10472.0,0.689801,3620270.0
GHA,GHA_7871,Senya Bereku,5.0,2015,2015,22536.0,1.105048,6604725.0
GHA,GHA_8147,Sogakope,7.0,2015,2015,25646.0,1.753056,13040694.0
GHA,GHA_8162,Somanya,32.0,2015,2015,137318.0,7.634156,56725424.0
GHA,GHA_8220,Suhum,12.0,2015,2015,69171.0,2.972212,25449348.0
GHA,GHA_8239,Sunyani,81.0,2015,2015,209898.0,19.971486,152550304.0
GHA,GHA_8302,Takoradi,86.0,2015,2015,399118.0,22.57524,209812688.0
GHA,GHA_8324,Tamale,150.0,2015,2015,576996.0,34.096352,263376880.0
GHA,GHA_8388,Tarkwa,22.0,2015,2015,128582.0,5.465846,51853568.0
GHA,GHA_8394,Tatale,4.0,2015,2015,15343.0,0.861437,4430055.0
GHA,GHA_8427,Techiman,53.0,2015,2015,223234.0,14.84491,109810032.0
GHA,GHA_8428,Techimantia,5.0,2015,2015,16021.0,1.116501,6332411.0
GHA,GHA_8434,Teleku Bokazo,1.0,2015,2015,4157.0,0.177038,773991.0
GHA,GHA_8452,Tepa,6.0,2015,2015,25766.0,1.401324,8960723.0
GHA,GHA_8649,Tsito,3.0,2015,2015,7874.0,0.56317,4082551.0
GHA,GHA_8673,Tumu,5.0,2015,2015,18482.0,1.087719,7389761.0
GHA,GHA_8692,Twifo Praso,5.0,2015,2015,30116.0,1.163348,8472446.0
GHA,GHA_8903,Wa,37.0,2015,2015,129301.0,9.710917,65079664.0
GHA,GHA_8932,Walewale,10.0,2015,2015,50475.0,2.014149,15559205.0
GHA,GHA_8942,Wamfie,7.0,2015,2015,18572.0,1.456057,8508240.0
GHA,GHA_8985,Wenchi,13.0,2015,2015,53226.0,3.100898,20565212.0
GHA,GHA_9000,Wiamoase,3.0,2015,2015,13797.0,0.715935,4487747.0
GHA,GHA_9003,Winneba,25.0,2015,2015,95863.0,5.049138,32986138.0
GHA,GHA_9022,Wulensi,1.0,2015,2015,9219.0,0.407542,3270213.0
GHA,GHA_9053,Yamfo,3.0,2015,2015,10549.0,0.774367,4426378.0
GHA,GHA_9066,Yegyi,8.0,2015,2015,60315.0,2.365886,15446142.0
GHA,GHA_9077,Yendi,14.0,2015,2015,80126.0,3.719301,24876480.0
GHA,GHA_9101,Zabzugu,4.0,2015,2015,21075.0,0.928645,5455364.0
GIN,GIN_1528,Balato,3.0,2015,2015,18289.0,0.805573,5196173.0
GIN,GIN_1567,Banankoro,5.0,2015,2015,50020.0,1.287535,8400865.0
GIN,GIN_1859,Beyla,5.0,2015,2015,23021.0,0.909516,6204766.0
GIN,GIN_1991,Boffa,4.0,2015,2015,8138.0,0.642774,3289710.0
GIN,GIN_2009,Boké,15.0,2015,2015,71452.0,2.970075,17661948.0
GIN,GIN_2500,Conakry,310.0,2015,2015,2046978.0,83.952632,638026432.0
GIN,GIN_2522,Dabola,14.0,2015,2015,16828.0,2.34738,13325263.0
GIN,GIN_2728,Diécké,5.0,2015,2015,11654.0,1.261287,8382998.0
GIN,GIN_2754,Dinguiraye,10.0,2015,2015,24199.0,1.63974,10003252.0
GIN,GIN_3197,Faranah,12.0,2015,2015,73473.0,3.021765,23004122.0
GIN,GIN_3262,Forécariah,6.0,2015,2015,27665.0,1.262506,8265057.0
GIN,GIN_3284,Fria,8.0,2015,2015,25818.0,2.377394,18734278.0
GIN,GIN_3285,Friguiagbe-Centre,2.0,2015,2015,7832.0,0.450082,2714121.0
GIN,GIN_3370,Gaoual,4.0,2015,2015,16074.0,0.507676,2432593.0
GIN,GIN_3625,Guéckédou,14.0,2015,2015,50815.0,2.85234,20658084.0
GIN,GIN_4488,Kamsar,18.0,2015,2015,49915.0,4.846867,36916656.0
GIN,GIN_4514,Kankan,44.0,2015,2015,242354.0,11.018413,73388800.0
GIN,GIN_4727,Kérouané,6.0,2015,2015,19424.0,1.416091,9109691.0
GIN,GIN_4850,Kindia,49.0,2015,2015,169663.0,11.530907,90615040.0
GIN,GIN_4861,Kintinian,2.0,2015,2015,15146.0,0.611823,3952174.0
GIN,GIN_4902,Kissidougou,24.0,2015,2015,86480.0,6.142711,45308124.0
GIN,GIN_5022,Koundara,13.0,2015,2015,21785.0,2.458554,14576728.0
GIN,GIN_5029,Kouroussa,9.0,2015,2015,40658.0,1.831583,11335893.0
GIN,GIN_5036,Koyamah,2.0,2015,2015,3698.0,0.321136,1507110.0
GIN,GIN_5189,Labé,61.0,2015,2015,132466.0,13.593672,89649368.0
GIN,GIN_5313,Lola,12.0,2015,2015,32524.0,2.479437,20033676.0
GIN,GIN_5426,Macenta,13.0,2015,2015,71506.0,2.700918,16705017.0
GIN,GIN_5464,Maférénya,9.0,2015,2015,18235.0,1.249913,6899535.0
GIN,GIN_5627,Mamou,25.0,2015,2015,84875.0,5.573562,47524704.0
GIN,GIN_5644,Mandiana,9.0,2015,2015,14047.0,1.721418,10090205.0
GIN,GIN_6926,Nzerekore,46.0,2015,2015,238252.0,11.509984,106035696.0
GIN,GIN_7337,Pita,16.0,2015,2015,29443.0,3.235052,21751512.0
GIN,GIN_7605,Sabadou-Baranama,1.0,2015,2015,11311.0,0.167476,645453.0
GIN,GIN_7749,Sangarédi,10.0,2015,2015,72460.0,2.475147,17019500.0
GIN,GIN_8090,Siguiri,34.0,2015,2015,134108.0,6.970993,49976068.0
GIN,GIN_8091,Siguirini,3.0,2015,2015,14473.0,0.848471,5672124.0
GIN,GIN_8437,Tétélélé,11.0,2015,2015,23761.0,1.687324,9041992.0
GIN,GIN_8511,Timbi-Madina,10.0,2015,2015,10820.0,1.947936,10980241.0
GIN,GIN_8518,Tinsinkoro,1.0,2015,2015,3203.0,0.312233,1470177.0
GIN,GIN_8564,Tondon,1.0,2015,2015,2094.0,0.176444,710316.0
GIN,GIN_8592,Tougnifili,1.0,2015,2015,2615.0,0.182491,694978.0
GIN,GIN_9089,Yomou,3.0,2015,2015,6593.0,0.523344,3346910.0
GMB,GMB_1645,Banjul,3.0,2015,2015,35871.0,0.896265,7369444.0
GMB,GMB_1706,Basse Santo-Su,8.0,2015,2015,44572.0,1.798384,10865010.0
GMB,GMB_3150,Essau,8.0,2015,2015,32978.0,1.210695,6653986.0
GMB,GMB_3195,Farafenni,5.0,2015,2015,12250.0,1.453584,8632176.0
GMB,GMB_3668,Gunjur,10.0,2015,2015,30088.0,1.368098,6575197.0
GMB,GMB_7876,Banjul,175.0,2015,2015,501742.0,42.522228,293770688.0
GMB,GMB_8160,Soma,6.0,2015,2015,9682.0,1.233199,6084848.0
GNB,GNB_1467,Bafata,7.0,2015,2015,45662.0,1.880076,12022071.0
GNB,GNB_1951,Bissau,65.0,2015,2015,439957.0,19.318144,142986400.0
GNB,GNB_1953,Bissora,2.0,2015,2015,12114.0,0.575903,3346854.0
GNB,GNB_2330,Canchungo,15.0,2015,2015,16347.0,1.773465,8776488.0
GNB,GNB_3311,Gabu,8.0,2015,2015,42493.0,2.523703,16390447.0
GNB,GNB_7090,Ondame,7.0,2015,2015,11276.0,0.805066,2426798.0
GNQ,GNQ_1710,Bata,66.0,2015,2015,281338.0,15.732715,138033648.0
GNQ,GNQ_5592,Malabo,44.0,2015,2015,256929.0,10.001674,98408056.0
GNQ,GNQ_5989,Micomeseng,3.0,2015,2015,5506.0,0.191912,883363.0
GNQ,GNQ_6220,Mongomo,9.0,2015,2015,52540.0,1.467743,8882877.0
GNQ,GNQ_6754,Niefang,4.0,2015,2015,20769.0,0.528954,2042290.0
KEN,KEN_2525,Dadaab,4.0,2015,2015,47463.0,0.517465,2415275.0
KEN,KEN_2530,Dagahaley,7.0,2015,2015,8399.0,0.230118,575400.0
KEN,KEN_3074,El Wak,8.0,2015,2015,90057.0,1.934407,11010798.0
KEN,KEN_3076,Elburgon,10.0,2015,2015,23970.0,1.236047,7646001.0
KEN,KEN_3077,Eldama Ravine,10.0,2015,2015,15945.0,1.390724,8425531.0
KEN,KEN_3094,Embu,1768.0,2015,2015,1544088.0,106.862344,319549760.0
KEN,KEN_3387,Garissa,33.0,2015,2015,197708.0,8.245707,53327780.0
KEN,KEN_3505,Gilgil,17.0,2015,2015,53726.0,2.321726,12497469.0
KEN,KEN_3560,Golini,7.0,2015,2015,10805.0,0.557386,2270615.0
KEN,KEN_3822,Hola,7.0,2015,2015,63576.0,0.969855,5155514.0
KEN,KEN_4114,Isiolo,18.0,2015,2015,104542.0,3.377261,20267970.0
KEN,KEN_4134,Iten,11.0,2015,2015,17421.0,0.859457,3564725.0
KEN,KEN_4247,Kabarnet,13.0,2015,2015,21216.0,1.300751,6993738.0
KEN,KEN_4417,Kajiado,8.0,2015,2015,28855.0,0.976715,6336809.0
KEN,KEN_4431,Kakuma,19.0,2015,2015,102225.0,3.399576,20919552.0
KEN,KEN_4689,Keekonyokie,6.0,2015,2015,6135.0,0.290789,727103.0
KEN,KEN_4764,Ki Li Fi,59.0,2015,2015,111159.0,3.628553,15325058.0
KEN,KEN_4811,Kikima,464.0,2015,2015,150837.0,14.065957,35806724.0
KEN,KEN_4833,Kimana,6.0,2015,2015,13972.0,0.446998,2186475.0
KEN,KEN_4903,Kisumu,5943.0,2015,2015,4380771.0,197.610096,613388224.0
KEN,KEN_4919,Kitui,252.0,2015,2015,115121.0,9.726641,27493660.0
KEN,KEN_5210,Lamu,2.0,2015,2015,5374.0,0.414789,2542481.0
KEN,KEN_5301,Lodwar,20.0,2015,2015,110573.0,3.524505,22414446.0
KEN,KEN_5571,Makindu,10.0,2015,2015,14815.0,0.86379,4022331.0
KEN,KEN_5610,Malindi,108.0,2015,2015,226591.0,8.604171,41093440.0
KEN,KEN_5643,Mandera,21.0,2015,2015,130628.0,3.386714,19923012.0
KEN,KEN_5711,Maralal,11.0,2015,2015,50733.0,1.342145,7403028.0
KEN,KEN_5721,Mariakani,13.0,2015,2015,46974.0,1.703923,8520986.0
KEN,KEN_5740,Marsabit,11.0,2015,2015,60689.0,1.629741,10678859.0
KEN,KEN_5810,Matuu,3.0,2015,2015,8959.0,0.547105,3765453.0
KEN,KEN_5870,Mbita,14.0,2015,2015,12168.0,0.820197,2780142.0
KEN,KEN_6186,Mogoto,5.0,2015,2015,9387.0,0.539234,1872739.0
KEN,KEN_6209,Molo,13.0,2015,2015,37619.0,1.871978,10546042.0
KEN,KEN_6212,Mombasa,171.0,2015,2015,1308854.0,37.263672,269701216.0
KEN,KEN_6277,Moyale ,14.0,2015,2015,87866.0,1.868746,13123957.0
KEN,KEN_6311,Mtito-Andei,12.0,2015,2015,5989.0,0.412916,1488854.0
KEN,KEN_6469,Mwingi,4.0,2015,2015,13281.0,0.851878,5518287.0
KEN,KEN_6509,Nairobi,1375.0,2015,2015,6882436.0,191.256384,1430176896.0
KEN,KEN_6510,Naivasha,133.0,2015,2015,152814.0,8.733141,32823900.0
KEN,KEN_6516,Nakuru,239.0,2015,2015,630267.0,26.553054,157965312.0
KEN,KEN_6523,Namanga ,8.0,2015,2015,22388.0,0.708834,4369678.0
KEN,KEN_6551,Nanyuky,75.0,2015,2015,85843.0,5.428371,23704562.0
KEN,KEN_6557,Narok,12.0,2015,2015,59257.0,2.381866,15137105.0
KEN,KEN_6857,Nsambweni,14.0,2015,2015,16432.0,0.986497,3383200.0
KEN,KEN_6894,Nyahururu,119.0,2015,2015,37046.0,3.430636,9628705.0
KEN,KEN_7072,Oloitokitok,12.0,2015,2015,24341.0,0.882728,3197174.0
KEN,KEN_7502,Rhamu,7.0,2015,2015,85221.0,0.766473,3835089.0
KEN,KEN_8103,Simkumbe,9.0,2015,2015,18902.0,0.897107,3141206.0
KEN,KEN_8174,Sori,8.0,2015,2015,7469.0,0.621536,2003295.0
KEN,KEN_8215,Subokia,54.0,2015,2015,34085.0,2.023937,6281123.0
KEN,KEN_8225,Sultan Hamud aggl.,2.0,2015,2015,7141.0,0.369857,2136395.0
KEN,KEN_8230,Sumba,13.0,2015,2015,8387.0,1.090941,3183007.0
KEN,KEN_8400,Taveta,21.0,2015,2015,33831.0,1.588937,7507777.0
KEN,KEN_8474,Thika,17.0,2015,2015,138061.0,4.1673,34334940.0
KEN,KEN_8723,Ukunda,42.0,2015,2015,98485.0,4.003962,17451088.0
KEN,KEN_8792,Usenge,41.0,2015,2015,22821.0,1.498643,4027851.0
KEN,KEN_8885,Visoi,13.0,2015,2015,9166.0,0.513002,1310508.0
KEN,KEN_8890,Voi,19.0,2015,2015,39193.0,2.329705,16984212.0
KEN,KEN_8928,Wajir,41.0,2015,2015,95199.0,4.683562,26684704.0
KEN,KEN_8943,Wamumu,3.0,2015,2015,6510.0,0.478776,1881267.0
KEN,KEN_8982,Hagadera,6.0,2015,2015,76073.0,1.802381,11908730.0
KEN,KEN_9024,Wundyani,163.0,2015,2015,68179.0,6.270558,17992238.0
LBR,LBR_2044,Bongtown,2.0,2015,2015,6700.0,0.379405,1614424.0
LBR,LBR_2174,Buchanan,16.0,2015,2015,72614.0,3.286492,23235602.0
LBR,LBR_2837,Dolo Town,5.0,2015,2015,12798.0,0.720534,3370998.0
LBR,LBR_3275,Foya,5.0,2015,2015,28477.0,0.878436,4817942.0
LBR,LBR_3364,Ganta,24.0,2015,2015,84762.0,4.344269,30747790.0
LBR,LBR_3439,Gbarnga,28.0,2015,2015,90903.0,4.644352,34828424.0
LBR,LBR_3611,Greenville,6.0,2015,2015,30800.0,0.924438,4158956.0
LBR,LBR_3746,Harbel,6.0,2015,2015,21081.0,1.059165,5337536.0
LBR,LBR_3756,Harper,6.0,2015,2015,40804.0,1.066618,5969633.0
LBR,LBR_4423,Kakata,10.0,2015,2015,40251.0,2.188618,16390043.0
LBR,LBR_4957,Kolahun,3.0,2015,2015,9534.0,0.342146,1314407.0
LBR,LBR_6224,Monrovia,229.0,2015,2015,1400133.0,63.681808,497404128.0
LBR,LBR_6918,Nyea Blai,5.0,2015,2015,12480.0,0.695517,2253252.0
LBR,LBR_7343,Pleebo,6.0,2015,2015,41373.0,1.432336,12456049.0
LBR,LBR_7624,Saclepea,8.0,2015,2015,22692.0,1.230195,6988726.0
LBR,LBR_7767,Sanniquellie,12.0,2015,2015,37374.0,1.751851,11455504.0
LBR,LBR_8654,Tubmanburg,5.0,2015,2015,16717.0,0.655146,2906093.0
LBR,LBR_8891,Voinjama,9.0,2015,2015,42768.0,1.069664,6325602.0
LBR,LBR_9069,Yekepa,3.0,2015,2015,11155.0,0.460065,1758601.0
LBR,LBR_9202,Zwedru,13.0,2015,2015,83045.0,1.957369,13263531.0
LSO,LSO_2284,Butha Buthe,37.0,2015,2015,44669.0,4.119284,20491506.0
LSO,LSO_3818,Hlotse,25.0,2015,2015,32981.0,3.381276,17705652.0
LSO,LSO_5465,Mafeteng,30.0,2015,2015,34299.0,3.893742,20202912.0
LSO,LSO_5704,Maputsoe,20.0,2015,2015,33702.0,3.882196,24338850.0
LSO,LSO_5753,Maseru,176.0,2015,2015,343763.0,35.351444,252276640.0
LSO,LSO_6189,Mohale's Hoek,18.0,2015,2015,25416.0,2.303365,12516970.0
LSO,LSO_6279,Quthing,11.0,2015,2015,12556.0,0.93084,5056265.0
LSO,LSO_8463,Teyateyaneng,22.0,2015,2015,28274.0,2.890147,15932779.0
LSO,LSO_8647,Tsikoane,19.0,2015,2015,16001.0,1.441628,4620433.0
MDG,MDG_1155,Ambalavao,5.0,2015,2015,20037.0,0.802906,4876465.0
MDG,MDG_1157,Ambanja,7.0,2015,2015,57372.0,1.67874,11092439.0
MDG,MDG_1158,Ambato Ambarimay,2.0,2015,2015,10889.0,0.43424,2455646.0
MDG,MDG_1159,Ambatolampy,9.0,2015,2015,22964.0,1.108174,4931517.0
MDG,MDG_1160,Ambatomilona,1.0,2015,2015,5038.0,0.188566,714480.0
MDG,MDG_1161,Ambatondrazaka,5.0,2015,2015,50539.0,1.267198,11010027.0
MDG,MDG_1163,Ambilobe,10.0,2015,2015,52848.0,2.041268,12115027.0
MDG,MDG_1165,Amboasary Atsimo,2.0,2015,2015,15875.0,0.533583,2836764.0
MDG,MDG_1166,Sainte Marie,3.0,2015,2015,4744.0,0.181305,569098.0
MDG,MDG_1167,Ambohijanahary,1.0,2015,2015,2001.0,0.175189,716093.0
MDG,MDG_1168,Ambohitrimanjaka,7.0,2015,2015,22904.0,1.294358,9556272.0
MDG,MDG_1170,Ambositra I,8.0,2015,2015,22580.0,1.08204,6380445.0
MDG,MDG_1171,Ambovombe,5.0,2015,2015,30840.0,0.891382,4444003.0
MDG,MDG_1198,Analavory,2.0,2015,2015,10751.0,0.280979,999478.0
MDG,MDG_1204,Andapa,4.0,2015,2015,22272.0,0.981341,5487663.0
MDG,MDG_1206,Andilamena,2.0,2015,2015,8817.0,0.401378,1949059.0
MDG,MDG_1233,Antalaha Ambonivohitra,8.0,2015,2015,79005.0,1.745486,11828341.0
MDG,MDG_1235,Antananarivo,232.0,2015,2015,1937079.0,52.431568,491632608.0
MDG,MDG_1236,Antanety II,3.0,2015,2015,9267.0,0.397506,2026778.0
MDG,MDG_1237,Antanifotsy,2.0,2015,2015,6094.0,0.293676,986916.0
MDG,MDG_1238,Antsirabe,22.0,2015,2015,135816.0,4.648854,32674696.0
MDG,MDG_1239,Antsiranana,21.0,2015,2015,126353.0,5.175603,37256812.0
MDG,MDG_1240,Anstonihy,7.0,2015,2015,41414.0,1.318574,9751919.0
MDG,MDG_1285,Arivonimamo I,4.0,2015,2015,18475.0,0.663516,3620186.0
MDG,MDG_1756,Befandriana Nord,3.0,2015,2015,15053.0,0.612248,4649671.0
MDG,MDG_1781,Belo Tsiribihina,3.0,2015,2015,15747.0,0.572138,3609368.0
MDG,MDG_1851,Betafo,5.0,2015,2015,13505.0,0.383488,1526864.0
MDG,MDG_1858,Betroka,3.0,2015,2015,11955.0,0.626743,3067539.0
MDG,MDG_2066,Port-bergé,4.0,2015,2015,28803.0,0.860052,4939393.0
MDG,MDG_3194,Farafangana,6.0,2015,2015,46367.0,0.976559,5000777.0
MDG,MDG_3223,Fenerive Est,6.0,2015,2015,48688.0,1.044946,5454764.0
MDG,MDG_3225,Tampontanana Fenoarivo,1.0,2015,2015,5601.0,0.210363,1232934.0
MDG,MDG_3234,Fianarantsoa,25.0,2015,2015,137401.0,5.021129,50586448.0
MDG,MDG_3794,Hell-Ville,13.0,2015,2015,52786.0,2.012314,14486212.0
MDG,MDG_3955,Inhosy,5.0,2015,2015,30341.0,1.052228,5828472.0
MDG,MDG_4044,Imeritsiatosika,6.0,2015,2015,26720.0,0.933507,5143893.0
MDG,MDG_5460,Maevatanana I,2.0,2015,2015,21606.0,0.482943,3229092.0
MDG,MDG_5499,Mahabo,2.0,2015,2015,12628.0,0.418442,1746004.0
MDG,MDG_5502,Mahajanga,36.0,2015,2015,218255.0,7.375969,42243100.0
MDG,MDG_5523,Mahanoro,4.0,2015,2015,20081.0,0.528876,2405383.0
MDG,MDG_5543,Maintirano,3.0,2015,2015,15396.0,0.662118,3304351.0
MDG,MDG_5629,Mampikony I,4.0,2015,2015,13045.0,0.736237,4121033.0
MDG,MDG_5634,Manakara,7.0,2015,2015,22054.0,1.147118,5744497.0
MDG,MDG_5635,Mananara Avaratra,6.0,2015,2015,26500.0,1.013869,5453755.0
MDG,MDG_5636,Manjanary,4.0,2015,2015,17345.0,0.605691,2202271.0
MDG,MDG_5637,Manaratsandry,2.0,2015,2015,2246.0,0.318431,1323834.0
MDG,MDG_5645,Mandritsara,4.0,2015,2015,34167.0,0.918371,5049587.0
MDG,MDG_5663,Manitsy,2.0,2015,2015,5752.0,0.370271,2116681.0
MDG,MDG_5665,Manjankandriana,2.0,2015,2015,5672.0,0.245591,1091848.0
MDG,MDG_5730,Maroantsetra,9.0,2015,2015,71638.0,1.367372,6524705.0
MDG,MDG_5734,Marovoay Ville,3.0,2015,2015,21105.0,0.677991,5080329.0
MDG,MDG_5985,Miarinarivo,3.0,2015,2015,12681.0,0.431114,2446793.0
MDG,MDG_6236,Moramanga,10.0,2015,2015,43088.0,2.058247,12794167.0
MDG,MDG_6245,Morombe,3.0,2015,2015,13735.0,0.444282,1863311.0
MDG,MDG_6246,Morondava,8.0,2015,2015,46327.0,1.732739,9535157.0
MDG,MDG_7678,Sakaraha,2.0,2015,2015,15409.0,0.532055,2928359.0
MDG,MDG_7714,Sambava,18.0,2015,2015,112358.0,3.113498,16264861.0
MDG,MDG_8119,SIRAMA,3.0,2015,2015,4304.0,0.338123,1155898.0
MDG,MDG_8375,Toalagnaro,4.0,2015,2015,54018.0,0.980363,8772639.0
MDG,MDG_8544,Toamasina,40.0,2015,2015,348186.0,10.317754,69189200.0
MDG,MDG_8555,Toliary,25.0,2015,2015,226307.0,6.099013,42296676.0
MDG,MDG_8619,Ilakaka,2.0,2015,2015,3650.0,0.395315,1860281.0
MDG,MDG_8648,Tsiromandidy,5.0,2015,2015,31389.0,0.842403,4832019.0
MDG,MDG_8816,Vangaindrano,4.0,2015,2015,16609.0,0.423269,1434463.0
MDG,MDG_8817,Vatomandry,3.0,2015,2015,21033.0,0.563399,1993650.0
MDG,MDG_8818,Vavatenina,2.0,2015,2015,13263.0,0.320411,1671336.0
MDG,MDG_8888,Vohémar,4.0,2015,2015,20332.0,0.934592,4512934.0
MLI,MLI_1232,Ansongo Dioula,6.0,2015,2015,16511.0,0.812483,4364699.0
MLI,MLI_1459,Badinko,3.0,2015,2015,6597.0,0.569169,2840785.0
MLI,MLI_1547,Bamako,524.0,2015,2015,4323149.0,136.185904,1017939200.0
MLI,MLI_1566,Banamba,7.0,2015,2015,11114.0,1.330905,7170582.0
MLI,MLI_1574,Bandiagara,5.0,2015,2015,4902.0,0.908005,5605211.0
MLI,MLI_1647,Bankass,5.0,2015,2015,2309.0,0.549559,3333934.0
MLI,MLI_1673,Baraoueli,3.0,2015,2015,12890.0,0.753084,4511990.0
MLI,MLI_1964,Bla,8.0,2015,2015,19795.0,2.074252,11843374.0
MLI,MLI_2045,Boni,2.0,2015,2015,12249.0,0.331468,1406298.0
MLI,MLI_2107,Bougouni,24.0,2015,2015,135364.0,4.687866,28093344.0
MLI,MLI_2133,Bourem,3.0,2015,2015,4322.0,0.267607,796661.0
MLI,MLI_2550,Dalabala,8.0,2015,2015,38128.0,1.672688,9000357.0
MLI,MLI_2704,Diabaly,5.0,2015,2015,15067.0,0.935799,4309208.0
MLI,MLI_2706,Diamarabougou,7.0,2015,2015,47895.0,1.390108,8228143.0
MLI,MLI_2710,Diangounte Camara,2.0,2015,2015,6416.0,0.271316,1117743.0
MLI,MLI_2730,Diema,4.0,2015,2015,17074.0,0.848129,4292805.0
MLI,MLI_2752,Dinangourou,1.0,2015,2015,200.0,0.201147,955397.0
MLI,MLI_2760,Dioila,10.0,2015,2015,31159.0,1.824061,11084134.0
MLI,MLI_2762,Dioro,4.0,2015,2015,15772.0,0.891645,4953473.0
MLI,MLI_2773,Dire,5.0,2015,2015,34333.0,1.057141,5592229.0
MLI,MLI_2800,Djenne,2.0,2015,2015,19924.0,0.472587,2610427.0
MLI,MLI_2869,Douentza,5.0,2015,2015,111029.0,1.167082,6908502.0
MLI,MLI_2871,Dougabougou,4.0,2015,2015,15894.0,0.88017,4273777.0
MLI,MLI_2950,Echell,3.0,2015,2015,4095.0,0.334799,1570988.0
MLI,MLI_3190,Fana,20.0,2015,2015,76286.0,4.322726,26133352.0
MLI,MLI_3206,Fatao,4.0,2015,2015,12155.0,0.709228,3508384.0
MLI,MLI_3263,Forgho Sonrai,1.0,2015,2015,1401.0,0.164537,503061.0
MLI,MLI_3271,Foungou,3.0,2015,2015,7396.0,0.428433,1960942.0
MLI,MLI_3274,Fourou,5.0,2015,2015,17364.0,1.233133,7243952.0
MLI,MLI_3368,Gao,24.0,2015,2015,213396.0,6.129135,46886552.0
MLI,MLI_3376,Garalo,4.0,2015,2015,11577.0,0.661624,2800168.0
MLI,MLI_3588,Goumbou,2.0,2015,2015,5460.0,0.286299,1179856.0
MLI,MLI_3590,Goundam,4.0,2015,2015,25002.0,0.588363,2573997.0
MLI,MLI_4285,Kadiolo,11.0,2015,2015,51148.0,2.930262,19209726.0
MLI,MLI_4671,Kayes,40.0,2015,2015,467716.0,8.934204,53562872.0
MLI,MLI_4712,Kenieba,6.0,2015,2015,21174.0,1.294148,7545674.0
MLI,MLI_4729,Kersignane,1.0,2015,2015,3819.0,0.193803,879796.0
MLI,MLI_4773,Kiban,2.0,2015,2015,4036.0,0.520925,2991573.0
MLI,MLI_4795,Kidal,10.0,2015,2015,21845.0,0.892865,4376327.0
MLI,MLI_4804,Kignan,3.0,2015,2015,8886.0,0.663373,3431663.0
MLI,MLI_4877,Kirane,4.0,2015,2015,11248.0,0.741757,3498956.0
MLI,MLI_4905,Kita,18.0,2015,2015,97646.0,3.962929,25124192.0
MLI,MLI_4948,Kokobougou,5.0,2015,2015,9950.0,1.071532,6315615.0
MLI,MLI_4965,Kolondieba,6.0,2015,2015,21097.0,1.314037,7162724.0
MLI,MLI_4985,Konna,3.0,2015,2015,13015.0,0.543425,2892397.0
MLI,MLI_4986,Konobougou,4.0,2015,2015,26036.0,0.787867,4256126.0
MLI,MLI_4999,Koro,8.0,2015,2015,5229.0,1.437353,10093796.0
MLI,MLI_5016,Koulikoro,11.0,2015,2015,38655.0,2.49175,15477999.0
MLI,MLI_5018,Koumantou,8.0,2015,2015,22997.0,1.496571,8396949.0
MLI,MLI_5030,Koury,7.0,2015,2015,14996.0,1.523569,8741952.0
MLI,MLI_5032,Koutiala,38.0,2015,2015,198283.0,11.176595,75272448.0
MLI,MLI_5051,Kremis,2.0,2015,2015,6704.0,0.432928,2125682.0
MLI,MLI_5259,Lere,4.0,2015,2015,8903.0,0.669258,5092839.0
MLI,MLI_5435,Macina,3.0,2015,2015,19520.0,0.679534,3921257.0
MLI,MLI_5446,Madiga Sacko,2.0,2015,2015,5017.0,0.270378,1248556.0
MLI,MLI_5486,Magnadoue,1.0,2015,2015,1672.0,0.215777,539465.0
MLI,MLI_5531,Mahina,3.0,2015,2015,20846.0,0.677957,3322667.0
MLI,MLI_5532,Mahou,4.0,2015,2015,3715.0,0.472328,2114565.0
MLI,MLI_5718,Marena,2.0,2015,2015,1615.0,0.277335,1288183.0
MLI,MLI_5938,Menaka,5.0,2015,2015,77882.0,0.964075,5546780.0
MLI,MLI_6231,Mopti Centre,4.0,2015,2015,58539.0,1.043857,7694529.0
MLI,MLI_6232,Mopti-Medina Coura,3.0,2015,2015,16671.0,0.436978,1793970.0
MLI,MLI_6233,Mopti (Sevare),21.0,2015,2015,144950.0,3.934122,24125244.0
MLI,MLI_6283,M'pessoba,3.0,2015,2015,7369.0,0.790069,3959762.0
MLI,MLI_6556,Nara,8.0,2015,2015,33205.0,1.802478,10036086.0
MLI,MLI_6738,Niafunke,3.0,2015,2015,21467.0,0.517673,3247701.0
MLI,MLI_6756,Niena,6.0,2015,2015,13020.0,0.963262,5165083.0
MLI,MLI_6766,Niono Socoura,7.0,2015,2015,57432.0,1.899234,11554000.0
MLI,MLI_6767,Nioro,8.0,2015,2015,54583.0,1.634619,9698320.0
MLI,MLI_7185,Ouelessebougou,12.0,2015,2015,22389.0,1.982417,9945143.0
MLI,MLI_7628,Sadiola,3.0,2015,2015,27343.0,0.718128,4112531.0
MLI,MLI_7727,San,22.0,2015,2015,91432.0,5.432982,36096248.0
MLI,MLI_7733,Sanankoroba,8.0,2015,2015,15739.0,1.397769,7559966.0
MLI,MLI_7770,Sansanding,2.0,2015,2015,13558.0,0.422163,2299796.0
MLI,MLI_7835,Segou,51.0,2015,2015,490924.0,11.533192,75347624.0
MLI,MLI_8093,Sikasso,58.0,2015,2015,325449.0,12.809465,78666496.0
MLI,MLI_8125,Siribala Coro,5.0,2015,2015,18575.0,1.212605,7261583.0
MLI,MLI_8145,Sofara,2.0,2015,2015,8560.0,0.452301,2438498.0
MLI,MLI_8151,Sokolo,2.0,2015,2015,7690.0,0.497267,2835635.0
MLI,MLI_8250,Tabakoto,4.0,2015,2015,17137.0,1.025392,6149093.0
MLI,MLI_8447,Tenenkou,2.0,2015,2015,12188.0,0.574028,3435575.0
MLI,MLI_8561,Timbuktu,12.0,2015,2015,129860.0,2.677663,18256104.0
MLI,MLI_8570,Tonka,4.0,2015,2015,13301.0,0.549671,2921087.0
MLI,MLI_8576,Tori,1.0,2015,2015,186.0,0.132346,369130.0
MLI,MLI_8586,Touba,4.0,2015,2015,10685.0,0.980346,5992674.0
MLI,MLI_8606,Toya,4.0,2015,2015,8985.0,0.552666,2748065.0
MLI,MLI_8613,Trougoumbe,2.0,2015,2015,6416.0,0.404573,2318722.0
MLI,MLI_9056,Yanfolila,9.0,2015,2015,41419.0,1.594564,8956880.0
MLI,MLI_9091,Yoro,1.0,2015,2015,155.0,0.159883,645793.0
MLI,MLI_9094,Youwarou Hombolore,2.0,2015,2015,8085.0,0.49765,3119539.0
MLI,MLI_9151,Zegoua,9.0,2015,2015,41723.0,2.261413,15024140.0
MOZ,MOZ_1524,Marimba,9.0,2015,2015,38670.0,1.900117,8965925.0
MOZ,MOZ_2335,Carangache,8.0,2015,2015,17320.0,1.258967,6422575.0
MOZ,MOZ_2336,Carapira,2.0,2015,2015,4459.0,0.282728,792110.0
MOZ,MOZ_2340,Caroa,4.0,2015,2015,13832.0,0.778057,3431710.0
MOZ,MOZ_2371,Chapala,3.0,2015,2015,5477.0,0.540889,2110030.0
MOZ,MOZ_2395,Chave,2.0,2015,2015,8107.0,0.40841,1719867.0
MOZ,MOZ_2412,Thlatlhene Sede,18.0,2015,2015,15263.0,3.151514,12362254.0
MOZ,MOZ_2420,Chicumbane,17.0,2015,2015,34184.0,3.588078,23017146.0
MOZ,MOZ_2445,Chissano sede,9.0,2015,2015,7891.0,1.03452,4698201.0
MOZ,MOZ_2454,Vila de Chokwe,21.0,2015,2015,75495.0,5.58328,31690752.0
MOZ,MOZ_2465,Cidade da Beira,113.0,2015,2015,553650.0,22.05116,147782368.0
MOZ,MOZ_2466,Angoche,9.0,2015,2015,65930.0,1.3323,7148794.0
MOZ,MOZ_2467,Cidade de Chibuto,38.0,2015,2015,70721.0,6.570755,39229704.0
MOZ,MOZ_2468,Chimoio,66.0,2015,2015,329686.0,15.130748,102682640.0
MOZ,MOZ_2469,Cuamba,20.0,2015,2015,93578.0,5.382818,38222056.0
MOZ,MOZ_2471,Cidade de gurué,10.0,2015,2015,52928.0,1.860045,18970812.0
MOZ,MOZ_2474,Cidade de ilha de moçambique (lumbo),9.0,2015,2015,33461.0,1.488743,6731865.0
MOZ,MOZ_2475,Cidade de Inhambane ,30.0,2015,2015,50805.0,5.349015,30315716.0
MOZ,MOZ_2476,Lichinga,37.0,2015,2015,196524.0,8.194087,63700360.0
MOZ,MOZ_2477,Cidade de Manica,22.0,2015,2015,62002.0,3.708687,21966714.0
MOZ,MOZ_2478,Maputo,986.0,2015,2015,2359093.0,181.487776,1173712512.0
MOZ,MOZ_2479,Chamissava,22.0,2015,2015,10430.0,1.743218,6611370.0
MOZ,MOZ_2480,Maxixe,193.0,2015,2015,115371.0,13.386822,66167944.0
MOZ,MOZ_2481,Mocuba,23.0,2015,2015,101599.0,5.157477,40112964.0
MOZ,MOZ_2482,Montepuez,26.0,2015,2015,127027.0,6.049743,35134616.0
MOZ,MOZ_2483,Nacala Porto,47.0,2015,2015,240594.0,12.37626,85802976.0
MOZ,MOZ_2484,Nampula,129.0,2015,2015,693239.0,28.371536,185340368.0
MOZ,MOZ_2485,Pemba,45.0,2015,2015,189418.0,9.06718,60103412.0
MOZ,MOZ_2486,Quelimane,43.0,2015,2015,319598.0,8.742096,58874512.0
MOZ,MOZ_2487,Bairro Icidua,2.0,2015,2015,7650.0,0.33053,1243561.0
MOZ,MOZ_2488,Tete,34.0,2015,2015,170279.0,8.697116,65499024.0
MOZ,MOZ_2489,Tete (west),22.0,2015,2015,93083.0,5.845921,41782976.0
MOZ,MOZ_2490,Xai-Xai,88.0,2015,2015,193385.0,14.597849,101742440.0
MOZ,MOZ_2499,Comone,6.0,2015,2015,26953.0,1.45608,7501194.0
MOZ,MOZ_2511,Cuacua,6.0,2015,2015,26533.0,1.169252,5474996.0
MOZ,MOZ_2961,Eduardo Mondlane ,11.0,2015,2015,42972.0,2.17801,12140853.0
MOZ,MOZ_3290,Funganha,6.0,2015,2015,3790.0,0.163975,410045.0
MOZ,MOZ_3296,Furancungo-Sede,6.0,2015,2015,11259.0,1.165366,6001792.0
MOZ,MOZ_3297,Furquia,15.0,2015,2015,5622.0,0.194002,485217.0
MOZ,MOZ_3504,Napula,5.0,2015,2015,14270.0,0.905868,4574766.0
MOZ,MOZ_3511,Ginama,4.0,2015,2015,17785.0,0.86414,4424978.0
MOZ,MOZ_3620,Guarneia,2.0,2015,2015,3474.0,0.181495,453779.0
MOZ,MOZ_3673,Guro sede,6.0,2015,2015,18559.0,1.077364,5740774.0
MOZ,MOZ_4940,Koca Missava,7.0,2015,2015,6641.0,1.267576,6949288.0
MOZ,MOZ_5485,Magige sede,2.0,2015,2015,3042.0,0.221538,875635.0
MOZ,MOZ_5646,Maneia,7.0,2015,2015,22693.0,0.923573,4065716.0
MOZ,MOZ_5659,Manhaca,2.0,2015,2015,6258.0,0.387777,1324025.0
MOZ,MOZ_5674,Manono,4.0,2015,2015,18429.0,0.574003,2047601.0
MOZ,MOZ_5702,Mao Tse Tung,8.0,2015,2015,5215.0,1.75194,9509385.0
MOZ,MOZ_5738,Marriebe,7.0,2015,2015,3134.0,0.133998,335074.0
MOZ,MOZ_5868,Mbiluane,14.0,2015,2015,16230.0,1.771166,7320656.0
MOZ,MOZ_5974,Metuchira,5.0,2015,2015,9383.0,0.580965,1972420.0
MOZ,MOZ_5996,Miengueleue,2.0,2015,2015,9909.0,0.435627,2033923.0
MOZ,MOZ_5998,Mieze sede,3.0,2015,2015,24492.0,0.645465,2970182.0
MOZ,MOZ_6241,Morimone,5.0,2015,2015,2857.0,0.312248,782215.0
MOZ,MOZ_6320,Muambula,6.0,2015,2015,9789.0,0.785547,3415388.0
MOZ,MOZ_6322,Muzingane,17.0,2015,2015,30716.0,3.759168,25306630.0
MOZ,MOZ_6346,Muindji,7.0,2015,2015,5497.0,0.126944,317444.0
MOZ,MOZ_6359,Vila de Maganja da Costa,30.0,2015,2015,8950.0,0.383679,959764.0
MOZ,MOZ_6371,Mundinwe,4.0,2015,2015,1482.0,0.078771,196951.0
MOZ,MOZ_6379,Bilene Macia,40.0,2015,2015,51652.0,6.309409,31021324.0
MOZ,MOZ_6380,Vila de Catandica,12.0,2015,2015,37280.0,2.298896,11617777.0
MOZ,MOZ_6381,Vila de Mandlakazi,16.0,2015,2015,19581.0,3.01938,17130494.0
MOZ,MOZ_6382,Vila de Manhica,75.0,2015,2015,70935.0,7.128764,35283004.0
MOZ,MOZ_6383,Vila de Massinga,50.0,2015,2015,45589.0,7.19299,40528296.0
MOZ,MOZ_6384,Vila de Metangula,3.0,2015,2015,14531.0,0.499949,2297978.0
MOZ,MOZ_6385,Milange,11.0,2015,2015,67087.0,2.27363,14148840.0
MOZ,MOZ_6386,Vila de Moatize,16.0,2015,2015,96070.0,4.412102,33134900.0
MOZ,MOZ_6387,Mepera,6.0,2015,2015,37661.0,1.425929,7863026.0
MOZ,MOZ_6388,Vila de Namaacha,10.0,2015,2015,11720.0,0.953372,4360677.0
MOZ,MOZ_6389,Vila de Ribaue,6.0,2015,2015,21670.0,1.233182,7130656.0
MOZ,MOZ_6390,Vila de Ulongoe,8.0,2015,2015,36079.0,1.385831,7916575.0
MOZ,MOZ_6391,Cidade de Vilankulo,28.0,2015,2015,56547.0,6.758798,39266676.0
MOZ,MOZ_6405,Murrua,7.0,2015,2015,1776.0,0.0754,188631.0
MOZ,MOZ_6430,Mutubua,4.0,2015,2015,6021.0,0.648034,3574502.0
MOZ,MOZ_6449,Maguiguane,19.0,2015,2015,21665.0,2.665638,10890945.0
MOZ,MOZ_6485,Nabula,4.0,2015,2015,4918.0,0.490847,1899927.0
MOZ,MOZ_6487,Nacare,4.0,2015,2015,8992.0,0.687437,2861221.0
MOZ,MOZ_6543,Nancuenhe,3.0,2015,2015,5577.0,0.446406,1587156.0
MOZ,MOZ_6544,Ndenganamane,7.0,2015,2015,18117.0,1.261597,6707147.0
MOZ,MOZ_6549,Nantide,5.0,2015,2015,8607.0,0.610252,2064973.0
MOZ,MOZ_6553,Napuco,3.0,2015,2015,16070.0,0.449275,2199435.0
MOZ,MOZ_6664,Nerrir-Mutonga,20.0,2015,2015,38134.0,1.981781,9113154.0
MOZ,MOZ_6666,Netia,2.0,2015,2015,7133.0,0.35149,1558639.0
MOZ,MOZ_6668,Alua,4.0,2015,2015,9612.0,0.776851,3216724.0
MOZ,MOZ_6731,Nhamizara,6.0,2015,2015,11672.0,1.191297,5634579.0
MOZ,MOZ_6732,Nhassacara,2.0,2015,2015,3069.0,0.359898,1190781.0
MOZ,MOZ_6752,Nicurupo,4.0,2015,2015,14365.0,0.997996,5881605.0
MOZ,MOZ_6771,Nivale,2.0,2015,2015,2177.0,0.156551,391418.0
MOZ,MOZ_6888,Nulone,5.0,2015,2015,4682.0,0.860825,3636644.0
MOZ,MOZ_7154,OUA,9.0,2015,2015,12278.0,1.608143,8242640.0
MOZ,MOZ_7270,Palma sede,6.0,2015,2015,26617.0,1.13144,5882402.0
MOZ,MOZ_7470,Namiraua A,6.0,2015,2015,9652.0,0.985952,4275114.0
MOZ,MOZ_7713,Sambane,2.0,2015,2015,7381.0,0.514615,2099211.0
MOZ,MOZ_8224,Sulemane,3.0,2015,2015,1673.0,0.105849,264678.0
MOZ,MOZ_8364,3 de Fevereiro ,17.0,2015,2015,15257.0,2.365492,10074998.0
MOZ,MOZ_8563,Tombua,3.0,2015,2015,3050.0,0.425073,1804338.0
MOZ,MOZ_8815,Verde,5.0,2015,2015,23430.0,1.39427,9480539.0
MOZ,MOZ_8829,Vila de Alto Molocue,12.0,2015,2015,41401.0,2.668228,18675654.0
MOZ,MOZ_8831,Vila de Buzi,3.0,2015,2015,6812.0,0.439521,1683671.0
MOZ,MOZ_8832,Vila de Caia,12.0,2015,2015,48763.0,2.29699,11312967.0
MOZ,MOZ_8833,Faina,4.0,2015,2015,11037.0,0.512515,2009831.0
MOZ,MOZ_8834,Vila de Chiure,14.0,2015,2015,65224.0,2.758202,15768166.0
MOZ,MOZ_8835,Vila de Gondola,10.0,2015,2015,26163.0,2.144481,16392346.0
MOZ,MOZ_8837,Tambarara,7.0,2015,2015,30218.0,1.108722,6586125.0
MOZ,MOZ_8838,Vila de Homoine,29.0,2015,2015,19837.0,2.466645,10308452.0
MOZ,MOZ_8839,Vila de Iapala,8.0,2015,2015,13353.0,1.208878,5767740.0
MOZ,MOZ_8840,Vila de Inhaminga,9.0,2015,2015,14742.0,0.921717,3433877.0
MOZ,MOZ_8841,Vila de Inharrime,14.0,2015,2015,15125.0,1.406681,5723383.0
MOZ,MOZ_8842,Vila de Inhassoro,20.0,2015,2015,18684.0,1.554317,5776667.0
MOZ,MOZ_8843,Vila de Insaca,5.0,2015,2015,18503.0,0.930287,4751249.0
MOZ,MOZ_8844,Vila de Machipanda,6.0,2015,2015,8288.0,0.577541,1914055.0
MOZ,MOZ_8845,Vila de Macomia,9.0,2015,2015,37784.0,1.355765,8338160.0
MOZ,MOZ_8846,Vila de Magude,16.0,2015,2015,20602.0,2.254692,10924177.0
MOZ,MOZ_8847,Vila de Malema,8.0,2015,2015,22810.0,1.530657,6687504.0
MOZ,MOZ_8848,Vila de Mandimba,6.0,2015,2015,33457.0,1.331195,8132166.0
MOZ,MOZ_8850,Vila de Marromeu,9.0,2015,2015,41585.0,1.770287,9244268.0
MOZ,MOZ_8851,Vila de Marrupa,6.0,2015,2015,17741.0,1.307537,9266066.0
MOZ,MOZ_8853,Vila de Messica,10.0,2015,2015,20413.0,1.600382,7080781.0
MOZ,MOZ_8854,Vila de Moamba,13.0,2015,2015,14535.0,1.43811,6314889.0
MOZ,MOZ_8855,Vila de Mocimboa da Praia,14.0,2015,2015,73877.0,3.120794,19149784.0
MOZ,MOZ_8856,Vila de Moma,4.0,2015,2015,26579.0,1.021808,5731151.0
MOZ,MOZ_8857,Vila de Morrumbala,9.0,2015,2015,44597.0,1.673414,7532592.0
MOZ,MOZ_8858,Bie ,10.0,2015,2015,11577.0,1.408031,7895803.0
MOZ,MOZ_8859,Vila de Mueda,18.0,2015,2015,63977.0,3.888973,21268964.0
MOZ,MOZ_8860,Bairro Rovuma 1/2,6.0,2015,2015,21944.0,1.293881,7013435.0
MOZ,MOZ_8861,Vila de Mutuali,7.0,2015,2015,8482.0,0.909293,3135056.0
MOZ,MOZ_8862,Vila de Nacala A Velha,3.0,2015,2015,20774.0,0.617587,3456698.0
MOZ,MOZ_8863,Vila de Namacurra,6.0,2015,2015,37669.0,1.225589,7451608.0
MOZ,MOZ_8864,Vila de Namapa,5.0,2015,2015,30340.0,1.149012,6895057.0
MOZ,MOZ_8865,Vila de Nametil,10.0,2015,2015,32820.0,1.671529,8213469.0
MOZ,MOZ_8866,Vila de Namialo,9.0,2015,2015,43899.0,2.041399,10584844.0
MOZ,MOZ_8867,Vila de Nhamatanda,8.0,2015,2015,37294.0,1.522569,7782174.0
MOZ,MOZ_8868,Vila de Pebane,10.0,2015,2015,26654.0,1.587547,9099708.0
MOZ,MOZ_8869,Vila de Quissico,10.0,2015,2015,8145.0,1.085598,4812345.0
MOZ,MOZ_8870,Vila de Ressano Garcia,7.0,2015,2015,13542.0,0.994804,7602530.0
MOZ,MOZ_8871,Vila de Songo,12.0,2015,2015,38511.0,1.860964,9315680.0
MOZ,MOZ_8872,Vila de Xinavane,7.0,2015,2015,14092.0,1.434605,7045077.0
MOZ,MOZ_8874,Vila de Mossuril,9.0,2015,2015,21368.0,1.098293,3817911.0
MOZ,MOZ_9033,Hokwe,10.0,2015,2015,15360.0,2.161245,11039169.0
MOZ,MOZ_9039,Yacub Ossumane,9.0,2015,2015,7057.0,0.664748,1662104.0
MRT,MRT_1352,Atar,10.0,2015,2015,19726.0,1.61577,7761978.0
MRT,MRT_1707,Bassiknou,10.0,2015,2015,40824.0,1.443514,9154415.0
MRT,MRT_1993,Boghe,6.0,2015,2015,16302.0,0.939906,4859660.0
MRT,MRT_2143,Boutilimit,7.0,2015,2015,10027.0,1.459458,8956989.0
MRT,MRT_362,Aioun El Atrouss,13.0,2015,2015,18041.0,1.977602,10829382.0
MRT,MRT_3636,Guerou,11.0,2015,2015,21257.0,1.543741,7208467.0
MRT,MRT_411,Akjoujt,7.0,2015,2015,5251.0,0.800011,4268758.0
MRT,MRT_4293,Kaedi,11.0,2015,2015,38421.0,2.174186,13632499.0
MRT,MRT_4800,Kiffa,24.0,2015,2015,51519.0,4.221333,25754852.0
MRT,MRT_5268,Lexeibe,5.0,2015,2015,10524.0,0.563371,2706357.0
MRT,MRT_5483,Maghama,4.0,2015,2015,10370.0,0.44692,1954277.0
MRT,MRT_5493,Magta Lahjar,8.0,2015,2015,9752.0,1.205877,5316758.0
MRT,MRT_5864,Mbera ,3.0,2015,2015,6472.0,0.180474,678786.0
MRT,MRT_591,Aleg,4.0,2015,2015,12285.0,1.049785,6065319.0
MRT,MRT_6658,Nema,13.0,2015,2015,32604.0,1.842954,10648518.0
MRT,MRT_6851,Nouadhibou,25.0,2015,2015,115034.0,5.355265,38424428.0
MRT,MRT_6852,Nouakchott,205.0,2015,2015,1041516.0,49.402728,374676928.0
MRT,MRT_7549,Rosso,5.0,2015,2015,26174.0,1.375299,8683361.0
MRT,MRT_7852,Selibabi,11.0,2015,2015,20598.0,1.085471,5538137.0
MRT,MRT_8442,Tembedra,13.0,2015,2015,16703.0,1.439422,7373404.0
MRT,MRT_8497,Tidjikja,9.0,2015,2015,24628.0,0.983402,4219854.0
MRT,MRT_8519,Tintane,13.0,2015,2015,11213.0,0.839322,3097657.0
MRT,MRT_9186,Zoueiratt,11.0,2015,2015,35806.0,2.338134,13208694.0
MUS,MUS_1555,Bambous,3.0,2015,2015,31230.0,0.912096,5951560.0
MUS,MUS_2034,Bon Accueil,7.0,2015,2015,22990.0,0.454245,1155136.0
MUS,MUS_2350,Centre de Flacq,9.0,2015,2015,30977.0,0.950419,2801574.0
MUS,MUS_2397,Chemin Grenier,3.0,2015,2015,14187.0,0.674988,4241639.0
MUS,MUS_3576,Goodlands,12.0,2015,2015,27522.0,1.996069,9877378.0
MUS,MUS_3605,Grand Bois,3.0,2015,2015,9144.0,0.254959,637474.0
MUS,MUS_5528,Mahebourg,5.0,2015,2015,21752.0,0.928191,5950752.0
MUS,MUS_7341,Plaine Magnien,4.0,2015,2015,8860.0,0.496629,2585446.0
MUS,MUS_7364,Port Louis,143.0,2015,2015,516658.0,33.798932,234489520.0
MUS,MUS_7365,Port-Mathurin,38.0,2015,2015,33058.0,1.470599,3669370.0
MUS,MUS_7522,Riviere des Anguilles,2.0,2015,2015,7881.0,0.430598,2112918.0
MUS,MUS_7523,Riviere du Rempart,4.0,2015,2015,11826.0,0.602088,3295536.0
MUS,MUS_7545,Rose Belle,8.0,2015,2015,25971.0,0.846202,3132445.0
MUS,MUS_8243,Surinam,4.0,2015,2015,12938.0,0.777968,4055873.0
MUS,MUS_8612,Triolet,11.0,2015,2015,41389.0,2.295047,12207833.0
MWI,MWI_1522,Balaka,25.0,2015,2015,52684.0,3.745599,17682588.0
MWI,MWI_1591,Bangula,18.0,2015,2015,28168.0,2.071563,8301575.0
MWI,MWI_1966,Blantyre,221.0,2015,2015,850633.0,40.374556,293208832.0
MWI,MWI_2225,Bunda,4.0,2015,2015,9399.0,0.476493,1191324.0
MWI,MWI_2424,Chikwawa,15.0,2015,2015,27850.0,2.298387,9130303.0
MWI,MWI_2434,Chintheche,14.0,2015,2015,11781.0,0.94611,3032001.0
MWI,MWI_2448,Chitipa,40.0,2015,2015,28943.0,2.870304,13484255.0
MWI,MWI_2667,Dedza,11.0,2015,2015,28316.0,2.126954,12086965.0
MWI,MWI_2924,Dwangwa,6.0,2015,2015,13421.0,0.970148,4914146.0
MWI,MWI_2935,Dzoole,3.0,2015,2015,15045.0,0.652529,2904399.0
MWI,MWI_3013,Ekwendeni,6.0,2015,2015,13231.0,1.047408,6426378.0
MWI,MWI_4290,Mlolo south,8.0,2015,2015,12472.0,0.738425,2044696.0
MWI,MWI_4581,Karonga,43.0,2015,2015,64239.0,4.507633,19368832.0
MWI,MWI_4622,Karungu,19.0,2015,2015,54280.0,3.242565,16085017.0
MWI,MWI_5275,Lilongwe,232.0,2015,2015,1002635.0,50.198864,293629024.0
MWI,MWI_5288,Lirangwe,5.0,2015,2015,8290.0,0.434579,1433731.0
MWI,MWI_5293,Liwonde,22.0,2015,2015,37853.0,2.563796,11582771.0
MWI,MWI_5349,Luchenza,18.0,2015,2015,26673.0,1.622822,4861532.0
MWI,MWI_5383,Lumbadzi,9.0,2015,2015,25529.0,1.566828,6194803.0
MWI,MWI_5457,Madisi,4.0,2015,2015,12867.0,0.686373,2645437.0
MWI,MWI_5473,Maganga,7.0,2015,2015,11590.0,0.866247,2971743.0
MWI,MWI_5572,Chimombo 2,7.0,2015,2015,9629.0,0.686231,1730029.0
MWI,MWI_5612,Malindi,5.0,2015,2015,11617.0,0.601134,1704312.0
MWI,MWI_5654,Mangochi,13.0,2015,2015,62565.0,3.331771,21627092.0
MWI,MWI_5888,Mchinji,10.0,2015,2015,30165.0,1.988794,9429029.0
MWI,MWI_6137,Mitundu,6.0,2015,2015,28487.0,1.007687,4534575.0
MWI,MWI_6144,Mkanda,3.0,2015,2015,6842.0,0.339846,1204923.0
MWI,MWI_6292,Mponda,2.0,2015,2015,3167.0,0.28939,792512.0
MWI,MWI_6294,Mponela,9.0,2015,2015,27362.0,1.526743,7023127.0
MWI,MWI_6297,Mposa,3.0,2015,2015,5638.0,0.295471,765994.0
MWI,MWI_6357,Mulanje,10.0,2015,2015,16165.0,0.84201,2743800.0
MWI,MWI_6455,Mwanza,9.0,2015,2015,21193.0,1.334399,6175525.0
MWI,MWI_6468,Mabuka 3,3.0,2015,2015,5279.0,0.29269,731789.0
MWI,MWI_6473,Mzimba,12.0,2015,2015,28580.0,2.170259,15000508.0
MWI,MWI_6475,Mzuzu,64.0,2015,2015,196471.0,11.77505,93033808.0
MWI,MWI_6580,Namnja,19.0,2015,2015,17120.0,1.393829,3685318.0
MWI,MWI_6603,Nchalo,6.0,2015,2015,29235.0,1.268537,6137771.0
MWI,MWI_6612,Makoko,8.0,2015,2015,12030.0,0.787671,2426780.0
MWI,MWI_6662,Neno 2,8.0,2015,2015,6672.0,0.594993,1654130.0
MWI,MWI_6682,Neno 1,10.0,2015,2015,17685.0,1.159988,4776830.0
MWI,MWI_6683,Ngabu 1,5.0,2015,2015,7709.0,0.58979,1841891.0
MWI,MWI_6785,Phalombe,44.0,2015,2015,57986.0,3.39381,8778836.0
MWI,MWI_6792,Nkhata bay,11.0,2015,2015,17275.0,0.924111,3745091.0
MWI,MWI_6794,Nkhotakota,16.0,2015,2015,33220.0,2.550785,14780345.0
MWI,MWI_6802,Nkopola,17.0,2015,2015,46852.0,2.636061,11087306.0
MWI,MWI_6804,Kamwendo,5.0,2015,2015,17374.0,0.905648,3975898.0
MWI,MWI_6860,Nsanje,15.0,2015,2015,30375.0,2.050296,9164299.0
MWI,MWI_6874,Ntcheu,13.0,2015,2015,29359.0,2.130183,11719318.0
MWI,MWI_6875,Ntchisi,6.0,2015,2015,16487.0,0.921664,4467087.0
MWI,MWI_7317,Nkhulambe,29.0,2015,2015,43684.0,2.447116,7137095.0
MWI,MWI_7504,Rhumpi,9.0,2015,2015,21173.0,1.560216,10683053.0
MWI,MWI_7701,Salima,26.0,2015,2015,61631.0,3.81772,22598056.0
MWI,MWI_7867,Senga,7.0,2015,2015,16531.0,0.912884,3422691.0
MWI,MWI_8198,Mabuka 2,10.0,2015,2015,18022.0,0.915429,2894757.0
MWI,MWI_8481,Ruo/Muloza,9.0,2015,2015,32367.0,1.292696,5937485.0
MWI,MWI_8485,Thyolo,7.0,2015,2015,17567.0,1.063879,5640220.0
MWI,MWI_8727,Uliwa,13.0,2015,2015,14765.0,1.016777,3115182.0
MWI,MWI_9177,Zomba,88.0,2015,2015,170104.0,8.519436,42202668.0
NAM,NAM_3546,Gobabis,9.0,2015,2015,18077.0,1.763279,9552305.0
NAM,NAM_3618,Grootfontein,6.0,2015,2015,9583.0,1.296026,7487628.0
NAM,NAM_3792,Oshikango ,13.0,2015,2015,13579.0,1.548928,7494606.0
NAM,NAM_4647,Katima Mulilo,11.0,2015,2015,24810.0,2.672207,15844235.0
NAM,NAM_4690,Keetmanshoop,10.0,2015,2015,17709.0,2.191703,12649002.0
NAM,NAM_5352,Luderitz,5.0,2015,2015,5532.0,0.839026,4267636.0
NAM,NAM_7018,Okanhandja,9.0,2015,2015,14682.0,2.129354,12443599.0
NAM,NAM_7091,Odangua,36.0,2015,2015,27763.0,4.373706,25725808.0
NAM,NAM_7126,Oshakati,30.0,2015,2015,42466.0,6.458722,42548280.0
NAM,NAM_7142,Otjiwarongo,12.0,2015,2015,27076.0,2.990841,23905936.0
NAM,NAM_7496,rehoboth,15.0,2015,2015,31771.0,3.332103,21451592.0
NAM,NAM_7581,Rundu,39.0,2015,2015,73687.0,6.590029,33766224.0
NAM,NAM_8247,Swakopmund,22.0,2015,2015,60959.0,4.39757,28658912.0
NAM,NAM_8650,Tsumeb,8.0,2015,2015,18458.0,1.696705,10532603.0
NAM,NAM_8936,Walvis Bay,21.0,2015,2015,63881.0,5.643727,47122528.0
NAM,NAM_9001,Windhoek,105.0,2015,2015,386240.0,26.535256,267421440.0
NER,NER_1288,Arlit,16.0,2015,2015,61155.0,2.237541,13218208.0
NER,NER_1422,Ayorou Haoussa,5.0,2015,2015,12149.0,0.72983,3382492.0
NER,NER_1455,Badaguichiri,5.0,2015,2015,28153.0,0.741047,3353290.0
NER,NER_1478,Bagaroua,3.0,2015,2015,16027.0,0.572219,2842479.0
NER,NER_1539,Balleyara,6.0,2015,2015,19519.0,1.001141,5150006.0
NER,NER_1572,Bande Haoussa,2.0,2015,2015,13623.0,0.42066,2394783.0
NER,NER_1576,Bandio,2.0,2015,2015,4750.0,0.203114,803045.0
NER,NER_1641,Falmey Djerma,4.0,2015,2015,9711.0,0.531272,2302905.0
NER,NER_1808,Bengou,3.0,2015,2015,11031.0,0.313631,1071168.0
NER,NER_19,Abala Maidagi,3.0,2015,2015,15274.0,0.676803,3596624.0
NER,NER_1934,Birni N'Gaoure,4.0,2015,2015,19042.0,0.77209,3983109.0
NER,NER_1935,Birni N'Konni,8.0,2015,2015,98598.0,2.443912,16909706.0
NER,NER_20,Abalak,9.0,2015,2015,32509.0,1.469398,8201024.0
NER,NER_2145,Bouza,4.0,2015,2015,35411.0,0.687332,4986604.0
NER,NER_234,Agadez,25.0,2015,2015,109235.0,4.379885,26188330.0
NER,NER_2548,Dakoro,6.0,2015,2015,63643.0,1.362702,8983965.0
NER,NER_2588,Dan Issa,2.0,2015,2015,18851.0,0.664549,3922179.0
NER,NER_2733,Diffa,11.0,2015,2015,44562.0,2.388182,15186723.0
NER,NER_278,Aguie,4.0,2015,2015,43661.0,0.780892,4411953.0
NER,NER_2824,Dogo Chaibou,2.0,2015,2015,7789.0,0.363132,1796722.0
NER,NER_2828,Dogondoutchi,9.0,2015,2015,51397.0,1.67699,10813978.0
NER,NER_2865,Dosso,17.0,2015,2015,78663.0,3.376801,21055008.0
NER,NER_2910,Dungass,2.0,2015,2015,10289.0,0.540759,2972901.0
NER,NER_3246,Filingue,5.0,2015,2015,24313.0,0.914942,4961317.0
NER,NER_3336,Galmi,3.0,2015,2015,22770.0,0.583904,3711539.0
NER,NER_3416,Gaya,11.0,2015,2015,56763.0,2.489361,16040551.0
NER,NER_3418,Gazaoua,2.0,2015,2015,17130.0,0.585067,3304390.0
NER,NER_3595,Goure,5.0,2015,2015,16241.0,1.051037,6846280.0
NER,NER_3646,Guidan Roumdji,3.0,2015,2015,30218.0,0.621052,3394563.0
NER,NER_3649,Guidimouni,1.0,2015,2015,4748.0,0.226927,1084799.0
NER,NER_4024,Illela,7.0,2015,2015,50691.0,0.953981,4714284.0
NER,NER_415,Akokan,6.0,2015,2015,15191.0,0.719663,3849734.0
NER,NER_4522,Kantche,2.0,2015,2015,10765.0,0.425915,2338681.0
NER,NER_4534,Kaoura Abdou,1.0,2015,2015,5737.0,0.20037,891610.0
NER,NER_4694,Keita,3.0,2015,2015,18422.0,0.649782,4031383.0
NER,NER_4958,Kiota Mayaki,4.0,2015,2015,11230.0,0.429171,1881898.0
NER,NER_4963,Kollo,6.0,2015,2015,17889.0,0.523543,2104233.0
NER,NER_5439,Madaoua,6.0,2015,2015,63769.0,1.473623,11342864.0
NER,NER_5440,Madarounfa,2.0,2015,2015,21905.0,0.539388,2868407.0
NER,NER_5476,Magaria,5.0,2015,2015,40228.0,1.180227,6976775.0
NER,NER_5542,Maine Soroa,5.0,2015,2015,24201.0,0.800217,4446029.0
NER,NER_5708,Maradi,45.0,2015,2015,406036.0,12.492467,83874368.0
NER,NER_5789,Matameye,5.0,2015,2015,30513.0,0.834426,4878959.0
NER,NER_5790,Matankari,2.0,2015,2015,11594.0,0.448337,2211724.0
NER,NER_5821,Mayahi,4.0,2015,2015,24740.0,0.712784,4116897.0
NER,NER_6072,Mirriah,4.0,2015,2015,35512.0,0.821629,4016431.0
NER,NER_6721,N'Guigmi,5.0,2015,2015,22392.0,0.603917,2734587.0
NER,NER_6741,Niamey,186.0,2015,2015,1029471.0,45.550872,316565152.0
NER,NER_7159,Ouallam,3.0,2015,2015,21553.0,0.478615,2694255.0
NER,NER_7732,Sanam,3.0,2015,2015,13865.0,0.548067,3019047.0
NER,NER_7809,Say,3.0,2015,2015,16380.0,0.621644,3049505.0
NER,NER_8290,Tahoua,31.0,2015,2015,143452.0,6.535887,41486960.0
NER,NER_8329,Tamaske,4.0,2015,2015,37004.0,0.905769,5198463.0
NER,NER_8367,Tanout,5.0,2015,2015,47271.0,1.0033,5473141.0
NER,NER_8408,Tchadoua,5.0,2015,2015,34733.0,0.866218,4984598.0
NER,NER_8416,Safo,1.0,2015,2015,11777.0,0.303228,1564316.0
NER,NER_8418,Tchintabaraden,7.0,2015,2015,44483.0,1.158609,5886221.0
NER,NER_8453,Tera,6.0,2015,2015,18702.0,0.915138,5230030.0
NER,NER_8457,Tessaoua,8.0,2015,2015,72287.0,2.048947,14042466.0
NER,NER_8510,Tillaberi,11.0,2015,2015,27795.0,1.581403,9570370.0
NER,NER_8579,Toro,2.0,2015,2015,4321.0,0.257699,1256258.0
NER,NER_8580,Torodi,4.0,2015,2015,8360.0,0.717334,4040907.0
NER,NER_8595,Toullou 1,2.0,2015,2015,7256.0,0.308908,1365214.0
NER,NER_8598,Toumour,1.0,2015,2015,4117.0,0.108666,534983.0
NER,NER_8622,Tsernaoua,3.0,2015,2015,15848.0,0.409618,1765670.0
NER,NER_9070,Yekoua Nagalabou,2.0,2015,2015,9225.0,0.332194,1761876.0
NER,NER_9167,Zinder,38.0,2015,2015,300858.0,10.420896,68036576.0
NGA,NGA_1114,Alyi,5.0,2015,2015,16281.0,0.811005,3432136.0
NGA,NGA_1135,Amachara,6.0,2015,2015,6410.0,0.279657,699264.0
NGA,NGA_1137,Amagunze,5.0,2015,2015,3763.0,0.404254,1110204.0
NGA,NGA_1144,Amaokwe,7.0,2015,2015,27384.0,1.111107,5066524.0
NGA,NGA_1149,Amaseri,4.0,2015,2015,16095.0,0.982881,7451871.0
NGA,NGA_1151,Amassama,2.0,2015,2015,43388.0,0.65567,4286764.0
NGA,NGA_1173,Ambursa,3.0,2015,2015,17717.0,0.822088,5307355.0
NGA,NGA_1176,Ameke,3.0,2015,2015,5946.0,0.562335,2776574.0
NGA,NGA_1186,Amoso,3.0,2015,2015,8094.0,0.438126,2137350.0
NGA,NGA_1188,Amoya,4.0,2015,2015,19886.0,0.922664,4918722.0
NGA,NGA_1189,Amper,3.0,2015,2015,6891.0,0.514825,3012110.0
NGA,NGA_1195,Tunga maje,4.0,2015,2015,18928.0,1.002172,6054892.0
NGA,NGA_1196,tunga maje,1.0,2015,2015,8950.0,0.36964,2237587.0
NGA,NGA_1200,Anchau,1.0,2015,2015,6389.0,0.40838,2322854.0
NGA,NGA_1220,Anka,3.0,2015,2015,21847.0,0.833987,5493392.0
NGA,NGA_1222,Ankpa,24.0,2015,2015,106589.0,5.529693,38328264.0
NGA,NGA_1244,Anyigba,7.0,2015,2015,18672.0,1.422008,9360676.0
NGA,NGA_1254,Aplapum,2.0,2015,2015,11328.0,0.436238,2065903.0
NGA,NGA_1269,Aramoko Ekiti,6.0,2015,2015,52827.0,1.232943,9157220.0
NGA,NGA_1281,Argungu,15.0,2015,2015,80793.0,3.843825,27540806.0
NGA,NGA_1291,Aro,10.0,2015,2015,37474.0,1.624912,7401741.0
NGA,NGA_1292,Arochukwu,13.0,2015,2015,101674.0,2.471171,14534042.0
NGA,NGA_1304,Asa/Awara,8.0,2015,2015,22318.0,1.413481,7659957.0
NGA,NGA_1305,Asaba,63.0,2015,2015,337973.0,20.2056,156645280.0
NGA,NGA_1306,Asaga,3.0,2015,2015,16433.0,0.58059,3695370.0
NGA,NGA_1310,Sabon Gari ,2.0,2015,2015,10795.0,0.482784,3052263.0
NGA,NGA_1320,Ashaka,4.0,2015,2015,15774.0,0.730396,3707332.0
NGA,NGA_133,Abuja,453.0,2015,2015,2530259.0,106.71216,890260736.0
NGA,NGA_1331,Askira,4.0,2015,2015,10194.0,1.097793,6414292.0
NGA,NGA_134,Abuja Military Areas,3.0,2015,2015,12092.0,0.585715,3178859.0
NGA,NGA_135,Abukur,2.0,2015,2015,10383.0,0.488721,2574874.0
NGA,NGA_1367,Atom,3.0,2015,2015,5527.0,0.487278,2117081.0
NGA,NGA_1377,Auchi,36.0,2015,2015,234761.0,9.100661,69499560.0
NGA,NGA_1378,Augie,1.0,2015,2015,5419.0,0.390375,2369073.0
NGA,NGA_1379,Auna,3.0,2015,2015,8630.0,0.513613,2503057.0
NGA,NGA_138,Abuochicie,9.0,2015,2015,17219.0,1.164117,4581546.0
NGA,NGA_1388,Madaki,2.0,2015,2015,10254.0,0.599965,3846605.0
NGA,NGA_1391,Awgu,6.0,2015,2015,29408.0,1.431496,8990780.0
NGA,NGA_1416,Aya Abam,3.0,2015,2015,12405.0,0.656393,3225513.0
NGA,NGA_1417,Ayadeghe,5.0,2015,2015,15239.0,0.556789,1631773.0
NGA,NGA_1426,Azare,22.0,2015,2015,98995.0,6.180016,40539164.0
NGA,NGA_1427,Azare_2,2.0,2015,2015,8873.0,0.56368,3265406.0
NGA,NGA_1435,Azuwa,13.0,2015,2015,23284.0,1.953202,7253882.0
NGA,NGA_1447,Babbangida,2.0,2015,2015,8810.0,0.486871,2442779.0
NGA,NGA_1448,Babban Gona,1.0,2015,2015,4213.0,0.353581,2057172.0
NGA,NGA_1452,Babura,3.0,2015,2015,13605.0,1.012376,6466872.0
NGA,NGA_1454,Badagry,29.0,2015,2015,233207.0,8.323792,61917532.0
NGA,NGA_1461,Lekki,10.0,2015,2015,17504.0,1.707143,10377356.0
NGA,NGA_147,Achalla,5.0,2015,2015,12923.0,0.779435,3210939.0
NGA,NGA_1473,Baga ,4.0,2015,2015,22857.0,0.952977,4952439.0
NGA,NGA_1475,Bagale,1.0,2015,2015,3464.0,0.222617,808182.0
NGA,NGA_148,Achi 1,13.0,2015,2015,31468.0,2.027519,12008817.0
NGA,NGA_1483,Bagudo,4.0,2015,2015,21257.0,0.999548,6452589.0
NGA,NGA_149,Achi 2,1.0,2015,2015,4815.0,0.265063,1203852.0
NGA,NGA_15,Abaji,7.0,2015,2015,33332.0,1.698369,11419537.0
NGA,NGA_1502,Baissa,3.0,2015,2015,15238.0,0.696073,3864371.0
NGA,NGA_1505,Bajoga,7.0,2015,2015,89108.0,1.972706,12348568.0
NGA,NGA_1511,Bakori,4.0,2015,2015,19499.0,1.149534,7229827.0
NGA,NGA_1512,Bakumi,5.0,2015,2015,27796.0,1.02228,6109251.0
NGA,NGA_1513,Bakura,2.0,2015,2015,21103.0,0.609958,3548851.0
NGA,NGA_1520,Bala Musa,2.0,2015,2015,11106.0,0.503411,2732352.0
NGA,NGA_1523,Balala,1.0,2015,2015,5999.0,0.308188,1347858.0
NGA,NGA_1533,Bali,5.0,2015,2015,14654.0,1.295532,8511709.0
NGA,NGA_1545,Bama,11.0,2015,2015,75472.0,2.468631,14975217.0
NGA,NGA_1549,Bambam,2.0,2015,2015,8973.0,0.406818,1913849.0
NGA,NGA_163,Ado Awaiye,2.0,2015,2015,9134.0,0.417716,2321887.0
NGA,NGA_1652,Bantaje,3.0,2015,2015,6287.0,0.574076,2800421.0
NGA,NGA_1668,Barabarobara,9.0,2015,2015,39688.0,1.516954,7377740.0
NGA,NGA_1670,Barakin Babele,9.0,2015,2015,31361.0,2.034621,11111640.0
NGA,NGA_1683,Bargu,2.0,2015,2015,8616.0,0.489105,2296910.0
NGA,NGA_1689,Barkin Ladi,4.0,2015,2015,32801.0,1.068612,6424303.0
NGA,NGA_1699,Basawa,2.0,2015,2015,9012.0,0.419575,1947916.0
NGA,NGA_17,Abakaliki,112.0,2015,2015,357344.0,16.191743,118385776.0
NGA,NGA_1704,Bassa,2.0,2015,2015,9785.0,0.527244,3411758.0
NGA,NGA_1712,Batagarawa,3.0,2015,2015,14333.0,0.755133,4120228.0
NGA,NGA_1724,Batsari,3.0,2015,2015,23715.0,1.076425,6172534.0
NGA,NGA_1727,Bauchi,95.0,2015,2015,313277.0,25.687896,192667600.0
NGA,NGA_1728,Baure,2.0,2015,2015,16587.0,0.450161,2528312.0
NGA,NGA_1743,Bazza,4.0,2015,2015,7532.0,0.756206,3236635.0
NGA,NGA_1746,Bebeji,2.0,2015,2015,15272.0,0.571692,3326629.0
NGA,NGA_1771,Bela,10.0,2015,2015,62520.0,2.427097,14047775.0
NGA,NGA_1792,Bena,3.0,2015,2015,22715.0,1.148234,7822474.0
NGA,NGA_1822,Benin City,438.0,2015,2015,1233962.0,122.67544,1004866496.0
NGA,NGA_1823,Benisheikh,2.0,2015,2015,11579.0,0.567343,3124622.0
NGA,NGA_1838,Beri,1.0,2015,2015,4710.0,0.295566,1492105.0
NGA,NGA_186,Adikpo,21.0,2015,2015,39952.0,3.101544,18061612.0
NGA,NGA_1873,Bichi,5.0,2015,2015,49423.0,1.519091,8547922.0
NGA,NGA_1874,Bida,37.0,2015,2015,178536.0,10.519668,73876784.0
NGA,NGA_1898,Billiri,10.0,2015,2015,130293.0,2.575465,13887993.0
NGA,NGA_1907,Bindawa,2.0,2015,2015,9777.0,0.42398,2195894.0
NGA,NGA_1913,Binji,2.0,2015,2015,9099.0,0.386624,1923055.0
NGA,NGA_1936,Birnin Gwari,4.0,2015,2015,29880.0,1.112062,8126557.0
NGA,NGA_1937,Birnin Kebbi,36.0,2015,2015,296723.0,9.793902,74008008.0
NGA,NGA_1938,Birnin Kudu,7.0,2015,2015,54662.0,1.860991,13211282.0
NGA,NGA_1939,Birniwa,2.0,2015,2015,14228.0,0.420122,2646397.0
NGA,NGA_1961,Biu,17.0,2015,2015,90406.0,4.557353,31951524.0
NGA,NGA_1983,Bode Sadu,2.0,2015,2015,10351.0,0.603238,3885967.0
NGA,NGA_1986,Bodo,4.0,2015,2015,22771.0,1.04939,7193683.0
NGA,NGA_2005,Bojude,2.0,2015,2015,7319.0,0.423186,2150692.0
NGA,NGA_2006,Bojuega,3.0,2015,2015,7343.0,0.651464,4177637.0
NGA,NGA_201,Ado Ekiti,92.0,2015,2015,957771.0,22.844044,181641616.0
NGA,NGA_2012,Bokkos,3.0,2015,2015,19692.0,0.94557,5955671.0
NGA,NGA_2026,Bomadi,4.0,2015,2015,30757.0,0.735973,5421526.0
NGA,NGA_2046,Bonny,18.0,2015,2015,137674.0,3.805096,28546720.0
NGA,NGA_205,Adogo Gari,2.0,2015,2015,4868.0,0.523164,2991459.0
NGA,NGA_206,Iloshi,6.0,2015,2015,17362.0,0.808682,3283824.0
NGA,NGA_2065,Boria,2.0,2015,2015,3303.0,0.392108,1836975.0
NGA,NGA_207,Adoka,4.0,2015,2015,9925.0,0.871528,4394901.0
NGA,NGA_2157,Brass,4.0,2015,2015,13669.0,0.658059,3487236.0
NGA,NGA_2186,Bugau,2.0,2015,2015,9573.0,0.549809,3138051.0
NGA,NGA_2190,Buguma,2.0,2015,2015,14689.0,0.510113,3132480.0
NGA,NGA_2200,Bukkuyum,2.0,2015,2015,8065.0,0.500101,2886843.0
NGA,NGA_2203,Bula Chirabe/Banki [NGA],4.0,2015,2015,33749.0,1.042131,6375854.0
NGA,NGA_2231,Bungudu,3.0,2015,2015,24112.0,0.961216,6109040.0
NGA,NGA_2233,Buniyadi,6.0,2015,2015,17717.0,1.4978,8217813.0
NGA,NGA_2236,Bunkure,1.0,2015,2015,12883.0,0.464523,2764278.0
NGA,NGA_2238,Bunza,5.0,2015,2015,54351.0,1.373734,8743276.0
NGA,NGA_225,Afikpo,15.0,2015,2015,62167.0,2.963241,24021356.0
NGA,NGA_2257,Buruku 1,5.0,2015,2015,6111.0,0.498921,2228716.0
NGA,NGA_2258,Buruku 2,2.0,2015,2015,9864.0,0.640515,4133969.0
NGA,NGA_2282,Buter,6.0,2015,2015,8943.0,0.700785,3124150.0
NGA,NGA_2303,Bwari,14.0,2015,2015,87400.0,3.764666,28346248.0
NGA,NGA_231,Afukpilla/Kominio,2.0,2015,2015,13518.0,0.66356,4381149.0
NGA,NGA_232,Afuze,6.0,2015,2015,28145.0,1.205443,6154315.0
NGA,NGA_2322,Calabar,72.0,2015,2015,858879.0,23.425152,197039984.0
NGA,NGA_2355,Chadawa,2.0,2015,2015,10180.0,0.453057,2229334.0
NGA,NGA_2356,Chafo,1.0,2015,2015,2295.0,0.224162,864455.0
NGA,NGA_236,Agaie,5.0,2015,2015,38570.0,1.559876,10427107.0
NGA,NGA_2365,Chanchaga,5.0,2015,2015,23622.0,1.274123,8450665.0
NGA,NGA_2372,Charanchi,3.0,2015,2015,23440.0,0.914441,5339266.0
NGA,NGA_241,Ago Are,5.0,2015,2015,15273.0,0.900794,4381574.0
NGA,NGA_2411,Chia,2.0,2015,2015,7400.0,0.508365,3843665.0
NGA,NGA_2414,Chibok,3.0,2015,2015,19240.0,0.721727,3907771.0
NGA,NGA_2429,Chinade,2.0,2015,2015,6374.0,0.462287,2493797.0
NGA,NGA_2443,Chiromawa,3.0,2015,2015,19210.0,0.590566,2902080.0
NGA,NGA_2463,Cham,2.0,2015,2015,8891.0,0.362793,1749193.0
NGA,NGA_247,Agbogugu,3.0,2015,2015,8342.0,0.545323,2822412.0
NGA,NGA_249,Agbor,44.0,2015,2015,156020.0,10.972661,77348984.0
NGA,NGA_2518,Dabai,2.0,2015,2015,9318.0,0.547164,4575840.0
NGA,NGA_2526,Dadin Kowa 1,3.0,2015,2015,14412.0,0.824962,4512912.0
NGA,NGA_253,Ado/Isalu/Iyafin,21.0,2015,2015,129231.0,4.487203,30923736.0
NGA,NGA_2532,Dagere,2.0,2015,2015,5758.0,0.306177,1334135.0
NGA,NGA_2546,Dakaiyyawa,2.0,2015,2015,12031.0,0.63243,3911964.0
NGA,NGA_2547,Dakingari,5.0,2015,2015,27161.0,1.264908,8379847.0
NGA,NGA_2551,Dalahi,3.0,2015,2015,8944.0,0.350069,1303919.0
NGA,NGA_256,Agenebode,7.0,2015,2015,31429.0,1.515611,10067615.0
NGA,NGA_2560,Damagum,3.0,2015,2015,18561.0,0.770975,4550814.0
NGA,NGA_2564,Damasak,3.0,2015,2015,25100.0,0.863347,5313776.0
NGA,NGA_2566,Damaturu,42.0,2015,2015,248988.0,10.18104,66958676.0
NGA,NGA_2570,Damban,3.0,2015,2015,38556.0,0.730394,4354393.0
NGA,NGA_2571,Danbatta,7.0,2015,2015,72500.0,2.025886,12333279.0
NGA,NGA_2572,Damboa,5.0,2015,2015,40298.0,1.377399,8403934.0
NGA,NGA_2586,Dan Alhaji,1.0,2015,2015,8293.0,0.405357,2404369.0
NGA,NGA_2587,Dan Hassan,2.0,2015,2015,15020.0,0.434658,2543211.0
NGA,NGA_2589,Dansadau,2.0,2015,2015,14521.0,0.63871,3834207.0
NGA,NGA_2590,Dan Tatashi,2.0,2015,2015,4844.0,0.42291,2379381.0
NGA,NGA_2598,Dandume,6.0,2015,2015,62242.0,2.036033,14697288.0
NGA,NGA_26,Abduka,1.0,2015,2015,9902.0,0.459629,3439587.0
NGA,NGA_2601,Dange,2.0,2015,2015,17910.0,0.601605,3519187.0
NGA,NGA_2604,Danja 1,3.0,2015,2015,15420.0,0.874156,5947778.0
NGA,NGA_2605,Dankama,2.0,2015,2015,13363.0,0.536055,3377452.0
NGA,NGA_2610,Dapchi,2.0,2015,2015,6678.0,0.489686,2633652.0
NGA,NGA_262,Ago Amadu,6.0,2015,2015,16595.0,0.976663,4654345.0
NGA,NGA_2626,Darazo,5.0,2015,2015,46952.0,1.413654,10023529.0
NGA,NGA_2637,Dass,5.0,2015,2015,35563.0,0.953481,5802739.0
NGA,NGA_264,Agosasa,25.0,2015,2015,61654.0,2.842237,11638900.0
NGA,NGA_2641,Daura,13.0,2015,2015,206381.0,3.674388,23653966.0
NGA,NGA_2642,Dawakin Kudu,4.0,2015,2015,41473.0,1.145686,7007097.0
NGA,NGA_2643,Dawaki ,3.0,2015,2015,17746.0,0.670945,3154901.0
NGA,NGA_2653,Deba,2.0,2015,2015,7713.0,0.614441,3419876.0
NGA,NGA_2671,Deiba,2.0,2015,2015,2743.0,0.363744,1601079.0
NGA,NGA_2677,Dekina,5.0,2015,2015,25654.0,0.985064,5983884.0
NGA,NGA_2690,Dengebe,1.0,2015,2015,8710.0,0.442214,2481911.0
NGA,NGA_2691,Dengi,6.0,2015,2015,22849.0,1.21853,7528812.0
NGA,NGA_2735,Marama,4.0,2015,2015,9829.0,0.559426,2135458.0
NGA,NGA_2741,Diko,2.0,2015,2015,11185.0,0.499629,3237699.0
NGA,NGA_2743,Dikwa,4.0,2015,2015,27276.0,0.890347,5370638.0
NGA,NGA_2746,Dilpurtu,6.0,2015,2015,11746.0,1.590397,9976086.0
NGA,NGA_2776,Dirindaji,3.0,2015,2015,13865.0,0.730516,3580913.0
NGA,NGA_280,Agumu Koshi,2.0,2015,2015,4272.0,0.355462,1453068.0
NGA,NGA_281,Agwa,8.0,2015,2015,42844.0,1.344273,8056116.0
NGA,NGA_2826,Dogon Yaro,5.0,2015,2015,16740.0,0.943813,4434914.0
NGA,NGA_283,Aha,3.0,2015,2015,6588.0,0.50881,2400916.0
NGA,NGA_2831,Dokko,2.0,2015,2015,7576.0,0.472571,2674566.0
NGA,NGA_2838,Doma,14.0,2015,2015,41379.0,3.25376,19679746.0
NGA,NGA_284,Ahaba,9.0,2015,2015,33869.0,1.32062,6274912.0
NGA,NGA_2848,Donga,6.0,2015,2015,21578.0,1.246378,6925349.0
NGA,NGA_2854,Donko,2.0,2015,2015,7220.0,0.306617,1482384.0
NGA,NGA_2899,Dukku ,5.0,2015,2015,34369.0,1.383359,7843668.0
NGA,NGA_29,Abeokuta,161.0,2015,2015,477016.0,46.696584,382815616.0
NGA,NGA_2918,Dutse,19.0,2015,2015,105560.0,4.112191,24494958.0
NGA,NGA_2919,Dutsen Wai,2.0,2015,2015,11828.0,0.628721,3860524.0
NGA,NGA_2920,Dutsi 1,2.0,2015,2015,11582.0,0.503721,2814997.0
NGA,NGA_2921,Dutsi 2,1.0,2015,2015,7416.0,0.232132,1121716.0
NGA,NGA_2922,Dutsin Ma,10.0,2015,2015,68585.0,3.030397,20431714.0
NGA,NGA_294,Ahoada,10.0,2015,2015,84923.0,2.328454,12591370.0
NGA,NGA_2952,Echialike,5.0,2015,2015,4682.0,0.166128,415391.0
NGA,NGA_2959,Edor 1,2.0,2015,2015,9869.0,0.358868,1832945.0
NGA,NGA_2962,Edun,4.0,2015,2015,10987.0,0.964465,5841610.0
NGA,NGA_2967,Effium,19.0,2015,2015,31959.0,1.856848,8156914.0
NGA,NGA_2969,Effon,6.0,2015,2015,57568.0,1.397959,11302875.0
NGA,NGA_2970,Egbe Oke,8.0,2015,2015,90789.0,1.715403,10679516.0
NGA,NGA_2972,Egbo Ide,4.0,2015,2015,35784.0,0.816195,5253991.0
NGA,NGA_2973,Egbolom,5.0,2015,2015,35876.0,1.030386,5659228.0
NGA,NGA_2976,Egubuma,3.0,2015,2015,11005.0,0.486842,2191484.0
NGA,NGA_2977,Egume,27.0,2015,2015,90614.0,6.250569,47621904.0
NGA,NGA_2978,Egwi,3.0,2015,2015,19420.0,0.589466,3245898.0
NGA,NGA_298,Aidu,2.0,2015,2015,12908.0,0.734597,4452465.0
NGA,NGA_2980,Eha Amufu,3.0,2015,2015,12373.0,0.511758,2522557.0
NGA,NGA_2986,Ejigbo,21.0,2015,2015,85154.0,4.351515,29756452.0
NGA,NGA_2988,Ejule,8.0,2015,2015,35406.0,1.47796,8521357.0
NGA,NGA_2990,Ekan Meje,3.0,2015,2015,7455.0,0.438999,2214261.0
NGA,NGA_2993,Eke 1,7.0,2015,2015,10987.0,0.973638,4814560.0
NGA,NGA_2994,Eke 2,3.0,2015,2015,8669.0,0.62025,2607352.0
NGA,NGA_2995,Afuda/Eguere,11.0,2015,2015,48569.0,1.680309,7714416.0
NGA,NGA_2996,Eket,72.0,2015,2015,389851.0,12.551729,72154720.0
NGA,NGA_2997,Ekinrin,4.0,2015,2015,27963.0,0.868452,4567514.0
NGA,NGA_3002,Ekpene Ukim,6.0,2015,2015,23573.0,0.877897,3728211.0
NGA,NGA_3004,Ekpesa,5.0,2015,2015,28600.0,1.106627,6597704.0
NGA,NGA_3007,Eku,6.0,2015,2015,35696.0,1.30819,8025349.0
NGA,NGA_3008,Ekuku Agbor,3.0,2015,2015,8334.0,0.680121,3466099.0
NGA,NGA_3009,Ekumtak,4.0,2015,2015,16711.0,0.581321,2388309.0
NGA,NGA_3081,Elele,6.0,2015,2015,50552.0,1.326582,9175860.0
NGA,NGA_3086,Lokpaukwu,4.0,2015,2015,18132.0,0.721432,4240869.0
NGA,NGA_3100,Emuoha 1,4.0,2015,2015,17743.0,0.655854,3906281.0
NGA,NGA_3101,Emure Ekiti,19.0,2015,2015,133211.0,3.691023,22401006.0
NGA,NGA_3119,Enugu,178.0,2015,2015,860362.0,45.752676,396967264.0
NGA,NGA_3120,Enugu Abo,4.0,2015,2015,10312.0,0.691919,2785255.0
NGA,NGA_3123,Enugwu Agidi 2,4.0,2015,2015,16905.0,0.847673,5234670.0
NGA,NGA_3126,Epe,18.0,2015,2015,107780.0,4.958557,35827752.0
NGA,NGA_3127,Ajido,6.0,2015,2015,26691.0,1.210589,7040653.0
NGA,NGA_3129,Erin,3.0,2015,2015,6565.0,0.511646,2908362.0
NGA,NGA_3137,Eruwa,11.0,2015,2015,47238.0,2.843569,18858556.0
NGA,NGA_3140,Esa Oke,5.0,2015,2015,22642.0,1.090288,8034419.0
NGA,NGA_3161,Etu,3.0,2015,2015,3679.0,0.34412,1206596.0
NGA,NGA_3168,Evwreni,3.0,2015,2015,7556.0,0.475484,2390446.0
NGA,NGA_3170,Ewu,4.0,2015,2015,23034.0,0.546881,2954876.0
NGA,NGA_3177,Eziama/Okpuala,6.0,2015,2015,17207.0,1.109693,4492932.0
NGA,NGA_3182,Fadan Karshe,2.0,2015,2015,9780.0,0.455591,2859316.0
NGA,NGA_3186,Fage,2.0,2015,2015,11960.0,0.392823,1820242.0
NGA,NGA_3188,Faku,3.0,2015,2015,11227.0,0.659095,2926839.0
NGA,NGA_3196,Faran,2.0,2015,2015,5157.0,0.523769,2825816.0
NGA,NGA_3204,Faskari,3.0,2015,2015,22059.0,0.710633,4591387.0
NGA,NGA_3218,Sangere,5.0,2015,2015,18331.0,1.280096,8304988.0
NGA,NGA_3238,Fiditi,3.0,2015,2015,16890.0,0.736069,5228362.0
NGA,NGA_3243,Fika,2.0,2015,2015,11483.0,0.524133,2702674.0
NGA,NGA_3245,Fili,12.0,2015,2015,36825.0,2.218246,14267887.0
NGA,NGA_3247,Filiya,4.0,2015,2015,17339.0,0.889666,4782060.0
NGA,NGA_3287,Fufore,4.0,2015,2015,15032.0,0.761792,3693228.0
NGA,NGA_3288,Fugar,8.0,2015,2015,30649.0,1.44448,8542381.0
NGA,NGA_3293,Funtua,23.0,2015,2015,145997.0,6.384224,44652480.0
NGA,NGA_3314,Gada,2.0,2015,2015,13212.0,0.58664,3393580.0
NGA,NGA_3315,Gadabuke,3.0,2015,2015,8302.0,0.493516,2158091.0
NGA,NGA_3324,Gajram,2.0,2015,2015,11325.0,0.393156,2050198.0
NGA,NGA_3328,Galadi,1.0,2015,2015,9332.0,0.419237,2589837.0
NGA,NGA_3335,Gali,2.0,2015,2015,10784.0,0.714698,4860870.0
NGA,NGA_3343,Gamawa,3.0,2015,2015,24135.0,0.784738,4266497.0
NGA,NGA_3346,Gambaru,7.0,2015,2015,62046.0,2.044702,12714554.0
NGA,NGA_3360,Gandi,1.0,2015,2015,9908.0,0.558306,3453342.0
NGA,NGA_3365,Ganye,14.0,2015,2015,70794.0,3.407693,19312242.0
NGA,NGA_3374,Garaku,5.0,2015,2015,16156.0,0.796264,3924961.0
NGA,NGA_3377,Garam,3.0,2015,2015,14436.0,0.618316,3359380.0
NGA,NGA_3386,Garin Madsam,3.0,2015,2015,20020.0,0.921338,5419466.0
NGA,NGA_3388,Garkida,2.0,2015,2015,9355.0,0.616028,3656356.0
NGA,NGA_3389,Garko,3.0,2015,2015,17573.0,0.882902,5155734.0
NGA,NGA_3390,Garo,2.0,2015,2015,10675.0,0.540736,3054621.0
NGA,NGA_3397,Garum Malam,1.0,2015,2015,15234.0,0.447087,2606567.0
NGA,NGA_34,Abinsi,2.0,2015,2015,5440.0,0.370869,1812124.0
NGA,NGA_3405,Gashua,11.0,2015,2015,88790.0,3.618952,23442032.0
NGA,NGA_3410,Gatisa,3.0,2015,2015,5795.0,0.395462,1606896.0
NGA,NGA_3414,Gaubi,5.0,2015,2015,14722.0,0.919723,4790639.0
NGA,NGA_3415,Gawura,3.0,2015,2015,17510.0,0.388539,1260317.0
NGA,NGA_3417,Gaya,5.0,2015,2015,27961.0,1.590633,10409415.0
NGA,NGA_3435,Gbajimba,3.0,2015,2015,5647.0,0.351588,1234916.0
NGA,NGA_3445,Gboko,61.0,2015,2015,243706.0,17.210108,119522000.0
NGA,NGA_3447,Gbongan,11.0,2015,2015,61078.0,2.643619,17734590.0
NGA,NGA_3453,Gebe,1.0,2015,2015,4488.0,0.309549,1893276.0
NGA,NGA_3459,Geidam,10.0,2015,2015,45320.0,2.40667,15106472.0
NGA,NGA_3463,Gembu,4.0,2015,2015,17777.0,1.168868,12116749.0
NGA,NGA_3475,Gerkawa,4.0,2015,2015,8832.0,0.73213,3366428.0
NGA,NGA_3478,Getso,2.0,2015,2015,13055.0,0.538209,3689682.0
NGA,NGA_3479,Gezawa,3.0,2015,2015,26988.0,0.955769,5651311.0
NGA,NGA_3495,Giade,3.0,2015,2015,26788.0,0.891473,5137737.0
NGA,NGA_3498,Gidan Ami Akwiya,1.0,2015,2015,2995.0,0.308903,1344866.0
NGA,NGA_3499,Gidan Dala,1.0,2015,2015,4858.0,0.242646,1038461.0
NGA,NGA_35,Abiriba,10.0,2015,2015,77332.0,2.391717,21631160.0
NGA,NGA_3519,Giri,5.0,2015,2015,16049.0,1.034782,5918140.0
NGA,NGA_3521,Giringwe,2.0,2015,2015,4165.0,0.442508,2459939.0
NGA,NGA_3542,Glogbo/Seme [NGA],7.0,2015,2015,29798.0,1.388328,8064413.0
NGA,NGA_3565,Gombe,73.0,2015,2015,481253.0,22.806628,160427600.0
NGA,NGA_3567,Gombi,12.0,2015,2015,79565.0,3.133355,22419972.0
NGA,NGA_3584,Gota,4.0,2015,2015,12740.0,0.817141,5145028.0
NGA,NGA_3619,Guai,3.0,2015,2015,6163.0,0.758058,4250825.0
NGA,NGA_3621,Gubio,3.0,2015,2015,19375.0,0.609411,3132948.0
NGA,NGA_3623,Gudi,2.0,2015,2015,7023.0,0.370966,1500552.0
NGA,NGA_3624,Gudumbali,2.0,2015,2015,11416.0,0.376431,1759190.0
NGA,NGA_363,Aisegba,3.0,2015,2015,22404.0,0.655811,3434167.0
NGA,NGA_3657,Gulak,5.0,2015,2015,21918.0,1.008921,4927861.0
NGA,NGA_3659,Gulma,2.0,2015,2015,13339.0,0.659314,3909360.0
NGA,NGA_3662,Gumau,2.0,2015,2015,6806.0,0.497427,2640771.0
NGA,NGA_3663,Gumel 1,8.0,2015,2015,121865.0,2.387581,16156590.0
NGA,NGA_3664,Gumel 2,3.0,2015,2015,8415.0,0.491278,2098363.0
NGA,NGA_3665,Gummi,7.0,2015,2015,50630.0,2.064112,13589826.0
NGA,NGA_3672,Gurin,2.0,2015,2015,11282.0,0.571306,3228675.0
NGA,NGA_3674,Guroji,2.0,2015,2015,6590.0,0.453798,3763395.0
NGA,NGA_3675,Gusau,45.0,2015,2015,485516.0,12.96835,99834336.0
NGA,NGA_3679,Guyuk,6.0,2015,2015,46803.0,1.206704,6413420.0
NGA,NGA_3680,Gwadabawa,3.0,2015,2015,20089.0,0.837528,4951638.0
NGA,NGA_3681,Gwadainya,5.0,2015,2015,19566.0,1.616855,9776052.0
NGA,NGA_3683,Gwagwalada,30.0,2015,2015,193117.0,8.938776,63657128.0
NGA,NGA_3685,Gwandu,4.0,2015,2015,17674.0,1.288779,9411182.0
NGA,NGA_3686,Gwano,1.0,2015,2015,6066.0,0.30563,1682140.0
NGA,NGA_3687,Gwantu,4.0,2015,2015,15163.0,0.756551,3528404.0
NGA,NGA_3688,Gwaram ,2.0,2015,2015,17989.0,0.891707,7040739.0
NGA,NGA_3689,Gwarzo,5.0,2015,2015,44636.0,1.428983,8675014.0
NGA,NGA_369,Aiye,3.0,2015,2015,16780.0,0.361036,1527560.0
NGA,NGA_3696,Gwoza,9.0,2015,2015,61080.0,2.130627,12442588.0
NGA,NGA_370,Aiye/Ankpa,4.0,2015,2015,6703.0,0.784921,3596378.0
NGA,NGA_3700,Hadejia,12.0,2015,2015,199936.0,3.804526,25894272.0
NGA,NGA_371,Aiyede 2,3.0,2015,2015,20645.0,0.583653,2951008.0
NGA,NGA_372,Aiyede 1,3.0,2015,2015,12119.0,0.71957,4404730.0
NGA,NGA_374,Olode,3.0,2015,2015,14001.0,0.737291,5434729.0
NGA,NGA_3749,Hardawa,2.0,2015,2015,17042.0,0.550375,3228262.0
NGA,NGA_375,Aiyepe Odo,3.0,2015,2015,12445.0,0.599798,3669237.0
NGA,NGA_376,Aiyete,4.0,2015,2015,15512.0,0.973322,6148471.0
NGA,NGA_377,Aiyetoro,11.0,2015,2015,27818.0,3.018673,19190668.0
NGA,NGA_378,Aiyetoro Gbede,7.0,2015,2015,48897.0,1.648026,9871831.0
NGA,NGA_380,Ajagba,3.0,2015,2015,21618.0,0.587475,3644442.0
NGA,NGA_3805,Hildi,3.0,2015,2015,4488.0,0.727612,3429599.0
NGA,NGA_381,Ajaokuta,8.0,2015,2015,41327.0,1.216282,5025488.0
NGA,NGA_382,Ajasse Ipo,2.0,2015,2015,7669.0,0.556105,2884076.0
NGA,NGA_3827,Hong,2.0,2015,2015,3875.0,0.458051,2019991.0
NGA,NGA_3841,Hungu,1.0,2015,2015,6941.0,0.284181,1503997.0
NGA,NGA_3842,Hunkuyi,2.0,2015,2015,12257.0,0.590624,3761750.0
NGA,NGA_3851,Iba,1.0,2015,2015,5084.0,0.329296,1716250.0
NGA,NGA_3853,Ibadan,578.0,2015,2015,4009391.0,178.40432,1490974080.0
NGA,NGA_3855,Ibaka,3.0,2015,2015,7596.0,0.687687,4000474.0
NGA,NGA_3858,Ibe,3.0,2015,2015,19382.0,0.55828,2400755.0
NGA,NGA_3862,Ibelu,2.0,2015,2015,9903.0,0.580148,3245460.0
NGA,NGA_3863,Ibi,5.0,2015,2015,13913.0,1.041962,6023661.0
NGA,NGA_3864,Ibia,2.0,2015,2015,19812.0,0.45632,2415641.0
NGA,NGA_3865,Ibiagidi,24.0,2015,2015,71497.0,2.857759,10375367.0
NGA,NGA_3868,Ibokun,3.0,2015,2015,15737.0,0.700164,4180999.0
NGA,NGA_3870,Iboro,4.0,2015,2015,4583.0,0.539632,2220007.0
NGA,NGA_3873,Ibusa,11.0,2015,2015,35723.0,3.040836,19942992.0
NGA,NGA_3875,Icheabu,2.0,2015,2015,8366.0,0.487896,3051828.0
NGA,NGA_3878,Idah,32.0,2015,2015,154958.0,7.388482,50146552.0
NGA,NGA_3880,Idanre,9.0,2015,2015,55014.0,2.664079,24774084.0
NGA,NGA_3884,Idere,3.0,2015,2015,8600.0,0.532722,2878337.0
NGA,NGA_3886,Idi Emi,6.0,2015,2015,10313.0,1.213259,6671750.0
NGA,NGA_3890,Ido Ekiti,10.0,2015,2015,91973.0,2.51294,18370736.0
NGA,NGA_3891,Idoani,3.0,2015,2015,11901.0,0.669309,4500790.0
NGA,NGA_3893,Idomi,2.0,2015,2015,9267.0,0.262044,1414470.0
NGA,NGA_3894,Idon Kasa,1.0,2015,2015,7248.0,0.463006,3037605.0
NGA,NGA_3895,Idowa,3.0,2015,2015,10655.0,0.44636,2121339.0
NGA,NGA_390,Ajingi,1.0,2015,2015,7463.0,0.416281,2639747.0
NGA,NGA_3900,Ifaki,4.0,2015,2015,30771.0,0.856098,5656577.0
NGA,NGA_3902,Ifangni/Idi Iroko [NGA],19.0,2015,2015,110301.0,5.101765,37137808.0
NGA,NGA_3903,Ife 1,81.0,2015,2015,514081.0,22.408904,175950080.0
NGA,NGA_3904,Ife 2,2.0,2015,2015,9145.0,0.377971,1931120.0
NGA,NGA_3907,Ifetedo,3.0,2015,2015,8995.0,0.597912,4107717.0
NGA,NGA_3908,Ifewara,2.0,2015,2015,7852.0,0.392687,2140199.0
NGA,NGA_391,Aka Ese,4.0,2015,2015,15080.0,0.783804,3977213.0
NGA,NGA_3910,Ifon,7.0,2015,2015,26478.0,1.429631,8938272.0
NGA,NGA_3916,Igana,3.0,2015,2015,11638.0,0.670208,3999244.0
NGA,NGA_3918,Igangan,5.0,2015,2015,14788.0,1.129565,6499328.0
NGA,NGA_3919,Igarra,11.0,2015,2015,59052.0,2.2464,15146484.0
NGA,NGA_392,Akana/Ogu,3.0,2015,2015,34270.0,0.513405,2750825.0
NGA,NGA_3921,Igbaja,3.0,2015,2015,7761.0,0.473069,2280720.0
NGA,NGA_3922,Igbajo,3.0,2015,2015,12135.0,0.569033,3766638.0
NGA,NGA_3923,Igbanke,7.0,2015,2015,20243.0,1.007728,4039375.0
NGA,NGA_3924,Igbara Odo,5.0,2015,2015,34216.0,0.966896,5381267.0
NGA,NGA_3925,Owena Ijesha,3.0,2015,2015,13304.0,0.617668,4062279.0
NGA,NGA_3929,Igbere,4.0,2015,2015,18607.0,0.798396,5535690.0
NGA,NGA_393,Akabuka,8.0,2015,2015,60100.0,1.633177,8124429.0
NGA,NGA_3931,Igbeti,9.0,2015,2015,35981.0,2.192183,13426491.0
NGA,NGA_3932,Igbidu,152.0,2015,2015,167220.0,6.834366,20975084.0
NGA,NGA_3933,Igbo Emabama,2.0,2015,2015,8643.0,0.312745,1448237.0
NGA,NGA_3934,Igbo Ora,12.0,2015,2015,55610.0,3.211211,20257236.0
NGA,NGA_3935,Igbo Tako,5.0,2015,2015,20603.0,0.946847,4387529.0
NGA,NGA_3938,Igbogila,4.0,2015,2015,6906.0,0.833548,4533199.0
NGA,NGA_3939,Igboho,11.0,2015,2015,48051.0,2.62632,17011520.0
NGA,NGA_3940,Igbokoda,12.0,2015,2015,108298.0,2.236664,13339695.0
NGA,NGA_3942,Igede Ekiti,9.0,2015,2015,75115.0,1.860215,12563311.0
NGA,NGA_3943,Igodo,3.0,2015,2015,10636.0,0.400865,1937345.0
NGA,NGA_3944,Igogo Ekiti,2.0,2015,2015,15550.0,0.492771,3126842.0
NGA,NGA_3946,Igueben,7.0,2015,2015,25277.0,1.050923,4010162.0
NGA,NGA_3949,Iguobazuwa,3.0,2015,2015,16236.0,0.450304,2180702.0
NGA,NGA_395,Akahufu,19.0,2015,2015,17980.0,0.589111,1473142.0
NGA,NGA_3952,Ihalav,7.0,2015,2015,13357.0,0.826517,5018589.0
NGA,NGA_3956,Ihube/Nduhu,4.0,2015,2015,20556.0,0.895313,6126637.0
NGA,NGA_3957,Ihubogo,4.0,2015,2015,28163.0,0.755684,3501353.0
NGA,NGA_3958,Ihugh,5.0,2015,2015,14585.0,1.068182,6161473.0
NGA,NGA_3961,Ijare,4.0,2015,2015,13813.0,0.777953,4800186.0
NGA,NGA_3963,Ijebu Igbo,21.0,2015,2015,104818.0,4.766013,34901304.0
NGA,NGA_3964,Ijebu Ijesha,6.0,2015,2015,32210.0,1.462144,9595324.0
NGA,NGA_3965,Ijebu Ode,94.0,2015,2015,457906.0,21.107734,133368488.0
NGA,NGA_3966,Ijero Ekiti,7.0,2015,2015,51178.0,1.337867,9769797.0
NGA,NGA_3968,Ijoun,4.0,2015,2015,5754.0,0.709604,3813532.0
NGA,NGA_3970,Ayetoro Iju & Ifa Ogbolu,9.0,2015,2015,39448.0,1.893323,11719391.0
NGA,NGA_3971,Ika,44.0,2015,2015,74541.0,2.687217,6921349.0
NGA,NGA_3973,Ikara,3.0,2015,2015,16559.0,0.917881,6145020.0
NGA,NGA_3974,Ikare,28.0,2015,2015,134906.0,6.701063,44514416.0
NGA,NGA_3975,Ikeji,1.0,2015,2015,4903.0,0.338395,2058745.0
NGA,NGA_3979,Ikerre Ekiti,19.0,2015,2015,211291.0,4.928967,37544692.0
NGA,NGA_398,Akamkpa,5.0,2015,2015,19904.0,0.881658,4648460.0
NGA,NGA_3981,Ikire,32.0,2015,2015,185077.0,9.277421,73564232.0
NGA,NGA_3982,Ikirun,44.0,2015,2015,257343.0,12.360947,99780816.0
NGA,NGA_3984,Iloko Ijesa,3.0,2015,2015,8852.0,0.461772,2110891.0
NGA,NGA_3985,Ikole,13.0,2015,2015,95599.0,2.642891,16768239.0
NGA,NGA_3986,Ikom,12.0,2015,2015,87354.0,3.185018,22810920.0
NGA,NGA_3987,Ikoro,3.0,2015,2015,21141.0,0.572993,3618914.0
NGA,NGA_3988,Ikorodu,265.0,2015,2015,1106143.0,73.405072,681053056.0
NGA,NGA_3989,Ikot,23.0,2015,2015,37867.0,1.081999,2705442.0
NGA,NGA_3991,Ukpon,5.0,2015,2015,17493.0,0.745518,2749606.0
NGA,NGA_3992,Ikot Akpaete,10.0,2015,2015,36173.0,1.365654,4072719.0
NGA,NGA_3993,Ikot Ankan,74.0,2015,2015,139280.0,5.313525,13661804.0
NGA,NGA_3999,Ikot Offiong,10.0,2015,2015,31761.0,1.040541,3359324.0
NGA,NGA_4000,Ikot Ubo,7.0,2015,2015,18501.0,0.796494,2337218.0
NGA,NGA_4002,Ikpayongo,7.0,2015,2015,18046.0,1.195164,6939717.0
NGA,NGA_4006,Ila,18.0,2015,2015,69985.0,3.256724,22779452.0
NGA,NGA_4008,Ilara,4.0,2015,2015,19073.0,0.886804,6412399.0
NGA,NGA_4010,Ilaro,23.0,2015,2015,138862.0,4.617608,35790072.0
NGA,NGA_4011,Ilasa Ekiti,3.0,2015,2015,14398.0,0.404249,1865627.0
NGA,NGA_4012,Igbaraoke,5.0,2015,2015,22183.0,1.078894,6954297.0
NGA,NGA_4013,Ilawe Ekiti,6.0,2015,2015,61424.0,1.346405,9953571.0
NGA,NGA_4014,Ile Igbo,4.0,2015,2015,22494.0,0.890919,5724195.0
NGA,NGA_4015,Ile Oluji,13.0,2015,2015,59654.0,2.644448,19351654.0
NGA,NGA_4018,Ilero,5.0,2015,2015,19458.0,1.003098,5185816.0
NGA,NGA_4019,Ilesha,61.0,2015,2015,392604.0,16.203861,121421336.0
NGA,NGA_4020,Ilesha Ibariba,5.0,2015,2015,7114.0,0.796273,4724889.0
NGA,NGA_4021,Ijesu Isu,2.0,2015,2015,13371.0,0.385887,1685870.0
NGA,NGA_4023,Illela,6.0,2015,2015,49741.0,2.010168,13102003.0
NGA,NGA_4030,Ilorin,226.0,2015,2015,1190198.0,72.051704,577365824.0
NGA,NGA_4031,Iloro,3.0,2015,2015,24379.0,0.626505,3922861.0
NGA,NGA_4034,Ilueologbo Owe,5.0,2015,2015,18498.0,0.991143,5138329.0
NGA,NGA_4038,Ilutitun,5.0,2015,2015,26726.0,1.141523,6478753.0
NGA,NGA_4039,Iane,4.0,2015,2015,14177.0,0.821937,5018550.0
NGA,NGA_4043,Imeko,8.0,2015,2015,26542.0,1.94716,11971275.0
NGA,NGA_4049,Imota,6.0,2015,2015,23148.0,1.400276,10178478.0
NGA,NGA_4063,Ingawa,3.0,2015,2015,18182.0,0.780244,4480999.0
NGA,NGA_4064,Inisa,8.0,2015,2015,33671.0,1.765599,12369079.0
NGA,NGA_4071,Inyi-Umuom,7.0,2015,2015,25535.0,1.213772,7123262.0
NGA,NGA_4075,Iperu,11.0,2015,2015,43998.0,2.083214,13366331.0
NGA,NGA_4076,Ipetu Ijesha,5.0,2015,2015,21719.0,1.245032,8465800.0
NGA,NGA_4077,Ipetumodu,17.0,2015,2015,80105.0,3.741872,24241020.0
NGA,NGA_4079,Ipokia,2.0,2015,2015,9182.0,0.421443,2029122.0
NGA,NGA_4080,Iporo Ekiti,4.0,2015,2015,23424.0,0.65778,3125230.0
NGA,NGA_4081,Ipoti Ekiti,3.0,2015,2015,21393.0,0.553204,4172911.0
NGA,NGA_4083,Irawo,3.0,2015,2015,8799.0,0.53102,2151593.0
NGA,NGA_4084,Ire Ekiti,3.0,2015,2015,19192.0,0.539866,2440592.0
NGA,NGA_4085,Irele,10.0,2015,2015,99616.0,3.294606,23655832.0
NGA,NGA_4086,Iresi,2.0,2015,2015,6839.0,0.41831,1894030.0
NGA,NGA_4092,Irun,4.0,2015,2015,11925.0,0.643946,2963753.0
NGA,NGA_4093,Ogbagi,4.0,2015,2015,13088.0,0.6916,3251572.0
NGA,NGA_4094,Isa,4.0,2015,2015,27405.0,1.27164,8498322.0
NGA,NGA_4100,Isan,2.0,2015,2015,14189.0,0.389786,2234984.0
NGA,NGA_4103,Isanlu,11.0,2015,2015,101376.0,2.542345,15313037.0
NGA,NGA_4105,Isara,20.0,2015,2015,83616.0,3.478772,23028072.0
NGA,NGA_4107,Iseyin,31.0,2015,2015,168815.0,7.625223,56393136.0
NGA,NGA_4110,Ishiagu,7.0,2015,2015,32667.0,1.594483,10973017.0
NGA,NGA_4113,Isikpo,5.0,2015,2015,30842.0,1.025472,5212140.0
NGA,NGA_4123,Uso,2.0,2015,2015,13329.0,0.524859,3018624.0
NGA,NGA_4127,Issele Uku,7.0,2015,2015,29212.0,1.553836,9493679.0
NGA,NGA_4131,Ita Otu,4.0,2015,2015,12736.0,0.665359,3112399.0
NGA,NGA_4132,Itas,1.0,2015,2015,11561.0,0.43312,2387843.0
NGA,NGA_4138,Itigidi/Ebida,2.0,2015,2015,10796.0,0.426801,2081673.0
NGA,NGA_4139,Itobe,3.0,2015,2015,21005.0,0.708161,4122977.0
NGA,NGA_4142,Iware,3.0,2015,2015,6843.0,0.673618,3485744.0
NGA,NGA_4145,Iwo,37.0,2015,2015,216882.0,9.359081,69567120.0
NGA,NGA_4147,Iworoko,5.0,2015,2015,35592.0,1.058815,7304317.0
NGA,NGA_4150,Iyale,3.0,2015,2015,7183.0,0.687599,5260185.0
NGA,NGA_4151,Aiyetoro Ekiti,2.0,2015,2015,14834.0,0.397257,2699682.0
NGA,NGA_4152,Iyara,4.0,2015,2015,20592.0,0.804268,4582618.0
NGA,NGA_4163,Izom/Mararaba,6.0,2015,2015,33465.0,1.521831,8576321.0
NGA,NGA_4164,Izombe,5.0,2015,2015,19971.0,0.948116,3947383.0
NGA,NGA_4168,Jada,6.0,2015,2015,16731.0,1.666045,9538263.0
NGA,NGA_4170,Jahun,4.0,2015,2015,33935.0,0.978422,5746012.0
NGA,NGA_4171,Jahuna,1.0,2015,2015,5476.0,0.394835,1991361.0
NGA,NGA_4172,Jaji ,6.0,2015,2015,31148.0,1.346675,7271750.0
NGA,NGA_4173,Jajimaji,1.0,2015,2015,6746.0,0.399454,2300830.0
NGA,NGA_4175,Jakusko,2.0,2015,2015,9959.0,0.462711,2407961.0
NGA,NGA_4178,Jalingo,55.0,2015,2015,240579.0,17.15872,120777080.0
NGA,NGA_4181,Jamaare,4.0,2015,2015,32152.0,1.138102,6709536.0
NGA,NGA_4184,Jangero,2.0,2015,2015,8462.0,0.381233,1805330.0
NGA,NGA_4188,Jauro,5.0,2015,2015,11400.0,1.074103,5889721.0
NGA,NGA_4190,Jebba,5.0,2015,2015,20464.0,1.162797,8586049.0
NGA,NGA_4193,Jega,10.0,2015,2015,91271.0,3.420963,27627192.0
NGA,NGA_4194,Jemaa,3.0,2015,2015,12688.0,0.605743,2989491.0
NGA,NGA_4196,Jen Kaigawa,3.0,2015,2015,3969.0,0.568092,2449597.0
NGA,NGA_4201,Jere,2.0,2015,2015,11821.0,0.539973,3639402.0
NGA,NGA_4203,Jesse,9.0,2015,2015,46823.0,1.955711,13945761.0
NGA,NGA_4204,Jibiya,8.0,2015,2015,42111.0,2.755778,17387520.0
NGA,NGA_4209,Jikamshi,2.0,2015,2015,12518.0,0.44794,2409765.0
NGA,NGA_4211,Jimeta,90.0,2015,2015,502206.0,23.59728,157426880.0
NGA,NGA_4219,Jogana,4.0,2015,2015,30684.0,1.075936,6846442.0
NGA,NGA_4226,Jos,191.0,2015,2015,632677.0,53.57596,441399264.0
NGA,NGA_425,Aku,7.0,2015,2015,44057.0,1.545055,9312018.0
NGA,NGA_4250,Kabba,17.0,2015,2015,100774.0,4.224637,30037556.0
NGA,NGA_4251,Ungwan Abdullah Maifata,4.0,2015,2015,11463.0,1.3047,8252489.0
NGA,NGA_4258,Kabo,2.0,2015,2015,18693.0,0.426668,2408545.0
NGA,NGA_426,Akungba,15.0,2015,2015,61253.0,3.417266,21785800.0
NGA,NGA_4260,Kabogi,2.0,2015,2015,5721.0,0.45253,2733699.0
NGA,NGA_427,Akure,161.0,2015,2015,1022947.0,43.067864,367134496.0
NGA,NGA_4280,Kachako,2.0,2015,2015,15149.0,0.742029,4900352.0
NGA,NGA_4281,Kachia,3.0,2015,2015,13914.0,0.840699,4880202.0
NGA,NGA_4288,Kado,4.0,2015,2015,6335.0,0.863441,4718071.0
NGA,NGA_429,Akwanga,19.0,2015,2015,80480.0,4.096028,25902032.0
NGA,NGA_4291,Kaduna,271.0,2015,2015,2100136.0,81.704,637890368.0
NGA,NGA_4296,Kafanchan,20.0,2015,2015,90914.0,3.934494,22185492.0
NGA,NGA_4299,Kafin Hausa,3.0,2015,2015,44103.0,0.858578,4748981.0
NGA,NGA_4300,Kafin Madaki,2.0,2015,2015,6843.0,0.497141,2900698.0
NGA,NGA_431,Akwete,3.0,2015,2015,16985.0,0.545664,2117717.0
NGA,NGA_438,Alabanisi,2.0,2015,2015,6479.0,0.48886,2332152.0
NGA,NGA_4394,Kafur,2.0,2015,2015,9433.0,0.542372,3369967.0
NGA,NGA_4398,Kagara,3.0,2015,2015,17044.0,0.909671,5887002.0
NGA,NGA_4399,Kagarko,2.0,2015,2015,11563.0,0.503178,2796961.0
NGA,NGA_4401,Kagoe,3.0,2015,2015,9689.0,0.509867,2570158.0
NGA,NGA_4404,Kagoro,11.0,2015,2015,36066.0,1.770578,8228269.0
NGA,NGA_4412,Kaiama 1,8.0,2015,2015,30244.0,1.713269,10288136.0
NGA,NGA_4416,Kaita,2.0,2015,2015,11672.0,0.478423,2661895.0
NGA,NGA_4430,Obudu,29.0,2015,2015,118883.0,4.722976,26208604.0
NGA,NGA_4447,Kalgo,3.0,2015,2015,17395.0,0.682078,4377379.0
NGA,NGA_4451,Kalin,4.0,2015,2015,17097.0,1.010781,5594009.0
NGA,NGA_4463,Kaltungo,12.0,2015,2015,90635.0,3.072114,19048884.0
NGA,NGA_447,Alade,5.0,2015,2015,25412.0,1.067068,7520619.0
NGA,NGA_4473,Kamba,7.0,2015,2015,36874.0,1.910701,11676454.0
NGA,NGA_449,Alagbayun,3.0,2015,2015,13930.0,0.894951,6596824.0
NGA,NGA_45,Abogwa,4.0,2015,2015,19883.0,0.87192,6097720.0
NGA,NGA_4509,Kangiwa,4.0,2015,2015,20468.0,0.798788,4356741.0
NGA,NGA_4515,Kankara,4.0,2015,2015,35634.0,1.226159,8276519.0
NGA,NGA_4516,Kankia,5.0,2015,2015,24556.0,1.295998,7394174.0
NGA,NGA_4519,Kano,310.0,2015,2015,3687242.0,113.771728,865419968.0
NGA,NGA_4567,Karaye,3.0,2015,2015,26620.0,0.879305,4835443.0
NGA,NGA_4568,Kardi,2.0,2015,2015,10599.0,0.526949,3073129.0
NGA,NGA_4570,Karfi Ruga,2.0,2015,2015,19220.0,0.558931,2922540.0
NGA,NGA_4576,Karim Lamido,4.0,2015,2015,9423.0,0.73876,3792579.0
NGA,NGA_4582,Karshi 1,6.0,2015,2015,23886.0,1.090257,6142600.0
NGA,NGA_4604,Kashere,2.0,2015,2015,9896.0,0.572505,3747362.0
NGA,NGA_4623,Kasuwan Magani,3.0,2015,2015,15116.0,0.738379,4157351.0
NGA,NGA_4625,Katabu,5.0,2015,2015,36045.0,1.386936,9275426.0
NGA,NGA_4626,Katagum,2.0,2015,2015,9489.0,0.461649,2558572.0
NGA,NGA_4634,Katari,2.0,2015,2015,11437.0,0.483553,2963697.0
NGA,NGA_4635,Katcha,2.0,2015,2015,12555.0,0.511728,2719170.0
NGA,NGA_4654,Katsalle,1.0,2015,2015,9324.0,0.350496,1683669.0
NGA,NGA_4655,Katsina,72.0,2015,2015,494556.0,22.6816,163450224.0
NGA,NGA_4656,Katsina Ala,15.0,2015,2015,49623.0,3.485941,22985602.0
NGA,NGA_4660,Kaura Namoda,7.0,2015,2015,74033.0,2.464002,16924524.0
NGA,NGA_4666,Kaya,2.0,2015,2015,5880.0,0.433485,2700971.0
NGA,NGA_4677,Kazaure,8.0,2015,2015,108606.0,1.978663,12626266.0
NGA,NGA_4680,Kebbe,1.0,2015,2015,9722.0,0.352842,2224525.0
NGA,NGA_4692,Keffi,25.0,2015,2015,135039.0,7.102698,54188820.0
NGA,NGA_4784,Kibiya,2.0,2015,2015,16051.0,0.53428,2987808.0
NGA,NGA_4879,Kirfi,1.0,2015,2015,7776.0,0.336558,1830400.0
NGA,NGA_4882,Kiru,2.0,2015,2015,24585.0,0.608753,3365161.0
NGA,NGA_4898,Kishi,20.0,2015,2015,67300.0,3.964453,24199284.0
NGA,NGA_4922,Pulka,3.0,2015,2015,23439.0,0.809548,5027364.0
NGA,NGA_4927,Kiyawa ,3.0,2015,2015,19835.0,0.8231,4991425.0
NGA,NGA_4945,Koinya,3.0,2015,2015,8009.0,0.625955,3404573.0
NGA,NGA_4946,Koko 1,6.0,2015,2015,57505.0,2.163511,14361665.0
NGA,NGA_4947,Koko 2,5.0,2015,2015,16885.0,0.831705,5528814.0
NGA,NGA_4951,Kokori,5.0,2015,2015,25810.0,1.124101,6496127.0
NGA,NGA_496,Ogbese,3.0,2015,2015,15107.0,0.608869,3158642.0
NGA,NGA_4977,Konduga,3.0,2015,2015,20426.0,0.668385,3404838.0
NGA,NGA_4989,Kontagora,20.0,2015,2015,105873.0,6.104848,44396816.0
NGA,NGA_4990,Kopbepang,2.0,2015,2015,4548.0,0.46546,2048848.0
NGA,NGA_5008,Koton Karifi,2.0,2015,2015,14055.0,0.480049,2826504.0
NGA,NGA_5009,Kotorkoshi,1.0,2015,2015,12818.0,0.487888,3694308.0
NGA,NGA_5068,Kuchi,1.0,2015,2015,5399.0,0.376777,2274612.0
NGA,NGA_5075,Kujama,3.0,2015,2015,15447.0,0.726808,3798182.0
NGA,NGA_5076,Kuje,13.0,2015,2015,86301.0,3.934896,29469182.0
NGA,NGA_5077,Kukawa,2.0,2015,2015,11081.0,0.470879,2282380.0
NGA,NGA_5120,Kumo,7.0,2015,2015,37081.0,2.063182,12373958.0
NGA,NGA_5123,Kunjiel,1.0,2015,2015,8030.0,0.410341,2278600.0
NGA,NGA_5124,Kunya Centre,2.0,2015,2015,14046.0,0.582224,3427166.0
NGA,NGA_5127,Sarkin Kura,4.0,2015,2015,52424.0,1.41275,9239371.0
NGA,NGA_5128,Kaura Munjo,4.0,2015,2015,21307.0,0.926392,4698533.0
NGA,NGA_5130,Kurfi,2.0,2015,2015,12844.0,0.630622,3343978.0
NGA,NGA_5131,Kurgwi,3.0,2015,2015,9416.0,0.819841,4717173.0
NGA,NGA_5133,Kuriya,2.0,2015,2015,8031.0,0.462208,3096189.0
NGA,NGA_5137,Kuta,5.0,2015,2015,22688.0,1.267358,7556329.0
NGA,NGA_5138,Kuta ,1.0,2015,2015,6611.0,0.331117,1660548.0
NGA,NGA_5140,Kutigi,3.0,2015,2015,10341.0,0.701144,3826610.0
NGA,NGA_5150,Kwaghbo,2.0,2015,2015,4888.0,0.509697,2518201.0
NGA,NGA_5152,Kwale,14.0,2015,2015,64947.0,3.494784,24195744.0
NGA,NGA_5165,Kwararfa,3.0,2015,2015,4125.0,0.547866,2443751.0
NGA,NGA_5166,Kware 1,2.0,2015,2015,12416.0,0.553184,3038497.0
NGA,NGA_5168,Kwaya,3.0,2015,2015,15293.0,0.771223,4950136.0
NGA,NGA_5173,Kwen,4.0,2015,2015,8946.0,0.581468,2774036.0
NGA,NGA_5175,Kwoi,7.0,2015,2015,22225.0,1.059374,4586165.0
NGA,NGA_5176,Kwolla,2.0,2015,2015,2950.0,0.335767,1368059.0
NGA,NGA_5191,Lade,1.0,2015,2015,4543.0,0.358923,2214075.0
NGA,NGA_5194,Lafia,40.0,2015,2015,189972.0,12.208206,80523960.0
NGA,NGA_5195,Lafia_2,4.0,2015,2015,16751.0,0.662238,2904171.0
NGA,NGA_5196,Lafiagi,8.0,2015,2015,21394.0,1.750151,10697883.0
NGA,NGA_5199,Lagos,1073.0,2015,2015,11416363.0,407.944512,4065975808.0
NGA,NGA_5211,Lamurde,2.0,2015,2015,7234.0,0.369869,1851112.0
NGA,NGA_5215,Langtang,24.0,2015,2015,50183.0,4.053413,22363320.0
NGA,NGA_5216,Lanlate,3.0,2015,2015,11722.0,0.719628,4253673.0
NGA,NGA_5217,Kuri,2.0,2015,2015,5016.0,0.545726,2787909.0
NGA,NGA_5218,Lapai,6.0,2015,2015,26097.0,1.585191,10569400.0
NGA,NGA_5231,Lassa,3.0,2015,2015,5238.0,0.556183,2318675.0
NGA,NGA_5233,Lau,2.0,2015,2015,5036.0,0.362044,1465145.0
NGA,NGA_5260,Leru,1.0,2015,2015,6669.0,0.354706,2430542.0
NGA,NGA_5263,Lessel,7.0,2015,2015,14107.0,1.229134,6136392.0
NGA,NGA_5276,Liman Katagum,1.0,2015,2015,3798.0,0.417729,2128845.0
NGA,NGA_5290,Lissam,9.0,2015,2015,16724.0,1.59328,7525501.0
NGA,NGA_5299,Loburo,107.0,2015,2015,313729.0,25.83206,237299536.0
NGA,NGA_5307,Loko,2.0,2015,2015,6854.0,0.481036,2325736.0
NGA,NGA_5309,Lokoja,52.0,2015,2015,447398.0,14.473787,120372696.0
NGA,NGA_5314,Lollo,2.0,2015,2015,8017.0,0.500227,2400169.0
NGA,NGA_5363,Lugge,2.0,2015,2015,3473.0,0.328031,1545093.0
NGA,NGA_537,Albasu,1.0,2015,2015,8409.0,0.349139,1914553.0
NGA,NGA_54,Abonnema,5.0,2015,2015,35924.0,1.113496,6799559.0
NGA,NGA_5424,Mabudi,5.0,2015,2015,29826.0,0.917267,4418764.0
NGA,NGA_5433,Machina,2.0,2015,2015,5617.0,0.401549,2248176.0
NGA,NGA_5436,Mada,2.0,2015,2015,13453.0,0.576211,4426104.0
NGA,NGA_5438,Madagali,5.0,2015,2015,30058.0,1.064985,6175063.0
NGA,NGA_5458,Madobi,1.0,2015,2015,13110.0,0.362956,1921815.0
NGA,NGA_5461,Mafa,1.0,2015,2015,7525.0,0.24895,1307454.0
NGA,NGA_5472,Magami,2.0,2015,2015,14410.0,0.662005,4309234.0
NGA,NGA_5475,Magare,2.0,2015,2015,10279.0,0.580241,3944879.0
NGA,NGA_5496,Magumeri,1.0,2015,2015,7642.0,0.294496,1530558.0
NGA,NGA_5535,Mahuta 1,3.0,2015,2015,11060.0,0.626331,3279198.0
NGA,NGA_5537,Maiadua,3.0,2015,2015,39785.0,0.788522,4374874.0
NGA,NGA_5538,Maiduguri,147.0,2015,2015,1993426.0,47.243156,395768640.0
NGA,NGA_5540,Mayo Nguli,3.0,2015,2015,11757.0,0.671575,3671506.0
NGA,NGA_5541,Maikunkele,3.0,2015,2015,13569.0,0.820196,4952665.0
NGA,NGA_5544,Maiyama,2.0,2015,2015,10694.0,0.470714,2713856.0
NGA,NGA_5547,Maji,3.0,2015,2015,18781.0,0.85151,6353485.0
NGA,NGA_5562,Makarfi,3.0,2015,2015,19027.0,1.017671,6075695.0
NGA,NGA_5585,Makurdi,104.0,2015,2015,464074.0,29.567516,242692816.0
NGA,NGA_5595,Malam Maduri,4.0,2015,2015,57765.0,1.038523,5684647.0
NGA,NGA_5606,Malete,3.0,2015,2015,5874.0,0.454095,2324195.0
NGA,NGA_5613,Mallam Daya,4.0,2015,2015,7023.0,0.600629,2347973.0
NGA,NGA_5621,Malumfashi,9.0,2015,2015,46765.0,3.121986,21523304.0
NGA,NGA_5622,Malumfatori,3.0,2015,2015,15341.0,0.71104,3870709.0
NGA,NGA_5639,Manchok,2.0,2015,2015,7802.0,0.407833,1730666.0
NGA,NGA_5648,Manfu,3.0,2015,2015,5136.0,0.603293,3090151.0
NGA,NGA_5656,Mangu,13.0,2015,2015,48460.0,3.590822,22137330.0
NGA,NGA_5658,Monguno,6.0,2015,2015,55899.0,1.83058,12490385.0
NGA,NGA_5660,Mani,3.0,2015,2015,17282.0,1.002023,5659531.0
NGA,NGA_5675,Manor,5.0,2015,2015,7292.0,0.58842,2487852.0
NGA,NGA_5709,Maradun Relocation,3.0,2015,2015,26873.0,0.94167,5239880.0
NGA,NGA_5715,Mararaba,3.0,2015,2015,14243.0,0.818473,4802282.0
NGA,NGA_5726,Mariga ,2.0,2015,2015,10675.0,0.872034,5721275.0
NGA,NGA_5728,Marmara,2.0,2015,2015,11698.0,0.524152,2883704.0
NGA,NGA_5737,Marraraba,3.0,2015,2015,4938.0,0.515014,2117982.0
NGA,NGA_5743,Maru,3.0,2015,2015,16761.0,0.76733,4950058.0
NGA,NGA_5758,Mashi,3.0,2015,2015,24902.0,0.906336,5784351.0
NGA,NGA_5769,Maska,1.0,2015,2015,9099.0,0.511199,3332653.0
NGA,NGA_5780,Matagami,5.0,2015,2015,9006.0,0.537872,1568913.0
NGA,NGA_5793,Matazu,2.0,2015,2015,13993.0,0.610796,3489561.0
NGA,NGA_5820,Maya Belwa,8.0,2015,2015,22471.0,2.005112,11175807.0
NGA,NGA_5839,Mbacub,3.0,2015,2015,6330.0,0.522271,2399976.0
NGA,NGA_5843,Mbak,3.0,2015,2015,14041.0,0.417317,1401256.0
NGA,NGA_5866,Mbiama,3.0,2015,2015,16535.0,0.423712,2079548.0
NGA,NGA_5873,Mbogwo,6.0,2015,2015,17964.0,0.911704,3359874.0
NGA,NGA_5984,Miango,3.0,2015,2015,11352.0,0.57402,2593113.0
NGA,NGA_5986,Michaga,6.0,2015,2015,26348.0,1.089202,7184953.0
NGA,NGA_5988,Michika,15.0,2015,2015,41699.0,3.0812,15855725.0
NGA,NGA_5999,Miga 1,2.0,2015,2015,5889.0,0.614873,4150017.0
NGA,NGA_60,Abraka,15.0,2015,2015,95184.0,3.795529,26184864.0
NGA,NGA_6014,Minjibir,3.0,2015,2015,21504.0,0.74171,4195823.0
NGA,NGA_6015,Minna,84.0,2015,2015,436915.0,24.036316,180548144.0
NGA,NGA_6071,Miringa,2.0,2015,2015,11299.0,0.634274,3311831.0
NGA,NGA_6074,Misau,5.0,2015,2015,62843.0,1.813535,11584780.0
NGA,NGA_6151,Mkpani,2.0,2015,2015,10652.0,0.275124,1294435.0
NGA,NGA_6169,Mgboko Umuanunu,8.0,2015,2015,11334.0,0.879525,2566775.0
NGA,NGA_6204,Mokwa,4.0,2015,2015,28924.0,1.555843,11105071.0
NGA,NGA_6211,Molume,6.0,2015,2015,24189.0,1.046973,3984559.0
NGA,NGA_6230,Mopa,8.0,2015,2015,27740.0,1.241322,5138727.0
NGA,NGA_6240,Moriki,2.0,2015,2015,10917.0,0.657702,3942093.0
NGA,NGA_6325,Mubi,30.0,2015,2015,104950.0,8.817865,60239580.0
NGA,NGA_6409,Murya,2.0,2015,2015,5628.0,0.478347,2305926.0
NGA,NGA_6412,Musawa,3.0,2015,2015,21259.0,0.712115,4312055.0
NGA,NGA_6433,Mutum Biyu,8.0,2015,2015,21109.0,2.10249,13858593.0
NGA,NGA_6476,Makera,2.0,2015,2015,8373.0,0.651241,4222497.0
NGA,NGA_6495,Nafada,2.0,2015,2015,11937.0,0.545848,2932708.0
NGA,NGA_6497,Nafuchi,2.0,2015,2015,17275.0,0.575482,3321633.0
NGA,NGA_6512,Naka,10.0,2015,2015,26072.0,1.935448,11061874.0
NGA,NGA_6530,Bassam Jiwa ,3.0,2015,2015,15776.0,0.732841,4187886.0
NGA,NGA_6537,Namu,4.0,2015,2015,8032.0,0.983414,6536534.0
NGA,NGA_6558,Nasarawa 1,12.0,2015,2015,60524.0,3.124339,20640700.0
NGA,NGA_6559,Nasarawa 2,2.0,2015,2015,3977.0,0.392372,1766586.0
NGA,NGA_6560,Nasarawa 3,1.0,2015,2015,7683.0,0.456479,2418177.0
NGA,NGA_6615,Ndeaboh,3.0,2015,2015,6799.0,0.261267,653221.0
NGA,NGA_6619,Ndelle,3.0,2015,2015,15289.0,0.490602,2310484.0
NGA,NGA_6621,Akpugo,56.0,2015,2015,90666.0,5.938618,23944750.0
NGA,NGA_6631,Ndon Ebom,3.0,2015,2015,9626.0,0.397436,1577296.0
NGA,NGA_6653,Okpogho,8.0,2015,2015,28824.0,1.588345,6861563.0
NGA,NGA_6660,Nembe,3.0,2015,2015,31780.0,0.706395,4195025.0
NGA,NGA_6663,Nenwe,8.0,2015,2015,29099.0,1.495611,6832743.0
NGA,NGA_6670,New Bussa,13.0,2015,2015,52494.0,2.96764,17013964.0
NGA,NGA_6673,New Marte,2.0,2015,2015,7024.0,0.247216,803622.0
NGA,NGA_6676,New Wara,3.0,2015,2015,15977.0,0.751928,3748814.0
NGA,NGA_6684,Ngala,2.0,2015,2015,12750.0,0.428807,2017232.0
NGA,NGA_6685,Ngalda,2.0,2015,2015,10424.0,0.534286,2954940.0
NGA,NGA_6687,Ngambu,2.0,2015,2015,8299.0,0.467542,2421009.0
NGA,NGA_6696,Ngbalang,3.0,2015,2015,13897.0,0.526654,2450267.0
NGA,NGA_6699,Ngelzarma,2.0,2015,2015,10490.0,0.539255,2891197.0
NGA,NGA_6704,Ngo,3.0,2015,2015,7718.0,0.471016,1855240.0
NGA,NGA_6706,Ngodo,9.0,2015,2015,38340.0,1.638185,12182434.0
NGA,NGA_6725,Ngurore,4.0,2015,2015,24361.0,1.261996,7358988.0
NGA,NGA_6726,Nguru,13.0,2015,2015,93780.0,4.104844,29515010.0
NGA,NGA_6763,Ningi,5.0,2015,2015,34296.0,1.605868,10267968.0
NGA,NGA_6777,Damare,13.0,2015,2015,55989.0,2.95106,18030804.0
NGA,NGA_6795,Nko,2.0,2015,2015,10743.0,0.351638,1926377.0
NGA,NGA_6807,Ekparakwa,4.0,2015,2015,8967.0,0.254707,636863.0
NGA,NGA_6817,Nkwoida,4.0,2015,2015,11158.0,0.81392,4451994.0
NGA,NGA_6818,Nkwo-Nando,8.0,2015,2015,17929.0,0.965701,3253556.0
NGA,NGA_6819,Nmiata,2.0,2015,2015,5714.0,0.33545,1524586.0
NGA,NGA_6841,Sabon Rijiya,3.0,2015,2015,6847.0,0.78961,4482480.0
NGA,NGA_6842,Ashaka/Jalingo,3.0,2015,2015,41305.0,1.016377,6966051.0
NGA,NGA_6843,Mmahu/Egbema,4.0,2015,2015,11571.0,0.642877,2622864.0
NGA,NGA_6869,Nsukka,636.0,2015,2015,1220309.0,59.76992,281794208.0
NGA,NGA_6872,Ntamante,2.0,2015,2015,5760.0,0.25429,827869.0
NGA,NGA_6876,Nto Edino,29.0,2015,2015,55626.0,2.108889,5285959.0
NGA,NGA_6889,Numan,15.0,2015,2015,72712.0,3.626868,22399112.0
NGA,NGA_6931,Oba-Ile,2.0,2015,2015,7421.0,0.449527,2252378.0
NGA,NGA_6933,Obagaji,3.0,2015,2015,5080.0,0.564561,2908077.0
NGA,NGA_6935,Obarike Ito,4.0,2015,2015,10259.0,0.779052,3625660.0
NGA,NGA_6937,Obe,3.0,2015,2015,23596.0,0.704399,4308766.0
NGA,NGA_6938,Ipu/Ozaa/Asa,12.0,2015,2015,27943.0,1.351979,5005522.0
NGA,NGA_6940,Obi,2.0,2015,2015,6566.0,0.512825,2821005.0
NGA,NGA_6941,Obiaruku,16.0,2015,2015,72733.0,3.703022,26061564.0
NGA,NGA_6943,Obigwo,5.0,2015,2015,12222.0,0.82696,3398257.0
NGA,NGA_6944,Obilokwu Mbieri,5.0,2015,2015,10664.0,0.711976,2727056.0
NGA,NGA_6953,Obubra,4.0,2015,2015,17677.0,0.660645,2808757.0
NGA,NGA_6954,Obudi,8.0,2015,2015,23905.0,1.510783,7862246.0
NGA,NGA_6959,Ode Aye ,4.0,2015,2015,20673.0,0.935353,5873615.0
NGA,NGA_6961,Ode Omu,7.0,2015,2015,35994.0,1.563226,9600267.0
NGA,NGA_6962,Oderiga,2.0,2015,2015,7060.0,0.316622,1539558.0
NGA,NGA_6964,Odige,4.0,2015,2015,17533.0,0.648862,2792615.0
NGA,NGA_6965,Odo Ere & Igbaruku,5.0,2015,2015,39662.0,0.8231,3873914.0
NGA,NGA_6967,Odogbolu,6.0,2015,2015,19197.0,0.799377,4433319.0
NGA,NGA_6969,Oduaha,2.0,2015,2015,14892.0,0.430448,1852088.0
NGA,NGA_6974,Offa,43.0,2015,2015,149319.0,11.295049,81267408.0
NGA,NGA_6977,Ofugu Inye,8.0,2015,2015,24208.0,1.130966,6079385.0
NGA,NGA_6979,Ogbaniko,7.0,2015,2015,35033.0,1.356107,7889357.0
NGA,NGA_6980,Ogbeofu,7.0,2015,2015,20907.0,0.816306,3105235.0
NGA,NGA_6981,Ogbia,2.0,2015,2015,13724.0,0.39447,1758566.0
NGA,NGA_6982,Ogbogbo,2.0,2015,2015,8372.0,0.434926,2429460.0
NGA,NGA_6983,Ogboja,6.0,2015,2015,28976.0,1.126964,5678081.0
NGA,NGA_6984,Ogboloko,5.0,2015,2015,17084.0,1.385879,9769702.0
NGA,NGA_6985,Ogbomosho,59.0,2015,2015,358613.0,19.70742,156701920.0
NGA,NGA_6986,Ogbona,7.0,2015,2015,20230.0,0.900628,4292195.0
NGA,NGA_6988,Ogboro,3.0,2015,2015,8897.0,0.506243,2696503.0
NGA,NGA_6989,Awgbu,6.0,2015,2015,22781.0,1.341513,8255083.0
NGA,NGA_6992,Ogoja,6.0,2015,2015,53310.0,1.685684,11109037.0
NGA,NGA_6994,Ogori 1,3.0,2015,2015,9378.0,0.481192,2176031.0
NGA,NGA_6995,Ogori 2,3.0,2015,2015,11436.0,0.665446,3740460.0
NGA,NGA_6999,Oguma 1,8.0,2015,2015,27038.0,1.452864,7338474.0
NGA,NGA_7000,Oguma 2,7.0,2015,2015,19578.0,0.872934,3729155.0
NGA,NGA_7001,Ogume,4.0,2015,2015,16323.0,1.032315,6034173.0
NGA,NGA_7002,Ogunmakin,1.0,2015,2015,4924.0,0.240266,1011222.0
NGA,NGA_7005,Ogwashi Uku,16.0,2015,2015,51414.0,3.965042,26090506.0
NGA,NGA_7006,Ogwuosie,6.0,2015,2015,12445.0,0.923136,4374169.0
NGA,NGA_7007,Ohafia,10.0,2015,2015,69752.0,2.141544,14499889.0
NGA,NGA_7008,Ohoba,3.0,2015,2015,6202.0,0.444092,1982054.0
NGA,NGA_7010,Oja,3.0,2015,2015,9508.0,0.556325,2829063.0
NGA,NGA_7011,Oja Odan,8.0,2015,2015,20313.0,2.32127,17268758.0
NGA,NGA_7012,Ogharefe,19.0,2015,2015,115403.0,4.456429,34499592.0
NGA,NGA_7013,Oju,13.0,2015,2015,33732.0,2.521199,13237961.0
NGA,NGA_7014,Sekona,2.0,2015,2015,8302.0,0.376553,1840856.0
NGA,NGA_7016,Oka Akoko,7.0,2015,2015,33062.0,1.943049,15829834.0
NGA,NGA_7017,Okada,5.0,2015,2015,5675.0,0.681525,3508281.0
NGA,NGA_7019,Okaka,2.0,2015,2015,8121.0,0.340201,1779228.0
NGA,NGA_7021,Oke Amu,2.0,2015,2015,9480.0,0.46578,2001038.0
NGA,NGA_7022,Oke Igbira,3.0,2015,2015,23277.0,0.729121,3816498.0
NGA,NGA_7023,Okeigbo,4.0,2015,2015,17108.0,0.789292,4847123.0
NGA,NGA_7024,Oke Ila,2.0,2015,2015,12427.0,0.283804,1448833.0
NGA,NGA_7025,Oke Mesi,4.0,2015,2015,16909.0,0.754009,4540555.0
NGA,NGA_7026,Oke Odan,4.0,2015,2015,20327.0,0.79027,5078348.0
NGA,NGA_7027,Oke-Ode,2.0,2015,2015,3484.0,0.317229,1558670.0
NGA,NGA_7028,Oke Oji,3.0,2015,2015,8067.0,0.542366,3202160.0
NGA,NGA_7030,Okeagbe,3.0,2015,2015,11843.0,0.551023,2652495.0
NGA,NGA_7031,Okeiho,12.0,2015,2015,55125.0,2.743597,17869720.0
NGA,NGA_7032,Okenne,66.0,2015,2015,541855.0,16.348703,125968960.0
NGA,NGA_7034,Okigwi,11.0,2015,2015,37592.0,2.301221,17298136.0
NGA,NGA_7035,Okitipupa,16.0,2015,2015,99641.0,4.501475,32284372.0
NGA,NGA_7036,Oko,3.0,2015,2015,13786.0,0.711269,4164661.0
NGA,NGA_7037,Oko Ita,7.0,2015,2015,21636.0,0.682342,2613830.0
NGA,NGA_7038,Okobo,2.0,2015,2015,6074.0,0.434463,1778242.0
NGA,NGA_7039,Okokpon,2.0,2015,2015,25506.0,0.558127,3959036.0
NGA,NGA_7041,Okopedi,6.0,2015,2015,19855.0,0.883211,3209668.0
NGA,NGA_7042,Okpakeke,12.0,2015,2015,27780.0,1.642128,6210218.0
NGA,NGA_7044,Okpara,5.0,2015,2015,23245.0,0.980985,6067543.0
NGA,NGA_7046,Okpella,11.0,2015,2015,61083.0,2.319794,15539180.0
NGA,NGA_7047,Okpo,10.0,2015,2015,16274.0,1.526726,7024921.0
NGA,NGA_7048,Okpoga,7.0,2015,2015,13028.0,1.14518,5385937.0
NGA,NGA_7049,Okpoma,7.0,2015,2015,26618.0,1.007956,4118907.0
NGA,NGA_7052,Okposi,6.0,2015,2015,17947.0,1.090513,5539207.0
NGA,NGA_7058,Okundi,1.0,2015,2015,7028.0,0.267053,1169305.0
NGA,NGA_7059,Okuku,8.0,2015,2015,28582.0,1.334876,7430471.0
NGA,NGA_7061,Okuta,5.0,2015,2015,8110.0,0.996425,5664532.0
NGA,NGA_7062,Okwale,3.0,2015,2015,8142.0,0.362301,1142981.0
NGA,NGA_7063,Okwuzi,9.0,2015,2015,62619.0,2.156501,12581340.0
NGA,NGA_7067,Oleh,9.0,2015,2015,63570.0,2.455175,16595738.0
NGA,NGA_7073,Olokata,2.0,2015,2015,6447.0,0.30879,1229232.0
NGA,NGA_7074,Oloko 1,5.0,2015,2015,13654.0,0.653801,2405175.0
NGA,NGA_7075,Olomoro/Oruabe,3.0,2015,2015,12161.0,0.593737,2781789.0
NGA,NGA_7082,Omifon,2.0,2015,2015,9265.0,0.655006,4419088.0
NGA,NGA_7083,Omoku,15.0,2015,2015,171234.0,4.427618,29008420.0
NGA,NGA_7085,Omor,8.0,2015,2015,20769.0,1.164534,5243694.0
NGA,NGA_7086,Omu,4.0,2015,2015,11486.0,0.639288,3299681.0
NGA,NGA_7087,Omu Aran,12.0,2015,2015,54227.0,2.984521,20928712.0
NGA,NGA_7088,Omuo Ekiti,13.0,2015,2015,91998.0,3.03343,18248976.0
NGA,NGA_7093,Ondo,58.0,2015,2015,431777.0,14.966187,120308168.0
NGA,NGA_7097,Onicha Ugbo,3.0,2015,2015,15411.0,0.84885,4733253.0
NGA,NGA_7098,Onitsha,2482.0,2015,2015,8428038.0,449.876832,2938384384.0
NGA,NGA_7106,Ikpa Ibekwe,9.0,2015,2015,38004.0,1.842597,11499575.0
NGA,NGA_7108,Osan,2.0,2015,2015,10767.0,0.3829,2167905.0
NGA,NGA_7109,Ora Ojora,3.0,2015,2015,13620.0,0.637137,3372619.0
NGA,NGA_7113,Ore,27.0,2015,2015,143005.0,7.12844,54843532.0
NGA,NGA_7114,Orerokpe,8.0,2015,2015,47981.0,2.300862,15445667.0
NGA,NGA_7118,Oro Esie Iludin,12.0,2015,2015,38109.0,2.332152,13987398.0
NGA,NGA_7119,Oroa Emede,4.0,2015,2015,17697.0,0.834757,4801224.0
NGA,NGA_7121,Orogun,4.0,2015,2015,14837.0,0.984875,5901293.0
NGA,NGA_7122,Oron,18.0,2015,2015,137499.0,5.02079,33575644.0
NGA,NGA_7124,Ago Iwoye & Oru,17.0,2015,2015,82509.0,3.569958,23898162.0
NGA,NGA_7129,Osi,6.0,2015,2015,17296.0,0.996902,5539069.0
NGA,NGA_7132,Osogbo,170.0,2015,2015,1092530.0,45.402136,354440640.0
NGA,NGA_7133,Osok,3.0,2015,2015,9530.0,0.276069,950529.0
NGA,NGA_7135,Ososo-Oke,4.0,2015,2015,11408.0,0.617052,3624685.0
NGA,NGA_7136,Osu,3.0,2015,2015,10509.0,0.550408,2997892.0
NGA,NGA_7138,Otan Ayegbaju,3.0,2015,2015,10329.0,0.579562,3258157.0
NGA,NGA_7144,Opete/Otokutu,7.0,2015,2015,43453.0,1.325085,8676139.0
NGA,NGA_7147,Otu,3.0,2015,2015,12318.0,0.65437,3443020.0
NGA,NGA_7148,Otujeremi/Otokutu,6.0,2015,2015,25199.0,0.891497,4322768.0
NGA,NGA_7149,Otukpa,32.0,2015,2015,38856.0,3.435278,14665149.0
NGA,NGA_7150,Otukwang,4.0,2015,2015,14653.0,0.51758,2009309.0
NGA,NGA_7151,Otun Ekiti,6.0,2015,2015,60529.0,1.523031,11011944.0
NGA,NGA_7152,Otuocha,11.0,2015,2015,44201.0,2.157377,13925642.0
NGA,NGA_7153,Oturkpo,32.0,2015,2015,126258.0,8.252466,60952860.0
NGA,NGA_717,Aliade,11.0,2015,2015,28675.0,1.790082,10508269.0
NGA,NGA_7234,Owa Alidinma,3.0,2015,2015,6205.0,0.506599,2217665.0
NGA,NGA_7240,Owo,36.0,2015,2015,197735.0,9.198084,68029824.0
NGA,NGA_7241,Owode,5.0,2015,2015,10546.0,0.981357,7055250.0
NGA,NGA_7244,Oyan,5.0,2015,2015,14726.0,0.707632,3571936.0
NGA,NGA_7245,Oye Ekiti,12.0,2015,2015,80910.0,2.235926,14779384.0
NGA,NGA_7247,Oyo,90.0,2015,2015,495094.0,23.714428,180822528.0
NGA,NGA_725,Aliero,5.0,2015,2015,40062.0,1.353375,8810531.0
NGA,NGA_7250,Ozoro,14.0,2015,2015,76064.0,2.969771,21181146.0
NGA,NGA_7251,Ozu,5.0,2015,2015,4134.0,0.516283,1483317.0
NGA,NGA_7262,Paiko,5.0,2015,2015,20878.0,1.259444,7870389.0
NGA,NGA_7274,Pambeguwa,4.0,2015,2015,23834.0,1.248539,8644468.0
NGA,NGA_7275,Pambu,2.0,2015,2015,2589.0,0.387599,1435947.0
NGA,NGA_7279,Pandogari,2.0,2015,2015,14705.0,0.837741,5046858.0
NGA,NGA_7281,Pankshin,10.0,2015,2015,42275.0,2.410525,15120845.0
NGA,NGA_7283,Panyam,2.0,2015,2015,4980.0,0.339883,1525019.0
NGA,NGA_7292,Patani,2.0,2015,2015,25509.0,0.519546,2643090.0
NGA,NGA_7293,Pategi,4.0,2015,2015,14848.0,1.219254,8519411.0
NGA,NGA_7300,Pella,2.0,2015,2015,3026.0,0.378299,1771160.0
NGA,NGA_7339,Lagun,2.0,2015,2015,4411.0,0.510626,2446474.0
NGA,NGA_7357,Port Harcourt,365.0,2015,2015,4152126.0,110.550264,857619904.0
NGA,NGA_737,Alizaga,7.0,2015,2015,30920.0,1.805606,11075756.0
NGA,NGA_7371,Potiskum,36.0,2015,2015,290796.0,10.881017,75302160.0
NGA,NGA_7459,Rafin Pa,2.0,2015,2015,12782.0,0.572692,3840131.0
NGA,NGA_7461,Rahama,11.0,2015,2015,64579.0,3.061133,17349736.0
NGA,NGA_7469,Rano,4.0,2015,2015,47679.0,1.097929,7264951.0
NGA,NGA_748,Alkaleri,4.0,2015,2015,57639.0,1.113036,7117031.0
NGA,NGA_7505,Ribah,4.0,2015,2015,21087.0,0.972285,5517972.0
NGA,NGA_7514,Rijau,5.0,2015,2015,16827.0,1.217674,7010343.0
NGA,NGA_7515,nga Magajiya,2.0,2015,2015,6752.0,0.57009,3038562.0
NGA,NGA_7517,Rimi 1,2.0,2015,2015,20020.0,0.748083,4394403.0
NGA,NGA_7519,Ringim,4.0,2015,2015,29591.0,1.224351,8053221.0
NGA,NGA_7520,Rinjim Gaini,3.0,2015,2015,15675.0,0.857258,4907056.0
NGA,NGA_7524,Riyom,3.0,2015,2015,15069.0,0.383277,1203160.0
NGA,NGA_7535,Rogo,3.0,2015,2015,18758.0,0.861639,5112618.0
NGA,NGA_754,Alkamu,2.0,2015,2015,9725.0,0.51278,2954872.0
NGA,NGA_7540,Roni,2.0,2015,2015,23958.0,0.495866,3009896.0
NGA,NGA_7578,Rumiji,3.0,2015,2015,19517.0,0.601932,3498344.0
NGA,NGA_7579,Rumirigo,2.0,2015,2015,3063.0,0.430514,1934651.0
NGA,NGA_7610,Sabon Birni 1,4.0,2015,2015,25836.0,1.068321,7544549.0
NGA,NGA_7611,Sabon Birni 2,1.0,2015,2015,9759.0,0.440617,2883567.0
NGA,NGA_7612,Sabon Birnin Yero,2.0,2015,2015,7353.0,0.388617,1613916.0
NGA,NGA_7613,Sabon Gari 2,2.0,2015,2015,6010.0,0.642386,4261271.0
NGA,NGA_7615,Sabon Gari 1,3.0,2015,2015,8321.0,0.457701,1850640.0
NGA,NGA_7616,Sabon Wuse,7.0,2015,2015,48016.0,1.999679,12613105.0
NGA,NGA_7617,Sabongida Ora,6.0,2015,2015,29361.0,1.093034,6387220.0
NGA,NGA_7622,Sabuwa,2.0,2015,2015,37134.0,0.656317,4237776.0
NGA,NGA_7627,Sade,1.0,2015,2015,8808.0,0.360431,1872500.0
NGA,NGA_7631,Safana,2.0,2015,2015,12000.0,0.451624,2429945.0
NGA,NGA_7636,Saho Rami,2.0,2015,2015,5187.0,0.627151,3683898.0
NGA,NGA_7683,Saki,41.0,2015,2015,169130.0,10.790038,79260832.0
NGA,NGA_7684,Sakpenwa,4.0,2015,2015,17757.0,0.649392,2339069.0
NGA,NGA_7686,Sakwaya,2.0,2015,2015,7953.0,0.409481,2225008.0
NGA,NGA_7702,Salka,4.0,2015,2015,20648.0,1.300429,7828109.0
NGA,NGA_7709,Samamiya,3.0,2015,2015,12243.0,0.889325,5252857.0
NGA,NGA_7711,Samaru/Moroa,4.0,2015,2015,8776.0,0.571925,1536853.0
NGA,NGA_7739,Sandamu,2.0,2015,2015,15062.0,0.339647,1638679.0
NGA,NGA_7753,Sango,2.0,2015,2015,5204.0,0.37709,1881681.0
NGA,NGA_7766,Sankwala,4.0,2015,2015,13645.0,0.49163,1764634.0
NGA,NGA_7782,Sapele,34.0,2015,2015,253762.0,10.048256,81279056.0
NGA,NGA_7795,Sarki Power,3.0,2015,2015,10551.0,0.611709,2828094.0
NGA,NGA_7878,Serti,5.0,2015,2015,22989.0,1.354325,8419287.0
NGA,NGA_7886,Baga ,5.0,2015,2015,35030.0,1.228734,6232554.0
NGA,NGA_7901,Shagamu,56.0,2015,2015,205879.0,13.365192,106395720.0
NGA,NGA_7926,Shani,4.0,2015,2015,15121.0,0.699506,3662974.0
NGA,NGA_7927,Shanono,2.0,2015,2015,7519.0,0.522848,2828456.0
NGA,NGA_7932,Shao,3.0,2015,2015,10498.0,0.54886,3393007.0
NGA,NGA_7936,Share,5.0,2015,2015,14491.0,1.087608,6172060.0
NGA,NGA_7962,Shelleng,3.0,2015,2015,59177.0,0.677714,3314845.0
NGA,NGA_7964,Shemankar,2.0,2015,2015,3772.0,0.407495,1783732.0
NGA,NGA_7965,Shendam,8.0,2015,2015,19903.0,1.965993,10933681.0
NGA,NGA_7976,Shika,2.0,2015,2015,9924.0,0.413232,2257738.0
NGA,NGA_7978,Shima,2.0,2015,2015,2770.0,0.218269,658542.0
NGA,NGA_7982,Shinkafi,6.0,2015,2015,39294.0,1.777486,11721583.0
NGA,NGA_7990,Shiwa,2.0,2015,2015,4710.0,0.41311,1677038.0
NGA,NGA_7991,Shiwari,2.0,2015,2015,9043.0,0.428197,2204980.0
NGA,NGA_7994,Shonga,1.0,2015,2015,3142.0,0.346779,1989140.0
NGA,NGA_8141,Soba,3.0,2015,2015,19381.0,0.886218,5222685.0
NGA,NGA_8142,Sobe,5.0,2015,2015,15972.0,0.774623,3799246.0
NGA,NGA_8156,Sokoto,93.0,2015,2015,986732.0,26.878684,201883872.0
NGA,NGA_8165,Song,6.0,2015,2015,33855.0,1.47526,8638657.0
NGA,NGA_8221,Sukuku,5.0,2015,2015,24462.0,1.30008,8159641.0
NGA,NGA_8228,Sumaila,3.0,2015,2015,18385.0,0.857087,5773170.0
NGA,NGA_8236,Sunkani,3.0,2015,2015,5928.0,0.549146,2794550.0
NGA,NGA_8246,Shiya,2.0,2015,2015,3733.0,0.463326,2561640.0
NGA,NGA_8254,Tabira,2.0,2015,2015,3167.0,0.402956,2105598.0
NGA,NGA_8268,Tafawa Balewa,5.0,2015,2015,21630.0,1.312526,7804213.0
NGA,NGA_8297,Takai,3.0,2015,2015,19317.0,0.90155,5312694.0
NGA,NGA_8303,Takum,11.0,2015,2015,42969.0,2.421391,16415610.0
NGA,NGA_8314,Talata Mafara,7.0,2015,2015,80261.0,2.304692,15185501.0
NGA,NGA_8317,Tallase,3.0,2015,2015,15315.0,0.752875,3686949.0
NGA,NGA_8333,Tambawal,5.0,2015,2015,25992.0,1.337293,9182064.0
NGA,NGA_8361,Tanglang,6.0,2015,2015,45262.0,1.275123,5454440.0
NGA,NGA_8384,Tarau,3.0,2015,2015,29644.0,1.050577,6499302.0
NGA,NGA_8399,Taura,2.0,2015,2015,20664.0,0.519113,3040884.0
NGA,NGA_8429,Tede,5.0,2015,2015,12155.0,0.865145,4284136.0
NGA,NGA_8430,Tegina,2.0,2015,2015,10408.0,0.609575,3605166.0
NGA,NGA_8461,Tewure,2.0,2015,2015,8747.0,0.505149,3090076.0
NGA,NGA_8503,Tignon,2.0,2015,2015,7229.0,0.463167,2130589.0
NGA,NGA_8547,Tofa,2.0,2015,2015,10839.0,0.50369,2820959.0
NGA,NGA_8568,Tongo,1.0,2015,2015,13995.0,0.433661,2451984.0
NGA,NGA_8572,Tor Donga,5.0,2015,2015,7380.0,0.78721,4097822.0
NGA,NGA_8578,Toro,3.0,2015,2015,12505.0,0.678225,3178765.0
NGA,NGA_8583,Toto,4.0,2015,2015,14607.0,0.790516,4438719.0
NGA,NGA_8584,Toto-Owu,10.0,2015,2015,32788.0,1.464365,7471353.0
NGA,NGA_8614,Tsafe,4.0,2015,2015,35785.0,1.381822,10263361.0
NGA,NGA_8616,Kofar Arewa,2.0,2015,2015,21203.0,0.651855,4266726.0
NGA,NGA_8618,Tsanyawa,2.0,2015,2015,16352.0,0.420013,2125864.0
NGA,NGA_8620,Tse Agberagba,7.0,2015,2015,12502.0,1.044636,4817334.0
NGA,NGA_8657,Tudun Wada,4.0,2015,2015,26470.0,1.149342,6833576.0
NGA,NGA_8679,Tungan Gimba,2.0,2015,2015,4829.0,0.366726,1586121.0
NGA,NGA_8681,Tungo,4.0,2015,2015,12995.0,0.827809,4374028.0
NGA,NGA_8684,Tunkus,3.0,2015,2015,5714.0,0.403074,1473630.0
NGA,NGA_8693,Mayo Bani/Uba,10.0,2015,2015,21870.0,2.549116,14619489.0
NGA,NGA_8695,Ubiaja,10.0,2015,2015,43840.0,1.64599,9545442.0
NGA,NGA_8697,Ubima,2.0,2015,2015,12060.0,0.416403,1926879.0
NGA,NGA_8699,Ubuluku,7.0,2015,2015,21811.0,1.590923,9731792.0
NGA,NGA_8701,Uburu,6.0,2015,2015,15406.0,0.927546,3823265.0
NGA,NGA_8703,Udi,10.0,2015,2015,15784.0,1.363898,6708937.0
NGA,NGA_8704,Uduma,10.0,2015,2015,41886.0,1.582928,5788250.0
NGA,NGA_8706,Ugba,7.0,2015,2015,21922.0,1.813872,10658169.0
NGA,NGA_8707,Ugbema,5.0,2015,2015,5327.0,0.371691,1399447.0
NGA,NGA_8709,Ugbokpo,4.0,2015,2015,7302.0,0.861372,4215880.0
NGA,NGA_8710,Ugep,9.0,2015,2015,73752.0,2.083532,15763734.0
NGA,NGA_8711,Ughelli,43.0,2015,2015,266582.0,11.137628,92122728.0
NGA,NGA_8714,Ugwalawo,6.0,2015,2015,17917.0,0.987357,5108635.0
NGA,NGA_8718,Ukata,2.0,2015,2015,6436.0,0.529517,3554182.0
NGA,NGA_8719,Uke,4.0,2015,2015,16794.0,0.850627,4913549.0
NGA,NGA_8733,Umaisha,1.0,2015,2015,4872.0,0.268144,1383526.0
NGA,NGA_8759,Umomi,2.0,2015,2015,6304.0,0.34296,1951944.0
NGA,NGA_8763,Umuagu,8.0,2015,2015,19806.0,1.402936,6444756.0
NGA,NGA_8764,Umuahia,95.0,2015,2015,524878.0,18.942654,140238848.0
NGA,NGA_8766,Umuakpu,3.0,2015,2015,8658.0,0.553799,2417461.0
NGA,NGA_8767,Umuawulu,3.0,2015,2015,12473.0,0.658016,3608972.0
NGA,NGA_8769,Umuleri,3.0,2015,2015,7543.0,0.472691,2084353.0
NGA,NGA_8770,Umunede,9.0,2015,2015,51015.0,2.093341,12707899.0
NGA,NGA_8771,Umunelu,3.0,2015,2015,11263.0,0.539747,2705567.0
NGA,NGA_8774,Umuosu,4.0,2015,2015,15373.0,0.746692,3529178.0
NGA,NGA_8779,Ungwan Makera,1.0,2015,2015,6392.0,0.308997,1425548.0
NGA,NGA_8780,Ungwan Shehu,3.0,2015,2015,16836.0,0.846663,5000307.0
NGA,NGA_8786,Uromi,57.0,2015,2015,295186.0,11.074204,66104804.0
NGA,NGA_8793,Usere,3.0,2015,2015,15210.0,0.527203,2581553.0
NGA,NGA_8797,Usonigbe,5.0,2015,2015,15866.0,0.804426,3845878.0
NGA,NGA_8798,Uteh,4.0,2015,2015,13251.0,0.615004,2404504.0
NGA,NGA_8802,Utonkon,3.0,2015,2015,5685.0,0.511684,2689537.0
NGA,NGA_8806,Uyo,720.0,2015,2015,2502869.0,87.66392,492956448.0
NGA,NGA_8808,Uzebba,8.0,2015,2015,33509.0,1.446203,8160081.0
NGA,NGA_8809,Uzuakoli,3.0,2015,2015,18262.0,0.695146,4439169.0
NGA,NGA_8813,Vande Ikya,15.0,2015,2015,27908.0,2.106909,10274733.0
NGA,NGA_8886,Vodni,2.0,2015,2015,12724.0,0.567302,2884083.0
NGA,NGA_8892,Vom Wang,10.0,2015,2015,19783.0,2.024396,8721072.0
NGA,NGA_8937,Wamako,3.0,2015,2015,14496.0,0.450485,2100943.0
NGA,NGA_8939,Wamba,4.0,2015,2015,17261.0,0.914394,5491988.0
NGA,NGA_8941,Wamdewo,2.0,2015,2015,2945.0,0.380753,1597658.0
NGA,NGA_8948,Wannune,7.0,2015,2015,20366.0,1.313499,7046340.0
NGA,NGA_8951,Warawa,2.0,2015,2015,10894.0,0.497763,2954375.0
NGA,NGA_8955,Warji,2.0,2015,2015,17869.0,0.575293,2800647.0
NGA,NGA_8957,Warri,133.0,2015,2015,1052081.0,42.109796,355638880.0
NGA,NGA_8958,Waru,2.0,2015,2015,8850.0,0.319469,2274274.0
NGA,NGA_8960,Wasagu,2.0,2015,2015,10285.0,0.5303,3150982.0
NGA,NGA_8961,Wase,4.0,2015,2015,11279.0,1.043732,6426479.0
NGA,NGA_8969,Wawa,2.0,2015,2015,8378.0,0.522264,2707415.0
NGA,NGA_9,Aba,546.0,2015,2015,1239437.0,74.50888,500037632.0
NGA,NGA_9019,Wudil,8.0,2015,2015,64341.0,2.402002,16323742.0
NGA,NGA_9020,Wukari,18.0,2015,2015,73753.0,4.907176,36213108.0
NGA,NGA_9025,Wurio,4.0,2015,2015,8145.0,1.10964,6401256.0
NGA,NGA_9026,Wurisato,2.0,2015,2015,4261.0,0.368688,1496744.0
NGA,NGA_9027,Wurno,4.0,2015,2015,21746.0,1.19074,8416462.0
NGA,NGA_9028,Wuro Yolde,2.0,2015,2015,4254.0,0.435196,2466116.0
NGA,NGA_9029,Wurogauri,1.0,2015,2015,5672.0,0.328666,1799119.0
NGA,NGA_9030,Wushishi,4.0,2015,2015,11671.0,0.935241,5519313.0
NGA,NGA_9037,Yabo,3.0,2015,2015,19342.0,0.913047,6051440.0
NGA,NGA_9047,Yakum,3.0,2015,2015,17667.0,0.551802,2920923.0
NGA,NGA_9055,Yana,2.0,2015,2015,14697.0,0.499433,2666584.0
NGA,NGA_9058,Yankara,2.0,2015,2015,18194.0,0.593284,3921067.0
NGA,NGA_9065,Yeghe,12.0,2015,2015,69497.0,2.704335,14492469.0
NGA,NGA_9072,Yelwa 1,10.0,2015,2015,52278.0,3.359159,24326684.0
NGA,NGA_9073,Yelwa 2,4.0,2015,2015,11780.0,1.169396,6600383.0
NGA,NGA_9074,Yelwa 3,3.0,2015,2015,7847.0,0.560959,3870312.0
NGA,NGA_9076,Yenagoa,54.0,2015,2015,969084.0,12.936021,93737216.0
NGA,NGA_9080,Yimirshika,4.0,2015,2015,11886.0,0.684997,3212440.0
NGA,NGA_9099,Yusufari,2.0,2015,2015,10577.0,0.582642,3577927.0
NGA,NGA_9103,Zagga,2.0,2015,2015,12397.0,0.462165,2399618.0
NGA,NGA_9114,Zaki Biam,20.0,2015,2015,54182.0,4.864484,29420638.0
NGA,NGA_9115,Zakirai,2.0,2015,2015,13463.0,0.445056,2592008.0
NGA,NGA_9116,Zaku,3.0,2015,2015,5436.0,0.356801,1044440.0
NGA,NGA_9123,Zandan Nagogo,1.0,2015,2015,8602.0,0.416115,2377149.0
NGA,NGA_9124,Zango,4.0,2015,2015,47757.0,0.988609,6263244.0
NGA,NGA_9128,Zaramari,2.0,2015,2015,3417.0,0.063546,158758.0
NGA,NGA_9129,Zaria,88.0,2015,2015,662491.0,25.992316,187804048.0
NGA,NGA_9133,Zauro,2.0,2015,2015,10727.0,0.565438,3742604.0
NGA,NGA_9168,Zing,9.0,2015,2015,51708.0,1.780499,10674253.0
NGA,NGA_9181,Zonkwa,6.0,2015,2015,21968.0,1.298767,7298191.0
NGA,NGA_9192,Zuguma,3.0,2015,2015,9044.0,0.713979,3911678.0
NGA,NGA_9193,Zungeru,2.0,2015,2015,9644.0,0.616119,3851307.0
NGA,NGA_9195,Zurmi,3.0,2015,2015,19744.0,0.776193,5034562.0
NGA,NGA_9197,Zuru,16.0,2015,2015,84910.0,4.116667,28510852.0
RWA,RWA_2184,Bugarama/Kamanyola [RWA],4.0,2015,2015,26729.0,0.986464,5513418.0
RWA,RWA_2260,Busasama,40.0,2015,2015,52848.0,4.198543,20174656.0
RWA,RWA_2271,Busoro,9.0,2015,2015,11367.0,0.667515,2056409.0
RWA,RWA_2278,Butare,70.0,2015,2015,127972.0,8.646714,39726424.0
RWA,RWA_2517,Bukavu/Cyangugu [RWA],62.0,2015,2015,110689.0,5.401126,24769094.0
RWA,RWA_3322,Gahini,30.0,2015,2015,43177.0,2.22037,5828458.0
RWA,RWA_3399,Gasaka,12.0,2015,2015,21621.0,1.25978,7415849.0
RWA,RWA_3404,Gashora,6.0,2015,2015,8761.0,0.458382,1146095.0
RWA,RWA_3525,Gisenyi,364.0,2015,2015,811375.0,40.87104,188083344.0
RWA,RWA_4186,Jarama,10.0,2015,2015,18143.0,0.879365,2245810.0
RWA,RWA_4238,Juru,36.0,2015,2015,37710.0,2.545917,7324573.0
RWA,RWA_4248,Kabarore,83.0,2015,2015,104359.0,4.852209,12857626.0
RWA,RWA_4397,Kagano,12.0,2015,2015,20824.0,0.886494,2971545.0
RWA,RWA_4467,Kamabuye,4.0,2015,2015,5419.0,0.437052,1351348.0
RWA,RWA_4513,Kanjongo,13.0,2015,2015,22761.0,1.207195,5805783.0
RWA,RWA_4624,Katabagemu,42.0,2015,2015,63902.0,2.898325,8405034.0
RWA,RWA_4781,Kibirizi,4.0,2015,2015,5269.0,0.304384,975236.0
RWA,RWA_4802,Kigali,998.0,2015,2015,2016817.0,91.768824,548027648.0
RWA,RWA_4846,Kinazi,39.0,2015,2015,39466.0,2.735713,7361642.0
RWA,RWA_4875,Kiramuruzi,34.0,2015,2015,50403.0,2.84605,7949628.0
RWA,RWA_6332,Muganza,8.0,2015,2015,27112.0,1.17557,5906821.0
RWA,RWA_6335,Mugesera,27.0,2015,2015,31381.0,2.049356,5135389.0
RWA,RWA_6337,Mugombwa,6.0,2015,2015,10579.0,0.396934,1230481.0
RWA,RWA_6339,Mugunga,9.0,2015,2015,10476.0,0.507139,1472975.0
RWA,RWA_6414,Musha,8.0,2015,2015,8319.0,0.510563,1276578.0
RWA,RWA_6633,Ndora,5.0,2015,2015,8542.0,0.467432,1203522.0
RWA,RWA_6700,Ngeruka,50.0,2015,2015,72269.0,4.696921,13281509.0
RWA,RWA_6713,Ngororero,17.0,2015,2015,21010.0,0.993721,3729899.0
RWA,RWA_6742,Niamiyaga,13.0,2015,2015,17934.0,1.254348,4037218.0
RWA,RWA_6896,Nyakabuye,13.0,2015,2015,26728.0,1.129621,3977484.0
RWA,RWA_6905,Nyamata,54.0,2015,2015,96838.0,6.633025,29479892.0
RWA,RWA_6924,Nzahaha,35.0,2015,2015,48273.0,3.042593,8534655.0
RWA,RWA_7559,Rubengera,33.0,2015,2015,48445.0,3.207683,20826640.0
RWA,RWA_7563,Rubona,16.0,2015,2015,15851.0,1.023052,2568896.0
RWA,RWA_7570,Ruhango,276.0,2015,2015,349577.0,24.122378,106526960.0
RWA,RWA_7573,Rukoma,23.0,2015,2015,30311.0,2.164446,6657260.0
RWA,RWA_7574,Rukumberi,8.0,2015,2015,15988.0,1.078166,3103916.0
RWA,RWA_7597,Rweru,8.0,2015,2015,13792.0,0.819042,2754124.0
RWA,RWA_7598,Rwimiyaga,36.0,2015,2015,54129.0,2.667644,8592511.0
RWA,RWA_7600,Rwinkwavu,5.0,2015,2015,9051.0,0.317759,794465.0
RWA,RWA_7681,Sake,13.0,2015,2015,23548.0,1.32709,3608285.0
SDN,SDN_100,Abu Karinka,4.0,2015,2015,7647.0,0.278819,1107522.0
SDN,SDN_1007,al-Sanwa,8.0,2015,2015,16029.0,0.629026,3419349.0
SDN,SDN_101,Abu Karshulh Khawr Al-Taina,3.0,2015,2015,16039.0,0.835228,4627351.0
SDN,SDN_1013,al-Sayal al-Saqir,5.0,2015,2015,11367.0,0.771503,3067826.0
SDN,SDN_1015,al-Shabarga,4.0,2015,2015,18014.0,0.842437,4709103.0
SDN,SDN_1017,al-Shagarab al-Awsatt,2.0,2015,2015,2694.0,0.040033,88034.0
SDN,SDN_1018,al-Shagarab al-Janubi,1.0,2015,2015,1976.0,0.031026,62394.0
SDN,SDN_1019,al-Shagarab al-Shamali,2.0,2015,2015,8410.0,0.215656,784841.0
SDN,SDN_1028,al-Sharfa Barakat,2.0,2015,2015,12924.0,0.472561,2366801.0
SDN,SDN_1065,al-Soky,7.0,2015,2015,36309.0,1.443181,7650423.0
SDN,SDN_1066,al-Sufi,3.0,2015,2015,5964.0,0.428868,1507438.0
SDN,SDN_1068,al-Sufr,8.0,2015,2015,22770.0,1.570971,8034579.0
SDN,SDN_1069,al-Sulayk,7.0,2015,2015,14758.0,0.606473,3072504.0
SDN,SDN_1072,al-Sururab Maghrabiyya,23.0,2015,2015,53179.0,3.20182,15037263.0
SDN,SDN_1074,al-Takayna,3.0,2015,2015,13246.0,0.519928,2266458.0
SDN,SDN_108,Abu Matariq,8.0,2015,2015,8694.0,0.1585,398722.0
SDN,SDN_1084,al-Tawila,7.0,2015,2015,21954.0,0.544191,2262722.0
SDN,SDN_1089,Alti,3.0,2015,2015,21152.0,0.747406,3901346.0
SDN,SDN_1094,al-Tiwaysha,6.0,2015,2015,11656.0,0.346608,1437685.0
SDN,SDN_1098,al-Ubayd,73.0,2015,2015,557751.0,13.219628,91334416.0
SDN,SDN_1145,Amara,2.0,2015,2015,3002.0,0.165223,583690.0
SDN,SDN_1182,Amla Samki,5.0,2015,2015,29124.0,0.566626,2142395.0
SDN,SDN_1219,Anjakoaty,12.0,2015,2015,70388.0,2.361529,15946680.0
SDN,SDN_125,Abu Ushar,4.0,2015,2015,29475.0,0.948632,5418389.0
SDN,SDN_126,Abu Zabad,9.0,2015,2015,36081.0,1.803272,12470560.0
SDN,SDN_1277,Ardamata,8.0,2015,2015,44027.0,1.092229,4768236.0
SDN,SDN_1289,Armagentolis,5.0,2015,2015,13891.0,0.627688,3200877.0
SDN,SDN_1293,Aroma,4.0,2015,2015,30438.0,0.521538,2847129.0
SDN,SDN_130,Abud,4.0,2015,2015,16973.0,0.82876,5208824.0
SDN,SDN_1354,Atbara,40.0,2015,2015,218986.0,9.303803,58778580.0
SDN,SDN_1373,Attib ,8.0,2015,2015,40429.0,1.076379,5795625.0
SDN,SDN_1444,Babanusa,13.0,2015,2015,68011.0,3.359758,20434244.0
SDN,SDN_1568,Banat,6.0,2015,2015,13662.0,0.961385,3755627.0
SDN,SDN_157,Adayla,9.0,2015,2015,14767.0,0.403806,1602962.0
SDN,SDN_1664,Bara,6.0,2015,2015,23201.0,0.887257,3843250.0
SDN,SDN_1672,Barankaw,3.0,2015,2015,16640.0,0.655891,3741339.0
SDN,SDN_1674,Barbar,11.0,2015,2015,45966.0,2.419703,12700846.0
SDN,SDN_1694,Barsi,13.0,2015,2015,92704.0,2.619289,16325638.0
SDN,SDN_1941,Birush,3.0,2015,2015,4394.0,0.134544,446617.0
SDN,SDN_2,24 al-Qurashy,4.0,2015,2015,10559.0,0.543797,2123692.0
SDN,SDN_2177,Budayna,4.0,2015,2015,4441.0,0.373859,1328480.0
SDN,SDN_2241,Buram,9.0,2015,2015,38879.0,1.816308,9690960.0
SDN,SDN_2274,But,7.0,2015,2015,21615.0,0.712473,3692298.0
SDN,SDN_2287,Butri,3.0,2015,2015,8494.0,0.38451,1889410.0
SDN,SDN_2502,Conry,2.0,2015,2015,4145.0,0.266165,1040407.0
SDN,SDN_2619,Dar al-Salam Janub,6.0,2015,2015,7823.0,0.340194,1131162.0
SDN,SDN_2629,Darmali,6.0,2015,2015,15951.0,1.034034,5209673.0
SDN,SDN_2651,Daywa,4.0,2015,2015,10614.0,0.684216,4321849.0
SDN,SDN_2672,Deirirro,2.0,2015,2015,1563.0,0.015097,37768.0
SDN,SDN_2830,Doka Basunda,5.0,2015,2015,20485.0,0.498804,2568079.0
SDN,SDN_2852,Dongola,24.0,2015,2015,58293.0,5.180389,28677940.0
SDN,SDN_289,Ahmar Mawjy,4.0,2015,2015,8760.0,0.533203,2913565.0
SDN,SDN_2901,Dulayq,4.0,2015,2015,15390.0,0.568365,2852356.0
SDN,SDN_3184,Fadasy al-Haleemab,3.0,2015,2015,18319.0,0.618052,3477302.0
SDN,SDN_3185,Fagak,5.0,2015,2015,4656.0,0.296018,1068319.0
SDN,SDN_3309,Gabir,5.0,2015,2015,6924.0,0.127185,386333.0
SDN,SDN_3334,Jalqani,2.0,2015,2015,6551.0,0.583666,3770537.0
SDN,SDN_3396,Garsaila,8.0,2015,2015,29391.0,1.053703,5817130.0
SDN,SDN_3425,Gazirat Badin,6.0,2015,2015,9630.0,0.805811,2880037.0
SDN,SDN_3493,Ghubaysh,13.0,2015,2015,35743.0,1.597483,9392157.0
SDN,SDN_3517,Gira Barra,11.0,2015,2015,7768.0,0.817055,2804122.0
SDN,SDN_3698,Habeela ,4.0,2015,2015,20380.0,0.669002,4137222.0
SDN,SDN_3718,Halfa' al-Jadida,20.0,2015,2015,240674.0,4.030344,25543364.0
SDN,SDN_3719,Madina al-Masna'a ,5.0,2015,2015,41838.0,1.010848,5100101.0
SDN,SDN_3734,Hamsh Kurib,3.0,2015,2015,2726.0,0.05591,47312.0
SDN,SDN_3760,Harun,2.0,2015,2015,4889.0,0.154035,449102.0
SDN,SDN_3762,Hashaba,5.0,2015,2015,20002.0,0.507195,3355872.0
SDN,SDN_3763,Haskanita,4.0,2015,2015,3195.0,0.065207,163118.0
SDN,SDN_3782,Hay al-Walad Mad,13.0,2015,2015,19216.0,0.849359,3651481.0
SDN,SDN_3876,Id al-Fursan,5.0,2015,2015,20753.0,0.756432,3601275.0
SDN,SDN_3881,Ideira,4.0,2015,2015,5053.0,0.115933,289937.0
SDN,SDN_4069,Intekaina,3.0,2015,2015,5143.0,0.170192,524896.0
SDN,SDN_4149,Iyal Amin,4.0,2015,2015,3615.0,0.098351,245971.0
SDN,SDN_4169,Jadid al-Atsha,8.0,2015,2015,36920.0,1.413043,8078864.0
SDN,SDN_4205,Jibrat al-Shaykh,5.0,2015,2015,9004.0,0.301392,1475025.0
SDN,SDN_4233,Jubayt,3.0,2015,2015,11988.0,0.360934,1654214.0
SDN,SDN_4235,Jukhana,3.0,2015,2015,4280.0,0.103462,353858.0
SDN,SDN_4270,Kaboshyah,5.0,2015,2015,9515.0,0.592632,2091977.0
SDN,SDN_4292,Kaduqli,16.0,2015,2015,108198.0,3.687165,23941496.0
SDN,SDN_439,al-Abasiya,6.0,2015,2015,29534.0,1.232562,6984752.0
SDN,SDN_4456,Kalma,11.0,2015,2015,81925.0,1.116124,6877001.0
SDN,SDN_452,al-Rahad,14.0,2015,2015,79506.0,2.621436,15935426.0
SDN,SDN_4578,Karkuj,4.0,2015,2015,29210.0,0.765772,4296643.0
SDN,SDN_4586,Kas,11.0,2015,2015,141321.0,2.45078,13973778.0
SDN,SDN_4613,Kassab,2.0,2015,2015,4099.0,0.155621,472641.0
SDN,SDN_4614,Kassala,61.0,2015,2015,784751.0,12.553529,84640888.0
SDN,SDN_4615,Kassala Airport,6.0,2015,2015,12806.0,0.347845,928032.0
SDN,SDN_4723,Kerma,8.0,2015,2015,20220.0,1.743601,8160111.0
SDN,SDN_4740,Khartoum,866.0,2015,2015,5827531.0,243.08216,1959808000.0
SDN,SDN_4741,Khashim al-Girba,10.0,2015,2015,126502.0,2.291574,13840054.0
SDN,SDN_4821,Kiling,3.0,2015,2015,9222.0,0.170303,629785.0
SDN,SDN_4935,Km 26 refugee camp,2.0,2015,2015,4538.0,0.181142,685620.0
SDN,SDN_498,al-Azazi,2.0,2015,2015,7130.0,0.51307,3242583.0
SDN,SDN_4992,Korai,18.0,2015,2015,10175.0,1.100591,2894455.0
SDN,SDN_5006,Kosty,37.0,2015,2015,368495.0,10.039944,72782952.0
SDN,SDN_5116,Kumbar,4.0,2015,2015,4161.0,0.205626,650420.0
SDN,SDN_5143,Kutum,7.0,2015,2015,54645.0,1.513297,9584008.0
SDN,SDN_5220,Laqawa,4.0,2015,2015,14874.0,0.655007,3901345.0
SDN,SDN_532,al-Barun/Hillat al-Mak/Shaykh Idr,6.0,2015,2015,9627.0,0.294715,1151885.0
SDN,SDN_540,al-Bawgah,8.0,2015,2015,11021.0,0.584824,2036432.0
SDN,SDN_5451,Madinat Kabkabiyya,11.0,2015,2015,96275.0,2.925094,19338908.0
SDN,SDN_5501,Muhajiriya,3.0,2015,2015,11885.0,0.194786,621517.0
SDN,SDN_557,al-Bsaber,4.0,2015,2015,3225.0,0.373339,1400782.0
SDN,SDN_5581,Hilat al-Ilu,3.0,2015,2015,7698.0,0.374595,1425466.0
SDN,SDN_565,al-Dabbah,14.0,2015,2015,20826.0,1.691389,7727130.0
SDN,SDN_5687,Mansur Kawti,23.0,2015,2015,17039.0,1.993888,6576802.0
SDN,SDN_570,al-Dalanj,19.0,2015,2015,79005.0,2.847597,16567642.0
SDN,SDN_5707,Marabiya' al-Sharif,20.0,2015,2015,67319.0,3.112464,17322356.0
SDN,SDN_572,al-Damazin,28.0,2015,2015,255074.0,7.180964,47672024.0
SDN,SDN_573,al-Damir,18.0,2015,2015,87672.0,4.079324,24120180.0
SDN,SDN_574,al-Damir I,3.0,2015,2015,6097.0,0.424587,1636073.0
SDN,SDN_581,al-Dindir,7.0,2015,2015,63016.0,1.792251,10164271.0
SDN,SDN_5830,Mayrnu,4.0,2015,2015,29298.0,1.082549,5986594.0
SDN,SDN_587,al-Duaiym,52.0,2015,2015,234585.0,8.073644,44936060.0
SDN,SDN_588,al-Duwaym,13.0,2015,2015,123506.0,3.560205,23078372.0
SDN,SDN_5930,Mellit,17.0,2015,2015,107282.0,2.941531,15997800.0
SDN,SDN_5960,Merowe,14.0,2015,2015,20264.0,1.743693,7550961.0
SDN,SDN_602,al-Faw,8.0,2015,2015,56139.0,1.422812,7027385.0
SDN,SDN_605,Shuwak,5.0,2015,2015,45999.0,1.115591,6708539.0
SDN,SDN_606,al-Fashir,60.0,2015,2015,676398.0,14.942311,98611936.0
SDN,SDN_6085,Mistry,5.0,2015,2015,9603.0,0.492727,2133310.0
SDN,SDN_611,al-Fulah,8.0,2015,2015,75899.0,2.311031,14463297.0
SDN,SDN_6174,Mawarny,7.0,2015,2015,35213.0,1.22454,7530299.0
SDN,SDN_626,al-Qatati,6.0,2015,2015,30328.0,1.434308,8222657.0
SDN,SDN_632,al-Qatayna,6.0,2015,2015,45386.0,1.438184,9029165.0
SDN,SDN_633,al-Jazira Aba,5.0,2015,2015,44763.0,1.407097,8450413.0
SDN,SDN_634,al-Ghaba,9.0,2015,2015,10941.0,1.145846,4860503.0
SDN,SDN_6349,Mukjar,5.0,2015,2015,8584.0,0.506473,2870109.0
SDN,SDN_6369,Mumu,2.0,2015,2015,3082.0,0.083953,209918.0
SDN,SDN_6394,Munwashy,3.0,2015,2015,14638.0,0.261127,1259765.0
SDN,SDN_648,al-Jiraishah,3.0,2015,2015,7681.0,0.371244,1489156.0
SDN,SDN_6484,Nabta East,13.0,2015,2015,14628.0,0.552635,1871835.0
SDN,SDN_650,al-Qulid,18.0,2015,2015,23943.0,2.590528,12845915.0
SDN,SDN_6519,Nama,7.0,2015,2015,12072.0,0.466441,1992187.0
SDN,SDN_666,al-Haj Aabd Allah,3.0,2015,2015,14435.0,0.723445,3369545.0
SDN,SDN_6665,Nertiti,5.0,2015,2015,18405.0,0.466733,1509020.0
SDN,SDN_6674,Qarya 2 ,4.0,2015,2015,10749.0,0.327825,1349473.0
SDN,SDN_6820,New Setllement Wad al Hulaywah,4.0,2015,2015,21299.0,0.411406,2050667.0
SDN,SDN_6821,Wad al-Mahi 11,2.0,2015,2015,7935.0,0.245235,836045.0
SDN,SDN_6822,Wad al-Mahi 9,2.0,2015,2015,8935.0,0.289892,997332.0
SDN,SDN_6823,Wad al-Mahi 8,2.0,2015,2015,5787.0,0.309191,1171413.0
SDN,SDN_6824,Wad al-Mahi 10,3.0,2015,2015,13410.0,0.411679,1775673.0
SDN,SDN_6825,Wad al-Mahi 1,2.0,2015,2015,10326.0,0.272334,1015910.0
SDN,SDN_6826,Jabal Qulsa,3.0,2015,2015,5312.0,0.170955,242025.0
SDN,SDN_6827,Rifi Talkuk,3.0,2015,2015,4558.0,0.094192,240900.0
SDN,SDN_6828,Malawiya,12.0,2015,2015,20835.0,0.438443,619850.0
SDN,SDN_6829,Umm Garayyat,3.0,2015,2015,4850.0,0.142418,410098.0
SDN,SDN_6830,Muktat al-Rawda al-Sakanya,2.0,2015,2015,9841.0,0.395762,1763466.0
SDN,SDN_6831,al-Dali,4.0,2015,2015,19321.0,0.608285,3043721.0
SDN,SDN_6833,Unknown,4.0,2015,2015,2703.0,0.082631,206638.0
SDN,SDN_6834,Umm Grenagak,4.0,2015,2015,3163.0,0.346074,1515516.0
SDN,SDN_6835,Madina al-Sharif,5.0,2015,2015,4869.0,0.078899,197345.0
SDN,SDN_6836,Qarya 6,2.0,2015,2015,6044.0,0.161338,661438.0
SDN,SDN_684,al-Hasahisa,19.0,2015,2015,164837.0,4.269705,25089132.0
SDN,SDN_689,al-Hawata,11.0,2015,2015,72721.0,1.759015,9840723.0
SDN,SDN_6899,Nyala,89.0,2015,2015,1650668.0,19.773758,152546208.0
SDN,SDN_7,Aaliyab,3.0,2015,2015,2037.0,0.170783,426999.0
SDN,SDN_700,al-Hilalia,5.0,2015,2015,43955.0,1.285176,7392382.0
SDN,SDN_708,al-Huda,3.0,2015,2015,9021.0,0.6452,4077253.0
SDN,SDN_712,Ali,5.0,2015,2015,11538.0,0.24906,812593.0
SDN,SDN_7125,al-Usaylat,8.0,2015,2015,19059.0,1.179974,5165946.0
SDN,SDN_718,al-Ibbun,5.0,2015,2015,4237.0,0.356574,1364919.0
SDN,SDN_720,al-Ibydiya,9.0,2015,2015,27704.0,1.810043,10458025.0
SDN,SDN_7362,Port Sudan,97.0,2015,2015,1136859.0,20.56594,168391280.0
SDN,SDN_739,al-Jabalayn,5.0,2015,2015,28024.0,0.895928,5059297.0
SDN,SDN_742,al-Junaynah,25.0,2015,2015,304295.0,6.353827,41906808.0
SDN,SDN_7422,Qawz al-Habashi,5.0,2015,2015,3525.0,0.343301,861474.0
SDN,SDN_7432,Qindil,4.0,2015,2015,10996.0,0.72287,3777875.0
SDN,SDN_7433,Qirayda,11.0,2015,2015,31755.0,1.004064,5387045.0
SDN,SDN_7434,Qisar,5.0,2015,2015,5182.0,0.436275,1270608.0
SDN,SDN_744,al-Kabashi,4.0,2015,2015,9254.0,0.63706,2824250.0
SDN,SDN_7456,Rabak,35.0,2015,2015,264125.0,7.857328,54655988.0
SDN,SDN_7477,Rashad,5.0,2015,2015,12507.0,0.644961,3756158.0
SDN,SDN_7478,Rashid,2.0,2015,2015,4371.0,0.127431,388981.0
SDN,SDN_7513,Rihada al-Birdi,5.0,2015,2015,27048.0,0.783104,3685440.0
SDN,SDN_753,al-Kamleen,7.0,2015,2015,37473.0,1.567278,8877098.0
SDN,SDN_7565,Rufa,10.0,2015,2015,79530.0,1.977888,11430055.0
SDN,SDN_7586,Ruru,5.0,2015,2015,16701.0,0.632513,3436074.0
SDN,SDN_767,al-Khalas,52.0,2015,2015,82580.0,4.335412,23425920.0
SDN,SDN_769,al-Khandaq,8.0,2015,2015,11527.0,1.091548,4475574.0
SDN,SDN_7792,Saraf Umra,6.0,2015,2015,35910.0,0.939614,5296156.0
SDN,SDN_780,al-Khua,5.0,2015,2015,15642.0,0.82396,4223121.0
SDN,SDN_785,al-Kirimit,1.0,2015,2015,14339.0,0.464253,3124864.0
SDN,SDN_786,al-Kitayab Janub,4.0,2015,2015,4751.0,0.436046,1311714.0
SDN,SDN_787,al-Kitayab Shamal,3.0,2015,2015,3783.0,0.314583,1259902.0
SDN,SDN_7870,Sennar,21.0,2015,2015,217464.0,5.0374,32061082.0
SDN,SDN_7893,Shabashah,3.0,2015,2015,20753.0,0.765396,4512259.0
SDN,SDN_7900,Shadda,6.0,2015,2015,5784.0,0.650022,1704505.0
SDN,SDN_791,al-Kuraynik,5.0,2015,2015,17847.0,0.519638,2474265.0
SDN,SDN_7917,Shambata,2.0,2015,2015,8760.0,0.428684,2482520.0
SDN,SDN_793,al-La'ayt,8.0,2015,2015,21654.0,0.913089,4824497.0
SDN,SDN_7933,Shaq Dughary,4.0,2015,2015,1949.0,0.058672,146768.0
SDN,SDN_7934,Sharawm,3.0,2015,2015,8181.0,0.545567,2701377.0
SDN,SDN_7938,Sharkayla,2.0,2015,2015,2489.0,0.333523,1545824.0
SDN,SDN_7966,Shendi,37.0,2015,2015,146089.0,8.523407,51787780.0
SDN,SDN_7970,Shiariya,5.0,2015,2015,24878.0,0.474158,2019329.0
SDN,SDN_7980,Shingli Tubaya,3.0,2015,2015,5278.0,0.127595,427413.0
SDN,SDN_8,Aasalaya,2.0,2015,2015,11488.0,0.512819,2676573.0
SDN,SDN_8084,Sifeay North,12.0,2015,2015,69846.0,2.444988,13615585.0
SDN,SDN_8085,Sifaya Janub,6.0,2015,2015,35793.0,1.22443,6795093.0
SDN,SDN_8111,Singa,13.0,2015,2015,109353.0,2.963811,17281794.0
SDN,SDN_8113,Sinkat,6.0,2015,2015,15936.0,0.579814,2394620.0
SDN,SDN_8114,Sinnar al-Tagato,2.0,2015,2015,5680.0,0.283703,1157310.0
SDN,SDN_818,al-Makaylab,5.0,2015,2015,10122.0,0.717904,2704460.0
SDN,SDN_82,Abu Dawn,10.0,2015,2015,6693.0,0.859279,2809305.0
SDN,SDN_820,al-Manaqil,19.0,2015,2015,167879.0,4.623185,33822688.0
SDN,SDN_8213,Suakin,6.0,2015,2015,48465.0,0.990148,4908048.0
SDN,SDN_8229,Sumayh,2.0,2015,2015,4195.0,0.302372,1134533.0
SDN,SDN_8241,Suqūt al-jamal,4.0,2015,2015,6353.0,0.26232,955313.0
SDN,SDN_8242,Suri,9.0,2015,2015,13082.0,1.550608,6823519.0
SDN,SDN_8252,Tabat,2.0,2015,2015,15169.0,0.510569,3177836.0
SDN,SDN_8301,Takoi,5.0,2015,2015,1860.0,0.08634,320090.0
SDN,SDN_8318,Taludy,4.0,2015,2015,5730.0,0.323201,1205695.0
SDN,SDN_8334,Tambul,9.0,2015,2015,40868.0,1.366121,6937358.0
SDN,SDN_8355,Tandalty 1,7.0,2015,2015,49276.0,1.436509,8182341.0
SDN,SDN_8356,Tandalty 2,4.0,2015,2015,6271.0,0.427879,2039613.0
SDN,SDN_8401,Tawm Bishara,5.0,2015,2015,4536.0,0.057702,144255.0
SDN,SDN_8423,Tebeldina,7.0,2015,2015,35026.0,0.585175,2099809.0
SDN,SDN_8431,Tegmala/Umm Qadd,5.0,2015,2015,5378.0,0.197609,607772.0
SDN,SDN_844,al-Masudya II,4.0,2015,2015,26994.0,0.744395,4919028.0
SDN,SDN_845,Al-Masodya III,4.0,2015,2015,30360.0,0.863386,4912212.0
SDN,SDN_846,al-Matamma,6.0,2015,2015,14832.0,0.743285,3855258.0
SDN,SDN_855,al-Mazmun,5.0,2015,2015,22982.0,0.805869,4754859.0
SDN,SDN_8552,Tokar,6.0,2015,2015,13417.0,0.822416,525787.0
SDN,SDN_8609,al-Miqanis,1.0,2015,2015,0.0,0.0,0.0
SDN,SDN_866,al-Mrewa,3.0,2015,2015,4152.0,0.43193,2249751.0
SDN,SDN_8670,Tulus,6.0,2015,2015,27040.0,1.100865,5648969.0
SDN,SDN_869,al-Mujlad,13.0,2015,2015,63267.0,3.023855,18594504.0
SDN,SDN_8729,Um Dukhun,3.0,2015,2015,8616.0,0.835369,5718793.0
SDN,SDN_8730,Um Durman,11.0,2015,2015,22199.0,1.348974,7158131.0
SDN,SDN_8731,Um Karadym,4.0,2015,2015,4488.0,0.467001,2147114.0
SDN,SDN_8732,Um Rowaba,16.0,2015,2015,113972.0,4.180966,25238296.0
SDN,SDN_8745,Umm Boim,6.0,2015,2015,7161.0,0.165354,546356.0
SDN,SDN_8746,Umm Dafog,2.0,2015,2015,13788.0,0.499177,2547739.0
SDN,SDN_8747,Umm Dawn,3.0,2015,2015,11760.0,0.683825,4754366.0
SDN,SDN_8748,Umm Dawwanban,14.0,2015,2015,29177.0,1.140723,5518946.0
SDN,SDN_8750,Umm Kedadda,7.0,2015,2015,31239.0,0.99559,5917698.0
SDN,SDN_8754,Umm Shagara,4.0,2015,2015,25119.0,0.775908,4223143.0
SDN,SDN_8755,Umm Shawaka,2.0,2015,2015,19266.0,0.703699,4207444.0
SDN,SDN_8756,Umm Shijara,3.0,2015,2015,16441.0,0.445511,2220336.0
SDN,SDN_880,al-Naiya,5.0,2015,2015,8289.0,0.322808,957250.0
SDN,SDN_8875,al-Qarya 03,2.0,2015,2015,5127.0,0.384025,1715185.0
SDN,SDN_8876,al-Qarya 08,1.0,2015,2015,2405.0,0.150213,468397.0
SDN,SDN_8877,al-Qarya 10,2.0,2015,2015,7962.0,0.436206,2162586.0
SDN,SDN_8879,al-Qarya 17,3.0,2015,2015,15483.0,0.53881,2360285.0
SDN,SDN_8880,al-Qarya 18,2.0,2015,2015,12903.0,0.451904,2224616.0
SDN,SDN_8881,al-Qarya 26,1.0,2015,2015,3355.0,0.243449,1123295.0
SDN,SDN_8909,Wad Abu Nahl,4.0,2015,2015,9417.0,0.409942,1693214.0
SDN,SDN_8910,Wad al-Hilayu,4.0,2015,2015,20798.0,0.413004,1682631.0
SDN,SDN_8911,Wad al-Talud,4.0,2015,2015,15273.0,0.858818,4770837.0
SDN,SDN_8912,Wad Madani,50.0,2015,2015,620748.0,13.947924,98420168.0
SDN,SDN_8913,Wad Rawah,4.0,2015,2015,18586.0,0.839073,4599180.0
SDN,SDN_8915,Wad Sharifay,11.0,2015,2015,53582.0,1.087334,5756452.0
SDN,SDN_8916,Wad Sharifay Sharq,6.0,2015,2015,18643.0,0.437271,1617778.0
SDN,SDN_8918,Wad'Arud,5.0,2015,2015,4535.0,0.215474,683692.0
SDN,SDN_8921,Wadi Halfa,12.0,2015,2015,19519.0,1.286903,6410827.0
SDN,SDN_8923,Waggar,4.0,2015,2015,8119.0,0.355043,1442119.0
SDN,SDN_8970,Wawisy,8.0,2015,2015,15491.0,0.647503,2442904.0
SDN,SDN_90,Abu Guta,2.0,2015,2015,7412.0,0.533853,3051709.0
SDN,SDN_901,al-Nuhud,27.0,2015,2015,143964.0,4.775511,30929076.0
SDN,SDN_907,al-Qadarif,53.0,2015,2015,589006.0,12.87565,93969168.0
SDN,SDN_91,Abu Hamad,6.0,2015,2015,20345.0,1.116568,6102454.0
SDN,SDN_9118,Zalingey,22.0,2015,2015,148788.0,3.8592,23701026.0
SDN,SDN_9122,DIba Dunqula ,16.0,2015,2015,38471.0,1.048988,4948537.0
SDN,SDN_9127,Zarafah,5.0,2015,2015,9842.0,0.121226,303182.0
SDN,SDN_9196,Zurqa,4.0,2015,2015,5272.0,0.389735,1180552.0
SDN,SDN_93,Abu Hijar,5.0,2015,2015,22055.0,0.852661,4445457.0
SDN,SDN_953,al-Rawashida,2.0,2015,2015,12020.0,0.432269,2161538.0
SDN,SDN_96,Abu Jabra,7.0,2015,2015,8702.0,0.171734,429465.0
SDN,SDN_964,al-Roseires,14.0,2015,2015,106343.0,3.125841,21848524.0
SDN,SDN_97,Abu Jubayha,11.0,2015,2015,51537.0,1.975522,12201388.0
SDN,SDN_999,al-Samra',11.0,2015,2015,12015.0,0.503116,1510133.0
SEN,SEN_1507,Bakel,3.0,2015,2015,24673.0,0.742956,5554625.0
SEN,SEN_1552,Bambey,6.0,2015,2015,42205.0,1.38137,7741320.0
SEN,SEN_1882,Bignoma,13.0,2015,2015,36081.0,2.797351,17751676.0
SEN,SEN_2531,Dagana,5.0,2015,2015,27487.0,0.962549,5510286.0
SEN,SEN_2539,Dahra,8.0,2015,2015,35815.0,1.825789,11034540.0
SEN,SEN_2545,Dakar,203.0,2015,2015,2980373.0,67.16176,610058176.0
SEN,SEN_260,Agnam Thiodaye,3.0,2015,2015,12925.0,0.597731,3079329.0
SEN,SEN_2631,Darou Mousty,8.0,2015,2015,41636.0,1.731447,10865136.0
SEN,SEN_2703,Dabia Odedji,2.0,2015,2015,7323.0,0.413356,1676178.0
SEN,SEN_2713,Diaoube-Kabendou,9.0,2015,2015,25470.0,1.40016,6865577.0
SEN,SEN_2759,Diofior,4.0,2015,2015,9678.0,0.786303,5058063.0
SEN,SEN_2764,Diourbel,23.0,2015,2015,162377.0,5.280312,32935632.0
SEN,SEN_3207,Fatick,10.0,2015,2015,55012.0,1.868629,10544208.0
SEN,SEN_3361,Gandiaye,3.0,2015,2015,13171.0,0.641772,3495216.0
SEN,SEN_3583,Gossas,4.0,2015,2015,17279.0,0.807754,4153933.0
SEN,SEN_3585,Goudomp,3.0,2015,2015,11188.0,0.591435,3494733.0
SEN,SEN_3655,Guinguineo,4.0,2015,2015,23811.0,0.960946,5208762.0
SEN,SEN_3724,Hamady Ounare,2.0,2015,2015,12522.0,0.429148,2167990.0
SEN,SEN_4218,Joal-Fadiouth,6.0,2015,2015,30000.0,1.482322,10223981.0
SEN,SEN_4297,Kaffrine,10.0,2015,2015,64890.0,2.151524,12701553.0
SEN,SEN_4506,Kanel,4.0,2015,2015,12282.0,0.546865,2384834.0
SEN,SEN_4531,Kaolack,37.0,2015,2015,303991.0,10.104018,66271464.0
SEN,SEN_4560,Karang Poste,5.0,2015,2015,19600.0,1.006674,6590377.0
SEN,SEN_4670,Kayar,2.0,2015,2015,10334.0,0.462983,2712994.0
SEN,SEN_4681,Kebemer,6.0,2015,2015,28204.0,1.167663,6832620.0
SEN,SEN_4687,Kedougou,10.0,2015,2015,38972.0,2.154965,12878393.0
SEN,SEN_4736,Keur Madiabel,3.0,2015,2015,12976.0,0.533826,2775937.0
SEN,SEN_4756,Khombole,5.0,2015,2015,15788.0,0.756282,4025359.0
SEN,SEN_4797,Kidira,1.0,2015,2015,9318.0,0.425656,2606816.0
SEN,SEN_4959,Kolda,23.0,2015,2015,125132.0,5.612941,35889824.0
SEN,SEN_5020,Koumpentoum,4.0,2015,2015,16141.0,0.710248,4093699.0
SEN,SEN_5024,Koungheul,6.0,2015,2015,37765.0,1.368535,9456013.0
SEN,SEN_5025,Kounkane,5.0,2015,2015,13919.0,0.746815,3785036.0
SEN,SEN_5286,Linguere,4.0,2015,2015,22108.0,0.818222,4674936.0
SEN,SEN_5325,Louga,21.0,2015,2015,135820.0,5.083893,35599136.0
SEN,SEN_5785,Matam,4.0,2015,2015,21522.0,0.536229,2850650.0
SEN,SEN_5877,Mboro,8.0,2015,2015,39930.0,1.849999,11637016.0
SEN,SEN_5880,Mbour,75.0,2015,2015,388284.0,16.482446,119756080.0
SEN,SEN_5903,Medina Gounass,14.0,2015,2015,35480.0,2.125299,11536791.0
SEN,SEN_5919,Mekhe,4.0,2015,2015,23104.0,1.138592,7063065.0
SEN,SEN_6625,Ndioum,6.0,2015,2015,24653.0,0.882483,4819189.0
SEN,SEN_6628,Ndoffane ,3.0,2015,2015,11054.0,0.743491,4304755.0
SEN,SEN_6688,Nganda,1.0,2015,2015,4660.0,0.287473,1439990.0
SEN,SEN_6715,Ngoundiane Thiangaye,2.0,2015,2015,4828.0,0.382525,1889978.0
SEN,SEN_6768,Nioro du Rip,4.0,2015,2015,30225.0,1.01424,6054432.0
SEN,SEN_7230,Ourossogui,6.0,2015,2015,38143.0,1.212015,7704401.0
SEN,SEN_7291,Passy,4.0,2015,2015,16098.0,0.687589,3182734.0
SEN,SEN_7346,Podor,2.0,2015,2015,12356.0,0.387151,2211661.0
SEN,SEN_7508,Richard-Toll,8.0,2015,2015,52896.0,1.832177,11045135.0
SEN,SEN_7548,Ross Bethio,3.0,2015,2015,16553.0,0.539026,2714160.0
SEN,SEN_7550,Rosso-Senegal,2.0,2015,2015,9980.0,0.339057,2130053.0
SEN,SEN_7673,Saint-Louis,22.0,2015,2015,204863.0,5.772535,36094284.0
SEN,SEN_7826,Sedhiou,6.0,2015,2015,38831.0,1.58049,10181226.0
SEN,SEN_7866,Popenguine,8.0,2015,2015,20218.0,1.21317,6558875.0
SEN,SEN_8116,Sinthiou Bamambe,3.0,2015,2015,16796.0,0.642179,3351936.0
SEN,SEN_8153,Sokone,4.0,2015,2015,28188.0,0.938381,5877890.0
SEN,SEN_8331,Tambacounda,24.0,2015,2015,148636.0,6.73278,41434348.0
SEN,SEN_8472,Thiadaye,4.0,2015,2015,11990.0,0.801198,4665750.0
SEN,SEN_8473,Thies,51.0,2015,2015,338136.0,12.956782,90944736.0
SEN,SEN_8475,Thilogne,3.0,2015,2015,11177.0,0.449333,2329428.0
SEN,SEN_8531,Tivaouane,15.0,2015,2015,94989.0,3.84472,26080048.0
SEN,SEN_8587,Touba,184.0,2015,2015,890444.0,42.46806,295592800.0
SEN,SEN_8820,Velingara,9.0,2015,2015,42377.0,2.228096,14564785.0
SEN,SEN_9008,Wodabe 2 ,4.0,2015,2015,11265.0,0.557215,2098043.0
SEN,SEN_9164,Ziguinchor,26.0,2015,2015,191753.0,7.321694,50655272.0
SLE,SLE_1973,Bo,53.0,2015,2015,309886.0,10.186028,81830448.0
SLE,SLE_2050,Bonthe,1.0,2015,2015,9078.0,0.289488,1255115.0
SLE,SLE_2632,Daru,3.0,2015,2015,18295.0,0.558197,2958719.0
SLE,SLE_3280,Freetown,173.0,2015,2015,1030721.0,45.648416,485871776.0
SLE,SLE_4240,Kabala,8.0,2015,2015,40549.0,1.552993,11937797.0
SLE,SLE_4413,Kailahun,7.0,2015,2015,40907.0,1.05137,7201007.0
SLE,SLE_4469,Kamakwie,2.0,2015,2015,15855.0,0.483155,3062195.0
SLE,SLE_4475,Kambia,3.0,2015,2015,16120.0,0.609857,6019862.0
SLE,SLE_4709,Kenema,36.0,2015,2015,220658.0,7.394933,56180084.0
SLE,SLE_4944,Koidu,29.0,2015,2015,185927.0,5.393997,40369188.0
SLE,SLE_5389,Lunsar,7.0,2015,2015,31766.0,1.625379,11138708.0
SLE,SLE_5481,Magburaka,8.0,2015,2015,39576.0,1.431545,9625215.0
SLE,SLE_5529,Mahera,25.0,2015,2015,79269.0,4.402996,27642596.0
SLE,SLE_5565,Makeni,31.0,2015,2015,147509.0,7.435622,60182380.0
SLE,SLE_5767,Masingbi,2.0,2015,2015,19411.0,0.368995,2083247.0
SLE,SLE_5805,Mattru Jong,3.0,2015,2015,18971.0,0.604809,2976538.0
SLE,SLE_6239,Moriba Town,4.0,2015,2015,19931.0,0.692054,3534659.0
SLE,SLE_6278,Moyamba,4.0,2015,2015,14106.0,0.624798,3120603.0
SLE,SLE_7358,Port Loko,8.0,2015,2015,27401.0,1.414985,9641683.0
SLE,SLE_7536,Rokupr,2.0,2015,2015,8335.0,0.364378,1634581.0
SLE,SLE_7833,Segbwema,3.0,2015,2015,19250.0,0.563114,3484620.0
SLE,SLE_8574,Torgbonbu,3.0,2015,2015,20553.0,0.546014,2968162.0
SLE,SLE_9090,Yonibana,7.0,2015,2015,35719.0,1.214244,6477268.0
SOM,SOM_1439,Baar Dheere ,7.0,2015,2015,67956.0,1.353735,7314163.0
SOM,SOM_1521,Bal'ad,2.0,2015,2015,22776.0,0.475579,2203664.0
SOM,SOM_1530,Beledweyne,16.0,2015,2015,93659.0,3.718676,25071690.0
SOM,SOM_1538,Ballanbale,3.0,2015,2015,0.0,0.0,0.0
SOM,SOM_1666,Barawa E Al Bambar,3.0,2015,2015,20696.0,0.778133,5235640.0
SOM,SOM_1677,Berdale,4.0,2015,2015,12692.0,0.421568,1818736.0
SOM,SOM_1733,Baidoa,19.0,2015,2015,209350.0,3.817726,23676888.0
SOM,SOM_1776,Belet Xawo/Mandera [SOM],5.0,2015,2015,17863.0,0.971454,5532992.0
SOM,SOM_1831,Berbera,7.0,2015,2015,83841.0,1.50719,8948125.0
SOM,SOM_2054,Borama,10.0,2015,2015,165522.0,2.407856,16615070.0
SOM,SOM_2055,Bosaso,16.0,2015,2015,452578.0,3.940837,26034746.0
SOM,SOM_224,Afgoye,6.0,2015,2015,32962.0,1.784886,10271045.0
SOM,SOM_2242,Burao,24.0,2015,2015,133233.0,5.161051,32131052.0
SOM,SOM_2255,Burtinle,4.0,2015,2015,40315.0,0.885432,4970419.0
SOM,SOM_228,Afmadow,2.0,2015,2015,30559.0,0.603581,3349160.0
SOM,SOM_2290,Buuhoodle,7.0,2015,2015,17580.0,0.796453,4241228.0
SOM,SOM_2291,Bulobarde ,2.0,2015,2015,4683.0,0.616604,3328421.0
SOM,SOM_2292,Buur Hakaba,4.0,2015,2015,25746.0,0.94262,6032657.0
SOM,SOM_2702,Dusa Mareb,6.0,2015,2015,43978.0,0.840694,4878367.0
SOM,SOM_2738,Dinsoor,5.0,2015,2015,27016.0,0.623944,3201962.0
SOM,SOM_2856,Dolow (north),2.0,2015,2015,6517.0,0.180928,833567.0
SOM,SOM_2963,'Erigavo,5.0,2015,2015,36549.0,1.084357,6636332.0
SOM,SOM_3329,Gaalkayo,21.0,2015,2015,393054.0,4.697748,27296964.0
SOM,SOM_3330,Goldogob,0.0,2015,2015,2005.0,0.005613,14722.0
SOM,SOM_3394,Garoowe,12.0,2015,2015,194413.0,2.506064,16020015.0
SOM,SOM_3452,Gebilay,5.0,2015,2015,10398.0,0.943576,7098535.0
SOM,SOM_3671,Guri'eel,13.0,2015,2015,39135.0,1.349856,9336080.0
SOM,SOM_3751,Hargeisa,67.0,2015,2015,410369.0,15.576518,131790136.0
SOM,SOM_4180,Jamaame,2.0,2015,2015,58019.0,0.402283,2936163.0
SOM,SOM_4210,Jilib,2.0,2015,2015,33360.0,0.491684,3045976.0
SOM,SOM_4228,Jowhar,4.0,2015,2015,64818.0,1.248842,7061930.0
SOM,SOM_4900,Kismayo,13.0,2015,2015,169529.0,3.812389,28587534.0
SOM,SOM_5,Siigadhere ,0.0,2015,2015,763.0,0.003329,8328.0
SOM,SOM_5227,Las Anod,8.0,2015,2015,105605.0,1.759628,11530858.0
SOM,SOM_5407,Luuq,4.0,2015,2015,8584.0,0.490912,2403392.0
SOM,SOM_5717,Bulo Mareer,2.0,2015,2015,32473.0,0.675491,3956649.0
SOM,SOM_5956,Merca,3.0,2015,2015,40734.0,1.059392,8360751.0
SOM,SOM_6,'Adaado,10.0,2015,2015,37782.0,1.023869,7089388.0
SOM,SOM_6180,Mogadishu,147.0,2015,2015,2243566.0,45.536952,331738592.0
SOM,SOM_7404,Lafoole,7.0,2015,2015,22443.0,1.221307,5330452.0
SOM,SOM_7405,Qardho,5.0,2015,2015,50477.0,1.472035,9535743.0
SOM,SOM_7441,Qoryoley,3.0,2015,2015,18348.0,0.83371,5057346.0
SOM,SOM_7603,Saaqow,3.0,2015,2015,23279.0,0.406361,2268454.0
SOM,SOM_8548,Tog Wajaale ,2.0,2015,2015,366.0,0.013223,91959.0
SOM,SOM_8705,Uffurow,3.0,2015,2015,15750.0,0.194532,678618.0
SOM,SOM_8927,Wajid,4.0,2015,2015,51680.0,0.290449,1102931.0
SOM,SOM_8947,Wanlaweyn,6.0,2015,2015,57965.0,1.314267,6926225.0
SOM,SOM_9034,Xuddur,2.0,2015,2015,16217.0,0.363993,1651314.0
SSD,SSD_1175,Ameeth,2.0,2015,2015,1004.0,0.042189,105498.0
SSD,SSD_1178,Ameth-agok,6.0,2015,2015,4151.0,0.02081,52045.0
SSD,SSD_1214,Angoot,5.0,2015,2015,2511.0,0.20966,588070.0
SSD,SSD_1301,Aruch,4.0,2015,2015,4403.0,0.078218,195612.0
SSD,SSD_1389,Aweil,26.0,2015,2015,30211.0,2.825021,16342792.0
SSD,SSD_1419,Ayien,6.0,2015,2015,4849.0,0.217566,647213.0
SSD,SSD_150,Kashwal,23.0,2015,2015,15179.0,0.073581,182736.0
SSD,SSD_2056,Bor,36.0,2015,2015,177222.0,4.087397,21475508.0
SSD,SSD_216,Aduel,48.0,2015,2015,9792.0,0.061193,102480.0
SSD,SSD_2428,Chimel Thii,3.0,2015,2015,1760.0,0.0608,152054.0
SSD,SSD_3179,Ezo Centre,7.0,2015,2015,42248.0,0.384212,1318513.0
SSD,SSD_3375,Kongor,6.0,2015,2015,12586.0,0.050783,73899.0
SSD,SSD_3557,Gok Machar,10.0,2015,2015,4836.0,0.201071,502780.0
SSD,SSD_4177,Jalimo,15.0,2015,2015,33550.0,0.53373,1429584.0
SSD,SSD_4216,Jinkuata,3.0,2015,2015,3355.0,0.095312,238354.0
SSD,SSD_4232,Juba,128.0,2015,2015,318996.0,24.179062,175269184.0
SSD,SSD_4543,Kapoeta,3.0,2015,2015,21194.0,0.367069,1545527.0
SSD,SSD_4848,Kindi,3.0,2015,2015,3008.0,0.02723,60666.0
SSD,SSD_5065,Kuacjok,24.0,2015,2015,14766.0,0.969315,3773446.0
SSD,SSD_5125,Kuom,4.0,2015,2015,8538.0,0.318848,943625.0
SSD,SSD_5135,Kurum,10.0,2015,2015,5009.0,0.096499,241350.0
SSD,SSD_5311,Lokurubang,5.0,2015,2015,8920.0,0.082535,206364.0
SSD,SSD_5422,Agok ,3.0,2015,2015,2220.0,0.026591,66503.0
SSD,SSD_5441,Madebe Centre,6.0,2015,2015,5660.0,0.019677,41968.0
SSD,SSD_5583,Makuac Akuel,4.0,2015,2015,1509.0,0.081699,204308.0
SSD,SSD_5593,Malakal,18.0,2015,2015,113181.0,3.007982,17552400.0
SSD,SSD_5723,Maridi,19.0,2015,2015,28359.0,0.250473,626476.0
SSD,SSD_5825,Mayen Ulem,4.0,2015,2015,1290.0,0.023654,59207.0
SSD,SSD_5934,Melut,4.0,2015,2015,14037.0,0.315103,1013263.0
SSD,SSD_6372,Mundri,8.0,2015,2015,9710.0,0.464318,1966014.0
SSD,SSD_6762,Nimule,9.0,2015,2015,62393.0,1.62985,9217962.0
SSD,SSD_6895,Nyainthokmalual,0.0,2015,2015,1393.0,0.004917,12294.0
SSD,SSD_7020,Okau,8.0,2015,2015,44467.0,0.124132,310462.0
SSD,SSD_7081,Omeyo,6.0,2015,2015,16696.0,0.168275,420787.0
SSD,SSD_7239,Owiny-Kibul,3.0,2015,2015,10533.0,0.181875,546441.0
SSD,SSD_7271,Paloich Market,2.0,2015,2015,7447.0,0.161131,519757.0
SSD,SSD_7273,Pamat,2.0,2015,2015,772.0,0.036714,91833.0
SSD,SSD_7280,Pankot,13.0,2015,2015,906.0,0.026566,20665.0
SSD,SSD_7288,Pariang,5.0,2015,2015,8845.0,0.202902,573094.0
SSD,SSD_7460,Raga,5.0,2015,2015,20438.0,0.663153,3098041.0
SSD,SSD_7500,Renk,15.0,2015,2015,87677.0,1.936669,10221452.0
SSD,SSD_7576,Rum-Aker,2.0,2015,2015,692.0,0.096638,241607.0
SSD,SSD_7577,Rumbek,93.0,2015,2015,132095.0,2.863444,14841133.0
SSD,SSD_8335,Tambura,16.0,2015,2015,50121.0,1.193174,5097763.0
SSD,SSD_8569,Tonj,15.0,2015,2015,8872.0,0.405335,1198878.0
SSD,SSD_8577,Torit,15.0,2015,2015,27137.0,1.700219,8410140.0
SSD,SSD_8967,Wau,38.0,2015,2015,223303.0,6.715186,42221656.0
SSD,SSD_8997,Wet-wil,5.0,2015,2015,2558.0,0.067103,167788.0
SSD,SSD_904,Alok,4.0,2015,2015,1218.0,0.012415,31040.0
SSD,SSD_9052,Yambio,124.0,2015,2015,111886.0,3.503038,17126334.0
SSD,SSD_9067,Yei,29.0,2015,2015,98009.0,3.95802,21147674.0
SSD,SSD_9079,Yida Refugee Camp,11.0,2015,2015,12530.0,0.259674,819023.0
SSD,SSD_9084,Yirol,13.0,2015,2015,29780.0,0.363951,1174446.0
STP,STP_6667,Neves,1.0,2015,2015,7484.0,0.246286,984995.0
STP,STP_7773,Santana,2.0,2015,2015,6766.0,0.298014,1040949.0
STP,STP_7781,Sao Tome,32.0,2015,2015,105978.0,4.9159,23730694.0
SWZ,SWZ_5470,Mafutseni,116.0,2015,2015,29272.0,2.38773,5970696.0
SWZ,SWZ_5522,Mahamba,18.0,2015,2015,8607.0,1.038389,2708171.0
SWZ,SWZ_5700,Manzini,160.0,2015,2015,114193.0,14.073143,84330144.0
SWZ,SWZ_5837,Mbabane,155.0,2015,2015,102367.0,9.774067,50627036.0
SWZ,SWZ_6733,Nhlangano,35.0,2015,2015,17689.0,2.003529,6712861.0
SYC,SYC_8824,Victoria,44.0,2015,2015,71787.0,3.598616,15322225.0
TCD,TCD_1132,Am Dam Zeribe,1.0,2015,2015,1884.0,0.167572,918156.0
TCD,TCD_1133,Am Nabak camp,2.0,2015,2015,2852.0,0.120899,337184.0
TCD,TCD_1134,Am Timan,11.0,2015,2015,80734.0,1.827572,11239335.0
TCD,TCD_1169,Amboko Camp,1.0,2015,2015,1744.0,0.179597,673513.0
TCD,TCD_1266,Arada,3.0,2015,2015,1983.0,0.137365,419235.0
TCD,TCD_1361,Ati,11.0,2015,2015,35905.0,1.226758,6906709.0
TCD,TCD_1474,Baga Sola,2.0,2015,2015,2032.0,0.494896,2624602.0
TCD,TCD_1487,Bahay,3.0,2015,2015,2926.0,0.188827,474760.0
TCD,TCD_1499,Baibokoum,3.0,2015,2015,5787.0,0.383156,1450147.0
TCD,TCD_1500,Ba-Illi,4.0,2015,2015,10757.0,0.551269,2309265.0
TCD,TCD_164,Ade,0.0,2015,2015,392.0,0.00976,24411.0
TCD,TCD_1745,Bebalem,11.0,2015,2015,15167.0,0.821085,2505618.0
TCD,TCD_1750,Bedigri,5.0,2015,2015,6261.0,0.202652,506749.0
TCD,TCD_1755,Bedjondo,5.0,2015,2015,11120.0,0.525318,1787069.0
TCD,TCD_1761,Beinamar,3.0,2015,2015,6246.0,0.322644,1178674.0
TCD,TCD_1782,Belome Camp,3.0,2015,2015,4246.0,0.283274,777725.0
TCD,TCD_1826,Benoye,10.0,2015,2015,20678.0,1.43994,6297456.0
TCD,TCD_1833,Bere,10.0,2015,2015,22163.0,1.750124,8676767.0
TCD,TCD_1850,Bessao,3.0,2015,2015,5117.0,0.379327,1445581.0
TCD,TCD_1903,Biltine,14.0,2015,2015,26199.0,1.323597,6634514.0
TCD,TCD_1908,Binder Urbain,1.0,2015,2015,2670.0,0.220844,766251.0
TCD,TCD_1959,Bitkine,6.0,2015,2015,16168.0,0.74821,4187286.0
TCD,TCD_2015,Bokoro,5.0,2015,2015,15708.0,1.019344,5306766.0
TCD,TCD_2018,Bol,3.0,2015,2015,11783.0,0.655198,4213585.0
TCD,TCD_2042,Bongor,13.0,2015,2015,46012.0,2.109589,13065932.0
TCD,TCD_2139,Bousso,2.0,2015,2015,9927.0,0.463944,2536665.0
TCD,TCD_215,Adre,9.0,2015,2015,25307.0,1.085451,5786286.0
TCD,TCD_2160,Bredjing camp,1.0,2015,2015,1983.0,0.134823,441170.0
TCD,TCD_25,Abdi II,2.0,2015,2015,8601.0,0.074519,184643.0
TCD,TCD_27,Abéché,41.0,2015,2015,133453.0,9.015026,57378192.0
TCD,TCD_2815,Doba,23.0,2015,2015,61148.0,4.314449,25556820.0
TCD,TCD_2819,Dodjoré camp,2.0,2015,2015,3714.0,0.081028,202615.0
TCD,TCD_2853,Donia,5.0,2015,2015,7290.0,0.363153,1297717.0
TCD,TCD_2864,Dosseye Camp,0.0,2015,2015,580.0,0.030723,76814.0
TCD,TCD_2875,Dourbali,5.0,2015,2015,14712.0,0.924513,5853318.0
TCD,TCD_31,Abgadam Camp,1.0,2015,2015,1828.0,0.203944,582886.0
TCD,TCD_3181,Fada,6.0,2015,2015,8257.0,0.362729,1042036.0
TCD,TCD_3198,Farchana,2.0,2015,2015,3267.0,0.178954,654504.0
TCD,TCD_3213,Faya,10.0,2015,2015,7128.0,0.967455,4357955.0
TCD,TCD_3235,Fianga,7.0,2015,2015,15131.0,0.846901,3960335.0
TCD,TCD_3319,Gaga Camp,0.0,2015,2015,401.0,0.05375,317814.0
TCD,TCD_3578,Gore,6.0,2015,2015,21258.0,1.214102,7610534.0
TCD,TCD_3591,Goundi,5.0,2015,2015,9747.0,0.563402,2401103.0
TCD,TCD_3592,Gounou-Gaya,3.0,2015,2015,12553.0,0.72082,3678189.0
TCD,TCD_3598,Goz Amer camp,5.0,2015,2015,11212.0,0.419329,1355330.0
TCD,TCD_3599,Goz Beida,8.0,2015,2015,11306.0,0.649603,2750240.0
TCD,TCD_3626,Guelendeng,5.0,2015,2015,15517.0,0.880806,4946229.0
TCD,TCD_4087,Iriba,3.0,2015,2015,11575.0,0.459591,2134168.0
TCD,TCD_4088,Iridimi camp,4.0,2015,2015,5508.0,0.294183,920120.0
TCD,TCD_4438,Kalait,6.0,2015,2015,3639.0,0.267102,756215.0
TCD,TCD_4556,Karal,2.0,2015,2015,3269.0,0.391143,2046778.0
TCD,TCD_4701,Kelo,26.0,2015,2015,59944.0,4.717389,26413598.0
TCD,TCD_4719,Kerfi,2.0,2015,2015,2951.0,0.146204,365596.0
TCD,TCD_474,Alaroro,4.0,2015,2015,13199.0,0.544804,2629259.0
TCD,TCD_5014,Koukou Angarana,2.0,2015,2015,3875.0,0.144382,361020.0
TCD,TCD_5021,Koumra,20.0,2015,2015,50761.0,2.764205,15098156.0
TCD,TCD_5026,Kounoungou camp,2.0,2015,2015,1916.0,0.108069,270232.0
TCD,TCD_5054,Krim Krim,4.0,2015,2015,8699.0,0.464772,2016935.0
TCD,TCD_5177,Kyabe,7.0,2015,2015,33935.0,1.052083,5523982.0
TCD,TCD_5200,Lai,7.0,2015,2015,33237.0,1.370174,7478676.0
TCD,TCD_5258,Lere,8.0,2015,2015,21017.0,0.851892,3724005.0
TCD,TCD_5492,Magrane,1.0,2015,2015,3486.0,0.179465,703703.0
TCD,TCD_5642,Mandelia,4.0,2015,2015,4616.0,0.472414,2198756.0
TCD,TCD_5651,Mangalme,2.0,2015,2015,8187.0,0.303472,1500978.0
TCD,TCD_5701,Mao,9.0,2015,2015,17665.0,1.313285,7401294.0
TCD,TCD_5729,Maro,1.0,2015,2015,1227.0,0.061638,154113.0
TCD,TCD_5772,Massaguet,7.0,2015,2015,13053.0,1.075395,5923552.0
TCD,TCD_5773,Massakory,8.0,2015,2015,23811.0,0.900294,4261088.0
TCD,TCD_5847,Mbalkabra,4.0,2015,2015,7236.0,0.349331,1225320.0
TCD,TCD_59,Abougoudam,1.0,2015,2015,1359.0,0.093251,233131.0
TCD,TCD_5924,Melfi,3.0,2015,2015,12964.0,0.280311,1173531.0
TCD,TCD_6006,Mile Camp,2.0,2015,2015,1536.0,0.132803,332075.0
TCD,TCD_6196,Moissala,5.0,2015,2015,14492.0,0.754979,4164644.0
TCD,TCD_6219,Mongo,12.0,2015,2015,63037.0,1.683864,9338917.0
TCD,TCD_6268,Moundou,50.0,2015,2015,183198.0,9.605643,62572016.0
TCD,TCD_6272,Moussoro,10.0,2015,2015,37159.0,1.21937,6414857.0
TCD,TCD_6611,Ndam,0.0,2015,2015,292.0,0.029305,73264.0
TCD,TCD_6627,Ndjamena,212.0,2015,2015,1204744.0,57.61448,401418208.0
TCD,TCD_6686,Ngama,3.0,2015,2015,7883.0,0.580595,3070430.0
TCD,TCD_6716,Ngouri,3.0,2015,2015,7462.0,0.343528,1377386.0
TCD,TCD_7220,Oum Hadjer,7.0,2015,2015,26681.0,1.034152,6498893.0
TCD,TCD_7228,Oure Cassoni camp,5.0,2015,2015,6188.0,0.577161,2950582.0
TCD,TCD_7267,Pala,20.0,2015,2015,46381.0,2.211543,10875101.0
TCD,TCD_7302,Peni I,5.0,2015,2015,7852.0,0.328949,892925.0
TCD,TCD_7693,Salal,1.0,2015,2015,953.0,0.016679,9108.0
TCD,TCD_7794,Sarh,30.0,2015,2015,110451.0,5.692832,34813824.0
TCD,TCD_8515,Tine Djangarba,8.0,2015,2015,15898.0,1.218573,6395891.0
TCD,TCD_8596,Touloum camp,3.0,2015,2015,3470.0,0.200561,562005.0
TCD,TCD_9061,Yaroungou camp,3.0,2015,2015,8341.0,0.507654,2801739.0
TGO,TGO_1212,Anfoin,5.0,2015,2015,7790.0,0.783654,4269871.0
TGO,TGO_1216,Anie,14.0,2015,2015,44841.0,2.858467,14989069.0
TGO,TGO_1337,Asrama,3.0,2015,2015,5404.0,0.729254,4778872.0
TGO,TGO_1340,Assahoun,8.0,2015,2015,14699.0,1.511215,10120364.0
TGO,TGO_1351,Atakpame,25.0,2015,2015,86893.0,6.207292,41883616.0
TGO,TGO_1374,Attitogon,3.0,2015,2015,6785.0,0.574584,3060355.0
TGO,TGO_1462,Badou,3.0,2015,2015,8129.0,0.594028,4555802.0
TGO,TGO_1469,Bafilo,6.0,2015,2015,35681.0,1.294186,8295305.0
TGO,TGO_1705,Bassar,9.0,2015,2015,22887.0,1.957415,10792410.0
TGO,TGO_173,Adeta,9.0,2015,2015,15874.0,1.559785,8305639.0
TGO,TGO_196,Adjengre,6.0,2015,2015,10900.0,0.953131,4422748.0
TGO,TGO_1969,Blitta,8.0,2015,2015,14769.0,1.1562,5128371.0
TGO,TGO_221,Afagnagan,8.0,2015,2015,26767.0,1.478192,10288046.0
TGO,TGO_2492,Cinkassi/Cinkanse [TGO],13.0,2015,2015,43651.0,2.783648,17059144.0
TGO,TGO_2609,Dapaong,40.0,2015,2015,95905.0,7.881092,48477480.0
TGO,TGO_2640,Datcha,3.0,2015,2015,5287.0,0.486679,1855735.0
TGO,TGO_285,Ahépé,9.0,2015,2015,18897.0,1.461867,9635421.0
TGO,TGO_2936,Dzrekpo,4.0,2015,2015,7127.0,0.796817,4887586.0
TGO,TGO_3538,Glei,6.0,2015,2015,16782.0,1.259944,8667909.0
TGO,TGO_3540,Glidji,7.0,2015,2015,11197.0,0.96068,4157366.0
TGO,TGO_3635,Guerin Kouka,7.0,2015,2015,9954.0,0.830872,4038733.0
TGO,TGO_3711,Hahotoé,8.0,2015,2015,27795.0,1.935652,16362054.0
TGO,TGO_413,Aklakou,5.0,2015,2015,9023.0,0.921478,5859422.0
TGO,TGO_4261,Kaboli,4.0,2015,2015,7214.0,0.91191,4885928.0
TGO,TGO_4271,Kabou,4.0,2015,2015,8733.0,0.76478,3902760.0
TGO,TGO_4503,Kante,8.0,2015,2015,8179.0,0.839705,4315989.0
TGO,TGO_4550,Kara,59.0,2015,2015,128783.0,9.821229,58635472.0
TGO,TGO_4732,Ketao,5.0,2015,2015,12230.0,1.183619,6561485.0
TGO,TGO_4994,Korbongou-Centre,9.0,2015,2015,10772.0,0.893543,3617495.0
TGO,TGO_5034,Kouve,6.0,2015,2015,13195.0,1.097695,7630561.0
TGO,TGO_5038,Kpalime,29.0,2015,2015,88371.0,6.07147,40718688.0
TGO,TGO_5043,Kpekpleme,3.0,2015,2015,8505.0,0.515053,2720043.0
TGO,TGO_5044,Kpele-Ele,1.0,2015,2015,1420.0,0.200358,724626.0
TGO,TGO_5208,Lama-Bou,9.0,2015,2015,7356.0,0.632154,1854546.0
TGO,TGO_5317,Lomé,355.0,2015,2015,1989420.0,107.189808,1107457920.0
TGO,TGO_5653,Mango,7.0,2015,2015,15975.0,1.473826,7675691.0
TGO,TGO_6743,Niamtougou,21.0,2015,2015,18313.0,1.766299,6855160.0
TGO,TGO_6849,Notse,13.0,2015,2015,45348.0,2.820045,20074092.0
TGO,TGO_7259,Pagala-Gare,6.0,2015,2015,10499.0,0.729289,3144527.0
TGO,TGO_8149,Sokode,37.0,2015,2015,110804.0,7.908648,51931148.0
TGO,TGO_8180,Sotouboua,10.0,2015,2015,22249.0,1.836669,10053325.0
TGO,TGO_8257,Tabligbo,8.0,2015,2015,34163.0,1.779108,14159334.0
TGO,TGO_8267,Tado,2.0,2015,2015,7170.0,0.442559,2507432.0
TGO,TGO_8409,Tchamba,9.0,2015,2015,23308.0,1.835065,10161029.0
TGO,TGO_8413,Tchekpo-Dedekpoe,2.0,2015,2015,6000.0,0.418584,2790811.0
TGO,TGO_8550,Tohoun,3.0,2015,2015,9058.0,0.430087,1647937.0
TGO,TGO_8623,Tsévié,102.0,2015,2015,225254.0,15.418244,122337328.0
TGO,TGO_8887,Vogan,10.0,2015,2015,27479.0,1.923134,14717136.0
TGO,TGO_8924,Wahala,2.0,2015,2015,4108.0,0.412839,2722312.0
TZA,TZA_1302,Arusha,335.0,2015,2015,774492.0,49.090608,332752192.0
TZA,TZA_1446,Babati,20.0,2015,2015,48076.0,3.034021,16398006.0
TZA,TZA_1476,Bagamoyo ,11.0,2015,2015,31597.0,2.286987,13591230.0
TZA,TZA_1477,Bagamoyo ,21.0,2015,2015,33001.0,2.009257,10460881.0
TZA,TZA_1667,Barabarani,4.0,2015,2015,6579.0,0.410898,1447439.0
TZA,TZA_1685,Bariadi,14.0,2015,2015,37499.0,2.178041,10867562.0
TZA,TZA_1883,Biharamulo Mjini,4.0,2015,2015,12566.0,0.676173,3656920.0
TZA,TZA_2185,Bugarama,6.0,2015,2015,15104.0,1.05978,5232410.0
TZA,TZA_2189,Bugogwa,6.0,2015,2015,11424.0,0.930799,3779128.0
TZA,TZA_2201,Bukoba,53.0,2015,2015,141502.0,6.818053,41112828.0
TZA,TZA_2224,Bunda,26.0,2015,2015,64794.0,3.892837,19513544.0
TZA,TZA_2230,Bungu,6.0,2015,2015,11134.0,0.735272,3274317.0
TZA,TZA_2239,Bupandwamhela,3.0,2015,2015,6087.0,0.365309,1153576.0
TZA,TZA_2285,Butiama 1,5.0,2015,2015,6059.0,0.5067,1784002.0
TZA,TZA_2302,Bwanga,4.0,2015,2015,10933.0,0.77675,3615727.0
TZA,TZA_2359,Chake Chake,9.0,2015,2015,48363.0,1.484643,9282882.0
TZA,TZA_2360,Chala,2.0,2015,2015,5414.0,0.394881,1686350.0
TZA,TZA_2362,Chalinze,6.0,2015,2015,28570.0,1.260752,7372149.0
TZA,TZA_2369,Chanika,10.0,2015,2015,32326.0,1.534393,8880632.0
TZA,TZA_2375,Chato,10.0,2015,2015,35180.0,1.581818,7126946.0
TZA,TZA_2427,Chimala,6.0,2015,2015,23596.0,1.428493,7371524.0
TZA,TZA_2451,Chiwezi,5.0,2015,2015,20906.0,1.299638,9551889.0
TZA,TZA_2622,Dar es Salaam,1105.0,2015,2015,4898898.0,214.16648,1597250176.0
TZA,TZA_2821,Dodoma,131.0,2015,2015,297338.0,25.209838,150068720.0
TZA,TZA_2902,Dumila,8.0,2015,2015,27109.0,1.324825,6510593.0
TZA,TZA_3108,Endasak,6.0,2015,2015,9618.0,0.660991,2446657.0
TZA,TZA_3157,Etaro,16.0,2015,2015,17294.0,1.367164,3486689.0
TZA,TZA_3323,Gairo,8.0,2015,2015,46979.0,1.71881,9336307.0
TZA,TZA_3713,Hai Mjini,25.0,2015,2015,57408.0,4.276981,28918228.0
TZA,TZA_3789,Hedaru,5.0,2015,2015,16317.0,0.952002,6481389.0
TZA,TZA_3899,Ifakara,32.0,2015,2015,109160.0,6.141617,36547468.0
TZA,TZA_3914,Igala,15.0,2015,2015,24835.0,1.189548,2974240.0
TZA,TZA_3945,Igowole,11.0,2015,2015,10981.0,1.52408,5370300.0
TZA,TZA_3948,Igunga,16.0,2015,2015,35176.0,2.092829,10923243.0
TZA,TZA_3950,Igurusi,6.0,2015,2015,15067.0,1.258166,6730129.0
TZA,TZA_4005,Ikwiriri,9.0,2015,2015,31434.0,1.733742,11501723.0
TZA,TZA_4035,Ilula,5.0,2015,2015,20304.0,1.449314,8979637.0
TZA,TZA_4089,Iringa,42.0,2015,2015,115414.0,8.661864,62383004.0
TZA,TZA_4096,Isagehe 2,6.0,2015,2015,7352.0,0.631984,1849991.0
TZA,TZA_4097,Isagehe 1,9.0,2015,2015,7036.0,0.830912,2336350.0
TZA,TZA_4098,Isaka,5.0,2015,2015,10809.0,0.980462,4322430.0
TZA,TZA_4135,Itewe,6.0,2015,2015,14735.0,1.252665,8089411.0
TZA,TZA_4137,Itigi,8.0,2015,2015,13445.0,1.462068,7292593.0
TZA,TZA_4273,Kabuku,4.0,2015,2015,15009.0,0.771905,4357068.0
TZA,TZA_4403,Kagongwa,7.0,2015,2015,16681.0,1.645817,8378806.0
TZA,TZA_4405,Kahama,67.0,2015,2015,145568.0,12.786236,73645752.0
TZA,TZA_4441,Geita,41.0,2015,2015,116499.0,6.553984,36642396.0
TZA,TZA_4452,Kalinzi,16.0,2015,2015,25310.0,1.496909,4068324.0
TZA,TZA_4455,Kaliua,6.0,2015,2015,10996.0,1.098714,4815995.0
TZA,TZA_4500,Kanazi,15.0,2015,2015,16901.0,0.82316,2258786.0
TZA,TZA_4565,Karatu,20.0,2015,2015,37917.0,2.542179,12459757.0
TZA,TZA_4590,Kasamwa,5.0,2015,2015,14841.0,0.830889,3627155.0
TZA,TZA_4596,Kaseke,5.0,2015,2015,11707.0,0.772452,3346466.0
TZA,TZA_4602,Kashasha,5.0,2015,2015,8069.0,0.350114,892372.0
TZA,TZA_4603,Mpanda,28.0,2015,2015,92641.0,5.882398,37206072.0
TZA,TZA_4618,Kasulu Mjini,27.0,2015,2015,100199.0,4.425075,24853128.0
TZA,TZA_4640,Katesh,6.0,2015,2015,12713.0,0.881044,3865093.0
TZA,TZA_4651,Katoke ,11.0,2015,2015,12828.0,0.521174,1303246.0
TZA,TZA_4653,Katoro,22.0,2015,2015,87444.0,4.952315,30929000.0
TZA,TZA_4668,Kayanga,9.0,2015,2015,21474.0,0.88056,3722598.0
TZA,TZA_4678,Kazumarimba,5.0,2015,2015,11474.0,0.871276,4066759.0
TZA,TZA_4693,Kisumu/Mbale/Busia/Sirari [TZA],421.0,2015,2015,921.0,0.06786,240969.0
TZA,TZA_4711,Kengeja,5.0,2015,2015,14148.0,0.609415,2053710.0
TZA,TZA_4772,Kibaigwa,6.0,2015,2015,31909.0,1.351,8351022.0
TZA,TZA_4776,Kibara,11.0,2015,2015,13549.0,1.042954,3937033.0
TZA,TZA_4778,Kibaya,5.0,2015,2015,26496.0,1.22807,6833254.0
TZA,TZA_4783,Kibiti,7.0,2015,2015,15079.0,0.885363,5743956.0
TZA,TZA_4788,Kibondo Mjini,6.0,2015,2015,29246.0,1.323472,9365133.0
TZA,TZA_4796,Kidatu,6.0,2015,2015,17435.0,1.171408,5350424.0
TZA,TZA_4798,Kidodi,7.0,2015,2015,27277.0,1.359234,7532363.0
TZA,TZA_4805,Kigoma,57.0,2015,2015,239085.0,13.370337,98249656.0
TZA,TZA_4820,Kilindoni,9.0,2015,2015,13632.0,0.886753,3069399.0
TZA,TZA_4826,Kilosa,7.0,2015,2015,28619.0,1.247389,7032005.0
TZA,TZA_4835,Kilimahewa,4.0,2015,2015,7466.0,0.644323,3456688.0
TZA,TZA_4876,Kirando,4.0,2015,2015,8119.0,0.839949,4486957.0
TZA,TZA_4893,Kisarawe,4.0,2015,2015,6126.0,0.372999,1759180.0
TZA,TZA_4908,Kitama,6.0,2015,2015,8531.0,0.841793,3634148.0
TZA,TZA_4909,Kitanga,6.0,2015,2015,12643.0,0.729539,3018656.0
TZA,TZA_4925,Kiwira,7.0,2015,2015,13731.0,0.828139,4264464.0
TZA,TZA_4975,Konde,3.0,2015,2015,12040.0,0.328681,1373695.0
TZA,TZA_4976,Kondoa Mjini,12.0,2015,2015,27545.0,2.153153,11426659.0
TZA,TZA_4983,Kongwa,7.0,2015,2015,19281.0,1.133878,4926271.0
TZA,TZA_5000,Korogwe,17.0,2015,2015,52253.0,2.911611,20230412.0
TZA,TZA_5078,Kukirango,6.0,2015,2015,7006.0,0.555942,1822531.0
TZA,TZA_5180,Kyela Mjini ,47.0,2015,2015,76679.0,4.15068,17850068.0
TZA,TZA_5193,Laela,3.0,2015,2015,10956.0,0.735216,3891588.0
TZA,TZA_5282,Lindi,11.0,2015,2015,41362.0,2.110531,14661029.0
TZA,TZA_5292,Liwale Mjini,9.0,2015,2015,21929.0,2.263848,14152951.0
TZA,TZA_5401,Lushoto,15.0,2015,2015,30626.0,1.473192,7292754.0
TZA,TZA_5404,Lutale,12.0,2015,2015,13707.0,0.964279,3143643.0
TZA,TZA_5437,Madaba,5.0,2015,2015,5922.0,0.79838,3516115.0
TZA,TZA_5469,Mafinga,34.0,2015,2015,49293.0,6.194902,38502640.0
TZA,TZA_5488,Magomeni,2.0,2015,2015,5705.0,0.295051,1319921.0
TZA,TZA_5494,Magu Mjini,13.0,2015,2015,33366.0,2.104663,10876820.0
TZA,TZA_5495,Magugu,9.0,2015,2015,18647.0,1.253433,6048287.0
TZA,TZA_5534,Mahuta,5.0,2015,2015,11366.0,0.936738,4503747.0
TZA,TZA_5555,Makambako,30.0,2015,2015,54939.0,6.479226,38386748.0
TZA,TZA_5567,Makere,3.0,2015,2015,7724.0,0.499692,2102271.0
TZA,TZA_5576,Makongorosi,2.0,2015,2015,8232.0,0.719848,4144263.0
TZA,TZA_5611,Malindi,22.0,2015,2015,27380.0,1.977598,6944568.0
TZA,TZA_5697,Manyoni,12.0,2015,2015,28174.0,2.212123,11592678.0
TZA,TZA_5703,Maposeni,7.0,2015,2015,9925.0,1.087812,4291207.0
TZA,TZA_5712,Maramba,3.0,2015,2015,9260.0,0.346776,1763257.0
TZA,TZA_5746,Masama,74.0,2015,2015,73836.0,6.342182,21241036.0
TZA,TZA_5750,Masasi,26.0,2015,2015,56912.0,4.842525,26335754.0
TZA,TZA_5781,Matai,3.0,2015,2015,10542.0,0.564538,2839329.0
TZA,TZA_5796,Matema,51.0,2015,2015,37746.0,2.014214,5131616.0
TZA,TZA_5799,Mateves,4.0,2015,2015,12064.0,0.627481,2835620.0
TZA,TZA_5802,Matongo ,11.0,2015,2015,23356.0,1.565044,6482285.0
TZA,TZA_5849,Mbamba Bay,13.0,2015,2015,8558.0,0.958553,2730234.0
TZA,TZA_5865,Mbeya,147.0,2015,2015,490890.0,30.422802,207133280.0
TZA,TZA_5869,Mbinga Mjini,16.0,2015,2015,30617.0,2.853877,15270906.0
TZA,TZA_5874,Mbomai,442.0,2015,2015,356950.0,32.436708,98762088.0
TZA,TZA_5881,Mbuguni,8.0,2015,2015,6375.0,0.780877,2017259.0
TZA,TZA_5883,Mbulu Mjini,15.0,2015,2015,19727.0,1.392822,5791502.0
TZA,TZA_5981,Mhonda,4.0,2015,2015,14713.0,0.679403,3631580.0
TZA,TZA_6003,Mikumi,6.0,2015,2015,20352.0,1.020435,4471369.0
TZA,TZA_6069,Mirerani,7.0,2015,2015,33136.0,1.642503,10037923.0
TZA,TZA_6073,Misasi,3.0,2015,2015,5884.0,0.477446,1804571.0
TZA,TZA_6087,Misungwi,9.0,2015,2015,20578.0,1.417673,5828757.0
TZA,TZA_6145,Mkata,5.0,2015,2015,15841.0,0.691909,4179454.0
TZA,TZA_6148,Mkoma,8.0,2015,2015,9823.0,0.844337,2945775.0
TZA,TZA_6153,Mkuranga,13.0,2015,2015,19978.0,1.129943,4897682.0
TZA,TZA_6157,Mkwajuni 1,21.0,2015,2015,51355.0,2.63125,10514849.0
TZA,TZA_6158,Mkwajuni 2,2.0,2015,2015,7308.0,0.558004,3604687.0
TZA,TZA_6159,Mlandege,11.0,2015,2015,24824.0,1.904701,10068014.0
TZA,TZA_6160,Mlandizi,10.0,2015,2015,38662.0,2.132139,14010181.0
TZA,TZA_6161,Mlimba,9.0,2015,2015,22985.0,1.424861,6907678.0
TZA,TZA_6162,Mlowo,19.0,2015,2015,27477.0,2.661372,15433008.0
TZA,TZA_6217,Monduli,8.0,2015,2015,11869.0,0.879107,3872778.0
TZA,TZA_6243,Morogoro,106.0,2015,2015,336085.0,18.982516,108219112.0
TZA,TZA_6252,Moshi,310.0,2015,2015,452965.0,31.77002,160760992.0
TZA,TZA_6298,Mpuguso,5.0,2015,2015,6687.0,0.446519,1316878.0
TZA,TZA_6302,Mpwapwa,12.0,2015,2015,34205.0,1.871915,10432354.0
TZA,TZA_6309,Mtama,4.0,2015,2015,7702.0,0.602368,2675127.0
TZA,TZA_6310,Mtibwa,8.0,2015,2015,24091.0,1.208438,6161794.0
TZA,TZA_6315,Mtumba,6.0,2015,2015,10008.0,1.273074,6383988.0
TZA,TZA_6318,Mtwara,38.0,2015,2015,105339.0,6.350366,38863404.0
TZA,TZA_6333,Muganza,7.0,2015,2015,12557.0,0.894939,3769902.0
TZA,TZA_6338,Mugumu Mjini,15.0,2015,2015,21354.0,1.767245,7746582.0
TZA,TZA_6341,Muheza,12.0,2015,2015,49410.0,1.875202,13624772.0
TZA,TZA_6358,Muleba,14.0,2015,2015,31749.0,1.181452,4089220.0
TZA,TZA_6373,Makiungu ,3.0,2015,2015,4008.0,0.36583,1452059.0
TZA,TZA_6403,Muriti,17.0,2015,2015,24585.0,1.071808,2748582.0
TZA,TZA_6418,Musoma,45.0,2015,2015,143318.0,8.105679,45169012.0
TZA,TZA_6448,Mwamanyili,5.0,2015,2015,8442.0,0.730881,2803198.0
TZA,TZA_6451,Mwanga,7.0,2015,2015,13890.0,0.819904,4528331.0
TZA,TZA_6452,Mwangoi,13.0,2015,2015,19052.0,1.314233,4951467.0
TZA,TZA_6453,Mwanhuzi,7.0,2015,2015,17602.0,1.055637,5311172.0
TZA,TZA_6454,Mwanza,225.0,2015,2015,772125.0,45.779136,379469984.0
TZA,TZA_6460,Mwayaya,26.0,2015,2015,47763.0,2.9332,12330740.0
TZA,TZA_6474,Mzizima,2.0,2015,2015,6981.0,0.353202,2288922.0
TZA,TZA_6489,Nachingwea,19.0,2015,2015,37407.0,2.550671,10880257.0
TZA,TZA_6508,Naipanga,4.0,2015,2015,7536.0,0.710319,2739086.0
TZA,TZA_6515,Nakonde/Tunduma [TZA],18.0,2015,2015,102256.0,4.884709,54282860.0
TZA,TZA_6524,Namanyere,7.0,2015,2015,20322.0,1.200192,5238651.0
TZA,TZA_6546,Nangomba,5.0,2015,2015,15764.0,1.137793,6368216.0
TZA,TZA_6548,Nansio,38.0,2015,2015,89520.0,3.781534,15762438.0
TZA,TZA_6550,Nanyamba,4.0,2015,2015,9405.0,0.824484,4261396.0
TZA,TZA_6640,Ndungu,4.0,2015,2015,7397.0,0.570147,3059669.0
TZA,TZA_6695,Ngara,7.0,2015,2015,17959.0,0.765213,3813827.0
TZA,TZA_6718,Ngudu,8.0,2015,2015,17126.0,1.112018,5022503.0
TZA,TZA_6727,Nguruka,4.0,2015,2015,12817.0,0.90517,4899749.0
TZA,TZA_6779,Njombe Mjini,59.0,2015,2015,60520.0,7.482486,46017896.0
TZA,TZA_6798,Nkome 2,3.0,2015,2015,6058.0,0.352442,1302511.0
TZA,TZA_6810,Nkungwe,11.0,2015,2015,22758.0,1.455351,5434035.0
TZA,TZA_6864,Nshamba,11.0,2015,2015,17145.0,0.769634,1938280.0
TZA,TZA_6897,Nyakafulu,9.0,2015,2015,18831.0,1.911546,9655538.0
TZA,TZA_6898,Nyakahanga,12.0,2015,2015,22557.0,0.916433,3053450.0
TZA,TZA_6900,Nyalikungu,14.0,2015,2015,22771.0,1.647817,6805198.0
TZA,TZA_6911,Nyangao,6.0,2015,2015,9045.0,0.678559,2326818.0
TZA,TZA_6913,Nyanguge,5.0,2015,2015,8623.0,0.661633,2847262.0
TZA,TZA_6917,Nyarubanda,8.0,2015,2015,12650.0,0.761114,1974501.0
TZA,TZA_6925,Nzega,17.0,2015,2015,40582.0,3.10093,15628419.0
TZA,TZA_7066,Old Shinyanga,5.0,2015,2015,5077.0,0.388958,1197771.0
TZA,TZA_7556,Ruangwa,6.0,2015,2015,18292.0,1.084025,6200582.0
TZA,TZA_7572,Rujewa,7.0,2015,2015,27915.0,1.93779,11423186.0
TZA,TZA_7715,Same Mjini,14.0,2015,2015,32357.0,1.540873,8402549.0
TZA,TZA_7868,Sengerema,27.0,2015,2015,73314.0,4.374919,24099476.0
TZA,TZA_7963,Shelui,6.0,2015,2015,10449.0,0.890191,3940860.0
TZA,TZA_7984,Shinyanga,55.0,2015,2015,113742.0,8.411453,46576740.0
TZA,TZA_8112,Singida,43.0,2015,2015,97765.0,7.093068,38093396.0
TZA,TZA_8167,Songea,66.0,2015,2015,157596.0,11.985154,69833384.0
TZA,TZA_8172,Songwa,4.0,2015,2015,9977.0,0.679746,3264901.0
TZA,TZA_8231,Sumbawanga,40.0,2015,2015,148525.0,8.398675,61769800.0
TZA,TZA_8259,Tabora,49.0,2015,2015,138526.0,11.323613,72410816.0
TZA,TZA_8353,Tandahimba,11.0,2015,2015,27221.0,1.901514,9697192.0
TZA,TZA_8357,Tanga 1,55.0,2015,2015,235146.0,10.645349,70113680.0
TZA,TZA_8387,Tarime,38.0,2015,2015,63513.0,3.921369,17489148.0
TZA,TZA_8676,Tunduru,12.0,2015,2015,46897.0,2.491732,14603356.0
TZA,TZA_8694,Ubaruku,7.0,2015,2015,22486.0,1.94029,11019168.0
TZA,TZA_8783,Urambo,13.0,2015,2015,21030.0,2.052615,9731848.0
TZA,TZA_8790,Usagara,10.0,2015,2015,17698.0,1.328376,5005929.0
TZA,TZA_8795,Ushirombo,15.0,2015,2015,39914.0,3.215115,19819052.0
TZA,TZA_8800,Utete,4.0,2015,2015,8756.0,0.527698,2736831.0
TZA,TZA_8807,Uyovu,7.0,2015,2015,17049.0,1.447445,8014702.0
TZA,TZA_8826,Vigoi,8.0,2015,2015,19709.0,0.972327,4740893.0
TZA,TZA_8902,Vwawa,17.0,2015,2015,35383.0,3.316939,23974712.0
TZA,TZA_8995,Wete,3.0,2015,2015,33183.0,0.830533,6833951.0
TZA,TZA_9125,Zanzibar,190.0,2015,2015,752446.0,32.405488,217463936.0
UGA,UGA_1185,Amolatar,30.0,2015,2015,12737.0,1.174073,2935817.0
UGA,UGA_1197,Anaka,2.0,2015,2015,3926.0,0.282894,910415.0
UGA,UGA_1249,Apac,12.0,2015,2015,8196.0,0.726801,2222052.0
UGA,UGA_1300,Arua,80.0,2015,2015,97620.0,12.011909,60299168.0
UGA,UGA_1503,Magamaga ,5.0,2015,2015,12708.0,0.631816,2147445.0
UGA,UGA_198,Adjumani,16.0,2015,2015,17862.0,2.681629,12997185.0
UGA,UGA_2187,Bugiri,34.0,2015,2015,51511.0,2.664215,11579270.0
UGA,UGA_2210,Buliisa,11.0,2015,2015,14175.0,0.947156,2997934.0
UGA,UGA_2213,Bulo ,13.0,2015,2015,7454.0,0.666567,1827781.0
UGA,UGA_2226,Bundibugyo,1.0,2015,2015,3192.0,0.213648,1353176.0
UGA,UGA_2262,Busembatia,8.0,2015,2015,12487.0,0.714271,2740354.0
UGA,UGA_2265,Bushenyi,4.0,2015,2015,3963.0,0.430273,1651189.0
UGA,UGA_2268,Kisumu/Mbale/Busia/Sirari [UGA] 2,281.0,2015,2015,226544.0,14.255626,45886192.0
UGA,UGA_2270,Busolwe,6.0,2015,2015,9354.0,0.474733,1394315.0
UGA,UGA_2272,Busowa Town Board,5.0,2015,2015,5879.0,0.402024,1170788.0
UGA,UGA_2277,Butaleja,8.0,2015,2015,9980.0,0.548361,1386666.0
UGA,UGA_2281,Butenga ,39.0,2015,2015,21306.0,2.124325,6666705.0
UGA,UGA_2293,Buwana ,21.0,2015,2015,14991.0,1.119394,3452950.0
UGA,UGA_2296,Buyanga,37.0,2015,2015,43941.0,2.504435,7891184.0
UGA,UGA_2305,Bweyale,18.0,2015,2015,17224.0,1.388196,5134778.0
UGA,UGA_2833,Dokolo 1,11.0,2015,2015,5960.0,0.549515,1499315.0
UGA,UGA_3264,Fort Portal,220.0,2015,2015,179285.0,14.479111,42049912.0
UGA,UGA_3362,Natteta ,7.0,2015,2015,7590.0,0.541916,1587302.0
UGA,UGA_3526,Bunagana,66.0,2015,2015,66964.0,4.87624,15803259.0
UGA,UGA_3566,Gombe,6.0,2015,2015,4394.0,0.430709,1507967.0
UGA,UGA_3660,Gulu,76.0,2015,2015,111322.0,9.91934,48633568.0
UGA,UGA_3808,Hima,3.0,2015,2015,4646.0,0.520208,3389283.0
UGA,UGA_3821,Hoima,54.0,2015,2015,61308.0,4.319536,19565268.0
UGA,UGA_3857,Ibanda,20.0,2015,2015,17905.0,1.847606,6916849.0
UGA,UGA_3917,Iganga,52.0,2015,2015,114908.0,6.646374,30293548.0
UGA,UGA_4108,Ishaka,36.0,2015,2015,25936.0,2.620722,9369386.0
UGA,UGA_4111,Ishongororo,3.0,2015,2015,2029.0,0.197498,494397.0
UGA,UGA_4213,Jinja,71.0,2015,2015,172341.0,9.916973,51975072.0
UGA,UGA_4242,Kabale,149.0,2015,2015,115976.0,9.12693,35834136.0
UGA,UGA_4265,Kabonera ,97.0,2015,2015,57106.0,4.720671,12526139.0
UGA,UGA_4268,Kaboong,2.0,2015,2015,8094.0,0.306374,1553592.0
UGA,UGA_4274,Kabulasoke ,20.0,2015,2015,10171.0,1.015131,2568064.0
UGA,UGA_4276,Kabuyanda,3.0,2015,2015,2856.0,0.211306,528329.0
UGA,UGA_4279,Sheema,25.0,2015,2015,18069.0,2.064816,6181084.0
UGA,UGA_4396,Kagadi,16.0,2015,2015,15407.0,0.868153,2509886.0
UGA,UGA_4426,Kakira,3.0,2015,2015,7999.0,0.495185,2654957.0
UGA,UGA_4433,Kakumiro,4.0,2015,2015,6955.0,0.26783,784983.0
UGA,UGA_4453,Kaliro,8.0,2015,2015,14147.0,0.748338,2378802.0
UGA,UGA_4454,Kalisizo,24.0,2015,2015,17857.0,2.138054,6965206.0
UGA,UGA_4462,Kalongo,3.0,2015,2015,3171.0,0.427097,1664729.0
UGA,UGA_4485,Kammengo,47.0,2015,2015,29535.0,2.67951,7165955.0
UGA,UGA_4486,Kampala,935.0,2015,2015,4063041.0,177.114384,1263155968.0
UGA,UGA_4491,Kamuli,30.0,2015,2015,36433.0,2.248227,8110705.0
UGA,UGA_4493,Kamwenge,3.0,2015,2015,3771.0,0.27672,905763.0
UGA,UGA_4510,Kangulumira,17.0,2015,2015,22442.0,1.336505,4184203.0
UGA,UGA_4525,Kanungu,6.0,2015,2015,4981.0,0.471781,1547243.0
UGA,UGA_4601,Kasese,20.0,2015,2015,49444.0,4.053498,26399028.0
UGA,UGA_4637,Katende,11.0,2015,2015,8824.0,0.804902,2129609.0
UGA,UGA_4652,Katooke,3.0,2015,2015,2316.0,0.159263,398217.0
UGA,UGA_4658,Karujanga ,3.0,2015,2015,1996.0,0.203965,571425.0
UGA,UGA_4664,Kaya/Oraba [UGA],1.0,2015,2015,15.0,0.000938,2348.0
UGA,UGA_4675,Kayunga central,6.0,2015,2015,10888.0,0.725245,3439427.0
UGA,UGA_4786,Kiboga,28.0,2015,2015,25316.0,1.553659,5533723.0
UGA,UGA_4803,Nankoma,13.0,2015,2015,13980.0,0.771093,2015743.0
UGA,UGA_4806,Kigumba,11.0,2015,2015,10933.0,0.786419,2715528.0
UGA,UGA_4807,Kihihi,43.0,2015,2015,26791.0,2.893034,8102144.0
UGA,UGA_4915,Kitgum,18.0,2015,2015,20918.0,2.651203,12807411.0
UGA,UGA_4921,Kityerera,8.0,2015,2015,13948.0,0.773621,2142725.0
UGA,UGA_4926,Kiwoko,4.0,2015,2015,3780.0,0.306207,835279.0
UGA,UGA_4939,Koboko,24.0,2015,2015,29055.0,3.706102,19068334.0
UGA,UGA_5007,Kotido-Central Division,3.0,2015,2015,10194.0,0.527941,2323862.0
UGA,UGA_5118,Kumi,17.0,2015,2015,14252.0,1.308203,4781880.0
UGA,UGA_5178,Kyampisi ,33.0,2015,2015,33532.0,2.618762,8184908.0
UGA,UGA_5179,Kyanzaga,2.0,2015,2015,2572.0,0.428236,2167353.0
UGA,UGA_5181,Kyenjojo,3.0,2015,2015,3860.0,0.297111,791198.0
UGA,UGA_5185,Kyotera,22.0,2015,2015,18608.0,2.322772,8776693.0
UGA,UGA_5287,Lira,98.0,2015,2015,101298.0,10.014438,47266024.0
UGA,UGA_5360,Ntanzi ,10.0,2015,2015,9655.0,0.718493,2138357.0
UGA,UGA_5362,Lugazi,42.0,2015,2015,49379.0,3.339739,12384369.0
UGA,UGA_5370,Lukaya,19.0,2015,2015,14031.0,1.519138,5195551.0
UGA,UGA_5406,Luuka,5.0,2015,2015,6454.0,0.375458,1106838.0
UGA,UGA_5409,Luwero,23.0,2015,2015,32416.0,2.718299,14926779.0
UGA,UGA_5413,Lwengo,2.0,2015,2015,2349.0,0.309913,1656296.0
UGA,UGA_5414,Lyantonde,3.0,2015,2015,5186.0,0.548027,2553108.0
UGA,UGA_5590,Kisumu/Mbale/Busia/Sirari [UGA] 3,51.0,2015,2015,80.0,0.003199,10994.0
UGA,UGA_5745,Masaka,71.0,2015,2015,91789.0,7.89157,44797220.0
UGA,UGA_5766,Masindi,30.0,2015,2015,32389.0,2.226645,8226500.0
UGA,UGA_5777,Masulita,4.0,2015,2015,6086.0,0.26446,786321.0
UGA,UGA_5794,Mateete,2.0,2015,2015,2436.0,0.280381,1466585.0
UGA,UGA_5845,Mbale,1332.0,2015,2015,1578062.0,74.930512,223071904.0
UGA,UGA_5855,Mbarara,70.0,2015,2015,105956.0,9.86775,63856888.0
UGA,UGA_6140,Mityana,32.0,2015,2015,40657.0,3.21987,17905572.0
UGA,UGA_6248,Moroto,6.0,2015,2015,28032.0,0.867212,3903647.0
UGA,UGA_6280,Moyo,13.0,2015,2015,11806.0,1.867952,8607364.0
UGA,UGA_6288,Mpigi,36.0,2015,2015,25889.0,2.492214,7736999.0
UGA,UGA_6293,Mpondwe/Lhubiriha [UGA],197.0,2015,2015,206067.0,12.771741,43349348.0
UGA,UGA_6324,Mubende,12.0,2015,2015,28698.0,1.587287,9014858.0
UGA,UGA_6504,Nagongera,11.0,2015,2015,8807.0,0.533883,1334915.0
UGA,UGA_6511,Najja ,17.0,2015,2015,17001.0,1.182003,3553100.0
UGA,UGA_6525,Namasale,2.0,2015,2015,898.0,0.135077,337684.0
UGA,UGA_6539,Namutumba,9.0,2015,2015,14139.0,0.828582,2941655.0
UGA,UGA_6645,Nebbi*,12.0,2015,2015,20744.0,1.927681,10220409.0
UGA,UGA_6774,Njeru,38.0,2015,2015,65913.0,4.532411,20088140.0
UGA,UGA_6797,Nkombe,3.0,2015,2015,2951.0,0.233996,585015.0
UGA,UGA_6800,Nkonkonjeru,9.0,2015,2015,9622.0,0.598025,1684225.0
UGA,UGA_6806,Kayabwe ,7.0,2015,2015,6906.0,0.583642,1709737.0
UGA,UGA_6882,Ntwetwe,2.0,2015,2015,3592.0,0.185912,590627.0
UGA,UGA_7243,Ocini ,3.0,2015,2015,1363.0,0.179169,447957.0
UGA,UGA_7257,Pader,5.0,2015,2015,3467.0,0.538651,2014697.0
UGA,UGA_7261,Paidha ,11.0,2015,2015,17796.0,1.584364,8513788.0
UGA,UGA_7266,Pakwach,6.0,2015,2015,11095.0,0.830918,2850208.0
UGA,UGA_7269,Pallisa,28.0,2015,2015,36115.0,2.41022,7592878.0
UGA,UGA_7294,Patongo,4.0,2015,2015,3978.0,0.520168,1980051.0
UGA,UGA_7557,Rubaare,4.0,2015,2015,3864.0,0.305347,1028514.0
UGA,UGA_7575,Rukungiri,78.0,2015,2015,49079.0,5.747754,18978394.0
UGA,UGA_7860,Semuto,13.0,2015,2015,8556.0,0.741829,2249518.0
UGA,UGA_8176,Soroti,91.0,2015,2015,63174.0,7.098013,26793276.0
UGA,UGA_8925,Waibuga ,12.0,2015,2015,23141.0,1.1497,3245817.0
UGA,UGA_9007,Wobulenzi,32.0,2015,2015,31297.0,2.600774,10248852.0
UGA,UGA_9096,Yumbe,38.0,2015,2015,60903.0,4.120722,12997680.0
UGA,UGA_9178,Zombo,4.0,2015,2015,3440.0,0.300958,752464.0
ZAF,ZAF_1136,Amadiba,29.0,2015,2015,19187.0,2.312501,9108315.0
ZAF,ZAF_1150,Amashangana,21.0,2015,2015,29750.0,3.700588,19386596.0
ZAF,ZAF_1203,Andalusia Park,9.0,2015,2015,13630.0,1.853378,10325731.0
ZAF,ZAF_1227,Annieville,31.0,2015,2015,19030.0,1.482794,3946963.0
ZAF,ZAF_1328,Ashton,3.0,2015,2015,3647.0,0.565482,3207015.0
ZAF,ZAF_1364,Atlantis,10.0,2015,2015,36296.0,1.944761,10904726.0
ZAF,ZAF_1540,Ballito,21.0,2015,2015,53988.0,3.608747,32899948.0
ZAF,ZAF_1650,Bankuna 1,61.0,2015,2015,78050.0,10.765823,60732136.0
ZAF,ZAF_1651,Bankuna 2,26.0,2015,2015,41858.0,6.307318,39896104.0
ZAF,ZAF_1662,Bapo Ba Ga Mogale,25.0,2015,2015,38780.0,5.687586,31990080.0
ZAF,ZAF_1675,Barberton ,14.0,2015,2015,24877.0,2.974023,16459777.0
ZAF,ZAF_1676,Barcelona,5.0,2015,2015,7850.0,1.283952,7563061.0
ZAF,ZAF_1703,Basoto,37.0,2015,2015,28402.0,4.346072,23021432.0
ZAF,ZAF_1718,Batlharo,72.0,2015,2015,64855.0,11.214172,57031108.0
ZAF,ZAF_1744,Beaufort West,11.0,2015,2015,27584.0,2.542539,16185596.0
ZAF,ZAF_1768,Bekkersdal,5.0,2015,2015,14878.0,1.551158,9386164.0
ZAF,ZAF_1772,Belabela,13.0,2015,2015,16984.0,3.109238,18003766.0
ZAF,ZAF_1778,Bella Vista,2.0,2015,2015,3438.0,0.477746,2969145.0
ZAF,ZAF_1852,Bethal,10.0,2015,2015,17199.0,1.864885,10567229.0
ZAF,ZAF_1853,Bethanie,8.0,2015,2015,9161.0,1.854776,10162696.0
ZAF,ZAF_1855,Bethlehem,25.0,2015,2015,42548.0,6.01711,41478768.0
ZAF,ZAF_1860,Bhekuzulu,14.0,2015,2015,35842.0,3.373201,18905728.0
ZAF,ZAF_1861,Bhofolo,7.0,2015,2015,11521.0,1.466837,8683946.0
ZAF,ZAF_1946,Bisho,9.0,2015,2015,14083.0,1.422471,7847519.0
ZAF,ZAF_1970,Bloemfontein,211.0,2015,2015,369617.0,43.755288,314647744.0
ZAF,ZAF_1979,Bochum,13.0,2015,2015,14626.0,2.762901,13620833.0
ZAF,ZAF_1988,Boekenhouthoek,6.0,2015,2015,10283.0,1.192118,5921817.0
ZAF,ZAF_2001,Bohlabela,91.0,2015,2015,119750.0,16.358902,104963648.0
ZAF,ZAF_2002,Boikhutso,4.0,2015,2015,4898.0,0.854993,4622402.0
ZAF,ZAF_2003,Boitekong,4.0,2015,2015,6092.0,1.322912,7274068.0
ZAF,ZAF_2004,Bloemhof,4.0,2015,2015,6448.0,0.995303,5727276.0
ZAF,ZAF_2033,Bomvu,24.0,2015,2015,12793.0,1.712456,6392464.0
ZAF,ZAF_2051,Bontrug,3.0,2015,2015,2411.0,0.459435,2647919.0
ZAF,ZAF_2070,Boschfontein,9.0,2015,2015,12484.0,1.60816,7485985.0
ZAF,ZAF_2076,Botleng 1,8.0,2015,2015,13550.0,1.647108,9144503.0
ZAF,ZAF_2077,Botleng 2,7.0,2015,2015,11240.0,1.373276,8453078.0
ZAF,ZAF_2079,Botshabelo East,20.0,2015,2015,39110.0,4.632495,25988028.0
ZAF,ZAF_2080,Botshabelo North,21.0,2015,2015,39530.0,4.74533,27599900.0
ZAF,ZAF_2081,Botshabelo West,8.0,2015,2015,14984.0,1.51277,7494431.0
ZAF,ZAF_2159,Bredasdorp ,8.0,2015,2015,9836.0,1.267585,7310861.0
ZAF,ZAF_2216,Bultfontein,26.0,2015,2015,47453.0,5.264178,27996772.0
ZAF,ZAF_2228,Chavani,28.0,2015,2015,36554.0,4.613339,24035522.0
ZAF,ZAF_2264,Bushbuckridge,105.0,2015,2015,123827.0,19.340804,99710112.0
ZAF,ZAF_2288,Butterworth,16.0,2015,2015,8582.0,1.589143,7149805.0
ZAF,ZAF_2321,Cala,6.0,2015,2015,7507.0,1.037733,5539124.0
ZAF,ZAF_2323,Caledon,6.0,2015,2015,10642.0,0.943875,6258657.0
ZAF,ZAF_2333,Cape Town,924.0,2015,2015,3420504.0,178.458288,1327744384.0
ZAF,ZAF_2338,Carletonville ,18.0,2015,2015,37961.0,3.61062,20625242.0
ZAF,ZAF_2342,Casteel,26.0,2015,2015,31027.0,4.59697,23689480.0
ZAF,ZAF_2349,Cele,30.0,2015,2015,25508.0,2.911007,19546334.0
ZAF,ZAF_2351,Ceres,7.0,2015,2015,11284.0,1.388996,10554095.0
ZAF,ZAF_2368,Chaneng,9.0,2015,2015,15419.0,2.307856,13368642.0
ZAF,ZAF_2494,Coligny,6.0,2015,2015,7006.0,1.223336,6928359.0
ZAF,ZAF_2516,Cumakala,6.0,2015,2015,5079.0,0.713386,3704423.0
ZAF,ZAF_2533,Daggakraal,7.0,2015,2015,7299.0,0.674654,2236491.0
ZAF,ZAF_2652,De Doorns East,4.0,2015,2015,8607.0,0.730753,4300921.0
ZAF,ZAF_2699,Despatch Central,10.0,2015,2015,25146.0,2.159072,14466839.0
ZAF,ZAF_2718,Diazville,8.0,2015,2015,15748.0,1.256275,6346395.0
ZAF,ZAF_2747,Dimbaza,4.0,2015,2015,8005.0,0.77578,4788839.0
ZAF,ZAF_2757,Dinokana,40.0,2015,2015,22491.0,3.705347,14044709.0
ZAF,ZAF_2785,Ditlhake,4.0,2015,2015,3744.0,0.820042,3879053.0
ZAF,ZAF_2814,Dlamini,16.0,2015,2015,15769.0,2.309163,12006790.0
ZAF,ZAF_2858,Doornpoort,54.0,2015,2015,127936.0,10.621507,73053432.0
ZAF,ZAF_2883,Driefontein,21.0,2015,2015,11275.0,1.17901,3072556.0
ZAF,ZAF_2884,Doornhoek,9.0,2015,2015,3867.0,0.368052,920278.0
ZAF,ZAF_2885,Driekoppies,15.0,2015,2015,25444.0,3.143382,17338872.0
ZAF,ZAF_2894,Dube,9.0,2015,2015,14665.0,1.4753,8250363.0
ZAF,ZAF_2896,Duduza,65.0,2015,2015,237245.0,17.480516,106384864.0
ZAF,ZAF_2898,Dukathole,8.0,2015,2015,15646.0,1.795719,12213537.0
ZAF,ZAF_2900,Dukuza,42.0,2015,2015,11236.0,1.522656,3807339.0
ZAF,ZAF_2903,Dumisa,21.0,2015,2015,11144.0,1.347426,4525259.0
ZAF,ZAF_2909,Dundonald,15.0,2015,2015,18223.0,2.162358,9726447.0
ZAF,ZAF_2915,Durban,1101.0,2015,2015,2878078.0,206.561472,2164682752.0
ZAF,ZAF_2925,Dwarsloop,68.0,2015,2015,83647.0,11.501569,66349296.0
ZAF,ZAF_2927,Dysselsdorp,2.0,2015,2015,5523.0,0.459908,2226270.0
ZAF,ZAF_2930,Dzanani,32.0,2015,2015,43773.0,6.247204,32960452.0
ZAF,ZAF_2938,East London,72.0,2015,2015,184014.0,15.438779,121153168.0
ZAF,ZAF_2991,Ekangala 2,6.0,2015,2015,12367.0,1.239619,6650366.0
ZAF,ZAF_2992,Ekangala 1,7.0,2015,2015,16354.0,1.760322,9428140.0
ZAF,ZAF_3010,Ekuphumleni,4.0,2015,2015,6940.0,0.888231,5095401.0
ZAF,ZAF_3011,Ekuvukeni,4.0,2015,2015,7590.0,0.970412,5358807.0
ZAF,ZAF_3075,Elandsdoorn,10.0,2015,2015,12363.0,1.716736,9059485.0
ZAF,ZAF_3090,Emalangeni,20.0,2015,2015,12546.0,1.392486,5788436.0
ZAF,ZAF_3091,eMangweni,18.0,2015,2015,22053.0,3.423757,18387012.0
ZAF,ZAF_3092,Embalenhle A,11.0,2015,2015,25488.0,2.80345,16012588.0
ZAF,ZAF_3098,Empangeni,9.0,2015,2015,18355.0,2.177595,17100628.0
ZAF,ZAF_3099,Empumalanga,46.0,2015,2015,98447.0,8.084073,58076080.0
ZAF,ZAF_3103,eMzinoni,4.0,2015,2015,6765.0,0.953874,4896851.0
ZAF,ZAF_3114,Engonyameni,31.0,2015,2015,15811.0,2.387594,7827628.0
ZAF,ZAF_3117,Entabeni,25.0,2015,2015,22194.0,3.092848,12546226.0
ZAF,ZAF_3133,Ermelo Central,30.0,2015,2015,70930.0,6.609719,43177416.0
ZAF,ZAF_3143,eSibongile,14.0,2015,2015,34260.0,2.776678,16402686.0
ZAF,ZAF_3144,Esikhawini,61.0,2015,2015,71802.0,8.002324,41929296.0
ZAF,ZAF_3152,Estcourt ,13.0,2015,2015,22689.0,2.419789,16136922.0
ZAF,ZAF_3159,Ethandakukhanya,14.0,2015,2015,28705.0,2.525438,15323564.0
ZAF,ZAF_3162,Etwatwa,20.0,2015,2015,69259.0,5.63425,34293804.0
ZAF,ZAF_3164,Evander,5.0,2015,2015,11731.0,1.263204,7625332.0
ZAF,ZAF_3165,Evaton,201.0,2015,2015,440104.0,37.229384,226930816.0
ZAF,ZAF_3172,Ezakheni,28.0,2015,2015,28253.0,4.046594,20748984.0
ZAF,ZAF_3174,Ezakheni E,5.0,2015,2015,6754.0,1.099607,6240266.0
ZAF,ZAF_3178,Ezibeleni,10.0,2015,2015,17426.0,2.087034,11982655.0
ZAF,ZAF_3231,Fernie,14.0,2015,2015,13892.0,2.229932,11231928.0
ZAF,ZAF_3239,Figtree,8.0,2015,2015,9500.0,1.471443,6358811.0
ZAF,ZAF_3279,Freedom Park,7.0,2015,2015,12867.0,1.730819,10060238.0
ZAF,ZAF_3326,Ga-Kgoete,26.0,2015,2015,21960.0,2.922567,11992015.0
ZAF,ZAF_3337,Ga-Luka,12.0,2015,2015,18107.0,2.942011,17929496.0
ZAF,ZAF_3338,Gamalakhe 2,29.0,2015,2015,23797.0,3.292663,21866584.0
ZAF,ZAF_3339,Ga-Mampuru,23.0,2015,2015,22014.0,3.742697,20153188.0
ZAF,ZAF_3340,Ga-Marishane,3.0,2015,2015,3351.0,0.598826,3403586.0
ZAF,ZAF_3341,Ga-Masemola,16.0,2015,2015,17229.0,3.205152,19790944.0
ZAF,ZAF_3342,Ga-Masha,28.0,2015,2015,25921.0,4.645773,29899576.0
ZAF,ZAF_3355,Ga-Moloi,24.0,2015,2015,22453.0,4.225962,22949172.0
ZAF,ZAF_3366,Ganyesa,29.0,2015,2015,19337.0,3.908837,20233716.0
ZAF,ZAF_3373,Ga-Rakgoatha,13.0,2015,2015,8084.0,1.809584,8741375.0
ZAF,ZAF_3378,Ga-Ramongoane,3.0,2015,2015,4323.0,0.796041,4119161.0
ZAF,ZAF_3383,Ga-Raphahlelo,15.0,2015,2015,12963.0,2.128568,10521081.0
ZAF,ZAF_3400,Mosate,12.0,2015,2015,17351.0,2.569182,15232981.0
ZAF,ZAF_3449,Gcumisa,74.0,2015,2015,22238.0,2.397863,6233202.0
ZAF,ZAF_3467,George,57.0,2015,2015,142149.0,11.325748,75758376.0
ZAF,ZAF_3532,Giyani,34.0,2015,2015,42135.0,5.939691,29393516.0
ZAF,ZAF_3577,Gopane,23.0,2015,2015,8601.0,1.905011,6668948.0
ZAF,ZAF_3600,Graaff Reinet,7.0,2015,2015,12596.0,1.705161,11306730.0
ZAF,ZAF_3612,Greytown,7.0,2015,2015,14075.0,1.401038,7833132.0
ZAF,ZAF_3616,Groendal,6.0,2015,2015,9019.0,0.889112,5160006.0
ZAF,ZAF_3642,Gugulethu,5.0,2015,2015,18061.0,1.215933,6979847.0
ZAF,ZAF_3723,Ha-Madodonga,28.0,2015,2015,26913.0,4.184429,16352645.0
ZAF,ZAF_3738,Hankey,2.0,2015,2015,2574.0,0.300752,1705999.0
ZAF,ZAF_3758,Hartebeesfontein,8.0,2015,2015,14551.0,2.050963,11456196.0
ZAF,ZAF_3779,Hawston,2.0,2015,2015,4056.0,0.339677,1707799.0
ZAF,ZAF_3791,Heidelberg ,15.0,2015,2015,31414.0,3.568396,23852948.0
ZAF,ZAF_3799,Hermanus,28.0,2015,2015,52606.0,5.175042,31497214.0
ZAF,ZAF_3814,Hlabisa,47.0,2015,2015,35258.0,3.642744,17138232.0
ZAF,ZAF_3815,Hlahlindlela,24.0,2015,2015,32003.0,3.501819,16436592.0
ZAF,ZAF_3816,Hlohlokwe,12.0,2015,2015,7931.0,1.542099,6906118.0
ZAF,ZAF_3817,Hlohlolwane,6.0,2015,2015,10189.0,1.330412,7170306.0
ZAF,ZAF_3828,Hopewell,4.0,2015,2015,5395.0,0.776645,4571238.0
ZAF,ZAF_3833,Hout Bay,17.0,2015,2015,46038.0,1.742772,11034935.0
ZAF,ZAF_3834,Howick,18.0,2015,2015,21109.0,2.973126,16355766.0
ZAF,ZAF_4,42nd Hill,5.0,2015,2015,8878.0,1.173642,6347206.0
ZAF,ZAF_4004,Ikutseng,8.0,2015,2015,11569.0,1.492111,6869277.0
ZAF,ZAF_4025,Illinge,6.0,2015,2015,5796.0,1.110861,6218071.0
ZAF,ZAF_4048,Imizizi,20.0,2015,2015,13508.0,1.672513,6022028.0
ZAF,ZAF_4052,Impumelelo,3.0,2015,2015,5143.0,0.538667,2754369.0
ZAF,ZAF_4060,Inchanga,15.0,2015,2015,24975.0,2.050594,14531516.0
ZAF,ZAF_4073,Ipelegeng,9.0,2015,2015,15973.0,1.917143,11306645.0
ZAF,ZAF_4118,Isithebe,37.0,2015,2015,52872.0,5.046318,37051396.0
ZAF,ZAF_4140,Itsoseng,41.0,2015,2015,36468.0,6.644714,34806432.0
ZAF,ZAF_4192,Jeffreys Bay,16.0,2015,2015,23014.0,3.079422,19238596.0
ZAF,ZAF_4202,Jericho,13.0,2015,2015,11566.0,2.255049,10233851.0
ZAF,ZAF_4220,Johannesburg,2768.0,2015,2015,8158854.0,620.130944,4972936704.0
ZAF,ZAF_4227,Jouberton,22.0,2015,2015,52517.0,6.552296,42657516.0
ZAF,ZAF_4400,Kagiso,25.0,2015,2015,75679.0,7.84925,59696832.0
ZAF,ZAF_4468,Ka-Majosi,12.0,2015,2015,13742.0,1.798731,7606083.0
ZAF,ZAF_4478,Kameelrivier,6.0,2015,2015,12547.0,1.731878,10737994.0
ZAF,ZAF_4497,Kanana 1,17.0,2015,2015,30931.0,4.512348,26667076.0
ZAF,ZAF_4498,Kanana 2,9.0,2015,2015,12689.0,1.567943,7227899.0
ZAF,ZAF_4645,Kathu,12.0,2015,2015,8706.0,2.262179,13937410.0
ZAF,ZAF_4738,Kgakala,2.0,2015,2015,2893.0,0.500795,2694476.0
ZAF,ZAF_4742,Khaya Mnandi,2.0,2015,2015,4897.0,0.403786,1846727.0
ZAF,ZAF_4757,Khotsong,10.0,2015,2015,18031.0,2.288987,12638979.0
ZAF,ZAF_4760,Khuma,6.0,2015,2015,13332.0,1.572657,8812076.0
ZAF,ZAF_4761,Khunwana,4.0,2015,2015,2041.0,0.38986,1168668.0
ZAF,ZAF_4762,Khutsong,7.0,2015,2015,15251.0,1.7182,8229048.0
ZAF,ZAF_4836,Kimberley,59.0,2015,2015,162935.0,14.651698,99499200.0
ZAF,ZAF_4852,King Williams Town,23.0,2015,2015,54150.0,4.732031,34132588.0
ZAF,ZAF_4930,Kleinmond,6.0,2015,2015,8291.0,1.209226,7480284.0
ZAF,ZAF_4931,Klerksdorp,35.0,2015,2015,79633.0,8.012502,54408216.0
ZAF,ZAF_4933,Kloof Gold Mine,5.0,2015,2015,8706.0,0.699629,3219807.0
ZAF,ZAF_4936,Knysna,17.0,2015,2015,32505.0,2.591954,16096032.0
ZAF,ZAF_4953,Kokosi,4.0,2015,2015,7322.0,0.941874,5288022.0
ZAF,ZAF_4954,Kokstad,9.0,2015,2015,22826.0,2.069416,14771452.0
ZAF,ZAF_4966,Koloti,17.0,2015,2015,18582.0,3.141386,15041800.0
ZAF,ZAF_5053,Kriel,7.0,2015,2015,16092.0,1.837994,10273219.0
ZAF,ZAF_5055,Kroonstad,33.0,2015,2015,51820.0,7.815197,50957056.0
ZAF,ZAF_5057,Kruisfontein,10.0,2015,2015,12807.0,1.671144,8239176.0
ZAF,ZAF_5111,KuMasadala,16.0,2015,2015,12341.0,1.101312,3158058.0
ZAF,ZAF_5141,Kutlwanong,11.0,2015,2015,23075.0,2.746229,16183090.0
ZAF,ZAF_5145,Kuyasa,4.0,2015,2015,6033.0,0.908266,5890695.0
ZAF,ZAF_5149,Kwaggafontein,19.0,2015,2015,39691.0,4.425171,26161816.0
ZAF,ZAF_5151,KwaGuqa/Hlalanikahle/Vosman,20.0,2015,2015,48564.0,5.33183,30585108.0
ZAF,ZAF_5162,Kwanobuhle South,8.0,2015,2015,21049.0,1.717113,10404220.0
ZAF,ZAF_5163,Kwanobuhle,9.0,2015,2015,24758.0,1.957691,11236438.0
ZAF,ZAF_5169,KwaZamokuhle,3.0,2015,2015,6312.0,0.856801,4380071.0
ZAF,ZAF_5170,KwaZanele,4.0,2015,2015,8299.0,0.787143,4011912.0
ZAF,ZAF_5192,Ladysmith Central,21.0,2015,2015,48894.0,5.008112,38344172.0
ZAF,ZAF_5214,Langeloop,13.0,2015,2015,18075.0,2.389216,12279142.0
ZAF,ZAF_5238,Lebaleng,5.0,2015,2015,7231.0,1.039048,5181581.0
ZAF,ZAF_5239,Lebogang,7.0,2015,2015,13691.0,1.655172,9140409.0
ZAF,ZAF_5240,Lebowakgomo,21.0,2015,2015,17397.0,2.660894,13578618.0
ZAF,ZAF_5241,Ledig,16.0,2015,2015,17839.0,3.301521,19037164.0
ZAF,ZAF_5244,Leeufontein,15.0,2015,2015,15344.0,2.993849,15379599.0
ZAF,ZAF_5245,Lefiso,32.0,2015,2015,11319.0,1.711065,5217540.0
ZAF,ZAF_5250,Lekwa,24.0,2015,2015,39875.0,5.857616,35380932.0
ZAF,ZAF_5252,Lemnertsville,5.0,2015,2015,6821.0,1.026046,6257152.0
ZAF,ZAF_5254,Lenasia,24.0,2015,2015,84449.0,6.28387,43431308.0
ZAF,ZAF_5255,Lennoxton,14.0,2015,2015,37762.0,3.432703,23794752.0
ZAF,ZAF_5267,Letsopa,4.0,2015,2015,6509.0,0.883981,4997623.0
ZAF,ZAF_5281,Lindelani Village,5.0,2015,2015,18560.0,1.355427,8081459.0
ZAF,ZAF_5283,Lingelihle,6.0,2015,2015,11132.0,1.465418,8849809.0
ZAF,ZAF_5320,Lorraine,12.0,2015,2015,9095.0,1.733008,8096431.0
ZAF,ZAF_5326,Louis Trichardt,14.0,2015,2015,21765.0,2.68328,13130858.0
ZAF,ZAF_5351,Luckau,23.0,2015,2015,18025.0,3.252418,15935520.0
ZAF,ZAF_5354,Ludlow,8.0,2015,2015,6082.0,1.437166,6434622.0
ZAF,ZAF_5408,Luvisi,17.0,2015,2015,23519.0,2.275181,9303626.0
ZAF,ZAF_5417,Mabaso,18.0,2015,2015,13304.0,1.595488,5262993.0
ZAF,ZAF_5418,Mabedlane,25.0,2015,2015,39195.0,2.714745,22533322.0
ZAF,ZAF_5420,Mabeskraal,30.0,2015,2015,13046.0,3.264383,13202974.0
ZAF,ZAF_5445,Madibogo,32.0,2015,2015,13014.0,2.424575,8232074.0
ZAF,ZAF_5456,Madiseng,99.0,2015,2015,99880.0,16.512048,91547056.0
ZAF,ZAF_5459,Madombidzha,32.0,2015,2015,35409.0,5.855805,27437888.0
ZAF,ZAF_5462,Mafakathini,12.0,2015,2015,11442.0,1.095084,4977167.0
ZAF,ZAF_5468,Mafikeng,193.0,2015,2015,222848.0,34.322848,196336112.0
ZAF,ZAF_5487,Magoboya,17.0,2015,2015,18497.0,2.781328,15109057.0
ZAF,ZAF_5489,Magoro,10.0,2015,2015,8923.0,1.739875,8207775.0
ZAF,ZAF_5498,Magwaveni,3.0,2015,2015,7892.0,0.622369,4945482.0
ZAF,ZAF_5550,Majwemasweu,5.0,2015,2015,6802.0,1.132261,6050875.0
ZAF,ZAF_5561,Makapanstad,18.0,2015,2015,20029.0,2.619559,11543545.0
ZAF,ZAF_5568,Makgwareng,11.0,2015,2015,7998.0,1.311778,4717987.0
ZAF,ZAF_5569,Makhado 2,29.0,2015,2015,35782.0,4.286334,29163468.0
ZAF,ZAF_5570,Makhado 1,27.0,2015,2015,25677.0,3.508976,15836601.0
ZAF,ZAF_5575,Makonde,20.0,2015,2015,18466.0,2.74316,12418911.0
ZAF,ZAF_5577,Makotopong,7.0,2015,2015,6539.0,1.23945,5464540.0
ZAF,ZAF_5598,Dinga,26.0,2015,2015,32199.0,4.539232,22119888.0
ZAF,ZAF_5616,Wesbank,11.0,2015,2015,24562.0,2.174148,15176010.0
ZAF,ZAF_5619,Malubelube,34.0,2015,2015,27120.0,3.389298,15343737.0
ZAF,ZAF_5623,Maluti a Phofung,16.0,2015,2015,15409.0,1.802149,7548714.0
ZAF,ZAF_5641,Mandela Village,6.0,2015,2015,12427.0,1.566671,8394584.0
ZAF,ZAF_5689,Manthata,39.0,2015,2015,13106.0,2.335671,7318019.0
ZAF,ZAF_5694,Manyatseng,5.0,2015,2015,5618.0,1.088484,6182077.0
ZAF,ZAF_5714,Marapyane,31.0,2015,2015,17377.0,2.024679,6405004.0
ZAF,ZAF_5720,Margate,24.0,2015,2015,29311.0,3.693047,25512348.0
ZAF,ZAF_5727,Marijane,14.0,2015,2015,26083.0,2.498168,17560408.0
ZAF,ZAF_5759,Mashishing,7.0,2015,2015,7237.0,1.236675,7056027.0
ZAF,ZAF_5762,Masibekela,9.0,2015,2015,13166.0,1.562562,6931409.0
ZAF,ZAF_5763,Masilo,7.0,2015,2015,9388.0,1.592663,8671581.0
ZAF,ZAF_5784,Mataleng,6.0,2015,2015,11017.0,1.261237,7236319.0
ZAF,ZAF_5800,Matiwane,9.0,2015,2015,5800.0,0.433567,1084062.0
ZAF,ZAF_5803,Matsamo,20.0,2015,2015,40246.0,4.480918,26141488.0
ZAF,ZAF_5804,Matsulu,22.0,2015,2015,39011.0,5.536927,40434276.0
ZAF,ZAF_5811,Matwabeng,4.0,2015,2015,7079.0,1.04688,5734958.0
ZAF,ZAF_5871,Mbiza,19.0,2015,2015,10640.0,1.514189,5031807.0
ZAF,ZAF_5872,Mbizana,54.0,2015,2015,31665.0,3.753084,15461334.0
ZAF,ZAF_5875,Mbombela,136.0,2015,2015,239121.0,32.595306,248655968.0
ZAF,ZAF_5876,Mbonambi,25.0,2015,2015,18792.0,3.123671,16942392.0
ZAF,ZAF_5886,Mbuzini,3.0,2015,2015,3636.0,0.353164,1145397.0
ZAF,ZAF_5889,Mdantsane,32.0,2015,2015,75035.0,6.380794,49831624.0
ZAF,ZAF_5890,Mdantsane West,11.0,2015,2015,23363.0,1.902335,12745689.0
ZAF,ZAF_5916,Meiringspark,9.0,2015,2015,21686.0,2.097505,12943488.0
ZAF,ZAF_5931,Meloding,8.0,2015,2015,17601.0,2.129042,12165542.0
ZAF,ZAF_5953,Meqheleng,14.0,2015,2015,28193.0,3.465408,23418096.0
ZAF,ZAF_5957,Meriting,20.0,2015,2015,33933.0,4.97882,30267070.0
ZAF,ZAF_5980,Magudu,11.0,2015,2015,10772.0,1.674708,7271694.0
ZAF,ZAF_5991,Middelburg ,39.0,2015,2015,76241.0,9.626084,67414368.0
ZAF,ZAF_5992,Middelburg East,11.0,2015,2015,23092.0,3.524964,22730036.0
ZAF,ZAF_6146,Mkhoba,15.0,2015,2015,8893.0,0.935455,3701971.0
ZAF,ZAF_6147,Mkobola 2,8.0,2015,2015,17603.0,1.614826,7952189.0
ZAF,ZAF_6152,Mkukwini,14.0,2015,2015,7097.0,1.132873,3431454.0
ZAF,ZAF_6165,Mmamahabane,4.0,2015,2015,7322.0,0.879062,4862468.0
ZAF,ZAF_6168,Mnamfu,37.0,2015,2015,28901.0,4.091239,29094010.0
ZAF,ZAF_6178,Modjadji,95.0,2015,2015,100021.0,13.979306,91239928.0
ZAF,ZAF_6179,Moemaneng,3.0,2015,2015,5221.0,0.758135,4030758.0
ZAF,ZAF_6181,Mogalakwena,7.0,2015,2015,5621.0,0.996338,3945664.0
ZAF,ZAF_6182,Mogapeng,12.0,2015,2015,8703.0,1.592146,6428324.0
ZAF,ZAF_6184,Mogogelo,6.0,2015,2015,8361.0,1.503403,7927143.0
ZAF,ZAF_6192,Randfontein,12.0,2015,2015,30324.0,2.488913,15000618.0
ZAF,ZAF_6193,Mohlaletsi,38.0,2015,2015,32026.0,6.132643,34864612.0
ZAF,ZAF_6194,Mohodi ga Manthata,18.0,2015,2015,12234.0,3.780817,18369516.0
ZAF,ZAF_6203,Mokomene,15.0,2015,2015,12492.0,2.937821,15992909.0
ZAF,ZAF_6205,Mokwallo,5.0,2015,2015,7841.0,1.256173,7040240.0
ZAF,ZAF_6208,Moletji,36.0,2015,2015,51281.0,7.611927,42170248.0
ZAF,ZAF_6210,Moloto,16.0,2015,2015,31811.0,3.272888,17901040.0
ZAF,ZAF_6214,Monakato,3.0,2015,2015,4000.0,0.791621,4328503.0
ZAF,ZAF_6225,Monsterlus,14.0,2015,2015,16339.0,2.664527,15295552.0
ZAF,ZAF_6226,Montana,3.0,2015,2015,4356.0,0.487837,2486778.0
ZAF,ZAF_6227,Monyakeng,5.0,2015,2015,7705.0,1.197596,6441876.0
ZAF,ZAF_6229,Mookgophong,8.0,2015,2015,13085.0,1.978552,10739675.0
ZAF,ZAF_6238,Moretele,36.0,2015,2015,80565.0,9.077944,55925424.0
ZAF,ZAF_6244,Morokweng,36.0,2015,2015,21266.0,4.524902,23763526.0
ZAF,ZAF_6251,Moruleng,74.0,2015,2015,58829.0,11.566776,56865428.0
ZAF,ZAF_6256,Mossel Bay,27.0,2015,2015,48252.0,5.23962,36975560.0
ZAF,ZAF_6260,Moteti,22.0,2015,2015,24395.0,3.746765,19545864.0
ZAF,ZAF_6261,Motherwell,20.0,2015,2015,56624.0,4.238665,29195806.0
ZAF,ZAF_6262,Motle,21.0,2015,2015,27869.0,3.550833,17086492.0
ZAF,ZAF_6264,Motswedi,22.0,2015,2015,10241.0,1.852452,6544518.0
ZAF,ZAF_6269,Mount Fletcher,9.0,2015,2015,6657.0,1.245843,6757489.0
ZAF,ZAF_6284,Mphahlele,29.0,2015,2015,28514.0,5.128542,26608798.0
ZAF,ZAF_6285,Mphakane,32.0,2015,2015,30114.0,6.538368,34425272.0
ZAF,ZAF_6286,Mphaphuli,37.0,2015,2015,26439.0,3.90177,13120855.0
ZAF,ZAF_6287,Mpheleng,8.0,2015,2015,6653.0,1.458326,6844162.0
ZAF,ZAF_6296,Mpophomeni,15.0,2015,2015,11894.0,2.017965,10531291.0
ZAF,ZAF_6300,Mpuluzi,7.0,2015,2015,10466.0,1.137099,6220121.0
ZAF,ZAF_6301,Mpunga,16.0,2015,2015,11168.0,1.100264,4033943.0
ZAF,ZAF_6305,Msasandla,22.0,2015,2015,17171.0,1.572461,7616990.0
ZAF,ZAF_6313,Duku,37.0,2015,2015,15135.0,2.366433,9499017.0
ZAF,ZAF_6442,Mvelani,7.0,2015,2015,14393.0,1.546933,8824805.0
ZAF,ZAF_6472,Mzamonhle,9.0,2015,2015,23087.0,2.083124,13385625.0
ZAF,ZAF_6521,Frankfort,6.0,2015,2015,8677.0,1.455535,8360102.0
ZAF,ZAF_6542,Nancefield,9.0,2015,2015,21419.0,2.385119,15189781.0
ZAF,ZAF_6606,Ncotshane,23.0,2015,2015,24957.0,2.917801,16205628.0
ZAF,ZAF_6608,Ndabayakhe,5.0,2015,2015,6015.0,0.626261,2764036.0
ZAF,ZAF_6620,Ndevana,13.0,2015,2015,17160.0,1.993023,10838913.0
ZAF,ZAF_6638,Nduli,1.0,2015,2015,1424.0,0.189564,960085.0
ZAF,ZAF_6644,Ndwedwe,44.0,2015,2015,14767.0,2.10437,5370169.0
ZAF,ZAF_6656,Nelspruit,63.0,2015,2015,91651.0,12.470852,88207536.0
ZAF,ZAF_6657,Nelspruit Central,33.0,2015,2015,60864.0,7.095679,57065176.0
ZAF,ZAF_6672,Kwanokuthula,12.0,2015,2015,20491.0,2.018881,14650370.0
ZAF,ZAF_6677,Newcastle,133.0,2015,2015,270355.0,23.047552,133857768.0
ZAF,ZAF_6678,Newlands,14.0,2015,2015,13400.0,1.094363,4631243.0
ZAF,ZAF_6680,Newtown,1.0,2015,2015,1528.0,0.311604,1735384.0
ZAF,ZAF_6729,Ngwelezane,25.0,2015,2015,34714.0,3.896886,28654000.0
ZAF,ZAF_6730,Ngwenya,39.0,2015,2015,13621.0,1.193317,2983934.0
ZAF,ZAF_6734,Nhlangano,25.0,2015,2015,8515.0,0.831052,2468087.0
ZAF,ZAF_6735,Nhlazatshe,30.0,2015,2015,39035.0,5.255961,33407766.0
ZAF,ZAF_6736,Nhlophenkulu,17.0,2015,2015,18442.0,1.649154,7155231.0
ZAF,ZAF_6757,Nigel,8.0,2015,2015,29824.0,2.128394,13262700.0
ZAF,ZAF_6784,Nkampini,23.0,2015,2015,13733.0,1.425569,5976980.0
ZAF,ZAF_6796,Nkobongo,3.0,2015,2015,10171.0,0.846144,6847129.0
ZAF,ZAF_6815,Nkwenkwezi,14.0,2015,2015,23619.0,2.407106,15455267.0
ZAF,ZAF_6845,Nomathamsanqa,2.0,2015,2015,2514.0,0.417089,2002817.0
ZAF,ZAF_6846,Noordhoek,5.0,2015,2015,8083.0,0.993194,4646520.0
ZAF,ZAF_6863,Nseleni,22.0,2015,2015,23637.0,2.394502,12661139.0
ZAF,ZAF_6879,Ntsweletsoku,20.0,2015,2015,12263.0,2.591132,12159135.0
ZAF,ZAF_6881,Ntwane,11.0,2015,2015,10022.0,1.854174,9749306.0
ZAF,ZAF_6892,Nuwedorp,4.0,2015,2015,6769.0,0.608507,2575520.0
ZAF,ZAF_6930,Nzimakwe,29.0,2015,2015,19472.0,2.236666,8179990.0
ZAF,ZAF_7068,Olifantshoek,4.0,2015,2015,2481.0,0.762044,3984738.0
ZAF,ZAF_7101,Ellisras,9.0,2015,2015,11504.0,2.109858,12261364.0
ZAF,ZAF_7111,Orange Grove,12.0,2015,2015,24582.0,2.39246,16048026.0
ZAF,ZAF_7115,Orkney Central,9.0,2015,2015,20949.0,2.135707,11968341.0
ZAF,ZAF_7141,Othulini/Lwezulu,16.0,2015,2015,11491.0,1.100013,4077627.0
ZAF,ZAF_7166,Oudtshoorn,24.0,2015,2015,62098.0,5.330476,34334864.0
ZAF,ZAF_7192,Brits,7.0,2015,2015,9562.0,1.715016,10654115.0
ZAF,ZAF_7254,Paarl,52.0,2015,2015,124659.0,10.722896,78564496.0
ZAF,ZAF_7276,Pampierstad,16.0,2015,2015,20997.0,3.193091,18588436.0
ZAF,ZAF_7301,Pella,17.0,2015,2015,10047.0,2.88426,14022448.0
ZAF,ZAF_7309,Petsana,5.0,2015,2015,6524.0,1.121505,6397907.0
ZAF,ZAF_7310,Phahameng,7.0,2015,2015,9768.0,1.50003,8745663.0
ZAF,ZAF_7311,Phalaborwa 1,49.0,2015,2015,65923.0,9.641644,53736568.0
ZAF,ZAF_7312,Phalaborwa 2,10.0,2015,2015,18240.0,2.078366,13078424.0
ZAF,ZAF_7313,Phalane,11.0,2015,2015,9105.0,2.059023,10282437.0
ZAF,ZAF_7315,Phathakahle,3.0,2015,2015,5196.0,0.773276,4142963.0
ZAF,ZAF_7316,Phiritona,10.0,2015,2015,16355.0,2.417932,14148705.0
ZAF,ZAF_7318,Phokwane,24.0,2015,2015,23544.0,3.943023,20482850.0
ZAF,ZAF_7320,Phomolong 1,17.0,2015,2015,23790.0,3.778816,21415680.0
ZAF,ZAF_7321,Phomolong 2,3.0,2015,2015,4497.0,0.932397,4985394.0
ZAF,ZAF_7322,Phukukane,16.0,2015,2015,12396.0,2.062345,10434811.0
ZAF,ZAF_7323,Phuthaditjhaba,124.0,2015,2015,221680.0,26.227208,193410656.0
ZAF,ZAF_7326,Piet Retief,10.0,2015,2015,26241.0,1.921454,10122274.0
ZAF,ZAF_7327,Pietermaritzburg,309.0,2015,2015,599366.0,49.2149,351431872.0
ZAF,ZAF_7328,Pietersburg,102.0,2015,2015,122103.0,18.725784,101406312.0
ZAF,ZAF_7329,Pietersburg West,43.0,2015,2015,88701.0,11.253216,79005032.0
ZAF,ZAF_7331,Piketberg,4.0,2015,2015,6058.0,0.729468,4612737.0
ZAF,ZAF_7332,Pineview,12.0,2015,2015,18642.0,1.873443,12472857.0
ZAF,ZAF_7354,Poortjie,2.0,2015,2015,4324.0,0.447766,2609008.0
ZAF,ZAF_7356,Port Elizabeth,214.0,2015,2015,552464.0,45.009236,338891872.0
ZAF,ZAF_7360,Port Shepstone,37.0,2015,2015,45541.0,5.007696,35528908.0
ZAF,ZAF_7361,Port St Johns,34.0,2015,2015,15959.0,1.68718,4390540.0
ZAF,ZAF_7368,Postmasburg ,13.0,2015,2015,11711.0,2.499372,14733185.0
ZAF,ZAF_7369,Potchefstroom,46.0,2015,2015,67154.0,10.484153,71299952.0
ZAF,ZAF_7370,Potgietersrus Central,69.0,2015,2015,107434.0,14.966136,85772048.0
ZAF,ZAF_7380,Pretoria West,47.0,2015,2015,34944.0,3.481568,15185357.0
ZAF,ZAF_7381,The Orchards,58.0,2015,2015,149767.0,13.234975,102623392.0
ZAF,ZAF_7382,Promosa,3.0,2015,2015,4311.0,0.888788,5352182.0
ZAF,ZAF_7391,Qalabotjha,4.0,2015,2015,5538.0,0.899512,4586889.0
ZAF,ZAF_7420,Qaukeni,72.0,2015,2015,59115.0,5.382035,20603530.0
ZAF,ZAF_7443,Queenstown,18.0,2015,2015,38035.0,4.424848,26483294.0
ZAF,ZAF_7466,Rammulutsi,9.0,2015,2015,11645.0,2.017133,11501440.0
ZAF,ZAF_7480,Ratanda,4.0,2015,2015,6834.0,1.110101,6260887.0
ZAF,ZAF_7481,Ratanda Ext 7,2.0,2015,2015,2933.0,0.414598,2036135.0
ZAF,ZAF_7485,Reagile,8.0,2015,2015,7786.0,1.570448,8727293.0
ZAF,ZAF_7491,Refengkgotso,10.0,2015,2015,11440.0,1.562118,6434365.0
ZAF,ZAF_7492,Refilwe,3.0,2015,2015,9705.0,0.90905,5722758.0
ZAF,ZAF_7503,Rhini,23.0,2015,2015,45777.0,4.329971,29194208.0
ZAF,ZAF_7507,Richards Bay Central,17.0,2015,2015,31882.0,3.777562,23892258.0
ZAF,ZAF_7510,Azaadville,1.0,2015,2015,3820.0,0.39752,2534084.0
ZAF,ZAF_7521,Riversdale,6.0,2015,2015,6747.0,1.054713,6267017.0
ZAF,ZAF_7531,Robertson,9.0,2015,2015,15256.0,1.936305,12753274.0
ZAF,ZAF_7541,Roodepan,5.0,2015,2015,8237.0,1.049177,5738892.0
ZAF,ZAF_7543,Rooikoppies,6.0,2015,2015,8294.0,0.978127,4533387.0
ZAF,ZAF_7546,Rosendal,13.0,2015,2015,11499.0,1.255451,4474788.0
ZAF,ZAF_7547,Rosenhof,6.0,2015,2015,10496.0,1.035443,6178291.0
ZAF,ZAF_7589,Rustenburg,84.0,2015,2015,144747.0,20.216756,136002720.0
ZAF,ZAF_7590,Rust-ter-Vaal,4.0,2015,2015,10549.0,0.968635,5691210.0
ZAF,ZAF_7625,Sada,8.0,2015,2015,10446.0,1.562438,8418271.0
ZAF,ZAF_7801,Saulsville,21.0,2015,2015,71388.0,6.756161,52483472.0
ZAF,ZAF_7813,Schoemansdal,32.0,2015,2015,55860.0,6.035952,36529744.0
ZAF,ZAF_7814,Schoonoord,43.0,2015,2015,34151.0,5.436776,28647566.0
ZAF,ZAF_7818,Seabe,23.0,2015,2015,13510.0,1.927152,6082001.0
ZAF,ZAF_7819,Sebayeng,10.0,2015,2015,12148.0,1.886626,9216146.0
ZAF,ZAF_7824,Secunda,17.0,2015,2015,44115.0,4.491472,28234712.0
ZAF,ZAF_7844,Sekhutlong,30.0,2015,2015,34151.0,5.440018,31517816.0
ZAF,ZAF_7849,Sekwati,20.0,2015,2015,12973.0,2.727035,13898642.0
ZAF,ZAF_7850,Selcourt,16.0,2015,2015,53922.0,3.976779,27371112.0
ZAF,ZAF_7879,Seshego,22.0,2015,2015,47530.0,6.203484,39902476.0
ZAF,ZAF_7882,Setlagole,23.0,2015,2015,15489.0,2.079623,6795929.0
ZAF,ZAF_7889,Shabalala,18.0,2015,2015,23509.0,3.546987,22337090.0
ZAF,ZAF_797,Allemansdrift C,7.0,2015,2015,9480.0,1.628554,9074981.0
ZAF,ZAF_8029,Siboshwa,51.0,2015,2015,98131.0,12.044949,71439656.0
ZAF,ZAF_8101,Silwerkrans,13.0,2015,2015,10854.0,2.637304,13775643.0
ZAF,ZAF_8133,Siyabuswa,37.0,2015,2015,56167.0,7.871235,45285412.0
ZAF,ZAF_8135,Siyathemba,6.0,2015,2015,5398.0,1.161006,5762887.0
ZAF,ZAF_8138,Slovo Park,4.0,2015,2015,10213.0,0.729561,3663949.0
ZAF,ZAF_8140,Smersha Block,4.0,2015,2015,1744.0,0.764706,4029157.0
ZAF,ZAF_8163,Somerset East,6.0,2015,2015,7744.0,1.189187,7387749.0
ZAF,ZAF_8177,Soshanguve,470.0,2015,2015,883523.0,92.572256,542330752.0
ZAF,ZAF_8202,Nondabuya,14.0,2015,2015,13320.0,1.79491,9125778.0
ZAF,ZAF_8204,Stanger South,19.0,2015,2015,35769.0,2.994063,18133366.0
ZAF,ZAF_8205,Stanger,17.0,2015,2015,41247.0,3.716406,34969440.0
ZAF,ZAF_8207,Steenbok,13.0,2015,2015,12770.0,1.811502,7784322.0
ZAF,ZAF_8208,Stellenbosch,25.0,2015,2015,50299.0,4.829175,36728748.0
ZAF,ZAF_8209,Stilfontein,9.0,2015,2015,17316.0,2.130665,12910718.0
ZAF,ZAF_8212,Strandfontein,4.0,2015,2015,18317.0,0.815983,4660654.0
ZAF,ZAF_8249,Swellendam,9.0,2015,2015,10839.0,1.299977,6499916.0
ZAF,ZAF_8269,Tafelkop,31.0,2015,2015,34597.0,5.282034,30995288.0
ZAF,ZAF_8398,Taung,22.0,2015,2015,24172.0,4.330695,25493260.0
ZAF,ZAF_8441,Tembe,184.0,2015,2015,44949.0,7.751799,26912796.0
ZAF,ZAF_8464,Thabazimbi,8.0,2015,2015,7523.0,1.816708,11210121.0
ZAF,ZAF_8466,Thambalihle,2.0,2015,2015,3731.0,0.427744,2012503.0
ZAF,ZAF_8467,Thembalihle,6.0,2015,2015,7843.0,1.434329,9303792.0
ZAF,ZAF_8468,Thembisile,87.0,2015,2015,170531.0,16.694146,93118320.0
ZAF,ZAF_8469,Thengwe,17.0,2015,2015,17680.0,2.786765,14292175.0
ZAF,ZAF_8478,Thohoyandou,137.0,2015,2015,187830.0,23.259644,150439344.0
ZAF,ZAF_8479,Thokoza,14.0,2015,2015,16379.0,1.789717,7742356.0
ZAF,ZAF_8495,Tidimalo,4.0,2015,2015,5115.0,0.836939,4332676.0
ZAF,ZAF_8500,Tigane,4.0,2015,2015,6978.0,0.839474,5111780.0
ZAF,ZAF_8539,Tjakastad,9.0,2015,2015,10135.0,1.576142,8381829.0
ZAF,ZAF_8540,Tlakgameng,19.0,2015,2015,7836.0,1.735918,6452001.0
ZAF,ZAF_8566,Tongaat,9.0,2015,2015,25795.0,2.0058,17630392.0
ZAF,ZAF_8624,Tshamahansi,9.0,2015,2015,13879.0,2.063643,11028386.0
ZAF,ZAF_8640,Tshivhase 1,59.0,2015,2015,59259.0,8.872456,52878980.0
ZAF,ZAF_8641,Tshivhase 2,50.0,2015,2015,54395.0,7.030003,37702224.0
ZAF,ZAF_8642,Tshivhase 3,40.0,2015,2015,50941.0,6.639215,33329366.0
ZAF,ZAF_8643,Tshivhase 4,13.0,2015,2015,10060.0,1.612784,5439137.0
ZAF,ZAF_8646,Tsikelo,48.0,2015,2015,33117.0,3.746922,15966211.0
ZAF,ZAF_8651,Tswelelang,3.0,2015,2015,6331.0,0.853575,4570577.0
ZAF,ZAF_8671,Tumahole,9.0,2015,2015,10984.0,2.280747,13119203.0
ZAF,ZAF_8716,Uitenhage,34.0,2015,2015,81963.0,6.992139,50343800.0
ZAF,ZAF_8717,Uitvlugt,11.0,2015,2015,6234.0,1.488622,5879710.0
ZAF,ZAF_8728,Ulundi,8.0,2015,2015,8259.0,1.126106,5321344.0
ZAF,ZAF_8737,Umbumbulu,47.0,2015,2015,73551.0,4.759503,30371070.0
ZAF,ZAF_8738,uMlalazi,27.0,2015,2015,18983.0,2.160899,10567987.0
ZAF,ZAF_8760,Umtata,118.0,2015,2015,124703.0,15.666313,92951256.0
ZAF,ZAF_8776,Umzinto,6.0,2015,2015,6726.0,0.851854,6215415.0
ZAF,ZAF_8781,Upington,30.0,2015,2015,53897.0,6.243197,40735516.0
ZAF,ZAF_8801,Utlwanang,6.0,2015,2015,7100.0,1.120955,5675945.0
ZAF,ZAF_8811,Vaal Reefs,2.0,2015,2015,3858.0,0.371336,1770374.0
ZAF,ZAF_8812,Vaalbank,7.0,2015,2015,8927.0,1.730123,9526546.0
ZAF,ZAF_8814,Vanderbijlpark,174.0,2015,2015,314545.0,24.552652,155472736.0
ZAF,ZAF_8821,Ventersdorp,9.0,2015,2015,11167.0,1.811732,10325441.0
ZAF,ZAF_8823,Mkobola 1,6.0,2015,2015,14451.0,1.553844,9156199.0
ZAF,ZAF_8893,Vredenburg,11.0,2015,2015,24916.0,2.254871,14832100.0
ZAF,ZAF_8894,Vredendal,4.0,2015,2015,5534.0,0.664885,3791434.0
ZAF,ZAF_8895,Vredendal North,2.0,2015,2015,3642.0,0.577177,3440145.0
ZAF,ZAF_8896,Vryburg ,17.0,2015,2015,24558.0,3.938229,25420570.0
ZAF,ZAF_8898,Vukuzakhe,4.0,2015,2015,7985.0,0.835536,4935988.0
ZAF,ZAF_8899,Vumindaba,18.0,2015,2015,16258.0,2.258402,12201156.0
ZAF,ZAF_8900,Vuxuzithathe,49.0,2015,2015,24786.0,2.818594,9251393.0
ZAF,ZAF_8964,Watersmeet,21.0,2015,2015,19679.0,2.092726,7394143.0
ZAF,ZAF_8973,Wedela,3.0,2015,2015,6747.0,0.62608,3264947.0
ZAF,ZAF_8980,Welkom,64.0,2015,2015,143084.0,15.655428,107466096.0
ZAF,ZAF_8983,Wembezi,5.0,2015,2015,8619.0,1.043159,5456005.0
ZAF,ZAF_8999,White River Central,20.0,2015,2015,25524.0,3.309896,21291272.0
ZAF,ZAF_9006,Witbank,55.0,2015,2015,135527.0,13.620588,81894000.0
ZAF,ZAF_9012,Wonderkop,6.0,2015,2015,7470.0,1.473126,8086979.0
ZAF,ZAF_9015,Worcester ,25.0,2015,2015,65630.0,5.492586,39118408.0
ZAF,ZAF_9032,Xihoko A,11.0,2015,2015,9050.0,1.894769,8122753.0
ZAF,ZAF_9147,Zebediela,33.0,2015,2015,34495.0,5.868448,34485292.0
ZAF,ZAF_9171,Zithobeni,4.0,2015,2015,12569.0,1.178928,6808749.0
ZAF,ZAF_9180,Zonkizizwe,4.0,2015,2015,15589.0,1.151062,6391032.0
ZAF,ZAF_9200,Zwaneville,3.0,2015,2015,8242.0,0.862919,5328664.0
ZAF,ZAF_9203,Zweletemba,2.0,2015,2015,7234.0,0.700588,4230757.0
ZAF,ZAF_941,Alra Park,3.0,2015,2015,10663.0,0.747879,4264303.0
ZMB,ZMB_2364,Twaiteka,8.0,2015,2015,16129.0,1.946558,11192361.0
ZMB,ZMB_2377,Chavuma,9.0,2015,2015,11930.0,1.467089,5263608.0
ZMB,ZMB_2396,Chembe,4.0,2015,2015,5599.0,0.799469,3247498.0
ZMB,ZMB_2415,Chibombo,7.0,2015,2015,6262.0,0.86101,3159989.0
ZMB,ZMB_2416,Chibuluma,26.0,2015,2015,56723.0,5.596944,31969236.0
ZMB,ZMB_2426,Chililabombwe,15.0,2015,2015,58240.0,3.573735,20628640.0
ZMB,ZMB_2431,Chingola,55.0,2015,2015,166213.0,13.849147,91046512.0
ZMB,ZMB_2433,Chinsali,10.0,2015,2015,19644.0,2.34847,13229801.0
ZMB,ZMB_2435,Chipata,40.0,2015,2015,106698.0,8.100109,49295568.0
ZMB,ZMB_2444,Chirundu,7.0,2015,2015,16773.0,1.580446,10792180.0
ZMB,ZMB_2456,Choma,23.0,2015,2015,45746.0,5.282426,30014290.0
ZMB,ZMB_2458,Chongwe,45.0,2015,2015,38632.0,4.283539,20463396.0
ZMB,ZMB_3861,Ibenga,4.0,2015,2015,5316.0,0.843585,4344108.0
ZMB,ZMB_4124,Isoka,8.0,2015,2015,11332.0,1.352916,7208381.0
ZMB,ZMB_4136,Itezhi-Tezhi,7.0,2015,2015,9055.0,1.168192,6006627.0
ZMB,ZMB_4264,Kabompo,10.0,2015,2015,10944.0,1.587323,7252342.0
ZMB,ZMB_4277,Kabwe,71.0,2015,2015,169483.0,16.316747,94730672.0
ZMB,ZMB_4392,Kafue 1,18.0,2015,2015,40828.0,4.645904,27208780.0
ZMB,ZMB_4437,Kalabo,6.0,2015,2015,12641.0,1.054592,4988639.0
ZMB,ZMB_4460,Kalomo,7.0,2015,2015,12547.0,1.573061,8320107.0
ZMB,ZMB_4524,Kantete,3.0,2015,2015,9843.0,0.874108,4369044.0
ZMB,ZMB_4532,Kaoma,15.0,2015,2015,20927.0,2.785322,14548739.0
ZMB,ZMB_4540,Kapiri Mposhi,34.0,2015,2015,40352.0,6.166726,33301724.0
ZMB,ZMB_4544,Kapoya/Kasembe,7.0,2015,2015,13577.0,1.459882,6761287.0
ZMB,ZMB_4549,Kaputa,6.0,2015,2015,17863.0,1.39007,7378380.0
ZMB,ZMB_4589,Kasama,42.0,2015,2015,82980.0,9.727789,55917648.0
ZMB,ZMB_4597,Kasempa,9.0,2015,2015,15297.0,1.662216,8230546.0
ZMB,ZMB_4633,Katanshya/Mwansa,7.0,2015,2015,7279.0,0.870238,2175784.0
ZMB,ZMB_4641,Katete,18.0,2015,2015,39201.0,3.545901,17302624.0
ZMB,ZMB_4663,Kawambwa,13.0,2015,2015,21066.0,2.913185,15470816.0
ZMB,ZMB_4920,Kitwe,93.0,2015,2015,412724.0,27.794146,198084704.0
ZMB,ZMB_5279,Limulunga,6.0,2015,2015,8167.0,0.987598,4798848.0
ZMB,ZMB_5291,Livingstone,38.0,2015,2015,102917.0,8.819554,52356984.0
ZMB,ZMB_5315,Loloma,10.0,2015,2015,10104.0,1.331704,4928947.0
ZMB,ZMB_5333,Luanshya,36.0,2015,2015,80750.0,8.391264,54054856.0
ZMB,ZMB_5346,Lubwe,4.0,2015,2015,6642.0,0.594625,2328074.0
ZMB,ZMB_5376,Lukulu,9.0,2015,2015,11594.0,1.712104,7178646.0
ZMB,ZMB_5379,Lukwese,11.0,2015,2015,14261.0,2.087697,8268117.0
ZMB,ZMB_5386,Lundazi,8.0,2015,2015,14752.0,1.789235,10451336.0
ZMB,ZMB_5398,Lusaka,576.0,2015,2015,1976421.0,123.454496,735949696.0
ZMB,ZMB_5410,Luwingu,7.0,2015,2015,9490.0,1.480467,7428063.0
ZMB,ZMB_5415,Maamba,5.0,2015,2015,12316.0,0.777159,2907849.0
ZMB,ZMB_5678,Mansa,40.0,2015,2015,93201.0,10.618126,61676900.0
ZMB,ZMB_5832,Mazabuka,14.0,2015,2015,37326.0,3.55288,21025902.0
ZMB,ZMB_5844,Mbala,10.0,2015,2015,16823.0,2.015962,12099692.0
ZMB,ZMB_6154,Mkushi,13.0,2015,2015,21820.0,3.067802,17215032.0
ZMB,ZMB_6221,Mongu,38.0,2015,2015,85602.0,8.218582,48297556.0
ZMB,ZMB_6228,Monze,16.0,2015,2015,28922.0,3.069363,16274542.0
ZMB,ZMB_6289,Mpika,19.0,2015,2015,31673.0,3.706918,19974340.0
ZMB,ZMB_6291,Mpokoroso,9.0,2015,2015,13605.0,1.573239,6656180.0
ZMB,ZMB_6295,Mpongwe,8.0,2015,2015,7143.0,0.749825,2235453.0
ZMB,ZMB_6299,Mpulungu,11.0,2015,2015,38434.0,2.463704,17236304.0
ZMB,ZMB_6329,Mufulira,32.0,2015,2015,95427.0,9.020589,62494088.0
ZMB,ZMB_6330,Mufumbwe,10.0,2015,2015,9372.0,1.81316,7622087.0
ZMB,ZMB_6365,Mumbwa,24.0,2015,2015,31538.0,3.484992,17820880.0
ZMB,ZMB_6393,Mununga,8.0,2015,2015,18492.0,1.699429,7505506.0
ZMB,ZMB_6457,Mwasabobmbwe,12.0,2015,2015,21884.0,2.131124,9223434.0
ZMB,ZMB_6459,Mwatishi/Kabuta,12.0,2015,2015,23516.0,2.216092,8402179.0
ZMB,ZMB_6466,Mwense 1,4.0,2015,2015,10171.0,0.880002,4231071.0
ZMB,ZMB_6470,Mwinilunga,11.0,2015,2015,20008.0,2.204882,13201812.0
ZMB,ZMB_6536,Nampundwe,2.0,2015,2015,4798.0,0.439696,2027948.0
ZMB,ZMB_6540,Namwala,9.0,2015,2015,8236.0,1.110806,4324420.0
ZMB,ZMB_6604,Nchelenge,20.0,2015,2015,54198.0,4.237995,20599484.0
ZMB,ZMB_6629,Ndola,121.0,2015,2015,366961.0,30.423036,211458880.0
ZMB,ZMB_6920,Nyimba,4.0,2015,2015,10212.0,0.682519,2828961.0
ZMB,ZMB_7305,Petauke,18.0,2015,2015,33070.0,3.583481,18767730.0
ZMB,ZMB_7525,Roan,5.0,2015,2015,14142.0,1.327151,8035314.0
ZMB,ZMB_7716,Samfya,20.0,2015,2015,37433.0,4.2823,21711232.0
ZMB,ZMB_7862,Senanga,10.0,2015,2015,22878.0,2.054432,9448156.0
ZMB,ZMB_7873,Serenje,5.0,2015,2015,8225.0,1.006462,5528847.0
ZMB,ZMB_7880,Sesheke,3.0,2015,2015,9413.0,0.771161,4117954.0
ZMB,ZMB_8025,Siavonga,3.0,2015,2015,5202.0,0.540878,4163423.0
ZMB,ZMB_8159,Solwezi,71.0,2015,2015,184863.0,16.075635,98490056.0
ZMB,ZMB_8675,Nakonde/Tunduma [ZMB],16.0,2015,2015,40497.0,4.141616,34038920.0
ZMB,ZMB_9121,Zambezi,13.0,2015,2015,14209.0,1.847858,7791931.0
ZWE,ZWE_1648,Banket,3.0,2015,2015,9190.0,0.397932,1123344.0
ZWE,ZWE_1762,Beitbridge,11.0,2015,2015,46556.0,2.159441,12656521.0
ZWE,ZWE_1909,Bindura,13.0,2015,2015,50678.0,2.319336,12189919.0
ZWE,ZWE_2204,Bulawayo,170.0,2015,2015,466618.0,31.550956,207694944.0
ZWE,ZWE_2205,Emganwini,6.0,2015,2015,23272.0,1.045924,5065451.0
ZWE,ZWE_2389,Chegutu,13.0,2015,2015,53028.0,2.252134,10653755.0
ZWE,ZWE_2432,Chinhoyi,21.0,2015,2015,79572.0,3.508867,19776166.0
ZWE,ZWE_2437,Chipinge,10.0,2015,2015,29171.0,1.743505,9839384.0
ZWE,ZWE_2440,Chiredzi,10.0,2015,2015,33030.0,1.432724,7352534.0
ZWE,ZWE_2446,Chisumbanje,15.0,2015,2015,7527.0,0.421699,1054535.0
ZWE,ZWE_2450,Chivhu,5.0,2015,2015,11180.0,0.794449,3062753.0
ZWE,ZWE_2600,Dangamvura,12.0,2015,2015,51290.0,1.905076,9192391.0
ZWE,ZWE_2904,Gumira,19.0,2015,2015,12004.0,1.001778,2563335.0
ZWE,ZWE_3539,Glendale,4.0,2015,2015,15497.0,0.588543,2573396.0
ZWE,ZWE_3558,Gokwe,7.0,2015,2015,24591.0,1.415116,7518744.0
ZWE,ZWE_3581,Chinyika ,20.0,2015,2015,16292.0,0.998513,3105291.0
ZWE,ZWE_3684,Gwanda,7.0,2015,2015,20894.0,1.152818,5363299.0
ZWE,ZWE_3691,Gweru (Old Camp/Ascot/Mambo/Daylesford),25.0,2015,2015,46031.0,3.680837,20011370.0
ZWE,ZWE_3692,Lal Bagh,4.0,2015,2015,3512.0,0.379815,1147017.0
ZWE,ZWE_3693,Gweru ,10.0,2015,2015,68496.0,2.337291,12641215.0
ZWE,ZWE_3694,Senga,3.0,2015,2015,12596.0,0.424696,1752560.0
ZWE,ZWE_3743,Harare,699.0,2015,2015,2160150.0,115.08272,704039936.0
ZWE,ZWE_3849,Hwange south,6.0,2015,2015,9373.0,0.872283,3564813.0
ZWE,ZWE_4289,Kadoma,20.0,2015,2015,60881.0,3.343081,17092584.0
ZWE,ZWE_4572,Kariba (east),2.0,2015,2015,18087.0,0.468556,2518267.0
ZWE,ZWE_4579,Karoi,6.0,2015,2015,16251.0,0.862281,4089269.0
ZWE,ZWE_5172,Kwekwe,21.0,2015,2015,89761.0,4.12315,21641906.0
ZWE,ZWE_5732,Marondera,21.0,2015,2015,58914.0,3.88004,21465536.0
ZWE,ZWE_5778,Masvingo South,23.0,2015,2015,82908.0,4.324554,24560336.0
ZWE,ZWE_5836,Mount Pleasant Heights,4.0,2015,2015,5521.0,0.586293,2046501.0
ZWE,ZWE_5885,Mbuyanehanda,13.0,2015,2015,20588.0,1.179914,4929014.0
ZWE,ZWE_6270,Mount Hampden,7.0,2015,2015,7300.0,0.534391,1750903.0
ZWE,ZWE_6395,Murambinda,5.0,2015,2015,8356.0,0.48068,1742479.0
ZWE,ZWE_6400,Murape,40.0,2015,2015,61268.0,4.242297,18809276.0
ZWE,ZWE_6402,Murehwa Centre,5.0,2015,2015,9582.0,0.801413,3646276.0
ZWE,ZWE_6425,Mutare,40.0,2015,2015,138104.0,7.404814,43847932.0
ZWE,ZWE_6427,Mutoko Centre,5.0,2015,2015,10313.0,0.609038,2600220.0
ZWE,ZWE_6445,Mvurwi,3.0,2015,2015,14741.0,0.530253,2601298.0
ZWE,ZWE_6848,Norton west,16.0,2015,2015,62458.0,2.295614,10839856.0
ZWE,ZWE_6893,Nyahode,25.0,2015,2015,11583.0,0.398959,997760.0
ZWE,ZWE_7488,Redcliff ,2.0,2015,2015,21938.0,0.46842,2073134.0
ZWE,ZWE_7588,Rusape,13.0,2015,2015,33861.0,1.99745,9950261.0
ZWE,ZWE_7920,Shamva,2.0,2015,2015,8077.0,0.330445,1283161.0
ZWE,ZWE_8825,Victoria Falls,8.0,2015,2015,28267.0,1.701425,9051102.0
ZWE,ZWE_9199,Platinum Mine,8.0,2015,2015,38081.0,1.556918,8053187.0
AGO,AGO_1095,Alto Dondo,4.0,2020,2020,22565.0,0.815808,4962025.0
AGO,AGO_1096,Alto Hama,4.0,2020,2020,16997.0,0.732871,3608955.0
AGO,AGO_1208,Cambulo,7.0,2020,2020,76065.0,2.100225,13734142.0
AGO,AGO_1209,Andulo,12.0,2020,2020,43675.0,3.55041,23322130.0
AGO,AGO_1497,Baia Farta,8.0,2020,2020,54117.0,1.590357,7126247.0
AGO,AGO_1501,Bailundo,19.0,2020,2020,49182.0,3.799027,19298292.0
AGO,AGO_1541,Balombo,6.0,2020,2020,34339.0,1.411101,8695678.0
AGO,AGO_1809,Benguela,110.0,2020,2020,630114.0,19.680924,116716360.0
AGO,AGO_1867,Bibala,6.0,2020,2020,7701.0,0.647386,2565686.0
AGO,AGO_1980,Bocoio,6.0,2020,2020,20208.0,1.294723,7172491.0
AGO,AGO_2173,Bucau Zau,3.0,2020,2020,13287.0,0.497832,2037556.0
AGO,AGO_2311,Caala,20.0,2020,2020,106820.0,4.898399,25064062.0
AGO,AGO_2312,Cabinda,86.0,2020,2020,670802.0,21.401536,178262816.0
AGO,AGO_2314,Cacolo,3.0,2020,2020,17423.0,0.830066,4723804.0
AGO,AGO_2315,Caconda,11.0,2020,2020,24669.0,2.057749,10306941.0
AGO,AGO_2316,Cacuso,5.0,2020,2020,26432.0,1.402803,7618900.0
AGO,AGO_2317,Cuango,8.0,2020,2020,127320.0,2.589233,16194498.0
AGO,AGO_2318,Cahama,5.0,2020,2020,13508.0,0.608148,2006123.0
AGO,AGO_2319,Caimbambo,4.0,2020,2020,12390.0,1.054774,5499136.0
AGO,AGO_2324,Calenga,3.0,2020,2020,10791.0,0.706038,3243041.0
AGO,AGO_2325,Calulo,6.0,2020,2020,43100.0,1.447994,10986964.0
AGO,AGO_2326,Ambaca,4.0,2020,2020,33875.0,1.291954,8106392.0
AGO,AGO_2327,Camacupa,10.0,2020,2020,62348.0,2.797134,16734640.0
AGO,AGO_2328,Camanongue,3.0,2020,2020,15755.0,0.798608,4272015.0
AGO,AGO_2331,Cangandala,2.0,2020,2020,11765.0,0.515293,2540193.0
AGO,AGO_2343,Katchiungo,7.0,2020,2020,21390.0,1.425654,7117518.0
AGO,AGO_2344,Gama (south),12.0,2020,2020,31301.0,1.778628,6713216.0
AGO,AGO_2345,Caxito,6.0,2020,2020,37136.0,1.570061,9503281.0
AGO,AGO_2346,Cazombo,12.0,2020,2020,52523.0,3.214105,18709112.0
AGO,AGO_2348,Cela,17.0,2020,2020,77926.0,4.193683,23872620.0
AGO,AGO_2413,Chibia,7.0,2020,2020,20136.0,1.131417,5241879.0
AGO,AGO_2436,Chipindo,3.0,2020,2020,10745.0,0.952618,4526192.0
AGO,AGO_2457,Chongoroi,7.0,2020,2020,17324.0,1.042903,4651626.0
AGO,AGO_2501,Conda,3.0,2020,2020,20493.0,0.666471,3736751.0
AGO,AGO_2512,Cuango Luzamba,3.0,2020,2020,38104.0,0.837629,4755617.0
AGO,AGO_2513,Cubal,13.0,2020,2020,60890.0,2.889727,15318873.0
AGO,AGO_2514,Cuchi,2.0,2020,2020,10526.0,0.505124,2101794.0
AGO,AGO_2515,Kuimba,6.0,2020,2020,48196.0,1.253971,6816560.0
AGO,AGO_2568,Damba,4.0,2020,2020,15821.0,0.823881,4120451.0
AGO,AGO_2839,Dombe Grande,4.0,2020,2020,12922.0,0.785902,3571553.0
AGO,AGO_2846,Dondo,4.0,2020,2020,37412.0,1.204735,10693237.0
AGO,AGO_2908,Dundo,24.0,2020,2020,183461.0,7.470817,47021772.0
AGO,AGO_2954,Ecunha,3.0,2020,2020,11233.0,0.662749,2822123.0
AGO,AGO_3306,Gabela,11.0,2020,2020,121820.0,2.522068,20083144.0
AGO,AGO_3359,Ganda,14.0,2020,2020,56432.0,3.203132,20169658.0
AGO,AGO_3562,Golungo Alto,2.0,2020,2020,17658.0,0.417098,3482360.0
AGO,AGO_3835,Huambo,94.0,2020,2020,632978.0,26.005302,165022592.0
AGO,AGO_4465,Caluquembe,17.0,2020,2020,29076.0,2.295694,10076254.0
AGO,AGO_5212,Cacongo,4.0,2020,2020,16339.0,0.723666,4185591.0
AGO,AGO_5296,Lobito,77.0,2020,2020,569962.0,17.99574,202265952.0
AGO,AGO_5303,Longonjo,4.0,2020,2020,11261.0,0.744606,4103989.0
AGO,AGO_5331,Luanda,1027.0,2020,2020,8437604.0,295.635904,1996971008.0
AGO,AGO_5334,Luau,14.0,2020,2020,80468.0,3.729877,21060054.0
AGO,AGO_5336,Lubango,156.0,2020,2020,692359.0,32.11044,236734688.0
AGO,AGO_5347,Lucala,2.0,2020,2020,12410.0,0.320861,1512985.0
AGO,AGO_5348,Lucapa,12.0,2020,2020,85448.0,3.594377,20552316.0
AGO,AGO_5357,Luena,61.0,2020,2020,318984.0,15.737352,93220856.0
AGO,AGO_5365,Londuimbale,4.0,2020,2020,14825.0,0.801413,3524658.0
AGO,AGO_5384,Lumbala-N'guimbo,6.0,2020,2020,18188.0,1.238177,5161408.0
AGO,AGO_5385,Cameia,4.0,2020,2020,22485.0,0.860233,3699714.0
AGO,AGO_5599,Malanje,57.0,2020,2020,518362.0,16.248492,99399600.0
AGO,AGO_5705,Maquela do Zombo,9.0,2020,2020,66183.0,2.7173,26057140.0
AGO,AGO_5782,Matala,29.0,2020,2020,112041.0,6.635315,40221772.0
AGO,AGO_5815,Mavinga,2.0,2020,2020,10887.0,0.411556,1611343.0
AGO,AGO_5853,Mbanza Congo,24.0,2020,2020,180327.0,4.515701,36390256.0
AGO,AGO_5948,Menongue,39.0,2020,2020,267392.0,11.47718,65911328.0
AGO,AGO_6377,Mungo,5.0,2020,2020,15298.0,1.357773,6977805.0
AGO,AGO_6420,Mussende,6.0,2020,2020,24324.0,1.571322,10153472.0
AGO,AGO_6520,Namacunde/Oshikango [AGO],5.0,2020,2020,27862.0,1.115747,6645049.0
AGO,AGO_6532,Namibe,38.0,2020,2020,255962.0,7.506717,55513460.0
AGO,AGO_6609,Ndalatando,14.0,2020,2020,181555.0,3.802874,35004472.0
AGO,AGO_6649,Negage,11.0,2020,2020,105937.0,2.858555,17797084.0
AGO,AGO_6723,Sumbe,32.0,2020,2020,234747.0,7.299721,71526128.0
AGO,AGO_6927,Nzetu,6.0,2020,2020,35104.0,1.457059,7641468.0
AGO,AGO_7092,Ondjiva,14.0,2020,2020,60881.0,2.611378,14253907.0
AGO,AGO_7333,Ext. Pinheiro,14.0,2020,2020,31455.0,2.18915,7617691.0
AGO,AGO_7352,Jamba,5.0,2020,2020,11688.0,0.874165,3840504.0
AGO,AGO_7366,Porto Amboim,15.0,2020,2020,109148.0,3.643672,28987246.0
AGO,AGO_7444,Quibala,8.0,2020,2020,36413.0,1.813039,9441331.0
AGO,AGO_7445,Quilenda,3.0,2020,2020,13976.0,0.467613,2451484.0
AGO,AGO_7446,Quipungo,7.0,2020,2020,18032.0,1.314105,6513848.0
AGO,AGO_7777,Soyo,35.0,2020,2020,217838.0,9.658537,63459456.0
AGO,AGO_7780,Sanza Pombo,4.0,2020,2020,24059.0,0.914082,6272801.0
AGO,AGO_7799,Sassalemba,53.0,2020,2020,99741.0,6.554998,27728784.0
AGO,AGO_7802,Saurimo,47.0,2020,2020,442965.0,13.084984,74268400.0
AGO,AGO_8099,Silva Porto,67.0,2020,2020,355436.0,17.270152,113409336.0
AGO,AGO_8168,Songo,6.0,2020,2020,29342.0,1.590954,10492989.0
AGO,AGO_8560,Tomboco,4.0,2020,2020,18896.0,0.863992,5123802.0
AGO,AGO_8562,Tombua,5.0,2020,2020,43887.0,1.02573,6676823.0
AGO,AGO_8715,Uige,43.0,2020,2020,547808.0,12.15318,117497312.0
AGO,AGO_8721,Uku-Seles,7.0,2020,2020,45787.0,1.608085,10333431.0
AGO,AGO_8722,Ukuma,6.0,2020,2020,20122.0,1.240851,6262886.0
AGO,AGO_9031,Xangongo,10.0,2020,2020,27683.0,1.730046,10039922.0
BDI,BDI_1592,Mugerama,2.0,2020,2020,6602.0,0.385482,1291043.0
BDI,BDI_2172,Bubanza,6.0,2020,2020,24355.0,0.926691,7776090.0
BDI,BDI_2195,Bujumbura,501.0,2020,2020,1611294.0,57.251924,392812672.0
BDI,BDI_2464,Rugombo centre-urbain sud,9.0,2020,2020,46595.0,1.804072,10140073.0
BDI,BDI_3401,Gasenyi,22.0,2020,2020,54963.0,2.305044,9152688.0
BDI,BDI_3406,Gatabo,15.0,2020,2020,12436.0,0.844187,2110798.0
BDI,BDI_3413,Gatumba,6.0,2020,2020,29408.0,1.447424,10111711.0
BDI,BDI_3528,Gitega,92.0,2020,2020,169690.0,7.439362,41974340.0
BDI,BDI_4886,Kirundo,275.0,2020,2020,348526.0,10.082573,28711372.0
BDI,BDI_5554,Makamba,109.0,2020,2020,107304.0,6.531199,25010532.0
BDI,BDI_6340,Sampeke,76.0,2020,2020,45208.0,2.904743,7297933.0
BDI,BDI_6396,Muramwiya,114.0,2020,2020,128498.0,5.264274,16721008.0
BDI,BDI_6435,Muyange,54.0,2020,2020,79698.0,4.069832,16745654.0
BDI,BDI_6437,Muyinga,355.0,2020,2020,384631.0,11.265466,33637576.0
BDI,BDI_6614,Ndava,2.0,2020,2020,9992.0,0.541356,3429471.0
BDI,BDI_6717,Kayanza,284.0,2020,2020,485900.0,15.393931,63368992.0
BDI,BDI_6908,Kagunuzi,2.0,2020,2020,5369.0,0.274643,815730.0
BDI,BDI_7555,Kinyami,7.0,2020,2020,12493.0,0.347611,868974.0
BDI,BDI_7567,Mugina,37.0,2020,2020,61295.0,2.254499,8155960.0
BDI,BDI_7568,Rugombo,5.0,2020,2020,30298.0,1.205168,6779625.0
BDI,BDI_7580,Rumonge,11.0,2020,2020,61652.0,2.238207,18471492.0
BDI,BDI_7591,Rutana,15.0,2020,2020,19635.0,1.108764,5239726.0
BDI,BDI_7596,Ruyigi,12.0,2020,2020,22207.0,1.26498,5809880.0
BEN,BEN_1211,Hilacondji,21.0,2020,2020,18764.0,1.03414,5608467.0
BEN,BEN_1218,Aniviekome,1.0,2020,2020,2937.0,0.373273,1588638.0
BEN,BEN_1253,Aplahoué,6.0,2020,2020,11150.0,0.95492,4009582.0
BEN,BEN_1432,Djakotomey,51.0,2020,2020,108438.0,7.419573,37019740.0
BEN,BEN_154,Adakplame,4.0,2020,2020,6287.0,0.593315,2820612.0
BEN,BEN_1644,Banikoara,13.0,2020,2020,30800.0,2.034073,10848262.0
BEN,BEN_1653,Banté,8.0,2020,2020,20790.0,1.240926,6854462.0
BEN,BEN_1708,Bassila I,8.0,2020,2020,19371.0,1.361241,6807602.0
BEN,BEN_191,Adja Tokpa I,16.0,2020,2020,23339.0,1.971368,6591370.0
BEN,BEN_192,Adjaglimey,4.0,2020,2020,8109.0,0.656724,2579435.0
BEN,BEN_193,Adjaha,1.0,2020,2020,3216.0,0.242412,1351500.0
BEN,BEN_195,Adjegounle,6.0,2020,2020,6356.0,0.667423,2465580.0
BEN,BEN_2496,Colli Bossouvi,10.0,2020,2020,24208.0,1.509162,8654018.0
BEN,BEN_2498,Comé,32.0,2020,2020,90364.0,4.92045,28003972.0
BEN,BEN_2504,Copargo,4.0,2020,2020,12429.0,0.752844,3947701.0
BEN,BEN_2505,Cotonou,599.0,2020,2020,3117684.0,125.899408,897345984.0
BEN,BEN_2507,Cove,24.0,2020,2020,68703.0,3.970624,21649020.0
BEN,BEN_251,Agbozounkpa,5.0,2020,2020,13875.0,0.847649,4936694.0
BEN,BEN_2573,Dame,2.0,2020,2020,4221.0,0.490895,2648903.0
BEN,BEN_2638,Dassa-Zoume,18.0,2020,2020,51075.0,3.036754,17205436.0
BEN,BEN_266,Agon,6.0,2020,2020,8877.0,0.767541,2991068.0
BEN,BEN_2674,Djeregbe 1,24.0,2020,2020,45670.0,3.098486,16833396.0
BEN,BEN_2804,Djidja Mandjavi,2.0,2020,2020,6291.0,0.47459,2541319.0
BEN,BEN_2811,Djougou,47.0,2020,2020,156043.0,8.039176,50402152.0
BEN,BEN_2823,Dogbo-Tota,9.0,2020,2020,32078.0,1.413585,8179106.0
BEN,BEN_2832,Doko-Centre,7.0,2020,2020,11274.0,0.988543,4120901.0
BEN,BEN_2842,Doméguédji,1.0,2020,2020,1254.0,0.175722,731118.0
BEN,BEN_2849,Donga,2.0,2020,2020,4624.0,0.441679,2210180.0
BEN,BEN_295,Ahomey Glon,1.0,2020,2020,1232.0,0.1364,540545.0
BEN,BEN_3272,Founougo A,3.0,2020,2020,8715.0,0.654971,3379516.0
BEN,BEN_3353,Gamia Est,7.0,2020,2020,15372.0,0.921776,4367575.0
BEN,BEN_3436,Gbakéhoué,3.0,2020,2020,6953.0,0.471017,2396937.0
BEN,BEN_3437,Gbanlin,3.0,2020,2020,3951.0,0.428968,1830985.0
BEN,BEN_3441,Gbeko,2.0,2020,2020,3275.0,0.374314,1589205.0
BEN,BEN_3537,Glazoué,16.0,2020,2020,38139.0,2.426184,12968562.0
BEN,BEN_3541,Glogbo,19.0,2020,2020,38837.0,2.286252,14633524.0
BEN,BEN_3551,Gogounou,5.0,2020,2020,11120.0,0.865432,4187560.0
BEN,BEN_3586,Gouka,5.0,2020,2020,9525.0,0.855441,5011461.0
BEN,BEN_3589,Goumori A,4.0,2020,2020,7488.0,0.529132,2465663.0
BEN,BEN_3596,Gourou,4.0,2020,2020,12362.0,0.781551,3925084.0
BEN,BEN_3653,Guimaro-Sinakpagourou,2.0,2020,2020,4953.0,0.461546,2328664.0
BEN,BEN_3830,Houinta,1.0,2020,2020,2896.0,0.313809,1498756.0
BEN,BEN_3832,Houssoukoué,6.0,2020,2020,12613.0,0.903987,3756652.0
BEN,BEN_3887,Idigny Centre,4.0,2020,2020,6433.0,0.535564,2542242.0
BEN,BEN_3901,Ifangni ,46.0,2020,2020,36112.0,2.597734,14342309.0
BEN,BEN_4009,Ilare,2.0,2020,2020,5227.0,0.389796,2316476.0
BEN,BEN_4057,Ina 3,4.0,2020,2020,10468.0,0.751495,4086716.0
BEN,BEN_4504,Kandi,23.0,2020,2020,71690.0,3.781308,22090996.0
BEN,BEN_4726,Kérou,7.0,2020,2020,21847.0,1.290267,6867005.0
BEN,BEN_4734,Kétonou,3.0,2020,2020,5931.0,0.540941,2306957.0
BEN,BEN_4735,Ketou,26.0,2020,2020,69689.0,4.513967,27302136.0
BEN,BEN_48,Abolou,12.0,2020,2020,10048.0,1.016591,2855886.0
BEN,BEN_4818,Kilibo Olata,5.0,2020,2020,9889.0,0.726817,3646598.0
BEN,BEN_49,Abomey,178.0,2020,2020,600124.0,33.894564,196122528.0
BEN,BEN_4934,Klouekanme,16.0,2020,2020,36479.0,2.530638,11510892.0
BEN,BEN_4964,Kolokonde,6.0,2020,2020,12746.0,0.938278,4145237.0
BEN,BEN_5005,Kossou,8.0,2020,2020,17732.0,1.307749,6376560.0
BEN,BEN_5297,Lobogo Gbede Come,26.0,2020,2020,52811.0,3.339451,20253544.0
BEN,BEN_5310,Lokossa,34.0,2020,2020,98486.0,5.456995,31121760.0
BEN,BEN_5442,Madecali,2.0,2020,2020,3273.0,0.285283,1037356.0
BEN,BEN_5601,Malanville,10.0,2020,2020,46914.0,2.379174,14545918.0
BEN,BEN_5662,Manigri Oké,5.0,2020,2020,14412.0,1.04899,6554459.0
BEN,BEN_5797,Materi,7.0,2020,2020,13278.0,1.025083,5345048.0
BEN,BEN_6569,Natitingou,31.0,2020,2020,101645.0,5.128666,34318824.0
BEN,BEN_6610,N'Dali,10.0,2020,2020,25640.0,1.565371,8234313.0
BEN,BEN_6758,Nikki,12.0,2020,2020,43408.0,2.516251,14681616.0
BEN,BEN_7033,Oke-Odan,3.0,2020,2020,5200.0,0.47717,1936648.0
BEN,BEN_7099,Onklou,3.0,2020,2020,4565.0,0.453603,1746273.0
BEN,BEN_7158,Ouake,7.0,2020,2020,16093.0,1.281861,6294453.0
BEN,BEN_7187,Ouesse Centre,10.0,2020,2020,28225.0,1.999329,11544304.0
BEN,BEN_7190,Ouidah,40.0,2020,2020,122494.0,5.987189,38345252.0
BEN,BEN_7286,Parakou,143.0,2020,2020,553788.0,25.318516,165626112.0
BEN,BEN_7289,Partago,5.0,2020,2020,12873.0,0.962498,5018232.0
BEN,BEN_7304,Perere I,5.0,2020,2020,14632.0,0.840895,4519320.0
BEN,BEN_7335,Pira Adjigo,2.0,2020,2020,10440.0,0.578898,3240243.0
BEN,BEN_7345,Pobe,39.0,2020,2020,84586.0,6.01598,35495400.0
BEN,BEN_7367,Porto-Novo,310.0,2020,2020,1198354.0,54.09284,363404160.0
BEN,BEN_7682,Sakete I,16.0,2020,2020,40617.0,2.401005,12290564.0
BEN,BEN_7803,Savalou,15.0,2020,2020,49783.0,2.725154,18102876.0
BEN,BEN_7804,Save,16.0,2020,2020,44023.0,2.623838,16501994.0
BEN,BEN_7817,Sé,6.0,2020,2020,20845.0,1.005484,5313610.0
BEN,BEN_7832,Segbana II,5.0,2020,2020,11739.0,0.834967,3918916.0
BEN,BEN_7843,Garou II,3.0,2020,2020,4496.0,0.478249,2116569.0
BEN,BEN_796,Allawénoussa I,1.0,2020,2020,7631.0,0.349433,2024925.0
BEN,BEN_8104,Sinaourarou,9.0,2020,2020,25488.0,1.417626,7450294.0
BEN,BEN_8152,Sokomey,3.0,2020,2020,4668.0,0.637455,3346589.0
BEN,BEN_8161,Somai,3.0,2020,2020,5259.0,0.675272,3660283.0
BEN,BEN_8164,Sompérékou A,5.0,2020,2020,10337.0,0.784984,4027565.0
BEN,BEN_8362,Tanguiéta,11.0,2020,2020,38556.0,2.061024,14109722.0
BEN,BEN_8410,Tchatchou,4.0,2020,2020,9628.0,0.640914,3075931.0
BEN,BEN_8414,Tchetti,3.0,2020,2020,9511.0,0.58953,3244707.0
BEN,BEN_8417,Tchingayare,4.0,2020,2020,10735.0,0.780864,4661066.0
BEN,BEN_8593,Toui-Centre,3.0,2020,2020,6837.0,0.47639,2543827.0
BEN,BEN_8604,Toviklin,6.0,2020,2020,11789.0,0.97898,4876957.0
BEN,BEN_8608,Tozoungo,4.0,2020,2020,5074.0,0.510871,1692469.0
BEN,BEN_9016,Worogui,11.0,2020,2020,29034.0,1.583029,7843239.0
BFA,BFA_1274,Arbinda,3.0,2020,2020,5244.0,0.425062,1749877.0
BFA,BFA_1564,Ban,3.0,2020,2020,4966.0,0.518527,2925762.0
BFA,BFA_1581,Banfora,21.0,2020,2020,86005.0,5.794571,37467200.0
BFA,BFA_1659,Banzon,3.0,2020,2020,10757.0,0.694281,3941421.0
BFA,BFA_1693,Barsalogho,6.0,2020,2020,6674.0,0.813737,2974758.0
BFA,BFA_1717,Batie,6.0,2020,2020,7846.0,0.915515,4723458.0
BFA,BFA_1759,Beguedo,16.0,2020,2020,26401.0,2.293808,10103338.0
BFA,BFA_1793,Bena,6.0,2020,2020,7570.0,0.717355,3064545.0
BFA,BFA_1960,Bittou,9.0,2020,2020,18214.0,1.779432,10091124.0
BFA,BFA_1975,Bobo-Dioulasso,151.0,2020,2020,776422.0,40.349932,274160224.0
BFA,BFA_1992,Bogande,9.0,2020,2020,17333.0,1.151361,5534666.0
BFA,BFA_2011,Bokin,6.0,2020,2020,11737.0,1.042692,4859615.0
BFA,BFA_2068,Boromo,14.0,2020,2020,18913.0,2.486,16739337.0
BFA,BFA_2121,Boulsa,8.0,2020,2020,17436.0,1.444324,6933637.0
BFA,BFA_2138,Bousse,9.0,2020,2020,17177.0,1.416688,8718675.0
BFA,BFA_2140,Boussouma,4.0,2020,2020,6712.0,0.480025,1746260.0
BFA,BFA_2491,Cinkanse ,26.0,2020,2020,21500.0,2.347149,13910939.0
BFA,BFA_2594,Dande,4.0,2020,2020,7169.0,0.80313,4056289.0
BFA,BFA_2606,Dano,6.0,2020,2020,11659.0,1.176904,7472426.0
BFA,BFA_2666,Dedougou,36.0,2020,2020,59465.0,5.824685,38681128.0
BFA,BFA_2714,Diapaga,10.0,2020,2020,11946.0,1.24317,6212056.0
BFA,BFA_2726,Didyr,6.0,2020,2020,5716.0,0.463158,1694909.0
BFA,BFA_2727,Diebougou,10.0,2020,2020,17043.0,1.994043,11431929.0
BFA,BFA_2778,Dirlakou,4.0,2020,2020,5004.0,0.560893,2210770.0
BFA,BFA_2801,Djibo,13.0,2020,2020,29629.0,2.647128,13134920.0
BFA,BFA_2860,Dori (east),12.0,2020,2020,41947.0,2.184797,10954783.0
BFA,BFA_3183,Fada-N'Gourma,37.0,2020,2020,56845.0,7.42694,43836484.0
BFA,BFA_3189,Falagountou,4.0,2020,2020,14115.0,0.645893,2685357.0
BFA,BFA_3369,Gaoua,17.0,2020,2020,33980.0,3.404921,22508838.0
BFA,BFA_3379,Garango,14.0,2020,2020,24850.0,2.094677,9896221.0
BFA,BFA_3572,Gonboussou,6.0,2020,2020,9432.0,0.93512,3856240.0
BFA,BFA_3594,Gourcy,17.0,2020,2020,37596.0,2.276932,10661607.0
BFA,BFA_3650,Lanfiera,6.0,2020,2020,14643.0,1.194204,6728727.0
BFA,BFA_3831,Hounde,20.0,2020,2020,48280.0,4.064054,24594364.0
BFA,BFA_4041,Imasgho,3.0,2020,2020,3740.0,0.37884,1632435.0
BFA,BFA_4665,Kaya,39.0,2020,2020,111034.0,7.325636,39721184.0
BFA,BFA_4849,Kindi,6.0,2020,2020,5126.0,0.580971,2183395.0
BFA,BFA_4950,Kokologho,8.0,2020,2020,11490.0,1.270007,7381376.0
BFA,BFA_4969,Kombissiri,12.0,2020,2020,15040.0,1.782099,9165398.0
BFA,BFA_4973,Kompienbiga,4.0,2020,2020,2974.0,0.36713,1070464.0
BFA,BFA_4974,Kompienga,5.0,2020,2020,6156.0,0.82375,3873274.0
BFA,BFA_4981,Kongoussi,12.0,2020,2020,41421.0,2.390831,12093262.0
BFA,BFA_5001,Korsimoro,6.0,2020,2020,12598.0,1.010597,4736294.0
BFA,BFA_5011,Koudougou,94.0,2020,2020,171766.0,15.935977,114260808.0
BFA,BFA_5013,Kouka,8.0,2020,2020,13348.0,1.151547,5502354.0
BFA,BFA_5027,Koupela,20.0,2020,2020,44469.0,3.815915,22243244.0
BFA,BFA_5028,Kourouma,5.0,2020,2020,5768.0,0.658719,2919993.0
BFA,BFA_5183,Kyon,8.0,2020,2020,6814.0,0.474218,1402687.0
BFA,BFA_5256,Leo,21.0,2020,2020,37106.0,3.559897,21173180.0
BFA,BFA_5649,Manga,13.0,2020,2020,17332.0,2.343168,12104300.0
BFA,BFA_6187,Mogtedo,8.0,2020,2020,17137.0,1.553785,8293413.0
BFA,BFA_6491,Nadiagou,3.0,2020,2020,5136.0,0.620345,3210172.0
BFA,BFA_6535,Namponkore,6.0,2020,2020,5760.0,0.663987,2697242.0
BFA,BFA_6568,Natiaboani,2.0,2020,2020,1366.0,0.314066,1632472.0
BFA,BFA_6744,Nianaba,8.0,2020,2020,7858.0,1.015898,3448600.0
BFA,BFA_6747,Niangoloko,12.0,2020,2020,20784.0,2.753381,16074921.0
BFA,BFA_6749,Niaogho,6.0,2020,2020,7957.0,1.195958,6031796.0
BFA,BFA_6853,Nouna,21.0,2020,2020,37704.0,2.580635,17205858.0
BFA,BFA_7120,Orodara,9.0,2020,2020,24852.0,1.874655,10117850.0
BFA,BFA_7156,Ouagadougou,664.0,2020,2020,2804600.0,149.31328,960780672.0
BFA,BFA_7157,Ouahigouya,39.0,2020,2020,124134.0,7.059532,39470800.0
BFA,BFA_7162,Ouargaye,5.0,2020,2020,9588.0,0.758225,3639232.0
BFA,BFA_7272,Pama,4.0,2020,2020,5130.0,0.673797,3070492.0
BFA,BFA_7325,Piela,8.0,2020,2020,12200.0,0.7974,3145219.0
BFA,BFA_7336,Pissila,8.0,2020,2020,14123.0,1.318123,6595665.0
BFA,BFA_7344,Po,13.0,2020,2020,17848.0,3.008116,21042188.0
BFA,BFA_7374,Pouytenga,21.0,2020,2020,79349.0,5.148018,32646740.0
BFA,BFA_7501,Reo,28.0,2020,2020,22060.0,2.471156,8985188.0
BFA,BFA_7537,Rollo,3.0,2020,2020,4493.0,0.377952,1461735.0
BFA,BFA_7553,Rouko,2.0,2020,2020,4259.0,0.373821,1148217.0
BFA,BFA_7619,Sabou,7.0,2020,2020,11462.0,1.182086,7194564.0
BFA,BFA_7784,Sapouy,9.0,2020,2020,12499.0,1.470689,8774793.0
BFA,BFA_7837,Seguenega,6.0,2020,2020,13500.0,0.805991,3269501.0
BFA,BFA_8157,Solenzo,12.0,2020,2020,23783.0,2.054929,11213047.0
BFA,BFA_8182,Soubakaniedougo,3.0,2020,2020,3176.0,0.412099,1840234.0
BFA,BFA_8360,Tanghin-Dassouri,10.0,2020,2020,10301.0,1.290611,6421955.0
BFA,BFA_8451,Tenkodogo,30.0,2020,2020,57383.0,5.900331,33951064.0
BFA,BFA_8529,Titao,10.0,2020,2020,20175.0,1.274306,4523076.0
BFA,BFA_8543,To,5.0,2020,2020,4904.0,0.593902,2066205.0
BFA,BFA_8557,Toma,8.0,2020,2020,12738.0,1.152303,5536318.0
BFA,BFA_8590,Tougan,9.0,2020,2020,26656.0,1.925951,10801429.0
BFA,BFA_9045,Yako,15.0,2020,2020,38307.0,2.838697,18554100.0
BFA,BFA_9049,Yalgo,8.0,2020,2020,11307.0,1.05444,4659751.0
BFA,BFA_9100,Zabre,8.0,2020,2020,15329.0,1.23098,5406917.0
BFA,BFA_9170,Ziniare,25.0,2020,2020,41240.0,3.913081,17984542.0
BFA,BFA_9182,Zorgho,15.0,2020,2020,27648.0,2.458995,12719044.0
BWA,BWA_1976,Bobonong,27.0,2020,2020,15267.0,4.892881,25304540.0
BWA,BWA_2067,Tlhalogang,16.0,2020,2020,10192.0,3.645042,21490552.0
BWA,BWA_3278,Francistown,36.0,2020,2020,81822.0,8.477514,53577968.0
BWA,BWA_3310,Gaborone,184.0,2020,2020,283732.0,45.887136,293323552.0
BWA,BWA_3483,Ghanzi,10.0,2020,2020,12539.0,2.266362,12167432.0
BWA,BWA_4239,Jwaneng,11.0,2020,2020,23127.0,2.448064,14560847.0
BWA,BWA_4527,Kanye,46.0,2020,2020,29523.0,9.309924,56956048.0
BWA,BWA_4991,Kopong,13.0,2020,2020,12984.0,2.519546,12669169.0
BWA,BWA_5266,Letlhakane,26.0,2020,2020,24442.0,4.935112,25939258.0
BWA,BWA_5295,Lobatse,15.0,2020,2020,22076.0,3.115809,16877912.0
BWA,BWA_5503,Mahalapye,54.0,2020,2020,39640.0,12.535705,69740936.0
BWA,BWA_5814,Maun,79.0,2020,2020,70586.0,14.702746,83619584.0
BWA,BWA_6164,Mmadinare,18.0,2020,2020,11080.0,3.858537,23333608.0
BWA,BWA_6177,Mochudi,64.0,2020,2020,45308.0,14.21625,79703792.0
BWA,BWA_6207,Molepolole,73.0,2020,2020,76717.0,14.686248,80734912.0
BWA,BWA_6253,Moshupa,33.0,2020,2020,23172.0,5.361919,27945422.0
BWA,BWA_7268,Palapye,41.0,2020,2020,29815.0,8.909394,50843404.0
BWA,BWA_7467,Ramotswa,27.0,2020,2020,18803.0,5.220759,28553710.0
BWA,BWA_7853,Selibe Phikwe,17.0,2020,2020,25383.0,4.075405,25694732.0
BWA,BWA_7875,Serowe,73.0,2020,2020,54770.0,14.612088,86575944.0
BWA,BWA_8465,Thamaga,36.0,2020,2020,23869.0,5.51648,28415384.0
BWA,BWA_8542,Tlokweng,20.0,2020,2020,20820.0,3.705586,20719852.0
BWA,BWA_8571,Tonota,38.0,2020,2020,25722.0,7.983958,46534700.0
BWA,BWA_8690,Tutume,35.0,2020,2020,15552.0,6.161163,28240680.0
CAF,CAF_1550,Bambari,13.0,2020,2020,66396.0,2.26547,13696218.0
CAF,CAF_1584,Bangassou,11.0,2020,2020,38886.0,2.285824,13392456.0
CAF,CAF_1589,Bangui,147.0,2020,2020,1051175.0,36.83524,248294720.0
CAF,CAF_1660,Baoro,4.0,2020,2020,16085.0,0.81794,4470534.0
CAF,CAF_1713,Batangafo,4.0,2020,2020,14519.0,0.75073,4534942.0
CAF,CAF_1832,Berbérati,16.0,2020,2020,85607.0,4.152714,28511822.0
CAF,CAF_1981,Boda,4.0,2020,2020,25040.0,1.014158,6658061.0
CAF,CAF_2007,Bokaranga,6.0,2020,2020,22967.0,1.222408,6122979.0
CAF,CAF_2073,Bossangoa,14.0,2020,2020,44590.0,2.294634,12941142.0
CAF,CAF_2074,Bossembélé,3.0,2020,2020,12278.0,0.609876,3471770.0
CAF,CAF_2092,Bouar,13.0,2020,2020,59375.0,3.312823,25755284.0
CAF,CAF_2096,Bouca,3.0,2020,2020,11370.0,0.641044,3646738.0
CAF,CAF_2154,Bozoum,6.0,2020,2020,23871.0,1.199559,6946146.0
CAF,CAF_2166,Bria,7.0,2020,2020,34509.0,1.634735,9070214.0
CAF,CAF_2339,Carnot,9.0,2020,2020,78896.0,2.234416,16690554.0
CAF,CAF_2678,Dēkoa,4.0,2020,2020,13061.0,0.658449,3140025.0
CAF,CAF_3350,Gamboula,3.0,2020,2020,10880.0,0.526487,2604154.0
CAF,CAF_3614,Grimari,2.0,2020,2020,5295.0,0.222461,853443.0
CAF,CAF_4082,Ippy,4.0,2020,2020,11939.0,0.762908,3983883.0
CAF,CAF_4256,Kabo,8.0,2020,2020,20105.0,1.508234,9809712.0
CAF,CAF_4395,Kaga-Bandoro,6.0,2020,2020,30734.0,1.389017,8616805.0
CAF,CAF_5842,M'bāïki,4.0,2020,2020,11103.0,0.787288,4776585.0
CAF,CAF_6218,Monga,4.0,2020,2020,0.0,0.0,0.0
CAF,CAF_6618,Ndélé ,5.0,2020,2020,22385.0,0.861316,4759953.0
CAF,CAF_6844,Nola,5.0,2020,2020,27431.0,1.319523,7591350.0
CAF,CAF_7284,Paoua,12.0,2020,2020,40966.0,1.835232,9359743.0
CAF,CAF_730,Alindao,2.0,2020,2020,14978.0,0.342611,1844550.0
CAF,CAF_8030,Sibut,6.0,2020,2020,16818.0,1.141517,5911362.0
CAF,CAF_9050,Yaloké,4.0,2020,2020,17409.0,0.9433,5203183.0
CAF,CAF_9155,Zémio,2.0,2020,2020,8830.0,0.35289,1265974.0
CIV,CIV_1177,Amelekia,3.0,2020,2020,8858.0,0.572489,3417243.0
CIV,CIV_1199,Ananguie 1,3.0,2020,2020,7677.0,0.477881,2510673.0
CIV,CIV_1201,Mignore,3.0,2020,2020,4633.0,0.718881,3955500.0
CIV,CIV_1205,Ande,3.0,2020,2020,16747.0,0.578126,2897045.0
CIV,CIV_1295,Arrah,9.0,2020,2020,27779.0,1.587425,9814019.0
CIV,CIV_1346,Assuefry,2.0,2020,2020,14130.0,0.525518,3030284.0
CIV,CIV_1425,Azaguie,9.0,2020,2020,20132.0,1.262127,7146082.0
CIV,CIV_1453,Bacon,3.0,2020,2020,7715.0,0.568334,3788232.0
CIV,CIV_1482,Bagohouo,2.0,2020,2020,4488.0,0.500607,2432101.0
CIV,CIV_1489,Bahe-Sebon,1.0,2020,2020,3851.0,0.256715,1161687.0
CIV,CIV_1575,Bandiahi,3.0,2020,2020,5343.0,0.614636,3288791.0
CIV,CIV_1587,Bangolo,7.0,2020,2020,28289.0,1.108309,5833768.0
CIV,CIV_1661,Baoulifla,2.0,2020,2020,5366.0,0.41909,2339141.0
CIV,CIV_1735,Bayota,4.0,2020,2020,15287.0,0.786023,4663502.0
CIV,CIV_1742,Bazre,3.0,2020,2020,14727.0,0.497013,2594279.0
CIV,CIV_1747,Becedi-Brignan,4.0,2020,2020,13319.0,0.544401,3167047.0
CIV,CIV_1754,Bediala,3.0,2020,2020,8047.0,0.671797,3841968.0
CIV,CIV_1779,Belle-Ville,2.0,2020,2020,6409.0,0.429715,2421718.0
CIV,CIV_1829,Beoumi,8.0,2020,2020,34461.0,1.454184,7382146.0
CIV,CIV_183,Adiake,5.0,2020,2020,26286.0,1.088172,6677969.0
CIV,CIV_1864,Biankouma,7.0,2020,2020,33057.0,1.281941,8339355.0
CIV,CIV_1865,Bianouan,2.0,2020,2020,8394.0,0.413209,2945766.0
CIV,CIV_1877,Bieby,3.0,2020,2020,9499.0,0.388099,2049972.0
CIV,CIV_194,Adjamene,3.0,2020,2020,13623.0,0.664031,5847719.0
CIV,CIV_1967,Blenimeouin,2.0,2020,2020,5834.0,0.473681,2514104.0
CIV,CIV_1971,Blolequin,7.0,2020,2020,34508.0,1.227225,7853485.0
CIV,CIV_1978,Bocanda,5.0,2020,2020,19723.0,0.801231,4945244.0
CIV,CIV_1995,Bognonzra,2.0,2020,2020,6716.0,0.719207,4990423.0
CIV,CIV_2038,Bondoukou,41.0,2020,2020,112832.0,5.807068,35458232.0
CIV,CIV_2043,Bongouanou,8.0,2020,2020,41177.0,1.679656,10021143.0
CIV,CIV_2047,Bonon,11.0,2020,2020,64976.0,2.530524,18485304.0
CIV,CIV_2048,Bonoua,24.0,2020,2020,79905.0,3.898389,24250550.0
CIV,CIV_2049,Bonoufla,4.0,2020,2020,12872.0,0.912525,6182484.0
CIV,CIV_2069,Borotou-Koro,2.0,2020,2020,13432.0,0.503984,2800984.0
CIV,CIV_2078,Botro,4.0,2020,2020,21754.0,0.815918,4435587.0
CIV,CIV_2087,Bouafle,28.0,2020,2020,122077.0,4.650984,31456820.0
CIV,CIV_2088,Bouake,140.0,2020,2020,745201.0,29.739756,231720992.0
CIV,CIV_2089,Bouandougou,2.0,2020,2020,13371.0,0.440889,2288695.0
CIV,CIV_2127,Bouna,10.0,2020,2020,55465.0,1.980037,11561336.0
CIV,CIV_2128,Boundiali,16.0,2020,2020,73991.0,3.255738,20079168.0
CIV,CIV_218,Adzope,22.0,2020,2020,91423.0,3.474186,26596446.0
CIV,CIV_223,Affery,7.0,2020,2020,23288.0,1.429439,10548395.0
CIV,CIV_2298,Buyo,7.0,2020,2020,30914.0,1.363454,6842940.0
CIV,CIV_2347,Cechi,3.0,2020,2020,9994.0,0.505068,2396515.0
CIV,CIV_250,Agboville,21.0,2020,2020,95117.0,4.162751,32282128.0
CIV,CIV_2519,Dabakala,7.0,2020,2020,35363.0,1.120459,6449451.0
CIV,CIV_2523,Dabou,15.0,2020,2020,95172.0,3.477395,26307146.0
CIV,CIV_2524,Dabouyo,3.0,2020,2020,15076.0,0.813384,6464354.0
CIV,CIV_2529,Dagadji,3.0,2020,2020,5262.0,0.544615,3341412.0
CIV,CIV_2543,Dairo,3.0,2020,2020,12406.0,0.559226,3098154.0
CIV,CIV_2549,Dakpadou,3.0,2020,2020,11435.0,0.671396,4531250.0
CIV,CIV_2557,Daloa,77.0,2020,2020,344506.0,15.58344,107811416.0
CIV,CIV_2591,Danane,21.0,2020,2020,97517.0,3.733267,27284524.0
CIV,CIV_2608,Daoukro,14.0,2020,2020,69580.0,2.715178,17386162.0
CIV,CIV_261,Agnibilekrou,16.0,2020,2020,65167.0,3.072217,21488980.0
CIV,CIV_2611,Dapeoua,1.0,2020,2020,6946.0,0.266074,1274155.0
CIV,CIV_2709,Diangobo,3.0,2020,2020,9515.0,0.470002,2415362.0
CIV,CIV_2711,Dianra,5.0,2020,2020,32066.0,1.112154,6808214.0
CIV,CIV_2712,Dianra-Village,3.0,2020,2020,14034.0,0.651077,3783574.0
CIV,CIV_2717,Diawala,3.0,2020,2020,17884.0,0.903785,5927473.0
CIV,CIV_2729,Diegonefla,9.0,2020,2020,42233.0,1.681985,10945379.0
CIV,CIV_2736,Dignago,3.0,2020,2020,9304.0,0.589789,3398133.0
CIV,CIV_2742,Dikodougou,4.0,2020,2020,23554.0,0.972345,6561317.0
CIV,CIV_2748,Dimbokro,12.0,2020,2020,55441.0,2.510494,16258668.0
CIV,CIV_2765,Diourouzon,1.0,2020,2020,5889.0,0.252195,1244483.0
CIV,CIV_2786,Divo,43.0,2020,2020,224303.0,8.175927,61716200.0
CIV,CIV_2792,Djapadji,2.0,2020,2020,4304.0,0.472492,2808321.0
CIV,CIV_28,Abengourou,31.0,2020,2020,129873.0,6.618285,51634772.0
CIV,CIV_2816,Doba,1.0,2020,2020,3148.0,0.265072,1242177.0
CIV,CIV_2829,Doka,1.0,2020,2020,2211.0,0.217137,1255604.0
CIV,CIV_2862,Doropo,6.0,2020,2020,20935.0,1.265618,8322771.0
CIV,CIV_2873,Doukouya,3.0,2020,2020,9675.0,0.495242,2868716.0
CIV,CIV_288,Ahigbe-Koffikro,3.0,2020,2020,12278.0,0.442804,2371690.0
CIV,CIV_2897,Duekoue,21.0,2020,2020,148919.0,4.59641,29515602.0
CIV,CIV_2944,Ebilassokro,3.0,2020,2020,12533.0,0.546792,3633702.0
CIV,CIV_3151,Essuikro,2.0,2020,2020,7283.0,0.29609,1503406.0
CIV,CIV_32,Abidjan,546.0,2020,2020,6030978.0,153.560672,1348161024.0
CIV,CIV_3230,Ferkessedougou,20.0,2020,2020,89049.0,4.438567,27899246.0
CIV,CIV_3256,Flakiedougou,3.0,2020,2020,16111.0,0.543156,2479319.0
CIV,CIV_3283,Fresco,3.0,2020,2020,12262.0,0.569183,3171228.0
CIV,CIV_3286,Fronan,6.0,2020,2020,33472.0,1.195302,6609309.0
CIV,CIV_3308,Gabiadji,5.0,2020,2020,26931.0,1.043624,9913639.0
CIV,CIV_3317,Gadouan,3.0,2020,2020,17892.0,0.798802,4793485.0
CIV,CIV_3320,Gagnoa,44.0,2020,2020,205196.0,8.678906,62606352.0
CIV,CIV_3331,Galebre,4.0,2020,2020,17067.0,0.785242,5019805.0
CIV,CIV_3371,Gaoussoukro,2.0,2020,2020,5862.0,0.357502,1572711.0
CIV,CIV_3380,Garango,3.0,2020,2020,11232.0,0.646738,4071912.0
CIV,CIV_3434,Gbagbam,3.0,2020,2020,5742.0,0.513706,2597102.0
CIV,CIV_3438,Gbapleu,3.0,2020,2020,16942.0,0.854642,4991307.0
CIV,CIV_3446,Gbolouville,3.0,2020,2020,12611.0,0.453129,2108455.0
CIV,CIV_3543,Gnato,2.0,2020,2020,7146.0,0.438169,3032146.0
CIV,CIV_3554,Gohitafla,4.0,2020,2020,22838.0,0.753753,4570840.0
CIV,CIV_3555,Gohouo-Zagna,2.0,2020,2020,7604.0,0.418199,2345024.0
CIV,CIV_3568,Gomeneberi,1.0,2020,2020,2936.0,0.262179,1173377.0
CIV,CIV_3570,Gomon I,3.0,2020,2020,8446.0,0.381969,1781496.0
CIV,CIV_3571,Gonate,5.0,2020,2020,32270.0,1.108671,6516053.0
CIV,CIV_3602,Grabo,2.0,2020,2020,8647.0,0.420128,2436226.0
CIV,CIV_3607,Grand-Lahou,10.0,2020,2020,38771.0,1.597352,10347112.0
CIV,CIV_3608,Grand-Zattry,4.0,2020,2020,17779.0,0.980167,5215550.0
CIV,CIV_3613,Grihiri,1.0,2020,2020,3195.0,0.336899,1852870.0
CIV,CIV_3633,Guepahouo,4.0,2020,2020,15993.0,0.757371,4302883.0
CIV,CIV_3638,Guessabo,3.0,2020,2020,19343.0,0.81496,4309723.0
CIV,CIV_3640,Gueyo,5.0,2020,2020,28118.0,0.951236,6537204.0
CIV,CIV_3641,Guezon,2.0,2020,2020,12369.0,0.633116,4446507.0
CIV,CIV_3645,Guiberoua,6.0,2020,2020,24393.0,1.16304,7030483.0
CIV,CIV_3651,Guiglo,13.0,2020,2020,92705.0,2.82001,19543148.0
CIV,CIV_3654,Guinglo-Tahouake,1.0,2020,2020,3688.0,0.317951,1662489.0
CIV,CIV_3656,Guitry,5.0,2020,2020,20064.0,0.959219,5970613.0
CIV,CIV_3798,Hermankono-Garo,5.0,2020,2020,24328.0,1.065052,6552793.0
CIV,CIV_3811,Hire,11.0,2020,2020,55689.0,2.293992,15332915.0
CIV,CIV_4129,Issia,16.0,2020,2020,84677.0,3.597028,22416576.0
CIV,CIV_4167,Jacqueville,6.0,2020,2020,14934.0,0.96771,5221757.0
CIV,CIV_421,Akoupe,11.0,2020,2020,34155.0,2.095309,14343019.0
CIV,CIV_4409,Kahin-Zarabaon,2.0,2020,2020,12748.0,0.424448,2874607.0
CIV,CIV_4495,Kanakono,3.0,2020,2020,13001.0,0.759594,4219445.0
CIV,CIV_4533,Kaouara,2.0,2020,2020,4102.0,0.30323,1384124.0
CIV,CIV_46,Aboisso,11.0,2020,2020,56069.0,2.125756,20404624.0
CIV,CIV_4648,Katiola,17.0,2020,2020,68271.0,3.115412,20269560.0
CIV,CIV_47,Aboisso-Comoe,2.0,2020,2020,9878.0,0.385085,2551410.0
CIV,CIV_4962,Kolia,3.0,2020,2020,13210.0,0.57754,2929804.0
CIV,CIV_4978,Konedougou,2.0,2020,2020,6605.0,0.556233,2987889.0
CIV,CIV_4979,Kong,3.0,2020,2020,14725.0,0.600625,2807372.0
CIV,CIV_4987,Kononfla,7.0,2020,2020,24612.0,1.155515,7076359.0
CIV,CIV_4997,Korhogo,100.0,2020,2020,391006.0,21.041776,138849088.0
CIV,CIV_5010,Kouamefla,2.0,2020,2020,5874.0,0.464529,2869576.0
CIV,CIV_5012,Kouibly,3.0,2020,2020,20950.0,0.67791,3524149.0
CIV,CIV_5033,Kouto,6.0,2020,2020,23559.0,1.049865,5403434.0
CIV,CIV_5050,Krazandougou,1.0,2020,2020,5189.0,0.325943,1847202.0
CIV,CIV_5203,Lakota,12.0,2020,2020,82052.0,2.564488,17364112.0
CIV,CIV_5298,Loboville,1.0,2020,2020,4456.0,0.230712,881172.0
CIV,CIV_53,Abongoua 1,2.0,2020,2020,9779.0,0.429997,2573015.0
CIV,CIV_5304,Logouale,4.0,2020,2020,18565.0,0.847335,4607228.0
CIV,CIV_5359,Luenoufla,3.0,2020,2020,7682.0,0.632455,3672874.0
CIV,CIV_5463,Mafere,7.0,2020,2020,13499.0,0.817777,4910381.0
CIV,CIV_5524,Mahapleu,7.0,2020,2020,28006.0,1.333084,7798979.0
CIV,CIV_5631,Man,45.0,2020,2020,212113.0,7.744947,57761740.0
CIV,CIV_5670,Mankono,6.0,2020,2020,24544.0,1.017086,5769621.0
CIV,CIV_5699,Manzanouan,2.0,2020,2020,7156.0,0.379567,2346143.0
CIV,CIV_58,Aboude-Kouassikro,6.0,2020,2020,13251.0,0.889791,7369567.0
CIV,CIV_5840,M'Bahiakro,3.0,2020,2020,18836.0,0.814973,4541137.0
CIV,CIV_5857,M'Batto,7.0,2020,2020,30296.0,1.290023,8111916.0
CIV,CIV_5861,M'Bengue,9.0,2020,2020,22666.0,1.445381,7836913.0
CIV,CIV_5894,Meagui,12.0,2020,2020,84720.0,3.032005,22204360.0
CIV,CIV_6223,Monoko-Zohi,2.0,2020,2020,3148.0,0.311321,1714762.0
CIV,CIV_6271,Moussadougou,3.0,2020,2020,10400.0,0.808289,6316134.0
CIV,CIV_6529,Nambingue,1.0,2020,2020,3587.0,0.311308,1857456.0
CIV,CIV_6634,N'Douci,10.0,2020,2020,58857.0,1.545876,9802353.0
CIV,CIV_6737,Niable,6.0,2020,2020,20686.0,1.005271,7454682.0
CIV,CIV_6739,Niakaramadougou,7.0,2020,2020,38498.0,1.51443,8496158.0
CIV,CIV_6750,Niapidou,2.0,2020,2020,8900.0,0.481994,2790773.0
CIV,CIV_6755,Nielle,5.0,2020,2020,20695.0,0.962056,5278573.0
CIV,CIV_6772,Nizahon 1,1.0,2020,2020,3858.0,0.153102,489080.0
CIV,CIV_6929,N'Zianouan,5.0,2020,2020,18993.0,0.821187,4471270.0
CIV,CIV_6963,Odienne,18.0,2020,2020,75040.0,3.83723,25882784.0
CIV,CIV_6997,Ogoudou,2.0,2020,2020,8824.0,0.438538,2393157.0
CIV,CIV_7055,Okromodou,2.0,2020,2020,3609.0,0.311368,1637622.0
CIV,CIV_7056,Okrouyo,4.0,2020,2020,14942.0,0.509082,2572487.0
CIV,CIV_7160,Ouangolodougou,14.0,2020,2020,50341.0,2.535673,15273593.0
CIV,CIV_7165,Ouattaradougou,1.0,2020,2020,3316.0,0.238879,1502464.0
CIV,CIV_7224,Oume,12.0,2020,2020,57145.0,2.135208,14307002.0
CIV,CIV_7226,Oupoyo,3.0,2020,2020,13394.0,0.850951,5126914.0
CIV,CIV_7227,Ouragahio,5.0,2020,2020,19833.0,1.061293,7084746.0
CIV,CIV_7285,Para,3.0,2020,2020,15156.0,0.760076,4922942.0
CIV,CIV_7299,Pelezi,3.0,2020,2020,7556.0,0.499706,2653740.0
CIV,CIV_7560,Rubino,3.0,2020,2020,9297.0,0.48899,2482771.0
CIV,CIV_7660,Sahoua,1.0,2020,2020,2887.0,0.196066,637646.0
CIV,CIV_7676,Saioua,8.0,2020,2020,32073.0,1.383803,8211881.0
CIV,CIV_7679,Sakassou,4.0,2020,2020,21805.0,0.738989,3453170.0
CIV,CIV_7763,Sankadiokro,3.0,2020,2020,7313.0,0.462682,2864133.0
CIV,CIV_7768,San-Pedro,37.0,2020,2020,299615.0,9.019276,83351232.0
CIV,CIV_7800,Sassandra,5.0,2020,2020,29827.0,1.084659,10258902.0
CIV,CIV_7815,Scierie Jacob,1.0,2020,2020,3473.0,0.237779,972479.0
CIV,CIV_7836,Seguela,14.0,2020,2020,78122.0,3.187864,22509368.0
CIV,CIV_7859,Semien,2.0,2020,2020,6250.0,0.429713,2050290.0
CIV,CIV_8081,Sietinfla,1.0,2020,2020,3862.0,0.253338,1141361.0
CIV,CIV_8094,Sikensi,13.0,2020,2020,51362.0,2.165605,13289493.0
CIV,CIV_8109,Sinematiali,5.0,2020,2020,24788.0,1.08511,6227067.0
CIV,CIV_8110,Sinfra,16.0,2020,2020,83128.0,3.565491,24465808.0
CIV,CIV_8166,Songan,1.0,2020,2020,3423.0,0.215091,984500.0
CIV,CIV_8183,Soubre,27.0,2020,2020,175269.0,6.548188,44697480.0
CIV,CIV_8260,Tabou,6.0,2020,2020,37603.0,1.098654,7245426.0
CIV,CIV_8271,Tafire,6.0,2020,2020,21441.0,1.194049,5862237.0
CIV,CIV_8352,Tanda,6.0,2020,2020,36803.0,1.255135,6827820.0
CIV,CIV_8412,Tchefrodouo,1.0,2020,2020,3362.0,0.230124,1100027.0
CIV,CIV_8449,Tengrela,11.0,2020,2020,50600.0,1.980253,11152522.0
CIV,CIV_8487,Tiassale,7.0,2020,2020,33216.0,1.321961,7289989.0
CIV,CIV_8498,Tiebissou,6.0,2020,2020,29500.0,1.131557,6075738.0
CIV,CIV_8582,Tortiya,3.0,2020,2020,20858.0,0.905226,5319063.0
CIV,CIV_8585,Touba,9.0,2020,2020,41852.0,1.680266,9615324.0
CIV,CIV_8594,Touih,3.0,2020,2020,12473.0,0.660406,4558387.0
CIV,CIV_8597,Toumodi,21.0,2020,2020,59763.0,2.604566,15624483.0
CIV,CIV_8819,Vavoua,13.0,2020,2020,65107.0,3.281027,26448032.0
CIV,CIV_8966,Watte,1.0,2020,2020,2507.0,0.302123,1911055.0
CIV,CIV_9035,Yabayo,5.0,2020,2020,27091.0,1.389349,8439276.0
CIV,CIV_9042,Yakasse-Attobrou,5.0,2020,2020,17111.0,0.763401,4376220.0
CIV,CIV_9043,Yakasse-Me,3.0,2020,2020,16728.0,0.44979,2817289.0
CIV,CIV_9054,Yamoussoukro,66.0,2020,2020,254968.0,11.236074,69100680.0
CIV,CIV_9105,Zagne,6.0,2020,2020,21883.0,0.753324,3849860.0
CIV,CIV_9108,Zaguieta,1.0,2020,2020,5940.0,0.371116,1800705.0
CIV,CIV_9119,Zaliohouan,2.0,2020,2020,9169.0,0.511751,3373897.0
CIV,CIV_9146,Zeaglo,2.0,2020,2020,5770.0,0.312287,1776275.0
CIV,CIV_9183,Zou,2.0,2020,2020,5412.0,0.280625,1134792.0
CIV,CIV_9184,Zouan,1.0,2020,2020,2147.0,0.189555,901384.0
CIV,CIV_9185,Zouan-Hounien,11.0,2020,2020,49980.0,2.000783,11954948.0
CIV,CIV_9187,Zoukougbeu,5.0,2020,2020,14681.0,0.907249,4625649.0
CIV,CIV_9191,Zuenoufla,6.0,2020,2020,41874.0,1.422199,8858057.0
CMR,CMR_1156,Ambam,5.0,2020,2020,11211.0,1.007392,6710652.0
CMR,CMR_1392,Awing,24.0,2020,2020,19685.0,2.046779,7177216.0
CMR,CMR_1423,Ayos,4.0,2020,2020,14871.0,0.789649,4131063.0
CMR,CMR_1441,Baba 1,5.0,2020,2020,6392.0,0.567279,1718383.0
CMR,CMR_1449,Babessi,4.0,2020,2020,6088.0,0.567301,2489818.0
CMR,CMR_1451,Babungo,9.0,2020,2020,11218.0,0.831175,3309543.0
CMR,CMR_1465,Bafang,58.0,2020,2020,54720.0,5.390613,28421968.0
CMR,CMR_1466,Bafanji,6.0,2020,2020,5336.0,0.493801,1235323.0
CMR,CMR_1468,Bafia,18.0,2020,2020,63928.0,3.610083,24697380.0
CMR,CMR_1470,Bafoussam,1626.0,2020,2020,1072232.0,153.661552,745846144.0
CMR,CMR_1534,Bali,9.0,2020,2020,18651.0,1.809869,13334662.0
CMR,CMR_1536,Balikumbat,10.0,2020,2020,10309.0,0.900682,2522881.0
CMR,CMR_1548,Bambalang,10.0,2020,2020,17101.0,1.192753,4849065.0
CMR,CMR_1558,Bamenda,167.0,2020,2020,423284.0,29.71982,246942528.0
CMR,CMR_1560,Bamessing,16.0,2020,2020,22681.0,1.967744,7794603.0
CMR,CMR_1563,Bamumkumbit 1,6.0,2020,2020,5965.0,0.498622,1475674.0
CMR,CMR_1586,Bangolan,5.0,2020,2020,9777.0,0.792198,3398492.0
CMR,CMR_1649,Bankim,4.0,2020,2020,15640.0,0.796852,4832909.0
CMR,CMR_1658,Banyo,9.0,2020,2020,52687.0,1.947167,16894800.0
CMR,CMR_1716,Batibo,16.0,2020,2020,21670.0,1.619087,6770682.0
CMR,CMR_1722,Batouri,15.0,2020,2020,64743.0,2.520457,16950314.0
CMR,CMR_1773,Belabo,5.0,2020,2020,17906.0,0.954897,5434174.0
CMR,CMR_1846,Bertoua,62.0,2020,2020,199066.0,11.895855,83241728.0
CMR,CMR_1869,Bibemi,2.0,2020,2020,8880.0,0.454628,2086556.0
CMR,CMR_1914,Binka,3.0,2020,2020,5629.0,0.426753,2179915.0
CMR,CMR_1965,Blangoua,3.0,2020,2020,14390.0,0.570443,3045827.0
CMR,CMR_1996,Bogo,4.0,2020,2020,24092.0,0.885627,5526083.0
CMR,CMR_211,Adoumri,3.0,2020,2020,10977.0,0.477531,2071556.0
CMR,CMR_2135,Bourrha,2.0,2020,2020,10239.0,0.37852,1590790.0
CMR,CMR_2180,Buea,46.0,2020,2020,233513.0,8.769017,61614968.0
CMR,CMR_2687,Demsa,3.0,2020,2020,11914.0,0.518772,2249637.0
CMR,CMR_2723,Dibombari,3.0,2020,2020,6852.0,0.330846,1235163.0
CMR,CMR_2751,Din,5.0,2020,2020,6559.0,0.67736,2092669.0
CMR,CMR_2810,Djottin,3.0,2020,2020,2553.0,0.256933,833585.0
CMR,CMR_2859,Doreissou,3.0,2020,2020,4213.0,0.307323,847429.0
CMR,CMR_2866,Douala,269.0,2020,2020,2861828.0,80.733144,714510464.0
CMR,CMR_2872,Doukoula,5.0,2020,2020,9546.0,0.535673,2093513.0
CMR,CMR_2874,Doumo,2.0,2020,2020,7734.0,0.397625,1298952.0
CMR,CMR_2940,Kye Ossi/Ebebiyin [CAM],4.0,2020,2020,13124.0,0.845893,5342080.0
CMR,CMR_2946,Ebolowa I,19.0,2020,2020,87583.0,4.113279,28356796.0
CMR,CMR_2956,Edea,15.0,2020,2020,61543.0,3.154539,21822430.0
CMR,CMR_2998,Ekombe Bonji,3.0,2020,2020,8623.0,0.384601,1199446.0
CMR,CMR_2999,Ekona Mbenge,3.0,2020,2020,10731.0,0.518391,3523466.0
CMR,CMR_3000,Ekondo-Titi,4.0,2020,2020,26136.0,0.790629,4789348.0
CMR,CMR_3141,Eseka,7.0,2020,2020,19747.0,1.169362,6601357.0
CMR,CMR_3154,Esu,5.0,2020,2020,7355.0,0.660137,2905670.0
CMR,CMR_3241,Figuil centre,4.0,2020,2020,33955.0,0.950482,5696790.0
CMR,CMR_3265,Gamboru/Fotokol [CMR],4.0,2020,2020,19340.0,0.623269,3004938.0
CMR,CMR_3269,Foumban,25.0,2020,2020,103212.0,5.835134,63428232.0
CMR,CMR_3270,Foumbot,14.0,2020,2020,44756.0,2.93228,19646172.0
CMR,CMR_3289,Fundong,32.0,2020,2020,22185.0,2.412824,11548371.0
CMR,CMR_3392,Garoua,68.0,2020,2020,547710.0,14.306377,94147224.0
CMR,CMR_3393,Garoua-Boulai ,16.0,2020,2020,45477.0,2.828715,18985664.0
CMR,CMR_3419,Gazawa,2.0,2020,2020,16276.0,0.54154,3287879.0
CMR,CMR_3548,Gobo,3.0,2020,2020,7676.0,0.479998,2256938.0
CMR,CMR_3631,Gueme,3.0,2020,2020,7316.0,0.396025,1549852.0
CMR,CMR_3647,Guider,22.0,2020,2020,141430.0,3.770044,21390792.0
CMR,CMR_3648,Guidiguis,6.0,2020,2020,21845.0,0.923393,4593123.0
CMR,CMR_417,Akonolinga,6.0,2020,2020,24908.0,1.382701,9013818.0
CMR,CMR_4294,Kaele,17.0,2020,2020,85881.0,2.450663,12047649.0
CMR,CMR_4695,Kejom Ketinguh,8.0,2020,2020,5922.0,0.808983,3464788.0
CMR,CMR_4696,Kekem,5.0,2020,2020,10906.0,1.059444,5159165.0
CMR,CMR_5031,Koutaba,15.0,2020,2020,14907.0,1.627345,5834038.0
CMR,CMR_5037,Koza,5.0,2020,2020,22449.0,0.75217,2940229.0
CMR,CMR_5052,Kribi,28.0,2020,2020,78550.0,4.017086,22365540.0
CMR,CMR_5114,Kumba,31.0,2020,2020,254018.0,7.39153,58296600.0
CMR,CMR_5117,Kumbo,52.0,2020,2020,118833.0,8.401035,53607208.0
CMR,CMR_5197,Lagdo,5.0,2020,2020,35731.0,0.98924,5814359.0
CMR,CMR_52,Abong-Mbang,5.0,2020,2020,21446.0,1.139643,7534483.0
CMR,CMR_5277,Limbe,40.0,2020,2020,227891.0,7.896883,67807544.0
CMR,CMR_5327,Loum,5.0,2020,2020,43798.0,1.968337,14545440.0
CMR,CMR_5455,Madingring,4.0,2020,2020,11051.0,0.597764,2842565.0
CMR,CMR_5471,Maga,4.0,2020,2020,17203.0,0.973081,5756802.0
CMR,CMR_5478,Magba,5.0,2020,2020,9950.0,0.896949,4589344.0
CMR,CMR_5553,Makak,4.0,2020,2020,4283.0,0.503156,2064338.0
CMR,CMR_5564,Makenene,6.0,2020,2020,10020.0,1.091535,5831742.0
CMR,CMR_5600,Malantouen,10.0,2020,2020,10287.0,1.311673,4399094.0
CMR,CMR_5626,Mamfe,8.0,2020,2020,58917.0,1.488443,10769511.0
CMR,CMR_5666,Manjo,3.0,2020,2020,18850.0,0.947006,7088832.0
CMR,CMR_5733,Maroua,62.0,2020,2020,430620.0,13.122659,85101224.0
CMR,CMR_5827,Mayo Oulo,4.0,2020,2020,17611.0,0.739573,3262834.0
CMR,CMR_5841,Mbai Mboum,3.0,2020,2020,16817.0,0.787301,4480893.0
CMR,CMR_5848,Mbalmayo,14.0,2020,2020,46544.0,3.077551,19771884.0
CMR,CMR_5851,Mbandjock,3.0,2020,2020,16334.0,0.749588,4330027.0
CMR,CMR_5852,Mbanga,5.0,2020,2020,37666.0,1.688467,10860007.0
CMR,CMR_5862,Mbengwi,24.0,2020,2020,35992.0,2.679286,12438936.0
CMR,CMR_5915,Meiganga,14.0,2020,2020,104036.0,2.867808,18841056.0
CMR,CMR_5932,Melong,6.0,2020,2020,34309.0,1.599013,11145851.0
CMR,CMR_5977,Mfou,7.0,2020,2020,5516.0,1.066381,5726568.0
CMR,CMR_6011,Mindif,4.0,2020,2020,11926.0,0.529052,2021085.0
CMR,CMR_6167,Mmen,11.0,2020,2020,11904.0,0.824471,3040187.0
CMR,CMR_6183,Mogode ,3.0,2020,2020,6891.0,0.398112,1991281.0
CMR,CMR_6202,Mokolo,18.0,2020,2020,131621.0,2.93224,17232450.0
CMR,CMR_6216,Monatele,5.0,2020,2020,6277.0,0.800909,4784090.0
CMR,CMR_6234,Mora,14.0,2020,2020,91818.0,2.481758,14455069.0
CMR,CMR_6439,Muyuka,7.0,2020,2020,38923.0,1.479064,9483841.0
CMR,CMR_6545,Nanga-Eboko,8.0,2020,2020,27441.0,1.161673,6040375.0
CMR,CMR_6624,Ndikinimeki,6.0,2020,2020,10092.0,0.873157,3523786.0
CMR,CMR_6626,Ndjamena/Kousseri [CMR],25.0,2020,2020,243723.0,5.559709,34994768.0
CMR,CMR_6632,Ndop,14.0,2020,2020,38124.0,2.665898,16842886.0
CMR,CMR_6636,Ndu,10.0,2020,2020,28368.0,1.786587,10242387.0
CMR,CMR_6691,Ngaoui ,2.0,2020,2020,9898.0,0.499628,3080752.0
CMR,CMR_6692,Ngaoundal,7.0,2020,2020,38979.0,2.076183,13572879.0
CMR,CMR_6693,Ngaoundere,82.0,2020,2020,269539.0,14.814654,117394656.0
CMR,CMR_6711,Ngong,9.0,2020,2020,51487.0,1.890174,11028883.0
CMR,CMR_6775,Njinikom,65.0,2020,2020,56201.0,5.314439,22160830.0
CMR,CMR_6778,Njombe,3.0,2020,2020,15622.0,1.116979,7383967.0
CMR,CMR_6783,Nkambe,6.0,2020,2020,20525.0,1.317433,11425400.0
CMR,CMR_6799,Nkongsamba,14.0,2020,2020,97834.0,4.21109,43837484.0
CMR,CMR_6805,Nkoteng,5.0,2020,2020,19188.0,1.164252,6655676.0
CMR,CMR_6880,Ntui,7.0,2020,2020,20490.0,1.30864,8996968.0
CMR,CMR_6934,Obala,22.0,2020,2020,24240.0,3.385553,18631148.0
CMR,CMR_7080,Ombessa,8.0,2020,2020,12760.0,1.028686,5114246.0
CMR,CMR_7303,Penja-Ville,2.0,2020,2020,9714.0,0.689666,4987451.0
CMR,CMR_7306,Pete,2.0,2020,2020,4458.0,0.292293,1130999.0
CMR,CMR_7338,Pitoa,7.0,2020,2020,39771.0,1.268702,6072225.0
CMR,CMR_7351,Poli,4.0,2020,2020,15072.0,0.63214,3158420.0
CMR,CMR_7372,Pouss,12.0,2020,2020,39911.0,1.858095,9034400.0
CMR,CMR_7602,Sa'a,5.0,2020,2020,4932.0,0.770278,5582197.0
CMR,CMR_7752,Sangmelima,12.0,2020,2020,46593.0,2.709315,19477764.0
CMR,CMR_7771,Santa,30.0,2020,2020,30460.0,3.482307,18439788.0
CMR,CMR_7775,Santchou,4.0,2020,2020,5435.0,0.886416,5049878.0
CMR,CMR_8419,Tchollire,3.0,2020,2020,15653.0,0.588876,3076812.0
CMR,CMR_8489,Tibati,9.0,2020,2020,39286.0,1.639157,9786389.0
CMR,CMR_8502,Tignere,5.0,2020,2020,14702.0,0.883346,5686181.0
CMR,CMR_8507,Tiko,8.0,2020,2020,58489.0,2.055588,14403256.0
CMR,CMR_8558,Tombel,3.0,2020,2020,17677.0,0.925295,5235923.0
CMR,CMR_8565,Tonga,4.0,2020,2020,7632.0,0.913992,6784231.0
CMR,CMR_8588,Touboro,9.0,2020,2020,56612.0,1.493684,9673827.0
CMR,CMR_8602,Tourou/Turu [CMR],9.0,2020,2020,9779.0,0.409444,1074728.0
CMR,CMR_8603,Touroua,3.0,2020,2020,16673.0,0.538126,2495852.0
CMR,CMR_9023,Wum,10.0,2020,2020,37558.0,1.59994,11994791.0
CMR,CMR_9040,Yagoua,16.0,2020,2020,85350.0,2.709295,15589914.0
CMR,CMR_9059,Yaounde,419.0,2020,2020,3467464.0,90.241392,916153152.0
CMR,CMR_9086,Yokadouma,8.0,2020,2020,36677.0,1.290684,7939910.0
COD,COD_10,Aba,17.0,2020,2020,25421.0,1.836589,6454922.0
COD,COD_1221,Ankoro,7.0,2020,2020,39760.0,1.396877,6424200.0
COD,COD_1250,Apala/Rubanga,19.0,2020,2020,19128.0,1.141644,3019835.0
COD,COD_1299,Aru,24.0,2020,2020,50388.0,3.423493,18757036.0
COD,COD_137,Bakongo ,7.0,2020,2020,44762.0,1.390519,8973840.0
COD,COD_1472,Bafwasende,4.0,2020,2020,44242.0,0.757473,4298046.0
COD,COD_1479,Bagata,4.0,2020,2020,31848.0,0.996994,6189714.0
COD,COD_1480,Bakpulu,3.0,2020,2020,6235.0,0.436016,1089634.0
COD,COD_1514,Bakwa-Gambo/Mokoka,6.0,2020,2020,10390.0,0.354563,886585.0
COD,COD_1515,Lusanga/Luka,3.0,2020,2020,9218.0,0.234579,586557.0
COD,COD_1516,Bakwa-Nsakalongo,2.0,2020,2020,6744.0,0.312219,923667.0
COD,COD_1517,Bakwa-Nzeba,4.0,2020,2020,13745.0,0.784457,4855844.0
COD,COD_1518,Bakwa-Tshibaka,6.0,2020,2020,24415.0,0.814943,2709385.0
COD,COD_1519,Bakwa-Tshileo/Bena-Ntita,11.0,2020,2020,30193.0,1.508895,6451786.0
COD,COD_1525,Balamba/Kasumbalela [ZAR],45.0,2020,2020,152748.0,11.408074,67610904.0
COD,COD_1556,Bambo,2.0,2020,2020,20554.0,0.564755,5759590.0
COD,COD_1573,Bandi,2.0,2020,2020,8823.0,0.387196,1699741.0
COD,COD_1579,Basoko,4.0,2020,2020,42233.0,1.108814,6929944.0
COD,COD_1580,Bandundu,31.0,2020,2020,236442.0,7.89494,57120064.0
COD,COD_1583,Bangadi,5.0,2020,2020,11024.0,0.497256,1279196.0
COD,COD_1646,Bankana,2.0,2020,2020,11942.0,0.451641,2327854.0
COD,COD_1669,Baraka,19.0,2020,2020,189491.0,4.975018,33221336.0
COD,COD_1698,Basankusu,8.0,2020,2020,62394.0,1.502326,7993273.0
COD,COD_1700,Bosekpanga,7.0,2020,2020,11261.0,0.428622,1071627.0
COD,COD_1725,Batua-Ishama,6.0,2020,2020,20524.0,0.769484,2598175.0
COD,COD_1794,Bena-Boya,4.0,2020,2020,38766.0,0.885673,5901854.0
COD,COD_1796,Bena-Dibele,5.0,2020,2020,57796.0,0.893537,5562417.0
COD,COD_1797,Bena-Kabimba,10.0,2020,2020,29726.0,1.048911,3254207.0
COD,COD_1798,Bena-Katomba,5.0,2020,2020,9244.0,0.552946,1872571.0
COD,COD_1799,Bena-Kayemba-A-Tshimanga,4.0,2020,2020,7343.0,0.237302,593323.0
COD,COD_1800,Bena-Leka,5.0,2020,2020,26244.0,0.814346,3989593.0
COD,COD_1801,Bena-Mushia,11.0,2020,2020,18674.0,0.664573,1661632.0
COD,COD_1803,Bena-Tshiamba,8.0,2020,2020,16748.0,0.523029,1310518.0
COD,COD_1804,Bena-Tshibangu,8.0,2020,2020,31530.0,1.176637,5822547.0
COD,COD_1805,Bena-Tshishimbi,9.0,2020,2020,36483.0,1.074012,4375660.0
COD,COD_1806,Bena-Tshitala,2.0,2020,2020,2278.0,0.083596,209044.0
COD,COD_1807,Bendere/Mavivi,5.0,2020,2020,16372.0,0.873193,4722831.0
COD,COD_1810,Beni,62.0,2020,2020,315865.0,13.820975,110825976.0
COD,COD_1862,Biakutu,6.0,2020,2020,39933.0,1.577109,13264571.0
COD,COD_1863,Biambe,5.0,2020,2020,18908.0,0.735855,4281415.0
COD,COD_1879,Biera,4.0,2020,2020,33931.0,0.949424,7170334.0
COD,COD_1886,Bikoro,5.0,2020,2020,24887.0,0.736332,3772184.0
COD,COD_1893,Bili,4.0,2020,2020,11721.0,0.756786,3850518.0
COD,COD_1897,Bili-Moke ,8.0,2020,2020,41380.0,1.53192,8646292.0
COD,COD_1910,Binga,13.0,2020,2020,35764.0,1.800364,7379489.0
COD,COD_1912,Bingi,3.0,2020,2020,10497.0,0.481891,3837092.0
COD,COD_1924,Birava,6.0,2020,2020,17920.0,0.499648,1379199.0
COD,COD_1954,Bita,2.0,2020,2020,4741.0,0.152229,380582.0
COD,COD_1972,Blukwa/Drodo/Djauda,13.0,2020,2020,29519.0,0.9239,2666800.0
COD,COD_1982,Bodango,2.0,2020,2020,5079.0,0.221836,556863.0
COD,COD_1984,Bodeme II,3.0,2020,2020,6719.0,0.335139,847787.0
COD,COD_1989,Boeli,4.0,2020,2020,7186.0,0.219321,548264.0
COD,COD_1990,Boende,7.0,2020,2020,96584.0,1.826142,12979747.0
COD,COD_1998,Bogose-Mubea,3.0,2020,2020,8753.0,0.255087,656577.0
COD,COD_2008,Bokata,3.0,2020,2020,12584.0,0.320138,973355.0
COD,COD_2014,Bokoro,6.0,2020,2020,31105.0,1.529987,8726157.0
COD,COD_2017,Bokungu,4.0,2020,2020,18934.0,0.408731,1185512.0
COD,COD_2023,Bolobo,7.0,2020,2020,54452.0,1.905585,11386405.0
COD,COD_2024,Bolongbolo,1.0,2020,2020,4907.0,0.231524,1073080.0
COD,COD_2025,Boma,34.0,2020,2020,345251.0,9.511479,95424432.0
COD,COD_2027,Bombakabo,3.0,2020,2020,11661.0,0.397886,1210254.0
COD,COD_2028,Bombala,7.0,2020,2020,66027.0,1.397708,9052531.0
COD,COD_2032,Bomongo,3.0,2020,2020,13827.0,0.606847,3073549.0
COD,COD_2036,Bondo,11.0,2020,2020,75676.0,2.345334,14902371.0
COD,COD_2039,Bonduru,6.0,2020,2020,8910.0,0.381067,952805.0
COD,COD_2053,Bonzo,3.0,2020,2020,11148.0,0.514122,1294280.0
COD,COD_2071,Bowagboko,4.0,2020,2020,7790.0,0.336043,840177.0
COD,COD_2072,Bosobolo,3.0,2020,2020,14138.0,0.465632,2258685.0
COD,COD_2149,Boyabo,4.0,2020,2020,10179.0,0.524492,1567188.0
COD,COD_2150,Boyasebalanga,14.0,2020,2020,50953.0,1.412174,5507534.0
COD,COD_2151,Bozene,6.0,2020,2020,29888.0,0.771874,5347944.0
COD,COD_2152,Mogalo,3.0,2020,2020,10445.0,0.257235,763113.0
COD,COD_2153,Bozoko,2.0,2020,2020,7266.0,0.318116,978839.0
COD,COD_2171,Bubanda,3.0,2020,2020,5997.0,0.257668,643827.0
COD,COD_2178,Budjala,4.0,2020,2020,21976.0,0.899454,6093871.0
COD,COD_2191,Bugumya ,12.0,2020,2020,37548.0,0.845729,2250931.0
COD,COD_2192,Buhumba (west),2.0,2020,2020,11523.0,0.370203,1500936.0
COD,COD_2196,Ingbokolo/Bukalwa/Adi,14.0,2020,2020,15423.0,1.404155,4965221.0
COD,COD_2197,Bukama,3.0,2020,2020,46206.0,0.869929,5996523.0
COD,COD_2198,Bukavu,129.0,2020,2020,1053315.0,19.041764,204158848.0
COD,COD_2214,Bulongo 2,2.0,2020,2020,8185.0,0.359924,1573567.0
COD,COD_2219,Bulula,3.0,2020,2020,22315.0,0.74828,3775229.0
COD,COD_2220,Bulungu,8.0,2020,2020,86129.0,2.201488,14975819.0
COD,COD_2232,Bunia,81.0,2020,2020,513548.0,13.998317,99275592.0
COD,COD_2234,Bunkeya,4.0,2020,2020,15704.0,0.83051,4123782.0
COD,COD_2237,Bunyakiri,5.0,2020,2020,32799.0,1.062075,11578390.0
COD,COD_2263,Buseregenya,2.0,2020,2020,17956.0,0.650334,3404186.0
COD,COD_2269,Businga,8.0,2020,2020,32632.0,1.344479,6754481.0
COD,COD_2273,Boso Congo,5.0,2020,2020,13479.0,0.476254,1330946.0
COD,COD_2275,Buta,17.0,2020,2020,132507.0,4.065386,29398060.0
COD,COD_2280,Butembo,94.0,2020,2020,783233.0,25.279876,315244384.0
COD,COD_2297,Buy-Bwa-Dalamba,6.0,2020,2020,30282.0,1.222663,5588525.0
COD,COD_2300,Bwamanda,7.0,2020,2020,27270.0,1.174735,8092255.0
COD,COD_2301,Bwamandema,4.0,2020,2020,8517.0,0.446871,1139173.0
COD,COD_2306,Bwila,3.0,2020,2020,7625.0,0.212861,532215.0
COD,COD_2400,Gisenyi/Goma/Kisoro/Bunagana [ZAR] 2,17.0,2020,2020,57119.0,1.746062,6604979.0
COD,COD_2676,Dekese,4.0,2020,2020,26022.0,0.922562,4673005.0
COD,COD_2682,Demba,11.0,2020,2020,66474.0,2.200325,12413780.0
COD,COD_2705,Diadia,4.0,2020,2020,16999.0,0.717789,4632884.0
COD,COD_2707,Diambo/Tshipama Mulundu,3.0,2020,2020,8566.0,0.529902,2232275.0
COD,COD_2720,Dibaya-Lubue,10.0,2020,2020,79897.0,2.357641,16410258.0
COD,COD_2745,Dilolo,12.0,2020,2020,49972.0,2.623128,13159963.0
COD,COD_2761,Diongo,2.0,2020,2020,8647.0,0.400815,1791950.0
COD,COD_2788,Andata,10.0,2020,2020,10653.0,0.532857,1494920.0
COD,COD_2805,Djindji,3.0,2020,2020,9536.0,0.416679,1381149.0
COD,COD_2807,Djokupunda ,4.0,2020,2020,25951.0,0.824629,4733392.0
COD,COD_2808,Djolu,8.0,2020,2020,36528.0,0.6969,2152580.0
COD,COD_2809,Djori ,9.0,2020,2020,29676.0,1.696043,7980282.0
COD,COD_2843,Domiongo,3.0,2020,2020,19714.0,0.483832,2294518.0
COD,COD_2847,Dondo,3.0,2020,2020,14491.0,0.560568,2908171.0
COD,COD_2850,Dongo,3.0,2020,2020,15657.0,0.445109,2181963.0
COD,COD_2851,Dongo-Kuma,5.0,2020,2020,16811.0,0.421602,1307671.0
COD,COD_2863,Doruma,4.0,2020,2020,6236.0,0.458475,1478709.0
COD,COD_2892,Duama II (north),3.0,2020,2020,15784.0,0.515632,2259898.0
COD,COD_2911,Dungu,21.0,2020,2020,94643.0,3.000968,15040875.0
COD,COD_2912,Dungu ,3.0,2020,2020,8947.0,0.63196,3470209.0
COD,COD_2971,Egbita ,2.0,2020,2020,11586.0,0.357826,1225180.0
COD,COD_3110,Endri/Mado,3.0,2020,2020,3440.0,0.316335,790895.0
COD,COD_3131,Eringite,8.0,2020,2020,25707.0,1.18896,6751846.0
COD,COD_3193,Faradje,11.0,2020,2020,22854.0,1.133845,4288052.0
COD,COD_3233,Feshi,4.0,2020,2020,28756.0,0.753852,3901550.0
COD,COD_3255,Fizi,5.0,2020,2020,22793.0,0.652342,2931461.0
COD,COD_3291,Fungurume,23.0,2020,2020,109323.0,5.834997,40620872.0
COD,COD_3299,Fwamba/Tshisuku,3.0,2020,2020,9174.0,0.284191,710490.0
COD,COD_3363,Gangara,6.0,2020,2020,28796.0,1.032034,5007692.0
COD,COD_3433,Gbadolite,17.0,2020,2020,104723.0,3.403737,20066858.0
COD,COD_3443,Molegbe,2.0,2020,2020,7762.0,0.282989,712132.0
COD,COD_3464,Gemena,35.0,2020,2020,227799.0,7.408688,52084400.0
COD,COD_3506,Gilima,4.0,2020,2020,7571.0,0.407947,1194147.0
COD,COD_3564,Goma,79.0,2020,2020,770951.0,22.42686,159176448.0
COD,COD_3667,Gungu,13.0,2020,2020,77499.0,2.45766,16456282.0
COD,COD_3690,Gwena,2.0,2020,2020,4664.0,0.445735,1807911.0
COD,COD_3695,Gwok Nyer ,5.0,2020,2020,7076.0,0.40672,1076614.0
COD,COD_3856,Babonde/Biku/Ibambi,5.0,2020,2020,20690.0,0.654847,2448143.0
COD,COD_3888,Idiofa,25.0,2020,2020,184056.0,5.477746,35602936.0
COD,COD_3976,Ikela,2.0,2020,2020,9718.0,0.291766,729468.0
COD,COD_4016,Ilebo,12.0,2020,2020,159325.0,3.505817,22515184.0
COD,COD_402,Aketi,6.0,2020,2020,48654.0,1.296343,8911122.0
COD,COD_4036,Ilunga-Mutombo,4.0,2020,2020,5241.0,0.160137,400387.0
COD,COD_4067,Inkisi,15.0,2020,2020,173045.0,3.094609,17445668.0
COD,COD_4068,Inongo,10.0,2020,2020,77103.0,1.750874,9805549.0
COD,COD_4099,Isaka,2.0,2020,2020,10921.0,0.494376,3031697.0
COD,COD_4117,Isiro,27.0,2020,2020,207377.0,5.377373,34320472.0
COD,COD_4241,Kabala,3.0,2020,2020,8748.0,0.435519,1884037.0
COD,COD_4243,Kabalo (east),3.0,2020,2020,23337.0,0.95452,4439241.0
COD,COD_4244,Kabalo (west),2.0,2020,2020,17529.0,0.595914,2719461.0
COD,COD_4245,Kabamba,14.0,2020,2020,43023.0,1.288902,3784715.0
COD,COD_4246,Kabambare,2.0,2020,2020,14338.0,0.329809,1542661.0
COD,COD_4252,Kabeya-Kamwanga,7.0,2020,2020,41557.0,1.077843,5039856.0
COD,COD_4253,Kabila,4.0,2020,2020,10262.0,0.572158,1818327.0
COD,COD_4254,Kabimba,2.0,2020,2020,7751.0,0.30221,2631586.0
COD,COD_4255,Kabinda,17.0,2020,2020,101344.0,3.575225,25063286.0
COD,COD_4262,Kabolwe,2.0,2020,2020,5140.0,0.35959,1494157.0
COD,COD_4263,Kabombo-Dianda,8.0,2020,2020,75281.0,2.307782,12774349.0
COD,COD_4266,Kabongo (south),7.0,2020,2020,45482.0,1.742216,10443166.0
COD,COD_4267,Kabongo (north),7.0,2020,2020,36155.0,1.072147,4656290.0
COD,COD_4272,Kabozia,3.0,2020,2020,10671.0,0.433132,1669035.0
COD,COD_4278,Kabwe,2.0,2020,2020,11024.0,0.353019,1405456.0
COD,COD_4284,Kadimadiba,4.0,2020,2020,10958.0,0.330746,939071.0
COD,COD_4298,Kafifi/Tumpa,1.0,2020,2020,1403.0,0.232571,629185.0
COD,COD_4301,Kafita,5.0,2020,2020,12332.0,0.360933,902096.0
COD,COD_4393,Bena-Kafumbu,3.0,2020,2020,3834.0,0.140467,351216.0
COD,COD_4406,Kahe,5.0,2020,2020,47677.0,1.292922,8316367.0
COD,COD_4407,Kahemba,10.0,2020,2020,112495.0,2.267228,12283312.0
COD,COD_4408,Kahinda,9.0,2020,2020,46804.0,1.810727,9641660.0
COD,COD_4421,Kakana,2.0,2020,2020,1983.0,0.297397,800809.0
COD,COD_4422,Kakanda ,5.0,2020,2020,39516.0,2.321955,17584554.0
COD,COD_4425,Kakenge,6.0,2020,2020,31107.0,1.242984,7499015.0
COD,COD_4427,Kakoi,2.0,2020,2020,10971.0,0.411827,2006986.0
COD,COD_4428,Kakoma,5.0,2020,2020,6537.0,0.671396,2855203.0
COD,COD_4432,Kakumba,3.0,2020,2020,16964.0,0.687418,5072333.0
COD,COD_4442,Kalehe,7.0,2020,2020,19968.0,0.602062,1625112.0
COD,COD_4443,Mwenge,2.0,2020,2020,4025.0,0.253226,702640.0
COD,COD_4444,Kalemie,37.0,2020,2020,387905.0,9.597646,109115640.0
COD,COD_4445,Kalenda,2.0,2020,2020,5917.0,0.332438,1124260.0
COD,COD_4448,Kalima 2,4.0,2020,2020,31120.0,0.80667,5648595.0
COD,COD_4449,Kalima 1,4.0,2020,2020,19223.0,0.605065,2812277.0
COD,COD_4457,Kalo,5.0,2020,2020,22360.0,0.929975,4273545.0
COD,COD_4459,Kalombo,3.0,2020,2020,10348.0,0.685758,3727746.0
COD,COD_4461,Kalonda,2.0,2020,2020,12986.0,0.458283,2261482.0
COD,COD_4464,Kalua,3.0,2020,2020,9540.0,0.713491,3526372.0
COD,COD_4466,Kama,6.0,2020,2020,44613.0,1.354798,7472770.0
COD,COD_4471,Kamango,2.0,2020,2020,7829.0,0.402668,1754457.0
COD,COD_4472,Bugarama/Kamanyola [ZAR],4.0,2020,2020,32678.0,0.871898,4979975.0
COD,COD_4476,Kambove,5.0,2020,2020,42287.0,1.748436,13731113.0
COD,COD_4481,Kamina/Kikunki,30.0,2020,2020,232683.0,8.594041,51900696.0
COD,COD_4482,Kamisalu,3.0,2020,2020,14160.0,0.550211,3374480.0
COD,COD_4487,Kampene,3.0,2020,2020,34369.0,0.79128,5276149.0
COD,COD_4490,Kamuesha/Tshialupuishi,4.0,2020,2020,18276.0,0.566232,2478593.0
COD,COD_4499,Kananga,71.0,2020,2020,655713.0,18.371368,150658384.0
COD,COD_4505,Kandolo,2.0,2020,2020,19022.0,0.554067,3043432.0
COD,COD_4511,Kaniama,7.0,2020,2020,45395.0,1.732179,10787728.0
COD,COD_4517,Kankumbwa,2.0,2020,2020,4716.0,0.410094,1641327.0
COD,COD_4523,Manono ,4.0,2020,2020,26539.0,0.92234,5046311.0
COD,COD_4526,Kanyabayonga,7.0,2020,2020,57202.0,1.708521,17038622.0
COD,COD_4528,Kanyinda,5.0,2020,2020,19873.0,0.478952,1342592.0
COD,COD_4529,Kanzamba,3.0,2020,2020,18988.0,0.540776,2546402.0
COD,COD_4530,Kanzenze ,3.0,2020,2020,5138.0,0.486742,1626443.0
COD,COD_4536,Kapanga,10.0,2020,2020,47612.0,2.184353,12817154.0
COD,COD_4537,Kapanga (west),2.0,2020,2020,7582.0,0.317432,912238.0
COD,COD_4558,Karambi,8.0,2020,2020,17343.0,0.468616,1171713.0
COD,COD_4559,Karambi ,5.0,2020,2020,5556.0,0.268392,719529.0
COD,COD_4569,Luvungi ,6.0,2020,2020,52087.0,1.39634,8404924.0
COD,COD_4587,Kasaji,14.0,2020,2020,70275.0,3.513044,19925724.0
COD,COD_4588,Kasalo,3.0,2020,2020,13218.0,0.7407,4007013.0
COD,COD_4591,Kasandi ,18.0,2020,2020,40442.0,1.633471,7859716.0
COD,COD_4592,Kasangulu,8.0,2020,2020,84350.0,1.543566,12329943.0
COD,COD_4594,Kasanza,7.0,2020,2020,18532.0,0.457385,1312827.0
COD,COD_4595,Kasegbe,4.0,2020,2020,17428.0,0.650141,7293173.0
COD,COD_4598,Kasenga 1,11.0,2020,2020,41626.0,2.2755,12078314.0
COD,COD_4599,Kasenga 2,4.0,2020,2020,13043.0,0.845372,3930795.0
COD,COD_4600,Kasenyi,5.0,2020,2020,18384.0,0.625556,2436829.0
COD,COD_4605,Kashobwe,6.0,2020,2020,9602.0,1.003838,4714128.0
COD,COD_4608,Kamituga,7.0,2020,2020,68113.0,1.83331,29426186.0
COD,COD_4609,Kasomeno,2.0,2020,2020,5967.0,0.30146,1203561.0
COD,COD_4610,Kasonga-Tambwe ,3.0,2020,2020,11627.0,0.378796,1252172.0
COD,COD_4611,Kasongo,11.0,2020,2020,124242.0,2.868165,18193248.0
COD,COD_4612,Kasongo-Lunda,4.0,2020,2020,33911.0,0.829942,6224744.0
COD,COD_4619,Kasumba,2.0,2020,2020,14554.0,0.709099,3785226.0
COD,COD_4621,Kasungeshi,3.0,2020,2020,7885.0,0.516876,2391944.0
COD,COD_4627,Katako-Kombe,5.0,2020,2020,36621.0,0.828788,3895631.0
COD,COD_4629,Katana ,12.0,2020,2020,44302.0,1.225276,5742827.0
COD,COD_4630,Katanda,4.0,2020,2020,31009.0,0.715927,3312823.0
COD,COD_4631,Katanga,3.0,2020,2020,5815.0,0.530853,2407032.0
COD,COD_4636,Kate,2.0,2020,2020,5873.0,0.221422,553573.0
COD,COD_4638,Katengele,2.0,2020,2020,11796.0,0.371008,1186478.0
COD,COD_4639,Katenta,3.0,2020,2020,5694.0,0.141885,354775.0
COD,COD_4650,Katobole,3.0,2020,2020,9420.0,1.06266,6845272.0
COD,COD_4661,Kavumu,11.0,2020,2020,71837.0,1.482769,9754699.0
COD,COD_4673,Kayna,4.0,2020,2020,27146.0,0.949743,7873928.0
COD,COD_4676,Kazadi,6.0,2020,2020,13197.0,0.249794,624577.0
COD,COD_4679,Kazumba,2.0,2020,2020,8917.0,0.220706,696363.0
COD,COD_4710,Kenge,13.0,2020,2020,97289.0,2.298282,13028023.0
COD,COD_4766,Cité de luilu,21.0,2020,2020,88825.0,4.752015,26765816.0
COD,COD_4767,Kiamba,4.0,2020,2020,22376.0,0.77907,4170050.0
COD,COD_4782,Kibirizi,3.0,2020,2020,24469.0,0.830456,5650128.0
COD,COD_4787,Kibombo,3.0,2020,2020,21513.0,0.699776,3874123.0
COD,COD_4792,Kibula,3.0,2020,2020,15972.0,0.657098,3309535.0
COD,COD_4799,Kidumbi,14.0,2020,2020,51080.0,1.314136,3877706.0
COD,COD_4812,Kikonka,2.0,2020,2020,15052.0,0.304551,1050539.0
COD,COD_4813,Kikunka,5.0,2020,2020,26203.0,0.892238,4540178.0
COD,COD_4815,Kikwit,62.0,2020,2020,584848.0,17.606492,135959504.0
COD,COD_4816,Kilembe,4.0,2020,2020,14308.0,0.53806,1644381.0
COD,COD_4823,Kilomines,3.0,2020,2020,13508.0,0.387196,1399685.0
COD,COD_4824,Kilongwe,4.0,2020,2020,10237.0,0.441563,1351867.0
COD,COD_4827,Kilubi,3.0,2020,2020,16959.0,0.511481,2055560.0
COD,COD_4828,Kilunda,3.0,2020,2020,13276.0,0.50743,2091308.0
COD,COD_4829,Kilwa,10.0,2020,2020,36516.0,2.315769,12972814.0
COD,COD_4830,Kimafu ,3.0,2020,2020,19994.0,0.628793,3238646.0
COD,COD_4838,Kimvula,2.0,2020,2020,10322.0,0.264877,709920.0
COD,COD_4841,Kimoho,3.0,2020,2020,14044.0,0.493391,2705000.0
COD,COD_4842,Kimpemba,3.0,2020,2020,9817.0,0.404518,1876194.0
COD,COD_4843,Kimpese,14.0,2020,2020,167645.0,2.965347,21296450.0
COD,COD_4844,Kimpoko Centre,4.0,2020,2020,15148.0,0.461549,1499079.0
COD,COD_4845,Kimpuki,3.0,2020,2020,13421.0,0.861227,4589461.0
COD,COD_4851,Kindu,46.0,2020,2020,354947.0,12.613031,94954592.0
COD,COD_4853,Kingombe,6.0,2020,2020,49694.0,1.564184,14202088.0
COD,COD_4858,Kinshasa,501.0,2020,2020,7376152.0,168.737488,1388965248.0
COD,COD_4862,Kintobongo-Bunge,4.0,2020,2020,9986.0,0.561033,1816726.0
COD,COD_4864,Kinzau-Vuete ,7.0,2020,2020,90420.0,1.727365,11805960.0
COD,COD_4866,Bulongo 1,10.0,2020,2020,39984.0,1.804372,11338008.0
COD,COD_4867,Kipaka,4.0,2020,2020,25968.0,0.78079,3550380.0
COD,COD_4868,Kipamba,5.0,2020,2020,27553.0,1.258135,6588691.0
COD,COD_4869,Kipese,5.0,2020,2020,27565.0,1.149851,16095158.0
COD,COD_4873,Kipushi,16.0,2020,2020,69799.0,3.840337,24525008.0
COD,COD_4880,Kiri,2.0,2020,2020,14706.0,0.511979,3095888.0
COD,COD_4885,Kirumba,9.0,2020,2020,68404.0,2.34009,30581684.0
COD,COD_4887,Kirungu,11.0,2020,2020,60057.0,2.54415,14503196.0
COD,COD_4889,Kisambiro,6.0,2020,2020,31388.0,1.253648,13116639.0
COD,COD_4890,Kisangani,88.0,2020,2020,915638.0,23.837466,173758304.0
COD,COD_4894,Kisenda,7.0,2020,2020,24421.0,1.260782,6480610.0
COD,COD_4895,Kisenge,5.0,2020,2020,11511.0,0.917188,4234085.0
COD,COD_4897,Kisharo,4.0,2020,2020,23444.0,0.892204,4268474.0
COD,COD_4904,Lemba ,6.0,2020,2020,54047.0,1.149886,9367538.0
COD,COD_4911,Kitangua,4.0,2020,2020,9971.0,0.513543,1709326.0
COD,COD_4912,Kitenge,7.0,2020,2020,49333.0,1.548205,8348558.0
COD,COD_4913,Kitengo ,3.0,2020,2020,15705.0,0.675109,3652679.0
COD,COD_4929,Nsanda,3.0,2020,2020,22128.0,0.470929,2064545.0
COD,COD_4949,Kokola,4.0,2020,2020,12327.0,0.575104,2961959.0
COD,COD_4960,Kole,6.0,2020,2020,31662.0,0.745085,2831191.0
COD,COD_4967,Kolwezi,123.0,2020,2020,564748.0,25.888972,158547088.0
COD,COD_4968,Komanda,8.0,2020,2020,35279.0,1.478882,8494317.0
COD,COD_4972,Komeshia,5.0,2020,2020,23710.0,0.922164,3875661.0
COD,COD_4980,Kongolo,15.0,2020,2020,100251.0,4.016943,22933048.0
COD,COD_5004,Koshi ,2.0,2020,2020,8509.0,0.57208,3192695.0
COD,COD_5040,Kpandroma,7.0,2020,2020,26580.0,0.767294,2652800.0
COD,COD_5082,Kulundji,3.0,2020,2020,14252.0,0.404679,1688127.0
COD,COD_5142,Kutu,4.0,2020,2020,40230.0,1.077532,7639682.0
COD,COD_5159,Kwamouth,3.0,2020,2020,11913.0,0.751329,4524894.0
COD,COD_5174,Kwilu-Ngongo,7.0,2020,2020,94513.0,1.84992,18775212.0
COD,COD_5184,Kyondo,10.0,2020,2020,27103.0,1.310782,7784668.0
COD,COD_5270,Libenge,6.0,2020,2020,29727.0,1.206536,6444534.0
COD,COD_5273,Likasi,54.0,2020,2020,329081.0,14.899526,109103040.0
COD,COD_5274,Likati,5.0,2020,2020,32124.0,1.054145,5765798.0
COD,COD_5289,Lisala,24.0,2020,2020,161908.0,3.795659,23501460.0
COD,COD_5294,Lobango,3.0,2020,2020,6457.0,0.476587,3922384.0
COD,COD_5300,Lodja,29.0,2020,2020,232110.0,5.358668,33911152.0
COD,COD_5312,Lokutu Bandu ,5.0,2020,2020,34930.0,1.024087,6681526.0
COD,COD_5329,Lovangira,3.0,2020,2020,7154.0,0.29215,805761.0
COD,COD_5330,Luambo,7.0,2020,2020,29444.0,1.978573,9714006.0
COD,COD_5337,Lubao,8.0,2020,2020,51136.0,1.957417,11558201.0
COD,COD_5339,Lubena,5.0,2020,2020,24184.0,1.105874,8394556.0
COD,COD_5340,Lubero,14.0,2020,2020,53197.0,1.838005,11013919.0
COD,COD_5342,Lubondo ,2.0,2020,2020,6204.0,0.243316,621604.0
COD,COD_5343,Lubudi,4.0,2020,2020,10722.0,0.590256,2051376.0
COD,COD_5344,Lubumbashi,380.0,2020,2020,1853079.0,99.947144,650186432.0
COD,COD_5345,Lubutu,8.0,2020,2020,60677.0,1.396095,8256001.0
COD,COD_5356,Luebo,5.0,2020,2020,47166.0,1.272251,8914109.0
COD,COD_5358,Luena,6.0,2020,2020,91815.0,1.754488,12276501.0
COD,COD_5364,Luhihi,4.0,2020,2020,5727.0,0.236105,590342.0
COD,COD_5366,Luishia,4.0,2020,2020,9729.0,1.115828,5702924.0
COD,COD_5367,Luiza,9.0,2020,2020,83362.0,2.125198,11604605.0
COD,COD_5368,Lukala,6.0,2020,2020,65529.0,1.224876,7867829.0
COD,COD_5369,Lukalaba,7.0,2020,2020,58905.0,1.66523,9555429.0
COD,COD_5371,Lukolela,4.0,2020,2020,42062.0,1.142577,7048635.0
COD,COD_5372,Lukombo I,2.0,2020,2020,7472.0,0.339775,1189741.0
COD,COD_5373,Kiondo,4.0,2020,2020,12280.0,0.790683,3684175.0
COD,COD_5375,Lukula,5.0,2020,2020,58814.0,1.149777,9172863.0
COD,COD_5377,Lukuni ,4.0,2020,2020,7652.0,1.145946,5827543.0
COD,COD_5387,Lunga ,9.0,2020,2020,51149.0,1.859389,11358810.0
COD,COD_5388,Sange ,6.0,2020,2020,60235.0,1.342681,7379892.0
COD,COD_5391,Luofu ,2.0,2020,2020,12596.0,0.524416,4270441.0
COD,COD_5393,Luozi,8.0,2020,2020,47706.0,1.258876,5161949.0
COD,COD_5395,Miabi,2.0,2020,2020,4602.0,0.148844,372167.0
COD,COD_5396,Luputa,15.0,2020,2020,100553.0,3.923779,26484886.0
COD,COD_5399,Lusambo,5.0,2020,2020,57553.0,1.549177,9992918.0
COD,COD_5403,Lusuku,3.0,2020,2020,16951.0,0.88815,4882533.0
COD,COD_5405,Lutukwe,3.0,2020,2020,12920.0,0.396931,1212516.0
COD,COD_5412,Lwanguku,4.0,2020,2020,15693.0,0.473382,1612921.0
COD,COD_5423,Maboya,2.0,2020,2020,8384.0,0.355902,2390827.0
COD,COD_548,Alberta,5.0,2020,2020,30741.0,0.742248,3002963.0
COD,COD_5500,Mahagi,14.0,2020,2020,45014.0,1.943723,13074069.0
COD,COD_5536,Mai-Munene,2.0,2020,2020,6802.0,0.373855,1857789.0
COD,COD_5560,Mankanza,5.0,2020,2020,31601.0,1.359369,6744981.0
COD,COD_5563,Makaw,2.0,2020,2020,6374.0,0.408512,2476674.0
COD,COD_5596,Bena-Musakatshi/Mulamba,5.0,2020,2020,4216.0,0.279714,699428.0
COD,COD_5605,Malemba-Nkulu,11.0,2020,2020,79605.0,2.369311,13209033.0
COD,COD_5607,Malia-Bwana ,4.0,2020,2020,13455.0,0.680938,3606633.0
COD,COD_5608,Malibu,3.0,2020,2020,10464.0,0.559051,3166606.0
COD,COD_5620,Maluku-Maes,2.0,2020,2020,8527.0,0.335667,1614137.0
COD,COD_5624,Mamba,6.0,2020,2020,10253.0,0.746391,2838425.0
COD,COD_5625,Mambasa,11.0,2020,2020,82345.0,2.424513,19498476.0
COD,COD_5640,Manda,2.0,2020,2020,7452.0,0.490598,2075666.0
COD,COD_5650,Mangai,7.0,2020,2020,46473.0,1.794714,10845315.0
COD,COD_5652,Mangina,12.0,2020,2020,61045.0,3.300549,21458252.0
COD,COD_5667,Sele,3.0,2020,2020,10392.0,0.401253,1003181.0
COD,COD_5673,Manono ,13.0,2020,2020,124028.0,4.076473,26577024.0
COD,COD_5747,Masamuna,4.0,2020,2020,18679.0,0.868151,4404760.0
COD,COD_5752,Masereke,17.0,2020,2020,55287.0,2.456792,13875775.0
COD,COD_5764,Masi-Manimba,8.0,2020,2020,66347.0,1.930375,13982117.0
COD,COD_5768,Masisi,3.0,2020,2020,21269.0,0.643333,8307746.0
COD,COD_5779,Matadi,39.0,2020,2020,611620.0,12.655754,175996336.0
COD,COD_5787,Matamba ,3.0,2020,2020,15029.0,0.39452,1181408.0
COD,COD_5795,Mateko Centre,4.0,2020,2020,19670.0,0.696526,3165001.0
COD,COD_5846,Mbali-Iboma,2.0,2020,2020,8559.0,0.281889,1257473.0
COD,COD_5850,Mbandaka,32.0,2020,2020,371484.0,8.324361,61713120.0
COD,COD_5854,Mbanza-Ngungu,19.0,2020,2020,228052.0,3.640662,26898120.0
COD,COD_5856,Mbata-Mbenge,3.0,2020,2020,17425.0,0.448745,1670871.0
COD,COD_5858,Mbau,5.0,2020,2020,20610.0,0.933284,5276457.0
COD,COD_5867,Mbien,2.0,2020,2020,7178.0,0.47459,2476350.0
COD,COD_5882,Mbuji-Mayi,101.0,2020,2020,1651260.0,28.127338,193757104.0
COD,COD_5946,Menkao,6.0,2020,2020,18379.0,0.55706,1846274.0
COD,COD_5947,Menki,2.0,2020,2020,14085.0,0.525066,2896066.0
COD,COD_5983,Lupatapata,5.0,2020,2020,34871.0,0.931935,4311837.0
COD,COD_6016,Minova,4.0,2020,2020,40356.0,0.984191,7916649.0
COD,COD_6078,Misisi,7.0,2020,2020,45261.0,2.095745,14188594.0
COD,COD_6139,Mitwaba,5.0,2020,2020,12080.0,0.91122,3291166.0
COD,COD_6156,Mkwadi ,11.0,2020,2020,28445.0,0.664464,1872388.0
COD,COD_6172,Moanda,27.0,2020,2020,345736.0,9.166171,64395320.0
COD,COD_6175,Moba,5.0,2020,2020,32718.0,1.494258,11266203.0
COD,COD_6176,Mobayi-Mbongo,4.0,2020,2020,13691.0,0.459975,1446720.0
COD,COD_6199,Mokambo ,8.0,2020,2020,17639.0,1.411699,8160322.0
COD,COD_6222,Monkoto,3.0,2020,2020,16326.0,0.471931,4105698.0
COD,COD_6263,Motokolea,5.0,2020,2020,10721.0,0.738889,4240212.0
COD,COD_6328,Mwene-Ditu,39.0,2020,2020,306375.0,9.315061,58595776.0
COD,COD_6345,Muimba,3.0,2020,2020,11671.0,0.591063,3705004.0
COD,COD_6348,Mukedi,10.0,2020,2020,35374.0,1.142918,3991591.0
COD,COD_6350,Mukoso ,4.0,2020,2020,12393.0,0.546311,1582312.0
COD,COD_6351,Mukubu,5.0,2020,2020,24743.0,1.147851,5656264.0
COD,COD_6353,Mukungwa,5.0,2020,2020,11464.0,0.710803,2501605.0
COD,COD_6354,Mukupa,3.0,2020,2020,5105.0,0.377205,1655832.0
COD,COD_6361,Mulinga,3.0,2020,2020,15545.0,0.599537,6047354.0
COD,COD_6362,Mulongo,10.0,2020,2020,68600.0,2.07624,11362731.0
COD,COD_6363,Bumba,32.0,2020,2020,226007.0,5.985369,31471008.0
COD,COD_6375,Mungbere,3.0,2020,2020,12052.0,0.540493,2923072.0
COD,COD_6376,Mungbualu/Nzebi,10.0,2020,2020,63442.0,1.594439,11175424.0
COD,COD_6415,Mushie,9.0,2020,2020,51225.0,2.444119,14309946.0
COD,COD_6417,Musienene,7.0,2020,2020,25460.0,0.878138,4190683.0
COD,COD_6422,Mutabi,4.0,2020,2020,12056.0,0.731321,3592564.0
COD,COD_6429,Mutshatsha,2.0,2020,2020,7900.0,0.430184,2099770.0
COD,COD_6434,Mutwanga,8.0,2020,2020,27542.0,1.374559,8144279.0
COD,COD_6446,Mwadingusha,5.0,2020,2020,23910.0,1.316426,8474009.0
COD,COD_6456,Kibango ,3.0,2020,2020,13495.0,0.426573,1694867.0
COD,COD_6462,Mweka,14.0,2020,2020,113664.0,3.427116,23799312.0
COD,COD_6464,Mwenda,3.0,2020,2020,4923.0,0.306316,864188.0
COD,COD_6465,Mwenga 1,4.0,2020,2020,34655.0,0.923931,6962790.0
COD,COD_6467,Mweso,2.0,2020,2020,15294.0,0.468372,2347642.0
COD,COD_6617,Ndekesha ,3.0,2020,2020,12373.0,0.445452,2286175.0
COD,COD_6630,Ndombe,2.0,2020,2020,13592.0,0.528119,3549739.0
COD,COD_6635,Ndrele,8.0,2020,2020,14955.0,0.817139,3776327.0
COD,COD_6689,Ngandajika,21.0,2020,2020,132189.0,4.283849,23296944.0
COD,COD_6698,Ngeba,4.0,2020,2020,27313.0,0.843129,4101090.0
COD,COD_6701,Ngeya-Kalamba,2.0,2020,2020,7739.0,0.316687,1392963.0
COD,COD_6702,Ngiko,4.0,2020,2020,20057.0,0.69746,2303814.0
COD,COD_6710,Ngome,4.0,2020,2020,18354.0,0.763842,3391158.0
COD,COD_6740,Niakunde,7.0,2020,2020,14913.0,0.729657,2020575.0
COD,COD_6746,Niangara,5.0,2020,2020,26376.0,0.936723,4026877.0
COD,COD_6748,Nia-Nia,3.0,2020,2020,24998.0,0.793028,5434051.0
COD,COD_6765,Nioki,7.0,2020,2020,73885.0,1.781058,12220694.0
COD,COD_6782,Nkamba,3.0,2020,2020,15700.0,0.369412,1273017.0
COD,COD_6788,Nkassa,3.0,2020,2020,20676.0,0.467019,2889844.0
COD,COD_6840,(N.C.),2.0,2020,2020,4561.0,0.411306,1453674.0
COD,COD_6865,Nsioni ,6.0,2020,2020,54839.0,1.289275,10819492.0
COD,COD_6867,Nsona/Ntite,5.0,2020,2020,8215.0,0.237294,593332.0
COD,COD_6873,Ntandembele,3.0,2020,2020,13497.0,0.662324,3670708.0
COD,COD_6906,Nyamilima,6.0,2020,2020,37294.0,1.261686,7946798.0
COD,COD_6923,Nyunzu,8.0,2020,2020,85474.0,2.208984,14426122.0
COD,COD_7009,Oicha,22.0,2020,2020,108880.0,4.983114,36041928.0
COD,COD_7105,Opima,6.0,2020,2020,6515.0,0.503736,1588460.0
COD,COD_7128,Oshwe,4.0,2020,2020,39974.0,0.634967,2643591.0
COD,COD_7134,Mubi,3.0,2020,2020,15784.0,0.499755,3101367.0
COD,COD_7263,Pai-Kongila,4.0,2020,2020,16035.0,0.512246,1797661.0
COD,COD_7278,Panu,6.0,2020,2020,36118.0,1.214202,6205212.0
COD,COD_7348,Poko,7.0,2020,2020,35081.0,1.176915,5290623.0
COD,COD_7355,Popokabaka,5.0,2020,2020,42847.0,0.764216,4025963.0
COD,COD_7384,Pungwe,5.0,2020,2020,10140.0,0.41643,1121845.0
COD,COD_7385,Punia,7.0,2020,2020,58731.0,1.48171,10485667.0
COD,COD_7387,Pweto ,10.0,2020,2020,39469.0,1.666745,8350864.0
COD,COD_7558,Rubaya,3.0,2020,2020,35772.0,0.973209,15922032.0
COD,COD_7592,Rutshuru/Kiwanja,13.0,2020,2020,170905.0,3.576511,26397304.0
COD,COD_7677,Sakania,9.0,2020,2020,26953.0,2.032587,12132294.0
COD,COD_7680,Sake,5.0,2020,2020,50537.0,1.369737,8928792.0
COD,COD_7699,Bena-Manda,12.0,2020,2020,13475.0,0.429729,1073813.0
COD,COD_7712,Samba,4.0,2020,2020,45170.0,1.164871,7128034.0
COD,COD_7724,Sampwe ,2.0,2020,2020,11133.0,0.513736,2790369.0
COD,COD_7743,Sandoa/Mbangu,8.0,2020,2020,33055.0,1.839005,9992747.0
COD,COD_7783,Sapo-Bumba,3.0,2020,2020,10075.0,0.538292,2106349.0
COD,COD_7841,Seke Banza ,2.0,2020,2020,13710.0,0.347109,1556526.0
COD,COD_7842,Seke-Banza,4.0,2020,2020,28843.0,0.582008,2325864.0
COD,COD_7855,Semandane,2.0,2020,2020,6851.0,0.438964,3009425.0
COD,COD_7858,Semendwa,4.0,2020,2020,35584.0,1.147894,7340673.0
COD,COD_7898,Shabunda,5.0,2020,2020,38705.0,1.212736,9533753.0
COD,COD_7911,Kingwangala,3.0,2020,2020,20945.0,0.464788,2055206.0
COD,COD_7919,Shamikalenge,6.0,2020,2020,17189.0,0.885475,3000324.0
COD,COD_8106,Sinda,4.0,2020,2020,10679.0,0.568621,2177217.0
COD,COD_8169,Songo,3.0,2020,2020,14150.0,0.815907,5161174.0
COD,COD_8170,Songololo,3.0,2020,2020,11809.0,0.337972,1122984.0
COD,COD_8173,Songwe,3.0,2020,2020,11941.0,0.431967,1746043.0
COD,COD_8337,Tambwe-Yangala,3.0,2020,2020,13044.0,0.771399,4226743.0
COD,COD_8354,Tandala,5.0,2020,2020,13483.0,0.525724,2339508.0
COD,COD_8420,Tchomia ,5.0,2020,2020,25111.0,0.689763,2706470.0
COD,COD_8445,Temvo,3.0,2020,2020,33864.0,0.704379,5326324.0
COD,COD_8450,Tenke,13.0,2020,2020,28708.0,2.76645,15362789.0
COD,COD_8530,Titule,3.0,2020,2020,17875.0,0.520667,1999828.0
COD,COD_8556,Tolo,3.0,2020,2020,29877.0,0.82106,5140399.0
COD,COD_8625,Tshela,9.0,2020,2020,112870.0,1.593433,11101943.0
COD,COD_8627,Tshibala,3.0,2020,2020,17314.0,0.532228,2027341.0
COD,COD_8628,Tshibalabala,2.0,2020,2020,4437.0,0.118355,295787.0
COD,COD_8629,Tshibinda,3.0,2020,2020,15629.0,0.704287,3803052.0
COD,COD_8630,Tshibombo,4.0,2020,2020,9375.0,0.183846,459734.0
COD,COD_8631,Tshikangu,1.0,2020,2020,5929.0,0.35866,1795615.0
COD,COD_8632,Tshikapa,41.0,2020,2020,524753.0,10.211412,68487320.0
COD,COD_8633,Tshimbalanga ,5.0,2020,2020,25898.0,1.254046,7272785.0
COD,COD_8634,Tshilolo/Tshisenda,2.0,2020,2020,2682.0,0.095034,237636.0
COD,COD_8635,Tshimbulu,9.0,2020,2020,53011.0,1.343695,6050442.0
COD,COD_8636,Tshimpumpu,4.0,2020,2020,25327.0,0.756634,3837183.0
COD,COD_8638,Tshioji,2.0,2020,2020,1695.0,0.070544,176308.0
COD,COD_8639,Tshisumba,2.0,2020,2020,18270.0,0.478595,2564430.0
COD,COD_8644,Tshofa ,7.0,2020,2020,27342.0,1.130006,4741365.0
COD,COD_8689,Turungu,2.0,2020,2020,7797.0,0.372042,1137370.0
COD,COD_8700,Ubundu,2.0,2020,2020,28823.0,0.465061,2981505.0
COD,COD_8803,Uvira,16.0,2020,2020,323035.0,5.347562,53189300.0
COD,COD_8897,Bashu,35.0,2020,2020,53518.0,2.323493,6881838.0
COD,COD_8901,Vuyinga/Butengwa,4.0,2020,2020,11081.0,0.555774,3629259.0
COD,COD_8933,Walikale,6.0,2020,2020,43922.0,0.806069,4366564.0
COD,COD_8934,Izege,14.0,2020,2020,43495.0,1.092346,4816246.0
COD,COD_8935,Walungu,9.0,2020,2020,19944.0,0.509084,1428154.0
COD,COD_8938,Wamaza,5.0,2020,2020,38838.0,0.937726,4630425.0
COD,COD_8940,Wamba,7.0,2020,2020,37296.0,1.101082,4889125.0
COD,COD_8949,Wapinda ,4.0,2020,2020,17816.0,0.592911,2597723.0
COD,COD_8965,Watsa/Kalimva (gold mines),31.0,2020,2020,196872.0,7.242862,50067420.0
COD,COD_8968,Ariwara ,27.0,2020,2020,44998.0,3.783874,19027088.0
COD,COD_8984,Wembo Nyama,5.0,2020,2020,39180.0,0.765262,3578819.0
COD,COD_9017,Wotu/Sensenge,10.0,2020,2020,12804.0,0.853382,2925987.0
COD,COD_9044,Yakata,2.0,2020,2020,6398.0,0.310507,1151691.0
COD,COD_9046,Yakoma,9.0,2020,2020,72127.0,2.218584,13427751.0
COD,COD_9095,Yuki Kengundu,2.0,2020,2020,9880.0,0.421795,1896980.0
COD,COD_9097,Yumbi 1,5.0,2020,2020,30985.0,1.151465,6756118.0
COD,COD_9098,Yumbi 2,4.0,2020,2020,14424.0,0.54317,2079512.0
COD,COD_9158,Zengu,6.0,2020,2020,7210.0,0.341436,1050996.0
COD,COD_9179,Zongo,8.0,2020,2020,46915.0,1.665818,9322282.0
COG,COG_1857,Bété,5.0,2020,2020,31303.0,1.544872,9712603.0
COG,COG_2090,Bouansa,7.0,2020,2020,23837.0,1.311083,7433401.0
COG,COG_2129,Boundji,6.0,2020,2020,19283.0,0.964866,4210238.0
COG,COG_2158,Brazzaville,257.0,2020,2020,2032394.0,68.07036,507200352.0
COG,COG_2790,Djambala,6.0,2020,2020,37086.0,1.042631,5860555.0
COG,COG_2835,Dolisie,27.0,2020,2020,194481.0,6.460578,43297976.0
COG,COG_3169,Ewo,10.0,2020,2020,34238.0,1.279247,4797361.0
COG,COG_3349,Gamboma,8.0,2020,2020,44453.0,1.816215,9935329.0
COG,COG_4051,Impfondo,9.0,2020,2020,110937.0,1.744883,9772727.0
COG,COG_5324,Loudima Gare,3.0,2020,2020,12309.0,0.648017,3744658.0
COG,COG_5328,Loutele,7.0,2020,2020,21443.0,1.080682,5838991.0
COG,COG_5454,Madingou,13.0,2020,2020,37877.0,2.316771,12925739.0
COG,COG_5551,Makabana,2.0,2020,2020,3330.0,0.310576,1209750.0
COG,COG_5578,Makoua,6.0,2020,2020,40455.0,1.632898,10027986.0
COG,COG_6012,Mindouli,7.0,2020,2020,16929.0,1.062024,4500063.0
COG,COG_6255,Mossaka,2.0,2020,2020,6333.0,0.5126,3333332.0
COG,COG_6257,Mossendjo,4.0,2020,2020,10813.0,0.830168,4384323.0
COG,COG_6273,Mouyondzi,5.0,2020,2020,14618.0,0.822744,3649226.0
COG,COG_6705,Ngo,5.0,2020,2020,18124.0,0.731669,3577801.0
COG,COG_6790,Nkayi,12.0,2020,2020,96796.0,3.429995,23144500.0
COG,COG_7188,Ouesso,11.0,2020,2020,103133.0,2.436862,14588253.0
COG,COG_7236,Owando,9.0,2020,2020,61678.0,2.067683,13823898.0
COG,COG_7347,Pointe Noire,241.0,2020,2020,1302610.0,54.9883,396535488.0
COG,COG_7349,Pokola,4.0,2020,2020,19977.0,0.741084,4692783.0
COG,COG_8028,Sibiti,8.0,2020,2020,34254.0,1.590712,8993834.0
COM,COM_1578,Bandrani Mtsangani,1.0,2020,2020,9050.0,0.251066,1359956.0
COM,COM_158,Adda Daoueni,2.0,2020,2020,16270.0,0.254194,1312187.0
COM,COM_1741,Bazimini,3.0,2020,2020,18013.0,0.354416,2187596.0
COM,COM_2844,Domoni,4.0,2020,2020,20421.0,0.626524,4440860.0
COM,COM_3259,Fomboni,5.0,2020,2020,23908.0,0.869019,4504557.0
COM,COM_5285,Lingoni,2.0,2020,2020,14612.0,0.225419,682845.0
COM,COM_5863,Mbeni,2.0,2020,2020,6649.0,0.344317,2328645.0
COM,COM_6135,Mitsamiouli,7.0,2020,2020,17164.0,0.904348,3395169.0
COM,COM_6247,Moroni,36.0,2020,2020,152632.0,6.273661,39258784.0
COM,COM_6275,Moya,1.0,2020,2020,5564.0,0.072855,492147.0
COM,COM_6428,Mutsamudu,6.0,2020,2020,45382.0,1.081302,10166935.0
COM,COM_7094,Ongodjou,2.0,2020,2020,14070.0,0.302242,1514366.0
COM,COM_7161,Ouani,3.0,2020,2020,22618.0,0.555957,3850081.0
COM,COM_8102,Sima,2.0,2020,2020,10863.0,0.296416,2163205.0
COM,COM_8621,Tsembehou,2.0,2020,2020,26320.0,0.484745,3200136.0
CPV,CPV_1345,Assomada,18.0,2020,2020,19905.0,1.089631,4754667.0
CPV,CPV_3147,Espargos,8.0,2020,2020,10717.0,0.786997,5059909.0
CPV,CPV_6010,Mindelo,13.0,2020,2020,43920.0,2.699305,17523664.0
CPV,CPV_7375,Praia,23.0,2020,2020,117995.0,5.021219,55947272.0
ERI,ERI_1332,Asmara,39.0,2020,2020,251948.0,9.977812,85941600.0
ERI,ERI_1339,Assab,6.0,2020,2020,20938.0,1.343707,9034409.0
ERI,ERI_1681,Barentu,11.0,2020,2020,24108.0,1.930639,10644947.0
ERI,ERI_176,Adhi Bdo,3.0,2020,2020,1472.0,0.071621,138212.0
ERI,ERI_180,Adi Keyih,3.0,2020,2020,7760.0,0.606842,3980162.0
ERI,ERI_182,Adi Tekelezan,2.0,2020,2020,11080.0,0.388949,2318800.0
ERI,ERI_188,Adiquala,3.0,2020,2020,6891.0,0.455286,2217542.0
ERI,ERI_220,Af Abeb,12.0,2020,2020,42687.0,0.395729,1157799.0
ERI,ERI_2655,Debarwa,3.0,2020,2020,7372.0,0.536249,3136180.0
ERI,ERI_2675,Dekemehari,10.0,2020,2020,25034.0,1.568855,9244985.0
ERI,ERI_3474,Gergef,3.0,2020,2020,2898.0,0.303974,813362.0
ERI,ERI_3513,Ginda,5.0,2020,2020,58064.0,0.689049,3918821.0
ERI,ERI_3561,Goluj,8.0,2020,2020,10938.0,0.794516,3275481.0
ERI,ERI_3785,Haykota,5.0,2020,2020,4430.0,0.225054,536842.0
ERI,ERI_3790,Hegaz,5.0,2020,2020,23524.0,0.822944,4009370.0
ERI,ERI_3809,Himbirti,3.0,2020,2020,5499.0,0.451669,2541255.0
ERI,ERI_418,Akordat,8.0,2020,2020,13945.0,0.977526,5816450.0
ERI,ERI_4718,Keren,10.0,2020,2020,79749.0,2.669433,24438498.0
ERI,ERI_5774,Massawa,6.0,2020,2020,102160.0,1.102789,6004035.0
ERI,ERI_5939,Mendefera,6.0,2020,2020,19083.0,0.955548,5793990.0
ERI,ERI_6488,Nacfa,4.0,2020,2020,17386.0,0.14378,356332.0
ERI,ERI_7078,Om Hajer,5.0,2020,2020,5936.0,0.501663,1783460.0
ERI,ERI_714,Ali Ghdir,5.0,2020,2020,4786.0,0.216145,614446.0
ERI,ERI_7834,Segheneyti,3.0,2020,2020,5363.0,0.479081,3313609.0
ERI,ERI_7861,Senafe,3.0,2020,2020,6059.0,0.434578,1820496.0
ERI,ERI_8458,Tessenei,17.0,2020,2020,30277.0,2.086892,10636386.0
ETH,ETH_103,Abu Kuke,4.0,2020,2020,8619.0,0.34453,1367620.0
ETH,ETH_1142,Amanuel,9.0,2020,2020,18809.0,1.180062,7208286.0
ETH,ETH_1154,Amba Giyorgis,5.0,2020,2020,17476.0,0.608259,2588053.0
ETH,ETH_1162,Amber,6.0,2020,2020,7228.0,0.389176,1558374.0
ETH,ETH_1164,Ambo,32.0,2020,2020,132644.0,5.299528,31202254.0
ETH,ETH_1174,Amedber,1.0,2020,2020,6647.0,0.206858,954463.0
ETH,ETH_1207,Andinet,5.0,2020,2020,6947.0,0.133463,333786.0
ETH,ETH_1215,Anibesema,3.0,2020,2020,7985.0,0.332614,1559667.0
ETH,ETH_1267,Aradom,2.0,2020,2020,5241.0,0.192383,548576.0
ETH,ETH_1272,Arba Minch,22.0,2020,2020,230699.0,4.35675,31514664.0
ETH,ETH_1279,Arerti,5.0,2020,2020,17723.0,0.925783,4958680.0
ETH,ETH_1286,Arjo,3.0,2020,2020,11036.0,0.435453,1967051.0
ETH,ETH_1297,Arsi Negele,16.0,2020,2020,125917.0,3.30864,21049376.0
ETH,ETH_1311,Asassa,12.0,2020,2020,67991.0,1.969627,10964883.0
ETH,ETH_1312,Asayta,5.0,2020,2020,65602.0,0.868549,3829132.0
ETH,ETH_1313,Asebot,25.0,2020,2020,19659.0,0.528095,1684220.0
ETH,ETH_1314,Asela,25.0,2020,2020,98654.0,5.619315,44041784.0
ETH,ETH_1315,Asendabo,9.0,2020,2020,19585.0,1.093698,6205607.0
ETH,ETH_1321,Ashe,3.0,2020,2020,9346.0,0.174163,554663.0
ETH,ETH_1336,Asosa,15.0,2020,2020,85741.0,2.835611,17344380.0
ETH,ETH_1353,Ataye,5.0,2020,2020,27613.0,0.871365,5359712.0
ETH,ETH_1371,Atsbi Endasilasie,3.0,2020,2020,70877.0,0.395263,1966837.0
ETH,ETH_1384,Awash Melkakunture,5.0,2020,2020,10578.0,0.408308,1757147.0
ETH,ETH_1386,Awash Sebat Kilo,7.0,2020,2020,39073.0,0.953387,4933203.0
ETH,ETH_1413,Awubere,3.0,2020,2020,10558.0,0.469408,1375431.0
ETH,ETH_1415,Axum,19.0,2020,2020,62481.0,2.55475,15569090.0
ETH,ETH_1418,Ayida Chema,6.0,2020,2020,3679.0,0.117933,294979.0
ETH,ETH_1420,Ayikel,6.0,2020,2020,48317.0,0.858444,4680853.0
ETH,ETH_1430,Azena,3.0,2020,2020,7963.0,0.39838,2107224.0
ETH,ETH_1450,Babile,7.0,2020,2020,57527.0,1.05156,5478202.0
ETH,ETH_1493,Bahir Dar,84.0,2020,2020,450838.0,11.477129,57887100.0
ETH,ETH_1510,Bako,8.0,2020,2020,39325.0,1.117675,6292051.0
ETH,ETH_1529,Bale,6.0,2020,2020,15757.0,0.728439,3407089.0
ETH,ETH_153,Adaba,9.0,2020,2020,35567.0,1.410084,6947927.0
ETH,ETH_1531,Balemi,3.0,2020,2020,11345.0,0.3689,1669216.0
ETH,ETH_155,Adama,77.0,2020,2020,362942.0,16.287271,109850232.0
ETH,ETH_156,Adami Tulu,6.0,2020,2020,25317.0,1.125516,4762631.0
ETH,ETH_1562,Bamibasi,4.0,2020,2020,36617.0,0.561215,2757018.0
ETH,ETH_159,Addis Ababa,649.0,2020,2020,4833958.0,138.766784,1160877696.0
ETH,ETH_160,Addis Alem 1,7.0,2020,2020,16912.0,0.978118,4379924.0
ETH,ETH_161,Addis Alem 2,5.0,2020,2020,7805.0,0.153104,382791.0
ETH,ETH_162,Addis Kidam,7.0,2020,2020,18176.0,0.804841,5101924.0
ETH,ETH_1643,Baniko Goteti,1.0,2020,2020,9890.0,0.165667,432682.0
ETH,ETH_166,Adebaye,3.0,2020,2020,16146.0,0.404511,1339389.0
ETH,ETH_169,Adele,4.0,2020,2020,8958.0,0.536823,2550007.0
ETH,ETH_1711,Bata Wayu,1.0,2020,2020,3160.0,0.184673,647626.0
ETH,ETH_1715,Bati,5.0,2020,2020,46027.0,0.883292,7230139.0
ETH,ETH_172,Adet,9.0,2020,2020,16529.0,1.412034,7996643.0
ETH,ETH_1751,Bedele,11.0,2020,2020,34486.0,1.457934,9779270.0
ETH,ETH_1752,Bedeno,216.0,2020,2020,350425.0,5.027757,13845037.0
ETH,ETH_1753,Bedesa,31.0,2020,2020,64727.0,1.83624,7979939.0
ETH,ETH_1757,Begi,12.0,2020,2020,156389.0,0.753985,3141637.0
ETH,ETH_1775,Bele,3.0,2020,2020,16416.0,0.44992,2089002.0
ETH,ETH_179,Adi Gudom,4.0,2020,2020,19336.0,0.537394,2136025.0
ETH,ETH_18,Abala,4.0,2020,2020,58934.0,0.549071,2205954.0
ETH,ETH_181,Adi Remets,4.0,2020,2020,21705.0,0.274444,865349.0
ETH,ETH_1849,Besko Elala,1.0,2020,2020,1611.0,0.092121,230324.0
ETH,ETH_185,Adigrat,27.0,2020,2020,75961.0,2.741034,17540064.0
ETH,ETH_1872,Bichena,18.0,2020,2020,56804.0,2.128823,9593073.0
ETH,ETH_1880,Bifitu Geda,16.0,2020,2020,35606.0,1.331017,3327704.0
ETH,ETH_1881,Biftu,5.0,2020,2020,28827.0,0.264994,667318.0
ETH,ETH_189,Adis Zemen,4.0,2020,2020,26930.0,0.633167,3240014.0
ETH,ETH_1890,Bilalo Irsjha Limat,2.0,2020,2020,7152.0,0.137194,343037.0
ETH,ETH_1894,Bilida,3.0,2020,2020,4088.0,0.161063,421455.0
ETH,ETH_190,Adishohu,3.0,2020,2020,15330.0,0.230587,993916.0
ETH,ETH_1925,Birbir,3.0,2020,2020,20943.0,0.579827,3120992.0
ETH,ETH_200,Ado Boelo,1.0,2020,2020,6317.0,0.201926,901523.0
ETH,ETH_2010,Boke Tiko,4.0,2020,2020,20084.0,0.448753,1928950.0
ETH,ETH_2013,Bokoji,12.0,2020,2020,50747.0,1.887355,13407285.0
ETH,ETH_2019,Bole,2.0,2020,2020,12058.0,0.354775,1334426.0
ETH,ETH_2022,Bolo Giyorgis,3.0,2020,2020,2393.0,0.252897,632290.0
ETH,ETH_2035,Bona,2.0,2020,2020,28471.0,0.295701,1396683.0
ETH,ETH_2040,Bonesha,10.0,2020,2020,24724.0,0.910859,3744437.0
ETH,ETH_2041,Bonga,11.0,2020,2020,40079.0,1.129041,6180514.0
ETH,ETH_2062,Bore,4.0,2020,2020,27811.0,0.521955,2464745.0
ETH,ETH_208,Adola,10.0,2020,2020,65389.0,1.339747,7352196.0
ETH,ETH_2165,Bri,3.0,2020,2020,8246.0,0.121333,301848.0
ETH,ETH_217,Adwa,16.0,2020,2020,63204.0,2.006495,12005860.0
ETH,ETH_2207,Bulbula,6.0,2020,2020,21307.0,0.629124,2781538.0
ETH,ETH_2208,Bule,3.0,2020,2020,17187.0,0.290423,937514.0
ETH,ETH_2212,Bulki,6.0,2020,2020,12569.0,0.437363,1872666.0
ETH,ETH_2244,Bure,23.0,2020,2020,50618.0,2.166067,10681526.0
ETH,ETH_2250,Burjawi,2.0,2020,2020,8215.0,0.365402,1685474.0
ETH,ETH_2251,Burka,4.0,2020,2020,37505.0,0.623287,3340322.0
ETH,ETH_2276,Butajira,84.0,2020,2020,134939.0,6.482076,29962294.0
ETH,ETH_2357,Chagni,8.0,2020,2020,47730.0,1.204847,6243130.0
ETH,ETH_2366,Chancho,7.0,2020,2020,11525.0,0.869777,4081788.0
ETH,ETH_2367,Chandba Delega,2.0,2020,2020,3163.0,0.093527,233835.0
ETH,ETH_238,Agarfa,8.0,2020,2020,27654.0,1.074207,5618259.0
ETH,ETH_2384,Chefa Robit,3.0,2020,2020,18001.0,0.400781,1952737.0
ETH,ETH_2386,Chefe Gudina,1.0,2020,2020,3005.0,0.159679,522582.0
ETH,ETH_2387,Chefedonsa,3.0,2020,2020,20019.0,0.460735,2501419.0
ETH,ETH_239,Agaro,19.0,2020,2020,86299.0,2.14465,14517790.0
ETH,ETH_2391,Chelelektu,7.0,2020,2020,41052.0,0.602954,1907737.0
ETH,ETH_2392,Chelenko,34.0,2020,2020,81889.0,1.596052,6125582.0
ETH,ETH_24,Abderafi,4.0,2020,2020,25776.0,0.542374,1894347.0
ETH,ETH_240,Agat K. 13,3.0,2020,2020,3170.0,0.177194,443045.0
ETH,ETH_2401,Chenicha,21.0,2020,2020,35116.0,1.240815,6920556.0
ETH,ETH_2405,Chere,4.0,2020,2020,35104.0,0.371583,959281.0
ETH,ETH_2407,Cherti Dabeso,2.0,2020,2020,10919.0,0.244488,1033317.0
ETH,ETH_2421,Chiefera,2.0,2020,2020,6512.0,0.210583,801573.0
ETH,ETH_2430,Chinaksen,4.0,2020,2020,17191.0,0.56462,2311775.0
ETH,ETH_2441,Chiri,3.0,2020,2020,11754.0,0.193454,489273.0
ETH,ETH_2442,Chiro,10.0,2020,2020,64313.0,1.753598,13031307.0
ETH,ETH_2455,Chole,3.0,2020,2020,15752.0,0.508837,2491610.0
ETH,ETH_2460,Chuahit,4.0,2020,2020,14920.0,0.425666,2029947.0
ETH,ETH_2521,Dabat,6.0,2020,2020,30260.0,0.68169,3654427.0
ETH,ETH_255,Agena,4.0,2020,2020,4654.0,0.391794,1553067.0
ETH,ETH_2558,Dalocha,20.0,2020,2020,23180.0,0.905805,3354480.0
ETH,ETH_2602,Dangila,10.0,2020,2020,40504.0,1.517989,8272986.0
ETH,ETH_2603,Danisha,5.0,2020,2020,37850.0,0.409061,1972601.0
ETH,ETH_2627,Darge,5.0,2020,2020,19253.0,0.767506,3716193.0
ETH,ETH_2628,Bilida Bukisa,4.0,2020,2020,21889.0,0.365674,914498.0
ETH,ETH_2646,Daye,8.0,2020,2020,143474.0,0.835688,4572205.0
ETH,ETH_2654,Debark,16.0,2020,2020,65855.0,1.603757,9345591.0
ETH,ETH_2656,Debere Markos,32.0,2020,2020,92099.0,4.589286,29749164.0
ETH,ETH_2658,Debire Eyesus,8.0,2020,2020,7617.0,0.357147,909926.0
ETH,ETH_2660,Debirewerik,5.0,2020,2020,22804.0,0.735036,3377915.0
ETH,ETH_2661,Debre Brehan,22.0,2020,2020,132371.0,3.751717,26573988.0
ETH,ETH_2662,Debre Mariyam,4.0,2020,2020,3007.0,0.086891,217362.0
ETH,ETH_2663,Debre Sina,3.0,2020,2020,8499.0,0.356836,1633509.0
ETH,ETH_2664,Debretabor,24.0,2020,2020,187934.0,2.902873,19706262.0
ETH,ETH_2665,Deder,21.0,2020,2020,63452.0,1.26187,5993657.0
ETH,ETH_2668,Degan,3.0,2020,2020,7953.0,0.491319,2500176.0
ETH,ETH_2669,Degehabur,13.0,2020,2020,114461.0,1.851704,9338656.0
ETH,ETH_2670,Degolu,7.0,2020,2020,24444.0,1.126355,6709783.0
ETH,ETH_2673,Dejen,7.0,2020,2020,14261.0,0.926809,4259357.0
ETH,ETH_2679,Deksis,5.0,2020,2020,12807.0,0.591191,2599254.0
ETH,ETH_2680,Delgi,2.0,2020,2020,32684.0,0.443061,2282434.0
ETH,ETH_2683,Dembe,3.0,2020,2020,31111.0,0.321646,1396551.0
ETH,ETH_2684,Dembecha,12.0,2020,2020,31136.0,1.517376,8095978.0
ETH,ETH_2685,Dembi Dolo,10.0,2020,2020,45332.0,1.516821,9586041.0
ETH,ETH_2688,Deneba 1,3.0,2020,2020,1620.0,0.304401,955324.0
ETH,ETH_2689,Deneba 2,3.0,2020,2020,6312.0,0.444703,2741640.0
ETH,ETH_2692,Denise 37,4.0,2020,2020,6869.0,0.486312,2023539.0
ETH,ETH_2694,Dera,8.0,2020,2020,47190.0,1.482109,7733481.0
ETH,ETH_2698,Derwonaji,1.0,2020,2020,1546.0,0.092875,232201.0
ETH,ETH_2700,Dessie,35.0,2020,2020,219413.0,6.533922,58183548.0
ETH,ETH_2734,Digalu Kidame,2.0,2020,2020,3689.0,0.359843,1403101.0
ETH,ETH_2774,Dire Dawa,47.0,2020,2020,541668.0,8.880627,65386672.0
ETH,ETH_2813,Dl Amba,4.0,2020,2020,8647.0,0.203723,509387.0
ETH,ETH_2820,Dodola,9.0,2020,2020,61013.0,1.803219,10847020.0
ETH,ETH_2836,Dolo,9.0,2020,2020,99762.0,1.505575,7843836.0
ETH,ETH_2895,Dubti,5.0,2020,2020,45119.0,0.844167,3708034.0
ETH,ETH_2917,Durbete,7.0,2020,2020,31721.0,0.982774,5819179.0
ETH,ETH_2945,Ebinat,3.0,2020,2020,19170.0,0.609667,3166721.0
ETH,ETH_2957,Edega Hamus,4.0,2020,2020,45635.0,0.431404,2371410.0
ETH,ETH_2964,Efa,2.0,2020,2020,12705.0,0.133144,332904.0
ETH,ETH_2965,Efa Gamachu,1.0,2020,2020,4084.0,0.146465,709220.0
ETH,ETH_2975,Ego,3.0,2020,2020,7513.0,0.223607,802656.0
ETH,ETH_2982,Ejaji,5.0,2020,2020,17084.0,0.675701,2812635.0
ETH,ETH_2984,Ejere,4.0,2020,2020,17477.0,0.534063,2275190.0
ETH,ETH_3080,Eledima,1.0,2020,2020,5674.0,0.084119,210341.0
ETH,ETH_3083,Elferida,3.0,2020,2020,12740.0,0.17676,441962.0
ETH,ETH_3084,Eliyas,6.0,2020,2020,16800.0,0.769878,4048602.0
ETH,ETH_3107,Endaba Guna,4.0,2020,2020,24661.0,0.433276,1898895.0
ETH,ETH_3109,Endibir,3.0,2020,2020,6893.0,0.40814,1955984.0
ETH,ETH_3111,Enewari,3.0,2020,2020,13621.0,0.642525,3901199.0
ETH,ETH_3113,Enfranz,3.0,2020,2020,8955.0,0.245452,1220898.0
ETH,ETH_3116,Enseno,33.0,2020,2020,27963.0,1.909603,7293725.0
ETH,ETH_3153,Este,5.0,2020,2020,29119.0,0.842252,4823875.0
ETH,ETH_3158,Eteya,9.0,2020,2020,41949.0,1.483558,8270235.0
ETH,ETH_3187,Faji,4.0,2020,2020,4214.0,0.319946,799966.0
ETH,ETH_3220,Felege Birihan,5.0,2020,2020,12257.0,0.535127,2481692.0
ETH,ETH_3221,Fendika 2,4.0,2020,2020,16376.0,0.429979,1626610.0
ETH,ETH_3222,Fendika 1,4.0,2020,2020,17023.0,0.49083,2151478.0
ETH,ETH_3228,Feres Bet,7.0,2020,2020,10148.0,0.64042,3732565.0
ETH,ETH_3236,Fiche,17.0,2020,2020,34648.0,2.652532,15160273.0
ETH,ETH_3242,Fik,4.0,2020,2020,31923.0,0.611649,2691361.0
ETH,ETH_3244,Filakit,18.0,2020,2020,22824.0,1.326042,5320271.0
ETH,ETH_3248,Fincha,2.0,2020,2020,12570.0,0.433475,2695763.0
ETH,ETH_3249,Finote Selam,15.0,2020,2020,33143.0,1.980736,11457395.0
ETH,ETH_3261,Fonko,52.0,2020,2020,46885.0,2.042394,6311305.0
ETH,ETH_3294,Funyan Bira,4.0,2020,2020,19235.0,0.682212,3251117.0
ETH,ETH_3347,Gambela,23.0,2020,2020,110003.0,2.724667,13194445.0
ETH,ETH_3402,Gasera,9.0,2020,2020,18471.0,0.685842,3200850.0
ETH,ETH_3409,Gatira,8.0,2020,2020,8009.0,0.534402,2786093.0
ETH,ETH_3411,Gato,2.0,2020,2020,18362.0,0.184586,467713.0
ETH,ETH_3451,Gebeze Mariyam,3.0,2020,2020,3929.0,0.404471,1881241.0
ETH,ETH_3455,Gedeb,13.0,2020,2020,72369.0,0.915664,4262928.0
ETH,ETH_3458,Gedo,4.0,2020,2020,17962.0,0.569801,3304152.0
ETH,ETH_3461,Gelemso,5.0,2020,2020,47782.0,0.847518,5774051.0
ETH,ETH_3462,Gembe,4.0,2020,2020,7432.0,0.242557,851517.0
ETH,ETH_3465,Gend Wen,9.0,2020,2020,23771.0,1.00628,6199705.0
ETH,ETH_3466,Genda Wuha,6.0,2020,2020,76727.0,0.751693,3386465.0
ETH,ETH_3470,Gerba 2,2.0,2020,2020,8085.0,0.288664,1361397.0
ETH,ETH_3472,Gerbe Guracha,13.0,2020,2020,41511.0,1.689606,8292526.0
ETH,ETH_3473,Gerese,3.0,2020,2020,26989.0,0.462658,2917869.0
ETH,ETH_3477,Gesa,5.0,2020,2020,16619.0,0.312696,1414131.0
ETH,ETH_3496,Gida Ayana,4.0,2020,2020,11572.0,0.555755,2476507.0
ETH,ETH_3500,Gidole,10.0,2020,2020,120367.0,0.656283,3426629.0
ETH,ETH_3507,Gimbi,10.0,2020,2020,41524.0,1.342174,9646860.0
ETH,ETH_3508,Gimbicho,10.0,2020,2020,33407.0,0.955358,4879098.0
ETH,ETH_3509,Gimija Bet,4.0,2020,2020,22357.0,0.649926,4006464.0
ETH,ETH_3514,Ginichi,8.0,2020,2020,27964.0,1.192252,6158264.0
ETH,ETH_3515,Ginido,4.0,2020,2020,10477.0,0.824007,4598243.0
ETH,ETH_3516,Ginir,5.0,2020,2020,41071.0,1.3076,8439222.0
ETH,ETH_3518,Girawa,171.0,2020,2020,359846.0,5.44298,16074843.0
ETH,ETH_3523,Gisa Baela Egziabher,2.0,2020,2020,3014.0,0.226637,855853.0
ETH,ETH_3527,Gishe Abay,7.0,2020,2020,11051.0,0.730505,3229763.0
ETH,ETH_3545,Goba,13.0,2020,2020,44117.0,2.1479,12540547.0
ETH,ETH_3547,Gobessa,7.0,2020,2020,42285.0,1.289925,7840977.0
ETH,ETH_3549,Gode,15.0,2020,2020,380074.0,2.994456,17081312.0
ETH,ETH_3556,Gojo,9.0,2020,2020,41597.0,1.025592,5584651.0
ETH,ETH_3559,Golije,4.0,2020,2020,9083.0,0.408043,1712956.0
ETH,ETH_3573,Gonder,45.0,2020,2020,331465.0,7.389004,56626604.0
ETH,ETH_3579,Gore,2.0,2020,2020,20820.0,0.280637,1541521.0
ETH,ETH_3658,Guliso,3.0,2020,2020,17856.0,0.307863,1140307.0
ETH,ETH_3666,Gundo Meskel,6.0,2020,2020,37865.0,1.097466,6342437.0
ETH,ETH_3670,Gura Harecho,1.0,2020,2020,1783.0,0.067709,169298.0
ETH,ETH_3678,Gutin,4.0,2020,2020,17145.0,0.687502,3521976.0
ETH,ETH_3697,Habe,3.0,2020,2020,8883.0,0.297112,1019283.0
ETH,ETH_3707,Hagere Mariyam,16.0,2020,2020,57716.0,2.18916,13129522.0
ETH,ETH_3708,Hagere Selam 2,3.0,2020,2020,35761.0,0.382919,1860600.0
ETH,ETH_3709,Hagere Selam 1,5.0,2020,2020,18466.0,0.325681,1315017.0
ETH,ETH_3720,Halila Negele,5.0,2020,2020,4636.0,0.247726,746030.0
ETH,ETH_3726,Hamibiso,5.0,2020,2020,13227.0,0.832905,4073780.0
ETH,ETH_3735,Hamus Gebeya,1.0,2020,2020,1431.0,0.112176,378230.0
ETH,ETH_3736,Hamusit,5.0,2020,2020,12966.0,0.34579,1049978.0
ETH,ETH_3744,Harare,205.0,2020,2020,848550.0,18.957988,87682296.0
ETH,ETH_3748,Harbu,4.0,2020,2020,21277.0,0.831104,4845598.0
ETH,ETH_3753,Haro,2.0,2020,2020,3698.0,0.102297,255755.0
ETH,ETH_3754,Haro Adi,3.0,2020,2020,24187.0,0.636908,3578332.0
ETH,ETH_3759,Hartishek,4.0,2020,2020,14625.0,0.721379,3572558.0
ETH,ETH_3778,Hawassa,1437.0,2020,2020,2768857.0,44.711568,198305680.0
ETH,ETH_3780,Hawuzen,4.0,2020,2020,14197.0,0.332887,1838434.0
ETH,ETH_3784,Hayk,18.0,2020,2020,25863.0,1.25782,7473823.0
ETH,ETH_3788,Hebo Molicha,1.0,2020,2020,5489.0,0.081017,202545.0
ETH,ETH_38,Abiyi Adi,5.0,2020,2020,38818.0,0.681752,3414107.0
ETH,ETH_3812,Hirna,30.0,2020,2020,44023.0,1.105587,4715929.0
ETH,ETH_3824,Holeta,22.0,2020,2020,58166.0,3.311339,17796252.0
ETH,ETH_3826,Homocho,9.0,2020,2020,15720.0,0.683517,3194686.0
ETH,ETH_3829,Hosaena,127.0,2020,2020,183409.0,11.757113,65712540.0
ETH,ETH_3838,Humera,8.0,2020,2020,103654.0,1.692294,10269163.0
ETH,ETH_3845,Hurta,2.0,2020,2020,3421.0,0.231943,853126.0
ETH,ETH_385,Aje,3.0,2020,2020,20442.0,0.411839,1684772.0
ETH,ETH_386,Ajebar,9.0,2020,2020,11600.0,0.843615,3715908.0
ETH,ETH_388,Ajibar,7.0,2020,2020,9475.0,0.629553,3256603.0
ETH,ETH_39,Abiyot Fana,4.0,2020,2020,7849.0,0.20434,620872.0
ETH,ETH_3906,Ifedin,1.0,2020,2020,4422.0,0.151936,485471.0
ETH,ETH_4037,Ilusinbitu,3.0,2020,2020,5704.0,0.383219,1090156.0
ETH,ETH_4058,Inango,3.0,2020,2020,9360.0,0.229929,720055.0
ETH,ETH_4061,Inchini,4.0,2020,2020,11764.0,0.669125,3741096.0
ETH,ETH_4066,Injebara,17.0,2020,2020,40611.0,1.903649,12547534.0
ETH,ETH_4070,Inticho,4.0,2020,2020,26973.0,0.430812,2510769.0
ETH,ETH_4206,Jiga,8.0,2020,2020,16882.0,0.762093,3698436.0
ETH,ETH_4208,Jijiga,61.0,2020,2020,476588.0,9.188632,57674088.0
ETH,ETH_4212,Jimma,54.0,2020,2020,209442.0,8.473955,63723272.0
ETH,ETH_4215,Jinka,20.0,2020,2020,141388.0,1.80677,8324082.0
ETH,ETH_4223,Jomora,1.0,2020,2020,1339.0,0.079081,197702.0
ETH,ETH_4282,Kachise,6.0,2020,2020,19929.0,0.761482,4704397.0
ETH,ETH_436,Alaba Kulito,21.0,2020,2020,115291.0,2.289274,12987045.0
ETH,ETH_4424,Kake,5.0,2020,2020,26351.0,0.402092,1716963.0
ETH,ETH_4551,Kara Mile,44.0,2020,2020,84941.0,1.889398,9594457.0
ETH,ETH_4561,Karat,5.0,2020,2020,49625.0,0.667653,3233859.0
ETH,ETH_465,Alamata,8.0,2020,2020,43607.0,1.579301,8975080.0
ETH,ETH_4683,Kebri Beyah,7.0,2020,2020,24683.0,0.823515,3552532.0
ETH,ETH_4684,Kebridehar,9.0,2020,2020,222073.0,1.380868,7001661.0
ETH,ETH_4685,Kechema Chefe,3.0,2020,2020,3784.0,0.174231,435620.0
ETH,ETH_4686,Kedida Gubeta,3.0,2020,2020,14153.0,0.186339,478567.0
ETH,ETH_4697,Kelafo,3.0,2020,2020,55311.0,0.39847,1715776.0
ETH,ETH_4698,Kelala,3.0,2020,2020,7190.0,0.640525,4286401.0
ETH,ETH_4699,Kele,11.0,2020,2020,39630.0,0.605129,2961641.0
ETH,ETH_4702,Kemba,5.0,2020,2020,16099.0,0.427749,1848621.0
ETH,ETH_4704,Kemise,8.0,2020,2020,35648.0,1.403593,9071598.0
ETH,ETH_4717,Kere,3.0,2020,2020,22510.0,0.454916,1620143.0
ETH,ETH_4728,Kersa,7.0,2020,2020,30089.0,0.908535,4748559.0
ETH,ETH_4825,Kiloniso Mokoniso,2.0,2020,2020,3063.0,0.159297,398287.0
ETH,ETH_4840,Kimir Dingay,5.0,2020,2020,6141.0,0.43002,1725881.0
ETH,ETH_4937,Kobo 1,27.0,2020,2020,65274.0,1.290666,4751619.0
ETH,ETH_4938,Kobo 2,8.0,2020,2020,95239.0,1.733231,9876920.0
ETH,ETH_4942,Kofele,12.0,2020,2020,74713.0,1.286979,7142208.0
ETH,ETH_4952,Kokosa,2.0,2020,2020,17740.0,0.213801,837907.0
ETH,ETH_4956,Koladiba,5.0,2020,2020,29379.0,0.792361,3909380.0
ETH,ETH_4970,Kombolcha,35.0,2020,2020,142273.0,5.279405,32029712.0
ETH,ETH_4996,Korem,3.0,2020,2020,36335.0,0.547135,3579223.0
ETH,ETH_4998,Kork,4.0,2020,2020,6941.0,0.36784,1642402.0
ETH,ETH_5003,Koshe,6.0,2020,2020,10077.0,0.569896,2314386.0
ETH,ETH_5067,Kuchi,4.0,2020,2020,16887.0,0.688874,3769846.0
ETH,ETH_5084,Kulubi,3.0,2020,2020,15191.0,0.276792,1131283.0
ETH,ETH_51,Abomsa,3.0,2020,2020,24524.0,0.803546,4594817.0
ETH,ETH_5115,Kumbabe,6.0,2020,2020,10554.0,0.575655,2385811.0
ETH,ETH_5139,Kutaber,10.0,2020,2020,11705.0,0.764909,2765691.0
ETH,ETH_5144,Kuy,5.0,2020,2020,17788.0,0.586242,2866188.0
ETH,ETH_5204,Lalibela 1,5.0,2020,2020,39800.0,0.78789,6236446.0
ETH,ETH_5205,Lalibela 2,4.0,2020,2020,4136.0,0.15408,382196.0
ETH,ETH_5213,Lange,2.0,2020,2020,8059.0,0.261733,968395.0
ETH,ETH_5230,Laska,7.0,2020,2020,27371.0,0.467534,1623019.0
ETH,ETH_5247,Lehulum Selam,6.0,2020,2020,18130.0,0.578165,2433461.0
ETH,ETH_5251,Lemen,4.0,2020,2020,8275.0,0.570198,2953996.0
ETH,ETH_5253,Lemo Genito,4.0,2020,2020,7507.0,0.226483,566343.0
ETH,ETH_5257,Lera,45.0,2020,2020,41388.0,1.883026,5467145.0
ETH,ETH_5272,Liguama,8.0,2020,2020,14334.0,1.0305,5583612.0
ETH,ETH_5278,Limu Genet,9.0,2020,2020,26216.0,0.743297,3389324.0
ETH,ETH_5302,Logiya,8.0,2020,2020,136653.0,1.392273,8506328.0
ETH,ETH_5382,Lumame,11.0,2020,2020,21135.0,0.888256,3877958.0
ETH,ETH_55,Abora,3.0,2020,2020,8499.0,0.377643,1695293.0
ETH,ETH_5530,Mahidere Selam,6.0,2020,2020,19918.0,0.930131,5401229.0
ETH,ETH_5546,Majete,3.0,2020,2020,7388.0,0.5052,2485694.0
ETH,ETH_5552,Makafta Juru,2.0,2020,2020,3550.0,0.12449,310967.0
ETH,ETH_5580,Maksegnit,4.0,2020,2020,17902.0,0.487733,2744646.0
ETH,ETH_5661,Manibuk,5.0,2020,2020,30516.0,0.563875,1815458.0
ETH,ETH_5671,Mankusa,10.0,2020,2020,12541.0,0.723178,2404826.0
ETH,ETH_5756,Masha 1,4.0,2020,2020,15981.0,0.383237,1762763.0
ETH,ETH_5757,Masha 2,3.0,2020,2020,10269.0,0.61201,2859717.0
ETH,ETH_5818,May Cadera,4.0,2020,2020,32827.0,0.600655,2457225.0
ETH,ETH_5824,Maychew,8.0,2020,2020,37553.0,1.224183,7682958.0
ETH,ETH_5896,Mechara,7.0,2020,2020,9384.0,0.678088,3267003.0
ETH,ETH_5911,Mehal Amba,2.0,2020,2020,4928.0,0.195879,489713.0
ETH,ETH_5912,Mehal Meda,3.0,2020,2020,27396.0,0.676981,3861751.0
ETH,ETH_5914,Mehoni,3.0,2020,2020,39202.0,0.659567,3446610.0
ETH,ETH_5917,Mekane Berhan,4.0,2020,2020,12919.0,0.522166,2328492.0
ETH,ETH_5918,Mekele,85.0,2020,2020,524279.0,11.59867,78593088.0
ETH,ETH_592,Alem Gebeya,12.0,2020,2020,31246.0,0.853926,3207429.0
ETH,ETH_5920,Meki,15.0,2020,2020,73793.0,2.501674,13270025.0
ETH,ETH_5923,Mekoye,7.0,2020,2020,11938.0,0.59996,2517450.0
ETH,ETH_5925,Melika Gemechu,2.0,2020,2020,3198.0,0.179361,448465.0
ETH,ETH_5926,Meliyu,3.0,2020,2020,11744.0,0.437639,1673239.0
ETH,ETH_5929,Melka Werer,1.0,2020,2020,6540.0,0.207258,760895.0
ETH,ETH_593,Alem Ketema,5.0,2020,2020,31363.0,0.804293,5250559.0
ETH,ETH_5935,Mena,4.0,2020,2020,84008.0,0.690652,3637884.0
ETH,ETH_594,Alem Tena,4.0,2020,2020,29093.0,0.630129,3057491.0
ETH,ETH_5941,Mendi,8.0,2020,2020,29150.0,1.045729,6373406.0
ETH,ETH_5942,Mendida,3.0,2020,2020,4634.0,0.415811,1920155.0
ETH,ETH_5944,Menider 24,4.0,2020,2020,10959.0,0.343822,1075283.0
ETH,ETH_5954,Meraro,4.0,2020,2020,10317.0,0.54449,2650065.0
ETH,ETH_5955,Merawi,11.0,2020,2020,84249.0,1.483973,8608328.0
ETH,ETH_5958,Merito Lemariyam,9.0,2020,2020,31914.0,1.043446,5765385.0
ETH,ETH_5962,Mersa,14.0,2020,2020,46738.0,1.496984,7456671.0
ETH,ETH_5967,Metehara,3.0,2020,2020,22775.0,0.561007,3135820.0
ETH,ETH_5968,Metema Yohanis Town ,4.0,2020,2020,40100.0,0.395907,1985644.0
ETH,ETH_5969,Meti,5.0,2020,2020,31531.0,0.672795,3308484.0
ETH,ETH_5973,Metu,16.0,2020,2020,52330.0,1.932437,12644244.0
ETH,ETH_5987,Micheta,4.0,2020,2020,10592.0,0.345618,1762464.0
ETH,ETH_5997,Mieso,3.0,2020,2020,17833.0,0.40252,1668026.0
ETH,ETH_6005,Mile,1.0,2020,2020,11860.0,0.126819,458088.0
ETH,ETH_6068,Mirab Imi,1.0,2020,2020,17207.0,0.244745,1124488.0
ETH,ETH_6070,Miret Amba,1.0,2020,2020,2998.0,0.10936,273413.0
ETH,ETH_6080,Misrak Imi,1.0,2020,2020,10265.0,0.145542,570205.0
ETH,ETH_6141,Mizan-Aman,35.0,2020,2020,195946.0,2.722374,13905729.0
ETH,ETH_6197,Mojo 1,21.0,2020,2020,60149.0,3.680707,18956536.0
ETH,ETH_6198,Mojo 2,2.0,2020,2020,5067.0,0.116175,290485.0
ETH,ETH_6206,Molale,3.0,2020,2020,10855.0,0.518356,3123666.0
ETH,ETH_6259,Mota,23.0,2020,2020,70796.0,2.198798,11531505.0
ETH,ETH_6276,Moyale ,25.0,2020,2020,261012.0,2.264742,16234679.0
ETH,ETH_6327,Mudula,39.0,2020,2020,56086.0,1.26104,4216563.0
ETH,ETH_6334,Muger,5.0,2020,2020,15530.0,0.760432,3824394.0
ETH,ETH_6347,Muke Turi,5.0,2020,2020,32495.0,0.768554,4025702.0
ETH,ETH_6490,Nada,6.0,2020,2020,16024.0,0.681805,3841937.0
ETH,ETH_6647,Nefas Mewicha,7.0,2020,2020,25378.0,1.005187,5662863.0
ETH,ETH_6650,Negele,13.0,2020,2020,145795.0,2.201085,11989727.0
ETH,ETH_6652,Nejo,6.0,2020,2020,18613.0,0.733233,4244679.0
ETH,ETH_6654,Nekemte,25.0,2020,2020,173426.0,4.928956,42625440.0
ETH,ETH_6951,Obora,1.0,2020,2020,3344.0,0.256011,1200766.0
ETH,ETH_6993,Ogolcho,3.0,2020,2020,12818.0,0.457542,1761577.0
ETH,ETH_7076,Olonkomi,5.0,2020,2020,6714.0,0.5197,2274190.0
ETH,ETH_7330,Pigniwedo,2.0,2020,2020,9749.0,0.39614,1477545.0
ETH,ETH_7425,Qericha,8.0,2020,2020,53218.0,0.707361,2163103.0
ETH,ETH_7426,Qersa,3.0,2020,2020,10721.0,0.345693,1475418.0
ETH,ETH_7439,Qoqa,4.0,2020,2020,7114.0,0.525309,1892209.0
ETH,ETH_7440,Qore,3.0,2020,2020,18664.0,0.529611,3108557.0
ETH,ETH_7516,Rim,6.0,2020,2020,12575.0,0.264618,776110.0
ETH,ETH_7527,Rob Gebeya,4.0,2020,2020,20852.0,0.377684,1613043.0
ETH,ETH_7529,Robe 1,24.0,2020,2020,107633.0,4.85249,28875416.0
ETH,ETH_7530,Robe 2,7.0,2020,2020,33003.0,1.101556,6155173.0
ETH,ETH_7532,Robit 2,4.0,2020,2020,12695.0,0.403418,1710963.0
ETH,ETH_7533,Robit 1,4.0,2020,2020,3867.0,0.288585,941170.0
ETH,ETH_7544,Ropi,3.0,2020,2020,6708.0,0.158562,396468.0
ETH,ETH_764,Alkeso,4.0,2020,2020,11206.0,0.397878,1722443.0
ETH,ETH_7655,Sagure,7.0,2020,2020,17712.0,1.136002,6766751.0
ETH,ETH_7762,Sanja,2.0,2020,2020,41027.0,0.261543,1529048.0
ETH,ETH_7808,Sawula,25.0,2020,2020,80112.0,1.922037,8742092.0
ETH,ETH_7840,Seka,5.0,2020,2020,35092.0,0.659101,3611773.0
ETH,ETH_7847,Sekota,4.0,2020,2020,33697.0,0.827912,6627097.0
ETH,ETH_7851,Selekileha,3.0,2020,2020,16426.0,0.27484,1362311.0
ETH,ETH_7863,Senbete,4.0,2020,2020,26148.0,0.499594,2733010.0
ETH,ETH_7864,Sendafa,16.0,2020,2020,22986.0,2.571181,13619551.0
ETH,ETH_7869,Sengo Gebeya,4.0,2020,2020,2814.0,0.197085,492541.0
ETH,ETH_7884,Seyo 1,22.0,2020,2020,39347.0,2.332047,12014249.0
ETH,ETH_7885,Seyo 2,2.0,2020,2020,13694.0,0.267806,1122555.0
ETH,ETH_7906,Shahura,3.0,2020,2020,28075.0,0.500358,2739274.0
ETH,ETH_7907,Shakiso,7.0,2020,2020,32067.0,1.269313,8537925.0
ETH,ETH_7918,Shambu,7.0,2020,2020,32676.0,1.227251,7885192.0
ETH,ETH_7945,Shashemene,79.0,2020,2020,390653.0,11.876703,74465920.0
ETH,ETH_7956,Shay Bench,4.0,2020,2020,25223.0,0.317705,1005916.0
ETH,ETH_7960,Shebe,6.0,2020,2020,8100.0,0.393667,1862704.0
ETH,ETH_7961,Shek,19.0,2020,2020,19775.0,0.699035,3493378.0
ETH,ETH_7967,Shendi,4.0,2020,2020,15202.0,0.712057,4177043.0
ETH,ETH_7968,Shere Horera,2.0,2020,2020,1338.0,0.075826,189623.0
ETH,ETH_7969,Shewa Robit,7.0,2020,2020,34678.0,1.424066,8404246.0
ETH,ETH_7985,Shiraro,6.0,2020,2020,25133.0,0.888807,4816995.0
ETH,ETH_7987,Shire Enidasilase,17.0,2020,2020,60776.0,2.336851,13101843.0
ETH,ETH_8033,Side,4.0,2020,2020,6254.0,0.333064,974075.0
ETH,ETH_8088,Sigmo,5.0,2020,2020,12980.0,0.575269,3766770.0
ETH,ETH_8098,Siltana,4.0,2020,2020,16528.0,0.63473,4184861.0
ETH,ETH_8122,Sire 2,3.0,2020,2020,14471.0,0.450159,2387942.0
ETH,ETH_8123,Sire 1,4.0,2020,2020,21032.0,0.591619,2788736.0
ETH,ETH_8126,Siribo,7.0,2020,2020,14263.0,0.543427,2537873.0
ETH,ETH_8131,Sitir Dirma,1.0,2020,2020,921.0,0.078164,195445.0
ETH,ETH_8144,Sodo,2254.0,2020,2020,2174173.0,60.840836,208625200.0
ETH,ETH_8155,Sokoru,4.0,2020,2020,2400.0,0.449375,2049780.0
ETH,ETH_8158,Solomo,10.0,2020,2020,46428.0,0.805333,3031598.0
ETH,ETH_8226,Sululta,30.0,2020,2020,66552.0,5.097793,35994392.0
ETH,ETH_8380,Tapi,11.0,2020,2020,116045.0,1.372695,7551835.0
ETH,ETH_8422,Tebela,13.0,2020,2020,33290.0,0.781738,3867898.0
ETH,ETH_8454,Tercha,4.0,2020,2020,43415.0,0.472601,1750512.0
ETH,ETH_8505,Tijo,2.0,2020,2020,5075.0,0.343827,2000854.0
ETH,ETH_8506,Tikil Dingay,2.0,2020,2020,12981.0,0.36694,1997693.0
ETH,ETH_8509,Tilili,26.0,2020,2020,36783.0,1.527577,7472516.0
ETH,ETH_8525,Tis Abay,1.0,2020,2020,9536.0,0.216791,885875.0
ETH,ETH_8545,Toba,3.0,2020,2020,6979.0,0.408215,1973337.0
ETH,ETH_8554,Toli Beyem,3.0,2020,2020,5271.0,0.348314,1810245.0
ETH,ETH_8573,Tora,5.0,2020,2020,24041.0,0.702534,3261632.0
ETH,ETH_8656,Tuche Angalo,2.0,2020,2020,2495.0,0.172062,871759.0
ETH,ETH_8669,Tulu Bolo,8.0,2020,2020,37646.0,1.387624,8223986.0
ETH,ETH_8687,Turre Wetera Elemo,1.0,2020,2020,468.0,0.015046,37622.0
ETH,ETH_8905,Wacha,3.0,2020,2020,10150.0,0.243296,835775.0
ETH,ETH_8926,Togo Chale town ,9.0,2020,2020,30680.0,0.536113,3473147.0
ETH,ETH_8929,Waka,6.0,2020,2020,22266.0,0.282611,908601.0
ETH,ETH_8954,Warder,7.0,2020,2020,95954.0,0.83049,3918503.0
ETH,ETH_8971,Wayu,4.0,2020,2020,15266.0,0.472083,1925454.0
ETH,ETH_8974,Wegada,4.0,2020,2020,17042.0,0.681104,3929501.0
ETH,ETH_8975,Wegel Tena,8.0,2020,2020,16028.0,0.830806,4973839.0
ETH,ETH_8976,Weken,3.0,2020,2020,10609.0,0.267687,1132036.0
ETH,ETH_8977,Welenchiti,5.0,2020,2020,28714.0,0.912068,4743685.0
ETH,ETH_8978,Weliso,26.0,2020,2020,64648.0,3.956388,22407016.0
ETH,ETH_8979,Welkite,15.0,2020,2020,42614.0,2.8303,19250402.0
ETH,ETH_8986,Werabe,22.0,2020,2020,27082.0,1.842241,8668486.0
ETH,ETH_8987,Were Ilu,5.0,2020,2020,12417.0,0.735624,4320898.0
ETH,ETH_8988,Were Mehamed,9.0,2020,2020,25527.0,0.774591,2072466.0
ETH,ETH_8990,Wereta,8.0,2020,2020,35111.0,1.228926,7565262.0
ETH,ETH_8991,Wergesa,3.0,2020,2020,9553.0,0.320813,1076643.0
ETH,ETH_8996,Wetet Abay,4.0,2020,2020,24367.0,0.380944,1203310.0
ETH,ETH_9009,Woldiya,18.0,2020,2020,144406.0,2.731213,19625798.0
ETH,ETH_9013,Wonji Gefersa,5.0,2020,2020,24574.0,0.973214,4475352.0
ETH,ETH_9014,Wonji Shewa Sugar Cane Plantat,2.0,2020,2020,8051.0,0.305821,1506951.0
ETH,ETH_9018,Wuchale,4.0,2020,2020,8650.0,0.453168,3128577.0
ETH,ETH_9021,Wukro,10.0,2020,2020,53706.0,1.437478,9316656.0
ETH,ETH_9036,Yabelo,11.0,2020,2020,52395.0,1.245718,5848074.0
ETH,ETH_9038,Yachiaurache,2.0,2020,2020,2532.0,0.15603,415759.0
ETH,ETH_9062,Yaya,3.0,2020,2020,39018.0,0.356222,1764589.0
ETH,ETH_9063,Yayu,6.0,2020,2020,22244.0,0.425993,1782892.0
ETH,ETH_9064,Yebokila,4.0,2020,2020,2586.0,0.294347,810585.0
ETH,ETH_9068,Yejube,7.0,2020,2020,28763.0,0.746494,3602589.0
ETH,ETH_9075,Yenache,13.0,2020,2020,3154.0,0.34483,862242.0
ETH,ETH_9078,Yezeleka,5.0,2020,2020,6022.0,0.472526,1989814.0
ETH,ETH_9083,Yirga Chefe,64.0,2020,2020,215950.0,2.390892,8515525.0
ETH,ETH_9162,Zeway/Batu,23.0,2020,2020,126753.0,7.189863,66643060.0
GAB,GAB_1957,Bitam,5.0,2020,2020,8295.0,0.92221,4651000.0
GAB,GAB_3277,Franceville,32.0,2020,2020,99692.0,5.695555,48188576.0
GAB,GAB_3344,Gamba,5.0,2020,2020,6366.0,1.103494,5745599.0
GAB,GAB_5015,Koulamoutou,9.0,2020,2020,19902.0,1.554468,13541029.0
GAB,GAB_5209,Lambaréné,12.0,2020,2020,26458.0,2.306768,13679789.0
GAB,GAB_5232,Lastoursville,4.0,2020,2020,7007.0,0.607337,2628969.0
GAB,GAB_5271,Libreville,271.0,2020,2020,884405.0,62.31468,572731200.0
GAB,GAB_5573,Makokou,8.0,2020,2020,14726.0,2.093081,13057384.0
GAB,GAB_6173,Moanda,15.0,2020,2020,32562.0,2.789665,19170368.0
GAB,GAB_6265,Mouila,21.0,2020,2020,23991.0,3.411371,18189928.0
GAB,GAB_7040,Okondja,4.0,2020,2020,5697.0,0.735437,3829652.0
GAB,GAB_7246,Oyem,20.0,2020,2020,45739.0,3.93783,27784336.0
GAB,GAB_7363,Port-Gentil,56.0,2020,2020,146227.0,12.223584,79936960.0
GAB,GAB_8415,Tchibanga,14.0,2020,2020,21486.0,2.261834,13059580.0
GHA,GHA_1141,Amanten,4.0,2020,2020,12769.0,0.747954,3701505.0
GHA,GHA_1223,Kilkor,43.0,2020,2020,61218.0,5.86209,34420768.0
GHA,GHA_1224,Anloga,37.0,2020,2020,105260.0,7.828061,49941664.0
GHA,GHA_1245,Anyiman,6.0,2020,2020,25981.0,1.298344,7711717.0
GHA,GHA_1251,Apam,20.0,2020,2020,41382.0,1.899906,8828747.0
GHA,GHA_1252,Apedwa,4.0,2020,2020,9148.0,0.708508,3575971.0
GHA,GHA_1307,Asamankese,27.0,2020,2020,86473.0,3.867284,25394680.0
GHA,GHA_1308,Asankragwa,10.0,2020,2020,26074.0,1.37559,9858332.0
GHA,GHA_1309,Asanwinso,7.0,2020,2020,26688.0,1.263049,8836170.0
GHA,GHA_132,Abuesi,5.0,2020,2020,22525.0,0.956464,7774540.0
GHA,GHA_1344,Assin Foso,22.0,2020,2020,65813.0,3.672403,24494892.0
GHA,GHA_1348,Asuom,5.0,2020,2020,21745.0,0.943283,7143353.0
GHA,GHA_1355,Atebubu,20.0,2020,2020,82528.0,3.901968,24811122.0
GHA,GHA_139,Abura Dunkwa,5.0,2020,2020,18368.0,0.823202,4546411.0
GHA,GHA_1414,Axim,4.0,2020,2020,24956.0,0.913654,6097137.0
GHA,GHA_145,Accra,1703.0,2020,2020,6096550.0,392.98784,2921604608.0
GHA,GHA_1464,Badu,5.0,2020,2020,14508.0,0.860508,4832365.0
GHA,GHA_152,Ada Foah,5.0,2020,2020,15525.0,1.155602,7730708.0
GHA,GHA_168,Adeiso,5.0,2020,2020,23521.0,0.771996,4216802.0
GHA,GHA_1730,Bawjiase,13.0,2020,2020,41504.0,1.612419,10296078.0
GHA,GHA_1731,Bawku,66.0,2020,2020,115033.0,7.503065,38111768.0
GHA,GHA_1749,Bechem,8.0,2020,2020,24195.0,1.473652,7558245.0
GHA,GHA_1758,Begoro,8.0,2020,2020,31077.0,1.58787,11338502.0
GHA,GHA_1835,Berekum,60.0,2020,2020,125055.0,10.149835,67311000.0
GHA,GHA_1848,Besease,4.0,2020,2020,18582.0,0.651698,3755197.0
GHA,GHA_187,Adina,4.0,2020,2020,5390.0,0.686751,2495069.0
GHA,GHA_1870,Bibiani,15.0,2020,2020,60873.0,2.361653,15717038.0
GHA,GHA_1905,Bimbilla,12.0,2020,2020,54915.0,2.39228,15331675.0
GHA,GHA_1987,Bodomase,5.0,2020,2020,13086.0,0.788233,4660910.0
GHA,GHA_1999,Bogoso,13.0,2020,2020,44459.0,1.975621,15022712.0
GHA,GHA_2020,Bole,11.0,2020,2020,41441.0,2.067738,11150152.0
GHA,GHA_2021,Bolgatanga,151.0,2020,2020,189211.0,15.640072,91118096.0
GHA,GHA_203,Adoagyiri,23.0,2020,2020,40949.0,2.312468,10925600.0
GHA,GHA_2052,Bonyere,5.0,2020,2020,11691.0,0.639413,2581624.0
GHA,GHA_2161,Breman Brakwa,3.0,2020,2020,13334.0,0.572939,3449917.0
GHA,GHA_2162,Breman Odoben,3.0,2020,2020,14710.0,0.560785,3699698.0
GHA,GHA_2163,Brenan Asikuma,4.0,2020,2020,32092.0,1.102775,7164837.0
GHA,GHA_2194,Buipe,7.0,2020,2020,37114.0,1.417183,8193267.0
GHA,GHA_2235,Bunkpurugu,13.0,2020,2020,25438.0,1.406575,6188398.0
GHA,GHA_229,Afosu,8.0,2020,2020,26265.0,1.348237,8248847.0
GHA,GHA_2334,Cape Coast,67.0,2020,2020,237246.0,11.292983,90168552.0
GHA,GHA_2363,Chamba,3.0,2020,2020,8434.0,0.564806,3494150.0
GHA,GHA_2439,Chiraa,9.0,2020,2020,19540.0,1.673794,8816495.0
GHA,GHA_2569,Dambai,9.0,2020,2020,40720.0,1.784229,14013164.0
GHA,GHA_2577,Damongo,9.0,2020,2020,35757.0,1.711808,10803522.0
GHA,GHA_265,Agogo,9.0,2020,2020,43927.0,2.030899,13891828.0
GHA,GHA_267,Agona,7.0,2020,2020,20470.0,1.09774,5841523.0
GHA,GHA_268,Agona Kwanyako,4.0,2020,2020,13586.0,0.579354,3112884.0
GHA,GHA_269,Agona nkwanta,14.0,2020,2020,40433.0,1.681059,8553571.0
GHA,GHA_2696,Derma,4.0,2020,2020,10873.0,0.711959,3515674.0
GHA,GHA_270,Agona Nsaba,7.0,2020,2020,25613.0,1.061665,6156595.0
GHA,GHA_271,Agona Nyakrom,6.0,2020,2020,15090.0,0.805536,4538041.0
GHA,GHA_2715,Diare,3.0,2020,2020,8519.0,0.54693,3400941.0
GHA,GHA_272,Agona Swedru,49.0,2020,2020,175368.0,8.789796,61856292.0
GHA,GHA_2845,Dompoase,6.0,2020,2020,14501.0,0.891876,4664012.0
GHA,GHA_2861,Dormaa Ahenkro,35.0,2020,2020,69100.0,4.914262,29128428.0
GHA,GHA_2887,Drobo,13.0,2020,2020,53025.0,2.77342,17437202.0
GHA,GHA_2891,Duadaso No.2,4.0,2020,2020,13142.0,0.62847,3469723.0
GHA,GHA_2893,Duayaw Nkwanta,11.0,2020,2020,26161.0,1.922936,10673073.0
GHA,GHA_2913,Dunkwa-on-Offin,14.0,2020,2020,66048.0,3.075787,23073854.0
GHA,GHA_2932,Dzemeni,3.0,2020,2020,10344.0,0.806411,4897316.0
GHA,GHA_2933,Dzita Agbledomi,3.0,2020,2020,5544.0,0.725361,3985698.0
GHA,GHA_2934,Dzodze,16.0,2020,2020,44474.0,2.880216,19574428.0
GHA,GHA_2989,Ejura,18.0,2020,2020,70825.0,3.281461,20565540.0
GHA,GHA_30,Abetifi,8.0,2020,2020,22078.0,1.288744,7057622.0
GHA,GHA_3085,Elmina,12.0,2020,2020,51743.0,1.96171,12017256.0
GHA,GHA_3087,Elubo,2.0,2020,2020,15223.0,0.542621,3581529.0
GHA,GHA_3106,Enchi,8.0,2020,2020,17911.0,1.137213,6252134.0
GHA,GHA_3142,Esiama,8.0,2020,2020,17275.0,0.931426,3981840.0
GHA,GHA_3345,Gambaga,5.0,2020,2020,19545.0,0.727448,3559462.0
GHA,GHA_3544,Goaso,16.0,2020,2020,37647.0,2.345114,12937849.0
GHA,GHA_3677,Gushiegu,7.0,2020,2020,38069.0,1.249888,6595842.0
GHA,GHA_3717,Half Assini,5.0,2020,2020,19093.0,0.856525,4286752.0
GHA,GHA_379,Aiyinase,9.0,2020,2020,33237.0,1.364451,6640554.0
GHA,GHA_3795,Hemang,6.0,2020,2020,19371.0,0.888643,4678341.0
GHA,GHA_3819,Ho,71.0,2020,2020,160012.0,12.637794,87432208.0
GHA,GHA_3820,Hohoe,27.0,2020,2020,92369.0,4.521664,30240704.0
GHA,GHA_399,Akatsi,15.0,2020,2020,48355.0,3.036862,21735630.0
GHA,GHA_405,Akim Achiase,7.0,2020,2020,27847.0,1.247549,7565327.0
GHA,GHA_406,Akim Akroso,5.0,2020,2020,20121.0,0.825649,4781968.0
GHA,GHA_409,Akim Oda,29.0,2020,2020,88750.0,5.120339,35991560.0
GHA,GHA_410,Akim Swedru,10.0,2020,2020,24000.0,1.385911,8390798.0
GHA,GHA_416,Afrancho,12.0,2020,2020,33393.0,2.055918,12191867.0
GHA,GHA_4166,Jacobu,5.0,2020,2020,19543.0,0.70039,4169782.0
GHA,GHA_4183,Jamasi,8.0,2020,2020,20515.0,1.158734,6178686.0
GHA,GHA_4187,Jasikan,9.0,2020,2020,20104.0,1.19583,6632875.0
GHA,GHA_419,Akosombo,5.0,2020,2020,19570.0,1.058364,8676977.0
GHA,GHA_4217,Jirapa,13.0,2020,2020,24785.0,2.151381,11418057.0
GHA,GHA_4230,Juapong,8.0,2020,2020,30714.0,1.751736,11361531.0
GHA,GHA_4283,Kade,12.0,2020,2020,39892.0,2.102658,13842505.0
GHA,GHA_4287,Kadjebi,7.0,2020,2020,19426.0,0.904467,5038192.0
GHA,GHA_430,Akwatia,14.0,2020,2020,38159.0,2.228234,14414626.0
GHA,GHA_44,Abofour,6.0,2020,2020,24922.0,1.168021,8478235.0
GHA,GHA_4554,Karaga,6.0,2020,2020,31829.0,1.040327,5701409.0
GHA,GHA_4616,Kasseh,11.0,2020,2020,23078.0,1.686738,8491040.0
GHA,GHA_4715,Kenyasi 2,11.0,2020,2020,25732.0,2.046561,12241832.0
GHA,GHA_4733,Kete-Krachi,7.0,2020,2020,28569.0,1.367842,9070982.0
GHA,GHA_4779,Kibi,14.0,2020,2020,25720.0,1.921579,9001479.0
GHA,GHA_4859,Kintampo,29.0,2020,2020,100735.0,5.043753,36221464.0
GHA,GHA_4943,Koforidua,97.0,2020,2020,263020.0,18.169006,125791976.0
GHA,GHA_4971,Komenda,4.0,2020,2020,13364.0,0.656343,3250307.0
GHA,GHA_4988,Konongo,36.0,2020,2020,78099.0,5.597765,39002176.0
GHA,GHA_5039,Kpandai,6.0,2020,2020,27031.0,0.938472,6514439.0
GHA,GHA_5041,Kpandu,16.0,2020,2020,43276.0,3.243116,22788372.0
GHA,GHA_5042,Kpassa,8.0,2020,2020,43813.0,1.721459,12757881.0
GHA,GHA_5112,Kumasi,913.0,2020,2020,2981321.0,195.48896,1478937344.0
GHA,GHA_5113,Kumawu,4.0,2020,2020,13697.0,0.680235,4385767.0
GHA,GHA_5156,Kwame Danso,7.0,2020,2020,25506.0,1.333651,9141270.0
GHA,GHA_5157,Kwamekrom,3.0,2020,2020,9770.0,0.644073,3769881.0
GHA,GHA_5226,Larteh,2.0,2020,2020,8528.0,0.468912,3049075.0
GHA,GHA_5316,Lome/Aflao/Tokor [GHA] 2,16.0,2020,2020,108196.0,4.90517,37972284.0
GHA,GHA_5466,Mafi Kumase,5.0,2020,2020,12492.0,0.789764,4158376.0
GHA,GHA_5630,Mampong,23.0,2020,2020,74307.0,4.240229,26778280.0
GHA,GHA_5668,Mankesim,37.0,2020,2020,129065.0,6.107808,38708084.0
GHA,GHA_5952,Mepe,9.0,2020,2020,28629.0,1.759278,9561816.0
GHA,GHA_6166,Mmem,12.0,2020,2020,29704.0,1.955674,10723534.0
GHA,GHA_6290,Mpohor,4.0,2020,2020,12879.0,0.56736,2791004.0
GHA,GHA_6517,Nalerigu,8.0,2020,2020,40812.0,1.649387,8477170.0
GHA,GHA_6571,Navrongo,67.0,2020,2020,69334.0,7.9912,39586996.0
GHA,GHA_6671,New Ebiduase,6.0,2020,2020,24781.0,0.992041,6619054.0
GHA,GHA_6675,New Tafo,29.0,2020,2020,77036.0,4.661168,28768418.0
GHA,GHA_6789,Nkawkaw,38.0,2020,2020,113752.0,6.527191,45873044.0
GHA,GHA_6791,Nkenkaasu,4.0,2020,2020,13507.0,0.825036,5214272.0
GHA,GHA_6803,Nkoranza,19.0,2020,2020,61511.0,3.659629,23058116.0
GHA,GHA_6808,Nkrankwanta,4.0,2020,2020,14119.0,0.886821,4901126.0
GHA,GHA_6811,Nkwanta,9.0,2020,2020,52896.0,1.684433,10447407.0
GHA,GHA_6812,Nkwatanum-Essiam,4.0,2020,2020,20661.0,0.814949,4710169.0
GHA,GHA_6813,Bepong,22.0,2020,2020,53160.0,3.537979,22570996.0
GHA,GHA_6862,Nsawkaw,5.0,2020,2020,17936.0,0.796818,3913909.0
GHA,GHA_6868,Nsuatre,11.0,2020,2020,20045.0,1.792028,9791090.0
GHA,GHA_6870,Nsuta,6.0,2020,2020,14763.0,0.990711,4491269.0
GHA,GHA_6922,Nyinahin,5.0,2020,2020,20489.0,0.901228,5701796.0
GHA,GHA_6948,Obogu,4.0,2020,2020,12034.0,0.622988,3892479.0
GHA,GHA_6952,Obuasi,52.0,2020,2020,199795.0,10.602515,81019104.0
GHA,GHA_6975,Offinso,30.0,2020,2020,77205.0,4.38441,25030492.0
GHA,GHA_7065,Old Debiso,6.0,2020,2020,18363.0,1.141188,7386526.0
GHA,GHA_7287,Parambo,4.0,2020,2020,10880.0,0.734048,3910475.0
GHA,GHA_7298,Peki-Tsame,9.0,2020,2020,21796.0,1.377958,7238954.0
GHA,GHA_7378,Prestea,8.0,2020,2020,38326.0,1.518365,13382855.0
GHA,GHA_7687,Salaga,11.0,2020,2020,54762.0,2.129761,11579329.0
GHA,GHA_7723,Sampa,7.0,2020,2020,32587.0,1.286981,7040756.0
GHA,GHA_7725,Samreboi,5.0,2020,2020,11819.0,0.914601,4886389.0
GHA,GHA_7805,Savelugu,16.0,2020,2020,62745.0,2.621384,15118150.0
GHA,GHA_7829,Sefwi Bekwai,9.0,2020,2020,28446.0,1.322832,7881921.0
GHA,GHA_7830,Sefwi Wiawso,17.0,2020,2020,46699.0,2.543777,13702405.0
GHA,GHA_7838,Seikwa,6.0,2020,2020,12882.0,0.818802,3961250.0
GHA,GHA_7871,Senya Bereku,11.0,2020,2020,29107.0,1.358254,7253269.0
GHA,GHA_8147,Sogakope,16.0,2020,2020,35807.0,2.621609,16148924.0
GHA,GHA_8162,Somanya,59.0,2020,2020,191646.0,11.089939,74601760.0
GHA,GHA_8220,Suhum,18.0,2020,2020,87500.0,3.649042,28690376.0
GHA,GHA_8239,Sunyani,168.0,2020,2020,265236.0,24.960998,171226816.0
GHA,GHA_8302,Takoradi,157.0,2020,2020,561007.0,29.51958,247993536.0
GHA,GHA_8324,Tamale,330.0,2020,2020,725021.0,43.426012,294717952.0
GHA,GHA_8388,Tarkwa,44.0,2020,2020,174499.0,7.720459,64069988.0
GHA,GHA_8394,Tatale,5.0,2020,2020,18870.0,0.957436,4729287.0
GHA,GHA_8427,Techiman,99.0,2020,2020,288407.0,19.275288,130066320.0
GHA,GHA_8428,Techimantia,6.0,2020,2020,18251.0,1.184482,6525353.0
GHA,GHA_8434,Teleku Bokazo,3.0,2020,2020,5470.0,0.268532,1009318.0
GHA,GHA_8452,Tepa,9.0,2020,2020,30863.0,1.719921,10149413.0
GHA,GHA_8649,Tsito,6.0,2020,2020,12891.0,0.946448,5548349.0
GHA,GHA_8673,Tumu,7.0,2020,2020,23904.0,1.340619,8345751.0
GHA,GHA_8692,Twifo Praso,9.0,2020,2020,35522.0,1.396234,9131538.0
GHA,GHA_8903,Wa,92.0,2020,2020,178998.0,15.268714,87668616.0
GHA,GHA_8932,Walewale,15.0,2020,2020,59844.0,2.393481,16878058.0
GHA,GHA_8942,Wamfie,12.0,2020,2020,31563.0,2.396442,13124903.0
GHA,GHA_8985,Wenchi,27.0,2020,2020,75578.0,4.407437,26198126.0
GHA,GHA_9000,Wiamoase,4.0,2020,2020,15988.0,0.776236,4672759.0
GHA,GHA_9003,Winneba,51.0,2020,2020,121365.0,6.120833,35994848.0
GHA,GHA_9022,Wulensi,4.0,2020,2020,15121.0,0.70266,4620255.0
GHA,GHA_9053,Yamfo,7.0,2020,2020,14722.0,1.092113,5784117.0
GHA,GHA_9066,Yegyi,13.0,2020,2020,70411.0,2.670106,16465205.0
GHA,GHA_9077,Yendi,27.0,2020,2020,98583.0,4.5627,27360884.0
GHA,GHA_9101,Zabzugu,6.0,2020,2020,25841.0,1.011807,5713776.0
GIN,GIN_1528,Balato,7.0,2020,2020,32415.0,1.524227,8145384.0
GIN,GIN_1567,Banankoro,5.0,2020,2020,57783.0,1.298001,8434397.0
GIN,GIN_1859,Beyla,6.0,2020,2020,27640.0,0.98922,6437123.0
GIN,GIN_1991,Boffa,5.0,2020,2020,10001.0,0.711868,3474978.0
GIN,GIN_2009,Boké,20.0,2020,2020,86896.0,3.192776,18370722.0
GIN,GIN_2500,Conakry,349.0,2020,2020,2372972.0,88.514104,654942720.0
GIN,GIN_2522,Dabola,16.0,2020,2020,20613.0,2.543989,14018446.0
GIN,GIN_2728,Diécké,6.0,2020,2020,14349.0,1.387557,8963065.0
GIN,GIN_2754,Dinguiraye,11.0,2020,2020,29151.0,1.778314,10436235.0
GIN,GIN_3197,Faranah,14.0,2020,2020,87306.0,3.311,24231190.0
GIN,GIN_3262,Forécariah,8.0,2020,2020,32930.0,1.334435,8472219.0
GIN,GIN_3284,Fria,10.0,2020,2020,30749.0,2.512727,19432582.0
GIN,GIN_3285,Friguiagbe-Centre,4.0,2020,2020,11704.0,0.566591,3014102.0
GIN,GIN_3370,Gaoual,4.0,2020,2020,19730.0,0.576052,2606431.0
GIN,GIN_3625,Guéckédou,16.0,2020,2020,60465.0,2.972383,21008560.0
GIN,GIN_4488,Kamsar,35.0,2020,2020,69882.0,5.880936,40905272.0
GIN,GIN_4514,Kankan,60.0,2020,2020,290935.0,12.368978,78660808.0
GIN,GIN_4727,Kérouané,7.0,2020,2020,22604.0,1.455821,9233346.0
GIN,GIN_4850,Kindia,66.0,2020,2020,203662.0,12.421233,93568792.0
GIN,GIN_4861,Kintinian,5.0,2020,2020,26059.0,1.013984,5370801.0
GIN,GIN_4902,Kissidougou,34.0,2020,2020,104855.0,6.565292,46606692.0
GIN,GIN_5022,Koundara,18.0,2020,2020,27566.0,2.771156,15466764.0
GIN,GIN_5029,Kouroussa,10.0,2020,2020,48544.0,2.028526,12085494.0
GIN,GIN_5036,Koyamah,2.0,2020,2020,4493.0,0.339602,1559697.0
GIN,GIN_5189,Labé,100.0,2020,2020,170097.0,16.489676,97959504.0
GIN,GIN_5313,Lola,13.0,2020,2020,37983.0,2.613595,20513368.0
GIN,GIN_5426,Macenta,15.0,2020,2020,84406.0,2.817966,17069244.0
GIN,GIN_5464,Maférénya,35.0,2020,2020,29828.0,2.23576,9414245.0
GIN,GIN_5627,Mamou,33.0,2020,2020,101452.0,5.938533,48783864.0
GIN,GIN_5644,Mandiana,14.0,2020,2020,17673.0,2.23623,11954140.0
GIN,GIN_6926,Nzerekore,60.0,2020,2020,281014.0,12.748974,111106272.0
GIN,GIN_7337,Pita,21.0,2020,2020,35997.0,3.471991,22457280.0
GIN,GIN_7605,Sabadou-Baranama,1.0,2020,2020,14057.0,0.181505,681842.0
GIN,GIN_7749,Sangarédi,17.0,2020,2020,92824.0,2.873894,18355724.0
GIN,GIN_8090,Siguiri,58.0,2020,2020,171659.0,10.150019,63046180.0
GIN,GIN_8091,Siguirini,4.0,2020,2020,17373.0,0.898428,5856835.0
GIN,GIN_8437,Tétélélé,13.0,2020,2020,28393.0,1.82899,9414742.0
GIN,GIN_8511,Timbi-Madina,12.0,2020,2020,13324.0,2.11449,11412513.0
GIN,GIN_8518,Tinsinkoro,1.0,2020,2020,3757.0,0.315369,1479552.0
GIN,GIN_8564,Tondon,1.0,2020,2020,2873.0,0.197879,772140.0
GIN,GIN_8592,Tougnifili,2.0,2020,2020,3550.0,0.21439,782368.0
GIN,GIN_9089,Yomou,4.0,2020,2020,7698.0,0.548304,3423946.0
GMB,GMB_1645,Banjul,3.0,2020,2020,40629.0,0.918361,7505282.0
GMB,GMB_1706,Basse Santo-Su,10.0,2020,2020,55437.0,1.953634,11289188.0
GMB,GMB_3150,Essau,8.0,2020,2020,39040.0,1.288447,7003259.0
GMB,GMB_3195,Farafenni,11.0,2020,2020,16492.0,1.653896,9341602.0
GMB,GMB_3668,Gunjur,12.0,2020,2020,36030.0,1.45001,6795843.0
GMB,GMB_7876,Banjul,345.0,2020,2020,1061658.0,57.837592,369003520.0
GMB,GMB_8160,Soma,7.0,2020,2020,11991.0,1.353408,6479448.0
GNB,GNB_1467,Bafata,8.0,2020,2020,52669.0,1.919509,12162321.0
GNB,GNB_1951,Bissau,82.0,2020,2020,513223.0,20.650768,148495712.0
GNB,GNB_1953,Bissora,3.0,2020,2020,14795.0,0.606155,3446733.0
GNB,GNB_2330,Canchungo,16.0,2020,2020,19482.0,1.846166,8998070.0
GNB,GNB_3311,Gabu,12.0,2020,2020,52139.0,2.79842,17181658.0
GNB,GNB_7090,Ondame,7.0,2020,2020,13317.0,0.830904,2496855.0
GNQ,GNQ_1710,Bata,70.0,2020,2020,330655.0,16.89575,145227584.0
GNQ,GNQ_5592,Malabo,55.0,2020,2020,331196.0,11.640281,108131512.0
GNQ,GNQ_5989,Micomeseng,4.0,2020,2020,7716.0,0.27211,1173614.0
GNQ,GNQ_6220,Mongomo,10.0,2020,2020,60137.0,1.756489,10077961.0
GNQ,GNQ_6754,Niefang,4.0,2020,2020,23485.0,0.556344,2134652.0
KEN,KEN_2525,Dadaab,5.0,2020,2020,52712.0,0.625765,2707549.0
KEN,KEN_2530,Dagahaley,8.0,2020,2020,9483.0,0.323908,809888.0
KEN,KEN_3074,El Wak,12.0,2020,2020,111019.0,2.174279,11846596.0
KEN,KEN_3076,Elburgon,32.0,2020,2020,41302.0,2.936023,16433551.0
KEN,KEN_3077,Eldama Ravine,40.0,2020,2020,31646.0,3.124013,13898168.0
KEN,KEN_3094,Embu,5532.0,2020,2020,4160528.0,305.539744,874409472.0
KEN,KEN_3387,Garissa,49.0,2020,2020,231800.0,9.79807,59750596.0
KEN,KEN_3505,Gilgil,32.0,2020,2020,68186.0,3.382536,15560732.0
KEN,KEN_3560,Golini,13.0,2020,2020,15210.0,0.846381,3073014.0
KEN,KEN_3822,Hola,11.0,2020,2020,83281.0,1.47975,6556222.0
KEN,KEN_4114,Isiolo,33.0,2020,2020,126283.0,4.806988,25093560.0
KEN,KEN_4134,Iten,220.0,2020,2020,120178.0,9.87713,26529856.0
KEN,KEN_4247,Kabarnet,28.0,2020,2020,28575.0,2.428848,10237285.0
KEN,KEN_4417,Kajiado,11.0,2020,2020,34671.0,1.401192,7583178.0
KEN,KEN_4431,Kakuma,28.0,2020,2020,134409.0,4.719389,27034636.0
KEN,KEN_4689,Keekonyokie,17.0,2020,2020,12051.0,0.638471,1595934.0
KEN,KEN_4764,Ki Li Fi,150.0,2020,2020,185509.0,7.163877,25156774.0
KEN,KEN_4811,Kikima,2102.0,2020,2020,953054.0,117.165896,323155712.0
KEN,KEN_4833,Kimana,14.0,2020,2020,18745.0,0.727077,2912200.0
KEN,KEN_4903,Kisumu,21053.0,2020,2020,14898654.0,1037.5648,2926353664.0
KEN,KEN_4919,Kitui,583.0,2020,2020,239767.0,25.577976,67501432.0
KEN,KEN_5210,Lamu,5.0,2020,2020,8460.0,0.592758,3067350.0
KEN,KEN_5301,Lodwar,35.0,2020,2020,137777.0,5.376575,30825176.0
KEN,KEN_5571,Makindu,86.0,2020,2020,36852.0,3.492363,10785260.0
KEN,KEN_5610,Malindi,193.0,2020,2020,331544.0,13.899653,55334528.0
KEN,KEN_5643,Mandera,23.0,2020,2020,146682.0,4.29437,23153868.0
KEN,KEN_5711,Maralal,24.0,2020,2020,68248.0,1.954565,9147096.0
KEN,KEN_5721,Mariakani,61.0,2020,2020,148832.0,5.488088,20878792.0
KEN,KEN_5740,Marsabit,19.0,2020,2020,75718.0,2.025481,11768773.0
KEN,KEN_5810,Matuu,300.0,2020,2020,110766.0,17.00912,45307168.0
KEN,KEN_5870,Mbita,96.0,2020,2020,69425.0,5.929645,16363649.0
KEN,KEN_6186,Mogoto,12.0,2020,2020,12982.0,0.885682,2764746.0
KEN,KEN_6209,Molo,476.0,2020,2020,292219.0,19.422118,56190736.0
KEN,KEN_6212,Mombasa,237.0,2020,2020,1509631.0,42.051688,288615680.0
KEN,KEN_6277,Moyale ,26.0,2020,2020,99399.0,2.056618,13928622.0
KEN,KEN_6311,Mtito-Andei,49.0,2020,2020,19428.0,2.264184,6340123.0
KEN,KEN_6469,Mwingi,10.0,2020,2020,17106.0,1.152454,6342300.0
KEN,KEN_6509,Nairobi,1890.0,2020,2020,8413911.0,246.434048,1679080448.0
KEN,KEN_6510,Naivasha,621.0,2020,2020,435745.0,37.749468,120291008.0
KEN,KEN_6516,Nakuru,939.0,2020,2020,1101022.0,63.949784,267422096.0
KEN,KEN_6523,Namanga ,18.0,2020,2020,25484.0,0.994697,5275067.0
KEN,KEN_6551,Nanyuky,360.0,2020,2020,212678.0,21.763374,70996552.0
KEN,KEN_6557,Narok,28.0,2020,2020,77337.0,3.531375,18616412.0
KEN,KEN_6857,Nsambweni,20.0,2020,2020,20545.0,1.273724,4122766.0
KEN,KEN_6894,Nyahururu,526.0,2020,2020,232736.0,27.65089,78676128.0
KEN,KEN_7072,Oloitokitok,43.0,2020,2020,56349.0,2.142715,6412737.0
KEN,KEN_7502,Rhamu,9.0,2020,2020,97779.0,1.112715,4751839.0
KEN,KEN_8103,Simkumbe,38.0,2020,2020,47155.0,2.427407,7115040.0
KEN,KEN_8174,Sori,89.0,2020,2020,51113.0,4.69906,12514377.0
KEN,KEN_8215,Subokia,112.0,2020,2020,57083.0,5.458081,15450350.0
KEN,KEN_8225,Sultan Hamud aggl.,3.0,2020,2020,8261.0,0.421119,2281298.0
KEN,KEN_8230,Sumba,38.0,2020,2020,21764.0,2.42444,6560670.0
KEN,KEN_8400,Taveta,40.0,2020,2020,47192.0,2.585125,10042942.0
KEN,KEN_8474,Thika,100.0,2020,2020,386033.0,15.803286,96027872.0
KEN,KEN_8723,Ukunda,65.0,2020,2020,122422.0,5.32435,20976676.0
KEN,KEN_8792,Usenge,119.0,2020,2020,59321.0,5.380923,13743434.0
KEN,KEN_8885,Visoi,64.0,2020,2020,29662.0,2.703746,7052566.0
KEN,KEN_8890,Voi,27.0,2020,2020,45140.0,3.025045,19495944.0
KEN,KEN_8928,Wajir,50.0,2020,2020,107580.0,6.35473,32969996.0
KEN,KEN_8943,Wamumu,4.0,2020,2020,8256.0,0.574622,2143505.0
KEN,KEN_8982,Hagadera,9.0,2020,2020,100345.0,2.368423,14747264.0
KEN,KEN_9024,Wundyani,210.0,2020,2020,89568.0,10.265873,29037516.0
LBR,LBR_2044,Bongtown,3.0,2020,2020,7576.0,0.420527,1730287.0
LBR,LBR_2174,Buchanan,21.0,2020,2020,84093.0,3.846978,25298888.0
LBR,LBR_2837,Dolo Town,15.0,2020,2020,21410.0,1.263551,4823784.0
LBR,LBR_3275,Foya,7.0,2020,2020,32252.0,0.950791,5072422.0
LBR,LBR_3364,Ganta,26.0,2020,2020,93298.0,4.721931,32382504.0
LBR,LBR_3439,Gbarnga,31.0,2020,2020,101988.0,5.010869,36374092.0
LBR,LBR_3611,Greenville,7.0,2020,2020,35371.0,1.01133,4398975.0
LBR,LBR_3746,Harbel,7.0,2020,2020,24641.0,1.192495,5801299.0
LBR,LBR_3756,Harper,7.0,2020,2020,43973.0,1.144346,6215717.0
LBR,LBR_4423,Kakata,17.0,2020,2020,51889.0,2.759541,18443304.0
LBR,LBR_4957,Kolahun,3.0,2020,2020,10675.0,0.37559,1401143.0
LBR,LBR_6224,Monrovia,349.0,2020,2020,1738341.0,72.812872,533388000.0
LBR,LBR_6918,Nyea Blai,7.0,2020,2020,14635.0,0.766611,2445820.0
LBR,LBR_7343,Pleebo,7.0,2020,2020,44980.0,1.496117,12758913.0
LBR,LBR_7624,Saclepea,10.0,2020,2020,26138.0,1.400533,7605194.0
LBR,LBR_7767,Sanniquellie,15.0,2020,2020,42255.0,1.983142,12305448.0
LBR,LBR_8654,Tubmanburg,6.0,2020,2020,19217.0,0.69004,3002968.0
LBR,LBR_8891,Voinjama,10.0,2020,2020,46726.0,1.215904,6811056.0
LBR,LBR_9069,Yekepa,4.0,2020,2020,13558.0,0.537469,1974597.0
LBR,LBR_9202,Zwedru,15.0,2020,2020,99345.0,2.29381,14593807.0
LSO,LSO_2284,Butha Buthe,43.0,2020,2020,50371.0,4.699319,22170824.0
LSO,LSO_3818,Hlotse,26.0,2020,2020,35188.0,3.620837,18566436.0
LSO,LSO_5465,Mafeteng,30.0,2020,2020,36538.0,4.488008,23785544.0
LSO,LSO_5704,Maputsoe,30.0,2020,2020,44632.0,4.936056,27642316.0
LSO,LSO_5753,Maseru,192.0,2020,2020,375920.0,37.728968,262877120.0
LSO,LSO_6189,Mohale's Hoek,19.0,2020,2020,27106.0,2.586785,13867893.0
LSO,LSO_6279,Quthing,13.0,2020,2020,15108.0,1.309212,6344396.0
LSO,LSO_8463,Teyateyaneng,22.0,2020,2020,30063.0,2.999105,16386921.0
LSO,LSO_8647,Tsikoane,21.0,2020,2020,17637.0,1.73796,5490592.0
MDG,MDG_1155,Ambalavao,5.0,2020,2020,24009.0,0.827269,4943090.0
MDG,MDG_1157,Ambanja,7.0,2020,2020,65265.0,1.703014,11198254.0
MDG,MDG_1158,Ambato Ambarimay,2.0,2020,2020,13423.0,0.436062,2460713.0
MDG,MDG_1159,Ambatolampy,9.0,2020,2020,27206.0,1.148007,5048724.0
MDG,MDG_1160,Ambatomilona,1.0,2020,2020,6884.0,0.213772,777824.0
MDG,MDG_1161,Ambatondrazaka,5.0,2020,2020,56498.0,1.280753,11062590.0
MDG,MDG_1163,Ambilobe,10.0,2020,2020,61537.0,2.065857,12190097.0
MDG,MDG_1165,Amboasary Atsimo,2.0,2020,2020,20890.0,0.53368,2837019.0
MDG,MDG_1166,Sainte Marie,3.0,2020,2020,5808.0,0.221753,670282.0
MDG,MDG_1167,Ambohijanahary,1.0,2020,2020,2299.0,0.17528,716345.0
MDG,MDG_1168,Ambohitrimanjaka,7.0,2020,2020,27044.0,1.301307,9583229.0
MDG,MDG_1170,Ambositra I,8.0,2020,2020,26193.0,1.109438,6458677.0
MDG,MDG_1171,Ambovombe,5.0,2020,2020,38440.0,0.912956,4510266.0
MDG,MDG_1198,Analavory,2.0,2020,2020,12879.0,0.284506,1008293.0
MDG,MDG_1204,Andapa,4.0,2020,2020,27309.0,1.018048,5612795.0
MDG,MDG_1206,Andilamena,2.0,2020,2020,11400.0,0.40181,1950131.0
MDG,MDG_1233,Antalaha Ambonivohitra,10.0,2020,2020,98849.0,1.856981,12128122.0
MDG,MDG_1235,Antananarivo,279.0,2020,2020,2322793.0,57.635164,513584896.0
MDG,MDG_1236,Antanety II,4.0,2020,2020,12934.0,0.49249,2274535.0
MDG,MDG_1237,Antanifotsy,2.0,2020,2020,7038.0,0.296754,994639.0
MDG,MDG_1238,Antsirabe,22.0,2020,2020,161276.0,4.67271,32827256.0
MDG,MDG_1239,Antsiranana,21.0,2020,2020,139505.0,5.179202,37267392.0
MDG,MDG_1240,Anstonihy,7.0,2020,2020,49540.0,1.352063,9869077.0
MDG,MDG_1285,Arivonimamo I,4.0,2020,2020,20741.0,0.672325,3646537.0
MDG,MDG_1756,Befandriana Nord,3.0,2020,2020,17554.0,0.639982,4742123.0
MDG,MDG_1781,Belo Tsiribihina,3.0,2020,2020,19557.0,0.579759,3629835.0
MDG,MDG_1851,Betafo,5.0,2020,2020,14941.0,0.395354,1556735.0
MDG,MDG_1858,Betroka,3.0,2020,2020,14368.0,0.635169,3090050.0
MDG,MDG_2066,Port-bergé,4.0,2020,2020,35574.0,0.865961,4959129.0
MDG,MDG_3194,Farafangana,6.0,2020,2020,57888.0,0.996622,5082417.0
MDG,MDG_3223,Fenerive Est,6.0,2020,2020,52440.0,1.065943,5527199.0
MDG,MDG_3225,Tampontanana Fenoarivo,6.0,2020,2020,34749.0,1.061763,6720629.0
MDG,MDG_3234,Fianarantsoa,27.0,2020,2020,159714.0,5.288495,51865968.0
MDG,MDG_3794,Hell-Ville,13.0,2020,2020,64499.0,2.053177,14604919.0
MDG,MDG_3955,Inhosy,5.0,2020,2020,36858.0,1.054991,5836537.0
MDG,MDG_4044,Imeritsiatosika,6.0,2020,2020,29980.0,0.951617,5190859.0
MDG,MDG_5460,Maevatanana I,2.0,2020,2020,25556.0,0.491239,3261970.0
MDG,MDG_5499,Mahabo,2.0,2020,2020,13982.0,0.42132,1754029.0
MDG,MDG_5502,Mahajanga,44.0,2020,2020,253982.0,7.846358,43508360.0
MDG,MDG_5523,Mahanoro,4.0,2020,2020,24975.0,0.557537,2498342.0
MDG,MDG_5543,Maintirano,3.0,2020,2020,19238.0,0.685515,3386438.0
MDG,MDG_5629,Mampikony I,4.0,2020,2020,17496.0,0.74751,4156602.0
MDG,MDG_5634,Manakara,7.0,2020,2020,29628.0,1.159702,5780000.0
MDG,MDG_5635,Mananara Avaratra,6.0,2020,2020,33446.0,1.059899,5662086.0
MDG,MDG_5636,Manjanary,4.0,2020,2020,20530.0,0.620051,2244929.0
MDG,MDG_5637,Manaratsandry,2.0,2020,2020,2522.0,0.325474,1341911.0
MDG,MDG_5645,Mandritsara,4.0,2020,2020,39353.0,0.91995,5054540.0
MDG,MDG_5663,Manitsy,2.0,2020,2020,6778.0,0.370691,2118126.0
MDG,MDG_5665,Manjankandriana,2.0,2020,2020,5797.0,0.251174,1107730.0
MDG,MDG_5730,Maroantsetra,10.0,2020,2020,82818.0,1.414612,6663490.0
MDG,MDG_5734,Marovoay Ville,3.0,2020,2020,22974.0,0.681409,5101807.0
MDG,MDG_5985,Miarinarivo,3.0,2020,2020,15271.0,0.439784,2473972.0
MDG,MDG_6236,Moramanga,10.0,2020,2020,50060.0,2.088037,12896749.0
MDG,MDG_6245,Morombe,3.0,2020,2020,16950.0,0.444669,1864272.0
MDG,MDG_6246,Morondava,8.0,2020,2020,52212.0,1.756346,9624233.0
MDG,MDG_7678,Sakaraha,2.0,2020,2020,18557.0,0.534183,2935293.0
MDG,MDG_7714,Sambava,18.0,2020,2020,135462.0,3.236605,16623740.0
MDG,MDG_8119,SIRAMA,3.0,2020,2020,5147.0,0.339781,1160208.0
MDG,MDG_8375,Toalagnaro,4.0,2020,2020,64905.0,0.989882,8813275.0
MDG,MDG_8544,Toamasina,48.0,2020,2020,436669.0,11.394207,74386240.0
MDG,MDG_8555,Toliary,32.0,2020,2020,287238.0,6.837068,45387384.0
MDG,MDG_8619,Ilakaka,2.0,2020,2020,4937.0,0.401984,1882402.0
MDG,MDG_8648,Tsiromandidy,5.0,2020,2020,37500.0,0.855579,4874116.0
MDG,MDG_8816,Vangaindrano,4.0,2020,2020,20294.0,0.44865,1501228.0
MDG,MDG_8817,Vatomandry,3.0,2020,2020,24462.0,0.583183,2043902.0
MDG,MDG_8818,Vavatenina,2.0,2020,2020,14811.0,0.341551,1737315.0
MDG,MDG_8888,Vohémar,5.0,2020,2020,26524.0,0.980755,4640291.0
MLI,MLI_1232,Ansongo Dioula,9.0,2020,2020,24140.0,1.063811,5024983.0
MLI,MLI_1459,Badinko,3.0,2020,2020,8095.0,0.598711,2926129.0
MLI,MLI_1547,Bamako,856.0,2020,2020,5207820.0,157.573568,1102584448.0
MLI,MLI_1566,Banamba,8.0,2020,2020,13985.0,1.48575,7619677.0
MLI,MLI_1574,Bandiagara,8.0,2020,2020,6159.0,1.145027,6415588.0
MLI,MLI_1647,Bankass,7.0,2020,2020,3100.0,0.877364,4538824.0
MLI,MLI_1673,Baraoueli,4.0,2020,2020,17215.0,0.803201,4646019.0
MLI,MLI_1964,Bla,9.0,2020,2020,25519.0,2.158527,12138656.0
MLI,MLI_2045,Boni,2.0,2020,2020,15677.0,0.372625,1516662.0
MLI,MLI_2107,Bougouni,33.0,2020,2020,164535.0,5.246585,30000900.0
MLI,MLI_2133,Bourem,3.0,2020,2020,5449.0,0.335274,967574.0
MLI,MLI_2550,Dalabala,11.0,2020,2020,47758.0,1.831407,9449702.0
MLI,MLI_2704,Diabaly,5.0,2020,2020,18533.0,1.007438,4510575.0
MLI,MLI_2706,Diamarabougou,7.0,2020,2020,57054.0,1.536282,8883551.0
MLI,MLI_2710,Diangounte Camara,2.0,2020,2020,8077.0,0.297372,1187866.0
MLI,MLI_2730,Diema,5.0,2020,2020,23632.0,0.938115,4561843.0
MLI,MLI_2752,Dinangourou,1.0,2020,2020,251.0,0.239414,1058046.0
MLI,MLI_2760,Dioila,11.0,2020,2020,37634.0,1.955182,11494248.0
MLI,MLI_2762,Dioro,5.0,2020,2020,19699.0,0.92528,5046180.0
MLI,MLI_2773,Dire,6.0,2020,2020,41124.0,1.120702,5774464.0
MLI,MLI_2800,Djenne,3.0,2020,2020,24686.0,0.53267,2798852.0
MLI,MLI_2869,Douentza,7.0,2020,2020,130215.0,1.258693,7170686.0
MLI,MLI_2871,Dougabougou,5.0,2020,2020,20090.0,0.940201,4442636.0
MLI,MLI_2950,Echell,3.0,2020,2020,5039.0,0.379419,1688490.0
MLI,MLI_3190,Fana,25.0,2020,2020,92830.0,4.50964,26647516.0
MLI,MLI_3206,Fatao,4.0,2020,2020,14775.0,0.759437,3680004.0
MLI,MLI_3263,Forgho Sonrai,1.0,2020,2020,1781.0,0.175524,536993.0
MLI,MLI_3271,Foungou,3.0,2020,2020,8936.0,0.440537,1992278.0
MLI,MLI_3274,Fourou,7.0,2020,2020,21829.0,1.382678,7733097.0
MLI,MLI_3368,Gao,37.0,2020,2020,266604.0,7.232525,50590124.0
MLI,MLI_3376,Garalo,6.0,2020,2020,14501.0,0.75496,3056561.0
MLI,MLI_3588,Goumbou,3.0,2020,2020,6741.0,0.332111,1296362.0
MLI,MLI_3590,Goundam,6.0,2020,2020,30406.0,0.746265,3000748.0
MLI,MLI_4285,Kadiolo,15.0,2020,2020,63243.0,3.14748,19971920.0
MLI,MLI_4671,Kayes,56.0,2020,2020,552667.0,9.477328,55125760.0
MLI,MLI_4712,Kenieba,11.0,2020,2020,29270.0,1.631206,8660268.0
MLI,MLI_4729,Kersignane,1.0,2020,2020,4621.0,0.198689,892253.0
MLI,MLI_4773,Kiban,3.0,2020,2020,4898.0,0.540849,3056411.0
MLI,MLI_4795,Kidal,13.0,2020,2020,28814.0,1.763878,7606502.0
MLI,MLI_4804,Kignan,4.0,2020,2020,10715.0,0.686856,3502827.0
MLI,MLI_4877,Kirane,4.0,2020,2020,13992.0,0.799209,3668981.0
MLI,MLI_4905,Kita,22.0,2020,2020,117563.0,4.236766,25918670.0
MLI,MLI_4948,Kokobougou,6.0,2020,2020,12234.0,1.153641,6605524.0
MLI,MLI_4965,Kolondieba,8.0,2020,2020,27095.0,1.489113,7656269.0
MLI,MLI_4985,Konna,4.0,2020,2020,16401.0,0.677617,3295413.0
MLI,MLI_4986,Konobougou,5.0,2020,2020,30980.0,0.857336,4452260.0
MLI,MLI_4999,Koro,12.0,2020,2020,6551.0,1.643645,10851375.0
MLI,MLI_5016,Koulikoro,15.0,2020,2020,46823.0,2.784518,16442954.0
MLI,MLI_5018,Koumantou,9.0,2020,2020,28378.0,1.595333,8711183.0
MLI,MLI_5030,Koury,8.0,2020,2020,18739.0,1.594257,8933709.0
MLI,MLI_5032,Koutiala,48.0,2020,2020,242212.0,12.137368,79075632.0
MLI,MLI_5051,Kremis,3.0,2020,2020,8264.0,0.452208,2174528.0
MLI,MLI_5259,Lere,4.0,2020,2020,11093.0,0.678808,5126164.0
MLI,MLI_5435,Macina,3.0,2020,2020,23955.0,0.737461,4103328.0
MLI,MLI_5446,Madiga Sacko,2.0,2020,2020,6285.0,0.3016,1328201.0
MLI,MLI_5486,Magnadoue,2.0,2020,2020,2114.0,0.227376,568479.0
MLI,MLI_5531,Mahina,4.0,2020,2020,25356.0,0.702429,3389904.0
MLI,MLI_5532,Mahou,5.0,2020,2020,4641.0,0.538124,2283191.0
MLI,MLI_5718,Marena,2.0,2020,2020,2204.0,0.33099,1437809.0
MLI,MLI_5938,Menaka,9.0,2020,2020,101311.0,1.124598,6003852.0
MLI,MLI_6231,Mopti Centre,5.0,2020,2020,68471.0,1.099575,7948411.0
MLI,MLI_6232,Mopti-Medina Coura,3.0,2020,2020,19826.0,0.451308,1837035.0
MLI,MLI_6233,Mopti (Sevare),34.0,2020,2020,182422.0,4.959622,27909054.0
MLI,MLI_6283,M'pessoba,4.0,2020,2020,9247.0,0.846025,4110302.0
MLI,MLI_6556,Nara,11.0,2020,2020,44845.0,1.924816,10409464.0
MLI,MLI_6738,Niafunke,4.0,2020,2020,26441.0,0.569701,3396163.0
MLI,MLI_6756,Niena,8.0,2020,2020,16079.0,1.101876,5579205.0
MLI,MLI_6766,Niono Socoura,8.0,2020,2020,69242.0,2.090818,12299271.0
MLI,MLI_6767,Nioro,10.0,2020,2020,66788.0,1.786804,10175547.0
MLI,MLI_7185,Ouelessebougou,17.0,2020,2020,27531.0,2.364515,11157553.0
MLI,MLI_7628,Sadiola,3.0,2020,2020,32336.0,0.758559,4259930.0
MLI,MLI_7727,San,27.0,2020,2020,109718.0,5.725252,36979896.0
MLI,MLI_7733,Sanankoroba,11.0,2020,2020,19573.0,1.617765,8136157.0
MLI,MLI_7770,Sansanding,2.0,2020,2020,16276.0,0.452465,2388539.0
MLI,MLI_7835,Segou,71.0,2020,2020,584301.0,12.816424,79975544.0
MLI,MLI_8093,Sikasso,94.0,2020,2020,405362.0,15.339218,86795704.0
MLI,MLI_8125,Siribala Coro,7.0,2020,2020,25585.0,1.41105,7921771.0
MLI,MLI_8145,Sofara,3.0,2020,2020,10811.0,0.501553,2580201.0
MLI,MLI_8151,Sokolo,2.0,2020,2020,9205.0,0.539476,2980221.0
MLI,MLI_8250,Tabakoto,4.0,2020,2020,20505.0,1.049557,6243051.0
MLI,MLI_8447,Tenenkou,3.0,2020,2020,15059.0,0.582887,3462677.0
MLI,MLI_8561,Timbuktu,15.0,2020,2020,155419.0,2.832171,18821736.0
MLI,MLI_8570,Tonka,4.0,2020,2020,16476.0,0.609662,3094229.0
MLI,MLI_8576,Tori,1.0,2020,2020,239.0,0.147054,407362.0
MLI,MLI_8586,Touba,5.0,2020,2020,12854.0,1.054627,6188419.0
MLI,MLI_8606,Toya,4.0,2020,2020,10858.0,0.565011,2779021.0
MLI,MLI_8613,Trougoumbe,3.0,2020,2020,7869.0,0.419874,2367714.0
MLI,MLI_9056,Yanfolila,9.0,2020,2020,49517.0,1.741129,9378078.0
MLI,MLI_9091,Yoro,1.0,2020,2020,210.0,0.198733,746848.0
MLI,MLI_9094,Youwarou Hombolore,3.0,2020,2020,10350.0,0.546154,3277040.0
MLI,MLI_9151,Zegoua,10.0,2020,2020,51406.0,2.346141,15321828.0
MOZ,MOZ_1524,Marimba,11.0,2020,2020,47869.0,2.097817,9584075.0
MOZ,MOZ_2335,Carangache,12.0,2020,2020,22297.0,1.546392,7298569.0
MOZ,MOZ_2336,Carapira,6.0,2020,2020,8095.0,0.542606,1449047.0
MOZ,MOZ_2340,Caroa,4.0,2020,2020,16044.0,0.801077,3497801.0
MOZ,MOZ_2371,Chapala,6.0,2020,2020,7833.0,0.710035,2563099.0
MOZ,MOZ_2395,Chave,3.0,2020,2020,10515.0,0.501833,1977426.0
MOZ,MOZ_2412,Thlatlhene Sede,18.0,2020,2020,17802.0,3.218146,12572756.0
MOZ,MOZ_2420,Chicumbane,17.0,2020,2020,39688.0,3.652796,23258680.0
MOZ,MOZ_2445,Chissano sede,22.0,2020,2020,12094.0,1.703124,6446631.0
MOZ,MOZ_2454,Vila de Chokwe,26.0,2020,2020,92879.0,6.292483,33977984.0
MOZ,MOZ_2465,Cidade da Beira,185.0,2020,2020,735815.0,29.465928,180407856.0
MOZ,MOZ_2466,Angoche,11.0,2020,2020,79112.0,1.887419,9686809.0
MOZ,MOZ_2467,Cidade de Chibuto,38.0,2020,2020,82052.0,6.726081,39747616.0
MOZ,MOZ_2468,Chimoio,82.0,2020,2020,391874.0,16.541144,107510064.0
MOZ,MOZ_2469,Cuamba,29.0,2020,2020,119878.0,6.546425,43540960.0
MOZ,MOZ_2471,Cidade de gurué,13.0,2020,2020,63261.0,2.246083,20691982.0
MOZ,MOZ_2474,Cidade de ilha de moçambique (lumbo),9.0,2020,2020,38674.0,1.601475,7117993.0
MOZ,MOZ_2475,Cidade de Inhambane ,70.0,2020,2020,70140.0,7.126674,34998704.0
MOZ,MOZ_2476,Lichinga,50.0,2020,2020,243601.0,10.522973,77955552.0
MOZ,MOZ_2477,Cidade de Manica,28.0,2020,2020,74867.0,4.027381,22929420.0
MOZ,MOZ_2478,Maputo,1195.0,2020,2020,2817528.0,198.526144,1238637184.0
MOZ,MOZ_2479,Chamissava,32.0,2020,2020,13244.0,2.241275,7936878.0
MOZ,MOZ_2480,Maxixe,374.0,2020,2020,177835.0,19.009316,81640000.0
MOZ,MOZ_2481,Mocuba,59.0,2020,2020,149463.0,7.652357,49627440.0
MOZ,MOZ_2482,Montepuez,29.0,2020,2020,150336.0,6.67014,38061456.0
MOZ,MOZ_2483,Nacala Porto,50.0,2020,2020,281650.0,12.99494,88479536.0
MOZ,MOZ_2484,Nampula,205.0,2020,2020,841390.0,33.985428,205030128.0
MOZ,MOZ_2485,Pemba,54.0,2020,2020,223623.0,11.775545,72570720.0
MOZ,MOZ_2486,Quelimane,47.0,2020,2020,373030.0,9.371631,61240896.0
MOZ,MOZ_2487,Bairro Icidua,2.0,2020,2020,9216.0,0.370699,1356998.0
MOZ,MOZ_2488,Tete,43.0,2020,2020,203811.0,9.651964,69437712.0
MOZ,MOZ_2489,Tete (west),30.0,2020,2020,117615.0,6.658501,45389388.0
MOZ,MOZ_2490,Xai-Xai,119.0,2020,2020,234073.0,15.928752,105812872.0
MOZ,MOZ_2499,Comone,7.0,2020,2020,33971.0,1.589713,7880824.0
MOZ,MOZ_2511,Cuacua,9.0,2020,2020,33497.0,1.398298,6250271.0
MOZ,MOZ_2961,Eduardo Mondlane ,12.0,2020,2020,50792.0,2.335152,12699169.0
MOZ,MOZ_3290,Funganha,15.0,2020,2020,9083.0,0.380796,952131.0
MOZ,MOZ_3296,Furancungo-Sede,7.0,2020,2020,13445.0,1.321693,6498482.0
MOZ,MOZ_3297,Furquia,30.0,2020,2020,12854.0,0.554908,1387812.0
MOZ,MOZ_3504,Napula,6.0,2020,2020,17351.0,0.993141,4875777.0
MOZ,MOZ_3511,Ginama,4.0,2020,2020,20920.0,0.879957,4469767.0
MOZ,MOZ_3620,Guarneia,3.0,2020,2020,5532.0,0.272949,682036.0
MOZ,MOZ_3673,Guro sede,14.0,2020,2020,25344.0,1.429792,6752356.0
MOZ,MOZ_4940,Koca Missava,7.0,2020,2020,7765.0,1.279704,6981600.0
MOZ,MOZ_5485,Magige sede,4.0,2020,2020,4663.0,0.330838,1170761.0
MOZ,MOZ_5646,Maneia,7.0,2020,2020,26583.0,1.020911,4369514.0
MOZ,MOZ_5659,Manhaca,2.0,2020,2020,7263.0,0.395712,1343879.0
MOZ,MOZ_5674,Manono,5.0,2020,2020,21976.0,0.624259,2179354.0
MOZ,MOZ_5702,Mao Tse Tung,8.0,2020,2020,6136.0,1.758416,9530912.0
MOZ,MOZ_5738,Marriebe,12.0,2020,2020,5848.0,0.276957,692549.0
MOZ,MOZ_5868,Mbiluane,16.0,2020,2020,19738.0,1.973653,7850157.0
MOZ,MOZ_5974,Metuchira,6.0,2020,2020,11596.0,0.669415,2202135.0
MOZ,MOZ_5996,Miengueleue,2.0,2020,2020,11497.0,0.470384,2157028.0
MOZ,MOZ_5998,Mieze sede,4.0,2020,2020,29011.0,0.716455,3205225.0
MOZ,MOZ_6241,Morimone,5.0,2020,2020,3378.0,0.3783,947472.0
MOZ,MOZ_6320,Muambula,7.0,2020,2020,11870.0,0.918631,3819112.0
MOZ,MOZ_6322,Muzingane,17.0,2020,2020,35627.0,3.772523,25354660.0
MOZ,MOZ_6346,Muindji,26.0,2020,2020,26689.0,0.686539,1719729.0
MOZ,MOZ_6359,Vila de Maganja da Costa,64.0,2020,2020,51828.0,2.881821,10851227.0
MOZ,MOZ_6371,Mundinwe,5.0,2020,2020,1954.0,0.131552,328932.0
MOZ,MOZ_6379,Bilene Macia,90.0,2020,2020,81263.0,10.770738,45949108.0
MOZ,MOZ_6380,Vila de Catandica,24.0,2020,2020,51008.0,2.993799,13724827.0
MOZ,MOZ_6381,Vila de Mandlakazi,18.0,2020,2020,23100.0,3.329986,18291284.0
MOZ,MOZ_6382,Vila de Manhica,86.0,2020,2020,84463.0,7.806348,37173040.0
MOZ,MOZ_6383,Vila de Massinga,152.0,2020,2020,73497.0,10.230825,49241036.0
MOZ,MOZ_6384,Vila de Metangula,4.0,2020,2020,18053.0,0.565479,2494940.0
MOZ,MOZ_6385,Milange,40.0,2020,2020,94852.0,3.666884,18189664.0
MOZ,MOZ_6386,Vila de Moatize,21.0,2020,2020,116800.0,4.887733,35303104.0
MOZ,MOZ_6387,Mepera,6.0,2020,2020,43484.0,1.458004,7967444.0
MOZ,MOZ_6388,Vila de Namaacha,20.0,2020,2020,13910.0,1.07227,4688440.0
MOZ,MOZ_6389,Vila de Ribaue,6.0,2020,2020,25198.0,1.286527,7349604.0
MOZ,MOZ_6390,Vila de Ulongoe,11.0,2020,2020,45127.0,1.723381,8910318.0
MOZ,MOZ_6391,Cidade de Vilankulo,52.0,2020,2020,74614.0,8.122865,43605756.0
MOZ,MOZ_6405,Murrua,8.0,2020,2020,2139.0,0.130632,326716.0
MOZ,MOZ_6430,Mutubua,6.0,2020,2020,7992.0,0.84448,4181529.0
MOZ,MOZ_6449,Maguiguane,21.0,2020,2020,25736.0,2.783112,11235376.0
MOZ,MOZ_6485,Nabula,7.0,2020,2020,6790.0,0.591969,2187075.0
MOZ,MOZ_6487,Nacare,4.0,2020,2020,11177.0,0.785069,3164159.0
MOZ,MOZ_6543,Nancuenhe,3.0,2020,2020,6873.0,0.473877,1669221.0
MOZ,MOZ_6544,Ndenganamane,10.0,2020,2020,23091.0,1.649028,7908507.0
MOZ,MOZ_6549,Nantide,7.0,2020,2020,11025.0,0.723495,2368377.0
MOZ,MOZ_6553,Napuco,3.0,2020,2020,18603.0,0.490944,2353154.0
MOZ,MOZ_6664,Nerrir-Mutonga,37.0,2020,2020,52889.0,2.75145,11194047.0
MOZ,MOZ_6666,Netia,2.0,2020,2020,8324.0,0.357614,1575454.0
MOZ,MOZ_6668,Alua,13.0,2020,2020,19959.0,1.653828,5411603.0
MOZ,MOZ_6731,Nhamizara,11.0,2020,2020,15976.0,1.535989,6612109.0
MOZ,MOZ_6732,Nhassacara,4.0,2020,2020,4141.0,0.430822,1377923.0
MOZ,MOZ_6752,Nicurupo,4.0,2020,2020,16719.0,1.022876,5962902.0
MOZ,MOZ_6771,Nivale,2.0,2020,2020,2588.0,0.196307,490826.0
MOZ,MOZ_6888,Nulone,10.0,2020,2020,7142.0,1.201105,4494094.0
MOZ,MOZ_7154,OUA,9.0,2020,2020,14320.0,1.612269,8254856.0
MOZ,MOZ_7270,Palma sede,11.0,2020,2020,34852.0,1.448747,6919075.0
MOZ,MOZ_7470,Namiraua A,6.0,2020,2020,11142.0,1.078411,4588234.0
MOZ,MOZ_7713,Sambane,3.0,2020,2020,8787.0,0.534828,2159377.0
MOZ,MOZ_8224,Sulemane,4.0,2020,2020,2114.0,0.145405,363576.0
MOZ,MOZ_8364,3 de Fevereiro ,21.0,2020,2020,18817.0,2.604658,10721485.0
MOZ,MOZ_8563,Tombua,8.0,2020,2020,5124.0,0.749914,2680559.0
MOZ,MOZ_8815,Verde,15.0,2020,2020,33424.0,1.918988,11097804.0
MOZ,MOZ_8829,Vila de Alto Molocue,21.0,2020,2020,52877.0,3.405064,21263586.0
MOZ,MOZ_8831,Vila de Buzi,4.0,2020,2020,8677.0,0.540171,1959540.0
MOZ,MOZ_8832,Vila de Caia,13.0,2020,2020,58775.0,2.549994,12232877.0
MOZ,MOZ_8833,Faina,6.0,2020,2020,14537.0,0.67562,2582841.0
MOZ,MOZ_8834,Vila de Chiure,18.0,2020,2020,81883.0,3.191921,17105180.0
MOZ,MOZ_8835,Vila de Gondola,18.0,2020,2020,33183.0,2.492748,17484284.0
MOZ,MOZ_8837,Tambarara,14.0,2020,2020,44894.0,1.638689,8086885.0
MOZ,MOZ_8838,Vila de Homoine,74.0,2020,2020,30549.0,3.384318,12624431.0
MOZ,MOZ_8839,Vila de Iapala,8.0,2020,2020,15838.0,1.248919,5888188.0
MOZ,MOZ_8840,Vila de Inhaminga,15.0,2020,2020,19962.0,1.151226,4044118.0
MOZ,MOZ_8841,Vila de Inharrime,34.0,2020,2020,22806.0,1.952549,7160254.0
MOZ,MOZ_8842,Vila de Inhassoro,26.0,2020,2020,23048.0,1.74234,6288737.0
MOZ,MOZ_8843,Vila de Insaca,11.0,2020,2020,26365.0,1.278566,5677049.0
MOZ,MOZ_8844,Vila de Machipanda,21.0,2020,2020,16598.0,1.18073,3449682.0
MOZ,MOZ_8845,Vila de Macomia,10.0,2020,2020,44654.0,1.571446,9093800.0
MOZ,MOZ_8846,Vila de Magude,20.0,2020,2020,24773.0,2.429868,11399380.0
MOZ,MOZ_8847,Vila de Malema,8.0,2020,2020,26438.0,1.570756,6850253.0
MOZ,MOZ_8848,Vila de Mandimba,11.0,2020,2020,47040.0,1.816288,9593383.0
MOZ,MOZ_8850,Vila de Marromeu,13.0,2020,2020,56731.0,2.15557,10533324.0
MOZ,MOZ_8851,Vila de Marrupa,8.0,2020,2020,21900.0,1.658867,10615614.0
MOZ,MOZ_8853,Vila de Messica,14.0,2020,2020,25864.0,1.886063,7853860.0
MOZ,MOZ_8854,Vila de Moamba,15.0,2020,2020,17110.0,1.649807,6868996.0
MOZ,MOZ_8855,Vila de Mocimboa da Praia,19.0,2020,2020,88694.0,3.890444,22986168.0
MOZ,MOZ_8856,Vila de Moma,4.0,2020,2020,30918.0,1.024008,5738693.0
MOZ,MOZ_8857,Vila de Morrumbala,14.0,2020,2020,56317.0,1.930169,8230585.0
MOZ,MOZ_8858,Bie ,73.0,2020,2020,26803.0,3.012126,12079160.0
MOZ,MOZ_8859,Vila de Mueda,21.0,2020,2020,76444.0,4.295922,22708182.0
MOZ,MOZ_8860,Bairro Rovuma 1/2,6.0,2020,2020,25667.0,1.355457,7256869.0
MOZ,MOZ_8861,Vila de Mutuali,8.0,2020,2020,10185.0,1.138612,3729790.0
MOZ,MOZ_8862,Vila de Nacala A Velha,3.0,2020,2020,23772.0,0.631038,3497381.0
MOZ,MOZ_8863,Vila de Namacurra,31.0,2020,2020,65474.0,2.188603,9999870.0
MOZ,MOZ_8864,Vila de Namapa,5.0,2020,2020,35106.0,1.153478,6915420.0
MOZ,MOZ_8865,Vila de Nametil,10.0,2020,2020,37993.0,1.705822,8326924.0
MOZ,MOZ_8866,Vila de Namialo,11.0,2020,2020,54095.0,2.274515,11287212.0
MOZ,MOZ_8867,Vila de Nhamatanda,16.0,2020,2020,48186.0,1.991323,9056904.0
MOZ,MOZ_8868,Vila de Pebane,11.0,2020,2020,32252.0,1.764701,9696624.0
MOZ,MOZ_8869,Vila de Quissico,26.0,2020,2020,13868.0,1.779564,6673890.0
MOZ,MOZ_8870,Vila de Ressano Garcia,9.0,2020,2020,16162.0,1.384615,9309386.0
MOZ,MOZ_8871,Vila de Songo,13.0,2020,2020,45901.0,2.102391,10181770.0
MOZ,MOZ_8872,Vila de Xinavane,8.0,2020,2020,16575.0,1.53419,7328442.0
MOZ,MOZ_8874,Vila de Mossuril,9.0,2020,2020,24989.0,1.170678,4005187.0
MOZ,MOZ_9033,Hokwe,11.0,2020,2020,18278.0,2.246871,11321293.0
MOZ,MOZ_9039,Yacub Ossumane,9.0,2020,2020,8226.0,0.71767,1794434.0
MRT,MRT_1352,Atar,14.0,2020,2020,25524.0,1.893845,8487649.0
MRT,MRT_1707,Bassiknou,13.0,2020,2020,51232.0,2.017459,11633583.0
MRT,MRT_1993,Boghe,8.0,2020,2020,20395.0,1.376753,6863897.0
MRT,MRT_2143,Boutilimit,11.0,2020,2020,13463.0,1.878645,10289046.0
MRT,MRT_362,Aioun El Atrouss,16.0,2020,2020,22395.0,2.252248,11724422.0
MRT,MRT_3636,Guerou,16.0,2020,2020,28370.0,1.932066,8349308.0
MRT,MRT_411,Akjoujt,7.0,2020,2020,6202.0,1.203911,6037978.0
MRT,MRT_4293,Kaedi,12.0,2020,2020,45513.0,2.60098,15802243.0
MRT,MRT_4800,Kiffa,29.0,2020,2020,62522.0,4.995292,28788006.0
MRT,MRT_5268,Lexeibe,6.0,2020,2020,12681.0,0.704332,3186808.0
MRT,MRT_5483,Maghama,5.0,2020,2020,12857.0,0.561015,2316001.0
MRT,MRT_5493,Magta Lahjar,10.0,2020,2020,11887.0,1.286986,5541930.0
MRT,MRT_5864,Mbera ,6.0,2020,2020,11865.0,0.715612,2489966.0
MRT,MRT_591,Aleg,5.0,2020,2020,14964.0,1.185279,6509157.0
MRT,MRT_6658,Nema,15.0,2020,2020,39240.0,2.116152,11801021.0
MRT,MRT_6851,Nouadhibou,26.0,2020,2020,134334.0,5.635438,39914380.0
MRT,MRT_6852,Nouakchott,245.0,2020,2020,1243956.0,55.424108,409766848.0
MRT,MRT_7549,Rosso,5.0,2020,2020,30789.0,1.454238,9119868.0
MRT,MRT_7852,Selibabi,14.0,2020,2020,25647.0,1.61599,7162705.0
MRT,MRT_8442,Tembedra,18.0,2020,2020,21140.0,1.773603,8262219.0
MRT,MRT_8497,Tidjikja,11.0,2020,2020,30070.0,1.487472,5968516.0
MRT,MRT_8519,Tintane,20.0,2020,2020,18159.0,1.650183,5603141.0
MRT,MRT_9186,Zoueiratt,12.0,2020,2020,42644.0,2.642126,14734396.0
MUS,MUS_1555,Bambous,3.0,2020,2020,31048.0,0.916679,5982614.0
MUS,MUS_2034,Bon Accueil,8.0,2020,2020,24756.0,0.614805,1563227.0
MUS,MUS_2350,Centre de Flacq,15.0,2020,2020,52764.0,1.829004,6206091.0
MUS,MUS_2397,Chemin Grenier,3.0,2020,2020,14105.0,0.688165,4296217.0
MUS,MUS_3576,Goodlands,38.0,2020,2020,71608.0,6.12041,30328724.0
MUS,MUS_3605,Grand Bois,3.0,2020,2020,9092.0,0.287549,718956.0
MUS,MUS_5528,Mahebourg,6.0,2020,2020,22551.0,0.987309,6118319.0
MUS,MUS_7341,Plaine Magnien,4.0,2020,2020,9177.0,0.53783,2704150.0
MUS,MUS_7364,Port Louis,156.0,2020,2020,534147.0,35.154332,239902448.0
MUS,MUS_7365,Port-Mathurin,38.0,2020,2020,32865.0,1.510793,3769860.0
MUS,MUS_7522,Riviere des Anguilles,2.0,2020,2020,7836.0,0.438721,2133670.0
MUS,MUS_7523,Riviere du Rempart,5.0,2020,2020,15993.0,0.816589,3847938.0
MUS,MUS_7545,Rose Belle,14.0,2020,2020,36586.0,1.376837,4518373.0
MUS,MUS_8243,Surinam,5.0,2020,2020,13287.0,0.821723,4197887.0
MUS,MUS_8612,Triolet,12.0,2020,2020,42686.0,2.413905,12536037.0
MWI,MWI_1522,Balaka,30.0,2020,2020,63371.0,4.359365,19486248.0
MWI,MWI_1591,Bangula,24.0,2020,2020,34589.0,2.265583,8874719.0
MWI,MWI_1966,Blantyre,402.0,2020,2020,1184035.0,52.603196,328169344.0
MWI,MWI_2225,Bunda,4.0,2020,2020,11619.0,0.533544,1334002.0
MWI,MWI_2424,Chikwawa,23.0,2020,2020,37400.0,2.843254,10547735.0
MWI,MWI_2434,Chintheche,15.0,2020,2020,14252.0,1.177851,3654825.0
MWI,MWI_2448,Chitipa,48.0,2020,2020,34290.0,3.311895,14622881.0
MWI,MWI_2667,Dedza,18.0,2020,2020,38547.0,2.581306,13703601.0
MWI,MWI_2924,Dwangwa,8.0,2020,2020,17465.0,1.122791,5329039.0
MWI,MWI_2935,Dzoole,5.0,2020,2020,20016.0,0.830939,3400625.0
MWI,MWI_3013,Ekwendeni,9.0,2020,2020,16846.0,1.260504,7101432.0
MWI,MWI_4290,Mlolo south,9.0,2020,2020,15634.0,0.841905,2305632.0
MWI,MWI_4581,Karonga,49.0,2020,2020,76371.0,5.066187,20874248.0
MWI,MWI_4622,Karungu,24.0,2020,2020,66280.0,3.594191,17107012.0
MWI,MWI_5275,Lilongwe,268.0,2020,2020,1045102.0,49.989252,283831328.0
MWI,MWI_5288,Lirangwe,10.0,2020,2020,12569.0,0.655514,1998196.0
MWI,MWI_5293,Liwonde,32.0,2020,2020,48926.0,3.325732,13723675.0
MWI,MWI_5349,Luchenza,30.0,2020,2020,44229.0,2.628574,7395914.0
MWI,MWI_5383,Lumbadzi,12.0,2020,2020,32411.0,1.771652,6741391.0
MWI,MWI_5457,Madisi,5.0,2020,2020,15362.0,0.748943,2816179.0
MWI,MWI_5473,Maganga,8.0,2020,2020,13919.0,0.999835,3324048.0
MWI,MWI_5572,Chimombo 2,10.0,2020,2020,12655.0,0.760591,1914598.0
MWI,MWI_5612,Malindi,11.0,2020,2020,22919.0,1.142429,3059751.0
MWI,MWI_5654,Mangochi,31.0,2020,2020,94452.0,4.545995,25374412.0
MWI,MWI_5888,Mchinji,14.0,2020,2020,39196.0,2.29666,10301943.0
MWI,MWI_6137,Mitundu,7.0,2020,2020,34618.0,1.144741,4905995.0
MWI,MWI_6144,Mkanda,3.0,2020,2020,8280.0,0.471223,1653613.0
MWI,MWI_6292,Mponda,4.0,2020,2020,5505.0,0.4126,1105174.0
MWI,MWI_6294,Mponela,12.0,2020,2020,33759.0,1.77066,7715989.0
MWI,MWI_6297,Mposa,9.0,2020,2020,12107.0,0.643794,1639269.0
MWI,MWI_6357,Mulanje,12.0,2020,2020,19852.0,1.022834,3208984.0
MWI,MWI_6455,Mwanza,11.0,2020,2020,25848.0,1.506822,6655005.0
MWI,MWI_6468,Mabuka 3,5.0,2020,2020,9808.0,0.510576,1276552.0
MWI,MWI_6473,Mzimba,14.0,2020,2020,33912.0,2.401228,15982836.0
MWI,MWI_6475,Mzuzu,86.0,2020,2020,234788.0,13.733324,100333008.0
MWI,MWI_6580,Namnja,27.0,2020,2020,26081.0,1.89888,4954956.0
MWI,MWI_6603,Nchalo,7.0,2020,2020,33827.0,1.31426,6272358.0
MWI,MWI_6612,Makoko,13.0,2020,2020,15629.0,0.894142,2703548.0
MWI,MWI_6662,Neno 2,9.0,2020,2020,7955.0,0.702685,1928071.0
MWI,MWI_6682,Neno 1,12.0,2020,2020,22000.0,1.364002,5358718.0
MWI,MWI_6683,Ngabu 1,7.0,2020,2020,10354.0,0.681873,2085860.0
MWI,MWI_6785,Phalombe,177.0,2020,2020,203404.0,12.139263,31484454.0
MWI,MWI_6792,Nkhata bay,14.0,2020,2020,22321.0,1.252683,4625162.0
MWI,MWI_6794,Nkhotakota,18.0,2020,2020,39323.0,2.742942,15343064.0
MWI,MWI_6802,Nkopola,22.0,2020,2020,57622.0,2.927178,11924173.0
MWI,MWI_6804,Kamwendo,6.0,2020,2020,20315.0,0.938371,4071232.0
MWI,MWI_6860,Nsanje,20.0,2020,2020,40185.0,2.374664,10015787.0
MWI,MWI_6874,Ntcheu,14.0,2020,2020,34486.0,2.287041,12295396.0
MWI,MWI_6875,Ntchisi,8.0,2020,2020,20375.0,1.01392,4736049.0
MWI,MWI_7317,Nkhulambe,34.0,2020,2020,54514.0,2.902524,8298812.0
MWI,MWI_7504,Rhumpi,10.0,2020,2020,24799.0,1.64192,10920603.0
MWI,MWI_7701,Salima,31.0,2020,2020,74798.0,4.872444,27607872.0
MWI,MWI_7867,Senga,8.0,2020,2020,19677.0,1.057419,3824005.0
MWI,MWI_8198,Mabuka 2,11.0,2020,2020,22163.0,1.105194,3369512.0
MWI,MWI_8481,Ruo/Muloza,10.0,2020,2020,39227.0,1.541086,6777963.0
MWI,MWI_8485,Thyolo,9.0,2020,2020,21647.0,1.185661,5997533.0
MWI,MWI_8727,Uliwa,15.0,2020,2020,17754.0,1.277339,3779722.0
MWI,MWI_9177,Zomba,128.0,2020,2020,233272.0,11.462872,50224384.0
NAM,NAM_3546,Gobabis,12.0,2020,2020,22217.0,2.13499,11027339.0
NAM,NAM_3618,Grootfontein,10.0,2020,2020,12699.0,1.901094,10232762.0
NAM,NAM_3792,Oshikango ,30.0,2020,2020,20481.0,2.152822,9137878.0
NAM,NAM_4647,Katima Mulilo,21.0,2020,2020,34261.0,3.521519,18915076.0
NAM,NAM_4690,Keetmanshoop,12.0,2020,2020,21478.0,2.329363,13180401.0
NAM,NAM_5352,Luderitz,5.0,2020,2020,6586.0,0.892158,4450609.0
NAM,NAM_7018,Okanhandja,11.0,2020,2020,18181.0,2.40738,13648396.0
NAM,NAM_7091,Odangua,63.0,2020,2020,37688.0,5.378986,28533652.0
NAM,NAM_7126,Oshakati,48.0,2020,2020,56428.0,7.543872,46010776.0
NAM,NAM_7142,Otjiwarongo,15.0,2020,2020,34044.0,3.311493,25624838.0
NAM,NAM_7496,rehoboth,16.0,2020,2020,36889.0,3.658431,22783320.0
NAM,NAM_7581,Rundu,53.0,2020,2020,89857.0,7.544574,37548596.0
NAM,NAM_8247,Swakopmund,26.0,2020,2020,72982.0,4.780919,30316036.0
NAM,NAM_8650,Tsumeb,8.0,2020,2020,21659.0,2.276732,14068428.0
NAM,NAM_8936,Walvis Bay,25.0,2020,2020,79494.0,6.019257,49095756.0
NAM,NAM_9001,Windhoek,109.0,2020,2020,451505.0,27.924144,277253376.0
NER,NER_1288,Arlit,19.0,2020,2020,75216.0,2.367538,13625292.0
NER,NER_1422,Ayorou Haoussa,7.0,2020,2020,16270.0,0.915529,3926058.0
NER,NER_1455,Badaguichiri,6.0,2020,2020,36106.0,0.961413,4004546.0
NER,NER_1478,Bagaroua,4.0,2020,2020,20487.0,0.679189,3152975.0
NER,NER_1539,Balleyara,10.0,2020,2020,26305.0,1.133031,5509253.0
NER,NER_1572,Bande Haoussa,2.0,2020,2020,16895.0,0.454319,2487726.0
NER,NER_1576,Bandio,2.0,2020,2020,6446.0,0.266782,990985.0
NER,NER_1641,Falmey Djerma,4.0,2020,2020,12918.0,0.595916,2471882.0
NER,NER_1808,Bengou,3.0,2020,2020,13557.0,0.396144,1287221.0
NER,NER_19,Abala Maidagi,7.0,2020,2020,23137.0,0.867256,4068770.0
NER,NER_1934,Birni N'Gaoure,5.0,2020,2020,25649.0,0.965869,4829910.0
NER,NER_1935,Birni N'Konni,9.0,2020,2020,120495.0,2.718533,18407052.0
NER,NER_20,Abalak,9.0,2020,2020,40880.0,1.609538,8730390.0
NER,NER_2145,Bouza,4.0,2020,2020,43710.0,0.773538,5273176.0
NER,NER_234,Agadez,48.0,2020,2020,144584.0,5.129592,28659064.0
NER,NER_2548,Dakoro,8.0,2020,2020,79433.0,1.506234,9445515.0
NER,NER_2588,Dan Issa,3.0,2020,2020,23328.0,0.716846,4139916.0
NER,NER_2733,Diffa,20.0,2020,2020,60169.0,3.581549,20260902.0
NER,NER_278,Aguie,5.0,2020,2020,53056.0,0.962474,5256422.0
NER,NER_2824,Dogo Chaibou,2.0,2020,2020,9836.0,0.409729,1934949.0
NER,NER_2828,Dogondoutchi,11.0,2020,2020,65290.0,2.408614,14938755.0
NER,NER_2865,Dosso,21.0,2020,2020,98317.0,4.13756,24123196.0
NER,NER_2910,Dungass,3.0,2020,2020,13190.0,0.56821,3057305.0
NER,NER_3246,Filingue,8.0,2020,2020,36414.0,1.262802,6417655.0
NER,NER_3336,Galmi,3.0,2020,2020,28437.0,0.753721,4674403.0
NER,NER_3416,Gaya,13.0,2020,2020,70144.0,2.738544,17009492.0
NER,NER_3418,Gazaoua,3.0,2020,2020,21678.0,0.659518,3517077.0
NER,NER_3595,Goure,6.0,2020,2020,20525.0,1.129031,7123055.0
NER,NER_3646,Guidan Roumdji,4.0,2020,2020,38456.0,0.720299,3683974.0
NER,NER_3649,Guidimouni,2.0,2020,2020,7211.0,0.319878,1322970.0
NER,NER_4024,Illela,9.0,2020,2020,62800.0,1.328638,6241431.0
NER,NER_415,Akokan,6.0,2020,2020,18610.0,0.767607,4011615.0
NER,NER_4522,Kantche,3.0,2020,2020,14893.0,0.511864,2585821.0
NER,NER_4534,Kaoura Abdou,1.0,2020,2020,7796.0,0.247999,1038861.0
NER,NER_4694,Keita,3.0,2020,2020,22324.0,0.681815,4138808.0
NER,NER_4958,Kiota Mayaki,4.0,2020,2020,14084.0,0.575141,2517114.0
NER,NER_4963,Kollo,7.0,2020,2020,23287.0,0.855677,3349059.0
NER,NER_5439,Madaoua,9.0,2020,2020,85928.0,1.984073,13851686.0
NER,NER_5440,Madarounfa,3.0,2020,2020,26873.0,0.594286,3022688.0
NER,NER_5476,Magaria,9.0,2020,2020,52887.0,1.428281,7742608.0
NER,NER_5542,Maine Soroa,8.0,2020,2020,32464.0,1.080692,5245869.0
NER,NER_5708,Maradi,63.0,2020,2020,515626.0,15.059211,96609936.0
NER,NER_5789,Matameye,6.0,2020,2020,36996.0,0.988794,5399663.0
NER,NER_5790,Matankari,3.0,2020,2020,14770.0,0.537982,2517705.0
NER,NER_5821,Mayahi,4.0,2020,2020,30544.0,0.756213,4252489.0
NER,NER_6072,Mirriah,5.0,2020,2020,44630.0,0.909189,4282522.0
NER,NER_6721,N'Guigmi,7.0,2020,2020,30163.0,0.688865,2970601.0
NER,NER_6741,Niamey,285.0,2020,2020,1335423.0,57.505204,371506528.0
NER,NER_7159,Ouallam,3.0,2020,2020,26593.0,0.590741,3028224.0
NER,NER_7732,Sanam,3.0,2020,2020,17393.0,0.601153,3186335.0
NER,NER_7809,Say,3.0,2020,2020,20928.0,0.686614,3266502.0
NER,NER_8290,Tahoua,38.0,2020,2020,175720.0,7.383072,44308168.0
NER,NER_8329,Tamaske,4.0,2020,2020,44945.0,0.963168,5387897.0
NER,NER_8367,Tanout,6.0,2020,2020,58619.0,1.106821,5801025.0
NER,NER_8408,Tchadoua,5.0,2020,2020,41768.0,1.032963,5503378.0
NER,NER_8416,Safo,1.0,2020,2020,14444.0,0.340472,1668628.0
NER,NER_8418,Tchintabaraden,8.0,2020,2020,59257.0,1.341226,6558850.0
NER,NER_8453,Tera,9.0,2020,2020,27575.0,1.396576,7686467.0
NER,NER_8457,Tessaoua,9.0,2020,2020,88687.0,2.232404,14816421.0
NER,NER_8510,Tillaberi,13.0,2020,2020,34526.0,1.858472,10875655.0
NER,NER_8579,Toro,2.0,2020,2020,5442.0,0.323435,1473298.0
NER,NER_8580,Torodi,5.0,2020,2020,11653.0,1.032572,5335801.0
NER,NER_8595,Toullou 1,3.0,2020,2020,9607.0,0.398158,1622784.0
NER,NER_8598,Toumour,4.0,2020,2020,19085.0,0.554274,1941894.0
NER,NER_8622,Tsernaoua,4.0,2020,2020,19911.0,0.699857,3187836.0
NER,NER_9070,Yekoua Nagalabou,2.0,2020,2020,11042.0,0.391211,1971083.0
NER,NER_9167,Zinder,51.0,2020,2020,374857.0,11.949646,75416616.0
NGA,NGA_1114,Alyi,6.0,2020,2020,19678.0,0.869613,3626315.0
NGA,NGA_1135,Amachara,11.0,2020,2020,11805.0,0.607162,1518075.0
NGA,NGA_1137,Amagunze,6.0,2020,2020,4923.0,0.541537,1459669.0
NGA,NGA_1144,Amaokwe,7.0,2020,2020,31048.0,1.148725,5176374.0
NGA,NGA_1149,Amaseri,5.0,2020,2020,19348.0,1.103794,7864556.0
NGA,NGA_1151,Amassama,3.0,2020,2020,58224.0,0.797338,4831995.0
NGA,NGA_1173,Ambursa,4.0,2020,2020,21793.0,0.910704,5626659.0
NGA,NGA_1176,Ameke,3.0,2020,2020,6965.0,0.587046,2856936.0
NGA,NGA_1186,Amoso,4.0,2020,2020,10555.0,0.54963,2491846.0
NGA,NGA_1188,Amoya,5.0,2020,2020,23652.0,0.99421,5138578.0
NGA,NGA_1189,Amper,3.0,2020,2020,8642.0,0.586716,3201358.0
NGA,NGA_1195,Tunga maje,5.0,2020,2020,23274.0,1.152577,6558470.0
NGA,NGA_1196,tunga maje,2.0,2020,2020,11950.0,0.463349,2509751.0
NGA,NGA_1200,Anchau,2.0,2020,2020,7580.0,0.42867,2390979.0
NGA,NGA_1220,Anka,4.0,2020,2020,27123.0,0.923874,5788946.0
NGA,NGA_1222,Ankpa,32.0,2020,2020,130052.0,5.997207,39836444.0
NGA,NGA_1244,Anyigba,8.0,2020,2020,22428.0,1.537687,9738760.0
NGA,NGA_1254,Aplapum,2.0,2020,2020,13467.0,0.4589,2134304.0
NGA,NGA_1269,Aramoko Ekiti,6.0,2020,2020,59561.0,1.308751,9442153.0
NGA,NGA_1281,Argungu,19.0,2020,2020,98325.0,4.390633,29551884.0
NGA,NGA_1291,Aro,11.0,2020,2020,44477.0,1.765431,7819354.0
NGA,NGA_1292,Arochukwu,13.0,2020,2020,115436.0,2.503095,14646555.0
NGA,NGA_1304,Asa/Awara,10.0,2020,2020,26373.0,1.515011,7962126.0
NGA,NGA_1305,Asaba,88.0,2020,2020,419894.0,23.339336,169791904.0
NGA,NGA_1306,Asaga,4.0,2020,2020,20176.0,0.650724,4030556.0
NGA,NGA_1310,Sabon Gari ,2.0,2020,2020,12861.0,0.505328,3121715.0
NGA,NGA_1320,Ashaka,4.0,2020,2020,18389.0,0.79162,3882597.0
NGA,NGA_133,Abuja,678.0,2020,2020,4053214.0,164.422224,1276146048.0
NGA,NGA_1331,Askira,5.0,2020,2020,12264.0,1.177765,6656732.0
NGA,NGA_134,Abuja Military Areas,4.0,2020,2020,17578.0,0.843435,4268662.0
NGA,NGA_135,Abukur,2.0,2020,2020,13040.0,0.551654,2769282.0
NGA,NGA_1367,Atom,4.0,2020,2020,6513.0,0.560716,2327112.0
NGA,NGA_1377,Auchi,58.0,2020,2020,312303.0,11.332898,80228616.0
NGA,NGA_1378,Augie,2.0,2020,2020,6580.0,0.415245,2449941.0
NGA,NGA_1379,Auna,3.0,2020,2020,10188.0,0.557882,2621553.0
NGA,NGA_138,Abuochicie,15.0,2020,2020,25878.0,1.572931,5886757.0
NGA,NGA_1388,Madaki,3.0,2020,2020,13472.0,0.713215,4292874.0
NGA,NGA_1391,Awgu,9.0,2020,2020,42424.0,1.796368,10275911.0
NGA,NGA_1416,Aya Abam,4.0,2020,2020,15642.0,0.73435,3451575.0
NGA,NGA_1417,Ayadeghe,6.0,2020,2020,17831.0,0.605226,1761804.0
NGA,NGA_1426,Azare,36.0,2020,2020,131692.0,7.945476,47286928.0
NGA,NGA_1427,Azare_2,2.0,2020,2020,10709.0,0.589051,3359097.0
NGA,NGA_1435,Azuwa,15.0,2020,2020,27838.0,2.125462,7792527.0
NGA,NGA_1447,Babbangida,3.0,2020,2020,11568.0,0.566067,2645628.0
NGA,NGA_1448,Babban Gona,2.0,2020,2020,5566.0,0.415292,2238252.0
NGA,NGA_1452,Babura,5.0,2020,2020,16790.0,1.12121,6847633.0
NGA,NGA_1454,Badagry,34.0,2020,2020,278132.0,8.912483,64450604.0
NGA,NGA_1461,Lekki,34.0,2020,2020,30934.0,3.272466,15596062.0
NGA,NGA_147,Achalla,6.0,2020,2020,14980.0,0.796261,3257177.0
NGA,NGA_1473,Baga ,4.0,2020,2020,26075.0,0.9583,4967368.0
NGA,NGA_1475,Bagale,1.0,2020,2020,4199.0,0.229296,826681.0
NGA,NGA_148,Achi 1,20.0,2020,2020,46282.0,2.792209,14092616.0
NGA,NGA_1483,Bagudo,5.0,2020,2020,26649.0,1.12877,6853751.0
NGA,NGA_149,Achi 2,1.0,2020,2020,5617.0,0.285651,1265088.0
NGA,NGA_15,Abaji,9.0,2020,2020,39646.0,1.844342,11925615.0
NGA,NGA_1502,Baissa,4.0,2020,2020,20420.0,0.84997,4348141.0
NGA,NGA_1505,Bajoga,9.0,2020,2020,107466.0,2.176589,13081286.0
NGA,NGA_1511,Bakori,5.0,2020,2020,23820.0,1.246118,7570750.0
NGA,NGA_1512,Bakumi,6.0,2020,2020,32606.0,1.091643,6315245.0
NGA,NGA_1513,Bakura,3.0,2020,2020,25970.0,0.690474,3813496.0
NGA,NGA_1520,Bala Musa,2.0,2020,2020,13248.0,0.513829,2765861.0
NGA,NGA_1523,Balala,2.0,2020,2020,7752.0,0.350709,1458319.0
NGA,NGA_1533,Bali,7.0,2020,2020,17855.0,1.396425,8831748.0
NGA,NGA_1545,Bama,11.0,2020,2020,89337.0,2.562405,15278111.0
NGA,NGA_1549,Bambam,3.0,2020,2020,14273.0,0.615841,2450125.0
NGA,NGA_163,Ado Awaiye,2.0,2020,2020,11122.0,0.486319,2528170.0
NGA,NGA_1652,Bantaje,3.0,2020,2020,7492.0,0.597103,2863413.0
NGA,NGA_1668,Barabarobara,11.0,2020,2020,49653.0,1.657973,7801037.0
NGA,NGA_1670,Barakin Babele,12.0,2020,2020,38777.0,2.314884,12037706.0
NGA,NGA_1683,Bargu,3.0,2020,2020,10163.0,0.503035,2339997.0
NGA,NGA_1689,Barkin Ladi,4.0,2020,2020,37706.0,1.089671,6507287.0
NGA,NGA_1699,Basawa,2.0,2020,2020,10719.0,0.448696,2032781.0
NGA,NGA_17,Abakaliki,261.0,2020,2020,609510.0,28.843596,158629120.0
NGA,NGA_1704,Bassa,2.0,2020,2020,11780.0,0.594341,3609244.0
NGA,NGA_1712,Batagarawa,4.0,2020,2020,17781.0,0.864669,4466522.0
NGA,NGA_1724,Batsari,5.0,2020,2020,30200.0,1.198827,6608912.0
NGA,NGA_1727,Bauchi,113.0,2020,2020,369842.0,27.60093,201350288.0
NGA,NGA_1728,Baure,2.0,2020,2020,21141.0,0.508648,2727539.0
NGA,NGA_1743,Bazza,5.0,2020,2020,9238.0,0.816604,3395496.0
NGA,NGA_1746,Bebeji,2.0,2020,2020,18773.0,0.627691,3524584.0
NGA,NGA_1771,Bela,15.0,2020,2020,94961.0,3.306115,19027820.0
NGA,NGA_1792,Bena,5.0,2020,2020,28770.0,1.290164,8354040.0
NGA,NGA_1822,Benin City,770.0,2020,2020,1514464.0,143.868928,1094033792.0
NGA,NGA_1823,Benisheikh,3.0,2020,2020,14910.0,0.673683,3475166.0
NGA,NGA_1838,Beri,2.0,2020,2020,5711.0,0.334868,1610190.0
NGA,NGA_186,Adikpo,30.0,2020,2020,50843.0,3.782311,20021116.0
NGA,NGA_1873,Bichi,8.0,2020,2020,64214.0,1.89729,9978671.0
NGA,NGA_1874,Bida,44.0,2020,2020,210458.0,11.528582,77538800.0
NGA,NGA_1898,Billiri,12.0,2020,2020,153638.0,2.747035,14436768.0
NGA,NGA_1907,Bindawa,2.0,2020,2020,11558.0,0.447899,2271842.0
NGA,NGA_1913,Binji,2.0,2020,2020,10984.0,0.41103,2002791.0
NGA,NGA_1936,Birnin Gwari,7.0,2020,2020,49793.0,1.773193,11534614.0
NGA,NGA_1937,Birnin Kebbi,49.0,2020,2020,364780.0,11.515683,81784520.0
NGA,NGA_1938,Birnin Kudu,7.0,2020,2020,62833.0,2.062339,14001741.0
NGA,NGA_1939,Birniwa,2.0,2020,2020,16955.0,0.448061,2734964.0
NGA,NGA_1961,Biu,21.0,2020,2020,107806.0,4.915235,33235160.0
NGA,NGA_1983,Bode Sadu,3.0,2020,2020,12507.0,0.682783,4152403.0
NGA,NGA_1986,Bodo,4.0,2020,2020,27169.0,1.077196,7290648.0
NGA,NGA_2005,Bojude,2.0,2020,2020,8814.0,0.455159,2242557.0
NGA,NGA_2006,Bojuega,3.0,2020,2020,8413.0,0.678599,4280532.0
NGA,NGA_201,Ado Ekiti,113.0,2020,2020,1136954.0,26.107536,195320144.0
NGA,NGA_2012,Bokkos,5.0,2020,2020,26597.0,1.199983,7068853.0
NGA,NGA_2026,Bomadi,5.0,2020,2020,37182.0,0.864275,5923897.0
NGA,NGA_2046,Bonny,19.0,2020,2020,162046.0,4.120684,29898940.0
NGA,NGA_205,Adogo Gari,3.0,2020,2020,5709.0,0.568841,3122858.0
NGA,NGA_206,Iloshi,8.0,2020,2020,22179.0,0.950443,3660809.0
NGA,NGA_2065,Boria,2.0,2020,2020,3891.0,0.411137,1886400.0
NGA,NGA_207,Adoka,5.0,2020,2020,12250.0,0.979239,4695476.0
NGA,NGA_2157,Brass,4.0,2020,2020,16209.0,0.687277,3580928.0
NGA,NGA_2186,Bugau,2.0,2020,2020,11255.0,0.572018,3202435.0
NGA,NGA_2190,Buguma,3.0,2020,2020,17147.0,0.533621,3210150.0
NGA,NGA_2200,Bukkuyum,2.0,2020,2020,10050.0,0.525824,2964550.0
NGA,NGA_2203,Bula Chirabe/Banki [NGA],4.0,2020,2020,38769.0,1.06103,6451264.0
NGA,NGA_2231,Bungudu,4.0,2020,2020,28600.0,1.042996,6363598.0
NGA,NGA_2233,Buniyadi,7.0,2020,2020,23402.0,1.719695,8975976.0
NGA,NGA_2236,Bunkure,2.0,2020,2020,15470.0,0.494571,2868659.0
NGA,NGA_2238,Bunza,6.0,2020,2020,63935.0,1.463331,9058307.0
NGA,NGA_225,Afikpo,18.0,2020,2020,73346.0,3.301645,25299104.0
NGA,NGA_2257,Buruku 1,5.0,2020,2020,7321.0,0.55396,2382181.0
NGA,NGA_2258,Buruku 2,2.0,2020,2020,11942.0,0.668723,4236522.0
NGA,NGA_2282,Buter,8.0,2020,2020,12158.0,0.982499,3862770.0
NGA,NGA_2303,Bwari,35.0,2020,2020,165375.0,7.0406,47700092.0
NGA,NGA_231,Afukpilla/Kominio,3.0,2020,2020,16272.0,0.708859,4533829.0
NGA,NGA_232,Afuze,9.0,2020,2020,34347.0,1.363006,6603902.0
NGA,NGA_2322,Calabar,83.0,2020,2020,993296.0,24.488384,201914256.0
NGA,NGA_2355,Chadawa,2.0,2020,2020,12080.0,0.484044,2328864.0
NGA,NGA_2356,Chafo,2.0,2020,2020,2758.0,0.263075,962524.0
NGA,NGA_236,Agaie,7.0,2020,2020,45302.0,1.679034,10790135.0
NGA,NGA_2365,Chanchaga,7.0,2020,2020,32541.0,1.646455,10269575.0
NGA,NGA_2372,Charanchi,3.0,2020,2020,27866.0,0.991808,5619157.0
NGA,NGA_241,Ago Are,7.0,2020,2020,19344.0,1.113577,4968210.0
NGA,NGA_2411,Chia,3.0,2020,2020,10023.0,0.636812,4283090.0
NGA,NGA_2414,Chibok,4.0,2020,2020,23976.0,0.819246,4177846.0
NGA,NGA_2429,Chinade,2.0,2020,2020,7900.0,0.524386,2686863.0
NGA,NGA_2443,Chiromawa,3.0,2020,2020,24194.0,0.650185,3063506.0
NGA,NGA_2463,Cham,2.0,2020,2020,10329.0,0.388174,1819013.0
NGA,NGA_247,Agbogugu,4.0,2020,2020,9883.0,0.593583,2978993.0
NGA,NGA_249,Agbor,59.0,2020,2020,193466.0,12.592395,83133360.0
NGA,NGA_2518,Dabai,2.0,2020,2020,11267.0,0.606287,4833938.0
NGA,NGA_2526,Dadin Kowa 1,4.0,2020,2020,16829.0,0.880011,4672188.0
NGA,NGA_253,Ado/Isalu/Iyafin,57.0,2020,2020,234938.0,7.350113,45070208.0
NGA,NGA_2532,Dagere,2.0,2020,2020,6978.0,0.329123,1403441.0
NGA,NGA_2546,Dakaiyyawa,3.0,2020,2020,15156.0,0.668251,4024623.0
NGA,NGA_2547,Dakingari,6.0,2020,2020,33732.0,1.455356,9024837.0
NGA,NGA_2551,Dalahi,3.0,2020,2020,10923.0,0.37483,1366470.0
NGA,NGA_256,Agenebode,9.0,2020,2020,39200.0,1.6719,10525027.0
NGA,NGA_2560,Damagum,4.0,2020,2020,23969.0,0.935288,5146540.0
NGA,NGA_2564,Damasak,4.0,2020,2020,32818.0,0.975212,5630990.0
NGA,NGA_2566,Damaturu,52.0,2020,2020,299722.0,11.259162,71021544.0
NGA,NGA_2570,Damban,3.0,2020,2020,45529.0,0.833351,4714415.0
NGA,NGA_2571,Danbatta,9.0,2020,2020,87898.0,2.256692,13075634.0
NGA,NGA_2572,Damboa,7.0,2020,2020,52599.0,1.712524,9750241.0
NGA,NGA_2586,Dan Alhaji,2.0,2020,2020,9848.0,0.428101,2492967.0
NGA,NGA_2587,Dan Hassan,2.0,2020,2020,20517.0,0.537393,3053496.0
NGA,NGA_2589,Dansadau,3.0,2020,2020,17905.0,0.706839,4085132.0
NGA,NGA_2590,Dan Tatashi,2.0,2020,2020,5969.0,0.463637,2518210.0
NGA,NGA_2598,Dandume,8.0,2020,2020,76688.0,2.381873,16187980.0
NGA,NGA_26,Abduka,4.0,2020,2020,18205.0,0.816672,4863775.0
NGA,NGA_2601,Dange,2.0,2020,2020,21158.0,0.656607,3742730.0
NGA,NGA_2604,Danja 1,3.0,2020,2020,18718.0,0.972104,6296259.0
NGA,NGA_2605,Dankama,2.0,2020,2020,16026.0,0.590376,3558076.0
NGA,NGA_2610,Dapchi,2.0,2020,2020,8152.0,0.549762,2826499.0
NGA,NGA_262,Ago Amadu,7.0,2020,2020,19349.0,1.100116,4987122.0
NGA,NGA_2626,Darazo,6.0,2020,2020,56683.0,1.531936,10533775.0
NGA,NGA_2637,Dass,6.0,2020,2020,42258.0,1.030259,6048817.0
NGA,NGA_264,Agosasa,38.0,2020,2020,92610.0,3.742738,13911169.0
NGA,NGA_2641,Daura,20.0,2020,2020,259458.0,4.30585,25985278.0
NGA,NGA_2642,Dawakin Kudu,6.0,2020,2020,56127.0,1.44699,8006626.0
NGA,NGA_2643,Dawaki ,4.0,2020,2020,21877.0,0.760048,3397596.0
NGA,NGA_2653,Deba,2.0,2020,2020,8862.0,0.642977,3515758.0
NGA,NGA_2671,Deiba,2.0,2020,2020,3394.0,0.401319,1716180.0
NGA,NGA_2677,Dekina,6.0,2020,2020,30372.0,1.044941,6181242.0
NGA,NGA_2690,Dengebe,2.0,2020,2020,11662.0,0.497746,2654573.0
NGA,NGA_2691,Dengi,6.0,2020,2020,27161.0,1.264801,7676468.0
NGA,NGA_2735,Marama,5.0,2020,2020,11762.0,0.616121,2286910.0
NGA,NGA_2741,Diko,5.0,2020,2020,20517.0,0.878733,4524750.0
NGA,NGA_2743,Dikwa,5.0,2020,2020,34565.0,1.07366,5968127.0
NGA,NGA_2746,Dilpurtu,7.0,2020,2020,14331.0,1.71447,10458148.0
NGA,NGA_2776,Dirindaji,3.0,2020,2020,16626.0,0.765298,3683576.0
NGA,NGA_280,Agumu Koshi,3.0,2020,2020,5895.0,0.408204,1591039.0
NGA,NGA_281,Agwa,11.0,2020,2020,56103.0,1.750296,9556703.0
NGA,NGA_2826,Dogon Yaro,6.0,2020,2020,20910.0,1.082317,4801646.0
NGA,NGA_283,Aha,4.0,2020,2020,8852.0,0.665482,2803608.0
NGA,NGA_2831,Dokko,2.0,2020,2020,8761.0,0.489534,2727964.0
NGA,NGA_2838,Doma,17.0,2020,2020,49319.0,3.424919,20184204.0
NGA,NGA_284,Ahaba,10.0,2020,2020,40467.0,1.432318,6643570.0
NGA,NGA_2848,Donga,7.0,2020,2020,26966.0,1.403544,7362857.0
NGA,NGA_2854,Donko,2.0,2020,2020,8921.0,0.349019,1598827.0
NGA,NGA_2899,Dukku ,6.0,2020,2020,40522.0,1.460247,8062120.0
NGA,NGA_29,Abeokuta,238.0,2020,2020,597975.0,58.651688,441342880.0
NGA,NGA_2918,Dutse,25.0,2020,2020,137063.0,5.180993,28344088.0
NGA,NGA_2919,Dutsen Wai,2.0,2020,2020,14449.0,0.682314,4055577.0
NGA,NGA_2920,Dutsi 1,2.0,2020,2020,13539.0,0.548624,2942389.0
NGA,NGA_2921,Dutsi 2,2.0,2020,2020,10001.0,0.285424,1266418.0
NGA,NGA_2922,Dutsin Ma,14.0,2020,2020,87205.0,3.541695,22429586.0
NGA,NGA_294,Ahoada,12.0,2020,2020,100813.0,2.532816,13219759.0
NGA,NGA_2952,Echialike,10.0,2020,2020,9084.0,0.387929,969847.0
NGA,NGA_2959,Edor 1,3.0,2020,2020,12287.0,0.40536,1958836.0
NGA,NGA_2962,Edun,4.0,2020,2020,13306.0,1.068673,6163665.0
NGA,NGA_2967,Effium,27.0,2020,2020,44634.0,2.382912,9521927.0
NGA,NGA_2969,Effon,7.0,2020,2020,68043.0,1.529802,11746156.0
NGA,NGA_2970,Egbe Oke,10.0,2020,2020,108487.0,1.953303,11370955.0
NGA,NGA_2972,Egbo Ide,4.0,2020,2020,40340.0,0.867753,5428968.0
NGA,NGA_2973,Egbolom,6.0,2020,2020,41830.0,1.073622,5786294.0
NGA,NGA_2976,Egubuma,3.0,2020,2020,12828.0,0.510995,2255567.0
NGA,NGA_2977,Egume,42.0,2020,2020,113970.0,7.383347,51934604.0
NGA,NGA_2978,Egwi,5.0,2020,2020,26508.0,0.758709,3689585.0
NGA,NGA_298,Aidu,3.0,2020,2020,16193.0,0.801568,4698258.0
NGA,NGA_2980,Eha Amufu,4.0,2020,2020,17561.0,0.670362,3110603.0
NGA,NGA_2986,Ejigbo,29.0,2020,2020,105054.0,5.313375,32937820.0
NGA,NGA_2988,Ejule,13.0,2020,2020,46251.0,1.811607,9512320.0
NGA,NGA_2990,Ekan Meje,3.0,2020,2020,9353.0,0.506148,2384996.0
NGA,NGA_2993,Eke 1,9.0,2020,2020,13686.0,1.104133,5153821.0
NGA,NGA_2994,Eke 2,4.0,2020,2020,10133.0,0.649127,2685652.0
NGA,NGA_2995,Afuda/Eguere,13.0,2020,2020,56669.0,1.789269,8026317.0
NGA,NGA_2996,Eket,89.0,2020,2020,486491.0,14.403951,78395376.0
NGA,NGA_2997,Ekinrin,5.0,2020,2020,32615.0,0.93709,4766206.0
NGA,NGA_3002,Ekpene Ukim,7.0,2020,2020,27706.0,0.94871,3967452.0
NGA,NGA_3004,Ekpesa,8.0,2020,2020,36279.0,1.258004,7063698.0
NGA,NGA_3007,Eku,11.0,2020,2020,49228.0,1.656133,9206540.0
NGA,NGA_3008,Ekuku Agbor,3.0,2020,2020,9544.0,0.713788,3563106.0
NGA,NGA_3009,Ekumtak,8.0,2020,2020,24749.0,0.746171,2832674.0
NGA,NGA_3081,Elele,7.0,2020,2020,60800.0,1.51032,9776541.0
NGA,NGA_3086,Lokpaukwu,4.0,2020,2020,21227.0,0.748245,4349503.0
NGA,NGA_3100,Emuoha 1,4.0,2020,2020,21628.0,0.700579,4037286.0
NGA,NGA_3101,Emure Ekiti,23.0,2020,2020,159379.0,4.036269,23543292.0
NGA,NGA_3119,Enugu,236.0,2020,2020,1034763.0,50.911592,417874784.0
NGA,NGA_3120,Enugu Abo,5.0,2020,2020,12574.0,0.786916,3052579.0
NGA,NGA_3123,Enugwu Agidi 2,4.0,2020,2020,19575.0,0.889072,5354369.0
NGA,NGA_3126,Epe,40.0,2020,2020,164638.0,7.544179,46320708.0
NGA,NGA_3127,Ajido,8.0,2020,2020,33717.0,1.479905,7884498.0
NGA,NGA_3129,Erin,3.0,2020,2020,7823.0,0.544466,3005241.0
NGA,NGA_3137,Eruwa,16.0,2020,2020,62196.0,3.444785,21606608.0
NGA,NGA_3140,Esa Oke,5.0,2020,2020,26228.0,1.174361,8341977.0
NGA,NGA_3161,Etu,3.0,2020,2020,4208.0,0.383726,1328427.0
NGA,NGA_3168,Evwreni,4.0,2020,2020,9780.0,0.545614,2573473.0
NGA,NGA_3170,Ewu,4.0,2020,2020,25980.0,0.59354,3095204.0
NGA,NGA_3177,Eziama/Okpuala,7.0,2020,2020,20117.0,1.149249,4604185.0
NGA,NGA_3182,Fadan Karshe,2.0,2020,2020,12111.0,0.51712,3048564.0
NGA,NGA_3186,Fage,2.0,2020,2020,13447.0,0.394011,1825394.0
NGA,NGA_3188,Faku,4.0,2020,2020,13992.0,0.759682,3208997.0
NGA,NGA_3196,Faran,3.0,2020,2020,6250.0,0.566331,2947187.0
NGA,NGA_3204,Faskari,4.0,2020,2020,27058.0,0.813807,4924287.0
NGA,NGA_3218,Sangere,7.0,2020,2020,22625.0,1.413369,8731450.0
NGA,NGA_3238,Fiditi,4.0,2020,2020,19408.0,0.780395,5351353.0
NGA,NGA_3243,Fika,2.0,2020,2020,13866.0,0.565957,2832226.0
NGA,NGA_3245,Fili,14.0,2020,2020,43719.0,2.496736,15364801.0
NGA,NGA_3247,Filiya,5.0,2020,2020,22164.0,0.991516,5069137.0
NGA,NGA_3287,Fufore,4.0,2020,2020,17689.0,0.793395,3784789.0
NGA,NGA_3288,Fugar,12.0,2020,2020,39597.0,1.667286,9207710.0
NGA,NGA_3293,Funtua,28.0,2020,2020,177030.0,7.178743,47877620.0
NGA,NGA_3314,Gada,3.0,2020,2020,17008.0,0.689993,3685047.0
NGA,NGA_3315,Gadabuke,3.0,2020,2020,10513.0,0.555335,2343003.0
NGA,NGA_3324,Gajram,4.0,2020,2020,20790.0,0.68616,2863137.0
NGA,NGA_3328,Galadi,2.0,2020,2020,11272.0,0.455679,2709403.0
NGA,NGA_3335,Gali,3.0,2020,2020,13891.0,0.785788,5138425.0
NGA,NGA_3343,Gamawa,5.0,2020,2020,30059.0,0.974034,4867297.0
NGA,NGA_3346,Gambaru,8.0,2020,2020,75740.0,2.228151,13726672.0
NGA,NGA_3360,Gandi,2.0,2020,2020,11922.0,0.583313,3556134.0
NGA,NGA_3365,Ganye,16.0,2020,2020,83921.0,3.55125,19752078.0
NGA,NGA_3374,Garaku,5.0,2020,2020,18705.0,0.844235,4055116.0
NGA,NGA_3377,Garam,4.0,2020,2020,18142.0,0.754901,3777258.0
NGA,NGA_3386,Garin Madsam,3.0,2020,2020,23741.0,0.981937,5595732.0
NGA,NGA_3388,Garkida,3.0,2020,2020,11146.0,0.641001,3730064.0
NGA,NGA_3389,Garko,3.0,2020,2020,21557.0,0.922949,5270690.0
NGA,NGA_3390,Garo,2.0,2020,2020,13248.0,0.601862,3244100.0
NGA,NGA_3397,Garum Malam,2.0,2020,2020,19111.0,0.48692,2732515.0
NGA,NGA_34,Abinsi,3.0,2020,2020,6660.0,0.428045,1986699.0
NGA,NGA_3405,Gashua,13.0,2020,2020,108065.0,4.028651,25146778.0
NGA,NGA_3410,Gatisa,3.0,2020,2020,7011.0,0.44425,1740851.0
NGA,NGA_3414,Gaubi,5.0,2020,2020,16932.0,1.006727,5141758.0
NGA,NGA_3415,Gawura,3.0,2020,2020,20081.0,0.409034,1311829.0
NGA,NGA_3417,Gaya,5.0,2020,2020,33008.0,1.640711,10594546.0
NGA,NGA_3435,Gbajimba,5.0,2020,2020,7986.0,0.538496,1737449.0
NGA,NGA_3445,Gboko,73.0,2020,2020,290983.0,18.868048,125545936.0
NGA,NGA_3447,Gbongan,13.0,2020,2020,70369.0,2.817775,18349840.0
NGA,NGA_3453,Gebe,1.0,2020,2020,5182.0,0.31853,1923482.0
NGA,NGA_3459,Geidam,13.0,2020,2020,56879.0,2.891133,17028560.0
NGA,NGA_3463,Gembu,8.0,2020,2020,29247.0,1.733362,15616489.0
NGA,NGA_3475,Gerkawa,5.0,2020,2020,10417.0,0.776055,3484345.0
NGA,NGA_3478,Getso,2.0,2020,2020,15207.0,0.573193,3830350.0
NGA,NGA_3479,Gezawa,4.0,2020,2020,33431.0,1.056136,6039099.0
NGA,NGA_3495,Giade,5.0,2020,2020,33822.0,1.009505,5492004.0
NGA,NGA_3498,Gidan Ami Akwiya,2.0,2020,2020,3649.0,0.325912,1390299.0
NGA,NGA_3499,Gidan Dala,1.0,2020,2020,5727.0,0.258952,1082095.0
NGA,NGA_35,Abiriba,11.0,2020,2020,90786.0,2.553419,22286100.0
NGA,NGA_3519,Giri,5.0,2020,2020,19148.0,1.081386,6054798.0
NGA,NGA_3521,Giringwe,2.0,2020,2020,5270.0,0.489826,2596112.0
NGA,NGA_3542,Glogbo/Seme [NGA],9.0,2020,2020,36250.0,1.562547,8660791.0
NGA,NGA_3565,Gombe,84.0,2020,2020,567014.0,25.135696,171563616.0
NGA,NGA_3567,Gombi,18.0,2020,2020,101886.0,3.732004,24824936.0
NGA,NGA_3584,Gota,5.0,2020,2020,15595.0,0.871729,5310708.0
NGA,NGA_3619,Guai,5.0,2020,2020,7890.0,0.846266,4503620.0
NGA,NGA_3621,Gubio,3.0,2020,2020,24257.0,0.671776,3298464.0
NGA,NGA_3623,Gudi,3.0,2020,2020,8447.0,0.403356,1584707.0
NGA,NGA_3624,Gudumbali,2.0,2020,2020,12909.0,0.383977,1778127.0
NGA,NGA_363,Aisegba,4.0,2020,2020,26317.0,0.713781,3599623.0
NGA,NGA_3657,Gulak,6.0,2020,2020,26852.0,1.075946,5104179.0
NGA,NGA_3659,Gulma,3.0,2020,2020,16656.0,0.726292,4112595.0
NGA,NGA_3662,Gumau,2.0,2020,2020,8177.0,0.525476,2728417.0
NGA,NGA_3663,Gumel 1,10.0,2020,2020,143797.0,2.687223,17279220.0
NGA,NGA_3664,Gumel 2,3.0,2020,2020,10170.0,0.53302,2207021.0
NGA,NGA_3665,Gummi,9.0,2020,2020,64798.0,2.337391,14576481.0
NGA,NGA_3672,Gurin,2.0,2020,2020,13483.0,0.601104,3348886.0
NGA,NGA_3674,Guroji,2.0,2020,2020,8018.0,0.4936,3877760.0
NGA,NGA_3675,Gusau,61.0,2020,2020,614288.0,15.402287,111616112.0
NGA,NGA_3679,Guyuk,6.0,2020,2020,54959.0,1.25006,6531957.0
NGA,NGA_3680,Gwadabawa,4.0,2020,2020,25261.0,0.917338,5216517.0
NGA,NGA_3681,Gwadainya,6.0,2020,2020,23039.0,1.668828,9964431.0
NGA,NGA_3683,Gwagwalada,32.0,2020,2020,221065.0,9.390747,65612456.0
NGA,NGA_3685,Gwandu,5.0,2020,2020,21610.0,1.41079,9975514.0
NGA,NGA_3686,Gwano,1.0,2020,2020,7110.0,0.315256,1723710.0
NGA,NGA_3687,Gwantu,5.0,2020,2020,17916.0,0.816398,3710898.0
NGA,NGA_3688,Gwaram ,3.0,2020,2020,21837.0,0.955804,7285133.0
NGA,NGA_3689,Gwarzo,7.0,2020,2020,55429.0,1.644446,9470025.0
NGA,NGA_369,Aiye,3.0,2020,2020,19489.0,0.39011,1601263.0
NGA,NGA_3696,Gwoza,10.0,2020,2020,74697.0,2.285101,12961299.0
NGA,NGA_370,Aiye/Ankpa,5.0,2020,2020,8682.0,0.924406,3982344.0
NGA,NGA_3700,Hadejia,16.0,2020,2020,243243.0,4.309583,27598116.0
NGA,NGA_371,Aiyede 2,4.0,2020,2020,24250.0,0.648852,3136978.0
NGA,NGA_372,Aiyede 1,4.0,2020,2020,14811.0,0.794643,4628749.0
NGA,NGA_374,Olode,4.0,2020,2020,16843.0,0.854024,5876346.0
NGA,NGA_3749,Hardawa,5.0,2020,2020,25558.0,0.719851,3720704.0
NGA,NGA_375,Aiyepe Odo,4.0,2020,2020,15179.0,0.693281,3921489.0
NGA,NGA_376,Aiyete,6.0,2020,2020,20285.0,1.174051,6860418.0
NGA,NGA_377,Aiyetoro,12.0,2020,2020,32098.0,3.384267,20647170.0
NGA,NGA_378,Aiyetoro Gbede,9.0,2020,2020,60025.0,1.847161,10510929.0
NGA,NGA_380,Ajagba,3.0,2020,2020,24963.0,0.6367,3818075.0
NGA,NGA_3805,Hildi,4.0,2020,2020,5592.0,0.802552,3635303.0
NGA,NGA_381,Ajaokuta,8.0,2020,2020,46688.0,1.249831,5127676.0
NGA,NGA_382,Ajasse Ipo,3.0,2020,2020,9299.0,0.611408,3032443.0
NGA,NGA_3827,Hong,2.0,2020,2020,4497.0,0.473561,2060588.0
NGA,NGA_3841,Hungu,1.0,2020,2020,7995.0,0.29372,1528583.0
NGA,NGA_3842,Hunkuyi,2.0,2020,2020,14384.0,0.62011,3874528.0
NGA,NGA_3851,Iba,2.0,2020,2020,6362.0,0.377314,1849890.0
NGA,NGA_3853,Ibadan,770.0,2020,2020,4757284.0,200.97992,1585733376.0
NGA,NGA_3855,Ibaka,3.0,2020,2020,9015.0,0.709617,4087536.0
NGA,NGA_3858,Ibe,3.0,2020,2020,21882.0,0.576811,2449084.0
NGA,NGA_3862,Ibelu,2.0,2020,2020,11659.0,0.615008,3367602.0
NGA,NGA_3863,Ibi,6.0,2020,2020,16880.0,1.201729,6576185.0
NGA,NGA_3864,Ibia,3.0,2020,2020,24617.0,0.515476,2623045.0
NGA,NGA_3865,Ibiagidi,31.0,2020,2020,91237.0,3.241411,11404680.0
NGA,NGA_3868,Ibokun,4.0,2020,2020,18943.0,0.78749,4430240.0
NGA,NGA_3870,Iboro,4.0,2020,2020,5273.0,0.586301,2338581.0
NGA,NGA_3873,Ibusa,16.0,2020,2020,44252.0,3.501425,21373006.0
NGA,NGA_3875,Icheabu,3.0,2020,2020,10472.0,0.554494,3259027.0
NGA,NGA_3878,Idah,52.0,2020,2020,195954.0,8.257869,52951664.0
NGA,NGA_3880,Idanre,11.0,2020,2020,65732.0,2.870685,25663938.0
NGA,NGA_3884,Idere,3.0,2020,2020,10746.0,0.626714,3171087.0
NGA,NGA_3886,Idi Emi,8.0,2020,2020,13065.0,1.482265,7561100.0
NGA,NGA_3890,Ido Ekiti,12.0,2020,2020,107847.0,2.758828,19550628.0
NGA,NGA_3891,Idoani,4.0,2020,2020,14141.0,0.721869,4649014.0
NGA,NGA_3893,Idomi,2.0,2020,2020,10991.0,0.303142,1534029.0
NGA,NGA_3894,Idon Kasa,1.0,2020,2020,8792.0,0.493538,3157385.0
NGA,NGA_3895,Idowa,4.0,2020,2020,12697.0,0.556469,2429156.0
NGA,NGA_390,Ajingi,2.0,2020,2020,8830.0,0.441092,2723988.0
NGA,NGA_3900,Ifaki,4.0,2020,2020,36517.0,0.931996,5893388.0
NGA,NGA_3902,Ifangni/Idi Iroko [NGA],27.0,2020,2020,140989.0,5.977288,40502432.0
NGA,NGA_3903,Ife 1,104.0,2020,2020,614034.0,25.437316,189236944.0
NGA,NGA_3904,Ife 2,2.0,2020,2020,10996.0,0.409129,2024736.0
NGA,NGA_3907,Ifetedo,3.0,2020,2020,10767.0,0.652842,4288699.0
NGA,NGA_3908,Ifewara,2.0,2020,2020,9412.0,0.435607,2259658.0
NGA,NGA_391,Aka Ese,5.0,2020,2020,18240.0,0.864535,4241019.0
NGA,NGA_3910,Ifon,8.0,2020,2020,30606.0,1.506343,9194721.0
NGA,NGA_3916,Igana,4.0,2020,2020,14781.0,0.830773,4502742.0
NGA,NGA_3918,Igangan,8.0,2020,2020,19880.0,1.439831,7423022.0
NGA,NGA_3919,Igarra,17.0,2020,2020,77053.0,2.669949,16428130.0
NGA,NGA_392,Akana/Ogu,4.0,2020,2020,41503.0,0.596912,3029781.0
NGA,NGA_3921,Igbaja,3.0,2020,2020,9384.0,0.513677,2396946.0
NGA,NGA_3922,Igbajo,3.0,2020,2020,14068.0,0.611971,3893947.0
NGA,NGA_3923,Igbanke,9.0,2020,2020,26789.0,1.210622,4556051.0
NGA,NGA_3924,Igbara Odo,5.0,2020,2020,39153.0,0.992169,5451447.0
NGA,NGA_3925,Owena Ijesha,3.0,2020,2020,15839.0,0.67808,4299509.0
NGA,NGA_3929,Igbere,4.0,2020,2020,22707.0,0.88707,5924064.0
NGA,NGA_393,Akabuka,9.0,2020,2020,70938.0,1.782827,8609244.0
NGA,NGA_3931,Igbeti,13.0,2020,2020,45683.0,2.470887,14217989.0
NGA,NGA_3932,Igbidu,168.0,2020,2020,205884.0,10.964351,31426104.0
NGA,NGA_3933,Igbo Emabama,3.0,2020,2020,12597.0,0.412633,1729413.0
NGA,NGA_3934,Igbo Ora,17.0,2020,2020,71084.0,3.766541,22240180.0
NGA,NGA_3935,Igbo Tako,6.0,2020,2020,24566.0,1.031524,4611457.0
NGA,NGA_3938,Igbogila,4.0,2020,2020,8109.0,0.879917,4656359.0
NGA,NGA_3939,Igboho,18.0,2020,2020,62761.0,3.238158,18892716.0
NGA,NGA_3940,Igbokoda,13.0,2020,2020,125436.0,2.420755,14054238.0
NGA,NGA_3942,Igede Ekiti,10.0,2020,2020,86159.0,1.96831,12870111.0
NGA,NGA_3943,Igodo,3.0,2020,2020,12544.0,0.435965,2030972.0
NGA,NGA_3944,Igogo Ekiti,3.0,2020,2020,22126.0,0.643616,3682603.0
NGA,NGA_3946,Igueben,9.0,2020,2020,32084.0,1.190168,4390601.0
NGA,NGA_3949,Iguobazuwa,4.0,2020,2020,21776.0,0.587552,2550293.0
NGA,NGA_395,Akahufu,41.0,2020,2020,40162.0,1.927366,4819347.0
NGA,NGA_3952,Ihalav,9.0,2020,2020,17060.0,1.328283,6991929.0
NGA,NGA_3956,Ihube/Nduhu,5.0,2020,2020,24724.0,0.963898,6445088.0
NGA,NGA_3957,Ihubogo,4.0,2020,2020,31537.0,0.795337,3607426.0
NGA,NGA_3958,Ihugh,6.0,2020,2020,17047.0,1.133794,6395016.0
NGA,NGA_3961,Ijare,5.0,2020,2020,16274.0,0.836232,4989592.0
NGA,NGA_3963,Ijebu Igbo,26.0,2020,2020,122070.0,5.271088,36531676.0
NGA,NGA_3964,Ijebu Ijesha,8.0,2020,2020,38324.0,1.576185,9961235.0
NGA,NGA_3965,Ijebu Ode,123.0,2020,2020,553888.0,24.676064,145393104.0
NGA,NGA_3966,Ijero Ekiti,7.0,2020,2020,59342.0,1.426807,10029891.0
NGA,NGA_3968,Ijoun,5.0,2020,2020,7127.0,0.911252,4386103.0
NGA,NGA_3970,Ayetoro Iju & Ifa Ogbolu,10.0,2020,2020,45802.0,2.01466,12110427.0
NGA,NGA_3971,Ika,44.0,2020,2020,84959.0,2.811627,7233058.0
NGA,NGA_3973,Ikara,5.0,2020,2020,23113.0,1.123797,6759877.0
NGA,NGA_3974,Ikare,34.0,2020,2020,159634.0,7.347205,46671604.0
NGA,NGA_3975,Ikeji,2.0,2020,2020,6029.0,0.374164,2165435.0
NGA,NGA_3979,Ikerre Ekiti,22.0,2020,2020,244894.0,5.307696,38786200.0
NGA,NGA_398,Akamkpa,6.0,2020,2020,26002.0,1.041405,5164950.0
NGA,NGA_3981,Ikire,36.0,2020,2020,212899.0,9.993237,76494160.0
NGA,NGA_3982,Ikirun,55.0,2020,2020,308917.0,13.89322,105848456.0
NGA,NGA_3984,Iloko Ijesa,3.0,2020,2020,10947.0,0.515843,2251225.0
NGA,NGA_3985,Ikole,15.0,2020,2020,112180.0,2.867887,17561198.0
NGA,NGA_3986,Ikom,17.0,2020,2020,109671.0,3.545095,23967526.0
NGA,NGA_3987,Ikoro,3.0,2020,2020,24773.0,0.602084,3701537.0
NGA,NGA_3988,Ikorodu,386.0,2020,2020,1414089.0,93.83764,816042240.0
NGA,NGA_3989,Ikot,24.0,2020,2020,43968.0,1.199263,2998644.0
NGA,NGA_3991,Ukpon,5.0,2020,2020,21164.0,0.783833,2850636.0
NGA,NGA_3992,Ikot Akpaete,11.0,2020,2020,43943.0,1.470031,4336882.0
NGA,NGA_3993,Ikot Ankan,81.0,2020,2020,167084.0,5.826913,14948083.0
NGA,NGA_3999,Ikot Offiong,21.0,2020,2020,54717.0,1.582215,4782823.0
NGA,NGA_4000,Ikot Ubo,11.0,2020,2020,26864.0,1.001412,2856998.0
NGA,NGA_4002,Ikpayongo,8.0,2020,2020,21406.0,1.508765,8172764.0
NGA,NGA_4006,Ila,21.0,2020,2020,82295.0,3.688907,24183596.0
NGA,NGA_4008,Ilara,5.0,2020,2020,22396.0,0.97001,6639881.0
NGA,NGA_4010,Ilaro,39.0,2020,2020,172902.0,6.003927,40191752.0
NGA,NGA_4011,Ilasa Ekiti,4.0,2020,2020,20424.0,0.566025,2384588.0
NGA,NGA_4012,Igbaraoke,6.0,2020,2020,26423.0,1.166469,7244627.0
NGA,NGA_4013,Ilawe Ekiti,8.0,2020,2020,70850.0,1.454931,10291690.0
NGA,NGA_4014,Ile Igbo,5.0,2020,2020,27502.0,1.013724,6140034.0
NGA,NGA_4015,Ile Oluji,14.0,2020,2020,70356.0,2.940817,20422276.0
NGA,NGA_4018,Ilero,6.0,2020,2020,23161.0,1.136277,5587221.0
NGA,NGA_4019,Ilesha,78.0,2020,2020,467169.0,18.004812,127990144.0
NGA,NGA_4020,Ilesha Ibariba,6.0,2020,2020,8973.0,0.991068,5250029.0
NGA,NGA_4021,Ijesu Isu,3.0,2020,2020,15431.0,0.419686,1773801.0
NGA,NGA_4023,Illela,8.0,2020,2020,61053.0,2.291832,14128997.0
NGA,NGA_4030,Ilorin,265.0,2020,2020,1389370.0,76.59888,597053504.0
NGA,NGA_4031,Iloro,3.0,2020,2020,28089.0,0.67845,4089087.0
NGA,NGA_4034,Ilueologbo Owe,6.0,2020,2020,22501.0,1.099315,5472490.0
NGA,NGA_4038,Ilutitun,5.0,2020,2020,30755.0,1.214532,6728611.0
NGA,NGA_4039,Iane,4.0,2020,2020,16578.0,0.850323,5109298.0
NGA,NGA_4043,Imeko,12.0,2020,2020,34193.0,2.277099,12942631.0
NGA,NGA_4049,Imota,11.0,2020,2020,29225.0,1.729151,11255276.0
NGA,NGA_4063,Ingawa,3.0,2020,2020,22210.0,0.872098,4820062.0
NGA,NGA_4064,Inisa,9.0,2020,2020,39931.0,1.925641,12945673.0
NGA,NGA_4071,Inyi-Umuom,8.0,2020,2020,29749.0,1.29068,7351373.0
NGA,NGA_4075,Iperu,12.0,2020,2020,50340.0,2.346952,14152423.0
NGA,NGA_4076,Ipetu Ijesha,6.0,2020,2020,27034.0,1.381806,8905483.0
NGA,NGA_4077,Ipetumodu,20.0,2020,2020,93990.0,4.220483,26093204.0
NGA,NGA_4079,Ipokia,9.0,2020,2020,22750.0,0.847587,3149151.0
NGA,NGA_4080,Iporo Ekiti,4.0,2020,2020,27396.0,0.740769,3347647.0
NGA,NGA_4081,Ipoti Ekiti,4.0,2020,2020,29753.0,0.727193,5085266.0
NGA,NGA_4083,Irawo,3.0,2020,2020,10330.0,0.589335,2299497.0
NGA,NGA_4084,Ire Ekiti,3.0,2020,2020,22284.0,0.559662,2491097.0
NGA,NGA_4085,Irele,12.0,2020,2020,117003.0,3.515218,24594810.0
NGA,NGA_4086,Iresi,3.0,2020,2020,7986.0,0.442074,1953959.0
NGA,NGA_4092,Irun,4.0,2020,2020,13688.0,0.67087,3034445.0
NGA,NGA_4093,Ogbagi,5.0,2020,2020,16251.0,0.792962,3533921.0
NGA,NGA_4094,Isa,5.0,2020,2020,33235.0,1.412584,9096612.0
NGA,NGA_4100,Isan,2.0,2020,2020,16644.0,0.440038,2387288.0
NGA,NGA_4103,Isanlu,12.0,2020,2020,120204.0,2.68363,15736405.0
NGA,NGA_4105,Isara,23.0,2020,2020,97368.0,4.036836,24807030.0
NGA,NGA_4107,Iseyin,43.0,2020,2020,208367.0,9.889796,65922844.0
NGA,NGA_4110,Ishiagu,10.0,2020,2020,44099.0,2.050678,12859630.0
NGA,NGA_4113,Isikpo,5.0,2020,2020,35692.0,1.07695,5364356.0
NGA,NGA_4123,Uso,2.0,2020,2020,15814.0,0.557969,3125941.0
NGA,NGA_4127,Issele Uku,14.0,2020,2020,43332.0,2.206232,12329181.0
NGA,NGA_4131,Ita Otu,5.0,2020,2020,16190.0,0.762759,3374131.0
NGA,NGA_4132,Itas,2.0,2020,2020,15077.0,0.489359,2579392.0
NGA,NGA_4138,Itigidi/Ebida,3.0,2020,2020,12833.0,0.462362,2182032.0
NGA,NGA_4139,Itobe,6.0,2020,2020,28285.0,0.835237,4503096.0
NGA,NGA_4142,Iware,4.0,2020,2020,9372.0,0.778248,3769831.0
NGA,NGA_4145,Iwo,45.0,2020,2020,255151.0,10.518288,74085880.0
NGA,NGA_4147,Iworoko,6.0,2020,2020,41055.0,1.167205,7760484.0
NGA,NGA_4150,Iyale,7.0,2020,2020,14825.0,1.148153,7088121.0
NGA,NGA_4151,Aiyetoro Ekiti,2.0,2020,2020,17790.0,0.431897,2811487.0
NGA,NGA_4152,Iyara,5.0,2020,2020,24595.0,0.8803,4813499.0
NGA,NGA_4163,Izom/Mararaba,8.0,2020,2020,40123.0,1.698439,9166166.0
NGA,NGA_4164,Izombe,6.0,2020,2020,23255.0,1.008697,4116230.0
NGA,NGA_4168,Jada,8.0,2020,2020,20218.0,1.789758,9918728.0
NGA,NGA_4170,Jahun,4.0,2020,2020,39900.0,1.042039,5942604.0
NGA,NGA_4171,Jahuna,3.0,2020,2020,7329.0,0.44369,2123771.0
NGA,NGA_4172,Jaji ,7.0,2020,2020,37266.0,1.452285,7597976.0
NGA,NGA_4173,Jajimaji,2.0,2020,2020,8572.0,0.434809,2433490.0
NGA,NGA_4175,Jakusko,2.0,2020,2020,12167.0,0.493334,2497077.0
NGA,NGA_4178,Jalingo,82.0,2020,2020,322197.0,21.519856,143263200.0
NGA,NGA_4181,Jamaare,4.0,2020,2020,37557.0,1.183369,6861816.0
NGA,NGA_4184,Jangero,2.0,2020,2020,9893.0,0.39624,1844829.0
NGA,NGA_4188,Jauro,6.0,2020,2020,13915.0,1.178005,6210851.0
NGA,NGA_4190,Jebba,6.0,2020,2020,23952.0,1.205513,8719218.0
NGA,NGA_4193,Jega,13.0,2020,2020,113164.0,3.8497,29631908.0
NGA,NGA_4194,Jemaa,4.0,2020,2020,14715.0,0.644175,3105608.0
NGA,NGA_4196,Jen Kaigawa,4.0,2020,2020,4981.0,0.617806,2583728.0
NGA,NGA_4201,Jere,3.0,2020,2020,15454.0,0.651538,3962140.0
NGA,NGA_4203,Jesse,11.0,2020,2020,54868.0,2.172661,14853435.0
NGA,NGA_4204,Jibiya,10.0,2020,2020,51768.0,3.140017,18965012.0
NGA,NGA_4209,Jikamshi,2.0,2020,2020,15241.0,0.503084,2572037.0
NGA,NGA_4211,Jimeta,108.0,2020,2020,598208.0,25.57598,164253376.0
NGA,NGA_4219,Jogana,4.0,2020,2020,35723.0,1.133721,7172197.0
NGA,NGA_4226,Jos,229.0,2020,2020,761826.0,58.25234,460072416.0
NGA,NGA_425,Aku,10.0,2020,2020,54811.0,1.700405,9862145.0
NGA,NGA_4250,Kabba,22.0,2020,2020,121950.0,4.794551,31982914.0
NGA,NGA_4251,Ungwan Abdullah Maifata,5.0,2020,2020,13772.0,1.388704,8519193.0
NGA,NGA_4258,Kabo,2.0,2020,2020,21798.0,0.456182,2498020.0
NGA,NGA_426,Akungba,25.0,2020,2020,95294.0,4.952547,28304804.0
NGA,NGA_4260,Kabogi,2.0,2020,2020,7195.0,0.5116,2910954.0
NGA,NGA_427,Akure,222.0,2020,2020,1230935.0,49.853072,397793760.0
NGA,NGA_4280,Kachako,3.0,2020,2020,18004.0,0.814329,5251349.0
NGA,NGA_4281,Kachia,5.0,2020,2020,19487.0,1.033462,5408488.0
NGA,NGA_4288,Kado,4.0,2020,2020,7911.0,1.007824,5199522.0
NGA,NGA_429,Akwanga,30.0,2020,2020,102727.0,4.751546,27805632.0
NGA,NGA_4291,Kaduna,307.0,2020,2020,2460314.0,88.30032,669910656.0
NGA,NGA_4296,Kafanchan,22.0,2020,2020,106583.0,4.145435,22814814.0
NGA,NGA_4299,Kafin Hausa,4.0,2020,2020,54577.0,0.945283,5000345.0
NGA,NGA_4300,Kafin Madaki,3.0,2020,2020,9312.0,0.603352,3275032.0
NGA,NGA_431,Akwete,4.0,2020,2020,20044.0,0.565045,2168049.0
NGA,NGA_438,Alabanisi,3.0,2020,2020,8023.0,0.536556,2479286.0
NGA,NGA_4394,Kafur,2.0,2020,2020,11493.0,0.581886,3497169.0
NGA,NGA_4398,Kagara,5.0,2020,2020,22819.0,1.106104,6656973.0
NGA,NGA_4399,Kagarko,3.0,2020,2020,14204.0,0.564624,2974475.0
NGA,NGA_4401,Kagoe,3.0,2020,2020,11619.0,0.546073,2666321.0
NGA,NGA_4404,Kagoro,16.0,2020,2020,47881.0,2.101891,9089624.0
NGA,NGA_4412,Kaiama 1,10.0,2020,2020,37819.0,1.845837,10646473.0
NGA,NGA_4416,Kaita,2.0,2020,2020,13602.0,0.489796,2696797.0
NGA,NGA_4430,Obudu,35.0,2020,2020,148442.0,5.361066,28249854.0
NGA,NGA_4447,Kalgo,5.0,2020,2020,23159.0,0.850626,4943763.0
NGA,NGA_4451,Kalin,4.0,2020,2020,19517.0,1.049685,5697161.0
NGA,NGA_4463,Kaltungo,15.0,2020,2020,109611.0,3.358776,20007354.0
NGA,NGA_447,Alade,5.0,2020,2020,29607.0,1.149596,7797614.0
NGA,NGA_4473,Kamba,9.0,2020,2020,44800.0,2.098635,12251134.0
NGA,NGA_449,Alagbayun,4.0,2020,2020,17778.0,1.024595,7140090.0
NGA,NGA_45,Abogwa,5.0,2020,2020,25047.0,1.081534,6667085.0
NGA,NGA_4509,Kangiwa,5.0,2020,2020,25069.0,0.913308,4678327.0
NGA,NGA_4515,Kankara,5.0,2020,2020,43697.0,1.357612,8798740.0
NGA,NGA_4516,Kankia,6.0,2020,2020,30970.0,1.503569,8083016.0
NGA,NGA_4519,Kano,372.0,2020,2020,4437282.0,123.421768,908685120.0
NGA,NGA_4567,Karaye,3.0,2020,2020,31775.0,0.951627,5058837.0
NGA,NGA_4568,Kardi,2.0,2020,2020,13106.0,0.579144,3222810.0
NGA,NGA_4570,Karfi Ruga,2.0,2020,2020,23562.0,0.616285,3100279.0
NGA,NGA_4576,Karim Lamido,6.0,2020,2020,14049.0,0.963544,4369929.0
NGA,NGA_4582,Karshi 1,6.0,2020,2020,28580.0,1.225608,6544146.0
NGA,NGA_4604,Kashere,3.0,2020,2020,11995.0,0.62763,3904243.0
NGA,NGA_4623,Kasuwan Magani,4.0,2020,2020,18305.0,0.807683,4362485.0
NGA,NGA_4625,Katabu,5.0,2020,2020,41868.0,1.49022,9693687.0
NGA,NGA_4626,Katagum,2.0,2020,2020,11817.0,0.511224,2701393.0
NGA,NGA_4634,Katari,2.0,2020,2020,13404.0,0.555332,3207559.0
NGA,NGA_4635,Katcha,3.0,2020,2020,14716.0,0.567631,2867409.0
NGA,NGA_4654,Katsalle,2.0,2020,2020,11052.0,0.371083,1758919.0
NGA,NGA_4655,Katsina,94.0,2020,2020,614718.0,27.323572,185605872.0
NGA,NGA_4656,Katsina Ala,18.0,2020,2020,59075.0,3.95891,24420966.0
NGA,NGA_4660,Kaura Namoda,8.0,2020,2020,85662.0,2.615732,17513204.0
NGA,NGA_4666,Kaya,2.0,2020,2020,6989.0,0.461268,2800007.0
NGA,NGA_4677,Kazaure,9.0,2020,2020,125375.0,2.133933,13176907.0
NGA,NGA_4680,Kebbe,2.0,2020,2020,11647.0,0.377842,2318282.0
NGA,NGA_4692,Keffi,30.0,2020,2020,161926.0,7.775143,56628100.0
NGA,NGA_4784,Kibiya,2.0,2020,2020,19694.0,0.578919,3114227.0
NGA,NGA_4879,Kirfi,2.0,2020,2020,11918.0,0.464742,2190138.0
NGA,NGA_4882,Kiru,2.0,2020,2020,28354.0,0.645025,3473984.0
NGA,NGA_4898,Kishi,23.0,2020,2020,79947.0,4.534039,26028136.0
NGA,NGA_4922,Pulka,4.0,2020,2020,32536.0,1.020362,5740197.0
NGA,NGA_4927,Kiyawa ,3.0,2020,2020,24705.0,0.920489,5370984.0
NGA,NGA_4945,Koinya,3.0,2020,2020,9663.0,0.683417,3584223.0
NGA,NGA_4946,Koko 1,9.0,2020,2020,74873.0,2.518201,15750553.0
NGA,NGA_4947,Koko 2,5.0,2020,2020,19457.0,0.890445,5719845.0
NGA,NGA_4951,Kokori,6.0,2020,2020,30313.0,1.205429,6751034.0
NGA,NGA_496,Ogbese,3.0,2020,2020,18182.0,0.702328,3616187.0
NGA,NGA_4977,Konduga,5.0,2020,2020,29091.0,0.927869,4314646.0
NGA,NGA_4989,Kontagora,29.0,2020,2020,134667.0,7.176281,48462780.0
NGA,NGA_4990,Kopbepang,3.0,2020,2020,5446.0,0.508421,2161954.0
NGA,NGA_5008,Koton Karifi,4.0,2020,2020,19468.0,0.579903,3107601.0
NGA,NGA_5009,Kotorkoshi,2.0,2020,2020,16057.0,0.549536,3954999.0
NGA,NGA_5068,Kuchi,2.0,2020,2020,6683.0,0.40043,2350954.0
NGA,NGA_5075,Kujama,5.0,2020,2020,21201.0,0.910255,4532882.0
NGA,NGA_5076,Kuje,27.0,2020,2020,133570.0,5.822999,37681144.0
NGA,NGA_5077,Kukawa,2.0,2020,2020,12876.0,0.48082,2307519.0
NGA,NGA_5120,Kumo,8.0,2020,2020,42587.0,2.152876,12636979.0
NGA,NGA_5123,Kunjiel,2.0,2020,2020,10155.0,0.483796,2467870.0
NGA,NGA_5124,Kunya Centre,2.0,2020,2020,17112.0,0.617527,3560938.0
NGA,NGA_5127,Sarkin Kura,5.0,2020,2020,62022.0,1.499157,9558628.0
NGA,NGA_5128,Kaura Munjo,6.0,2020,2020,38179.0,1.466755,7476730.0
NGA,NGA_5130,Kurfi,3.0,2020,2020,16907.0,0.760793,3792738.0
NGA,NGA_5131,Kurgwi,4.0,2020,2020,11469.0,0.884967,4903114.0
NGA,NGA_5133,Kuriya,2.0,2020,2020,9483.0,0.492612,3199207.0
NGA,NGA_5137,Kuta,6.0,2020,2020,26948.0,1.38043,7933518.0
NGA,NGA_5138,Kuta ,2.0,2020,2020,8147.0,0.368814,1762197.0
NGA,NGA_5140,Kutigi,3.0,2020,2020,11806.0,0.742287,3943332.0
NGA,NGA_5150,Kwaghbo,3.0,2020,2020,6146.0,0.569014,2685020.0
NGA,NGA_5152,Kwale,16.0,2020,2020,75801.0,3.853727,25574792.0
NGA,NGA_5165,Kwararfa,4.0,2020,2020,6044.0,0.701746,2901554.0
NGA,NGA_5166,Kware 1,2.0,2020,2020,14801.0,0.575949,3125760.0
NGA,NGA_5168,Kwaya,3.0,2020,2020,19182.0,0.86406,5244602.0
NGA,NGA_5173,Kwen,4.0,2020,2020,10365.0,0.704848,3156235.0
NGA,NGA_5175,Kwoi,9.0,2020,2020,27561.0,1.225419,5025668.0
NGA,NGA_5176,Kwolla,4.0,2020,2020,4563.0,0.467165,1711836.0
NGA,NGA_5191,Lade,2.0,2020,2020,5589.0,0.384455,2282712.0
NGA,NGA_5194,Lafia,57.0,2020,2020,262575.0,15.198589,94767464.0
NGA,NGA_5195,Lafia_2,4.0,2020,2020,19964.0,0.688167,2974557.0
NGA,NGA_5196,Lafiagi,11.0,2020,2020,25511.0,1.89242,11127057.0
NGA,NGA_5199,Lagos,1554.0,2020,2020,14493571.0,483.220736,4539417600.0
NGA,NGA_5211,Lamurde,3.0,2020,2020,9445.0,0.414404,1969993.0
NGA,NGA_5215,Langtang,34.0,2020,2020,64169.0,4.563698,23760444.0
NGA,NGA_5216,Lanlate,4.0,2020,2020,15258.0,0.848953,4664675.0
NGA,NGA_5217,Kuri,2.0,2020,2020,5782.0,0.565692,2844895.0
NGA,NGA_5218,Lapai,7.0,2020,2020,30561.0,1.758405,11085339.0
NGA,NGA_5231,Lassa,4.0,2020,2020,6733.0,0.630021,2521271.0
NGA,NGA_5233,Lau,3.0,2020,2020,7266.0,0.446381,1683913.0
NGA,NGA_5260,Leru,3.0,2020,2020,13461.0,0.659081,3926896.0
NGA,NGA_5263,Lessel,8.0,2020,2020,16435.0,1.322347,6424106.0
NGA,NGA_5276,Liman Katagum,2.0,2020,2020,4401.0,0.441243,2212588.0
NGA,NGA_5290,Lissam,11.0,2020,2020,20022.0,1.768135,8006287.0
NGA,NGA_5299,Loburo,133.0,2020,2020,370616.0,30.744604,260265088.0
NGA,NGA_5307,Loko,3.0,2020,2020,8131.0,0.525729,2449090.0
NGA,NGA_5309,Lokoja,65.0,2020,2020,536446.0,16.280441,127818032.0
NGA,NGA_5314,Lollo,3.0,2020,2020,9600.0,0.524604,2468378.0
NGA,NGA_5363,Lugge,2.0,2020,2020,4286.0,0.371389,1660173.0
NGA,NGA_537,Albasu,1.0,2020,2020,9878.0,0.372634,1976942.0
NGA,NGA_54,Abonnema,6.0,2020,2020,43820.0,1.228275,7213763.0
NGA,NGA_5424,Mabudi,6.0,2020,2020,35714.0,1.04832,4782727.0
NGA,NGA_5433,Machina,2.0,2020,2020,7005.0,0.444762,2382390.0
NGA,NGA_5436,Mada,2.0,2020,2020,16988.0,0.632973,4642499.0
NGA,NGA_5438,Madagali,5.0,2020,2020,35047.0,1.099733,6281094.0
NGA,NGA_5458,Madobi,2.0,2020,2020,15378.0,0.380253,1974411.0
NGA,NGA_5461,Mafa,2.0,2020,2020,11256.0,0.365348,1682979.0
NGA,NGA_5472,Magami,2.0,2020,2020,17316.0,0.707375,4451667.0
NGA,NGA_5475,Magare,2.0,2020,2020,12675.0,0.634335,4134868.0
NGA,NGA_5496,Magumeri,2.0,2020,2020,11068.0,0.35245,1681483.0
NGA,NGA_5535,Mahuta 1,4.0,2020,2020,14091.0,0.712856,3536778.0
NGA,NGA_5537,Maiadua,4.0,2020,2020,49583.0,0.890162,4678267.0
NGA,NGA_5538,Maiduguri,191.0,2020,2020,2397999.0,51.973592,415140608.0
NGA,NGA_5540,Mayo Nguli,3.0,2020,2020,13962.0,0.689397,3729350.0
NGA,NGA_5541,Maikunkele,4.0,2020,2020,16078.0,0.894831,5183146.0
NGA,NGA_5544,Maiyama,2.0,2020,2020,13278.0,0.517426,2869671.0
NGA,NGA_5547,Maji,3.0,2020,2020,21608.0,0.905716,6580409.0
NGA,NGA_5562,Makarfi,4.0,2020,2020,25266.0,1.161258,6568018.0
NGA,NGA_5585,Makurdi,130.0,2020,2020,557035.0,33.520176,260728560.0
NGA,NGA_5595,Malam Maduri,5.0,2020,2020,70167.0,1.17729,6125239.0
NGA,NGA_5606,Malete,4.0,2020,2020,8307.0,0.596229,2747792.0
NGA,NGA_5613,Mallam Daya,5.0,2020,2020,8971.0,0.64604,2461522.0
NGA,NGA_5621,Malumfashi,14.0,2020,2020,60918.0,3.761591,24379804.0
NGA,NGA_5622,Malumfatori,3.0,2020,2020,17609.0,0.718504,3889379.0
NGA,NGA_5639,Manchok,3.0,2020,2020,9397.0,0.433962,1797319.0
NGA,NGA_5648,Manfu,3.0,2020,2020,5893.0,0.612707,3120386.0
NGA,NGA_5656,Mangu,16.0,2020,2020,59169.0,3.935415,23185948.0
NGA,NGA_5658,Monguno,10.0,2020,2020,79760.0,2.391557,15107221.0
NGA,NGA_5660,Mani,5.0,2020,2020,22517.0,1.172283,6210401.0
NGA,NGA_5675,Manor,5.0,2020,2020,8850.0,0.698575,2823165.0
NGA,NGA_5709,Maradun Relocation,4.0,2020,2020,32009.0,0.990145,5411730.0
NGA,NGA_5715,Mararaba,5.0,2020,2020,17572.0,0.931028,5167254.0
NGA,NGA_5726,Mariga ,3.0,2020,2020,12782.0,0.92777,5964996.0
NGA,NGA_5728,Marmara,2.0,2020,2020,14867.0,0.553461,2980277.0
NGA,NGA_5737,Marraraba,3.0,2020,2020,6215.0,0.567559,2277879.0
NGA,NGA_5743,Maru,3.0,2020,2020,19921.0,0.842107,5202584.0
NGA,NGA_5758,Mashi,4.0,2020,2020,31380.0,1.035457,6265757.0
NGA,NGA_5769,Maska,2.0,2020,2020,10950.0,0.562597,3527835.0
NGA,NGA_5780,Matagami,7.0,2020,2020,11431.0,0.635904,1815564.0
NGA,NGA_5793,Matazu,3.0,2020,2020,17572.0,0.681769,3726888.0
NGA,NGA_5820,Maya Belwa,9.0,2020,2020,26274.0,2.079726,11409142.0
NGA,NGA_5839,Mbacub,12.0,2020,2020,17383.0,1.267678,4523353.0
NGA,NGA_5843,Mbak,4.0,2020,2020,16356.0,0.439285,1459966.0
NGA,NGA_5866,Mbiama,4.0,2020,2020,22001.0,0.540749,2391440.0
NGA,NGA_5873,Mbogwo,10.0,2020,2020,29042.0,1.29764,4667247.0
NGA,NGA_5984,Miango,4.0,2020,2020,13763.0,0.643865,2813286.0
NGA,NGA_5986,Michaga,9.0,2020,2020,31914.0,1.346656,8087462.0
NGA,NGA_5988,Michika,16.0,2020,2020,48442.0,3.16145,16078033.0
NGA,NGA_5999,Miga 1,3.0,2020,2020,7340.0,0.674767,4385968.0
NGA,NGA_60,Abraka,22.0,2020,2020,119075.0,4.378383,28220536.0
NGA,NGA_6014,Minjibir,3.0,2020,2020,24812.0,0.775704,4329149.0
NGA,NGA_6015,Minna,95.0,2020,2020,510797.0,25.6111,187330416.0
NGA,NGA_6071,Miringa,3.0,2020,2020,13554.0,0.683257,3448500.0
NGA,NGA_6074,Misau,8.0,2020,2020,80583.0,2.168664,12980516.0
NGA,NGA_6151,Mkpani,2.0,2020,2020,12154.0,0.308896,1385493.0
NGA,NGA_6169,Mgboko Umuanunu,10.0,2020,2020,16207.0,1.112233,3276910.0
NGA,NGA_6204,Mokwa,14.0,2020,2020,55427.0,2.932582,17763428.0
NGA,NGA_6211,Molume,6.0,2020,2020,29729.0,1.199649,4448475.0
NGA,NGA_6230,Mopa,9.0,2020,2020,33833.0,1.405254,5594775.0
NGA,NGA_6240,Moriki,3.0,2020,2020,15142.0,0.802317,4526412.0
NGA,NGA_6325,Mubi,34.0,2020,2020,125532.0,9.461615,62584448.0
NGA,NGA_6409,Murya,3.0,2020,2020,8259.0,0.618801,2761795.0
NGA,NGA_6412,Musawa,4.0,2020,2020,26109.0,0.822237,4700390.0
NGA,NGA_6433,Mutum Biyu,10.0,2020,2020,26130.0,2.334017,14590065.0
NGA,NGA_6476,Makera,3.0,2020,2020,10927.0,0.745044,4553042.0
NGA,NGA_6495,Nafada,2.0,2020,2020,13944.0,0.573417,3037652.0
NGA,NGA_6497,Nafuchi,2.0,2020,2020,20038.0,0.60488,3412790.0
NGA,NGA_6512,Naka,11.0,2020,2020,30179.0,2.280454,12292626.0
NGA,NGA_6530,Bassam Jiwa ,4.0,2020,2020,18953.0,0.822157,4574614.0
NGA,NGA_6537,Namu,5.0,2020,2020,9415.0,1.011604,6614559.0
NGA,NGA_6558,Nasarawa 1,15.0,2020,2020,72561.0,3.454327,21702444.0
NGA,NGA_6559,Nasarawa 2,2.0,2020,2020,4673.0,0.40528,1802947.0
NGA,NGA_6560,Nasarawa 3,2.0,2020,2020,10772.0,0.529828,2666536.0
NGA,NGA_6615,Ndeaboh,6.0,2020,2020,15045.0,0.563405,1408652.0
NGA,NGA_6619,Ndelle,3.0,2020,2020,17444.0,0.50334,2345249.0
NGA,NGA_6621,Akpugo,77.0,2020,2020,131030.0,8.297352,31537366.0
NGA,NGA_6631,Ndon Ebom,3.0,2020,2020,11098.0,0.411113,1617830.0
NGA,NGA_6653,Okpogho,10.0,2020,2020,34173.0,1.667008,7122231.0
NGA,NGA_6660,Nembe,3.0,2020,2020,37085.0,0.71618,4234735.0
NGA,NGA_6663,Nenwe,10.0,2020,2020,37545.0,1.751295,7711803.0
NGA,NGA_6670,New Bussa,16.0,2020,2020,66088.0,3.372165,18488968.0
NGA,NGA_6673,New Marte,2.0,2020,2020,7976.0,0.247623,804645.0
NGA,NGA_6676,New Wara,3.0,2020,2020,19375.0,0.798355,3881224.0
NGA,NGA_6684,Ngala,4.0,2020,2020,23618.0,0.729436,2992575.0
NGA,NGA_6685,Ngalda,2.0,2020,2020,13141.0,0.587285,3110301.0
NGA,NGA_6687,Ngambu,3.0,2020,2020,10896.0,0.531388,2605088.0
NGA,NGA_6696,Ngbalang,3.0,2020,2020,16627.0,0.570526,2569312.0
NGA,NGA_6699,Ngelzarma,2.0,2020,2020,12411.0,0.545548,2910107.0
NGA,NGA_6704,Ngo,4.0,2020,2020,10816.0,0.56077,2110519.0
NGA,NGA_6706,Ngodo,22.0,2020,2020,92436.0,3.673554,23064492.0
NGA,NGA_6725,Ngurore,5.0,2020,2020,28334.0,1.31855,7547769.0
NGA,NGA_6726,Nguru,15.0,2020,2020,112090.0,4.32461,30406884.0
NGA,NGA_6763,Ningi,6.0,2020,2020,41963.0,1.783563,10968562.0
NGA,NGA_6777,Damare,17.0,2020,2020,67220.0,3.170826,18742072.0
NGA,NGA_6795,Nko,2.0,2020,2020,12885.0,0.406258,2077957.0
NGA,NGA_6807,Ekparakwa,40.0,2020,2020,63511.0,1.651247,4181277.0
NGA,NGA_6817,Nkwoida,4.0,2020,2020,12505.0,0.823776,4483170.0
NGA,NGA_6818,Nkwo-Nando,9.0,2020,2020,21017.0,1.012166,3372165.0
NGA,NGA_6819,Nmiata,3.0,2020,2020,7115.0,0.380936,1651284.0
NGA,NGA_6841,Sabon Rijiya,3.0,2020,2020,7946.0,0.810359,4542030.0
NGA,NGA_6842,Ashaka/Jalingo,4.0,2020,2020,48294.0,1.063285,7165333.0
NGA,NGA_6843,Mmahu/Egbema,4.0,2020,2020,13520.0,0.677364,2710971.0
NGA,NGA_6869,Nsukka,684.0,2020,2020,1419873.0,64.339784,294558048.0
NGA,NGA_6872,Ntamante,2.0,2020,2020,7247.0,0.278164,889577.0
NGA,NGA_6876,Nto Edino,30.0,2020,2020,63555.0,2.300775,5765943.0
NGA,NGA_6889,Numan,15.0,2020,2020,83251.0,3.795064,22976340.0
NGA,NGA_6931,Oba-Ile,3.0,2020,2020,9454.0,0.543184,2496302.0
NGA,NGA_6933,Obagaji,4.0,2020,2020,5931.0,0.624608,3080837.0
NGA,NGA_6935,Obarike Ito,4.0,2020,2020,12162.0,0.864502,3915707.0
NGA,NGA_6937,Obe,4.0,2020,2020,32372.0,0.867826,4758107.0
NGA,NGA_6938,Ipu/Ozaa/Asa,27.0,2020,2020,56437.0,2.523544,8502883.0
NGA,NGA_6940,Obi,3.0,2020,2020,7998.0,0.553374,2939525.0
NGA,NGA_6941,Obiaruku,35.0,2020,2020,133109.0,6.485039,40696044.0
NGA,NGA_6943,Obigwo,5.0,2020,2020,14259.0,0.867127,3503689.0
NGA,NGA_6944,Obilokwu Mbieri,5.0,2020,2020,12946.0,0.773815,2918378.0
NGA,NGA_6953,Obubra,5.0,2020,2020,20758.0,0.730654,2998646.0
NGA,NGA_6954,Obudi,9.0,2020,2020,27991.0,1.566826,8025658.0
NGA,NGA_6959,Ode Aye ,5.0,2020,2020,26144.0,1.070873,6321444.0
NGA,NGA_6961,Ode Omu,9.0,2020,2020,44829.0,1.844961,10458485.0
NGA,NGA_6962,Oderiga,3.0,2020,2020,9197.0,0.377838,1707299.0
NGA,NGA_6964,Odige,5.0,2020,2020,21889.0,0.72574,2989736.0
NGA,NGA_6965,Odo Ere & Igbaruku,6.0,2020,2020,46960.0,0.899966,4091236.0
NGA,NGA_6967,Odogbolu,7.0,2020,2020,23321.0,0.989271,4978423.0
NGA,NGA_6969,Oduaha,2.0,2020,2020,17015.0,0.447528,1896948.0
NGA,NGA_6974,Offa,57.0,2020,2020,180594.0,12.864741,86748808.0
NGA,NGA_6977,Ofugu Inye,9.0,2020,2020,28855.0,1.254825,6416805.0
NGA,NGA_6979,Ogbaniko,11.0,2020,2020,46197.0,1.57224,8474874.0
NGA,NGA_6980,Ogbeofu,9.0,2020,2020,26697.0,0.942796,3443667.0
NGA,NGA_6981,Ogbia,2.0,2020,2020,16338.0,0.404155,1783757.0
NGA,NGA_6982,Ogbogbo,3.0,2020,2020,10218.0,0.484558,2586295.0
NGA,NGA_6983,Ogboja,10.0,2020,2020,40358.0,1.39427,6456548.0
NGA,NGA_6984,Ogboloko,6.0,2020,2020,20024.0,1.487446,10119435.0
NGA,NGA_6985,Ogbomosho,100.0,2020,2020,488984.0,25.580004,183852512.0
NGA,NGA_6986,Ogbona,8.0,2020,2020,24346.0,0.993444,4542629.0
NGA,NGA_6988,Ogboro,4.0,2020,2020,10943.0,0.601267,2946281.0
NGA,NGA_6989,Awgbu,9.0,2020,2020,32777.0,1.715294,9855929.0
NGA,NGA_6992,Ogoja,7.0,2020,2020,61419.0,1.757297,11358097.0
NGA,NGA_6994,Ogori 1,3.0,2020,2020,11551.0,0.520106,2284757.0
NGA,NGA_6995,Ogori 2,3.0,2020,2020,14116.0,0.725402,3955008.0
NGA,NGA_6999,Oguma 1,11.0,2020,2020,33978.0,1.713431,8028874.0
NGA,NGA_7000,Oguma 2,8.0,2020,2020,23358.0,0.968862,4030924.0
NGA,NGA_7001,Ogume,6.0,2020,2020,20101.0,1.141238,6380199.0
NGA,NGA_7002,Ogunmakin,2.0,2020,2020,6598.0,0.348515,1445797.0
NGA,NGA_7005,Ogwashi Uku,21.0,2020,2020,62654.0,4.50394,27861520.0
NGA,NGA_7006,Ogwuosie,6.0,2020,2020,14076.0,0.934627,4412867.0
NGA,NGA_7007,Ohafia,15.0,2020,2020,94420.0,2.697335,16524054.0
NGA,NGA_7008,Ohoba,3.0,2020,2020,7214.0,0.475587,2063302.0
NGA,NGA_7010,Oja,3.0,2020,2020,11056.0,0.594653,2945148.0
NGA,NGA_7011,Oja Odan,16.0,2020,2020,27934.0,3.161421,20730566.0
NGA,NGA_7012,Ogharefe,24.0,2020,2020,135391.0,4.847447,36098228.0
NGA,NGA_7013,Oju,19.0,2020,2020,45443.0,3.164537,15161046.0
NGA,NGA_7014,Sekona,2.0,2020,2020,10274.0,0.423125,1969677.0
NGA,NGA_7016,Oka Akoko,8.0,2020,2020,38248.0,2.036053,16209062.0
NGA,NGA_7017,Okada,7.0,2020,2020,8245.0,1.019095,4501937.0
NGA,NGA_7019,Okaka,3.0,2020,2020,10778.0,0.450544,2086553.0
NGA,NGA_7021,Oke Amu,3.0,2020,2020,12276.0,0.56802,2264478.0
NGA,NGA_7022,Oke Igbira,4.0,2020,2020,27713.0,0.792462,4006994.0
NGA,NGA_7023,Okeigbo,5.0,2020,2020,21341.0,0.917989,5218901.0
NGA,NGA_7024,Oke Ila,2.0,2020,2020,14948.0,0.33111,1586254.0
NGA,NGA_7025,Oke Mesi,5.0,2020,2020,19878.0,0.819023,4714158.0
NGA,NGA_7026,Oke Odan,9.0,2020,2020,34782.0,1.351779,7474040.0
NGA,NGA_7027,Oke-Ode,3.0,2020,2020,5037.0,0.405142,1786614.0
NGA,NGA_7028,Oke Oji,3.0,2020,2020,9867.0,0.607354,3386561.0
NGA,NGA_7030,Okeagbe,5.0,2020,2020,14728.0,0.639427,2887772.0
NGA,NGA_7031,Okeiho,15.0,2020,2020,65364.0,3.119149,19019502.0
NGA,NGA_7032,Okenne,74.0,2020,2020,629027.0,17.220568,129422376.0
NGA,NGA_7034,Okigwi,14.0,2020,2020,47645.0,2.664806,18428848.0
NGA,NGA_7035,Okitipupa,24.0,2020,2020,125862.0,5.334722,35064360.0
NGA,NGA_7036,Oko,4.0,2020,2020,16491.0,0.813938,4547659.0
NGA,NGA_7037,Oko Ita,8.0,2020,2020,25865.0,0.751151,2815868.0
NGA,NGA_7038,Okobo,3.0,2020,2020,7634.0,0.472669,1908074.0
NGA,NGA_7039,Okokpon,3.0,2020,2020,32591.0,0.672865,4396847.0
NGA,NGA_7041,Okopedi,9.0,2020,2020,27512.0,1.060893,3669244.0
NGA,NGA_7042,Okpakeke,13.0,2020,2020,32217.0,1.723347,6426891.0
NGA,NGA_7044,Okpara,6.0,2020,2020,26748.0,1.026258,6210833.0
NGA,NGA_7046,Okpella,14.0,2020,2020,71974.0,2.478872,16028441.0
NGA,NGA_7047,Okpo,16.0,2020,2020,22070.0,1.827268,7809153.0
NGA,NGA_7048,Okpoga,13.0,2020,2020,19353.0,1.682507,6814511.0
NGA,NGA_7049,Okpoma,11.0,2020,2020,37730.0,1.337814,4987511.0
NGA,NGA_7052,Okposi,45.0,2020,2020,86784.0,5.076335,17158222.0
NGA,NGA_7058,Okundi,2.0,2020,2020,10103.0,0.327833,1328553.0
NGA,NGA_7059,Okuku,16.0,2020,2020,49856.0,2.371999,11092099.0
NGA,NGA_7061,Okuta,8.0,2020,2020,10644.0,1.186935,6171785.0
NGA,NGA_7062,Okwale,3.0,2020,2020,9601.0,0.377919,1182453.0
NGA,NGA_7063,Okwuzi,13.0,2020,2020,83427.0,2.609295,14546969.0
NGA,NGA_7067,Oleh,11.0,2020,2020,75202.0,2.659244,17310312.0
NGA,NGA_7073,Olokata,2.0,2020,2020,9094.0,0.364891,1429768.0
NGA,NGA_7074,Oloko 1,5.0,2020,2020,16504.0,0.692856,2511285.0
NGA,NGA_7075,Olomoro/Oruabe,4.0,2020,2020,15229.0,0.665967,2992219.0
NGA,NGA_7082,Omifon,3.0,2020,2020,11013.0,0.73058,4696771.0
NGA,NGA_7083,Omoku,18.0,2020,2020,204471.0,4.874115,30474972.0
NGA,NGA_7085,Omor,9.0,2020,2020,25258.0,1.273554,5533657.0
NGA,NGA_7086,Omu,5.0,2020,2020,13873.0,0.723082,3530874.0
NGA,NGA_7087,Omu Aran,20.0,2020,2020,87786.0,4.531843,30432926.0
NGA,NGA_7088,Omuo Ekiti,15.0,2020,2020,107980.0,3.274816,19044808.0
NGA,NGA_7093,Ondo,69.0,2020,2020,499442.0,16.451512,126852904.0
NGA,NGA_7097,Onicha Ugbo,5.0,2020,2020,19260.0,0.928682,4965013.0
NGA,NGA_7098,Onitsha,2632.0,2020,2020,9738518.0,470.111968,3018121984.0
NGA,NGA_7106,Ikpa Ibekwe,9.0,2020,2020,44157.0,1.873349,11589336.0
NGA,NGA_7108,Osan,2.0,2020,2020,12673.0,0.433964,2328056.0
NGA,NGA_7109,Ora Ojora,4.0,2020,2020,15978.0,0.695947,3549735.0
NGA,NGA_7113,Ore,33.0,2020,2020,167178.0,7.720705,57129448.0
NGA,NGA_7114,Orerokpe,9.0,2020,2020,56311.0,2.419395,15911976.0
NGA,NGA_7118,Oro Esie Iludin,15.0,2020,2020,45260.0,2.555232,14666745.0
NGA,NGA_7119,Oroa Emede,5.0,2020,2020,20791.0,0.905836,5040798.0
NGA,NGA_7121,Orogun,4.0,2020,2020,16910.0,1.028009,6039368.0
NGA,NGA_7122,Oron,22.0,2020,2020,162211.0,5.374102,34769504.0
NGA,NGA_7124,Ago Iwoye & Oru,21.0,2020,2020,95290.0,3.989835,25364532.0
NGA,NGA_7129,Osi,7.0,2020,2020,20858.0,1.142547,5978931.0
NGA,NGA_7132,Osogbo,224.0,2020,2020,1307568.0,51.913968,383730496.0
NGA,NGA_7133,Osok,4.0,2020,2020,12644.0,0.371546,1195646.0
NGA,NGA_7135,Ososo-Oke,7.0,2020,2020,19501.0,0.917195,4587435.0
NGA,NGA_7136,Osu,4.0,2020,2020,12927.0,0.616948,3186860.0
NGA,NGA_7138,Otan Ayegbaju,4.0,2020,2020,12682.0,0.672658,3521504.0
NGA,NGA_7144,Opete/Otokutu,17.0,2020,2020,76705.0,2.114526,11412802.0
NGA,NGA_7147,Otu,4.0,2020,2020,14943.0,0.756301,3724347.0
NGA,NGA_7148,Otujeremi/Otokutu,8.0,2020,2020,40828.0,1.207536,5383983.0
NGA,NGA_7149,Otukpa,38.0,2020,2020,47891.0,3.845422,15847787.0
NGA,NGA_7150,Otukwang,6.0,2020,2020,21598.0,0.687019,2470493.0
NGA,NGA_7151,Otun Ekiti,9.0,2020,2020,76295.0,1.815556,12115608.0
NGA,NGA_7152,Otuocha,15.0,2020,2020,55324.0,2.353632,14540659.0
NGA,NGA_7153,Oturkpo,36.0,2020,2020,146250.0,9.039811,64279960.0
NGA,NGA_717,Aliade,12.0,2020,2020,32887.0,2.039315,11415036.0
NGA,NGA_7234,Owa Alidinma,3.0,2020,2020,7269.0,0.544729,2317432.0
NGA,NGA_7240,Owo,48.0,2020,2020,241221.0,10.515364,73134536.0
NGA,NGA_7241,Owode,6.0,2020,2020,12510.0,1.246253,7940557.0
NGA,NGA_7244,Oyan,6.0,2020,2020,18075.0,0.833398,3907825.0
NGA,NGA_7245,Oye Ekiti,15.0,2020,2020,99413.0,2.639497,16079754.0
NGA,NGA_7247,Oyo,105.0,2020,2020,575280.0,27.959376,201620336.0
NGA,NGA_725,Aliero,6.0,2020,2020,48090.0,1.480834,9180604.0
NGA,NGA_7250,Ozoro,15.0,2020,2020,87307.0,3.365673,22703140.0
NGA,NGA_7251,Ozu,6.0,2020,2020,4998.0,0.627846,1774171.0
NGA,NGA_7262,Paiko,5.0,2020,2020,24683.0,1.355359,8208495.0
NGA,NGA_7274,Pambeguwa,5.0,2020,2020,28572.0,1.363869,9040997.0
NGA,NGA_7275,Pambu,4.0,2020,2020,4357.0,0.63549,2307142.0
NGA,NGA_7279,Pandogari,4.0,2020,2020,19963.0,1.020144,5764592.0
NGA,NGA_7281,Pankshin,14.0,2020,2020,55696.0,2.857485,16673551.0
NGA,NGA_7283,Panyam,2.0,2020,2020,6386.0,0.39728,1674075.0
NGA,NGA_7292,Patani,3.0,2020,2020,30157.0,0.568268,2780791.0
NGA,NGA_7293,Pategi,6.0,2020,2020,18595.0,1.384945,9061595.0
NGA,NGA_7300,Pella,2.0,2020,2020,3764.0,0.42557,1899856.0
NGA,NGA_7339,Lagun,2.0,2020,2020,5181.0,0.544518,2569680.0
NGA,NGA_7357,Port Harcourt,430.0,2020,2020,4927036.0,119.772544,906720128.0
NGA,NGA_737,Alizaga,9.0,2020,2020,36368.0,1.972755,11617622.0
NGA,NGA_7371,Potiskum,44.0,2020,2020,348796.0,12.143922,81037808.0
NGA,NGA_7459,Rafin Pa,2.0,2020,2020,15314.0,0.645542,4128416.0
NGA,NGA_7461,Rahama,12.0,2020,2020,75388.0,3.22347,17887868.0
NGA,NGA_7469,Rano,5.0,2020,2020,59779.0,1.226381,7751985.0
NGA,NGA_748,Alkaleri,5.0,2020,2020,69144.0,1.199733,7387746.0
NGA,NGA_7505,Ribah,4.0,2020,2020,24398.0,1.051407,5747410.0
NGA,NGA_7514,Rijau,5.0,2020,2020,19587.0,1.271581,7221576.0
NGA,NGA_7515,nga Magajiya,3.0,2020,2020,8298.0,0.608934,3159529.0
NGA,NGA_7517,Rimi 1,4.0,2020,2020,25926.0,0.919091,4899430.0
NGA,NGA_7519,Ringim,5.0,2020,2020,34183.0,1.288061,8272849.0
NGA,NGA_7520,Rinjim Gaini,5.0,2020,2020,19991.0,1.027774,5467171.0
NGA,NGA_7524,Riyom,3.0,2020,2020,17508.0,0.395706,1235822.0
NGA,NGA_7535,Rogo,3.0,2020,2020,22353.0,0.903341,5261843.0
NGA,NGA_754,Alkamu,2.0,2020,2020,11438.0,0.54376,3049681.0
NGA,NGA_7540,Roni,2.0,2020,2020,29944.0,0.598058,3484209.0
NGA,NGA_7578,Rumiji,3.0,2020,2020,22485.0,0.615859,3537782.0
NGA,NGA_7579,Rumirigo,3.0,2020,2020,3717.0,0.459996,2011587.0
NGA,NGA_7610,Sabon Birni 1,4.0,2020,2020,30527.0,1.159745,7862623.0
NGA,NGA_7611,Sabon Birni 2,1.0,2020,2020,11478.0,0.457463,2945691.0
NGA,NGA_7612,Sabon Birnin Yero,2.0,2020,2020,8981.0,0.44091,1749670.0
NGA,NGA_7613,Sabon Gari 2,3.0,2020,2020,7689.0,0.727513,4536011.0
NGA,NGA_7615,Sabon Gari 1,4.0,2020,2020,10879.0,0.569085,2179708.0
NGA,NGA_7616,Sabon Wuse,9.0,2020,2020,57588.0,2.242207,13607501.0
NGA,NGA_7617,Sabongida Ora,9.0,2020,2020,36252.0,1.244618,6812994.0
NGA,NGA_7622,Sabuwa,3.0,2020,2020,45165.0,0.73198,4500671.0
NGA,NGA_7627,Sade,2.0,2020,2020,11648.0,0.425678,2057335.0
NGA,NGA_7631,Safana,2.0,2020,2020,14655.0,0.49059,2565855.0
NGA,NGA_7636,Saho Rami,2.0,2020,2020,6384.0,0.680127,3871651.0
NGA,NGA_7683,Saki,61.0,2020,2020,211367.0,12.89773,86466144.0
NGA,NGA_7684,Sakpenwa,5.0,2020,2020,22457.0,0.712664,2503475.0
NGA,NGA_7686,Sakwaya,2.0,2020,2020,9754.0,0.44823,2346995.0
NGA,NGA_7702,Salka,6.0,2020,2020,25857.0,1.476273,8357961.0
NGA,NGA_7709,Samamiya,3.0,2020,2020,15762.0,0.968614,5559168.0
NGA,NGA_7711,Samaru/Moroa,4.0,2020,2020,10722.0,0.609347,1630552.0
NGA,NGA_7739,Sandamu,2.0,2020,2020,19339.0,0.383012,1756441.0
NGA,NGA_7753,Sango,3.0,2020,2020,7908.0,0.525079,2281738.0
NGA,NGA_7766,Sankwala,5.0,2020,2020,17382.0,0.583307,2000837.0
NGA,NGA_7782,Sapele,41.0,2020,2020,297843.0,10.946514,84675816.0
NGA,NGA_7795,Sarki Power,4.0,2020,2020,13986.0,0.74098,3194582.0
NGA,NGA_7878,Serti,6.0,2020,2020,28745.0,1.466198,8769778.0
NGA,NGA_7886,Baga ,5.0,2020,2020,39764.0,1.237938,6256721.0
NGA,NGA_7901,Shagamu,80.0,2020,2020,254884.0,16.745914,121134768.0
NGA,NGA_7926,Shani,4.0,2020,2020,18396.0,0.744532,3792842.0
NGA,NGA_7927,Shanono,2.0,2020,2020,9234.0,0.571296,2968483.0
NGA,NGA_7932,Shao,4.0,2020,2020,13043.0,0.639354,3709541.0
NGA,NGA_7936,Share,8.0,2020,2020,19033.0,1.314133,6812009.0
NGA,NGA_7962,Shelleng,3.0,2020,2020,68191.0,0.696864,3368806.0
NGA,NGA_7964,Shemankar,2.0,2020,2020,4505.0,0.435414,1858952.0
NGA,NGA_7965,Shendam,15.0,2020,2020,29376.0,2.637344,12987079.0
NGA,NGA_7976,Shika,2.0,2020,2020,12475.0,0.484818,2488706.0
NGA,NGA_7978,Shima,2.0,2020,2020,3450.0,0.265597,780526.0
NGA,NGA_7982,Shinkafi,7.0,2020,2020,47836.0,1.880006,12159694.0
NGA,NGA_7990,Shiwa,3.0,2020,2020,6373.0,0.481678,1848907.0
NGA,NGA_7991,Shiwari,3.0,2020,2020,12948.0,0.58573,2776020.0
NGA,NGA_7994,Shonga,2.0,2020,2020,3769.0,0.366809,2040497.0
NGA,NGA_8141,Soba,4.0,2020,2020,23577.0,1.003567,5635175.0
NGA,NGA_8142,Sobe,5.0,2020,2020,18471.0,0.805753,3886176.0
NGA,NGA_8156,Sokoto,115.0,2020,2020,1200044.0,31.286048,226180832.0
NGA,NGA_8165,Song,7.0,2020,2020,40627.0,1.59772,9045627.0
NGA,NGA_8221,Sukuku,8.0,2020,2020,34164.0,1.689559,9713745.0
NGA,NGA_8228,Sumaila,4.0,2020,2020,22922.0,0.950915,6116079.0
NGA,NGA_8236,Sunkani,4.0,2020,2020,8071.0,0.676059,3161700.0
NGA,NGA_8246,Shiya,3.0,2020,2020,4853.0,0.529597,2741025.0
NGA,NGA_8254,Tabira,3.0,2020,2020,4532.0,0.516838,2397420.0
NGA,NGA_8268,Tafawa Balewa,5.0,2020,2020,25766.0,1.363162,7963567.0
NGA,NGA_8297,Takai,3.0,2020,2020,22387.0,0.949476,5465809.0
NGA,NGA_8303,Takum,19.0,2020,2020,61070.0,3.583708,21443352.0
NGA,NGA_8314,Talata Mafara,10.0,2020,2020,99592.0,2.692724,16616919.0
NGA,NGA_8317,Tallase,4.0,2020,2020,20085.0,0.875054,3995172.0
NGA,NGA_8333,Tambawal,6.0,2020,2020,31963.0,1.52746,9907366.0
NGA,NGA_8361,Tanglang,7.0,2020,2020,53388.0,1.302281,5528504.0
NGA,NGA_8384,Tarau,4.0,2020,2020,34598.0,1.132277,6759116.0
NGA,NGA_8399,Taura,3.0,2020,2020,24535.0,0.550912,3164508.0
NGA,NGA_8429,Tede,6.0,2020,2020,14165.0,0.949358,4519112.0
NGA,NGA_8430,Tegina,3.0,2020,2020,13317.0,0.717826,3992011.0
NGA,NGA_8461,Tewure,2.0,2020,2020,10344.0,0.542672,3207804.0
NGA,NGA_8503,Tignon,2.0,2020,2020,8573.0,0.478399,2171352.0
NGA,NGA_8547,Tofa,2.0,2020,2020,12868.0,0.556272,3020057.0
NGA,NGA_8568,Tongo,2.0,2020,2020,16264.0,0.450773,2504199.0
NGA,NGA_8572,Tor Donga,5.0,2020,2020,8666.0,0.925938,4523448.0
NGA,NGA_8578,Toro,4.0,2020,2020,14997.0,0.745189,3365141.0
NGA,NGA_8583,Toto,5.0,2020,2020,17693.0,0.88246,4709560.0
NGA,NGA_8584,Toto-Owu,18.0,2020,2020,44698.0,1.975521,9153387.0
NGA,NGA_8614,Tsafe,5.0,2020,2020,43850.0,1.494454,10748300.0
NGA,NGA_8616,Kofar Arewa,2.0,2020,2020,26385.0,0.723867,4512018.0
NGA,NGA_8618,Tsanyawa,2.0,2020,2020,19279.0,0.438575,2177351.0
NGA,NGA_8620,Tse Agberagba,7.0,2020,2020,14516.0,1.151857,5165476.0
NGA,NGA_8657,Tudun Wada,6.0,2020,2020,35496.0,1.405268,7565897.0
NGA,NGA_8679,Tungan Gimba,2.0,2020,2020,6205.0,0.422038,1732880.0
NGA,NGA_8681,Tungo,5.0,2020,2020,16287.0,0.900321,4569399.0
NGA,NGA_8684,Tunkus,5.0,2020,2020,8684.0,0.543614,1833691.0
NGA,NGA_8693,Mayo Bani/Uba,12.0,2020,2020,26522.0,2.746784,15270322.0
NGA,NGA_8695,Ubiaja,11.0,2020,2020,51456.0,1.759756,9898185.0
NGA,NGA_8697,Ubima,3.0,2020,2020,14894.0,0.476947,2090195.0
NGA,NGA_8699,Ubuluku,9.0,2020,2020,26592.0,1.751164,10208614.0
NGA,NGA_8701,Uburu,15.0,2020,2020,26676.0,1.459832,5228006.0
NGA,NGA_8703,Udi,26.0,2020,2020,48115.0,3.703537,20202368.0
NGA,NGA_8704,Uduma,18.0,2020,2020,66343.0,2.381372,8267845.0
NGA,NGA_8706,Ugba,10.0,2020,2020,27977.0,2.215759,12087316.0
NGA,NGA_8707,Ugbema,5.0,2020,2020,6320.0,0.454208,1613824.0
NGA,NGA_8709,Ugbokpo,6.0,2020,2020,9662.0,1.080731,4927560.0
NGA,NGA_8710,Ugep,11.0,2020,2020,86469.0,2.269968,16455916.0
NGA,NGA_8711,Ughelli,57.0,2020,2020,338878.0,12.866861,99632008.0
NGA,NGA_8714,Ugwalawo,9.0,2020,2020,23969.0,1.137299,5507834.0
NGA,NGA_8718,Ukata,3.0,2020,2020,8183.0,0.59651,3783216.0
NGA,NGA_8719,Uke,5.0,2020,2020,21517.0,0.987587,5304913.0
NGA,NGA_8733,Umaisha,2.0,2020,2020,5902.0,0.28894,1437446.0
NGA,NGA_8759,Umomi,2.0,2020,2020,7826.0,0.374277,2046953.0
NGA,NGA_8763,Umuagu,9.0,2020,2020,23927.0,1.562786,6891318.0
NGA,NGA_8764,Umuahia,108.0,2020,2020,633241.0,20.89805,147601920.0
NGA,NGA_8766,Umuakpu,4.0,2020,2020,10545.0,0.600632,2551849.0
NGA,NGA_8767,Umuawulu,4.0,2020,2020,15221.0,0.708174,3758428.0
NGA,NGA_8769,Umuleri,3.0,2020,2020,9146.0,0.490238,2130656.0
NGA,NGA_8770,Umunede,10.0,2020,2020,62087.0,2.320532,13478662.0
NGA,NGA_8771,Umunelu,4.0,2020,2020,13084.0,0.577002,2821268.0
NGA,NGA_8774,Umuosu,5.0,2020,2020,18520.0,0.802155,3715263.0
NGA,NGA_8779,Ungwan Makera,1.0,2020,2020,7791.0,0.333365,1490352.0
NGA,NGA_8780,Ungwan Shehu,3.0,2020,2020,20675.0,0.913901,5233248.0
NGA,NGA_8786,Uromi,134.0,2020,2020,647698.0,22.111788,132767080.0
NGA,NGA_8793,Usere,4.0,2020,2020,17466.0,0.573856,2707814.0
NGA,NGA_8797,Usonigbe,5.0,2020,2020,18051.0,0.822172,3894228.0
NGA,NGA_8798,Uteh,5.0,2020,2020,15977.0,0.660444,2520345.0
NGA,NGA_8802,Utonkon,4.0,2020,2020,7899.0,0.62123,2969979.0
NGA,NGA_8806,Uyo,739.0,2020,2020,2851547.0,92.402552,508041632.0
NGA,NGA_8808,Uzebba,12.0,2020,2020,45896.0,1.860044,9508267.0
NGA,NGA_8809,Uzuakoli,4.0,2020,2020,20958.0,0.721174,4512466.0
NGA,NGA_8813,Vande Ikya,34.0,2020,2020,45480.0,3.328676,13708371.0
NGA,NGA_8886,Vodni,3.0,2020,2020,15402.0,0.611431,3027584.0
NGA,NGA_8892,Vom Wang,11.0,2020,2020,22971.0,2.115392,9010955.0
NGA,NGA_8937,Wamako,3.0,2020,2020,17303.0,0.499854,2240045.0
NGA,NGA_8939,Wamba,6.0,2020,2020,21668.0,1.031567,5821390.0
NGA,NGA_8941,Wamdewo,2.0,2020,2020,3680.0,0.417379,1701806.0
NGA,NGA_8948,Wannune,12.0,2020,2020,28163.0,1.82199,8626211.0
NGA,NGA_8951,Warawa,2.0,2020,2020,13142.0,0.520303,3037326.0
NGA,NGA_8955,Warji,3.0,2020,2020,23690.0,0.681423,3189784.0
NGA,NGA_8957,Warri,156.0,2020,2020,1224417.0,44.558648,362441408.0
NGA,NGA_8958,Waru,3.0,2020,2020,11868.0,0.501016,2969425.0
NGA,NGA_8960,Wasagu,3.0,2020,2020,14734.0,0.682567,3664017.0
NGA,NGA_8961,Wase,5.0,2020,2020,13897.0,1.170249,6804053.0
NGA,NGA_8969,Wawa,3.0,2020,2020,10516.0,0.581236,2868760.0
NGA,NGA_9,Aba,587.0,2020,2020,1454646.0,80.370992,517771296.0
NGA,NGA_9019,Wudil,10.0,2020,2020,80649.0,2.742503,17588592.0
NGA,NGA_9020,Wukari,24.0,2020,2020,92384.0,5.725026,39373776.0
NGA,NGA_9025,Wurio,5.0,2020,2020,9808.0,1.189692,6683483.0
NGA,NGA_9026,Wurisato,2.0,2020,2020,5783.0,0.456328,1827878.0
NGA,NGA_9027,Wurno,4.0,2020,2020,26015.0,1.260813,8680175.0
NGA,NGA_9028,Wuro Yolde,2.0,2020,2020,5841.0,0.486612,2636967.0
NGA,NGA_9029,Wurogauri,2.0,2020,2020,7056.0,0.383728,1963556.0
NGA,NGA_9030,Wushishi,4.0,2020,2020,13738.0,1.026089,5799910.0
NGA,NGA_9037,Yabo,4.0,2020,2020,23219.0,0.996231,6440892.0
NGA,NGA_9047,Yakum,4.0,2020,2020,20847.0,0.596024,3043563.0
NGA,NGA_9055,Yana,3.0,2020,2020,18690.0,0.57119,2866100.0
NGA,NGA_9058,Yankara,2.0,2020,2020,22407.0,0.658393,4186664.0
NGA,NGA_9065,Yeghe,14.0,2020,2020,85318.0,2.903361,15155687.0
NGA,NGA_9072,Yelwa 1,14.0,2020,2020,66169.0,3.787284,26136836.0
NGA,NGA_9073,Yelwa 2,5.0,2020,2020,13725.0,1.205721,6725237.0
NGA,NGA_9074,Yelwa 3,3.0,2020,2020,9824.0,0.683344,4304859.0
NGA,NGA_9076,Yenagoa,77.0,2020,2020,1221685.0,15.61448,106009640.0
NGA,NGA_9080,Yimirshika,4.0,2020,2020,14490.0,0.75817,3427441.0
NGA,NGA_9099,Yusufari,3.0,2020,2020,13483.0,0.676251,3870945.0
NGA,NGA_9103,Zagga,3.0,2020,2020,14874.0,0.508819,2519992.0
NGA,NGA_9114,Zaki Biam,26.0,2020,2020,68227.0,5.799441,32918524.0
NGA,NGA_9115,Zakirai,2.0,2020,2020,15941.0,0.48536,2719709.0
NGA,NGA_9116,Zaku,3.0,2020,2020,6531.0,0.376493,1093835.0
NGA,NGA_9123,Zandan Nagogo,2.0,2020,2020,11040.0,0.470111,2606205.0
NGA,NGA_9124,Zango,5.0,2020,2020,59043.0,1.089491,6603566.0
NGA,NGA_9128,Zaramari,2.0,2020,2020,3764.0,0.065196,162881.0
NGA,NGA_9129,Zaria,103.0,2020,2020,788708.0,28.758968,199533168.0
NGA,NGA_9133,Zauro,2.0,2020,2020,12839.0,0.618946,3893907.0
NGA,NGA_9168,Zing,10.0,2020,2020,61303.0,1.915909,11122774.0
NGA,NGA_9181,Zonkwa,8.0,2020,2020,28378.0,1.447282,7699290.0
NGA,NGA_9192,Zuguma,3.0,2020,2020,10954.0,0.811141,4245762.0
NGA,NGA_9193,Zungeru,3.0,2020,2020,12052.0,0.725373,4218945.0
NGA,NGA_9195,Zurmi,3.0,2020,2020,22960.0,0.792903,5087782.0
NGA,NGA_9197,Zuru,24.0,2020,2020,112972.0,4.981494,31385968.0
RWA,RWA_2184,Bugarama/Kamanyola [RWA],4.0,2020,2020,30884.0,1.014847,5613318.0
RWA,RWA_2260,Busasama,52.0,2020,2020,76944.0,5.86641,25553126.0
RWA,RWA_2271,Busoro,9.0,2020,2020,12809.0,0.756156,2280382.0
RWA,RWA_2278,Butare,70.0,2020,2020,143960.0,8.999236,41127808.0
RWA,RWA_2517,Bukavu/Cyangugu [RWA],72.0,2020,2020,139078.0,7.052627,30145602.0
RWA,RWA_3322,Gahini,32.0,2020,2020,50211.0,2.728965,7101394.0
RWA,RWA_3399,Gasaka,12.0,2020,2020,24541.0,1.491575,8143781.0
RWA,RWA_3404,Gashora,6.0,2020,2020,11066.0,0.773432,1933325.0
RWA,RWA_3525,Gisenyi,400.0,2020,2020,964710.0,47.541268,208980816.0
RWA,RWA_4186,Jarama,11.0,2020,2020,22283.0,1.074518,2734937.0
RWA,RWA_4238,Juru,41.0,2020,2020,46204.0,3.608982,10082348.0
RWA,RWA_4248,Kabarore,105.0,2020,2020,145878.0,8.143194,21171980.0
RWA,RWA_4397,Kagano,14.0,2020,2020,24637.0,1.122398,3642556.0
RWA,RWA_4467,Kamabuye,6.0,2020,2020,8708.0,0.728337,2125043.0
RWA,RWA_4513,Kanjongo,14.0,2020,2020,26651.0,1.501186,6691562.0
RWA,RWA_4624,Katabagemu,43.0,2020,2020,74467.0,4.032395,11262030.0
RWA,RWA_4781,Kibirizi,4.0,2020,2020,6088.0,0.47155,1972533.0
RWA,RWA_4802,Kigali,1221.0,2020,2020,2491767.0,121.186544,637742208.0
RWA,RWA_4846,Kinazi,40.0,2020,2020,45018.0,3.142496,8401900.0
RWA,RWA_4875,Kiramuruzi,36.0,2020,2020,59785.0,3.414429,9379579.0
RWA,RWA_6332,Muganza,8.0,2020,2020,31083.0,1.250657,6162951.0
RWA,RWA_6335,Mugesera,29.0,2020,2020,36419.0,2.518431,6308434.0
RWA,RWA_6337,Mugombwa,6.0,2020,2020,12608.0,0.586207,2676566.0
RWA,RWA_6339,Mugunga,12.0,2020,2020,14386.0,0.778401,2189041.0
RWA,RWA_6414,Musha,8.0,2020,2020,9422.0,0.595899,1489942.0
RWA,RWA_6633,Ndora,8.0,2020,2020,13889.0,0.7348,1909104.0
RWA,RWA_6700,Ngeruka,52.0,2020,2020,83565.0,5.772291,16129432.0
RWA,RWA_6713,Ngororero,17.0,2020,2020,23959.0,1.25939,4464490.0
RWA,RWA_6742,Niamiyaga,14.0,2020,2020,21848.0,1.552772,4802461.0
RWA,RWA_6896,Nyakabuye,13.0,2020,2020,30145.0,1.370428,4660262.0
RWA,RWA_6905,Nyamata,84.0,2020,2020,141772.0,11.50695,45570408.0
RWA,RWA_6924,Nzahaha,37.0,2020,2020,57573.0,3.590463,9934439.0
RWA,RWA_7559,Rubengera,34.0,2020,2020,55294.0,3.871735,23391744.0
RWA,RWA_7563,Rubona,17.0,2020,2020,18501.0,1.394401,3497623.0
RWA,RWA_7570,Ruhango,288.0,2020,2020,406374.0,28.390686,120329480.0
RWA,RWA_7573,Rukoma,23.0,2020,2020,34116.0,2.263957,6911903.0
RWA,RWA_7574,Rukumberi,10.0,2020,2020,19243.0,1.289436,3670598.0
RWA,RWA_7597,Rweru,8.0,2020,2020,16388.0,1.205003,4188590.0
RWA,RWA_7598,Rwimiyaga,36.0,2020,2020,61034.0,3.626665,11200887.0
RWA,RWA_7600,Rwinkwavu,5.0,2020,2020,10600.0,0.495293,1238363.0
RWA,RWA_7681,Sake,18.0,2020,2020,32819.0,1.919233,5101481.0
SDN,SDN_100,Abu Karinka,9.0,2020,2020,13576.0,0.685646,2229530.0
SDN,SDN_1007,al-Sanwa,9.0,2020,2020,22358.0,1.119931,5665813.0
SDN,SDN_101,Abu Karshulh Khawr Al-Taina,4.0,2020,2020,20656.0,0.864331,4707710.0
SDN,SDN_1013,al-Sayal al-Saqir,6.0,2020,2020,13827.0,0.858088,3310819.0
SDN,SDN_1015,al-Shabarga,4.0,2020,2020,22461.0,0.889047,4846587.0
SDN,SDN_1017,al-Shagarab al-Awsatt,2.0,2020,2020,4365.0,0.094382,198087.0
SDN,SDN_1018,al-Shagarab al-Janubi,2.0,2020,2020,2431.0,0.04929,105671.0
SDN,SDN_1019,al-Shagarab al-Shamali,3.0,2020,2020,10964.0,0.32489,1078710.0
SDN,SDN_1028,al-Sharfa Barakat,2.0,2020,2020,15787.0,0.514432,2490618.0
SDN,SDN_1065,al-Soky,9.0,2020,2020,47180.0,1.656528,8251444.0
SDN,SDN_1066,al-Sufi,3.0,2020,2020,7869.0,0.580022,1929383.0
SDN,SDN_1068,al-Sufr,8.0,2020,2020,26491.0,1.62607,8210183.0
SDN,SDN_1069,al-Sulayk,9.0,2020,2020,21908.0,1.061084,4500196.0
SDN,SDN_1072,al-Sururab Maghrabiyya,39.0,2020,2020,80474.0,4.477035,18534120.0
SDN,SDN_1074,al-Takayna,3.0,2020,2020,16657.0,0.661132,2660543.0
SDN,SDN_108,Abu Matariq,9.0,2020,2020,11320.0,0.492488,1238124.0
SDN,SDN_1084,al-Tawila,8.0,2020,2020,23436.0,1.15191,4170259.0
SDN,SDN_1089,Alti,6.0,2020,2020,30619.0,1.070575,4884532.0
SDN,SDN_1094,al-Tiwaysha,6.0,2020,2020,12237.0,0.597338,2155946.0
SDN,SDN_1098,al-Ubayd,94.0,2020,2020,601645.0,26.067344,174885200.0
SDN,SDN_1145,Amara,2.0,2020,2020,3206.0,0.322116,1011489.0
SDN,SDN_1182,Amla Samki,6.0,2020,2020,35629.0,0.786268,2767194.0
SDN,SDN_1219,Anjakoaty,14.0,2020,2020,86192.0,2.699152,17217866.0
SDN,SDN_125,Abu Ushar,5.0,2020,2020,36561.0,1.027136,5714420.0
SDN,SDN_126,Abu Zabad,13.0,2020,2020,39742.0,2.268811,14524359.0
SDN,SDN_1277,Ardamata,9.0,2020,2020,53099.0,1.275126,5275979.0
SDN,SDN_1289,Armagentolis,6.0,2020,2020,18544.0,0.854409,3880385.0
SDN,SDN_1293,Aroma,6.0,2020,2020,39310.0,0.789243,3730654.0
SDN,SDN_130,Abud,5.0,2020,2020,21008.0,0.952771,5766856.0
SDN,SDN_1354,Atbara,43.0,2020,2020,253228.0,9.767932,60604752.0
SDN,SDN_1373,Attib ,9.0,2020,2020,50849.0,1.281042,6363920.0
SDN,SDN_1444,Babanusa,14.0,2020,2020,88533.0,3.551158,21006814.0
SDN,SDN_1568,Banat,8.0,2020,2020,16920.0,1.092947,4122555.0
SDN,SDN_157,Adayla,14.0,2020,2020,22454.0,1.098726,3700944.0
SDN,SDN_1664,Bara,7.0,2020,2020,24534.0,1.139481,4592318.0
SDN,SDN_1672,Barankaw,4.0,2020,2020,20796.0,0.692047,3835073.0
SDN,SDN_1674,Barbar,16.0,2020,2020,60663.0,2.864523,14112604.0
SDN,SDN_1694,Barsi,18.0,2020,2020,122865.0,3.345373,19207988.0
SDN,SDN_1941,Birush,5.0,2020,2020,5321.0,0.463389,1428836.0
SDN,SDN_2,24 al-Qurashy,4.0,2020,2020,13333.0,0.581261,2221435.0
SDN,SDN_2177,Budayna,4.0,2020,2020,5539.0,0.471554,1598043.0
SDN,SDN_2241,Buram,14.0,2020,2020,54091.0,2.228232,10837086.0
SDN,SDN_2274,But,7.0,2020,2020,25531.0,1.115862,5065699.0
SDN,SDN_2287,Butri,4.0,2020,2020,12051.0,0.590963,2679413.0
SDN,SDN_2502,Conry,3.0,2020,2020,5699.0,0.42785,1501778.0
SDN,SDN_2619,Dar al-Salam Janub,6.0,2020,2020,8239.0,0.596657,1841843.0
SDN,SDN_2629,Darmali,6.0,2020,2020,18492.0,1.123425,5469187.0
SDN,SDN_2651,Daywa,6.0,2020,2020,13231.0,0.761841,4538487.0
SDN,SDN_2672,Deirirro,2.0,2020,2020,2129.0,0.062466,156195.0
SDN,SDN_2830,Doka Basunda,6.0,2020,2020,28997.0,0.825111,3548181.0
SDN,SDN_2852,Dongola,34.0,2020,2020,82286.0,6.378535,33277454.0
SDN,SDN_289,Ahmar Mawjy,6.0,2020,2020,12201.0,0.6607,3270121.0
SDN,SDN_2901,Dulayq,4.0,2020,2020,19082.0,0.810651,3881455.0
SDN,SDN_3184,Fadasy al-Haleemab,3.0,2020,2020,23816.0,0.801337,4191269.0
SDN,SDN_3185,Fagak,6.0,2020,2020,5312.0,0.496791,1581601.0
SDN,SDN_3309,Gabir,6.0,2020,2020,7549.0,0.290618,798181.0
SDN,SDN_3334,Jalqani,7.0,2020,2020,16381.0,1.118916,5531537.0
SDN,SDN_3396,Garsaila,9.0,2020,2020,36590.0,1.640747,8014497.0
SDN,SDN_3425,Gazirat Badin,7.0,2020,2020,12826.0,0.965708,3462023.0
SDN,SDN_3493,Ghubaysh,14.0,2020,2020,37643.0,2.45414,12779918.0
SDN,SDN_3517,Gira Barra,12.0,2020,2020,9357.0,1.04264,3373695.0
SDN,SDN_3698,Habeela ,4.0,2020,2020,24560.0,0.718443,4269436.0
SDN,SDN_3718,Halfa' al-Jadida,23.0,2020,2020,298398.0,4.381122,27056552.0
SDN,SDN_3719,Madina al-Masna'a ,6.0,2020,2020,52099.0,1.067021,5269669.0
SDN,SDN_3734,Hamsh Kurib,3.0,2020,2020,2866.0,0.071499,81975.0
SDN,SDN_3760,Harun,2.0,2020,2020,5659.0,0.377864,1100361.0
SDN,SDN_3762,Hashaba,5.0,2020,2020,24145.0,0.776898,4680733.0
SDN,SDN_3763,Haskanita,5.0,2020,2020,3655.0,0.203195,497939.0
SDN,SDN_3782,Hay al-Walad Mad,18.0,2020,2020,29126.0,1.817771,6285869.0
SDN,SDN_3876,Id al-Fursan,5.0,2020,2020,25551.0,0.882719,3933739.0
SDN,SDN_3881,Ideira,5.0,2020,2020,6884.0,0.34667,866599.0
SDN,SDN_4069,Intekaina,4.0,2020,2020,6686.0,0.357564,1000157.0
SDN,SDN_4149,Iyal Amin,5.0,2020,2020,3923.0,0.266866,665927.0
SDN,SDN_4169,Jadid al-Atsha,15.0,2020,2020,81240.0,2.505516,13079915.0
SDN,SDN_4205,Jibrat al-Shaykh,5.0,2020,2020,9832.0,0.688115,2735234.0
SDN,SDN_4233,Jubayt,4.0,2020,2020,12917.0,0.393706,1747400.0
SDN,SDN_4235,Jukhana,4.0,2020,2020,5786.0,0.315213,898795.0
SDN,SDN_4270,Kaboshyah,6.0,2020,2020,12492.0,0.812087,2719307.0
SDN,SDN_4292,Kaduqli,21.0,2020,2020,149671.0,4.301203,26128848.0
SDN,SDN_439,al-Abasiya,7.0,2020,2020,39963.0,1.435767,7546607.0
SDN,SDN_4456,Kalma,12.0,2020,2020,100858.0,2.1547,13295175.0
SDN,SDN_452,al-Rahad,15.0,2020,2020,83204.0,3.000106,17153146.0
SDN,SDN_4578,Karkuj,4.0,2020,2020,36478.0,0.883881,4657180.0
SDN,SDN_4586,Kas,13.0,2020,2020,165384.0,2.6323,14553355.0
SDN,SDN_4613,Kassab,2.0,2020,2020,4671.0,0.36981,1082661.0
SDN,SDN_4614,Kassala,81.0,2020,2020,965858.0,14.485348,92417368.0
SDN,SDN_4615,Kassala Airport,10.0,2020,2020,19271.0,0.413328,1127074.0
SDN,SDN_4723,Kerma,8.0,2020,2020,23898.0,1.776627,8264222.0
SDN,SDN_4740,Khartoum,984.0,2020,2020,7432756.0,265.07928,2073613184.0
SDN,SDN_4741,Khashim al-Girba,12.0,2020,2020,156056.0,2.541491,14832103.0
SDN,SDN_4821,Kiling,3.0,2020,2020,12488.0,0.56421,1959164.0
SDN,SDN_4935,Km 26 refugee camp,6.0,2020,2020,11178.0,0.520431,1672089.0
SDN,SDN_498,al-Azazi,2.0,2020,2020,10182.0,0.620781,3775548.0
SDN,SDN_4992,Korai,22.0,2020,2020,13618.0,1.585328,4109389.0
SDN,SDN_5006,Kosty,51.0,2020,2020,469724.0,11.113016,77557616.0
SDN,SDN_5116,Kumbar,5.0,2020,2020,6830.0,0.470066,1327301.0
SDN,SDN_5143,Kutum,9.0,2020,2020,60958.0,1.882918,10694494.0
SDN,SDN_5220,Laqawa,5.0,2020,2020,19607.0,0.812842,4319884.0
SDN,SDN_532,al-Barun/Hillat al-Mak/Shaykh Idr,6.0,2020,2020,11922.0,0.581914,1909338.0
SDN,SDN_540,al-Bawgah,10.0,2020,2020,15426.0,0.920583,2896296.0
SDN,SDN_5451,Madinat Kabkabiyya,12.0,2020,2020,101312.0,3.19433,20775004.0
SDN,SDN_5501,Muhajiriya,5.0,2020,2020,16941.0,0.44791,1276129.0
SDN,SDN_557,al-Bsaber,8.0,2020,2020,4945.0,0.738267,2383523.0
SDN,SDN_5581,Hilat al-Ilu,3.0,2020,2020,9366.0,0.408866,1528173.0
SDN,SDN_565,al-Dabbah,17.0,2020,2020,26411.0,2.176577,9144419.0
SDN,SDN_5687,Mansur Kawti,27.0,2020,2020,21675.0,2.614868,8180629.0
SDN,SDN_570,al-Dalanj,24.0,2020,2020,108956.0,3.65633,19355048.0
SDN,SDN_5707,Marabiya' al-Sharif,36.0,2020,2020,94347.0,4.296781,21540824.0
SDN,SDN_572,al-Damazin,47.0,2020,2020,350498.0,9.676794,57968116.0
SDN,SDN_573,al-Damir,23.0,2020,2020,107795.0,4.728963,26574646.0
SDN,SDN_574,al-Damir I,3.0,2020,2020,7666.0,0.486722,1819016.0
SDN,SDN_581,al-Dindir,11.0,2020,2020,85121.0,2.084532,11005179.0
SDN,SDN_5830,Mayrnu,6.0,2020,2020,43598.0,1.34008,7056387.0
SDN,SDN_587,al-Duaiym,58.0,2020,2020,291173.0,9.917606,50943008.0
SDN,SDN_588,al-Duwaym,14.0,2020,2020,148461.0,3.639768,23349906.0
SDN,SDN_5930,Mellit,18.0,2020,2020,111991.0,3.814685,19444250.0
SDN,SDN_5960,Merowe,15.0,2020,2020,24638.0,2.03896,8569000.0
SDN,SDN_602,al-Faw,9.0,2020,2020,71378.0,1.552664,7423728.0
SDN,SDN_605,Shuwak,7.0,2020,2020,63051.0,1.35259,7586040.0
SDN,SDN_606,al-Fashir,68.0,2020,2020,710044.0,16.539027,106258472.0
SDN,SDN_6085,Mistry,5.0,2020,2020,12062.0,0.701612,2832772.0
SDN,SDN_611,al-Fulah,12.0,2020,2020,107153.0,2.725629,16028355.0
SDN,SDN_6174,Mawarny,10.0,2020,2020,47634.0,1.81279,10116481.0
SDN,SDN_626,al-Qatati,9.0,2020,2020,42657.0,1.813233,9695151.0
SDN,SDN_632,al-Qatayna,11.0,2020,2020,67360.0,2.216347,12017398.0
SDN,SDN_633,al-Jazira Aba,6.0,2020,2020,55803.0,1.488958,8696597.0
SDN,SDN_634,al-Ghaba,10.0,2020,2020,13277.0,1.356836,5443456.0
SDN,SDN_6349,Mukjar,6.0,2020,2020,10918.0,0.851881,4099396.0
SDN,SDN_6369,Mumu,3.0,2020,2020,4182.0,0.175792,439523.0
SDN,SDN_6394,Munwashy,3.0,2020,2020,18018.0,0.46526,2093882.0
SDN,SDN_648,al-Jiraishah,3.0,2020,2020,10524.0,0.500029,1881099.0
SDN,SDN_6484,Nabta East,37.0,2020,2020,38858.0,2.611215,7599504.0
SDN,SDN_650,al-Qulid,19.0,2020,2020,28253.0,2.683198,13103428.0
SDN,SDN_6519,Nama,8.0,2020,2020,15730.0,0.723116,2811383.0
SDN,SDN_666,al-Haj Aabd Allah,4.0,2020,2020,18019.0,0.760277,3474611.0
SDN,SDN_6665,Nertiti,7.0,2020,2020,24509.0,0.729789,2185467.0
SDN,SDN_6674,Qarya 2 ,4.0,2020,2020,18030.0,1.128496,4617160.0
SDN,SDN_6820,New Setllement Wad al Hulaywah,4.0,2020,2020,29957.0,1.060163,5141098.0
SDN,SDN_6821,Wad al-Mahi 11,2.0,2020,2020,10067.0,0.390075,1312525.0
SDN,SDN_6822,Wad al-Mahi 9,2.0,2020,2020,10655.0,0.414652,1415564.0
SDN,SDN_6823,Wad al-Mahi 8,2.0,2020,2020,7037.0,0.432353,1602167.0
SDN,SDN_6824,Wad al-Mahi 10,3.0,2020,2020,15990.0,0.685441,2878912.0
SDN,SDN_6825,Wad al-Mahi 1,3.0,2020,2020,12715.0,0.432585,1557090.0
SDN,SDN_6826,Jabal Qulsa,4.0,2020,2020,6963.0,0.184062,260594.0
SDN,SDN_6827,Rifi Talkuk,4.0,2020,2020,7221.0,0.279059,701257.0
SDN,SDN_6828,Malawiya,17.0,2020,2020,28251.0,0.576039,852648.0
SDN,SDN_6829,Umm Garayyat,3.0,2020,2020,6975.0,0.374216,1042263.0
SDN,SDN_6830,Muktat al-Rawda al-Sakanya,4.0,2020,2020,13508.0,0.471708,1975619.0
SDN,SDN_6831,al-Dali,4.0,2020,2020,26041.0,0.732839,3396998.0
SDN,SDN_6833,Unknown,4.0,2020,2020,3440.0,0.303281,758290.0
SDN,SDN_6834,Umm Grenagak,5.0,2020,2020,3404.0,0.560934,2138522.0
SDN,SDN_6835,Madina al-Sharif,6.0,2020,2020,6466.0,0.262651,656741.0
SDN,SDN_6836,Qarya 6,2.0,2020,2020,9809.0,0.534039,2170807.0
SDN,SDN_684,al-Hasahisa,22.0,2020,2020,202614.0,4.710843,26863504.0
SDN,SDN_689,al-Hawata,12.0,2020,2020,95169.0,2.264044,11537807.0
SDN,SDN_6899,Nyala,109.0,2020,2020,1952936.0,27.290936,202725680.0
SDN,SDN_7,Aaliyab,5.0,2020,2020,2874.0,0.373781,934364.0
SDN,SDN_700,al-Hilalia,7.0,2020,2020,54224.0,1.362833,7623026.0
SDN,SDN_708,al-Huda,3.0,2020,2020,11097.0,0.650817,4101234.0
SDN,SDN_712,Ali,6.0,2020,2020,12585.0,0.573192,1692557.0
SDN,SDN_7125,al-Usaylat,12.0,2020,2020,30344.0,1.456543,6151824.0
SDN,SDN_718,al-Ibbun,6.0,2020,2020,5926.0,0.699657,2339997.0
SDN,SDN_720,al-Ibydiya,10.0,2020,2020,32295.0,1.909292,10791565.0
SDN,SDN_7362,Port Sudan,113.0,2020,2020,1189749.0,22.698272,180705552.0
SDN,SDN_739,al-Jabalayn,5.0,2020,2020,34560.0,1.140747,5909864.0
SDN,SDN_742,al-Junaynah,30.0,2020,2020,362115.0,7.042488,44664464.0
SDN,SDN_7422,Qawz al-Habashi,6.0,2020,2020,4652.0,0.523445,1312881.0
SDN,SDN_7432,Qindil,5.0,2020,2020,14870.0,0.808637,4024195.0
SDN,SDN_7433,Qirayda,12.0,2020,2020,40889.0,1.935303,8915268.0
SDN,SDN_7434,Qisar,7.0,2020,2020,7918.0,0.697545,1924101.0
SDN,SDN_744,al-Kabashi,4.0,2020,2020,12238.0,0.763708,3222963.0
SDN,SDN_7456,Rabak,42.0,2020,2020,325775.0,8.564906,57395836.0
SDN,SDN_7477,Rashad,5.0,2020,2020,16648.0,0.915156,4830013.0
SDN,SDN_7478,Rashid,2.0,2020,2020,6065.0,0.311223,860384.0
SDN,SDN_7513,Rihada al-Birdi,6.0,2020,2020,33714.0,1.071964,4576888.0
SDN,SDN_753,al-Kamleen,8.0,2020,2020,48187.0,1.745429,9535222.0
SDN,SDN_7565,Rufa,13.0,2020,2020,97159.0,2.18632,12045970.0
SDN,SDN_7586,Ruru,6.0,2020,2020,20105.0,0.839582,4122092.0
SDN,SDN_767,al-Khalas,65.0,2020,2020,112602.0,6.199595,29648356.0
SDN,SDN_769,al-Khandaq,8.0,2020,2020,13679.0,1.248406,4955309.0
SDN,SDN_7792,Saraf Umra,9.0,2020,2020,39172.0,1.277981,6603224.0
SDN,SDN_780,al-Khua,10.0,2020,2020,18797.0,1.338347,5766284.0
SDN,SDN_785,al-Kirimit,2.0,2020,2020,18979.0,0.514122,3302160.0
SDN,SDN_786,al-Kitayab Janub,4.0,2020,2020,5733.0,0.534103,1565255.0
SDN,SDN_787,al-Kitayab Shamal,4.0,2020,2020,4893.0,0.450549,1625045.0
SDN,SDN_7870,Sennar,26.0,2020,2020,275077.0,5.588824,33768184.0
SDN,SDN_7893,Shabashah,3.0,2020,2020,25455.0,0.790519,4584211.0
SDN,SDN_7900,Shadda,7.0,2020,2020,7729.0,0.780582,2032624.0
SDN,SDN_791,al-Kuraynik,5.0,2020,2020,22054.0,0.78066,3366168.0
SDN,SDN_7917,Shambata,2.0,2020,2020,11288.0,0.449748,2539146.0
SDN,SDN_793,al-La'ayt,10.0,2020,2020,23498.0,1.371272,6331719.0
SDN,SDN_7933,Shaq Dughary,5.0,2020,2020,2213.0,0.183386,456154.0
SDN,SDN_7934,Sharawm,6.0,2020,2020,11662.0,0.646049,2965888.0
SDN,SDN_7938,Sharkayla,2.0,2020,2020,2776.0,0.372378,1647442.0
SDN,SDN_7966,Shendi,53.0,2020,2020,180093.0,9.671917,55561608.0
SDN,SDN_7970,Shiariya,6.0,2020,2020,30632.0,0.758633,2855181.0
SDN,SDN_7980,Shingli Tubaya,3.0,2020,2020,5929.0,0.515033,1744995.0
SDN,SDN_8,Aasalaya,2.0,2020,2020,14231.0,0.526536,2718771.0
SDN,SDN_8084,Sifeay North,12.0,2020,2020,85210.0,2.587335,14080562.0
SDN,SDN_8085,Sifaya Janub,7.0,2020,2020,43716.0,1.318205,7127465.0
SDN,SDN_8111,Singa,17.0,2020,2020,139626.0,3.377586,18643184.0
SDN,SDN_8113,Sinkat,10.0,2020,2020,18366.0,0.697469,2700248.0
SDN,SDN_8114,Sinnar al-Tagato,2.0,2020,2020,7315.0,0.29321,1181209.0
SDN,SDN_818,al-Makaylab,7.0,2020,2020,16542.0,1.084298,3724465.0
SDN,SDN_82,Abu Dawn,12.0,2020,2020,8779.0,1.219348,3750613.0
SDN,SDN_820,al-Manaqil,26.0,2020,2020,223904.0,5.540634,37992748.0
SDN,SDN_8213,Suakin,15.0,2020,2020,77026.0,1.707418,7645770.0
SDN,SDN_8229,Sumayh,2.0,2020,2020,4559.0,0.423834,1465476.0
SDN,SDN_8241,Suqūt al-jamal,5.0,2020,2020,7015.0,0.490688,1617234.0
SDN,SDN_8242,Suri,9.0,2020,2020,15592.0,1.709383,7314528.0
SDN,SDN_8252,Tabat,2.0,2020,2020,20139.0,0.580857,3379059.0
SDN,SDN_8301,Takoi,5.0,2020,2020,2576.0,0.179532,555110.0
SDN,SDN_8318,Taludy,8.0,2020,2020,9787.0,0.620501,1954539.0
SDN,SDN_8334,Tambul,12.0,2020,2020,52530.0,1.6636,7799438.0
SDN,SDN_8355,Tandalty 1,11.0,2020,2020,65573.0,1.981702,9954942.0
SDN,SDN_8356,Tandalty 2,5.0,2020,2020,7877.0,0.532671,2384152.0
SDN,SDN_8401,Tawm Bishara,5.0,2020,2020,4899.0,0.177762,443943.0
SDN,SDN_8423,Tebeldina,8.0,2020,2020,42226.0,0.841235,2791683.0
SDN,SDN_8431,Tegmala/Umm Qadd,6.0,2020,2020,7866.0,0.529601,1512466.0
SDN,SDN_844,al-Masudya II,9.0,2020,2020,60441.0,1.523022,8331173.0
SDN,SDN_845,Al-Masodya III,5.0,2020,2020,37806.0,1.035095,5603622.0
SDN,SDN_846,al-Matamma,6.0,2020,2020,17526.0,0.912491,4293926.0
SDN,SDN_855,al-Mazmun,5.0,2020,2020,29637.0,0.941114,5157205.0
SDN,SDN_8552,Tokar,8.0,2020,2020,14227.0,0.852373,547743.0
SDN,SDN_8609,al-Miqanis,4.0,2020,2020,3819.0,0.275528,1047180.0
SDN,SDN_866,al-Mrewa,4.0,2020,2020,5052.0,0.602809,2809990.0
SDN,SDN_8670,Tulus,10.0,2020,2020,36745.0,1.364374,6382220.0
SDN,SDN_869,al-Mujlad,16.0,2020,2020,85263.0,3.896506,22494676.0
SDN,SDN_8729,Um Dukhun,8.0,2020,2020,15477.0,1.204562,7140588.0
SDN,SDN_8730,Um Durman,14.0,2020,2020,28684.0,1.795286,8399617.0
SDN,SDN_8731,Um Karadym,5.0,2020,2020,4761.0,0.894896,3814431.0
SDN,SDN_8732,Um Rowaba,27.0,2020,2020,126622.0,5.073643,28068366.0
SDN,SDN_8745,Umm Boim,7.0,2020,2020,10447.0,0.576052,1599857.0
SDN,SDN_8746,Umm Dafog,3.0,2020,2020,18654.0,0.566353,2725933.0
SDN,SDN_8747,Umm Dawn,14.0,2020,2020,32937.0,1.64481,8635533.0
SDN,SDN_8748,Umm Dawwanban,23.0,2020,2020,46063.0,3.131843,13380262.0
SDN,SDN_8750,Umm Kedadda,7.0,2020,2020,32725.0,1.282596,6837137.0
SDN,SDN_8754,Umm Shagara,6.0,2020,2020,34290.0,0.916762,4633914.0
SDN,SDN_8755,Umm Shawaka,4.0,2020,2020,27596.0,0.845368,4683128.0
SDN,SDN_8756,Umm Shijara,4.0,2020,2020,22128.0,0.61843,2796823.0
SDN,SDN_880,al-Naiya,9.0,2020,2020,14349.0,0.891311,2562862.0
SDN,SDN_8875,al-Qarya 03,2.0,2020,2020,6946.0,0.461739,1963329.0
SDN,SDN_8876,al-Qarya 08,2.0,2020,2020,3653.0,0.350174,1062847.0
SDN,SDN_8877,al-Qarya 10,2.0,2020,2020,10729.0,0.482096,2292675.0
SDN,SDN_8879,al-Qarya 17,3.0,2020,2020,20279.0,0.590476,2502529.0
SDN,SDN_8880,al-Qarya 18,2.0,2020,2020,16721.0,0.467593,2264016.0
SDN,SDN_8881,al-Qarya 26,2.0,2020,2020,4456.0,0.407539,1715536.0
SDN,SDN_8909,Wad Abu Nahl,5.0,2020,2020,13441.0,0.648538,2370536.0
SDN,SDN_8910,Wad al-Hilayu,4.0,2020,2020,30018.0,1.227756,4909326.0
SDN,SDN_8911,Wad al-Talud,4.0,2020,2020,19202.0,0.883226,4845134.0
SDN,SDN_8912,Wad Madani,63.0,2020,2020,774683.0,15.58722,106137936.0
SDN,SDN_8913,Wad Rawah,5.0,2020,2020,24075.0,0.980665,5046314.0
SDN,SDN_8915,Wad Sharifay,12.0,2020,2020,68031.0,1.728713,8938460.0
SDN,SDN_8916,Wad Sharifay Sharq,8.0,2020,2020,31063.0,0.793638,2697813.0
SDN,SDN_8918,Wad'Arud,7.0,2020,2020,7572.0,0.667066,1884115.0
SDN,SDN_8921,Wadi Halfa,14.0,2020,2020,24507.0,1.905792,8352339.0
SDN,SDN_8923,Waggar,5.0,2020,2020,10667.0,0.374178,1484036.0
SDN,SDN_8970,Wawisy,12.0,2020,2020,22899.0,1.340577,4609921.0
SDN,SDN_90,Abu Guta,2.0,2020,2020,9028.0,0.537724,3064959.0
SDN,SDN_901,al-Nuhud,32.0,2020,2020,151530.0,6.503533,38425064.0
SDN,SDN_907,al-Qadarif,74.0,2020,2020,784578.0,15.02888,102786752.0
SDN,SDN_91,Abu Hamad,7.0,2020,2020,24492.0,1.348705,6875544.0
SDN,SDN_9118,Zalingey,24.0,2020,2020,180584.0,4.2596,24860770.0
SDN,SDN_9122,DIba Dunqula ,17.0,2020,2020,41481.0,2.762473,12592883.0
SDN,SDN_9127,Zarafah,6.0,2020,2020,12875.0,0.376585,941338.0
SDN,SDN_9196,Zurqa,5.0,2020,2020,6933.0,0.642956,1919131.0
SDN,SDN_93,Abu Hijar,5.0,2020,2020,28663.0,1.001627,4899195.0
SDN,SDN_953,al-Rawashida,3.0,2020,2020,16169.0,0.463875,2252065.0
SDN,SDN_96,Abu Jabra,8.0,2020,2020,11799.0,0.574654,1436790.0
SDN,SDN_964,al-Roseires,18.0,2020,2020,133803.0,3.967258,25507152.0
SDN,SDN_97,Abu Jubayha,14.0,2020,2020,68499.0,2.365971,13483703.0
SDN,SDN_999,al-Samra',16.0,2020,2020,18566.0,1.150944,3176538.0
SEN,SEN_1507,Bakel,4.0,2020,2020,29731.0,0.78616,5681935.0
SEN,SEN_1552,Bambey,8.0,2020,2020,49141.0,1.566243,8319172.0
SEN,SEN_1882,Bignoma,15.0,2020,2020,39392.0,2.927769,18328388.0
SEN,SEN_2531,Dagana,7.0,2020,2020,34005.0,1.237617,6882123.0
SEN,SEN_2539,Dahra,10.0,2020,2020,43084.0,2.100683,11946214.0
SEN,SEN_2545,Dakar,391.0,2020,2020,3619129.0,90.56172,716413248.0
SEN,SEN_260,Agnam Thiodaye,5.0,2020,2020,17407.0,0.676034,3323567.0
SEN,SEN_2631,Darou Mousty,11.0,2020,2020,49783.0,2.043733,11906025.0
SEN,SEN_2703,Dabia Odedji,4.0,2020,2020,10130.0,0.5106,1965628.0
SEN,SEN_2713,Diaoube-Kabendou,12.0,2020,2020,34952.0,1.616214,7509937.0
SEN,SEN_2759,Diofior,5.0,2020,2020,11404.0,0.902262,5423016.0
SEN,SEN_2764,Diourbel,29.0,2020,2020,189213.0,5.900985,34765888.0
SEN,SEN_3207,Fatick,13.0,2020,2020,62732.0,2.265641,11752599.0
SEN,SEN_3361,Gandiaye,4.0,2020,2020,16306.0,0.726899,3726457.0
SEN,SEN_3583,Gossas,4.0,2020,2020,20393.0,0.854162,4306284.0
SEN,SEN_3585,Goudomp,3.0,2020,2020,12896.0,0.620074,3622192.0
SEN,SEN_3655,Guinguineo,4.0,2020,2020,28802.0,0.977745,5258146.0
SEN,SEN_3724,Hamady Ounare,6.0,2020,2020,27914.0,0.800824,3570588.0
SEN,SEN_4218,Joal-Fadiouth,9.0,2020,2020,39585.0,1.824782,11698204.0
SEN,SEN_4297,Kaffrine,12.0,2020,2020,79212.0,2.423947,13629361.0
SEN,SEN_4506,Kanel,5.0,2020,2020,15919.0,0.605371,2538240.0
SEN,SEN_4531,Kaolack,48.0,2020,2020,365778.0,11.178992,69854672.0
SEN,SEN_4560,Karang Poste,6.0,2020,2020,24373.0,1.073743,6845254.0
SEN,SEN_4670,Kayar,3.0,2020,2020,12904.0,0.504892,2837377.0
SEN,SEN_4681,Kebemer,8.0,2020,2020,34265.0,1.47273,8062546.0
SEN,SEN_4687,Kedougou,17.0,2020,2020,52594.0,2.477612,13959597.0
SEN,SEN_4736,Keur Madiabel,4.0,2020,2020,16981.0,0.622398,3017932.0
SEN,SEN_4756,Khombole,6.0,2020,2020,20397.0,1.023825,4881498.0
SEN,SEN_4797,Kidira,5.0,2020,2020,17523.0,0.651015,3532935.0
SEN,SEN_4959,Kolda,28.0,2020,2020,148501.0,5.963899,37058304.0
SEN,SEN_5020,Koumpentoum,5.0,2020,2020,23158.0,0.816528,4439968.0
SEN,SEN_5024,Koungheul,8.0,2020,2020,52088.0,1.574095,10195117.0
SEN,SEN_5025,Kounkane,6.0,2020,2020,17902.0,0.801292,3927446.0
SEN,SEN_5286,Linguere,5.0,2020,2020,25796.0,0.97141,5234082.0
SEN,SEN_5325,Louga,24.0,2020,2020,157911.0,5.714685,39166484.0
SEN,SEN_5785,Matam,6.0,2020,2020,26379.0,0.697767,3442442.0
SEN,SEN_5877,Mboro,13.0,2020,2020,53318.0,2.344551,13431028.0
SEN,SEN_5880,Mbour,117.0,2020,2020,524946.0,21.819312,145076064.0
SEN,SEN_5903,Medina Gounass,17.0,2020,2020,46487.0,2.306563,12010131.0
SEN,SEN_5919,Mekhe,6.0,2020,2020,29939.0,1.352506,7855550.0
SEN,SEN_6625,Ndioum,6.0,2020,2020,29794.0,1.14405,6118516.0
SEN,SEN_6628,Ndoffane ,4.0,2020,2020,13798.0,0.787277,4428798.0
SEN,SEN_6688,Nganda,2.0,2020,2020,6136.0,0.313082,1522716.0
SEN,SEN_6715,Ngoundiane Thiangaye,2.0,2020,2020,6202.0,0.425196,2016261.0
SEN,SEN_6768,Nioro du Rip,5.0,2020,2020,38246.0,1.110101,6349024.0
SEN,SEN_7230,Ourossogui,8.0,2020,2020,49068.0,1.516398,8819968.0
SEN,SEN_7291,Passy,5.0,2020,2020,20413.0,0.794431,3484077.0
SEN,SEN_7346,Podor,2.0,2020,2020,14851.0,0.669583,3650445.0
SEN,SEN_7508,Richard-Toll,10.0,2020,2020,68652.0,2.445564,13927430.0
SEN,SEN_7548,Ross Bethio,3.0,2020,2020,19803.0,0.695772,3534265.0
SEN,SEN_7550,Rosso-Senegal,2.0,2020,2020,12559.0,0.394723,2369881.0
SEN,SEN_7673,Saint-Louis,30.0,2020,2020,243553.0,6.601938,39277336.0
SEN,SEN_7826,Sedhiou,8.0,2020,2020,46230.0,1.682941,10479116.0
SEN,SEN_7866,Popenguine,18.0,2020,2020,43011.0,2.361487,10768482.0
SEN,SEN_8116,Sinthiou Bamambe,5.0,2020,2020,23443.0,0.721283,3567019.0
SEN,SEN_8153,Sokone,4.0,2020,2020,33591.0,1.00084,6080153.0
SEN,SEN_8331,Tambacounda,32.0,2020,2020,190120.0,7.310896,43182636.0
SEN,SEN_8472,Thiadaye,5.0,2020,2020,15085.0,0.927946,5091285.0
SEN,SEN_8473,Thies,80.0,2020,2020,423080.0,15.662112,100666344.0
SEN,SEN_8475,Thilogne,4.0,2020,2020,14916.0,0.532063,2564642.0
SEN,SEN_8531,Tivaouane,24.0,2020,2020,127517.0,4.681247,29187888.0
SEN,SEN_8587,Touba,237.0,2020,2020,1114081.0,50.872368,331312672.0
SEN,SEN_8820,Velingara,11.0,2020,2020,53811.0,2.321765,14851342.0
SEN,SEN_9008,Wodabe 2 ,5.0,2020,2020,14086.0,0.720522,2605029.0
SEN,SEN_9164,Ziguinchor,32.0,2020,2020,205273.0,7.68334,51954164.0
SLE,SLE_1973,Bo,65.0,2020,2020,370171.0,11.303151,85995728.0
SLE,SLE_2050,Bonthe,2.0,2020,2020,10534.0,0.292491,1263239.0
SLE,SLE_2632,Daru,3.0,2020,2020,22877.0,0.622439,3138954.0
SLE,SLE_3280,Freetown,220.0,2020,2020,1161725.0,50.091556,509180768.0
SLE,SLE_4240,Kabala,9.0,2020,2020,46425.0,1.692022,12488253.0
SLE,SLE_4413,Kailahun,7.0,2020,2020,47627.0,1.130619,7571876.0
SLE,SLE_4469,Kamakwie,3.0,2020,2020,18833.0,0.520079,3170548.0
SLE,SLE_4475,Kambia,9.0,2020,2020,38918.0,1.397043,10512925.0
SLE,SLE_4709,Kenema,41.0,2020,2020,262598.0,7.82986,57732664.0
SLE,SLE_4944,Koidu,35.0,2020,2020,227459.0,6.123766,42985248.0
SLE,SLE_5389,Lunsar,8.0,2020,2020,36565.0,1.732185,11499296.0
SLE,SLE_5481,Magburaka,10.0,2020,2020,46865.0,1.547662,10005795.0
SLE,SLE_5529,Mahera,30.0,2020,2020,93812.0,4.672196,28390840.0
SLE,SLE_5565,Makeni,38.0,2020,2020,173245.0,8.066268,62602100.0
SLE,SLE_5767,Masingbi,2.0,2020,2020,21889.0,0.391378,2146680.0
SLE,SLE_5805,Mattru Jong,4.0,2020,2020,23862.0,0.698854,3265606.0
SLE,SLE_6239,Moriba Town,4.0,2020,2020,23833.0,0.766852,3771234.0
SLE,SLE_6278,Moyamba,4.0,2020,2020,16746.0,0.663227,3222607.0
SLE,SLE_7358,Port Loko,9.0,2020,2020,31409.0,1.492532,9891784.0
SLE,SLE_7536,Rokupr,2.0,2020,2020,9841.0,0.389466,1700299.0
SLE,SLE_7833,Segbwema,4.0,2020,2020,23583.0,0.606556,3633242.0
SLE,SLE_8574,Torgbonbu,3.0,2020,2020,24419.0,0.551477,2984276.0
SLE,SLE_9090,Yonibana,8.0,2020,2020,41485.0,1.288071,6679795.0
SOM,SOM_1439,Baar Dheere ,8.0,2020,2020,87934.0,1.52423,7798694.0
SOM,SOM_1521,Bal'ad,2.0,2020,2020,31557.0,0.51766,2324283.0
SOM,SOM_1530,Beledweyne,17.0,2020,2020,122891.0,4.075826,26229912.0
SOM,SOM_1538,Ballanbale,3.0,2020,2020,0.0,0.0,0.0
SOM,SOM_1666,Barawa E Al Bambar,3.0,2020,2020,27039.0,0.957595,6086866.0
SOM,SOM_1677,Berdale,5.0,2020,2020,18355.0,0.671216,2493958.0
SOM,SOM_1733,Baidoa,30.0,2020,2020,300645.0,5.371194,28516186.0
SOM,SOM_1776,Belet Xawo/Mandera [SOM],11.0,2020,2020,28418.0,1.571814,7760068.0
SOM,SOM_1831,Berbera,8.0,2020,2020,104453.0,1.729829,9639667.0
SOM,SOM_2054,Borama,16.0,2020,2020,224129.0,2.809869,17751672.0
SOM,SOM_2055,Bosaso,16.0,2020,2020,532800.0,4.167861,26761660.0
SOM,SOM_224,Afgoye,6.0,2020,2020,41698.0,1.838685,10499760.0
SOM,SOM_2242,Burao,24.0,2020,2020,176491.0,5.600173,33560916.0
SOM,SOM_2255,Burtinle,4.0,2020,2020,51743.0,0.972628,5213020.0
SOM,SOM_228,Afmadow,3.0,2020,2020,45889.0,0.707089,3634332.0
SOM,SOM_2290,Buuhoodle,8.0,2020,2020,24701.0,1.06477,5106924.0
SOM,SOM_2291,Bulobarde ,3.0,2020,2020,6076.0,0.626496,3355612.0
SOM,SOM_2292,Buur Hakaba,6.0,2020,2020,38202.0,1.030296,6300522.0
SOM,SOM_2702,Dusa Mareb,8.0,2020,2020,58214.0,1.214918,6161479.0
SOM,SOM_2738,Dinsoor,6.0,2020,2020,36733.0,0.938754,4106768.0
SOM,SOM_2856,Dolow (north),3.0,2020,2020,10842.0,0.379021,1346711.0
SOM,SOM_2963,'Erigavo,7.0,2020,2020,50416.0,1.17087,6867779.0
SOM,SOM_3329,Gaalkayo,21.0,2020,2020,471603.0,5.445409,30905388.0
SOM,SOM_3330,Goldogob,7.0,2020,2020,4298.0,0.033425,89960.0
SOM,SOM_3394,Garoowe,15.0,2020,2020,243276.0,2.990135,17798652.0
SOM,SOM_3452,Gebilay,5.0,2020,2020,14209.0,1.078843,7611012.0
SOM,SOM_3671,Guri'eel,13.0,2020,2020,50410.0,2.042819,12883637.0
SOM,SOM_3751,Hargeisa,90.0,2020,2020,551924.0,18.662538,145041104.0
SOM,SOM_4180,Jamaame,2.0,2020,2020,74051.0,0.426127,3021022.0
SOM,SOM_4210,Jilib,2.0,2020,2020,43949.0,0.540967,3208714.0
SOM,SOM_4228,Jowhar,5.0,2020,2020,85272.0,1.278726,7155067.0
SOM,SOM_4900,Kismayo,19.0,2020,2020,231771.0,4.583035,32146788.0
SOM,SOM_5,Siigadhere ,15.0,2020,2020,2397.0,0.021706,54277.0
SOM,SOM_5227,Las Anod,10.0,2020,2020,137093.0,2.138451,13020479.0
SOM,SOM_5407,Luuq,5.0,2020,2020,14334.0,0.803702,3380035.0
SOM,SOM_5717,Bulo Mareer,2.0,2020,2020,39154.0,0.676179,3958407.0
SOM,SOM_5956,Merca,4.0,2020,2020,52631.0,1.110593,8576000.0
SOM,SOM_6,'Adaado,10.0,2020,2020,49238.0,1.363111,8422585.0
SOM,SOM_6180,Mogadishu,166.0,2020,2020,2763423.0,48.846448,347112800.0
SOM,SOM_7404,Lafoole,7.0,2020,2020,29834.0,1.288776,5545310.0
SOM,SOM_7405,Qardho,6.0,2020,2020,66020.0,1.572134,9880818.0
SOM,SOM_7441,Qoryoley,3.0,2020,2020,23299.0,0.834247,5060531.0
SOM,SOM_7603,Saaqow,3.0,2020,2020,31276.0,0.592483,2935565.0
SOM,SOM_8548,Tog Wajaale ,5.0,2020,2020,20550.0,0.849706,6403500.0
SOM,SOM_8705,Uffurow,3.0,2020,2020,23005.0,0.468108,1413528.0
SOM,SOM_8927,Wajid,4.0,2020,2020,62217.0,0.419247,1436377.0
SOM,SOM_8947,Wanlaweyn,6.0,2020,2020,77205.0,1.384378,7124926.0
SOM,SOM_9034,Xuddur,3.0,2020,2020,22820.0,0.49094,2003966.0
SSD,SSD_1175,Ameeth,4.0,2020,2020,1367.0,0.091467,228711.0
SSD,SSD_1178,Ameth-agok,45.0,2020,2020,17041.0,0.248384,603821.0
SSD,SSD_1214,Angoot,106.0,2020,2020,24258.0,1.855813,4737537.0
SSD,SSD_1301,Aruch,8.0,2020,2020,7036.0,0.652231,1630728.0
SSD,SSD_1389,Aweil,36.0,2020,2020,33451.0,3.802058,19542972.0
SSD,SSD_1419,Ayien,21.0,2020,2020,10616.0,0.499436,1402400.0
SSD,SSD_150,Kashwal,43.0,2020,2020,21686.0,0.40862,1016000.0
SSD,SSD_2056,Bor,44.0,2020,2020,188620.0,5.633343,27248428.0
SSD,SSD_216,Aduel,82.0,2020,2020,24694.0,0.372467,875093.0
SSD,SSD_2428,Chimel Thii,9.0,2020,2020,3430.0,0.203392,507663.0
SSD,SSD_3179,Ezo Centre,11.0,2020,2020,47789.0,0.551432,1793082.0
SSD,SSD_3375,Kongor,42.0,2020,2020,56367.0,0.280211,521662.0
SSD,SSD_3557,Gok Machar,11.0,2020,2020,4936.0,0.513915,1284999.0
SSD,SSD_4177,Jalimo,17.0,2020,2020,36031.0,0.574855,1537518.0
SSD,SSD_4216,Jinkuata,3.0,2020,2020,3643.0,0.370437,926174.0
SSD,SSD_4232,Juba,205.0,2020,2020,347884.0,27.854688,190794144.0
SSD,SSD_4543,Kapoeta,5.0,2020,2020,26662.0,0.630655,2343125.0
SSD,SSD_4848,Kindi,5.0,2020,2020,4110.0,0.041425,93798.0
SSD,SSD_5065,Kuacjok,28.0,2020,2020,15839.0,1.593478,5522341.0
SSD,SSD_5125,Kuom,5.0,2020,2020,9820.0,0.440139,1266815.0
SSD,SSD_5135,Kurum,41.0,2020,2020,13301.0,0.410608,1024351.0
SSD,SSD_5311,Lokurubang,6.0,2020,2020,9308.0,0.174543,436138.0
SSD,SSD_5422,Agok ,11.0,2020,2020,2425.0,0.127665,319224.0
SSD,SSD_5441,Madebe Centre,16.0,2020,2020,9253.0,0.05261,115155.0
SSD,SSD_5583,Makuac Akuel,10.0,2020,2020,2938.0,0.215021,537744.0
SSD,SSD_5593,Malakal,19.0,2020,2020,111975.0,3.06495,17713556.0
SSD,SSD_5723,Maridi,44.0,2020,2020,41811.0,0.631185,1576526.0
SSD,SSD_5825,Mayen Ulem,10.0,2020,2020,2449.0,0.129606,324122.0
SSD,SSD_5934,Melut,5.0,2020,2020,15208.0,0.425787,1309745.0
SSD,SSD_6372,Mundri,9.0,2020,2020,10254.0,0.777588,2881051.0
SSD,SSD_6762,Nimule,10.0,2020,2020,65391.0,1.766519,9889501.0
SSD,SSD_6895,Nyainthokmalual,0.0,2020,2020,1919.0,0.01241,31034.0
SSD,SSD_7020,Okau,12.0,2020,2020,50856.0,0.462536,1156553.0
SSD,SSD_7081,Omeyo,8.0,2020,2020,18783.0,0.38231,955904.0
SSD,SSD_7239,Owiny-Kibul,3.0,2020,2020,10993.0,0.195598,588870.0
SSD,SSD_7271,Paloich Market,3.0,2020,2020,9210.0,0.38204,1251230.0
SSD,SSD_7273,Pamat,19.0,2020,2020,5075.0,0.322931,807490.0
SSD,SSD_7280,Pankot,73.0,2020,2020,4678.0,0.155978,211207.0
SSD,SSD_7288,Pariang,6.0,2020,2020,8829.0,0.387689,1056947.0
SSD,SSD_7460,Raga,5.0,2020,2020,20538.0,0.685234,3155913.0
SSD,SSD_7500,Renk,16.0,2020,2020,87669.0,3.029741,15712829.0
SSD,SSD_7576,Rum-Aker,18.0,2020,2020,3537.0,0.336905,842213.0
SSD,SSD_7577,Rumbek,227.0,2020,2020,183000.0,5.063101,22837096.0
SSD,SSD_8335,Tambura,19.0,2020,2020,52573.0,1.472549,5867082.0
SSD,SSD_8569,Tonj,16.0,2020,2020,9169.0,0.710961,1971197.0
SSD,SSD_8577,Torit,16.0,2020,2020,27336.0,2.137644,9806249.0
SSD,SSD_8967,Wau,39.0,2020,2020,219881.0,9.417448,58227768.0
SSD,SSD_8997,Wet-wil,9.0,2020,2020,3655.0,0.201327,503406.0
SSD,SSD_904,Alok,11.0,2020,2020,2217.0,0.06816,170165.0
SSD,SSD_9052,Yambio,145.0,2020,2020,100609.0,3.950771,18308214.0
SSD,SSD_9067,Yei,32.0,2020,2020,102118.0,4.569426,23177000.0
SSD,SSD_9079,Yida Refugee Camp,12.0,2020,2020,12749.0,1.029929,3135107.0
SSD,SSD_9084,Yirol,51.0,2020,2020,46066.0,1.163709,3303711.0
STP,STP_6667,Neves,1.0,2020,2020,8032.0,0.249472,995373.0
STP,STP_7773,Santana,2.0,2020,2020,7658.0,0.307584,1065128.0
STP,STP_7781,Sao Tome,36.0,2020,2020,119455.0,5.068802,24188348.0
SWZ,SWZ_5470,Mafutseni,116.0,2020,2020,30491.0,3.993355,9985228.0
SWZ,SWZ_5522,Mahamba,19.0,2020,2020,8939.0,1.40058,3628036.0
SWZ,SWZ_5700,Manzini,160.0,2020,2020,118291.0,16.618171,91953568.0
SWZ,SWZ_5837,Mbabane,160.0,2020,2020,108768.0,12.960759,59423564.0
SWZ,SWZ_6733,Nhlangano,35.0,2020,2020,18379.0,2.621712,8321155.0
SYC,SYC_8824,Victoria,50.0,2020,2020,85911.0,3.893469,16166308.0
TCD,TCD_1132,Am Dam Zeribe,2.0,2020,2020,3502.0,0.197112,993298.0
TCD,TCD_1133,Am Nabak camp,3.0,2020,2020,3946.0,0.275607,749365.0
TCD,TCD_1134,Am Timan,17.0,2020,2020,120047.0,2.368887,13320921.0
TCD,TCD_1169,Amboko Camp,1.0,2020,2020,2351.0,0.20829,771450.0
TCD,TCD_1266,Arada,4.0,2020,2020,3348.0,0.309375,855245.0
TCD,TCD_1361,Ati,13.0,2020,2020,48293.0,1.679558,8552309.0
TCD,TCD_1474,Baga Sola,3.0,2020,2020,2730.0,0.561088,2823912.0
TCD,TCD_1487,Bahay,3.0,2020,2020,3812.0,0.266237,668545.0
TCD,TCD_1499,Baibokoum,4.0,2020,2020,7735.0,0.441404,1628314.0
TCD,TCD_1500,Ba-Illi,5.0,2020,2020,14596.0,0.591162,2429597.0
TCD,TCD_164,Ade,0.0,2020,2020,634.0,0.022909,57276.0
TCD,TCD_1745,Bebalem,12.0,2020,2020,20206.0,1.052264,3165327.0
TCD,TCD_1750,Bedigri,8.0,2020,2020,11857.0,0.332403,831096.0
TCD,TCD_1755,Bedjondo,10.0,2020,2020,21498.0,0.773504,2455238.0
TCD,TCD_1761,Beinamar,3.0,2020,2020,7662.0,0.438766,1689295.0
TCD,TCD_1782,Belome Camp,4.0,2020,2020,5586.0,0.398743,1101475.0
TCD,TCD_1826,Benoye,16.0,2020,2020,32658.0,1.753251,7090080.0
TCD,TCD_1833,Bere,11.0,2020,2020,27442.0,1.808971,8853957.0
TCD,TCD_1850,Bessao,3.0,2020,2020,6442.0,0.452876,1760613.0
TCD,TCD_1903,Biltine,15.0,2020,2020,32821.0,1.900206,8445765.0
TCD,TCD_1908,Binder Urbain,2.0,2020,2020,3450.0,0.234521,802808.0
TCD,TCD_1959,Bitkine,8.0,2020,2020,21969.0,1.018287,5496022.0
TCD,TCD_2015,Bokoro,6.0,2020,2020,20888.0,1.123924,5740893.0
TCD,TCD_2018,Bol,4.0,2020,2020,17645.0,0.914049,5411863.0
TCD,TCD_2042,Bongor,22.0,2020,2020,65953.0,2.713849,14968776.0
TCD,TCD_2139,Bousso,3.0,2020,2020,14084.0,0.599215,3149086.0
TCD,TCD_215,Adre,9.0,2020,2020,31851.0,1.320218,6424740.0
TCD,TCD_2160,Bredjing camp,3.0,2020,2020,7206.0,0.493941,1881654.0
TCD,TCD_25,Abdi II,4.0,2020,2020,15333.0,0.113987,280348.0
TCD,TCD_27,Abéché,58.0,2020,2020,179961.0,10.213076,61024280.0
TCD,TCD_2815,Doba,27.0,2020,2020,76180.0,4.60739,26913272.0
TCD,TCD_2819,Dodjoré camp,7.0,2020,2020,13555.0,0.291256,728328.0
TCD,TCD_2853,Donia,10.0,2020,2020,12527.0,0.500573,1640688.0
TCD,TCD_2864,Dosseye Camp,1.0,2020,2020,1300.0,0.065712,163549.0
TCD,TCD_2875,Dourbali,6.0,2020,2020,19414.0,1.035273,6163230.0
TCD,TCD_31,Abgadam Camp,1.0,2020,2020,2407.0,0.24477,695717.0
TCD,TCD_3181,Fada,7.0,2020,2020,10745.0,0.397607,1130299.0
TCD,TCD_3198,Farchana,6.0,2020,2020,8934.0,0.427075,1442247.0
TCD,TCD_3213,Faya,13.0,2020,2020,9863.0,1.04125,4544086.0
TCD,TCD_3235,Fianga,10.0,2020,2020,20924.0,0.973168,4285451.0
TCD,TCD_3319,Gaga Camp,3.0,2020,2020,4517.0,0.501866,2516789.0
TCD,TCD_3578,Gore,7.0,2020,2020,27311.0,1.344016,8096310.0
TCD,TCD_3591,Goundi,12.0,2020,2020,18199.0,0.694544,2766355.0
TCD,TCD_3592,Gounou-Gaya,6.0,2020,2020,19061.0,0.869333,4093992.0
TCD,TCD_3598,Goz Amer camp,6.0,2020,2020,16048.0,0.604112,1989806.0
TCD,TCD_3599,Goz Beida,9.0,2020,2020,15741.0,0.977103,3692258.0
TCD,TCD_3626,Guelendeng,8.0,2020,2020,22694.0,1.169413,5921215.0
TCD,TCD_4087,Iriba,4.0,2020,2020,15144.0,0.565478,2424022.0
TCD,TCD_4088,Iridimi camp,4.0,2020,2020,6921.0,0.462207,1430670.0
TCD,TCD_4438,Kalait,9.0,2020,2020,5910.0,0.508368,1357547.0
TCD,TCD_4556,Karal,3.0,2020,2020,4305.0,0.468516,2257051.0
TCD,TCD_4701,Kelo,37.0,2020,2020,83942.0,5.526772,28499730.0
TCD,TCD_4719,Kerfi,3.0,2020,2020,4076.0,0.196422,486110.0
TCD,TCD_474,Alaroro,4.0,2020,2020,16857.0,0.697555,3487965.0
TCD,TCD_5014,Koukou Angarana,2.0,2020,2020,5067.0,0.187467,468754.0
TCD,TCD_5021,Koumra,25.0,2020,2020,67039.0,3.347456,18076520.0
TCD,TCD_5026,Kounoungou camp,2.0,2020,2020,2802.0,0.230104,575372.0
TCD,TCD_5054,Krim Krim,6.0,2020,2020,11289.0,0.514897,2150767.0
TCD,TCD_5177,Kyabe,11.0,2020,2020,51076.0,1.219543,6021513.0
TCD,TCD_5200,Lai,10.0,2020,2020,44784.0,1.511957,7891990.0
TCD,TCD_5258,Lere,10.0,2020,2020,27959.0,1.202775,5347309.0
TCD,TCD_5492,Magrane,2.0,2020,2020,5428.0,0.207983,776310.0
TCD,TCD_5642,Mandelia,5.0,2020,2020,6908.0,0.735816,3298903.0
TCD,TCD_5651,Mangalme,2.0,2020,2020,11370.0,0.32257,1581049.0
TCD,TCD_5701,Mao,12.0,2020,2020,23155.0,1.556096,8223866.0
TCD,TCD_5729,Maro,1.0,2020,2020,1639.0,0.069366,173437.0
TCD,TCD_5772,Massaguet,9.0,2020,2020,16942.0,1.353626,6916055.0
TCD,TCD_5773,Massakory,10.0,2020,2020,31459.0,1.129649,4989769.0
TCD,TCD_5847,Mbalkabra,6.0,2020,2020,12195.0,0.505285,1651939.0
TCD,TCD_59,Abougoudam,2.0,2020,2020,1769.0,0.130873,327196.0
TCD,TCD_5924,Melfi,4.0,2020,2020,18676.0,0.308788,1245019.0
TCD,TCD_6006,Mile Camp,2.0,2020,2020,2007.0,0.270317,675848.0
TCD,TCD_6196,Moissala,6.0,2020,2020,19548.0,0.963387,5146415.0
TCD,TCD_6219,Mongo,14.0,2020,2020,83186.0,2.058196,10627351.0
TCD,TCD_6268,Moundou,61.0,2020,2020,233129.0,10.60709,65976556.0
TCD,TCD_6272,Moussoro,13.0,2020,2020,49076.0,1.407097,6911003.0
TCD,TCD_6611,Ndam,0.0,2020,2020,376.0,0.034869,87182.0
TCD,TCD_6627,Ndjamena,378.0,2020,2020,1697103.0,73.405688,471558624.0
TCD,TCD_6686,Ngama,3.0,2020,2020,10500.0,0.623905,3184487.0
TCD,TCD_6716,Ngouri,4.0,2020,2020,10000.0,0.494332,1899349.0
TCD,TCD_7220,Oum Hadjer,11.0,2020,2020,42947.0,1.520499,8105439.0
TCD,TCD_7228,Oure Cassoni camp,5.0,2020,2020,7881.0,0.819278,3989030.0
TCD,TCD_7267,Pala,28.0,2020,2020,64445.0,2.525156,11723607.0
TCD,TCD_7302,Peni I,6.0,2020,2020,11406.0,0.421025,1155985.0
TCD,TCD_7693,Salal,1.0,2020,2020,1062.0,0.017798,9648.0
TCD,TCD_7794,Sarh,38.0,2020,2020,143774.0,6.081715,35958468.0
TCD,TCD_8515,Tine Djangarba,16.0,2020,2020,22959.0,1.5706,7484713.0
TCD,TCD_8596,Touloum camp,3.0,2020,2020,4344.0,0.33339,915699.0
TCD,TCD_9061,Yaroungou camp,4.0,2020,2020,10240.0,0.560332,2994540.0
TGO,TGO_1212,Anfoin,7.0,2020,2020,11896.0,1.060647,5463621.0
TGO,TGO_1216,Anie,17.0,2020,2020,55820.0,3.01445,15519758.0
TGO,TGO_1337,Asrama,5.0,2020,2020,7207.0,0.85337,5203551.0
TGO,TGO_1340,Assahoun,10.0,2020,2020,17875.0,1.745765,11002834.0
TGO,TGO_1351,Atakpame,33.0,2020,2020,108216.0,6.789355,43824928.0
TGO,TGO_1374,Attitogon,5.0,2020,2020,9260.0,0.71592,3491892.0
TGO,TGO_1462,Badou,5.0,2020,2020,10041.0,0.761748,5178663.0
TGO,TGO_1469,Bafilo,8.0,2020,2020,28895.0,1.435499,8760739.0
TGO,TGO_1705,Bassar,12.0,2020,2020,29585.0,2.26241,11907991.0
TGO,TGO_173,Adeta,9.0,2020,2020,14553.0,1.326117,7521928.0
TGO,TGO_196,Adjengre,7.0,2020,2020,12829.0,1.129358,4971598.0
TGO,TGO_1969,Blitta,9.0,2020,2020,17271.0,1.336778,5635652.0
TGO,TGO_221,Afagnagan,10.0,2020,2020,30971.0,1.682879,10947906.0
TGO,TGO_2492,Cinkassi/Cinkanse [TGO],32.0,2020,2020,58046.0,3.277552,18596184.0
TGO,TGO_2609,Dapaong,63.0,2020,2020,128222.0,9.664255,53762812.0
TGO,TGO_2640,Datcha,3.0,2020,2020,6830.0,0.527508,1972884.0
TGO,TGO_285,Ahépé,11.0,2020,2020,22120.0,1.688066,10391527.0
TGO,TGO_2936,Dzrekpo,6.0,2020,2020,9325.0,0.983772,5889986.0
TGO,TGO_3538,Glei,8.0,2020,2020,21543.0,1.404775,9191647.0
TGO,TGO_3540,Glidji,10.0,2020,2020,15831.0,1.165335,4824728.0
TGO,TGO_3635,Guerin Kouka,8.0,2020,2020,13566.0,1.01577,4532914.0
TGO,TGO_3711,Hahotoé,12.0,2020,2020,32727.0,2.101322,17014756.0
TGO,TGO_413,Aklakou,6.0,2020,2020,10973.0,0.942825,5946089.0
TGO,TGO_4261,Kaboli,7.0,2020,2020,10835.0,1.080812,5521444.0
TGO,TGO_4271,Kabou,6.0,2020,2020,11625.0,0.911347,4344063.0
TGO,TGO_4503,Kante,10.0,2020,2020,10953.0,1.020015,4862008.0
TGO,TGO_4550,Kara,96.0,2020,2020,166640.0,12.121451,65366176.0
TGO,TGO_4732,Ketao,6.0,2020,2020,14281.0,1.258888,6780971.0
TGO,TGO_4994,Korbongou-Centre,11.0,2020,2020,13608.0,1.054113,4040394.0
TGO,TGO_5034,Kouve,8.0,2020,2020,14863.0,1.228137,8059017.0
TGO,TGO_5038,Kpalime,39.0,2020,2020,98217.0,6.904065,43496064.0
TGO,TGO_5043,Kpekpleme,3.0,2020,2020,10704.0,0.65206,3267662.0
TGO,TGO_5044,Kpele-Ele,3.0,2020,2020,2225.0,0.270022,910482.0
TGO,TGO_5208,Lama-Bou,10.0,2020,2020,9319.0,0.94617,2665776.0
TGO,TGO_5317,Lomé,431.0,2020,2020,2437479.0,116.753296,1177085824.0
TGO,TGO_5653,Mango,11.0,2020,2020,21788.0,1.740724,8460749.0
TGO,TGO_6743,Niamtougou,24.0,2020,2020,20540.0,2.22121,8124676.0
TGO,TGO_6849,Notse,19.0,2020,2020,56180.0,3.387306,22278756.0
TGO,TGO_7259,Pagala-Gare,8.0,2020,2020,12991.0,0.987746,3956071.0
TGO,TGO_8149,Sokode,46.0,2020,2020,131810.0,8.533983,53967392.0
TGO,TGO_8180,Sotouboua,10.0,2020,2020,25162.0,1.958924,10444962.0
TGO,TGO_8257,Tabligbo,14.0,2020,2020,41777.0,2.316693,16463230.0
TGO,TGO_8267,Tado,2.0,2020,2020,8213.0,0.480811,2623377.0
TGO,TGO_8409,Tchamba,13.0,2020,2020,33798.0,2.337837,12099292.0
TGO,TGO_8413,Tchekpo-Dedekpoe,4.0,2020,2020,7747.0,0.51495,3066608.0
TGO,TGO_8550,Tohoun,3.0,2020,2020,10476.0,0.483608,1795596.0
TGO,TGO_8623,Tsévié,147.0,2020,2020,301176.0,22.432084,171125840.0
TGO,TGO_8887,Vogan,14.0,2020,2020,32796.0,2.192844,15640668.0
TGO,TGO_8924,Wahala,3.0,2020,2020,5730.0,0.528108,3066918.0
TZA,TZA_1302,Arusha,356.0,2020,2020,941325.0,52.9626,346538304.0
TZA,TZA_1446,Babati,28.0,2020,2020,63443.0,3.802852,18491246.0
TZA,TZA_1476,Bagamoyo ,13.0,2020,2020,45324.0,2.390413,13873929.0
TZA,TZA_1477,Bagamoyo ,41.0,2020,2020,50091.0,3.243125,14058749.0
TZA,TZA_1667,Barabarani,4.0,2020,2020,8305.0,0.475743,1614034.0
TZA,TZA_1685,Bariadi,15.0,2020,2020,49915.0,2.496119,11883062.0
TZA,TZA_1883,Biharamulo Mjini,5.0,2020,2020,17886.0,0.900952,4394603.0
TZA,TZA_2185,Bugarama,7.0,2020,2020,20441.0,1.40295,6308059.0
TZA,TZA_2189,Bugogwa,7.0,2020,2020,14767.0,1.094619,4244363.0
TZA,TZA_2201,Bukoba,59.0,2020,2020,155167.0,7.371528,42840180.0
TZA,TZA_2224,Bunda,31.0,2020,2020,79183.0,4.591476,21461496.0
TZA,TZA_2230,Bungu,7.0,2020,2020,14109.0,0.844692,3607663.0
TZA,TZA_2239,Bupandwamhela,3.0,2020,2020,7283.0,0.484883,1470528.0
TZA,TZA_2285,Butiama 1,8.0,2020,2020,8756.0,0.687606,2255453.0
TZA,TZA_2302,Bwanga,5.0,2020,2020,15585.0,0.889763,3965806.0
TZA,TZA_2359,Chake Chake,9.0,2020,2020,58411.0,1.553238,9521892.0
TZA,TZA_2360,Chala,3.0,2020,2020,7160.0,0.411434,1728697.0
TZA,TZA_2362,Chalinze,10.0,2020,2020,43115.0,1.733148,8987129.0
TZA,TZA_2369,Chanika,12.0,2020,2020,39560.0,1.650242,9222477.0
TZA,TZA_2375,Chato,11.0,2020,2020,46467.0,1.806283,7851648.0
TZA,TZA_2427,Chimala,7.0,2020,2020,29196.0,1.498045,7579922.0
TZA,TZA_2451,Chiwezi,7.0,2020,2020,26750.0,1.521781,10365114.0
TZA,TZA_2622,Dar es Salaam,1179.0,2020,2020,5607655.0,227.163936,1648370432.0
TZA,TZA_2821,Dodoma,136.0,2020,2020,403953.0,29.222864,169587168.0
TZA,TZA_2902,Dumila,8.0,2020,2020,32535.0,1.445353,6983107.0
TZA,TZA_3108,Endasak,7.0,2020,2020,11502.0,0.856323,3006897.0
TZA,TZA_3157,Etaro,17.0,2020,2020,19866.0,1.539414,3918170.0
TZA,TZA_3323,Gairo,9.0,2020,2020,57190.0,1.968085,10137003.0
TZA,TZA_3713,Hai Mjini,26.0,2020,2020,61250.0,4.65042,30247806.0
TZA,TZA_3789,Hedaru,6.0,2020,2020,18001.0,1.151447,7147424.0
TZA,TZA_3899,Ifakara,34.0,2020,2020,124920.0,6.363897,37456904.0
TZA,TZA_3914,Igala,17.0,2020,2020,29079.0,1.317669,3294542.0
TZA,TZA_3945,Igowole,14.0,2020,2020,13434.0,1.888186,6311313.0
TZA,TZA_3948,Igunga,17.0,2020,2020,41905.0,2.745031,12951946.0
TZA,TZA_3950,Igurusi,6.0,2020,2020,18805.0,1.333782,6954158.0
TZA,TZA_4005,Ikwiriri,9.0,2020,2020,40656.0,1.896822,12021825.0
TZA,TZA_4035,Ilula,7.0,2020,2020,24522.0,1.628444,9658075.0
TZA,TZA_4089,Iringa,44.0,2020,2020,135079.0,9.124027,64056868.0
TZA,TZA_4096,Isagehe 2,7.0,2020,2020,10660.0,0.821405,2327672.0
TZA,TZA_4097,Isagehe 1,10.0,2020,2020,9885.0,1.019476,2845071.0
TZA,TZA_4098,Isaka,8.0,2020,2020,15049.0,1.258311,5059869.0
TZA,TZA_4135,Itewe,6.0,2020,2020,21701.0,1.317982,8333062.0
TZA,TZA_4137,Itigi,9.0,2020,2020,18637.0,1.821576,8651277.0
TZA,TZA_4273,Kabuku,5.0,2020,2020,19135.0,0.881222,4716752.0
TZA,TZA_4403,Kagongwa,8.0,2020,2020,23749.0,1.845644,8974613.0
TZA,TZA_4405,Kahama,73.0,2020,2020,200726.0,14.215861,78825472.0
TZA,TZA_4441,Geita,44.0,2020,2020,163400.0,7.830502,41096028.0
TZA,TZA_4452,Kalinzi,16.0,2020,2020,25820.0,1.514748,4113748.0
TZA,TZA_4455,Kaliua,6.0,2020,2020,14237.0,1.323977,5537051.0
TZA,TZA_4500,Kanazi,16.0,2020,2020,18531.0,0.893826,2438242.0
TZA,TZA_4565,Karatu,26.0,2020,2020,47204.0,3.20281,14337288.0
TZA,TZA_4590,Kasamwa,6.0,2020,2020,20464.0,0.97911,4044001.0
TZA,TZA_4596,Kaseke,5.0,2020,2020,12759.0,0.78021,3378436.0
TZA,TZA_4602,Kashasha,8.0,2020,2020,11665.0,0.467243,1187121.0
TZA,TZA_4603,Mpanda,29.0,2020,2020,139904.0,6.691866,40954448.0
TZA,TZA_4618,Kasulu Mjini,27.0,2020,2020,107251.0,4.992024,27287276.0
TZA,TZA_4640,Katesh,9.0,2020,2020,17287.0,1.206153,4785482.0
TZA,TZA_4651,Katoke ,12.0,2020,2020,14835.0,0.573948,1435241.0
TZA,TZA_4653,Katoro,28.0,2020,2020,126867.0,6.26258,35952848.0
TZA,TZA_4668,Kayanga,12.0,2020,2020,25328.0,1.210502,4665062.0
TZA,TZA_4678,Kazumarimba,5.0,2020,2020,12572.0,0.911538,4212517.0
TZA,TZA_4693,Kisumu/Mbale/Busia/Sirari [TZA],15.0,2020,2020,24146.0,1.665201,7424783.0
TZA,TZA_4711,Kengeja,5.0,2020,2020,17761.0,0.656251,2192951.0
TZA,TZA_4772,Kibaigwa,9.0,2020,2020,44843.0,1.938123,10473815.0
TZA,TZA_4776,Kibara,13.0,2020,2020,16657.0,1.32884,4674834.0
TZA,TZA_4778,Kibaya,7.0,2020,2020,34678.0,1.454528,7495569.0
TZA,TZA_4783,Kibiti,7.0,2020,2020,18917.0,1.003137,6078445.0
TZA,TZA_4788,Kibondo Mjini,6.0,2020,2020,34247.0,1.453711,9953994.0
TZA,TZA_4796,Kidatu,7.0,2020,2020,19910.0,1.198306,5430150.0
TZA,TZA_4798,Kidodi,8.0,2020,2020,33528.0,1.441938,7769936.0
TZA,TZA_4805,Kigoma,57.0,2020,2020,247934.0,13.973053,101989264.0
TZA,TZA_4820,Kilindoni,9.0,2020,2020,16800.0,0.92226,3161888.0
TZA,TZA_4826,Kilosa,7.0,2020,2020,34300.0,1.301277,7191168.0
TZA,TZA_4835,Kilimahewa,5.0,2020,2020,12349.0,0.749205,3781362.0
TZA,TZA_4876,Kirando,4.0,2020,2020,10777.0,0.86517,4568618.0
TZA,TZA_4893,Kisarawe,4.0,2020,2020,7742.0,0.404071,1844927.0
TZA,TZA_4908,Kitama,6.0,2020,2020,9940.0,0.914484,3861130.0
TZA,TZA_4909,Kitanga,6.0,2020,2020,14375.0,0.916858,3651834.0
TZA,TZA_4925,Kiwira,23.0,2020,2020,26816.0,1.749869,6639658.0
TZA,TZA_4975,Konde,4.0,2020,2020,14947.0,0.41618,1597777.0
TZA,TZA_4976,Kondoa Mjini,12.0,2020,2020,32298.0,2.341316,12058215.0
TZA,TZA_4983,Kongwa,8.0,2020,2020,23490.0,1.278954,5321691.0
TZA,TZA_5000,Korogwe,21.0,2020,2020,62707.0,3.334306,21595044.0
TZA,TZA_5078,Kukirango,8.0,2020,2020,9513.0,0.764,2380004.0
TZA,TZA_5180,Kyela Mjini ,59.0,2020,2020,89418.0,4.670137,19267612.0
TZA,TZA_5193,Laela,4.0,2020,2020,15344.0,0.773151,4022711.0
TZA,TZA_5282,Lindi,11.0,2020,2020,45412.0,2.228583,15049845.0
TZA,TZA_5292,Liwale Mjini,13.0,2020,2020,30789.0,2.782056,15951460.0
TZA,TZA_5401,Lushoto,26.0,2020,2020,42517.0,2.455784,10113076.0
TZA,TZA_5404,Lutale,14.0,2020,2020,18264.0,1.197643,3738704.0
TZA,TZA_5437,Madaba,6.0,2020,2020,7412.0,0.90035,3802707.0
TZA,TZA_5469,Mafinga,34.0,2020,2020,64691.0,6.973701,41310368.0
TZA,TZA_5488,Magomeni,2.0,2020,2020,7271.0,0.322347,1398008.0
TZA,TZA_5494,Magu Mjini,14.0,2020,2020,40877.0,2.261959,11379658.0
TZA,TZA_5495,Magugu,10.0,2020,2020,20669.0,1.447997,6664295.0
TZA,TZA_5534,Mahuta,6.0,2020,2020,13050.0,0.977665,4624362.0
TZA,TZA_5555,Makambako,35.0,2020,2020,72395.0,7.150079,40445832.0
TZA,TZA_5567,Makere,3.0,2020,2020,8951.0,0.632806,2576885.0
TZA,TZA_5576,Makongorosi,4.0,2020,2020,13074.0,0.795861,4394613.0
TZA,TZA_5611,Malindi,40.0,2020,2020,46026.0,3.400632,11612285.0
TZA,TZA_5697,Manyoni,13.0,2020,2020,35090.0,2.274087,11776602.0
TZA,TZA_5703,Maposeni,8.0,2020,2020,12589.0,1.169148,4509425.0
TZA,TZA_5712,Maramba,3.0,2020,2020,10470.0,0.39914,1936647.0
TZA,TZA_5746,Masama,86.0,2020,2020,88677.0,7.390239,24122252.0
TZA,TZA_5750,Masasi,28.0,2020,2020,67211.0,5.11109,27096288.0
TZA,TZA_5781,Matai,4.0,2020,2020,16266.0,0.706802,3349071.0
TZA,TZA_5796,Matema,56.0,2020,2020,44248.0,2.34629,5968438.0
TZA,TZA_5799,Mateves,12.0,2020,2020,29302.0,1.703669,7156906.0
TZA,TZA_5802,Matongo ,14.0,2020,2020,31415.0,1.926029,7430326.0
TZA,TZA_5849,Mbamba Bay,14.0,2020,2020,10532.0,1.091073,3070826.0
TZA,TZA_5865,Mbeya,159.0,2020,2020,589847.0,32.283182,214859136.0
TZA,TZA_5869,Mbinga Mjini,19.0,2020,2020,38356.0,3.270668,16653368.0
TZA,TZA_5874,Mbomai,504.0,2020,2020,427216.0,37.543356,118378864.0
TZA,TZA_5881,Mbuguni,9.0,2020,2020,7527.0,0.892709,2300442.0
TZA,TZA_5883,Mbulu Mjini,21.0,2020,2020,23592.0,2.014634,7464793.0
TZA,TZA_5981,Mhonda,5.0,2020,2020,18474.0,0.790721,4002194.0
TZA,TZA_6003,Mikumi,6.0,2020,2020,24954.0,1.106397,4707443.0
TZA,TZA_6069,Mirerani,8.0,2020,2020,42616.0,1.704522,10224745.0
TZA,TZA_6073,Misasi,4.0,2020,2020,7697.0,0.595321,2104327.0
TZA,TZA_6087,Misungwi,11.0,2020,2020,26065.0,1.721494,6650143.0
TZA,TZA_6145,Mkata,6.0,2020,2020,19994.0,0.807178,4538945.0
TZA,TZA_6148,Mkoma,10.0,2020,2020,12524.0,1.016226,3417756.0
TZA,TZA_6153,Mkuranga,15.0,2020,2020,30416.0,1.324585,5460657.0
TZA,TZA_6157,Mkwajuni 1,23.0,2020,2020,65038.0,2.878547,11231613.0
TZA,TZA_6158,Mkwajuni 2,5.0,2020,2020,16837.0,1.033679,5619335.0
TZA,TZA_6159,Mlandege,12.0,2020,2020,29414.0,2.082852,10673719.0
TZA,TZA_6160,Mlandizi,10.0,2020,2020,50663.0,2.185137,14213518.0
TZA,TZA_6161,Mlimba,10.0,2020,2020,30467.0,1.674298,7615722.0
TZA,TZA_6162,Mlowo,24.0,2020,2020,33308.0,3.285934,17594788.0
TZA,TZA_6217,Monduli,9.0,2020,2020,14659.0,1.029683,4266125.0
TZA,TZA_6243,Morogoro,124.0,2020,2020,440922.0,21.251844,116309128.0
TZA,TZA_6252,Moshi,329.0,2020,2020,501299.0,33.761376,167046848.0
TZA,TZA_6298,Mpuguso,10.0,2020,2020,9641.0,0.70705,1976485.0
TZA,TZA_6302,Mpwapwa,12.0,2020,2020,39958.0,2.152706,11259327.0
TZA,TZA_6309,Mtama,4.0,2020,2020,8790.0,0.644284,2793290.0
TZA,TZA_6310,Mtibwa,9.0,2020,2020,29837.0,1.503726,7274956.0
TZA,TZA_6315,Mtumba,7.0,2020,2020,15005.0,1.466043,6987659.0
TZA,TZA_6318,Mtwara,38.0,2020,2020,122677.0,6.777222,40382056.0
TZA,TZA_6333,Muganza,7.0,2020,2020,16480.0,1.031545,4133546.0
TZA,TZA_6338,Mugumu Mjini,18.0,2020,2020,26354.0,2.093659,8639375.0
TZA,TZA_6341,Muheza,12.0,2020,2020,53039.0,2.043921,14343142.0
TZA,TZA_6358,Muleba,15.0,2020,2020,35437.0,1.287361,4356669.0
TZA,TZA_6373,Makiungu ,4.0,2020,2020,5308.0,0.420945,1595223.0
TZA,TZA_6403,Muriti,20.0,2020,2020,29162.0,1.200504,3071703.0
TZA,TZA_6418,Musoma,49.0,2020,2020,162648.0,9.095601,48671836.0
TZA,TZA_6448,Mwamanyili,6.0,2020,2020,10257.0,0.879434,3212010.0
TZA,TZA_6451,Mwanga,8.0,2020,2020,15276.0,1.24941,6189528.0
TZA,TZA_6452,Mwangoi,21.0,2020,2020,25900.0,2.039861,7254151.0
TZA,TZA_6453,Mwanhuzi,7.0,2020,2020,19652.0,1.254785,5885364.0
TZA,TZA_6454,Mwanza,236.0,2020,2020,985569.0,48.719288,392625216.0
TZA,TZA_6460,Mwayaya,26.0,2020,2020,45520.0,3.01049,12637605.0
TZA,TZA_6474,Mzizima,3.0,2020,2020,9133.0,0.400207,2418941.0
TZA,TZA_6489,Nachingwea,21.0,2020,2020,43348.0,2.777597,11583666.0
TZA,TZA_6508,Naipanga,5.0,2020,2020,8652.0,0.718623,2760919.0
TZA,TZA_6515,Nakonde/Tunduma [TZA],22.0,2020,2020,174248.0,5.871156,60123756.0
TZA,TZA_6524,Namanyere,7.0,2020,2020,26356.0,1.260107,5400610.0
TZA,TZA_6546,Nangomba,7.0,2020,2020,20721.0,1.304601,6822461.0
TZA,TZA_6548,Nansio,41.0,2020,2020,98325.0,4.123981,16672831.0
TZA,TZA_6550,Nanyamba,5.0,2020,2020,11320.0,0.944881,4687083.0
TZA,TZA_6640,Ndungu,5.0,2020,2020,8233.0,0.701569,3435886.0
TZA,TZA_6695,Ngara,7.0,2020,2020,19450.0,0.985506,4655397.0
TZA,TZA_6718,Ngudu,9.0,2020,2020,19083.0,1.264734,5428558.0
TZA,TZA_6727,Nguruka,6.0,2020,2020,18033.0,1.180073,5733885.0
TZA,TZA_6779,Njombe Mjini,62.0,2020,2020,72721.0,8.670353,49763216.0
TZA,TZA_6798,Nkome 2,3.0,2020,2020,8278.0,0.436637,1537942.0
TZA,TZA_6810,Nkungwe,11.0,2020,2020,23217.0,1.487648,5519738.0
TZA,TZA_6864,Nshamba,15.0,2020,2020,23841.0,1.001198,2517631.0
TZA,TZA_6897,Nyakafulu,11.0,2020,2020,27975.0,2.218758,10658969.0
TZA,TZA_6898,Nyakahanga,15.0,2020,2020,26531.0,1.244402,3891602.0
TZA,TZA_6900,Nyalikungu,14.0,2020,2020,25617.0,1.828324,7307409.0
TZA,TZA_6911,Nyangao,7.0,2020,2020,10521.0,0.737462,2485196.0
TZA,TZA_6913,Nyanguge,5.0,2020,2020,11003.0,0.756381,3100896.0
TZA,TZA_6917,Nyarubanda,8.0,2020,2020,12911.0,0.781926,2026820.0
TZA,TZA_6925,Nzega,19.0,2020,2020,49870.0,3.401988,16518149.0
TZA,TZA_7066,Old Shinyanga,5.0,2020,2020,6032.0,0.503414,1484213.0
TZA,TZA_7556,Ruangwa,6.0,2020,2020,22443.0,1.212186,6612937.0
TZA,TZA_7572,Rujewa,8.0,2020,2020,36228.0,2.120426,11949251.0
TZA,TZA_7715,Same Mjini,16.0,2020,2020,35594.0,2.254016,10646363.0
TZA,TZA_7868,Sengerema,30.0,2020,2020,85790.0,5.031823,26113210.0
TZA,TZA_7963,Shelui,6.0,2020,2020,12778.0,1.030099,4392319.0
TZA,TZA_7984,Shinyanga,58.0,2020,2020,132427.0,9.573759,49863304.0
TZA,TZA_8112,Singida,48.0,2020,2020,126142.0,8.173941,41272248.0
TZA,TZA_8167,Songea,70.0,2020,2020,189993.0,12.434425,71268648.0
TZA,TZA_8172,Songwa,4.0,2020,2020,11244.0,0.762678,3507347.0
TZA,TZA_8231,Sumbawanga,47.0,2020,2020,188811.0,9.329654,65298436.0
TZA,TZA_8259,Tabora,52.0,2020,2020,165157.0,12.266415,76110216.0
TZA,TZA_8353,Tandahimba,11.0,2020,2020,31073.0,2.156153,10517503.0
TZA,TZA_8357,Tanga 1,60.0,2020,2020,286486.0,11.538679,73001496.0
TZA,TZA_8387,Tarime,45.0,2020,2020,88563.0,4.870373,20019432.0
TZA,TZA_8676,Tunduru,12.0,2020,2020,54882.0,2.570383,14850669.0
TZA,TZA_8694,Ubaruku,8.0,2020,2020,29484.0,2.164418,11772188.0
TZA,TZA_8783,Urambo,14.0,2020,2020,24896.0,2.225735,10210325.0
TZA,TZA_8790,Usagara,12.0,2020,2020,21637.0,1.570156,5646962.0
TZA,TZA_8795,Ushirombo,17.0,2020,2020,55801.0,3.754801,21970910.0
TZA,TZA_8800,Utete,4.0,2020,2020,11512.0,0.565953,2848416.0
TZA,TZA_8807,Uyovu,12.0,2020,2020,34271.0,2.61678,12677036.0
TZA,TZA_8826,Vigoi,9.0,2020,2020,25211.0,1.081836,5053276.0
TZA,TZA_8902,Vwawa,19.0,2020,2020,39442.0,3.570983,24831884.0
TZA,TZA_8995,Wete,4.0,2020,2020,43126.0,0.937943,7415855.0
TZA,TZA_9125,Zanzibar,202.0,2020,2020,928506.0,34.31446,224716832.0
UGA,UGA_1185,Amolatar,57.0,2020,2020,24417.0,2.369159,5923937.0
UGA,UGA_1197,Anaka,4.0,2020,2020,6594.0,0.448486,1330025.0
UGA,UGA_1249,Apac,18.0,2020,2020,12018.0,1.096243,3153196.0
UGA,UGA_1300,Arua,178.0,2020,2020,200893.0,20.596626,82458584.0
UGA,UGA_1503,Magamaga ,9.0,2020,2020,19668.0,0.793745,2561061.0
UGA,UGA_198,Adjumani,22.0,2020,2020,25722.0,3.199321,14672906.0
UGA,UGA_2187,Bugiri,64.0,2020,2020,90326.0,4.666819,16755816.0
UGA,UGA_2210,Buliisa,20.0,2020,2020,27977.0,1.488365,4375473.0
UGA,UGA_2213,Bulo ,20.0,2020,2020,11806.0,1.039941,2761610.0
UGA,UGA_2226,Bundibugyo,18.0,2020,2020,35515.0,1.729269,5660109.0
UGA,UGA_2262,Busembatia,12.0,2020,2020,17981.0,0.921198,3269357.0
UGA,UGA_2265,Bushenyi,6.0,2020,2020,6124.0,0.610927,2131425.0
UGA,UGA_2268,Kisumu/Mbale/Busia/Sirari [UGA] 2,403.0,2020,2020,345382.0,24.064252,70877160.0
UGA,UGA_2270,Busolwe,15.0,2020,2020,21291.0,0.933959,2542990.0
UGA,UGA_2272,Busowa Town Board,9.0,2020,2020,10384.0,0.648939,1789368.0
UGA,UGA_2277,Butaleja,11.0,2020,2020,14471.0,0.679021,1713615.0
UGA,UGA_2281,Butenga ,51.0,2020,2020,29694.0,2.844134,8495333.0
UGA,UGA_2293,Buwana ,31.0,2020,2020,22376.0,1.507576,4457223.0
UGA,UGA_2296,Buyanga,61.0,2020,2020,74556.0,3.96101,11539816.0
UGA,UGA_2305,Bweyale,36.0,2020,2020,31221.0,3.016448,9685373.0
UGA,UGA_2833,Dokolo 1,24.0,2020,2020,11950.0,1.205127,3139451.0
UGA,UGA_3264,Fort Portal,406.0,2020,2020,361062.0,26.285496,72975544.0
UGA,UGA_3362,Natteta ,13.0,2020,2020,13956.0,0.860859,2386484.0
UGA,UGA_3526,Bunagana,139.0,2020,2020,149421.0,10.314794,29650212.0
UGA,UGA_3566,Gombe,8.0,2020,2020,6111.0,0.541662,1792767.0
UGA,UGA_3660,Gulu,102.0,2020,2020,150308.0,12.013331,54372188.0
UGA,UGA_3808,Hima,4.0,2020,2020,6312.0,0.582061,3599800.0
UGA,UGA_3821,Hoima,71.0,2020,2020,83654.0,5.864276,23624520.0
UGA,UGA_3857,Ibanda,32.0,2020,2020,28596.0,2.766878,9253716.0
UGA,UGA_3917,Iganga,85.0,2020,2020,180604.0,8.587041,35317524.0
UGA,UGA_4108,Ishaka,49.0,2020,2020,38270.0,3.764923,12347290.0
UGA,UGA_4111,Ishongororo,10.0,2020,2020,6482.0,0.595761,1490192.0
UGA,UGA_4213,Jinja,133.0,2020,2020,293400.0,14.21773,64779336.0
UGA,UGA_4242,Kabale,210.0,2020,2020,171755.0,14.866516,50913112.0
UGA,UGA_4265,Kabonera ,124.0,2020,2020,80469.0,6.689976,17479936.0
UGA,UGA_4268,Kaboong,3.0,2020,2020,11996.0,0.405205,1837034.0
UGA,UGA_4274,Kabulasoke ,33.0,2020,2020,17355.0,1.785783,4495734.0
UGA,UGA_4276,Kabuyanda,10.0,2020,2020,9977.0,0.743474,1858921.0
UGA,UGA_4279,Sheema,42.0,2020,2020,31237.0,3.345571,9419853.0
UGA,UGA_4396,Kagadi,38.0,2020,2020,38174.0,2.210204,5929026.0
UGA,UGA_4426,Kakira,4.0,2020,2020,10745.0,0.554475,2842021.0
UGA,UGA_4433,Kakumiro,6.0,2020,2020,10938.0,0.417134,1163244.0
UGA,UGA_4453,Kaliro,13.0,2020,2020,21720.0,0.992316,2989607.0
UGA,UGA_4454,Kalisizo,52.0,2020,2020,37752.0,4.495528,12891006.0
UGA,UGA_4462,Kalongo,5.0,2020,2020,4908.0,0.549341,1980752.0
UGA,UGA_4485,Kammengo,71.0,2020,2020,46654.0,3.81765,10023270.0
UGA,UGA_4486,Kampala,1120.0,2020,2020,5072097.0,194.441888,1325570944.0
UGA,UGA_4491,Kamuli,49.0,2020,2020,59363.0,3.397191,11001642.0
UGA,UGA_4493,Kamwenge,6.0,2020,2020,6550.0,0.433831,1304253.0
UGA,UGA_4510,Kangulumira,29.0,2020,2020,37065.0,1.822323,5410181.0
UGA,UGA_4525,Kanungu,12.0,2020,2020,9366.0,0.931093,2783755.0
UGA,UGA_4601,Kasese,46.0,2020,2020,87871.0,5.905079,31311204.0
UGA,UGA_4637,Katende,16.0,2020,2020,13074.0,1.064227,2789458.0
UGA,UGA_4652,Katooke,5.0,2020,2020,4385.0,0.30281,757163.0
UGA,UGA_4658,Karujanga ,9.0,2020,2020,7169.0,0.695645,1809593.0
UGA,UGA_4664,Kaya/Oraba [UGA],5.0,2020,2020,2818.0,0.313558,783991.0
UGA,UGA_4675,Kayunga central,9.0,2020,2020,16093.0,0.921735,3943323.0
UGA,UGA_4786,Kiboga,46.0,2020,2020,39627.0,2.239004,7265458.0
UGA,UGA_4803,Nankoma,25.0,2020,2020,27905.0,1.603708,4099034.0
UGA,UGA_4806,Kigumba,17.0,2020,2020,15993.0,1.248814,4022679.0
UGA,UGA_4807,Kihihi,108.0,2020,2020,72640.0,7.397609,19462736.0
UGA,UGA_4915,Kitgum,25.0,2020,2020,28665.0,3.068154,13967831.0
UGA,UGA_4921,Kityerera,13.0,2020,2020,23302.0,1.02187,2764008.0
UGA,UGA_4926,Kiwoko,8.0,2020,2020,7106.0,0.535354,1408769.0
UGA,UGA_4939,Koboko,48.0,2020,2020,53260.0,5.401639,23853036.0
UGA,UGA_5007,Kotido-Central Division,4.0,2020,2020,15937.0,0.703192,2800157.0
UGA,UGA_5118,Kumi,34.0,2020,2020,26649.0,2.101399,6775931.0
UGA,UGA_5178,Kyampisi ,66.0,2020,2020,69346.0,4.838071,14977870.0
UGA,UGA_5179,Kyanzaga,5.0,2020,2020,4485.0,0.610327,2669109.0
UGA,UGA_5181,Kyenjojo,5.0,2020,2020,6363.0,0.417052,1093854.0
UGA,UGA_5185,Kyotera,32.0,2020,2020,27281.0,3.149511,10954285.0
UGA,UGA_5287,Lira,155.0,2020,2020,150865.0,13.68301,56711320.0
UGA,UGA_5360,Ntanzi ,28.0,2020,2020,26303.0,1.820296,5335678.0
UGA,UGA_5362,Lugazi,66.0,2020,2020,78032.0,4.394697,15198381.0
UGA,UGA_5370,Lukaya,31.0,2020,2020,23182.0,2.17812,6947494.0
UGA,UGA_5406,Luuka,9.0,2020,2020,12013.0,0.645167,1781569.0
UGA,UGA_5409,Luwero,33.0,2020,2020,44495.0,3.358973,16675735.0
UGA,UGA_5413,Lwengo,4.0,2020,2020,4412.0,0.442355,2011548.0
UGA,UGA_5414,Lyantonde,4.0,2020,2020,6903.0,0.625489,2763948.0
UGA,UGA_5590,Kisumu/Mbale/Busia/Sirari [UGA] 3,10.0,2020,2020,16606.0,1.002191,4006189.0
UGA,UGA_5745,Masaka,102.0,2020,2020,133025.0,9.924594,51251936.0
UGA,UGA_5766,Masindi,47.0,2020,2020,50257.0,3.397856,11301277.0
UGA,UGA_5777,Masulita,7.0,2020,2020,11223.0,0.433551,1210307.0
UGA,UGA_5794,Mateete,3.0,2020,2020,3743.0,0.35398,1692256.0
UGA,UGA_5845,Mbale,2074.0,2020,2020,2646461.0,116.50936,329943488.0
UGA,UGA_5855,Mbarara,89.0,2020,2020,138240.0,12.010429,70980160.0
UGA,UGA_6140,Mityana,43.0,2020,2020,55180.0,4.032717,20110682.0
UGA,UGA_6248,Moroto,8.0,2020,2020,39830.0,1.006943,4291997.0
UGA,UGA_6280,Moyo,21.0,2020,2020,19331.0,2.572211,10616139.0
UGA,UGA_6288,Mpigi,54.0,2020,2020,39488.0,3.377071,9995972.0
UGA,UGA_6293,Mpondwe/Lhubiriha [UGA],278.0,2020,2020,317486.0,18.144646,57113212.0
UGA,UGA_6324,Mubende,18.0,2020,2020,40329.0,2.043018,10324665.0
UGA,UGA_6504,Nagongera,14.0,2020,2020,12590.0,0.74268,1857025.0
UGA,UGA_6511,Najja ,27.0,2020,2020,27233.0,1.571227,4531687.0
UGA,UGA_6525,Namasale,4.0,2020,2020,2016.0,0.249196,623067.0
UGA,UGA_6539,Namutumba,16.0,2020,2020,23297.0,1.208585,3895688.0
UGA,UGA_6645,Nebbi*,17.0,2020,2020,29828.0,2.423466,11690578.0
UGA,UGA_6774,Njeru,59.0,2020,2020,101095.0,5.763457,23310712.0
UGA,UGA_6797,Nkombe,9.0,2020,2020,13266.0,0.69171,1729469.0
UGA,UGA_6800,Nkonkonjeru,16.0,2020,2020,17742.0,0.9657,2607779.0
UGA,UGA_6806,Kayabwe ,12.0,2020,2020,11599.0,0.832612,2336349.0
UGA,UGA_6882,Ntwetwe,4.0,2020,2020,5891.0,0.27537,817532.0
UGA,UGA_7243,Ocini ,4.0,2020,2020,2009.0,0.246849,617183.0
UGA,UGA_7257,Pader,6.0,2020,2020,4855.0,0.706981,2472036.0
UGA,UGA_7261,Paidha ,28.0,2020,2020,37408.0,3.013411,12303149.0
UGA,UGA_7266,Pakwach,12.0,2020,2020,24393.0,1.52802,4639184.0
UGA,UGA_7269,Pallisa,66.0,2020,2020,83378.0,5.130511,14410447.0
UGA,UGA_7294,Patongo,5.0,2020,2020,5587.0,0.624515,2262358.0
UGA,UGA_7557,Rubaare,11.0,2020,2020,9758.0,0.736551,2359649.0
UGA,UGA_7575,Rukungiri,157.0,2020,2020,98011.0,11.398036,33494484.0
UGA,UGA_7860,Semuto,21.0,2020,2020,13975.0,1.121699,3204523.0
UGA,UGA_8176,Soroti,164.0,2020,2020,110124.0,11.223996,37352336.0
UGA,UGA_8925,Waibuga ,19.0,2020,2020,37269.0,1.507919,4143438.0
UGA,UGA_9007,Wobulenzi,53.0,2020,2020,50032.0,3.722893,13136087.0
UGA,UGA_9096,Yumbe,75.0,2020,2020,126588.0,7.671534,22879398.0
UGA,UGA_9178,Zombo,19.0,2020,2020,19718.0,1.527683,3825098.0
ZAF,ZAF_1136,Amadiba,29.0,2020,2020,20503.0,2.383367,9376841.0
ZAF,ZAF_1150,Amashangana,23.0,2020,2020,26301.0,3.503825,15532852.0
ZAF,ZAF_1203,Andalusia Park,9.0,2020,2020,14631.0,1.868262,10366249.0
ZAF,ZAF_1227,Annieville,41.0,2020,2020,27107.0,2.210529,5773036.0
ZAF,ZAF_1328,Ashton,3.0,2020,2020,3908.0,0.588931,3307278.0
ZAF,ZAF_1364,Atlantis,10.0,2020,2020,38881.0,1.947846,10923796.0
ZAF,ZAF_1540,Ballito,21.0,2020,2020,57805.0,3.778023,34136348.0
ZAF,ZAF_1650,Bankuna 1,70.0,2020,2020,89605.0,12.133476,65251692.0
ZAF,ZAF_1651,Bankuna 2,26.0,2020,2020,44843.0,6.338204,39982932.0
ZAF,ZAF_1662,Bapo Ba Ga Mogale,25.0,2020,2020,41464.0,5.89599,32825362.0
ZAF,ZAF_1675,Barberton ,15.0,2020,2020,27271.0,3.093079,16851372.0
ZAF,ZAF_1676,Barcelona,7.0,2020,2020,9225.0,1.477022,8203027.0
ZAF,ZAF_1703,Basoto,39.0,2020,2020,30801.0,4.966907,26110170.0
ZAF,ZAF_1718,Batlharo,90.0,2020,2020,77271.0,13.351959,64144360.0
ZAF,ZAF_1744,Beaufort West,12.0,2020,2020,30245.0,2.721455,17019710.0
ZAF,ZAF_1768,Bekkersdal,5.0,2020,2020,15909.0,1.551968,9388925.0
ZAF,ZAF_1772,Belabela,25.0,2020,2020,21962.0,3.866403,20411992.0
ZAF,ZAF_1778,Bella Vista,3.0,2020,2020,3787.0,0.489226,3011702.0
ZAF,ZAF_1852,Bethal,10.0,2020,2020,18648.0,1.93,10805486.0
ZAF,ZAF_1853,Bethanie,8.0,2020,2020,9808.0,1.903195,10322607.0
ZAF,ZAF_1855,Bethlehem,28.0,2020,2020,46956.0,6.329893,42620284.0
ZAF,ZAF_1860,Bhekuzulu,15.0,2020,2020,38704.0,3.536314,19656516.0
ZAF,ZAF_1861,Bhofolo,7.0,2020,2020,12336.0,1.470045,8693519.0
ZAF,ZAF_1946,Bisho,9.0,2020,2020,15114.0,1.505364,8181503.0
ZAF,ZAF_1970,Bloemfontein,230.0,2020,2020,404162.0,46.035856,324824736.0
ZAF,ZAF_1979,Bochum,13.0,2020,2020,15687.0,2.888415,13963496.0
ZAF,ZAF_1988,Boekenhouthoek,6.0,2020,2020,11001.0,1.234372,6085189.0
ZAF,ZAF_2001,Bohlabela,96.0,2020,2020,129677.0,17.372808,109235704.0
ZAF,ZAF_2002,Boikhutso,5.0,2020,2020,5542.0,1.021731,5168259.0
ZAF,ZAF_2003,Boitekong,4.0,2020,2020,6523.0,1.346355,7383260.0
ZAF,ZAF_2004,Bloemhof,10.0,2020,2020,15768.0,2.058596,10965641.0
ZAF,ZAF_2033,Bomvu,24.0,2020,2020,13767.0,2.523978,9139544.0
ZAF,ZAF_2051,Bontrug,3.0,2020,2020,2823.0,0.497242,2788502.0
ZAF,ZAF_2070,Boschfontein,9.0,2020,2020,13361.0,1.614728,7506719.0
ZAF,ZAF_2076,Botleng 1,8.0,2020,2020,14481.0,1.689621,9295689.0
ZAF,ZAF_2077,Botleng 2,7.0,2020,2020,12406.0,1.677641,9820704.0
ZAF,ZAF_2079,Botshabelo East,21.0,2020,2020,42940.0,4.826221,26843776.0
ZAF,ZAF_2080,Botshabelo North,22.0,2020,2020,43572.0,5.01487,28763724.0
ZAF,ZAF_2081,Botshabelo West,10.0,2020,2020,16810.0,1.648442,7901063.0
ZAF,ZAF_2159,Bredasdorp ,8.0,2020,2020,10559.0,1.559182,8806836.0
ZAF,ZAF_2216,Bultfontein,26.0,2020,2020,50826.0,5.387378,28550380.0
ZAF,ZAF_2228,Chavani,50.0,2020,2020,60562.0,7.845429,42831640.0
ZAF,ZAF_2264,Bushbuckridge,108.0,2020,2020,134156.0,21.464876,109863184.0
ZAF,ZAF_2288,Butterworth,36.0,2020,2020,20052.0,3.90337,17342676.0
ZAF,ZAF_2321,Cala,6.0,2020,2020,8029.0,1.263475,6794529.0
ZAF,ZAF_2323,Caledon,6.0,2020,2020,11413.0,0.981364,6469023.0
ZAF,ZAF_2333,Cape Town,1067.0,2020,2020,4107069.0,206.859776,1504374272.0
ZAF,ZAF_2338,Carletonville ,18.0,2020,2020,40625.0,3.648297,20744136.0
ZAF,ZAF_2342,Casteel,26.0,2020,2020,33183.0,4.715873,24150672.0
ZAF,ZAF_2349,Cele,30.0,2020,2020,27336.0,3.004355,20071858.0
ZAF,ZAF_2351,Ceres,7.0,2020,2020,12107.0,1.391667,10565374.0
ZAF,ZAF_2368,Chaneng,9.0,2020,2020,16476.0,2.332504,13462714.0
ZAF,ZAF_2494,Coligny,7.0,2020,2020,7940.0,1.334906,7221595.0
ZAF,ZAF_2516,Cumakala,7.0,2020,2020,5799.0,1.046857,5407824.0
ZAF,ZAF_2533,Daggakraal,7.0,2020,2020,7838.0,0.765604,2475261.0
ZAF,ZAF_2652,De Doorns East,4.0,2020,2020,9245.0,0.753199,4407186.0
ZAF,ZAF_2699,Despatch Central,10.0,2020,2020,26930.0,2.228441,14843969.0
ZAF,ZAF_2718,Diazville,8.0,2020,2020,16868.0,1.506764,7469893.0
ZAF,ZAF_2747,Dimbaza,6.0,2020,2020,12768.0,1.209745,7214169.0
ZAF,ZAF_2757,Dinokana,40.0,2020,2020,24091.0,4.160697,15338529.0
ZAF,ZAF_2785,Ditlhake,4.0,2020,2020,4185.0,0.929404,4265485.0
ZAF,ZAF_2814,Dlamini,16.0,2020,2020,17040.0,2.498516,12548091.0
ZAF,ZAF_2858,Doornpoort,185.0,2020,2020,189832.0,14.994626,85179232.0
ZAF,ZAF_2883,Driefontein,21.0,2020,2020,12175.0,1.595088,4114824.0
ZAF,ZAF_2884,Doornhoek,10.0,2020,2020,4336.0,0.566038,1415277.0
ZAF,ZAF_2885,Driekoppies,15.0,2020,2020,27618.0,3.235522,17601536.0
ZAF,ZAF_2894,Dube,9.0,2020,2020,15682.0,1.518757,8430881.0
ZAF,ZAF_2896,Duduza,67.0,2020,2020,256973.0,17.82994,108043080.0
ZAF,ZAF_2898,Dukathole,10.0,2020,2020,19064.0,2.146189,13842042.0
ZAF,ZAF_2900,Dukuza,42.0,2020,2020,12160.0,2.03568,5089916.0
ZAF,ZAF_2903,Dumisa,21.0,2020,2020,11957.0,1.646741,5389100.0
ZAF,ZAF_2909,Dundonald,15.0,2020,2020,19486.0,2.334636,10384892.0
ZAF,ZAF_2915,Durban,1096.0,2020,2020,3073300.0,208.886464,2187525888.0
ZAF,ZAF_2925,Dwarsloop,70.0,2020,2020,90545.0,12.701089,72746208.0
ZAF,ZAF_2927,Dysselsdorp,3.0,2020,2020,6196.0,0.475629,2276185.0
ZAF,ZAF_2930,Dzanani,36.0,2020,2020,48238.0,6.650199,34252644.0
ZAF,ZAF_2938,East London,77.0,2020,2020,209836.0,16.988136,131861504.0
ZAF,ZAF_2991,Ekangala 2,6.0,2020,2020,13280.0,1.307499,6878993.0
ZAF,ZAF_2992,Ekangala 1,7.0,2020,2020,17558.0,1.809877,9606083.0
ZAF,ZAF_3010,Ekuphumleni,4.0,2020,2020,7400.0,0.893652,5116721.0
ZAF,ZAF_3011,Ekuvukeni,5.0,2020,2020,8612.0,1.031813,5559220.0
ZAF,ZAF_3075,Elandsdoorn,12.0,2020,2020,13466.0,1.895255,9593451.0
ZAF,ZAF_3090,Emalangeni,20.0,2020,2020,13453.0,1.564592,6303247.0
ZAF,ZAF_3091,eMangweni,19.0,2020,2020,23805.0,3.575623,18880608.0
ZAF,ZAF_3092,Embalenhle A,21.0,2020,2020,48888.0,5.292605,28872290.0
ZAF,ZAF_3098,Empangeni,12.0,2020,2020,23795.0,2.923236,22300496.0
ZAF,ZAF_3099,Empumalanga,48.0,2020,2020,106589.0,8.243034,58861932.0
ZAF,ZAF_3103,eMzinoni,5.0,2020,2020,7801.0,1.014615,5082017.0
ZAF,ZAF_3114,Engonyameni,31.0,2020,2020,16985.0,2.694649,8640299.0
ZAF,ZAF_3117,Entabeni,28.0,2020,2020,24463.0,3.368072,13334342.0
ZAF,ZAF_3133,Ermelo Central,32.0,2020,2020,78822.0,7.049666,44784192.0
ZAF,ZAF_3143,eSibongile,14.0,2020,2020,36639.0,2.934246,17046768.0
ZAF,ZAF_3144,Esikhawini,61.0,2020,2020,76969.0,8.491054,44000004.0
ZAF,ZAF_3152,Estcourt ,13.0,2020,2020,24233.0,2.60577,16792052.0
ZAF,ZAF_3159,Ethandakukhanya,14.0,2020,2020,30737.0,2.69789,15942099.0
ZAF,ZAF_3162,Etwatwa,20.0,2020,2020,74341.0,5.653021,34387128.0
ZAF,ZAF_3164,Evander,5.0,2020,2020,12567.0,1.280649,7709660.0
ZAF,ZAF_3165,Evaton,342.0,2020,2020,617775.0,53.446848,302725536.0
ZAF,ZAF_3172,Ezakheni,32.0,2020,2020,31644.0,4.519999,22220372.0
ZAF,ZAF_3174,Ezakheni E,11.0,2020,2020,14132.0,1.781988,9796249.0
ZAF,ZAF_3178,Ezibeleni,10.0,2020,2020,18651.0,2.124556,12148007.0
ZAF,ZAF_3231,Fernie,14.0,2020,2020,15109.0,2.594721,13099132.0
ZAF,ZAF_3239,Figtree,9.0,2020,2020,10484.0,1.506912,6453011.0
ZAF,ZAF_3279,Freedom Park,8.0,2020,2020,14145.0,1.961709,11219200.0
ZAF,ZAF_3326,Ga-Kgoete,26.0,2020,2020,23561.0,3.883123,15376226.0
ZAF,ZAF_3337,Ga-Luka,12.0,2020,2020,19358.0,2.971791,18087864.0
ZAF,ZAF_3338,Gamalakhe 2,14.0,2020,2020,12617.0,2.091525,14607873.0
ZAF,ZAF_3339,Ga-Mampuru,23.0,2020,2020,23571.0,4.126682,21490468.0
ZAF,ZAF_3340,Ga-Marishane,35.0,2020,2020,27267.0,4.232945,19709562.0
ZAF,ZAF_3341,Ga-Masemola,16.0,2020,2020,18440.0,3.297188,20198204.0
ZAF,ZAF_3342,Ga-Masha,28.0,2020,2020,27774.0,5.614599,34831200.0
ZAF,ZAF_3355,Ga-Moloi,24.0,2020,2020,24072.0,4.425679,23661658.0
ZAF,ZAF_3366,Ganyesa,29.0,2020,2020,20719.0,4.083737,20917032.0
ZAF,ZAF_3373,Ga-Rakgoatha,18.0,2020,2020,11354.0,2.570316,11961006.0
ZAF,ZAF_3378,Ga-Ramongoane,3.0,2020,2020,4627.0,0.815342,4174911.0
ZAF,ZAF_3383,Ga-Raphahlelo,17.0,2020,2020,14778.0,2.459817,11604517.0
ZAF,ZAF_3400,Mosate,14.0,2020,2020,21080.0,3.007937,17367360.0
ZAF,ZAF_3449,Gcumisa,74.0,2020,2020,23926.0,3.710096,9525737.0
ZAF,ZAF_3467,George,63.0,2020,2020,160136.0,12.127338,79664448.0
ZAF,ZAF_3532,Giyani,36.0,2020,2020,45780.0,6.309561,30475032.0
ZAF,ZAF_3577,Gopane,23.0,2020,2020,9234.0,2.336751,7851539.0
ZAF,ZAF_3600,Graaff Reinet,7.0,2020,2020,13582.0,1.711856,11330226.0
ZAF,ZAF_3612,Greytown,8.0,2020,2020,15351.0,1.500867,8239558.0
ZAF,ZAF_3616,Groendal,6.0,2020,2020,9672.0,0.928292,5292703.0
ZAF,ZAF_3642,Gugulethu,6.0,2020,2020,19940.0,1.254002,7122804.0
ZAF,ZAF_3723,Ha-Madodonga,36.0,2020,2020,35078.0,5.259057,20187920.0
ZAF,ZAF_3738,Hankey,2.0,2020,2020,2936.0,0.397601,2282087.0
ZAF,ZAF_3758,Hartebeesfontein,9.0,2020,2020,15678.0,2.15623,11755240.0
ZAF,ZAF_3779,Hawston,3.0,2020,2020,4562.0,0.418983,1943967.0
ZAF,ZAF_3791,Heidelberg ,15.0,2020,2020,33610.0,3.656308,24252904.0
ZAF,ZAF_3799,Hermanus,29.0,2020,2020,56962.0,5.522812,33244402.0
ZAF,ZAF_3814,Hlabisa,47.0,2020,2020,37785.0,3.779437,17616632.0
ZAF,ZAF_3815,Hlahlindlela,25.0,2020,2020,35595.0,4.816972,23238788.0
ZAF,ZAF_3816,Hlohlokwe,12.0,2020,2020,8510.0,1.788232,7913013.0
ZAF,ZAF_3817,Hlohlolwane,6.0,2020,2020,10934.0,1.341034,7198081.0
ZAF,ZAF_3828,Hopewell,4.0,2020,2020,5761.0,0.77877,4578327.0
ZAF,ZAF_3833,Hout Bay,18.0,2020,2020,50076.0,2.112067,12475360.0
ZAF,ZAF_3834,Howick,18.0,2020,2020,22546.0,3.033479,16583996.0
ZAF,ZAF_4,42nd Hill,8.0,2020,2020,10407.0,1.328598,6918741.0
ZAF,ZAF_4004,Ikutseng,8.0,2020,2020,12419.0,1.525957,6960469.0
ZAF,ZAF_4025,Illinge,6.0,2020,2020,6246.0,1.113668,6227607.0
ZAF,ZAF_4048,Imizizi,21.0,2020,2020,14625.0,1.807529,6389153.0
ZAF,ZAF_4052,Impumelelo,3.0,2020,2020,5509.0,0.560399,2826947.0
ZAF,ZAF_4060,Inchanga,16.0,2020,2020,28429.0,2.297782,15620446.0
ZAF,ZAF_4073,Ipelegeng,9.0,2020,2020,17487.0,2.145172,12191662.0
ZAF,ZAF_4118,Isithebe,44.0,2020,2020,60853.0,5.848245,39641020.0
ZAF,ZAF_4140,Itsoseng,41.0,2020,2020,39018.0,7.117351,36622508.0
ZAF,ZAF_4192,Jeffreys Bay,17.0,2020,2020,25426.0,3.265965,19953156.0
ZAF,ZAF_4202,Jericho,13.0,2020,2020,12386.0,2.268475,10278081.0
ZAF,ZAF_4220,Johannesburg,3033.0,2020,2020,9005781.0,660.31776,5189735424.0
ZAF,ZAF_4227,Jouberton,32.0,2020,2020,72735.0,8.511613,53259052.0
ZAF,ZAF_4400,Kagiso,37.0,2020,2020,94738.0,8.990837,65458268.0
ZAF,ZAF_4468,Ka-Majosi,21.0,2020,2020,22096.0,2.972199,11635328.0
ZAF,ZAF_4478,Kameelrivier,6.0,2020,2020,13443.0,1.738607,10771108.0
ZAF,ZAF_4497,Kanana 1,17.0,2020,2020,33217.0,4.668206,27236504.0
ZAF,ZAF_4498,Kanana 2,9.0,2020,2020,13582.0,1.646931,7488507.0
ZAF,ZAF_4645,Kathu,12.0,2020,2020,9523.0,2.812121,16930040.0
ZAF,ZAF_4738,Kgakala,2.0,2020,2020,3099.0,0.501895,2701127.0
ZAF,ZAF_4742,Khaya Mnandi,3.0,2020,2020,5469.0,0.499283,2140266.0
ZAF,ZAF_4757,Khotsong,11.0,2020,2020,20157.0,2.439194,13146970.0
ZAF,ZAF_4760,Khuma,6.0,2020,2020,14271.0,1.5886,8854769.0
ZAF,ZAF_4761,Khunwana,5.0,2020,2020,2255.0,0.440372,1310314.0
ZAF,ZAF_4762,Khutsong,7.0,2020,2020,16451.0,1.738125,8303123.0
ZAF,ZAF_4836,Kimberley,62.0,2020,2020,178398.0,15.357643,103023912.0
ZAF,ZAF_4852,King Williams Town,23.0,2020,2020,57939.0,4.79681,34461484.0
ZAF,ZAF_4930,Kleinmond,6.0,2020,2020,8918.0,1.221554,7557479.0
ZAF,ZAF_4931,Klerksdorp,35.0,2020,2020,85192.0,8.198141,55267428.0
ZAF,ZAF_4933,Kloof Gold Mine,5.0,2020,2020,9297.0,0.715979,3286605.0
ZAF,ZAF_4936,Knysna,22.0,2020,2020,39418.0,3.191232,18903198.0
ZAF,ZAF_4953,Kokosi,4.0,2020,2020,7942.0,1.090911,5792220.0
ZAF,ZAF_4954,Kokstad,13.0,2020,2020,33949.0,2.862048,19459720.0
ZAF,ZAF_4966,Koloti,17.0,2020,2020,19918.0,3.358128,15883876.0
ZAF,ZAF_5053,Kriel,8.0,2020,2020,17329.0,1.86536,10369129.0
ZAF,ZAF_5055,Kroonstad,34.0,2020,2020,56084.0,8.158063,52777604.0
ZAF,ZAF_5057,Kruisfontein,11.0,2020,2020,14923.0,1.833906,8940975.0
ZAF,ZAF_5111,KuMasadala,20.0,2020,2020,14892.0,1.355291,3799864.0
ZAF,ZAF_5141,Kutlwanong,15.0,2020,2020,26177.0,3.073023,17278652.0
ZAF,ZAF_5145,Kuyasa,4.0,2020,2020,6469.0,0.928476,6010992.0
ZAF,ZAF_5149,Kwaggafontein,19.0,2020,2020,42466.0,4.580489,26844856.0
ZAF,ZAF_5151,KwaGuqa/Hlalanikahle/Vosman,21.0,2020,2020,52597.0,5.854572,32841616.0
ZAF,ZAF_5162,Kwanobuhle South,9.0,2020,2020,22734.0,1.842623,11023787.0
ZAF,ZAF_5163,Kwanobuhle,10.0,2020,2020,27618.0,2.136313,11917661.0
ZAF,ZAF_5169,KwaZamokuhle,4.0,2020,2020,7095.0,0.903234,4516042.0
ZAF,ZAF_5170,KwaZanele,4.0,2020,2020,8881.0,0.796226,4041930.0
ZAF,ZAF_5192,Ladysmith Central,22.0,2020,2020,53041.0,5.126078,38803988.0
ZAF,ZAF_5214,Langeloop,15.0,2020,2020,20051.0,2.560472,12902526.0
ZAF,ZAF_5238,Lebaleng,5.0,2020,2020,7773.0,1.083826,5329111.0
ZAF,ZAF_5239,Lebogang,8.0,2020,2020,15490.0,1.768657,9500337.0
ZAF,ZAF_5240,Lebowakgomo,32.0,2020,2020,22270.0,4.066168,18331500.0
ZAF,ZAF_5241,Ledig,17.0,2020,2020,19136.0,3.364025,19266968.0
ZAF,ZAF_5244,Leeufontein,15.0,2020,2020,16417.0,3.065537,15603812.0
ZAF,ZAF_5245,Lefiso,32.0,2020,2020,12171.0,2.069545,6121149.0
ZAF,ZAF_5250,Lekwa,29.0,2020,2020,47560.0,6.61411,38731180.0
ZAF,ZAF_5252,Lemnertsville,6.0,2020,2020,7679.0,1.078583,6437568.0
ZAF,ZAF_5254,Lenasia,26.0,2020,2020,92791.0,6.775102,45383352.0
ZAF,ZAF_5255,Lennoxton,31.0,2020,2020,98350.0,7.334027,49465208.0
ZAF,ZAF_5267,Letsopa,4.0,2020,2020,7010.0,0.916949,5100625.0
ZAF,ZAF_5281,Lindelani Village,5.0,2020,2020,19891.0,1.397011,8243563.0
ZAF,ZAF_5283,Lingelihle,12.0,2020,2020,21848.0,2.691161,16433383.0
ZAF,ZAF_5320,Lorraine,12.0,2020,2020,9752.0,1.996823,9326151.0
ZAF,ZAF_5326,Louis Trichardt,14.0,2020,2020,23834.0,2.774869,13429487.0
ZAF,ZAF_5351,Luckau,25.0,2020,2020,19541.0,3.486809,16665286.0
ZAF,ZAF_5354,Ludlow,8.0,2020,2020,6520.0,1.486182,6623386.0
ZAF,ZAF_5408,Luvisi,17.0,2020,2020,25012.0,2.584775,10277497.0
ZAF,ZAF_5417,Mabaso,18.0,2020,2020,14281.0,1.794556,5839503.0
ZAF,ZAF_5418,Mabedlane,25.0,2020,2020,42082.0,2.959675,23489286.0
ZAF,ZAF_5420,Mabeskraal,30.0,2020,2020,13985.0,3.663421,14442221.0
ZAF,ZAF_5445,Madibogo,32.0,2020,2020,14054.0,2.742183,9134124.0
ZAF,ZAF_5456,Madiseng,103.0,2020,2020,108459.0,18.318072,97283424.0
ZAF,ZAF_5459,Madombidzha,39.0,2020,2020,39174.0,6.275586,28590062.0
ZAF,ZAF_5462,Mafakathini,12.0,2020,2020,12318.0,1.266625,5599310.0
ZAF,ZAF_5468,Mafikeng,193.0,2020,2020,238307.0,37.103844,206292976.0
ZAF,ZAF_5487,Magoboya,18.0,2020,2020,19988.0,3.161385,16550289.0
ZAF,ZAF_5489,Magoro,11.0,2020,2020,9765.0,1.798384,8392605.0
ZAF,ZAF_5498,Magwaveni,3.0,2020,2020,8789.0,0.638651,5023954.0
ZAF,ZAF_5550,Majwemasweu,5.0,2020,2020,7321.0,1.193147,6239602.0
ZAF,ZAF_5561,Makapanstad,18.0,2020,2020,21482.0,2.648179,11634806.0
ZAF,ZAF_5568,Makgwareng,11.0,2020,2020,8551.0,1.332122,4770821.0
ZAF,ZAF_5569,Makhado 2,29.0,2020,2020,38332.0,4.945315,32138612.0
ZAF,ZAF_5570,Makhado 1,32.0,2020,2020,28335.0,4.061403,17587788.0
ZAF,ZAF_5575,Makonde,22.0,2020,2020,20487.0,2.980028,13035995.0
ZAF,ZAF_5577,Makotopong,10.0,2020,2020,7562.0,1.35629,5797677.0
ZAF,ZAF_5598,Dinga,54.0,2020,2020,61390.0,8.568788,36697616.0
ZAF,ZAF_5616,Wesbank,5.0,2020,2020,12332.0,1.062674,6757160.0
ZAF,ZAF_5619,Malubelube,38.0,2020,2020,30216.0,4.287637,18728444.0
ZAF,ZAF_5623,Maluti a Phofung,16.0,2020,2020,16517.0,1.873806,7863824.0
ZAF,ZAF_5641,Mandela Village,8.0,2020,2020,14177.0,1.784585,9079926.0
ZAF,ZAF_5689,Manthata,39.0,2020,2020,14061.0,2.603086,7989691.0
ZAF,ZAF_5694,Manyatseng,5.0,2020,2020,6261.0,1.151074,6385709.0
ZAF,ZAF_5714,Marapyane,31.0,2020,2020,18672.0,2.436369,7500914.0
ZAF,ZAF_5720,Margate,24.0,2020,2020,31399.0,3.707816,25580578.0
ZAF,ZAF_5727,Marijane,14.0,2020,2020,27899.0,2.762062,19201756.0
ZAF,ZAF_5759,Mashishing,8.0,2020,2020,8215.0,1.502269,7922528.0
ZAF,ZAF_5762,Masibekela,12.0,2020,2020,16704.0,1.936898,7947153.0
ZAF,ZAF_5763,Masilo,7.0,2020,2020,10066.0,1.624688,8803024.0
ZAF,ZAF_5784,Mataleng,7.0,2020,2020,12043.0,1.313816,7393230.0
ZAF,ZAF_5800,Matiwane,9.0,2020,2020,6545.0,0.589529,1474032.0
ZAF,ZAF_5803,Matsamo,30.0,2020,2020,47348.0,5.197548,28142824.0
ZAF,ZAF_5804,Matsulu,25.0,2020,2020,43234.0,5.905173,42011244.0
ZAF,ZAF_5811,Matwabeng,4.0,2020,2020,7617.0,1.048161,5741649.0
ZAF,ZAF_5871,Mbiza,19.0,2020,2020,11369.0,1.637197,5361380.0
ZAF,ZAF_5872,Mbizana,54.0,2020,2020,33906.0,4.220685,16918488.0
ZAF,ZAF_5875,Mbombela,140.0,2020,2020,257659.0,33.277772,251516832.0
ZAF,ZAF_5876,Mbonambi,25.0,2020,2020,20190.0,3.370319,17863744.0
ZAF,ZAF_5886,Mbuzini,3.0,2020,2020,4093.0,0.39433,1248364.0
ZAF,ZAF_5889,Mdantsane,32.0,2020,2020,81332.0,6.521975,50728572.0
ZAF,ZAF_5890,Mdantsane West,26.0,2020,2020,38877.0,3.348616,19307308.0
ZAF,ZAF_5916,Meiringspark,9.0,2020,2020,23190.0,2.115777,13044630.0
ZAF,ZAF_5931,Meloding,8.0,2020,2020,19032.0,2.22468,12559143.0
ZAF,ZAF_5953,Meqheleng,15.0,2020,2020,30533.0,3.551889,23809740.0
ZAF,ZAF_5957,Meriting,25.0,2020,2020,38294.0,6.127196,35936824.0
ZAF,ZAF_5980,Magudu,17.0,2020,2020,16601.0,2.459072,10617390.0
ZAF,ZAF_5991,Middelburg ,43.0,2020,2020,83941.0,10.472563,71039184.0
ZAF,ZAF_5992,Middelburg East,11.0,2020,2020,24700.0,3.567099,22896366.0
ZAF,ZAF_6146,Mkhoba,15.0,2020,2020,9535.0,1.14977,4362558.0
ZAF,ZAF_6147,Mkobola 2,10.0,2020,2020,20055.0,1.988788,9255853.0
ZAF,ZAF_6152,Mkukwini,14.0,2020,2020,7590.0,1.240774,3732793.0
ZAF,ZAF_6165,Mmamahabane,4.0,2020,2020,8078.0,0.928263,5000481.0
ZAF,ZAF_6168,Mnamfu,37.0,2020,2020,30873.0,4.286485,30101184.0
ZAF,ZAF_6178,Modjadji,95.0,2020,2020,107215.0,14.858202,94289440.0
ZAF,ZAF_6179,Moemaneng,4.0,2020,2020,5934.0,0.790512,4135385.0
ZAF,ZAF_6181,Mogalakwena,14.0,2020,2020,13503.0,2.275988,9765304.0
ZAF,ZAF_6182,Mogapeng,12.0,2020,2020,9315.0,1.686063,6721917.0
ZAF,ZAF_6184,Mogogelo,8.0,2020,2020,9184.0,1.559994,8081562.0
ZAF,ZAF_6192,Randfontein,77.0,2020,2020,148344.0,11.66322,66344448.0
ZAF,ZAF_6193,Mohlaletsi,49.0,2020,2020,38309.0,7.75617,41135788.0
ZAF,ZAF_6194,Mohodi ga Manthata,18.0,2020,2020,13111.0,3.857317,18579272.0
ZAF,ZAF_6203,Mokomene,15.0,2020,2020,13359.0,3.003729,16175997.0
ZAF,ZAF_6205,Mokwallo,5.0,2020,2020,8520.0,1.2652,7081684.0
ZAF,ZAF_6208,Moletji,40.0,2020,2020,56522.0,8.050418,43800264.0
ZAF,ZAF_6210,Moloto,19.0,2020,2020,34905.0,3.680427,19113116.0
ZAF,ZAF_6214,Monakato,3.0,2020,2020,4285.0,0.792464,4331045.0
ZAF,ZAF_6225,Monsterlus,18.0,2020,2020,19338.0,3.109986,16832904.0
ZAF,ZAF_6226,Montana,4.0,2020,2020,5866.0,0.611712,3114424.0
ZAF,ZAF_6227,Monyakeng,6.0,2020,2020,9764.0,1.443989,7968348.0
ZAF,ZAF_6229,Mookgophong,10.0,2020,2020,14813.0,2.109047,11201676.0
ZAF,ZAF_6238,Moretele,36.0,2020,2020,86376.0,9.185851,56341400.0
ZAF,ZAF_6244,Morokweng,36.0,2020,2020,22701.0,4.757644,24724610.0
ZAF,ZAF_6251,Moruleng,74.0,2020,2020,62972.0,12.49706,60277704.0
ZAF,ZAF_6256,Mossel Bay,31.0,2020,2020,55153.0,5.670683,39252240.0
ZAF,ZAF_6260,Moteti,27.0,2020,2020,26993.0,4.285778,21566792.0
ZAF,ZAF_6261,Motherwell,30.0,2020,2020,76814.0,6.167726,41329892.0
ZAF,ZAF_6262,Motle,23.0,2020,2020,30544.0,3.69179,17562784.0
ZAF,ZAF_6264,Motswedi,22.0,2020,2020,11004.0,2.326556,7974099.0
ZAF,ZAF_6269,Mount Fletcher,9.0,2020,2020,7203.0,1.355204,7226381.0
ZAF,ZAF_6284,Mphahlele,29.0,2020,2020,30527.0,5.225844,26942498.0
ZAF,ZAF_6285,Mphakane,37.0,2020,2020,35401.0,7.824819,39704960.0
ZAF,ZAF_6286,Mphaphuli,54.0,2020,2020,47376.0,7.074336,26792180.0
ZAF,ZAF_6287,Mpheleng,8.0,2020,2020,7132.0,1.532205,7115599.0
ZAF,ZAF_6296,Mpophomeni,18.0,2020,2020,13489.0,2.400593,11720915.0
ZAF,ZAF_6300,Mpuluzi,7.0,2020,2020,11225.0,1.419255,7725954.0
ZAF,ZAF_6301,Mpunga,16.0,2020,2020,11933.0,1.438431,4948557.0
ZAF,ZAF_6305,Msasandla,22.0,2020,2020,18413.0,1.727504,8220750.0
ZAF,ZAF_6313,Duku,37.0,2020,2020,16331.0,2.653246,10304311.0
ZAF,ZAF_6442,Mvelani,17.0,2020,2020,21181.0,2.197539,10637148.0
ZAF,ZAF_6472,Mzamonhle,11.0,2020,2020,26322.0,2.338882,14403787.0
ZAF,ZAF_6521,Frankfort,12.0,2020,2020,15980.0,2.479867,14692007.0
ZAF,ZAF_6542,Nancefield,9.0,2020,2020,23536.0,2.447478,15405827.0
ZAF,ZAF_6606,Ncotshane,23.0,2020,2020,26716.0,3.318185,17787236.0
ZAF,ZAF_6608,Ndabayakhe,5.0,2020,2020,6436.0,0.65445,2854013.0
ZAF,ZAF_6620,Ndevana,13.0,2020,2020,18415.0,2.02427,10964613.0
ZAF,ZAF_6638,Nduli,1.0,2020,2020,1605.0,0.196691,977811.0
ZAF,ZAF_6644,Ndwedwe,44.0,2020,2020,15849.0,3.18055,8075143.0
ZAF,ZAF_6656,Nelspruit,63.0,2020,2020,98187.0,13.303222,92878184.0
ZAF,ZAF_6657,Nelspruit Central,33.0,2020,2020,65108.0,7.375504,58434144.0
ZAF,ZAF_6672,Kwanokuthula,16.0,2020,2020,26967.0,2.57546,17588884.0
ZAF,ZAF_6677,Newcastle,145.0,2020,2020,295256.0,23.904914,136796752.0
ZAF,ZAF_6678,Newlands,15.0,2020,2020,14956.0,1.310652,5310006.0
ZAF,ZAF_6680,Newtown,1.0,2020,2020,1723.0,0.32114,1773936.0
ZAF,ZAF_6729,Ngwelezane,25.0,2020,2020,38016.0,4.081233,29743564.0
ZAF,ZAF_6730,Ngwenya,39.0,2020,2020,14651.0,1.652882,4132854.0
ZAF,ZAF_6734,Nhlangano,25.0,2020,2020,9161.0,1.327237,3812230.0
ZAF,ZAF_6735,Nhlazatshe,34.0,2020,2020,43046.0,5.806601,35925412.0
ZAF,ZAF_6736,Nhlophenkulu,27.0,2020,2020,29721.0,3.007231,11020469.0
ZAF,ZAF_6757,Nigel,8.0,2020,2020,31954.0,2.157508,13395083.0
ZAF,ZAF_6784,Nkampini,23.0,2020,2020,14716.0,1.567799,6409960.0
ZAF,ZAF_6796,Nkobongo,3.0,2020,2020,10903.0,0.848213,6857967.0
ZAF,ZAF_6815,Nkwenkwezi,14.0,2020,2020,25406.0,2.497435,15938983.0
ZAF,ZAF_6845,Nomathamsanqa,2.0,2020,2020,2702.0,0.432875,2050671.0
ZAF,ZAF_6846,Noordhoek,5.0,2020,2020,8669.0,1.08006,5005526.0
ZAF,ZAF_6863,Nseleni,22.0,2020,2020,25276.0,2.436346,12790930.0
ZAF,ZAF_6879,Ntsweletsoku,20.0,2020,2020,13137.0,2.969603,13484949.0
ZAF,ZAF_6881,Ntwane,11.0,2020,2020,10737.0,1.919028,9941349.0
ZAF,ZAF_6892,Nuwedorp,4.0,2020,2020,7230.0,0.610264,2581307.0
ZAF,ZAF_6930,Nzimakwe,29.0,2020,2020,20847.0,2.333166,8449276.0
ZAF,ZAF_7068,Olifantshoek,4.0,2020,2020,2651.0,0.779947,4044025.0
ZAF,ZAF_7101,Ellisras,14.0,2020,2020,17058.0,2.984352,16196837.0
ZAF,ZAF_7111,Orange Grove,14.0,2020,2020,28889.0,2.91358,18964080.0
ZAF,ZAF_7115,Orkney Central,9.0,2020,2020,22423.0,2.199596,12267423.0
ZAF,ZAF_7141,Othulini/Lwezulu,16.0,2020,2020,12259.0,1.439327,5065316.0
ZAF,ZAF_7166,Oudtshoorn,24.0,2020,2020,66992.0,5.357263,34461584.0
ZAF,ZAF_7192,Brits,21.0,2020,2020,33688.0,4.858966,33002984.0
ZAF,ZAF_7254,Paarl,53.0,2020,2020,133967.0,11.001182,80028040.0
ZAF,ZAF_7276,Pampierstad,16.0,2020,2020,22523.0,3.233581,18719446.0
ZAF,ZAF_7301,Pella,17.0,2020,2020,10785.0,2.972646,14359755.0
ZAF,ZAF_7309,Petsana,6.0,2020,2020,7367.0,1.233127,6747529.0
ZAF,ZAF_7310,Phahameng,8.0,2020,2020,11251.0,1.752982,9862961.0
ZAF,ZAF_7311,Phalaborwa 1,73.0,2020,2020,96330.0,14.536104,79940800.0
ZAF,ZAF_7312,Phalaborwa 2,10.0,2020,2020,19488.0,2.149526,13499152.0
ZAF,ZAF_7313,Phalane,14.0,2020,2020,10569.0,2.307155,10940989.0
ZAF,ZAF_7315,Phathakahle,3.0,2020,2020,5574.0,0.799752,4249165.0
ZAF,ZAF_7316,Phiritona,10.0,2020,2020,17565.0,2.435147,14232066.0
ZAF,ZAF_7318,Phokwane,24.0,2020,2020,25213.0,4.192468,21295292.0
ZAF,ZAF_7320,Phomolong 1,23.0,2020,2020,29780.0,4.639153,24861350.0
ZAF,ZAF_7321,Phomolong 2,4.0,2020,2020,5235.0,1.022784,5239425.0
ZAF,ZAF_7322,Phukukane,16.0,2020,2020,13249.0,2.151071,10706508.0
ZAF,ZAF_7323,Phuthaditjhaba,134.0,2020,2020,248582.0,27.766426,201907920.0
ZAF,ZAF_7326,Piet Retief,10.0,2020,2020,28220.0,1.944099,10209574.0
ZAF,ZAF_7327,Pietermaritzburg,315.0,2020,2020,646663.0,52.523204,364842336.0
ZAF,ZAF_7328,Pietersburg,120.0,2020,2020,138642.0,21.536008,112794920.0
ZAF,ZAF_7329,Pietersburg West,59.0,2020,2020,109159.0,13.380148,87827680.0
ZAF,ZAF_7331,Piketberg,4.0,2020,2020,6790.0,0.85176,5203436.0
ZAF,ZAF_7332,Pineview,14.0,2020,2020,21010.0,2.020635,12980155.0
ZAF,ZAF_7354,Poortjie,2.0,2020,2020,5174.0,0.493683,2779777.0
ZAF,ZAF_7356,Port Elizabeth,238.0,2020,2020,614856.0,48.777484,358639488.0
ZAF,ZAF_7360,Port Shepstone,37.0,2020,2020,48702.0,5.158379,36335440.0
ZAF,ZAF_7361,Port St Johns,34.0,2020,2020,17033.0,1.935276,5023954.0
ZAF,ZAF_7368,Postmasburg ,15.0,2020,2020,12923.0,2.864219,16524139.0
ZAF,ZAF_7369,Potchefstroom,59.0,2020,2020,90437.0,13.218275,86413760.0
ZAF,ZAF_7370,Potgietersrus Central,85.0,2020,2020,120168.0,16.527296,92466160.0
ZAF,ZAF_7380,Pretoria West,47.0,2020,2020,37425.0,3.893381,16348951.0
ZAF,ZAF_7381,The Orchards,63.0,2020,2020,165409.0,14.34562,108192232.0
ZAF,ZAF_7382,Promosa,5.0,2020,2020,5082.0,0.972645,5669616.0
ZAF,ZAF_7391,Qalabotjha,4.0,2020,2020,6275.0,0.959762,4795870.0
ZAF,ZAF_7420,Qaukeni,72.0,2020,2020,63434.0,6.240795,23554222.0
ZAF,ZAF_7443,Queenstown,18.0,2020,2020,40938.0,4.534867,27061944.0
ZAF,ZAF_7466,Rammulutsi,9.0,2020,2020,12498.0,2.084779,11733242.0
ZAF,ZAF_7480,Ratanda,5.0,2020,2020,8417.0,1.302352,6749385.0
ZAF,ZAF_7481,Ratanda Ext 7,2.0,2020,2020,3240.0,0.436069,2095798.0
ZAF,ZAF_7485,Reagile,8.0,2020,2020,8350.0,1.65688,9027559.0
ZAF,ZAF_7491,Refengkgotso,10.0,2020,2020,12318.0,1.622383,6607631.0
ZAF,ZAF_7492,Refilwe,4.0,2020,2020,11114.0,1.143472,6818416.0
ZAF,ZAF_7503,Rhini,25.0,2020,2020,51540.0,4.603976,30322264.0
ZAF,ZAF_7507,Richards Bay Central,23.0,2020,2020,39192.0,5.548007,40586208.0
ZAF,ZAF_7510,Azaadville,4.0,2020,2020,10801.0,1.052993,6554755.0
ZAF,ZAF_7521,Riversdale,6.0,2020,2020,7251.0,1.063069,6302495.0
ZAF,ZAF_7531,Robertson,10.0,2020,2020,16654.0,2.036449,13253513.0
ZAF,ZAF_7541,Roodepan,9.0,2020,2020,12876.0,1.57553,7464700.0
ZAF,ZAF_7543,Rooikoppies,7.0,2020,2020,9373.0,1.193502,5171340.0
ZAF,ZAF_7546,Rosendal,29.0,2020,2020,25409.0,3.03686,11668074.0
ZAF,ZAF_7547,Rosenhof,6.0,2020,2020,11415.0,1.097688,6350513.0
ZAF,ZAF_7589,Rustenburg,85.0,2020,2020,155159.0,20.873928,139836368.0
ZAF,ZAF_7590,Rust-ter-Vaal,6.0,2020,2020,12263.0,1.0783,6013047.0
ZAF,ZAF_7625,Sada,8.0,2020,2020,11214.0,1.625504,8722310.0
ZAF,ZAF_7801,Saulsville,36.0,2020,2020,102712.0,9.370705,70341904.0
ZAF,ZAF_7813,Schoemansdal,39.0,2020,2020,62645.0,6.643628,38626112.0
ZAF,ZAF_7814,Schoonoord,43.0,2020,2020,36576.0,6.040689,31403658.0
ZAF,ZAF_7818,Seabe,23.0,2020,2020,14483.0,2.042838,6377312.0
ZAF,ZAF_7819,Sebayeng,13.0,2020,2020,13610.0,2.059403,9732966.0
ZAF,ZAF_7824,Secunda,18.0,2020,2020,48080.0,4.63588,28769546.0
ZAF,ZAF_7844,Sekhutlong,33.0,2020,2020,37092.0,5.589877,31953976.0
ZAF,ZAF_7849,Sekwati,20.0,2020,2020,13915.0,2.788861,14066798.0
ZAF,ZAF_7850,Selcourt,17.0,2020,2020,58355.0,4.106601,27939604.0
ZAF,ZAF_7879,Seshego,22.0,2020,2020,50773.0,6.417334,40710008.0
ZAF,ZAF_7882,Setlagole,25.0,2020,2020,17015.0,2.339211,7526601.0
ZAF,ZAF_7889,Shabalala,21.0,2020,2020,26145.0,3.753943,22995054.0
ZAF,ZAF_797,Allemansdrift C,8.0,2020,2020,10443.0,1.668557,9220577.0
ZAF,ZAF_8029,Siboshwa,59.0,2020,2020,106830.0,12.414293,72759808.0
ZAF,ZAF_8101,Silwerkrans,13.0,2020,2020,11688.0,2.859618,14616740.0
ZAF,ZAF_8133,Siyabuswa,43.0,2020,2020,61396.0,8.197121,46610984.0
ZAF,ZAF_8135,Siyathemba,7.0,2020,2020,5980.0,1.269193,6050851.0
ZAF,ZAF_8138,Slovo Park,4.0,2020,2020,10962.0,0.757843,3749333.0
ZAF,ZAF_8140,Smersha Block,4.0,2020,2020,1856.0,0.796863,4143638.0
ZAF,ZAF_8163,Somerset East,6.0,2020,2020,8320.0,1.190336,7392143.0
ZAF,ZAF_8177,Soshanguve,591.0,2020,2020,1093828.0,119.553232,683697664.0
ZAF,ZAF_8202,Nondabuya,43.0,2020,2020,23115.0,3.114435,11541692.0
ZAF,ZAF_8204,Stanger South,22.0,2020,2020,41268.0,3.417222,19965886.0
ZAF,ZAF_8205,Stanger,27.0,2020,2020,70222.0,5.613414,48834268.0
ZAF,ZAF_8207,Steenbok,14.0,2020,2020,13844.0,1.862728,7921617.0
ZAF,ZAF_8208,Stellenbosch,25.0,2020,2020,53869.0,4.904094,37099992.0
ZAF,ZAF_8209,Stilfontein,11.0,2020,2020,21153.0,2.437404,14255813.0
ZAF,ZAF_8212,Strandfontein,4.0,2020,2020,19580.0,0.854917,4845866.0
ZAF,ZAF_8249,Swellendam,9.0,2020,2020,11700.0,1.385025,6851924.0
ZAF,ZAF_8269,Tafelkop,31.0,2020,2020,36999.0,5.514189,31666490.0
ZAF,ZAF_8398,Taung,22.0,2020,2020,25912.0,4.557494,26476798.0
ZAF,ZAF_8441,Tembe,199.0,2020,2020,49750.0,9.39378,31331230.0
ZAF,ZAF_8464,Thabazimbi,11.0,2020,2020,9483.0,2.13009,12214793.0
ZAF,ZAF_8466,Thambalihle,2.0,2020,2020,4007.0,0.454759,2107776.0
ZAF,ZAF_8467,Thembalihle,6.0,2020,2020,8425.0,1.437233,9316517.0
ZAF,ZAF_8468,Thembisile,132.0,2020,2020,220426.0,23.305964,121629128.0
ZAF,ZAF_8469,Thengwe,19.0,2020,2020,19875.0,2.964142,14820506.0
ZAF,ZAF_8478,Thohoyandou,152.0,2020,2020,206548.0,25.33744,157818832.0
ZAF,ZAF_8479,Thokoza,15.0,2020,2020,18604.0,2.033467,8813531.0
ZAF,ZAF_8495,Tidimalo,5.0,2020,2020,5615.0,0.882219,4501025.0
ZAF,ZAF_8500,Tigane,4.0,2020,2020,7482.0,0.88551,5283223.0
ZAF,ZAF_8539,Tjakastad,10.0,2020,2020,10894.0,1.628644,8605796.0
ZAF,ZAF_8540,Tlakgameng,31.0,2020,2020,12648.0,2.461468,8332398.0
ZAF,ZAF_8566,Tongaat,10.0,2020,2020,28301.0,2.052318,17778458.0
ZAF,ZAF_8624,Tshamahansi,11.0,2020,2020,15166.0,2.150645,11319609.0
ZAF,ZAF_8640,Tshivhase 1,61.0,2020,2020,63995.0,9.491182,55330572.0
ZAF,ZAF_8641,Tshivhase 2,50.0,2020,2020,58234.0,7.673704,39889956.0
ZAF,ZAF_8642,Tshivhase 3,43.0,2020,2020,56610.0,7.434779,36655760.0
ZAF,ZAF_8643,Tshivhase 4,13.0,2020,2020,10799.0,1.76768,5856047.0
ZAF,ZAF_8646,Tsikelo,48.0,2020,2020,35493.0,4.377446,18252020.0
ZAF,ZAF_8651,Tswelelang,3.0,2020,2020,6778.0,0.865756,4620765.0
ZAF,ZAF_8671,Tumahole,10.0,2020,2020,11966.0,2.312733,13223568.0
ZAF,ZAF_8716,Uitenhage,34.0,2020,2020,87727.0,7.211363,51555904.0
ZAF,ZAF_8717,Uitvlugt,11.0,2020,2020,6678.0,1.557025,6069459.0
ZAF,ZAF_8728,Ulundi,8.0,2020,2020,8828.0,1.21237,5673614.0
ZAF,ZAF_8737,Umbumbulu,34.0,2020,2020,47903.0,3.048369,18620092.0
ZAF,ZAF_8738,uMlalazi,27.0,2020,2020,20244.0,2.374117,11206930.0
ZAF,ZAF_8760,Umtata,248.0,2020,2020,207218.0,28.90404,149636960.0
ZAF,ZAF_8776,Umzinto,6.0,2020,2020,7192.0,0.854444,6231745.0
ZAF,ZAF_8781,Upington,34.0,2020,2020,59841.0,6.632956,42346928.0
ZAF,ZAF_8801,Utlwanang,6.0,2020,2020,7814.0,1.375301,6672548.0
ZAF,ZAF_8811,Vaal Reefs,2.0,2020,2020,4132.0,0.43693,2118399.0
ZAF,ZAF_8812,Vaalbank,8.0,2020,2020,9895.0,1.781929,9707714.0
ZAF,ZAF_8814,Vanderbijlpark,279.0,2020,2020,534336.0,47.66892,313941088.0
ZAF,ZAF_8821,Ventersdorp,10.0,2020,2020,12360.0,1.997168,10921719.0
ZAF,ZAF_8823,Mkobola 1,11.0,2020,2020,20041.0,2.164799,11559105.0
ZAF,ZAF_8893,Vredenburg,12.0,2020,2020,27557.0,2.393749,15387713.0
ZAF,ZAF_8894,Vredendal,4.0,2020,2020,5920.0,0.726605,4063369.0
ZAF,ZAF_8895,Vredendal North,3.0,2020,2020,4089.0,0.627773,3684548.0
ZAF,ZAF_8896,Vryburg ,17.0,2020,2020,26364.0,4.351643,27583610.0
ZAF,ZAF_8898,Vukuzakhe,4.0,2020,2020,8547.0,0.84417,4971434.0
ZAF,ZAF_8899,Vumindaba,18.0,2020,2020,17415.0,2.44677,12966813.0
ZAF,ZAF_8900,Vuxuzithathe,49.0,2020,2020,26665.0,3.584715,11485469.0
ZAF,ZAF_8964,Watersmeet,21.0,2020,2020,21269.0,2.399562,8359374.0
ZAF,ZAF_8973,Wedela,3.0,2020,2020,7213.0,0.626798,3267738.0
ZAF,ZAF_8980,Welkom,70.0,2020,2020,159073.0,16.749105,112912568.0
ZAF,ZAF_8983,Wembezi,9.0,2020,2020,13865.0,1.709389,8730678.0
ZAF,ZAF_8999,White River Central,23.0,2020,2020,27961.0,3.686875,22838868.0
ZAF,ZAF_9006,Witbank,58.0,2020,2020,147829.0,14.630197,87342872.0
ZAF,ZAF_9012,Wonderkop,7.0,2020,2020,8719.0,1.737194,10278485.0
ZAF,ZAF_9015,Worcester ,25.0,2020,2020,70307.0,5.599735,39741688.0
ZAF,ZAF_9032,Xihoko A,11.0,2020,2020,9696.0,1.917572,8187276.0
ZAF,ZAF_9147,Zebediela,33.0,2020,2020,36919.0,6.331788,36633800.0
ZAF,ZAF_9171,Zithobeni,5.0,2020,2020,13937.0,1.352938,7436079.0
ZAF,ZAF_9180,Zonkizizwe,4.0,2020,2020,16723.0,1.154844,6406472.0
ZAF,ZAF_9200,Zwaneville,3.0,2020,2020,8820.0,0.868804,5354202.0
ZAF,ZAF_9203,Zweletemba,4.0,2020,2020,9250.0,0.824846,4832154.0
ZAF,ZAF_941,Alra Park,3.0,2020,2020,11430.0,0.759733,4304487.0
ZMB,ZMB_2364,Twaiteka,6.0,2020,2020,12636.0,1.429486,8497798.0
ZMB,ZMB_2377,Chavuma,12.0,2020,2020,16942.0,1.644465,5758884.0
ZMB,ZMB_2396,Chembe,5.0,2020,2020,7453.0,0.895767,3504519.0
ZMB,ZMB_2415,Chibombo,9.0,2020,2020,7741.0,0.953357,3412159.0
ZMB,ZMB_2416,Chibuluma,37.0,2020,2020,76807.0,6.481841,35539016.0
ZMB,ZMB_2426,Chililabombwe,19.0,2020,2020,73928.0,3.96756,22274362.0
ZMB,ZMB_2431,Chingola,61.0,2020,2020,197563.0,14.42541,93375872.0
ZMB,ZMB_2433,Chinsali,16.0,2020,2020,26974.0,2.75908,14461470.0
ZMB,ZMB_2435,Chipata,50.0,2020,2020,133332.0,8.948052,52210876.0
ZMB,ZMB_2444,Chirundu,11.0,2020,2020,22678.0,1.879957,11777310.0
ZMB,ZMB_2456,Choma,26.0,2020,2020,54308.0,5.62708,31433430.0
ZMB,ZMB_2458,Chongwe,90.0,2020,2020,58829.0,6.339818,25874500.0
ZMB,ZMB_3861,Ibenga,8.0,2020,2020,8896.0,1.223842,5420101.0
ZMB,ZMB_4124,Isoka,15.0,2020,2020,19521.0,2.157588,9504303.0
ZMB,ZMB_4136,Itezhi-Tezhi,8.0,2020,2020,10902.0,1.26303,6264307.0
ZMB,ZMB_4264,Kabompo,11.0,2020,2020,13423.0,1.614759,7322384.0
ZMB,ZMB_4277,Kabwe,82.0,2020,2020,204165.0,17.313372,98425912.0
ZMB,ZMB_4392,Kafue 1,22.0,2020,2020,49843.0,4.912531,28210232.0
ZMB,ZMB_4437,Kalabo,9.0,2020,2020,16810.0,1.197747,5371325.0
ZMB,ZMB_4460,Kalomo,8.0,2020,2020,15046.0,1.636298,8525498.0
ZMB,ZMB_4524,Kantete,8.0,2020,2020,22304.0,1.679985,7429750.0
ZMB,ZMB_4532,Kaoma,17.0,2020,2020,25737.0,2.968123,15014942.0
ZMB,ZMB_4540,Kapiri Mposhi,39.0,2020,2020,48955.0,6.536602,34333672.0
ZMB,ZMB_4544,Kapoya/Kasembe,11.0,2020,2020,21718.0,2.007472,8734254.0
ZMB,ZMB_4549,Kaputa,9.0,2020,2020,23636.0,1.700255,8344812.0
ZMB,ZMB_4589,Kasama,51.0,2020,2020,102045.0,10.416852,57873028.0
ZMB,ZMB_4597,Kasempa,10.0,2020,2020,18247.0,1.725299,8413862.0
ZMB,ZMB_4633,Katanshya/Mwansa,13.0,2020,2020,15852.0,1.72389,4840725.0
ZMB,ZMB_4641,Katete,22.0,2020,2020,49015.0,3.792247,18053802.0
ZMB,ZMB_4663,Kawambwa,14.0,2020,2020,25410.0,2.977224,15667510.0
ZMB,ZMB_4920,Kitwe,98.0,2020,2020,489542.0,28.377932,200794976.0
ZMB,ZMB_5279,Limulunga,9.0,2020,2020,11939.0,1.201463,5349431.0
ZMB,ZMB_5291,Livingstone,50.0,2020,2020,130482.0,9.862314,55677564.0
ZMB,ZMB_5315,Loloma,15.0,2020,2020,16051.0,1.703201,5903734.0
ZMB,ZMB_5333,Luanshya,41.0,2020,2020,97432.0,8.813477,55680112.0
ZMB,ZMB_5346,Lubwe,8.0,2020,2020,10167.0,0.795695,2833753.0
ZMB,ZMB_5376,Lukulu,10.0,2020,2020,14670.0,1.79448,7401997.0
ZMB,ZMB_5379,Lukwese,12.0,2020,2020,17364.0,2.148206,8435645.0
ZMB,ZMB_5386,Lundazi,18.0,2020,2020,26551.0,2.743488,13643816.0
ZMB,ZMB_5398,Lusaka,744.0,2020,2020,2391096.0,134.243216,765711168.0
ZMB,ZMB_5410,Luwingu,12.0,2020,2020,13940.0,1.913986,8753778.0
ZMB,ZMB_5415,Maamba,7.0,2020,2020,16929.0,0.915085,3283136.0
ZMB,ZMB_5678,Mansa,54.0,2020,2020,117953.0,11.322765,63927216.0
ZMB,ZMB_5832,Mazabuka,16.0,2020,2020,47077.0,3.841522,22088996.0
ZMB,ZMB_5844,Mbala,15.0,2020,2020,22272.0,2.399305,13341139.0
ZMB,ZMB_6154,Mkushi,16.0,2020,2020,28246.0,3.419671,18508294.0
ZMB,ZMB_6221,Mongu,51.0,2020,2020,106690.0,8.962856,50574840.0
ZMB,ZMB_6228,Monze,20.0,2020,2020,34982.0,3.361598,17084588.0
ZMB,ZMB_6289,Mpika,27.0,2020,2020,42245.0,4.677628,23293700.0
ZMB,ZMB_6291,Mpokoroso,15.0,2020,2020,19943.0,1.948399,7741284.0
ZMB,ZMB_6295,Mpongwe,11.0,2020,2020,9741.0,0.950662,2741255.0
ZMB,ZMB_6299,Mpulungu,13.0,2020,2020,46206.0,2.568349,17631024.0
ZMB,ZMB_6329,Mufulira,37.0,2020,2020,117822.0,9.577056,65502548.0
ZMB,ZMB_6330,Mufumbwe,13.0,2020,2020,12786.0,1.962529,8029099.0
ZMB,ZMB_6365,Mumbwa,27.0,2020,2020,37730.0,3.713078,18490704.0
ZMB,ZMB_6393,Mununga,11.0,2020,2020,24852.0,1.940591,8123681.0
ZMB,ZMB_6457,Mwasabobmbwe,16.0,2020,2020,28536.0,2.334509,9756329.0
ZMB,ZMB_6459,Mwatishi/Kabuta,14.0,2020,2020,29358.0,2.294939,8614434.0
ZMB,ZMB_6466,Mwense 1,6.0,2020,2020,14160.0,1.101645,4822945.0
ZMB,ZMB_6470,Mwinilunga,15.0,2020,2020,28830.0,2.604499,14497508.0
ZMB,ZMB_6536,Nampundwe,6.0,2020,2020,7337.0,0.590521,2442683.0
ZMB,ZMB_6540,Namwala,10.0,2020,2020,9767.0,1.209707,4623765.0
ZMB,ZMB_6604,Nchelenge,24.0,2020,2020,65881.0,4.451649,21217166.0
ZMB,ZMB_6629,Ndola,121.0,2020,2020,427117.0,30.952776,213756160.0
ZMB,ZMB_6920,Nyimba,13.0,2020,2020,22273.0,1.531147,5005213.0
ZMB,ZMB_7305,Petauke,27.0,2020,2020,43481.0,4.223989,20702628.0
ZMB,ZMB_7525,Roan,6.0,2020,2020,17214.0,1.39375,8278304.0
ZMB,ZMB_7716,Samfya,22.0,2020,2020,46078.0,4.451749,22251162.0
ZMB,ZMB_7862,Senanga,11.0,2020,2020,27276.0,2.172958,9803579.0
ZMB,ZMB_7873,Serenje,14.0,2020,2020,16545.0,1.822201,8093319.0
ZMB,ZMB_7880,Sesheke,10.0,2020,2020,21377.0,1.664785,8120328.0
ZMB,ZMB_8025,Siavonga,6.0,2020,2020,9448.0,0.84928,5440135.0
ZMB,ZMB_8159,Solwezi,95.0,2020,2020,236568.0,18.16175,105672864.0
ZMB,ZMB_8675,Nakonde/Tunduma [ZMB],22.0,2020,2020,52813.0,4.714834,36450216.0
ZMB,ZMB_9121,Zambezi,15.0,2020,2020,17722.0,1.994524,8177655.0
ZWE,ZWE_1648,Banket,5.0,2020,2020,11053.0,0.551065,1507828.0
ZWE,ZWE_1762,Beitbridge,14.0,2020,2020,53984.0,2.756137,15169080.0
ZWE,ZWE_1909,Bindura,20.0,2020,2020,57733.0,2.857567,13773288.0
ZWE,ZWE_2204,Bulawayo,208.0,2020,2020,593128.0,38.493284,242209104.0
ZWE,ZWE_2205,Emganwini,8.0,2020,2020,26499.0,1.371938,6106123.0
ZWE,ZWE_2389,Chegutu,17.0,2020,2020,61973.0,2.743203,12165420.0
ZWE,ZWE_2432,Chinhoyi,30.0,2020,2020,92856.0,4.376959,22915706.0
ZWE,ZWE_2437,Chipinge,17.0,2020,2020,34153.0,2.120152,11122254.0
ZWE,ZWE_2440,Chiredzi,14.0,2020,2020,38852.0,1.971766,8967102.0
ZWE,ZWE_2446,Chisumbanje,16.0,2020,2020,8289.0,0.795196,1988346.0
ZWE,ZWE_2450,Chivhu,10.0,2020,2020,16596.0,1.348861,4619518.0
ZWE,ZWE_2600,Dangamvura,33.0,2020,2020,62928.0,2.545784,10974569.0
ZWE,ZWE_2904,Gumira,24.0,2020,2020,14382.0,1.318389,3355385.0
ZWE,ZWE_3539,Glendale,7.0,2020,2020,19582.0,0.843733,3285435.0
ZWE,ZWE_3558,Gokwe,32.0,2020,2020,35994.0,2.663838,12045172.0
ZWE,ZWE_3581,Chinyika ,40.0,2020,2020,25832.0,2.018432,5703508.0
ZWE,ZWE_3684,Gwanda,9.0,2020,2020,25312.0,1.488725,6498118.0
ZWE,ZWE_3691,Gweru (Old Camp/Ascot/Mambo/Daylesford),28.0,2020,2020,50828.0,4.867388,25292558.0
ZWE,ZWE_3692,Lal Bagh,4.0,2020,2020,3797.0,0.451775,1334113.0
ZWE,ZWE_3693,Gweru ,11.0,2020,2020,74335.0,2.548909,13569859.0
ZWE,ZWE_3694,Senga,4.0,2020,2020,14147.0,0.742188,2804135.0
ZWE,ZWE_3743,Harare,849.0,2020,2020,2655331.0,149.408992,855220032.0
ZWE,ZWE_3849,Hwange south,7.0,2020,2020,10417.0,0.950026,3779632.0
ZWE,ZWE_4289,Kadoma,22.0,2020,2020,74557.0,3.722773,18794280.0
ZWE,ZWE_4572,Kariba (east),3.0,2020,2020,20155.0,0.592597,2866273.0
ZWE,ZWE_4579,Karoi,11.0,2020,2020,39310.0,1.820265,7832247.0
ZWE,ZWE_5172,Kwekwe,33.0,2020,2020,105777.0,5.752655,27707566.0
ZWE,ZWE_5732,Marondera,27.0,2020,2020,68205.0,4.654001,23921360.0
ZWE,ZWE_5778,Masvingo South,18.0,2020,2020,86262.0,3.472794,18549768.0
ZWE,ZWE_5836,Mount Pleasant Heights,5.0,2020,2020,6459.0,0.761333,2524823.0
ZWE,ZWE_5885,Mbuyanehanda,14.0,2020,2020,23232.0,1.594697,6316782.0
ZWE,ZWE_6270,Mount Hampden,14.0,2020,2020,12910.0,1.406071,4143803.0
ZWE,ZWE_6395,Murambinda,8.0,2020,2020,9774.0,0.751499,2505052.0
ZWE,ZWE_6400,Murape,80.0,2020,2020,82831.0,6.983456,27702776.0
ZWE,ZWE_6402,Murehwa Centre,26.0,2020,2020,16336.0,1.525617,5536385.0
ZWE,ZWE_6425,Mutare,44.0,2020,2020,151519.0,8.004949,46322860.0
ZWE,ZWE_6427,Mutoko Centre,25.0,2020,2020,23037.0,2.100468,7780853.0
ZWE,ZWE_6445,Mvurwi,6.0,2020,2020,17355.0,0.732587,3310675.0
ZWE,ZWE_6848,Norton west,22.0,2020,2020,70990.0,2.843104,12622400.0
ZWE,ZWE_6893,Nyahode,31.0,2020,2020,14182.0,0.764062,1910661.0
ZWE,ZWE_7488,Redcliff ,2.0,2020,2020,24087.0,0.485481,2138687.0
ZWE,ZWE_7588,Rusape,15.0,2020,2020,37293.0,2.476054,11524460.0
ZWE,ZWE_7920,Shamva,6.0,2020,2020,16396.0,0.626024,2026011.0
ZWE,ZWE_8825,Victoria Falls,10.0,2020,2020,32694.0,1.829719,9512311.0
ZWE,ZWE_9199,Platinum Mine,12.0,2020,2020,47117.0,2.075511,10324242.0
AGO,AGO_1095,Alto Dondo,4.0,2020,2025,26559.0,0.81785,4969190.0
AGO,AGO_1096,Alto Hama,4.0,2020,2025,19546.0,0.735656,3616658.0
AGO,AGO_1208,Cambulo,7.0,2020,2025,88375.0,2.106398,13749631.0
AGO,AGO_1209,Andulo,12.0,2020,2025,50596.0,3.561799,23359860.0
AGO,AGO_1497,Baia Farta,8.0,2020,2025,62746.0,1.602492,7160757.0
AGO,AGO_1501,Bailundo,19.0,2020,2025,57520.0,3.820452,19394582.0
AGO,AGO_1541,Balombo,6.0,2020,2025,40090.0,1.414751,8707402.0
AGO,AGO_1809,Benguela,110.0,2020,2025,733479.0,19.813892,117310976.0
AGO,AGO_1867,Bibala,6.0,2020,2025,9027.0,0.650602,2573985.0
AGO,AGO_1980,Bocoio,6.0,2020,2025,23995.0,1.299242,7185619.0
AGO,AGO_2173,Bucau Zau,3.0,2020,2025,15283.0,0.509932,2071627.0
AGO,AGO_2311,Caala,20.0,2020,2025,123994.0,4.919738,25124116.0
AGO,AGO_2312,Cabinda,86.0,2020,2025,784275.0,21.456524,178488400.0
AGO,AGO_2314,Cacolo,3.0,2020,2025,21155.0,0.834285,4734757.0
AGO,AGO_2315,Caconda,11.0,2020,2025,28956.0,2.063853,10326555.0
AGO,AGO_2316,Cacuso,5.0,2020,2025,30724.0,1.403182,7620182.0
AGO,AGO_2317,Cuango,8.0,2020,2025,150171.0,2.593565,16206307.0
AGO,AGO_2318,Cahama,5.0,2020,2025,15817.0,0.611761,2015373.0
AGO,AGO_2319,Caimbambo,4.0,2020,2025,14415.0,1.057995,5509116.0
AGO,AGO_2324,Calenga,3.0,2020,2025,13253.0,0.707406,3247314.0
AGO,AGO_2325,Calulo,6.0,2020,2025,51172.0,1.451238,10999329.0
AGO,AGO_2326,Ambaca,4.0,2020,2025,39826.0,1.295779,8118543.0
AGO,AGO_2327,Camacupa,10.0,2020,2025,74229.0,2.804703,16761255.0
AGO,AGO_2328,Camanongue,3.0,2020,2025,19162.0,0.79998,4276623.0
AGO,AGO_2331,Cangandala,2.0,2020,2025,14551.0,0.521547,2557511.0
AGO,AGO_2343,Katchiungo,7.0,2020,2025,25286.0,1.440121,7175293.0
AGO,AGO_2344,Gama (south),12.0,2020,2025,38024.0,1.793558,6752208.0
AGO,AGO_2345,Caxito,6.0,2020,2025,42084.0,1.578711,9532553.0
AGO,AGO_2346,Cazombo,12.0,2020,2025,63066.0,3.222809,18736454.0
AGO,AGO_2348,Cela,17.0,2020,2025,91544.0,4.210349,23918604.0
AGO,AGO_2413,Chibia,7.0,2020,2025,23269.0,1.141684,5272303.0
AGO,AGO_2436,Chipindo,3.0,2020,2025,12817.0,0.953627,4529133.0
AGO,AGO_2457,Chongoroi,7.0,2020,2025,20208.0,1.050791,4677466.0
AGO,AGO_2501,Conda,3.0,2020,2025,24856.0,0.670064,3748235.0
AGO,AGO_2512,Cuango Luzamba,3.0,2020,2025,44208.0,0.839502,4761061.0
AGO,AGO_2513,Cubal,13.0,2020,2025,70375.0,2.900446,15349961.0
AGO,AGO_2514,Cuchi,2.0,2020,2025,13037.0,0.50676,2106097.0
AGO,AGO_2515,Kuimba,6.0,2020,2025,57313.0,1.259024,6830726.0
AGO,AGO_2568,Damba,4.0,2020,2025,18670.0,0.828521,4135525.0
AGO,AGO_2839,Dombe Grande,4.0,2020,2025,14806.0,0.792734,3590250.0
AGO,AGO_2846,Dondo,4.0,2020,2025,43384.0,1.210709,10733236.0
AGO,AGO_2908,Dundo,24.0,2020,2025,214184.0,7.493462,47110612.0
AGO,AGO_2954,Ecunha,3.0,2020,2025,13223.0,0.662845,2822367.0
AGO,AGO_3306,Gabela,11.0,2020,2025,140626.0,2.544206,20170236.0
AGO,AGO_3359,Ganda,14.0,2020,2025,66385.0,3.219138,20237564.0
AGO,AGO_3562,Golungo Alto,2.0,2020,2025,20551.0,0.419855,3492650.0
AGO,AGO_3835,Huambo,94.0,2020,2025,735137.0,26.075062,165286656.0
AGO,AGO_4465,Caluquembe,17.0,2020,2025,33707.0,2.31966,10142470.0
AGO,AGO_5212,Cacongo,4.0,2020,2025,18945.0,0.731237,4211798.0
AGO,AGO_5296,Lobito,77.0,2020,2025,659470.0,18.156064,203213696.0
AGO,AGO_5303,Longonjo,4.0,2020,2025,13586.0,0.745605,4106492.0
AGO,AGO_5331,Luanda,1027.0,2020,2025,9856457.0,297.428384,2004819712.0
AGO,AGO_5334,Luau,14.0,2020,2025,93976.0,3.753746,21167176.0
AGO,AGO_5336,Lubango,156.0,2020,2025,804730.0,32.365754,237744752.0
AGO,AGO_5347,Lucala,2.0,2020,2025,14534.0,0.320936,1513186.0
AGO,AGO_5348,Lucapa,12.0,2020,2025,100927.0,3.603729,20592484.0
AGO,AGO_5357,Luena,61.0,2020,2025,373868.0,15.79176,93448808.0
AGO,AGO_5365,Londuimbale,4.0,2020,2025,17880.0,0.806741,3541670.0
AGO,AGO_5384,Lumbala-N'guimbo,6.0,2020,2025,22526.0,1.243112,5175405.0
AGO,AGO_5385,Cameia,4.0,2020,2025,26569.0,0.874163,3736635.0
AGO,AGO_5599,Malanje,57.0,2020,2025,605680.0,16.262282,99442160.0
AGO,AGO_5705,Maquela do Zombo,9.0,2020,2025,77700.0,2.72456,26100236.0
AGO,AGO_5782,Matala,29.0,2020,2025,130464.0,6.663825,40309472.0
AGO,AGO_5815,Mavinga,2.0,2020,2025,12949.0,0.413272,1615676.0
AGO,AGO_5853,Mbanza Congo,24.0,2020,2025,211053.0,4.550438,36564324.0
AGO,AGO_5948,Menongue,39.0,2020,2025,314403.0,11.52582,66079896.0
AGO,AGO_6377,Mungo,5.0,2020,2025,17710.0,1.364498,6997750.0
AGO,AGO_6420,Mussende,6.0,2020,2025,29361.0,1.583012,10194198.0
AGO,AGO_6520,Namacunde/Oshikango [AGO],5.0,2020,2025,31924.0,1.123491,6674432.0
AGO,AGO_6532,Namibe,38.0,2020,2025,297426.0,7.544669,55658632.0
AGO,AGO_6609,Ndalatando,14.0,2020,2025,212866.0,3.824375,35064764.0
AGO,AGO_6649,Negage,11.0,2020,2025,123276.0,2.874185,17869822.0
AGO,AGO_6723,Sumbe,32.0,2020,2025,272836.0,7.328374,71710344.0
AGO,AGO_6927,Nzetu,6.0,2020,2025,41175.0,1.463838,7659297.0
AGO,AGO_7092,Ondjiva,14.0,2020,2025,70582.0,2.64045,14358093.0
AGO,AGO_7333,Ext. Pinheiro,14.0,2020,2025,37831.0,2.200214,7647098.0
AGO,AGO_7352,Jamba,5.0,2020,2025,13952.0,0.880736,3859619.0
AGO,AGO_7366,Porto Amboim,15.0,2020,2025,126054.0,3.657462,29034380.0
AGO,AGO_7444,Quibala,8.0,2020,2025,43571.0,1.833439,9515627.0
AGO,AGO_7445,Quilenda,3.0,2020,2025,17066.0,0.475989,2481668.0
AGO,AGO_7446,Quipungo,7.0,2020,2025,21390.0,1.321855,6533423.0
AGO,AGO_7777,Soyo,35.0,2020,2025,254670.0,9.72136,63726008.0
AGO,AGO_7780,Sanza Pombo,4.0,2020,2025,28665.0,0.917031,6287061.0
AGO,AGO_7799,Sassalemba,53.0,2020,2025,116994.0,6.657261,28081024.0
AGO,AGO_7802,Saurimo,47.0,2020,2025,516329.0,13.113154,74363648.0
AGO,AGO_8099,Silva Porto,67.0,2020,2025,415764.0,17.332576,113654656.0
AGO,AGO_8168,Songo,6.0,2020,2025,34762.0,1.591979,10496370.0
AGO,AGO_8560,Tomboco,4.0,2020,2025,21900.0,0.869694,5143484.0
AGO,AGO_8562,Tombua,5.0,2020,2025,51597.0,1.026603,6679850.0
AGO,AGO_8715,Uige,43.0,2020,2025,639780.0,12.194785,117708040.0
AGO,AGO_8721,Uku-Seles,7.0,2020,2025,54334.0,1.613595,10355578.0
AGO,AGO_8722,Ukuma,6.0,2020,2025,23649.0,1.243018,6269109.0
AGO,AGO_9031,Xangongo,10.0,2020,2025,32300.0,1.743806,10086187.0
BDI,BDI_1592,Mugerama,2.0,2020,2025,7913.0,0.389896,1303555.0
BDI,BDI_2172,Bubanza,6.0,2020,2025,26872.0,0.939844,7814099.0
BDI,BDI_2195,Bujumbura,501.0,2020,2025,1946767.0,58.86238,397722368.0
BDI,BDI_2464,Rugombo centre-urbain sud,9.0,2020,2025,58109.0,1.822648,10209472.0
BDI,BDI_3401,Gasenyi,22.0,2020,2025,62275.0,2.408885,9429595.0
BDI,BDI_3406,Gatabo,15.0,2020,2025,15307.0,0.960663,2402013.0
BDI,BDI_3413,Gatumba,6.0,2020,2025,35614.0,1.457035,10137073.0
BDI,BDI_3528,Gitega,92.0,2020,2025,191264.0,7.884078,43157952.0
BDI,BDI_4886,Kirundo,275.0,2020,2025,389726.0,11.533251,32363140.0
BDI,BDI_5554,Makamba,109.0,2020,2025,120840.0,6.945857,26144252.0
BDI,BDI_6340,Sampeke,76.0,2020,2025,54540.0,3.312483,8317524.0
BDI,BDI_6396,Muramwiya,114.0,2020,2025,140339.0,5.814272,18135348.0
BDI,BDI_6435,Muyange,54.0,2020,2025,97705.0,4.380049,17549360.0
BDI,BDI_6437,Muyinga,355.0,2020,2025,427442.0,12.775761,37484964.0
BDI,BDI_6614,Ndava,2.0,2020,2025,11758.0,0.542382,3432118.0
BDI,BDI_6717,Kayanza,284.0,2020,2025,539109.0,16.690261,66851692.0
BDI,BDI_6908,Kagunuzi,2.0,2020,2025,6098.0,0.283687,838542.0
BDI,BDI_7555,Kinyami,7.0,2020,2025,13496.0,0.388348,970847.0
BDI,BDI_7567,Mugina,37.0,2020,2025,69761.0,2.421678,8627605.0
BDI,BDI_7568,Rugombo,5.0,2020,2025,35988.0,1.230509,6863309.0
BDI,BDI_7580,Rumonge,11.0,2020,2025,74193.0,2.255218,18525880.0
BDI,BDI_7591,Rutana,15.0,2020,2025,22330.0,1.166696,5418421.0
BDI,BDI_7596,Ruyigi,12.0,2020,2025,24997.0,1.339513,6019436.0
BEN,BEN_1211,Hilacondji,21.0,2020,2025,21338.0,1.049311,5649081.0
BEN,BEN_1218,Aniviekome,1.0,2020,2025,3396.0,0.379995,1607874.0
BEN,BEN_1253,Aplahoué,6.0,2020,2025,12842.0,0.97726,4079060.0
BEN,BEN_1432,Djakotomey,51.0,2020,2025,124149.0,7.722054,37900816.0
BEN,BEN_154,Adakplame,4.0,2020,2025,7162.0,0.60631,2854598.0
BEN,BEN_1644,Banikoara,13.0,2020,2025,35638.0,2.079875,10996994.0
BEN,BEN_1653,Banté,8.0,2020,2025,23962.0,1.266098,6944422.0
BEN,BEN_1708,Bassila I,8.0,2020,2025,22672.0,1.374503,6843010.0
BEN,BEN_191,Adja Tokpa I,16.0,2020,2025,26661.0,2.050563,6799106.0
BEN,BEN_192,Adjaglimey,4.0,2020,2025,9288.0,0.670886,2623684.0
BEN,BEN_193,Adjaha,1.0,2020,2025,3651.0,0.245071,1358350.0
BEN,BEN_195,Adjegounle,6.0,2020,2025,7296.0,0.697267,2546420.0
BEN,BEN_2496,Colli Bossouvi,10.0,2020,2025,27970.0,1.536645,8741179.0
BEN,BEN_2498,Comé,32.0,2020,2025,103565.0,5.009863,28241496.0
BEN,BEN_2504,Copargo,4.0,2020,2025,14137.0,0.765551,3985148.0
BEN,BEN_2505,Cotonou,599.0,2020,2025,3550727.0,127.419144,902939072.0
BEN,BEN_2507,Cove,24.0,2020,2025,79016.0,4.026028,21815832.0
BEN,BEN_251,Agbozounkpa,5.0,2020,2025,16267.0,0.859031,4965538.0
BEN,BEN_2573,Dame,2.0,2020,2025,4718.0,0.493169,2656288.0
BEN,BEN_2638,Dassa-Zoume,18.0,2020,2025,58603.0,3.097286,17378480.0
BEN,BEN_266,Agon,6.0,2020,2025,10049.0,0.781951,3030349.0
BEN,BEN_2674,Djeregbe 1,24.0,2020,2025,53128.0,3.1369,16962600.0
BEN,BEN_2804,Djidja Mandjavi,2.0,2020,2025,7552.0,0.477191,2548033.0
BEN,BEN_2811,Djougou,47.0,2020,2025,179005.0,8.196715,51088968.0
BEN,BEN_2823,Dogbo-Tota,9.0,2020,2025,36165.0,1.437516,8260383.0
BEN,BEN_2832,Doko-Centre,7.0,2020,2025,12869.0,1.020713,4218861.0
BEN,BEN_2842,Doméguédji,1.0,2020,2025,1414.0,0.177379,735283.0
BEN,BEN_2849,Donga,2.0,2020,2025,5284.0,0.444709,2218556.0
BEN,BEN_295,Ahomey Glon,1.0,2020,2025,1395.0,0.138608,552563.0
BEN,BEN_3272,Founougo A,3.0,2020,2025,10090.0,0.657895,3387322.0
BEN,BEN_3353,Gamia Est,7.0,2020,2025,17612.0,0.956959,4470522.0
BEN,BEN_3436,Gbakéhoué,3.0,2020,2025,8040.0,0.474242,2405683.0
BEN,BEN_3437,Gbanlin,3.0,2020,2025,4464.0,0.436259,1849249.0
BEN,BEN_3441,Gbeko,2.0,2020,2025,3720.0,0.380345,1605328.0
BEN,BEN_3537,Glazoué,16.0,2020,2025,44188.0,2.458409,13079673.0
BEN,BEN_3541,Glogbo,19.0,2020,2025,44191.0,2.296166,14659381.0
BEN,BEN_3551,Gogounou,5.0,2020,2025,12756.0,0.875518,4218580.0
BEN,BEN_3586,Gouka,5.0,2020,2025,10970.0,0.865361,5041479.0
BEN,BEN_3589,Goumori A,4.0,2020,2025,8597.0,0.53819,2489982.0
BEN,BEN_3596,Gourou,4.0,2020,2025,14402.0,0.792999,3956406.0
BEN,BEN_3653,Guimaro-Sinakpagourou,2.0,2020,2025,5828.0,0.470575,2354454.0
BEN,BEN_3830,Houinta,1.0,2020,2025,3313.0,0.319351,1516669.0
BEN,BEN_3832,Houssoukoué,6.0,2020,2025,14431.0,0.915234,3789753.0
BEN,BEN_3887,Idigny Centre,4.0,2020,2025,7315.0,0.541243,2557087.0
BEN,BEN_3901,Ifangni ,46.0,2020,2025,41630.0,2.659831,14581077.0
BEN,BEN_4009,Ilare,2.0,2020,2025,5950.0,0.393186,2326164.0
BEN,BEN_4057,Ina 3,4.0,2020,2025,12381.0,0.762556,4122400.0
BEN,BEN_4504,Kandi,23.0,2020,2025,82232.0,3.860396,22384814.0
BEN,BEN_4726,Kérou,7.0,2020,2025,25155.0,1.311022,6950943.0
BEN,BEN_4734,Kétonou,3.0,2020,2025,7007.0,0.545966,2320709.0
BEN,BEN_4735,Ketou,26.0,2020,2025,80582.0,4.610455,27672128.0
BEN,BEN_48,Abolou,12.0,2020,2025,11555.0,1.063883,2988923.0
BEN,BEN_4818,Kilibo Olata,5.0,2020,2025,11475.0,0.739714,3683817.0
BEN,BEN_49,Abomey,178.0,2020,2025,685065.0,34.408764,197754144.0
BEN,BEN_4934,Klouekanme,16.0,2020,2025,41519.0,2.619555,11790068.0
BEN,BEN_4964,Kolokonde,6.0,2020,2025,14850.0,0.953364,4184795.0
BEN,BEN_5005,Kossou,8.0,2020,2025,20796.0,1.334303,6450327.0
BEN,BEN_5297,Lobogo Gbede Come,26.0,2020,2025,59846.0,3.458003,20594616.0
BEN,BEN_5310,Lokossa,34.0,2020,2025,112470.0,5.542973,31381364.0
BEN,BEN_5442,Madecali,2.0,2020,2025,3746.0,0.287347,1042637.0
BEN,BEN_5601,Malanville,10.0,2020,2025,52849.0,2.401153,14668036.0
BEN,BEN_5662,Manigri Oké,5.0,2020,2025,16931.0,1.057393,6582803.0
BEN,BEN_5797,Materi,7.0,2020,2025,14974.0,1.031295,5365113.0
BEN,BEN_6569,Natitingou,31.0,2020,2025,115267.0,5.235904,34764456.0
BEN,BEN_6610,N'Dali,10.0,2020,2025,29902.0,1.592157,8323419.0
BEN,BEN_6758,Nikki,12.0,2020,2025,49922.0,2.538143,14748481.0
BEN,BEN_7033,Oke-Odan,3.0,2020,2025,6059.0,0.48651,1962368.0
BEN,BEN_7099,Onklou,3.0,2020,2025,5262.0,0.463994,1780128.0
BEN,BEN_7158,Ouake,7.0,2020,2025,18600.0,1.290536,6326735.0
BEN,BEN_7187,Ouesse Centre,10.0,2020,2025,33448.0,2.043488,11694288.0
BEN,BEN_7190,Ouidah,40.0,2020,2025,139342.0,6.14219,38802400.0
BEN,BEN_7286,Parakou,143.0,2020,2025,630669.0,25.756948,167491904.0
BEN,BEN_7289,Partago,5.0,2020,2025,14697.0,0.969701,5044564.0
BEN,BEN_7304,Perere I,5.0,2020,2025,16668.0,0.846001,4532979.0
BEN,BEN_7335,Pira Adjigo,2.0,2020,2025,11904.0,0.580615,3245029.0
BEN,BEN_7345,Pobe,39.0,2020,2025,97792.0,6.192545,36035848.0
BEN,BEN_7367,Porto-Novo,310.0,2020,2025,1357320.0,54.990672,366160224.0
BEN,BEN_7682,Sakete I,16.0,2020,2025,45785.0,2.459289,12443674.0
BEN,BEN_7803,Savalou,15.0,2020,2025,56692.0,2.761749,18221832.0
BEN,BEN_7804,Save,16.0,2020,2025,50640.0,2.656308,16601712.0
BEN,BEN_7817,Sé,6.0,2020,2025,23627.0,1.016177,5344881.0
BEN,BEN_7832,Segbana II,5.0,2020,2025,13607.0,0.852553,3974425.0
BEN,BEN_7843,Garou II,3.0,2020,2025,5096.0,0.48307,2129557.0
BEN,BEN_796,Allawénoussa I,1.0,2020,2025,8632.0,0.352538,2033661.0
BEN,BEN_8104,Sinaourarou,9.0,2020,2025,29010.0,1.440655,7514914.0
BEN,BEN_8152,Sokomey,3.0,2020,2025,5578.0,0.646318,3373343.0
BEN,BEN_8161,Somai,3.0,2020,2025,6092.0,0.679572,3674717.0
BEN,BEN_8164,Sompérékou A,5.0,2020,2025,12038.0,0.795873,4059394.0
BEN,BEN_8362,Tanguiéta,11.0,2020,2025,43676.0,2.089619,14210418.0
BEN,BEN_8410,Tchatchou,4.0,2020,2025,11206.0,0.651386,3103081.0
BEN,BEN_8414,Tchetti,3.0,2020,2025,10950.0,0.599621,3280027.0
BEN,BEN_8417,Tchingayare,4.0,2020,2025,12647.0,0.786735,4683138.0
BEN,BEN_8593,Toui-Centre,3.0,2020,2025,7959.0,0.487138,2574046.0
BEN,BEN_8604,Toviklin,6.0,2020,2025,13512.0,0.996937,4943562.0
BEN,BEN_8608,Tozoungo,4.0,2020,2025,5778.0,0.529721,1740285.0
BEN,BEN_9016,Worogui,11.0,2020,2025,32989.0,1.620889,7963218.0
BFA,BFA_1274,Arbinda,3.0,2020,2025,6340.0,0.435717,1778843.0
BFA,BFA_1564,Ban,3.0,2020,2025,5738.0,0.522046,2935556.0
BFA,BFA_1581,Banfora,21.0,2020,2025,97254.0,5.820841,37576620.0
BFA,BFA_1659,Banzon,3.0,2020,2025,12295.0,0.698066,3956120.0
BFA,BFA_1693,Barsalogho,6.0,2020,2025,8080.0,0.822358,2996741.0
BFA,BFA_1717,Batie,6.0,2020,2025,9199.0,0.925245,4754607.0
BFA,BFA_1759,Beguedo,16.0,2020,2025,29920.0,2.329435,10216272.0
BFA,BFA_1793,Bena,6.0,2020,2025,8757.0,0.725521,3086385.0
BFA,BFA_1960,Bittou,9.0,2020,2025,20842.0,1.792275,10133613.0
BFA,BFA_1975,Bobo-Dioulasso,151.0,2020,2025,876123.0,40.555948,274928704.0
BFA,BFA_1992,Bogande,9.0,2020,2025,20426.0,1.176719,5603172.0
BFA,BFA_2011,Bokin,6.0,2020,2025,13503.0,1.054134,4891887.0
BFA,BFA_2068,Boromo,14.0,2020,2025,21698.0,2.525835,16907600.0
BFA,BFA_2121,Boulsa,8.0,2020,2025,20402.0,1.456644,6970282.0
BFA,BFA_2138,Bousse,9.0,2020,2025,19540.0,1.43149,8771086.0
BFA,BFA_2140,Boussouma,4.0,2020,2025,7772.0,0.494703,1786469.0
BFA,BFA_2491,Cinkanse ,26.0,2020,2025,24529.0,2.359982,13955329.0
BFA,BFA_2594,Dande,4.0,2020,2025,8328.0,0.809799,4078373.0
BFA,BFA_2606,Dano,6.0,2020,2025,13157.0,1.19214,7526834.0
BFA,BFA_2666,Dedougou,36.0,2020,2025,67876.0,5.926735,38982904.0
BFA,BFA_2714,Diapaga,10.0,2020,2025,14084.0,1.259378,6259271.0
BFA,BFA_2726,Didyr,6.0,2020,2025,6494.0,0.471776,1716969.0
BFA,BFA_2727,Diebougou,10.0,2020,2025,19397.0,2.032777,11573065.0
BFA,BFA_2778,Dirlakou,4.0,2020,2025,5810.0,0.567513,2227699.0
BFA,BFA_2801,Djibo,13.0,2020,2025,33835.0,2.683125,13262045.0
BFA,BFA_2860,Dori (east),12.0,2020,2025,48114.0,2.217828,11064771.0
BFA,BFA_3183,Fada-N'Gourma,37.0,2020,2025,66388.0,7.487417,44072320.0
BFA,BFA_3189,Falagountou,4.0,2020,2025,16513.0,0.651573,2705782.0
BFA,BFA_3369,Gaoua,17.0,2020,2025,38586.0,3.436921,22651006.0
BFA,BFA_3379,Garango,14.0,2020,2025,28208.0,2.118592,9964364.0
BFA,BFA_3572,Gonboussou,6.0,2020,2025,10857.0,0.949365,3896972.0
BFA,BFA_3594,Gourcy,17.0,2020,2025,43105.0,2.335144,10861858.0
BFA,BFA_3650,Lanfiera,6.0,2020,2025,16427.0,1.210183,6787652.0
BFA,BFA_3831,Hounde,20.0,2020,2025,56224.0,4.118983,24821280.0
BFA,BFA_4041,Imasgho,3.0,2020,2025,4219.0,0.390913,1672738.0
BFA,BFA_4665,Kaya,39.0,2020,2025,126980.0,7.417419,40094760.0
BFA,BFA_4849,Kindi,6.0,2020,2025,5839.0,0.586918,2198818.0
BFA,BFA_4950,Kokologho,8.0,2020,2025,13082.0,1.297537,7485823.0
BFA,BFA_4969,Kombissiri,12.0,2020,2025,17085.0,1.816343,9271812.0
BFA,BFA_4973,Kompienbiga,4.0,2020,2025,3485.0,0.384342,1113978.0
BFA,BFA_4974,Kompienga,5.0,2020,2025,7262.0,0.842295,3931982.0
BFA,BFA_4981,Kongoussi,12.0,2020,2025,47715.0,2.40927,12149891.0
BFA,BFA_5001,Korsimoro,6.0,2020,2025,14619.0,1.022585,4773462.0
BFA,BFA_5011,Koudougou,94.0,2020,2025,193570.0,16.104986,114964784.0
BFA,BFA_5013,Kouka,8.0,2020,2025,15456.0,1.173336,5564728.0
BFA,BFA_5027,Koupela,20.0,2020,2025,50306.0,3.855898,22377804.0
BFA,BFA_5028,Kourouma,5.0,2020,2025,6820.0,0.665397,2941746.0
BFA,BFA_5183,Kyon,8.0,2020,2025,7735.0,0.500866,1470562.0
BFA,BFA_5256,Leo,21.0,2020,2025,42952.0,3.595065,21317612.0
BFA,BFA_5649,Manga,13.0,2020,2025,19555.0,2.356176,12139825.0
BFA,BFA_6187,Mogtedo,8.0,2020,2025,19843.0,1.565795,8327560.0
BFA,BFA_6491,Nadiagou,3.0,2020,2025,5969.0,0.621984,3215245.0
BFA,BFA_6535,Namponkore,6.0,2020,2025,6646.0,0.673687,2721568.0
BFA,BFA_6568,Natiaboani,2.0,2020,2025,1591.0,0.320883,1665365.0
BFA,BFA_6744,Nianaba,8.0,2020,2025,9025.0,1.030576,3487983.0
BFA,BFA_6747,Niangoloko,12.0,2020,2025,24312.0,2.768646,16134547.0
BFA,BFA_6749,Niaogho,6.0,2020,2025,9377.0,1.201537,6049555.0
BFA,BFA_6853,Nouna,21.0,2020,2025,42814.0,2.637549,17391564.0
BFA,BFA_7120,Orodara,9.0,2020,2025,28323.0,1.893229,10181956.0
BFA,BFA_7156,Ouagadougou,664.0,2020,2025,3151438.0,150.761664,967101120.0
BFA,BFA_7157,Ouahigouya,39.0,2020,2025,140172.0,7.161504,39880388.0
BFA,BFA_7162,Ouargaye,5.0,2020,2025,10920.0,0.762755,3651168.0
BFA,BFA_7272,Pama,4.0,2020,2025,5972.0,0.691594,3133153.0
BFA,BFA_7325,Piela,8.0,2020,2025,14324.0,0.827035,3236460.0
BFA,BFA_7336,Pissila,8.0,2020,2025,17078.0,1.332623,6646167.0
BFA,BFA_7344,Po,13.0,2020,2025,20484.0,3.028447,21144680.0
BFA,BFA_7374,Pouytenga,21.0,2020,2025,89079.0,5.171537,32743296.0
BFA,BFA_7501,Reo,28.0,2020,2025,24827.0,2.546696,9181701.0
BFA,BFA_7537,Rollo,3.0,2020,2025,5349.0,0.380944,1469687.0
BFA,BFA_7553,Rouko,2.0,2020,2025,4888.0,0.376665,1155485.0
BFA,BFA_7619,Sabou,7.0,2020,2025,13054.0,1.190744,7232922.0
BFA,BFA_7784,Sapouy,9.0,2020,2025,14813.0,1.484876,8823281.0
BFA,BFA_7837,Seguenega,6.0,2020,2025,15476.0,0.828389,3333573.0
BFA,BFA_8157,Solenzo,12.0,2020,2025,27368.0,2.070897,11258813.0
BFA,BFA_8182,Soubakaniedougo,3.0,2020,2025,3791.0,0.420178,1860756.0
BFA,BFA_8360,Tanghin-Dassouri,10.0,2020,2025,11660.0,1.303955,6459243.0
BFA,BFA_8451,Tenkodogo,30.0,2020,2025,65369.0,5.963593,34169348.0
BFA,BFA_8529,Titao,10.0,2020,2025,23041.0,1.303082,4610974.0
BFA,BFA_8543,To,5.0,2020,2025,5692.0,0.601107,2086553.0
BFA,BFA_8557,Toma,8.0,2020,2025,14493.0,1.177491,5624308.0
BFA,BFA_8590,Tougan,9.0,2020,2025,30454.0,1.938194,10850781.0
BFA,BFA_9045,Yako,15.0,2020,2025,43439.0,2.885256,18784544.0
BFA,BFA_9049,Yalgo,8.0,2020,2025,13305.0,1.067514,4694787.0
BFA,BFA_9100,Zabre,8.0,2020,2025,17457.0,1.258891,5481415.0
BFA,BFA_9170,Ziniare,25.0,2020,2025,46729.0,3.957665,18126320.0
BFA,BFA_9182,Zorgho,15.0,2020,2025,31319.0,2.489109,12821462.0
BWA,BWA_1976,Bobonong,27.0,2020,2025,16500.0,4.909097,25353352.0
BWA,BWA_2067,Tlhalogang,16.0,2020,2025,10985.0,3.656904,21532136.0
BWA,BWA_3278,Francistown,36.0,2020,2025,88662.0,8.509443,53699700.0
BWA,BWA_3310,Gaborone,184.0,2020,2025,305748.0,46.212496,294830336.0
BWA,BWA_3483,Ghanzi,10.0,2020,2025,13488.0,2.275269,12200023.0
BWA,BWA_4239,Jwaneng,11.0,2020,2025,24933.0,2.468016,14645452.0
BWA,BWA_4527,Kanye,46.0,2020,2025,31522.0,9.365697,57164112.0
BWA,BWA_4991,Kopong,13.0,2020,2025,14039.0,2.53725,12716593.0
BWA,BWA_5266,Letlhakane,26.0,2020,2025,26381.0,4.975495,26076148.0
BWA,BWA_5295,Lobatse,15.0,2020,2025,23821.0,3.141945,16967734.0
BWA,BWA_5503,Mahalapye,54.0,2020,2025,42578.0,12.590176,69957616.0
BWA,BWA_5814,Maun,79.0,2020,2025,75979.0,14.802837,83904248.0
BWA,BWA_6164,Mmadinare,18.0,2020,2025,11943.0,3.876836,23392452.0
BWA,BWA_6177,Mochudi,64.0,2020,2025,48450.0,14.293046,79979200.0
BWA,BWA_6207,Molepolole,73.0,2020,2025,82273.0,14.754228,80978888.0
BWA,BWA_6253,Moshupa,33.0,2020,2025,24885.0,5.408495,28110602.0
BWA,BWA_7268,Palapye,41.0,2020,2025,32108.0,9.040873,51383948.0
BWA,BWA_7467,Ramotswa,27.0,2020,2025,20301.0,5.241375,28614318.0
BWA,BWA_7853,Selibe Phikwe,17.0,2020,2025,27423.0,4.08534,25733116.0
BWA,BWA_7875,Serowe,73.0,2020,2025,58728.0,14.689552,86908264.0
BWA,BWA_8465,Thamaga,36.0,2020,2025,25777.0,5.560803,28571932.0
BWA,BWA_8542,Tlokweng,20.0,2020,2025,22298.0,3.772049,20926252.0
BWA,BWA_8571,Tonota,38.0,2020,2025,27742.0,8.023804,46691392.0
BWA,BWA_8690,Tutume,35.0,2020,2025,16761.0,6.220604,28433142.0
CAF,CAF_1550,Bambari,13.0,2020,2025,72759.0,2.26547,13696218.0
CAF,CAF_1584,Bangassou,11.0,2020,2025,42658.0,2.285824,13392456.0
CAF,CAF_1589,Bangui,147.0,2020,2025,1148526.0,36.950412,248736656.0
CAF,CAF_1660,Baoro,4.0,2020,2025,17706.0,0.821572,4483614.0
CAF,CAF_1713,Batangafo,4.0,2020,2025,15936.0,0.752241,4540213.0
CAF,CAF_1832,Berbérati,16.0,2020,2025,93573.0,4.152714,28511822.0
CAF,CAF_1981,Boda,4.0,2020,2025,27415.0,1.014158,6658061.0
CAF,CAF_2007,Bokaranga,6.0,2020,2025,25364.0,1.223772,6126490.0
CAF,CAF_2073,Bossangoa,14.0,2020,2025,48734.0,2.295738,12944904.0
CAF,CAF_2074,Bossembélé,3.0,2020,2025,13529.0,0.610753,3474116.0
CAF,CAF_2092,Bouar,13.0,2020,2025,64895.0,3.315515,25765132.0
CAF,CAF_2096,Bouca,3.0,2020,2025,12453.0,0.641044,3646738.0
CAF,CAF_2154,Bozoum,6.0,2020,2025,26177.0,1.199922,6948269.0
CAF,CAF_2166,Bria,7.0,2020,2025,38104.0,1.639711,9085014.0
CAF,CAF_2339,Carnot,9.0,2020,2025,88474.0,2.234416,16690554.0
CAF,CAF_2678,Dēkoa,4.0,2020,2025,14371.0,0.665266,3161431.0
CAF,CAF_3350,Gamboula,3.0,2020,2025,12379.0,0.52773,2607763.0
CAF,CAF_3614,Grimari,2.0,2020,2025,5828.0,0.22282,854470.0
CAF,CAF_4082,Ippy,4.0,2020,2025,13142.0,0.762908,3983883.0
CAF,CAF_4256,Kabo,8.0,2020,2025,21972.0,1.511652,9823528.0
CAF,CAF_4395,Kaga-Bandoro,6.0,2020,2025,33667.0,1.390072,8619445.0
CAF,CAF_5842,M'bāïki,4.0,2020,2025,12132.0,0.787468,4777206.0
CAF,CAF_6218,Monga,4.0,2020,2025,0.0,0.0,0.0
CAF,CAF_6618,Ndélé ,5.0,2020,2025,24849.0,0.866384,4777126.0
CAF,CAF_6844,Nola,5.0,2020,2025,30144.0,1.319523,7591350.0
CAF,CAF_7284,Paoua,12.0,2020,2025,45116.0,1.841045,9378919.0
CAF,CAF_730,Alindao,2.0,2020,2025,16938.0,0.342611,1844550.0
CAF,CAF_8030,Sibut,6.0,2020,2025,18290.0,1.145254,5922948.0
CAF,CAF_9050,Yaloké,4.0,2020,2025,19120.0,0.945727,5209653.0
CAF,CAF_9155,Zémio,2.0,2020,2025,9859.0,0.355513,1273024.0
CIV,CIV_1177,Amelekia,3.0,2020,2025,10074.0,0.578221,3435007.0
CIV,CIV_1199,Ananguie 1,3.0,2020,2025,8825.0,0.480673,2518093.0
CIV,CIV_1201,Mignore,3.0,2020,2025,5554.0,0.722331,3966948.0
CIV,CIV_1205,Ande,3.0,2020,2025,18948.0,0.58552,2916634.0
CIV,CIV_1295,Arrah,9.0,2020,2025,31909.0,1.612251,9903086.0
CIV,CIV_1346,Assuefry,2.0,2020,2025,15944.0,0.526292,3032235.0
CIV,CIV_1425,Azaguie,9.0,2020,2025,22826.0,1.315685,7315256.0
CIV,CIV_1453,Bacon,3.0,2020,2025,8733.0,0.57684,3812601.0
CIV,CIV_1482,Bagohouo,2.0,2020,2025,5197.0,0.502901,2438256.0
CIV,CIV_1489,Bahe-Sebon,1.0,2020,2025,4423.0,0.25913,1168390.0
CIV,CIV_1575,Bandiahi,3.0,2020,2025,6158.0,0.62295,3312595.0
CIV,CIV_1587,Bangolo,7.0,2020,2025,31896.0,1.12308,5876424.0
CIV,CIV_1661,Baoulifla,2.0,2020,2025,6009.0,0.421442,2345677.0
CIV,CIV_1735,Bayota,4.0,2020,2025,17491.0,0.791861,4685939.0
CIV,CIV_1742,Bazre,3.0,2020,2025,16566.0,0.500606,2604509.0
CIV,CIV_1747,Becedi-Brignan,4.0,2020,2025,15136.0,0.550872,3184600.0
CIV,CIV_1754,Bediala,3.0,2020,2025,9265.0,0.676666,3857231.0
CIV,CIV_1779,Belle-Ville,2.0,2020,2025,7459.0,0.430804,2424581.0
CIV,CIV_1829,Beoumi,8.0,2020,2025,38956.0,1.465296,7411864.0
CIV,CIV_183,Adiake,5.0,2020,2025,29668.0,1.091731,6688000.0
CIV,CIV_1864,Biankouma,7.0,2020,2025,37414.0,1.290495,8368290.0
CIV,CIV_1865,Bianouan,2.0,2020,2025,9714.0,0.420009,2969726.0
CIV,CIV_1877,Bieby,3.0,2020,2025,11195.0,0.394549,2071857.0
CIV,CIV_194,Adjamene,3.0,2020,2025,15627.0,0.673615,5886074.0
CIV,CIV_1967,Blenimeouin,2.0,2020,2025,6759.0,0.476357,2523165.0
CIV,CIV_1971,Blolequin,7.0,2020,2025,39919.0,1.241144,7897116.0
CIV,CIV_1978,Bocanda,5.0,2020,2025,22329.0,0.809399,4971862.0
CIV,CIV_1995,Bognonzra,2.0,2020,2025,7452.0,0.726945,5024488.0
CIV,CIV_2038,Bondoukou,41.0,2020,2025,127824.0,5.911771,35842056.0
CIV,CIV_2043,Bongouanou,8.0,2020,2025,46763.0,1.699023,10084723.0
CIV,CIV_2047,Bonon,11.0,2020,2025,73973.0,2.541996,18517946.0
CIV,CIV_2048,Bonoua,24.0,2020,2025,90199.0,3.953979,24444784.0
CIV,CIV_2049,Bonoufla,4.0,2020,2025,14559.0,0.918677,6202046.0
CIV,CIV_2069,Borotou-Koro,2.0,2020,2025,14956.0,0.508153,2812220.0
CIV,CIV_2078,Botro,4.0,2020,2025,24500.0,0.822851,4454205.0
CIV,CIV_2087,Bouafle,28.0,2020,2025,138226.0,4.705081,31614136.0
CIV,CIV_2088,Bouake,140.0,2020,2025,843454.0,29.922792,232467776.0
CIV,CIV_2089,Bouandougou,2.0,2020,2025,15171.0,0.443265,2294654.0
CIV,CIV_2127,Bouna,10.0,2020,2025,62530.0,2.000926,11631318.0
CIV,CIV_2128,Boundiali,16.0,2020,2025,83140.0,3.277806,20148716.0
CIV,CIV_218,Adzope,22.0,2020,2025,103594.0,3.538877,26817662.0
CIV,CIV_223,Affery,7.0,2020,2025,26520.0,1.438211,10574885.0
CIV,CIV_2298,Buyo,7.0,2020,2025,35520.0,1.368137,6855219.0
CIV,CIV_2347,Cechi,3.0,2020,2025,11288.0,0.514251,2420119.0
CIV,CIV_250,Agboville,21.0,2020,2025,107641.0,4.236661,32584936.0
CIV,CIV_2519,Dabakala,7.0,2020,2025,39556.0,1.125079,6461451.0
CIV,CIV_2523,Dabou,15.0,2020,2025,107738.0,3.505911,26433592.0
CIV,CIV_2524,Dabouyo,3.0,2020,2025,16981.0,0.818179,6481758.0
CIV,CIV_2529,Dagadji,3.0,2020,2025,6591.0,0.548561,3353356.0
CIV,CIV_2543,Dairo,3.0,2020,2025,14206.0,0.563228,3116081.0
CIV,CIV_2549,Dakpadou,3.0,2020,2025,13382.0,0.682436,4574515.0
CIV,CIV_2557,Daloa,77.0,2020,2025,390351.0,15.690582,108200936.0
CIV,CIV_2591,Danane,21.0,2020,2025,109992.0,3.763961,27404256.0
CIV,CIV_2608,Daoukro,14.0,2020,2025,78993.0,2.747139,17478696.0
CIV,CIV_261,Agnibilekrou,16.0,2020,2025,73591.0,3.121999,21654396.0
CIV,CIV_2611,Dapeoua,1.0,2020,2025,7907.0,0.266724,1275805.0
CIV,CIV_2709,Diangobo,3.0,2020,2025,10940.0,0.483987,2454067.0
CIV,CIV_2711,Dianra,5.0,2020,2025,35805.0,1.11711,6827199.0
CIV,CIV_2712,Dianra-Village,3.0,2020,2025,15747.0,0.655444,3795648.0
CIV,CIV_2717,Diawala,3.0,2020,2025,20875.0,0.908278,5939536.0
CIV,CIV_2729,Diegonefla,9.0,2020,2025,48070.0,1.693065,10978098.0
CIV,CIV_2736,Dignago,3.0,2020,2025,10869.0,0.596985,3420801.0
CIV,CIV_2742,Dikodougou,4.0,2020,2025,26026.0,0.977727,6576039.0
CIV,CIV_2748,Dimbokro,12.0,2020,2025,62623.0,2.527427,16309530.0
CIV,CIV_2765,Diourouzon,1.0,2020,2025,6887.0,0.257376,1258804.0
CIV,CIV_2786,Divo,43.0,2020,2025,254272.0,8.252887,62013956.0
CIV,CIV_2792,Djapadji,2.0,2020,2025,5104.0,0.476495,2819833.0
CIV,CIV_28,Abengourou,31.0,2020,2025,147344.0,6.67012,51797652.0
CIV,CIV_2816,Doba,1.0,2020,2025,3757.0,0.266406,1245956.0
CIV,CIV_2829,Doka,1.0,2020,2025,2546.0,0.217941,1257612.0
CIV,CIV_2862,Doropo,6.0,2020,2025,23761.0,1.271761,8340338.0
CIV,CIV_2873,Doukouya,3.0,2020,2025,10950.0,0.497063,2874189.0
CIV,CIV_288,Ahigbe-Koffikro,3.0,2020,2025,14045.0,0.448035,2387074.0
CIV,CIV_2897,Duekoue,21.0,2020,2025,168694.0,4.63642,29645668.0
CIV,CIV_2944,Ebilassokro,3.0,2020,2025,14396.0,0.552203,3654491.0
CIV,CIV_3151,Essuikro,2.0,2020,2025,8349.0,0.300401,1514751.0
CIV,CIV_32,Abidjan,546.0,2020,2025,6822198.0,154.779184,1353480832.0
CIV,CIV_3230,Ferkessedougou,20.0,2020,2025,101193.0,4.480348,28035780.0
CIV,CIV_3256,Flakiedougou,3.0,2020,2025,18546.0,0.551112,2499684.0
CIV,CIV_3283,Fresco,3.0,2020,2025,14084.0,0.575124,3186232.0
CIV,CIV_3286,Fronan,6.0,2020,2025,37829.0,1.202903,6641045.0
CIV,CIV_3308,Gabiadji,5.0,2020,2025,30329.0,1.056296,10007968.0
CIV,CIV_3317,Gadouan,3.0,2020,2025,20868.0,0.805754,4817264.0
CIV,CIV_3320,Gagnoa,44.0,2020,2025,232172.0,8.762428,62866852.0
CIV,CIV_3331,Galebre,4.0,2020,2025,19530.0,0.797779,5056943.0
CIV,CIV_3371,Gaoussoukro,2.0,2020,2025,6664.0,0.361946,1585725.0
CIV,CIV_3380,Garango,3.0,2020,2025,13052.0,0.652423,4093096.0
CIV,CIV_3434,Gbagbam,3.0,2020,2025,6491.0,0.525153,2634498.0
CIV,CIV_3438,Gbapleu,3.0,2020,2025,19134.0,0.859803,5011051.0
CIV,CIV_3446,Gbolouville,3.0,2020,2025,14778.0,0.45504,2113859.0
CIV,CIV_3543,Gnato,2.0,2020,2025,8398.0,0.441128,3040070.0
CIV,CIV_3554,Gohitafla,4.0,2020,2025,25994.0,0.760128,4589976.0
CIV,CIV_3555,Gohouo-Zagna,2.0,2020,2025,8765.0,0.418533,2346177.0
CIV,CIV_3568,Gomeneberi,1.0,2020,2025,3536.0,0.264716,1181009.0
CIV,CIV_3570,Gomon I,3.0,2020,2025,9692.0,0.393414,1816448.0
CIV,CIV_3571,Gonate,5.0,2020,2025,36786.0,1.121976,6580058.0
CIV,CIV_3602,Grabo,2.0,2020,2025,10122.0,0.422689,2446579.0
CIV,CIV_3607,Grand-Lahou,10.0,2020,2025,44387.0,1.626097,10438100.0
CIV,CIV_3608,Grand-Zattry,4.0,2020,2025,20801.0,0.985031,5232680.0
CIV,CIV_3613,Grihiri,1.0,2020,2025,3849.0,0.342318,1873625.0
CIV,CIV_3633,Guepahouo,4.0,2020,2025,18144.0,0.759829,4309110.0
CIV,CIV_3638,Guessabo,3.0,2020,2025,21947.0,0.818352,4318456.0
CIV,CIV_3640,Gueyo,5.0,2020,2025,31662.0,0.965798,6586336.0
CIV,CIV_3641,Guezon,2.0,2020,2025,14072.0,0.634128,4449541.0
CIV,CIV_3645,Guiberoua,6.0,2020,2025,28030.0,1.18116,7090261.0
CIV,CIV_3651,Guiglo,13.0,2020,2025,104645.0,2.833253,19586370.0
CIV,CIV_3654,Guinglo-Tahouake,1.0,2020,2025,4293.0,0.319823,1670772.0
CIV,CIV_3656,Guitry,5.0,2020,2025,23258.0,0.966891,5994671.0
CIV,CIV_3798,Hermankono-Garo,5.0,2020,2025,27794.0,1.071708,6587483.0
CIV,CIV_3811,Hire,11.0,2020,2025,62943.0,2.310946,15387530.0
CIV,CIV_4129,Issia,16.0,2020,2025,96203.0,3.631378,22543456.0
CIV,CIV_4167,Jacqueville,6.0,2020,2025,17051.0,0.979303,5252832.0
CIV,CIV_421,Akoupe,11.0,2020,2025,38949.0,2.127837,14444878.0
CIV,CIV_4409,Kahin-Zarabaon,2.0,2020,2025,14580.0,0.428442,2889020.0
CIV,CIV_4495,Kanakono,3.0,2020,2025,14881.0,0.762001,4226877.0
CIV,CIV_4533,Kaouara,2.0,2020,2025,4674.0,0.309498,1401848.0
CIV,CIV_46,Aboisso,11.0,2020,2025,63416.0,2.156167,20523752.0
CIV,CIV_4648,Katiola,17.0,2020,2025,77173.0,3.137308,20332088.0
CIV,CIV_47,Aboisso-Comoe,2.0,2020,2025,12066.0,0.391261,2569778.0
CIV,CIV_4962,Kolia,3.0,2020,2025,14970.0,0.583939,2945882.0
CIV,CIV_4978,Konedougou,2.0,2020,2025,7449.0,0.559069,2995625.0
CIV,CIV_4979,Kong,3.0,2020,2025,16764.0,0.606016,2821738.0
CIV,CIV_4987,Kononfla,7.0,2020,2025,28078.0,1.17603,7130610.0
CIV,CIV_4997,Korhogo,100.0,2020,2025,442300.0,21.278836,139762352.0
CIV,CIV_5010,Kouamefla,2.0,2020,2025,7179.0,0.46979,2889998.0
CIV,CIV_5012,Kouibly,3.0,2020,2025,23471.0,0.680343,3530492.0
CIV,CIV_5033,Kouto,6.0,2020,2025,26360.0,1.072643,5483362.0
CIV,CIV_5050,Krazandougou,1.0,2020,2025,6134.0,0.328133,1853000.0
CIV,CIV_5203,Lakota,12.0,2020,2025,91903.0,2.579968,17411252.0
CIV,CIV_5298,Loboville,1.0,2020,2025,5207.0,0.233055,887235.0
CIV,CIV_53,Abongoua 1,2.0,2020,2025,11098.0,0.431117,2575877.0
CIV,CIV_5304,Logouale,4.0,2020,2025,21315.0,0.853303,4623965.0
CIV,CIV_5359,Luenoufla,3.0,2020,2025,8732.0,0.632946,3674164.0
CIV,CIV_5463,Mafere,7.0,2020,2025,15593.0,0.844334,4993464.0
CIV,CIV_5524,Mahapleu,7.0,2020,2025,32107.0,1.337289,7813262.0
CIV,CIV_5631,Man,45.0,2020,2025,239817.0,7.879056,58345824.0
CIV,CIV_5670,Mankono,6.0,2020,2025,27474.0,1.031597,5811468.0
CIV,CIV_5699,Manzanouan,2.0,2020,2025,8223.0,0.384854,2361204.0
CIV,CIV_58,Aboude-Kouassikro,6.0,2020,2025,15410.0,0.900776,7422527.0
CIV,CIV_5840,M'Bahiakro,3.0,2020,2025,21209.0,0.822841,4566098.0
CIV,CIV_5857,M'Batto,7.0,2020,2025,34694.0,1.307975,8166991.0
CIV,CIV_5861,M'Bengue,9.0,2020,2025,25984.0,1.474172,7924998.0
CIV,CIV_5894,Meagui,12.0,2020,2025,96354.0,3.044273,22256180.0
CIV,CIV_6223,Monoko-Zohi,2.0,2020,2025,3568.0,0.315567,1725738.0
CIV,CIV_6271,Moussadougou,3.0,2020,2025,11494.0,0.814448,6344526.0
CIV,CIV_6529,Nambingue,1.0,2020,2025,4127.0,0.312315,1860068.0
CIV,CIV_6634,N'Douci,10.0,2020,2025,66605.0,1.580449,9907659.0
CIV,CIV_6737,Niable,6.0,2020,2025,23609.0,1.022902,7526256.0
CIV,CIV_6739,Niakaramadougou,7.0,2020,2025,43462.0,1.521651,8525942.0
CIV,CIV_6750,Niapidou,2.0,2020,2025,10362.0,0.489427,2816742.0
CIV,CIV_6755,Nielle,5.0,2020,2025,23814.0,0.974389,5316894.0
CIV,CIV_6772,Nizahon 1,1.0,2020,2025,4551.0,0.153102,489080.0
CIV,CIV_6929,N'Zianouan,5.0,2020,2025,21455.0,0.83476,4529867.0
CIV,CIV_6963,Odienne,18.0,2020,2025,84834.0,3.863203,25995112.0
CIV,CIV_6997,Ogoudou,2.0,2020,2025,10094.0,0.443177,2406941.0
CIV,CIV_7055,Okromodou,2.0,2020,2025,4102.0,0.316484,1653179.0
CIV,CIV_7056,Okrouyo,4.0,2020,2025,16913.0,0.5146,2592747.0
CIV,CIV_7160,Ouangolodougou,14.0,2020,2025,57314.0,2.571476,15393414.0
CIV,CIV_7165,Ouattaradougou,1.0,2020,2025,3838.0,0.24341,1514303.0
CIV,CIV_7224,Oume,12.0,2020,2025,64272.0,2.157907,14381628.0
CIV,CIV_7226,Oupoyo,3.0,2020,2025,15399.0,0.853447,5135099.0
CIV,CIV_7227,Ouragahio,5.0,2020,2025,22559.0,1.077434,7160200.0
CIV,CIV_7285,Para,3.0,2020,2025,17195.0,0.762051,4933478.0
CIV,CIV_7299,Pelezi,3.0,2020,2025,8496.0,0.509021,2694243.0
CIV,CIV_7560,Rubino,3.0,2020,2025,10539.0,0.49809,2508234.0
CIV,CIV_7660,Sahoua,1.0,2020,2025,3423.0,0.199231,647015.0
CIV,CIV_7676,Saioua,8.0,2020,2025,36795.0,1.390334,8232586.0
CIV,CIV_7679,Sakassou,4.0,2020,2025,24416.0,0.74312,3465868.0
CIV,CIV_7763,Sankadiokro,3.0,2020,2025,8318.0,0.465263,2870861.0
CIV,CIV_7768,San-Pedro,37.0,2020,2025,339217.0,9.052502,83488344.0
CIV,CIV_7800,Sassandra,5.0,2020,2025,33950.0,1.087988,10273485.0
CIV,CIV_7815,Scierie Jacob,1.0,2020,2025,3967.0,0.240345,979374.0
CIV,CIV_7836,Seguela,14.0,2020,2025,88126.0,3.216829,22657944.0
CIV,CIV_7859,Semien,2.0,2020,2025,7158.0,0.431952,2056426.0
CIV,CIV_8081,Sietinfla,1.0,2020,2025,4285.0,0.254692,1145316.0
CIV,CIV_8094,Sikensi,13.0,2020,2025,58577.0,2.200458,13435487.0
CIV,CIV_8109,Sinematiali,5.0,2020,2025,27708.0,1.089031,6239981.0
CIV,CIV_8110,Sinfra,16.0,2020,2025,94584.0,3.601899,24624728.0
CIV,CIV_8166,Songan,1.0,2020,2025,3896.0,0.219827,996438.0
CIV,CIV_8183,Soubre,27.0,2020,2025,199179.0,6.565,44753980.0
CIV,CIV_8260,Tabou,6.0,2020,2025,42667.0,1.103254,7260518.0
CIV,CIV_8271,Tafire,6.0,2020,2025,24239.0,1.207612,5896818.0
CIV,CIV_8352,Tanda,6.0,2020,2025,41410.0,1.261541,6850305.0
CIV,CIV_8412,Tchefrodouo,1.0,2020,2025,3903.0,0.230705,1101480.0
CIV,CIV_8449,Tengrela,11.0,2020,2025,56913.0,1.987042,11174332.0
CIV,CIV_8487,Tiassale,7.0,2020,2025,37915.0,1.342242,7347206.0
CIV,CIV_8498,Tiebissou,6.0,2020,2025,33418.0,1.143556,6116041.0
CIV,CIV_8582,Tortiya,3.0,2020,2025,23484.0,0.905863,5320889.0
CIV,CIV_8585,Touba,9.0,2020,2025,47323.0,1.69656,9662810.0
CIV,CIV_8594,Touih,3.0,2020,2025,14187.0,0.665916,4586543.0
CIV,CIV_8597,Toumodi,21.0,2020,2025,67713.0,2.644518,15736069.0
CIV,CIV_8819,Vavoua,13.0,2020,2025,74555.0,3.300191,26534744.0
CIV,CIV_8966,Watte,1.0,2020,2025,3057.0,0.304008,1916725.0
CIV,CIV_9035,Yabayo,5.0,2020,2025,30114.0,1.403913,8494101.0
CIV,CIV_9042,Yakasse-Attobrou,5.0,2020,2025,19681.0,0.775684,4417511.0
CIV,CIV_9043,Yakasse-Me,3.0,2020,2025,19039.0,0.459458,2860598.0
CIV,CIV_9054,Yamoussoukro,66.0,2020,2025,289174.0,11.355016,69442240.0
CIV,CIV_9105,Zagne,6.0,2020,2025,25022.0,0.75932,3867879.0
CIV,CIV_9108,Zaguieta,1.0,2020,2025,6945.0,0.37582,1813456.0
CIV,CIV_9119,Zaliohouan,2.0,2020,2025,10391.0,0.516086,3391621.0
CIV,CIV_9146,Zeaglo,2.0,2020,2025,6651.0,0.315348,1784863.0
CIV,CIV_9183,Zou,2.0,2020,2025,6292.0,0.287036,1153588.0
CIV,CIV_9184,Zouan,1.0,2020,2025,2531.0,0.194128,913070.0
CIV,CIV_9185,Zouan-Hounien,11.0,2020,2025,56242.0,2.034992,12075297.0
CIV,CIV_9187,Zoukougbeu,5.0,2020,2025,16853.0,0.91145,4638487.0
CIV,CIV_9191,Zuenoufla,6.0,2020,2025,47127.0,1.428589,8875889.0
CMR,CMR_1156,Ambam,5.0,2020,2025,11886.0,1.0097,6721283.0
CMR,CMR_1392,Awing,24.0,2020,2025,21498.0,2.138919,7452593.0
CMR,CMR_1423,Ayos,4.0,2020,2025,17549.0,0.794939,4148518.0
CMR,CMR_1441,Baba 1,5.0,2020,2025,7060.0,0.586647,1767489.0
CMR,CMR_1449,Babessi,4.0,2020,2025,6775.0,0.573364,2506487.0
CMR,CMR_1451,Babungo,9.0,2020,2025,12344.0,0.849447,3356896.0
CMR,CMR_1465,Bafang,58.0,2020,2025,58535.0,5.535189,28830104.0
CMR,CMR_1466,Bafanji,6.0,2020,2025,5891.0,0.522323,1306660.0
CMR,CMR_1468,Bafia,18.0,2020,2025,75671.0,3.63933,24789560.0
CMR,CMR_1470,Bafoussam,1626.0,2020,2025,1143418.0,160.688896,767872320.0
CMR,CMR_1534,Bali,9.0,2020,2025,20258.0,1.840683,13441439.0
CMR,CMR_1536,Balikumbat,10.0,2020,2025,11340.0,0.933463,2606759.0
CMR,CMR_1548,Bambalang,10.0,2020,2025,18728.0,1.231096,4960980.0
CMR,CMR_1558,Bamenda,167.0,2020,2025,466956.0,30.27268,249135136.0
CMR,CMR_1560,Bamessing,16.0,2020,2025,24773.0,2.002938,7894463.0
CMR,CMR_1563,Bamumkumbit 1,6.0,2020,2025,6566.0,0.521887,1534218.0
CMR,CMR_1586,Bangolan,5.0,2020,2025,10661.0,0.803199,3426981.0
CMR,CMR_1649,Bankim,4.0,2020,2025,17917.0,0.808236,4891590.0
CMR,CMR_1658,Banyo,9.0,2020,2025,61641.0,1.966859,16970540.0
CMR,CMR_1716,Batibo,16.0,2020,2025,23798.0,1.674584,6921180.0
CMR,CMR_1722,Batouri,15.0,2020,2025,75753.0,2.553306,17085884.0
CMR,CMR_1773,Belabo,5.0,2020,2025,20001.0,0.965773,5465202.0
CMR,CMR_1846,Bertoua,62.0,2020,2025,229041.0,12.075211,84114080.0
CMR,CMR_1869,Bibemi,2.0,2020,2025,11003.0,0.464065,2114287.0
CMR,CMR_1914,Binka,3.0,2020,2025,6259.0,0.433046,2198154.0
CMR,CMR_1965,Blangoua,3.0,2020,2025,16663.0,0.575977,3063090.0
CMR,CMR_1996,Bogo,4.0,2020,2025,27834.0,0.890299,5540556.0
CMR,CMR_211,Adoumri,3.0,2020,2025,13384.0,0.482421,2084115.0
CMR,CMR_2135,Bourrha,2.0,2020,2025,11892.0,0.382468,1601000.0
CMR,CMR_2180,Buea,46.0,2020,2025,269595.0,8.850291,61922932.0
CMR,CMR_2687,Demsa,3.0,2020,2025,14692.0,0.524736,2265353.0
CMR,CMR_2723,Dibombari,3.0,2020,2025,7655.0,0.339287,1256874.0
CMR,CMR_2751,Din,5.0,2020,2025,7405.0,0.701137,2155809.0
CMR,CMR_2810,Djottin,3.0,2020,2025,2883.0,0.266994,861303.0
CMR,CMR_2859,Doreissou,3.0,2020,2025,4842.0,0.31632,870136.0
CMR,CMR_2866,Douala,269.0,2020,2025,3219188.0,81.208144,716655424.0
CMR,CMR_2872,Doukoula,5.0,2020,2025,11082.0,0.542709,2111625.0
CMR,CMR_2874,Doumo,2.0,2020,2025,9124.0,0.404608,1318443.0
CMR,CMR_2940,Kye Ossi/Ebebiyin [CAM],4.0,2020,2025,13789.0,0.848403,5351833.0
CMR,CMR_2946,Ebolowa I,19.0,2020,2025,92453.0,4.113279,28356796.0
CMR,CMR_2956,Edea,15.0,2020,2025,69806.0,3.195299,22007184.0
CMR,CMR_2998,Ekombe Bonji,3.0,2020,2025,9897.0,0.388932,1210625.0
CMR,CMR_2999,Ekona Mbenge,3.0,2020,2025,11764.0,0.521468,3531954.0
CMR,CMR_3000,Ekondo-Titi,4.0,2020,2025,30154.0,0.798793,4819772.0
CMR,CMR_3141,Eseka,7.0,2020,2025,22317.0,1.178594,6629802.0
CMR,CMR_3154,Esu,5.0,2020,2025,8218.0,0.675424,2949621.0
CMR,CMR_3241,Figuil centre,4.0,2020,2025,40672.0,0.961255,5745602.0
CMR,CMR_3265,Gamboru/Fotokol [CMR],4.0,2020,2025,23083.0,0.628768,3019935.0
CMR,CMR_3269,Foumban,25.0,2020,2025,110206.0,5.887835,63689284.0
CMR,CMR_3270,Foumbot,14.0,2020,2025,48065.0,2.993107,19931804.0
CMR,CMR_3289,Fundong,32.0,2020,2025,24493.0,2.486551,11749746.0
CMR,CMR_3392,Garoua,68.0,2020,2025,650712.0,14.47284,94796528.0
CMR,CMR_3393,Garoua-Boulai ,16.0,2020,2025,51982.0,2.868308,19161978.0
CMR,CMR_3419,Gazawa,2.0,2020,2025,18601.0,0.543418,3294460.0
CMR,CMR_3548,Gobo,3.0,2020,2025,8691.0,0.481455,2260593.0
CMR,CMR_3631,Gueme,3.0,2020,2025,8430.0,0.405688,1574780.0
CMR,CMR_3647,Guider,22.0,2020,2025,169336.0,3.816654,21532840.0
CMR,CMR_3648,Guidiguis,6.0,2020,2025,25688.0,0.931086,4617533.0
CMR,CMR_417,Akonolinga,6.0,2020,2025,29403.0,1.397666,9060828.0
CMR,CMR_4294,Kaele,17.0,2020,2025,99463.0,2.491517,12183794.0
CMR,CMR_4695,Kejom Ketinguh,8.0,2020,2025,6571.0,0.825792,3509651.0
CMR,CMR_4696,Kekem,5.0,2020,2025,11587.0,1.079393,5213008.0
CMR,CMR_5031,Koutaba,15.0,2020,2025,15924.0,1.685056,5985394.0
CMR,CMR_5037,Koza,5.0,2020,2025,26005.0,0.767222,3007414.0
CMR,CMR_5052,Kribi,28.0,2020,2025,83212.0,4.032491,22409712.0
CMR,CMR_5114,Kumba,31.0,2020,2025,293811.0,7.442346,58493124.0
CMR,CMR_5117,Kumbo,52.0,2020,2025,130730.0,8.556616,54195840.0
CMR,CMR_5197,Lagdo,5.0,2020,2025,42915.0,0.99537,5831237.0
CMR,CMR_52,Abong-Mbang,5.0,2020,2025,25128.0,1.140856,7537699.0
CMR,CMR_5277,Limbe,40.0,2020,2025,261795.0,8.046141,68429680.0
CMR,CMR_5327,Loum,5.0,2020,2025,49128.0,1.973648,14562918.0
CMR,CMR_5455,Madingring,4.0,2020,2025,13467.0,0.607826,2873698.0
CMR,CMR_5471,Maga,4.0,2020,2025,20248.0,0.982443,5784310.0
CMR,CMR_5478,Magba,5.0,2020,2025,10573.0,0.91955,4668298.0
CMR,CMR_5553,Makak,4.0,2020,2025,4891.0,0.513233,2090392.0
CMR,CMR_5564,Makenene,6.0,2020,2025,12067.0,1.108462,5879041.0
CMR,CMR_5600,Malantouen,10.0,2020,2025,10938.0,1.372392,4560201.0
CMR,CMR_5626,Mamfe,8.0,2020,2025,65860.0,1.504366,10821645.0
CMR,CMR_5666,Manjo,3.0,2020,2025,21417.0,0.949793,7097776.0
CMR,CMR_5733,Maroua,62.0,2020,2025,496456.0,13.275126,85608664.0
CMR,CMR_5827,Mayo Oulo,4.0,2020,2025,21653.0,0.74813,3284606.0
CMR,CMR_5841,Mbai Mboum,3.0,2020,2025,20543.0,0.798902,4514495.0
CMR,CMR_5848,Mbalmayo,14.0,2020,2025,49129.0,3.093862,19823090.0
CMR,CMR_5851,Mbandjock,3.0,2020,2025,19312.0,0.749614,4330130.0
CMR,CMR_5852,Mbanga,5.0,2020,2025,42316.0,1.693103,10873590.0
CMR,CMR_5862,Mbengwi,24.0,2020,2025,39794.0,2.78905,12744617.0
CMR,CMR_5915,Meiganga,14.0,2020,2025,119779.0,2.890178,18915368.0
CMR,CMR_5932,Melong,6.0,2020,2025,38943.0,1.606644,11169667.0
CMR,CMR_5977,Mfou,7.0,2020,2025,6505.0,1.082096,5780341.0
CMR,CMR_6011,Mindif,4.0,2020,2025,14140.0,0.535312,2037571.0
CMR,CMR_6167,Mmen,11.0,2020,2025,13314.0,0.851246,3111959.0
CMR,CMR_6183,Mogode ,3.0,2020,2025,8298.0,0.401811,2000723.0
CMR,CMR_6202,Mokolo,18.0,2020,2025,149991.0,2.956626,17324512.0
CMR,CMR_6216,Monatele,5.0,2020,2025,7406.0,0.815296,4844123.0
CMR,CMR_6234,Mora,14.0,2020,2025,106201.0,2.511992,14553366.0
CMR,CMR_6439,Muyuka,7.0,2020,2025,44133.0,1.488002,9510104.0
CMR,CMR_6545,Nanga-Eboko,8.0,2020,2025,33092.0,1.191338,6126265.0
CMR,CMR_6624,Ndikinimeki,6.0,2020,2025,11788.0,0.905085,3611829.0
CMR,CMR_6626,Ndjamena/Kousseri [CMR],25.0,2020,2025,278696.0,5.577383,35057144.0
CMR,CMR_6632,Ndop,14.0,2020,2025,41856.0,2.684532,16898556.0
CMR,CMR_6636,Ndu,10.0,2020,2025,31392.0,1.849995,10439237.0
CMR,CMR_6691,Ngaoui ,2.0,2020,2025,11374.0,0.500029,3081753.0
CMR,CMR_6692,Ngaoundal,7.0,2020,2025,43727.0,2.086755,13616483.0
CMR,CMR_6693,Ngaoundere,82.0,2020,2025,312056.0,15.089278,118524912.0
CMR,CMR_6711,Ngong,9.0,2020,2025,62490.0,1.903674,11091891.0
CMR,CMR_6775,Njinikom,65.0,2020,2025,61815.0,5.426276,22468788.0
CMR,CMR_6778,Njombe,3.0,2020,2025,17393.0,1.117303,7384797.0
CMR,CMR_6783,Nkambe,6.0,2020,2025,22448.0,1.328095,11462925.0
CMR,CMR_6799,Nkongsamba,14.0,2020,2025,110227.0,4.221394,43878892.0
CMR,CMR_6805,Nkoteng,5.0,2020,2025,23157.0,1.166222,6662325.0
CMR,CMR_6880,Ntui,7.0,2020,2025,24233.0,1.327523,9071292.0
CMR,CMR_6934,Obala,22.0,2020,2025,28680.0,3.44357,18788348.0
CMR,CMR_7080,Ombessa,8.0,2020,2025,14854.0,1.044091,5155081.0
CMR,CMR_7303,Penja-Ville,2.0,2020,2025,11008.0,0.692982,5002974.0
CMR,CMR_7306,Pete,2.0,2020,2025,5093.0,0.295813,1140004.0
CMR,CMR_7338,Pitoa,7.0,2020,2025,47957.0,1.280151,6103513.0
CMR,CMR_7351,Poli,4.0,2020,2025,17910.0,0.641477,3183860.0
CMR,CMR_7372,Pouss,12.0,2020,2025,45837.0,1.885122,9139335.0
CMR,CMR_7602,Sa'a,5.0,2020,2025,5854.0,0.781566,5620237.0
CMR,CMR_7752,Sangmelima,12.0,2020,2025,49046.0,2.711941,19491604.0
CMR,CMR_7771,Santa,30.0,2020,2025,33397.0,3.63638,18930280.0
CMR,CMR_7775,Santchou,4.0,2020,2025,5810.0,0.894655,5078687.0
CMR,CMR_8419,Tchollire,3.0,2020,2025,19328.0,0.603346,3113439.0
CMR,CMR_8489,Tibati,9.0,2020,2025,46837.0,1.659783,9865102.0
CMR,CMR_8502,Tignere,5.0,2020,2025,16713.0,0.905336,5744487.0
CMR,CMR_8507,Tiko,8.0,2020,2025,66605.0,2.067915,14455912.0
CMR,CMR_8558,Tombel,3.0,2020,2025,20283.0,0.93294,5260646.0
CMR,CMR_8565,Tonga,4.0,2020,2025,8138.0,0.925337,6840368.0
CMR,CMR_8588,Touboro,9.0,2020,2025,69806.0,1.498609,9686251.0
CMR,CMR_8602,Tourou/Turu [CMR],9.0,2020,2025,11259.0,0.427174,1119070.0
CMR,CMR_8603,Touroua,3.0,2020,2025,19985.0,0.539639,2500129.0
CMR,CMR_9023,Wum,10.0,2020,2025,40917.0,1.623646,12075395.0
CMR,CMR_9040,Yagoua,16.0,2020,2025,98215.0,2.740314,15681292.0
CMR,CMR_9059,Yaounde,419.0,2020,2025,4087395.0,91.174168,921045312.0
CMR,CMR_9086,Yokadouma,8.0,2020,2025,42013.0,1.290684,7939910.0
COD,COD_10,Aba,17.0,2020,2025,31630.0,1.866403,6535243.0
COD,COD_1221,Ankoro,7.0,2020,2025,46948.0,1.39973,6431773.0
COD,COD_1250,Apala/Rubanga,19.0,2020,2025,23369.0,1.221632,3220486.0
COD,COD_1299,Aru,24.0,2020,2025,59954.0,3.466562,18916626.0
COD,COD_137,Bakongo ,7.0,2020,2025,53699.0,1.395272,8988290.0
COD,COD_1472,Bafwasende,4.0,2020,2025,52570.0,0.762949,4324662.0
COD,COD_1479,Bagata,4.0,2020,2025,38035.0,0.997232,6190566.0
COD,COD_1480,Bakpulu,3.0,2020,2025,7636.0,0.444184,1110071.0
COD,COD_1514,Bakwa-Gambo/Mokoka,6.0,2020,2025,12394.0,0.360071,900336.0
COD,COD_1515,Lusanga/Luka,3.0,2020,2025,11009.0,0.238383,596069.0
COD,COD_1516,Bakwa-Nsakalongo,2.0,2020,2025,8179.0,0.316078,933325.0
COD,COD_1517,Bakwa-Nzeba,4.0,2020,2025,16752.0,0.786716,4861985.0
COD,COD_1518,Bakwa-Tshibaka,6.0,2020,2025,29366.0,0.82215,2727750.0
COD,COD_1519,Bakwa-Tshileo/Bena-Ntita,11.0,2020,2025,35771.0,1.516215,6470623.0
COD,COD_1525,Balamba/Kasumbalela [ZAR],45.0,2020,2025,183932.0,11.453591,67806560.0
COD,COD_1556,Bambo,2.0,2020,2025,24091.0,0.566699,5766851.0
COD,COD_1573,Bandi,2.0,2020,2025,10395.0,0.388705,1704567.0
COD,COD_1579,Basoko,4.0,2020,2025,50834.0,1.115425,6953897.0
COD,COD_1580,Bandundu,31.0,2020,2025,278195.0,7.919359,57231504.0
COD,COD_1583,Bangadi,5.0,2020,2025,13593.0,0.511706,1315496.0
COD,COD_1646,Bankana,2.0,2020,2025,14285.0,0.455339,2341103.0
COD,COD_1669,Baraka,19.0,2020,2025,227230.0,4.981888,33246904.0
COD,COD_1698,Basankusu,8.0,2020,2025,74989.0,1.507578,8012014.0
COD,COD_1700,Bosekpanga,7.0,2020,2025,13818.0,0.440005,1100123.0
COD,COD_1725,Batua-Ishama,6.0,2020,2025,24862.0,0.775299,2612723.0
COD,COD_1794,Bena-Boya,4.0,2020,2025,46671.0,0.888706,5913898.0
COD,COD_1796,Bena-Dibele,5.0,2020,2025,66769.0,0.901566,5587340.0
COD,COD_1797,Bena-Kabimba,10.0,2020,2025,35850.0,1.054178,3267696.0
COD,COD_1798,Bena-Katomba,5.0,2020,2025,11060.0,0.5557,1879519.0
COD,COD_1799,Bena-Kayemba-A-Tshimanga,4.0,2020,2025,9042.0,0.245636,614178.0
COD,COD_1800,Bena-Leka,5.0,2020,2025,31804.0,0.817979,4000235.0
COD,COD_1801,Bena-Mushia,11.0,2020,2025,22354.0,0.671501,1678924.0
COD,COD_1803,Bena-Tshiamba,8.0,2020,2025,20102.0,0.528575,1324387.0
COD,COD_1804,Bena-Tshibangu,8.0,2020,2025,38064.0,1.180509,5833716.0
COD,COD_1805,Bena-Tshishimbi,9.0,2020,2025,43734.0,1.080994,4393373.0
COD,COD_1806,Bena-Tshitala,2.0,2020,2025,2810.0,0.084658,211699.0
COD,COD_1807,Bendere/Mavivi,5.0,2020,2025,19276.0,0.891247,4784239.0
COD,COD_1810,Beni,62.0,2020,2025,380549.0,13.920055,111232984.0
COD,COD_1862,Biakutu,6.0,2020,2025,50657.0,1.591235,13319086.0
COD,COD_1863,Biambe,5.0,2020,2025,22391.0,0.755431,4355697.0
COD,COD_1879,Biera,4.0,2020,2025,40449.0,0.953147,7187611.0
COD,COD_1886,Bikoro,5.0,2020,2025,29849.0,0.746877,3806398.0
COD,COD_1893,Bili,4.0,2020,2025,14480.0,0.764235,3877538.0
COD,COD_1897,Bili-Moke ,8.0,2020,2025,49918.0,1.535938,8657105.0
COD,COD_1910,Binga,13.0,2020,2025,43434.0,1.81027,7407802.0
COD,COD_1912,Bingi,3.0,2020,2025,12729.0,0.493695,3885078.0
COD,COD_1924,Birava,6.0,2020,2025,20984.0,0.506993,1397738.0
COD,COD_1954,Bita,2.0,2020,2025,5727.0,0.152638,381613.0
COD,COD_1972,Blukwa/Drodo/Djauda,13.0,2020,2025,35159.0,0.963965,2768865.0
COD,COD_1982,Bodango,2.0,2020,2025,6264.0,0.227145,570138.0
COD,COD_1984,Bodeme II,3.0,2020,2025,8434.0,0.340597,861479.0
COD,COD_1989,Boeli,4.0,2020,2025,9062.0,0.236276,590641.0
COD,COD_1990,Boende,7.0,2020,2025,117333.0,1.832559,13015306.0
COD,COD_1998,Bogose-Mubea,3.0,2020,2025,10842.0,0.264192,679580.0
COD,COD_2008,Bokata,3.0,2020,2025,14725.0,0.322571,979437.0
COD,COD_2014,Bokoro,6.0,2020,2025,37901.0,1.53854,8755007.0
COD,COD_2017,Bokungu,4.0,2020,2025,26392.0,0.412494,1195605.0
COD,COD_2023,Bolobo,7.0,2020,2025,64486.0,1.910346,11399229.0
COD,COD_2024,Bolongbolo,1.0,2020,2025,6006.0,0.234745,1082963.0
COD,COD_2025,Boma,34.0,2020,2025,405514.0,9.563221,95727704.0
COD,COD_2027,Bombakabo,3.0,2020,2025,14502.0,0.406615,1232930.0
COD,COD_2028,Bombala,7.0,2020,2025,77472.0,1.404565,9095146.0
COD,COD_2032,Bomongo,3.0,2020,2025,16543.0,0.610876,3084387.0
COD,COD_2036,Bondo,11.0,2020,2025,91108.0,2.355109,14930179.0
COD,COD_2039,Bonduru,6.0,2020,2025,10872.0,0.392204,980659.0
COD,COD_2053,Bonzo,3.0,2020,2025,13532.0,0.518506,1305244.0
COD,COD_2071,Bowagboko,4.0,2020,2025,9681.0,0.347271,868240.0
COD,COD_2072,Bosobolo,3.0,2020,2025,17146.0,0.469868,2272236.0
COD,COD_2149,Boyabo,4.0,2020,2025,13094.0,0.528358,1577181.0
COD,COD_2150,Boyasebalanga,14.0,2020,2025,62201.0,1.420254,5528743.0
COD,COD_2151,Bozene,6.0,2020,2025,35659.0,0.782884,5376541.0
COD,COD_2152,Mogalo,3.0,2020,2025,12437.0,0.262277,775716.0
COD,COD_2153,Bozoko,2.0,2020,2025,9121.0,0.320552,985421.0
COD,COD_2171,Bubanda,3.0,2020,2025,7226.0,0.263306,657929.0
COD,COD_2178,Budjala,4.0,2020,2025,26924.0,0.902242,6103250.0
COD,COD_2191,Bugumya ,12.0,2020,2025,44870.0,0.869085,2313128.0
COD,COD_2192,Buhumba (west),2.0,2020,2025,13012.0,0.379778,1529167.0
COD,COD_2196,Ingbokolo/Bukalwa/Adi,14.0,2020,2025,18460.0,1.43773,5049936.0
COD,COD_2197,Bukama,3.0,2020,2025,53538.0,0.87168,6005792.0
COD,COD_2198,Bukavu,129.0,2020,2025,1237293.0,19.182256,204632640.0
COD,COD_2214,Bulongo 2,2.0,2020,2025,9987.0,0.365185,1588436.0
COD,COD_2219,Bulula,3.0,2020,2025,26986.0,0.750433,3783501.0
COD,COD_2220,Bulungu,8.0,2020,2025,101115.0,2.201488,14975819.0
COD,COD_2232,Bunia,81.0,2020,2025,615022.0,14.067706,99500392.0
COD,COD_2234,Bunkeya,4.0,2020,2025,18426.0,0.832654,4129289.0
COD,COD_2237,Bunyakiri,5.0,2020,2025,39039.0,1.069494,11608244.0
COD,COD_2263,Buseregenya,2.0,2020,2025,20960.0,0.65553,3419273.0
COD,COD_2269,Businga,8.0,2020,2025,40384.0,1.354825,6785885.0
COD,COD_2273,Boso Congo,5.0,2020,2025,16294.0,0.479944,1342128.0
COD,COD_2275,Buta,17.0,2020,2025,161747.0,4.081223,29443652.0
COD,COD_2280,Butembo,94.0,2020,2025,923657.0,25.411162,316200960.0
COD,COD_2297,Buy-Bwa-Dalamba,6.0,2020,2025,36480.0,1.225871,5597171.0
COD,COD_2300,Bwamanda,7.0,2020,2025,33520.0,1.18871,8134167.0
COD,COD_2301,Bwamandema,4.0,2020,2025,10423.0,0.452321,1152912.0
COD,COD_2306,Bwila,3.0,2020,2025,10219.0,0.215844,539672.0
COD,COD_2400,Gisenyi/Goma/Kisoro/Bunagana [ZAR] 2,17.0,2020,2025,67665.0,1.810451,6769405.0
COD,COD_2676,Dekese,4.0,2020,2025,30902.0,0.927294,4689353.0
COD,COD_2682,Demba,11.0,2020,2025,79509.0,2.204736,12426766.0
COD,COD_2705,Diadia,4.0,2020,2025,20802.0,0.721747,4647576.0
COD,COD_2707,Diambo/Tshipama Mulundu,3.0,2020,2025,10274.0,0.535474,2247763.0
COD,COD_2720,Dibaya-Lubue,10.0,2020,2025,96027.0,2.363636,16444322.0
COD,COD_2745,Dilolo,12.0,2020,2025,62873.0,2.62898,13186386.0
COD,COD_2761,Diongo,2.0,2020,2025,10402.0,0.403321,1803005.0
COD,COD_2788,Andata,10.0,2020,2025,12959.0,0.556485,1554416.0
COD,COD_2805,Djindji,3.0,2020,2025,11614.0,0.421779,1394095.0
COD,COD_2807,Djokupunda ,4.0,2020,2025,31221.0,0.826926,4739628.0
COD,COD_2808,Djolu,8.0,2020,2025,43884.0,0.707017,2178612.0
COD,COD_2809,Djori ,9.0,2020,2025,35805.0,1.728962,8081523.0
COD,COD_2843,Domiongo,3.0,2020,2025,23282.0,0.487719,2304499.0
COD,COD_2847,Dondo,3.0,2020,2025,17683.0,0.560568,2908171.0
COD,COD_2850,Dongo,3.0,2020,2025,18861.0,0.44687,2186648.0
COD,COD_2851,Dongo-Kuma,5.0,2020,2025,20281.0,0.428054,1323819.0
COD,COD_2863,Doruma,4.0,2020,2025,7954.0,0.46781,1502699.0
COD,COD_2892,Duama II (north),3.0,2020,2025,18623.0,0.522656,2282971.0
COD,COD_2911,Dungu,21.0,2020,2025,116329.0,3.042767,15156171.0
COD,COD_2912,Dungu ,3.0,2020,2025,10668.0,0.633277,3473538.0
COD,COD_2971,Egbita ,2.0,2020,2025,13921.0,0.357826,1225180.0
COD,COD_3110,Endri/Mado,3.0,2020,2025,4030.0,0.329509,823841.0
COD,COD_3131,Eringite,8.0,2020,2025,30386.0,1.206735,6812540.0
COD,COD_3193,Faradje,11.0,2020,2025,28271.0,1.166936,4379504.0
COD,COD_3233,Feshi,4.0,2020,2025,34776.0,0.761216,3926772.0
COD,COD_3255,Fizi,5.0,2020,2025,27005.0,0.662787,2961336.0
COD,COD_3291,Fungurume,23.0,2020,2025,135578.0,5.853749,40751408.0
COD,COD_3299,Fwamba/Tshisuku,3.0,2020,2025,11020.0,0.288162,720419.0
COD,COD_3363,Gangara,6.0,2020,2025,35602.0,1.039837,5034775.0
COD,COD_3433,Gbadolite,17.0,2020,2025,125557.0,3.407609,20082748.0
COD,COD_3443,Molegbe,2.0,2020,2025,9056.0,0.284851,716795.0
COD,COD_3464,Gemena,35.0,2020,2025,284405.0,7.469646,52408740.0
COD,COD_3506,Gilima,4.0,2020,2025,9282.0,0.418651,1221582.0
COD,COD_3564,Goma,79.0,2020,2025,908880.0,22.480212,159363552.0
COD,COD_3667,Gungu,13.0,2020,2025,91956.0,2.464492,16476457.0
COD,COD_3690,Gwena,2.0,2020,2025,5647.0,0.451289,1823306.0
COD,COD_3695,Gwok Nyer ,5.0,2020,2025,8566.0,0.431995,1140828.0
COD,COD_3856,Babonde/Biku/Ibambi,5.0,2020,2025,25015.0,0.654847,2448143.0
COD,COD_3888,Idiofa,25.0,2020,2025,220073.0,5.481222,35612096.0
COD,COD_3976,Ikela,2.0,2020,2025,12795.0,0.295647,739173.0
COD,COD_4016,Ilebo,12.0,2020,2025,187979.0,3.508012,22522144.0
COD,COD_402,Aketi,6.0,2020,2025,58090.0,1.296343,8911122.0
COD,COD_4036,Ilunga-Mutombo,4.0,2020,2025,6264.0,0.163825,409624.0
COD,COD_4067,Inkisi,15.0,2020,2025,204651.0,3.117464,17518358.0
COD,COD_4068,Inongo,10.0,2020,2025,90712.0,1.762324,9845568.0
COD,COD_4099,Isaka,2.0,2020,2025,13091.0,0.499041,3044321.0
COD,COD_4117,Isiro,27.0,2020,2025,252226.0,5.384859,34343900.0
COD,COD_4241,Kabala,3.0,2020,2025,10379.0,0.438279,1893688.0
COD,COD_4243,Kabalo (east),3.0,2020,2025,28007.0,0.958077,4449319.0
COD,COD_4244,Kabalo (west),2.0,2020,2025,21162.0,0.597319,2723523.0
COD,COD_4245,Kabamba,14.0,2020,2025,51232.0,1.314496,3855587.0
COD,COD_4246,Kabambare,2.0,2020,2025,17011.0,0.332257,1549544.0
COD,COD_4252,Kabeya-Kamwanga,7.0,2020,2025,49411.0,1.080358,5046520.0
COD,COD_4253,Kabila,4.0,2020,2025,12445.0,0.576139,1828557.0
COD,COD_4254,Kabimba,2.0,2020,2025,9364.0,0.305156,2643091.0
COD,COD_4255,Kabinda,17.0,2020,2025,121344.0,3.600371,25186644.0
COD,COD_4262,Kabolwe,2.0,2020,2025,6301.0,0.360457,1496327.0
COD,COD_4263,Kabombo-Dianda,8.0,2020,2025,91729.0,2.316787,12799816.0
COD,COD_4266,Kabongo (south),7.0,2020,2025,54272.0,1.746403,10455345.0
COD,COD_4267,Kabongo (north),7.0,2020,2025,42332.0,1.074419,4664309.0
COD,COD_4272,Kabozia,3.0,2020,2025,12602.0,0.434893,1673923.0
COD,COD_4278,Kabwe,2.0,2020,2025,12992.0,0.355723,1412347.0
COD,COD_4284,Kadimadiba,4.0,2020,2025,13101.0,0.333786,946689.0
COD,COD_4298,Kafifi/Tumpa,1.0,2020,2025,1877.0,0.236984,640232.0
COD,COD_4301,Kafita,5.0,2020,2025,14894.0,0.36749,918495.0
COD,COD_4393,Bena-Kafumbu,3.0,2020,2025,4605.0,0.142493,356285.0
COD,COD_4406,Kahe,5.0,2020,2025,56952.0,1.304429,8363555.0
COD,COD_4407,Kahemba,10.0,2020,2025,134142.0,2.267228,12283312.0
COD,COD_4408,Kahinda,9.0,2020,2025,55794.0,1.817171,9664047.0
COD,COD_4421,Kakana,2.0,2020,2025,2501.0,0.298519,803613.0
COD,COD_4422,Kakanda ,5.0,2020,2025,48790.0,2.326986,17611486.0
COD,COD_4425,Kakenge,6.0,2020,2025,37265.0,1.247115,7511663.0
COD,COD_4427,Kakoi,2.0,2020,2025,13177.0,0.415061,2017817.0
COD,COD_4428,Kakoma,5.0,2020,2025,8274.0,0.6908,2917138.0
COD,COD_4432,Kakumba,3.0,2020,2025,20346.0,0.688211,5076368.0
COD,COD_4442,Kalehe,7.0,2020,2025,23614.0,0.616765,1662393.0
COD,COD_4443,Mwenge,2.0,2020,2025,5037.0,0.254127,704900.0
COD,COD_4444,Kalemie,37.0,2020,2025,463531.0,9.626181,109246544.0
COD,COD_4445,Kalenda,2.0,2020,2025,7069.0,0.33416,1128579.0
COD,COD_4448,Kalima 2,4.0,2020,2025,36763.0,0.809084,5659718.0
COD,COD_4449,Kalima 1,4.0,2020,2025,22683.0,0.608954,2827950.0
COD,COD_4457,Kalo,5.0,2020,2025,26598.0,0.929975,4273545.0
COD,COD_4459,Kalombo,3.0,2020,2025,12558.0,0.68596,3728269.0
COD,COD_4461,Kalonda,2.0,2020,2025,15626.0,0.461176,2269571.0
COD,COD_4464,Kalua,3.0,2020,2025,11530.0,0.715963,3533947.0
COD,COD_4466,Kama,6.0,2020,2025,55702.0,1.357865,7484462.0
COD,COD_4471,Kamango,2.0,2020,2025,9188.0,0.40507,1760524.0
COD,COD_4472,Bugarama/Kamanyola [ZAR],4.0,2020,2025,40038.0,0.874215,4986633.0
COD,COD_4476,Kambove,5.0,2020,2025,51578.0,1.750703,13741854.0
COD,COD_4481,Kamina/Kikunki,30.0,2020,2025,279374.0,8.607317,51945280.0
COD,COD_4482,Kamisalu,3.0,2020,2025,17081.0,0.551735,3378608.0
COD,COD_4487,Kampene,3.0,2020,2025,40613.0,0.793079,5282515.0
COD,COD_4490,Kamuesha/Tshialupuishi,4.0,2020,2025,22127.0,0.569746,2488890.0
COD,COD_4499,Kananga,71.0,2020,2025,775601.0,18.400554,150832496.0
COD,COD_4505,Kandolo,2.0,2020,2025,22796.0,0.556889,3050978.0
COD,COD_4511,Kaniama,7.0,2020,2025,54898.0,1.734326,10795447.0
COD,COD_4517,Kankumbwa,2.0,2020,2025,5639.0,0.411295,1644341.0
COD,COD_4523,Manono ,4.0,2020,2025,31357.0,0.923622,5049701.0
COD,COD_4526,Kanyabayonga,7.0,2020,2025,67386.0,1.718495,17074390.0
COD,COD_4528,Kanyinda,5.0,2020,2025,23534.0,0.482588,1351693.0
COD,COD_4529,Kanzamba,3.0,2020,2025,22467.0,0.545469,2560238.0
COD,COD_4530,Kanzenze ,3.0,2020,2025,5971.0,0.490573,1636613.0
COD,COD_4536,Kapanga,10.0,2020,2025,57054.0,2.189931,12841319.0
COD,COD_4537,Kapanga (west),2.0,2020,2025,8992.0,0.319627,917717.0
COD,COD_4558,Karambi,8.0,2020,2025,20285.0,0.476071,1190359.0
COD,COD_4559,Karambi ,5.0,2020,2025,6882.0,0.29541,787475.0
COD,COD_4569,Luvungi ,6.0,2020,2025,64370.0,1.39737,8407680.0
COD,COD_4587,Kasaji,14.0,2020,2025,85940.0,3.517467,19938484.0
COD,COD_4588,Kasalo,3.0,2020,2025,15492.0,0.748951,4035836.0
COD,COD_4591,Kasandi ,18.0,2020,2025,48085.0,1.662952,7935361.0
COD,COD_4592,Kasangulu,8.0,2020,2025,100599.0,1.55558,12375033.0
COD,COD_4594,Kasanza,7.0,2020,2025,22232.0,0.461045,1321974.0
COD,COD_4595,Kasegbe,4.0,2020,2025,20808.0,0.662457,7377047.0
COD,COD_4598,Kasenga 1,11.0,2020,2025,50826.0,2.291072,12135051.0
COD,COD_4599,Kasenga 2,4.0,2020,2025,16702.0,0.848311,3938487.0
COD,COD_4600,Kasenyi,5.0,2020,2025,21927.0,0.637518,2470447.0
COD,COD_4605,Kashobwe,6.0,2020,2025,11790.0,1.004523,4715859.0
COD,COD_4608,Kamituga,7.0,2020,2025,80912.0,1.841746,29506596.0
COD,COD_4609,Kasomeno,2.0,2020,2025,7349.0,0.305989,1219473.0
COD,COD_4610,Kasonga-Tambwe ,3.0,2020,2025,13778.0,0.381845,1259830.0
COD,COD_4611,Kasongo,11.0,2020,2025,148185.0,2.872866,18209966.0
COD,COD_4612,Kasongo-Lunda,4.0,2020,2025,39730.0,0.831576,6232596.0
COD,COD_4619,Kasumba,2.0,2020,2025,17700.0,0.714994,3803322.0
COD,COD_4621,Kasungeshi,3.0,2020,2025,9595.0,0.517433,2393355.0
COD,COD_4627,Katako-Kombe,5.0,2020,2025,43723.0,0.832089,3905430.0
COD,COD_4629,Katana ,12.0,2020,2025,53084.0,1.268565,5860981.0
COD,COD_4630,Katanda,4.0,2020,2025,37280.0,0.71735,3316528.0
COD,COD_4631,Katanga,3.0,2020,2025,7170.0,0.53186,2409781.0
COD,COD_4636,Kate,2.0,2020,2025,7030.0,0.221422,553573.0
COD,COD_4638,Katengele,2.0,2020,2025,14124.0,0.371887,1188683.0
COD,COD_4639,Katenta,3.0,2020,2025,6867.0,0.143524,358875.0
COD,COD_4650,Katobole,3.0,2020,2025,11776.0,1.065234,6853959.0
COD,COD_4661,Kavumu,11.0,2020,2025,84220.0,1.501158,9810859.0
COD,COD_4673,Kayna,4.0,2020,2025,32059.0,0.959078,7916417.0
COD,COD_4676,Kazadi,6.0,2020,2025,15652.0,0.253538,633944.0
COD,COD_4679,Kazumba,2.0,2020,2025,10753.0,0.22158,699110.0
COD,COD_4710,Kenge,13.0,2020,2025,118308.0,2.310003,13063375.0
COD,COD_4766,Cité de luilu,21.0,2020,2025,103689.0,4.786515,26918358.0
COD,COD_4767,Kiamba,4.0,2020,2025,26581.0,0.781144,4179854.0
COD,COD_4782,Kibirizi,3.0,2020,2025,28481.0,0.832074,5656351.0
COD,COD_4787,Kibombo,3.0,2020,2025,26741.0,0.699776,3874123.0
COD,COD_4792,Kibula,3.0,2020,2025,18925.0,0.659974,3316949.0
COD,COD_4799,Kidumbi,14.0,2020,2025,59666.0,1.327039,3910988.0
COD,COD_4812,Kikonka,2.0,2020,2025,18364.0,0.306411,1055571.0
COD,COD_4813,Kikunka,5.0,2020,2025,31414.0,0.897071,4553205.0
COD,COD_4815,Kikwit,62.0,2020,2025,691751.0,17.670612,136316272.0
COD,COD_4816,Kilembe,4.0,2020,2025,17048.0,0.542836,1656575.0
COD,COD_4823,Kilomines,3.0,2020,2025,16163.0,0.401046,1441931.0
COD,COD_4824,Kilongwe,4.0,2020,2025,12203.0,0.4427,1354721.0
COD,COD_4827,Kilubi,3.0,2020,2025,20121.0,0.515391,2067058.0
COD,COD_4828,Kilunda,3.0,2020,2025,16041.0,0.519469,2127263.0
COD,COD_4829,Kilwa,10.0,2020,2025,44946.0,2.320607,12985194.0
COD,COD_4830,Kimafu ,3.0,2020,2025,23989.0,0.631482,3245871.0
COD,COD_4838,Kimvula,2.0,2020,2025,12663.0,0.270287,723533.0
COD,COD_4841,Kimoho,3.0,2020,2025,17530.0,0.514549,2780780.0
COD,COD_4842,Kimpemba,3.0,2020,2025,11819.0,0.407414,1887776.0
COD,COD_4843,Kimpese,14.0,2020,2025,196686.0,2.980599,21356512.0
COD,COD_4844,Kimpoko Centre,4.0,2020,2025,18813.0,0.46986,1521681.0
COD,COD_4845,Kimpuki,3.0,2020,2025,16270.0,0.861227,4589461.0
COD,COD_4851,Kindu,46.0,2020,2025,417972.0,12.636454,95074552.0
COD,COD_4853,Kingombe,6.0,2020,2025,60836.0,1.565349,14207517.0
COD,COD_4858,Kinshasa,501.0,2020,2025,8688140.0,169.193888,1391415936.0
COD,COD_4862,Kintobongo-Bunge,4.0,2020,2025,12134.0,0.563405,1822684.0
COD,COD_4864,Kinzau-Vuete ,7.0,2020,2025,106271.0,1.732109,11821519.0
COD,COD_4866,Bulongo 1,10.0,2020,2025,46891.0,1.81906,11396365.0
COD,COD_4867,Kipaka,4.0,2020,2025,31863.0,0.792978,3593061.0
COD,COD_4868,Kipamba,5.0,2020,2025,33441.0,1.266162,6615864.0
COD,COD_4869,Kipese,5.0,2020,2025,32956.0,1.162394,16178721.0
COD,COD_4873,Kipushi,16.0,2020,2025,83746.0,3.850672,24574004.0
COD,COD_4880,Kiri,2.0,2020,2025,17590.0,0.517935,3119380.0
COD,COD_4885,Kirumba,9.0,2020,2025,81251.0,2.350399,30639168.0
COD,COD_4887,Kirungu,11.0,2020,2025,74100.0,2.557408,14553381.0
COD,COD_4889,Kisambiro,6.0,2020,2025,37278.0,1.261891,13163034.0
COD,COD_4890,Kisangani,88.0,2020,2025,1079833.0,23.875308,173920176.0
COD,COD_4894,Kisenda,7.0,2020,2025,28460.0,1.269252,6507171.0
COD,COD_4895,Kisenge,5.0,2020,2025,13656.0,0.921081,4244574.0
COD,COD_4897,Kisharo,4.0,2020,2025,27453.0,0.90417,4302483.0
COD,COD_4904,Lemba ,6.0,2020,2025,63825.0,1.166895,9429179.0
COD,COD_4911,Kitangua,4.0,2020,2025,12237.0,0.514894,1712801.0
COD,COD_4912,Kitenge,7.0,2020,2025,59027.0,1.548229,8348630.0
COD,COD_4913,Kitengo ,3.0,2020,2025,19176.0,0.677474,3658933.0
COD,COD_4929,Nsanda,3.0,2020,2025,26334.0,0.473259,2073139.0
COD,COD_4949,Kokola,4.0,2020,2025,14319.0,0.58399,2987601.0
COD,COD_4960,Kole,6.0,2020,2025,38430.0,0.751653,2849068.0
COD,COD_4967,Kolwezi,123.0,2020,2025,672797.0,26.036608,159183632.0
COD,COD_4968,Komanda,8.0,2020,2025,42199.0,1.494181,8548608.0
COD,COD_4972,Komeshia,5.0,2020,2025,28868.0,0.929907,3908402.0
COD,COD_4980,Kongolo,15.0,2020,2025,121279.0,4.025454,22969432.0
COD,COD_5004,Koshi ,2.0,2020,2025,10271.0,0.572764,3195493.0
COD,COD_5040,Kpandroma,7.0,2020,2025,32013.0,0.79462,2722564.0
COD,COD_5082,Kulundji,3.0,2020,2025,17429.0,0.406109,1691823.0
COD,COD_5142,Kutu,4.0,2020,2025,47108.0,1.077826,7640778.0
COD,COD_5159,Kwamouth,3.0,2020,2025,14577.0,0.752201,4528611.0
COD,COD_5174,Kwilu-Ngongo,7.0,2020,2025,110085.0,1.856765,18803422.0
COD,COD_5184,Kyondo,10.0,2020,2025,32446.0,1.338241,7884900.0
COD,COD_5270,Libenge,6.0,2020,2025,38498.0,1.221231,6499428.0
COD,COD_5273,Likasi,54.0,2020,2025,386106.0,14.954994,109329032.0
COD,COD_5274,Likati,5.0,2020,2025,39140.0,1.057618,5775692.0
COD,COD_5289,Lisala,24.0,2020,2025,193644.0,3.81049,23549026.0
COD,COD_5294,Lobango,3.0,2020,2025,7814.0,0.48164,3945613.0
COD,COD_5300,Lodja,29.0,2020,2025,276059.0,5.381662,33978956.0
COD,COD_5312,Lokutu Bandu ,5.0,2020,2025,42204.0,1.02469,6683028.0
COD,COD_5329,Lovangira,3.0,2020,2025,8592.0,0.296073,815765.0
COD,COD_5330,Luambo,7.0,2020,2025,39239.0,1.981298,9721480.0
COD,COD_5337,Lubao,8.0,2020,2025,60685.0,1.960328,11565936.0
COD,COD_5339,Lubena,5.0,2020,2025,28825.0,1.115629,8432272.0
COD,COD_5340,Lubero,14.0,2020,2025,63474.0,1.86264,11111043.0
COD,COD_5342,Lubondo ,2.0,2020,2025,7321.0,0.245306,626590.0
COD,COD_5343,Lubudi,4.0,2020,2025,12726.0,0.603494,2085801.0
COD,COD_5344,Lubumbashi,380.0,2020,2025,2177022.0,100.512264,652972928.0
COD,COD_5345,Lubutu,8.0,2020,2025,71761.0,1.405295,8296742.0
COD,COD_5356,Luebo,5.0,2020,2025,56504.0,1.276442,8934119.0
COD,COD_5358,Luena,6.0,2020,2025,104897.0,1.757204,12286015.0
COD,COD_5364,Luhihi,4.0,2020,2025,6827.0,0.243963,610009.0
COD,COD_5366,Luishia,4.0,2020,2025,13163.0,1.120502,5717195.0
COD,COD_5367,Luiza,9.0,2020,2025,97868.0,2.127667,11611722.0
COD,COD_5368,Lukala,6.0,2020,2025,76532.0,1.232787,7916093.0
COD,COD_5369,Lukalaba,7.0,2020,2025,69788.0,1.668804,9568397.0
COD,COD_5371,Lukolela,4.0,2020,2025,50552.0,1.147131,7065619.0
COD,COD_5372,Lukombo I,2.0,2020,2025,8967.0,0.343226,1198481.0
COD,COD_5373,Kiondo,4.0,2020,2025,14769.0,0.79462,3696121.0
COD,COD_5375,Lukula,5.0,2020,2025,68125.0,1.161504,9247264.0
COD,COD_5377,Lukuni ,4.0,2020,2025,10121.0,1.153671,5849925.0
COD,COD_5387,Lunga ,9.0,2020,2025,63695.0,1.864326,11376081.0
COD,COD_5388,Sange ,6.0,2020,2025,72830.0,1.34843,7398121.0
COD,COD_5391,Luofu ,2.0,2020,2025,14832.0,0.527573,4282625.0
COD,COD_5393,Luozi,8.0,2020,2025,57323.0,1.270669,5195615.0
COD,COD_5395,Miabi,2.0,2020,2025,5602.0,0.150346,375929.0
COD,COD_5396,Luputa,15.0,2020,2025,119358.0,3.942723,26580152.0
COD,COD_5399,Lusambo,5.0,2020,2025,68826.0,1.554534,10007448.0
COD,COD_5403,Lusuku,3.0,2020,2025,20270.0,0.890537,4893075.0
COD,COD_5405,Lutukwe,3.0,2020,2025,15251.0,0.39982,1220117.0
COD,COD_5412,Lwanguku,4.0,2020,2025,18458.0,0.479064,1630286.0
COD,COD_5423,Maboya,2.0,2020,2025,9760.0,0.3619,2415241.0
COD,COD_548,Alberta,5.0,2020,2025,36063.0,0.74483,3010060.0
COD,COD_5500,Mahagi,14.0,2020,2025,53425.0,1.972189,13156860.0
COD,COD_5536,Mai-Munene,2.0,2020,2025,8187.0,0.374126,1858464.0
COD,COD_5560,Mankanza,5.0,2020,2025,39920.0,1.363643,6762467.0
COD,COD_5563,Makaw,2.0,2020,2025,7548.0,0.409133,2479589.0
COD,COD_5596,Bena-Musakatshi/Mulamba,5.0,2020,2025,5228.0,0.28559,714140.0
COD,COD_5605,Malemba-Nkulu,11.0,2020,2025,94494.0,2.380952,13241788.0
COD,COD_5607,Malia-Bwana ,4.0,2020,2025,15880.0,0.691331,3635669.0
COD,COD_5608,Malibu,3.0,2020,2025,12716.0,0.563196,3179347.0
COD,COD_5620,Maluku-Maes,2.0,2020,2025,10409.0,0.336214,1615514.0
COD,COD_5624,Mamba,6.0,2020,2025,12272.0,0.754338,2866916.0
COD,COD_5625,Mambasa,11.0,2020,2025,100879.0,2.440999,19552332.0
COD,COD_5640,Manda,2.0,2020,2025,9013.0,0.491927,2079152.0
COD,COD_5650,Mangai,7.0,2020,2025,55115.0,1.797781,10856153.0
COD,COD_5652,Mangina,12.0,2020,2025,71807.0,3.320616,21534612.0
COD,COD_5667,Sele,3.0,2020,2025,12267.0,0.405069,1012724.0
COD,COD_5673,Manono ,13.0,2020,2025,151310.0,4.085203,26607768.0
COD,COD_5747,Masamuna,4.0,2020,2025,22712.0,0.872214,4419279.0
COD,COD_5752,Masereke,17.0,2020,2025,66889.0,2.482844,13983844.0
COD,COD_5764,Masi-Manimba,8.0,2020,2025,79459.0,1.936801,14021220.0
COD,COD_5768,Masisi,3.0,2020,2025,25966.0,0.651542,8347461.0
COD,COD_5779,Matadi,39.0,2020,2025,722152.0,12.693435,176380464.0
COD,COD_5787,Matamba ,3.0,2020,2025,18096.0,0.395993,1185096.0
COD,COD_5795,Mateko Centre,4.0,2020,2025,23426.0,0.719269,3237039.0
COD,COD_5846,Mbali-Iboma,2.0,2020,2025,10131.0,0.284235,1263757.0
COD,COD_5850,Mbandaka,32.0,2020,2025,438156.0,8.345281,61781572.0
COD,COD_5854,Mbanza-Ngungu,19.0,2020,2025,267520.0,3.656938,26973182.0
COD,COD_5856,Mbata-Mbenge,3.0,2020,2025,20498.0,0.455468,1692966.0
COD,COD_5858,Mbau,5.0,2020,2025,24127.0,0.946677,5333390.0
COD,COD_5867,Mbien,2.0,2020,2025,8504.0,0.478914,2487731.0
COD,COD_5882,Mbuji-Mayi,101.0,2020,2025,1943359.0,28.143378,193812192.0
COD,COD_5946,Menkao,6.0,2020,2025,21910.0,0.562206,1859990.0
COD,COD_5947,Menki,2.0,2020,2025,16722.0,0.525759,2897797.0
COD,COD_5983,Lupatapata,5.0,2020,2025,41750.0,0.934604,4318984.0
COD,COD_6016,Minova,4.0,2020,2025,46310.0,0.995336,7962745.0
COD,COD_6078,Misisi,7.0,2020,2025,57218.0,2.104888,14213721.0
COD,COD_6139,Mitwaba,5.0,2020,2025,15968.0,0.919943,3341887.0
COD,COD_6156,Mkwadi ,11.0,2020,2025,33915.0,0.671278,1889441.0
COD,COD_6172,Moanda,27.0,2020,2025,407753.0,9.241374,64756328.0
COD,COD_6175,Moba,5.0,2020,2025,41425.0,1.500815,11290858.0
COD,COD_6176,Mobayi-Mbongo,4.0,2020,2025,16829.0,0.464591,1458506.0
COD,COD_6199,Mokambo ,8.0,2020,2025,21447.0,1.427581,8208155.0
COD,COD_6222,Monkoto,3.0,2020,2025,19511.0,0.4774,4124761.0
COD,COD_6263,Motokolea,5.0,2020,2025,13167.0,0.745381,4263061.0
COD,COD_6328,Mwene-Ditu,39.0,2020,2025,362073.0,9.35308,58722416.0
COD,COD_6345,Muimba,3.0,2020,2025,14082.0,0.594078,3712548.0
COD,COD_6348,Mukedi,10.0,2020,2025,41595.0,1.149581,4008258.0
COD,COD_6350,Mukoso ,4.0,2020,2025,16449.0,0.54829,1587663.0
COD,COD_6351,Mukubu,5.0,2020,2025,29463.0,1.155052,5677881.0
COD,COD_6353,Mukungwa,5.0,2020,2025,14105.0,0.715964,2515634.0
COD,COD_6354,Mukupa,3.0,2020,2025,6187.0,0.378954,1660207.0
COD,COD_6361,Mulinga,3.0,2020,2025,18387.0,0.607742,6074833.0
COD,COD_6362,Mulongo,10.0,2020,2025,80997.0,2.080549,11374906.0
COD,COD_6363,Bumba,32.0,2020,2025,273360.0,6.005226,31524552.0
COD,COD_6375,Mungbere,3.0,2020,2025,14230.0,0.54182,2927846.0
COD,COD_6376,Mungbualu/Nzebi,10.0,2020,2025,74454.0,1.620805,11287994.0
COD,COD_6415,Mushie,9.0,2020,2025,60342.0,2.449621,14330656.0
COD,COD_6417,Musienene,7.0,2020,2025,30145.0,0.889082,4225858.0
COD,COD_6422,Mutabi,4.0,2020,2025,14554.0,0.736513,3615319.0
COD,COD_6429,Mutshatsha,2.0,2020,2025,8845.0,0.430451,2100618.0
COD,COD_6434,Mutwanga,8.0,2020,2025,33522.0,1.391113,8200838.0
COD,COD_6446,Mwadingusha,5.0,2020,2025,28695.0,1.326133,8517853.0
COD,COD_6456,Kibango ,3.0,2020,2025,16019.0,0.432749,1710716.0
COD,COD_6462,Mweka,14.0,2020,2025,137178.0,3.432513,23818604.0
COD,COD_6464,Mwenda,3.0,2020,2025,5815.0,0.315748,888112.0
COD,COD_6465,Mwenga 1,4.0,2020,2025,41191.0,0.930913,6988158.0
COD,COD_6467,Mweso,2.0,2020,2025,18417.0,0.47442,2364874.0
COD,COD_6617,Ndekesha ,3.0,2020,2025,15107.0,0.448517,2295759.0
COD,COD_6630,Ndombe,2.0,2020,2025,16667.0,0.529649,3557100.0
COD,COD_6635,Ndrele,8.0,2020,2025,18178.0,0.85491,3887336.0
COD,COD_6689,Ngandajika,21.0,2020,2025,156878.0,4.289984,23318976.0
COD,COD_6698,Ngeba,4.0,2020,2025,33322.0,0.849871,4123098.0
COD,COD_6701,Ngeya-Kalamba,2.0,2020,2025,9281.0,0.316731,1393072.0
COD,COD_6702,Ngiko,4.0,2020,2025,24109.0,0.723273,2371177.0
COD,COD_6710,Ngome,4.0,2020,2025,21815.0,0.769387,3405911.0
COD,COD_6740,Niakunde,7.0,2020,2025,17909.0,0.751619,2075976.0
COD,COD_6746,Niangara,5.0,2020,2025,33679.0,0.943466,4044780.0
COD,COD_6748,Nia-Nia,3.0,2020,2025,30436.0,0.793089,5434253.0
COD,COD_6765,Nioki,7.0,2020,2025,85941.0,1.790831,12252919.0
COD,COD_6782,Nkamba,3.0,2020,2025,19662.0,0.375445,1292873.0
COD,COD_6788,Nkassa,3.0,2020,2025,25364.0,0.470111,2900735.0
COD,COD_6840,(N.C.),2.0,2020,2025,5992.0,0.411762,1454824.0
COD,COD_6865,Nsioni ,6.0,2020,2025,65498.0,1.298252,10879668.0
COD,COD_6867,Nsona/Ntite,5.0,2020,2025,9776.0,0.24109,602803.0
COD,COD_6873,Ntandembele,3.0,2020,2025,16236.0,0.666775,3683467.0
COD,COD_6906,Nyamilima,6.0,2020,2025,43537.0,1.273742,7979710.0
COD,COD_6923,Nyunzu,8.0,2020,2025,102967.0,2.20931,14427734.0
COD,COD_7009,Oicha,22.0,2020,2025,127598.0,5.00515,36115376.0
COD,COD_7105,Opima,6.0,2020,2025,7653.0,0.531416,1657880.0
COD,COD_7128,Oshwe,4.0,2020,2025,45880.0,0.639825,2658064.0
COD,COD_7134,Mubi,3.0,2020,2025,19086.0,0.503144,3110514.0
COD,COD_7263,Pai-Kongila,4.0,2020,2025,19437.0,0.516918,1810268.0
COD,COD_7278,Panu,6.0,2020,2025,42625.0,1.216206,6211204.0
COD,COD_7348,Poko,7.0,2020,2025,43453.0,1.180336,5305004.0
COD,COD_7355,Popokabaka,5.0,2020,2025,50454.0,0.767462,4034127.0
COD,COD_7384,Pungwe,5.0,2020,2025,12147.0,0.427224,1148893.0
COD,COD_7385,Punia,7.0,2020,2025,68575.0,1.487515,10511127.0
COD,COD_7387,Pweto ,10.0,2020,2025,48166.0,1.667988,8354728.0
COD,COD_7558,Rubaya,3.0,2020,2025,42209.0,0.981684,15983174.0
COD,COD_7592,Rutshuru/Kiwanja,13.0,2020,2025,199599.0,3.599634,26507062.0
COD,COD_7677,Sakania,9.0,2020,2025,32799.0,2.061458,12220557.0
COD,COD_7680,Sake,5.0,2020,2025,58897.0,1.374168,8942365.0
COD,COD_7699,Bena-Manda,12.0,2020,2025,16291.0,0.452169,1129931.0
COD,COD_7712,Samba,4.0,2020,2025,53394.0,1.169038,7142543.0
COD,COD_7724,Sampwe ,2.0,2020,2025,13362.0,0.514589,2792555.0
COD,COD_7743,Sandoa/Mbangu,8.0,2020,2025,40142.0,1.839156,9993122.0
COD,COD_7783,Sapo-Bumba,3.0,2020,2025,12076.0,0.539389,2109130.0
COD,COD_7841,Seke Banza ,2.0,2020,2025,16632.0,0.347384,1557239.0
COD,COD_7842,Seke-Banza,4.0,2020,2025,33964.0,0.586352,2339264.0
COD,COD_7855,Semandane,2.0,2020,2025,8117.0,0.440398,3018057.0
COD,COD_7858,Semendwa,4.0,2020,2025,41782.0,1.150941,7355550.0
COD,COD_7898,Shabunda,5.0,2020,2025,47197.0,1.218216,9569081.0
COD,COD_7911,Kingwangala,3.0,2020,2025,24639.0,0.465976,2058179.0
COD,COD_7919,Shamikalenge,6.0,2020,2025,20893.0,0.89947,3042088.0
COD,COD_8106,Sinda,4.0,2020,2025,12694.0,0.594871,2250941.0
COD,COD_8169,Songo,3.0,2020,2025,17073.0,0.818643,5172443.0
COD,COD_8170,Songololo,3.0,2020,2025,14703.0,0.345214,1141490.0
COD,COD_8173,Songwe,3.0,2020,2025,14047.0,0.435644,1755736.0
COD,COD_8337,Tambwe-Yangala,3.0,2020,2025,15489.0,0.774337,4236187.0
COD,COD_8354,Tandala,5.0,2020,2025,16596.0,0.533923,2365134.0
COD,COD_8420,Tchomia ,5.0,2020,2025,29953.0,0.698515,2730512.0
COD,COD_8445,Temvo,3.0,2020,2025,39280.0,0.709007,5348356.0
COD,COD_8450,Tenke,13.0,2020,2025,37091.0,2.780935,15408187.0
COD,COD_8530,Titule,3.0,2020,2025,21659.0,0.529762,2025371.0
COD,COD_8556,Tolo,3.0,2020,2025,34956.0,0.825377,5158683.0
COD,COD_8625,Tshela,9.0,2020,2025,129336.0,1.60994,11171050.0
COD,COD_8627,Tshibala,3.0,2020,2025,21004.0,0.53426,2032422.0
COD,COD_8628,Tshibalabala,2.0,2020,2025,5233.0,0.122476,306090.0
COD,COD_8629,Tshibinda,3.0,2020,2025,18801.0,0.711673,3826063.0
COD,COD_8630,Tshibombo,4.0,2020,2025,11121.0,0.188221,470654.0
COD,COD_8631,Tshikangu,1.0,2020,2025,7248.0,0.362912,1806870.0
COD,COD_8632,Tshikapa,41.0,2020,2025,619520.0,10.216419,68508024.0
COD,COD_8633,Tshimbalanga ,5.0,2020,2025,31146.0,1.258547,7287505.0
COD,COD_8634,Tshilolo/Tshisenda,2.0,2020,2025,3234.0,0.100479,251258.0
COD,COD_8635,Tshimbulu,9.0,2020,2025,62727.0,1.350531,6070495.0
COD,COD_8636,Tshimpumpu,4.0,2020,2025,29987.0,0.756634,3837183.0
COD,COD_8638,Tshioji,2.0,2020,2025,2090.0,0.073679,184133.0
COD,COD_8639,Tshisumba,2.0,2020,2025,22283.0,0.48588,2585571.0
COD,COD_8644,Tshofa ,7.0,2020,2025,32966.0,1.139297,4767628.0
COD,COD_8689,Turungu,2.0,2020,2025,9322.0,0.37308,1140081.0
COD,COD_8700,Ubundu,2.0,2020,2025,34031.0,0.466959,2987188.0
COD,COD_8803,Uvira,16.0,2020,2025,379002.0,5.352737,53225664.0
COD,COD_8897,Bashu,35.0,2020,2025,63594.0,2.441595,7180451.0
COD,COD_8901,Vuyinga/Butengwa,4.0,2020,2025,13294.0,0.569795,3679955.0
COD,COD_8933,Walikale,6.0,2020,2025,52368.0,0.818133,4410301.0
COD,COD_8934,Izege,14.0,2020,2025,51283.0,1.102042,4840890.0
COD,COD_8935,Walungu,9.0,2020,2025,23241.0,0.517013,1448415.0
COD,COD_8938,Wamaza,5.0,2020,2025,46286.0,0.94911,4668352.0
COD,COD_8940,Wamba,7.0,2020,2025,45316.0,1.101082,4889125.0
COD,COD_8949,Wapinda ,4.0,2020,2025,21101.0,0.594936,2602790.0
COD,COD_8965,Watsa/Kalimva (gold mines),31.0,2020,2025,242299.0,7.276204,50185136.0
COD,COD_8968,Ariwara ,27.0,2020,2025,55014.0,3.834199,19172200.0
COD,COD_8984,Wembo Nyama,5.0,2020,2025,46176.0,0.765262,3578819.0
COD,COD_9017,Wotu/Sensenge,10.0,2020,2025,16050.0,0.873789,2979955.0
COD,COD_9044,Yakata,2.0,2020,2025,7708.0,0.312434,1156577.0
COD,COD_9046,Yakoma,9.0,2020,2025,85831.0,2.218584,13427751.0
COD,COD_9095,Yuki Kengundu,2.0,2020,2025,11691.0,0.422021,1897549.0
COD,COD_9097,Yumbi 1,5.0,2020,2025,37304.0,1.155692,6768231.0
COD,COD_9098,Yumbi 2,4.0,2020,2025,17848.0,0.548832,2095701.0
COD,COD_9158,Zengu,6.0,2020,2025,8472.0,0.364519,1108735.0
COD,COD_9179,Zongo,8.0,2020,2025,56921.0,1.672611,9344233.0
COG,COG_1857,Bété,5.0,2020,2025,39348.0,1.557115,9753712.0
COG,COG_2090,Bouansa,7.0,2020,2025,26547.0,1.31849,7459918.0
COG,COG_2129,Boundji,6.0,2020,2025,21841.0,0.972705,4232530.0
COG,COG_2158,Brazzaville,257.0,2020,2025,2296018.0,68.573112,509672416.0
COG,COG_2790,Djambala,6.0,2020,2025,40915.0,1.058571,5919391.0
COG,COG_2835,Dolisie,27.0,2020,2025,217755.0,6.485612,43380248.0
COG,COG_3169,Ewo,10.0,2020,2025,38663.0,1.294461,4838399.0
COG,COG_3349,Gamboma,8.0,2020,2025,50260.0,1.834065,9986051.0
COG,COG_4051,Impfondo,9.0,2020,2025,120175.0,1.751459,9793755.0
COG,COG_5324,Loudima Gare,3.0,2020,2025,13793.0,0.648784,3746617.0
COG,COG_5328,Loutele,7.0,2020,2025,23940.0,1.092747,5872376.0
COG,COG_5454,Madingou,13.0,2020,2025,43653.0,2.328461,12959110.0
COG,COG_5551,Makabana,2.0,2020,2025,3778.0,0.313678,1217690.0
COG,COG_5578,Makoua,6.0,2020,2025,45328.0,1.636739,10038731.0
COG,COG_6012,Mindouli,7.0,2020,2025,18783.0,1.082824,4564737.0
COG,COG_6255,Mossaka,2.0,2020,2025,7199.0,0.51419,3339094.0
COG,COG_6257,Mossendjo,4.0,2020,2025,12763.0,0.83224,4389972.0
COG,COG_6273,Mouyondzi,5.0,2020,2025,16547.0,0.828955,3665123.0
COG,COG_6705,Ngo,5.0,2020,2025,20507.0,0.739355,3597553.0
COG,COG_6790,Nkayi,12.0,2020,2025,108577.0,3.432476,23155306.0
COG,COG_7188,Ouesso,11.0,2020,2025,116454.0,2.453687,14643411.0
COG,COG_7236,Owando,9.0,2020,2025,69144.0,2.07495,13842237.0
COG,COG_7347,Pointe Noire,241.0,2020,2025,1468552.0,55.224932,397599680.0
COG,COG_7349,Pokola,4.0,2020,2025,22562.0,0.746745,4712474.0
COG,COG_8028,Sibiti,8.0,2020,2025,38987.0,1.605333,9035654.0
COM,COM_1578,Bandrani Mtsangani,1.0,2020,2025,10035.0,0.251066,1359956.0
COM,COM_158,Adda Daoueni,2.0,2020,2025,18101.0,0.254194,1312187.0
COM,COM_1741,Bazimini,3.0,2020,2025,19796.0,0.354416,2187596.0
COM,COM_2844,Domoni,4.0,2020,2025,22646.0,0.626524,4440860.0
COM,COM_3259,Fomboni,5.0,2020,2025,26403.0,0.869019,4504557.0
COM,COM_5285,Lingoni,2.0,2020,2025,16334.0,0.225419,682845.0
COM,COM_5863,Mbeni,2.0,2020,2025,7379.0,0.344317,2328645.0
COM,COM_6135,Mitsamiouli,7.0,2020,2025,18933.0,0.904348,3395169.0
COM,COM_6247,Moroni,36.0,2020,2025,168408.0,6.273661,39258784.0
COM,COM_6275,Moya,1.0,2020,2025,6108.0,0.072855,492147.0
COM,COM_6428,Mutsamudu,6.0,2020,2025,50006.0,1.081302,10166935.0
COM,COM_7094,Ongodjou,2.0,2020,2025,15627.0,0.302242,1514366.0
COM,COM_7161,Ouani,3.0,2020,2025,24900.0,0.555957,3850081.0
COM,COM_8102,Sima,2.0,2020,2025,12027.0,0.296416,2163205.0
COM,COM_8621,Tsembehou,2.0,2020,2025,29139.0,0.484745,3200136.0
CPV,CPV_1345,Assomada,18.0,2020,2025,18564.0,1.156044,4942220.0
CPV,CPV_3147,Espargos,8.0,2020,2025,12262.0,0.802191,5121194.0
CPV,CPV_6010,Mindelo,13.0,2020,2025,44831.0,2.714054,17575210.0
CPV,CPV_7375,Praia,23.0,2020,2025,128682.0,5.039979,56032096.0
ERI,ERI_1332,Asmara,39.0,2020,2025,272871.0,10.024143,86179600.0
ERI,ERI_1339,Assab,6.0,2020,2025,22954.0,1.358917,9087545.0
ERI,ERI_1681,Barentu,11.0,2020,2025,26488.0,1.963626,10761251.0
ERI,ERI_176,Adhi Bdo,3.0,2020,2025,1584.0,0.076837,151248.0
ERI,ERI_180,Adi Keyih,3.0,2020,2025,8332.0,0.621617,4031400.0
ERI,ERI_182,Adi Tekelezan,2.0,2020,2025,12688.0,0.398192,2346828.0
ERI,ERI_188,Adiquala,3.0,2020,2025,7386.0,0.465003,2245482.0
ERI,ERI_220,Af Abeb,12.0,2020,2025,45895.0,0.41574,1213765.0
ERI,ERI_2655,Debarwa,3.0,2020,2025,7858.0,0.54478,3171635.0
ERI,ERI_2675,Dekemehari,10.0,2020,2025,26860.0,1.628552,9473813.0
ERI,ERI_3474,Gergef,3.0,2020,2025,3209.0,0.311183,831524.0
ERI,ERI_3513,Ginda,5.0,2020,2025,65563.0,0.711651,4000664.0
ERI,ERI_3561,Goluj,8.0,2020,2025,11991.0,0.822276,3355135.0
ERI,ERI_3785,Haykota,5.0,2020,2025,4865.0,0.244414,585247.0
ERI,ERI_3790,Hegaz,5.0,2020,2025,26699.0,0.839292,4055080.0
ERI,ERI_3809,Himbirti,3.0,2020,2025,6043.0,0.456921,2556351.0
ERI,ERI_418,Akordat,8.0,2020,2025,15276.0,0.999627,5897895.0
ERI,ERI_4718,Keren,10.0,2020,2025,90063.0,2.674677,24459294.0
ERI,ERI_5774,Massawa,6.0,2020,2025,110587.0,1.124451,6094394.0
ERI,ERI_5939,Mendefera,6.0,2020,2025,20286.0,0.993489,5952784.0
ERI,ERI_6488,Nacfa,4.0,2020,2025,18954.0,0.159669,396056.0
ERI,ERI_7078,Om Hajer,5.0,2020,2025,6600.0,0.51532,1818141.0
ERI,ERI_714,Ali Ghdir,5.0,2020,2025,5199.0,0.238117,669413.0
ERI,ERI_7834,Segheneyti,3.0,2020,2025,5744.0,0.48666,3340180.0
ERI,ERI_7861,Senafe,3.0,2020,2025,6526.0,0.439243,1833301.0
ERI,ERI_8458,Tessenei,17.0,2020,2025,33271.0,2.162111,10879364.0
ETH,ETH_103,Abu Kuke,4.0,2020,2025,9874.0,0.352812,1391198.0
ETH,ETH_1142,Amanuel,9.0,2020,2025,21652.0,1.208351,7291789.0
ETH,ETH_1154,Amba Giyorgis,5.0,2020,2025,20210.0,0.624138,2628640.0
ETH,ETH_1162,Amber,6.0,2020,2025,8311.0,0.406551,1603798.0
ETH,ETH_1164,Ambo,32.0,2020,2025,150769.0,5.388206,31496488.0
ETH,ETH_1174,Amedber,1.0,2020,2025,7481.0,0.208611,958864.0
ETH,ETH_1207,Andinet,5.0,2020,2025,7923.0,0.161916,404924.0
ETH,ETH_1215,Anibesema,3.0,2020,2025,9006.0,0.342098,1583442.0
ETH,ETH_1267,Aradom,2.0,2020,2025,6000.0,0.193512,551403.0
ETH,ETH_1272,Arba Minch,22.0,2020,2025,259583.0,4.397165,31676194.0
ETH,ETH_1279,Arerti,5.0,2020,2025,20217.0,0.931564,4973785.0
ETH,ETH_1286,Arjo,3.0,2020,2025,12553.0,0.442983,1989849.0
ETH,ETH_1297,Arsi Negele,16.0,2020,2025,142118.0,3.326935,21105280.0
ETH,ETH_1311,Asassa,12.0,2020,2025,77589.0,1.987792,11025954.0
ETH,ETH_1312,Asayta,5.0,2020,2025,77871.0,0.880221,3860225.0
ETH,ETH_1313,Asebot,25.0,2020,2025,22634.0,0.561891,1768834.0
ETH,ETH_1314,Asela,25.0,2020,2025,112754.0,5.691559,44381744.0
ETH,ETH_1315,Asendabo,9.0,2020,2025,22180.0,1.110245,6250126.0
ETH,ETH_1321,Ashe,3.0,2020,2025,10764.0,0.186447,586528.0
ETH,ETH_1336,Asosa,15.0,2020,2025,98075.0,2.876079,17500804.0
ETH,ETH_1353,Ataye,5.0,2020,2025,30807.0,0.882904,5399318.0
ETH,ETH_1371,Atsbi Endasilasie,3.0,2020,2025,72948.0,0.404356,1998264.0
ETH,ETH_1384,Awash Melkakunture,5.0,2020,2025,12133.0,0.420309,1790508.0
ETH,ETH_1386,Awash Sebat Kilo,7.0,2020,2025,44693.0,0.961537,4956313.0
ETH,ETH_1413,Awubere,3.0,2020,2025,12343.0,0.481189,1405038.0
ETH,ETH_1415,Axum,19.0,2020,2025,70873.0,2.641048,15825498.0
ETH,ETH_1418,Ayida Chema,6.0,2020,2025,4207.0,0.136787,342130.0
ETH,ETH_1420,Ayikel,6.0,2020,2025,55444.0,0.880912,4744392.0
ETH,ETH_1430,Azena,3.0,2020,2025,9258.0,0.402951,2119479.0
ETH,ETH_1450,Babile,7.0,2020,2025,65095.0,1.065175,5517911.0
ETH,ETH_1493,Bahir Dar,84.0,2020,2025,509810.0,11.730204,58698480.0
ETH,ETH_1510,Bako,8.0,2020,2025,44596.0,1.14701,6375186.0
ETH,ETH_1529,Bale,6.0,2020,2025,18351.0,0.735333,3425195.0
ETH,ETH_153,Adaba,9.0,2020,2025,41052.0,1.425105,6992251.0
ETH,ETH_1531,Balemi,3.0,2020,2025,12896.0,0.384064,1712188.0
ETH,ETH_155,Adama,77.0,2020,2025,415554.0,16.485005,110728024.0
ETH,ETH_156,Adami Tulu,6.0,2020,2025,29199.0,1.144456,4819878.0
ETH,ETH_1562,Bamibasi,4.0,2020,2025,42307.0,0.574769,2807244.0
ETH,ETH_159,Addis Ababa,649.0,2020,2025,5493710.0,140.95392,1171464448.0
ETH,ETH_160,Addis Alem 1,7.0,2020,2025,19134.0,1.002624,4462628.0
ETH,ETH_161,Addis Alem 2,5.0,2020,2025,8938.0,0.173918,434850.0
ETH,ETH_162,Addis Kidam,7.0,2020,2025,21132.0,0.839717,5204137.0
ETH,ETH_1643,Baniko Goteti,1.0,2020,2025,11305.0,0.171201,446561.0
ETH,ETH_166,Adebaye,3.0,2020,2025,18820.0,0.412177,1358852.0
ETH,ETH_169,Adele,4.0,2020,2025,10368.0,0.545201,2570985.0
ETH,ETH_1711,Bata Wayu,1.0,2020,2025,3641.0,0.186095,651460.0
ETH,ETH_1715,Bati,5.0,2020,2025,51948.0,0.901393,7314377.0
ETH,ETH_172,Adet,9.0,2020,2025,18949.0,1.452305,8120895.0
ETH,ETH_1751,Bedele,11.0,2020,2025,39565.0,1.496648,9908843.0
ETH,ETH_1752,Bedeno,216.0,2020,2025,393743.0,5.730776,15605137.0
ETH,ETH_1753,Bedesa,31.0,2020,2025,73673.0,1.929467,8221816.0
ETH,ETH_1757,Begi,12.0,2020,2025,166530.0,0.787017,3226156.0
ETH,ETH_1775,Bele,3.0,2020,2025,18399.0,0.455561,2110010.0
ETH,ETH_179,Adi Gudom,4.0,2020,2025,21558.0,0.551329,2174271.0
ETH,ETH_18,Abala,4.0,2020,2025,65325.0,0.556409,2224544.0
ETH,ETH_181,Adi Remets,4.0,2020,2025,26046.0,0.281319,882532.0
ETH,ETH_1849,Besko Elala,1.0,2020,2025,1853.0,0.097506,243775.0
ETH,ETH_185,Adigrat,27.0,2020,2025,86597.0,2.782781,17667016.0
ETH,ETH_1872,Bichena,18.0,2020,2025,64389.0,2.181923,9733633.0
ETH,ETH_1880,Bifitu Geda,16.0,2020,2025,41019.0,1.410277,3525899.0
ETH,ETH_1881,Biftu,5.0,2020,2025,34398.0,0.27312,687659.0
ETH,ETH_189,Adis Zemen,4.0,2020,2025,30237.0,0.639033,3260319.0
ETH,ETH_1890,Bilalo Irsjha Limat,2.0,2020,2025,8299.0,0.146911,367330.0
ETH,ETH_1894,Bilida,3.0,2020,2025,4680.0,0.170626,445599.0
ETH,ETH_190,Adishohu,3.0,2020,2025,16788.0,0.236166,1008374.0
ETH,ETH_1925,Birbir,3.0,2020,2025,23597.0,0.583543,3132067.0
ETH,ETH_200,Ado Boelo,1.0,2020,2025,7098.0,0.204333,907594.0
ETH,ETH_2010,Boke Tiko,4.0,2020,2025,22538.0,0.462257,1963097.0
ETH,ETH_2013,Bokoji,12.0,2020,2025,57518.0,1.90835,13469882.0
ETH,ETH_2019,Bole,2.0,2020,2025,13733.0,0.357991,1342485.0
ETH,ETH_2022,Bolo Giyorgis,3.0,2020,2025,2744.0,0.260099,650304.0
ETH,ETH_2035,Bona,2.0,2020,2025,30982.0,0.303549,1418158.0
ETH,ETH_2040,Bonesha,10.0,2020,2025,28187.0,0.92836,3791106.0
ETH,ETH_2041,Bonga,11.0,2020,2025,46015.0,1.169981,6323061.0
ETH,ETH_2062,Bore,4.0,2020,2025,30845.0,0.52997,2489444.0
ETH,ETH_208,Adola,10.0,2020,2025,75247.0,1.3598,7414862.0
ETH,ETH_2165,Bri,3.0,2020,2025,9433.0,0.133702,332781.0
ETH,ETH_217,Adwa,16.0,2020,2025,71308.0,2.046892,12125500.0
ETH,ETH_2207,Bulbula,6.0,2020,2025,24078.0,0.63444,2796145.0
ETH,ETH_2208,Bule,3.0,2020,2025,19156.0,0.30852,985399.0
ETH,ETH_2212,Bulki,6.0,2020,2025,14905.0,0.457069,1930537.0
ETH,ETH_2244,Bure,23.0,2020,2025,57867.0,2.236073,10885005.0
ETH,ETH_2250,Burjawi,2.0,2020,2025,9483.0,0.367674,1691872.0
ETH,ETH_2251,Burka,4.0,2020,2025,43270.0,0.643546,3398835.0
ETH,ETH_2276,Butajira,84.0,2020,2025,152550.0,6.671845,30459196.0
ETH,ETH_2357,Chagni,8.0,2020,2025,56087.0,1.230627,6329476.0
ETH,ETH_2366,Chancho,7.0,2020,2025,13003.0,0.888886,4133162.0
ETH,ETH_2367,Chandba Delega,2.0,2020,2025,3770.0,0.102615,256562.0
ETH,ETH_238,Agarfa,8.0,2020,2025,31906.0,1.112051,5732036.0
ETH,ETH_2384,Chefa Robit,3.0,2020,2025,20849.0,0.408027,1972315.0
ETH,ETH_2386,Chefe Gudina,1.0,2020,2025,3606.0,0.164117,534224.0
ETH,ETH_2387,Chefedonsa,3.0,2020,2025,22478.0,0.463858,2510271.0
ETH,ETH_239,Agaro,19.0,2020,2025,97959.0,2.240117,14808729.0
ETH,ETH_2391,Chelelektu,7.0,2020,2025,45344.0,0.621351,1954120.0
ETH,ETH_2392,Chelenko,34.0,2020,2025,91430.0,1.729508,6464767.0
ETH,ETH_24,Abderafi,4.0,2020,2025,30490.0,0.548392,1909418.0
ETH,ETH_240,Agat K. 13,3.0,2020,2025,3637.0,0.18177,454488.0
ETH,ETH_2401,Chenicha,21.0,2020,2025,39624.0,1.30018,7071302.0
ETH,ETH_2405,Chere,4.0,2020,2025,41260.0,0.389567,1004602.0
ETH,ETH_2407,Cherti Dabeso,2.0,2020,2025,12549.0,0.246456,1038249.0
ETH,ETH_2421,Chiefera,2.0,2020,2025,7696.0,0.216169,815589.0
ETH,ETH_2430,Chinaksen,4.0,2020,2025,19705.0,0.568707,2321998.0
ETH,ETH_2441,Chiri,3.0,2020,2025,13993.0,0.209681,530021.0
ETH,ETH_2442,Chiro,10.0,2020,2025,73264.0,1.775712,13102161.0
ETH,ETH_2455,Chole,3.0,2020,2025,17585.0,0.511527,2498662.0
ETH,ETH_2460,Chuahit,4.0,2020,2025,17559.0,0.435553,2055031.0
ETH,ETH_2521,Dabat,6.0,2020,2025,34291.0,0.700962,3707396.0
ETH,ETH_255,Agena,4.0,2020,2025,5275.0,0.406023,1589144.0
ETH,ETH_2558,Dalocha,20.0,2020,2025,26314.0,0.970667,3517718.0
ETH,ETH_2602,Dangila,10.0,2020,2025,46306.0,1.558585,8413865.0
ETH,ETH_2603,Danisha,5.0,2020,2025,41609.0,0.426674,2028983.0
ETH,ETH_2627,Darge,5.0,2020,2025,22226.0,0.78668,3770176.0
ETH,ETH_2628,Bilida Bukisa,4.0,2020,2025,25170.0,0.384362,961239.0
ETH,ETH_2646,Daye,8.0,2020,2025,150635.0,0.870563,4680692.0
ETH,ETH_2654,Debark,16.0,2020,2025,76499.0,1.679912,9607259.0
ETH,ETH_2656,Debere Markos,32.0,2020,2025,105647.0,4.717086,30192852.0
ETH,ETH_2658,Debire Eyesus,8.0,2020,2025,8696.0,0.391322,995566.0
ETH,ETH_2660,Debirewerik,5.0,2020,2025,25609.0,0.748688,3414001.0
ETH,ETH_2661,Debre Brehan,22.0,2020,2025,150874.0,3.817082,26835252.0
ETH,ETH_2662,Debre Mariyam,4.0,2020,2025,3375.0,0.09291,232408.0
ETH,ETH_2663,Debre Sina,3.0,2020,2025,9482.0,0.37319,1678249.0
ETH,ETH_2664,Debretabor,24.0,2020,2025,213979.0,2.967686,19902042.0
ETH,ETH_2665,Deder,21.0,2020,2025,71062.0,1.324458,6160176.0
ETH,ETH_2668,Degan,3.0,2020,2025,9214.0,0.499565,2522975.0
ETH,ETH_2669,Degehabur,13.0,2020,2025,140756.0,1.87842,9406549.0
ETH,ETH_2670,Degolu,7.0,2020,2025,27851.0,1.151014,6777077.0
ETH,ETH_2673,Dejen,7.0,2020,2025,16329.0,0.943965,4317759.0
ETH,ETH_2679,Deksis,5.0,2020,2025,14557.0,0.60903,2647199.0
ETH,ETH_2680,Delgi,2.0,2020,2025,36463.0,0.446083,2290408.0
ETH,ETH_2683,Dembe,3.0,2020,2025,35090.0,0.338557,1441832.0
ETH,ETH_2684,Dembecha,12.0,2020,2025,35691.0,1.566522,8245733.0
ETH,ETH_2685,Dembi Dolo,10.0,2020,2025,51784.0,1.538277,9659789.0
ETH,ETH_2688,Deneba 1,3.0,2020,2025,1835.0,0.314181,982467.0
ETH,ETH_2689,Deneba 2,3.0,2020,2025,7266.0,0.451984,2760017.0
ETH,ETH_2692,Denise 37,4.0,2020,2025,7935.0,0.491373,2037461.0
ETH,ETH_2694,Dera,8.0,2020,2025,53652.0,1.496832,7781886.0
ETH,ETH_2698,Derwonaji,1.0,2020,2025,1899.0,0.095852,239633.0
ETH,ETH_2700,Dessie,35.0,2020,2025,246427.0,6.634895,58781072.0
ETH,ETH_2734,Digalu Kidame,2.0,2020,2025,4237.0,0.365864,1418212.0
ETH,ETH_2774,Dire Dawa,47.0,2020,2025,605320.0,8.980929,65820280.0
ETH,ETH_2813,Dl Amba,4.0,2020,2025,10265.0,0.219611,549117.0
ETH,ETH_2820,Dodola,9.0,2020,2025,70240.0,1.813294,10893196.0
ETH,ETH_2836,Dolo,9.0,2020,2025,117526.0,1.516858,7873123.0
ETH,ETH_2895,Dubti,5.0,2020,2025,54989.0,0.854773,3739717.0
ETH,ETH_2917,Durbete,7.0,2020,2025,36090.0,0.995462,5868724.0
ETH,ETH_2945,Ebinat,3.0,2020,2025,22710.0,0.617438,3196923.0
ETH,ETH_2957,Edega Hamus,4.0,2020,2025,48334.0,0.438036,2388209.0
ETH,ETH_2964,Efa,2.0,2020,2025,14631.0,0.137886,344775.0
ETH,ETH_2965,Efa Gamachu,1.0,2020,2025,4631.0,0.149376,716623.0
ETH,ETH_2975,Ego,3.0,2020,2025,8584.0,0.227197,811641.0
ETH,ETH_2982,Ejaji,5.0,2020,2025,19498.0,0.68851,2847487.0
ETH,ETH_2984,Ejere,4.0,2020,2025,19922.0,0.537299,2283543.0
ETH,ETH_3080,Eledima,1.0,2020,2025,6665.0,0.088027,220120.0
ETH,ETH_3083,Elferida,3.0,2020,2025,14348.0,0.194981,487513.0
ETH,ETH_3084,Eliyas,6.0,2020,2025,19098.0,0.781204,4084586.0
ETH,ETH_3107,Endaba Guna,4.0,2020,2025,27722.0,0.464026,2003505.0
ETH,ETH_3109,Endibir,3.0,2020,2025,7720.0,0.412046,1966965.0
ETH,ETH_3111,Enewari,3.0,2020,2025,15601.0,0.646349,3914765.0
ETH,ETH_3113,Enfranz,3.0,2020,2025,10243.0,0.25383,1242280.0
ETH,ETH_3116,Enseno,33.0,2020,2025,31729.0,1.99816,7515520.0
ETH,ETH_3153,Este,5.0,2020,2025,33190.0,0.860984,4895098.0
ETH,ETH_3158,Eteya,9.0,2020,2025,47332.0,1.503803,8323287.0
ETH,ETH_3187,Faji,4.0,2020,2025,4860.0,0.32899,822575.0
ETH,ETH_3220,Felege Birihan,5.0,2020,2025,14472.0,0.545878,2510278.0
ETH,ETH_3221,Fendika 2,4.0,2020,2025,19817.0,0.439284,1651402.0
ETH,ETH_3222,Fendika 1,4.0,2020,2025,19742.0,0.501884,2180609.0
ETH,ETH_3228,Feres Bet,7.0,2020,2025,11553.0,0.668904,3849992.0
ETH,ETH_3236,Fiche,17.0,2020,2025,39576.0,2.698557,15322356.0
ETH,ETH_3242,Fik,4.0,2020,2025,37142.0,0.619236,2711603.0
ETH,ETH_3244,Filakit,18.0,2020,2025,26495.0,1.373105,5441484.0
ETH,ETH_3248,Fincha,2.0,2020,2025,14258.0,0.44059,2718117.0
ETH,ETH_3249,Finote Selam,15.0,2020,2025,38210.0,2.020448,11590868.0
ETH,ETH_3261,Fonko,52.0,2020,2025,53187.0,2.154799,6596764.0
ETH,ETH_3294,Funyan Bira,4.0,2020,2025,22276.0,0.685364,3259746.0
ETH,ETH_3347,Gambela,23.0,2020,2025,125389.0,2.765152,13315907.0
ETH,ETH_3402,Gasera,9.0,2020,2025,20994.0,0.710432,3264083.0
ETH,ETH_3409,Gatira,8.0,2020,2025,9424.0,0.579133,2970165.0
ETH,ETH_3411,Gato,2.0,2020,2025,21475.0,0.187783,475713.0
ETH,ETH_3451,Gebeze Mariyam,3.0,2020,2025,4560.0,0.408994,1896197.0
ETH,ETH_3455,Gedeb,13.0,2020,2025,81440.0,0.949611,4357515.0
ETH,ETH_3458,Gedo,4.0,2020,2025,20131.0,0.581362,3352269.0
ETH,ETH_3461,Gelemso,5.0,2020,2025,52468.0,0.857167,5805105.0
ETH,ETH_3462,Gembe,4.0,2020,2025,8348.0,0.261897,903659.0
ETH,ETH_3465,Gend Wen,9.0,2020,2025,27624.0,1.031856,6273462.0
ETH,ETH_3466,Genda Wuha,6.0,2020,2025,86575.0,0.793846,3528220.0
ETH,ETH_3470,Gerba 2,2.0,2020,2025,9326.0,0.294447,1379656.0
ETH,ETH_3472,Gerbe Guracha,13.0,2020,2025,47667.0,1.72676,8404480.0
ETH,ETH_3473,Gerese,3.0,2020,2025,29496.0,0.470552,2942821.0
ETH,ETH_3477,Gesa,5.0,2020,2025,18884.0,0.324423,1443832.0
ETH,ETH_3496,Gida Ayana,4.0,2020,2025,13942.0,0.56672,2510282.0
ETH,ETH_3500,Gidole,10.0,2020,2025,125019.0,0.692436,3527256.0
ETH,ETH_3507,Gimbi,10.0,2020,2025,47304.0,1.385544,9807340.0
ETH,ETH_3508,Gimbicho,10.0,2020,2025,38242.0,0.973609,4935332.0
ETH,ETH_3509,Gimija Bet,4.0,2020,2025,25121.0,0.656657,4027168.0
ETH,ETH_3514,Ginichi,8.0,2020,2025,31505.0,1.2097,6214328.0
ETH,ETH_3515,Ginido,4.0,2020,2025,12224.0,0.836736,4654070.0
ETH,ETH_3516,Ginir,5.0,2020,2025,46326.0,1.319436,8475780.0
ETH,ETH_3518,Girawa,171.0,2020,2025,403701.0,6.111601,17788472.0
ETH,ETH_3523,Gisa Baela Egziabher,2.0,2020,2025,3466.0,0.235923,879550.0
ETH,ETH_3527,Gishe Abay,7.0,2020,2025,12773.0,0.756611,3305658.0
ETH,ETH_3545,Goba,13.0,2020,2025,50533.0,2.18101,12655433.0
ETH,ETH_3547,Gobessa,7.0,2020,2025,47438.0,1.312623,7924558.0
ETH,ETH_3549,Gode,15.0,2020,2025,433427.0,3.027325,17176524.0
ETH,ETH_3556,Gojo,9.0,2020,2025,46702.0,1.061416,5689115.0
ETH,ETH_3559,Golije,4.0,2020,2025,10434.0,0.416877,1735347.0
ETH,ETH_3573,Gonder,45.0,2020,2025,373292.0,7.541239,57211720.0
ETH,ETH_3579,Gore,2.0,2020,2025,23676.0,0.284804,1557568.0
ETH,ETH_3658,Guliso,3.0,2020,2025,19854.0,0.314799,1157986.0
ETH,ETH_3666,Gundo Meskel,6.0,2020,2025,43115.0,1.107539,6391982.0
ETH,ETH_3670,Gura Harecho,1.0,2020,2025,2035.0,0.075763,189435.0
ETH,ETH_3678,Gutin,4.0,2020,2025,19963.0,0.695122,3542253.0
ETH,ETH_3697,Habe,3.0,2020,2025,10015.0,0.303427,1035098.0
ETH,ETH_3707,Hagere Mariyam,16.0,2020,2025,66743.0,2.239803,13299395.0
ETH,ETH_3708,Hagere Selam 2,3.0,2020,2025,38570.0,0.389145,1878320.0
ETH,ETH_3709,Hagere Selam 1,5.0,2020,2025,20162.0,0.339231,1353314.0
ETH,ETH_3720,Halila Negele,5.0,2020,2025,5290.0,0.260813,778729.0
ETH,ETH_3726,Hamibiso,5.0,2020,2025,15089.0,0.840482,4093667.0
ETH,ETH_3735,Hamus Gebeya,1.0,2020,2025,1631.0,0.116977,390228.0
ETH,ETH_3736,Hamusit,5.0,2020,2025,15072.0,0.358023,1080586.0
ETH,ETH_3744,Harare,205.0,2020,2025,956992.0,19.65474,89553888.0
ETH,ETH_3748,Harbu,4.0,2020,2025,24244.0,0.838364,4868180.0
ETH,ETH_3753,Haro,2.0,2020,2025,4170.0,0.111125,277825.0
ETH,ETH_3754,Haro Adi,3.0,2020,2025,27381.0,0.639264,3586557.0
ETH,ETH_3759,Hartishek,4.0,2020,2025,17460.0,0.727576,3589128.0
ETH,ETH_3778,Hawassa,1437.0,2020,2025,3133240.0,49.74176,211295552.0
ETH,ETH_3780,Hawuzen,4.0,2020,2025,15773.0,0.342754,1864182.0
ETH,ETH_3784,Hayk,18.0,2020,2025,29024.0,1.315163,7628010.0
ETH,ETH_3788,Hebo Molicha,1.0,2020,2025,6271.0,0.092153,230406.0
ETH,ETH_38,Abiyi Adi,5.0,2020,2025,44089.0,0.693252,3448051.0
ETH,ETH_3812,Hirna,30.0,2020,2025,50136.0,1.212509,4991705.0
ETH,ETH_3824,Holeta,22.0,2020,2025,66438.0,3.372449,17994496.0
ETH,ETH_3826,Homocho,9.0,2020,2025,18187.0,0.71172,3271774.0
ETH,ETH_3829,Hosaena,127.0,2020,2025,209952.0,12.078491,66615804.0
ETH,ETH_3838,Humera,8.0,2020,2025,116102.0,1.72447,10378872.0
ETH,ETH_3845,Hurta,2.0,2020,2025,3894.0,0.238296,869435.0
ETH,ETH_385,Aje,3.0,2020,2025,22652.0,0.413812,1689895.0
ETH,ETH_386,Ajebar,9.0,2020,2025,13111.0,0.872101,3820980.0
ETH,ETH_388,Ajibar,7.0,2020,2025,10875.0,0.639875,3283764.0
ETH,ETH_39,Abiyot Fana,4.0,2020,2025,9011.0,0.223526,668991.0
ETH,ETH_3906,Ifedin,1.0,2020,2025,5066.0,0.154579,492139.0
ETH,ETH_4037,Ilusinbitu,3.0,2020,2025,6520.0,0.386551,1099240.0
ETH,ETH_4058,Inango,3.0,2020,2025,10421.0,0.243084,754440.0
ETH,ETH_4061,Inchini,4.0,2020,2025,13700.0,0.675715,3760151.0
ETH,ETH_4066,Injebara,17.0,2020,2025,46386.0,1.973814,12775554.0
ETH,ETH_4070,Inticho,4.0,2020,2025,29501.0,0.439172,2534970.0
ETH,ETH_4206,Jiga,8.0,2020,2025,18989.0,0.787099,3783550.0
ETH,ETH_4208,Jijiga,61.0,2020,2025,546876.0,9.267792,57911804.0
ETH,ETH_4212,Jimma,54.0,2020,2025,240858.0,8.606154,64229896.0
ETH,ETH_4215,Jinka,20.0,2020,2025,156436.0,1.866307,8488492.0
ETH,ETH_4223,Jomora,1.0,2020,2025,1597.0,0.082713,206786.0
ETH,ETH_4282,Kachise,6.0,2020,2025,22795.0,0.778269,4749036.0
ETH,ETH_436,Alaba Kulito,21.0,2020,2025,129154.0,2.314683,13052671.0
ETH,ETH_4424,Kake,5.0,2020,2025,29748.0,0.40975,1736735.0
ETH,ETH_4551,Kara Mile,44.0,2020,2025,95910.0,2.102364,10158800.0
ETH,ETH_4561,Karat,5.0,2020,2025,54690.0,0.678562,3268245.0
ETH,ETH_465,Alamata,8.0,2020,2025,49726.0,1.595338,9029378.0
ETH,ETH_4683,Kebri Beyah,7.0,2020,2025,30371.0,0.837118,3586551.0
ETH,ETH_4684,Kebridehar,9.0,2020,2025,242011.0,1.420478,7122060.0
ETH,ETH_4685,Kechema Chefe,3.0,2020,2025,4442.0,0.184162,460460.0
ETH,ETH_4686,Kedida Gubeta,3.0,2020,2025,16205.0,0.193674,497038.0
ETH,ETH_4697,Kelafo,3.0,2020,2025,60355.0,0.402894,1727301.0
ETH,ETH_4698,Kelala,3.0,2020,2025,8333.0,0.651077,4322232.0
ETH,ETH_4699,Kele,11.0,2020,2025,45689.0,0.633202,3033691.0
ETH,ETH_4702,Kemba,5.0,2020,2025,17917.0,0.436037,1874776.0
ETH,ETH_4704,Kemise,8.0,2020,2025,40443.0,1.42018,9136670.0
ETH,ETH_4717,Kere,3.0,2020,2025,26135.0,0.469223,1656375.0
ETH,ETH_4728,Kersa,7.0,2020,2025,34121.0,0.923099,4792983.0
ETH,ETH_4825,Kiloniso Mokoniso,2.0,2020,2025,3514.0,0.169765,424474.0
ETH,ETH_4840,Kimir Dingay,5.0,2020,2025,7237.0,0.447144,1776989.0
ETH,ETH_4937,Kobo 1,27.0,2020,2025,73419.0,1.4428,5141880.0
ETH,ETH_4938,Kobo 2,8.0,2020,2025,104837.0,1.739754,9895694.0
ETH,ETH_4942,Kofele,12.0,2020,2025,83923.0,1.334143,7271875.0
ETH,ETH_4952,Kokosa,2.0,2020,2025,23016.0,0.221192,857386.0
ETH,ETH_4956,Koladiba,5.0,2020,2025,33720.0,0.80268,3948895.0
ETH,ETH_4970,Kombolcha,35.0,2020,2025,161083.0,5.410223,32465288.0
ETH,ETH_4996,Korem,3.0,2020,2025,39866.0,0.57169,3670911.0
ETH,ETH_4998,Kork,4.0,2020,2025,8109.0,0.378144,1680793.0
ETH,ETH_5003,Koshe,6.0,2020,2025,11694.0,0.574779,2326624.0
ETH,ETH_5067,Kuchi,4.0,2020,2025,18924.0,0.702504,3806291.0
ETH,ETH_5084,Kulubi,3.0,2020,2025,16913.0,0.286264,1156482.0
ETH,ETH_51,Abomsa,3.0,2020,2025,27740.0,0.807479,4608308.0
ETH,ETH_5115,Kumbabe,6.0,2020,2025,12072.0,0.602917,2460431.0
ETH,ETH_5139,Kutaber,10.0,2020,2025,13285.0,0.797317,2850045.0
ETH,ETH_5144,Kuy,5.0,2020,2025,20198.0,0.598682,2900013.0
ETH,ETH_5204,Lalibela 1,5.0,2020,2025,43881.0,0.79909,6275923.0
ETH,ETH_5205,Lalibela 2,4.0,2020,2025,4886.0,0.167222,415065.0
ETH,ETH_5213,Lange,2.0,2020,2025,9188.0,0.269475,987769.0
ETH,ETH_5230,Laska,7.0,2020,2025,30886.0,0.50249,1716688.0
ETH,ETH_5247,Lehulum Selam,6.0,2020,2025,20997.0,0.593175,2471910.0
ETH,ETH_5251,Lemen,4.0,2020,2025,9315.0,0.576636,2970794.0
ETH,ETH_5253,Lemo Genito,4.0,2020,2025,8797.0,0.240801,602126.0
ETH,ETH_5257,Lera,45.0,2020,2025,46971.0,2.086684,5977963.0
ETH,ETH_5272,Liguama,8.0,2020,2025,16870.0,1.054761,5651184.0
ETH,ETH_5278,Limu Genet,9.0,2020,2025,30093.0,0.767886,3467229.0
ETH,ETH_5302,Logiya,8.0,2020,2025,160149.0,1.402005,8537159.0
ETH,ETH_5382,Lumame,11.0,2020,2025,24070.0,0.937209,4019945.0
ETH,ETH_55,Abora,3.0,2020,2025,9924.0,0.382228,1707230.0
ETH,ETH_5530,Mahidere Selam,6.0,2020,2025,22712.0,0.950109,5457415.0
ETH,ETH_5546,Majete,3.0,2020,2025,8340.0,0.510664,2500434.0
ETH,ETH_5552,Makafta Juru,2.0,2020,2025,4125.0,0.129654,323896.0
ETH,ETH_5580,Maksegnit,4.0,2020,2025,20226.0,0.49496,2769030.0
ETH,ETH_5661,Manibuk,5.0,2020,2025,35449.0,0.58253,1863524.0
ETH,ETH_5671,Mankusa,10.0,2020,2025,14487.0,0.745651,2461377.0
ETH,ETH_5756,Masha 1,4.0,2020,2025,20131.0,0.389092,1782928.0
ETH,ETH_5757,Masha 2,3.0,2020,2025,11887.0,0.617671,2875145.0
ETH,ETH_5818,May Cadera,4.0,2020,2025,36646.0,0.609968,2482022.0
ETH,ETH_5824,Maychew,8.0,2020,2025,42714.0,1.247337,7748032.0
ETH,ETH_5896,Mechara,7.0,2020,2025,10766.0,0.699739,3324842.0
ETH,ETH_5911,Mehal Amba,2.0,2020,2025,5676.0,0.198361,495924.0
ETH,ETH_5912,Mehal Meda,3.0,2020,2025,30713.0,0.684108,3884244.0
ETH,ETH_5914,Mehoni,3.0,2020,2025,43364.0,0.670232,3491473.0
ETH,ETH_5917,Mekane Berhan,4.0,2020,2025,15117.0,0.531046,2353306.0
ETH,ETH_5918,Mekele,85.0,2020,2025,592205.0,11.922247,79687760.0
ETH,ETH_592,Alem Gebeya,12.0,2020,2025,35591.0,0.898484,3322551.0
ETH,ETH_5920,Meki,15.0,2020,2025,84414.0,2.524712,13358492.0
ETH,ETH_5923,Mekoye,7.0,2020,2025,13641.0,0.609284,2545938.0
ETH,ETH_5925,Melika Gemechu,2.0,2020,2025,3801.0,0.188234,470625.0
ETH,ETH_5926,Meliyu,3.0,2020,2025,13271.0,0.441475,1683112.0
ETH,ETH_5929,Melka Werer,1.0,2020,2025,7613.0,0.209455,766596.0
ETH,ETH_593,Alem Ketema,5.0,2020,2025,35260.0,0.813297,5276809.0
ETH,ETH_5935,Mena,4.0,2020,2025,92413.0,0.698452,3667427.0
ETH,ETH_594,Alem Tena,4.0,2020,2025,32701.0,0.633418,3065803.0
ETH,ETH_5941,Mendi,8.0,2020,2025,35548.0,1.065661,6438382.0
ETH,ETH_5942,Mendida,3.0,2020,2025,5233.0,0.422841,1938530.0
ETH,ETH_5944,Menider 24,4.0,2020,2025,13124.0,0.350192,1091216.0
ETH,ETH_5954,Meraro,4.0,2020,2025,11795.0,0.553925,2683921.0
ETH,ETH_5955,Merawi,11.0,2020,2025,94609.0,1.541193,8847200.0
ETH,ETH_5958,Merito Lemariyam,9.0,2020,2025,36272.0,1.07474,5876380.0
ETH,ETH_5962,Mersa,14.0,2020,2025,52705.0,1.520972,7527906.0
ETH,ETH_5967,Metehara,3.0,2020,2025,26272.0,0.565251,3148743.0
ETH,ETH_5968,Metema Yohanis Town ,4.0,2020,2025,44912.0,0.401587,2000373.0
ETH,ETH_5969,Meti,5.0,2020,2025,36417.0,0.689647,3359217.0
ETH,ETH_5973,Metu,16.0,2020,2025,60279.0,1.980856,12788994.0
ETH,ETH_5987,Micheta,4.0,2020,2025,11970.0,0.364033,1819081.0
ETH,ETH_5997,Mieso,3.0,2020,2025,20011.0,0.406532,1678114.0
ETH,ETH_6005,Mile,1.0,2020,2025,13437.0,0.131502,469818.0
ETH,ETH_6068,Mirab Imi,1.0,2020,2025,21033.0,0.245987,1127894.0
ETH,ETH_6070,Miret Amba,1.0,2020,2025,3552.0,0.110719,276804.0
ETH,ETH_6080,Misrak Imi,1.0,2020,2025,12638.0,0.14639,572602.0
ETH,ETH_6141,Mizan-Aman,35.0,2020,2025,220877.0,2.879042,14344478.0
ETH,ETH_6197,Mojo 1,21.0,2020,2025,68353.0,3.737376,19123004.0
ETH,ETH_6198,Mojo 2,2.0,2020,2025,5924.0,0.12205,305187.0
ETH,ETH_6206,Molale,3.0,2020,2025,12317.0,0.523289,3136680.0
ETH,ETH_6259,Mota,23.0,2020,2025,79851.0,2.256935,11705020.0
ETH,ETH_6276,Moyale ,25.0,2020,2025,292624.0,2.268492,16244517.0
ETH,ETH_6327,Mudula,39.0,2020,2025,63145.0,1.365549,4489324.0
ETH,ETH_6334,Muger,5.0,2020,2025,17883.0,0.773493,3861493.0
ETH,ETH_6347,Muke Turi,5.0,2020,2025,36534.0,0.772577,4036590.0
ETH,ETH_6490,Nada,6.0,2020,2025,18046.0,0.698113,3895086.0
ETH,ETH_6647,Nefas Mewicha,7.0,2020,2025,30070.0,1.030254,5753729.0
ETH,ETH_6650,Negele,13.0,2020,2025,168705.0,2.245012,12158524.0
ETH,ETH_6652,Nejo,6.0,2020,2025,21372.0,0.752548,4316777.0
ETH,ETH_6654,Nekemte,25.0,2020,2025,198678.0,5.017578,43071712.0
ETH,ETH_6951,Obora,1.0,2020,2025,3788.0,0.260546,1214832.0
ETH,ETH_6993,Ogolcho,3.0,2020,2025,14934.0,0.459969,1767655.0
ETH,ETH_7076,Olonkomi,5.0,2020,2025,7709.0,0.529879,2299908.0
ETH,ETH_7330,Pigniwedo,2.0,2020,2025,11105.0,0.400865,1490568.0
ETH,ETH_7425,Qericha,8.0,2020,2025,59764.0,0.742934,2254119.0
ETH,ETH_7426,Qersa,3.0,2020,2025,12406.0,0.35268,1492971.0
ETH,ETH_7439,Qoqa,4.0,2020,2025,8056.0,0.545593,1942913.0
ETH,ETH_7440,Qore,3.0,2020,2025,20879.0,0.54086,3148996.0
ETH,ETH_7516,Rim,6.0,2020,2025,14175.0,0.287886,834282.0
ETH,ETH_7527,Rob Gebeya,4.0,2020,2025,23620.0,0.384659,1630579.0
ETH,ETH_7529,Robe 1,24.0,2020,2025,123835.0,4.895532,29008530.0
ETH,ETH_7530,Robe 2,7.0,2020,2025,37276.0,1.116666,6201909.0
ETH,ETH_7532,Robit 2,4.0,2020,2025,14338.0,0.411329,1731346.0
ETH,ETH_7533,Robit 1,4.0,2020,2025,4481.0,0.300744,973049.0
ETH,ETH_7544,Ropi,3.0,2020,2025,7576.0,0.160877,402236.0
ETH,ETH_764,Alkeso,4.0,2020,2025,13006.0,0.410464,1753908.0
ETH,ETH_7655,Sagure,7.0,2020,2025,20157.0,1.150551,6807205.0
ETH,ETH_7762,Sanja,2.0,2020,2025,45465.0,0.265634,1539584.0
ETH,ETH_7808,Sawula,25.0,2020,2025,90325.0,1.973326,8882901.0
ETH,ETH_7840,Seka,5.0,2020,2025,39259.0,0.676156,3660876.0
ETH,ETH_7847,Sekota,4.0,2020,2025,38490.0,0.835367,6656352.0
ETH,ETH_7851,Selekileha,3.0,2020,2025,18041.0,0.279879,1375127.0
ETH,ETH_7863,Senbete,4.0,2020,2025,29760.0,0.513303,2773013.0
ETH,ETH_7864,Sendafa,16.0,2020,2025,26152.0,2.598992,13703207.0
ETH,ETH_7869,Sengo Gebeya,4.0,2020,2025,3184.0,0.206787,516814.0
ETH,ETH_7884,Seyo 1,22.0,2020,2025,44509.0,2.39075,12178861.0
ETH,ETH_7885,Seyo 2,2.0,2020,2025,15312.0,0.274777,1140996.0
ETH,ETH_7906,Shahura,3.0,2020,2025,31914.0,0.515725,2796324.0
ETH,ETH_7907,Shakiso,7.0,2020,2025,36875.0,1.277245,8562682.0
ETH,ETH_7918,Shambu,7.0,2020,2025,37255.0,1.24644,7951320.0
ETH,ETH_7945,Shashemene,79.0,2020,2025,442738.0,12.024821,74997072.0
ETH,ETH_7956,Shay Bench,4.0,2020,2025,29001.0,0.329475,1035905.0
ETH,ETH_7960,Shebe,6.0,2020,2025,9359.0,0.402968,1886788.0
ETH,ETH_7961,Shek,19.0,2020,2025,22689.0,0.785042,3730401.0
ETH,ETH_7967,Shendi,4.0,2020,2025,17223.0,0.720358,4203636.0
ETH,ETH_7968,Shere Horera,2.0,2020,2025,1536.0,0.080353,200940.0
ETH,ETH_7969,Shewa Robit,7.0,2020,2025,39286.0,1.432038,8431350.0
ETH,ETH_7985,Shiraro,6.0,2020,2025,28924.0,0.901402,4851874.0
ETH,ETH_7987,Shire Enidasilase,17.0,2020,2025,68962.0,2.382863,13227515.0
ETH,ETH_8033,Side,4.0,2020,2025,7352.0,0.340853,993565.0
ETH,ETH_8088,Sigmo,5.0,2020,2025,15156.0,0.600746,3858460.0
ETH,ETH_8098,Siltana,4.0,2020,2025,18444.0,0.644612,4225785.0
ETH,ETH_8122,Sire 2,3.0,2020,2025,16185.0,0.457619,2410776.0
ETH,ETH_8123,Sire 1,4.0,2020,2025,24078.0,0.60024,2813190.0
ETH,ETH_8126,Siribo,7.0,2020,2025,16049.0,0.565549,2599062.0
ETH,ETH_8131,Sitir Dirma,1.0,2020,2025,1084.0,0.081363,203439.0
ETH,ETH_8144,Sodo,2254.0,2020,2025,2468296.0,71.812224,236394848.0
ETH,ETH_8155,Sokoru,4.0,2020,2025,2734.0,0.464481,2091856.0
ETH,ETH_8158,Solomo,10.0,2020,2025,52627.0,0.853307,3163798.0
ETH,ETH_8226,Sululta,30.0,2020,2025,76247.0,5.212467,36450384.0
ETH,ETH_8380,Tapi,11.0,2020,2025,130660.0,1.403951,7636429.0
ETH,ETH_8422,Tebela,13.0,2020,2025,37526.0,0.812013,3949172.0
ETH,ETH_8454,Tercha,4.0,2020,2025,47565.0,0.484839,1782713.0
ETH,ETH_8505,Tijo,2.0,2020,2025,5808.0,0.347558,2010191.0
ETH,ETH_8506,Tikil Dingay,2.0,2020,2025,14658.0,0.374961,2020434.0
ETH,ETH_8509,Tilili,26.0,2020,2025,41853.0,1.628672,7747834.0
ETH,ETH_8525,Tis Abay,1.0,2020,2025,10569.0,0.219276,892363.0
ETH,ETH_8545,Toba,3.0,2020,2025,7888.0,0.417869,1999641.0
ETH,ETH_8554,Toli Beyem,3.0,2020,2025,6091.0,0.36654,1859837.0
ETH,ETH_8573,Tora,5.0,2020,2025,27243.0,0.712464,3287660.0
ETH,ETH_8656,Tuche Angalo,2.0,2020,2025,2845.0,0.17674,885255.0
ETH,ETH_8669,Tulu Bolo,8.0,2020,2025,42953.0,1.409324,8296952.0
ETH,ETH_8687,Turre Wetera Elemo,1.0,2020,2025,528.0,0.017095,42756.0
ETH,ETH_8905,Wacha,3.0,2020,2025,11812.0,0.257333,874988.0
ETH,ETH_8926,Togo Chale town ,9.0,2020,2025,34807.0,0.547144,3519667.0
ETH,ETH_8929,Waka,6.0,2020,2025,24928.0,0.303411,963701.0
ETH,ETH_8954,Warder,7.0,2020,2025,112265.0,0.857788,3995778.0
ETH,ETH_8971,Wayu,4.0,2020,2025,17197.0,0.486514,1963386.0
ETH,ETH_8974,Wegada,4.0,2020,2025,19866.0,0.690982,3967111.0
ETH,ETH_8975,Wegel Tena,8.0,2020,2025,18285.0,0.841671,5007599.0
ETH,ETH_8976,Weken,3.0,2020,2025,11885.0,0.272801,1145026.0
ETH,ETH_8977,Welenchiti,5.0,2020,2025,32442.0,0.917465,4759619.0
ETH,ETH_8978,Weliso,26.0,2020,2025,74341.0,4.048395,22662000.0
ETH,ETH_8979,Welkite,15.0,2020,2025,48800.0,2.873264,19384820.0
ETH,ETH_8986,Werabe,22.0,2020,2025,31263.0,1.891762,8801179.0
ETH,ETH_8987,Were Ilu,5.0,2020,2025,14038.0,0.745409,4361930.0
ETH,ETH_8988,Were Mehamed,9.0,2020,2025,29096.0,0.79656,2128038.0
ETH,ETH_8990,Wereta,8.0,2020,2025,39591.0,1.255989,7650862.0
ETH,ETH_8991,Wergesa,3.0,2020,2025,10872.0,0.333172,1110141.0
ETH,ETH_8996,Wetet Abay,4.0,2020,2025,27220.0,0.398594,1249438.0
ETH,ETH_9009,Woldiya,18.0,2020,2025,160944.0,2.77168,19763482.0
ETH,ETH_9013,Wonji Gefersa,5.0,2020,2025,27211.0,0.987461,4520345.0
ETH,ETH_9014,Wonji Shewa Sugar Cane Plantat,2.0,2020,2025,8864.0,0.308047,1514212.0
ETH,ETH_9018,Wuchale,4.0,2020,2025,9850.0,0.466225,3166192.0
ETH,ETH_9021,Wukro,10.0,2020,2025,61295.0,1.460699,9385098.0
ETH,ETH_9036,Yabelo,11.0,2020,2025,61449.0,1.271155,5919740.0
ETH,ETH_9038,Yachiaurache,2.0,2020,2025,2903.0,0.160992,428274.0
ETH,ETH_9062,Yaya,3.0,2020,2025,43120.0,0.372599,1817214.0
ETH,ETH_9063,Yayu,6.0,2020,2025,25323.0,0.442484,1828413.0
ETH,ETH_9064,Yebokila,4.0,2020,2025,2961.0,0.30223,830311.0
ETH,ETH_9068,Yejube,7.0,2020,2025,32230.0,0.765806,3653210.0
ETH,ETH_9075,Yenache,13.0,2020,2025,3606.0,0.3714,928754.0
ETH,ETH_9078,Yezeleka,5.0,2020,2025,6962.0,0.486634,2025477.0
ETH,ETH_9083,Yirga Chefe,64.0,2020,2025,237824.0,2.715845,9340707.0
ETH,ETH_9162,Zeway/Batu,23.0,2020,2025,145696.0,7.237116,66888520.0
GAB,GAB_1957,Bitam,5.0,2020,2025,9162.0,0.923015,4653502.0
GAB,GAB_3277,Franceville,32.0,2020,2025,111097.0,5.734597,48374196.0
GAB,GAB_3344,Gamba,5.0,2020,2025,7012.0,1.105695,5751529.0
GAB,GAB_5015,Koulamoutou,9.0,2020,2025,21695.0,1.566624,13575819.0
GAB,GAB_5209,Lambaréné,12.0,2020,2025,29815.0,2.329394,13750682.0
GAB,GAB_5232,Lastoursville,4.0,2020,2025,7633.0,0.608798,2632635.0
GAB,GAB_5271,Libreville,271.0,2020,2025,1008648.0,62.822144,574734976.0
GAB,GAB_5573,Makokou,8.0,2020,2025,16099.0,2.094831,13063283.0
GAB,GAB_6173,Moanda,15.0,2020,2025,36519.0,2.796829,19190538.0
GAB,GAB_6265,Mouila,21.0,2020,2025,26681.0,3.44031,18277354.0
GAB,GAB_7040,Okondja,4.0,2020,2025,6360.0,0.746325,3870809.0
GAB,GAB_7246,Oyem,20.0,2020,2025,50499.0,3.94762,27836028.0
GAB,GAB_7363,Port-Gentil,56.0,2020,2025,160103.0,12.314148,80208432.0
GAB,GAB_8415,Tchibanga,14.0,2020,2025,23114.0,2.269062,13081390.0
GHA,GHA_1141,Amanten,4.0,2020,2025,14202.0,0.755185,3722554.0
GHA,GHA_1223,Kilkor,43.0,2020,2025,67393.0,5.941478,34717932.0
GHA,GHA_1224,Anloga,37.0,2020,2025,115910.0,7.863254,50062688.0
GHA,GHA_1245,Anyiman,6.0,2020,2025,28665.0,1.315996,7772360.0
GHA,GHA_1251,Apam,20.0,2020,2025,45866.0,1.939409,8932298.0
GHA,GHA_1252,Apedwa,4.0,2020,2025,10078.0,0.720911,3612609.0
GHA,GHA_1307,Asamankese,27.0,2020,2025,95950.0,3.942452,25610428.0
GHA,GHA_1308,Asankragwa,10.0,2020,2025,29128.0,1.409622,9969205.0
GHA,GHA_1309,Asanwinso,7.0,2020,2025,29528.0,1.28337,8912254.0
GHA,GHA_132,Abuesi,5.0,2020,2025,24917.0,0.967453,7819896.0
GHA,GHA_1344,Assin Foso,22.0,2020,2025,73056.0,3.73773,24751636.0
GHA,GHA_1348,Asuom,5.0,2020,2025,23579.0,0.953289,7181092.0
GHA,GHA_1355,Atebubu,20.0,2020,2025,91818.0,3.965029,25028078.0
GHA,GHA_139,Abura Dunkwa,5.0,2020,2025,20240.0,0.837734,4586948.0
GHA,GHA_1414,Axim,4.0,2020,2025,27995.0,0.918932,6112262.0
GHA,GHA_145,Accra,1703.0,2020,2025,6712764.0,395.840384,2934322432.0
GHA,GHA_1464,Badu,5.0,2020,2025,16369.0,0.879336,4892842.0
GHA,GHA_152,Ada Foah,5.0,2020,2025,17088.0,1.157461,7736281.0
GHA,GHA_168,Adeiso,5.0,2020,2025,25841.0,0.788945,4274658.0
GHA,GHA_1730,Bawjiase,13.0,2020,2025,45439.0,1.636462,10367005.0
GHA,GHA_1731,Bawku,66.0,2020,2025,126388.0,7.742294,38771800.0
GHA,GHA_1749,Bechem,8.0,2020,2025,26883.0,1.496399,7618247.0
GHA,GHA_1758,Begoro,8.0,2020,2025,34369.0,1.612603,11428841.0
GHA,GHA_1835,Berekum,60.0,2020,2025,138446.0,10.330473,67936704.0
GHA,GHA_1848,Besease,4.0,2020,2025,20400.0,0.65597,3766802.0
GHA,GHA_187,Adina,4.0,2020,2025,6009.0,0.699187,2527336.0
GHA,GHA_1870,Bibiani,15.0,2020,2025,66980.0,2.39506,15846871.0
GHA,GHA_1905,Bimbilla,12.0,2020,2025,62968.0,2.410171,15396350.0
GHA,GHA_1987,Bodomase,5.0,2020,2025,14464.0,0.802385,4709778.0
GHA,GHA_1999,Bogoso,13.0,2020,2025,49701.0,2.030213,15243378.0
GHA,GHA_2020,Bole,11.0,2020,2025,45764.0,2.077642,11181270.0
GHA,GHA_2021,Bolgatanga,151.0,2020,2025,207741.0,16.390669,93399488.0
GHA,GHA_203,Adoagyiri,23.0,2020,2025,45003.0,2.386448,11130032.0
GHA,GHA_2052,Bonyere,5.0,2020,2025,12811.0,0.653376,2617089.0
GHA,GHA_2161,Breman Brakwa,3.0,2020,2025,14761.0,0.574932,3459472.0
GHA,GHA_2162,Breman Odoben,3.0,2020,2025,16110.0,0.570378,3733258.0
GHA,GHA_2163,Brenan Asikuma,4.0,2020,2025,35454.0,1.113464,7199997.0
GHA,GHA_2194,Buipe,7.0,2020,2025,41578.0,1.432069,8238539.0
GHA,GHA_2235,Bunkpurugu,13.0,2020,2025,28232.0,1.442509,6281584.0
GHA,GHA_229,Afosu,8.0,2020,2025,28966.0,1.37544,8337185.0
GHA,GHA_2334,Cape Coast,67.0,2020,2025,261135.0,11.452913,90840584.0
GHA,GHA_2363,Chamba,3.0,2020,2025,9860.0,0.571025,3513654.0
GHA,GHA_2439,Chiraa,9.0,2020,2025,21287.0,1.721048,8971775.0
GHA,GHA_2569,Dambai,9.0,2020,2025,45740.0,1.796903,14056772.0
GHA,GHA_2577,Damongo,9.0,2020,2025,39541.0,1.727855,10850464.0
GHA,GHA_265,Agogo,9.0,2020,2025,48749.0,2.061305,14004956.0
GHA,GHA_267,Agona,7.0,2020,2025,22687.0,1.134583,5938607.0
GHA,GHA_268,Agona Kwanyako,4.0,2020,2025,14972.0,0.595357,3157687.0
GHA,GHA_269,Agona nkwanta,14.0,2020,2025,44286.0,1.724578,8675258.0
GHA,GHA_2696,Derma,4.0,2020,2025,11915.0,0.721108,3543955.0
GHA,GHA_270,Agona Nsaba,7.0,2020,2025,28013.0,1.075698,6195448.0
GHA,GHA_271,Agona Nyakrom,6.0,2020,2025,16699.0,0.840909,4639461.0
GHA,GHA_2715,Diare,3.0,2020,2025,9619.0,0.552006,3417400.0
GHA,GHA_272,Agona Swedru,49.0,2020,2025,193658.0,8.914667,62314960.0
GHA,GHA_2845,Dompoase,6.0,2020,2025,15969.0,0.908362,4714147.0
GHA,GHA_2861,Dormaa Ahenkro,35.0,2020,2025,76385.0,5.033093,29483388.0
GHA,GHA_2887,Drobo,13.0,2020,2025,58444.0,2.80878,17571448.0
GHA,GHA_2891,Duadaso No.2,4.0,2020,2025,14585.0,0.634614,3485545.0
GHA,GHA_2893,Duayaw Nkwanta,11.0,2020,2025,29034.0,1.958224,10796580.0
GHA,GHA_2913,Dunkwa-on-Offin,14.0,2020,2025,73191.0,3.126471,23319008.0
GHA,GHA_2932,Dzemeni,3.0,2020,2025,11642.0,0.814173,4920634.0
GHA,GHA_2933,Dzita Agbledomi,3.0,2020,2025,6189.0,0.729107,3996884.0
GHA,GHA_2934,Dzodze,16.0,2020,2025,49068.0,2.916981,19677934.0
GHA,GHA_2989,Ejura,18.0,2020,2025,78791.0,3.338975,20776740.0
GHA,GHA_30,Abetifi,8.0,2020,2025,24195.0,1.326385,7178152.0
GHA,GHA_3085,Elmina,12.0,2020,2025,57088.0,1.987018,12095191.0
GHA,GHA_3087,Elubo,2.0,2020,2025,16739.0,0.549572,3607369.0
GHA,GHA_3106,Enchi,8.0,2020,2025,20100.0,1.18199,6395938.0
GHA,GHA_3142,Esiama,8.0,2020,2025,19311.0,0.969608,4099964.0
GHA,GHA_3345,Gambaga,5.0,2020,2025,21664.0,0.749012,3614839.0
GHA,GHA_3544,Goaso,16.0,2020,2025,42135.0,2.413071,13175906.0
GHA,GHA_3677,Gushiegu,7.0,2020,2025,43590.0,1.283959,6710959.0
GHA,GHA_3717,Half Assini,5.0,2020,2025,21057.0,0.876145,4341275.0
GHA,GHA_379,Aiyinase,9.0,2020,2025,36604.0,1.386437,6711402.0
GHA,GHA_3795,Hemang,6.0,2020,2025,21396.0,0.907786,4731123.0
GHA,GHA_3819,Ho,71.0,2020,2025,176350.0,12.964758,88910832.0
GHA,GHA_3820,Hohoe,27.0,2020,2025,101651.0,4.586295,30450980.0
GHA,GHA_399,Akatsi,15.0,2020,2025,53378.0,3.066252,21849254.0
GHA,GHA_405,Akim Achiase,7.0,2020,2025,30723.0,1.262025,7612977.0
GHA,GHA_406,Akim Akroso,5.0,2020,2025,22038.0,0.839522,4831035.0
GHA,GHA_409,Akim Oda,29.0,2020,2025,98026.0,5.219316,36383424.0
GHA,GHA_410,Akim Swedru,10.0,2020,2025,26391.0,1.421105,8532234.0
GHA,GHA_416,Afrancho,12.0,2020,2025,37333.0,2.101483,12332630.0
GHA,GHA_4166,Jacobu,5.0,2020,2025,21536.0,0.706587,4190827.0
GHA,GHA_4183,Jamasi,8.0,2020,2025,22667.0,1.196655,6283122.0
GHA,GHA_4187,Jasikan,9.0,2020,2025,22274.0,1.222604,6714659.0
GHA,GHA_419,Akosombo,5.0,2020,2025,21245.0,1.083723,8811627.0
GHA,GHA_4217,Jirapa,13.0,2020,2025,27463.0,2.165368,11459687.0
GHA,GHA_4230,Juapong,8.0,2020,2025,34043.0,1.767625,11416554.0
GHA,GHA_4283,Kade,12.0,2020,2025,44055.0,2.134595,13949671.0
GHA,GHA_4287,Kadjebi,7.0,2020,2025,21501.0,0.935953,5138946.0
GHA,GHA_430,Akwatia,14.0,2020,2025,42103.0,2.285552,14649817.0
GHA,GHA_44,Abofour,6.0,2020,2025,27539.0,1.19405,8568885.0
GHA,GHA_4554,Karaga,6.0,2020,2025,35820.0,1.065629,5767920.0
GHA,GHA_4616,Kasseh,11.0,2020,2025,25441.0,1.71985,8594612.0
GHA,GHA_4715,Kenyasi 2,11.0,2020,2025,28660.0,2.096535,12411195.0
GHA,GHA_4733,Kete-Krachi,7.0,2020,2025,31646.0,1.373367,9089432.0
GHA,GHA_4779,Kibi,14.0,2020,2025,28400.0,1.973999,9176235.0
GHA,GHA_4859,Kintampo,29.0,2020,2025,112171.0,5.157881,36643672.0
GHA,GHA_4943,Koforidua,97.0,2020,2025,290471.0,18.501968,127150704.0
GHA,GHA_4971,Komenda,4.0,2020,2025,14804.0,0.661197,3262445.0
GHA,GHA_4988,Konongo,36.0,2020,2025,86310.0,5.707427,39378456.0
GHA,GHA_5039,Kpandai,6.0,2020,2025,30199.0,0.944308,6541895.0
GHA,GHA_5041,Kpandu,16.0,2020,2025,47726.0,3.276404,22917504.0
GHA,GHA_5042,Kpassa,8.0,2020,2025,49942.0,1.749249,12886320.0
GHA,GHA_5112,Kumasi,913.0,2020,2025,3285516.0,198.060512,1489944064.0
GHA,GHA_5113,Kumawu,4.0,2020,2025,15073.0,0.689374,4410994.0
GHA,GHA_5156,Kwame Danso,7.0,2020,2025,28557.0,1.364878,9270493.0
GHA,GHA_5157,Kwamekrom,3.0,2020,2025,10899.0,0.648797,3784661.0
GHA,GHA_5226,Larteh,2.0,2020,2025,9385.0,0.472317,3059301.0
GHA,GHA_5316,Lome/Aflao/Tokor [GHA] 2,16.0,2020,2025,118521.0,4.923334,38090040.0
GHA,GHA_5466,Mafi Kumase,5.0,2020,2025,13780.0,0.798713,4185344.0
GHA,GHA_5630,Mampong,23.0,2020,2025,82179.0,4.309852,27040760.0
GHA,GHA_5668,Mankesim,37.0,2020,2025,142224.0,6.18918,38999888.0
GHA,GHA_5952,Mepe,9.0,2020,2025,31425.0,1.769559,9595409.0
GHA,GHA_6166,Mmem,12.0,2020,2025,32948.0,1.999434,10853649.0
GHA,GHA_6290,Mpohor,4.0,2020,2025,14357.0,0.580603,2830511.0
GHA,GHA_6517,Nalerigu,8.0,2020,2025,45926.0,1.663829,8515524.0
GHA,GHA_6571,Navrongo,67.0,2020,2025,76166.0,8.257883,40379692.0
GHA,GHA_6671,New Ebiduase,6.0,2020,2025,27501.0,1.00657,6680584.0
GHA,GHA_6675,New Tafo,29.0,2020,2025,84926.0,4.73496,29032080.0
GHA,GHA_6789,Nkawkaw,38.0,2020,2025,125374.0,6.662495,46340616.0
GHA,GHA_6791,Nkenkaasu,4.0,2020,2025,14966.0,0.83494,5244737.0
GHA,GHA_6803,Nkoranza,19.0,2020,2025,68188.0,3.711106,23271646.0
GHA,GHA_6808,Nkrankwanta,4.0,2020,2025,16162.0,0.898416,4953413.0
GHA,GHA_6811,Nkwanta,9.0,2020,2025,58303.0,1.710752,10537930.0
GHA,GHA_6812,Nkwatanum-Essiam,4.0,2020,2025,22732.0,0.822424,4732471.0
GHA,GHA_6813,Bepong,22.0,2020,2025,58563.0,3.638968,22970620.0
GHA,GHA_6862,Nsawkaw,5.0,2020,2025,19851.0,0.823824,4015655.0
GHA,GHA_6868,Nsuatre,11.0,2020,2025,22035.0,1.821106,9879145.0
GHA,GHA_6870,Nsuta,6.0,2020,2025,16546.0,1.00415,4538966.0
GHA,GHA_6922,Nyinahin,5.0,2020,2025,22748.0,0.922436,5762765.0
GHA,GHA_6948,Obogu,4.0,2020,2025,13282.0,0.635665,3927973.0
GHA,GHA_6952,Obuasi,52.0,2020,2025,220415.0,10.732696,81519056.0
GHA,GHA_6975,Offinso,30.0,2020,2025,85687.0,4.504616,25434978.0
GHA,GHA_7065,Old Debiso,6.0,2020,2025,20322.0,1.166718,7496728.0
GHA,GHA_7287,Parambo,4.0,2020,2025,12383.0,0.739107,3927269.0
GHA,GHA_7298,Peki-Tsame,9.0,2020,2025,23975.0,1.406611,7322784.0
GHA,GHA_7378,Prestea,8.0,2020,2025,42421.0,1.539733,13466375.0
GHA,GHA_7687,Salaga,11.0,2020,2025,61071.0,2.145707,11621252.0
GHA,GHA_7723,Sampa,7.0,2020,2025,35880.0,1.308015,7108567.0
GHA,GHA_7725,Samreboi,5.0,2020,2025,13066.0,0.923443,4919200.0
GHA,GHA_7805,Savelugu,16.0,2020,2025,70146.0,2.671266,15281257.0
GHA,GHA_7829,Sefwi Bekwai,9.0,2020,2025,31653.0,1.370045,8039395.0
GHA,GHA_7830,Sefwi Wiawso,17.0,2020,2025,51811.0,2.61461,13950956.0
GHA,GHA_7838,Seikwa,6.0,2020,2025,14658.0,0.843902,4028115.0
GHA,GHA_7871,Senya Bereku,11.0,2020,2025,32021.0,1.373573,7294063.0
GHA,GHA_8147,Sogakope,16.0,2020,2025,39658.0,2.639987,16203294.0
GHA,GHA_8162,Somanya,59.0,2020,2025,211101.0,11.317326,75477288.0
GHA,GHA_8220,Suhum,18.0,2020,2025,96725.0,3.683789,28798516.0
GHA,GHA_8239,Sunyani,168.0,2020,2025,293575.0,25.8177,174692128.0
GHA,GHA_8302,Takoradi,157.0,2020,2025,618324.0,29.86306,249354496.0
GHA,GHA_8324,Tamale,330.0,2020,2025,799479.0,44.304424,298117792.0
GHA,GHA_8388,Tarkwa,44.0,2020,2025,193310.0,7.848061,64600696.0
GHA,GHA_8394,Tatale,5.0,2020,2025,21531.0,0.962754,4743211.0
GHA,GHA_8427,Techiman,99.0,2020,2025,318496.0,19.70866,132050152.0
GHA,GHA_8428,Techimantia,6.0,2020,2025,20224.0,1.195341,6558731.0
GHA,GHA_8434,Teleku Bokazo,3.0,2020,2025,6092.0,0.278366,1034007.0
GHA,GHA_8452,Tepa,9.0,2020,2025,34349.0,1.750322,10251546.0
GHA,GHA_8649,Tsito,6.0,2020,2025,14294.0,0.966971,5612527.0
GHA,GHA_8673,Tumu,7.0,2020,2025,26757.0,1.368358,8447342.0
GHA,GHA_8692,Twifo Praso,9.0,2020,2025,39264.0,1.427813,9215620.0
GHA,GHA_8903,Wa,92.0,2020,2025,197351.0,15.582246,88795024.0
GHA,GHA_8932,Walewale,15.0,2020,2025,66050.0,2.419063,16976052.0
GHA,GHA_8942,Wamfie,12.0,2020,2025,35133.0,2.428044,13225560.0
GHA,GHA_8985,Wenchi,27.0,2020,2025,83829.0,4.491728,26507232.0
GHA,GHA_9000,Wiamoase,4.0,2020,2025,17693.0,0.795356,4741485.0
GHA,GHA_9003,Winneba,51.0,2020,2025,133863.0,6.242882,36397360.0
GHA,GHA_9022,Wulensi,4.0,2020,2025,17656.0,0.706802,4631913.0
GHA,GHA_9053,Yamfo,7.0,2020,2025,16473.0,1.109201,5845540.0
GHA,GHA_9066,Yegyi,13.0,2020,2025,77918.0,2.71384,16611591.0
GHA,GHA_9077,Yendi,27.0,2020,2025,110035.0,4.621772,27559770.0
GHA,GHA_9101,Zabzugu,6.0,2020,2025,29423.0,1.020165,5734860.0
GIN,GIN_1528,Balato,7.0,2020,2025,37199.0,1.549594,8234085.0
GIN,GIN_1567,Banankoro,5.0,2020,2025,65559.0,1.298736,8437112.0
GIN,GIN_1859,Beyla,6.0,2020,2025,31191.0,0.996773,6457862.0
GIN,GIN_1991,Boffa,5.0,2020,2025,11404.0,0.722727,3502826.0
GIN,GIN_2009,Boké,20.0,2020,2025,98468.0,3.225569,18491344.0
GIN,GIN_2500,Conakry,349.0,2020,2025,2682970.0,88.839624,656072640.0
GIN,GIN_2522,Dabola,16.0,2020,2025,23383.0,2.564789,14115577.0
GIN,GIN_2728,Diécké,6.0,2020,2025,16202.0,1.397427,9008306.0
GIN,GIN_2754,Dinguiraye,11.0,2020,2025,33050.0,1.805515,10536949.0
GIN,GIN_3197,Faranah,14.0,2020,2025,99085.0,3.329126,24292224.0
GIN,GIN_3262,Forécariah,8.0,2020,2025,37506.0,1.342736,8494108.0
GIN,GIN_3284,Fria,10.0,2020,2025,34574.0,2.525621,19495372.0
GIN,GIN_3285,Friguiagbe-Centre,4.0,2020,2025,13321.0,0.575883,3038454.0
GIN,GIN_3370,Gaoual,4.0,2020,2025,22181.0,0.588121,2637424.0
GIN,GIN_3625,Guéckédou,16.0,2020,2025,68468.0,2.978679,21030096.0
GIN,GIN_4488,Kamsar,35.0,2020,2025,79270.0,5.937568,41110192.0
GIN,GIN_4514,Kankan,60.0,2020,2025,330859.0,12.452891,78931296.0
GIN,GIN_4727,Kérouané,7.0,2020,2025,25511.0,1.456323,9234600.0
GIN,GIN_4850,Kindia,66.0,2020,2025,230895.0,12.53852,94042768.0
GIN,GIN_4861,Kintinian,5.0,2020,2025,29310.0,1.021715,5392577.0
GIN,GIN_4902,Kissidougou,34.0,2020,2025,118714.0,6.569254,46622020.0
GIN,GIN_5022,Koundara,18.0,2020,2025,31122.0,2.801423,15568061.0
GIN,GIN_5029,Kouroussa,10.0,2020,2025,55002.0,2.039365,12120860.0
GIN,GIN_5036,Koyamah,2.0,2020,2025,5159.0,0.344679,1574599.0
GIN,GIN_5189,Labé,100.0,2020,2025,192502.0,16.747868,98913712.0
GIN,GIN_5313,Lola,13.0,2020,2025,43118.0,2.644299,20625240.0
GIN,GIN_5426,Macenta,15.0,2020,2025,95473.0,2.836702,17158442.0
GIN,GIN_5464,Maférénya,35.0,2020,2025,34207.0,2.28039,9539868.0
GIN,GIN_5627,Mamou,33.0,2020,2025,114643.0,6.002134,49097760.0
GIN,GIN_5644,Mandiana,14.0,2020,2025,20050.0,2.257675,12012409.0
GIN,GIN_6926,Nzerekore,60.0,2020,2025,318606.0,12.882628,111689560.0
GIN,GIN_7337,Pita,21.0,2020,2025,40743.0,3.509006,22567544.0
GIN,GIN_7605,Sabadou-Baranama,1.0,2020,2025,15573.0,0.182511,684361.0
GIN,GIN_7749,Sangarédi,17.0,2020,2025,105255.0,2.90385,18482636.0
GIN,GIN_8090,Siguiri,58.0,2020,2025,195524.0,10.30986,63688008.0
GIN,GIN_8091,Siguirini,4.0,2020,2025,19877.0,0.905036,5878501.0
GIN,GIN_8437,Tétélélé,13.0,2020,2025,31876.0,1.866171,9570712.0
GIN,GIN_8511,Timbi-Madina,12.0,2020,2025,15084.0,2.128696,11457643.0
GIN,GIN_8518,Tinsinkoro,1.0,2020,2025,4309.0,0.315369,1479552.0
GIN,GIN_8564,Tondon,1.0,2020,2025,3364.0,0.202281,786580.0
GIN,GIN_8592,Tougnifili,2.0,2020,2025,4048.0,0.219169,795008.0
GIN,GIN_9089,Yomou,4.0,2020,2025,8667.0,0.552312,3436160.0
GMB,GMB_1645,Banjul,3.0,2020,2025,45620.0,0.918911,7507182.0
GMB,GMB_1706,Basse Santo-Su,10.0,2020,2025,63198.0,1.968324,11347698.0
GMB,GMB_3150,Essau,8.0,2020,2025,44611.0,1.297173,7028639.0
GMB,GMB_3195,Farafenni,11.0,2020,2025,19307.0,1.66168,9365144.0
GMB,GMB_3668,Gunjur,12.0,2020,2025,40359.0,1.478054,6874838.0
GMB,GMB_7876,Banjul,345.0,2020,2025,1193253.0,58.377268,370806432.0
GMB,GMB_8160,Soma,7.0,2020,2025,13578.0,1.369761,6522259.0
GNB,GNB_1467,Bafata,8.0,2020,2025,58593.0,1.921969,12170117.0
GNB,GNB_1951,Bissau,82.0,2020,2025,573995.0,20.741656,148858944.0
GNB,GNB_1953,Bissora,3.0,2020,2025,16774.0,0.609077,3458995.0
GNB,GNB_2330,Canchungo,16.0,2020,2025,21872.0,1.873108,9082024.0
GNB,GNB_3311,Gabu,12.0,2020,2025,58597.0,2.807351,17206352.0
GNB,GNB_7090,Ondame,7.0,2020,2025,14951.0,0.844984,2536070.0
GNQ,GNQ_1710,Bata,70.0,2020,2025,364483.0,17.028504,145859120.0
GNQ,GNQ_5592,Malabo,55.0,2020,2025,368422.0,11.782573,108708488.0
GNQ,GNQ_5989,Micomeseng,4.0,2020,2025,8644.0,0.273535,1177293.0
GNQ,GNQ_6220,Mongomo,10.0,2020,2025,64518.0,1.760131,10087942.0
GNQ,GNQ_6754,Niefang,4.0,2020,2025,25053.0,0.56513,2156720.0
KEN,KEN_2525,Dadaab,5.0,2020,2025,56562.0,0.647831,2768726.0
KEN,KEN_2530,Dagahaley,8.0,2020,2025,10232.0,0.356931,892506.0
KEN,KEN_3074,El Wak,12.0,2020,2025,121436.0,2.185527,11884932.0
KEN,KEN_3076,Elburgon,32.0,2020,2025,44984.0,3.174149,17185140.0
KEN,KEN_3077,Eldama Ravine,40.0,2020,2025,34713.0,3.444781,14996587.0
KEN,KEN_3094,Embu,5532.0,2020,2025,4573704.0,344.471712,972992832.0
KEN,KEN_3387,Garissa,49.0,2020,2025,252680.0,9.938755,60352920.0
KEN,KEN_3505,Gilgil,32.0,2020,2025,73787.0,3.517834,15925522.0
KEN,KEN_3560,Golini,13.0,2020,2025,16744.0,0.893845,3196751.0
KEN,KEN_3822,Hola,11.0,2020,2025,91268.0,1.550083,6748115.0
KEN,KEN_4114,Isiolo,33.0,2020,2025,139429.0,4.900004,25350878.0
KEN,KEN_4134,Iten,220.0,2020,2025,132096.0,10.913946,29145870.0
KEN,KEN_4247,Kabarnet,28.0,2020,2025,31346.0,2.552219,10592706.0
KEN,KEN_4417,Kajiado,11.0,2020,2025,38311.0,1.447282,7716505.0
KEN,KEN_4431,Kakuma,28.0,2020,2025,148759.0,4.839194,27533144.0
KEN,KEN_4689,Keekonyokie,17.0,2020,2025,13268.0,0.727926,1819652.0
KEN,KEN_4764,Ki Li Fi,150.0,2020,2025,203955.0,7.78377,26730384.0
KEN,KEN_4811,Kikima,2102.0,2020,2025,1045301.0,129.65864,354654592.0
KEN,KEN_4833,Kimana,14.0,2020,2025,20957.0,0.761281,2997862.0
KEN,KEN_4903,Kisumu,21053.0,2020,2025,16395114.0,1157.560704,3230418176.0
KEN,KEN_4919,Kitui,583.0,2020,2025,263167.0,27.80916,73108640.0
KEN,KEN_5210,Lamu,5.0,2020,2025,9297.0,0.602771,3093937.0
KEN,KEN_5301,Lodwar,35.0,2020,2025,152405.0,5.48391,31248364.0
KEN,KEN_5571,Makindu,86.0,2020,2025,40338.0,3.92157,11864058.0
KEN,KEN_5610,Malindi,193.0,2020,2025,364887.0,14.836172,57912224.0
KEN,KEN_5643,Mandera,23.0,2020,2025,161120.0,4.376947,23416584.0
KEN,KEN_5711,Maralal,24.0,2020,2025,75591.0,2.041939,9367634.0
KEN,KEN_5721,Mariakani,61.0,2020,2025,163261.0,5.757807,21628716.0
KEN,KEN_5740,Marsabit,19.0,2020,2025,83211.0,2.077819,11928889.0
KEN,KEN_5810,Matuu,300.0,2020,2025,121262.0,18.484416,49002768.0
KEN,KEN_5870,Mbita,96.0,2020,2025,75634.0,6.362967,17451948.0
KEN,KEN_6186,Mogoto,12.0,2020,2025,14335.0,0.932575,2884451.0
KEN,KEN_6209,Molo,476.0,2020,2025,320197.0,21.973268,62595788.0
KEN,KEN_6212,Mombasa,237.0,2020,2025,1661253.0,42.932032,291688704.0
KEN,KEN_6277,Moyale ,26.0,2020,2025,109172.0,2.109543,14118785.0
KEN,KEN_6311,Mtito-Andei,49.0,2020,2025,21257.0,2.5905,7160108.0
KEN,KEN_6469,Mwingi,10.0,2020,2025,18677.0,1.213676,6521351.0
KEN,KEN_6509,Nairobi,1890.0,2020,2025,9262444.0,258.159248,1718708992.0
KEN,KEN_6510,Naivasha,621.0,2020,2025,479126.0,41.222504,129107600.0
KEN,KEN_6516,Nakuru,939.0,2020,2025,1211681.0,70.114456,283843616.0
KEN,KEN_6523,Namanga ,18.0,2020,2025,28379.0,1.054613,5429639.0
KEN,KEN_6551,Nanyuky,360.0,2020,2025,233603.0,23.594524,75723792.0
KEN,KEN_6557,Narok,28.0,2020,2025,85417.0,3.646983,19017986.0
KEN,KEN_6857,Nsambweni,20.0,2020,2025,22649.0,1.333203,4275109.0
KEN,KEN_6894,Nyahururu,526.0,2020,2025,254916.0,31.396256,88176192.0
KEN,KEN_7072,Oloitokitok,43.0,2020,2025,61555.0,2.193355,6541622.0
KEN,KEN_7502,Rhamu,9.0,2020,2025,106298.0,1.130947,4798040.0
KEN,KEN_8103,Simkumbe,38.0,2020,2025,52156.0,2.535465,7389201.0
KEN,KEN_8174,Sori,89.0,2020,2025,56283.0,5.123444,13576030.0
KEN,KEN_8215,Subokia,112.0,2020,2025,62869.0,6.271954,17508776.0
KEN,KEN_8225,Sultan Hamud aggl.,3.0,2020,2025,8908.0,0.426413,2298957.0
KEN,KEN_8230,Sumba,38.0,2020,2025,23742.0,2.545567,6868560.0
KEN,KEN_8400,Taveta,40.0,2020,2025,51759.0,2.743255,10454280.0
KEN,KEN_8474,Thika,100.0,2020,2025,426050.0,16.193724,97458496.0
KEN,KEN_8723,Ukunda,65.0,2020,2025,134439.0,5.575764,21620424.0
KEN,KEN_8792,Usenge,119.0,2020,2025,65241.0,6.11929,15590169.0
KEN,KEN_8885,Visoi,64.0,2020,2025,32529.0,3.020246,7848219.0
KEN,KEN_8890,Voi,27.0,2020,2025,49455.0,3.12764,19824820.0
KEN,KEN_8928,Wajir,50.0,2020,2025,118458.0,6.523308,33542360.0
KEN,KEN_8943,Wamumu,4.0,2020,2025,9051.0,0.59754,2203213.0
KEN,KEN_8982,Hagadera,9.0,2020,2025,111037.0,2.388936,14817496.0
KEN,KEN_9024,Wundyani,210.0,2020,2025,98487.0,11.625271,32484794.0
LBR,LBR_2044,Bongtown,3.0,2020,2025,8344.0,0.423358,1737834.0
LBR,LBR_2174,Buchanan,21.0,2020,2025,91615.0,3.8873,25426010.0
LBR,LBR_2837,Dolo Town,15.0,2020,2025,23431.0,1.273207,4848637.0
LBR,LBR_3275,Foya,7.0,2020,2025,34827.0,0.960071,5101012.0
LBR,LBR_3364,Ganta,26.0,2020,2025,103376.0,4.754411,32509340.0
LBR,LBR_3439,Gbarnga,31.0,2020,2025,113257.0,5.036304,36479824.0
LBR,LBR_3611,Greenville,7.0,2020,2025,39407.0,1.017734,4417283.0
LBR,LBR_3746,Harbel,7.0,2020,2025,26765.0,1.197297,5814425.0
LBR,LBR_3756,Harper,7.0,2020,2025,46521.0,1.154081,6241621.0
LBR,LBR_4423,Kakata,17.0,2020,2025,57770.0,2.787242,18571532.0
LBR,LBR_4957,Kolahun,3.0,2020,2025,11612.0,0.377611,1406356.0
LBR,LBR_6224,Monrovia,349.0,2020,2025,2001148.0,73.336912,535411680.0
LBR,LBR_6918,Nyea Blai,7.0,2020,2025,16028.0,0.781786,2487601.0
LBR,LBR_7343,Pleebo,7.0,2020,2025,48629.0,1.501941,12786416.0
LBR,LBR_7624,Saclepea,10.0,2020,2025,28553.0,1.441515,7747297.0
LBR,LBR_7767,Sanniquellie,15.0,2020,2025,46212.0,2.017168,12425321.0
LBR,LBR_8654,Tubmanburg,6.0,2020,2025,21506.0,0.697399,3022951.0
LBR,LBR_8891,Voinjama,10.0,2020,2025,50240.0,1.221615,6828271.0
LBR,LBR_9069,Yekepa,4.0,2020,2025,14747.0,0.547338,2004138.0
LBR,LBR_9202,Zwedru,15.0,2020,2025,114995.0,2.330534,14727806.0
LSO,LSO_2284,Butha Buthe,43.0,2020,2025,52975.0,4.769888,22420368.0
LSO,LSO_3818,Hlotse,26.0,2020,2025,36872.0,3.650896,18676546.0
LSO,LSO_5465,Mafeteng,30.0,2020,2025,38385.0,4.507881,23861798.0
LSO,LSO_5704,Maputsoe,30.0,2020,2025,46909.0,4.967877,27769544.0
LSO,LSO_5753,Maseru,192.0,2020,2025,396028.0,37.929064,263789600.0
LSO,LSO_6189,Mohale's Hoek,19.0,2020,2025,28346.0,2.620146,14003798.0
LSO,LSO_6279,Quthing,13.0,2020,2025,15813.0,1.325182,6390585.0
LSO,LSO_8463,Teyateyaneng,22.0,2020,2025,31535.0,3.005133,16409839.0
LSO,LSO_8647,Tsikoane,21.0,2020,2025,18607.0,1.755079,5534742.0
MDG,MDG_1155,Ambalavao,5.0,2020,2025,26348.0,0.831561,4954107.0
MDG,MDG_1157,Ambanja,7.0,2020,2025,73526.0,1.709228,11223309.0
MDG,MDG_1158,Ambato Ambarimay,2.0,2020,2025,16624.0,0.437186,2464410.0
MDG,MDG_1159,Ambatolampy,9.0,2020,2025,29543.0,1.172653,5114925.0
MDG,MDG_1160,Ambatomilona,1.0,2020,2025,8334.0,0.214556,779789.0
MDG,MDG_1161,Ambatondrazaka,5.0,2020,2025,62498.0,1.281941,11067378.0
MDG,MDG_1163,Ambilobe,10.0,2020,2025,70759.0,2.070248,12206895.0
MDG,MDG_1165,Amboasary Atsimo,2.0,2020,2025,25628.0,0.533855,2837522.0
MDG,MDG_1166,Sainte Marie,3.0,2020,2025,6480.0,0.226583,682368.0
MDG,MDG_1167,Ambohijanahary,1.0,2020,2025,2587.0,0.175512,716942.0
MDG,MDG_1168,Ambohitrimanjaka,7.0,2020,2025,29882.0,1.305626,9596938.0
MDG,MDG_1170,Ambositra I,8.0,2020,2025,29593.0,1.123097,6499122.0
MDG,MDG_1171,Ambovombe,5.0,2020,2025,46411.0,0.916228,4518559.0
MDG,MDG_1198,Analavory,2.0,2020,2025,14927.0,0.293425,1031108.0
MDG,MDG_1204,Andapa,4.0,2020,2025,32321.0,1.022475,5627996.0
MDG,MDG_1206,Andilamena,2.0,2020,2025,15730.0,0.40181,1950131.0
MDG,MDG_1233,Antalaha Ambonivohitra,10.0,2020,2025,112703.0,1.868183,12170350.0
MDG,MDG_1235,Antananarivo,279.0,2020,2025,2604221.0,58.115448,515827200.0
MDG,MDG_1236,Antanety II,4.0,2020,2025,15776.0,0.495428,2282679.0
MDG,MDG_1237,Antanifotsy,2.0,2020,2025,7970.0,0.299756,1002245.0
MDG,MDG_1238,Antsirabe,22.0,2020,2025,191715.0,4.692296,32924020.0
MDG,MDG_1239,Antsiranana,21.0,2020,2025,153599.0,5.190361,37304052.0
MDG,MDG_1240,Anstonihy,7.0,2020,2025,54164.0,1.365539,9921054.0
MDG,MDG_1285,Arivonimamo I,4.0,2020,2025,23091.0,0.674626,3653392.0
MDG,MDG_1756,Befandriana Nord,3.0,2020,2025,20259.0,0.643763,4754532.0
MDG,MDG_1781,Belo Tsiribihina,3.0,2020,2025,24390.0,0.581439,3634914.0
MDG,MDG_1851,Betafo,5.0,2020,2025,16475.0,0.399897,1568096.0
MDG,MDG_1858,Betroka,3.0,2020,2025,17060.0,0.635573,3091323.0
MDG,MDG_2066,Port-bergé,4.0,2020,2025,44528.0,0.867817,4965330.0
MDG,MDG_3194,Farafangana,6.0,2020,2025,69536.0,0.998517,5087173.0
MDG,MDG_3223,Fenerive Est,6.0,2020,2025,56371.0,1.073453,5569573.0
MDG,MDG_3225,Tampontanana Fenoarivo,6.0,2020,2025,41729.0,1.066059,6733192.0
MDG,MDG_3234,Fianarantsoa,27.0,2020,2025,176282.0,5.319823,52014572.0
MDG,MDG_3794,Hell-Ville,13.0,2020,2025,79415.0,2.066835,14649418.0
MDG,MDG_3955,Inhosy,5.0,2020,2025,44779.0,1.056151,5841232.0
MDG,MDG_4044,Imeritsiatosika,6.0,2020,2025,33311.0,0.95889,5209552.0
MDG,MDG_5460,Maevatanana I,2.0,2020,2025,30137.0,0.492595,3265839.0
MDG,MDG_5499,Mahabo,2.0,2020,2025,15500.0,0.423674,1761318.0
MDG,MDG_5502,Mahajanga,44.0,2020,2025,281406.0,7.905597,43679500.0
MDG,MDG_5523,Mahanoro,4.0,2020,2025,29975.0,0.561932,2510036.0
MDG,MDG_5543,Maintirano,3.0,2020,2025,24251.0,0.688258,3395385.0
MDG,MDG_5629,Mampikony I,4.0,2020,2025,23048.0,0.751325,4167454.0
MDG,MDG_5634,Manakara,7.0,2020,2025,37848.0,1.164443,5792696.0
MDG,MDG_5635,Mananara Avaratra,6.0,2020,2025,43100.0,1.063126,5675795.0
MDG,MDG_5636,Manjanary,4.0,2020,2025,23812.0,0.625764,2259719.0
MDG,MDG_5637,Manaratsandry,2.0,2020,2025,2765.0,0.3264,1344261.0
MDG,MDG_5645,Mandritsara,4.0,2020,2025,45097.0,0.923583,5071727.0
MDG,MDG_5663,Manitsy,2.0,2020,2025,7479.0,0.371368,2119932.0
MDG,MDG_5665,Manjankandriana,2.0,2020,2025,5922.0,0.252377,1111456.0
MDG,MDG_5730,Maroantsetra,10.0,2020,2025,93143.0,1.423362,6686390.0
MDG,MDG_5734,Marovoay Ville,3.0,2020,2025,24834.0,0.683015,5110088.0
MDG,MDG_5985,Miarinarivo,3.0,2020,2025,17609.0,0.442814,2485887.0
MDG,MDG_6236,Moramanga,10.0,2020,2025,57059.0,2.093963,12913319.0
MDG,MDG_6245,Morombe,3.0,2020,2025,19824.0,0.445138,1865531.0
MDG,MDG_6246,Morondava,8.0,2020,2025,58235.0,1.765787,9649812.0
MDG,MDG_7678,Sakaraha,2.0,2020,2025,20845.0,0.534528,2936228.0
MDG,MDG_7714,Sambava,18.0,2020,2025,166368.0,3.251014,16667050.0
MDG,MDG_8119,SIRAMA,3.0,2020,2025,5968.0,0.341857,1166065.0
MDG,MDG_8375,Toalagnaro,4.0,2020,2025,70512.0,0.990818,8816095.0
MDG,MDG_8544,Toamasina,48.0,2020,2025,516621.0,11.429278,74494032.0
MDG,MDG_8555,Toliary,32.0,2020,2025,315300.0,6.848921,45439380.0
MDG,MDG_8619,Ilakaka,2.0,2020,2025,6667.0,0.40346,1886097.0
MDG,MDG_8648,Tsiromandidy,5.0,2020,2025,41519.0,0.862101,4895699.0
MDG,MDG_8816,Vangaindrano,4.0,2020,2025,23756.0,0.459366,1534814.0
MDG,MDG_8817,Vatomandry,3.0,2020,2025,28039.0,0.584922,2048364.0
MDG,MDG_8818,Vavatenina,2.0,2020,2025,16345.0,0.350514,1763605.0
MDG,MDG_8888,Vohémar,5.0,2020,2025,31677.0,0.985437,4652075.0
MLI,MLI_1232,Ansongo Dioula,9.0,2020,2025,30130.0,1.075803,5055148.0
MLI,MLI_1459,Badinko,3.0,2020,2025,9746.0,0.599992,2929495.0
MLI,MLI_1547,Bamako,856.0,2020,2025,6068077.0,160.585952,1114045568.0
MLI,MLI_1566,Banamba,8.0,2020,2025,16738.0,1.497114,7649409.0
MLI,MLI_1574,Bandiagara,8.0,2020,2025,7270.0,1.174632,6518547.0
MLI,MLI_1647,Bankass,7.0,2020,2025,3824.0,0.895431,4592478.0
MLI,MLI_1673,Baraoueli,4.0,2020,2025,21630.0,0.811966,4668824.0
MLI,MLI_1964,Bla,9.0,2020,2025,31725.0,2.164,12157584.0
MLI,MLI_2045,Boni,2.0,2020,2025,18839.0,0.377154,1530204.0
MLI,MLI_2107,Bougouni,33.0,2020,2025,193218.0,5.279654,30094252.0
MLI,MLI_2133,Bourem,3.0,2020,2025,6677.0,0.342575,985965.0
MLI,MLI_2550,Dalabala,11.0,2020,2025,56671.0,1.839357,9474196.0
MLI,MLI_2704,Diabaly,5.0,2020,2025,21810.0,1.013556,4528246.0
MLI,MLI_2706,Diamarabougou,7.0,2020,2025,66682.0,1.54567,8918531.0
MLI,MLI_2710,Diangounte Camara,2.0,2020,2025,9701.0,0.301306,1197706.0
MLI,MLI_2730,Diema,5.0,2020,2025,29375.0,0.948243,4591035.0
MLI,MLI_2752,Dinangourou,1.0,2020,2025,318.0,0.240106,1059778.0
MLI,MLI_2760,Dioila,11.0,2020,2025,44457.0,1.967388,11539445.0
MLI,MLI_2762,Dioro,5.0,2020,2025,24807.0,0.930238,5060677.0
MLI,MLI_2773,Dire,6.0,2020,2025,47662.0,1.123955,5783435.0
MLI,MLI_2800,Djenne,3.0,2020,2025,28001.0,0.561966,2878556.0
MLI,MLI_2869,Douentza,7.0,2020,2025,145055.0,1.26317,7182483.0
MLI,MLI_2871,Dougabougou,5.0,2020,2025,24580.0,0.945984,4458215.0
MLI,MLI_2950,Echell,3.0,2020,2025,6092.0,0.380846,1692050.0
MLI,MLI_3190,Fana,25.0,2020,2025,110708.0,4.541489,26742656.0
MLI,MLI_3206,Fatao,4.0,2020,2025,17650.0,0.762099,3687457.0
MLI,MLI_3263,Forgho Sonrai,1.0,2020,2025,2100.0,0.178146,543540.0
MLI,MLI_3271,Foungou,3.0,2020,2025,10555.0,0.444302,2001719.0
MLI,MLI_3274,Fourou,7.0,2020,2025,26965.0,1.401012,7789027.0
MLI,MLI_3368,Gao,37.0,2020,2025,315288.0,7.331069,50968048.0
MLI,MLI_3376,Garalo,6.0,2020,2025,17368.0,0.76493,3086165.0
MLI,MLI_3588,Goumbou,3.0,2020,2025,7713.0,0.337317,1309381.0
MLI,MLI_3590,Goundam,6.0,2020,2025,35066.0,0.759181,3034532.0
MLI,MLI_4285,Kadiolo,15.0,2020,2025,76537.0,3.182903,20098988.0
MLI,MLI_4671,Kayes,56.0,2020,2025,634120.0,9.539808,55310528.0
MLI,MLI_4712,Kenieba,11.0,2020,2025,35027.0,1.662456,8751227.0
MLI,MLI_4729,Kersignane,1.0,2020,2025,5407.0,0.199606,894553.0
MLI,MLI_4773,Kiban,3.0,2020,2025,5809.0,0.544394,3065772.0
MLI,MLI_4795,Kidal,13.0,2020,2025,36499.0,1.812441,7760850.0
MLI,MLI_4804,Kignan,4.0,2020,2025,12707.0,0.689825,3511142.0
MLI,MLI_4877,Kirane,4.0,2020,2025,16682.0,0.805783,3685651.0
MLI,MLI_4905,Kita,22.0,2020,2025,136252.0,4.265543,26006496.0
MLI,MLI_4948,Kokobougou,6.0,2020,2025,14701.0,1.163637,6633323.0
MLI,MLI_4965,Kolondieba,8.0,2020,2025,33629.0,1.499024,7681865.0
MLI,MLI_4985,Konna,4.0,2020,2025,19939.0,0.684456,3317073.0
MLI,MLI_4986,Konobougou,5.0,2020,2025,36001.0,0.869167,4490431.0
MLI,MLI_4999,Koro,12.0,2020,2025,7909.0,1.704814,11078335.0
MLI,MLI_5016,Koulikoro,15.0,2020,2025,53050.0,2.820067,16575953.0
MLI,MLI_5018,Koumantou,9.0,2020,2025,34272.0,1.607424,8754882.0
MLI,MLI_5030,Koury,8.0,2020,2025,22873.0,1.607034,8984020.0
MLI,MLI_5032,Koutiala,48.0,2020,2025,287967.0,12.264107,79695400.0
MLI,MLI_5051,Kremis,3.0,2020,2025,9836.0,0.455934,2184641.0
MLI,MLI_5259,Lere,4.0,2020,2025,13356.0,0.680929,5133575.0
MLI,MLI_5435,Macina,3.0,2020,2025,27969.0,0.73942,4110111.0
MLI,MLI_5446,Madiga Sacko,2.0,2020,2025,7472.0,0.308156,1349221.0
MLI,MLI_5486,Magnadoue,2.0,2020,2025,2450.0,0.230414,576073.0
MLI,MLI_5531,Mahina,4.0,2020,2025,29677.0,0.703926,3393692.0
MLI,MLI_5532,Mahou,5.0,2020,2025,5489.0,0.5516,2329680.0
MLI,MLI_5718,Marena,2.0,2020,2025,2618.0,0.334474,1451280.0
MLI,MLI_5938,Menaka,9.0,2020,2025,121648.0,1.152987,6081338.0
MLI,MLI_6231,Mopti Centre,5.0,2020,2025,76543.0,1.108356,7975776.0
MLI,MLI_6232,Mopti-Medina Coura,3.0,2020,2025,22762.0,0.460939,1870565.0
MLI,MLI_6233,Mopti (Sevare),34.0,2020,2025,216958.0,5.100059,28464620.0
MLI,MLI_6283,M'pessoba,4.0,2020,2025,11286.0,0.858504,4142060.0
MLI,MLI_6556,Nara,11.0,2020,2025,55561.0,1.943739,10464523.0
MLI,MLI_6738,Niafunke,4.0,2020,2025,30644.0,0.575794,3413087.0
MLI,MLI_6756,Niena,8.0,2020,2025,19190.0,1.112567,5612666.0
MLI,MLI_6766,Niono Socoura,8.0,2020,2025,80506.0,2.099399,12333279.0
MLI,MLI_6767,Nioro,10.0,2020,2025,78503.0,1.806864,10263080.0
MLI,MLI_7185,Ouelessebougou,17.0,2020,2025,31975.0,2.396058,11245675.0
MLI,MLI_7628,Sadiola,3.0,2020,2025,38278.0,0.761184,4267412.0
MLI,MLI_7727,San,27.0,2020,2025,129546.0,5.769624,37103932.0
MLI,MLI_7733,Sanankoroba,11.0,2020,2025,22604.0,1.644343,8205285.0
MLI,MLI_7770,Sansanding,2.0,2020,2025,18862.0,0.456648,2400162.0
MLI,MLI_7835,Segou,71.0,2020,2025,676998.0,13.029645,80747136.0
MLI,MLI_8093,Sikasso,94.0,2020,2025,476017.0,15.638445,87996496.0
MLI,MLI_8125,Siribala Coro,7.0,2020,2025,33110.0,1.422356,7954160.0
MLI,MLI_8145,Sofara,3.0,2020,2025,13339.0,0.504582,2588802.0
MLI,MLI_8151,Sokolo,2.0,2020,2025,10600.0,0.541895,2986638.0
MLI,MLI_8250,Tabakoto,4.0,2020,2025,24089.0,1.050608,6246147.0
MLI,MLI_8447,Tenenkou,3.0,2020,2025,18597.0,0.583178,3463512.0
MLI,MLI_8561,Timbuktu,15.0,2020,2025,181553.0,2.840238,18847116.0
MLI,MLI_8570,Tonka,4.0,2020,2025,19850.0,0.611854,3100005.0
MLI,MLI_8576,Tori,1.0,2020,2025,285.0,0.148305,410647.0
MLI,MLI_8586,Touba,5.0,2020,2025,15069.0,1.066829,6222204.0
MLI,MLI_8606,Toya,4.0,2020,2025,12888.0,0.575735,2806564.0
MLI,MLI_8613,Trougoumbe,3.0,2020,2025,9436.0,0.422511,2374530.0
MLI,MLI_9056,Yanfolila,9.0,2020,2025,58682.0,1.748439,9400332.0
MLI,MLI_9091,Yoro,1.0,2020,2025,251.0,0.199652,749171.0
MLI,MLI_9094,Youwarou Hombolore,3.0,2020,2025,12229.0,0.551572,3296812.0
MLI,MLI_9151,Zegoua,10.0,2020,2025,61314.0,2.364669,15388991.0
MOZ,MOZ_1524,Marimba,11.0,2020,2025,55896.0,2.123571,9679120.0
MOZ,MOZ_2335,Carangache,12.0,2020,2025,25846.0,1.569864,7365751.0
MOZ,MOZ_2336,Carapira,6.0,2020,2025,9469.0,0.562303,1499036.0
MOZ,MOZ_2340,Caroa,4.0,2020,2025,18469.0,0.804875,3508229.0
MOZ,MOZ_2371,Chapala,6.0,2020,2025,9115.0,0.72396,2598722.0
MOZ,MOZ_2395,Chave,3.0,2020,2025,11897.0,0.510656,2000235.0
MOZ,MOZ_2412,Thlatlhene Sede,18.0,2020,2025,20713.0,3.230055,12606310.0
MOZ,MOZ_2420,Chicumbane,17.0,2020,2025,45705.0,3.660774,23285360.0
MOZ,MOZ_2445,Chissano sede,22.0,2020,2025,14073.0,1.758236,6594195.0
MOZ,MOZ_2454,Vila de Chokwe,26.0,2020,2025,106385.0,6.30373,34017792.0
MOZ,MOZ_2465,Cidade da Beira,185.0,2020,2025,852238.0,30.0306,182616400.0
MOZ,MOZ_2466,Angoche,11.0,2020,2025,90202.0,1.911527,9777413.0
MOZ,MOZ_2467,Cidade de Chibuto,38.0,2020,2025,94504.0,6.759914,39861304.0
MOZ,MOZ_2468,Chimoio,82.0,2020,2025,452955.0,16.651668,107878672.0
MOZ,MOZ_2469,Cuamba,29.0,2020,2025,138012.0,6.613301,43814720.0
MOZ,MOZ_2471,Cidade de gurué,13.0,2020,2025,71999.0,2.293607,20874814.0
MOZ,MOZ_2474,Cidade de ilha de moçambique (lumbo),9.0,2020,2025,44408.0,1.607667,7133994.0
MOZ,MOZ_2475,Cidade de Inhambane ,70.0,2020,2025,81198.0,7.354879,35743364.0
MOZ,MOZ_2476,Lichinga,50.0,2020,2025,281987.0,10.66879,78653024.0
MOZ,MOZ_2477,Cidade de Manica,28.0,2020,2025,86119.0,4.078167,23096764.0
MOZ,MOZ_2478,Maputo,1195.0,2020,2025,3263833.0,200.60952,1246980864.0
MOZ,MOZ_2479,Chamissava,32.0,2020,2025,15446.0,2.30368,8126450.0
MOZ,MOZ_2480,Maxixe,374.0,2020,2025,206018.0,19.989132,84129216.0
MOZ,MOZ_2481,Mocuba,59.0,2020,2025,171903.0,7.774637,49973684.0
MOZ,MOZ_2482,Montepuez,29.0,2020,2025,174486.0,6.712159,38203460.0
MOZ,MOZ_2483,Nacala Porto,50.0,2020,2025,325573.0,13.064545,88735760.0
MOZ,MOZ_2484,Nampula,205.0,2020,2025,974007.0,34.50052,206789024.0
MOZ,MOZ_2485,Pemba,54.0,2020,2025,258862.0,11.873317,72894640.0
MOZ,MOZ_2486,Quelimane,47.0,2020,2025,431110.0,9.452636,61519876.0
MOZ,MOZ_2487,Bairro Icidua,2.0,2020,2025,10852.0,0.377377,1376240.0
MOZ,MOZ_2488,Tete,43.0,2020,2025,235108.0,9.716376,69667456.0
MOZ,MOZ_2489,Tete (west),30.0,2020,2025,137003.0,6.695406,45566916.0
MOZ,MOZ_2490,Xai-Xai,119.0,2020,2025,270876.0,16.073869,106306424.0
MOZ,MOZ_2499,Comone,7.0,2020,2025,39867.0,1.597876,7912919.0
MOZ,MOZ_2511,Cuacua,9.0,2020,2025,38771.0,1.41835,6318035.0
MOZ,MOZ_2961,Eduardo Mondlane ,12.0,2020,2025,58173.0,2.344031,12728562.0
MOZ,MOZ_3290,Funganha,15.0,2020,2025,10528.0,0.404849,1012289.0
MOZ,MOZ_3296,Furancungo-Sede,7.0,2020,2025,15432.0,1.334321,6536853.0
MOZ,MOZ_3297,Furquia,30.0,2020,2025,14979.0,0.596542,1491926.0
MOZ,MOZ_3504,Napula,6.0,2020,2025,19856.0,1.006694,4916252.0
MOZ,MOZ_3511,Ginama,4.0,2020,2025,24438.0,0.882176,4477692.0
MOZ,MOZ_3620,Guarneia,3.0,2020,2025,6443.0,0.281733,703984.0
MOZ,MOZ_3673,Guro sede,14.0,2020,2025,29820.0,1.447106,6798355.0
MOZ,MOZ_4940,Koca Missava,7.0,2020,2025,9073.0,1.284628,6995295.0
MOZ,MOZ_5485,Magige sede,4.0,2020,2025,5547.0,0.341385,1197323.0
MOZ,MOZ_5646,Maneia,7.0,2020,2025,30656.0,1.031227,4401019.0
MOZ,MOZ_5659,Manhaca,2.0,2020,2025,8300.0,0.399502,1353525.0
MOZ,MOZ_5674,Manono,5.0,2020,2025,25304.0,0.635554,2208889.0
MOZ,MOZ_5702,Mao Tse Tung,8.0,2020,2025,7279.0,1.764518,9553570.0
MOZ,MOZ_5738,Marriebe,12.0,2020,2025,6790.0,0.309601,774225.0
MOZ,MOZ_5868,Mbiluane,16.0,2020,2025,23027.0,1.984419,7884996.0
MOZ,MOZ_5974,Metuchira,6.0,2020,2025,13399.0,0.67753,2225793.0
MOZ,MOZ_5996,Miengueleue,2.0,2020,2025,12719.0,0.474755,2170645.0
MOZ,MOZ_5998,Mieze sede,4.0,2020,2025,33597.0,0.72201,3219480.0
MOZ,MOZ_6241,Morimone,5.0,2020,2025,3993.0,0.390627,978310.0
MOZ,MOZ_6320,Muambula,7.0,2020,2025,13429.0,0.931165,3855923.0
MOZ,MOZ_6322,Muzingane,17.0,2020,2025,41305.0,3.782042,25395002.0
MOZ,MOZ_6346,Muindji,26.0,2020,2025,30849.0,0.764479,1914605.0
MOZ,MOZ_6359,Vila de Maganja da Costa,64.0,2020,2025,59921.0,2.978031,11101937.0
MOZ,MOZ_6371,Mundinwe,5.0,2020,2025,2253.0,0.138911,347322.0
MOZ,MOZ_6379,Bilene Macia,90.0,2020,2025,93790.0,10.912934,46330964.0
MOZ,MOZ_6380,Vila de Catandica,24.0,2020,2025,58801.0,3.035269,13851306.0
MOZ,MOZ_6381,Vila de Mandlakazi,18.0,2020,2025,26583.0,3.34662,18338492.0
MOZ,MOZ_6382,Vila de Manhica,86.0,2020,2025,97319.0,7.965933,37598676.0
MOZ,MOZ_6383,Vila de Massinga,152.0,2020,2025,85682.0,10.606718,50197692.0
MOZ,MOZ_6384,Vila de Metangula,4.0,2020,2025,20919.0,0.577725,2532158.0
MOZ,MOZ_6385,Milange,40.0,2020,2025,109047.0,3.773691,18483420.0
MOZ,MOZ_6386,Vila de Moatize,21.0,2020,2025,133068.0,4.929455,35468884.0
MOZ,MOZ_6387,Mepera,6.0,2020,2025,49138.0,1.459573,7973216.0
MOZ,MOZ_6388,Vila de Namaacha,20.0,2020,2025,15796.0,1.103039,4797104.0
MOZ,MOZ_6389,Vila de Ribaue,6.0,2020,2025,28789.0,1.288044,7354254.0
MOZ,MOZ_6390,Vila de Ulongoe,11.0,2020,2025,52157.0,1.746602,8998033.0
MOZ,MOZ_6391,Cidade de Vilankulo,52.0,2020,2025,86199.0,8.174504,43789660.0
MOZ,MOZ_6405,Murrua,8.0,2020,2025,2473.0,0.139077,347864.0
MOZ,MOZ_6430,Mutubua,6.0,2020,2025,9177.0,0.855198,4216667.0
MOZ,MOZ_6449,Maguiguane,21.0,2020,2025,29335.0,2.802039,11293487.0
MOZ,MOZ_6485,Nabula,7.0,2020,2025,7919.0,0.608098,2231667.0
MOZ,MOZ_6487,Nacare,4.0,2020,2025,12932.0,0.788515,3177352.0
MOZ,MOZ_6543,Nancuenhe,3.0,2020,2025,8007.0,0.478563,1682682.0
MOZ,MOZ_6544,Ndenganamane,10.0,2020,2025,26950.0,1.681201,8005682.0
MOZ,MOZ_6549,Nantide,7.0,2020,2025,12703.0,0.737001,2404578.0
MOZ,MOZ_6553,Napuco,3.0,2020,2025,21198.0,0.495287,2369131.0
MOZ,MOZ_6664,Nerrir-Mutonga,37.0,2020,2025,61177.0,2.826324,11439832.0
MOZ,MOZ_6666,Netia,2.0,2020,2025,9493.0,0.359628,1581914.0
MOZ,MOZ_6668,Alua,13.0,2020,2025,23984.0,1.679437,5477435.0
MOZ,MOZ_6731,Nhamizara,11.0,2020,2025,18555.0,1.561418,6683637.0
MOZ,MOZ_6732,Nhassacara,4.0,2020,2025,4897.0,0.436679,1392631.0
MOZ,MOZ_6752,Nicurupo,4.0,2020,2025,19183.0,1.024897,5969917.0
MOZ,MOZ_6771,Nivale,2.0,2020,2025,3088.0,0.204549,511424.0
MOZ,MOZ_6888,Nulone,10.0,2020,2025,8294.0,1.225749,4557856.0
MOZ,MOZ_7154,OUA,9.0,2020,2025,16580.0,1.617843,8273168.0
MOZ,MOZ_7270,Palma sede,11.0,2020,2025,40323.0,1.489843,7048976.0
MOZ,MOZ_7470,Namiraua A,6.0,2020,2025,12645.0,1.083343,4607542.0
MOZ,MOZ_7713,Sambane,3.0,2020,2025,10268.0,0.537566,2169068.0
MOZ,MOZ_8224,Sulemane,4.0,2020,2025,2447.0,0.154814,387099.0
MOZ,MOZ_8364,3 de Fevereiro ,21.0,2020,2025,21760.0,2.6326,10797066.0
MOZ,MOZ_8563,Tombua,8.0,2020,2025,5974.0,0.789561,2783105.0
MOZ,MOZ_8815,Verde,15.0,2020,2025,38844.0,1.943876,11178102.0
MOZ,MOZ_8829,Vila de Alto Molocue,21.0,2020,2025,60537.0,3.458395,21447616.0
MOZ,MOZ_8831,Vila de Buzi,4.0,2020,2025,9951.0,0.552252,1991443.0
MOZ,MOZ_8832,Vila de Caia,13.0,2020,2025,67464.0,2.570747,12319579.0
MOZ,MOZ_8833,Faina,6.0,2020,2025,17210.0,0.683975,2603940.0
MOZ,MOZ_8834,Vila de Chiure,18.0,2020,2025,95448.0,3.216034,17187724.0
MOZ,MOZ_8835,Vila de Gondola,18.0,2020,2025,38207.0,2.543644,17655160.0
MOZ,MOZ_8837,Tambarara,14.0,2020,2025,51193.0,1.665568,8162347.0
MOZ,MOZ_8838,Vila de Homoine,74.0,2020,2025,35502.0,3.555789,13064878.0
MOZ,MOZ_8839,Vila de Iapala,8.0,2020,2025,18445.0,1.258328,5918699.0
MOZ,MOZ_8840,Vila de Inhaminga,15.0,2020,2025,23464.0,1.172096,4098245.0
MOZ,MOZ_8841,Vila de Inharrime,34.0,2020,2025,26673.0,2.015485,7321153.0
MOZ,MOZ_8842,Vila de Inhassoro,26.0,2020,2025,26587.0,1.761385,6337134.0
MOZ,MOZ_8843,Vila de Insaca,11.0,2020,2025,30288.0,1.307954,5761081.0
MOZ,MOZ_8844,Vila de Machipanda,21.0,2020,2025,19281.0,1.23327,3583889.0
MOZ,MOZ_8845,Vila de Macomia,10.0,2020,2025,51847.0,1.611739,9255546.0
MOZ,MOZ_8846,Vila de Magude,20.0,2020,2025,28452.0,2.462429,11482933.0
MOZ,MOZ_8847,Vila de Malema,8.0,2020,2025,30389.0,1.579034,6875382.0
MOZ,MOZ_8848,Vila de Mandimba,11.0,2020,2025,53940.0,1.838452,9662311.0
MOZ,MOZ_8850,Vila de Marromeu,13.0,2020,2025,64530.0,2.178899,10614809.0
MOZ,MOZ_8851,Vila de Marrupa,8.0,2020,2025,25304.0,1.670529,10654912.0
MOZ,MOZ_8853,Vila de Messica,14.0,2020,2025,29785.0,1.908173,7915790.0
MOZ,MOZ_8854,Vila de Moamba,15.0,2020,2025,19445.0,1.669108,6923944.0
MOZ,MOZ_8855,Vila de Mocimboa da Praia,19.0,2020,2025,101962.0,3.968715,23289246.0
MOZ,MOZ_8856,Vila de Moma,4.0,2020,2025,35111.0,1.027632,5753557.0
MOZ,MOZ_8857,Vila de Morrumbala,14.0,2020,2025,64358.0,1.955323,8305823.0
MOZ,MOZ_8858,Bie ,73.0,2020,2025,31012.0,3.189146,12523520.0
MOZ,MOZ_8859,Vila de Mueda,21.0,2020,2025,88596.0,4.338581,22839368.0
MOZ,MOZ_8860,Bairro Rovuma 1/2,6.0,2020,2025,29258.0,1.363485,7280388.0
MOZ,MOZ_8861,Vila de Mutuali,8.0,2020,2025,11890.0,1.150818,3761925.0
MOZ,MOZ_8862,Vila de Nacala A Velha,3.0,2020,2025,26644.0,0.636703,3512786.0
MOZ,MOZ_8863,Vila de Namacurra,31.0,2020,2025,74617.0,2.233197,10128535.0
MOZ,MOZ_8864,Vila de Namapa,5.0,2020,2025,39734.0,1.158198,6929318.0
MOZ,MOZ_8865,Vila de Nametil,10.0,2020,2025,43232.0,1.709845,8338314.0
MOZ,MOZ_8866,Vila de Namialo,11.0,2020,2025,61882.0,2.289046,11329455.0
MOZ,MOZ_8867,Vila de Nhamatanda,16.0,2020,2025,55786.0,2.01486,9119414.0
MOZ,MOZ_8868,Vila de Pebane,11.0,2020,2025,37575.0,1.785924,9773842.0
MOZ,MOZ_8869,Vila de Quissico,26.0,2020,2025,16155.0,1.834447,6821750.0
MOZ,MOZ_8870,Vila de Ressano Garcia,9.0,2020,2025,18396.0,1.402644,9376397.0
MOZ,MOZ_8871,Vila de Songo,13.0,2020,2025,52837.0,2.137674,10282516.0
MOZ,MOZ_8872,Vila de Xinavane,8.0,2020,2025,18877.0,1.546198,7363523.0
MOZ,MOZ_8874,Vila de Mossuril,9.0,2020,2025,28854.0,1.178395,4025186.0
MOZ,MOZ_9033,Hokwe,11.0,2020,2025,21188.0,2.254496,11343851.0
MOZ,MOZ_9039,Yacub Ossumane,9.0,2020,2025,9542.0,0.721997,1805249.0
MRT,MRT_1352,Atar,14.0,2020,2025,29478.0,1.92784,8585619.0
MRT,MRT_1707,Bassiknou,13.0,2020,2025,59458.0,2.024555,11652148.0
MRT,MRT_1993,Boghe,8.0,2020,2025,23485.0,1.387745,6896653.0
MRT,MRT_2143,Boutilimit,11.0,2020,2025,15371.0,1.890296,10325172.0
MRT,MRT_362,Aioun El Atrouss,16.0,2020,2025,25835.0,2.27382,11780729.0
MRT,MRT_3636,Guerou,16.0,2020,2025,32844.0,1.959488,8423494.0
MRT,MRT_411,Akjoujt,7.0,2020,2025,7211.0,1.21539,6069551.0
MRT,MRT_4293,Kaedi,12.0,2020,2025,52645.0,2.653005,16016743.0
MRT,MRT_4800,Kiffa,29.0,2020,2025,72187.0,5.044525,28959932.0
MRT,MRT_5268,Lexeibe,6.0,2020,2025,14859.0,0.70892,3199526.0
MRT,MRT_5483,Maghama,5.0,2020,2025,14884.0,0.567492,2332195.0
MRT,MRT_5493,Magta Lahjar,10.0,2020,2025,13805.0,1.297914,5570325.0
MRT,MRT_5864,Mbera ,6.0,2020,2025,14631.0,0.724417,2512084.0
MRT,MRT_591,Aleg,5.0,2020,2025,17253.0,1.196431,6543482.0
MRT,MRT_6658,Nema,15.0,2020,2025,45229.0,2.140038,11875395.0
MRT,MRT_6851,Nouadhibou,26.0,2020,2025,154770.0,5.710423,40232496.0
MRT,MRT_6852,Nouakchott,245.0,2020,2025,1433452.0,55.93124,412516608.0
MRT,MRT_7549,Rosso,5.0,2020,2025,35406.0,1.45701,9128142.0
MRT,MRT_7852,Selibabi,14.0,2020,2025,29645.0,1.642482,7237738.0
MRT,MRT_8442,Tembedra,18.0,2020,2025,24523.0,1.827034,8420005.0
MRT,MRT_8497,Tidjikja,11.0,2020,2025,34952.0,1.508232,6027966.0
MRT,MRT_8519,Tintane,20.0,2020,2025,20875.0,1.682302,5685439.0
MRT,MRT_9186,Zoueiratt,12.0,2020,2025,49724.0,2.647093,14749028.0
MUS,MUS_1555,Bambous,3.0,2020,2025,30693.0,0.918837,5989156.0
MUS,MUS_2034,Bon Accueil,8.0,2020,2025,24472.0,0.635521,1615149.0
MUS,MUS_2350,Centre de Flacq,15.0,2020,2025,52160.0,1.86927,6308968.0
MUS,MUS_2397,Chemin Grenier,3.0,2020,2025,13946.0,0.706575,4369434.0
MUS,MUS_3576,Goodlands,38.0,2020,2025,70793.0,6.18766,30525196.0
MUS,MUS_3605,Grand Bois,3.0,2020,2025,8990.0,0.299089,747801.0
MUS,MUS_5528,Mahebourg,6.0,2020,2025,22289.0,1.003097,6203053.0
MUS,MUS_7341,Plaine Magnien,4.0,2020,2025,9072.0,0.54324,2723048.0
MUS,MUS_7364,Port Louis,156.0,2020,2025,527967.0,35.391648,240762992.0
MUS,MUS_7365,Port-Mathurin,38.0,2020,2025,32479.0,1.510793,3769860.0
MUS,MUS_7522,Riviere des Anguilles,2.0,2020,2025,7750.0,0.442478,2145290.0
MUS,MUS_7523,Riviere du Rempart,5.0,2020,2025,15811.0,0.825989,3876317.0
MUS,MUS_7545,Rose Belle,14.0,2020,2025,36167.0,1.40671,4595813.0
MUS,MUS_8243,Surinam,5.0,2020,2025,13132.0,0.827078,4216378.0
MUS,MUS_8612,Triolet,12.0,2020,2025,42193.0,2.443163,12619954.0
MWI,MWI_1522,Balaka,30.0,2020,2025,71828.0,4.449604,19729388.0
MWI,MWI_1591,Bangula,24.0,2020,2025,38917.0,2.300074,8975068.0
MWI,MWI_1966,Blantyre,402.0,2020,2025,1343730.0,53.769332,331939040.0
MWI,MWI_2225,Bunda,4.0,2020,2025,13362.0,0.543546,1358995.0
MWI,MWI_2424,Chikwawa,23.0,2020,2025,42311.0,2.884681,10657616.0
MWI,MWI_2434,Chintheche,15.0,2020,2025,16179.0,1.236443,3821246.0
MWI,MWI_2448,Chitipa,48.0,2020,2025,39039.0,3.493275,15114475.0
MWI,MWI_2667,Dedza,18.0,2020,2025,43781.0,2.61467,13839715.0
MWI,MWI_2924,Dwangwa,8.0,2020,2025,19815.0,1.14592,5393352.0
MWI,MWI_2935,Dzoole,5.0,2020,2025,22682.0,0.834557,3410370.0
MWI,MWI_3013,Ekwendeni,9.0,2020,2025,19014.0,1.299387,7242456.0
MWI,MWI_4290,Mlolo south,9.0,2020,2025,17159.0,0.849056,2323519.0
MWI,MWI_4581,Karonga,49.0,2020,2025,86753.0,5.209453,21300092.0
MWI,MWI_4622,Karungu,24.0,2020,2025,75381.0,3.652321,17312208.0
MWI,MWI_5275,Lilongwe,268.0,2020,2025,1191024.0,50.4974,285524384.0
MWI,MWI_5288,Lirangwe,10.0,2020,2025,14195.0,0.695332,2098912.0
MWI,MWI_5293,Liwonde,32.0,2020,2025,55432.0,3.439316,14036543.0
MWI,MWI_5349,Luchenza,30.0,2020,2025,50055.0,2.740745,7678095.0
MWI,MWI_5383,Lumbadzi,12.0,2020,2025,37000.0,1.786616,6782702.0
MWI,MWI_5457,Madisi,5.0,2020,2025,17328.0,0.759836,2844591.0
MWI,MWI_5473,Maganga,8.0,2020,2025,15778.0,1.009843,3349140.0
MWI,MWI_5572,Chimombo 2,10.0,2020,2025,14367.0,0.775257,1951266.0
MWI,MWI_5612,Malindi,11.0,2020,2025,25815.0,1.171665,3133225.0
MWI,MWI_5654,Mangochi,31.0,2020,2025,108060.0,4.590547,25490912.0
MWI,MWI_5888,Mchinji,14.0,2020,2025,44764.0,2.311379,10343679.0
MWI,MWI_6137,Mitundu,7.0,2020,2025,38819.0,1.153785,4929010.0
MWI,MWI_6144,Mkanda,3.0,2020,2025,9579.0,0.477165,1669456.0
MWI,MWI_6292,Mponda,4.0,2020,2025,6241.0,0.422437,1129779.0
MWI,MWI_6294,Mponela,12.0,2020,2025,38757.0,1.809034,7817293.0
MWI,MWI_6297,Mposa,9.0,2020,2025,13613.0,0.684787,1741785.0
MWI,MWI_6357,Mulanje,12.0,2020,2025,22446.0,1.06774,3325302.0
MWI,MWI_6455,Mwanza,11.0,2020,2025,29324.0,1.529512,6721562.0
MWI,MWI_6468,Mabuka 3,5.0,2020,2025,10963.0,0.528677,1321804.0
MWI,MWI_6473,Mzimba,14.0,2020,2025,38753.0,2.424991,16068377.0
MWI,MWI_6475,Mzuzu,86.0,2020,2025,266648.0,14.040088,101493568.0
MWI,MWI_6580,Namnja,27.0,2020,2025,29587.0,1.963627,5123192.0
MWI,MWI_6603,Nchalo,7.0,2020,2025,37992.0,1.323546,6297494.0
MWI,MWI_6612,Makoko,13.0,2020,2025,17715.0,0.909785,2746129.0
MWI,MWI_6662,Neno 2,9.0,2020,2025,9081.0,0.745659,2037511.0
MWI,MWI_6682,Neno 1,12.0,2020,2025,24856.0,1.389345,5426754.0
MWI,MWI_6683,Ngabu 1,7.0,2020,2025,11733.0,0.691675,2110524.0
MWI,MWI_6785,Phalombe,177.0,2020,2025,229782.0,12.662614,32796932.0
MWI,MWI_6792,Nkhata bay,14.0,2020,2025,25378.0,1.308948,4775846.0
MWI,MWI_6794,Nkhotakota,18.0,2020,2025,44690.0,2.773562,15427698.0
MWI,MWI_6802,Nkopola,22.0,2020,2025,65682.0,2.953566,11997231.0
MWI,MWI_6804,Kamwendo,6.0,2020,2025,22971.0,0.94525,4092708.0
MWI,MWI_6860,Nsanje,20.0,2020,2025,45589.0,2.428872,10193772.0
MWI,MWI_6874,Ntcheu,14.0,2020,2025,39198.0,2.330925,12425444.0
MWI,MWI_6875,Ntchisi,8.0,2020,2025,23212.0,1.027284,4771010.0
MWI,MWI_7317,Nkhulambe,34.0,2020,2025,61652.0,2.980432,8498589.0
MWI,MWI_7504,Rhumpi,10.0,2020,2025,28173.0,1.662878,10974901.0
MWI,MWI_7701,Salima,31.0,2020,2025,85291.0,4.970789,27920554.0
MWI,MWI_7867,Senga,8.0,2020,2025,22176.0,1.076559,3882237.0
MWI,MWI_8198,Mabuka 2,11.0,2020,2025,24864.0,1.138698,3453352.0
MWI,MWI_8481,Ruo/Muloza,10.0,2020,2025,44023.0,1.563894,6857794.0
MWI,MWI_8485,Thyolo,9.0,2020,2025,24274.0,1.209088,6078346.0
MWI,MWI_8727,Uliwa,15.0,2020,2025,19952.0,1.328728,3908770.0
MWI,MWI_9177,Zomba,128.0,2020,2025,264359.0,11.899004,51534040.0
NAM,NAM_3546,Gobabis,12.0,2020,2025,25276.0,2.150661,11080278.0
NAM,NAM_3618,Grootfontein,10.0,2020,2025,14476.0,1.923379,10314096.0
NAM,NAM_3792,Oshikango ,30.0,2020,2025,22824.0,2.271734,9473682.0
NAM,NAM_4647,Katima Mulilo,21.0,2020,2025,38932.0,3.570402,19092644.0
NAM,NAM_4690,Keetmanshoop,12.0,2020,2025,24466.0,2.33895,13214650.0
NAM,NAM_5352,Luderitz,5.0,2020,2025,7511.0,0.892982,4453026.0
NAM,NAM_7018,Okanhandja,11.0,2020,2025,20496.0,2.431214,13738156.0
NAM,NAM_7091,Odangua,63.0,2020,2025,42251.0,5.6176,29217882.0
NAM,NAM_7126,Oshakati,48.0,2020,2025,63199.0,7.691178,46445488.0
NAM,NAM_7142,Otjiwarongo,15.0,2020,2025,38698.0,3.332389,25734254.0
NAM,NAM_7496,rehoboth,16.0,2020,2025,41882.0,3.674394,22840720.0
NAM,NAM_7581,Rundu,53.0,2020,2025,102009.0,7.611459,37791272.0
NAM,NAM_8247,Swakopmund,26.0,2020,2025,82795.0,4.853351,30653778.0
NAM,NAM_8650,Tsumeb,8.0,2020,2025,24569.0,2.283846,14117377.0
NAM,NAM_8936,Walvis Bay,25.0,2020,2025,90552.0,6.047529,49237064.0
NAM,NAM_9001,Windhoek,109.0,2020,2025,513371.0,28.141778,278661728.0
NER,NER_1288,Arlit,19.0,2020,2025,89145.0,2.37277,13638402.0
NER,NER_1422,Ayorou Haoussa,7.0,2020,2025,19615.0,0.927517,3956553.0
NER,NER_1455,Badaguichiri,6.0,2020,2025,42695.0,0.974767,4038887.0
NER,NER_1478,Bagaroua,4.0,2020,2025,23739.0,0.68563,3171367.0
NER,NER_1539,Balleyara,10.0,2020,2025,31319.0,1.149268,5550513.0
NER,NER_1572,Bande Haoussa,2.0,2020,2025,20012.0,0.462142,2507410.0
NER,NER_1576,Bandio,2.0,2020,2025,7860.0,0.270323,1001311.0
NER,NER_1641,Falmey Djerma,4.0,2020,2025,15579.0,0.60367,2493249.0
NER,NER_1808,Bengou,3.0,2020,2025,16128.0,0.397251,1290043.0
NER,NER_19,Abala Maidagi,7.0,2020,2025,27945.0,0.880679,4103123.0
NER,NER_1934,Birni N'Gaoure,5.0,2020,2025,30309.0,0.98042,4874993.0
NER,NER_1935,Birni N'Konni,9.0,2020,2025,140592.0,2.725799,18439376.0
NER,NER_20,Abalak,9.0,2020,2025,49548.0,1.615724,8748396.0
NER,NER_2145,Bouza,4.0,2020,2025,50315.0,0.788191,5319219.0
NER,NER_234,Agadez,48.0,2020,2025,170343.0,5.171907,28798048.0
NER,NER_2548,Dakoro,8.0,2020,2025,93056.0,1.52128,9488994.0
NER,NER_2588,Dan Issa,3.0,2020,2025,27111.0,0.721422,4155394.0
NER,NER_2733,Diffa,20.0,2020,2025,71089.0,3.647954,20487312.0
NER,NER_278,Aguie,5.0,2020,2025,61073.0,0.969914,5277627.0
NER,NER_2824,Dogo Chaibou,2.0,2020,2025,11696.0,0.412196,1942531.0
NER,NER_2828,Dogondoutchi,11.0,2020,2025,77560.0,2.434754,15020399.0
NER,NER_2865,Dosso,21.0,2020,2025,115667.0,4.199381,24379552.0
NER,NER_2910,Dungass,3.0,2020,2025,15567.0,0.569808,3061400.0
NER,NER_3246,Filingue,8.0,2020,2025,43425.0,1.280614,6463820.0
NER,NER_3336,Galmi,3.0,2020,2025,33485.0,0.759339,4688882.0
NER,NER_3416,Gaya,13.0,2020,2025,82721.0,2.757893,17077732.0
NER,NER_3418,Gazaoua,3.0,2020,2025,25137.0,0.668448,3540765.0
NER,NER_3595,Goure,6.0,2020,2025,24943.0,1.144587,7175517.0
NER,NER_3646,Guidan Roumdji,4.0,2020,2025,45272.0,0.730093,3717008.0
NER,NER_3649,Guidimouni,2.0,2020,2025,8690.0,0.323419,1331825.0
NER,NER_4024,Illela,9.0,2020,2025,73366.0,1.347237,6291199.0
NER,NER_415,Akokan,6.0,2020,2025,21676.0,0.776018,4034403.0
NER,NER_4522,Kantche,3.0,2020,2025,17686.0,0.520553,2607825.0
NER,NER_4534,Kaoura Abdou,1.0,2020,2025,9217.0,0.251054,1046634.0
NER,NER_4694,Keita,3.0,2020,2025,25712.0,0.683212,4143153.0
NER,NER_4958,Kiota Mayaki,4.0,2020,2025,16663.0,0.579081,2527121.0
NER,NER_4963,Kollo,7.0,2020,2025,27672.0,0.869446,3383602.0
NER,NER_5439,Madaoua,9.0,2020,2025,100756.0,1.991537,13874097.0
NER,NER_5440,Madarounfa,3.0,2020,2025,31094.0,0.599081,3035148.0
NER,NER_5476,Magaria,9.0,2020,2025,61776.0,1.448238,7793455.0
NER,NER_5542,Maine Soroa,8.0,2020,2025,39461.0,1.111712,5336709.0
NER,NER_5708,Maradi,63.0,2020,2025,608590.0,15.178699,97072048.0
NER,NER_5789,Matameye,6.0,2020,2025,43038.0,1.006005,5453977.0
NER,NER_5790,Matankari,3.0,2020,2025,17455.0,0.544796,2537781.0
NER,NER_5821,Mayahi,4.0,2020,2025,35747.0,0.762324,4268732.0
NER,NER_6072,Mirriah,5.0,2020,2025,52213.0,0.921965,4335194.0
NER,NER_6721,N'Guigmi,7.0,2020,2025,36499.0,0.709531,3022402.0
NER,NER_6741,Niamey,285.0,2020,2025,1571038.0,58.176992,374045376.0
NER,NER_7159,Ouallam,3.0,2020,2025,31447.0,0.597864,3047443.0
NER,NER_7732,Sanam,3.0,2020,2025,20564.0,0.607578,3203705.0
NER,NER_7809,Say,3.0,2020,2025,24347.0,0.689908,3275234.0
NER,NER_8290,Tahoua,38.0,2020,2025,206838.0,7.451825,44519368.0
NER,NER_8329,Tamaske,4.0,2020,2025,51524.0,0.968652,5405017.0
NER,NER_8367,Tanout,6.0,2020,2025,68421.0,1.114263,5822161.0
NER,NER_8408,Tchadoua,5.0,2020,2025,48460.0,1.039618,5520888.0
NER,NER_8416,Safo,1.0,2020,2025,16597.0,0.34336,1678131.0
NER,NER_8418,Tchintabaraden,8.0,2020,2025,74081.0,1.350927,6583778.0
NER,NER_8453,Tera,9.0,2020,2025,32939.0,1.412782,7736031.0
NER,NER_8457,Tessaoua,9.0,2020,2025,104164.0,2.25912,14899150.0
NER,NER_8510,Tillaberi,13.0,2020,2025,41040.0,1.879783,10944663.0
NER,NER_8579,Toro,2.0,2020,2025,6658.0,0.325733,1479114.0
NER,NER_8580,Torodi,5.0,2020,2025,15325.0,1.046526,5373453.0
NER,NER_8595,Toullou 1,3.0,2020,2025,11316.0,0.403842,1638196.0
NER,NER_8598,Toumour,4.0,2020,2025,22843.0,0.562114,1962586.0
NER,NER_8622,Tsernaoua,4.0,2020,2025,23758.0,0.709738,3214073.0
NER,NER_9070,Yekoua Nagalabou,2.0,2020,2025,12621.0,0.39611,1986423.0
NER,NER_9167,Zinder,51.0,2020,2025,440539.0,12.037252,75704960.0
NGA,NGA_1114,Alyi,6.0,2020,2025,21799.0,0.884337,3670658.0
NGA,NGA_1135,Amachara,11.0,2020,2025,13201.0,0.655243,1638237.0
NGA,NGA_1137,Amagunze,6.0,2020,2025,5493.0,0.561885,1510898.0
NGA,NGA_1144,Amaokwe,7.0,2020,2025,34241.0,1.166163,5232480.0
NGA,NGA_1149,Amaseri,5.0,2020,2025,21518.0,1.113606,7896635.0
NGA,NGA_1151,Amassama,3.0,2020,2025,64226.0,0.803181,4850460.0
NGA,NGA_1173,Ambursa,4.0,2020,2025,24283.0,0.912343,5631037.0
NGA,NGA_1176,Ameke,3.0,2020,2025,7654.0,0.592887,2874232.0
NGA,NGA_1186,Amoso,4.0,2020,2025,11614.0,0.563275,2529854.0
NGA,NGA_1188,Amoya,5.0,2020,2025,26429.0,1.005798,5174273.0
NGA,NGA_1189,Amper,3.0,2020,2025,9570.0,0.590446,3212194.0
NGA,NGA_1195,Tunga maje,5.0,2020,2025,25936.0,1.158081,6574341.0
NGA,NGA_1196,tunga maje,2.0,2020,2025,13261.0,0.46754,2521926.0
NGA,NGA_1200,Anchau,2.0,2020,2025,8513.0,0.42999,2396230.0
NGA,NGA_1220,Anka,4.0,2020,2025,30777.0,0.927171,5798669.0
NGA,NGA_1222,Ankpa,32.0,2020,2025,145255.0,6.064779,40026208.0
NGA,NGA_1244,Anyigba,8.0,2020,2025,24929.0,1.55636,9804050.0
NGA,NGA_1254,Aplapum,2.0,2020,2025,14954.0,0.462996,2146414.0
NGA,NGA_1269,Aramoko Ekiti,6.0,2020,2025,65143.0,1.315208,9463555.0
NGA,NGA_1281,Argungu,19.0,2020,2025,110187.0,4.417062,29633168.0
NGA,NGA_1291,Aro,11.0,2020,2025,49461.0,1.791557,7921133.0
NGA,NGA_1292,Arochukwu,13.0,2020,2025,128167.0,2.533466,14762427.0
NGA,NGA_1304,Asa/Awara,10.0,2020,2025,29370.0,1.529954,8011230.0
NGA,NGA_1305,Asaba,88.0,2020,2025,466805.0,23.42682,170131744.0
NGA,NGA_1306,Asaga,4.0,2020,2025,22355.0,0.657169,4055249.0
NGA,NGA_1310,Sabon Gari ,2.0,2020,2025,14279.0,0.506825,3125558.0
NGA,NGA_1320,Ashaka,4.0,2020,2025,20405.0,0.794637,3890777.0
NGA,NGA_133,Abuja,678.0,2020,2025,4501344.0,166.74304,1287819392.0
NGA,NGA_1331,Askira,5.0,2020,2025,13838.0,1.181573,6667390.0
NGA,NGA_134,Abuja Military Areas,4.0,2020,2025,19619.0,0.855581,4314791.0
NGA,NGA_135,Abukur,2.0,2020,2025,14458.0,0.552969,2773030.0
NGA,NGA_1367,Atom,4.0,2020,2025,7176.0,0.564055,2336275.0
NGA,NGA_1377,Auchi,58.0,2020,2025,350508.0,11.469153,80867072.0
NGA,NGA_1378,Augie,2.0,2020,2025,7269.0,0.417127,2456067.0
NGA,NGA_1379,Auna,3.0,2020,2025,11243.0,0.561744,2631232.0
NGA,NGA_138,Abuochicie,15.0,2020,2025,28752.0,1.610379,5984070.0
NGA,NGA_1388,Madaki,3.0,2020,2025,15398.0,0.714724,4297845.0
NGA,NGA_1391,Awgu,9.0,2020,2025,46718.0,1.802474,10295687.0
NGA,NGA_1416,Aya Abam,4.0,2020,2025,17532.0,0.7419,3472806.0
NGA,NGA_1417,Ayadeghe,6.0,2020,2025,19580.0,0.613029,1781385.0
NGA,NGA_1426,Azare,36.0,2020,2025,145685.0,8.061439,47795248.0
NGA,NGA_1427,Azare_2,2.0,2020,2025,12019.0,0.59061,3364095.0
NGA,NGA_1435,Azuwa,15.0,2020,2025,30377.0,2.161047,7893596.0
NGA,NGA_1447,Babbangida,3.0,2020,2025,13065.0,0.568385,2651869.0
NGA,NGA_1448,Babban Gona,2.0,2020,2025,6159.0,0.416744,2242001.0
NGA,NGA_1452,Babura,5.0,2020,2025,18375.0,1.130889,6875257.0
NGA,NGA_1454,Badagry,34.0,2020,2025,307766.0,8.935919,64553448.0
NGA,NGA_1461,Lekki,34.0,2020,2025,35557.0,3.391114,15916884.0
NGA,NGA_147,Achalla,6.0,2020,2025,16644.0,0.802026,3288036.0
NGA,NGA_1473,Baga ,4.0,2020,2025,28825.0,0.965367,4988907.0
NGA,NGA_1475,Bagale,1.0,2020,2025,4708.0,0.22989,828205.0
NGA,NGA_148,Achi 1,20.0,2020,2025,51047.0,2.840334,14292221.0
NGA,NGA_1483,Bagudo,5.0,2020,2025,29719.0,1.137177,6881639.0
NGA,NGA_149,Achi 2,1.0,2020,2025,6150.0,0.287408,1269585.0
NGA,NGA_15,Abaji,9.0,2020,2025,43812.0,1.869986,12023152.0
NGA,NGA_1502,Baissa,4.0,2020,2025,22851.0,0.854407,4359942.0
NGA,NGA_1505,Bajoga,9.0,2020,2025,118458.0,2.188376,13115487.0
NGA,NGA_1511,Bakori,5.0,2020,2025,26297.0,1.25571,7605044.0
NGA,NGA_1512,Bakumi,6.0,2020,2025,36221.0,1.100785,6347495.0
NGA,NGA_1513,Bakura,3.0,2020,2025,28105.0,0.693143,3822883.0
NGA,NGA_1520,Bala Musa,2.0,2020,2025,14859.0,0.514016,2766369.0
NGA,NGA_1523,Balala,2.0,2020,2025,8761.0,0.35189,1463051.0
NGA,NGA_1533,Bali,7.0,2020,2025,19834.0,1.399454,8843018.0
NGA,NGA_1545,Bama,11.0,2020,2025,101567.0,2.578731,15346537.0
NGA,NGA_1549,Bambam,3.0,2020,2025,15756.0,0.619717,2460593.0
NGA,NGA_163,Ado Awaiye,2.0,2020,2025,12223.0,0.490448,2543560.0
NGA,NGA_1652,Bantaje,3.0,2020,2025,8291.0,0.598528,2867103.0
NGA,NGA_1668,Barabarobara,11.0,2020,2025,55990.0,1.674575,7843695.0
NGA,NGA_1670,Barakin Babele,12.0,2020,2025,43439.0,2.337288,12102573.0
NGA,NGA_1683,Bargu,3.0,2020,2025,11616.0,0.506469,2349163.0
NGA,NGA_1689,Barkin Ladi,4.0,2020,2025,41740.0,1.093655,6519366.0
NGA,NGA_1699,Basawa,2.0,2020,2025,11891.0,0.453663,2048515.0
NGA,NGA_17,Abakaliki,261.0,2020,2025,669420.0,29.607412,161078400.0
NGA,NGA_1704,Bassa,2.0,2020,2025,12994.0,0.598311,3620366.0
NGA,NGA_1712,Batagarawa,4.0,2020,2025,19620.0,0.873737,4495996.0
NGA,NGA_1724,Batsari,5.0,2020,2025,33578.0,1.209569,6640621.0
NGA,NGA_1727,Bauchi,113.0,2020,2025,411973.0,27.946352,203402592.0
NGA,NGA_1728,Baure,2.0,2020,2025,23761.0,0.511223,2734248.0
NGA,NGA_1743,Bazza,5.0,2020,2025,10218.0,0.822011,3411056.0
NGA,NGA_1746,Bebeji,2.0,2020,2025,20592.0,0.629889,3530790.0
NGA,NGA_1771,Bela,15.0,2020,2025,107365.0,3.316772,19063096.0
NGA,NGA_1792,Bena,5.0,2020,2025,31983.0,1.297996,8379194.0
NGA,NGA_1822,Benin City,770.0,2020,2025,1682908.0,146.198736,1104080512.0
NGA,NGA_1823,Benisheikh,3.0,2020,2025,16916.0,0.6758,3481038.0
NGA,NGA_1838,Beri,2.0,2020,2025,6231.0,0.335969,1613193.0
NGA,NGA_186,Adikpo,30.0,2020,2025,56485.0,3.853563,20222216.0
NGA,NGA_1873,Bichi,8.0,2020,2025,71184.0,1.902668,9993078.0
NGA,NGA_1874,Bida,44.0,2020,2025,236875.0,11.564162,77676400.0
NGA,NGA_1898,Billiri,12.0,2020,2025,168535.0,2.752844,14453784.0
NGA,NGA_1907,Bindawa,2.0,2020,2025,12657.0,0.450225,2279114.0
NGA,NGA_1913,Binji,2.0,2020,2025,12030.0,0.412706,2007723.0
NGA,NGA_1936,Birnin Gwari,7.0,2020,2025,54752.0,1.784831,11571762.0
NGA,NGA_1937,Birnin Kebbi,49.0,2020,2025,407319.0,11.65483,82417248.0
NGA,NGA_1938,Birnin Kudu,7.0,2020,2025,68593.0,2.070764,14031749.0
NGA,NGA_1939,Birniwa,2.0,2020,2025,18572.0,0.451074,2744536.0
NGA,NGA_1961,Biu,21.0,2020,2025,120607.0,4.949678,33363712.0
NGA,NGA_1983,Bode Sadu,3.0,2020,2025,13821.0,0.687051,4165033.0
NGA,NGA_1986,Bodo,4.0,2020,2025,31037.0,1.081258,7304418.0
NGA,NGA_2005,Bojude,2.0,2020,2025,9673.0,0.460004,2259232.0
NGA,NGA_2006,Bojuega,3.0,2020,2025,9324.0,0.683509,4299509.0
NGA,NGA_201,Ado Ekiti,113.0,2020,2025,1269580.0,26.397772,196811184.0
NGA,NGA_2012,Bokkos,5.0,2020,2025,29547.0,1.203902,7080112.0
NGA,NGA_2026,Bomadi,5.0,2020,2025,41248.0,0.86978,5942918.0
NGA,NGA_2046,Bonny,19.0,2020,2025,180970.0,4.159363,30064120.0
NGA,NGA_205,Adogo Gari,3.0,2020,2025,6402.0,0.571878,3131180.0
NGA,NGA_206,Iloshi,8.0,2020,2025,24916.0,0.96512,3701579.0
NGA,NGA_2065,Boria,2.0,2020,2025,4345.0,0.413063,1891559.0
NGA,NGA_207,Adoka,5.0,2020,2025,13527.0,0.987699,4723292.0
NGA,NGA_2157,Brass,4.0,2020,2025,18223.0,0.687602,3581770.0
NGA,NGA_2186,Bugau,2.0,2020,2025,12587.0,0.573104,3205357.0
NGA,NGA_2190,Buguma,3.0,2020,2025,19001.0,0.535358,3215535.0
NGA,NGA_2200,Bukkuyum,2.0,2020,2025,11394.0,0.526317,2966071.0
NGA,NGA_2203,Bula Chirabe/Banki [NGA],4.0,2020,2025,42854.0,1.061038,6451282.0
NGA,NGA_2231,Bungudu,4.0,2020,2025,31746.0,1.047211,6375620.0
NGA,NGA_2233,Buniyadi,7.0,2020,2025,27118.0,1.733008,9010624.0
NGA,NGA_2236,Bunkure,2.0,2020,2025,16699.0,0.498019,2883152.0
NGA,NGA_2238,Bunza,6.0,2020,2025,70948.0,1.467286,9071207.0
NGA,NGA_225,Afikpo,18.0,2020,2025,80374.0,3.331898,25415412.0
NGA,NGA_2257,Buruku 1,5.0,2020,2025,8106.0,0.561847,2405315.0
NGA,NGA_2258,Buruku 2,2.0,2020,2025,13848.0,0.67072,4243153.0
NGA,NGA_2282,Buter,8.0,2020,2025,13533.0,0.996944,3903708.0
NGA,NGA_2303,Bwari,35.0,2020,2025,183992.0,7.119723,47960872.0
NGA,NGA_231,Afukpilla/Kominio,3.0,2020,2025,18523.0,0.714129,4550715.0
NGA,NGA_232,Afuze,9.0,2020,2025,38058.0,1.388119,6676465.0
NGA,NGA_2322,Calabar,83.0,2020,2025,1095894.0,24.64151,202803568.0
NGA,NGA_2355,Chadawa,2.0,2020,2025,13357.0,0.488053,2339327.0
NGA,NGA_2356,Chafo,2.0,2020,2025,3093.0,0.266161,970244.0
NGA,NGA_236,Agaie,7.0,2020,2025,50928.0,1.684581,10808683.0
NGA,NGA_2365,Chanchaga,7.0,2020,2025,36239.0,1.651317,10286045.0
NGA,NGA_2372,Charanchi,3.0,2020,2025,30547.0,0.995331,5629591.0
NGA,NGA_241,Ago Are,7.0,2020,2025,21442.0,1.133453,5028140.0
NGA,NGA_2411,Chia,3.0,2020,2025,10937.0,0.640733,4295210.0
NGA,NGA_2414,Chibok,4.0,2020,2025,26828.0,0.82437,4191050.0
NGA,NGA_2429,Chinade,2.0,2020,2025,8694.0,0.528397,2697024.0
NGA,NGA_2443,Chiromawa,3.0,2020,2025,27172.0,0.660188,3090559.0
NGA,NGA_2463,Cham,2.0,2020,2025,11429.0,0.39056,1826135.0
NGA,NGA_247,Agbogugu,4.0,2020,2025,11071.0,0.60555,3022401.0
NGA,NGA_249,Agbor,59.0,2020,2025,217157.0,12.696865,83462840.0
NGA,NGA_2518,Dabai,2.0,2020,2025,12390.0,0.60944,4845512.0
NGA,NGA_2526,Dadin Kowa 1,4.0,2020,2025,18590.0,0.883916,4682185.0
NGA,NGA_253,Ado/Isalu/Iyafin,57.0,2020,2025,260126.0,7.488441,45467740.0
NGA,NGA_2532,Dagere,2.0,2020,2025,7797.0,0.330122,1405988.0
NGA,NGA_2546,Dakaiyyawa,3.0,2020,2025,17320.0,0.669741,4028967.0
NGA,NGA_2547,Dakingari,6.0,2020,2025,37537.0,1.461184,9040926.0
NGA,NGA_2551,Dalahi,3.0,2020,2025,12313.0,0.379199,1379302.0
NGA,NGA_256,Agenebode,9.0,2020,2025,43577.0,1.681847,10552212.0
NGA,NGA_2560,Damagum,4.0,2020,2025,26633.0,0.937836,5153321.0
NGA,NGA_2564,Damasak,4.0,2020,2025,36613.0,0.988345,5668200.0
NGA,NGA_2566,Damaturu,52.0,2020,2025,337854.0,11.399556,71572784.0
NGA,NGA_2570,Damban,3.0,2020,2025,48893.0,0.835097,4720148.0
NGA,NGA_2571,Danbatta,9.0,2020,2025,96915.0,2.262113,13090022.0
NGA,NGA_2572,Damboa,7.0,2020,2025,60076.0,1.722126,9778771.0
NGA,NGA_2586,Dan Alhaji,2.0,2020,2025,10670.0,0.430202,2499040.0
NGA,NGA_2587,Dan Hassan,2.0,2020,2025,22490.0,0.541519,3064931.0
NGA,NGA_2589,Dansadau,3.0,2020,2025,19972.0,0.711461,4102548.0
NGA,NGA_2590,Dan Tatashi,2.0,2020,2025,6593.0,0.46884,2532134.0
NGA,NGA_2598,Dandume,8.0,2020,2025,84822.0,2.388916,16217438.0
NGA,NGA_26,Abduka,4.0,2020,2025,19762.0,0.823922,4883774.0
NGA,NGA_2601,Dange,2.0,2020,2025,23121.0,0.658498,3748262.0
NGA,NGA_2604,Danja 1,3.0,2020,2025,20620.0,0.974606,6303707.0
NGA,NGA_2605,Dankama,2.0,2020,2025,17910.0,0.593496,3568475.0
NGA,NGA_2610,Dapchi,2.0,2020,2025,9191.0,0.550822,2829268.0
NGA,NGA_262,Ago Amadu,7.0,2020,2025,21388.0,1.118198,5036384.0
NGA,NGA_2626,Darazo,6.0,2020,2025,62747.0,1.5361,10547101.0
NGA,NGA_2637,Dass,6.0,2020,2025,46642.0,1.04138,6081243.0
NGA,NGA_264,Agosasa,38.0,2020,2025,102733.0,3.892002,14295477.0
NGA,NGA_2641,Daura,20.0,2020,2025,284747.0,4.361762,26173280.0
NGA,NGA_2642,Dawakin Kudu,6.0,2020,2025,61841.0,1.454266,8027647.0
NGA,NGA_2643,Dawaki ,4.0,2020,2025,24185.0,0.765001,3411032.0
NGA,NGA_2653,Deba,2.0,2020,2025,9800.0,0.644684,3520615.0
NGA,NGA_2671,Deiba,2.0,2020,2025,3783.0,0.404269,1723565.0
NGA,NGA_2677,Dekina,6.0,2020,2025,34012.0,1.065387,6287841.0
NGA,NGA_2690,Dengebe,2.0,2020,2025,13086.0,0.499048,2657950.0
NGA,NGA_2691,Dengi,6.0,2020,2025,30903.0,1.272471,7701672.0
NGA,NGA_2735,Marama,5.0,2020,2025,13065.0,0.623438,2306066.0
NGA,NGA_2741,Diko,5.0,2020,2025,22658.0,0.888274,4551462.0
NGA,NGA_2743,Dikwa,5.0,2020,2025,39542.0,1.079729,5985090.0
NGA,NGA_2746,Dilpurtu,7.0,2020,2025,16054.0,1.719526,10480309.0
NGA,NGA_2776,Dirindaji,3.0,2020,2025,18786.0,0.767785,3690639.0
NGA,NGA_280,Agumu Koshi,3.0,2020,2025,6566.0,0.413136,1603593.0
NGA,NGA_281,Agwa,11.0,2020,2025,63967.0,1.767644,9605000.0
NGA,NGA_2826,Dogon Yaro,6.0,2020,2025,23278.0,1.093907,4832375.0
NGA,NGA_283,Aha,4.0,2020,2025,9834.0,0.679752,2840584.0
NGA,NGA_2831,Dokko,2.0,2020,2025,9533.0,0.489916,2729778.0
NGA,NGA_2838,Doma,17.0,2020,2025,56153.0,3.465076,20353442.0
NGA,NGA_284,Ahaba,10.0,2020,2025,44695.0,1.452948,6712964.0
NGA,NGA_2848,Donga,7.0,2020,2025,29861.0,1.416949,7413244.0
NGA,NGA_2854,Donko,2.0,2020,2025,9955.0,0.350613,1602904.0
NGA,NGA_2899,Dukku ,6.0,2020,2025,44942.0,1.465944,8080483.0
NGA,NGA_29,Abeokuta,238.0,2020,2025,662440.0,59.368964,444490432.0
NGA,NGA_2918,Dutse,25.0,2020,2025,151292.0,5.2608,28612428.0
NGA,NGA_2919,Dutsen Wai,2.0,2020,2025,16034.0,0.684264,4060950.0
NGA,NGA_2920,Dutsi 1,2.0,2020,2025,14879.0,0.550704,2947688.0
NGA,NGA_2921,Dutsi 2,2.0,2020,2025,10989.0,0.289069,1276501.0
NGA,NGA_2922,Dutsin Ma,14.0,2020,2025,96312.0,3.564731,22511756.0
NGA,NGA_294,Ahoada,12.0,2020,2025,110278.0,2.551891,13283761.0
NGA,NGA_2952,Echialike,10.0,2020,2025,10091.0,0.428883,1072273.0
NGA,NGA_2959,Edor 1,3.0,2020,2025,13664.0,0.407342,1966694.0
NGA,NGA_2962,Edun,4.0,2020,2025,14572.0,1.071975,6173642.0
NGA,NGA_2967,Effium,27.0,2020,2025,48410.0,2.449182,9701802.0
NGA,NGA_2969,Effon,7.0,2020,2025,74943.0,1.538775,11776270.0
NGA,NGA_2970,Egbe Oke,10.0,2020,2025,120340.0,1.975555,11437379.0
NGA,NGA_2972,Egbo Ide,4.0,2020,2025,44440.0,0.871145,5438392.0
NGA,NGA_2973,Egbolom,6.0,2020,2025,45768.0,1.078236,5798543.0
NGA,NGA_2976,Egubuma,3.0,2020,2025,14549.0,0.513218,2262263.0
NGA,NGA_2977,Egume,42.0,2020,2025,127031.0,7.513578,52508316.0
NGA,NGA_2978,Egwi,5.0,2020,2025,29298.0,0.763948,3703531.0
NGA,NGA_298,Aidu,3.0,2020,2025,18126.0,0.804073,4705415.0
NGA,NGA_2980,Eha Amufu,4.0,2020,2025,19177.0,0.677957,3133816.0
NGA,NGA_2986,Ejigbo,29.0,2020,2025,117187.0,5.459395,33528732.0
NGA,NGA_2988,Ejule,13.0,2020,2025,51305.0,1.842461,9604465.0
NGA,NGA_2990,Ekan Meje,3.0,2020,2025,10313.0,0.513078,2404251.0
NGA,NGA_2993,Eke 1,9.0,2020,2025,15176.0,1.116547,5186704.0
NGA,NGA_2994,Eke 2,4.0,2020,2025,11116.0,0.652315,2694469.0
NGA,NGA_2995,Afuda/Eguere,13.0,2020,2025,61922.0,1.806683,8072312.0
NGA,NGA_2996,Eket,89.0,2020,2025,536657.0,14.52825,78783896.0
NGA,NGA_2997,Ekinrin,5.0,2020,2025,36376.0,0.942178,4780221.0
NGA,NGA_3002,Ekpene Ukim,7.0,2020,2025,30726.0,0.956355,3992401.0
NGA,NGA_3004,Ekpesa,8.0,2020,2025,40391.0,1.282344,7144258.0
NGA,NGA_3007,Eku,11.0,2020,2025,54074.0,1.684101,9288127.0
NGA,NGA_3008,Ekuku Agbor,3.0,2020,2025,10406.0,0.718209,3575096.0
NGA,NGA_3009,Ekumtak,8.0,2020,2025,27358.0,0.764404,2881913.0
NGA,NGA_3081,Elele,7.0,2020,2025,65947.0,1.523259,9818028.0
NGA,NGA_3086,Lokpaukwu,4.0,2020,2025,23590.0,0.758901,4387798.0
NGA,NGA_3100,Emuoha 1,4.0,2020,2025,24128.0,0.703581,4046015.0
NGA,NGA_3101,Emure Ekiti,23.0,2020,2025,176968.0,4.071121,23648876.0
NGA,NGA_3119,Enugu,236.0,2020,2025,1147944.0,51.295612,419334688.0
NGA,NGA_3120,Enugu Abo,5.0,2020,2025,14120.0,0.791727,3065989.0
NGA,NGA_3123,Enugwu Agidi 2,4.0,2020,2025,21903.0,0.895591,5375414.0
NGA,NGA_3126,Epe,40.0,2020,2025,182818.0,7.652043,46698176.0
NGA,NGA_3127,Ajido,8.0,2020,2025,37638.0,1.48586,7899848.0
NGA,NGA_3129,Erin,3.0,2020,2025,8684.0,0.552513,3035219.0
NGA,NGA_3137,Eruwa,16.0,2020,2025,69368.0,3.491096,21803174.0
NGA,NGA_3140,Esa Oke,5.0,2020,2025,28798.0,1.181625,8363695.0
NGA,NGA_3161,Etu,3.0,2020,2025,4672.0,0.387686,1339961.0
NGA,NGA_3168,Evwreni,4.0,2020,2025,10831.0,0.559472,2615823.0
NGA,NGA_3170,Ewu,4.0,2020,2025,28440.0,0.604262,3127824.0
NGA,NGA_3177,Eziama/Okpuala,7.0,2020,2025,22228.0,1.174607,4678839.0
NGA,NGA_3182,Fadan Karshe,2.0,2020,2025,13192.0,0.523597,3067283.0
NGA,NGA_3186,Fage,2.0,2020,2025,14658.0,0.396191,1831070.0
NGA,NGA_3188,Faku,4.0,2020,2025,15595.0,0.770992,3238102.0
NGA,NGA_3196,Faran,3.0,2020,2025,6995.0,0.567134,2949235.0
NGA,NGA_3204,Faskari,4.0,2020,2025,29576.0,0.818976,4939301.0
NGA,NGA_3218,Sangere,7.0,2020,2025,25318.0,1.433222,8794677.0
NGA,NGA_3238,Fiditi,4.0,2020,2025,21383.0,0.785375,5364041.0
NGA,NGA_3243,Fika,2.0,2020,2025,15276.0,0.569414,2843647.0
NGA,NGA_3245,Fili,14.0,2020,2025,49238.0,2.52426,15457760.0
NGA,NGA_3247,Filiya,5.0,2020,2025,24801.0,0.996877,5084493.0
NGA,NGA_3287,Fufore,4.0,2020,2025,19602.0,0.797009,3796613.0
NGA,NGA_3288,Fugar,12.0,2020,2025,44806.0,1.702262,9306735.0
NGA,NGA_3293,Funtua,28.0,2020,2025,196131.0,7.238228,48147584.0
NGA,NGA_3314,Gada,3.0,2020,2025,18826.0,0.696024,3701529.0
NGA,NGA_3315,Gadabuke,3.0,2020,2025,11794.0,0.565664,2372850.0
NGA,NGA_3324,Gajram,4.0,2020,2025,23825.0,0.696044,2887979.0
NGA,NGA_3328,Galadi,2.0,2020,2025,12533.0,0.455971,2710224.0
NGA,NGA_3335,Gali,3.0,2020,2025,15821.0,0.791776,5163389.0
NGA,NGA_3343,Gamawa,5.0,2020,2025,32559.0,0.99746,4933363.0
NGA,NGA_3346,Gambaru,8.0,2020,2025,84635.0,2.233403,13749505.0
NGA,NGA_3360,Gandi,2.0,2020,2025,13185.0,0.583842,3557554.0
NGA,NGA_3365,Ganye,16.0,2020,2025,94663.0,3.564712,19797356.0
NGA,NGA_3374,Garaku,5.0,2020,2025,20587.0,0.854696,4087696.0
NGA,NGA_3377,Garam,4.0,2020,2025,19957.0,0.763721,3803575.0
NGA,NGA_3386,Garin Madsam,3.0,2020,2025,26121.0,0.984909,5603361.0
NGA,NGA_3388,Garkida,3.0,2020,2025,12381.0,0.642516,3734175.0
NGA,NGA_3389,Garko,3.0,2020,2025,24281.0,0.925368,5277228.0
NGA,NGA_3390,Garo,2.0,2020,2025,14492.0,0.603222,3247691.0
NGA,NGA_3397,Garum Malam,2.0,2020,2025,21178.0,0.4877,2734711.0
NGA,NGA_34,Abinsi,3.0,2020,2025,7375.0,0.429307,1989857.0
NGA,NGA_3405,Gashua,13.0,2020,2025,120607.0,4.044699,25212184.0
NGA,NGA_3410,Gatisa,3.0,2020,2025,7650.0,0.45119,1759649.0
NGA,NGA_3414,Gaubi,5.0,2020,2025,18900.0,1.016214,5176099.0
NGA,NGA_3415,Gawura,3.0,2020,2025,21905.0,0.414094,1325007.0
NGA,NGA_3417,Gaya,5.0,2020,2025,37120.0,1.645075,10608446.0
NGA,NGA_3435,Gbajimba,5.0,2020,2025,8812.0,0.542946,1748581.0
NGA,NGA_3445,Gboko,73.0,2020,2025,320454.0,18.961114,125892792.0
NGA,NGA_3447,Gbongan,13.0,2020,2025,77863.0,2.83613,18412292.0
NGA,NGA_3453,Gebe,1.0,2020,2025,5763.0,0.319291,1926082.0
NGA,NGA_3459,Geidam,13.0,2020,2025,65472.0,2.924913,17175180.0
NGA,NGA_3463,Gembu,8.0,2020,2025,32733.0,1.742829,15664135.0
NGA,NGA_3475,Gerkawa,5.0,2020,2025,11526.0,0.781463,3500324.0
NGA,NGA_3478,Getso,2.0,2020,2025,16685.0,0.573248,3830490.0
NGA,NGA_3479,Gezawa,4.0,2020,2025,36760.0,1.065591,6072933.0
NGA,NGA_3495,Giade,5.0,2020,2025,37041.0,1.015995,5517189.0
NGA,NGA_3498,Gidan Ami Akwiya,2.0,2020,2025,4081.0,0.327557,1394843.0
NGA,NGA_3499,Gidan Dala,1.0,2020,2025,6247.0,0.263993,1096114.0
NGA,NGA_35,Abiriba,11.0,2020,2025,100203.0,2.576182,22369872.0
NGA,NGA_3519,Giri,5.0,2020,2025,21311.0,1.087754,6071961.0
NGA,NGA_3521,Giringwe,2.0,2020,2025,5937.0,0.4914,2600093.0
NGA,NGA_3542,Glogbo/Seme [NGA],9.0,2020,2025,40285.0,1.569129,8677385.0
NGA,NGA_3565,Gombe,84.0,2020,2025,632310.0,25.20886,171913824.0
NGA,NGA_3567,Gombi,18.0,2020,2025,114063.0,3.757383,24911444.0
NGA,NGA_3584,Gota,5.0,2020,2025,17294.0,0.881595,5351708.0
NGA,NGA_3619,Guai,5.0,2020,2025,8864.0,0.855754,4539021.0
NGA,NGA_3621,Gubio,3.0,2020,2025,27319.0,0.684706,3334775.0
NGA,NGA_3623,Gudi,3.0,2020,2025,9389.0,0.410291,1602519.0
NGA,NGA_3624,Gudumbali,2.0,2020,2025,14293.0,0.385294,1781444.0
NGA,NGA_363,Aisegba,4.0,2020,2025,29258.0,0.723036,3627217.0
NGA,NGA_3657,Gulak,6.0,2020,2025,30181.0,1.085463,5130403.0
NGA,NGA_3659,Gulma,3.0,2020,2025,18464.0,0.7285,4118335.0
NGA,NGA_3662,Gumau,2.0,2020,2025,9149.0,0.527355,2734743.0
NGA,NGA_3663,Gumel 1,10.0,2020,2025,157911.0,2.69533,17309052.0
NGA,NGA_3664,Gumel 2,3.0,2020,2025,11445.0,0.53889,2221926.0
NGA,NGA_3665,Gummi,9.0,2020,2025,73717.0,2.346062,14610620.0
NGA,NGA_3672,Gurin,2.0,2020,2025,14865.0,0.601669,3350362.0
NGA,NGA_3674,Guroji,2.0,2020,2025,8919.0,0.494717,3881837.0
NGA,NGA_3675,Gusau,61.0,2020,2025,681044.0,15.511954,112087504.0
NGA,NGA_3679,Guyuk,6.0,2020,2025,61275.0,1.260064,6562132.0
NGA,NGA_3680,Gwadabawa,4.0,2020,2025,28012.0,0.923757,5234542.0
NGA,NGA_3681,Gwadainya,6.0,2020,2025,26075.0,1.672181,9973730.0
NGA,NGA_3683,Gwagwalada,32.0,2020,2025,245002.0,9.445114,65875020.0
NGA,NGA_3685,Gwandu,5.0,2020,2025,23912.0,1.414371,9985544.0
NGA,NGA_3686,Gwano,1.0,2020,2025,7887.0,0.316063,1727557.0
NGA,NGA_3687,Gwantu,5.0,2020,2025,19586.0,0.826386,3737207.0
NGA,NGA_3688,Gwaram ,3.0,2020,2025,24060.0,0.958834,7294855.0
NGA,NGA_3689,Gwarzo,7.0,2020,2025,60612.0,1.653913,9499217.0
NGA,NGA_369,Aiye,3.0,2020,2025,21765.0,0.396241,1616919.0
NGA,NGA_3696,Gwoza,10.0,2020,2025,84198.0,2.294717,12991932.0
NGA,NGA_370,Aiye/Ankpa,5.0,2020,2025,9620.0,0.937117,4015116.0
NGA,NGA_3700,Hadejia,16.0,2020,2025,268149.0,4.334647,27682360.0
NGA,NGA_371,Aiyede 2,4.0,2020,2025,26808.0,0.658879,3166798.0
NGA,NGA_372,Aiyede 1,4.0,2020,2025,16085.0,0.797303,4635422.0
NGA,NGA_374,Olode,4.0,2020,2025,18743.0,0.864924,5907210.0
NGA,NGA_3749,Hardawa,5.0,2020,2025,28101.0,0.732703,3754379.0
NGA,NGA_375,Aiyepe Odo,4.0,2020,2025,16905.0,0.704873,3952121.0
NGA,NGA_376,Aiyete,6.0,2020,2025,22427.0,1.191762,6922903.0
NGA,NGA_377,Aiyetoro,12.0,2020,2025,35251.0,3.405951,20729172.0
NGA,NGA_378,Aiyetoro Gbede,9.0,2020,2025,66803.0,1.86622,10579248.0
NGA,NGA_380,Ajagba,3.0,2020,2025,27586.0,0.641669,3838267.0
NGA,NGA_3805,Hildi,4.0,2020,2025,6230.0,0.80577,3644039.0
NGA,NGA_381,Ajaokuta,8.0,2020,2025,51318.0,1.264927,5182898.0
NGA,NGA_382,Ajasse Ipo,3.0,2020,2025,10360.0,0.616749,3048090.0
NGA,NGA_3827,Hong,2.0,2020,2025,4995.0,0.474357,2062619.0
NGA,NGA_3841,Hungu,1.0,2020,2025,8909.0,0.295476,1534181.0
NGA,NGA_3842,Hunkuyi,2.0,2020,2025,16020.0,0.620665,3876328.0
NGA,NGA_3851,Iba,2.0,2020,2025,7093.0,0.38189,1861472.0
NGA,NGA_3853,Ibadan,770.0,2020,2025,5290781.0,203.13544,1595464448.0
NGA,NGA_3855,Ibaka,3.0,2020,2025,10222.0,0.711224,4092021.0
NGA,NGA_3858,Ibe,3.0,2020,2025,24187.0,0.578197,2452662.0
NGA,NGA_3862,Ibelu,2.0,2020,2025,12604.0,0.617447,3374526.0
NGA,NGA_3863,Ibi,6.0,2020,2025,19401.0,1.205789,6590471.0
NGA,NGA_3864,Ibia,3.0,2020,2025,28205.0,0.529124,2666543.0
NGA,NGA_3865,Ibiagidi,31.0,2020,2025,101546.0,3.326306,11631124.0
NGA,NGA_3868,Ibokun,4.0,2020,2025,20656.0,0.79931,4465665.0
NGA,NGA_3870,Iboro,4.0,2020,2025,5866.0,0.601737,2378208.0
NGA,NGA_3873,Ibusa,16.0,2020,2025,49932.0,3.513804,21410444.0
NGA,NGA_3875,Icheabu,3.0,2020,2025,11699.0,0.555906,3262566.0
NGA,NGA_3878,Idah,52.0,2020,2025,218155.0,8.391452,53401316.0
NGA,NGA_3880,Idanre,11.0,2020,2025,72984.0,2.881175,25719096.0
NGA,NGA_3884,Idere,3.0,2020,2025,11903.0,0.638237,3201705.0
NGA,NGA_3886,Idi Emi,8.0,2020,2025,14442.0,1.499082,7620883.0
NGA,NGA_3890,Ido Ekiti,12.0,2020,2025,118848.0,2.795258,19737132.0
NGA,NGA_3891,Idoani,4.0,2020,2025,15706.0,0.729554,4674560.0
NGA,NGA_3893,Idomi,2.0,2020,2025,12065.0,0.309919,1551623.0
NGA,NGA_3894,Idon Kasa,1.0,2020,2025,9758.0,0.495274,3164302.0
NGA,NGA_3895,Idowa,4.0,2020,2025,14157.0,0.566711,2456190.0
NGA,NGA_390,Ajingi,2.0,2020,2025,9821.0,0.442508,2727612.0
NGA,NGA_3900,Ifaki,4.0,2020,2025,40393.0,0.940931,5923923.0
NGA,NGA_3902,Ifangni/Idi Iroko [NGA],27.0,2020,2025,157913.0,6.048091,40808468.0
NGA,NGA_3903,Ife 1,104.0,2020,2025,682783.0,25.699944,190584048.0
NGA,NGA_3904,Ife 2,2.0,2020,2025,12381.0,0.413411,2036075.0
NGA,NGA_3907,Ifetedo,3.0,2020,2025,12046.0,0.658743,4314367.0
NGA,NGA_3908,Ifewara,2.0,2020,2025,10321.0,0.44041,2272425.0
NGA,NGA_391,Aka Ese,5.0,2020,2025,20172.0,0.869873,4256274.0
NGA,NGA_3910,Ifon,8.0,2020,2025,34007.0,1.517932,9235299.0
NGA,NGA_3916,Igana,4.0,2020,2025,16372.0,0.838995,4524368.0
NGA,NGA_3918,Igangan,8.0,2020,2025,22097.0,1.469812,7508686.0
NGA,NGA_3919,Igarra,17.0,2020,2025,84696.0,2.721658,16580241.0
NGA,NGA_392,Akana/Ogu,4.0,2020,2025,45920.0,0.604511,3057544.0
NGA,NGA_3921,Igbaja,3.0,2020,2025,10328.0,0.52041,2416472.0
NGA,NGA_3922,Igbajo,3.0,2020,2025,15348.0,0.616321,3912801.0
NGA,NGA_3923,Igbanke,9.0,2020,2025,29673.0,1.22287,4588308.0
NGA,NGA_3924,Igbara Odo,5.0,2020,2025,43297.0,0.99645,5464003.0
NGA,NGA_3925,Owena Ijesha,3.0,2020,2025,17718.0,0.683464,4321554.0
NGA,NGA_3929,Igbere,4.0,2020,2025,24843.0,0.892484,5939925.0
NGA,NGA_393,Akabuka,9.0,2020,2025,78129.0,1.800516,8659681.0
NGA,NGA_3931,Igbeti,13.0,2020,2025,51494.0,2.495392,14284313.0
NGA,NGA_3932,Igbidu,168.0,2020,2025,229246.0,11.627724,33129730.0
NGA,NGA_3933,Igbo Emabama,3.0,2020,2025,13996.0,0.417008,1740547.0
NGA,NGA_3934,Igbo Ora,17.0,2020,2025,78278.0,3.804911,22395352.0
NGA,NGA_3935,Igbo Tako,6.0,2020,2025,27133.0,1.04713,4658902.0
NGA,NGA_3938,Igbogila,4.0,2020,2025,8999.0,0.889796,4686241.0
NGA,NGA_3939,Igboho,18.0,2020,2025,70156.0,3.277992,19037238.0
NGA,NGA_3940,Igbokoda,13.0,2020,2025,138478.0,2.454038,14164558.0
NGA,NGA_3942,Igede Ekiti,10.0,2020,2025,95201.0,1.990303,12934194.0
NGA,NGA_3943,Igodo,3.0,2020,2025,13931.0,0.440395,2042831.0
NGA,NGA_3944,Igogo Ekiti,3.0,2020,2025,24519.0,0.650275,3701204.0
NGA,NGA_3946,Igueben,9.0,2020,2025,35425.0,1.210888,4445516.0
NGA,NGA_3949,Iguobazuwa,4.0,2020,2025,24165.0,0.598043,2580652.0
NGA,NGA_395,Akahufu,41.0,2020,2025,44880.0,2.081927,5205679.0
NGA,NGA_3952,Ihalav,9.0,2020,2025,18905.0,1.341716,7045969.0
NGA,NGA_3956,Ihube/Nduhu,5.0,2020,2025,27260.0,0.972538,6501282.0
NGA,NGA_3957,Ihubogo,4.0,2020,2025,34593.0,0.803976,3632910.0
NGA,NGA_3958,Ihugh,6.0,2020,2025,18740.0,1.138586,6412635.0
NGA,NGA_3961,Ijare,5.0,2020,2025,18158.0,0.855172,5049235.0
NGA,NGA_3963,Ijebu Igbo,26.0,2020,2025,134492.0,5.320201,36695148.0
NGA,NGA_3964,Ijebu Ijesha,8.0,2020,2025,42582.0,1.595896,10023808.0
NGA,NGA_3965,Ijebu Ode,123.0,2020,2025,616627.0,24.98628,146388112.0
NGA,NGA_3966,Ijero Ekiti,7.0,2020,2025,65518.0,1.436444,10061694.0
NGA,NGA_3968,Ijoun,5.0,2020,2025,7999.0,0.924784,4427363.0
NGA,NGA_3970,Ayetoro Iju & Ifa Ogbolu,10.0,2020,2025,50104.0,2.023848,12144099.0
NGA,NGA_3971,Ika,44.0,2020,2025,94683.0,2.896797,7448485.0
NGA,NGA_3973,Ikara,5.0,2020,2025,26469.0,1.141099,6803996.0
NGA,NGA_3974,Ikare,34.0,2020,2025,176194.0,7.404872,46919048.0
NGA,NGA_3975,Ikeji,2.0,2020,2025,6689.0,0.379829,2181756.0
NGA,NGA_3979,Ikerre Ekiti,22.0,2020,2025,268181.0,5.332529,38883952.0
NGA,NGA_398,Akamkpa,6.0,2020,2025,28824.0,1.062896,5223027.0
NGA,NGA_3981,Ikire,36.0,2020,2025,238053.0,10.072246,76873120.0
NGA,NGA_3982,Ikirun,55.0,2020,2025,341993.0,13.999385,106367600.0
NGA,NGA_3984,Iloko Ijesa,3.0,2020,2025,12058.0,0.521693,2268190.0
NGA,NGA_3985,Ikole,15.0,2020,2025,124547.0,2.886283,17633680.0
NGA,NGA_3986,Ikom,17.0,2020,2025,123037.0,3.570506,24046776.0
NGA,NGA_3987,Ikoro,3.0,2020,2025,27237.0,0.605251,3710869.0
NGA,NGA_3988,Ikorodu,386.0,2020,2025,1568685.0,94.919,822599040.0
NGA,NGA_3989,Ikot,24.0,2020,2025,49181.0,1.230459,3076644.0
NGA,NGA_3991,Ukpon,5.0,2020,2025,23575.0,0.789641,2865433.0
NGA,NGA_3992,Ikot Akpaete,11.0,2020,2025,48286.0,1.492362,4395216.0
NGA,NGA_3993,Ikot Ankan,81.0,2020,2025,186480.0,6.050869,15516262.0
NGA,NGA_3999,Ikot Offiong,21.0,2020,2025,60888.0,1.635008,4920892.0
NGA,NGA_4000,Ikot Ubo,11.0,2020,2025,29876.0,1.021599,2909110.0
NGA,NGA_4002,Ikpayongo,8.0,2020,2025,23586.0,1.517848,8200431.0
NGA,NGA_4006,Ila,21.0,2020,2025,91456.0,3.768144,24487596.0
NGA,NGA_4008,Ilara,5.0,2020,2025,24893.0,0.979732,6665246.0
NGA,NGA_4010,Ilaro,39.0,2020,2025,193847.0,6.211764,41053656.0
NGA,NGA_4011,Ilasa Ekiti,4.0,2020,2025,22857.0,0.580214,2422241.0
NGA,NGA_4012,Igbaraoke,6.0,2020,2025,29594.0,1.177106,7278383.0
NGA,NGA_4013,Ilawe Ekiti,8.0,2020,2025,77868.0,1.475253,10366655.0
NGA,NGA_4014,Ile Igbo,5.0,2020,2025,30317.0,1.018877,6155198.0
NGA,NGA_4015,Ile Oluji,14.0,2020,2025,79069.0,2.982984,20568370.0
NGA,NGA_4018,Ilero,6.0,2020,2025,25422.0,1.148149,5624566.0
NGA,NGA_4019,Ilesha,78.0,2020,2025,514453.0,18.140618,128553728.0
NGA,NGA_4020,Ilesha Ibariba,6.0,2020,2025,10071.0,1.019281,5334283.0
NGA,NGA_4021,Ijesu Isu,3.0,2020,2025,17178.0,0.430917,1801907.0
NGA,NGA_4023,Illela,8.0,2020,2025,67780.0,2.302376,14157777.0
NGA,NGA_4030,Ilorin,265.0,2020,2025,1550822.0,76.920696,598688512.0
NGA,NGA_4031,Iloro,3.0,2020,2025,31120.0,0.683151,4101804.0
NGA,NGA_4034,Ilueologbo Owe,6.0,2020,2025,25036.0,1.109235,5500481.0
NGA,NGA_4038,Ilutitun,5.0,2020,2025,34095.0,1.21852,6741185.0
NGA,NGA_4039,Iane,4.0,2020,2025,18337.0,0.860256,5139429.0
NGA,NGA_4043,Imeko,12.0,2020,2025,38355.0,2.29742,13006417.0
NGA,NGA_4049,Imota,11.0,2020,2025,32299.0,1.751141,11320445.0
NGA,NGA_4063,Ingawa,3.0,2020,2025,24331.0,0.876669,4832513.0
NGA,NGA_4064,Inisa,9.0,2020,2025,44220.0,1.944057,13004121.0
NGA,NGA_4071,Inyi-Umuom,8.0,2020,2025,32572.0,1.302105,7401641.0
NGA,NGA_4075,Iperu,12.0,2020,2025,55668.0,2.37904,14254694.0
NGA,NGA_4076,Ipetu Ijesha,6.0,2020,2025,30546.0,1.39973,8967717.0
NGA,NGA_4077,Ipetumodu,20.0,2020,2025,103551.0,4.274649,26268084.0
NGA,NGA_4079,Ipokia,9.0,2020,2025,25163.0,0.858821,3177793.0
NGA,NGA_4080,Iporo Ekiti,4.0,2020,2025,30291.0,0.750284,3373560.0
NGA,NGA_4081,Ipoti Ekiti,4.0,2020,2025,32702.0,0.736586,5111730.0
NGA,NGA_4083,Irawo,3.0,2020,2025,11418.0,0.598186,2322008.0
NGA,NGA_4084,Ire Ekiti,3.0,2020,2025,24626.0,0.564893,2505338.0
NGA,NGA_4085,Irele,12.0,2020,2025,130443.0,3.529552,24653608.0
NGA,NGA_4086,Iresi,3.0,2020,2025,8856.0,0.445485,1962704.0
NGA,NGA_4092,Irun,4.0,2020,2025,15202.0,0.67639,3050437.0
NGA,NGA_4093,Ogbagi,5.0,2020,2025,18069.0,0.803289,3560903.0
NGA,NGA_4094,Isa,5.0,2020,2025,37039.0,1.413498,9099279.0
NGA,NGA_4100,Isan,2.0,2020,2025,18367.0,0.44373,2398256.0
NGA,NGA_4103,Isanlu,12.0,2020,2025,134754.0,2.702776,15805819.0
NGA,NGA_4105,Isara,23.0,2020,2025,108106.0,4.096131,25000814.0
NGA,NGA_4107,Iseyin,43.0,2020,2025,232729.0,9.990656,66403896.0
NGA,NGA_4110,Ishiagu,10.0,2020,2025,48112.0,2.060308,12893691.0
NGA,NGA_4113,Isikpo,5.0,2020,2025,39078.0,1.081789,5380306.0
NGA,NGA_4123,Uso,2.0,2020,2025,17500.0,0.563286,3139810.0
NGA,NGA_4127,Issele Uku,14.0,2020,2025,48207.0,2.235829,12415853.0
NGA,NGA_4131,Ita Otu,5.0,2020,2025,17940.0,0.769859,3392650.0
NGA,NGA_4132,Itas,2.0,2020,2025,16613.0,0.493476,2589896.0
NGA,NGA_4138,Itigidi/Ebida,3.0,2020,2025,14192.0,0.481909,2274826.0
NGA,NGA_4139,Itobe,6.0,2020,2025,31311.0,0.839991,4515080.0
NGA,NGA_4142,Iware,4.0,2020,2025,10705.0,0.787394,3794402.0
NGA,NGA_4145,Iwo,45.0,2020,2025,283525.0,10.648842,74672008.0
NGA,NGA_4147,Iworoko,6.0,2020,2025,45975.0,1.182526,7813499.0
NGA,NGA_4150,Iyale,7.0,2020,2025,16539.0,1.161,7121354.0
NGA,NGA_4151,Aiyetoro Ekiti,2.0,2020,2025,19735.0,0.437018,2831613.0
NGA,NGA_4152,Iyara,5.0,2020,2025,27327.0,0.8908,4851623.0
NGA,NGA_4163,Izom/Mararaba,8.0,2020,2025,43627.0,1.715166,9217275.0
NGA,NGA_4164,Izombe,6.0,2020,2025,25275.0,1.017761,4141207.0
NGA,NGA_4168,Jada,8.0,2020,2025,22764.0,1.794208,9930080.0
NGA,NGA_4170,Jahun,4.0,2020,2025,43306.0,1.047893,5957513.0
NGA,NGA_4171,Jahuna,3.0,2020,2025,8116.0,0.447862,2134753.0
NGA,NGA_4172,Jaji ,7.0,2020,2025,41465.0,1.472403,7656707.0
NGA,NGA_4173,Jajimaji,2.0,2020,2025,9707.0,0.435045,2434498.0
NGA,NGA_4175,Jakusko,2.0,2020,2025,13501.0,0.496267,2504999.0
NGA,NGA_4178,Jalingo,82.0,2020,2025,359815.0,21.608878,143615904.0
NGA,NGA_4181,Jamaare,4.0,2020,2025,41165.0,1.193728,6890498.0
NGA,NGA_4184,Jangero,2.0,2020,2025,10980.0,0.398878,1852703.0
NGA,NGA_4188,Jauro,6.0,2020,2025,15514.0,1.182292,6223893.0
NGA,NGA_4190,Jebba,6.0,2020,2025,26444.0,1.223028,8774360.0
NGA,NGA_4193,Jega,13.0,2020,2025,126164.0,3.857504,29676164.0
NGA,NGA_4194,Jemaa,4.0,2020,2025,16154.0,0.653973,3131603.0
NGA,NGA_4196,Jen Kaigawa,4.0,2020,2025,5602.0,0.625616,2608385.0
NGA,NGA_4201,Jere,3.0,2020,2025,16996.0,0.659183,3982603.0
NGA,NGA_4203,Jesse,11.0,2020,2025,61478.0,2.202401,14951498.0
NGA,NGA_4204,Jibiya,10.0,2020,2025,57322.0,3.148262,18991094.0
NGA,NGA_4209,Jikamshi,2.0,2020,2025,16657.0,0.508186,2586533.0
NGA,NGA_4211,Jimeta,108.0,2020,2025,668241.0,25.815908,165483968.0
NGA,NGA_4219,Jogana,4.0,2020,2025,39437.0,1.14801,7286425.0
NGA,NGA_4226,Jos,229.0,2020,2025,845626.0,58.614912,462056704.0
NGA,NGA_425,Aku,10.0,2020,2025,60522.0,1.713633,9898849.0
NGA,NGA_4250,Kabba,22.0,2020,2025,135229.0,4.856087,32298128.0
NGA,NGA_4251,Ungwan Abdullah Maifata,5.0,2020,2025,15438.0,1.390649,8524374.0
NGA,NGA_4258,Kabo,2.0,2020,2025,23713.0,0.457875,2502341.0
NGA,NGA_426,Akungba,25.0,2020,2025,106232.0,5.021744,28534338.0
NGA,NGA_4260,Kabogi,2.0,2020,2025,7982.0,0.513135,2915211.0
NGA,NGA_427,Akure,222.0,2020,2025,1370784.0,50.505392,400857344.0
NGA,NGA_4280,Kachako,3.0,2020,2025,19672.0,0.814984,5253072.0
NGA,NGA_4281,Kachia,5.0,2020,2025,22211.0,1.038132,5420992.0
NGA,NGA_4288,Kado,4.0,2020,2025,8741.0,1.011465,5213930.0
NGA,NGA_429,Akwanga,30.0,2020,2025,113576.0,4.81141,27985910.0
NGA,NGA_4291,Kaduna,307.0,2020,2025,2730644.0,88.890408,672863232.0
NGA,NGA_4296,Kafanchan,22.0,2020,2025,117553.0,4.191928,22976082.0
NGA,NGA_4299,Kafin Hausa,4.0,2020,2025,59487.0,0.950266,5014633.0
NGA,NGA_4300,Kafin Madaki,3.0,2020,2025,10311.0,0.6108,3297331.0
NGA,NGA_431,Akwete,4.0,2020,2025,22315.0,0.56882,2177559.0
NGA,NGA_438,Alabanisi,3.0,2020,2025,8959.0,0.540497,2489754.0
NGA,NGA_4394,Kafur,2.0,2020,2025,12799.0,0.584389,3504755.0
NGA,NGA_4398,Kagara,5.0,2020,2025,25152.0,1.118864,6708591.0
NGA,NGA_4399,Kagarko,3.0,2020,2025,15456.0,0.56902,2987134.0
NGA,NGA_4401,Kagoe,3.0,2020,2025,13022.0,0.550943,2679705.0
NGA,NGA_4404,Kagoro,16.0,2020,2025,52826.0,2.160497,9250555.0
NGA,NGA_4412,Kaiama 1,10.0,2020,2025,43492.0,1.872635,10746962.0
NGA,NGA_4416,Kaita,2.0,2020,2025,15014.0,0.492492,2704829.0
NGA,NGA_4430,Obudu,35.0,2020,2025,165905.0,5.452117,28539990.0
NGA,NGA_4447,Kalgo,5.0,2020,2025,25841.0,0.865529,4985902.0
NGA,NGA_4451,Kalin,4.0,2020,2025,21382.0,1.05381,5708183.0
NGA,NGA_4463,Kaltungo,15.0,2020,2025,121049.0,3.373336,20057496.0
NGA,NGA_447,Alade,5.0,2020,2025,32654.0,1.155244,7817750.0
NGA,NGA_4473,Kamba,9.0,2020,2025,50034.0,2.102698,12266869.0
NGA,NGA_449,Alagbayun,4.0,2020,2025,19784.0,1.027844,7152403.0
NGA,NGA_45,Abogwa,5.0,2020,2025,27587.0,1.091054,6696641.0
NGA,NGA_4509,Kangiwa,5.0,2020,2025,27602.0,0.923083,4705864.0
NGA,NGA_4515,Kankara,5.0,2020,2025,48088.0,1.363829,8816479.0
NGA,NGA_4516,Kankia,6.0,2020,2025,34118.0,1.527361,8194285.0
NGA,NGA_4519,Kano,372.0,2020,2025,4918206.0,123.751104,910339008.0
NGA,NGA_4567,Karaye,3.0,2020,2025,34527.0,0.955947,5071935.0
NGA,NGA_4568,Kardi,2.0,2020,2025,14490.0,0.582419,3231117.0
NGA,NGA_4570,Karfi Ruga,2.0,2020,2025,25980.0,0.618996,3107411.0
NGA,NGA_4576,Karim Lamido,6.0,2020,2025,15816.0,0.974482,4402981.0
NGA,NGA_4582,Karshi 1,6.0,2020,2025,31720.0,1.234651,6574721.0
NGA,NGA_4604,Kashere,3.0,2020,2025,13268.0,0.634338,3924536.0
NGA,NGA_4623,Kasuwan Magani,4.0,2020,2025,20308.0,0.814678,4380555.0
NGA,NGA_4625,Katabu,5.0,2020,2025,46158.0,1.500699,9742889.0
NGA,NGA_4626,Katagum,2.0,2020,2025,12958.0,0.519621,2726137.0
NGA,NGA_4634,Katari,2.0,2020,2025,14647.0,0.558262,3216463.0
NGA,NGA_4635,Katcha,3.0,2020,2025,16405.0,0.569983,2873428.0
NGA,NGA_4654,Katsalle,2.0,2020,2025,12107.0,0.372055,1761766.0
NGA,NGA_4655,Katsina,94.0,2020,2025,681373.0,27.456314,186099904.0
NGA,NGA_4656,Katsina Ala,18.0,2020,2025,64935.0,3.982295,24495854.0
NGA,NGA_4660,Kaura Namoda,8.0,2020,2025,94562.0,2.61703,17517864.0
NGA,NGA_4666,Kaya,2.0,2020,2025,7815.0,0.46273,2804149.0
NGA,NGA_4677,Kazaure,9.0,2020,2025,136470.0,2.140438,13197140.0
NGA,NGA_4680,Kebbe,2.0,2020,2025,12676.0,0.379659,2325064.0
NGA,NGA_4692,Keffi,30.0,2020,2025,180542.0,7.8129,56784944.0
NGA,NGA_4784,Kibiya,2.0,2020,2025,21747.0,0.584341,3138028.0
NGA,NGA_4879,Kirfi,2.0,2020,2025,13230.0,0.470089,2203785.0
NGA,NGA_4882,Kiru,2.0,2020,2025,30643.0,0.64663,3478227.0
NGA,NGA_4898,Kishi,23.0,2020,2025,88963.0,4.586856,26226508.0
NGA,NGA_4922,Pulka,4.0,2020,2025,36785.0,1.02828,5765914.0
NGA,NGA_4927,Kiyawa ,3.0,2020,2025,26963.0,0.92456,5382211.0
NGA,NGA_4945,Koinya,3.0,2020,2025,10464.0,0.6843,3587046.0
NGA,NGA_4946,Koko 1,9.0,2020,2025,84140.0,2.523633,15766860.0
NGA,NGA_4947,Koko 2,5.0,2020,2025,21579.0,0.902632,5756698.0
NGA,NGA_4951,Kokori,6.0,2020,2025,33768.0,1.211378,6770845.0
NGA,NGA_496,Ogbese,3.0,2020,2025,20001.0,0.708546,3634930.0
NGA,NGA_4977,Konduga,5.0,2020,2025,32653.0,0.938738,4343723.0
NGA,NGA_4989,Kontagora,29.0,2020,2025,151123.0,7.217012,48605660.0
NGA,NGA_4990,Kopbepang,3.0,2020,2025,5990.0,0.513205,2174972.0
NGA,NGA_5008,Koton Karifi,4.0,2020,2025,21969.0,0.596906,3152651.0
NGA,NGA_5009,Kotorkoshi,2.0,2020,2025,18003.0,0.551203,3961529.0
NGA,NGA_5068,Kuchi,2.0,2020,2025,7481.0,0.401838,2354481.0
NGA,NGA_5075,Kujama,5.0,2020,2025,23309.0,0.921319,4562583.0
NGA,NGA_5076,Kuje,27.0,2020,2025,148950.0,5.86927,37855096.0
NGA,NGA_5077,Kukawa,2.0,2020,2025,14203.0,0.483521,2314279.0
NGA,NGA_5120,Kumo,8.0,2020,2025,46924.0,2.158717,12652416.0
NGA,NGA_5123,Kunjiel,2.0,2020,2025,11205.0,0.488347,2479683.0
NGA,NGA_5124,Kunya Centre,2.0,2020,2025,18844.0,0.619825,3567768.0
NGA,NGA_5127,Sarkin Kura,5.0,2020,2025,68408.0,1.502475,9569674.0
NGA,NGA_5128,Kaura Munjo,6.0,2020,2025,43023.0,1.472776,7493027.0
NGA,NGA_5130,Kurfi,3.0,2020,2025,18656.0,0.769626,3815129.0
NGA,NGA_5131,Kurgwi,4.0,2020,2025,12579.0,0.889384,4915261.0
NGA,NGA_5133,Kuriya,2.0,2020,2025,10553.0,0.494791,3206812.0
NGA,NGA_5137,Kuta,6.0,2020,2025,29640.0,1.385845,7948860.0
NGA,NGA_5138,Kuta ,2.0,2020,2025,8970.0,0.369596,1764226.0
NGA,NGA_5140,Kutigi,3.0,2020,2025,13058.0,0.746559,3955267.0
NGA,NGA_5150,Kwaghbo,3.0,2020,2025,6724.0,0.576231,2708908.0
NGA,NGA_5152,Kwale,16.0,2020,2025,84353.0,3.880374,25707880.0
NGA,NGA_5165,Kwararfa,4.0,2020,2025,6647.0,0.708241,2919054.0
NGA,NGA_5166,Kware 1,2.0,2020,2025,16691.0,0.576949,3128255.0
NGA,NGA_5168,Kwaya,3.0,2020,2025,21545.0,0.8705,5269764.0
NGA,NGA_5173,Kwen,4.0,2020,2025,11367.0,0.709102,3168009.0
NGA,NGA_5175,Kwoi,9.0,2020,2025,30516.0,1.241815,5069488.0
NGA,NGA_5176,Kwolla,4.0,2020,2025,5054.0,0.482428,1751361.0
NGA,NGA_5191,Lade,2.0,2020,2025,6181.0,0.384524,2282914.0
NGA,NGA_5194,Lafia,57.0,2020,2025,295577.0,15.256459,94961744.0
NGA,NGA_5195,Lafia_2,4.0,2020,2025,22196.0,0.692196,2984925.0
NGA,NGA_5196,Lafiagi,11.0,2020,2025,28684.0,1.916202,11198957.0
NGA,NGA_5199,Lagos,1554.0,2020,2025,16074976.0,486.249024,4555041280.0
NGA,NGA_5211,Lamurde,3.0,2020,2025,10469.0,0.41779,1978559.0
NGA,NGA_5215,Langtang,34.0,2020,2025,71358.0,4.590762,23839170.0
NGA,NGA_5216,Lanlate,4.0,2020,2025,16989.0,0.858804,4693916.0
NGA,NGA_5217,Kuri,2.0,2020,2025,6386.0,0.566079,2845918.0
NGA,NGA_5218,Lapai,7.0,2020,2025,33987.0,1.777629,11144025.0
NGA,NGA_5231,Lassa,4.0,2020,2025,7498.0,0.637184,2541014.0
NGA,NGA_5233,Lau,3.0,2020,2025,8354.0,0.451301,1696377.0
NGA,NGA_5260,Leru,3.0,2020,2025,14839.0,0.668623,3977061.0
NGA,NGA_5263,Lessel,8.0,2020,2025,18012.0,1.33267,6463654.0
NGA,NGA_5276,Liman Katagum,2.0,2020,2025,4865.0,0.443149,2217929.0
NGA,NGA_5290,Lissam,11.0,2020,2025,21976.0,1.787225,8057969.0
NGA,NGA_5299,Loburo,133.0,2020,2025,411680.0,31.193114,262478976.0
NGA,NGA_5307,Loko,3.0,2020,2025,9111.0,0.528018,2455832.0
NGA,NGA_5309,Lokoja,65.0,2020,2025,603170.0,16.354705,128130216.0
NGA,NGA_5314,Lollo,3.0,2020,2025,10748.0,0.525369,2470318.0
NGA,NGA_5363,Lugge,2.0,2020,2025,4693.0,0.375176,1670216.0
NGA,NGA_537,Albasu,1.0,2020,2025,10860.0,0.375041,1983184.0
NGA,NGA_54,Abonnema,6.0,2020,2025,48610.0,1.237979,7238926.0
NGA,NGA_5424,Mabudi,6.0,2020,2025,39589.0,1.059034,4811373.0
NGA,NGA_5433,Machina,2.0,2020,2025,7917.0,0.446943,2388682.0
NGA,NGA_5436,Mada,2.0,2020,2025,19184.0,0.633361,4644033.0
NGA,NGA_5438,Madagali,5.0,2020,2025,38968.0,1.103567,6293674.0
NGA,NGA_5458,Madobi,2.0,2020,2025,16785.0,0.382024,1979335.0
NGA,NGA_5461,Mafa,2.0,2020,2025,12720.0,0.368415,1691873.0
NGA,NGA_5472,Magami,2.0,2020,2025,19318.0,0.710577,4465757.0
NGA,NGA_5475,Magare,2.0,2020,2025,14203.0,0.636782,4142154.0
NGA,NGA_5496,Magumeri,2.0,2020,2025,12431.0,0.357544,1694638.0
NGA,NGA_5535,Mahuta 1,4.0,2020,2025,15609.0,0.723025,3566691.0
NGA,NGA_5537,Maiadua,4.0,2020,2025,54302.0,0.898781,4703133.0
NGA,NGA_5538,Maiduguri,191.0,2020,2025,2670156.0,52.302936,416647648.0
NGA,NGA_5540,Mayo Nguli,3.0,2020,2025,15367.0,0.691897,3735770.0
NGA,NGA_5541,Maikunkele,4.0,2020,2025,17986.0,0.89803,5192590.0
NGA,NGA_5544,Maiyama,2.0,2020,2025,14764.0,0.518106,2871424.0
NGA,NGA_5547,Maji,3.0,2020,2025,23743.0,0.912495,6608954.0
NGA,NGA_5562,Makarfi,4.0,2020,2025,28581.0,1.166107,6582469.0
NGA,NGA_5585,Makurdi,130.0,2020,2025,614728.0,33.654776,261217200.0
NGA,NGA_5595,Malam Maduri,5.0,2020,2025,76803.0,1.184919,6146941.0
NGA,NGA_5606,Malete,4.0,2020,2025,9516.0,0.600913,2759703.0
NGA,NGA_5613,Mallam Daya,5.0,2020,2025,10034.0,0.657248,2489869.0
NGA,NGA_5621,Malumfashi,14.0,2020,2025,67320.0,3.790988,24483096.0
NGA,NGA_5622,Malumfatori,3.0,2020,2025,19608.0,0.721566,3897652.0
NGA,NGA_5639,Manchok,3.0,2020,2025,10490.0,0.440427,1814396.0
NGA,NGA_5648,Manfu,3.0,2020,2025,6462.0,0.613108,3121404.0
NGA,NGA_5656,Mangu,16.0,2020,2025,66008.0,3.972177,23311724.0
NGA,NGA_5658,Monguno,10.0,2020,2025,92513.0,2.399239,15133195.0
NGA,NGA_5660,Mani,5.0,2020,2025,25090.0,1.184399,6245399.0
NGA,NGA_5675,Manor,5.0,2020,2025,9759.0,0.704499,2838504.0
NGA,NGA_5709,Maradun Relocation,4.0,2020,2025,35320.0,0.994179,5426453.0
NGA,NGA_5715,Mararaba,5.0,2020,2025,19480.0,0.946918,5211737.0
NGA,NGA_5726,Mariga ,3.0,2020,2025,14157.0,0.933049,5980514.0
NGA,NGA_5728,Marmara,2.0,2020,2025,16751.0,0.55489,2984627.0
NGA,NGA_5737,Marraraba,3.0,2020,2025,6878.0,0.570261,2284729.0
NGA,NGA_5743,Maru,3.0,2020,2025,22246.0,0.850935,5232660.0
NGA,NGA_5758,Mashi,4.0,2020,2025,34118.0,1.045189,6301577.0
NGA,NGA_5769,Maska,2.0,2020,2025,12134.0,0.564025,3532032.0
NGA,NGA_5780,Matagami,7.0,2020,2025,12677.0,0.658843,1873377.0
NGA,NGA_5793,Matazu,3.0,2020,2025,19504.0,0.683737,3732116.0
NGA,NGA_5820,Maya Belwa,9.0,2020,2025,29291.0,2.083605,11421389.0
NGA,NGA_5839,Mbacub,12.0,2020,2025,19300.0,1.293877,4592572.0
NGA,NGA_5843,Mbak,4.0,2020,2025,17923.0,0.445523,1476237.0
NGA,NGA_5866,Mbiama,4.0,2020,2025,24252.0,0.545007,2402650.0
NGA,NGA_5873,Mbogwo,10.0,2020,2025,32233.0,1.320218,4728145.0
NGA,NGA_5984,Miango,4.0,2020,2025,15018.0,0.648566,2827516.0
NGA,NGA_5986,Michaga,9.0,2020,2025,35971.0,1.379334,8198045.0
NGA,NGA_5988,Michika,16.0,2020,2025,53781.0,3.1793,16131282.0
NGA,NGA_5999,Miga 1,3.0,2020,2025,8096.0,0.68018,4406308.0
NGA,NGA_60,Abraka,22.0,2020,2025,132651.0,4.441199,28479908.0
NGA,NGA_6014,Minjibir,3.0,2020,2025,26931.0,0.780392,4343166.0
NGA,NGA_6015,Minna,95.0,2020,2025,571448.0,25.744184,187988096.0
NGA,NGA_6071,Miringa,3.0,2020,2025,15254.0,0.685105,3453116.0
NGA,NGA_6074,Misau,8.0,2020,2025,88587.0,2.176202,13002976.0
NGA,NGA_6151,Mkpani,2.0,2020,2025,13212.0,0.313383,1397403.0
NGA,NGA_6169,Mgboko Umuanunu,10.0,2020,2025,18148.0,1.12839,3319149.0
NGA,NGA_6204,Mokwa,14.0,2020,2025,61754.0,2.966364,17902146.0
NGA,NGA_6211,Molume,6.0,2020,2025,33303.0,1.226763,4521689.0
NGA,NGA_6230,Mopa,9.0,2020,2025,37843.0,1.419906,5637161.0
NGA,NGA_6240,Moriki,3.0,2020,2025,16765.0,0.805736,4535884.0
NGA,NGA_6325,Mubi,34.0,2020,2025,142153.0,9.485868,62685588.0
NGA,NGA_6409,Murya,3.0,2020,2025,9170.0,0.621499,2769501.0
NGA,NGA_6412,Musawa,4.0,2020,2025,28451.0,0.8273,4713937.0
NGA,NGA_6433,Mutum Biyu,10.0,2020,2025,29685.0,2.345632,14630943.0
NGA,NGA_6476,Makera,3.0,2020,2025,12169.0,0.746796,4558368.0
NGA,NGA_6495,Nafada,2.0,2020,2025,15235.0,0.574237,3039747.0
NGA,NGA_6497,Nafuchi,2.0,2020,2025,21788.0,0.607184,3419031.0
NGA,NGA_6512,Naka,11.0,2020,2025,33335.0,2.29145,12332616.0
NGA,NGA_6530,Bassam Jiwa ,4.0,2020,2025,21013.0,0.835884,4627091.0
NGA,NGA_6537,Namu,5.0,2020,2025,10383.0,1.016778,6628163.0
NGA,NGA_6558,Nasarawa 1,15.0,2020,2025,80493.0,3.47388,21775420.0
NGA,NGA_6559,Nasarawa 2,2.0,2020,2025,5208.0,0.408004,1809808.0
NGA,NGA_6560,Nasarawa 3,2.0,2020,2025,12189.0,0.53266,2674456.0
NGA,NGA_6615,Ndeaboh,6.0,2020,2025,16785.0,0.57421,1435670.0
NGA,NGA_6619,Ndelle,3.0,2020,2025,19189.0,0.507121,2355377.0
NGA,NGA_6621,Akpugo,77.0,2020,2025,144677.0,8.528178,32199736.0
NGA,NGA_6631,Ndon Ebom,3.0,2020,2025,12310.0,0.413412,1624599.0
NGA,NGA_6653,Okpogho,10.0,2020,2025,37974.0,1.68706,7192603.0
NGA,NGA_6660,Nembe,3.0,2020,2025,41719.0,0.717342,4238267.0
NGA,NGA_6663,Nenwe,10.0,2020,2025,41836.0,1.768638,7759662.0
NGA,NGA_6670,New Bussa,16.0,2020,2025,73895.0,3.399278,18559916.0
NGA,NGA_6673,New Marte,2.0,2020,2025,8918.0,0.254676,822278.0
NGA,NGA_6676,New Wara,3.0,2020,2025,21924.0,0.804026,3896296.0
NGA,NGA_6684,Ngala,4.0,2020,2025,26556.0,0.736121,3011488.0
NGA,NGA_6685,Ngalda,2.0,2020,2025,14660.0,0.588424,3113290.0
NGA,NGA_6687,Ngambu,3.0,2020,2025,12002.0,0.538294,2622481.0
NGA,NGA_6696,Ngbalang,3.0,2020,2025,18472.0,0.573273,2579861.0
NGA,NGA_6699,Ngelzarma,2.0,2020,2025,13916.0,0.548185,2917438.0
NGA,NGA_6704,Ngo,4.0,2020,2025,12674.0,0.569496,2133561.0
NGA,NGA_6706,Ngodo,22.0,2020,2025,102685.0,3.712084,23247356.0
NGA,NGA_6725,Ngurore,5.0,2020,2025,31388.0,1.322361,7558923.0
NGA,NGA_6726,Nguru,15.0,2020,2025,126237.0,4.344571,30490696.0
NGA,NGA_6763,Ningi,6.0,2020,2025,46060.0,1.786593,10979226.0
NGA,NGA_6777,Damare,17.0,2020,2025,75038.0,3.200418,18876522.0
NGA,NGA_6795,Nko,2.0,2020,2025,14299.0,0.408821,2084426.0
NGA,NGA_6807,Ekparakwa,40.0,2020,2025,70270.0,1.69778,4297770.0
NGA,NGA_6817,Nkwoida,4.0,2020,2025,13819.0,0.83072,4506807.0
NGA,NGA_6818,Nkwo-Nando,9.0,2020,2025,23230.0,1.019883,3392694.0
NGA,NGA_6819,Nmiata,3.0,2020,2025,7922.0,0.383513,1657814.0
NGA,NGA_6841,Sabon Rijiya,3.0,2020,2025,8845.0,0.812935,4549118.0
NGA,NGA_6842,Ashaka/Jalingo,4.0,2020,2025,52947.0,1.066545,7173541.0
NGA,NGA_6843,Mmahu/Egbema,4.0,2020,2025,14819.0,0.683233,2726551.0
NGA,NGA_6869,Nsukka,684.0,2020,2025,1577591.0,66.06724,299826272.0
NGA,NGA_6872,Ntamante,2.0,2020,2025,8058.0,0.285788,909136.0
NGA,NGA_6876,Nto Edino,30.0,2020,2025,71017.0,2.395381,6002472.0
NGA,NGA_6889,Numan,15.0,2020,2025,92528.0,3.806313,23011852.0
NGA,NGA_6931,Oba-Ile,3.0,2020,2025,10504.0,0.549407,2513735.0
NGA,NGA_6933,Obagaji,4.0,2020,2025,6584.0,0.627303,3088511.0
NGA,NGA_6935,Obarike Ito,4.0,2020,2025,13372.0,0.870829,3935231.0
NGA,NGA_6937,Obe,4.0,2020,2025,35883.0,0.87624,4803754.0
NGA,NGA_6938,Ipu/Ozaa/Asa,27.0,2020,2025,62680.0,2.579605,8650394.0
NGA,NGA_6940,Obi,3.0,2020,2025,8974.0,0.563603,2971047.0
NGA,NGA_6941,Obiaruku,35.0,2020,2025,147794.0,6.565053,40967768.0
NGA,NGA_6943,Obigwo,5.0,2020,2025,15915.0,0.884817,3552913.0
NGA,NGA_6944,Obilokwu Mbieri,5.0,2020,2025,14283.0,0.795676,2976064.0
NGA,NGA_6953,Obubra,5.0,2020,2025,23100.0,0.740925,3027560.0
NGA,NGA_6954,Obudi,9.0,2020,2025,31043.0,1.580634,8081089.0
NGA,NGA_6959,Ode Aye ,5.0,2020,2025,29022.0,1.079521,6348019.0
NGA,NGA_6961,Ode Omu,9.0,2020,2025,49332.0,1.85698,10493018.0
NGA,NGA_6962,Oderiga,3.0,2020,2025,10303.0,0.385296,1728957.0
NGA,NGA_6964,Odige,5.0,2020,2025,23941.0,0.733638,3010969.0
NGA,NGA_6965,Odo Ere & Igbaruku,6.0,2020,2025,51983.0,0.913281,4128085.0
NGA,NGA_6967,Odogbolu,7.0,2020,2025,25835.0,1.014319,5041880.0
NGA,NGA_6969,Oduaha,2.0,2020,2025,18498.0,0.448233,1898742.0
NGA,NGA_6974,Offa,57.0,2020,2025,200559.0,12.966817,87145072.0
NGA,NGA_6977,Ofugu Inye,9.0,2020,2025,32023.0,1.283983,6497955.0
NGA,NGA_6979,Ogbaniko,11.0,2020,2025,51508.0,1.59684,8542704.0
NGA,NGA_6980,Ogbeofu,9.0,2020,2025,29599.0,0.965691,3506669.0
NGA,NGA_6981,Ogbia,2.0,2020,2025,18035.0,0.407497,1792526.0
NGA,NGA_6982,Ogbogbo,3.0,2020,2025,11427.0,0.486691,2591802.0
NGA,NGA_6983,Ogboja,10.0,2020,2025,45241.0,1.424602,6544927.0
NGA,NGA_6984,Ogboloko,6.0,2020,2025,21918.0,1.495365,10144403.0
NGA,NGA_6985,Ogbomosho,100.0,2020,2025,544123.0,25.729922,184457808.0
NGA,NGA_6986,Ogbona,8.0,2020,2025,27237.0,1.020845,4617911.0
NGA,NGA_6988,Ogboro,4.0,2020,2025,12167.0,0.615129,2983905.0
NGA,NGA_6989,Awgbu,9.0,2020,2025,36827.0,1.720948,9876705.0
NGA,NGA_6992,Ogoja,7.0,2020,2025,67470.0,1.764829,11382194.0
NGA,NGA_6994,Ogori 1,3.0,2020,2025,12920.0,0.525847,2301313.0
NGA,NGA_6995,Ogori 2,3.0,2020,2025,15634.0,0.727655,3961213.0
NGA,NGA_6999,Oguma 1,11.0,2020,2025,37643.0,1.725375,8061450.0
NGA,NGA_7000,Oguma 2,8.0,2020,2025,26131.0,0.980957,4063873.0
NGA,NGA_7001,Ogume,6.0,2020,2025,21949.0,1.155884,6421752.0
NGA,NGA_7002,Ogunmakin,2.0,2020,2025,7571.0,0.360377,1481129.0
NGA,NGA_7005,Ogwashi Uku,21.0,2020,2025,70445.0,4.539359,27973760.0
NGA,NGA_7006,Ogwuosie,6.0,2020,2025,15555.0,0.948113,4472897.0
NGA,NGA_7007,Ohafia,15.0,2020,2025,104023.0,2.736235,16657364.0
NGA,NGA_7008,Ohoba,3.0,2020,2025,8014.0,0.483574,2088606.0
NGA,NGA_7010,Oja,3.0,2020,2025,12245.0,0.599253,2957972.0
NGA,NGA_7011,Oja Odan,16.0,2020,2025,31257.0,3.210733,20887506.0
NGA,NGA_7012,Ogharefe,24.0,2020,2025,150378.0,4.90617,36357416.0
NGA,NGA_7013,Oju,19.0,2020,2025,49435.0,3.237815,15363319.0
NGA,NGA_7014,Sekona,2.0,2020,2025,11262.0,0.425961,1976926.0
NGA,NGA_7016,Oka Akoko,8.0,2020,2025,42134.0,2.044575,16248004.0
NGA,NGA_7017,Okada,7.0,2020,2025,9094.0,1.050943,4590672.0
NGA,NGA_7019,Okaka,3.0,2020,2025,11885.0,0.46841,2133494.0
NGA,NGA_7021,Oke Amu,3.0,2020,2025,13544.0,0.578879,2293434.0
NGA,NGA_7022,Oke Igbira,4.0,2020,2025,30670.0,0.800632,4028049.0
NGA,NGA_7023,Okeigbo,5.0,2020,2025,24106.0,0.929957,5263817.0
NGA,NGA_7024,Oke Ila,2.0,2020,2025,16453.0,0.336207,1601998.0
NGA,NGA_7025,Oke Mesi,5.0,2020,2025,22092.0,0.826063,4733327.0
NGA,NGA_7026,Oke Odan,9.0,2020,2025,38509.0,1.365112,7514117.0
NGA,NGA_7027,Oke-Ode,3.0,2020,2025,5615.0,0.409543,1797687.0
NGA,NGA_7028,Oke Oji,3.0,2020,2025,10818.0,0.610478,3395379.0
NGA,NGA_7030,Okeagbe,5.0,2020,2025,16381.0,0.665856,2958925.0
NGA,NGA_7031,Okeiho,15.0,2020,2025,71453.0,3.141561,19094940.0
NGA,NGA_7032,Okenne,74.0,2020,2025,692042.0,17.304064,129842048.0
NGA,NGA_7034,Okigwi,14.0,2020,2025,52996.0,2.688972,18513600.0
NGA,NGA_7035,Okitipupa,24.0,2020,2025,140329.0,5.395835,35328600.0
NGA,NGA_7036,Oko,4.0,2020,2025,18281.0,0.817072,4557723.0
NGA,NGA_7037,Oko Ita,8.0,2020,2025,28336.0,0.770868,2866707.0
NGA,NGA_7038,Okobo,3.0,2020,2025,8472.0,0.481431,1930180.0
NGA,NGA_7039,Okokpon,3.0,2020,2025,36205.0,0.677298,4417702.0
NGA,NGA_7041,Okopedi,9.0,2020,2025,30605.0,1.075733,3710638.0
NGA,NGA_7042,Okpakeke,13.0,2020,2025,35433.0,1.753957,6518096.0
NGA,NGA_7044,Okpara,6.0,2020,2025,29670.0,1.03743,6244736.0
NGA,NGA_7046,Okpella,14.0,2020,2025,80661.0,2.50273,16095574.0
NGA,NGA_7047,Okpo,16.0,2020,2025,24503.0,1.89369,8000962.0
NGA,NGA_7048,Okpoga,13.0,2020,2025,21430.0,1.719838,6915903.0
NGA,NGA_7049,Okpoma,11.0,2020,2025,41919.0,1.36631,5063039.0
NGA,NGA_7052,Okposi,45.0,2020,2025,95986.0,5.269448,17670802.0
NGA,NGA_7058,Okundi,2.0,2020,2025,11107.0,0.335042,1346706.0
NGA,NGA_7059,Okuku,16.0,2020,2025,55008.0,2.40656,11192648.0
NGA,NGA_7061,Okuta,8.0,2020,2025,11978.0,1.197025,6198302.0
NGA,NGA_7062,Okwale,3.0,2020,2025,10752.0,0.380547,1189513.0
NGA,NGA_7063,Okwuzi,13.0,2020,2025,92723.0,2.638753,14633504.0
NGA,NGA_7067,Oleh,11.0,2020,2025,82961.0,2.682812,17401384.0
NGA,NGA_7073,Olokata,2.0,2020,2025,10086.0,0.371406,1447121.0
NGA,NGA_7074,Oloko 1,5.0,2020,2025,18356.0,0.702279,2537128.0
NGA,NGA_7075,Olomoro/Oruabe,4.0,2020,2025,16898.0,0.676379,3030748.0
NGA,NGA_7082,Omifon,3.0,2020,2025,12394.0,0.734996,4712895.0
NGA,NGA_7083,Omoku,18.0,2020,2025,226447.0,4.911618,30607684.0
NGA,NGA_7085,Omor,9.0,2020,2025,28055.0,1.28599,5571286.0
NGA,NGA_7086,Omu,5.0,2020,2025,15140.0,0.738642,3577999.0
NGA,NGA_7087,Omu Aran,20.0,2020,2025,96814.0,4.578065,30585092.0
NGA,NGA_7088,Omuo Ekiti,15.0,2020,2025,121031.0,3.304153,19135904.0
NGA,NGA_7093,Ondo,69.0,2020,2025,553327.0,16.583885,127485552.0
NGA,NGA_7097,Onicha Ugbo,5.0,2020,2025,21545.0,0.934885,4984409.0
NGA,NGA_7098,Onitsha,2632.0,2020,2025,10813624.0,476.730656,3046057728.0
NGA,NGA_7106,Ikpa Ibekwe,9.0,2020,2025,49300.0,1.882892,11619819.0
NGA,NGA_7108,Osan,2.0,2020,2025,13900.0,0.43656,2334997.0
NGA,NGA_7109,Ora Ojora,4.0,2020,2025,17377.0,0.706454,3579951.0
NGA,NGA_7113,Ore,33.0,2020,2025,187155.0,7.770374,57308868.0
NGA,NGA_7114,Orerokpe,9.0,2020,2025,62925.0,2.4351,15962468.0
NGA,NGA_7118,Oro Esie Iludin,15.0,2020,2025,49422.0,2.594079,14805441.0
NGA,NGA_7119,Oroa Emede,5.0,2020,2025,23083.0,0.914892,5072454.0
NGA,NGA_7121,Orogun,4.0,2020,2025,18730.0,1.041844,6077795.0
NGA,NGA_7122,Oron,22.0,2020,2025,177018.0,5.389607,34823848.0
NGA,NGA_7124,Ago Iwoye & Oru,21.0,2020,2025,106016.0,4.03319,25498572.0
NGA,NGA_7129,Osi,7.0,2020,2025,23007.0,1.148779,5995167.0
NGA,NGA_7132,Osogbo,224.0,2020,2025,1458040.0,52.502428,386657376.0
NGA,NGA_7133,Osok,4.0,2020,2025,14152.0,0.386443,1239861.0
NGA,NGA_7135,Ososo-Oke,7.0,2020,2025,21505.0,0.935294,4642704.0
NGA,NGA_7136,Osu,4.0,2020,2025,14300.0,0.624205,3208966.0
NGA,NGA_7138,Otan Ayegbaju,4.0,2020,2025,14050.0,0.682413,3548030.0
NGA,NGA_7144,Opete/Otokutu,17.0,2020,2025,87255.0,2.164197,11547329.0
NGA,NGA_7147,Otu,4.0,2020,2025,16694.0,0.772026,3765244.0
NGA,NGA_7148,Otujeremi/Otokutu,8.0,2020,2025,45289.0,1.231227,5467614.0
NGA,NGA_7149,Otukpa,38.0,2020,2025,53245.0,3.925499,16068931.0
NGA,NGA_7150,Otukwang,6.0,2020,2025,23979.0,0.71067,2538654.0
NGA,NGA_7151,Otun Ekiti,9.0,2020,2025,84823.0,1.83144,12165854.0
NGA,NGA_7152,Otuocha,15.0,2020,2025,62911.0,2.356822,14551539.0
NGA,NGA_7153,Oturkpo,36.0,2020,2025,160904.0,9.106448,64528320.0
NGA,NGA_717,Aliade,12.0,2020,2025,35858.0,2.060297,11483426.0
NGA,NGA_7234,Owa Alidinma,3.0,2020,2025,8207.0,0.54939,2329347.0
NGA,NGA_7240,Owo,48.0,2020,2025,267186.0,10.641972,73703248.0
NGA,NGA_7241,Owode,6.0,2020,2025,13816.0,1.261764,7988397.0
NGA,NGA_7244,Oyan,6.0,2020,2025,19838.0,0.842969,3932804.0
NGA,NGA_7245,Oye Ekiti,15.0,2020,2025,111330.0,2.69926,16285117.0
NGA,NGA_7247,Oyo,105.0,2020,2025,643223.0,28.20926,203060000.0
NGA,NGA_725,Aliero,6.0,2020,2025,52800.0,1.486747,9197417.0
NGA,NGA_7250,Ozoro,15.0,2020,2025,97856.0,3.424719,22933690.0
NGA,NGA_7251,Ozu,6.0,2020,2025,5564.0,0.645978,1821830.0
NGA,NGA_7262,Paiko,5.0,2020,2025,27358.0,1.361099,8223203.0
NGA,NGA_7274,Pambeguwa,5.0,2020,2025,31969.0,1.369168,9068378.0
NGA,NGA_7275,Pambu,4.0,2020,2025,4909.0,0.641267,2322521.0
NGA,NGA_7279,Pandogari,4.0,2020,2025,21804.0,1.022192,5770982.0
NGA,NGA_7281,Pankshin,14.0,2020,2025,61739.0,2.880548,16746973.0
NGA,NGA_7283,Panyam,2.0,2020,2025,7012.0,0.401157,1685070.0
NGA,NGA_7292,Patani,3.0,2020,2025,33445.0,0.579373,2811516.0
NGA,NGA_7293,Pategi,6.0,2020,2025,20719.0,1.392576,9094339.0
NGA,NGA_7300,Pella,2.0,2020,2025,4141.0,0.428636,1907825.0
NGA,NGA_7339,Lagun,2.0,2020,2025,5779.0,0.547945,2580929.0
NGA,NGA_7357,Port Harcourt,430.0,2020,2025,5473020.0,120.268264,909263872.0
NGA,NGA_737,Alizaga,9.0,2020,2025,40443.0,1.981485,11642486.0
NGA,NGA_7371,Potiskum,44.0,2020,2025,388417.0,12.258815,81611544.0
NGA,NGA_7459,Rafin Pa,2.0,2020,2025,16837.0,0.655189,4153835.0
NGA,NGA_7461,Rahama,12.0,2020,2025,83021.0,3.252338,17989286.0
NGA,NGA_7469,Rano,5.0,2020,2025,66020.0,1.231695,7789759.0
NGA,NGA_748,Alkaleri,5.0,2020,2025,76033.0,1.204624,7405383.0
NGA,NGA_7505,Ribah,4.0,2020,2025,27207.0,1.057161,5762177.0
NGA,NGA_7514,Rijau,5.0,2020,2025,22084.0,1.275889,7234332.0
NGA,NGA_7515,nga Magajiya,3.0,2020,2025,9256.0,0.614251,3174626.0
NGA,NGA_7517,Rimi 1,4.0,2020,2025,28560.0,0.925128,4915963.0
NGA,NGA_7519,Ringim,5.0,2020,2025,37284.0,1.292377,8285504.0
NGA,NGA_7520,Rinjim Gaini,5.0,2020,2025,22439.0,1.038544,5497507.0
NGA,NGA_7524,Riyom,3.0,2020,2025,19346.0,0.400723,1248945.0
NGA,NGA_7535,Rogo,3.0,2020,2025,24826.0,0.90796,5280369.0
NGA,NGA_754,Alkamu,2.0,2020,2025,12785.0,0.545846,3057660.0
NGA,NGA_7540,Roni,2.0,2020,2025,32229.0,0.598685,3485819.0
NGA,NGA_7578,Rumiji,3.0,2020,2025,25382.0,0.618425,3544328.0
NGA,NGA_7579,Rumirigo,3.0,2020,2025,4159.0,0.462403,2017840.0
NGA,NGA_7610,Sabon Birni 1,4.0,2020,2025,33927.0,1.161958,7868238.0
NGA,NGA_7611,Sabon Birni 2,1.0,2020,2025,12781.0,0.458168,2947807.0
NGA,NGA_7612,Sabon Birnin Yero,2.0,2020,2025,9994.0,0.446379,1764142.0
NGA,NGA_7613,Sabon Gari 2,3.0,2020,2025,8581.0,0.73097,4546381.0
NGA,NGA_7615,Sabon Gari 1,4.0,2020,2025,12271.0,0.573406,2190554.0
NGA,NGA_7616,Sabon Wuse,9.0,2020,2025,63427.0,2.261745,13674079.0
NGA,NGA_7617,Sabongida Ora,9.0,2020,2025,39803.0,1.27313,6891572.0
NGA,NGA_7622,Sabuwa,3.0,2020,2025,48898.0,0.738318,4521458.0
NGA,NGA_7627,Sade,2.0,2020,2025,12957.0,0.426205,2058652.0
NGA,NGA_7631,Safana,2.0,2020,2025,16330.0,0.492471,2571532.0
NGA,NGA_7636,Saho Rami,2.0,2020,2025,7112.0,0.681424,3875546.0
NGA,NGA_7683,Saki,61.0,2020,2025,236554.0,13.034257,86950760.0
NGA,NGA_7684,Sakpenwa,5.0,2020,2025,24978.0,0.71713,2515697.0
NGA,NGA_7686,Sakwaya,2.0,2020,2025,10611.0,0.449193,2349564.0
NGA,NGA_7702,Salka,6.0,2020,2025,28292.0,1.482179,8373582.0
NGA,NGA_7709,Samamiya,3.0,2020,2025,17745.0,0.97084,5567681.0
NGA,NGA_7711,Samaru/Moroa,4.0,2020,2025,11863.0,0.620283,1657938.0
NGA,NGA_7739,Sandamu,2.0,2020,2025,21297.0,0.392883,1784494.0
NGA,NGA_7753,Sango,3.0,2020,2025,8635.0,0.528549,2292291.0
NGA,NGA_7766,Sankwala,5.0,2020,2025,19362.0,0.599528,2042717.0
NGA,NGA_7782,Sapele,41.0,2020,2025,329611.0,11.106508,85589328.0
NGA,NGA_7795,Sarki Power,4.0,2020,2025,15295.0,0.752362,3224916.0
NGA,NGA_7878,Serti,6.0,2020,2025,32754.0,1.472269,8792439.0
NGA,NGA_7886,Baga ,5.0,2020,2025,44130.0,1.243119,6269692.0
NGA,NGA_7901,Shagamu,80.0,2020,2025,282002.0,16.93282,121837248.0
NGA,NGA_7926,Shani,4.0,2020,2025,20728.0,0.752234,3827837.0
NGA,NGA_7927,Shanono,2.0,2020,2025,10305.0,0.573305,2973890.0
NGA,NGA_7932,Shao,4.0,2020,2025,14376.0,0.646659,3728697.0
NGA,NGA_7936,Share,8.0,2020,2025,21113.0,1.328855,6852185.0
NGA,NGA_7962,Shelleng,3.0,2020,2025,73833.0,0.698238,3372258.0
NGA,NGA_7964,Shemankar,2.0,2020,2025,5009.0,0.438214,1866006.0
NGA,NGA_7965,Shendam,15.0,2020,2025,32737.0,2.665154,13069537.0
NGA,NGA_7976,Shika,2.0,2020,2025,13742.0,0.491633,2505868.0
NGA,NGA_7978,Shima,2.0,2020,2025,3841.0,0.267545,785409.0
NGA,NGA_7982,Shinkafi,7.0,2020,2025,54357.0,1.882013,12166080.0
NGA,NGA_7990,Shiwa,3.0,2020,2025,7050.0,0.48959,1869098.0
NGA,NGA_7991,Shiwari,3.0,2020,2025,14298.0,0.593827,2798382.0
NGA,NGA_7994,Shonga,2.0,2020,2025,4158.0,0.37172,2052910.0
NGA,NGA_8141,Soba,4.0,2020,2025,26348.0,1.011509,5662279.0
NGA,NGA_8142,Sobe,5.0,2020,2025,20524.0,0.816773,3916812.0
NGA,NGA_8156,Sokoto,115.0,2020,2025,1320933.0,31.464952,227111600.0
NGA,NGA_8165,Song,7.0,2020,2025,45692.0,1.605118,9071002.0
NGA,NGA_8221,Sukuku,8.0,2020,2025,37977.0,1.698261,9741518.0
NGA,NGA_8228,Sumaila,4.0,2020,2025,25648.0,0.955012,6133660.0
NGA,NGA_8236,Sunkani,4.0,2020,2025,8950.0,0.680366,3173759.0
NGA,NGA_8246,Shiya,3.0,2020,2025,5427.0,0.534155,2752637.0
NGA,NGA_8254,Tabira,3.0,2020,2025,5075.0,0.522875,2413211.0
NGA,NGA_8268,Tafawa Balewa,5.0,2020,2025,29020.0,1.369699,7981431.0
NGA,NGA_8297,Takai,3.0,2020,2025,24558.0,0.953549,5478414.0
NGA,NGA_8303,Takum,19.0,2020,2025,67700.0,3.626834,21583464.0
NGA,NGA_8314,Talata Mafara,10.0,2020,2025,109926.0,2.70768,16668822.0
NGA,NGA_8317,Tallase,4.0,2020,2025,22249.0,0.878791,4005229.0
NGA,NGA_8333,Tambawal,6.0,2020,2025,35390.0,1.531575,9918449.0
NGA,NGA_8361,Tanglang,7.0,2020,2025,59739.0,1.307223,5542611.0
NGA,NGA_8384,Tarau,4.0,2020,2025,37994.0,1.134148,6764052.0
NGA,NGA_8399,Taura,3.0,2020,2025,26796.0,0.556254,3183560.0
NGA,NGA_8429,Tede,6.0,2020,2025,15668.0,0.958282,4543191.0
NGA,NGA_8430,Tegina,3.0,2020,2025,14632.0,0.721982,4005924.0
NGA,NGA_8461,Tewure,2.0,2020,2025,11306.0,0.545829,3216056.0
NGA,NGA_8503,Tignon,2.0,2020,2025,9823.0,0.481888,2180616.0
NGA,NGA_8547,Tofa,2.0,2020,2025,14162.0,0.557222,3022615.0
NGA,NGA_8568,Tongo,2.0,2020,2025,17695.0,0.451014,2504830.0
NGA,NGA_8572,Tor Donga,5.0,2020,2025,9723.0,0.935715,4550962.0
NGA,NGA_8578,Toro,4.0,2020,2025,16631.0,0.751042,3381597.0
NGA,NGA_8583,Toto,5.0,2020,2025,19733.0,0.885445,4717806.0
NGA,NGA_8584,Toto-Owu,18.0,2020,2025,50397.0,2.00808,9257073.0
NGA,NGA_8614,Tsafe,5.0,2020,2025,49663.0,1.496969,10759860.0
NGA,NGA_8616,Kofar Arewa,2.0,2020,2025,28793.0,0.725209,4515646.0
NGA,NGA_8618,Tsanyawa,2.0,2020,2025,21237.0,0.440847,2184104.0
NGA,NGA_8620,Tse Agberagba,7.0,2020,2025,15876.0,1.160565,5190073.0
NGA,NGA_8657,Tudun Wada,6.0,2020,2025,39309.0,1.431724,7636530.0
NGA,NGA_8679,Tungan Gimba,2.0,2020,2025,7002.0,0.424575,1739545.0
NGA,NGA_8681,Tungo,5.0,2020,2025,18633.0,0.905039,4583365.0
NGA,NGA_8684,Tunkus,5.0,2020,2025,9715.0,0.548372,1845622.0
NGA,NGA_8693,Mayo Bani/Uba,12.0,2020,2025,29883.0,2.757638,15305419.0
NGA,NGA_8695,Ubiaja,11.0,2020,2025,57576.0,1.791429,10003930.0
NGA,NGA_8697,Ubima,3.0,2020,2025,16795.0,0.486708,2115382.0
NGA,NGA_8699,Ubuluku,9.0,2020,2025,29094.0,1.763586,10243554.0
NGA,NGA_8701,Uburu,15.0,2020,2025,29661.0,1.517864,5394555.0
NGA,NGA_8703,Udi,26.0,2020,2025,53513.0,3.784134,20575778.0
NGA,NGA_8704,Uduma,18.0,2020,2025,73793.0,2.434476,8430859.0
NGA,NGA_8706,Ugba,10.0,2020,2025,30642.0,2.228178,12134177.0
NGA,NGA_8707,Ugbema,5.0,2020,2025,6996.0,0.466762,1645539.0
NGA,NGA_8709,Ugbokpo,6.0,2020,2025,10785.0,1.091524,4959855.0
NGA,NGA_8710,Ugep,11.0,2020,2025,93966.0,2.291084,16534110.0
NGA,NGA_8711,Ughelli,57.0,2020,2025,376654.0,13.00341,100210000.0
NGA,NGA_8714,Ugwalawo,9.0,2020,2025,26703.0,1.169276,5608220.0
NGA,NGA_8718,Ukata,3.0,2020,2025,9246.0,0.603967,3812695.0
NGA,NGA_8719,Uke,5.0,2020,2025,24156.0,0.997058,5329252.0
NGA,NGA_8733,Umaisha,2.0,2020,2025,6607.0,0.291256,1443252.0
NGA,NGA_8759,Umomi,2.0,2020,2025,8708.0,0.380109,2062169.0
NGA,NGA_8763,Umuagu,9.0,2020,2025,26719.0,1.598973,6995544.0
NGA,NGA_8764,Umuahia,108.0,2020,2025,703240.0,21.179404,148904960.0
NGA,NGA_8766,Umuakpu,4.0,2020,2025,11757.0,0.606497,2567856.0
NGA,NGA_8767,Umuawulu,4.0,2020,2025,17049.0,0.711279,3769984.0
NGA,NGA_8769,Umuleri,3.0,2020,2025,10159.0,0.491702,2135170.0
NGA,NGA_8770,Umunede,10.0,2020,2025,68753.0,2.332302,13515357.0
NGA,NGA_8771,Umunelu,4.0,2020,2025,14372.0,0.582656,2836364.0
NGA,NGA_8774,Umuosu,5.0,2020,2025,20208.0,0.811855,3743137.0
NGA,NGA_8779,Ungwan Makera,1.0,2020,2025,8621.0,0.335727,1497608.0
NGA,NGA_8780,Ungwan Shehu,3.0,2020,2025,23216.0,0.915755,5238292.0
NGA,NGA_8786,Uromi,134.0,2020,2025,720467.0,22.450264,133832408.0
NGA,NGA_8793,Usere,4.0,2020,2025,19189.0,0.583068,2731884.0
NGA,NGA_8797,Usonigbe,5.0,2020,2025,19955.0,0.829657,3914663.0
NGA,NGA_8798,Uteh,5.0,2020,2025,17501.0,0.668552,2543292.0
NGA,NGA_8802,Utonkon,4.0,2020,2025,8771.0,0.63036,2994036.0
NGA,NGA_8806,Uyo,739.0,2020,2025,3170541.0,94.273288,514320416.0
NGA,NGA_8808,Uzebba,12.0,2020,2025,50423.0,1.886319,9579458.0
NGA,NGA_8809,Uzuakoli,4.0,2020,2025,23087.0,0.726217,4526507.0
NGA,NGA_8813,Vande Ikya,34.0,2020,2025,50259.0,3.4216,13957675.0
NGA,NGA_8886,Vodni,3.0,2020,2025,17127.0,0.612608,3030648.0
NGA,NGA_8892,Vom Wang,11.0,2020,2025,25274.0,2.131854,9056323.0
NGA,NGA_8937,Wamako,3.0,2020,2025,18834.0,0.504947,2255049.0
NGA,NGA_8939,Wamba,6.0,2020,2025,23738.0,1.040209,5847149.0
NGA,NGA_8941,Wamdewo,2.0,2020,2025,4106.0,0.419903,1708331.0
NGA,NGA_8948,Wannune,12.0,2020,2025,31069.0,1.841143,8689259.0
NGA,NGA_8951,Warawa,2.0,2020,2025,15024.0,0.521502,3040835.0
NGA,NGA_8955,Warji,3.0,2020,2025,25658.0,0.691393,3219665.0
NGA,NGA_8957,Warri,156.0,2020,2025,1358808.0,44.84608,363838016.0
NGA,NGA_8958,Waru,3.0,2020,2025,13419.0,0.510295,2993897.0
NGA,NGA_8960,Wasagu,3.0,2020,2025,16350.0,0.687703,3679281.0
NGA,NGA_8961,Wase,5.0,2020,2025,15814.0,1.178052,6830446.0
NGA,NGA_8969,Wawa,3.0,2020,2025,11758.0,0.587091,2885819.0
NGA,NGA_9,Aba,587.0,2020,2025,1615338.0,81.54256,521471136.0
NGA,NGA_9019,Wudil,10.0,2020,2025,89668.0,2.757967,17664052.0
NGA,NGA_9020,Wukari,24.0,2020,2025,103832.0,5.754189,39475148.0
NGA,NGA_9025,Wurio,5.0,2020,2025,11049.0,1.195484,6700509.0
NGA,NGA_9026,Wurisato,2.0,2020,2025,6384.0,0.460913,1842597.0
NGA,NGA_9027,Wurno,4.0,2020,2025,28983.0,1.26497,8693439.0
NGA,NGA_9028,Wuro Yolde,2.0,2020,2025,6544.0,0.488346,2641535.0
NGA,NGA_9029,Wurogauri,2.0,2020,2025,7843.0,0.386077,1969509.0
NGA,NGA_9030,Wushishi,4.0,2020,2025,15354.0,1.029096,5811361.0
NGA,NGA_9037,Yabo,4.0,2020,2025,26158.0,0.998248,6446766.0
NGA,NGA_9047,Yakum,4.0,2020,2025,22947.0,0.607438,3079156.0
NGA,NGA_9055,Yana,3.0,2020,2025,20632.0,0.576976,2881720.0
NGA,NGA_9058,Yankara,2.0,2020,2025,24484.0,0.658996,4188247.0
NGA,NGA_9065,Yeghe,14.0,2020,2025,95527.0,2.918199,15199530.0
NGA,NGA_9072,Yelwa 1,14.0,2020,2025,74374.0,3.796392,26165536.0
NGA,NGA_9073,Yelwa 2,5.0,2020,2025,15094.0,1.207525,6730981.0
NGA,NGA_9074,Yelwa 3,3.0,2020,2025,10926.0,0.686688,4315284.0
NGA,NGA_9076,Yenagoa,77.0,2020,2025,1344501.0,15.794642,106691480.0
NGA,NGA_9080,Yimirshika,4.0,2020,2025,16147.0,0.764316,3445546.0
NGA,NGA_9099,Yusufari,3.0,2020,2025,15168.0,0.681595,3884638.0
NGA,NGA_9103,Zagga,3.0,2020,2025,16464.0,0.51034,2523835.0
NGA,NGA_9114,Zaki Biam,26.0,2020,2025,75036.0,5.836439,33037810.0
NGA,NGA_9115,Zakirai,2.0,2020,2025,17458.0,0.486094,2721707.0
NGA,NGA_9116,Zaku,3.0,2020,2025,7201.0,0.382368,1108820.0
NGA,NGA_9123,Zandan Nagogo,2.0,2020,2025,12149.0,0.477353,2625588.0
NGA,NGA_9124,Zango,5.0,2020,2025,65056.0,1.095559,6625007.0
NGA,NGA_9128,Zaramari,2.0,2020,2025,4099.0,0.071331,178222.0
NGA,NGA_9129,Zaria,103.0,2020,2025,877772.0,28.925324,200235232.0
NGA,NGA_9133,Zauro,2.0,2020,2025,14269.0,0.619703,3896082.0
NGA,NGA_9168,Zing,10.0,2020,2025,68452.0,1.921714,11137363.0
NGA,NGA_9181,Zonkwa,8.0,2020,2025,31388.0,1.463326,7743150.0
NGA,NGA_9192,Zuguma,3.0,2020,2025,11997.0,0.813237,4251688.0
NGA,NGA_9193,Zungeru,3.0,2020,2025,13621.0,0.72642,4221694.0
NGA,NGA_9195,Zurmi,3.0,2020,2025,25408.0,0.793869,5090697.0
NGA,NGA_9197,Zuru,24.0,2020,2025,125802.0,5.016128,31493772.0
RWA,RWA_2184,Bugarama/Kamanyola [RWA],4.0,2020,2025,34373.0,1.029649,5670236.0
RWA,RWA_2260,Busasama,52.0,2020,2025,85465.0,6.020368,26029852.0
RWA,RWA_2271,Busoro,9.0,2020,2025,14226.0,0.789291,2363787.0
RWA,RWA_2278,Butare,70.0,2020,2025,160237.0,9.116163,41508712.0
RWA,RWA_2517,Bukavu/Cyangugu [RWA],72.0,2020,2025,154286.0,7.365498,31200988.0
RWA,RWA_3322,Gahini,32.0,2020,2025,55800.0,2.899182,7529597.0
RWA,RWA_3399,Gasaka,12.0,2020,2025,27174.0,1.546437,8325227.0
RWA,RWA_3404,Gashora,6.0,2020,2025,12342.0,0.806576,2016210.0
RWA,RWA_3525,Gisenyi,400.0,2020,2025,1072333.0,48.721672,212618864.0
RWA,RWA_4186,Jarama,11.0,2020,2025,24748.0,1.117339,2842297.0
RWA,RWA_4238,Juru,41.0,2020,2025,51354.0,3.785156,10526088.0
RWA,RWA_4248,Kabarore,105.0,2020,2025,161624.0,8.684619,22529168.0
RWA,RWA_4397,Kagano,14.0,2020,2025,27221.0,1.172635,3784106.0
RWA,RWA_4467,Kamabuye,6.0,2020,2025,9662.0,0.75044,2180582.0
RWA,RWA_4513,Kanjongo,14.0,2020,2025,29437.0,1.538115,6812495.0
RWA,RWA_4624,Katabagemu,43.0,2020,2025,82506.0,4.378363,12136984.0
RWA,RWA_4781,Kibirizi,4.0,2020,2025,6804.0,0.498645,2062715.0
RWA,RWA_4802,Kigali,1221.0,2020,2025,2769438.0,125.4286,650206272.0
RWA,RWA_4846,Kinazi,40.0,2020,2025,50109.0,3.259703,8703442.0
RWA,RWA_4875,Kiramuruzi,36.0,2020,2025,66160.0,3.581233,9804058.0
RWA,RWA_6332,Muganza,8.0,2020,2025,34520.0,1.282083,6278262.0
RWA,RWA_6335,Mugesera,29.0,2020,2025,40370.0,2.64766,6631654.0
RWA,RWA_6337,Mugombwa,6.0,2020,2025,13980.0,0.602981,2722381.0
RWA,RWA_6339,Mugunga,12.0,2020,2025,15956.0,0.825505,2308166.0
RWA,RWA_6414,Musha,8.0,2020,2025,10343.0,0.620735,1552034.0
RWA,RWA_6633,Ndora,8.0,2020,2025,15484.0,0.742494,1928638.0
RWA,RWA_6700,Ngeruka,52.0,2020,2025,92771.0,5.99848,16701696.0
RWA,RWA_6713,Ngororero,17.0,2020,2025,26591.0,1.30025,4587909.0
RWA,RWA_6742,Niamiyaga,14.0,2020,2025,24292.0,1.5889,4902283.0
RWA,RWA_6896,Nyakabuye,13.0,2020,2025,33438.0,1.423516,4807399.0
RWA,RWA_6905,Nyamata,84.0,2020,2025,158067.0,11.884591,46629648.0
RWA,RWA_6924,Nzahaha,37.0,2020,2025,64016.0,3.73203,10301928.0
RWA,RWA_7559,Rubengera,34.0,2020,2025,61250.0,3.989556,23794020.0
RWA,RWA_7563,Rubona,17.0,2020,2025,20520.0,1.470955,3688988.0
RWA,RWA_7570,Ruhango,288.0,2020,2025,452058.0,29.055616,122250440.0
RWA,RWA_7573,Rukoma,23.0,2020,2025,37937.0,2.286325,6969111.0
RWA,RWA_7574,Rukumberi,10.0,2020,2025,21429.0,1.327648,3768202.0
RWA,RWA_7597,Rweru,8.0,2020,2025,18284.0,1.233489,4263821.0
RWA,RWA_7598,Rwimiyaga,36.0,2020,2025,67594.0,3.84774,11773126.0
RWA,RWA_7600,Rwinkwavu,5.0,2020,2025,11781.0,0.535156,1338042.0
RWA,RWA_7681,Sake,18.0,2020,2025,36370.0,1.97971,5253349.0
SDN,SDN_100,Abu Karinka,9.0,2020,2025,15493.0,0.696956,2257831.0
SDN,SDN_1007,al-Sanwa,9.0,2020,2025,27558.0,1.159207,5812707.0
SDN,SDN_101,Abu Karshulh Khawr Al-Taina,4.0,2020,2025,23378.0,0.866441,4715315.0
SDN,SDN_1013,al-Sayal al-Saqir,6.0,2020,2025,14204.0,0.870634,3343301.0
SDN,SDN_1015,al-Shabarga,4.0,2020,2025,24715.0,0.890804,4852066.0
SDN,SDN_1017,al-Shagarab al-Awsatt,2.0,2020,2025,4769.0,0.11768,256315.0
SDN,SDN_1018,al-Shagarab al-Janubi,2.0,2020,2025,2626.0,0.05269,114170.0
SDN,SDN_1019,al-Shagarab al-Shamali,3.0,2020,2025,12030.0,0.342576,1123683.0
SDN,SDN_1028,al-Sharfa Barakat,2.0,2020,2025,17237.0,0.517096,2497658.0
SDN,SDN_1065,al-Soky,9.0,2020,2025,53935.0,1.671253,8295026.0
SDN,SDN_1066,al-Sufi,3.0,2020,2025,8818.0,0.583227,1937431.0
SDN,SDN_1068,al-Sufr,8.0,2020,2025,27198.0,1.631505,8224731.0
SDN,SDN_1069,al-Sulayk,9.0,2020,2025,26466.0,1.080361,4550560.0
SDN,SDN_1072,al-Sururab Maghrabiyya,39.0,2020,2025,95300.0,4.535954,18696506.0
SDN,SDN_1074,al-Takayna,3.0,2020,2025,18378.0,0.667098,2675789.0
SDN,SDN_108,Abu Matariq,9.0,2020,2025,12935.0,0.506837,1274029.0
SDN,SDN_1084,al-Tawila,8.0,2020,2025,24055.0,1.158041,4186376.0
SDN,SDN_1089,Alti,6.0,2020,2025,33541.0,1.079864,4910115.0
SDN,SDN_1094,al-Tiwaysha,6.0,2020,2025,12565.0,0.608068,2183212.0
SDN,SDN_1098,al-Ubayd,94.0,2020,2025,613976.0,26.197594,175535056.0
SDN,SDN_1145,Amara,2.0,2020,2025,3294.0,0.328341,1027453.0
SDN,SDN_1182,Amla Samki,6.0,2020,2025,39317.0,0.801813,2808862.0
SDN,SDN_1219,Anjakoaty,14.0,2020,2025,95519.0,2.714452,17260968.0
SDN,SDN_125,Abu Ushar,5.0,2020,2025,40022.0,1.031274,5725588.0
SDN,SDN_126,Abu Zabad,13.0,2020,2025,40599.0,2.283458,14587452.0
SDN,SDN_1277,Ardamata,9.0,2020,2025,58354.0,1.293957,5323385.0
SDN,SDN_1289,Armagentolis,6.0,2020,2025,21439.0,0.867264,3915131.0
SDN,SDN_1293,Aroma,6.0,2020,2025,42747.0,0.805477,3773247.0
SDN,SDN_130,Abud,5.0,2020,2025,23116.0,0.959833,5790010.0
SDN,SDN_1354,Atbara,43.0,2020,2025,258909.0,9.800886,60709636.0
SDN,SDN_1373,Attib ,9.0,2020,2025,57842.0,1.293298,6400916.0
SDN,SDN_1444,Babanusa,14.0,2020,2025,99400.0,3.565334,21057444.0
SDN,SDN_1568,Banat,8.0,2020,2025,17338.0,1.103032,4149855.0
SDN,SDN_157,Adayla,14.0,2020,2025,25540.0,1.130648,3781038.0
SDN,SDN_1664,Bara,7.0,2020,2025,24977.0,1.148228,4624922.0
SDN,SDN_1672,Barankaw,4.0,2020,2025,22864.0,0.69568,3844350.0
SDN,SDN_1674,Barbar,16.0,2020,2025,62073.0,2.879086,14160372.0
SDN,SDN_1694,Barsi,18.0,2020,2025,134726.0,3.370238,19295060.0
SDN,SDN_1941,Birush,5.0,2020,2025,5510.0,0.470214,1446258.0
SDN,SDN_2,24 al-Qurashy,4.0,2020,2025,14623.0,0.58572,2233253.0
SDN,SDN_2177,Budayna,4.0,2020,2025,6116.0,0.473467,1602805.0
SDN,SDN_2241,Buram,14.0,2020,2025,59487.0,2.257535,10946805.0
SDN,SDN_2274,But,7.0,2020,2025,28031.0,1.122616,5082988.0
SDN,SDN_2287,Butri,4.0,2020,2025,14303.0,0.597681,2696828.0
SDN,SDN_2502,Conry,3.0,2020,2025,6714.0,0.430919,1509482.0
SDN,SDN_2619,Dar al-Salam Janub,6.0,2020,2025,8472.0,0.603069,1857939.0
SDN,SDN_2629,Darmali,6.0,2020,2025,18954.0,1.132987,5506003.0
SDN,SDN_2651,Daywa,6.0,2020,2025,14358.0,0.768305,4555613.0
SDN,SDN_2672,Deirirro,2.0,2020,2025,2462.0,0.063895,159784.0
SDN,SDN_2830,Doka Basunda,6.0,2020,2025,34636.0,0.835618,3574978.0
SDN,SDN_2852,Dongola,34.0,2020,2025,89640.0,6.419425,33397260.0
SDN,SDN_289,Ahmar Mawjy,6.0,2020,2025,13249.0,0.668713,3291466.0
SDN,SDN_2901,Dulayq,4.0,2020,2025,21466.0,0.813829,3889976.0
SDN,SDN_3184,Fadasy al-Haleemab,3.0,2020,2025,26187.0,0.805725,4205511.0
SDN,SDN_3185,Fagak,6.0,2020,2025,5467.0,0.508204,1611862.0
SDN,SDN_3309,Gabir,6.0,2020,2025,7769.0,0.300474,822835.0
SDN,SDN_3334,Jalqani,7.0,2020,2025,18803.0,1.12807,5556349.0
SDN,SDN_3396,Garsaila,9.0,2020,2025,41143.0,1.648352,8038698.0
SDN,SDN_3425,Gazirat Badin,7.0,2020,2025,13958.0,0.98346,3517044.0
SDN,SDN_3493,Ghubaysh,14.0,2020,2025,38392.0,2.464564,12808500.0
SDN,SDN_3517,Gira Barra,12.0,2020,2025,10375.0,1.068731,3440749.0
SDN,SDN_3698,Habeela ,4.0,2020,2025,26543.0,0.722921,4281231.0
SDN,SDN_3718,Halfa' al-Jadida,23.0,2020,2025,318832.0,4.470507,27439876.0
SDN,SDN_3719,Madina al-Masna'a ,6.0,2020,2025,55776.0,1.075194,5291632.0
SDN,SDN_3734,Hamsh Kurib,3.0,2020,2025,2896.0,0.076387,94207.0
SDN,SDN_3760,Harun,2.0,2020,2025,5834.0,0.384197,1117777.0
SDN,SDN_3762,Hashaba,5.0,2020,2025,26352.0,0.780533,4696673.0
SDN,SDN_3763,Haskanita,5.0,2020,2025,3773.0,0.208804,511976.0
SDN,SDN_3782,Hay al-Walad Mad,18.0,2020,2025,35408.0,1.841733,6346092.0
SDN,SDN_3876,Id al-Fursan,5.0,2020,2025,28002.0,0.892207,3961143.0
SDN,SDN_3881,Ideira,5.0,2020,2025,7903.0,0.362246,905533.0
SDN,SDN_4069,Intekaina,4.0,2020,2025,7522.0,0.360728,1008090.0
SDN,SDN_4149,Iyal Amin,5.0,2020,2025,4052.0,0.272125,679068.0
SDN,SDN_4169,Jadid al-Atsha,15.0,2020,2025,88644.0,2.530975,13158351.0
SDN,SDN_4205,Jibrat al-Shaykh,5.0,2020,2025,10058.0,0.696182,2756580.0
SDN,SDN_4233,Jubayt,4.0,2020,2025,13120.0,0.408996,1789253.0
SDN,SDN_4235,Jukhana,4.0,2020,2025,6661.0,0.324248,921381.0
SDN,SDN_4270,Kaboshyah,6.0,2020,2025,12853.0,0.826754,2757414.0
SDN,SDN_4292,Kaduqli,21.0,2020,2025,167913.0,4.317153,26178594.0
SDN,SDN_439,al-Abasiya,7.0,2020,2025,45715.0,1.4456,7574787.0
SDN,SDN_4456,Kalma,12.0,2020,2025,111195.0,2.16953,13342515.0
SDN,SDN_452,al-Rahad,15.0,2020,2025,84593.0,3.026381,17230828.0
SDN,SDN_4578,Karkuj,4.0,2020,2025,41456.0,0.889536,4671509.0
SDN,SDN_4586,Kas,13.0,2020,2025,178039.0,2.651245,14615404.0
SDN,SDN_4613,Kassab,2.0,2020,2025,4815.0,0.371911,1088067.0
SDN,SDN_4614,Kassala,81.0,2020,2025,1034174.0,14.649303,93015696.0
SDN,SDN_4615,Kassala Airport,10.0,2020,2025,20761.0,0.413328,1127074.0
SDN,SDN_4723,Kerma,8.0,2020,2025,26008.0,1.78436,8286302.0
SDN,SDN_4740,Khartoum,984.0,2020,2025,8523077.0,267.138064,2086215680.0
SDN,SDN_4741,Khashim al-Girba,12.0,2020,2025,168050.0,2.559267,14889128.0
SDN,SDN_4821,Kiling,3.0,2020,2025,15173.0,0.572492,1991400.0
SDN,SDN_4935,Km 26 refugee camp,6.0,2020,2025,12646.0,0.566068,1792132.0
SDN,SDN_498,al-Azazi,2.0,2020,2025,11205.0,0.622292,3780530.0
SDN,SDN_4992,Korai,22.0,2020,2025,15097.0,1.6323,4226921.0
SDN,SDN_5006,Kosty,51.0,2020,2025,511493.0,11.152286,77693008.0
SDN,SDN_5116,Kumbar,5.0,2020,2025,8070.0,0.47995,1352029.0
SDN,SDN_5143,Kutum,9.0,2020,2025,62173.0,1.89022,10715762.0
SDN,SDN_5220,Laqawa,5.0,2020,2025,22408.0,0.817556,4335225.0
SDN,SDN_532,al-Barun/Hillat al-Mak/Shaykh Idr,6.0,2020,2025,13192.0,0.595523,1951382.0
SDN,SDN_540,al-Bawgah,10.0,2020,2025,15904.0,0.954952,2982387.0
SDN,SDN_5451,Madinat Kabkabiyya,12.0,2020,2025,103429.0,3.202103,20796942.0
SDN,SDN_5501,Muhajiriya,5.0,2020,2025,19049.0,0.462828,1313408.0
SDN,SDN_557,al-Bsaber,8.0,2020,2025,5115.0,0.763076,2447368.0
SDN,SDN_5581,Hilat al-Ilu,3.0,2020,2025,10239.0,0.41514,1546437.0
SDN,SDN_565,al-Dabbah,17.0,2020,2025,28953.0,2.212426,9241354.0
SDN,SDN_5687,Mansur Kawti,27.0,2020,2025,23918.0,2.661133,8299615.0
SDN,SDN_570,al-Dalanj,24.0,2020,2025,127777.0,3.68196,19432992.0
SDN,SDN_5707,Marabiya' al-Sharif,36.0,2020,2025,112082.0,4.384583,21822984.0
SDN,SDN_572,al-Damazin,47.0,2020,2025,380143.0,9.72724,58145968.0
SDN,SDN_573,al-Damir,23.0,2020,2025,110333.0,4.752325,26643808.0
SDN,SDN_574,al-Damir I,3.0,2020,2025,7880.0,0.488859,1824367.0
SDN,SDN_581,al-Dindir,11.0,2020,2025,96695.0,2.096125,11036787.0
SDN,SDN_5830,Mayrnu,6.0,2020,2025,49467.0,1.347784,7079722.0
SDN,SDN_587,al-Duaiym,58.0,2020,2025,324151.0,10.014337,51253632.0
SDN,SDN_588,al-Duwaym,14.0,2020,2025,161450.0,3.6508,23391620.0
SDN,SDN_5930,Mellit,18.0,2020,2025,114450.0,3.83097,19492360.0
SDN,SDN_5960,Merowe,15.0,2020,2025,26974.0,2.066148,8652913.0
SDN,SDN_602,al-Faw,9.0,2020,2025,81799.0,1.572139,7482593.0
SDN,SDN_605,Shuwak,7.0,2020,2025,73212.0,1.376719,7669156.0
SDN,SDN_606,al-Fashir,68.0,2020,2025,722938.0,16.617168,106547304.0
SDN,SDN_6085,Mistry,5.0,2020,2025,13544.0,0.704396,2840273.0
SDN,SDN_611,al-Fulah,12.0,2020,2025,120948.0,2.738269,16067407.0
SDN,SDN_6174,Mawarny,10.0,2020,2025,53393.0,1.825687,10165455.0
SDN,SDN_626,al-Qatati,9.0,2020,2025,49647.0,1.836432,9763985.0
SDN,SDN_632,al-Qatayna,11.0,2020,2025,74571.0,2.235418,12071313.0
SDN,SDN_633,al-Jazira Aba,6.0,2020,2025,60840.0,1.496661,8717997.0
SDN,SDN_634,al-Ghaba,10.0,2020,2025,14642.0,1.369723,5478893.0
SDN,SDN_6349,Mukjar,6.0,2020,2025,12318.0,0.86181,4125360.0
SDN,SDN_6369,Mumu,3.0,2020,2025,4760.0,0.182135,455393.0
SDN,SDN_6394,Munwashy,3.0,2020,2025,20121.0,0.470362,2107046.0
SDN,SDN_648,al-Jiraishah,3.0,2020,2025,12648.0,0.506072,1897669.0
SDN,SDN_6484,Nabta East,37.0,2020,2025,48407.0,2.676764,7765458.0
SDN,SDN_650,al-Qulid,19.0,2020,2025,30888.0,2.702551,13181279.0
SDN,SDN_6519,Nama,8.0,2020,2025,18283.0,0.727872,2823326.0
SDN,SDN_666,al-Haj Aabd Allah,4.0,2020,2025,19744.0,0.763566,3482862.0
SDN,SDN_6665,Nertiti,7.0,2020,2025,27275.0,0.74588,2226874.0
SDN,SDN_6674,Qarya 2 ,4.0,2020,2025,23565.0,1.151204,4690721.0
SDN,SDN_6820,New Setllement Wad al Hulaywah,4.0,2020,2025,34718.0,1.079962,5197424.0
SDN,SDN_6821,Wad al-Mahi 11,2.0,2020,2025,11140.0,0.394026,1323200.0
SDN,SDN_6822,Wad al-Mahi 9,2.0,2020,2025,11765.0,0.418788,1426612.0
SDN,SDN_6823,Wad al-Mahi 8,2.0,2020,2025,7760.0,0.436569,1615152.0
SDN,SDN_6824,Wad al-Mahi 10,3.0,2020,2025,17748.0,0.698521,2918156.0
SDN,SDN_6825,Wad al-Mahi 1,3.0,2020,2025,14030.0,0.436566,1567697.0
SDN,SDN_6826,Jabal Qulsa,4.0,2020,2025,7377.0,0.184062,260594.0
SDN,SDN_6827,Rifi Talkuk,4.0,2020,2025,8142.0,0.285732,717940.0
SDN,SDN_6828,Malawiya,17.0,2020,2025,29848.0,0.583012,870081.0
SDN,SDN_6829,Umm Garayyat,3.0,2020,2025,8651.0,0.380153,1057467.0
SDN,SDN_6830,Muktat al-Rawda al-Sakanya,4.0,2020,2025,15071.0,0.486032,2017962.0
SDN,SDN_6831,al-Dali,4.0,2020,2025,29919.0,0.743232,3427424.0
SDN,SDN_6833,Unknown,4.0,2020,2025,3940.0,0.307588,769065.0
SDN,SDN_6834,Umm Grenagak,5.0,2020,2025,3473.0,0.573485,2171233.0
SDN,SDN_6835,Madina al-Sharif,6.0,2020,2025,7397.0,0.278113,695384.0
SDN,SDN_6836,Qarya 6,2.0,2020,2025,12919.0,0.547559,2209373.0
SDN,SDN_684,al-Hasahisa,22.0,2020,2025,220039.0,4.741502,26979300.0
SDN,SDN_689,al-Hawata,12.0,2020,2025,111172.0,2.274714,11566227.0
SDN,SDN_6899,Nyala,109.0,2020,2025,2110344.0,27.461012,203398016.0
SDN,SDN_7,Aaliyab,5.0,2020,2025,2993.0,0.389719,974243.0
SDN,SDN_700,al-Hilalia,7.0,2020,2025,59171.0,1.36591,7631276.0
SDN,SDN_708,al-Huda,3.0,2020,2025,12213.0,0.652971,4110926.0
SDN,SDN_712,Ali,6.0,2020,2025,12962.0,0.592429,1740737.0
SDN,SDN_7125,al-Usaylat,12.0,2020,2025,35135.0,1.464115,6170800.0
SDN,SDN_718,al-Ibbun,6.0,2020,2025,7017.0,0.709834,2365447.0
SDN,SDN_720,al-Ibydiya,10.0,2020,2025,33104.0,1.921209,10838144.0
SDN,SDN_7362,Port Sudan,113.0,2020,2025,1205199.0,22.955564,181941664.0
SDN,SDN_739,al-Jabalayn,5.0,2020,2025,38260.0,1.149633,5936355.0
SDN,SDN_742,al-Junaynah,30.0,2020,2025,392517.0,7.070928,44752828.0
SDN,SDN_7422,Qawz al-Habashi,6.0,2020,2025,4817.0,0.535681,1343497.0
SDN,SDN_7432,Qindil,5.0,2020,2025,17201.0,0.816325,4043960.0
SDN,SDN_7433,Qirayda,12.0,2020,2025,45824.0,1.956904,8973647.0
SDN,SDN_7434,Qisar,7.0,2020,2025,8169.0,0.713822,1964910.0
SDN,SDN_744,al-Kabashi,4.0,2020,2025,14324.0,0.772868,3249081.0
SDN,SDN_7456,Rabak,42.0,2020,2025,356623.0,8.626337,57640028.0
SDN,SDN_7477,Rashad,5.0,2020,2025,19189.0,0.919598,4843007.0
SDN,SDN_7478,Rashid,2.0,2020,2025,7405.0,0.3174,875838.0
SDN,SDN_7513,Rihada al-Birdi,6.0,2020,2025,37049.0,1.084466,4610832.0
SDN,SDN_753,al-Kamleen,8.0,2020,2025,52634.0,1.750754,9552576.0
SDN,SDN_7565,Rufa,13.0,2020,2025,105367.0,2.213322,12131351.0
SDN,SDN_7586,Ruru,6.0,2020,2025,21921.0,0.855621,4166177.0
SDN,SDN_767,al-Khalas,65.0,2020,2025,133996.0,6.259712,29809338.0
SDN,SDN_769,al-Khandaq,8.0,2020,2025,14952.0,1.263383,4998485.0
SDN,SDN_7792,Saraf Umra,9.0,2020,2025,40055.0,1.284067,6619112.0
SDN,SDN_780,al-Khua,10.0,2020,2025,19195.0,1.367215,5853305.0
SDN,SDN_785,al-Kirimit,2.0,2020,2025,20673.0,0.514264,3302532.0
SDN,SDN_786,al-Kitayab Janub,4.0,2020,2025,5923.0,0.544903,1592899.0
SDN,SDN_787,al-Kitayab Shamal,4.0,2020,2025,5058.0,0.461149,1652707.0
SDN,SDN_7870,Sennar,26.0,2020,2025,308397.0,5.636546,33920824.0
SDN,SDN_7893,Shabashah,3.0,2020,2025,27841.0,0.792086,4588857.0
SDN,SDN_7900,Shadda,7.0,2020,2025,8545.0,0.788525,2052519.0
SDN,SDN_791,al-Kuraynik,5.0,2020,2025,24844.0,0.786542,3381332.0
SDN,SDN_7917,Shambata,2.0,2020,2025,13032.0,0.451792,2545105.0
SDN,SDN_793,al-La'ayt,10.0,2020,2025,24100.0,1.390891,6393567.0
SDN,SDN_7933,Shaq Dughary,5.0,2020,2025,2292.0,0.188961,470073.0
SDN,SDN_7934,Sharawm,6.0,2020,2025,13743.0,0.652587,2982290.0
SDN,SDN_7938,Sharkayla,2.0,2020,2025,2822.0,0.373004,1649015.0
SDN,SDN_7966,Shendi,53.0,2020,2025,184619.0,9.755505,55804408.0
SDN,SDN_7970,Shiariya,6.0,2020,2025,33930.0,0.77027,2888133.0
SDN,SDN_7980,Shingli Tubaya,3.0,2020,2025,6196.0,0.519113,1755261.0
SDN,SDN_8,Aasalaya,2.0,2020,2025,15792.0,0.530244,2732041.0
SDN,SDN_8084,Sifeay North,12.0,2020,2025,93013.0,2.611147,14173435.0
SDN,SDN_8085,Sifaya Janub,7.0,2020,2025,48034.0,1.324869,7152259.0
SDN,SDN_8111,Singa,17.0,2020,2025,157386.0,3.399137,18701892.0
SDN,SDN_8113,Sinkat,10.0,2020,2025,18693.0,0.748261,2843028.0
SDN,SDN_8114,Sinnar al-Tagato,2.0,2020,2025,8364.0,0.299219,1199522.0
SDN,SDN_818,al-Makaylab,7.0,2020,2025,16980.0,1.094571,3751256.0
SDN,SDN_82,Abu Dawn,12.0,2020,2025,9746.0,1.240408,3806570.0
SDN,SDN_820,al-Manaqil,26.0,2020,2025,243855.0,5.572062,38126280.0
SDN,SDN_8213,Suakin,15.0,2020,2025,78191.0,1.757216,7776009.0
SDN,SDN_8229,Sumayh,2.0,2020,2025,4659.0,0.429695,1480813.0
SDN,SDN_8241,Suqūt al-jamal,5.0,2020,2025,7154.0,0.49726,1633652.0
SDN,SDN_8242,Suri,9.0,2020,2025,17091.0,1.727244,7371508.0
SDN,SDN_8252,Tabat,2.0,2020,2025,21965.0,0.583035,3385542.0
SDN,SDN_8301,Takoi,5.0,2020,2025,3071.0,0.189883,580981.0
SDN,SDN_8318,Taludy,8.0,2020,2025,11532.0,0.639602,2002372.0
SDN,SDN_8334,Tambul,12.0,2020,2025,57704.0,1.692488,7876557.0
SDN,SDN_8355,Tandalty 1,11.0,2020,2025,72656.0,1.993583,9986842.0
SDN,SDN_8356,Tandalty 2,5.0,2020,2025,8864.0,0.544225,2416281.0
SDN,SDN_8401,Tawm Bishara,5.0,2020,2025,5058.0,0.187846,469203.0
SDN,SDN_8423,Tebeldina,8.0,2020,2025,46718.0,0.865331,2853830.0
SDN,SDN_8431,Tegmala/Umm Qadd,6.0,2020,2025,9514.0,0.542236,1544179.0
SDN,SDN_844,al-Masudya II,9.0,2020,2025,65647.0,1.549631,8419096.0
SDN,SDN_845,Al-Masodya III,5.0,2020,2025,41317.0,1.037457,5609812.0
SDN,SDN_846,al-Matamma,6.0,2020,2025,17982.0,0.92264,4319980.0
SDN,SDN_855,al-Mazmun,5.0,2020,2025,34268.0,0.945519,5169879.0
SDN,SDN_8552,Tokar,8.0,2020,2025,14420.0,0.852373,547743.0
SDN,SDN_8609,al-Miqanis,4.0,2020,2025,4477.0,0.277245,1051672.0
SDN,SDN_866,al-Mrewa,4.0,2020,2025,5207.0,0.611041,2832631.0
SDN,SDN_8670,Tulus,10.0,2020,2025,40517.0,1.375336,6412753.0
SDN,SDN_869,al-Mujlad,16.0,2020,2025,98497.0,3.911863,22543478.0
SDN,SDN_8729,Um Dukhun,8.0,2020,2025,17235.0,1.211004,7161916.0
SDN,SDN_8730,Um Durman,14.0,2020,2025,31561.0,1.808454,8436186.0
SDN,SDN_8731,Um Karadym,5.0,2020,2025,4868.0,0.904477,3838708.0
SDN,SDN_8732,Um Rowaba,27.0,2020,2025,128799.0,5.113636,28188924.0
SDN,SDN_8745,Umm Boim,7.0,2020,2025,12063.0,0.588472,1630938.0
SDN,SDN_8746,Umm Dafog,3.0,2020,2025,20294.0,0.568942,2733266.0
SDN,SDN_8747,Umm Dawn,14.0,2020,2025,39062.0,1.71687,8838942.0
SDN,SDN_8748,Umm Dawwanban,23.0,2020,2025,56613.0,3.174261,13498077.0
SDN,SDN_8750,Umm Kedadda,7.0,2020,2025,33463.0,1.294847,6871279.0
SDN,SDN_8754,Umm Shagara,6.0,2020,2025,40136.0,0.944319,4711175.0
SDN,SDN_8755,Umm Shawaka,4.0,2020,2025,31555.0,0.846879,4687627.0
SDN,SDN_8756,Umm Shijara,4.0,2020,2025,26072.0,0.632048,2833743.0
SDN,SDN_880,al-Naiya,9.0,2020,2025,17611.0,0.917567,2629751.0
SDN,SDN_8875,al-Qarya 03,2.0,2020,2025,8358.0,0.463546,1967909.0
SDN,SDN_8876,al-Qarya 08,2.0,2020,2025,4717.0,0.356289,1078945.0
SDN,SDN_8877,al-Qarya 10,2.0,2020,2025,12680.0,0.485708,2304437.0
SDN,SDN_8879,al-Qarya 17,3.0,2020,2025,23534.0,0.599308,2525639.0
SDN,SDN_8880,al-Qarya 18,2.0,2020,2025,19636.0,0.469057,2270921.0
SDN,SDN_8881,al-Qarya 26,2.0,2020,2025,5014.0,0.413486,1731667.0
SDN,SDN_8909,Wad Abu Nahl,5.0,2020,2025,16079.0,0.655988,2389681.0
SDN,SDN_8910,Wad al-Hilayu,4.0,2020,2025,37576.0,1.245537,4961891.0
SDN,SDN_8911,Wad al-Talud,4.0,2020,2025,21128.0,0.886529,4854909.0
SDN,SDN_8912,Wad Madani,63.0,2020,2025,834732.0,15.6793,106491304.0
SDN,SDN_8913,Wad Rawah,5.0,2020,2025,26610.0,0.986695,5066670.0
SDN,SDN_8915,Wad Sharifay,12.0,2020,2025,75415.0,1.770745,9059638.0
SDN,SDN_8916,Wad Sharifay Sharq,8.0,2020,2025,34379.0,0.811556,2744177.0
SDN,SDN_8918,Wad'Arud,7.0,2020,2025,9407.0,0.677783,1911006.0
SDN,SDN_8921,Wadi Halfa,14.0,2020,2025,27128.0,1.936489,8440683.0
SDN,SDN_8923,Waggar,5.0,2020,2025,11623.0,0.374775,1485535.0
SDN,SDN_8970,Wawisy,12.0,2020,2025,27264.0,1.369609,4695615.0
SDN,SDN_90,Abu Guta,2.0,2020,2025,9908.0,0.539769,3070773.0
SDN,SDN_901,al-Nuhud,32.0,2020,2025,154400.0,6.582733,38740408.0
SDN,SDN_907,al-Qadarif,74.0,2020,2025,905900.0,15.241035,103633592.0
SDN,SDN_91,Abu Hamad,7.0,2020,2025,25236.0,1.355769,6896151.0
SDN,SDN_9118,Zalingey,24.0,2020,2025,197975.0,4.293984,24983424.0
SDN,SDN_9122,DIba Dunqula ,17.0,2020,2025,42835.0,2.789263,12670106.0
SDN,SDN_9127,Zarafah,6.0,2020,2025,14634.0,0.38537,963315.0
SDN,SDN_9196,Zurqa,5.0,2020,2025,7721.0,0.648195,1932251.0
SDN,SDN_93,Abu Hijar,5.0,2020,2025,32940.0,1.007439,4914674.0
SDN,SDN_953,al-Rawashida,3.0,2020,2025,18857.0,0.46705,2260059.0
SDN,SDN_96,Abu Jabra,8.0,2020,2025,13554.0,0.583163,1458083.0
SDN,SDN_964,al-Roseires,18.0,2020,2025,145453.0,3.976361,25535308.0
SDN,SDN_97,Abu Jubayha,14.0,2020,2025,79361.0,2.379635,13521716.0
SDN,SDN_999,al-Samra',16.0,2020,2025,22701.0,1.170438,3225386.0
SEN,SEN_1507,Bakel,4.0,2020,2025,32665.0,0.792214,5697909.0
SEN,SEN_1552,Bambey,8.0,2020,2025,53896.0,1.580846,8364390.0
SEN,SEN_1882,Bignoma,15.0,2020,2025,41894.0,2.934055,18349836.0
SEN,SEN_2531,Dagana,7.0,2020,2025,38066.0,1.252055,6928471.0
SEN,SEN_2539,Dahra,10.0,2020,2025,48995.0,2.107627,11966334.0
SEN,SEN_2545,Dakar,391.0,2020,2025,3977202.0,91.385968,719354432.0
SEN,SEN_260,Agnam Thiodaye,5.0,2020,2025,20246.0,0.683292,3341855.0
SEN,SEN_2631,Darou Mousty,11.0,2020,2025,55380.0,2.073425,11994352.0
SEN,SEN_2703,Dabia Odedji,4.0,2020,2025,12066.0,0.52001,1990031.0
SEN,SEN_2713,Diaoube-Kabendou,12.0,2020,2025,42853.0,1.622958,7526853.0
SEN,SEN_2759,Diofior,5.0,2020,2025,12354.0,0.913784,5456563.0
SEN,SEN_2764,Diourbel,29.0,2020,2025,210124.0,5.955661,34930032.0
SEN,SEN_3207,Fatick,13.0,2020,2025,67023.0,2.284953,11816555.0
SEN,SEN_3361,Gandiaye,4.0,2020,2025,18242.0,0.73592,3750004.0
SEN,SEN_3583,Gossas,4.0,2020,2025,23041.0,0.863036,4329098.0
SEN,SEN_3585,Goudomp,3.0,2020,2025,14255.0,0.622,3627732.0
SEN,SEN_3655,Guinguineo,4.0,2020,2025,32486.0,0.979003,5261315.0
SEN,SEN_3724,Hamady Ounare,6.0,2020,2025,32569.0,0.816723,3612516.0
SEN,SEN_4218,Joal-Fadiouth,9.0,2020,2025,44498.0,1.8336,11729359.0
SEN,SEN_4297,Kaffrine,12.0,2020,2025,87970.0,2.437544,13665151.0
SEN,SEN_4506,Kanel,5.0,2020,2025,18570.0,0.612399,2555843.0
SEN,SEN_4531,Kaolack,48.0,2020,2025,402598.0,11.249962,70095192.0
SEN,SEN_4560,Karang Poste,6.0,2020,2025,27431.0,1.074991,6848920.0
SEN,SEN_4670,Kayar,3.0,2020,2025,14300.0,0.506046,2840285.0
SEN,SEN_4681,Kebemer,8.0,2020,2025,38404.0,1.484422,8093029.0
SEN,SEN_4687,Kedougou,17.0,2020,2025,64202.0,2.492821,14003203.0
SEN,SEN_4736,Keur Madiabel,4.0,2020,2025,20286.0,0.627321,3030385.0
SEN,SEN_4756,Khombole,6.0,2020,2025,23295.0,1.039423,4921647.0
SEN,SEN_4797,Kidira,5.0,2020,2025,20058.0,0.658979,3557620.0
SEN,SEN_4959,Kolda,28.0,2020,2025,167830.0,5.97797,37111196.0
SEN,SEN_5020,Koumpentoum,5.0,2020,2025,29528.0,0.82339,4457515.0
SEN,SEN_5024,Koungheul,8.0,2020,2025,64708.0,1.588114,10237604.0
SEN,SEN_5025,Kounkane,6.0,2020,2025,21654.0,0.803636,3933307.0
SEN,SEN_5286,Linguere,5.0,2020,2025,28630.0,0.982912,5265064.0
SEN,SEN_5325,Louga,24.0,2020,2025,176029.0,5.74336,39256056.0
SEN,SEN_5785,Matam,6.0,2020,2025,30291.0,0.71482,3490372.0
SEN,SEN_5877,Mboro,13.0,2020,2025,61109.0,2.365121,13495454.0
SEN,SEN_5880,Mbour,117.0,2020,2025,593568.0,22.013488,145649856.0
SEN,SEN_5903,Medina Gounass,17.0,2020,2025,57310.0,2.315671,12039071.0
SEN,SEN_5919,Mekhe,6.0,2020,2025,35314.0,1.358763,7873965.0
SEN,SEN_6625,Ndioum,6.0,2020,2025,34208.0,1.152085,6140163.0
SEN,SEN_6628,Ndoffane ,4.0,2020,2025,15601.0,0.793059,4443696.0
SEN,SEN_6688,Nganda,2.0,2020,2025,6946.0,0.314584,1526599.0
SEN,SEN_6715,Ngoundiane Thiangaye,2.0,2020,2025,6922.0,0.426751,2020688.0
SEN,SEN_6768,Nioro du Rip,5.0,2020,2025,44428.0,1.115478,6363171.0
SEN,SEN_7230,Ourossogui,8.0,2020,2025,55610.0,1.526769,8861231.0
SEN,SEN_7291,Passy,5.0,2020,2025,22842.0,0.803832,3508234.0
SEN,SEN_7346,Podor,2.0,2020,2025,16831.0,0.670717,3653415.0
SEN,SEN_7508,Richard-Toll,10.0,2020,2025,76328.0,2.467428,14005246.0
SEN,SEN_7548,Ross Bethio,3.0,2020,2025,22058.0,0.699469,3544761.0
SEN,SEN_7550,Rosso-Senegal,2.0,2020,2025,13865.0,0.396465,2374545.0
SEN,SEN_7673,Saint-Louis,30.0,2020,2025,269597.0,6.665736,39477996.0
SEN,SEN_7826,Sedhiou,8.0,2020,2025,51676.0,1.688409,10494426.0
SEN,SEN_7866,Popenguine,18.0,2020,2025,50795.0,2.396336,10863565.0
SEN,SEN_8116,Sinthiou Bamambe,5.0,2020,2025,27468.0,0.72793,3585333.0
SEN,SEN_8153,Sokone,4.0,2020,2025,36596.0,1.004716,6090016.0
SEN,SEN_8331,Tambacounda,32.0,2020,2025,223965.0,7.334889,43262248.0
SEN,SEN_8472,Thiadaye,5.0,2020,2025,17463.0,0.937258,5115686.0
SEN,SEN_8473,Thies,80.0,2020,2025,471685.0,15.778195,100987784.0
SEN,SEN_8475,Thilogne,4.0,2020,2025,17316.0,0.538867,2585514.0
SEN,SEN_8531,Tivaouane,24.0,2020,2025,149068.0,4.721514,29316556.0
SEN,SEN_8587,Touba,237.0,2020,2025,1314959.0,51.160288,332186336.0
SEN,SEN_8820,Velingara,11.0,2020,2025,64765.0,2.32778,14866746.0
SEN,SEN_9008,Wodabe 2 ,5.0,2020,2025,15874.0,0.729602,2627995.0
SEN,SEN_9164,Ziguinchor,32.0,2020,2025,214306.0,7.702574,52025656.0
SLE,SLE_1973,Bo,65.0,2020,2025,426566.0,11.376104,86335496.0
SLE,SLE_2050,Bonthe,2.0,2020,2025,12048.0,0.293802,1266932.0
SLE,SLE_2632,Daru,3.0,2020,2025,26126.0,0.625025,3146941.0
SLE,SLE_3280,Freetown,220.0,2020,2025,1237149.0,50.343448,510581280.0
SLE,SLE_4240,Kabala,9.0,2020,2025,51429.0,1.695374,12499699.0
SLE,SLE_4413,Kailahun,7.0,2020,2025,53629.0,1.135546,7603990.0
SLE,SLE_4469,Kamakwie,3.0,2020,2025,20955.0,0.521491,3174326.0
SLE,SLE_4475,Kambia,9.0,2020,2025,43396.0,1.405467,10538564.0
SLE,SLE_4709,Kenema,41.0,2020,2025,297970.0,7.850327,57809124.0
SLE,SLE_4944,Koidu,35.0,2020,2025,258456.0,6.147295,43107960.0
SLE,SLE_5389,Lunsar,8.0,2020,2025,40136.0,1.743105,11533298.0
SLE,SLE_5481,Magburaka,10.0,2020,2025,52207.0,1.558931,10050175.0
SLE,SLE_5529,Mahera,30.0,2020,2025,103966.0,4.6907,28444760.0
SLE,SLE_5565,Makeni,38.0,2020,2025,192357.0,8.108244,62761872.0
SLE,SLE_5767,Masingbi,2.0,2020,2025,24395.0,0.394553,2156595.0
SLE,SLE_5805,Mattru Jong,4.0,2020,2025,27387.0,0.700871,3271534.0
SLE,SLE_6239,Moriba Town,4.0,2020,2025,27725.0,0.770787,3785749.0
SLE,SLE_6278,Moyamba,4.0,2020,2025,19134.0,0.665828,3229818.0
SLE,SLE_7358,Port Loko,9.0,2020,2025,34751.0,1.503378,9925197.0
SLE,SLE_7536,Rokupr,2.0,2020,2025,10796.0,0.391895,1708614.0
SLE,SLE_7833,Segbwema,4.0,2020,2025,26698.0,0.617555,3676594.0
SLE,SLE_8574,Torgbonbu,3.0,2020,2025,28145.0,0.551477,2984276.0
SLE,SLE_9090,Yonibana,8.0,2020,2025,46123.0,1.294041,6696294.0
SOM,SOM_1439,Baar Dheere ,8.0,2020,2025,105374.0,1.549761,7877363.0
SOM,SOM_1521,Bal'ad,2.0,2020,2025,38136.0,0.521607,2334408.0
SOM,SOM_1530,Beledweyne,17.0,2020,2025,149413.0,4.103496,26337548.0
SOM,SOM_1538,Ballanbale,3.0,2020,2025,0.0,0.0,0.0
SOM,SOM_1666,Barawa E Al Bambar,3.0,2020,2025,33573.0,0.963911,6106903.0
SOM,SOM_1677,Berdale,5.0,2020,2025,23362.0,0.677933,2510804.0
SOM,SOM_1733,Baidoa,30.0,2020,2025,364231.0,5.425599,28672384.0
SOM,SOM_1776,Belet Xawo/Mandera [SOM],11.0,2020,2025,34851.0,1.590075,7811075.0
SOM,SOM_1831,Berbera,8.0,2020,2025,122385.0,1.742171,9674139.0
SOM,SOM_2054,Borama,16.0,2020,2025,268034.0,2.860735,17931468.0
SOM,SOM_2055,Bosaso,16.0,2020,2025,599830.0,4.185086,26809022.0
SOM,SOM_224,Afgoye,6.0,2020,2025,49292.0,1.848807,10528950.0
SOM,SOM_2242,Burao,24.0,2020,2025,219390.0,5.628499,33670516.0
SOM,SOM_2255,Burtinle,4.0,2020,2025,62602.0,0.982162,5238387.0
SOM,SOM_228,Afmadow,3.0,2020,2025,55511.0,0.709562,3640686.0
SOM,SOM_2290,Buuhoodle,8.0,2020,2025,31876.0,1.092411,5176845.0
SOM,SOM_2291,Bulobarde ,3.0,2020,2025,7518.0,0.628265,3360843.0
SOM,SOM_2292,Buur Hakaba,6.0,2020,2025,48064.0,1.042401,6342331.0
SOM,SOM_2702,Dusa Mareb,8.0,2020,2025,71232.0,1.233362,6210902.0
SOM,SOM_2738,Dinsoor,6.0,2020,2025,44912.0,0.947891,4133253.0
SOM,SOM_2856,Dolow (north),3.0,2020,2025,13255.0,0.396327,1392978.0
SOM,SOM_2963,'Erigavo,7.0,2020,2025,62749.0,1.181024,6893933.0
SOM,SOM_3329,Gaalkayo,21.0,2020,2025,545757.0,5.479266,31012258.0
SOM,SOM_3330,Goldogob,7.0,2020,2025,5610.0,0.03503,94118.0
SOM,SOM_3394,Garoowe,15.0,2020,2025,286243.0,3.030146,17913112.0
SOM,SOM_3452,Gebilay,5.0,2020,2025,17534.0,1.091943,7645812.0
SOM,SOM_3671,Guri'eel,13.0,2020,2025,61741.0,2.052909,12909857.0
SOM,SOM_3751,Hargeisa,90.0,2020,2025,676015.0,18.875884,145826112.0
SOM,SOM_4180,Jamaame,2.0,2020,2025,83217.0,0.427679,3026375.0
SOM,SOM_4210,Jilib,2.0,2020,2025,52779.0,0.54645,3224281.0
SOM,SOM_4228,Jowhar,5.0,2020,2025,102404.0,1.288454,7188531.0
SOM,SOM_4900,Kismayo,19.0,2020,2025,277653.0,4.6177,32243200.0
SOM,SOM_5,Siigadhere ,15.0,2020,2025,3645.0,0.022268,55691.0
SOM,SOM_5227,Las Anod,10.0,2020,2025,163799.0,2.155047,13074138.0
SOM,SOM_5407,Luuq,5.0,2020,2025,18986.0,0.807058,3388594.0
SOM,SOM_5717,Bulo Mareer,2.0,2020,2025,45175.0,0.680823,3972452.0
SOM,SOM_5956,Merca,4.0,2020,2025,62686.0,1.113507,8584763.0
SOM,SOM_6,'Adaado,10.0,2020,2025,60632.0,1.39809,8541462.0
SOM,SOM_6180,Mogadishu,166.0,2020,2025,3261993.0,49.089152,347981600.0
SOM,SOM_7404,Lafoole,7.0,2020,2025,35387.0,1.300076,5583906.0
SOM,SOM_7405,Qardho,6.0,2020,2025,79400.0,1.59372,9959721.0
SOM,SOM_7441,Qoryoley,3.0,2020,2025,27994.0,0.835995,5065226.0
SOM,SOM_7603,Saaqow,3.0,2020,2025,38239.0,0.601641,2968971.0
SOM,SOM_8548,Tog Wajaale ,5.0,2020,2025,25290.0,0.863667,6474230.0
SOM,SOM_8705,Uffurow,3.0,2020,2025,29362.0,0.472781,1425218.0
SOM,SOM_8927,Wajid,4.0,2020,2025,72663.0,0.423507,1447030.0
SOM,SOM_8947,Wanlaweyn,6.0,2020,2025,93952.0,1.38939,7140391.0
SOM,SOM_9034,Xuddur,3.0,2020,2025,28268.0,0.493829,2011973.0
SSD,SSD_1175,Ameeth,4.0,2020,2025,1609.0,0.097126,242865.0
SSD,SSD_1178,Ameth-agok,45.0,2020,2025,20083.0,0.333784,817504.0
SSD,SSD_1214,Angoot,106.0,2020,2025,28060.0,2.083336,5306439.0
SSD,SSD_1301,Aruch,8.0,2020,2025,8933.0,0.689582,1724153.0
SSD,SSD_1389,Aweil,36.0,2020,2025,38424.0,3.869861,19798356.0
SSD,SSD_1419,Ayien,21.0,2020,2025,12286.0,0.543813,1513606.0
SSD,SSD_150,Kashwal,43.0,2020,2025,25543.0,0.462877,1151727.0
SSD,SSD_2056,Bor,44.0,2020,2025,213809.0,5.728258,27499406.0
SSD,SSD_216,Aduel,82.0,2020,2025,28668.0,0.463806,1103423.0
SSD,SSD_2428,Chimel Thii,9.0,2020,2025,3924.0,0.22144,552819.0
SSD,SSD_3179,Ezo Centre,11.0,2020,2025,54572.0,0.583244,1877099.0
SSD,SSD_3375,Kongor,42.0,2020,2025,65925.0,0.286564,543258.0
SSD,SSD_3557,Gok Machar,11.0,2020,2025,5524.0,0.541854,1354853.0
SSD,SSD_4177,Jalimo,17.0,2020,2025,46109.0,0.580682,1552097.0
SSD,SSD_4216,Jinkuata,3.0,2020,2025,4209.0,0.380715,951898.0
SSD,SSD_4232,Juba,205.0,2020,2025,399206.0,28.292804,192452864.0
SSD,SSD_4543,Kapoeta,5.0,2020,2025,32592.0,0.646645,2385055.0
SSD,SSD_4848,Kindi,5.0,2020,2025,5100.0,0.044856,102355.0
SSD,SSD_5065,Kuacjok,28.0,2020,2025,18409.0,1.635592,5627995.0
SSD,SSD_5125,Kuom,5.0,2020,2025,12527.0,0.446849,1283630.0
SSD,SSD_5135,Kurum,41.0,2020,2025,15706.0,0.489123,1220654.0
SSD,SSD_5311,Lokurubang,6.0,2020,2025,11634.0,0.185879,464429.0
SSD,SSD_5422,Agok ,11.0,2020,2025,2781.0,0.134593,336547.0
SSD,SSD_5441,Madebe Centre,16.0,2020,2025,10957.0,0.062813,140689.0
SSD,SSD_5583,Makuac Akuel,10.0,2020,2025,3363.0,0.231729,579568.0
SSD,SSD_5593,Malakal,19.0,2020,2025,126598.0,3.073992,17746884.0
SSD,SSD_5723,Maridi,44.0,2020,2025,49829.0,0.726992,1816222.0
SSD,SSD_5825,Mayen Ulem,10.0,2020,2025,2825.0,0.15679,392102.0
SSD,SSD_5934,Melut,5.0,2020,2025,17559.0,0.434371,1332390.0
SSD,SSD_6372,Mundri,9.0,2020,2025,12100.0,0.80571,2953716.0
SSD,SSD_6762,Nimule,10.0,2020,2025,78353.0,1.770827,9901844.0
SSD,SSD_6895,Nyainthokmalual,0.0,2020,2025,2030.0,0.012985,32473.0
SSD,SSD_7020,Okau,12.0,2020,2025,55647.0,0.476519,1191518.0
SSD,SSD_7081,Omeyo,8.0,2020,2025,23357.0,0.405012,1012669.0
SSD,SSD_7239,Owiny-Kibul,3.0,2020,2025,12510.0,0.195598,588870.0
SSD,SSD_7271,Paloich Market,3.0,2020,2025,10829.0,0.38405,1256250.0
SSD,SSD_7273,Pamat,19.0,2020,2025,5827.0,0.383324,958468.0
SSD,SSD_7280,Pankot,73.0,2020,2025,5143.0,0.175351,259679.0
SSD,SSD_7288,Pariang,6.0,2020,2025,10377.0,0.395514,1076504.0
SSD,SSD_7460,Raga,5.0,2020,2025,24410.0,0.691808,3172719.0
SSD,SSD_7500,Renk,16.0,2020,2025,101596.0,3.06758,15846223.0
SSD,SSD_7576,Rum-Aker,18.0,2020,2025,4082.0,0.3835,958845.0
SSD,SSD_7577,Rumbek,227.0,2020,2025,208321.0,5.556522,24105584.0
SSD,SSD_8335,Tambura,19.0,2020,2025,61762.0,1.534053,6027482.0
SSD,SSD_8569,Tonj,16.0,2020,2025,10577.0,0.730704,2020611.0
SSD,SSD_8577,Torit,16.0,2020,2025,31861.0,2.169376,9896726.0
SSD,SSD_8967,Wau,39.0,2020,2025,253302.0,9.457611,58384468.0
SSD,SSD_8997,Wet-wil,9.0,2020,2025,4215.0,0.220378,551075.0
SSD,SSD_904,Alok,11.0,2020,2025,2712.0,0.086056,214909.0
SSD,SSD_9052,Yambio,145.0,2020,2025,118945.0,4.227339,19063898.0
SSD,SSD_9067,Yei,32.0,2020,2025,124171.0,4.628401,23356194.0
SSD,SSD_9079,Yida Refugee Camp,12.0,2020,2025,15268.0,1.042625,3168023.0
SSD,SSD_9084,Yirol,51.0,2020,2025,52186.0,1.225221,3457540.0
STP,STP_6667,Neves,1.0,2020,2025,8751.0,0.249495,995432.0
STP,STP_7773,Santana,2.0,2020,2025,8522.0,0.307587,1065136.0
STP,STP_7781,Sao Tome,36.0,2020,2025,132626.0,5.070227,24191904.0
SWZ,SWZ_5470,Mafutseni,116.0,2020,2025,32181.0,4.511183,11280068.0
SWZ,SWZ_5522,Mahamba,19.0,2020,2025,9359.0,1.439485,3725386.0
SWZ,SWZ_5700,Manzini,160.0,2020,2025,123313.0,17.253654,93893024.0
SWZ,SWZ_5837,Mbabane,160.0,2020,2025,113473.0,13.596293,61346024.0
SWZ,SWZ_6733,Nhlangano,35.0,2020,2025,19239.0,2.723288,8587418.0
SYC,SYC_8824,Victoria,50.0,2020,2025,95173.0,3.897561,16202895.0
TCD,TCD_1132,Am Dam Zeribe,2.0,2020,2025,5046.0,0.202157,1005981.0
TCD,TCD_1133,Am Nabak camp,3.0,2020,2025,5224.0,0.283502,769569.0
TCD,TCD_1134,Am Timan,17.0,2020,2025,152092.0,2.41271,13459274.0
TCD,TCD_1169,Amboko Camp,1.0,2020,2025,2951.0,0.215743,791357.0
TCD,TCD_1266,Arada,4.0,2020,2025,4333.0,0.321733,886111.0
TCD,TCD_1361,Ati,13.0,2020,2025,63169.0,1.711229,8638387.0
TCD,TCD_1474,Baga Sola,3.0,2020,2025,3425.0,0.562625,2827804.0
TCD,TCD_1487,Bahay,3.0,2020,2025,4937.0,0.287242,721037.0
TCD,TCD_1499,Baibokoum,4.0,2020,2025,9438.0,0.446143,1640211.0
TCD,TCD_1500,Ba-Illi,5.0,2020,2025,18878.0,0.595032,2439343.0
TCD,TCD_164,Ade,0.0,2020,2025,820.0,0.02331,58277.0
TCD,TCD_1745,Bebalem,12.0,2020,2025,25337.0,1.079624,3233942.0
TCD,TCD_1750,Bedigri,8.0,2020,2025,14695.0,0.344857,862253.0
TCD,TCD_1755,Bedjondo,10.0,2020,2025,26588.0,0.782646,2478643.0
TCD,TCD_1761,Beinamar,3.0,2020,2025,9477.0,0.442162,1697906.0
TCD,TCD_1782,Belome Camp,4.0,2020,2025,7109.0,0.406524,1120945.0
TCD,TCD_1826,Benoye,16.0,2020,2025,40640.0,1.78435,7169249.0
TCD,TCD_1833,Bere,11.0,2020,2025,33682.0,1.826202,8899194.0
TCD,TCD_1850,Bessao,3.0,2020,2025,7977.0,0.457172,1771511.0
TCD,TCD_1903,Biltine,15.0,2020,2025,41657.0,1.944895,8563172.0
TCD,TCD_1908,Binder Urbain,2.0,2020,2025,4376.0,0.237802,811018.0
TCD,TCD_1959,Bitkine,8.0,2020,2025,28790.0,1.030329,5535551.0
TCD,TCD_2015,Bokoro,6.0,2020,2025,27335.0,1.132862,5764316.0
TCD,TCD_2018,Bol,4.0,2020,2025,22252.0,0.924097,5441353.0
TCD,TCD_2042,Bongor,22.0,2020,2025,82566.0,2.803619,15201714.0
TCD,TCD_2139,Bousso,3.0,2020,2025,18366.0,0.606054,3168805.0
TCD,TCD_215,Adre,9.0,2020,2025,40227.0,1.350328,6505035.0
TCD,TCD_2160,Bredjing camp,3.0,2020,2025,8860.0,0.498651,1893495.0
TCD,TCD_25,Abdi II,4.0,2020,2025,22409.0,0.143429,353953.0
TCD,TCD_27,Abéché,58.0,2020,2025,226389.0,10.399997,61589484.0
TCD,TCD_2815,Doba,27.0,2020,2025,93721.0,4.650049,27025876.0
TCD,TCD_2819,Dodjoré camp,7.0,2020,2025,17092.0,0.31547,788865.0
TCD,TCD_2853,Donia,10.0,2020,2025,15217.0,0.51742,1682959.0
TCD,TCD_2864,Dosseye Camp,1.0,2020,2025,1629.0,0.070349,175137.0
TCD,TCD_2875,Dourbali,6.0,2020,2025,25459.0,1.068178,6251130.0
TCD,TCD_31,Abgadam Camp,1.0,2020,2025,3146.0,0.247469,702467.0
TCD,TCD_3181,Fada,7.0,2020,2025,13824.0,0.414596,1174826.0
TCD,TCD_3198,Farchana,6.0,2020,2025,11396.0,0.446775,1492534.0
TCD,TCD_3213,Faya,13.0,2020,2025,12516.0,1.043459,4549620.0
TCD,TCD_3235,Fianga,10.0,2020,2025,25808.0,1.001127,4356436.0
TCD,TCD_3319,Gaga Camp,3.0,2020,2025,5674.0,0.510256,2541297.0
TCD,TCD_3578,Gore,7.0,2020,2025,33838.0,1.36541,8166390.0
TCD,TCD_3591,Goundi,12.0,2020,2025,22346.0,0.720551,2834531.0
TCD,TCD_3592,Gounou-Gaya,6.0,2020,2025,23284.0,0.882817,4129790.0
TCD,TCD_3598,Goz Amer camp,6.0,2020,2025,20428.0,0.616666,2021180.0
TCD,TCD_3599,Goz Beida,9.0,2020,2025,20569.0,0.997902,3744548.0
TCD,TCD_3626,Guelendeng,8.0,2020,2025,28818.0,1.192843,5981893.0
TCD,TCD_4087,Iriba,4.0,2020,2025,18805.0,0.58067,2462198.0
TCD,TCD_4088,Iridimi camp,4.0,2020,2025,8832.0,0.470875,1454458.0
TCD,TCD_4438,Kalait,9.0,2020,2025,7597.0,0.525046,1399264.0
TCD,TCD_4556,Karal,3.0,2020,2025,5307.0,0.479921,2286397.0
TCD,TCD_4701,Kelo,37.0,2020,2025,103253.0,5.585073,28670444.0
TCD,TCD_4719,Kerfi,3.0,2020,2025,5206.0,0.200043,495175.0
TCD,TCD_474,Alaroro,4.0,2020,2025,22196.0,0.705496,3509978.0
TCD,TCD_5014,Koukou Angarana,2.0,2020,2025,6494.0,0.192679,481779.0
TCD,TCD_5021,Koumra,25.0,2020,2025,84421.0,3.377132,18154048.0
TCD,TCD_5026,Kounoungou camp,2.0,2020,2025,3686.0,0.2353,588353.0
TCD,TCD_5054,Krim Krim,6.0,2020,2025,13839.0,0.524044,2173640.0
TCD,TCD_5177,Kyabe,11.0,2020,2025,64694.0,1.226,6039452.0
TCD,TCD_5200,Lai,10.0,2020,2025,55782.0,1.532706,7945139.0
TCD,TCD_5258,Lere,10.0,2020,2025,35153.0,1.22173,5396633.0
TCD,TCD_5492,Magrane,2.0,2020,2025,7731.0,0.211876,786039.0
TCD,TCD_5642,Mandelia,5.0,2020,2025,8556.0,0.746181,3325601.0
TCD,TCD_5651,Mangalme,2.0,2020,2025,15298.0,0.324033,1584974.0
TCD,TCD_5701,Mao,12.0,2020,2025,28309.0,1.581402,8310656.0
TCD,TCD_5729,Maro,1.0,2020,2025,2014.0,0.070771,176954.0
TCD,TCD_5772,Massaguet,9.0,2020,2025,21119.0,1.372587,6965805.0
TCD,TCD_5773,Massakory,10.0,2020,2025,39615.0,1.157985,5062038.0
TCD,TCD_5847,Mbalkabra,6.0,2020,2025,14758.0,0.517218,1682065.0
TCD,TCD_59,Abougoudam,2.0,2020,2025,2196.0,0.137363,343452.0
TCD,TCD_5924,Melfi,4.0,2020,2025,26288.0,0.314748,1259942.0
TCD,TCD_6006,Mile Camp,2.0,2020,2025,2691.0,0.275048,687677.0
TCD,TCD_6196,Moissala,6.0,2020,2025,24257.0,0.967663,5159444.0
TCD,TCD_6219,Mongo,14.0,2020,2025,106816.0,2.091631,10720353.0
TCD,TCD_6268,Moundou,61.0,2020,2025,287832.0,10.726638,66300544.0
TCD,TCD_6272,Moussoro,13.0,2020,2025,62950.0,1.435389,6988219.0
TCD,TCD_6611,Ndam,0.0,2020,2025,499.0,0.035354,88395.0
TCD,TCD_6627,Ndjamena,378.0,2020,2025,2079407.0,74.093312,474182720.0
TCD,TCD_6686,Ngama,3.0,2020,2025,13766.0,0.628839,3199036.0
TCD,TCD_6716,Ngouri,4.0,2020,2025,12547.0,0.498935,1911001.0
TCD,TCD_7220,Oum Hadjer,11.0,2020,2025,56747.0,1.546302,8184010.0
TCD,TCD_7228,Oure Cassoni camp,5.0,2020,2025,10024.0,0.831181,4020589.0
TCD,TCD_7267,Pala,28.0,2020,2025,80397.0,2.605498,11950354.0
TCD,TCD_7302,Peni I,6.0,2020,2025,14145.0,0.430265,1179061.0
TCD,TCD_7693,Salal,1.0,2020,2025,1240.0,0.017798,9648.0
TCD,TCD_7794,Sarh,38.0,2020,2025,181053.0,6.182592,36325336.0
TCD,TCD_8515,Tine Djangarba,16.0,2020,2025,28778.0,1.596916,7554238.0
TCD,TCD_8596,Touloum camp,3.0,2020,2025,5505.0,0.339483,931002.0
TCD,TCD_9061,Yaroungou camp,4.0,2020,2025,12292.0,0.57758,3058019.0
TGO,TGO_1212,Anfoin,7.0,2020,2025,13930.0,1.076672,5512151.0
TGO,TGO_1216,Anie,17.0,2020,2025,64745.0,3.03242,15578654.0
TGO,TGO_1337,Asrama,5.0,2020,2025,8276.0,0.873415,5291652.0
TGO,TGO_1340,Assahoun,10.0,2020,2025,19766.0,1.772058,11101015.0
TGO,TGO_1351,Atakpame,33.0,2020,2025,123045.0,6.852791,44099552.0
TGO,TGO_1374,Attitogon,5.0,2020,2025,9850.0,0.721091,3510747.0
TGO,TGO_1462,Badou,5.0,2020,2025,10304.0,0.783787,5263039.0
TGO,TGO_1469,Bafilo,8.0,2020,2025,16711.0,1.450077,8800886.0
TGO,TGO_1705,Bassar,12.0,2020,2025,33514.0,2.30637,12056837.0
TGO,TGO_173,Adeta,9.0,2020,2025,15428.0,1.3551,7610603.0
TGO,TGO_196,Adjengre,7.0,2020,2025,14345.0,1.148912,5031062.0
TGO,TGO_1969,Blitta,9.0,2020,2025,19242.0,1.349801,5671561.0
TGO,TGO_221,Afagnagan,10.0,2020,2025,32629.0,1.703241,11035839.0
TGO,TGO_2492,Cinkassi/Cinkanse [TGO],32.0,2020,2025,70342.0,3.338662,18790336.0
TGO,TGO_2609,Dapaong,63.0,2020,2025,147536.0,9.865128,54466912.0
TGO,TGO_2640,Datcha,3.0,2020,2025,7874.0,0.5413,2009526.0
TGO,TGO_285,Ahépé,11.0,2020,2025,23303.0,1.715249,10473349.0
TGO,TGO_2936,Dzrekpo,6.0,2020,2025,9996.0,0.99682,5933553.0
TGO,TGO_3538,Glei,8.0,2020,2025,25116.0,1.420539,9243243.0
TGO,TGO_3540,Glidji,10.0,2020,2025,18558.0,1.186185,4891671.0
TGO,TGO_3635,Guerin Kouka,8.0,2020,2025,16848.0,1.049067,4678658.0
TGO,TGO_3711,Hahotoé,12.0,2020,2025,34671.0,2.121233,17139184.0
TGO,TGO_413,Aklakou,6.0,2020,2025,12793.0,0.947094,5959769.0
TGO,TGO_4261,Kaboli,7.0,2020,2025,13944.0,1.108487,5599818.0
TGO,TGO_4271,Kabou,6.0,2020,2025,13237.0,0.937429,4426275.0
TGO,TGO_4503,Kante,10.0,2020,2025,12837.0,1.053049,4963080.0
TGO,TGO_4550,Kara,96.0,2020,2025,185140.0,12.398005,66193784.0
TGO,TGO_4732,Ketao,6.0,2020,2025,15808.0,1.266731,6802634.0
TGO,TGO_4994,Korbongou-Centre,11.0,2020,2025,15432.0,1.090685,4135411.0
TGO,TGO_5034,Kouve,8.0,2020,2025,15740.0,1.255372,8139988.0
TGO,TGO_5038,Kpalime,39.0,2020,2025,102144.0,6.991386,43782576.0
TGO,TGO_5043,Kpekpleme,3.0,2020,2025,12036.0,0.65968,3288579.0
TGO,TGO_5044,Kpele-Ele,3.0,2020,2025,2378.0,0.277987,930920.0
TGO,TGO_5208,Lama-Bou,10.0,2020,2025,10552.0,1.002233,2809846.0
TGO,TGO_5317,Lomé,431.0,2020,2025,2838233.0,117.313704,1180675840.0
TGO,TGO_5653,Mango,11.0,2020,2025,26089.0,1.766401,8540120.0
TGO,TGO_6743,Niamtougou,24.0,2020,2025,21741.0,2.267546,8253418.0
TGO,TGO_6849,Notse,19.0,2020,2025,63274.0,3.452683,22480228.0
TGO,TGO_7259,Pagala-Gare,8.0,2020,2025,14516.0,1.005117,4002632.0
TGO,TGO_8149,Sokode,46.0,2020,2025,147863.0,8.616339,54255568.0
TGO,TGO_8180,Sotouboua,10.0,2020,2025,27673.0,1.988775,10554516.0
TGO,TGO_8257,Tabligbo,14.0,2020,2025,43768.0,2.358941,16644873.0
TGO,TGO_8267,Tado,2.0,2020,2025,9101.0,0.485283,2636082.0
TGO,TGO_8409,Tchamba,13.0,2020,2025,41465.0,2.361042,12180635.0
TGO,TGO_8413,Tchekpo-Dedekpoe,4.0,2020,2025,8180.0,0.532633,3113786.0
TGO,TGO_8550,Tohoun,3.0,2020,2025,11546.0,0.502445,1848810.0
TGO,TGO_8623,Tsévié,147.0,2020,2025,346652.0,22.660032,171856928.0
TGO,TGO_8887,Vogan,14.0,2020,2025,34812.0,2.210268,15706421.0
TGO,TGO_8924,Wahala,3.0,2020,2025,6486.0,0.542095,3110223.0
TZA,TZA_1302,Arusha,356.0,2020,2025,1081876.0,53.790416,350074976.0
TZA,TZA_1446,Babati,28.0,2020,2025,69830.0,3.863352,18668966.0
TZA,TZA_1476,Bagamoyo ,13.0,2020,2025,58098.0,2.406467,13917411.0
TZA,TZA_1477,Bagamoyo ,41.0,2020,2025,52673.0,3.393023,14537331.0
TZA,TZA_1667,Barabarani,4.0,2020,2025,9347.0,0.496242,1665379.0
TZA,TZA_1685,Bariadi,15.0,2020,2025,62558.0,2.524182,11968466.0
TZA,TZA_1883,Biharamulo Mjini,5.0,2020,2025,19660.0,0.908225,4414035.0
TZA,TZA_2185,Bugarama,7.0,2020,2025,23767.0,1.420887,6354232.0
TZA,TZA_2189,Bugogwa,7.0,2020,2025,18137.0,1.109085,4283150.0
TZA,TZA_2201,Bukoba,59.0,2020,2025,164498.0,7.482207,43279860.0
TZA,TZA_2224,Bunda,31.0,2020,2025,90024.0,4.653867,21654004.0
TZA,TZA_2230,Bungu,7.0,2020,2025,17253.0,0.884774,3717898.0
TZA,TZA_2239,Bupandwamhela,3.0,2020,2025,8170.0,0.493994,1493926.0
TZA,TZA_2285,Butiama 1,8.0,2020,2025,9618.0,0.703113,2295649.0
TZA,TZA_2302,Bwanga,5.0,2020,2025,19808.0,0.902879,4004817.0
TZA,TZA_2359,Chake Chake,9.0,2020,2025,64749.0,1.574976,9598519.0
TZA,TZA_2360,Chala,3.0,2020,2025,8686.0,0.41497,1737570.0
TZA,TZA_2362,Chalinze,10.0,2020,2025,49485.0,1.760704,9061973.0
TZA,TZA_2369,Chanika,12.0,2020,2025,45187.0,1.675088,9290512.0
TZA,TZA_2375,Chato,11.0,2020,2025,56787.0,1.834093,7949424.0
TZA,TZA_2427,Chimala,7.0,2020,2025,33470.0,1.506977,7613398.0
TZA,TZA_2451,Chiwezi,7.0,2020,2025,30086.0,1.529708,10391168.0
TZA,TZA_2622,Dar es Salaam,1179.0,2020,2025,6304449.0,229.688976,1659711360.0
TZA,TZA_2821,Dodoma,136.0,2020,2025,520248.0,29.584068,171029952.0
TZA,TZA_2902,Dumila,8.0,2020,2025,36518.0,1.448508,6991024.0
TZA,TZA_3108,Endasak,7.0,2020,2025,12725.0,0.868914,3042556.0
TZA,TZA_3157,Etaro,17.0,2020,2025,21755.0,1.582437,4026033.0
TZA,TZA_3323,Gairo,9.0,2020,2025,63661.0,1.980488,10170712.0
TZA,TZA_3713,Hai Mjini,26.0,2020,2025,64720.0,4.729738,30584632.0
TZA,TZA_3789,Hedaru,6.0,2020,2025,18712.0,1.168971,7229476.0
TZA,TZA_3899,Ifakara,34.0,2020,2025,138810.0,6.418933,37664088.0
TZA,TZA_3914,Igala,17.0,2020,2025,30701.0,1.324528,3311700.0
TZA,TZA_3945,Igowole,14.0,2020,2025,14417.0,1.928443,6419072.0
TZA,TZA_3948,Igunga,17.0,2020,2025,47960.0,2.806613,13133727.0
TZA,TZA_3950,Igurusi,6.0,2020,2025,21903.0,1.344821,6983057.0
TZA,TZA_4005,Ikwiriri,9.0,2020,2025,50508.0,1.924788,12105865.0
TZA,TZA_4035,Ilula,7.0,2020,2025,26174.0,1.636918,9685990.0
TZA,TZA_4089,Iringa,44.0,2020,2025,153227.0,9.226794,64480304.0
TZA,TZA_4096,Isagehe 2,7.0,2020,2025,13828.0,0.839241,2373425.0
TZA,TZA_4097,Isagehe 1,10.0,2020,2025,12989.0,1.046637,2913063.0
TZA,TZA_4098,Isaka,8.0,2020,2025,17336.0,1.275725,5112913.0
TZA,TZA_4135,Itewe,6.0,2020,2025,28774.0,1.33444,8384972.0
TZA,TZA_4137,Itigi,9.0,2020,2025,23691.0,1.826586,8669400.0
TZA,TZA_4273,Kabuku,5.0,2020,2025,21150.0,0.897428,4765359.0
TZA,TZA_4403,Kagongwa,8.0,2020,2025,31310.0,1.858144,9014600.0
TZA,TZA_4405,Kahama,73.0,2020,2025,260986.0,14.339063,79326072.0
TZA,TZA_4441,Geita,44.0,2020,2025,213646.0,7.927495,41419100.0
TZA,TZA_4452,Kalinzi,16.0,2020,2025,26312.0,1.554775,4219458.0
TZA,TZA_4455,Kaliua,6.0,2020,2025,17188.0,1.33537,5566902.0
TZA,TZA_4500,Kanazi,16.0,2020,2025,19350.0,0.905995,2468726.0
TZA,TZA_4565,Karatu,26.0,2020,2025,50951.0,3.243639,14455036.0
TZA,TZA_4590,Kasamwa,6.0,2020,2025,26003.0,0.993822,4084671.0
TZA,TZA_4596,Kaseke,5.0,2020,2025,13859.0,0.784688,3391793.0
TZA,TZA_4602,Kashasha,8.0,2020,2025,12582.0,0.472449,1200146.0
TZA,TZA_4603,Mpanda,29.0,2020,2025,194514.0,6.725253,41068992.0
TZA,TZA_4618,Kasulu Mjini,27.0,2020,2025,114488.0,5.057093,27554534.0
TZA,TZA_4640,Katesh,9.0,2020,2025,19285.0,1.222205,4839909.0
TZA,TZA_4651,Katoke ,12.0,2020,2025,16129.0,0.582695,1457097.0
TZA,TZA_4653,Katoro,28.0,2020,2025,159957.0,6.287863,36042984.0
TZA,TZA_4668,Kayanga,12.0,2020,2025,27057.0,1.246873,4764854.0
TZA,TZA_4678,Kazumarimba,5.0,2020,2025,13694.0,0.916299,4225644.0
TZA,TZA_4693,Kisumu/Mbale/Busia/Sirari [TZA],15.0,2020,2025,29295.0,1.720976,7570734.0
TZA,TZA_4711,Kengeja,5.0,2020,2025,19674.0,0.677095,2250844.0
TZA,TZA_4772,Kibaigwa,9.0,2020,2025,50082.0,1.955716,10545941.0
TZA,TZA_4776,Kibara,13.0,2020,2025,18086.0,1.364457,4770780.0
TZA,TZA_4778,Kibaya,7.0,2020,2025,38852.0,1.4665,7533986.0
TZA,TZA_4783,Kibiti,7.0,2020,2025,22765.0,1.029207,6161239.0
TZA,TZA_4788,Kibondo Mjini,6.0,2020,2025,37351.0,1.463363,9997982.0
TZA,TZA_4796,Kidatu,7.0,2020,2025,21989.0,1.210288,5463734.0
TZA,TZA_4798,Kidodi,8.0,2020,2025,36762.0,1.456974,7812995.0
TZA,TZA_4805,Kigoma,57.0,2020,2025,257208.0,14.039506,102262160.0
TZA,TZA_4820,Kilindoni,9.0,2020,2025,19148.0,0.94335,3216499.0
TZA,TZA_4826,Kilosa,7.0,2020,2025,37657.0,1.321961,7267555.0
TZA,TZA_4835,Kilimahewa,5.0,2020,2025,17126.0,0.760794,3814471.0
TZA,TZA_4876,Kirando,4.0,2020,2025,13385.0,0.869894,4586887.0
TZA,TZA_4893,Kisarawe,4.0,2020,2025,9244.0,0.416797,1884604.0
TZA,TZA_4908,Kitama,6.0,2020,2025,11442.0,0.919899,3876947.0
TZA,TZA_4909,Kitanga,6.0,2020,2025,16153.0,0.922194,3666225.0
TZA,TZA_4925,Kiwira,23.0,2020,2025,28168.0,1.783986,6740841.0
TZA,TZA_4975,Konde,4.0,2020,2025,16263.0,0.423328,1615684.0
TZA,TZA_4976,Kondoa Mjini,12.0,2020,2025,36537.0,2.371272,12156367.0
TZA,TZA_4983,Kongwa,8.0,2020,2025,26433.0,1.299272,5391857.0
TZA,TZA_5000,Korogwe,21.0,2020,2025,69508.0,3.399316,21846202.0
TZA,TZA_5078,Kukirango,8.0,2020,2025,10529.0,0.779143,2418816.0
TZA,TZA_5180,Kyela Mjini ,59.0,2020,2025,97211.0,4.739239,19446872.0
TZA,TZA_5193,Laela,4.0,2020,2025,19809.0,0.778427,4036130.0
TZA,TZA_5282,Lindi,11.0,2020,2025,48919.0,2.247727,15112238.0
TZA,TZA_5292,Liwale Mjini,13.0,2020,2025,36773.0,2.815598,16047091.0
TZA,TZA_5401,Lushoto,26.0,2020,2025,42901.0,2.53681,10401581.0
TZA,TZA_5404,Lutale,14.0,2020,2025,21935.0,1.242126,3852003.0
TZA,TZA_5437,Madaba,6.0,2020,2025,8609.0,0.92346,3863469.0
TZA,TZA_5469,Mafinga,34.0,2020,2025,81503.0,7.090426,41726364.0
TZA,TZA_5488,Magomeni,2.0,2020,2025,8001.0,0.324925,1404606.0
TZA,TZA_5494,Magu Mjini,14.0,2020,2025,47124.0,2.294013,11481091.0
TZA,TZA_5495,Magugu,10.0,2020,2025,22125.0,1.461473,6705717.0
TZA,TZA_5534,Mahuta,6.0,2020,2025,14462.0,0.982317,4637961.0
TZA,TZA_5555,Makambako,35.0,2020,2025,88523.0,7.190647,40586076.0
TZA,TZA_5567,Makere,3.0,2020,2025,10278.0,0.634102,2580931.0
TZA,TZA_5576,Makongorosi,4.0,2020,2025,17296.0,0.798613,4402240.0
TZA,TZA_5611,Malindi,40.0,2020,2025,46861.0,3.451453,11766016.0
TZA,TZA_5697,Manyoni,13.0,2020,2025,40844.0,2.291307,11825733.0
TZA,TZA_5703,Maposeni,8.0,2020,2025,14100.0,1.178123,4534875.0
TZA,TZA_5712,Maramba,3.0,2020,2025,11346.0,0.407716,1963626.0
TZA,TZA_5746,Masama,86.0,2020,2025,94354.0,7.507369,24449656.0
TZA,TZA_5750,Masasi,28.0,2020,2025,76569.0,5.165776,27295362.0
TZA,TZA_5781,Matai,4.0,2020,2025,20306.0,0.712452,3365135.0
TZA,TZA_5796,Matema,56.0,2020,2025,48267.0,2.440051,6202942.0
TZA,TZA_5799,Mateves,12.0,2020,2025,33435.0,1.737657,7256144.0
TZA,TZA_5802,Matongo ,14.0,2020,2025,37504.0,1.955628,7506191.0
TZA,TZA_5849,Mbamba Bay,14.0,2020,2025,12006.0,1.126606,3159801.0
TZA,TZA_5865,Mbeya,159.0,2020,2025,663515.0,32.630246,216397264.0
TZA,TZA_5869,Mbinga Mjini,19.0,2020,2025,43491.0,3.288846,16717039.0
TZA,TZA_5874,Mbomai,504.0,2020,2025,441382.0,37.867772,119258256.0
TZA,TZA_5881,Mbuguni,9.0,2020,2025,8369.0,0.927152,2387765.0
TZA,TZA_5883,Mbulu Mjini,21.0,2020,2025,24266.0,2.077263,7635144.0
TZA,TZA_5981,Mhonda,5.0,2020,2025,20584.0,0.814786,4073946.0
TZA,TZA_6003,Mikumi,6.0,2020,2025,27588.0,1.116018,4733606.0
TZA,TZA_6069,Mirerani,8.0,2020,2025,51671.0,1.728318,10314095.0
TZA,TZA_6073,Misasi,4.0,2020,2025,8576.0,0.606295,2132251.0
TZA,TZA_6087,Misungwi,11.0,2020,2025,29112.0,1.757572,6760312.0
TZA,TZA_6145,Mkata,6.0,2020,2025,22172.0,0.823028,4592039.0
TZA,TZA_6148,Mkoma,10.0,2020,2025,14311.0,1.037412,3487592.0
TZA,TZA_6153,Mkuranga,15.0,2020,2025,40747.0,1.366868,5571087.0
TZA,TZA_6157,Mkwajuni 1,23.0,2020,2025,76698.0,2.96116,11468949.0
TZA,TZA_6158,Mkwajuni 2,5.0,2020,2025,21720.0,1.038901,5635393.0
TZA,TZA_6159,Mlandege,12.0,2020,2025,33674.0,2.095984,10712774.0
TZA,TZA_6160,Mlandizi,10.0,2020,2025,63072.0,2.196072,14253532.0
TZA,TZA_6161,Mlimba,10.0,2020,2025,37229.0,1.695543,7673706.0
TZA,TZA_6162,Mlowo,24.0,2020,2025,35547.0,3.336011,17757676.0
TZA,TZA_6217,Monduli,9.0,2020,2025,16743.0,1.054725,4334370.0
TZA,TZA_6243,Morogoro,124.0,2020,2025,523995.0,21.72562,117897184.0
TZA,TZA_6252,Moshi,329.0,2020,2025,539090.0,34.524392,169627648.0
TZA,TZA_6298,Mpuguso,10.0,2020,2025,10137.0,0.755309,2098165.0
TZA,TZA_6302,Mpwapwa,12.0,2020,2025,44458.0,2.182502,11384874.0
TZA,TZA_6309,Mtama,4.0,2020,2025,9788.0,0.651474,2812994.0
TZA,TZA_6310,Mtibwa,9.0,2020,2025,33972.0,1.535067,7368987.0
TZA,TZA_6315,Mtumba,7.0,2020,2025,20426.0,1.475129,7014316.0
TZA,TZA_6318,Mtwara,38.0,2020,2025,139962.0,6.883824,40796360.0
TZA,TZA_6333,Muganza,7.0,2020,2025,20655.0,1.045304,4170559.0
TZA,TZA_6338,Mugumu Mjini,18.0,2020,2025,29677.0,2.126472,8736374.0
TZA,TZA_6341,Muheza,12.0,2020,2025,56257.0,2.095088,14529356.0
TZA,TZA_6358,Muleba,15.0,2020,2025,38304.0,1.300466,4389971.0
TZA,TZA_6373,Makiungu ,4.0,2020,2025,6216.0,0.426315,1608679.0
TZA,TZA_6403,Muriti,20.0,2020,2025,30752.0,1.201589,3074426.0
TZA,TZA_6418,Musoma,49.0,2020,2025,179116.0,9.176995,48981112.0
TZA,TZA_6448,Mwamanyili,6.0,2020,2025,11580.0,0.895763,3257530.0
TZA,TZA_6451,Mwanga,8.0,2020,2025,16019.0,1.263698,6230354.0
TZA,TZA_6452,Mwangoi,21.0,2020,2025,26407.0,2.139758,7539950.0
TZA,TZA_6453,Mwanhuzi,7.0,2020,2025,21269.0,1.26766,5921047.0
TZA,TZA_6454,Mwanza,236.0,2020,2025,1210788.0,49.10418,394413728.0
TZA,TZA_6460,Mwayaya,26.0,2020,2025,34979.0,3.07283,12851890.0
TZA,TZA_6474,Mzizima,3.0,2020,2025,10537.0,0.409241,2446845.0
TZA,TZA_6489,Nachingwea,21.0,2020,2025,48428.0,2.80652,11694087.0
TZA,TZA_6508,Naipanga,5.0,2020,2025,9803.0,0.721813,2769471.0
TZA,TZA_6515,Nakonde/Tunduma [TZA],22.0,2020,2025,242050.0,5.880927,60192276.0
TZA,TZA_6524,Namanyere,7.0,2020,2025,31482.0,1.267114,5423491.0
TZA,TZA_6546,Nangomba,7.0,2020,2025,23772.0,1.324427,6882296.0
TZA,TZA_6548,Nansio,41.0,2020,2025,104266.0,4.199527,16930856.0
TZA,TZA_6550,Nanyamba,5.0,2020,2025,12566.0,0.947827,4696045.0
TZA,TZA_6640,Ndungu,5.0,2020,2025,8615.0,0.710712,3460267.0
TZA,TZA_6695,Ngara,7.0,2020,2025,20730.0,1.000302,4696164.0
TZA,TZA_6718,Ngudu,9.0,2020,2025,20340.0,1.292855,5508442.0
TZA,TZA_6727,Nguruka,6.0,2020,2025,19803.0,1.183083,5742139.0
TZA,TZA_6779,Njombe Mjini,62.0,2020,2025,80793.0,8.895638,50538096.0
TZA,TZA_6798,Nkome 2,3.0,2020,2025,10515.0,0.442558,1553404.0
TZA,TZA_6810,Nkungwe,11.0,2020,2025,23676.0,1.506386,5568394.0
TZA,TZA_6864,Nshamba,15.0,2020,2025,25888.0,1.00491,2526910.0
TZA,TZA_6897,Nyakafulu,11.0,2020,2025,36550.0,2.243947,10733581.0
TZA,TZA_6898,Nyakahanga,15.0,2020,2025,28306.0,1.27909,3979931.0
TZA,TZA_6900,Nyalikungu,14.0,2020,2025,27927.0,1.866529,7414235.0
TZA,TZA_6911,Nyangao,7.0,2020,2025,11640.0,0.75867,2542016.0
TZA,TZA_6913,Nyanguge,5.0,2020,2025,12952.0,0.774987,3151223.0
TZA,TZA_6917,Nyarubanda,8.0,2020,2025,13160.0,0.797633,2066446.0
TZA,TZA_6925,Nzega,19.0,2020,2025,56017.0,3.439094,16646776.0
TZA,TZA_7066,Old Shinyanga,5.0,2020,2025,6821.0,0.518828,1523308.0
TZA,TZA_7556,Ruangwa,6.0,2020,2025,25051.0,1.216815,6626711.0
TZA,TZA_7572,Rujewa,8.0,2020,2025,41670.0,2.125829,11964377.0
TZA,TZA_7715,Same Mjini,16.0,2020,2025,37245.0,2.326326,10847494.0
TZA,TZA_7868,Sengerema,30.0,2020,2025,94570.0,5.08155,26284828.0
TZA,TZA_7963,Shelui,6.0,2020,2025,14008.0,1.037002,4410342.0
TZA,TZA_7984,Shinyanga,58.0,2020,2025,149527.0,9.729303,50342788.0
TZA,TZA_8112,Singida,48.0,2020,2025,151825.0,8.257637,41549180.0
TZA,TZA_8167,Songea,70.0,2020,2025,213111.0,12.610574,71987488.0
TZA,TZA_8172,Songwa,4.0,2020,2025,12170.0,0.773759,3539535.0
TZA,TZA_8231,Sumbawanga,47.0,2020,2025,218162.0,9.404886,65580680.0
TZA,TZA_8259,Tabora,52.0,2020,2025,187123.0,12.343689,76432648.0
TZA,TZA_8353,Tandahimba,11.0,2020,2025,35039.0,2.182099,10603405.0
TZA,TZA_8357,Tanga 1,60.0,2020,2025,326665.0,11.656048,73430456.0
TZA,TZA_8387,Tarime,45.0,2020,2025,112778.0,5.029511,20469508.0
TZA,TZA_8676,Tunduru,12.0,2020,2025,59296.0,2.581984,14890506.0
TZA,TZA_8694,Ubaruku,8.0,2020,2025,34484.0,2.166334,11777093.0
TZA,TZA_8783,Urambo,14.0,2020,2025,27566.0,2.244167,10264656.0
TZA,TZA_8790,Usagara,12.0,2020,2025,24810.0,1.593562,5707869.0
TZA,TZA_8795,Ushirombo,17.0,2020,2025,70734.0,3.777083,22075340.0
TZA,TZA_8800,Utete,4.0,2020,2025,14257.0,0.578516,2885058.0
TZA,TZA_8807,Uyovu,12.0,2020,2025,43990.0,2.636788,12741313.0
TZA,TZA_8826,Vigoi,9.0,2020,2025,29762.0,1.102476,5111933.0
TZA,TZA_8902,Vwawa,19.0,2020,2025,41771.0,3.607278,24984122.0
TZA,TZA_8995,Wete,4.0,2020,2025,46525.0,0.944986,7442364.0
TZA,TZA_9125,Zanzibar,202.0,2020,2025,1086449.0,34.802804,226552800.0
UGA,UGA_1185,Amolatar,57.0,2020,2025,27890.0,2.815956,7041036.0
UGA,UGA_1197,Anaka,4.0,2020,2025,7715.0,0.470266,1392556.0
UGA,UGA_1249,Apac,18.0,2020,2025,13717.0,1.199387,3413289.0
UGA,UGA_1300,Arua,178.0,2020,2025,232604.0,20.96925,83608928.0
UGA,UGA_1503,Magamaga ,9.0,2020,2025,22534.0,0.820141,2631695.0
UGA,UGA_198,Adjumani,22.0,2020,2025,30759.0,3.209027,14716153.0
UGA,UGA_2187,Bugiri,64.0,2020,2025,103372.0,5.094761,17844246.0
UGA,UGA_2210,Buliisa,20.0,2020,2025,32166.0,1.510781,4431856.0
UGA,UGA_2213,Bulo ,20.0,2020,2025,13669.0,1.163524,3070705.0
UGA,UGA_2226,Bundibugyo,18.0,2020,2025,40664.0,1.838516,5956944.0
UGA,UGA_2262,Busembatia,12.0,2020,2025,20572.0,1.001442,3483039.0
UGA,UGA_2265,Bushenyi,6.0,2020,2025,6995.0,0.650999,2239632.0
UGA,UGA_2268,Kisumu/Mbale/Busia/Sirari [UGA] 2,403.0,2020,2025,397600.0,26.307708,76552568.0
UGA,UGA_2270,Busolwe,15.0,2020,2025,24561.0,0.980355,2658985.0
UGA,UGA_2272,Busowa Town Board,9.0,2020,2025,11860.0,0.72538,1980729.0
UGA,UGA_2277,Butaleja,11.0,2020,2025,16619.0,0.706833,1783167.0
UGA,UGA_2281,Butenga ,51.0,2020,2025,34185.0,3.211611,9416307.0
UGA,UGA_2293,Buwana ,31.0,2020,2025,25736.0,1.619399,4750817.0
UGA,UGA_2296,Buyanga,61.0,2020,2025,85453.0,4.456177,12826618.0
UGA,UGA_2305,Bweyale,36.0,2020,2025,36426.0,3.181539,10110932.0
UGA,UGA_2833,Dokolo 1,24.0,2020,2025,13744.0,1.349468,3500915.0
UGA,UGA_3264,Fort Portal,406.0,2020,2025,417245.0,27.866572,77039136.0
UGA,UGA_3362,Natteta ,13.0,2020,2025,16123.0,0.919818,2534143.0
UGA,UGA_3526,Bunagana,139.0,2020,2025,170877.0,10.887016,31109946.0
UGA,UGA_3566,Gombe,8.0,2020,2025,7047.0,0.584788,1903084.0
UGA,UGA_3660,Gulu,102.0,2020,2025,173613.0,12.36126,55443048.0
UGA,UGA_3808,Hima,4.0,2020,2025,7240.0,0.607565,3682436.0
UGA,UGA_3821,Hoima,71.0,2020,2025,96431.0,6.198182,24566032.0
UGA,UGA_3857,Ibanda,32.0,2020,2025,32665.0,2.898859,9594665.0
UGA,UGA_3917,Iganga,85.0,2020,2025,208537.0,8.98284,36400512.0
UGA,UGA_4108,Ishaka,49.0,2020,2025,43976.0,4.15099,13391625.0
UGA,UGA_4111,Ishongororo,10.0,2020,2025,7450.0,0.655356,1639226.0
UGA,UGA_4213,Jinja,133.0,2020,2025,339828.0,14.75459,66283928.0
UGA,UGA_4242,Kabale,210.0,2020,2025,198014.0,15.896978,53667540.0
UGA,UGA_4265,Kabonera ,124.0,2020,2025,93205.0,7.360224,19160744.0
UGA,UGA_4268,Kaboong,3.0,2020,2025,14724.0,0.412087,1857166.0
UGA,UGA_4274,Kabulasoke ,33.0,2020,2025,20182.0,2.068739,5203349.0
UGA,UGA_4276,Kabuyanda,10.0,2020,2025,11389.0,0.802081,2005448.0
UGA,UGA_4279,Sheema,42.0,2020,2025,35888.0,3.57733,10010482.0
UGA,UGA_4396,Kagadi,38.0,2020,2025,44124.0,2.475584,6597244.0
UGA,UGA_4426,Kakira,4.0,2020,2025,12292.0,0.565213,2869779.0
UGA,UGA_4433,Kakumiro,6.0,2020,2025,12502.0,0.446951,1239227.0
UGA,UGA_4453,Kaliro,13.0,2020,2025,25031.0,1.039171,3107734.0
UGA,UGA_4454,Kalisizo,52.0,2020,2025,43183.0,4.67954,13360036.0
UGA,UGA_4462,Kalongo,5.0,2020,2025,5589.0,0.562235,2015433.0
UGA,UGA_4485,Kammengo,71.0,2020,2025,53643.0,4.131407,10811125.0
UGA,UGA_4486,Kampala,1120.0,2020,2025,5870210.0,198.236352,1340137600.0
UGA,UGA_4491,Kamuli,49.0,2020,2025,68734.0,3.759212,11912398.0
UGA,UGA_4493,Kamwenge,6.0,2020,2025,7464.0,0.460373,1376846.0
UGA,UGA_4510,Kangulumira,29.0,2020,2025,42648.0,1.977338,5799925.0
UGA,UGA_4525,Kanungu,12.0,2020,2025,10748.0,1.015617,3005037.0
UGA,UGA_4601,Kasese,46.0,2020,2025,101261.0,6.061449,31874284.0
UGA,UGA_4637,Katende,16.0,2020,2025,15247.0,1.143062,2991355.0
UGA,UGA_4652,Katooke,5.0,2020,2025,5088.0,0.334846,837251.0
UGA,UGA_4658,Karujanga ,9.0,2020,2025,8174.0,0.716626,1864814.0
UGA,UGA_4664,Kaya/Oraba [UGA],5.0,2020,2025,3227.0,0.330546,826444.0
UGA,UGA_4675,Kayunga central,9.0,2020,2025,18511.0,0.95738,4035145.0
UGA,UGA_4786,Kiboga,46.0,2020,2025,46209.0,2.523717,7981420.0
UGA,UGA_4803,Nankoma,25.0,2020,2025,31897.0,1.810427,4616173.0
UGA,UGA_4806,Kigumba,17.0,2020,2025,18495.0,1.356433,4300333.0
UGA,UGA_4807,Kihihi,108.0,2020,2025,83002.0,8.053222,21108672.0
UGA,UGA_4915,Kitgum,25.0,2020,2025,32814.0,3.148098,14209904.0
UGA,UGA_4921,Kityerera,13.0,2020,2025,26799.0,1.124578,3022115.0
UGA,UGA_4926,Kiwoko,8.0,2020,2025,8299.0,0.604395,1582148.0
UGA,UGA_4939,Koboko,48.0,2020,2025,61617.0,5.538427,24248304.0
UGA,UGA_5007,Kotido-Central Division,4.0,2020,2025,18739.0,0.718632,2845935.0
UGA,UGA_5118,Kumi,34.0,2020,2025,30622.0,2.190297,6998259.0
UGA,UGA_5178,Kyampisi ,66.0,2020,2025,80615.0,5.062495,15552477.0
UGA,UGA_5179,Kyanzaga,5.0,2020,2025,5133.0,0.630462,2723863.0
UGA,UGA_5181,Kyenjojo,5.0,2020,2025,7282.0,0.437186,1144593.0
UGA,UGA_5185,Kyotera,32.0,2020,2025,31288.0,3.311062,11367884.0
UGA,UGA_5287,Lira,155.0,2020,2025,175177.0,14.442407,58754716.0
UGA,UGA_5360,Ntanzi ,28.0,2020,2025,30456.0,1.917187,5583173.0
UGA,UGA_5362,Lugazi,66.0,2020,2025,90250.0,4.68995,15959238.0
UGA,UGA_5370,Lukaya,31.0,2020,2025,26598.0,2.305632,7270000.0
UGA,UGA_5406,Luuka,9.0,2020,2025,13902.0,0.705765,1933128.0
UGA,UGA_5409,Luwero,33.0,2020,2025,51427.0,3.56647,17233460.0
UGA,UGA_5413,Lwengo,4.0,2020,2025,5024.0,0.46112,2058693.0
UGA,UGA_5414,Lyantonde,4.0,2020,2025,7842.0,0.642158,2807786.0
UGA,UGA_5590,Kisumu/Mbale/Busia/Sirari [UGA] 3,10.0,2020,2025,19227.0,1.063816,4162020.0
UGA,UGA_5745,Masaka,102.0,2020,2025,153123.0,10.314618,52431220.0
UGA,UGA_5766,Masindi,47.0,2020,2025,58067.0,3.650984,11964941.0
UGA,UGA_5777,Masulita,7.0,2020,2025,13129.0,0.465234,1289558.0
UGA,UGA_5794,Mateete,3.0,2020,2025,4248.0,0.362198,1714337.0
UGA,UGA_5845,Mbale,2074.0,2020,2025,3056051.0,123.817176,348579040.0
UGA,UGA_5855,Mbarara,89.0,2020,2025,158694.0,12.39739,72146320.0
UGA,UGA_6140,Mityana,43.0,2020,2025,63094.0,4.248862,20722320.0
UGA,UGA_6248,Moroto,8.0,2020,2025,46573.0,1.028155,4350789.0
UGA,UGA_6280,Moyo,21.0,2020,2025,22829.0,2.600847,10708713.0
UGA,UGA_6288,Mpigi,54.0,2020,2025,45568.0,3.597098,10555060.0
UGA,UGA_6293,Mpondwe/Lhubiriha [UGA],278.0,2020,2025,368056.0,18.844426,58957984.0
UGA,UGA_6324,Mubende,18.0,2020,2025,45656.0,2.139396,10654276.0
UGA,UGA_6504,Nagongera,14.0,2020,2025,14517.0,0.797817,1994931.0
UGA,UGA_6511,Najja ,27.0,2020,2025,31611.0,1.694535,4841867.0
UGA,UGA_6525,Namasale,4.0,2020,2025,2311.0,0.271223,678141.0
UGA,UGA_6539,Namutumba,16.0,2020,2025,26861.0,1.320094,4184587.0
UGA,UGA_6645,Nebbi*,17.0,2020,2025,34580.0,2.465659,11838748.0
UGA,UGA_6774,Njeru,59.0,2020,2025,117345.0,5.914554,23719228.0
UGA,UGA_6797,Nkombe,9.0,2020,2025,15222.0,0.735722,1839478.0
UGA,UGA_6800,Nkonkonjeru,16.0,2020,2025,20663.0,1.03618,2785104.0
UGA,UGA_6806,Kayabwe ,12.0,2020,2025,13389.0,0.881739,2459217.0
UGA,UGA_6882,Ntwetwe,4.0,2020,2025,6887.0,0.297186,872955.0
UGA,UGA_7243,Ocini ,4.0,2020,2025,2336.0,0.277012,692595.0
UGA,UGA_7257,Pader,6.0,2020,2025,5582.0,0.745131,2573118.0
UGA,UGA_7261,Paidha ,28.0,2020,2025,42984.0,3.080613,12501083.0
UGA,UGA_7266,Pakwach,12.0,2020,2025,28269.0,1.566652,4739813.0
UGA,UGA_7269,Pallisa,66.0,2020,2025,96319.0,5.340283,14942523.0
UGA,UGA_7294,Patongo,5.0,2020,2025,6400.0,0.646611,2322643.0
UGA,UGA_7557,Rubaare,11.0,2020,2025,11105.0,0.776599,2462114.0
UGA,UGA_7575,Rukungiri,157.0,2020,2025,112454.0,12.414887,36101728.0
UGA,UGA_7860,Semuto,21.0,2020,2025,16241.0,1.25205,3532054.0
UGA,UGA_8176,Soroti,164.0,2020,2025,126257.0,11.887626,39119936.0
UGA,UGA_8925,Waibuga ,19.0,2020,2025,43152.0,1.577345,4317031.0
UGA,UGA_9007,Wobulenzi,53.0,2020,2025,57880.0,3.989387,13812748.0
UGA,UGA_9096,Yumbe,75.0,2020,2025,146147.0,8.045793,23829276.0
UGA,UGA_9178,Zombo,19.0,2020,2025,22626.0,1.621636,4059997.0
ZAF,ZAF_1136,Amadiba,29.0,2020,2025,21802.0,2.402193,9450724.0
ZAF,ZAF_1150,Amashangana,23.0,2020,2025,28168.0,3.52017,15589837.0
ZAF,ZAF_1203,Andalusia Park,9.0,2020,2025,15647.0,1.874755,10387798.0
ZAF,ZAF_1227,Annieville,41.0,2020,2025,28996.0,2.268916,5919097.0
ZAF,ZAF_1328,Ashton,3.0,2020,2025,4189.0,0.589292,3308263.0
ZAF,ZAF_1364,Atlantis,10.0,2020,2025,41588.0,1.950625,10937071.0
ZAF,ZAF_1540,Ballito,21.0,2020,2025,61646.0,3.792423,34225656.0
ZAF,ZAF_1650,Bankuna 1,70.0,2020,2025,95801.0,12.169175,65378580.0
ZAF,ZAF_1651,Bankuna 2,26.0,2020,2025,47935.0,6.353318,40050592.0
ZAF,ZAF_1662,Bapo Ba Ga Mogale,25.0,2020,2025,44200.0,5.90252,32844462.0
ZAF,ZAF_1675,Barberton ,15.0,2020,2025,29079.0,3.126548,16973392.0
ZAF,ZAF_1676,Barcelona,7.0,2020,2025,9879.0,1.483266,8222238.0
ZAF,ZAF_1703,Basoto,39.0,2020,2025,33018.0,4.974565,26134660.0
ZAF,ZAF_1718,Batlharo,90.0,2020,2025,82802.0,13.415451,64370944.0
ZAF,ZAF_1744,Beaufort West,12.0,2020,2025,32460.0,2.721455,17019710.0
ZAF,ZAF_1768,Bekkersdal,5.0,2020,2025,17001.0,1.552643,9391106.0
ZAF,ZAF_1772,Belabela,25.0,2020,2025,23401.0,3.957844,20684556.0
ZAF,ZAF_1778,Bella Vista,3.0,2020,2025,4057.0,0.492715,3021555.0
ZAF,ZAF_1852,Bethal,10.0,2020,2025,19919.0,1.936608,10822211.0
ZAF,ZAF_1853,Bethanie,8.0,2020,2025,10468.0,1.904574,10326937.0
ZAF,ZAF_1855,Bethlehem,28.0,2020,2025,50199.0,6.362471,42709872.0
ZAF,ZAF_1860,Bhekuzulu,15.0,2020,2025,40956.0,3.548267,19696548.0
ZAF,ZAF_1861,Bhofolo,7.0,2020,2025,13168.0,1.472812,8702841.0
ZAF,ZAF_1946,Bisho,9.0,2020,2025,16153.0,1.514307,8208730.0
ZAF,ZAF_1970,Bloemfontein,230.0,2020,2025,432341.0,46.478792,326537888.0
ZAF,ZAF_1979,Bochum,13.0,2020,2025,16854.0,2.892801,13979626.0
ZAF,ZAF_1988,Boekenhouthoek,6.0,2020,2025,11725.0,1.240279,6103719.0
ZAF,ZAF_2001,Bohlabela,96.0,2020,2025,138657.0,17.457132,109622808.0
ZAF,ZAF_2002,Boikhutso,5.0,2020,2025,5929.0,1.029228,5187939.0
ZAF,ZAF_2003,Boitekong,4.0,2020,2025,6958.0,1.352103,7405301.0
ZAF,ZAF_2004,Bloemhof,10.0,2020,2025,16847.0,2.061583,10978216.0
ZAF,ZAF_2033,Bomvu,24.0,2020,2025,14701.0,2.563302,9253433.0
ZAF,ZAF_2051,Bontrug,3.0,2020,2025,3008.0,0.498696,2793560.0
ZAF,ZAF_2070,Boschfontein,9.0,2020,2025,14253.0,1.617847,7517312.0
ZAF,ZAF_2076,Botleng 1,8.0,2020,2025,15403.0,1.694593,9312970.0
ZAF,ZAF_2077,Botleng 2,7.0,2020,2025,13320.0,1.680027,9827148.0
ZAF,ZAF_2079,Botshabelo East,21.0,2020,2025,45902.0,4.840319,26898604.0
ZAF,ZAF_2080,Botshabelo North,22.0,2020,2025,46601.0,5.021492,28791142.0
ZAF,ZAF_2081,Botshabelo West,10.0,2020,2025,18031.0,1.667846,7979987.0
ZAF,ZAF_2159,Bredasdorp ,8.0,2020,2025,11321.0,1.566227,8832933.0
ZAF,ZAF_2216,Bultfontein,26.0,2020,2025,54361.0,5.398305,28587774.0
ZAF,ZAF_2228,Chavani,50.0,2020,2025,64816.0,7.895888,43035580.0
ZAF,ZAF_2264,Bushbuckridge,108.0,2020,2025,144065.0,21.54529,110145704.0
ZAF,ZAF_2288,Butterworth,36.0,2020,2025,21456.0,3.935166,17431000.0
ZAF,ZAF_2321,Cala,6.0,2020,2025,8516.0,1.265489,6801598.0
ZAF,ZAF_2323,Caledon,6.0,2020,2025,12210.0,0.98467,6482472.0
ZAF,ZAF_2333,Cape Town,1067.0,2020,2025,4398286.0,207.77704,1508955392.0
ZAF,ZAF_2338,Carletonville ,18.0,2020,2025,43395.0,3.666333,20811280.0
ZAF,ZAF_2342,Casteel,26.0,2020,2025,35385.0,4.739885,24230088.0
ZAF,ZAF_2349,Cele,30.0,2020,2025,29322.0,3.026936,20157024.0
ZAF,ZAF_2351,Ceres,7.0,2020,2025,12946.0,1.395717,10582790.0
ZAF,ZAF_2368,Chaneng,9.0,2020,2025,17555.0,2.338543,13483384.0
ZAF,ZAF_2494,Coligny,7.0,2020,2025,8524.0,1.338714,7231456.0
ZAF,ZAF_2516,Cumakala,7.0,2020,2025,6197.0,1.050764,5423387.0
ZAF,ZAF_2533,Daggakraal,7.0,2020,2025,8381.0,0.769119,2484433.0
ZAF,ZAF_2652,De Doorns East,4.0,2020,2025,9930.0,0.753894,4409602.0
ZAF,ZAF_2699,Despatch Central,10.0,2020,2025,28831.0,2.231607,14857245.0
ZAF,ZAF_2718,Diazville,8.0,2020,2025,17997.0,1.514093,7493125.0
ZAF,ZAF_2747,Dimbaza,6.0,2020,2025,13645.0,1.210306,7215956.0
ZAF,ZAF_2757,Dinokana,40.0,2020,2025,25754.0,4.221492,15506011.0
ZAF,ZAF_2785,Ditlhake,4.0,2020,2025,4500.0,0.93002,4267655.0
ZAF,ZAF_2814,Dlamini,16.0,2020,2025,18154.0,2.515584,12603540.0
ZAF,ZAF_2858,Doornpoort,185.0,2020,2025,203554.0,15.626145,86854688.0
ZAF,ZAF_2883,Driefontein,21.0,2020,2025,13161.0,1.640209,4228082.0
ZAF,ZAF_2884,Doornhoek,10.0,2020,2025,4745.0,0.586599,1466707.0
ZAF,ZAF_2885,Driekoppies,15.0,2020,2025,29458.0,3.250097,17651820.0
ZAF,ZAF_2894,Dube,9.0,2020,2025,16721.0,1.520566,8436253.0
ZAF,ZAF_2896,Duduza,67.0,2020,2025,275095.0,17.89185,108339944.0
ZAF,ZAF_2898,Dukathole,10.0,2020,2025,20478.0,2.148486,13849573.0
ZAF,ZAF_2900,Dukuza,42.0,2020,2025,13074.0,2.151234,5378911.0
ZAF,ZAF_2903,Dumisa,21.0,2020,2025,12767.0,1.686235,5494864.0
ZAF,ZAF_2909,Dundonald,15.0,2020,2025,20758.0,2.341802,10405363.0
ZAF,ZAF_2915,Durban,1096.0,2020,2025,3289298.0,210.259504,2197121280.0
ZAF,ZAF_2925,Dwarsloop,70.0,2020,2025,96805.0,12.778356,73130144.0
ZAF,ZAF_2927,Dysselsdorp,3.0,2020,2025,6640.0,0.476207,2277640.0
ZAF,ZAF_2930,Dzanani,36.0,2020,2025,51584.0,6.670963,34330656.0
ZAF,ZAF_2938,East London,77.0,2020,2025,223980.0,17.065232,132302432.0
ZAF,ZAF_2991,Ekangala 2,6.0,2020,2025,14267.0,1.313617,6908180.0
ZAF,ZAF_2992,Ekangala 1,7.0,2020,2025,18850.0,1.817098,9631179.0
ZAF,ZAF_3010,Ekuphumleni,4.0,2020,2025,7848.0,0.894399,5118860.0
ZAF,ZAF_3011,Ekuvukeni,5.0,2020,2025,9168.0,1.037201,5574027.0
ZAF,ZAF_3075,Elandsdoorn,12.0,2020,2025,14408.0,1.907564,9632947.0
ZAF,ZAF_3090,Emalangeni,20.0,2020,2025,14412.0,1.621115,6484823.0
ZAF,ZAF_3091,eMangweni,19.0,2020,2025,25477.0,3.590477,18929852.0
ZAF,ZAF_3092,Embalenhle A,21.0,2020,2025,52339.0,5.297865,28889196.0
ZAF,ZAF_3098,Empangeni,12.0,2020,2025,25394.0,2.933943,22354320.0
ZAF,ZAF_3099,Empumalanga,48.0,2020,2025,114197.0,8.254723,58911632.0
ZAF,ZAF_3103,eMzinoni,5.0,2020,2025,8379.0,1.020857,5104364.0
ZAF,ZAF_3114,Engonyameni,31.0,2020,2025,18175.0,2.765778,8822446.0
ZAF,ZAF_3117,Entabeni,28.0,2020,2025,26251.0,3.408835,13459981.0
ZAF,ZAF_3133,Ermelo Central,32.0,2020,2025,84356.0,7.074863,44887956.0
ZAF,ZAF_3143,eSibongile,14.0,2020,2025,39029.0,2.943878,17082088.0
ZAF,ZAF_3144,Esikhawini,61.0,2020,2025,82481.0,8.568163,44228352.0
ZAF,ZAF_3152,Estcourt ,13.0,2020,2025,25772.0,2.61022,16807058.0
ZAF,ZAF_3159,Ethandakukhanya,14.0,2020,2025,32681.0,2.718795,16038410.0
ZAF,ZAF_3162,Etwatwa,20.0,2020,2025,79717.0,5.681268,34531120.0
ZAF,ZAF_3164,Evander,5.0,2020,2025,13443.0,1.282394,7714030.0
ZAF,ZAF_3165,Evaton,342.0,2020,2025,663335.0,54.293492,305495200.0
ZAF,ZAF_3172,Ezakheni,32.0,2020,2025,33745.0,4.562643,22341430.0
ZAF,ZAF_3174,Ezakheni E,11.0,2020,2025,14989.0,1.794489,9831181.0
ZAF,ZAF_3178,Ezibeleni,10.0,2020,2025,19845.0,2.12751,12161952.0
ZAF,ZAF_3231,Fernie,14.0,2020,2025,16159.0,2.60565,13137389.0
ZAF,ZAF_3239,Figtree,9.0,2020,2025,11174.0,1.513687,6471001.0
ZAF,ZAF_3279,Freedom Park,8.0,2020,2025,15112.0,1.966744,11239633.0
ZAF,ZAF_3326,Ga-Kgoete,26.0,2020,2025,25279.0,3.901379,15432914.0
ZAF,ZAF_3337,Ga-Luka,12.0,2020,2025,20627.0,2.974237,18099222.0
ZAF,ZAF_3338,Gamalakhe 2,14.0,2020,2025,13517.0,2.116078,14760108.0
ZAF,ZAF_3339,Ga-Mampuru,23.0,2020,2025,25187.0,4.140311,21532786.0
ZAF,ZAF_3340,Ga-Marishane,35.0,2020,2025,29150.0,4.242626,19737996.0
ZAF,ZAF_3341,Ga-Masemola,16.0,2020,2025,19683.0,3.304432,20231886.0
ZAF,ZAF_3342,Ga-Masha,28.0,2020,2025,29735.0,5.632418,34889816.0
ZAF,ZAF_3355,Ga-Moloi,24.0,2020,2025,25831.0,4.44066,23714036.0
ZAF,ZAF_3366,Ganyesa,29.0,2020,2025,22186.0,4.113111,21042846.0
ZAF,ZAF_3373,Ga-Rakgoatha,18.0,2020,2025,12152.0,2.576717,11979273.0
ZAF,ZAF_3378,Ga-Ramongoane,3.0,2020,2025,4934.0,0.816546,4178577.0
ZAF,ZAF_3383,Ga-Raphahlelo,17.0,2020,2025,15903.0,2.471634,11636614.0
ZAF,ZAF_3400,Mosate,14.0,2020,2025,22523.0,3.016093,17399474.0
ZAF,ZAF_3449,Gcumisa,74.0,2020,2025,25701.0,4.027577,10323143.0
ZAF,ZAF_3467,George,63.0,2020,2025,171832.0,12.15236,79772016.0
ZAF,ZAF_3532,Giyani,36.0,2020,2025,49250.0,6.349134,30661852.0
ZAF,ZAF_3577,Gopane,23.0,2020,2025,9903.0,2.387046,7983591.0
ZAF,ZAF_3600,Graaff Reinet,7.0,2020,2025,14580.0,1.71211,11331027.0
ZAF,ZAF_3612,Greytown,8.0,2020,2025,16202.0,1.5086,8265447.0
ZAF,ZAF_3616,Groendal,6.0,2020,2025,10329.0,0.931538,5303073.0
ZAF,ZAF_3642,Gugulethu,6.0,2020,2025,21350.0,1.261662,7157072.0
ZAF,ZAF_3723,Ha-Madodonga,36.0,2020,2025,37491.0,5.289276,20270852.0
ZAF,ZAF_3738,Hankey,2.0,2020,2025,3129.0,0.398737,2285132.0
ZAF,ZAF_3758,Hartebeesfontein,9.0,2020,2025,16804.0,2.175173,11827216.0
ZAF,ZAF_3779,Hawston,3.0,2020,2025,4879.0,0.420454,1948340.0
ZAF,ZAF_3791,Heidelberg ,15.0,2020,2025,35830.0,3.679383,24341912.0
ZAF,ZAF_3799,Hermanus,29.0,2020,2025,60896.0,5.542359,33328334.0
ZAF,ZAF_3814,Hlabisa,47.0,2020,2025,40452.0,3.833581,17764416.0
ZAF,ZAF_3815,Hlahlindlela,25.0,2020,2025,37942.0,4.843932,23324044.0
ZAF,ZAF_3816,Hlohlokwe,12.0,2020,2025,9120.0,1.793273,7926433.0
ZAF,ZAF_3817,Hlohlolwane,6.0,2020,2025,11726.0,1.344121,7207582.0
ZAF,ZAF_3828,Hopewell,4.0,2020,2025,6121.0,0.784468,4601256.0
ZAF,ZAF_3833,Hout Bay,18.0,2020,2025,53607.0,2.121897,12511106.0
ZAF,ZAF_3834,Howick,18.0,2020,2025,23971.0,3.049433,16640536.0
ZAF,ZAF_4,42nd Hill,8.0,2020,2025,11183.0,1.330752,6926122.0
ZAF,ZAF_4004,Ikutseng,8.0,2020,2025,13297.0,1.528272,6967694.0
ZAF,ZAF_4025,Illinge,6.0,2020,2025,6695.0,1.116716,6243308.0
ZAF,ZAF_4048,Imizizi,21.0,2020,2025,15591.0,1.830744,6450502.0
ZAF,ZAF_4052,Impumelelo,3.0,2020,2025,5892.0,0.561748,2831128.0
ZAF,ZAF_4060,Inchanga,16.0,2020,2025,30474.0,2.319615,15693157.0
ZAF,ZAF_4073,Ipelegeng,9.0,2020,2025,18850.0,2.149144,12205921.0
ZAF,ZAF_4118,Isithebe,44.0,2020,2025,64878.0,5.888699,39760656.0
ZAF,ZAF_4140,Itsoseng,41.0,2020,2025,41591.0,7.193727,36933560.0
ZAF,ZAF_4192,Jeffreys Bay,17.0,2020,2025,27148.0,3.27041,19977282.0
ZAF,ZAF_4202,Jericho,13.0,2020,2025,13221.0,2.273321,10291862.0
ZAF,ZAF_4220,Johannesburg,3033.0,2020,2025,9639250.0,666.466176,5221135360.0
ZAF,ZAF_4227,Jouberton,32.0,2020,2025,77970.0,8.53493,53341948.0
ZAF,ZAF_4400,Kagiso,37.0,2020,2025,101429.0,9.025094,65598256.0
ZAF,ZAF_4468,Ka-Majosi,21.0,2020,2025,23652.0,2.997629,11716760.0
ZAF,ZAF_4478,Kameelrivier,6.0,2020,2025,14393.0,1.739215,10773061.0
ZAF,ZAF_4497,Kanana 1,17.0,2020,2025,35609.0,4.685429,27314012.0
ZAF,ZAF_4498,Kanana 2,9.0,2020,2025,14500.0,1.654528,7516716.0
ZAF,ZAF_4645,Kathu,12.0,2020,2025,10176.0,2.821422,16958888.0
ZAF,ZAF_4738,Kgakala,2.0,2020,2025,3308.0,0.502608,2703526.0
ZAF,ZAF_4742,Khaya Mnandi,3.0,2020,2025,5916.0,0.500778,2144339.0
ZAF,ZAF_4757,Khotsong,11.0,2020,2025,21665.0,2.44219,13155593.0
ZAF,ZAF_4760,Khuma,6.0,2020,2025,15231.0,1.596019,8893683.0
ZAF,ZAF_4761,Khunwana,5.0,2020,2025,2425.0,0.441146,1312258.0
ZAF,ZAF_4762,Khutsong,7.0,2020,2025,17523.0,1.74237,8316981.0
ZAF,ZAF_4836,Kimberley,62.0,2020,2025,190793.0,15.384122,103165368.0
ZAF,ZAF_4852,King Williams Town,23.0,2020,2025,61738.0,4.804087,34490212.0
ZAF,ZAF_4930,Kleinmond,6.0,2020,2025,9525.0,1.2264,7579235.0
ZAF,ZAF_4931,Klerksdorp,35.0,2020,2025,90962.0,8.214799,55338292.0
ZAF,ZAF_4933,Kloof Gold Mine,5.0,2020,2025,9908.0,0.719931,3298479.0
ZAF,ZAF_4936,Knysna,22.0,2020,2025,42216.0,3.214433,18990724.0
ZAF,ZAF_4953,Kokosi,4.0,2020,2025,8626.0,1.093772,5806168.0
ZAF,ZAF_4954,Kokstad,13.0,2020,2025,36270.0,2.869754,19489216.0
ZAF,ZAF_4966,Koloti,17.0,2020,2025,21322.0,3.36982,15922988.0
ZAF,ZAF_5053,Kriel,8.0,2020,2025,18505.0,1.868069,10378416.0
ZAF,ZAF_5055,Kroonstad,34.0,2020,2025,60053.0,8.166752,52807848.0
ZAF,ZAF_5057,Kruisfontein,11.0,2020,2025,15912.0,1.837949,8954260.0
ZAF,ZAF_5111,KuMasadala,20.0,2020,2025,15886.0,1.380832,3864963.0
ZAF,ZAF_5141,Kutlwanong,15.0,2020,2025,28060.0,3.08045,17305252.0
ZAF,ZAF_5145,Kuyasa,4.0,2020,2025,6927.0,0.928596,6011314.0
ZAF,ZAF_5149,Kwaggafontein,19.0,2020,2025,45330.0,4.590148,26881712.0
ZAF,ZAF_5151,KwaGuqa/Hlalanikahle/Vosman,21.0,2020,2025,56329.0,5.867129,32885000.0
ZAF,ZAF_5162,Kwanobuhle South,9.0,2020,2025,24274.0,1.843363,11027314.0
ZAF,ZAF_5163,Kwanobuhle,10.0,2020,2025,29528.0,2.148134,11971135.0
ZAF,ZAF_5169,KwaZamokuhle,4.0,2020,2025,7588.0,0.908769,4532572.0
ZAF,ZAF_5170,KwaZanele,4.0,2020,2025,9433.0,0.799443,4051117.0
ZAF,ZAF_5192,Ladysmith Central,22.0,2020,2025,56241.0,5.138907,38849064.0
ZAF,ZAF_5214,Langeloop,15.0,2020,2025,21528.0,2.57236,12942546.0
ZAF,ZAF_5238,Lebaleng,5.0,2020,2025,8308.0,1.087824,5343785.0
ZAF,ZAF_5239,Lebogang,8.0,2020,2025,16559.0,1.78,9540153.0
ZAF,ZAF_5240,Lebowakgomo,32.0,2020,2025,24179.0,4.089865,18396466.0
ZAF,ZAF_5241,Ledig,17.0,2020,2025,20427.0,3.38066,19333336.0
ZAF,ZAF_5244,Leeufontein,15.0,2020,2025,17542.0,3.071367,15623123.0
ZAF,ZAF_5245,Lefiso,32.0,2020,2025,13084.0,2.135177,6295925.0
ZAF,ZAF_5250,Lekwa,29.0,2020,2025,50906.0,6.63955,38817304.0
ZAF,ZAF_5252,Lemnertsville,6.0,2020,2025,8249.0,1.078933,6438440.0
ZAF,ZAF_5254,Lenasia,26.0,2020,2025,99543.0,6.797478,45459000.0
ZAF,ZAF_5255,Lennoxton,31.0,2020,2025,104962.0,7.371031,49640220.0
ZAF,ZAF_5267,Letsopa,4.0,2020,2025,7475.0,0.917117,5101205.0
ZAF,ZAF_5281,Lindelani Village,5.0,2020,2025,21280.0,1.401169,8257961.0
ZAF,ZAF_5283,Lingelihle,12.0,2020,2025,23462.0,2.692513,16438910.0
ZAF,ZAF_5320,Lorraine,12.0,2020,2025,10421.0,2.000525,9335896.0
ZAF,ZAF_5326,Louis Trichardt,14.0,2020,2025,25351.0,2.785986,13465943.0
ZAF,ZAF_5351,Luckau,25.0,2020,2025,20926.0,3.51089,16753978.0
ZAF,ZAF_5354,Ludlow,8.0,2020,2025,6972.0,1.493621,6645186.0
ZAF,ZAF_5408,Luvisi,17.0,2020,2025,26399.0,2.597078,10314991.0
ZAF,ZAF_5417,Mabaso,18.0,2020,2025,15240.0,1.818813,5903025.0
ZAF,ZAF_5418,Mabedlane,25.0,2020,2025,45150.0,2.983729,23575690.0
ZAF,ZAF_5420,Mabeskraal,30.0,2020,2025,14931.0,3.711794,14594407.0
ZAF,ZAF_5445,Madibogo,32.0,2020,2025,15093.0,2.760974,9188789.0
ZAF,ZAF_5456,Madiseng,103.0,2020,2025,115998.0,18.401012,97579360.0
ZAF,ZAF_5459,Madombidzha,39.0,2020,2025,42001.0,6.302704,28678796.0
ZAF,ZAF_5462,Mafakathini,12.0,2020,2025,13241.0,1.274111,5621450.0
ZAF,ZAF_5468,Mafikeng,193.0,2020,2025,254184.0,37.459568,207907632.0
ZAF,ZAF_5487,Magoboya,18.0,2020,2025,21388.0,3.173805,16589456.0
ZAF,ZAF_5489,Magoro,11.0,2020,2025,10441.0,1.809222,8430732.0
ZAF,ZAF_5498,Magwaveni,3.0,2020,2025,9390.0,0.642095,5042101.0
ZAF,ZAF_5550,Majwemasweu,5.0,2020,2025,7851.0,1.194705,6244333.0
ZAF,ZAF_5561,Makapanstad,18.0,2020,2025,22952.0,2.662658,11679876.0
ZAF,ZAF_5568,Makgwareng,11.0,2020,2025,9095.0,1.337047,4783331.0
ZAF,ZAF_5569,Makhado 2,29.0,2020,2025,41017.0,4.986589,32324760.0
ZAF,ZAF_5570,Makhado 1,32.0,2020,2025,30430.0,4.094865,17730470.0
ZAF,ZAF_5575,Makonde,22.0,2020,2025,21902.0,2.999816,13094074.0
ZAF,ZAF_5577,Makotopong,10.0,2020,2025,8100.0,1.36223,5816134.0
ZAF,ZAF_5598,Dinga,54.0,2020,2025,65746.0,8.592816,36767164.0
ZAF,ZAF_5616,Wesbank,5.0,2020,2025,13158.0,1.064505,6762471.0
ZAF,ZAF_5619,Malubelube,38.0,2020,2025,32312.0,4.320014,18825204.0
ZAF,ZAF_5623,Maluti a Phofung,16.0,2020,2025,17678.0,1.88395,7901746.0
ZAF,ZAF_5641,Mandela Village,8.0,2020,2025,15213.0,1.786628,9086375.0
ZAF,ZAF_5689,Manthata,39.0,2020,2025,15066.0,2.641667,8086812.0
ZAF,ZAF_5694,Manyatseng,5.0,2020,2025,6711.0,1.152988,6391797.0
ZAF,ZAF_5714,Marapyane,31.0,2020,2025,20100.0,2.485215,7626226.0
ZAF,ZAF_5720,Margate,24.0,2020,2025,33500.0,3.729309,25657036.0
ZAF,ZAF_5727,Marijane,14.0,2020,2025,29783.0,2.773054,19255648.0
ZAF,ZAF_5759,Mashishing,8.0,2020,2025,8836.0,1.503472,7926415.0
ZAF,ZAF_5762,Masibekela,12.0,2020,2025,17836.0,1.95187,7987444.0
ZAF,ZAF_5763,Masilo,7.0,2020,2025,10789.0,1.62801,8813535.0
ZAF,ZAF_5784,Mataleng,7.0,2020,2025,12941.0,1.31623,7403010.0
ZAF,ZAF_5800,Matiwane,9.0,2020,2025,6973.0,0.6142,1535704.0
ZAF,ZAF_5803,Matsamo,30.0,2020,2025,50797.0,5.233299,28259092.0
ZAF,ZAF_5804,Matsulu,25.0,2020,2025,46283.0,5.914789,42053380.0
ZAF,ZAF_5811,Matwabeng,4.0,2020,2025,8186.0,1.048558,5743414.0
ZAF,ZAF_5871,Mbiza,19.0,2020,2025,12078.0,1.657629,5413837.0
ZAF,ZAF_5872,Mbizana,54.0,2020,2025,36163.0,4.306747,17144716.0
ZAF,ZAF_5875,Mbombela,140.0,2020,2025,275343.0,33.359602,251942496.0
ZAF,ZAF_5876,Mbonambi,25.0,2020,2025,21594.0,3.401891,17962100.0
ZAF,ZAF_5886,Mbuzini,3.0,2020,2025,4352.0,0.400652,1264689.0
ZAF,ZAF_5889,Mdantsane,32.0,2020,2025,86729.0,6.543682,50866816.0
ZAF,ZAF_5890,Mdantsane West,26.0,2020,2025,41563.0,3.371761,19398004.0
ZAF,ZAF_5916,Meiringspark,9.0,2020,2025,24757.0,2.119149,13059593.0
ZAF,ZAF_5931,Meloding,8.0,2020,2025,20345.0,2.22969,12578468.0
ZAF,ZAF_5953,Meqheleng,15.0,2020,2025,32709.0,3.557982,23835684.0
ZAF,ZAF_5957,Meriting,25.0,2020,2025,41067.0,6.151303,36036016.0
ZAF,ZAF_5980,Magudu,17.0,2020,2025,17726.0,2.469128,10652330.0
ZAF,ZAF_5991,Middelburg ,43.0,2020,2025,89705.0,10.518589,71225384.0
ZAF,ZAF_5992,Middelburg East,11.0,2020,2025,26342.0,3.592122,23042254.0
ZAF,ZAF_6146,Mkhoba,15.0,2020,2025,10178.0,1.18179,4446239.0
ZAF,ZAF_6147,Mkobola 2,10.0,2020,2025,21535.0,1.997262,9280358.0
ZAF,ZAF_6152,Mkukwini,14.0,2020,2025,8075.0,1.264654,3798469.0
ZAF,ZAF_6165,Mmamahabane,4.0,2020,2025,8654.0,0.931561,5009618.0
ZAF,ZAF_6168,Mnamfu,37.0,2020,2025,32873.0,4.315992,30242302.0
ZAF,ZAF_6178,Modjadji,95.0,2020,2025,114739.0,15.015721,94943104.0
ZAF,ZAF_6179,Moemaneng,4.0,2020,2025,6366.0,0.792132,4140331.0
ZAF,ZAF_6181,Mogalakwena,14.0,2020,2025,14466.0,2.283596,9785315.0
ZAF,ZAF_6182,Mogapeng,12.0,2020,2025,9941.0,1.695408,6752408.0
ZAF,ZAF_6184,Mogogelo,8.0,2020,2025,9856.0,1.561862,8087297.0
ZAF,ZAF_6192,Randfontein,77.0,2020,2025,158495.0,11.82622,66795872.0
ZAF,ZAF_6193,Mohlaletsi,49.0,2020,2025,40930.0,7.798564,41266652.0
ZAF,ZAF_6194,Mohodi ga Manthata,18.0,2020,2025,14008.0,3.862819,18599750.0
ZAF,ZAF_6203,Mokomene,15.0,2020,2025,14273.0,3.009221,16195003.0
ZAF,ZAF_6205,Mokwallo,5.0,2020,2025,9163.0,1.268578,7094178.0
ZAF,ZAF_6208,Moletji,40.0,2020,2025,60675.0,8.084238,43944296.0
ZAF,ZAF_6210,Moloto,19.0,2020,2025,37436.0,3.69151,19149572.0
ZAF,ZAF_6214,Monakato,3.0,2020,2025,4575.0,0.792702,4331701.0
ZAF,ZAF_6225,Monsterlus,18.0,2020,2025,20685.0,3.123753,16879680.0
ZAF,ZAF_6226,Montana,4.0,2020,2025,6267.0,0.617237,3132157.0
ZAF,ZAF_6227,Monyakeng,6.0,2020,2025,10498.0,1.445998,7974435.0
ZAF,ZAF_6229,Mookgophong,10.0,2020,2025,15822.0,2.117428,11234080.0
ZAF,ZAF_6238,Moretele,36.0,2020,2025,92484.0,9.206149,56425280.0
ZAF,ZAF_6244,Morokweng,36.0,2020,2025,24155.0,4.779613,24790340.0
ZAF,ZAF_6251,Moruleng,74.0,2020,2025,67409.0,12.544191,60430264.0
ZAF,ZAF_6256,Mossel Bay,31.0,2020,2025,58989.0,5.683275,39308264.0
ZAF,ZAF_6260,Moteti,27.0,2020,2025,28885.0,4.306063,21632464.0
ZAF,ZAF_6261,Motherwell,30.0,2020,2025,82389.0,6.18623,41426100.0
ZAF,ZAF_6262,Motle,23.0,2020,2025,32681.0,3.704292,17599610.0
ZAF,ZAF_6264,Motswedi,22.0,2020,2025,11793.0,2.35935,8063219.0
ZAF,ZAF_6269,Mount Fletcher,9.0,2020,2025,7712.0,1.360927,7256605.0
ZAF,ZAF_6284,Mphahlele,29.0,2020,2025,32597.0,5.236641,26986140.0
ZAF,ZAF_6285,Mphakane,37.0,2020,2025,37957.0,7.849333,39802832.0
ZAF,ZAF_6286,Mphaphuli,54.0,2020,2025,50850.0,7.122113,26932592.0
ZAF,ZAF_6287,Mpheleng,8.0,2020,2025,7627.0,1.536131,7126620.0
ZAF,ZAF_6296,Mpophomeni,18.0,2020,2025,14462.0,2.417784,11770280.0
ZAF,ZAF_6300,Mpuluzi,7.0,2020,2025,11995.0,1.426991,7751615.0
ZAF,ZAF_6301,Mpunga,16.0,2020,2025,12684.0,1.454841,4991755.0
ZAF,ZAF_6305,Msasandla,22.0,2020,2025,19730.0,1.78732,8376108.0
ZAF,ZAF_6313,Duku,37.0,2020,2025,17654.0,2.750385,10548553.0
ZAF,ZAF_6442,Mvelani,17.0,2020,2025,22587.0,2.233712,10735618.0
ZAF,ZAF_6472,Mzamonhle,11.0,2020,2025,28193.0,2.348934,14442013.0
ZAF,ZAF_6521,Frankfort,12.0,2020,2025,17112.0,2.491488,14729153.0
ZAF,ZAF_6542,Nancefield,9.0,2020,2025,25179.0,2.452153,15421345.0
ZAF,ZAF_6606,Ncotshane,23.0,2020,2025,28462.0,3.349051,17904364.0
ZAF,ZAF_6608,Ndabayakhe,5.0,2020,2025,6882.0,0.657841,2865188.0
ZAF,ZAF_6620,Ndevana,13.0,2020,2025,19681.0,2.027921,10978294.0
ZAF,ZAF_6638,Nduli,1.0,2020,2025,1721.0,0.197468,980335.0
ZAF,ZAF_6644,Ndwedwe,44.0,2020,2025,16915.0,3.262914,8281811.0
ZAF,ZAF_6656,Nelspruit,63.0,2020,2025,105002.0,13.332719,93016952.0
ZAF,ZAF_6657,Nelspruit Central,33.0,2020,2025,69383.0,7.397337,58518536.0
ZAF,ZAF_6672,Kwanokuthula,16.0,2020,2025,28819.0,2.587602,17638040.0
ZAF,ZAF_6677,Newcastle,145.0,2020,2025,316374.0,24.03635,137335280.0
ZAF,ZAF_6678,Newlands,15.0,2020,2025,16068.0,1.317029,5329375.0
ZAF,ZAF_6680,Newtown,1.0,2020,2025,1835.0,0.32137,1774979.0
ZAF,ZAF_6729,Ngwelezane,25.0,2020,2025,40676.0,4.105938,29883560.0
ZAF,ZAF_6730,Ngwenya,39.0,2020,2025,15721.0,1.765909,4415554.0
ZAF,ZAF_6734,Nhlangano,25.0,2020,2025,9819.0,1.398388,4000417.0
ZAF,ZAF_6735,Nhlazatshe,34.0,2020,2025,46059.0,5.844071,36064940.0
ZAF,ZAF_6736,Nhlophenkulu,27.0,2020,2025,31683.0,3.057915,11173190.0
ZAF,ZAF_6757,Nigel,8.0,2020,2025,34186.0,2.161785,13414790.0
ZAF,ZAF_6784,Nkampini,23.0,2020,2025,15729.0,1.603889,6535008.0
ZAF,ZAF_6796,Nkobongo,3.0,2020,2025,11646.0,0.851756,6874318.0
ZAF,ZAF_6815,Nkwenkwezi,14.0,2020,2025,27171.0,2.501964,15956082.0
ZAF,ZAF_6845,Nomathamsanqa,2.0,2020,2025,2875.0,0.433748,2052860.0
ZAF,ZAF_6846,Noordhoek,5.0,2020,2025,9277.0,1.080765,5007375.0
ZAF,ZAF_6863,Nseleni,22.0,2020,2025,26952.0,2.458983,12857361.0
ZAF,ZAF_6879,Ntsweletsoku,20.0,2020,2025,14053.0,3.002959,13623159.0
ZAF,ZAF_6881,Ntwane,11.0,2020,2025,11460.0,1.924299,9956840.0
ZAF,ZAF_6892,Nuwedorp,4.0,2020,2025,7693.0,0.611359,2584485.0
ZAF,ZAF_6930,Nzimakwe,29.0,2020,2025,22252.0,2.371356,8562018.0
ZAF,ZAF_7068,Olifantshoek,4.0,2020,2025,2819.0,0.78223,4052231.0
ZAF,ZAF_7101,Ellisras,14.0,2020,2025,18144.0,2.999441,16246924.0
ZAF,ZAF_7111,Orange Grove,14.0,2020,2025,30853.0,2.938937,19068228.0
ZAF,ZAF_7115,Orkney Central,9.0,2020,2025,23955.0,2.208658,12294013.0
ZAF,ZAF_7141,Othulini/Lwezulu,16.0,2020,2025,13007.0,1.474814,5155895.0
ZAF,ZAF_7166,Oudtshoorn,24.0,2020,2025,71880.0,5.360944,34476008.0
ZAF,ZAF_7192,Brits,21.0,2020,2025,35878.0,4.884968,33136400.0
ZAF,ZAF_7254,Paarl,53.0,2020,2025,142920.0,11.040223,80246328.0
ZAF,ZAF_7276,Pampierstad,16.0,2020,2025,24065.0,3.23798,18733948.0
ZAF,ZAF_7301,Pella,17.0,2020,2025,11505.0,2.98232,14388104.0
ZAF,ZAF_7309,Petsana,6.0,2020,2025,7929.0,1.237192,6759252.0
ZAF,ZAF_7310,Phahameng,8.0,2020,2025,12090.0,1.763801,9899011.0
ZAF,ZAF_7311,Phalaborwa 1,73.0,2020,2025,103120.0,14.570674,80081096.0
ZAF,ZAF_7312,Phalaborwa 2,10.0,2020,2025,20765.0,2.173106,13650413.0
ZAF,ZAF_7313,Phalane,14.0,2020,2025,11250.0,2.33029,11020187.0
ZAF,ZAF_7315,Phathakahle,3.0,2020,2025,5962.0,0.804755,4269269.0
ZAF,ZAF_7316,Phiritona,10.0,2020,2025,18829.0,2.439844,14248419.0
ZAF,ZAF_7318,Phokwane,24.0,2020,2025,26960.0,4.200752,21320400.0
ZAF,ZAF_7320,Phomolong 1,23.0,2020,2025,31877.0,4.680771,24981220.0
ZAF,ZAF_7321,Phomolong 2,4.0,2020,2025,5619.0,1.023626,5242379.0
ZAF,ZAF_7322,Phukukane,16.0,2020,2025,14113.0,2.188406,10809133.0
ZAF,ZAF_7323,Phuthaditjhaba,134.0,2020,2025,265938.0,27.838924,202349200.0
ZAF,ZAF_7326,Piet Retief,10.0,2020,2025,29915.0,1.949003,10227397.0
ZAF,ZAF_7327,Pietermaritzburg,315.0,2020,2025,691802.0,52.7781,366194816.0
ZAF,ZAF_7328,Pietersburg,120.0,2020,2025,148910.0,21.642924,113221992.0
ZAF,ZAF_7329,Pietersburg West,59.0,2020,2025,116037.0,13.493014,88155616.0
ZAF,ZAF_7331,Piketberg,4.0,2020,2025,7265.0,0.854495,5210618.0
ZAF,ZAF_7332,Pineview,14.0,2020,2025,22560.0,2.039428,13036551.0
ZAF,ZAF_7354,Poortjie,2.0,2020,2025,5532.0,0.49437,2782043.0
ZAF,ZAF_7356,Port Elizabeth,238.0,2020,2025,657118.0,48.907604,359192192.0
ZAF,ZAF_7360,Port Shepstone,37.0,2020,2025,51908.0,5.205739,36564032.0
ZAF,ZAF_7361,Port St Johns,34.0,2020,2025,18115.0,1.978693,5132788.0
ZAF,ZAF_7368,Postmasburg ,15.0,2020,2025,13824.0,2.87217,16554128.0
ZAF,ZAF_7369,Potchefstroom,59.0,2020,2025,96652.0,13.301031,86841712.0
ZAF,ZAF_7370,Potgietersrus Central,85.0,2020,2025,128594.0,16.636629,92957264.0
ZAF,ZAF_7380,Pretoria West,47.0,2020,2025,40085.0,4.068907,16819804.0
ZAF,ZAF_7381,The Orchards,63.0,2020,2025,176622.0,14.418444,108565792.0
ZAF,ZAF_7382,Promosa,5.0,2020,2025,5427.0,0.977503,5686454.0
ZAF,ZAF_7391,Qalabotjha,4.0,2020,2025,6738.0,0.966709,4815958.0
ZAF,ZAF_7420,Qaukeni,72.0,2020,2025,67905.0,6.308277,23771508.0
ZAF,ZAF_7443,Queenstown,18.0,2020,2025,43747.0,4.537849,27071872.0
ZAF,ZAF_7466,Rammulutsi,9.0,2020,2025,13411.0,2.089051,11748647.0
ZAF,ZAF_7480,Ratanda,5.0,2020,2025,9046.0,1.305618,6757813.0
ZAF,ZAF_7481,Ratanda Ext 7,2.0,2020,2025,3462.0,0.437197,2098849.0
ZAF,ZAF_7485,Reagile,8.0,2020,2025,8927.0,1.666587,9056015.0
ZAF,ZAF_7491,Refengkgotso,10.0,2020,2025,13150.0,1.631971,6638303.0
ZAF,ZAF_7492,Refilwe,4.0,2020,2025,11965.0,1.146577,6832071.0
ZAF,ZAF_7503,Rhini,25.0,2020,2025,55264.0,4.612329,30362672.0
ZAF,ZAF_7507,Richards Bay Central,23.0,2020,2025,41766.0,5.612136,40893192.0
ZAF,ZAF_7510,Azaadville,4.0,2020,2025,11540.0,1.057559,6571477.0
ZAF,ZAF_7521,Riversdale,6.0,2020,2025,7762.0,1.06637,6311627.0
ZAF,ZAF_7531,Robertson,10.0,2020,2025,17812.0,2.039902,13263598.0
ZAF,ZAF_7541,Roodepan,9.0,2020,2025,13881.0,1.588658,7504081.0
ZAF,ZAF_7543,Rooikoppies,7.0,2020,2025,10082.0,1.20701,5210407.0
ZAF,ZAF_7546,Rosendal,29.0,2020,2025,27127.0,3.074886,11771237.0
ZAF,ZAF_7547,Rosenhof,6.0,2020,2025,12187.0,1.101611,6361641.0
ZAF,ZAF_7589,Rustenburg,85.0,2020,2025,165160.0,20.941496,140124112.0
ZAF,ZAF_7590,Rust-ter-Vaal,6.0,2020,2025,13179.0,1.08354,6028719.0
ZAF,ZAF_7625,Sada,8.0,2020,2025,11968.0,1.632371,8743874.0
ZAF,ZAF_7801,Saulsville,36.0,2020,2025,110092.0,9.376224,70370080.0
ZAF,ZAF_7813,Schoemansdal,39.0,2020,2025,66941.0,6.693125,38858548.0
ZAF,ZAF_7814,Schoonoord,43.0,2020,2025,39129.0,6.073124,31530400.0
ZAF,ZAF_7818,Seabe,23.0,2020,2025,15525.0,2.062157,6428080.0
ZAF,ZAF_7819,Sebayeng,13.0,2020,2025,14565.0,2.080768,9828232.0
ZAF,ZAF_7824,Secunda,18.0,2020,2025,51315.0,4.643616,28792704.0
ZAF,ZAF_7844,Sekhutlong,33.0,2020,2025,39666.0,5.598362,31986994.0
ZAF,ZAF_7849,Sekwati,20.0,2020,2025,14899.0,2.791945,14075013.0
ZAF,ZAF_7850,Selcourt,17.0,2020,2025,62477.0,4.122246,28006810.0
ZAF,ZAF_7879,Seshego,22.0,2020,2025,54094.0,6.424555,40739680.0
ZAF,ZAF_7882,Setlagole,25.0,2020,2025,18169.0,2.348795,7552162.0
ZAF,ZAF_7889,Shabalala,21.0,2020,2025,28028.0,3.760347,23018500.0
ZAF,ZAF_797,Allemansdrift C,8.0,2020,2025,11161.0,1.670349,9228420.0
ZAF,ZAF_8029,Siboshwa,59.0,2020,2025,114219.0,12.472532,73043152.0
ZAF,ZAF_8101,Silwerkrans,13.0,2020,2025,12547.0,2.874911,14676561.0
ZAF,ZAF_8133,Siyabuswa,43.0,2020,2025,65955.0,8.245385,46827324.0
ZAF,ZAF_8135,Siyathemba,7.0,2020,2025,6433.0,1.274064,6065521.0
ZAF,ZAF_8138,Slovo Park,4.0,2020,2025,11753.0,0.762235,3764707.0
ZAF,ZAF_8140,Smersha Block,4.0,2020,2025,1969.0,0.798945,4149194.0
ZAF,ZAF_8163,Somerset East,6.0,2020,2025,8919.0,1.191561,7397005.0
ZAF,ZAF_8177,Soshanguve,591.0,2020,2025,1172772.0,120.151872,686211968.0
ZAF,ZAF_8202,Nondabuya,43.0,2020,2025,24623.0,3.215271,11797509.0
ZAF,ZAF_8204,Stanger South,22.0,2020,2025,44429.0,3.445639,20067384.0
ZAF,ZAF_8205,Stanger,27.0,2020,2025,75077.0,5.622326,48878568.0
ZAF,ZAF_8207,Steenbok,14.0,2020,2025,14754.0,1.872873,7949149.0
ZAF,ZAF_8208,Stellenbosch,25.0,2020,2025,57424.0,4.915951,37145112.0
ZAF,ZAF_8209,Stilfontein,11.0,2020,2025,22583.0,2.439829,14263063.0
ZAF,ZAF_8212,Strandfontein,4.0,2020,2025,20893.0,0.855668,4847773.0
ZAF,ZAF_8249,Swellendam,9.0,2020,2025,12548.0,1.39617,6890754.0
ZAF,ZAF_8269,Tafelkop,31.0,2020,2025,39457.0,5.526852,31714132.0
ZAF,ZAF_8398,Taung,22.0,2020,2025,27661.0,4.564432,26502692.0
ZAF,ZAF_8441,Tembe,199.0,2020,2025,53099.0,10.243949,33600548.0
ZAF,ZAF_8464,Thabazimbi,11.0,2020,2025,10092.0,2.144449,12261765.0
ZAF,ZAF_8466,Thambalihle,2.0,2020,2025,4270.0,0.455862,2111343.0
ZAF,ZAF_8467,Thembalihle,6.0,2020,2025,9032.0,1.439844,9329081.0
ZAF,ZAF_8468,Thembisile,132.0,2020,2025,236736.0,23.483852,122381696.0
ZAF,ZAF_8469,Thengwe,19.0,2020,2025,21270.0,2.976819,14854595.0
ZAF,ZAF_8478,Thohoyandou,152.0,2020,2025,220593.0,25.553472,158723456.0
ZAF,ZAF_8479,Thokoza,15.0,2020,2025,19754.0,2.062198,8900549.0
ZAF,ZAF_8495,Tidimalo,5.0,2020,2025,6046.0,0.882744,4502691.0
ZAF,ZAF_8500,Tigane,4.0,2020,2025,7999.0,0.888217,5290344.0
ZAF,ZAF_8539,Tjakastad,10.0,2020,2025,11588.0,1.634701,8627732.0
ZAF,ZAF_8540,Tlakgameng,31.0,2020,2025,13538.0,2.470182,8357748.0
ZAF,ZAF_8566,Tongaat,10.0,2020,2025,30254.0,2.057313,17802486.0
ZAF,ZAF_8624,Tshamahansi,11.0,2020,2025,16210.0,2.159308,11348386.0
ZAF,ZAF_8640,Tshivhase 1,61.0,2020,2025,68380.0,9.6079,55847856.0
ZAF,ZAF_8641,Tshivhase 2,50.0,2020,2025,62234.0,7.726405,40105820.0
ZAF,ZAF_8642,Tshivhase 3,43.0,2020,2025,60503.0,7.462124,36742848.0
ZAF,ZAF_8643,Tshivhase 4,13.0,2020,2025,11566.0,1.790039,5920679.0
ZAF,ZAF_8646,Tsikelo,48.0,2020,2025,37910.0,4.462177,18496136.0
ZAF,ZAF_8651,Tswelelang,3.0,2020,2025,7245.0,0.867652,4626003.0
ZAF,ZAF_8671,Tumahole,10.0,2020,2025,12867.0,2.320561,13258963.0
ZAF,ZAF_8716,Uitenhage,34.0,2020,2025,93899.0,7.251792,51763200.0
ZAF,ZAF_8717,Uitvlugt,11.0,2020,2025,7152.0,1.561096,6080131.0
ZAF,ZAF_8728,Ulundi,8.0,2020,2025,9397.0,1.224717,5719258.0
ZAF,ZAF_8737,Umbumbulu,34.0,2020,2025,51526.0,3.071877,18698680.0
ZAF,ZAF_8738,uMlalazi,27.0,2020,2025,21441.0,2.443494,11403591.0
ZAF,ZAF_8760,Umtata,248.0,2020,2025,221633.0,29.436392,151914656.0
ZAF,ZAF_8776,Umzinto,6.0,2020,2025,7658.0,0.857706,6246093.0
ZAF,ZAF_8781,Upington,34.0,2020,2025,64076.0,6.655901,42461572.0
ZAF,ZAF_8801,Utlwanang,6.0,2020,2025,8536.0,1.382557,6694144.0
ZAF,ZAF_8811,Vaal Reefs,2.0,2020,2025,4415.0,0.437173,2119065.0
ZAF,ZAF_8812,Vaalbank,8.0,2020,2025,10583.0,1.783283,9712109.0
ZAF,ZAF_8814,Vanderbijlpark,279.0,2020,2025,572032.0,48.222056,315758464.0
ZAF,ZAF_8821,Ventersdorp,10.0,2020,2025,13175.0,2.007281,10962603.0
ZAF,ZAF_8823,Mkobola 1,11.0,2020,2025,21342.0,2.172552,11593246.0
ZAF,ZAF_8893,Vredenburg,12.0,2020,2025,29351.0,2.400273,15412642.0
ZAF,ZAF_8894,Vredendal,4.0,2020,2025,6312.0,0.727937,4067569.0
ZAF,ZAF_8895,Vredendal North,3.0,2020,2025,4369.0,0.62877,3688078.0
ZAF,ZAF_8896,Vryburg ,17.0,2020,2025,28234.0,4.367155,27647776.0
ZAF,ZAF_8898,Vukuzakhe,4.0,2020,2025,9135.0,0.845018,4974095.0
ZAF,ZAF_8899,Vumindaba,18.0,2020,2025,18593.0,2.472363,13078816.0
ZAF,ZAF_8900,Vuxuzithathe,49.0,2020,2025,28663.0,3.677729,11733994.0
ZAF,ZAF_8964,Watersmeet,21.0,2020,2025,22690.0,2.424487,8427654.0
ZAF,ZAF_8973,Wedela,3.0,2020,2025,7701.0,0.628628,3272624.0
ZAF,ZAF_8980,Welkom,70.0,2020,2025,170141.0,16.782924,113099120.0
ZAF,ZAF_8983,Wembezi,9.0,2020,2025,14740.0,1.714972,8747894.0
ZAF,ZAF_8999,White River Central,23.0,2020,2025,29949.0,3.707074,22896528.0
ZAF,ZAF_9006,Witbank,58.0,2020,2025,157584.0,14.667106,87501216.0
ZAF,ZAF_9012,Wonderkop,7.0,2020,2025,9305.0,1.741897,10301931.0
ZAF,ZAF_9015,Worcester ,25.0,2020,2025,75044.0,5.604496,39759304.0
ZAF,ZAF_9032,Xihoko A,11.0,2020,2025,10380.0,1.919761,8193458.0
ZAF,ZAF_9147,Zebediela,33.0,2020,2025,39474.0,6.342825,36675008.0
ZAF,ZAF_9171,Zithobeni,5.0,2020,2025,14964.0,1.355832,7446963.0
ZAF,ZAF_9180,Zonkizizwe,4.0,2020,2025,17937.0,1.161634,6437350.0
ZAF,ZAF_9200,Zwaneville,3.0,2020,2025,9407.0,0.871294,5363976.0
ZAF,ZAF_9203,Zweletemba,4.0,2020,2025,9923.0,0.825724,4834653.0
ZAF,ZAF_941,Alra Park,3.0,2020,2025,12235.0,0.762993,4321038.0
ZMB,ZMB_2364,Twaiteka,6.0,2020,2025,14323.0,1.432388,8506724.0
ZMB,ZMB_2377,Chavuma,12.0,2020,2025,20048.0,1.649539,5771579.0
ZMB,ZMB_2396,Chembe,5.0,2020,2025,8701.0,0.897565,3509032.0
ZMB,ZMB_2415,Chibombo,9.0,2020,2025,8766.0,0.967965,3450883.0
ZMB,ZMB_2416,Chibuluma,37.0,2020,2025,88783.0,6.557794,35770632.0
ZMB,ZMB_2426,Chililabombwe,19.0,2020,2025,84694.0,4.008551,22430660.0
ZMB,ZMB_2431,Chingola,61.0,2020,2025,225994.0,14.476734,93518688.0
ZMB,ZMB_2433,Chinsali,16.0,2020,2025,31112.0,2.784062,14538274.0
ZMB,ZMB_2435,Chipata,50.0,2020,2025,153131.0,8.996937,52389012.0
ZMB,ZMB_2444,Chirundu,11.0,2020,2025,26049.0,1.893142,11825598.0
ZMB,ZMB_2456,Choma,26.0,2020,2025,61590.0,5.664104,31568136.0
ZMB,ZMB_2458,Chongwe,90.0,2020,2025,67480.0,6.562564,26466220.0
ZMB,ZMB_3861,Ibenga,8.0,2020,2025,10207.0,1.237718,5470951.0
ZMB,ZMB_4124,Isoka,15.0,2020,2025,22302.0,2.179481,9562227.0
ZMB,ZMB_4136,Itezhi-Tezhi,8.0,2020,2025,12504.0,1.26875,6280477.0
ZMB,ZMB_4264,Kabompo,11.0,2020,2025,15865.0,1.619868,7338320.0
ZMB,ZMB_4277,Kabwe,82.0,2020,2025,233502.0,17.355524,98577416.0
ZMB,ZMB_4392,Kafue 1,22.0,2020,2025,55746.0,4.933665,28284300.0
ZMB,ZMB_4437,Kalabo,9.0,2020,2025,19587.0,1.19818,5372412.0
ZMB,ZMB_4460,Kalomo,8.0,2020,2025,17097.0,1.646611,8559365.0
ZMB,ZMB_4524,Kantete,8.0,2020,2025,25610.0,1.683873,7439525.0
ZMB,ZMB_4532,Kaoma,17.0,2020,2025,29683.0,2.975429,15035597.0
ZMB,ZMB_4540,Kapiri Mposhi,39.0,2020,2025,55854.0,6.578771,34465448.0
ZMB,ZMB_4544,Kapoya/Kasembe,11.0,2020,2025,25634.0,2.008644,8737343.0
ZMB,ZMB_4549,Kaputa,9.0,2020,2025,27243.0,1.704682,8357102.0
ZMB,ZMB_4589,Kasama,51.0,2020,2025,116869.0,10.473175,58064128.0
ZMB,ZMB_4597,Kasempa,10.0,2020,2025,20991.0,1.735216,8444967.0
ZMB,ZMB_4633,Katanshya/Mwansa,13.0,2020,2025,18343.0,1.752273,4911839.0
ZMB,ZMB_4641,Katete,22.0,2020,2025,56531.0,3.804654,18089380.0
ZMB,ZMB_4663,Kawambwa,14.0,2020,2025,29252.0,2.986155,15693121.0
ZMB,ZMB_4920,Kitwe,98.0,2020,2025,559481.0,28.422004,200958784.0
ZMB,ZMB_5279,Limulunga,9.0,2020,2025,13826.0,1.207291,5364263.0
ZMB,ZMB_5291,Livingstone,50.0,2020,2025,149465.0,9.887358,55759416.0
ZMB,ZMB_5315,Loloma,15.0,2020,2025,18920.0,1.708148,5918024.0
ZMB,ZMB_5333,Luanshya,41.0,2020,2025,111148.0,8.880052,55947300.0
ZMB,ZMB_5346,Lubwe,8.0,2020,2025,11777.0,0.808769,2867203.0
ZMB,ZMB_5376,Lukulu,10.0,2020,2025,17446.0,1.798449,7412309.0
ZMB,ZMB_5379,Lukwese,12.0,2020,2025,20096.0,2.155733,8455207.0
ZMB,ZMB_5386,Lundazi,18.0,2020,2025,30621.0,2.771092,13733066.0
ZMB,ZMB_5398,Lusaka,744.0,2020,2025,2746428.0,135.884832,770433856.0
ZMB,ZMB_5410,Luwingu,12.0,2020,2025,16141.0,1.934301,8810328.0
ZMB,ZMB_5415,Maamba,7.0,2020,2025,19251.0,0.924531,3308329.0
ZMB,ZMB_5678,Mansa,54.0,2020,2025,136093.0,11.366369,64057960.0
ZMB,ZMB_5832,Mazabuka,16.0,2020,2025,53186.0,3.879483,22274210.0
ZMB,ZMB_5844,Mbala,15.0,2020,2025,25616.0,2.428419,13429484.0
ZMB,ZMB_6154,Mkushi,16.0,2020,2025,32257.0,3.433686,18551416.0
ZMB,ZMB_6221,Mongu,51.0,2020,2025,122848.0,8.998096,50699936.0
ZMB,ZMB_6228,Monze,20.0,2020,2025,39457.0,3.409904,17273082.0
ZMB,ZMB_6289,Mpika,27.0,2020,2025,48542.0,4.723845,23422448.0
ZMB,ZMB_6291,Mpokoroso,15.0,2020,2025,22959.0,1.968193,7791305.0
ZMB,ZMB_6295,Mpongwe,11.0,2020,2025,11329.0,0.97012,2791345.0
ZMB,ZMB_6299,Mpulungu,13.0,2020,2025,53021.0,2.580526,17672240.0
ZMB,ZMB_6329,Mufulira,37.0,2020,2025,134750.0,9.588964,65546196.0
ZMB,ZMB_6330,Mufumbwe,13.0,2020,2025,15346.0,1.976018,8064957.0
ZMB,ZMB_6365,Mumbwa,27.0,2020,2025,42923.0,3.752654,18609058.0
ZMB,ZMB_6393,Mununga,11.0,2020,2025,28673.0,1.945251,8136961.0
ZMB,ZMB_6457,Mwasabobmbwe,16.0,2020,2025,33012.0,2.341698,9776768.0
ZMB,ZMB_6459,Mwatishi/Kabuta,14.0,2020,2025,34128.0,2.301304,8630927.0
ZMB,ZMB_6466,Mwense 1,6.0,2020,2025,16181.0,1.107778,4841377.0
ZMB,ZMB_6470,Mwinilunga,15.0,2020,2025,34376.0,2.618974,14541649.0
ZMB,ZMB_6536,Nampundwe,6.0,2020,2025,8202.0,0.601942,2472235.0
ZMB,ZMB_6540,Namwala,10.0,2020,2025,11075.0,1.219788,4651312.0
ZMB,ZMB_6604,Nchelenge,24.0,2020,2025,76282.0,4.476092,21294672.0
ZMB,ZMB_6629,Ndola,121.0,2020,2025,488439.0,31.188996,214697616.0
ZMB,ZMB_6920,Nyimba,13.0,2020,2025,25784.0,1.551441,5058963.0
ZMB,ZMB_7305,Petauke,27.0,2020,2025,50285.0,4.250315,20784116.0
ZMB,ZMB_7525,Roan,6.0,2020,2025,19487.0,1.395687,8285957.0
ZMB,ZMB_7716,Samfya,22.0,2020,2025,53532.0,4.470845,22319380.0
ZMB,ZMB_7862,Senanga,11.0,2020,2025,31486.0,2.176784,9813654.0
ZMB,ZMB_7873,Serenje,14.0,2020,2025,19196.0,1.849655,8164722.0
ZMB,ZMB_7880,Sesheke,10.0,2020,2025,24660.0,1.670934,8138013.0
ZMB,ZMB_8025,Siavonga,6.0,2020,2025,10700.0,0.865687,5485865.0
ZMB,ZMB_8159,Solwezi,95.0,2020,2025,271659.0,18.308976,106227784.0
ZMB,ZMB_8675,Nakonde/Tunduma [ZMB],22.0,2020,2025,60346.0,4.748576,36595040.0
ZMB,ZMB_9121,Zambezi,15.0,2020,2025,21067.0,2.00012,8193049.0
ZWE,ZWE_1648,Banket,5.0,2020,2025,12004.0,0.562266,1535943.0
ZWE,ZWE_1762,Beitbridge,14.0,2020,2025,58818.0,2.800742,15344344.0
ZWE,ZWE_1909,Bindura,20.0,2020,2025,63192.0,2.909704,13931314.0
ZWE,ZWE_2204,Bulawayo,208.0,2020,2025,646375.0,38.763312,243121232.0
ZWE,ZWE_2205,Emganwini,8.0,2020,2025,29081.0,1.388447,6154028.0
ZWE,ZWE_2389,Chegutu,17.0,2020,2025,67504.0,2.788023,12301080.0
ZWE,ZWE_2432,Chinhoyi,30.0,2020,2025,101180.0,4.441718,23139920.0
ZWE,ZWE_2437,Chipinge,17.0,2020,2025,37259.0,2.158052,11246970.0
ZWE,ZWE_2440,Chiredzi,14.0,2020,2025,42319.0,2.015391,9094250.0
ZWE,ZWE_2446,Chisumbanje,16.0,2020,2025,9098.0,0.814566,2036783.0
ZWE,ZWE_2450,Chivhu,10.0,2020,2025,18118.0,1.385494,4712479.0
ZWE,ZWE_2600,Dangamvura,33.0,2020,2025,68605.0,2.605176,11135707.0
ZWE,ZWE_2904,Gumira,24.0,2020,2025,15623.0,1.34766,3428554.0
ZWE,ZWE_3539,Glendale,7.0,2020,2025,21395.0,0.86503,3361350.0
ZWE,ZWE_3558,Gokwe,32.0,2020,2025,39206.0,2.741174,12278185.0
ZWE,ZWE_3581,Chinyika ,40.0,2020,2025,28105.0,2.088298,5881604.0
ZWE,ZWE_3684,Gwanda,9.0,2020,2025,27559.0,1.497032,6521400.0
ZWE,ZWE_3691,Gweru (Old Camp/Ascot/Mambo/Daylesford),28.0,2020,2025,55377.0,4.945629,25521350.0
ZWE,ZWE_3692,Lal Bagh,4.0,2020,2025,4118.0,0.460931,1357060.0
ZWE,ZWE_3693,Gweru ,11.0,2020,2025,80881.0,2.56216,13627769.0
ZWE,ZWE_3694,Senga,4.0,2020,2025,15418.0,0.753653,2843702.0
ZWE,ZWE_3743,Harare,849.0,2020,2025,2898158.0,151.076704,861778112.0
ZWE,ZWE_3849,Hwange south,7.0,2020,2025,11351.0,0.971905,3848936.0
ZWE,ZWE_4289,Kadoma,22.0,2020,2025,80890.0,3.766235,18929198.0
ZWE,ZWE_4572,Kariba (east),3.0,2020,2025,21950.0,0.596219,2880177.0
ZWE,ZWE_4579,Karoi,11.0,2020,2025,42880.0,1.844638,7915029.0
ZWE,ZWE_5172,Kwekwe,33.0,2020,2025,115142.0,5.845452,28001906.0
ZWE,ZWE_5732,Marondera,27.0,2020,2025,74615.0,4.714019,24113096.0
ZWE,ZWE_5778,Masvingo South,18.0,2020,2025,94247.0,3.503819,18653604.0
ZWE,ZWE_5836,Mount Pleasant Heights,5.0,2020,2025,7175.0,0.771091,2550022.0
ZWE,ZWE_5885,Mbuyanehanda,14.0,2020,2025,25473.0,1.606853,6348816.0
ZWE,ZWE_6270,Mount Hampden,14.0,2020,2025,14367.0,1.445888,4245803.0
ZWE,ZWE_6395,Murambinda,8.0,2020,2025,10683.0,0.76798,2546383.0
ZWE,ZWE_6400,Murape,80.0,2020,2025,90530.0,7.134804,28122876.0
ZWE,ZWE_6402,Murehwa Centre,26.0,2020,2025,17794.0,1.599056,5729205.0
ZWE,ZWE_6425,Mutare,44.0,2020,2025,165122.0,8.083947,46634336.0
ZWE,ZWE_6427,Mutoko Centre,25.0,2020,2025,25117.0,2.151529,7912788.0
ZWE,ZWE_6445,Mvurwi,6.0,2020,2025,18958.0,0.743519,3344610.0
ZWE,ZWE_6848,Norton west,22.0,2020,2025,77345.0,2.883253,12740388.0
ZWE,ZWE_6893,Nyahode,31.0,2020,2025,15453.0,0.823109,2058407.0
ZWE,ZWE_7488,Redcliff ,2.0,2020,2025,26105.0,0.487107,2143290.0
ZWE,ZWE_7588,Rusape,15.0,2020,2025,40681.0,2.503937,11616418.0
ZWE,ZWE_7920,Shamva,6.0,2020,2025,17921.0,0.640371,2062798.0
ZWE,ZWE_8825,Victoria Falls,10.0,2020,2025,35611.0,1.849945,9581149.0
ZWE,ZWE_9199,Platinum Mine,12.0,2020,2025,51035.0,2.096824,10389737.0
