unique_id,ISO3,Agglomeration_Name,worldpop_built_km2_2015,worldpop_built_km2_2020,worldpop_built_km2_2025,africapolis_pop_2015,africapolis_pop_2020,africapolis_pop_2025,worldpop_built_cagr_2015_2020,worldpop_built_cagr_2020_2025,africapolis_pop_cagr_2015_2020,africapolis_pop_cagr_2020_2025
AGO_1095,AGO,Alto Dondo,0.740877,0.815808,0.81785,27309.0,31500.0,37001.0,0.01945572578578414,0.000500107520904125,0.02896582611524412,0.032715229338849294
AGO_1096,AGO,Alto Hama,0.702074,0.732871,0.735656,18450.0,22000.0,25842.0,0.008623144092267498,0.0007588719678117695,0.0358223129951174,0.032715483070252516
AGO_1208,AGO,Cambulo,1.588449,2.100225,2.106398,85489.0,99000.0,116290.0,0.05744675699873203,0.0005871518792415209,0.029781277230144232,0.03271725918309354
AGO_1209,AGO,Andulo,3.19905,3.55041,3.561799,14520.0,88000.0,103369.0,0.021060547735215707,0.0006407380903155069,0.43384831783765687,0.03271748119633955
AGO_1497,AGO,Baia Farta,1.101886,1.590357,1.602492,62241.0,49000.0,57558.0,0.07614698163751243,0.0015214358648039106,-0.04671248834943431,0.03271841908692519
AGO_1501,AGO,Bailundo,3.27817,3.799027,3.820452,72243.0,86000.0,101020.0,0.02993112213217719,0.0011253845529644035,0.03547718828989099,0.0327180852779263
AGO_1541,AGO,Balombo,1.366309,1.411101,1.414751,37270.0,42000.0,49335.0,0.006472316957736757,0.0005167921171740364,0.02418398257145027,0.03271662485848159
AGO_1809,AGO,Benguela,13.47657,19.680924,19.813892,569002.0,649000.0,775227.0,0.07868148053638158,0.0013476004191304014,0.026658910446660355,0.03618389674703626
AGO_1867,AGO,Bibala,0.572625,0.647386,0.650602,11061.0,18000.0,21143.0,0.024845974807050863,0.0009915656410914853,0.10228937829727847,0.03271104273469283
AGO_1980,AGO,Bocoio,1.199119,1.294723,1.299242,36431.0,41000.0,48160.0,0.015460222013468528,0.0006970918218771605,0.023911811402443695,0.032715093190188504
AGO_2173,AGO,Bucau Zau,0.421105,0.497832,0.509932,13547.0,15600.0,18324.0,0.03404272194071334,0.004814495173395494,0.028623148258226427,0.03271179418146364
AGO_2311,AGO,Caala,3.749053,4.898399,4.919738,123000.0,147000.0,172674.0,0.054936977793654584,0.0008697500174701389,0.03629271387620148,0.03271841908692519
AGO_2312,AGO,Cabinda,19.280198,21.401536,21.456524,569186.0,656000.0,780087.0,0.021096272668523097,0.0005133423473482335,0.02879756101621478,0.035256200288886985
AGO_2314,AGO,Cacolo,0.395368,0.830066,0.834285,13835.0,16000.0,18794.0,0.1599044694314944,0.0010144852225026924,0.02950429746571759,0.032713484928701186
AGO_2315,AGO,Caconda,1.69451,2.057749,2.063853,16253.0,19000.0,22318.0,0.039608095289310086,0.0005925669484554419,0.031725140034114085,0.03271464174937888
AGO_2316,AGO,Cacuso,1.311901,1.402803,1.403182,34000.0,41000.0,48160.0,0.013489198773376287,5.402883346516951e-05,0.03815210271659408,0.032715093190188504
AGO_2317,AGO,Cuango,2.449039,2.589233,2.593565,150536.0,125000.0,146832.0,0.011195402709921032,0.0003343927556769266,-0.03649509872112555,0.03271893582240426
AGO_2318,AGO,Cahama,0.568147,0.608148,0.611761,13086.0,15400.0,18089.0,0.013700622069610757,0.0011853840060840337,0.03310095016435155,0.032710915866840606
AGO_2319,AGO,Caimbambo,1.000301,1.054774,1.057995,14908.0,26000.0,30541.0,0.010661547794846626,0.0006100022870532129,0.11766279112500277,0.032718557103981194
AGO_2324,AGO,Calenga,0.687451,0.706038,0.707406,14445.0,17000.0,19969.0,0.005349961432028483,0.00038721456666324094,0.03310930946549395,0.032717363659938936
AGO_2325,AGO,Calulo,1.334293,1.447994,1.451238,45896.0,53000.0,62256.0,0.016490001007287036,0.0004476671637292373,0.02920101667005226,0.032716387883981346
AGO_2326,AGO,Ambaca,0.726883,1.291954,1.295779,22311.0,25000.0,29366.0,0.1219060959540832,0.0005914263609081427,0.02302016549935071,0.03271612247228295
AGO_2327,AGO,Camacupa,2.484208,2.797134,2.804703,11316.0,85000.0,99845.0,0.024012040669037393,0.0005406119720416935,0.49673597519921264,0.032717363659938936
AGO_2328,AGO,Camanongue,0.535412,0.798608,0.79998,13253.0,15500.0,18207.0,0.08325103124064426,0.0003433619843953295,0.031818950808095714,0.03271703000792958
AGO_2331,AGO,Cangandala,0.318235,0.515293,0.521547,16638.0,19000.0,22318.0,0.10118746751696817,0.00241565783073705,0.026905538537277174,0.03271464174937888
AGO_2343,AGO,Katchiungo,1.219815,1.425654,1.440121,27648.0,33000.0,38763.0,0.03167767678766342,0.0020213365581100984,0.03602454305992664,0.032715483070252516
AGO_2344,AGO,Gama (south),0.815626,1.778628,1.793558,51581.0,20000.0,23493.0,0.16874243468069405,0.0016732134402539511,-0.17261422938644144,0.032717880819701284
AGO_2345,AGO,Caxito,1.498572,1.570061,1.578711,54983.0,55000.0,64606.0,0.009363933332890761,0.0010994477862691365,6.182964888035158e-05,0.03271868006456913
AGO_2346,AGO,Cazombo,1.859847,3.214105,3.222809,35635.0,41000.0,48160.0,0.1156207115782657,0.0005410269357859487,0.028445823172785545,0.032715093190188504
AGO_2348,AGO,Cela,3.182042,4.193683,4.210349,100437.0,116000.0,136260.0,0.05676382535142377,0.0007935540306129862,0.029230983238453634,0.03271879030504632
AGO_2413,AGO,Chibia,1.004957,1.131417,1.141684,12527.0,14700.0,17267.0,0.023988416952987368,0.0018083402721080777,0.032509488647849416,0.03271363445003295
AGO_2436,AGO,Chipindo,0.616787,0.952618,0.953627,12350.0,14500.0,17032.0,0.0908290982182669,0.0002117475806364677,0.03261923112228593,0.03271272700889494
AGO_2457,AGO,Chongoroi,0.381319,1.042903,1.050791,12696.0,14000.0,16445.0,0.2229004203104561,0.0015081447390699054,0.019746502327436133,0.03271662485848159
AGO_2501,AGO,Conda,0.62846,0.666471,0.670064,21792.0,25000.0,29366.0,0.01181409062865546,0.0010758988476975428,0.027847262829509667,0.03271612247228295
AGO_2512,AGO,Cuango Luzamba,0.560373,0.837629,0.839502,14350.0,41000.0,48160.0,0.08371454086421837,0.00044681523152645397,0.2336341725167208,0.032715093190188504
AGO_2513,AGO,Cubal,2.73654,2.889727,2.900446,92626.0,104000.0,122164.0,0.01095308767487646,0.0007407710907587628,0.023434577671402224,0.032718557103981194
AGO_2514,AGO,Cuchi,0.061368,0.505124,0.50676,16553.0,19300.0,22670.0,0.5243728558435143,0.0006469241742725895,0.031183888330921006,0.032711093350347165
AGO_2515,AGO,Kuimba,0.538938,1.253971,1.259024,42925.0,50600.0,59437.0,0.18399464268588495,0.000804623872694421,0.033446604322715734,0.0327168730726457
AGO_2568,AGO,Damba,0.718811,0.823881,0.828521,15538.0,15100.0,17737.0,0.027661187727710645,0.0011238473543895289,-0.005702457454515475,0.03271537720883644
AGO_2839,AGO,Dombe Grande,0.747867,0.785902,0.792734,74575.0,31000.0,36414.0,0.009970769766110221,0.001732624779841041,-0.1610159850363425,0.03271703000792958
AGO_2846,AGO,Dondo,1.163343,1.204735,1.210709,38950.0,36000.0,42287.0,0.007016877480658934,0.0009897920561841023,-0.0156285533943894,0.032715927099608244
AGO_2908,AGO,Dundo,5.012167,7.470817,7.493462,182044.0,211000.0,250912.0,0.08309989346030111,0.0006054918457649716,0.029962036170386952,0.0352560933658328
AGO_2954,AGO,Ecunha,0.589774,0.662749,0.662845,14347.0,14000.0,16445.0,0.023605690641475885,2.896856523260105e-05,-0.004884736978624016,0.03271662485848159
AGO_3306,AGO,Gabela,2.199012,2.522068,2.544206,109675.0,127000.0,149181.0,0.027793433086849006,0.0017494118656431468,0.02976758163532911,0.03271850385331487
AGO_3359,AGO,Ganda,3.003262,3.203132,3.219138,76705.0,72000.0,84575.0,0.012969392368931132,0.000997405220533043,-0.012580352616847201,0.03271836924741445
AGO_3562,AGO,Golungo Alto,0.391531,0.417098,0.419855,20492.0,23000.0,27017.0,0.012731668529648799,0.0013185099500498954,0.0233606127339554,0.03271826306755554
AGO_3835,AGO,Huambo,23.149612,26.005302,26.075062,599937.0,716000.0,851437.0,0.023537213003572033,0.00053593122616169,0.03600410216841787,0.03525634115458498
AGO_4465,AGO,Caluquembe,1.614597,2.295694,2.31966,32452.0,38000.0,44636.0,0.0729264990430829,0.002079244417021897,0.03206826903665427,0.03271464174937888
AGO_5212,AGO,Cacongo,0.588317,0.723666,0.731237,19112.0,22000.0,25842.0,0.04228227956751707,0.002083700018907342,0.02854502723054142,0.032715483070252516
AGO_5296,AGO,Lobito,15.212244,17.99574,18.156064,510399.0,581000.0,682475.0,0.03417797765158315,0.0017754835826113702,0.02625022067423166,0.03271889466345823
AGO_5303,AGO,Longonjo,0.697925,0.744606,0.745605,17425.0,20800.0,26218.0,0.013032912085864545,0.00026818594214161884,0.036043784538348556,0.0473871582743528
AGO_5331,AGO,Luanda,259.57536,295.635904,297.428384,6979211.0,8310000.0,10148378.0,0.026357693991074793,0.0012096964579235703,0.03552106776501729,0.04078044143148252
AGO_5334,AGO,Luau,2.823894,3.729877,3.753746,56818.0,66000.0,77527.0,0.05722938105028019,0.0012766176781027205,0.030413639135201676,0.03271814723493205
AGO_5336,AGO,Lubango,25.203052,32.11044,32.365754,615770.0,721000.0,857383.0,0.04963577445608247,0.0015851906071315813,0.032056201113050964,0.03525639208380382
AGO_5347,AGO,Lucala,0.246167,0.320861,0.320936,19908.0,15000.0,17619.0,0.05442918963613019,4.6744845026980286e-05,-0.055041522851177915,0.03270908896285296
AGO_5348,AGO,Lucapa,1.701283,3.594377,3.603729,113737.0,132000.0,155054.0,0.1613668164502411,0.0005198276194791074,0.030230569836518395,0.03271814723493205
AGO_5357,AGO,Luena,9.874712,15.737352,15.79176,280517.0,310000.0,389014.0,0.0976943887204671,0.0006904962768967682,0.02018868313900657,0.046455361592317335
AGO_5365,AGO,Londuimbale,0.758793,0.801413,0.806741,16085.0,19000.0,22318.0,0.010989426322721485,0.0013261295962119224,0.03387136558957704,0.03271464174937888
AGO_5384,AGO,Lumbala-N'guimbo,0.520872,1.238177,1.243112,20123.0,23500.0,27604.0,0.1890780002048309,0.0007958718332343739,0.03151376319415289,0.03271582317791255
AGO_5385,AGO,Cameia,0.522439,0.860233,0.874163,14491.0,17000.0,19969.0,0.10488251763444811,0.0032178811670395824,0.03245257789472933,0.032717363659938936
AGO_5599,AGO,Malanje,15.012227,16.248492,16.262282,469005.0,545000.0,648091.0,0.01595293108913176,0.00016968123547145275,0.030490057485345723,0.03525633713879128
AGO_5705,AGO,Maquela do Zombo,1.142172,2.7173,2.72456,44726.0,52000.0,61082.0,0.18927205978001882,0.0005337837997450023,0.030596484839012117,0.032718557103981194
AGO_5782,AGO,Matala,6.0496,6.635315,6.663825,71750.0,84000.0,98671.0,0.018654661716218435,0.0008578681284756584,0.03202799005791701,0.03271871812378668
AGO_5815,AGO,Mavinga,0.289886,0.411556,0.413272,11710.0,13700.0,16092.0,0.07260628937213376,0.0008325210496051838,0.03188840966663187,0.03270883226180432
AGO_5853,AGO,Mbanza Congo,3.391783,4.515701,4.550438,153075.0,180700.0,214880.0,0.05891091222466449,0.001533786450096386,0.03373870395611034,0.03525555267331182
AGO_5948,AGO,Menongue,7.804059,11.47718,11.52582,257457.0,300200.0,356985.0,0.08019690788341616,0.000846161775009735,0.03119594535371406,0.03525623795351418
AGO_6377,AGO,Mungo,1.07448,1.357773,1.364498,22181.0,17000.0,19969.0,0.0479142990005017,0.0009886359481359186,-0.05181395359749996,0.032717363659938936
AGO_6420,AGO,Mussende,0.680538,1.571322,1.583012,34397.0,40000.0,46986.0,0.18217715382209354,0.0014835109456530216,0.030642114944338106,0.032717880819701284
AGO_6520,AGO,Namacunde/Oshikango [AGO],1.022933,1.115747,1.123491,25625.0,24000.0,28191.0,0.01752176514745485,0.0013842904829659552,-0.013017451854823503,0.032713484928701186
AGO_6532,AGO,Namibe,7.070591,7.506717,7.544669,263210.0,310000.0,368639.0,0.012042767284024203,0.0010091090909032374,0.033265340317921055,0.03525638351472682
AGO_6609,AGO,Ndalatando,3.522487,3.802874,3.824375,165624.0,191000.0,227129.0,0.01543588584087141,0.0011282276856567908,0.028920972706782067,0.035256210016346934
AGO_6649,AGO,Negage,2.355712,2.858555,2.874185,95274.0,110000.0,129212.0,0.039453035117716695,0.0010911755800548928,0.029161798429719443,0.03271868006456913
AGO_6723,AGO,Sumbe,5.850887,7.299721,7.328374,210978.0,244000.0,290154.0,0.04524213939240851,0.0007838140100779878,0.029509909032020998,0.03525597837967931
AGO_6927,AGO,Nzetu,1.32403,1.457059,1.463838,29561.0,34000.0,39938.0,0.019332479233701072,0.0009287776709678841,0.028376062738546537,0.032717363659938936
AGO_7092,AGO,Ondjiva,4.710412,2.611378,2.64045,124575.0,60000.0,70479.0,-0.11128569805687283,0.002216714450951063,-0.13593966149948866,0.032717880819701284
AGO_7333,AGO,Ext. Pinheiro,1.26296,2.18915,2.200214,10250.0,30000.0,35239.0,0.11629038718007356,0.0010087660079998173,0.23959403541130975,0.032714950234017603
AGO_7352,AGO,Jamba,0.757046,0.874165,0.880736,13053.0,15000.0,17619.0,0.029186851049910922,0.0014988775013879962,0.028196649204319746,0.03270908896285296
AGO_7366,AGO,Porto Amboim,3.249733,3.643672,3.657462,93895.0,109000.0,128037.0,0.023147668512965902,0.0007557854376405437,0.030283646327190272,0.032718122793179205
AGO_7444,AGO,Quibala,1.61913,1.813039,1.833439,27806.0,32000.0,37589.0,0.022880937923282163,0.0022403048260317693,0.028495253997288916,0.03271897978075655
AGO_7445,AGO,Quilenda,0.40992,0.467613,0.475989,14069.0,16000.0,18794.0,0.026685654109208867,0.003557054148875638,0.026056676389841105,0.032713484928701186
AGO_7446,AGO,Quipungo,1.25746,1.314105,1.321855,23589.0,27000.0,31715.0,0.008851345970682267,0.001176737326442856,0.02737938420769126,0.03271429898823697
AGO_7777,AGO,Soyo,7.889482,9.658537,9.72136,205943.0,243000.0,285441.0,0.04129209546616286,0.0012975088172997307,0.03364604617690148,0.0327186405957447
AGO_7780,AGO,Sanza Pombo,0.855414,0.914082,0.917031,25377.0,29000.0,34065.0,0.013355340526481685,0.0006444064622426193,0.027049897650624155,0.03271879030504632
AGO_7799,AGO,Sassalemba,4.196418,6.554998,6.657261,82000.0,150000.0,0.0,0.09329853072749406,0.003100863079328331,0.12838026357723709,-1.0
AGO_7802,AGO,Saurimo,11.926442,13.084984,13.113154,404471.0,455000.0,541067.0,0.018714432685669857,0.00043019957808843046,0.023822811186557047,0.03525641437538751
AGO_8099,AGO,Silva Porto,14.557113,17.270152,17.332576,71910.0,561000.0,667117.0,0.034770839068064996,0.0007218690504515735,0.5081158853491041,0.03525617426724814
AGO_8168,AGO,Songo,1.133476,1.590954,1.591979,32167.0,37000.0,43462.0,0.07016084947059564,0.00012882031188543586,0.028390918914077856,0.032717643205885105
AGO_8560,AGO,Tomboco,0.654304,0.863992,0.869694,20867.0,24000.0,28191.0,0.05717291816047276,0.001316448987097818,0.02837200415504726,0.032713484928701186
AGO_8562,AGO,Tombua,0.992857,1.02573,1.026603,47737.0,60000.0,70479.0,0.006535903923932995,0.00017016231311406393,0.04678918144115407,0.032717880819701284
AGO_8715,AGO,Uige,11.338429,12.15318,12.194785,330594.0,383000.0,455447.0,0.013975377447354331,0.0006837411243572067,0.02986609666831752,0.0352561386114838
AGO_8721,AGO,Uku-Seles,1.507421,1.608085,1.613595,48607.0,56000.0,65780.0,0.01301269502004132,0.000684349847671184,0.028721560030045223,0.03271662485848159
AGO_8722,AGO,Ukuma,1.197613,1.240851,1.243018,22354.0,26000.0,30541.0,0.007118622877721803,0.0003490326913075936,0.030679457684789746,0.032718557103981194
AGO_9031,AGO,Xangongo,1.508651,1.730046,1.743806,38557.0,45000.0,52859.0,0.02776487981639142,0.0015856724542917533,0.03138748108941769,0.03271690396150273
BDI_1592,BDI,Mugerama,0.350607,0.385482,0.389896,11103.0,11620.0,0.0,0.019146703770004825,0.0022797020961082826,0.009144035442945952,-1.0
BDI_2172,BDI,Bubanza,0.843782,0.926691,0.939844,23520.0,28983.0,33777.0,0.018921996104025895,0.002822721874335743,0.04265637728619809,0.03108756059114759
BDI_2195,BDI,Bujumbura,40.232104,57.251924,58.86238,1043847.0,1905675.0,2249259.0,0.07310808803422941,0.005563605298028129,0.12793064911647356,0.03370859197485987
BDI_2464,BDI,Rugombo centre-urbain sud,1.50809,1.804072,1.822648,37056.0,51321.0,0.0,0.0364904887426063,0.0020509115648812415,0.0673019784555926,-1.0
BDI_3401,BDI,Gasenyi,1.025671,2.305044,2.408885,19834.0,66873.0,76656.0,0.17580209238879818,0.008851791365389827,0.275170037282108,0.027682756092880956
BDI_3406,BDI,Gatabo,0.207151,0.844187,0.960663,10521.0,22806.0,26142.0,0.3244340122601723,0.026186934387013583,0.16734282926237554,0.02768007902684122
BDI_3413,BDI,Gatumba,1.265255,1.447424,1.457035,32079.0,30909.0,35431.0,0.027267483526612013,0.0013245012016913638,-0.007403300919084366,0.027684227242873005
BDI_3528,BDI,Gitega,4.007996,7.439362,7.884078,87678.0,242526.0,0.0,0.13167489730578197,0.01167971947654145,0.22566993678632086,-1.0
BDI_4886,BDI,Kirundo,0.975643,10.082573,11.533251,43450.0,492100.0,0.0,0.5953504105387915,0.027249819764460392,0.6248479127244422,-1.0
BDI_5554,BDI,Makamba,2.051715,6.531199,6.945857,51404.0,121669.0,438809.0,0.2605938284362157,0.012387057106610477,0.18805515956583307,0.29246597121300244
BDI_6340,BDI,Sampeke,0.389162,2.904743,3.312483,21360.0,93312.0,0.0,0.4948425709256401,0.026618742863014466,0.34297290260229785,-1.0
BDI_6396,BDI,Muramwiya,1.655581,5.264274,5.814272,95479.0,194188.0,0.0,0.26031066228618305,0.020073280217028255,0.15255830749163124,-1.0
BDI_6435,BDI,Muyange,2.097674,4.069832,4.380049,45094.0,141581.0,162295.0,0.1417412642137017,0.014800090695554102,0.2571214681345888,0.02768503621910101
BDI_6437,BDI,Muyinga,1.598583,11.265466,12.775761,56202.0,620207.0,0.0,0.4777562138438851,0.025480776370683023,0.6164302847397916,-1.0
BDI_6614,BDI,Ndava,0.510099,0.541356,0.542382,12681.0,12106.0,13877.0,0.011965476056022384,0.00037876113923807075,-0.00923778957010124,0.02768255343499515
BDI_6717,BDI,Kayanza,2.540881,15.393931,16.690261,67033.0,724276.0,3859173.0,0.43374871600392484,0.016301855565067358,0.6096189918297803,0.39739128581490246
BDI_6908,BDI,Kagunuzi,0.208176,0.274643,0.283687,11194.0,11400.0,13067.0,0.056981959759684564,0.006500928948282025,0.0036537457005081375,0.027671252418869363
BDI_7555,BDI,Kinyami,0.139831,0.347611,0.388348,23697.0,47045.0,77501.0,0.19977003097983204,0.022410997646457265,0.14700159246658107,0.1049910659331128
BDI_7567,BDI,Mugina,0.388774,2.254499,2.421678,15659.0,84762.0,362131.0,0.42125029163155525,0.014409411543382822,0.40180444992972064,0.3370046006409546
BDI_7568,BDI,Rugombo,0.959983,1.205168,1.230509,24582.0,42190.0,0.0,0.04654235581031374,0.004170457978789566,0.11408534699143136,-1.0
BDI_7580,BDI,Rumonge,2.004364,2.238207,2.255218,45940.0,71528.0,83359.0,0.02231499552343741,0.001515455830283896,0.09258948908005782,0.031086932463775252
BDI_7591,BDI,Rutana,0.742472,1.108764,1.166696,12401.0,24229.0,31262.0,0.0835072141569797,0.010238041962189914,0.1433409447015317,0.05229196378918144
BDI_7596,BDI,Ruyigi,0.880716,1.26498,1.339513,12813.0,26573.0,40123.0,0.07510171482918859,0.011515762360316595,0.1570655207077678,0.08590182259203494
BEN_1211,BEN,Hilacondji,0.0,1.03414,1.049311,29949.0,16888.0,36085.0,,0.0029169650608034114,-0.10825808827148942,0.16399120238901332
BEN_1218,BEN,Aniviekome,0.203349,0.373273,0.379995,19844.0,38134.0,44827.0,0.12916369764387947,0.003575986501798134,0.1395585101974297,0.03286952239255436
BEN_1253,BEN,Aplahoué,0.460993,0.95492,0.97726,12236.0,19567.0,0.0,0.15679001610183074,0.004635745993571083,0.09844155768451501,-1.0
BEN_1432,BEN,Djakotomey,2.493829,7.419573,7.722054,74353.0,140474.0,202946.0,0.24366223925771924,0.008023795980658388,0.13568918634803295,0.07635841219087669
BEN_154,BEN,Adakplame,0.456193,0.593315,0.60631,10120.0,11407.0,13104.0,0.05396779849063793,0.004342592076384211,0.024231635559247566,0.028126346887187292
BEN_1644,BEN,Banikoara,1.577235,2.034073,2.079875,29251.0,36163.0,42453.0,0.052189650881395044,0.004463453446082788,0.04333733058823541,0.03259207330479974
BEN_1653,BEN,Banté,1.060215,1.240926,1.266098,23958.0,26127.0,42290.0,0.03197787871257507,0.004024447381922647,0.017484488004432253,0.10110726473351872
BEN_1708,BEN,Bassila I,0.940746,1.361241,1.374503,16242.0,16820.0,18519.0,0.07669458333393919,0.0019409667540202236,0.007018147512414252,0.019432108122568792
BEN_191,BEN,Adja Tokpa I,1.074637,1.971368,2.050563,22519.0,35931.0,37779.0,0.12901882330201286,0.007908442145276418,0.09795373562135956,0.010081067023308021
BEN_192,BEN,Adjaglimey,0.38282,0.656724,0.670886,13998.0,23059.0,29093.0,0.11398066704396914,0.004276194531009914,0.10498121773433478,0.04758581106420201
BEN_193,BEN,Adjaha,0.118702,0.242412,0.245071,11920.0,13998.0,17206.0,0.15350429427824008,0.002184223259793061,0.03266140710163801,0.04213213007452654
BEN_195,BEN,Adjegounle,0.348715,0.667423,0.697267,13714.0,15995.0,19477.0,0.13863913901486824,0.008787259249403379,0.031250138436151875,0.04017776015055197
BEN_2496,BEN,Colli Bossouvi,1.13971,1.509162,1.536645,15455.0,17449.0,25310.0,0.05776282692930845,0.0036159093978367363,0.02456686542612796,0.07721978282272146
BEN_2498,BEN,Comé,3.289906,4.92045,5.009863,45672.0,79762.0,91021.0,0.0838377333806628,0.003608209908416038,0.11796755795281277,0.026760407044319257
BEN_2504,BEN,Copargo,0.652194,0.752844,0.765551,11719.0,13499.0,16111.0,0.02911910069349677,0.0033531695327728706,0.028684529821269678,0.03601055496591732
BEN_2505,BEN,Cotonou,99.05308,125.899408,127.419144,1527277.0,1940485.0,2274038.0,0.04913443245731952,0.002402633675501864,0.049055574037415006,0.03223239720735793
BEN_2507,BEN,Cove,2.649072,3.970624,4.026028,64940.0,71414.0,79150.0,0.08430884439372033,0.0027752480503084875,0.019187796723143302,0.02078319567339637
BEN_251,BEN,Agbozounkpa,0.618626,0.847649,0.859031,17523.0,19377.0,21356.0,0.06501954281113131,0.0026712363704335385,0.020318158133883157,0.019639554583196217
BEN_2573,BEN,Dame,0.340936,0.490895,0.493169,17903.0,19519.0,26491.0,0.07563060172666836,0.0009247590964205354,0.0174342435260475,0.06298750040580137
BEN_2638,BEN,Dassa-Zoume,2.345155,3.036754,3.097286,28011.0,36379.0,39173.0,0.05304665277498288,0.003955213767267152,0.053669547834622966,0.014909260299713845
BEN_266,BEN,Agon,0.63663,0.767541,0.781951,16034.0,17585.0,19243.0,0.03810885774097872,0.0037269640234538493,0.01863852845130287,0.018183562287852784
BEN_2674,BEN,Djeregbe 1,1.5777,3.098486,3.1369,18925.0,33997.0,0.0,0.14452431235917684,0.0024673280595091107,0.12429671417906718,-1.0
BEN_2804,BEN,Djidja Mandjavi,0.358867,0.47459,0.477191,11873.0,13319.0,15154.0,0.057491808087833496,0.0010937089888389817,0.023251123648502015,0.02615066942464317
BEN_2811,BEN,Djougou,6.215428,8.039176,8.196715,82509.0,98679.0,111494.0,0.05280538912701371,0.0038889170644855753,0.03644123524113585,0.02472032734588514
BEN_2823,BEN,Dogbo-Tota,1.078815,1.413585,1.437516,30975.0,34618.0,37284.0,0.055540716213430485,0.003363161439372764,0.02248779261201861,0.014948731559216055
BEN_2832,BEN,Doko-Centre,0.480525,0.988543,1.020713,20590.0,29456.0,32567.0,0.15519663604913303,0.0064254632380709165,0.07424535604580518,0.02028334328064485
BEN_2842,BEN,Doméguédji,0.154871,0.175722,0.177379,16479.0,19119.0,23084.0,0.02558392949274646,0.0018788599559667052,0.030165173899850073,0.03841075725875842
BEN_2849,BEN,Donga,0.394304,0.441679,0.444709,14649.0,15791.0,16453.0,0.022951665138913446,0.0013682876092919738,0.015126887247985943,0.008247358401225924
BEN_295,BEN,Ahomey Glon,0.103844,0.1364,0.138608,14258.0,15665.0,17059.0,0.05605513434893683,0.0032167746987741275,0.01900040770315936,0.017195977280012098
BEN_3272,BEN,Founougo A,0.541367,0.654971,0.657895,18070.0,20314.0,23213.0,0.038833768524549006,0.0008912738042423651,0.023687638732364125,0.0270395419692957
BEN_3353,BEN,Gamia Est,0.794255,0.921776,0.956959,14969.0,16611.0,18336.0,0.030227379949540056,0.007519793578818046,0.021034925875575317,0.01995676873484209
BEN_3436,BEN,Gbakéhoué,0.339573,0.471017,0.474242,10155.0,11554.0,13484.0,0.06762979671886638,0.0013656422711911809,0.02614914375244015,0.031376605398502955
BEN_3437,BEN,Gbanlin,0.363071,0.428968,0.436259,13746.0,15160.0,16670.0,0.03391935863390749,0.003376443307213428,0.01977549640134124,0.01917152137531719
BEN_3441,BEN,Gbeko,0.224857,0.374314,0.380345,12935.0,14333.0,15912.0,0.1073016109357614,0.0032018586753208567,0.020737648839538547,0.021121766553808596
BEN_3537,BEN,Glazoué,1.828269,2.426184,2.458409,29084.0,34209.0,39474.0,0.058221857908000274,0.0026424331056944528,0.03299269090378987,0.029044489926790096
BEN_3541,BEN,Glogbo,1.764793,2.286252,2.296166,23456.0,27327.0,0.0,0.05313989543593167,0.0008657705587289399,0.031021212744732685,-1.0
BEN_3551,BEN,Gogounou,0.62478,0.865432,0.875518,10632.0,11956.0,13674.0,0.06733602022577267,0.0023200685970565793,0.023750643342113298,0.027216374787781383
BEN_3586,BEN,Gouka,0.689178,0.855441,0.865361,15856.0,19219.0,21500.0,0.04417124989187893,0.0023085877892154993,0.039219841342658324,0.022684172394329627
BEN_3589,BEN,Goumori A,0.482898,0.529132,0.53819,16188.0,18001.0,20127.0,0.018454717170875767,0.003400514580782721,0.021458407106875743,0.02257808939796946
BEN_3596,BEN,Gourou,0.690874,0.781551,0.792999,13527.0,15181.0,29293.0,0.024971276045389956,0.002912543988707439,0.023339594758410298,0.1404931843850794
BEN_3653,BEN,Guimaro-Sinakpagourou,0.410106,0.461546,0.470575,13297.0,15358.0,18322.0,0.023914689606833628,0.0038822419059227897,0.029238916415219585,0.03592339964482871
BEN_3830,BEN,Houinta,0.287366,0.313809,0.319351,10659.0,11734.0,12842.0,0.0177614627675744,0.0035073947216079926,0.019403039891551233,0.018209902335923678
BEN_3832,BEN,Houssoukoué,0.773313,0.903987,0.915234,10262.0,14174.0,0.0,0.03171887235785498,0.002476018388491319,0.06672404254155828,-1.0
BEN_3887,BEN,Idigny Centre,0.439028,0.535564,0.541243,14758.0,16985.0,20243.0,0.040552103426115815,0.002111816547863077,0.028507845926131203,0.0357188126470771
BEN_3901,BEN,Ifangni ,1.976901,2.597734,2.659831,31322.0,41274.0,46673.0,0.05614111913344044,0.004735790654563976,0.05673335281103431,0.024891358688363452
BEN_4009,BEN,Ilare,0.337074,0.389796,0.393186,11517.0,12730.0,0.0,0.029490692765515192,0.0017333519209461468,0.020229336344012472,-1.0
BEN_4057,BEN,Ina 3,0.68386,0.751495,0.762556,10419.0,11527.0,12691.0,0.019041283847697876,0.0029265525375070656,0.02041785935244045,0.019426479583102063
BEN_4504,BEN,Kandi,2.983756,3.781308,3.860396,43599.0,50318.0,62853.0,0.0485176600681847,0.004148538935329293,0.029080546563748033,0.045491552642307864
BEN_4726,BEN,Kérou,0.6131,1.290267,1.311022,20405.0,23124.0,26828.0,0.16045860901121856,0.003196660862437417,0.02533379585843787,0.03016091253679809
BEN_4734,BEN,Kétonou,0.449909,0.540941,0.545966,10283.0,11303.0,0.0,0.03754046534168931,0.0018510084341878397,0.01909525237044618,-1.0
BEN_4735,BEN,Ketou,3.849547,4.513967,4.610455,54496.0,60631.0,69313.0,0.03235662863663458,0.0042389958009370066,0.02156503741534621,0.027126639089814608
BEN_48,BEN,Abolou,0.29799,1.016591,1.063883,11890.0,23909.0,25793.0,0.27817086551889836,0.00913558695745742,0.14994193440380021,0.015285278981398198
BEN_4818,BEN,Kilibo Olata,0.583135,0.726817,0.739714,12707.0,14430.0,16803.0,0.04503586061205289,0.0035239743596156003,0.02575740355430356,0.030917944725067592
BEN_49,BEN,Abomey,23.686392,33.894564,34.408764,256757.0,385036.0,421635.0,0.07430161318538886,0.0030158689753867485,0.0844157306125608,0.018326542024206915
BEN_4934,BEN,Klouekanme,1.108276,2.530638,2.619555,22858.0,47157.0,57236.0,0.17955017481641522,0.006930507812366482,0.15585029467510902,0.039500305415669734
BEN_4964,BEN,Kolokonde,0.698978,0.938278,0.953364,13659.0,15047.0,16496.0,0.060653685441925065,0.003195194205127372,0.019544539990546284,0.018557955943601545
BEN_5005,BEN,Kossou,1.045545,1.307749,1.334303,10311.0,17168.0,18468.0,0.045770371686197686,0.004028436331207974,0.10734712785540168,0.014705541746804052
BEN_5297,BEN,Lobogo Gbede Come,0.93062,3.339451,3.458003,21993.0,60857.0,83910.0,0.2911614137991627,0.007001362252678778,0.2257593454325757,0.06635211900616045
BEN_5310,BEN,Lokossa,2.546027,5.456995,5.542973,32969.0,85598.0,91184.0,0.16471082043183305,0.003131438234759365,0.2102401832616172,0.012723771978205178
BEN_5442,BEN,Madecali,0.22858,0.285283,0.287347,10345.0,11646.0,13344.0,0.04531584347957285,0.0014428147823004611,0.023974774916697195,0.02759468545839705
BEN_5601,BEN,Malanville,2.188183,2.379174,2.401153,60806.0,69481.0,81811.0,0.016877207552057127,0.0018408262514955087,0.027031880804339936,0.0332112544603953
BEN_5662,BEN,Manigri Oké,0.982719,1.04899,1.057393,21553.0,23947.0,26716.0,0.013137519922585383,0.0015970035152002016,0.02128905356989308,0.02212512558085833
BEN_5797,BEN,Materi,0.940895,1.025083,1.031295,14712.0,16535.0,18786.0,0.017287186145180433,0.0012090721704418605,0.02363822861463838,0.025855104434703957
BEN_6569,BEN,Natitingou,4.017178,5.128666,5.235904,45280.0,51118.0,55815.0,0.050066172972182965,0.004147361978894537,0.024550777177780647,0.017736651846169904
BEN_6610,BEN,N'Dali,1.270949,1.565371,1.592157,20388.0,22808.0,25823.0,0.04255225508530769,0.0033991328038129875,0.022686483060036844,0.02514169618021267
BEN_6758,BEN,Nikki,2.156292,2.516251,2.538143,31891.0,37797.0,42937.0,0.03135761081508126,0.001734024864192163,0.034565135216671594,0.025828766055243202
BEN_7033,BEN,Oke-Odan,0.251843,0.47717,0.48651,11123.0,15706.0,16936.0,0.13634092897511008,0.003884451977745451,0.07144215956645628,0.015194018822595412
BEN_7099,BEN,Onklou,0.375511,0.453603,0.463994,10224.0,11210.0,12165.0,0.03850992383475926,0.004540126276291412,0.018584244846296283,0.016485762740501064
BEN_7158,BEN,Ouake,0.795232,1.281861,1.290536,16260.0,19497.0,23145.0,0.10019436786789249,0.0013498517645786912,0.03697777882628128,0.03489878884543285
BEN_7187,BEN,Ouesse Centre,1.362811,1.999329,2.043488,50078.0,55732.0,62304.0,0.07966675050763627,0.004378864824672313,0.021625043743617844,0.022544601658797125
BEN_7190,BEN,Ouidah,4.622234,5.987189,6.14219,46439.0,56329.0,58689.0,0.053111142871379746,0.005124955134267362,0.03936918408063583,0.008242345732066614
BEN_7286,BEN,Parakou,20.593278,25.318516,25.756948,260188.0,313707.0,366910.0,0.042179563999430014,0.0034395878914996736,0.038119596716523985,0.03182742725321375
BEN_7289,BEN,Partago,0.851477,0.962498,0.969701,20936.0,23255.0,25939.0,0.024814786260199506,0.0014922699922148563,0.021232263387913397,0.02208585284457243
BEN_7304,BEN,Perere I,0.560219,0.840895,0.846001,10187.0,15176.0,16980.0,0.08461794918905352,0.0012114814169927879,0.08298440381425043,0.022718409604581158
BEN_7335,BEN,Pira Adjigo,0.561706,0.578898,0.580615,12802.0,13768.0,14209.0,0.006047757265998932,0.0005924935247245688,0.01465548378921011,0.0063256243390628075
BEN_7345,BEN,Pobe,2.594345,6.01598,6.192545,50804.0,99398.0,112076.0,0.183193379735767,0.0058021450231613425,0.14365740873451882,0.02429958158596146
BEN_7367,BEN,Porto-Novo,37.322656,54.09284,54.990672,572430.0,880311.0,1037066.0,0.07704400647211518,0.0032977739832684705,0.0898902023559176,0.0333181399504241
BEN_7682,BEN,Sakete I,1.796328,2.401005,2.459289,39855.0,51015.0,58389.0,0.05974526550997572,0.004808500727729648,0.05061359307826252,0.027369407266944812
BEN_7803,BEN,Savalou,2.214938,2.725154,2.761749,37567.0,41335.0,45196.0,0.04233157785935293,0.002671408750510862,0.019300613066480787,0.01802023763410099
BEN_7804,BEN,Save,2.252448,2.623838,2.656308,33309.0,35815.0,37078.0,0.030994738082996687,0.0024628392934007426,0.014613583266342767,0.006955478102897761
BEN_7817,BEN,Sé,0.86822,1.005484,1.016177,15265.0,17615.0,18809.0,0.029790961420864903,0.00211794547649502,0.029051636792734037,0.013203337723092679
BEN_7832,BEN,Segbana II,0.751203,0.834967,0.852553,17580.0,20036.0,23481.0,0.021368358633164997,0.0041773356845029586,0.026498763243588463,0.03224101927312706
BEN_7843,BEN,Garou II,0.412159,0.478249,0.48307,15515.0,17843.0,21243.0,0.03019124939145823,0.0020080240507123204,0.028355367277519417,0.035498787558807754
BEN_796,BEN,Allawénoussa I,0.312715,0.349433,0.352538,19702.0,21750.0,24343.0,0.022452263365955627,0.001770881561242721,0.019975615686015358,0.022781744033511853
BEN_8104,BEN,Sinaourarou,0.95348,1.417626,1.440655,18393.0,25722.0,29308.0,0.0825551150722248,0.0032280448961885533,0.06937599902633917,0.026446432893609595
BEN_8152,BEN,Sokomey,0.475718,0.637455,0.646318,39427.0,44492.0,52052.0,0.06027858424745314,0.00276540798948699,0.024466211205221633,0.03188452274849274
BEN_8161,BEN,Somai,0.408486,0.675272,0.679572,31329.0,34419.0,37376.0,0.1057585677931625,0.0012703293005875693,0.018990988027625333,0.016620620835562594
BEN_8164,BEN,Sompérékou A,0.695071,0.784984,0.795873,18402.0,20515.0,22985.0,0.024628253565254887,0.0027590572052758056,0.021977416630358126,0.02299755882140797
BEN_8362,BEN,Tanguiéta,1.703048,2.061024,2.089619,20400.0,25414.0,27804.0,0.03889398569298064,0.0027595618072595585,0.044933305076216845,0.01813847804527624
BEN_8410,BEN,Tchatchou,0.487178,0.640914,0.651386,26873.0,31378.0,38274.0,0.05638546740929673,0.0032466826716637254,0.03148239815782494,0.04053266593216032
BEN_8414,BEN,Tchetti,0.473404,0.58953,0.599621,12145.0,13788.0,16044.0,0.04485204592061387,0.0034002035610178893,0.025700934319651925,0.030771199906583613
BEN_8417,BEN,Tchingayare,0.595614,0.780864,0.786735,14557.0,16376.0,18710.0,0.05565522293650793,0.0014992169102869823,0.023828440651885163,0.027006498300391923
BEN_8593,BEN,Toui-Centre,0.395802,0.47639,0.487138,11602.0,13446.0,16210.0,0.03776000821903702,0.004472090884999558,0.02994029382438712,0.038097109023300435
BEN_8604,BEN,Toviklin,0.491684,0.97898,0.996937,10691.0,18805.0,21212.0,0.14767137237351302,0.0036418886358402514,0.11956935307016003,0.02438133368365758
BEN_8608,BEN,Tozoungo,0.386842,0.510871,0.529721,11140.0,12574.0,14457.0,0.05719603603144385,0.0072729887795108805,0.024513423492159125,0.028302626302201483
BEN_9016,BEN,Worogui,1.372377,1.583029,1.620889,22504.0,20088.0,21984.0,0.02897088860615482,0.004738122326955585,-0.022458067032703588,0.018202134506654977
BFA_1274,BFA,Arbinda,0.299205,0.425062,0.435717,12722.0,10661.0,10661.0,0.07274546420791883,0.004963861220050658,-0.03473066316528872,0.0
BFA_1564,BFA,Ban,0.498239,0.518527,0.522046,11170.0,11857.0,12640.0,0.008014388249834692,0.0013536367409381356,0.012008894116138702,0.01287173231839045
BFA_1581,BFA,Banfora,5.57572,5.794571,5.820841,99401.0,115672.0,137988.0,0.007729718761838367,0.0009050709910698451,0.0307835953137221,0.0359114062995014
BFA_1659,BFA,Banzon,0.673807,0.694281,0.698066,11895.0,11554.0,11554.0,0.006004567159238139,0.0010879667015479821,-0.005800401614569406,0.0
BFA_1693,BFA,Barsalogho,0.484832,0.813737,0.822358,13311.0,12939.0,12939.0,0.10912005285402149,0.002109943882505183,-0.005652912764664619,0.0
BFA_1717,BFA,Batie,0.843965,0.915515,0.925245,13241.0,14339.0,15627.0,0.016408306381728854,0.0021166006107113944,0.016060611408539094,0.017352248976618245
BFA_1759,BFA,Beguedo,2.115573,2.293808,2.329435,32472.0,35710.0,39562.0,0.016309088812629158,0.0030872418048739636,0.019192366809875683,0.020698972737609678
BFA_1793,BFA,Bena,0.644543,0.717355,0.725521,14702.0,15607.0,16639.0,0.02163660854718774,0.002266400580215766,0.012018851363885252,0.012888308632735823
BFA_1960,BFA,Bittou,1.49082,1.779432,1.792275,26736.0,29529.0,32862.0,0.036027389906616136,0.0014393449327416707,0.020071141969029593,0.021619209332239375
BFA_1975,BFA,Bobo-Dioulasso,34.750436,40.349932,40.555948,667853.0,911774.0,1220092.0,0.030330390366862137,0.00101906758713044,0.06424413265208728,0.05998830863605997
BFA_1992,BFA,Bogande,0.846824,1.151361,1.176719,19562.0,23525.0,28398.0,0.06336820663728093,0.00436657308461208,0.03758402243244863,0.03836878613239203
BFA_2011,BFA,Bokin,0.830281,1.042692,1.054134,10412.0,12525.0,15123.0,0.04661315309969183,0.0021851332050097927,0.03764480240568657,0.038417607666574316
BFA_2068,BFA,Boromo,2.020583,2.486,2.525835,17671.0,19593.0,21892.0,0.04232915575663898,0.0031844010752766216,0.02086417230623483,0.022437807105871732
BFA_2121,BFA,Boulsa,1.218946,1.444324,1.456644,22768.0,25602.0,29018.0,0.034513189980486025,0.0017001972280257238,0.023740305371058534,0.025365537258852378
BFA_2138,BFA,Bousse,1.248639,1.416688,1.43149,20281.0,22750.0,25722.0,0.025575090307384585,0.0020809836219857214,0.023242116149658987,0.02486029146356361
BFA_2140,BFA,Boussouma,0.311047,0.480025,0.494703,12561.0,13199.0,13909.0,0.0906554348982862,0.006042059371059505,0.009958113982081906,0.01053410579340075
BFA_2491,BFA,Cinkanse ,1.907433,2.347149,2.359982,16979.0,19635.0,19635.0,0.042361287434014905,0.001091113178462777,0.029493856841019683,0.0
BFA_2594,BFA,Dande,0.734497,0.80313,0.809799,14495.0,11917.0,11917.0,0.01802669066257545,0.0016552634345128325,-0.03841043027611912,0.0
BFA_2606,BFA,Dano,1.067596,1.176904,1.19214,21704.0,25380.0,38335.0,0.019686853683121175,0.002575861797131651,0.031787750086556876,0.08597735652049843
BFA_2666,BFA,Dedougou,4.309889,5.824685,5.926735,50090.0,56575.0,64408.0,0.062089882331890056,0.0034797504076888863,0.024648022392758984,0.026273347156601012
BFA_2714,BFA,Diapaga,0.935202,1.24317,1.259378,11406.0,15665.0,20978.0,0.0585832524672909,0.002594034544095347,0.06551460360592487,0.060148580969638266
BFA_2726,BFA,Didyr,0.399804,0.463158,0.471776,13721.0,14271.0,14860.0,0.029855771030292466,0.003694015738983314,0.007891374083151437,0.008121508603968985
BFA_2727,BFA,Diebougou,1.690293,1.994043,2.032777,22148.0,27890.0,35000.0,0.03360477091873615,0.003855132482987411,0.04718352235614809,0.04646306868933281
BFA_2778,BFA,Dirlakou,0.425968,0.560893,0.567513,22558.0,21359.0,21359.0,0.056575677702129124,0.0023494556733716365,-0.01086387197198424,0.0
BFA_2801,BFA,Djibo,2.001433,2.647128,2.683125,38290.0,40298.0,42544.0,0.057515586611198266,0.002705028262727227,0.010275044318644344,0.010906445252415686
BFA_2860,BFA,Dori (east),1.867205,2.184797,2.217828,27123.0,26641.0,26641.0,0.031914744305801435,0.003005591866819035,-0.0035797162675764715,0.0
BFA_3183,BFA,Fada-N'Gourma,6.056716,7.42694,7.487417,56602.0,64455.0,73972.0,0.04163254606300115,0.0016233057798347161,0.026325139993068625,0.02792670665757302
BFA_3189,BFA,Falagountou,0.559523,0.645893,0.651573,11214.0,11032.0,11032.0,0.02912594415411207,0.0017526509036709381,-0.003267222416787674,0.0
BFA_3369,BFA,Gaoua,3.017681,3.404921,3.436921,32074.0,38154.0,51922.0,0.024440506769404458,0.0018726059977158815,0.0353266426447274,0.06356066646114833
BFA_3379,BFA,Garango,1.872256,2.094677,2.118592,44086.0,45147.0,46146.0,0.022704970310577277,0.0022730499134315796,0.004767641354959329,0.0043868844946004515
BFA_3572,BFA,Gonboussou,0.802207,0.93512,0.949365,12914.0,15960.0,19722.0,0.03113654619084172,0.0030282713276412743,0.0432644794443815,0.04323851793701983
BFA_3594,BFA,Gourcy,1.840212,2.276932,2.335144,31768.0,36441.0,42119.0,0.04350957994350457,0.005061694646681492,0.027827143051154968,0.029384330535782155
BFA_3650,BFA,Lanfiera,1.138365,1.194204,1.210183,12820.0,13976.0,15341.0,0.009623376187188004,0.0026618831754454675,0.017416961075683135,0.018812243892784686
BFA_3831,BFA,Hounde,3.675305,4.064054,4.118983,54102.0,74629.0,100244.0,0.020312522560655744,0.0026886661252012445,0.06644597743198544,0.06079179795960998
BFA_4041,BFA,Imasgho,0.33134,0.37884,0.390913,15742.0,15063.0,15063.0,0.027155963663687555,0.006293939413405392,-0.008779412693746713,0.0
BFA_4665,BFA,Kaya,4.620211,7.325636,7.417419,31080.0,100870.0,193155.0,0.09657087076222393,0.0024933383968814837,0.2654826699951951,0.1387510404460499
BFA_4849,BFA,Kindi,0.506363,0.580971,0.586918,14302.0,14326.0,14326.0,0.02787072748823216,0.0020389308081598667,0.0003353923446507423,0.0
BFA_4950,BFA,Kokologho,1.109209,1.270007,1.297537,19255.0,21529.0,24262.0,0.02744491240179836,0.004298299254913429,0.02257710994697204,0.024190040038950755
BFA_4969,BFA,Kombissiri,1.489955,1.782099,1.816343,28860.0,27676.0,27676.0,0.036458064148234604,0.0038139056858474962,-0.008343189133410922,0.0
BFA_4973,BFA,Kompienbiga,0.206051,0.36713,0.384342,10279.0,10197.0,10197.0,0.12245523438711814,0.009205466553951158,-0.0016006015984837418,0.0
BFA_4974,BFA,Kompienga,0.446608,0.82375,0.842295,11950.0,15236.0,19310.0,0.13024810061349812,0.0044625724236775355,0.04978560126419329,0.04853338288933973
BFA_4981,BFA,Kongoussi,1.498574,2.390831,2.40927,32490.0,45371.0,61456.0,0.09792869809571125,0.0015377396706561797,0.06906897935071932,0.06256911321731318
BFA_5001,BFA,Korsimoro,0.796916,1.010597,1.022585,20303.0,22206.0,24460.0,0.04865611010210791,0.0023612813893736373,0.018080277272139345,0.01952345946753753
BFA_5011,BFA,Koudougou,12.465267,15.935977,16.104986,110857.0,181104.0,269348.0,0.05035334243923395,0.002112158655013685,0.10314597363374611,0.08262273376088158
BFA_5013,BFA,Kouka,1.10801,1.151547,1.173336,25262.0,21305.0,21305.0,0.007737912542832515,0.003755979657735331,-0.03349799001254139,0.0
BFA_5027,BFA,Koupela,3.413628,3.815915,3.855898,18292.0,50519.0,91258.0,0.022531039212913218,0.00208686355734522,0.22528949615668514,0.12554597758794683
BFA_5028,BFA,Kourouma,0.611297,0.658719,0.665397,11941.0,13706.0,15851.0,0.015055024236904302,0.00201939926246153,0.027954769292686033,0.029506724556098707
BFA_5183,BFA,Kyon,0.302098,0.474218,0.500866,12441.0,11852.0,11852.0,0.09437468115211955,0.010994291600759709,-0.009653273166053467,0.0
BFA_5256,BFA,Leo,3.071454,3.559897,3.595065,35900.0,46344.0,59311.0,0.02995602725982427,0.001968025989294464,0.05239751368269774,0.05057810673031904
BFA_5649,BFA,Manga,1.948628,2.343168,2.356176,25554.0,27666.0,30144.0,0.03756400723548414,0.001107834392762852,0.016008862911871757,0.017304350361215137
BFA_6187,BFA,Mogtedo,1.273818,1.553785,1.565795,24185.0,26543.0,29344.0,0.04053503748701526,0.0015411448440334485,0.01878087374802262,0.020267050583715696
BFA_6491,BFA,Nadiagou,0.596726,0.620345,0.621984,11235.0,12168.0,13263.0,0.0077937601258324385,0.000527858077148835,0.01608309259661156,0.017383087192792912
BFA_6535,BFA,Namponkore,0.228909,0.663987,0.673687,16820.0,27862.0,41737.0,0.23736931427916885,0.002904818911185325,0.10620918279171043,0.08418099046713401
BFA_6568,BFA,Natiaboani,0.246709,0.314066,0.320883,19439.0,22136.0,25404.0,0.04946313152050785,0.00430391852869394,0.026325324625585678,0.027923018900761543
BFA_6744,BFA,Nianaba,0.876994,1.015898,1.030576,12356.0,11974.0,11974.0,0.029842229957806943,0.00287310323648704,-0.006261145337682739,0.0
BFA_6747,BFA,Niangoloko,2.5708,2.753381,2.768646,31791.0,33899.0,36323.0,0.01381708090339795,0.001106367766875449,0.012923249565608863,0.013908968823195034
BFA_6749,BFA,Niaogho,1.11202,1.195958,1.201537,15614.0,17949.0,20788.0,0.014660294563805243,0.0009312398758589691,0.0282653857655506,0.029803800158633154
BFA_6853,BFA,Nouna,2.289679,2.580635,2.637549,27544.0,28692.0,29931.0,0.024213265397539985,0.0043724482076623605,0.008200161089402025,0.008491125697840829
BFA_7120,BFA,Orodara,1.700856,1.874655,1.893229,30765.0,34913.0,39933.0,0.0196491502170415,0.0019737842368188208,0.02561898127750517,0.027232979253472456
BFA_7156,BFA,Ouagadougou,132.440648,149.31328,150.761664,2299007.0,2851793.0,3407056.0,0.024272299464509484,0.0019325763698367915,0.04403616090089679,0.03622067841169119
BFA_7157,BFA,Ouahigouya,6.077099,7.059532,7.161504,93925.0,121007.0,154625.0,0.030423892071690606,0.0028723682519216087,0.051976063511520065,0.05025278951240053
BFA_7162,BFA,Ouargaye,0.664452,0.758225,0.762755,13292.0,12669.0,12669.0,0.026755167710462935,0.0011920506150215893,-0.009554916087403886,0.0
BFA_7272,BFA,Pama,0.527486,0.673797,0.691594,13586.0,14714.0,16038.0,0.050179719317550386,0.0052276566887501374,0.016079825167463424,0.01738162955236877
BFA_7325,BFA,Piela,0.618555,0.7974,0.827035,11283.0,12872.0,14799.0,0.052106204902122366,0.007324812319220886,0.02670171765408158,0.028293919672794043
BFA_7336,BFA,Pissila,0.899137,1.318123,1.332623,12306.0,14195.0,16494.0,0.07950836932126615,0.002190480714588494,0.028972332074004292,0.03047656293403289
BFA_7344,BFA,Po,2.791475,3.008116,3.028447,31387.0,31426.0,31426.0,0.015061059513803876,0.001348103415394819,0.0002483871068745813,0.0
BFA_7374,BFA,Pouytenga,4.743983,5.148018,5.171537,93114.0,102079.0,112720.0,0.016481283883295506,0.0009120456961957402,0.018554530110112877,0.020029928830129107
BFA_7501,BFA,Reo,1.85277,2.471156,2.546696,35616.0,36771.0,37956.0,0.0592920929252585,0.006040324715020251,0.006403317324054747,0.0063637839918588845
BFA_7537,BFA,Rollo,0.277207,0.377952,0.380944,10975.0,13480.0,16571.0,0.06396291584344249,0.0015782800284136478,0.0419744566973792,0.04215367663577152
BFA_7553,BFA,Rouko,0.277638,0.373821,0.376665,10172.0,12527.0,15434.0,0.061297051164653116,0.0015169744496379423,0.042529001470716254,0.042620557441718
BFA_7619,BFA,Sabou,0.997521,1.182086,1.190744,11431.0,12331.0,13382.0,0.03453551730477766,0.0014605951256847494,0.015272948142596166,0.016493358828911786
BFA_7784,BFA,Sapouy,0.901464,1.470689,1.484876,18372.0,20088.0,22120.0,0.10284503225924646,0.0019218982074860058,0.018019396087892492,0.01945881295796692
BFA_7837,BFA,Seguenega,0.451101,0.805991,0.828389,23179.0,29752.0,37908.0,0.12308151842782311,0.005497108885957891,0.05119743855231862,0.04964620838642664
BFA_8157,BFA,Solenzo,1.888264,2.054929,2.070897,21365.0,22681.0,24182.0,0.017060579141593202,0.0015493087958482477,0.012026443131478493,0.012898676464831338
BFA_8182,BFA,Soubakaniedougo,0.38074,0.412099,0.420178,12913.0,12830.0,12830.0,0.015955325122844588,0.0038905123257311214,-0.0012888441734103528,0.0
BFA_8360,BFA,Tanghin-Dassouri,1.100867,1.290611,1.303955,14338.0,14854.0,15395.0,0.032314676526790764,0.0020593583828971695,0.007096226495340918,0.0071803745747565095
BFA_8451,BFA,Tenkodogo,5.024761,5.900331,5.963593,55889.0,57208.0,58441.0,0.032647726448053804,0.0021352164851482502,0.004676132727213345,0.004273897070082411
BFA_8529,BFA,Titao,0.689864,1.274306,1.303082,24292.0,30765.0,38785.0,0.13058195410926898,0.004476090131289245,0.04838000506845597,0.047421237179162246
BFA_8543,BFA,To,0.506699,0.593902,0.601107,12603.0,13414.0,14343.0,0.03226914939381276,0.002414637093361094,0.012550921288394301,0.013482698909089708
BFA_8557,BFA,Toma,1.01943,1.152303,1.177491,15856.0,16921.0,18147.0,0.02480646506434203,0.004334035893617028,0.013086382226512372,0.014088278192798676
BFA_8590,BFA,Tougan,1.792919,1.925951,1.938194,20927.0,23052.0,25583.0,0.014417920609488766,0.0012681514117582893,0.01953074596431259,0.02105367311641171
BFA_9045,BFA,Yako,2.340234,2.838697,2.885256,28056.0,34040.0,41410.0,0.03937424434945069,0.0032589963757649887,0.03942404636190644,0.039975566128896745
BFA_9049,BFA,Yalgo,0.661488,1.05444,1.067514,18881.0,25476.0,33694.0,0.09774124091126568,0.002467591600033403,0.061747506172280975,0.05750947265438766
BFA_9100,BFA,Zabre,0.967881,1.23098,1.258891,18674.0,21248.0,29957.0,0.049266497929326025,0.004494183597247181,0.02616250202432968,0.07111487937205552
BFA_9170,BFA,Ziniare,3.169873,3.913081,3.957665,23461.0,26870.0,31010.0,0.043026625867726764,0.0022684012675409093,0.02750567543726401,0.029074507694527574
BFA_9182,BFA,Zorgho,2.134916,2.458995,2.489109,25484.0,33939.0,44464.0,0.028668333494078935,0.0024373826450521108,0.05897641808242615,0.05550889491679012
BWA_1976,BWA,Bobonong,4.736695,4.892881,4.909097,19520.0,20854.0,22989.0,0.006509426105631322,0.0006619635917428646,0.013309026115694511,0.019685261841715818
BWA_2067,BWA,Tlhalogang,3.480139,3.645042,3.656904,11462.0,13326.0,16516.0,0.009302128857603842,0.0006500111195795188,0.030594643666411736,0.04385701239894613
BWA_3278,BWA,Francistown,8.282436,8.477514,8.509443,99027.0,102551.0,107961.0,0.00466687980452174,0.0007521310263332026,0.007018051020559746,0.010335004011276627
BWA_3310,BWA,Gaborone,47.486736,45.887136,46.212496,336587.00000000006,358811.0,424239.0,-0.006829693624270106,0.0014140831456344038,0.01286993947994719,0.03406768946354655
BWA_3483,BWA,Ghanzi,2.182948,2.266362,2.275269,16422.0,18126.0,20912.0,0.007528124083667764,0.0007847846736688258,0.019941318204560243,0.02900792353418935
BWA_4239,BWA,Jwaneng,2.295156,2.448064,2.468016,18016.0,18633.0,19620.0,0.012982893959443853,0.0016247346344404612,0.006757519754086561,0.010376516883710662
BWA_4527,BWA,Kanye,9.169655,9.309924,9.365697,46825.0,47831.0,49700.0,0.0030408671073471893,0.0011952800165746513,0.004260393084736913,0.007695654147437558
BWA_4991,BWA,Kopong,2.448504,2.519546,2.53725,10435.0,12814.0,15284.0,0.005736692308116131,0.0014013992002406273,0.041929785326822344,0.035882418017033846
BWA_5266,BWA,Letlhakane,4.610633,4.935112,4.975495,25459.0,33275.0,39506.0,0.013694970611836332,0.001631228104498339,0.05500700829983951,0.034925288372924745
BWA_5295,BWA,Lobatse,3.059975,3.115809,3.141945,28515.0,29624.0,29624.0,0.0036229638448441737,0.0016720373603249516,0.007660105439192044,0.0
BWA_5503,BWA,Mahalapye,12.269949,12.535705,12.590176,45146.0,47404.0,49588.0,0.004294770267773584,0.0008675470529542206,0.009808779997007688,0.00904914934331047
BWA_5814,BWA,Maun,12.90162,14.702746,14.802837,66660.0,79593.0,91626.0,0.026480826554650783,0.001357835530807039,0.03610057089695262,0.028557962619033983
BWA_6164,BWA,Mmadinare,3.774708,3.858537,3.876836,12714.0,12978.0,13608.0,0.004402676903493052,0.0009467000294369754,0.004118832708405629,0.00952552957654662
BWA_6177,BWA,Mochudi,13.93239,14.21625,14.293046,58121.0,62287.0,68360.0,0.004042013248471088,0.0010780704534150143,0.013941426177382255,0.018781213776090766
BWA_6207,BWA,Molepolole,14.356688,14.686248,14.754228,71138.0,73032.0,78839.0,0.0045494473284393155,0.0009240546879516476,0.005269042578896377,0.015419694761197533
BWA_6253,BWA,Moshupa,5.095461,5.361919,5.408495,21301.0,23072.0,25018.0,0.01024649748319928,0.0017312833877760614,0.016101400915085495,0.016327013385777356
BWA_7268,BWA,Palapye,8.543292,8.909394,9.040873,40874.0,49275.0,58806.0,0.008427273641490318,0.002934199327887743,0.0380921297509067,0.0359982011512201
BWA_7467,BWA,Ramotswa,5.024219,5.220759,5.241375,31405.0,32399.0,35983.0,0.007704079807113073,0.0007885256965627363,0.006251548311006161,0.021205517487319137
BWA_7853,BWA,Selibe Phikwe,4.044375,4.075405,4.08534,47294.0,43730.0,43730.0,0.0015297892211301178,0.00048708417202858456,-0.01554768164925091,0.0
BWA_7875,BWA,Serowe,14.01383,14.612088,14.689552,54104.0,54714.0,58426.0,0.008395936268265514,0.001058031605323917,0.0022448154151615274,0.013214829776401427
BWA_8465,BWA,Thamaga,5.315769,5.51648,5.560803,22804.0,24517.0,26494.0,0.0074399981795465475,0.001601790812671977,0.014591591955025018,0.015631216680424442
BWA_8542,BWA,Tlokweng,3.324603,3.705586,3.772049,40740.0,51191.0,61406.0,0.021935346951102996,0.0035617167439156994,0.046729629388069904,0.03705893825645368
BWA_8571,BWA,Tonota,7.816589,7.983958,8.023804,26340.0,26513.0,29353.0,0.004246191298174828,0.0009961648763980868,0.001310153988163476,0.020560427761708855
BWA_8690,BWA,Tutume,5.969495,6.161163,6.220604,17530.0,18376.0,19796.0,0.006340662270667874,0.001922134881368498,0.00947092128673055,0.014998247956032218
CAF_1550,CAF,Bambari,1.750388,2.26547,2.26547,52210.0,79876.0,96147.0,0.052942844610572415,0.0,0.0887609177862374,0.037776628667040235
CAF_1584,CAF,Bangassou,2.194682,2.285824,2.285824,38728.0,52466.0,60303.0,0.008171084711168675,0.0,0.06260187292834751,0.028234550113456214
CAF_1589,CAF,Bangui,30.336672,36.83524,36.950412,945883.0,1389150.0,1606979.0,0.039582867326055204,0.0006245553293491302,0.07989702471661864,0.02956130486686992
CAF_1660,CAF,Baoro,0.773025,0.81794,0.821572,17560.0,17765.0,17765.0,0.011359554188373755,0.0008865115012643976,0.002324024621615184,0.0
CAF_1713,CAF,Batangafo,0.588203,0.75073,0.752241,22045.0,23609.0,24168.0,0.050004855047819596,0.0004022178377027785,0.013802826716708516,0.004691259426852223
CAF_1832,CAF,Berbérati,3.95089,4.152714,4.152714,95164.0,102005.0,104474.0,0.010014053670567069,0.0,0.013980853189112574,0.004794739136317894
CAF_1981,CAF,Boda,0.953024,1.014158,1.014158,28952.0,29539.0,29539.0,0.012512414053601706,0.0,0.004022496180757118,0.0
CAF_2007,CAF,Bokaranga,1.022925,1.222408,1.223772,19351.0,34760.0,44006.0,0.03627370471278635,0.0002230665391926845,0.12428203468452081,0.04830202646624571
CAF_2073,CAF,Bossangoa,1.989623,2.294634,2.295738,45216.0,54085.0,58763.0,0.02893638833388179,9.620598296944394e-05,0.03647048341102743,0.016729501110051004
CAF_2074,CAF,Bossembélé,0.547655,0.609876,0.610753,11749.0,16759.0,19662.0,0.02175529551036992,0.0002874341621481591,0.07361714781375706,0.032466378687564745
CAF_2092,CAF,Bouar,2.989251,3.312823,3.315515,48293.0,69428.0,81699.0,0.020768289054948763,0.00016246720206214427,0.07530110963869352,0.03308585967772193
CAF_2096,CAF,Bouca,0.571167,0.641044,0.641044,14993.0,18840.0,20956.0,0.023351773231054196,0.0,0.046739158667483904,0.021516764182457626
CAF_2154,CAF,Bozoum,1.131098,1.199559,1.199922,26084.0,29155.0,30577.0,0.011822367605433204,6.0514917370246835e-05,0.022510486909701033,0.00956983434063896
CAF_2166,CAF,Bria,1.272224,1.634735,1.639711,46365.0,46461.0,46461.0,0.05142126260216551,0.0006080438023761126,0.0004137629262663811,0.0
CAF_2339,CAF,Carnot,2.205667,2.234416,2.234416,60184.0,78000.0,87976.0,0.0025933446947541405,0.0,0.053228762701605925,0.024363090836932333
CAF_2678,CAF,Dēkoa,0.57454,0.658449,0.665266,15561.0,19148.0,21091.0,0.027638518775205734,0.0020621014609265576,0.04235867035784269,0.019517654326919542
CAF_3350,CAF,Gamboula,0.497207,0.526487,0.52773,17655.0,19073.0,19623.0,0.011509773848827898,0.00047174110840630945,0.015570921507663593,0.005701919463032112
CAF_3614,CAF,Grimari,0.190594,0.222461,0.22282,13273.0,14676.0,23421.0,0.0314042867102895,0.0003225450639252614,0.020299612562239888,0.09799293634200779
CAF_4082,CAF,Ippy,0.74982,0.762908,0.762908,19468.0,27356.0,31908.0,0.0034668495932017596,0.0,0.07040037235058771,0.03126290833588574
CAF_4256,CAF,Kabo,1.323099,1.508234,1.511652,18862.0,20755.0,21579.0,0.026538582818165013,0.00045283501383930336,0.019311677049886677,0.00781708270277659
CAF_4395,CAF,Kaga-Bandoro,1.135643,1.389017,1.390072,30858.0,52645.0,65652.0,0.04110167822955746,0.00015185985835364235,0.11275068694947099,0.045148896036375064
CAF_5842,CAF,M'bāïki,0.758547,0.787288,0.787468,24337.0,21884.0,21884.0,0.007465603054596315,4.5722414334647965e-05,-0.0210242529757102,0.0
CAF_6218,CAF,Monga,0.0,0.0,0.0,24600.0,21894.0703413228,24027.0,,,-0.0230366307073413,0.0187663878777653
CAF_6618,CAF,Ndélé ,0.591309,0.861316,0.866384,13737.0,25730.0,32951.0,0.07812621237247974,0.0011740438710923229,0.13372984022550916,0.050717008794676
CAF_6844,CAF,Nola,1.312191,1.319523,1.319523,36630.0,31764.0,31764.0,0.0011150308771683548,0.0,-0.028104315497423094,0.0
CAF_7284,CAF,Paoua,1.690565,1.835232,1.841045,20762.0,45099.0,59887.0,0.016557198236939463,0.0006326882942584433,0.1678297783935938,0.05835929700055864
CAF_730,CAF,Alindao,0.310891,0.342611,0.342611,17337.0,31143.0,39427.0,0.019620668879690717,0.0,0.12428728558975766,0.048302586690563754
CAF_8030,CAF,Sibut,0.998709,1.141517,1.145254,28586.0,31361.0,32551.0,0.0270904331569779,0.0006538870717871514,0.018702337343119657,0.007476411321278631
CAF_9050,CAF,Yaloké,0.828268,0.9433,0.945727,15966.0,21154.0,24088.0,0.0263507176730311,0.0005140477249356845,0.057886987196859474,0.0263172973907575
CAF_9155,CAF,Zémio,0.227068,0.35289,0.355513,12282.0,16982.0,19681.0,0.0921861963977153,0.0014821819771317912,0.06694970751543194,0.0299393826904073
CIV_1177,CIV,Amelekia,0.479842,0.572489,0.578221,11759.0,11805.0,11805.0,0.03593803227751424,0.0019945118509956394,0.0007811580844192534,0.0
CIV_1199,CIV,Ananguie 1,0.431212,0.477881,0.480673,10290.0,13977.0,17401.0,0.02076503431151444,0.001165770525187515,0.06316266735971232,0.04479731625296113
CIV_1201,CIV,Mignore,0.506624,0.718881,0.722331,14413.0,15997.0,17053.0,0.07249246382068586,0.0009579878209085013,0.02107309225825471,0.012867064697865693
CIV_1205,CIV,Ande,0.509364,0.578126,0.58552,12955.0,14029.0,14462.0,0.025649212218015416,0.002544933519138093,0.016056502538305928,0.006098098963125853
CIV_1295,CIV,Arrah,1.389046,1.587425,1.612251,24790.0,30537.0,35556.0,0.02705882234285739,0.003108447752294463,0.042581389825297356,0.03090181843500095
CIV_1346,CIV,Assuefry,0.484087,0.525518,0.526292,10029.0,13081.0,15873.0,0.016559574696328294,0.00029439311825441017,0.054573036127076646,0.03945002522310359
CIV_1425,CIV,Azaguie,0.555137,1.262127,1.315685,14260.0,20567.0,26474.0,0.1785298222845808,0.008346448912290194,0.0759950775013265,0.05179166112257727
CIV_1453,CIV,Bacon,0.495185,0.568334,0.57684,10359.0,11648.0,12504.0,0.02793873483175302,0.0029755497107604167,0.02373300659797084,0.014283873704697081
CIV_1482,CIV,Bagohouo,0.277449,0.500607,0.502901,16428.0,12332.0,13069.0,0.12528557278740915,0.0009148120901165679,-0.055743975500075704,0.01167674784861572
CIV_1489,CIV,Bahe-Sebon,0.192543,0.256715,0.25913,12344.0,15468.0,18247.0,0.05921641428056912,0.0018744237674666042,0.04615407260053317,0.0335975274205611
CIV_1575,CIV,Bandiahi,0.407623,0.614636,0.62295,12417.0,12749.0,12749.0,0.08560506918716992,0.002690820993815679,0.005291216445780567,0.0
CIV_1587,CIV,Bangolo,0.819021,1.108309,1.12308,17331.0,24876.0,29345.0,0.062363557339562226,0.0026514049059471745,0.07495772535465117,0.03359574582229863
CIV_1661,CIV,Baoulifla,0.336975,0.41909,0.421442,14042.0,13894.0,13894.0,0.044580521581383925,0.0011199206803678141,-0.002116905453340534,0.0
CIV_1735,CIV,Bayota,0.688516,0.786023,0.791861,15547.0,15549.0,15549.0,0.02684346478674171,0.0014810591410747698,2.57271125516656e-05,0.0
CIV_1742,CIV,Bazre,0.115333,0.497013,0.500606,11708.0,15836.0,15836.0,0.3393153054550313,0.0014416745844609835,0.062264225821683006,0.0
CIV_1747,CIV,Becedi-Brignan,0.457354,0.544401,0.550872,16081.0,16072.0,16072.0,0.03545990420570533,0.0023660686540531994,-0.00011195840404087942,0.0
CIV_1754,CIV,Bediala,0.583059,0.671797,0.676666,17774.0,20261.0,20261.0,0.028738779400911296,0.0014453608470146317,0.02653825903385032,0.0
CIV_1779,CIV,Belle-Ville,0.309097,0.429715,0.430804,18706.0,22248.0,25171.0,0.06811286196363397,0.0005063345527089869,0.0352899762676413,0.024995358464387607
CIV_1829,CIV,Beoumi,1.115744,1.454184,1.465296,26233.0,40576.0,42866.0,0.05441350647931387,0.0015236298025296247,0.09114949128551575,0.011040948737155443
CIV_183,CIV,Adiake,0.994595,1.088172,1.091731,19583.0,22625.0,23563.0,0.01814645866933695,0.0006532704494588426,0.029299763034459136,0.008157531926163086
CIV_1864,CIV,Biankouma,1.121735,1.281941,1.290495,18418.0,23940.0,28153.0,0.027059380195705307,0.0013309910039829287,0.05384402001386435,0.032951919106374294
CIV_1865,CIV,Bianouan,0.33261,0.413209,0.420009,13922.0,17305.0,18637.0,0.04435197887379072,0.0032698586407666763,0.04446524886578018,0.014941195149640096
CIV_1877,CIV,Bieby,0.332291,0.388099,0.394549,17107.0,19414.0,21035.0,0.031536949618245824,0.0033020154245688715,0.025624139400226342,0.01616796192724612
CIV_194,CIV,Adjamene,0.590731,0.664031,0.673615,10812.0,12949.0,14737.0,0.02366939333672602,0.0028700900356422032,0.03673088996051099,0.026206049572691237
CIV_1967,CIV,Blenimeouin,0.458774,0.473681,0.476357,15610.0,13175.0,13175.0,0.006415770503011453,0.0011273297131397797,-0.03334935700001762,0.0
CIV_1971,CIV,Blolequin,0.620807,1.227225,1.241144,33156.0,47480.0,60891.0,0.14602348543448151,0.002258148173846397,0.07445867305557874,0.05101394714169949
CIV_1978,CIV,Bocanda,0.703904,0.801231,0.809399,10980.0,10865.0,10865.0,0.026239820237378142,0.002030599270540945,-0.002103548908013786,0.0
CIV_1995,CIV,Bognonzra,0.681076,0.719207,0.726945,12116.0,12418.0,12418.0,0.01095463046102485,0.0021426131530370984,0.004936170903753423,0.0
CIV_2038,CIV,Bondoukou,4.52395,5.807068,5.911771,91242.0,103844.0,112290.0,0.05120598062155568,0.0035803244626848585,0.02621255214470497,0.015761936786451214
CIV_2043,CIV,Bongouanou,1.405775,1.679656,1.699023,28841.0,40116.0,42741.0,0.03624132062892116,0.002295504531376835,0.06822186130605679,0.01275736761572821
CIV_2047,CIV,Bonon,2.317727,2.530524,2.541996,95086.0,97459.0,97459.0,0.017723109339370824,0.0009050499674236878,0.00494217877391101,0.0
CIV_2048,CIV,Bonoua,2.346859,3.898389,3.953979,39191.0,66897.0,85402.0,0.10682672021199235,0.002835817902803406,0.11286903721423958,0.05005556238751052
CIV_2049,CIV,Bonoufla,0.814856,0.912525,0.918677,24117.0,23863.0,23863.0,0.02289906290623378,0.001344725182442108,-0.0021153282935696405,0.0
CIV_2069,CIV,Borotou-Koro,0.478028,0.503984,0.508153,12125.0,15337.0,18217.0,0.010631156060602942,0.0016489704188360488,0.048121751838074545,0.03501653545631722
CIV_2078,CIV,Botro,0.666134,0.815918,0.822851,10283.0,16511.0,21498.0,0.04139858358905313,0.0016936885951748248,0.09933665373312084,0.0542046711507993
CIV_2087,CIV,Bouafle,3.746169,4.650984,4.705081,83736.0,98676.0,110745.0,0.04421877119883977,0.00231551236794747,0.03337955518297897,0.023346051552020075
CIV_2088,CIV,Bouake,25.365412,29.739756,29.922792,552444.0,690125.0,804049.0,0.03233130195192602,0.0012278987913312278,0.04550929879835852,0.031029166746256553
CIV_2089,CIV,Bouandougou,0.381975,0.440889,0.443265,10834.0,12741.0,14273.0,0.029103048681635046,0.001075506391575054,0.03295865026651956,0.02296871014140378
CIV_2127,CIV,Bouna,1.70214,1.980037,2.000926,19275.0,26573.0,33374.0,0.030707902027881318,0.0021011126517394008,0.06632413768719148,0.046630857624488486
CIV_2128,CIV,Boundiali,2.944068,3.255738,3.277806,41069.0,55177.0,68239.0,0.020329215923281296,0.001351976711571945,0.06083732353411042,0.04340980614815715
CIV_218,CIV,Adzope,3.086958,3.474186,3.538877,60349.0,81975.0,102061.0,0.023916329081484555,0.0036966635095567746,0.06316891317718887,0.044806050102200734
CIV_223,CIV,Affery,1.280123,1.429439,1.438211,22380.0,35330.0,44953.0,0.022310414966924652,0.0012243329843835138,0.0956118251930731,0.049356382971211366
CIV_2298,CIV,Buyo,0.787939,1.363454,1.368137,26041.0,31514.0,31514.0,0.11591105154177384,0.000685990055125707,0.03888906397434466,0.0
CIV_2347,CIV,Cechi,0.4284,0.505068,0.514251,10568.0,11532.0,11992.0,0.03347524474773267,0.0036101809482498304,0.01761234245112786,0.0078534742188332
CIV_250,CIV,Agboville,3.23326,4.162751,4.236661,58548.0,91975.0,109173.0,0.051835830545771344,0.003526063028250759,0.09453977057638929,0.03487784520987147
CIV_2519,CIV,Dabakala,0.832745,1.120459,1.125079,14526.0,18265.0,21601.0,0.06115002131074876,0.0008233052561525955,0.04687475563988941,0.034119758452785254
CIV_2523,CIV,Dabou,3.161797,3.477395,3.505911,66692.0,89764.0,111138.0,0.0192107799770167,0.0016347248819295057,0.06122064732317645,0.04364326790696271
CIV_2524,CIV,Dabouyo,0.683198,0.813384,0.818179,20400.0,20782.0,24511.0,0.03549929553379427,0.0011762545070845842,0.0037173576143958442,0.03355772635988141
CIV_2529,CIV,Dagadji,0.501973,0.544615,0.548561,21924.0,18435.0,18435.0,0.01644023545937534,0.0014449154694502475,-0.03407219066512157,0.0
CIV_2543,CIV,Dairo,0.512411,0.559226,0.563228,10103.0,11735.0,12999.0,0.017639092753915175,0.0014271843968058917,0.03040165647600479,0.02067004697450958
CIV_2549,CIV,Dakpadou,0.289841,0.671396,0.682436,11754.0,15725.0,19396.0,0.1829429110009657,0.0032672504533977076,0.05993929633879036,0.04285590418583629
CIV_2557,CIV,Daloa,13.43773,15.58344,15.690582,260984.0,320653.0,366443.0,0.030071768519593034,0.0013713089422717761,0.04203974724979842,0.027056237536117633
CIV_2591,CIV,Danane,3.032308,3.733267,3.763961,64011.0,76438.0,84896.0,0.04246899701755624,0.0016389693913423375,0.03612210848570352,0.021211231487217708
CIV_2608,CIV,Daoukro,2.391109,2.715178,2.747139,45570.0,60721.0,71120.0,0.025745892120111913,0.00234323981663187,0.059087829396171854,0.032120886048446096
CIV_261,CIV,Agnibilekrou,2.779141,3.072217,3.121999,49958.0,63660.0,76018.0,0.02025389473915573,0.003219983239097335,0.0496688714244542,0.036119771280332724
CIV_2611,CIV,Dapeoua,0.223582,0.266074,0.266724,11056.0,10600.0,10600.0,0.03541182454400582,0.00048810914840013986,-0.008388471948719611,0.0
CIV_2709,CIV,Diangobo,0.38837,0.470002,0.483987,17608.0,22649.0,27224.0,0.0388929668925595,0.005881447562084308,0.05164170460176676,0.03748202458447758
CIV_2711,CIV,Dianra,0.920899,1.112154,1.11711,26597.0,29123.0,30398.0,0.03846194298053596,0.0008896590833564755,0.01831160085541228,0.008606540483922398
CIV_2712,CIV,Dianra-Village,0.574128,0.651077,0.655444,11122.0,13543.0,15626.0,0.025474168832991362,0.0013378849309235719,0.040174966457686256,0.029026569255082624
CIV_2717,CIV,Diawala,0.799577,0.903785,0.908278,20776.0,23474.0,25322.0,0.024804366562201086,0.0009922917750837534,0.02471957548190784,0.015271466571169734
CIV_2729,CIV,Diegonefla,1.502443,1.681985,1.693065,34452.0,34118.0,34118.0,0.0228332152423405,0.0013140330343142104,-0.0019464924553744822,0.0
CIV_2736,CIV,Dignago,0.339016,0.589789,0.596985,12385.0,13218.0,13398.0,0.1171083411793834,0.0024283720570408285,0.013103806977490695,0.0027088433113584554
CIV_2742,CIV,Dikodougou,0.909187,0.972345,0.977727,14339.0,16296.0,17681.0,0.013522591494106395,0.0011045716318025534,0.0259174816150185,0.01644799055083057
CIV_2748,CIV,Dimbokro,2.09889,2.510494,2.527427,50213.0,53170.0,53170.0,0.036463235686372775,0.001345352710696135,0.011509807970766728,0.0
CIV_2765,CIV,Diourouzon,0.222418,0.252195,0.257376,13213.0,13341.0,13341.0,0.025447210832671985,0.004075372421296519,0.001930021451350461,0.0
CIV_2786,CIV,Divo,6.937816,8.175927,8.252887,108316.0,178334.0,225166.0,0.03338664709302619,0.0018755513855761574,0.10486268815556499,0.04774050162437282
CIV_2792,CIV,Djapadji,0.461046,0.472492,0.476495,31453.0,26447.0,26447.0,0.004916646127646862,0.0016887071198998793,-0.034076197766801375,0.0
CIV_28,CIV,Abengourou,5.695923,6.618285,6.67012,108296.0,126471.0,137275.0,0.03047217902730548,0.0015615334913225976,0.03151537902557977,0.01652976556022523
CIV_2816,CIV,Doba,0.233699,0.265072,0.266406,13891.0,12516.0,12516.0,0.02551354325246269,0.0010044989192306009,-0.020630874910097186,0.0
CIV_2829,CIV,Doka,0.144008,0.217137,0.217941,10858.0,10818.0,10818.0,0.08559902067112546,0.0007394519038674829,-0.0007378720452403398,0.0
CIV_2862,CIV,Doropo,0.934734,1.265618,1.271761,14787.0,17412.0,19529.0,0.062485276720481986,0.0009688718030973487,0.033222171904197184,0.0232135186482465
CIV_2873,CIV,Doukouya,0.448986,0.495242,0.497063,15293.0,15909.0,15909.0,0.01980452321881665,0.0007343188073856144,0.007929227016832074,0.0
CIV_288,CIV,Ahigbe-Koffikro,0.227808,0.442804,0.448035,15342.0,21607.0,21607.0,0.14216411927639694,0.0023515846773700666,0.07088416977398726,0.0
CIV_2897,CIV,Duekoue,3.689904,4.59641,4.63642,92775.0,112628.0,120894.0,0.044914458855969785,0.0017348937298213851,0.03954449240814606,0.01426555068782731
CIV_2944,CIV,Ebilassokro,0.50732,0.546792,0.552203,14691.0,18888.0,22696.0,0.015098143774486372,0.0019713922697730535,0.05154272490954592,0.037415350116264845
CIV_3151,CIV,Essuikro,0.260815,0.29609,0.300401,14177.0,15127.0,15328.0,0.025694991882414975,0.0028951401702013158,0.013056560835835729,0.0026434867955080765
CIV_32,CIV,Abidjan,129.55664,153.560672,154.779184,4717347.0,5877152.0,6718596.0,0.03457996894940707,0.0015819971526584986,0.04494593277391412,0.02712268423776565
CIV_3230,CIV,Ferkessedougou,4.084484,4.438567,4.480348,58850.0,71312.0,81954.0,0.01676623621022344,0.001875585790667822,0.03916193493140674,0.028209252782231742
CIV_3256,CIV,Flakiedougou,0.461432,0.543156,0.551112,12538.0,18025.0,23163.0,0.03314998664740654,0.002912529956570875,0.07529939530468122,0.051438576112673884
CIV_3283,CIV,Fresco,0.52068,0.569183,0.575124,13147.0,14610.0,15494.0,0.01797287250413304,0.0020788919920247118,0.021326758826940795,0.01181861973352727
CIV_3286,CIV,Fronan,1.079462,1.195302,1.202903,17108.0,22011.0,26462.0,0.020596459751079044,0.0012685897535396062,0.05169087660855598,0.03752024132583287
CIV_3308,CIV,Gabiadji,0.909423,1.043624,1.056296,17932.0,18304.0,18304.0,0.027911263308730616,0.002416751187267918,0.004115001243141458,0.0
CIV_3317,CIV,Gadouan,0.497713,0.798802,0.805754,13176.0,13868.0,13868.0,0.099238755658692,0.0017345785856544005,0.010289988520083115,0.0
CIV_3320,CIV,Gagnoa,7.08854,8.678906,8.762428,164910.0,202999.0,229469.0,0.04131383388559828,0.0019173460881118931,0.04243595262867417,0.024816301254534157
CIV_3331,CIV,Galebre,0.705705,0.785242,0.797779,16843.0,18581.0,19554.0,0.021588664124142287,0.003172956445445463,0.019835033758474285,0.010260343184522736
CIV_3371,CIV,Gaoussoukro,0.344272,0.357502,0.361946,12534.0,12773.0,12773.0,0.00757029365555395,0.0024738695587036563,0.003784867842042905,0.0
CIV_3380,CIV,Garango,0.437091,0.646738,0.652423,12551.0,14791.0,16600.0,0.08151190156759047,0.0017519043918674537,0.03338901701210495,0.023345090071942964
CIV_3434,CIV,Gbagbam,0.432864,0.513706,0.525153,14032.0,14496.0,14496.0,0.03483863390678943,0.0044174344914929,0.006527675745080286,0.0
CIV_3438,CIV,Gbapleu,0.803872,0.854642,0.859803,22834.0,21507.0,21507.0,0.01232384342083992,0.0012048503373034425,-0.01190302966986756,0.0
CIV_3446,CIV,Gbolouville,0.379623,0.453129,0.45504,12940.0,16745.0,20211.0,0.03603366619054382,0.0008420491282030707,0.052907393020273474,0.03834226024399667
CIV_3543,CIV,Gnato,0.251954,0.438169,0.441128,13158.0,16260.0,18979.0,0.11702804802209665,0.0013469867847502037,0.04324456739581284,0.031408145505724905
CIV_3554,CIV,Gohitafla,0.699935,0.753753,0.760128,12420.0,14879.0,16938.0,0.01492574370764621,0.001685841840041613,0.03678911640689675,0.026260649806866265
CIV_3555,CIV,Gohouo-Zagna,0.356164,0.418199,0.418533,17302.0,15821.0,15821.0,0.0326344129065681,0.0001596815629627546,-0.017737589698398892,0.0
CIV_3568,CIV,Gomeneberi,0.234376,0.262179,0.264716,10412.0,10073.0,10073.0,0.02267338336339364,0.0019278712798613817,-0.006598217566080922,0.0
CIV_3570,CIV,Gomon I,0.32093,0.381969,0.393414,10116.0,14238.0,18091.0,0.035436714949030224,0.005922074363319041,0.07074987800030375,0.04906577085532238
CIV_3571,CIV,Gonate,0.824838,1.108671,1.121976,19692.0,22332.0,24180.0,0.060930183850025355,0.002388731644859421,0.02548085879056705,0.01602813789130808
CIV_3602,CIV,Grabo,0.378529,0.420128,0.422689,15538.0,19201.0,22413.0,0.021072298072175366,0.001216190420114005,0.04324364079196896,0.031419240632378775
CIV_3607,CIV,Grand-Lahou,1.36439,1.597352,1.626097,29259.0,32081.0,33536.0,0.032030234042205175,0.0035734509505458423,0.018585955351248185,0.008910571704126236
CIV_3608,CIV,Grand-Zattry,0.710416,0.980167,0.985031,24835.0,26910.0,27761.0,0.06649167210022222,0.0009905197305681845,0.01617827698413854,0.006246265723129696
CIV_3613,CIV,Grihiri,0.289327,0.336899,0.342318,13584.0,14551.0,14813.0,0.030913321420304785,0.0031964873924537063,0.01384843138211922,0.003575467552985767
CIV_3633,CIV,Guepahouo,0.712226,0.757371,0.759829,20701.0,18263.0,18263.0,0.012367441867275675,0.0006482464434558466,-0.0247495514037106,0.0
CIV_3638,CIV,Guessabo,0.645175,0.81496,0.818352,14226.0,22050.0,23151.0,0.047832229670399684,0.0008310510535600724,0.09160409925416313,0.009792712711153673
CIV_3640,CIV,Gueyo,0.753017,0.951236,0.965798,11955.0,15244.0,18212.0,0.047844165223891455,0.0030431231317900043,0.049807985422466894,0.03621945120426662
CIV_3641,CIV,Guezon,0.612072,0.633116,0.634128,15902.0,17724.0,18856.0,0.00678365285263105,0.00031948444520124575,0.021931999803003643,0.012459280560342956
CIV_3645,CIV,Guiberoua,0.903797,1.16304,1.18116,18528.0,22078.0,23912.0,0.0517311844955588,0.003096732939973812,0.03568154464128548,0.016087794646977516
CIV_3651,CIV,Guiglo,2.628368,2.82001,2.833253,53999.0,70969.0,86551.0,0.014174987679777429,0.0009374572270000048,0.05617672744899549,0.04049663697122918
CIV_3654,CIV,Guinglo-Tahouake,0.268162,0.317951,0.319823,14154.0,17140.0,19687.0,0.034647926766016024,0.0011747764912672931,0.039025784752919845,0.028096178237739133
CIV_3656,CIV,Guitry,0.81782,0.959219,0.966891,11762.0,15321.0,18574.0,0.03240954022335152,0.001594541462952126,0.05429267101516877,0.03925869258673087
CIV_3798,CIV,Hermankono-Garo,0.620112,1.065052,1.071708,14610.0,24848.0,28653.0,0.11424356681462089,0.0012467792286117163,0.11206006330005747,0.028906076972202266
CIV_3811,CIV,Hire,2.092452,2.293992,2.310946,32845.0,44022.0,54363.0,0.018561552639967616,0.0014737715691781617,0.06032768434217206,0.0431018823672904
CIV_4129,CIV,Issia,2.557483,3.597028,3.631378,54850.0,73135.0,88292.0,0.07059746960925128,0.0019026560811548077,0.05922866882541,0.03838694118478747
CIV_4167,CIV,Jacqueville,0.617106,0.96771,0.979303,11403.0,18700.0,23014.0,0.09415057264462501,0.0023845662705577197,0.10398836520641352,0.04238967370281177
CIV_421,CIV,Akoupe,1.349731,2.095309,2.127837,27407.0,44983.0,48290.0,0.09194350937060869,0.003085737972110092,0.10417366096120628,0.0142890988226414
CIV_4409,CIV,Kahin-Zarabaon,0.377962,0.424448,0.428442,26155.0,25397.0,25397.0,0.02347036173824457,0.0018749298452449548,-0.005864599705237672,0.0
CIV_4495,CIV,Kanakono,0.355687,0.759594,0.762001,10408.0,12635.0,14541.0,0.16386526381805733,0.0006329578351149667,0.0395409275943448,0.028498838646598967
CIV_4533,CIV,Kaouara,0.166663,0.30323,0.309498,20726.0,25731.0,27737.0,0.12716266233050044,0.004100391014169924,0.04421092864244236,0.015127432887985348
CIV_46,CIV,Aboisso,1.981804,2.125756,2.156167,46954.0,52186.0,55354.0,0.014122790049558631,0.0028449601379303413,0.021353973583176478,0.011856672479053643
CIV_4648,CIV,Katiola,2.470019,3.115412,3.137308,41436.0,56664.0,74729.0,0.04752172532228882,0.0014017216207689032,0.06459857587975515,0.056906060858784135
CIV_47,CIV,Aboisso-Comoe,0.328925,0.385085,0.391261,16378.0,18203.0,19308.0,0.03202910128122349,0.0031872218920263595,0.021354297184128734,0.011856356351743313
CIV_4962,CIV,Kolia,0.522219,0.57754,0.583939,12460.0,14783.0,16690.0,0.020342273014957613,0.002206194323484123,0.03478209851033731,0.024563197672404113
CIV_4978,CIV,Konedougou,0.410164,0.556233,0.559069,10587.0,14224.0,17591.0,0.06282030328285648,0.001017643253236944,0.06083970503651037,0.04340702644921657
CIV_4979,CIV,Kong,0.390258,0.600625,0.606016,12100.0,14549.0,16613.0,0.09005978588416164,0.0017887195810408762,0.037551242252661154,0.026887776381033346
CIV_4987,CIV,Kononfla,1.005915,1.155515,1.17603,28774.0,32002.0,32177.0,0.028117758348377375,0.0035258466880809802,0.021492956343385883,0.0010912971850702835
CIV_4997,CIV,Korhogo,16.744051,21.041776,21.278836,250310.0,336946.0,418291.0,0.04675337773407251,0.002243145850840067,0.0612468666024395,0.0441998898290199
CIV_5010,CIV,Kouamefla,0.413389,0.464529,0.46979,11253.0,11212.0,11212.0,0.023601192336812016,0.0022548979303429473,-0.0007297588894303875,0.0
CIV_5012,CIV,Kouibly,0.58761,0.67791,0.680343,12158.0,13192.0,13631.0,0.029002837774362966,0.0007167661533027392,0.016458614146553474,0.006568684865333685
CIV_5033,CIV,Kouto,0.975825,1.049865,1.072643,11293.0,14852.0,18120.0,0.014734213193307477,0.004302049719066003,0.05631907533164626,0.040578025867177514
CIV_5050,CIV,Krazandougou,0.274526,0.325943,0.328133,13172.0,12406.0,12406.0,0.03493157049120099,0.0013401961708210397,-0.011911121804670022,0.0
CIV_5203,CIV,Lakota,2.264581,2.564488,2.579968,25668.0,71179.0,97982.0,0.02518575354306196,0.0012043540914827844,0.22628656528893965,0.0660041208483566
CIV_5298,CIV,Loboville,0.109253,0.230712,0.233055,12690.0,12167.0,12167.0,0.16125437331037595,0.0020229028689469075,-0.008382055609122752,0.0
CIV_53,CIV,Abongoua 1,0.388623,0.429997,0.431117,10696.0,13793.0,16608.0,0.020439790962615945,0.0005203919694509729,0.05217376387180295,0.03784314227022567
CIV_5304,CIV,Logouale,0.575195,0.847335,0.853303,12769.0,14033.0,14707.0,0.08055781509740756,0.0014046999208334743,0.019057589214650505,0.00942652688172041
CIV_5359,CIV,Luenoufla,0.584311,0.632455,0.632946,20187.0,20727.0,20727.0,0.01596117952703424,0.00015521976989463226,0.0052936350947507815,0.0
CIV_5463,CIV,Mafere,0.698047,0.817777,0.844334,13484.0,16350.0,18799.0,0.03216717943087333,0.006412163985751285,0.039297308613550186,0.028308434834709795
CIV_5524,CIV,Mahapleu,0.971175,1.333084,1.337289,15334.0,21068.0,25702.0,0.06539831194331147,0.0006300734866868662,0.06559842556959783,0.0405638208178567
CIV_5631,CIV,Man,6.064569,7.744947,7.879056,154617.0,190891.0,214537.0,0.05013153826967853,0.0034393949955036085,0.043051236156669725,0.02363081218092944
CIV_5670,CIV,Mankono,0.948686,1.017086,1.031597,17157.0,23492.0,24632.0,0.01402120495178294,0.0028372997348098394,0.06486788179330194,0.00952234635926219
CIV_5699,CIV,Manzanouan,0.346779,0.379567,0.384854,10485.0,12215.0,13568.0,0.0182329143504385,0.002770412969629099,0.031015055840398098,0.02123213612024677
CIV_58,CIV,Aboude-Kouassikro,0.357457,0.889791,0.900776,11756.0,24522.0,29204.0,0.200087301864859,0.0024570155992862386,0.15840190255933262,0.0355648249743723
CIV_5840,CIV,M'Bahiakro,0.740306,0.814973,0.822841,15307.0,15280.0,15280.0,0.019404133675408497,0.0019234479631999868,-0.0003530289448513413,0.0
CIV_5857,CIV,M'Batto,1.012207,1.290023,1.307975,18807.0,24562.0,29830.0,0.04970103016992944,0.0027678418268313187,0.054845465970093654,0.039627850511127605
CIV_5861,CIV,M'Bengue,0.914586,1.445381,1.474172,22858.0,30255.0,34533.0,0.09585112664741291,0.003952494908606274,0.05767389582910609,0.026803712597718965
CIV_5894,CIV,Meagui,2.683009,3.032005,3.044273,64488.0,71203.0,74999.0,0.024758564681483408,0.0008079269469367656,0.020008701840625642,0.010442107778069198
CIV_6223,CIV,Monoko-Zohi,0.233076,0.311321,0.315567,10395.0,12880.0,15065.0,0.059600542832825676,0.0027129707731068375,0.04380235862123305,0.031835949108617756
CIV_6271,CIV,Moussadougou,0.696261,0.808289,0.814448,16797.0,21944.0,26656.0,0.030288660159144554,0.0015193360867529204,0.054913413365011765,0.039670777009714664
CIV_6529,CIV,Nambingue,0.293282,0.311308,0.312315,13221.0,14183.0,14463.0,0.012001076360549146,0.0006461122556515875,0.014146647970271875,0.003917573664734109
CIV_6634,CIV,N'Douci,1.180568,1.545876,1.580449,27863.0,39774.0,50923.0,0.055399124318177506,0.004433447561870585,0.07377744907044104,0.050661799732607316
CIV_6737,CIV,Niable,0.879436,1.005271,1.022902,16190.0,18981.0,21205.0,0.027107221981578666,0.0034833586017852802,0.03232025365551827,0.022407054765924084
CIV_6739,CIV,Niakaramadougou,1.298167,1.51443,1.521651,17278.0,23355.0,28991.0,0.03129693691173041,0.0009518124972924813,0.062129033174460835,0.04418311188613955
CIV_6750,CIV,Niapidou,0.265812,0.481994,0.489427,14537.0,19448.0,23989.0,0.1264019918701227,0.003065419466940833,0.05993694734072341,0.04286343327335018
CIV_6755,CIV,Nielle,0.713809,0.962056,0.974389,19646.0,27676.0,35183.0,0.06150896560982333,0.002550837236072745,0.07094171756364331,0.049170109705914955
CIV_6772,CIV,Nizahon 1,0.137604,0.153102,0.153102,12122.0,12557.0,12557.0,0.021574305532435112,0.0,0.0070761777578458585,0.0
CIV_6929,CIV,N'Zianouan,0.594859,0.821187,0.83476,12952.0,16486.0,19670.0,0.06660988869345386,0.0032840615246083615,0.04943535659492704,0.035947657903715236
CIV_6963,CIV,Odienne,3.540737,3.83723,3.863203,43341.0,61935.0,79341.0,0.01621320127111736,0.0013500865480551294,0.07400781839563675,0.050781228011786084
CIV_6997,CIV,Ogoudou,0.362596,0.438538,0.443177,15188.0,18482.0,21313.0,0.03876389116463752,0.002106770460259755,0.04003912082038563,0.0289141120189933
CIV_7055,CIV,Okromodou,0.2643,0.311368,0.316484,13416.0,12980.0,12980.0,0.03332125511636197,0.0032647567444439307,-0.00658588004991334,0.0
CIV_7056,CIV,Okrouyo,0.445363,0.509082,0.5146,12568.0,13057.0,13057.0,0.02710471190343844,0.0021584853980338714,0.007663311510358151,0.0
CIV_7160,CIV,Ouangolodougou,1.821663,2.535673,2.571476,39043.0,41885.0,42714.0,0.06837825905590278,0.0028081290429768924,0.014152038167224212,0.003927485987175849
CIV_7165,CIV,Ouattaradougou,0.225849,0.238879,0.24341,13237.0,12468.0,12468.0,0.011281261508009788,0.0037650935764708127,-0.01189875853465816,0.0
CIV_7224,CIV,Oume,1.894426,2.135208,2.157907,46462.0,46293.0,46293.0,0.024218246350194095,0.0021171789902265647,-0.0007285369762914939,0.0
CIV_7226,CIV,Oupoyo,0.782086,0.850951,0.853447,18895.0,20082.0,20082.0,0.0170212053508223,0.000585950694593329,0.012259854302753226,0.0
CIV_7227,CIV,Ouragahio,0.913304,1.061293,1.077434,11565.0,14329.0,16759.0,0.03049048954077005,0.003023423782087864,0.04379220470424228,0.03182594442668685
CIV_7285,CIV,Para,0.709278,0.760076,0.762051,18081.0,21254.0,23800.0,0.013930310419046243,0.0005191455694686375,0.032865202108582015,0.02288605087385087
CIV_7299,CIV,Pelezi,0.418682,0.499706,0.509021,14491.0,17956.0,21003.0,0.03601502716522975,0.0037007002609303896,0.04381191039378329,0.03184472219433765
CIV_7560,CIV,Rubino,0.43674,0.48899,0.49809,14413.0,13652.0,13652.0,0.022858130410560396,0.0036945569560218328,-0.010790272037126791,0.0
CIV_7660,CIV,Sahoua,0.176022,0.196066,0.199231,16520.0,12126.0,12126.0,0.021802750779810864,0.003207857857200569,-0.05997045380399679,0.0
CIV_7676,CIV,Saioua,1.200513,1.383803,1.390334,27637.0,30478.0,32061.0,0.028824931845331525,0.0009421435435321701,0.019762677841571152,0.010178497330687986
CIV_7679,CIV,Sakassou,0.618298,0.738989,0.74312,13551.0,17157.0,18836.0,0.03630603292795653,0.0011155223770682454,0.04832031329014774,0.01884816147786328
CIV_7763,CIV,Sankadiokro,0.42382,0.462682,0.465263,10006.0,12663.0,15046.0,0.017701070659369655,0.0011131879420280821,0.04822670962361442,0.03508708568268171
CIV_7768,CIV,San-Pedro,6.96132,9.019276,9.052502,169513.0,221456.0,284354.0,0.05316402541746856,0.0007356942530452049,0.054913592596759875,0.05127025886447334
CIV_7800,CIV,Sassandra,1.020918,1.084659,1.087988,27345.0,31293.0,34066.0,0.012186341536574385,0.0006130812737727975,0.027339187591371328,0.01712607589566595
CIV_7815,CIV,Scierie Jacob,0.226324,0.237779,0.240345,10857.0,10752.0,10752.0,0.009923730843287792,0.002149049959699889,-0.0019417622295136994,0.0
CIV_7836,CIV,Seguela,2.782815,3.187864,3.216829,47468.0,67821.0,85414.0,0.027550298957885522,0.0018106355620985948,0.07397123893694557,0.04720805555738017
CIV_7859,CIV,Semien,0.380129,0.429713,0.431952,10911.0,12572.0,13823.0,0.024824496536085983,0.001039925742400305,0.028745535073514406,0.019153469153549985
CIV_8081,CIV,Sietinfla,0.232789,0.253338,0.254692,12556.0,14797.0,16607.0,0.017062347322643667,0.0010666497657638718,0.033390520497031506,0.02334837051855687
CIV_8094,CIV,Sikensi,1.742724,2.165605,2.200458,35551.0,40235.0,49573.0,0.04440784819562116,0.0031982540099235734,0.02506271457498177,0.04262525214449786
CIV_8109,CIV,Sinematiali,0.956985,1.08511,1.089031,10445.0,13933.0,17155.0,0.025448199883013833,0.0007216494010493513,0.05932016270075091,0.042483565268179424
CIV_8110,CIV,Sinfra,3.270135,3.565491,3.601899,82892.0,85807.0,85807.0,0.017444509537560382,0.0020339524988535196,0.006936352339014018,0.0
CIV_8166,CIV,Songan,0.184305,0.215091,0.219827,10265.0,11579.0,12470.0,0.0313760072814675,0.00436543667354683,0.02438313553239646,0.01493698762841178
CIV_8183,CIV,Soubre,5.729206,6.548188,6.565,103999.0,139723.0,172800.0,0.027082525483333786,0.0005129590387566996,0.06083477471094101,0.04341041466906859
CIV_8260,CIV,Tabou,1.031515,1.098654,1.103254,23363.0,32074.0,40184.0,0.012691299334844475,0.0008359893696814336,0.06542995546555308,0.0461163938802478
CIV_8271,CIV,Tafire,0.921439,1.194049,1.207612,17667.0,21896.0,25616.0,0.05320063401320474,0.0022615140163093628,0.043855527038309194,0.03188026382546538
CIV_8352,CIV,Tanda,1.074566,1.255135,1.261541,28425.0,36519.0,42063.0,0.03155281616183592,0.0010186891200685277,0.051389609368560185,0.028670471700849243
CIV_8412,CIV,Tchefrodouo,0.181343,0.230124,0.230705,10344.0,15989.0,21266.0,0.04879890109984353,0.0005044359918828789,0.0910045407686999,0.05869997153994788
CIV_8449,CIV,Tengrela,1.78408,1.980253,1.987042,41440.0,45302.0,47202.0,0.021083529835339343,0.0006847316053280039,0.017980656765068437,0.008250868929115418
CIV_8487,CIV,Tiassale,0.9552,1.321961,1.342242,20613.0,29698.0,35436.0,0.0671485185928975,0.0030496627733460624,0.07576447863259661,0.03596121907896355
CIV_8498,CIV,Tiebissou,1.041053,1.131557,1.143556,19354.0,22650.0,25263.0,0.016812131522083273,0.002111855893909498,0.03195199251245939,0.022076359309413318
CIV_8582,CIV,Tortiya,0.857237,0.905226,0.905863,16441.0,20324.0,23730.0,0.010953598112558138,0.00014069873711708425,0.0433167777017367,0.03147263447621884
CIV_8585,CIV,Touba,1.382145,1.680266,1.69656,22980.0,32187.0,40788.0,0.03983608982393361,0.0019319753308131293,0.06971009699994468,0.048504701354541435
CIV_8594,CIV,Touih,0.625534,0.660406,0.665916,16400.0,16740.0,16740.0,0.010908895266390717,0.0016631292784452523,0.004112378764671298,0.0
CIV_8597,CIV,Toumodi,2.23273,2.604566,2.644518,44385.0,56050.0,65974.0,0.031287685312138214,0.0030491912435595125,0.04777462993370185,0.03314062665740369
CIV_8819,CIV,Vavoua,2.273157,3.281027,3.300191,68955.0,70051.0,70051.0,0.07615808897790921,0.001165451099301329,0.003158864785825166,0.0
CIV_8966,CIV,Watte,0.22982,0.302123,0.304008,21344.0,17947.0,17947.0,0.05623169047676235,0.001244733563431577,-0.03407543698622706,0.0
CIV_9035,CIV,Yabayo,1.23026,1.389349,1.403913,20642.0,27733.0,34298.0,0.024620143902870373,0.0020877855476937324,0.06083787175899191,0.043408544551760464
CIV_9042,CIV,Yakasse-Attobrou,0.63274,0.763401,0.775684,14626.0,18814.0,22615.0,0.03825847990528741,0.00319745509170577,0.05164972867565032,0.037488019800710815
CIV_9043,CIV,Yakasse-Me,0.395501,0.44979,0.459458,10095.0,15250.0,20076.0,0.0260592548079841,0.004262403660198144,0.08600719884199415,0.056529112970565176
CIV_9054,CIV,Yamoussoukro,7.761346,11.236074,11.355016,220423.0,255894.0,277060.0,0.07680114633826474,0.0021082370999885303,0.030292738231467276,0.016021142614327744
CIV_9105,CIV,Zagne,0.659407,0.753324,0.75932,50217.0,51834.0,51834.0,0.02698866467664396,0.0015868340471043574,0.0063586690063148765,0.0
CIV_9108,CIV,Zaguieta,0.199191,0.371116,0.37582,10061.0,13109.0,13185.0,0.13252551028429993,0.002522300292635782,0.054352137668603584,0.001156829129136172
CIV_9119,CIV,Zaliohouan,0.498969,0.511751,0.516086,21445.0,22571.0,22571.0,0.005071659354167313,0.0016884717944045669,0.0102874311830079,0.0
CIV_9146,CIV,Zeaglo,0.228765,0.312287,0.315348,12584.0,17888.0,22851.0,0.06422354996464241,0.001952734938154288,0.07287373957334542,0.05019194961310691
CIV_9183,CIV,Zou,0.232143,0.280625,0.287036,19987.0,15814.0,15814.0,0.03866178509055196,0.004527897074594778,-0.04575734803636056,0.0
CIV_9184,CIV,Zouan,0.109003,0.189555,0.194128,10206.0,13413.0,16357.0,0.11701590946773055,0.004779086666498511,0.05617059513057554,0.04048433437046528
CIV_9185,CIV,Zouan-Hounien,1.423533,2.000783,2.034992,23506.0,32804.0,37910.0,0.07045025479419986,0.003396411526729315,0.06893085744518279,0.02935551629899691
CIV_9187,CIV,Zoukougbeu,0.668532,0.907249,0.91145,16767.0,19942.0,22561.0,0.0629696376038773,0.000924385805123773,0.03529155043379539,0.024985983944511903
CIV_9191,CIV,Zuenoufla,1.278619,1.422199,1.428589,34960.0,34768.0,34768.0,0.02151287092186771,0.0008969977684920583,-0.0011008191082716445,0.0
CMR_1156,CMR,Ambam,0.953381,1.007392,1.0097,19398.0,21422.0,22360.0,0.011082051632467005,0.00045779354852060195,0.02004800781534244,0.008607879948650421
CMR_1392,CMR,Awing,1.852918,2.046779,2.138919,14504.0,15000.0,16108.0,0.020100476526754063,0.008845537230657285,0.006747810100155682,0.014355229101536526
CMR_1423,CMR,Ayos,0.664808,0.789649,0.794939,11345.0,12174.0,12289.0,0.03501720850464496,0.0013362598445045837,0.01420502840511606,0.001882173715643809
CMR_1441,CMR,Baba 1,0.411038,0.567279,0.586647,15959.0,20441.0,26615.0,0.06655424013652644,0.006736998135537631,0.050749743592936714,0.05420450178349312
CMR_1449,CMR,Babessi,0.35487,0.567301,0.573364,13294.0,16412.0,19169.0,0.09837048078306188,0.00212841005867892,0.0430404877235504,0.03154360214393659
CMR_1451,CMR,Babungo,0.698502,0.831175,0.849447,12001.0,12337.0,12337.0,0.03539237802121886,0.004358508225768887,0.00553785704099119,0.0
CMR_1465,CMR,Bafang,1.757502,5.390613,5.535189,47385.0,81000.0,111224.0,0.2512626043210662,0.005307355242159195,0.11318879645586333,0.06547361181539513
CMR_1466,CMR,Bafanji,0.377915,0.493801,0.522323,18925.0,20372.0,20643.0,0.05494924828767567,0.011294014905034677,0.014844624981236176,0.0026464697079640054
CMR_1468,CMR,Bafia,3.477904,3.610083,3.63933,59217.0,54794.0,59735.0,0.007488086603728128,0.0016150698231160998,-0.015405692080258326,0.01741742766757204
CMR_1470,CMR,Bafoussam,145.023232,153.661552,160.688896,1146230.0,1194000.0,1343801.0,0.011638915030926844,0.008983653563843008,0.008199577645505274,0.02392023711216873
CMR_1534,CMR,Bali,1.737568,1.809869,1.840683,18632.0,20022.0,21798.0,0.008186937695050966,0.0033821529014719243,0.014494265047018118,0.01714258691386572
CMR_1536,CMR,Balikumbat,0.751441,0.900682,0.933463,36571.0,38938.0,40138.0,0.036896286817848845,0.0071754354053523706,0.012622005694284733,0.006089039079197889
CMR_1548,CMR,Bambalang,1.074534,1.192753,1.231096,22071.0,24802.0,26393.0,0.021094815579237203,0.0063482148288884765,0.02360627242400981,0.012512540579648679
CMR_1558,CMR,Bamenda,22.672386,29.71982,30.27268,312337.0,351000.0,413450.0,0.05562529814967099,0.0036931012177390254,0.023615223881099823,0.033292259271070046
CMR_1560,CMR,Bamessing,1.904477,1.967744,2.002938,13463.0,13632.0,13632.0,0.006557462358134147,0.003551771397814374,0.0024980726147865173,0.0
CMR_1563,CMR,Bamumkumbit 1,0.339419,0.498622,0.521887,11527.0,16529.0,21758.0,0.07995847600893802,0.009162278174838612,0.07474654411362924,0.056512107917280785
CMR_1586,CMR,Bangolan,0.589261,0.792198,0.803199,10602.0,18778.0,25432.0,0.060975141691518076,0.0027620360818902956,0.12112053389323574,0.06254231866435855
CMR_1649,CMR,Bankim,0.679471,0.796852,0.808236,14350.0,17896.0,21092.0,0.032384197511350576,0.002841054146047517,0.04515526820763949,0.03340928268650267
CMR_1658,CMR,Banyo,1.519299,1.947167,1.966859,38851.0,47362.0,54685.0,0.05087724867728172,0.0020144980554597236,0.04041251191396178,0.029171228549299766
CMR_1716,CMR,Batibo,1.548368,1.619087,1.674584,20137.0,21424.0,21424.0,0.008972198448607749,0.006763241335967951,0.01246765520374793,0.0
CMR_1722,CMR,Batouri,2.199848,2.520457,2.553306,32515.0,40471.0,47617.0,0.02758397695370607,0.002593107457898869,0.04474917155399338,0.03305541602816242
CMR_1773,CMR,Belabo,0.845254,0.954897,0.965773,15710.0,17451.0,18335.0,0.02469321102405031,0.002267634340318736,0.021242374430052724,0.009931967410870879
CMR_1846,CMR,Bertoua,8.669329,11.895855,12.075211,94539.0,255000.0,345365.0,0.06532479566811311,0.002997413967344764,0.21951131799139012,0.06254572557541227
CMR_1869,CMR,Bibemi,0.417152,0.454628,0.464065,12289.0,14119.0,15382.0,0.01735463948400784,0.004117478917479378,0.028152364911807615,0.017282969018609595
CMR_1914,CMR,Binka,0.260538,0.426753,0.433046,10231.0,11485.0,12207.0,0.10372556390138787,0.0029320032178510314,0.023393332018084134,0.012268188655241596
CMR_1965,CMR,Blangoua,0.477892,0.570443,0.575977,20452.0,12395.0,13512.0,0.03603994213923123,0.0019327608571202415,-0.09530508475768129,0.01740676511914363
CMR_1996,CMR,Bogo,0.819313,0.885627,0.890299,27244.0,34610.0,41452.0,0.015687717151677383,0.001052852385859726,0.0490257421878586,0.03673742905800825
CMR_211,CMR,Adoumri,0.418529,0.477531,0.482421,11614.0,14869.0,17926.0,0.02672752004285983,0.002039696862204954,0.050654652388840704,0.03810271320968672
CMR_2135,CMR,Bourrha,0.347592,0.37852,0.382468,11015.0,12792.0,14091.0,0.017194051562854806,0.0020773703493845996,0.030364269116746723,0.01953155707585652
CMR_2180,CMR,Buea,6.957127,8.769017,8.850291,114428.0,174000.0,194474.0,0.04737980576896894,0.0018468285695492082,0.08743520325781873,0.02249798243400547
CMR_2687,CMR,Demsa,0.489771,0.518772,0.524736,10619.0,11718.0,12221.0,0.011571749702376177,0.002288774993660647,0.019891505355428274,0.008441361518798818
CMR_2723,CMR,Dibombari,0.297287,0.330846,0.339287,16621.0,21137.0,25338.0,0.02162142919605503,0.005051384754751087,0.049245800292087694,0.03692130290766005
CMR_2751,CMR,Din,0.282456,0.67736,0.701137,15569.0,20970.0,26335.0,0.19117000385378935,0.006923943158626766,0.06137179476258248,0.046615057174457686
CMR_2810,CMR,Djottin,0.032911,0.256933,0.266994,13783.0,17209.0,23356.0,0.5083278911873159,0.007711750696713482,0.04539971096514028,0.06298850070666862
CMR_2859,CMR,Doreissou,0.065282,0.307323,0.31632,10976.0,12355.0,0.0,0.3632023389417336,0.005787693887002954,0.023952310434400825,-1.0
CMR_2866,CMR,Douala,73.646648,80.733144,81.208144,2567572.0,3355000.0,4113699.0,0.01854395625965055,0.001173956633461426,0.05495510659341929,0.04161685134245219
CMR_2872,CMR,Doukoula,0.477299,0.535673,0.542709,14054.0,16810.0,19065.0,0.023344468637258586,0.0026132815644110963,0.03646240271864065,0.025495642298272392
CMR_2874,CMR,Doumo,0.348739,0.397625,0.404608,10968.0,12921.0,14439.0,0.02658433480500144,0.0034879381655616992,0.03331738671850415,0.022464405262634157
CMR_2940,CMR,Kye Ossi/Ebebiyin [CAM],0.794602,0.845893,0.848403,11664.0,16144.0,20693.0,0.012588883926664796,0.0005927525456537186,0.06716783666656023,0.05090258853201446
CMR_2946,CMR,Ebolowa I,4.016532,4.113279,4.113279,71342.0,65237.0,71120.0,0.004771683778752145,0.0,-0.017732578452522962,0.017418319781953295
CMR_2956,CMR,Edea,3.091455,3.154539,3.195299,82679.0,84274.0,84274.0,0.004048275051893535,0.0025709590881908273,0.0038288624804099225,0.0
CMR_2998,CMR,Ekombe Bonji,0.366203,0.384601,0.388932,15064.0,16841.0,17820.0,0.009851935670716294,0.0022421273937003328,0.022552262015058222,0.011365104116106028
CMR_2999,CMR,Ekona Mbenge,0.47434,0.518391,0.521468,15462.0,18100.0,20099.0,0.017919749947227226,0.001184326225983634,0.032006852931371954,0.02117265107511601
CMR_3000,CMR,Ekondo-Titi,0.756345,0.790629,0.798793,16855.0,17347.0,17347.0,0.008905663524552132,0.002056713573196811,0.005771035049640272,0.0
CMR_3141,CMR,Eseka,1.07763,1.169362,1.178594,22334.0,25040.0,26579.0,0.01647303162333813,0.0015740178053298415,0.023136463052763068,0.012000815621063143
CMR_3154,CMR,Esu,0.426332,0.660137,0.675424,15065.0,20851.0,26726.0,0.09138311069924065,0.004589148552645028,0.06716494417569807,0.050900055947062484
CMR_3241,CMR,Figuil centre,0.839917,0.950482,0.961255,27193.0,28300.0,28300.0,0.02504163305819218,0.002256641996219999,0.008012372099284626,0.0
CMR_3265,CMR,Gamboru/Fotokol [CMR],0.549195,0.623269,0.628768,14053.0,22251.0,30136.0,0.025627814992910336,0.0017583725144707518,0.09626638506579299,0.06254471304136988
CMR_3269,CMR,Foumban,5.540235,5.835134,5.887835,86695.0,103646.0,117495.0,0.010426038634340662,0.0017998432958887811,0.036362521592783636,0.02540012939037073
CMR_3270,CMR,Foumbot,2.778673,2.93228,2.993107,52643.0,59119.0,62867.0,0.010819472066498914,0.0041147827462340025,0.023475120015643336,0.012369683842873735
CMR_3289,CMR,Fundong,1.493426,2.412824,2.486551,15984.0,19344.0,0.0,0.10069853190726752,0.006037907921130792,0.03889621144913402,-1.0
CMR_3392,CMR,Garoua,12.666457,14.306377,14.47284,317294.0,434000.0,561475.0,0.02464848542690512,0.0023163601481219764,0.06464685119326408,0.052853969499900844
CMR_3393,CMR,Garoua-Boulai ,1.630752,2.828715,2.868308,22545.0,33516.0,45131.0,0.11645251075384122,0.0027838204417303114,0.08253111591497775,0.061315617382943666
CMR_3419,CMR,Gazawa,0.509767,0.54154,0.543418,13122.0,14818.0,15852.0,0.012166046325898572,0.0006926174723840273,0.024608398569340384,0.013582012248373854
CMR_3548,CMR,Gobo,0.445369,0.479998,0.481455,16390.0,18281.0,19295.0,0.015088455565504644,0.0006063500959829771,0.02207837353410036,0.010855240355739149
CMR_3631,CMR,Gueme,0.299823,0.396025,0.405688,10310.0,13644.0,30072.0,0.057234998402378556,0.004833051838896818,0.05763693541092563,0.17123521162217692
CMR_3647,CMR,Guider,3.260776,3.770044,3.816654,71871.0,82382.0,89538.0,0.029449603335305108,0.0024605121176726197,0.027674851011118218,0.016798768709083367
CMR_3648,CMR,Guidiguis,0.806016,0.923393,0.931086,18767.0,28609.0,38747.0,0.027563295743278537,0.0016607209598862305,0.08798163540251291,0.06254438595675582
CMR_417,CMR,Akonolinga,1.307661,1.382701,1.397666,24053.0,24558.0,24558.0,0.011222259881805696,0.002155293292673166,0.004164233995107125,0.0
CMR_4294,CMR,Kaele,2.250307,2.450663,2.491517,37499.0,37633.0,37633.0,0.017204714938489296,0.0033121052838560594,0.0007136663583824365,0.0
CMR_4695,CMR,Kejom Ketinguh,0.512274,0.808983,0.825792,22511.0,24110.0,0.0,0.0956892891356469,0.004121474529241054,0.013819136320757597,-1.0
CMR_4696,CMR,Kekem,0.712731,1.059444,1.079393,17991.0,30233.0,40946.0,0.0825063968565769,0.003737889326211885,0.10939240440450271,0.06254185765377485
CMR_5031,CMR,Koutaba,1.315008,1.627345,1.685056,18854.0,26357.0,34029.0,0.043542756312641595,0.00699413454849207,0.06929736043194179,0.05242375440284186
CMR_5037,CMR,Koza,0.695885,0.75217,0.767222,23205.0,25273.0,25964.0,0.015677207057396725,0.003970629470472442,0.017220361837702702,0.005409444689234322
CMR_5052,CMR,Kribi,3.015513,4.017086,4.032491,65760.0,103167.0,139726.0,0.05903419907306384,0.0007658000730552672,0.09424809562954128,0.06254488487807408
CMR_5114,CMR,Kumba,7.077865,7.39153,7.442346,181176.0,203972.0,217494.0,0.008710203277395134,0.0013712135858474639,0.023985902060296604,0.012920464000918175
CMR_5117,CMR,Kumbo,3.541457,8.401035,8.556616,84856.0,152020.0,206082.0,0.18858477850613853,0.0036767170709224306,0.12368254441709592,0.0627420539364052
CMR_5197,CMR,Lagdo,0.905845,0.98924,0.99537,28929.0,36043.0,42444.0,0.017769789285197568,0.001236274715596064,0.044954792363259166,0.0332349183474292
CMR_52,CMR,Abong-Mbang,1.039944,1.139643,1.140856,15758.0,19043.0,21809.0,0.018478287134314098,0.00021278310804517808,0.0385964988879548,0.027495851316249098
CMR_5277,CMR,Limbe,6.56688,7.896883,8.046141,118637.0,162775.0,207300.0,0.037574583405847406,0.0037519154705296653,0.065303881964351,0.04954803438978428
CMR_5327,CMR,Loum,1.940335,1.968337,1.973648,47067.0,48404.0,48404.0,0.002869787022989012,0.0005390618751315301,0.005617788205143359,0.0
CMR_5455,CMR,Madingring,0.451941,0.597764,0.607826,12841.0,17434.0,22028.0,0.057522467290723744,0.0033441049986049354,0.06306455772516628,0.04788978120505427
CMR_5471,CMR,Maga,0.88417,0.973081,0.982443,21106.0,27337.0,33278.0,0.01934839519012299,0.0019168348605873575,0.05309847483214192,0.040114792442289104
CMR_5478,CMR,Magba,0.82935,0.896949,0.91955,20582.0,27760.0,34899.0,0.015794788121953562,0.004989489390029522,0.06166225575757056,0.04683613228533812
CMR_5553,CMR,Makak,0.420808,0.503156,0.513233,10468.0,13760.0,16952.0,0.03639124038480279,0.003973809106300852,0.05621162700591453,0.04260667718656941
CMR_5564,CMR,Makenene,1.060799,1.091535,1.108462,18342.0,19965.0,20497.0,0.005728860454434104,0.0030824422790169947,0.01710203931426668,0.0052734144512520675
CMR_5600,CMR,Malantouen,1.147257,1.311673,1.372392,16257.0,17357.0,17415.0,0.027147876276886862,0.009091434530565046,0.013180567468268345,0.0006674267460207162
CMR_5626,CMR,Mamfe,1.447331,1.488443,1.504366,18366.0,20538.0,21739.0,0.005617607216696019,0.0021304541653728304,0.02260688851571624,0.011431051544964488
CMR_5666,CMR,Manjo,0.943815,0.947006,0.949793,33227.0,33454.0,33454.0,0.0006752792183322143,0.0005879001760020763,0.0013626400447039888,0.0
CMR_5733,CMR,Maroua,11.524503,13.122659,13.275126,240888.0,313000.0,382026.0,0.02631323073606251,0.0023129964473844744,0.05377000957283551,0.0406620485004201
CMR_5827,CMR,Mayo Oulo,0.630105,0.739573,0.74813,11295.0,14334.0,17152.0,0.03255602315199879,0.002303402171712987,0.048808583480397294,0.03654813262197565
CMR_5841,CMR,Mbai Mboum,0.594841,0.787301,0.798902,16451.0,21519.0,26407.0,0.05766463124101784,0.002929812450625624,0.05517855603624988,0.04178810876759664
CMR_5848,CMR,Mbalmayo,2.413674,3.077551,3.093862,65876.0,97359.0,129236.0,0.04979700464421444,0.0010577586060265265,0.08125910289527405,0.05828217356318355
CMR_5851,CMR,Mbandjock,0.707887,0.749588,0.749614,23416.0,23912.0,23912.0,0.011513626553298018,6.937047891897308e-06,0.004200974576515026,0.0
CMR_5852,CMR,Mbanga,1.639498,1.688467,1.693103,35150.0,38105.0,38936.0,0.005903541472342955,0.0005485350642893128,0.016275199138065854,0.004324075032177799
CMR_5862,CMR,Mbengwi,2.045597,2.679286,2.78905,17608.0,19828.0,0.0,0.05545518888689993,0.008062467029134712,0.024032584781616073,-1.0
CMR_5915,CMR,Meiganga,2.556803,2.867808,2.890178,48072.0,59408.0,69452.0,0.023223629756190967,0.0015552315267948202,0.04325517619275043,0.031734528156930564
CMR_5932,CMR,Melong,1.551881,1.599013,1.606644,61070.0,61928.0,61928.0,0.006001702545526122,0.0009526469823541994,0.002794231140314185,0.0
CMR_5977,CMR,Mfou,0.997034,1.066381,1.082096,13616.0,13616.0,13616.0,0.013539049998097408,0.0029301301245960865,0.0,0.0
CMR_6011,CMR,Mindif,0.495507,0.529052,0.535312,15010.0,15922.0,15922.0,0.013187243722607267,0.002355375304399887,0.01186689041539668,0.0
CMR_6167,CMR,Mmen,0.650173,0.824471,0.851246,19823.0,21226.0,21373.0,0.04864693249477248,0.006412309376086833,0.013770748307983416,0.0013812726503350525
CMR_6183,CMR,Mogode ,0.362821,0.398112,0.401811,10040.0,10383.0,10383.0,0.018738151022373417,0.0018514029497063156,0.006741167883531407,0.0
CMR_6202,CMR,Mokolo,2.350567,2.93224,2.956626,39743.0,54410.0,69180.0,0.04521437935269623,0.0016577960806691827,0.06483818335635205,0.04920503574365043
CMR_6216,CMR,Monatele,0.748293,0.800909,0.815296,12879.0,13976.0,14298.0,0.01368331526132649,0.003567128084460025,0.016483070229780683,0.0045660115099668275
CMR_6234,CMR,Mora,2.131126,2.481758,2.511992,37944.0,45578.0,51902.0,0.030932095689599537,0.0024247116447397854,0.037343118989863866,0.02632702750794902
CMR_6439,CMR,Muyuka,1.43315,1.479064,1.488002,36616.0,40470.0,42283.0,0.0063268578239852324,0.0012056913064919517,0.0202167769194741,0.008803354626466975
CMR_6545,CMR,Nanga-Eboko,1.101882,1.161673,1.191338,22806.0,23494.0,23494.0,0.010624358003236356,0.005055905729012711,0.005961984336196435,0.0
CMR_6624,CMR,Ndikinimeki,0.838673,0.873157,0.905085,13614.0,14448.0,14448.0,0.008091460042435106,0.007208553963848008,0.011962448882774535,0.0
CMR_6626,CMR,Ndjamena/Kousseri [CMR],5.293614,5.559709,5.577383,107276.0,128023.0,144882.0,0.009857181167192364,0.0006349817557986803,0.03599363140035505,0.0250505583013787
CMR_6632,CMR,Ndop,2.471775,2.665898,2.684532,27230.0,30408.0,32137.0,0.015235788122938354,0.0013940607270912508,0.02232279163457762,0.011121849512422344
CMR_6636,CMR,Ndu,1.002915,1.786587,1.849995,34961.0,38957.0,42973.0,0.12241124363359557,0.006999551247373725,0.021881017582385587,0.01981649836606092
CMR_6691,CMR,Ngaoui ,0.403344,0.499628,0.500029,16191.0,16954.0,16954.0,0.04374458081151045,0.00016046791828294715,0.009252191715321434,0.0
CMR_6692,CMR,Ngaoundal,1.790739,2.076183,2.086755,32622.0,34750.0,34771.0,0.03002239588038802,0.0010163393448838764,0.012718736710928713,0.00012083410406238393
CMR_6693,CMR,Ngaoundere,11.748316,14.814654,15.089278,192683.0,294000.0,398186.0,0.04747382347049145,0.0036802755108147345,0.08818011669847903,0.06254597672531337
CMR_6711,CMR,Ngong,1.349588,1.890174,1.903674,30338.0,50276.0,68092.0,0.06969536842074486,0.0014243764411074888,0.1063046915183663,0.06254437024803639
CMR_6775,CMR,Njinikom,3.988102,5.314439,5.426276,19843.0,48000.0,115435.0,0.059103086868731225,0.00417381083698154,0.19323719083676982,0.19184355951824883
CMR_6778,CMR,Njombe,1.079356,1.116979,1.117303,21596.0,23079.0,23183.0,0.006876163509624833,5.800689425905503e-05,0.01337161110945928,0.0008996320879781639
CMR_6783,CMR,Nkambe,1.006102,1.317433,1.328095,18187.0,23479.0,28504.0,0.05540052308071153,0.0016133877898578675,0.052406945978735964,0.03954966477680477
CMR_6799,CMR,Nkongsamba,4.184808,4.21109,4.221394,131159.0,134187.0,149976.0,0.0012529236126204157,0.0004888962122095997,0.004575238956874728,0.022497522918675905
CMR_6805,CMR,Nkoteng,1.059778,1.164252,1.166222,22133.0,22953.0,22953.0,0.018981779891142248,0.0003381858907058888,0.00730232074641135,0.0
CMR_6880,CMR,Ntui,1.10346,1.30864,1.327523,13098.0,17446.0,21720.0,0.03469587861266499,0.002869382776726548,0.05900540432775547,0.044799101755435
CMR_6934,CMR,Obala,3.042294,3.385553,3.44357,48220.0,48488.0,0.0,0.021611298147208746,0.0034040733687916713,0.0011091089861612335,-1.0
CMR_7080,CMR,Ombessa,0.683819,1.028686,1.044091,17913.0,34911.0,47282.0,0.08509642627088199,0.0029773015366569844,0.14276989965893971,0.0625434780732177
CMR_7303,CMR,Penja-Ville,0.667311,0.689666,0.692982,16935.0,17388.0,17388.0,0.006612007100853079,0.0009597807751076104,0.0052935268359586285,0.0
CMR_7306,CMR,Pete,0.277189,0.292293,0.295813,12449.0,13413.0,13606.0,0.01066792884520007,0.0023970230958452188,0.015028628489196505,0.0028613831649073607
CMR_7338,CMR,Pitoa,1.123227,1.268702,1.280151,28968.0,38679.0,48818.0,0.024656779885317226,0.001798356936521861,0.05952533316026498,0.04766141461690121
CMR_7351,CMR,Poli,0.509856,0.63214,0.641477,11377.0,14009.0,16324.0,0.043934252702631627,0.0029367922181910977,0.04249954822277746,0.031059884725565867
CMR_7372,CMR,Pouss,1.69511,1.858095,1.885122,27526.0,28559.0,28559.0,0.018530423136272844,0.002892328927227794,0.007395434201220352,0.0
CMR_7602,CMR,Sa'a,0.711691,0.770278,0.781566,12343.0,14778.0,16776.0,0.015947355174286804,0.0029138591830177862,0.03666631419788269,0.025686291319200638
CMR_7752,CMR,Sangmelima,2.179327,2.709315,2.711941,56329.0,91248.0,123584.0,0.044497537447551805,0.00019377462516212418,0.10128129419314291,0.06254609295307367
CMR_7771,CMR,Santa,3.285016,3.482307,3.63638,37247.0,34873.0,38492.0,0.011732994398246932,0.008696330503954686,-0.01308533550878288,0.01994377918748791
CMR_7775,CMR,Santchou,0.767534,0.886416,0.894655,10557.0,13886.0,17117.0,0.029219468755691924,0.0018520735191234206,0.05634876248733178,0.04272574860894718
CMR_8419,CMR,Tchollire,0.542937,0.588876,0.603346,14070.0,17015.0,19499.0,0.016377127547346992,0.004866843732948656,0.03874171099275525,0.02762835043286138
CMR_8489,CMR,Tibati,1.314938,1.639157,1.659783,28858.0,41985.0,55734.0,0.045064403657704144,0.0025040871304420342,0.07786801739934135,0.05829126406803997
CMR_8502,CMR,Tignere,0.748847,0.883346,0.905336,13988.0,15865.0,17051.0,0.03358821895239861,0.004929947535118107,0.025502894617823735,0.01452313625734103
CMR_8507,CMR,Tiko,2.012242,2.055588,2.067915,65246.0,66707.0,66707.0,0.00427158031635555,0.0011964982094549992,0.004438853312445756,0.0
CMR_8558,CMR,Tombel,0.84869,0.925295,0.93294,17142.0,20737.0,23772.0,0.01743395209476528,0.0016470117384692617,0.03881183154370427,0.027694326072505993
CMR_8565,CMR,Tonga,0.883102,0.913992,0.925337,11217.0,12879.0,14022.0,0.0068999173862915875,0.002470281491050219,0.028018865634885426,0.017151312692958998
CMR_8588,CMR,Touboro,1.402283,1.493684,1.498609,24985.0,28654.0,31160.0,0.012708865640853384,0.000658575348409407,0.027782409722516777,0.016909813631974968
CMR_8602,CMR,Tourou/Turu [CMR],0.293054,0.409444,0.427174,18110.0,20088.0,21072.0,0.06917641862950608,0.00851429871623055,0.020948063877448186,0.009610390679299474
CMR_8603,CMR,Touroua,0.508704,0.538126,0.539639,11897.0,13201.0,13853.0,0.011308749578142985,0.0005616904884748752,0.02101911756504271,0.009688478628718133
CMR_9023,CMR,Wum,1.460641,1.59994,1.623646,28793.0,37770.0,46457.0,0.018385112480037158,0.0029459526430222205,0.055776554668009126,0.04227143470963979
CMR_9040,CMR,Yagoua,2.320869,2.709295,2.740314,45146.0,52293.0,57453.0,0.031433264374984615,0.0022794056898580717,0.02982838031765067,0.018999170972253676
CMR_9059,CMR,Yaounde,82.050032,90.241392,91.174168,3901680.0,4720000.0,5459500.0,0.0192140602548716,0.0020587960526334825,0.03881466088590102,0.02953751019586015
CMR_9086,CMR,Yokadouma,1.222193,1.290684,1.290684,21932.0,24184.0,25201.0,0.010964782252704364,0.0,0.01974123097448155,0.00827251345266844
COD_10,COD,Aba,1.382084,1.836589,1.866403,73000.0,44500.0,44500.0,0.058511322604907434,0.0032257921546059443,-0.09425190314929321,0.0
COD_1221,COD,Ankoro,1.242881,1.396877,1.39973,43600.0,41821.0,41821.0,0.02363640646468479,0.0004081493288634608,-0.008297096434265017,0.0
COD_1250,COD,Apala/Rubanga,0.758396,1.141644,1.221632,50700.0,15800.0,15800.0,0.08524284934677251,0.013635799114032343,-0.20799153105526524,0.0
COD_1299,COD,Aru,2.663931,3.423493,3.466562,105000.0,40200.0,40200.0,0.051451620050404046,0.0025035185479946875,-0.1747085405918497,0.0
COD_137,COD,Bakongo ,1.297987,1.390519,1.395272,32200.0,26600.0,26600.0,0.013867768842753758,0.000682696850993203,-0.03749021568765021,0.0
COD_1472,COD,Bafwasende,0.5416,0.757473,0.762949,14500.0,23300.0,31683.0,0.06939389458256207,0.0014416971377626542,0.09950594964847026,0.06339368096000153
COD_1479,COD,Bagata,0.964453,0.996994,0.997232,22400.0,23959.0,23959.0,0.006658802023385091,4.7738958778076324e-05,0.013547563199149515,0.0
COD_1480,COD,Bakpulu,0.2347,0.436016,0.444184,10200.0,11800.0,12411.0,0.13187343547563035,0.003718888183560143,0.029571156094652995,0.010147872886694165
COD_1514,COD,Bakwa-Gambo/Mokoka,0.314106,0.354563,0.360071,37300.0,16608.0,16608.0,0.02452706626064094,0.0030877952393293384,-0.14940720265522345,0.0
COD_1515,COD,Lusanga/Luka,0.230751,0.234579,0.238383,49900.0,18976.0,0.0,0.0032960623223177166,0.0032224220303813667,-0.1758223651144054,-1.0
COD_1516,COD,Bakwa-Nsakalongo,0.300335,0.312219,0.316078,12500.0,11086.0,11086.0,0.007791465989243962,0.0024598512653419835,-0.023723192621029843,0.0
COD_1517,COD,Bakwa-Nzeba,0.702759,0.784457,0.786716,24100.0,28289.0,30203.0,0.02223923389157134,0.000575277520867612,0.03257144460503114,0.013179741260318512
COD_1518,COD,Bakwa-Tshibaka,0.805588,0.814943,0.82215,30300.0,22242.0,22242.0,0.0023118134455930583,0.0017624889642042785,-0.05996019965674315,0.0
COD_1519,COD,Bakwa-Tshileo/Bena-Ntita,1.492997,1.508895,1.516215,54500.0,32000.0,32000.0,0.0021206625672534063,0.0009683691439867914,-0.1010186228288874,0.0
COD_1525,COD,Balamba/Kasumbalela [ZAR],6.993391,11.408074,11.453591,218000.0,221700.0,221700.0,0.10282068635647157,0.0007967081950279731,0.003371682142394583,0.0
COD_1556,COD,Bambo,0.526618,0.564755,0.566699,10700.0,16924.0,22799.0,0.014081540015876026,0.0006874941734655859,0.09603354880183423,0.061408488141721174
COD_1573,COD,Bandi,0.361498,0.387196,0.388705,12700.0,11441.0,11441.0,0.013829660249786935,0.0007782379492673464,-0.020663247644212457,0.0
COD_1579,COD,Basoko,0.985073,1.108814,1.115425,22400.0,62000.0,93957.0,0.02394836537091427,0.0011896115410743313,0.2258257336946221,0.08669455354330768
COD_1580,COD,Bandundu,7.14817,7.89494,7.919359,240000.0,262100.0,262100.0,0.02007191897367311,0.0006178348364631603,0.01777353980843599,0.0
COD_1583,COD,Bangadi,0.367977,0.497256,0.511706,20700.0,24908.0,27254.0,0.0620668940270892,0.0057454938674446066,0.037704505411255695,0.018165269767302483
COD_1646,COD,Bankana,0.423377,0.451641,0.455339,14600.0,14585.0,14585.0,0.013008804033157073,0.0016322466703326821,-0.0002055639477569482,0.0
COD_1669,COD,Baraka,4.048144,4.975018,4.981888,103000.0,110680.0,110680.0,0.04209602838486326,0.00027602748087085516,0.014486763959714821,0.0
COD_1698,COD,Basankusu,1.340141,1.502326,1.507578,47600.0,60300.0,69178.0,0.02311096194318818,0.000698206801266199,0.04843635498230925,0.02785094137137345
COD_1700,COD,Bosekpanga,0.393169,0.428622,0.440005,29000.0,28530.0,28530.0,0.017417112755092168,0.005255899804309294,-0.0032625990711602215,0.0
COD_1725,COD,Batua-Ishama,0.672672,0.769484,0.775299,28400.0,30112.0,30112.0,0.027257329573457945,0.0015068543779670485,0.011775717871943758,0.0
COD_1794,COD,Bena-Boya,0.880903,0.885673,0.888706,23400.0,23689.0,23689.0,0.0010806415268180825,0.0006839666321940552,0.0024579724758679866,0.0
COD_1796,COD,Bena-Dibele,0.844154,0.893537,0.901566,32300.0,34500.0,34500.0,0.011435450838928496,0.001790702867165317,0.013265636833234895,0.0
COD_1797,COD,Bena-Kabimba,1.039159,1.048911,1.054178,70600.0,68079.0,68079.0,0.0018698962671530595,0.0010022685774768725,-0.0072458908185096815,0.0
COD_1798,COD,Bena-Katomba,0.542836,0.552946,0.5557,17600.0,17602.0,17602.0,0.0036974385303005786,0.0009941403738353838,2.2726239739867538e-05,0.0
COD_1799,COD,Bena-Kayemba-A-Tshimanga,0.180054,0.237302,0.245636,11000.0,10275.0,10275.0,0.05676817273372725,0.006927318389696069,-0.013543749282612039,0.0
COD_1800,COD,Bena-Leka,0.677213,0.814346,0.817979,16400.0,31800.0,47554.0,0.03756839938689649,0.0008906617612258749,0.1416070822922706,0.08380708740206777
COD_1801,COD,Bena-Mushia,0.591161,0.664573,0.671501,35000.0,34470.0,34470.0,0.023687460673644578,0.002076307750010775,-0.0030470843784740076,0.0
COD_1803,COD,Bena-Tshiamba,0.431072,0.523029,0.528575,24800.0,32175.0,47194.0,0.03942986538063553,0.0021117855753518544,0.053448659771474505,0.07962677475239244
COD_1804,COD,Bena-Tshibangu,1.170413,1.176637,1.180509,48400.0,45940.0,45940.0,0.0010613010856124205,0.0006572822969794778,-0.010378491194685924,0.0
COD_1805,COD,Bena-Tshishimbi,1.017318,1.074012,1.080994,40100.0,38930.0,38930.0,0.010905317502168055,0.0012968039273291154,-0.005904732674162028,0.0
COD_1806,COD,Bena-Tshitala,0.055802,0.083596,0.084658,12700.0,11012.0,11012.0,0.084194366901019,0.0025279777308009344,-0.028120332677964543,0.0
COD_1807,COD,Bendere/Mavivi,0.712023,0.873193,0.891247,22800.0,23684.0,23684.0,0.04165342118635773,0.004101387264529688,0.007636848853156408,0.0
COD_1810,COD,Beni,12.232348,13.820975,13.920055,327000.0,415000.0,481641.0,0.02472131674259037,0.0014296690576427462,0.048817846951468624,0.030232083458559433
COD_1862,COD,Biakutu,0.775241,1.577109,1.591235,15400.0,29603.0,44099.0,0.15261693280893684,0.0017849952350785792,0.13962771083181735,0.08297542891889198
COD_1863,COD,Biambe,0.571463,0.735855,0.755431,18800.0,22828.0,25196.0,0.0518669888250598,0.005264882810425808,0.03958978367490018,0.01993559160491709
COD_1879,COD,Biera,0.823436,0.949424,0.953147,16300.0,16623.0,16623.0,0.028883188608316734,0.0007830377291455637,0.00393214482319193,0.0
COD_1886,COD,Bikoro,0.68511,0.736332,0.746877,34000.0,34600.0,34600.0,0.014524813603063791,0.002847929460805254,0.0035047588443548605,0.0
COD_1893,COD,Bili,0.479376,0.756786,0.764235,20100.0,21802.0,21802.0,0.0956185088767123,0.0019608829953738915,0.01638923258412439,0.0
COD_1897,COD,Bili-Moke ,1.141297,1.53192,1.535938,39300.0,49597.0,56710.0,0.06063873106941897,0.0005240209897927617,0.04764120520176762,0.02716650236828788
COD_1910,COD,Binga,1.198031,1.800364,1.81027,58700.0,71500.0,71500.0,0.08487188119489497,0.0010980301428411554,0.040240092386064186,0.0
COD_1912,COD,Bingi,0.332298,0.481891,0.493695,11700.0,12067.0,12067.0,0.07716992088900554,0.004851725732160972,0.0061962402224653435,0.0
COD_1924,COD,Birava,0.454874,0.499648,0.506993,18100.0,13552.0,13552.0,0.018954068952150793,0.0029229327203752486,-0.056232617525425854,0.0
COD_1954,COD,Bita,0.122726,0.152229,0.152638,11000.0,11012.0,11012.0,0.044028040239209254,0.0005367717797610805,0.00021808667383971247,0.0
COD_1972,COD,Blukwa/Drodo/Djauda,0.332434,0.9239,0.963965,32400.0,47103.0,47103.0,0.2268286412646856,0.008526373458942693,0.07770701959162785,0.0
COD_1982,COD,Bodango,0.199956,0.221836,0.227145,13000.0,10755.0,10755.0,0.02098536547365404,0.004741246296279922,-0.03720591723040967,0.0
COD_1984,COD,Bodeme II,0.312682,0.335139,0.340597,13000.0,10248.0,10248.0,0.013968393230046505,0.0032361428533498326,-0.04645947980542653,0.0
COD_1989,COD,Boeli,0.171391,0.219321,0.236276,21500.0,21852.0,21852.0,0.0505541457463603,0.015004291568458283,0.003253183232105883,0.0
COD_1990,COD,Boende,1.324379,1.826142,1.832559,42500.0,76100.0,109662.0,0.06636148766302563,0.0007018073428592952,0.12356744027355249,0.07580683971021251
COD_1998,COD,Bogose-Mubea,0.177419,0.255087,0.264192,11700.0,17385.0,22519.0,0.07531979315107407,0.007038947367388415,0.08242488125975034,0.05311277519784663
COD_2008,COD,Bokata,0.29572,0.320138,0.322571,16000.0,17339.0,17339.0,0.015994380796270358,0.0015153698566414686,0.016203795805795895,0.0
COD_2014,COD,Bokoro,0.966038,1.529987,1.53854,27300.0,49800.0,72415.0,0.09632345629405115,0.001115557002497214,0.12775130713244343,0.0777544840952622
COD_2017,COD,Bokungu,0.089184,0.408731,0.412494,19800.0,34000.0,47962.0,0.3559076972547601,0.0018345652121800615,0.11419895129156088,0.07123233554214514
COD_2023,COD,Bolobo,1.792462,1.905585,1.910346,39100.0,53100.0,64501.0,0.012315003634973953,0.0004991904408175873,0.06312309497029212,0.039667301803767874
COD_2024,COD,Bolongbolo,0.19273,0.231524,0.234745,10500.0,10500.0,10500.0,0.03735962091876499,0.0027670770597107985,0.0,0.0
COD_2025,COD,Boma,8.276212,9.511479,9.563221,195000.0,350000.0,504955.0,0.028213470737700863,0.001085630877673216,0.12410450056630018,0.07606108694531
COD_2027,COD,Bombakabo,0.370089,0.397886,0.406615,15600.0,14831.0,14831.0,0.014589810238361034,0.004349684477717108,-0.010059328967363834,0.0
COD_2028,COD,Bombala,1.190217,1.397708,1.404565,45600.0,45626.0,45626.0,0.03266167726877689,0.0009792579852927474,0.00011400908861070036,0.0
COD_2032,COD,Bomongo,0.5624,0.606847,0.610876,16400.0,19800.0,21735.0,0.015328973594442408,0.001324334678895811,0.038399017265328794,0.018823352411547978
COD_2036,COD,Bondo,2.128272,2.345334,2.355109,46000.0,15900.0,15900.0,0.019613351137736768,0.000832183760675731,-0.1914109448744421,0.0
COD_2039,COD,Bonduru,0.256943,0.381067,0.392204,23900.0,11040.0,11040.0,0.08201407478007972,0.00577800864971989,-0.14313138793830826,0.0
COD_2053,COD,Bonzo,0.492578,0.514122,0.518506,14500.0,14600.0,14600.0,0.008598308451678971,0.001699644374491438,0.0013755210199626333,0.0
COD_2071,COD,Bowagboko,0.19252,0.336043,0.347271,11100.0,11010.0,11010.0,0.11785069209688959,0.006594916723472011,-0.0016269066669555299,0.0
COD_2072,COD,Bosobolo,0.432607,0.465632,0.469868,13000.0,17600.0,21327.0,0.01482195731192859,0.0018128776025467808,0.062463118183974986,0.03916239030752866
COD_2149,COD,Boyabo,0.207259,0.524492,0.528358,18500.0,22409.0,24677.0,0.20405158570935078,0.0014698610187542371,0.03908278483557037,0.019468888737813383
COD_2150,COD,Boyasebalanga,0.549627,1.412174,1.420254,42600.0,82512.0,82512.0,0.20771380459419153,0.001141724855357129,0.1413569902173708,0.0
COD_2151,COD,Bozene,0.7249,0.771874,0.782884,28100.0,33269.0,35829.0,0.01263669874588258,0.0028366582423673403,0.034348015207517735,0.014936772831724454
COD_2152,COD,Mogalo,0.24437,0.257235,0.262277,12700.0,13584.0,13584.0,0.010314146632070642,0.0038897722424775516,0.013549095444259418,0.0
COD_2153,COD,Bozoko,0.306733,0.318116,0.320552,13800.0,12810.0,12810.0,0.007314306576698959,0.0015268471563143482,-0.014778209612951398,0.0
COD_2171,COD,Bubanda,0.235623,0.257668,0.263306,18300.0,15200.0,15200.0,0.018048717312553864,0.004338367463705195,-0.03644058420199936,0.0
COD_2178,COD,Budjala,0.841595,0.899454,0.902242,22700.0,58300.0,88349.0,0.013386611323580766,0.0006191644433275467,0.20761511311591185,0.08669236732696683
COD_2191,COD,Bugumya ,0.385698,0.845729,0.869085,12000.0,18753.0,25081.0,0.17002937987575328,0.005463260824935423,0.09339705929065367,0.05987541643560945
COD_2192,COD,Buhumba (west),0.327856,0.370203,0.379778,10000.0,16900.0,23638.0,0.02459294127314493,0.005120136857480695,0.11065030683432209,0.06941138852869044
COD_2196,COD,Ingbokolo/Bukalwa/Adi,0.966568,1.404155,1.43773,39000.0,41592.0,41592.0,0.0775477578500603,0.004737141449396853,0.01295240402040454,0.0
COD_2197,COD,Bukama,0.859971,0.869929,0.87168,26000.0,61500.0,93199.0,0.0023052392624816065,0.00040223786756876656,0.1879012889254661,0.08669389532220206
COD_2198,COD,Bukavu,15.803365,19.041764,19.182256,754000.0,1130000.0,1484906.0,0.03798606107631608,0.0014712838638961667,0.08427993114125498,0.05614635303755122
COD_2214,COD,Bulongo 2,0.304524,0.359924,0.365185,10900.0,11817.0,11817.0,0.03399361317601257,0.0029064508502065767,0.01628647874974032,0.0
COD_2219,COD,Bulula,0.65673,0.74828,0.750433,18600.0,21709.0,23043.0,0.026444463126962026,0.0005747918876259916,0.03139583876606844,0.011998433476149817
COD_2220,COD,Bulungu,2.145634,2.201488,2.201488,48000.0,52200.0,52200.0,0.005152913942326753,0.0,0.016917809106512527,0.0
COD_2232,COD,Bunia,10.872977,13.998317,14.067706,270000.0,286100.0,286100.0,0.05182980013668215,0.0009894307233617727,0.011651241263415546,0.0
COD_2234,COD,Bunkeya,0.640795,0.83051,0.832654,23500.0,25918.0,25918.0,0.053234679022519105,0.0005157769295855985,0.01978055028830661,0.0
COD_2237,COD,Bunyakiri,0.722787,1.062075,1.069494,16200.0,32687.0,49534.0,0.0800129691826521,0.0013931891137748398,0.15072622218946652,0.08668999190873694
COD_2263,COD,Buseregenya,0.63751,0.650334,0.65553,11300.0,11379.0,11379.0,0.0039911663525020735,0.0015928656002837105,0.0013943363155288768,0.0
COD_2269,COD,Businga,1.237133,1.344479,1.354825,35000.0,51100.0,65415.0,0.016781243696577297,0.0015343193220547224,0.07862522143926998,0.050633608194508906
COD_2273,COD,Boso Congo,0.334917,0.476254,0.479944,28700.0,30225.0,30225.0,0.07295198801097946,0.0015448130108524083,0.010408247618579614,0.0
COD_2275,COD,Buta,3.596008,4.065386,4.081223,84000.0,69100.0,69100.0,0.02484037712390985,0.0007779030015775401,-0.03829969836297553,0.0
COD_2280,COD,Butembo,24.118818,25.279876,25.411162,691000.0,820000.0,975132.0,0.009447609251690192,0.0010365092269253307,0.03482559295736953,0.03526113706688161
COD_2297,COD,Buy-Bwa-Dalamba,1.147441,1.222663,1.225871,34600.0,35110.0,35110.0,0.012780384130588684,0.0005242063356387661,0.0029307478923294994,0.0
COD_2300,COD,Bwamanda,1.104716,1.174735,1.18871,35200.0,39400.0,39987.0,0.012366703407987067,0.002368018392269633,0.022799981901628685,0.0029620953577245146
COD_2301,COD,Bwamandema,0.204092,0.446871,0.452321,19400.0,14360.0,14360.0,0.16969124164936344,0.0024273697847980724,-0.05839112768867072,0.0
COD_2306,COD,Bwila,0.075981,0.212861,0.215844,17300.0,17301.0,17301.0,0.22879155680606678,0.002787187807336222,1.1560426351531206e-05,0.0
COD_2400,COD,Gisenyi/Goma/Kisoro/Bunagana [ZAR] 2,0.755515,1.746062,1.810451,70000.0,61936.0,65356.0,0.18239698571858676,0.007268894885925636,-0.024181555295466728,0.010807514855665001
COD_2676,COD,Dekese,0.527324,0.922562,0.927294,21100.0,29600.0,36841.0,0.11836509739518597,0.001023740676909135,0.07004452972105013,0.04473931902528827
COD_2682,COD,Demba,2.106896,2.200325,2.204736,59000.0,46500.0,46500.0,0.008715622262944978,0.00040061964928517213,-0.046501117807245196,0.0
COD_2705,COD,Diadia,0.642373,0.717789,0.721747,15500.0,17163.0,17206.0,0.02244958738289049,0.001100406599022552,0.02059233160591223,0.0005005764955496872
COD_2707,COD,Diambo/Tshipama Mulundu,0.491715,0.529902,0.535474,11000.0,10997.0,10997.0,0.015070999898201043,0.002094240297546346,-5.455140593257912e-05,0.0
COD_2720,COD,Dibaya-Lubue,1.829688,2.357641,2.363636,41000.0,91400.0,138510.0,0.052010627518541686,0.0005080427140331523,0.17390369010036943,0.08669329318943841
COD_2745,COD,Dilolo,1.836783,2.623128,2.62898,51900.0,60400.0,63922.0,0.0738715243071475,0.0004457872304841626,0.030798828143635992,0.0113993803802237
COD_2761,COD,Diongo,0.375244,0.400815,0.403321,11600.0,13040.0,13297.0,0.013272000032942044,0.0012473366225798088,0.023679297651572284,0.003911005976522164
COD_2788,COD,Andata,0.432735,0.532857,0.556485,46000.0,50500.0,50500.0,0.0425040012522373,0.008715182117500886,0.01884169405651681,0.0
COD_2805,COD,Djindji,0.3079,0.416679,0.421779,14800.0,20200.0,24631.0,0.06237632734839682,0.002436030108743159,0.0641869546345799,0.04046178803463385
COD_2807,COD,Djokupunda ,0.77186,0.824629,0.826926,21600.0,24475.0,25178.0,0.013313931842194204,0.000556479327356918,0.025306687081089185,0.005679750753365909
COD_2808,COD,Djolu,0.378336,0.6969,0.707017,32600.0,37900.0,40067.0,0.12994826416658145,0.0028867150456837187,0.030586198123208952,0.011182449507307402
COD_2809,COD,Djori ,0.574209,1.696043,1.728962,19300.0,33388.0,47281.0,0.24186209863472352,0.0038520677380833312,0.1158520590712091,0.07206038879762344
COD_2843,COD,Domiongo,0.44086,0.483832,0.487719,16100.0,18060.0,18373.0,0.01877617129627529,0.0016016174835093988,0.02324203792760282,0.003442441167255339
COD_2847,COD,Dondo,0.539009,0.560568,0.560568,14500.0,21600.0,28025.0,0.007874499475353458,0.0,0.08297180449871133,0.0534607858690066
COD_2850,COD,Dongo,0.357566,0.445109,0.44687,16200.0,16970.0,16970.0,0.04477321957265534,0.0007900176160293704,0.009330426956599469,0.0
COD_2851,COD,Dongo-Kuma,0.350713,0.421602,0.428054,17900.0,27926.0,42384.0,0.03750490743983592,0.0030421409071161865,0.09302763044953677,0.08702277013062698
COD_2863,COD,Doruma,0.249404,0.458475,0.46781,29400.0,21609.0,27309.0,0.12949015268774344,0.004039429791496296,-0.05971941723405927,0.04793471040173336
COD_2892,COD,Duama II (north),0.438353,0.515632,0.522656,13600.0,16398.0,17978.0,0.033006788941580156,0.002709698838659458,0.038126780698350515,0.01856816611737666
COD_2911,COD,Dungu,2.784929,3.000968,3.042767,67000.0,32400.0,32400.0,0.015054702154924327,0.0027703093383946165,-0.13524308902327697,0.0
COD_2912,COD,Dungu ,0.617565,0.63196,0.633277,10100.0,10245.0,10245.0,0.004618989774708426,0.0004164515233280319,0.0028549391675627422,0.0
COD_2971,COD,Egbita ,0.350066,0.357826,0.357826,11700.0,11767.0,11767.0,0.004394653610592769,0.0,0.0011426847028619402,0.0
COD_3110,COD,Endri/Mado,0.235664,0.316335,0.329509,11000.0,12193.0,12238.0,0.06064683464403986,0.008193764447065544,0.020806854845647926,0.0007370411739031635
COD_3131,COD,Eringite,0.986335,1.18896,1.206735,26600.0,28398.0,28398.0,0.03807458862647639,0.0029722865048023017,0.01316743802556819,0.0
COD_3193,COD,Faradje,0.95279,1.133845,1.166936,47000.0,18900.0,18900.0,0.03540748402454463,0.005769982324413503,-0.1665629761619507,0.0
COD_3233,COD,Feshi,0.675416,0.753852,0.761216,22900.0,19600.0,19600.0,0.022216647311168236,0.0019461096931832067,-0.030642180869369318,0.0
COD_3255,COD,Fizi,0.55342,0.652342,0.662787,18200.0,30100.0,41606.0,0.033437218158333115,0.003181993290751306,0.10585712778116174,0.0668856993266278
COD_3291,COD,Fungurume,3.63961,5.834997,5.853749,101000.0,143500.0,180249.0,0.09899864634953204,0.0006419177581504787,0.0727687290720831,0.04665654269403641
COD_3299,COD,Fwamba/Tshisuku,0.241008,0.284191,0.288162,10700.0,12714.0,13741.0,0.03351259196437639,0.002779109518989742,0.035093749051738454,0.015657375219483738
COD_3363,COD,Gangara,0.98864,1.032034,1.039837,31300.0,31356.0,31356.0,0.00862833734188495,0.0015076068678001597,0.0003575716695878306,0.0
COD_3433,COD,Gbadolite,2.790894,3.403737,3.407609,66700.0,103900.0,138686.0,0.04050106897067063,0.00022741118530733573,0.0926924510449223,0.05945719562700891
COD_3443,COD,Molegbe,0.249017,0.282989,0.284851,12500.0,35000.0,53040.0,0.025907279780555292,0.0013125023602995611,0.22865967908314722,0.08669356218111646
COD_3464,COD,Gemena,6.878623,7.408688,7.469646,175000.0,233400.0,279525.0,0.014957739643155055,0.0016401922186102258,0.05928436120924907,0.036725929735191176
COD_3506,COD,Gilima,0.392375,0.407947,0.418651,18500.0,12916.0,12916.0,0.007814222682185346,0.005193514437516145,-0.06933954278545462,0.0
COD_3564,COD,Goma,21.247276,22.42686,22.480212,320000.0,1165000.0,1770460.0,0.010864726845276174,0.00047533452305259516,0.2948968947668986,0.08730663639953651
COD_3667,COD,Gungu,2.278416,2.45766,2.464492,67000.0,56000.0,56000.0,0.015261122151387863,0.0005553588201954174,-0.03523254478121962,0.0
COD_3690,COD,Gwena,0.362994,0.445735,0.451289,14500.0,13979.0,13979.0,0.04192259960719169,0.002479734965089131,-0.0072917742562188526,0.0
COD_3695,COD,Gwok Nyer ,0.271354,0.40672,0.431995,18900.0,21605.0,22438.0,0.08430599814972872,0.012130793618713387,0.027113632043128666,0.007594932441151503
COD_3856,COD,Babonde/Biku/Ibambi,0.591611,0.654847,0.654847,19700.0,22169.0,22633.0,0.020518120141759244,0.0,0.02389630431635137,0.004151413670079984
COD_3888,COD,Idiofa,5.142006,5.477746,5.481222,85000.0,138700.0,190278.0,0.012730436141923596,0.00012688131333660202,0.10288824296793364,0.06527668833497113
COD_3976,COD,Ikela,0.135903,0.291766,0.295647,10100.0,16400.0,22435.0,0.16509443408577562,0.002646308097215,0.10180438091988142,0.06467350163018737
COD_4016,COD,Ilebo,3.255012,3.505817,3.508012,80000.0,105500.0,125207.0,0.014956267463254624,0.00012518910648329218,0.056896584755010915,0.03484481983112642
COD_402,COD,Aketi,1.261645,1.296343,1.296343,42800.0,33600.0,33600.0,0.005440907944874285,0.0,-0.047249683587433755,0.0
COD_4036,COD,Ilunga-Mutombo,0.106838,0.160137,0.163825,17000.0,10042.0,10042.0,0.08430931263621333,0.004564201595409045,-0.09993420186272062,0.0
COD_4067,COD,Inkisi,0.807823,3.094609,3.117464,32300.0,155500.0,247333.0,0.3081511099474925,0.0014727405046566222,0.36932196364145753,0.09726198801311803
COD_4068,COD,Inongo,1.489009,1.750874,1.762324,54900.0,85300.0,113680.0,0.0329314819647315,0.001304510279914295,0.09213251554991087,0.05912448136965165
COD_4099,COD,Isaka,0.372695,0.494376,0.499041,14500.0,14499.0,14499.0,0.05813422709553229,0.0018801443448961397,-1.3793483963464581e-05,0.0
COD_4117,COD,Isiro,4.821798,5.377373,5.384859,145000.0,101400.0,101400.0,0.02205020565470206,0.0002782710028015334,-0.06903363507024518,0.0
COD_4241,COD,Kabala,0.377738,0.435519,0.438279,11800.0,11780.0,11780.0,0.02887659027050038,0.0012642526010899768,-0.0003392131038568724,0.0
COD_4243,COD,Kabalo (east),0.855598,0.95452,0.958077,25200.0,24300.0,24300.0,0.022122749111589624,0.0007441876100484635,-0.0072471407402715515,0.0
COD_4244,COD,Kabalo (west),0.531138,0.595914,0.597319,14200.0,16000.0,16358.0,0.023281783644893528,0.00047110047126541765,0.024156504665618916,0.004435478157184036
COD_4245,COD,Kabamba,0.980548,1.288902,1.314496,19600.0,23833.0,26341.0,0.056209836777275424,0.003940268338112007,0.039883119495079944,0.020212661416170397
COD_4246,COD,Kabambare,0.308767,0.329809,0.332257,10300.0,15800.0,20890.0,0.013272660420918125,0.0014801076446007144,0.08934130796860629,0.057441305269957166
COD_4252,COD,Kabeya-Kamwanga,1.059969,1.077843,1.080358,40700.0,32000.0,32000.0,0.0033500307307636756,0.00046623783182897505,-0.04696003282148975,0.0
COD_4253,COD,Kabila,0.460994,0.572158,0.576139,13100.0,19251.0,24752.0,0.044152999384166725,0.0013877167919158495,0.08003144391225958,0.05155356595015892
COD_4254,COD,Kabimba,0.253241,0.30221,0.305156,10000.0,10038.0,10038.0,0.03598856599667588,0.0019420796583602407,0.0007588474268700462,0.0
COD_4255,COD,Kabinda,3.155643,3.575225,3.600371,102000.0,104000.0,104000.0,0.02528145639591939,0.0014027398162770321,0.003891168184504412,0.0
COD_4262,COD,Kabolwe,0.338091,0.35959,0.360457,10300.0,10674.0,10674.0,0.01240620705844786,0.0004817514643333798,0.007158899813898056,0.0
COD_4263,COD,Kabombo-Dianda,1.452926,2.307782,2.316787,46700.0,44000.0,44000.0,0.09695865034449302,0.0007791877879412823,-0.011840252104765137,0.0
COD_4266,COD,Kabongo (south),1.532319,1.742216,1.746403,41300.0,39200.0,39200.0,0.026007563335122885,0.00048019083883477087,-0.010382872577646474,0.0
COD_4267,COD,Kabongo (north),1.03525,1.072147,1.074419,37400.0,37540.0,37540.0,0.007028633039768195,0.00042346368467782725,0.0007475446198843549,0.0
COD_4272,COD,Kabozia,0.372031,0.433132,0.434893,13500.0,12260.0,12260.0,0.030880271173907348,0.000811827832004175,-0.019085079981036923,0.0
COD_4278,COD,Kabwe,0.319001,0.353019,0.355723,10700.0,10410.0,10410.0,0.02047226847961281,0.0015272567200368403,-0.005480299834027091,0.0
COD_4284,COD,Kadimadiba,0.307072,0.330746,0.333786,20400.0,20608.0,20608.0,0.014964556605623347,0.0018315472114709408,0.002030949403951876,0.0
COD_4298,COD,Kafifi/Tumpa,0.076728,0.232571,0.236984,13500.0,13520.0,13520.0,0.2483039261477602,0.0037664901740463996,0.0002961208692180417,0.0
COD_4301,COD,Kafita,0.324773,0.360933,0.36749,31300.0,28021.0,28021.0,0.02133763371448638,0.0036072428683646685,-0.021889640898197893,0.0
COD_4393,COD,Bena-Kafumbu,0.11119,0.140467,0.142493,13900.0,14843.0,14843.0,0.047856267546408926,0.0028681633231988357,0.0132144559906755,0.0
COD_4406,COD,Kahe,1.117717,1.292922,1.304429,20800.0,34832.0,48480.0,0.029551542922758856,0.0017736959382586015,0.10862078151529753,0.06835808236211238
COD_4407,COD,Kahemba,2.256582,2.267228,2.267228,61000.0,54100.0,54100.0,0.0009417753571503429,0.0,-0.023722037686881636,0.0
COD_4408,COD,Kahinda,1.765587,1.810727,1.817171,58000.0,57091.0,57091.0,0.0050618097104133675,0.0007107472741436638,-0.003154319551959772,0.0
COD_4421,COD,Kakana,0.12592,0.297397,0.298519,11300.0,14399.0,16603.0,0.187540346531897,0.0007534108409632534,0.0496651481683108,0.02889450367232027
COD_4422,COD,Kakanda ,0.768569,2.321955,2.326986,31100.0,32726.0,32726.0,0.2474817104774849,0.0004329666488278594,0.010244529498794064,0.0
COD_4425,COD,Kakenge,1.125673,1.242984,1.247115,41300.0,52900.0,61272.0,0.02002462817001449,0.0006638089066619557,0.05075417450813213,0.029819893166942002
COD_4427,COD,Kakoi,0.396131,0.411827,0.415061,11300.0,11301.0,11301.0,0.00780195660545413,0.001565652181168442,1.769848856025824e-05,0.0
COD_4428,COD,Kakoma,0.485468,0.671396,0.6908,16000.0,26762.0,37223.0,0.06699805616297283,0.005714509761601594,0.10835712317550761,0.0682147272237632
COD_4432,COD,Kakumba,0.670206,0.687418,0.688211,18500.0,18431.0,18431.0,0.005084366121264949,0.000230612039150202,-0.00074706131359914,0.0
COD_4442,COD,Kalehe,0.405773,0.602062,0.616765,22200.0,21718.0,21718.0,0.08211050770136663,0.004837190838912209,-0.004380553081837157,0.0
COD_4443,COD,Mwenge,0.172576,0.253226,0.254127,11300.0,10513.0,10513.0,0.07970616027024313,0.0007106066489510621,-0.014334299312954824,0.0
COD_4444,COD,Kalemie,6.69584,9.597646,9.626181,190000.0,392000.0,594050.0,0.07466209765614917,0.0005939190748083245,0.15586334954417969,0.08669429390117855
COD_4445,COD,Kalenda,0.325174,0.332438,0.33416,12700.0,12092.0,12092.0,0.004428366938395989,0.0010338427764744473,-0.009763606762785204,0.0
COD_4448,COD,Kalima 2,0.723677,0.80667,0.809084,17700.0,32000.0,0.0,0.021951362860136214,0.00059779477893529,0.12573285770985154,-1.0
COD_4449,COD,Kalima 1,0.541143,0.605065,0.608954,14900.0,14856.0,14856.0,0.022581655275888624,0.001282189486776053,-0.0005913028917020613,0.0
COD_4457,COD,Kalo,0.796156,0.929975,0.929975,16000.0,25158.0,33772.0,0.03156030116422737,0.0,0.0947406030741762,0.060659859998727805
COD_4459,COD,Kalombo,0.663514,0.685758,0.68596,15300.0,14007.0,14007.0,0.006616763096161105,5.8905970732991975e-05,-0.01750411618453529,0.0
COD_4461,COD,Kalonda,0.416211,0.458283,0.461176,11700.0,10400.0,10400.0,0.019445559918470634,0.0012593626638606192,-0.023281316138826114,0.0
COD_4464,COD,Kalua,0.589674,0.713491,0.715963,11800.0,16976.0,21512.0,0.03885588418766206,0.0006919726398135762,0.07545110926239396,0.04850156861919186
COD_4466,COD,Kama,0.833998,1.354798,1.357865,18100.0,38577.0,58460.0,0.10189930092787947,0.0004523517939891697,0.16340245319715718,0.08669100439838795
COD_4471,COD,Kamango,0.36143,0.402668,0.40507,10500.0,10739.0,10739.0,0.021843964152160833,0.0011902058531241266,0.004511489807593527,0.0
COD_4472,COD,Bugarama/Kamanyola [ZAR],0.81184,0.871898,0.874215,12000.0,53400.0,80924.0,0.014376191231086244,0.0005309201356027415,0.34794447263663786,0.08669386912010912
COD_4476,COD,Kambove,1.150064,1.748436,1.750703,33000.0,67800.0,102746.0,0.08739052930920099,0.00025918308344552443,0.15489672766139528,0.08669344130681611
COD_4481,COD,Kamina/Kikunki,6.6789,8.594041,8.607317,162000.0,188500.0,199459.0,0.0517160364569722,0.00030876753172348614,0.030764061305256662,0.011366249380083904
COD_4482,COD,Kamisalu,0.54142,0.550211,0.551735,19100.0,19099.0,19099.0,0.0032264986293122355,0.0005533565495008386,-1.0471423487645737e-05,0.0
COD_4487,COD,Kampene,0.733913,0.79128,0.793079,15500.0,20000.0,23310.0,0.015166134987686153,0.0004542933462075016,0.052300215891077695,0.031103961861887353
COD_4490,COD,Kamuesha/Tshialupuishi,0.54217,0.566232,0.569746,22900.0,23530.0,23530.0,0.00872267934565718,0.001238117688750373,0.005442615947895524,0.0
COD_4499,COD,Kananga,17.742964,18.371368,18.400554,521000.0,690000.0,822404.0,0.0069851476742597285,0.00031753183449656497,0.05779685994423711,0.03573159510024526
COD_4505,COD,Kandolo,0.541702,0.554067,0.556889,12500.0,12608.0,12608.0,0.004524119733072318,0.0010165803955093367,0.0017220588046651386,0.0
COD_4511,COD,Kaniama,1.688739,1.732179,1.734326,47500.0,73900.0,98567.0,0.0050925344885977,0.00024777304494838504,0.0924213159527787,0.05929621384288564
COD_4517,COD,Kankumbwa,0.39858,0.410094,0.411295,14900.0,15846.0,15846.0,0.005711885124355831,0.0005850344404720875,0.012387272419545514,0.0
COD_4523,COD,Manono ,0.726206,0.92234,0.923622,22800.0,24198.0,24198.0,0.048977667223658816,0.0002778341676792362,0.011972999154309383,0.0
COD_4526,COD,Kanyabayonga,1.406761,1.708521,1.718495,32700.0,49600.0,65114.0,0.03963286566724622,0.0011648426644301768,0.0868929825381588,0.05593829332486977
COD_4528,COD,Kanyinda,0.421543,0.478952,0.482588,22000.0,26028.0,28010.0,0.02586454842577246,0.0015137253168093778,0.03419783301705226,0.014785988534812056
COD_4529,COD,Kanzamba,0.466488,0.540776,0.545469,10800.0,12809.0,13818.0,0.029995640504184573,0.0017296601424372504,0.03470916056557827,0.015280377403757983
COD_4530,COD,Kanzenze ,0.183197,0.486742,0.490573,10100.0,10332.0,10332.0,0.21583906436736888,0.0015692073359530045,0.004552421204732315,0.0
COD_4536,COD,Kapanga,1.950577,2.184353,2.189931,48300.0,11000.0,11000.0,0.02289709419315744,0.0005102024338452527,-0.2561435881290377,0.0
COD_4537,COD,Kapanga (west),0.290793,0.317432,0.319627,10900.0,11312.0,11312.0,0.017684948785141374,0.0013791639247457965,0.007447862362806479,0.0
COD_4558,COD,Karambi,0.415936,0.468616,0.476071,25200.0,25194.0,25194.0,0.02413715030729713,0.0031616541229824158,-4.762358341448003e-05,0.0
COD_4559,COD,Karambi ,0.154088,0.268392,0.29541,19000.0,15719.0,15719.0,0.11737808585492737,0.019368303047948343,-0.03720403259351912,0.0
COD_4569,COD,Luvungi ,0.984853,1.39634,1.39737,18700.0,56800.0,86076.0,0.07231888208262571,0.0001474850288105678,0.24882431456530307,0.08669269648159639
COD_4587,COD,Kasaji,2.870851,3.513044,3.517467,79000.0,67000.0,67000.0,0.04120102577460405,0.00025167770282918944,-0.03241407496422233,0.0
COD_4588,COD,Kasalo,0.714624,0.7407,0.748951,12900.0,12930.0,12930.0,0.0071935813426178274,0.0022180313597159884,0.0004646842155029418,0.0
COD_4591,COD,Kasandi ,1.200276,1.633471,1.662952,41900.0,42448.0,42448.0,0.0635699571978694,0.0035838341680887176,0.0026021738859891563,0.0
COD_4592,COD,Kasangulu,1.393603,1.543566,1.55558,38600.0,95000.0,143966.0,0.02065090797225877,0.0015518313328466427,0.19736693247966652,0.08669399351107576
COD_4594,COD,Kasanza,0.404516,0.457385,0.461045,31500.0,34116.0,34116.0,0.024871090438137955,0.0015953041695642156,0.01608376063195438,0.0
COD_4595,COD,Kasegbe,0.50789,0.650141,0.662457,15800.0,16640.0,16640.0,0.05062463182749766,0.0037603298967801013,0.010413748624408692,0.0
COD_4598,COD,Kasenga 1,2.126393,2.2755,2.291072,60000.0,51700.0,51700.0,0.013646817507214859,0.0013649350425122275,-0.029338378659063302,0.0
COD_4599,COD,Kasenga 2,0.403424,0.845372,0.848311,21300.0,21418.0,21418.0,0.1594638845844063,0.0006943502841261218,0.0011055341054664325,0.0
COD_4600,COD,Kasenyi,0.493202,0.625556,0.637518,16400.0,18075.0,18075.0,0.04869276788639443,0.003795516328075843,0.01964006405544061,0.0
COD_4605,COD,Kashobwe,0.96027,1.003838,1.004523,32300.0,29800.0,29800.0,0.008913780774524094,0.00013643896806359024,-0.01598266709429419,0.0
COD_4608,COD,Kamituga,1.582615,1.83331,1.841746,19800.0,37500.0,56689.0,0.029845619264849965,0.0009186133699294885,0.13624821898136075,0.08615925138825231
COD_4609,COD,Kasomeno,0.24767,0.30146,0.305989,17200.0,12820.0,12820.0,0.04009080775920881,0.0029868149119420817,-0.057086365524870786,0.0
COD_4610,COD,Kasonga-Tambwe ,0.347567,0.378796,0.381845,11400.0,13486.0,14511.0,0.017356981653360526,0.001604679223547345,0.03417887151231436,0.014758826031937122
COD_4611,COD,Kasongo,2.646304,2.868165,2.872866,64000.0,23400.0,23400.0,0.016232031551929538,0.0003275907070192652,-0.18227518601411674,0.0
COD_4612,COD,Kasongo-Lunda,0.793436,0.829942,0.831576,24000.0,37500.0,50149.0,0.009037178416865466,0.00039345272375723717,0.09336207394327811,0.05985438729424675
COD_4619,COD,Kasumba,0.696589,0.709099,0.714994,12400.0,12777.0,12777.0,0.0035662606787514317,0.0016571717900244476,0.0060080175723729035,0.0
COD_4621,COD,Kasungeshi,0.455961,0.516876,0.517433,13800.0,17457.0,20002.0,0.025396271468115295,0.0002154327380750054,0.04813712775742651,0.027592112777663047
COD_4627,COD,Katako-Kombe,0.489087,0.828788,0.832089,18700.0,29500.0,39679.0,0.11124921449000613,0.0007953188220515273,0.09545888429431759,0.061079051472591184
COD_4629,COD,Katana ,1.027041,1.225276,1.268565,19500.0,32912.0,49789.0,0.035927182803403124,0.006968208896498407,0.11036031800867963,0.08631512376933959
COD_4630,COD,Katanda,0.698051,0.715927,0.71735,19700.0,24200.0,27003.0,0.005070017352735823,0.0003972108851220124,0.04200506012325844,0.02216105513047162
COD_4631,COD,Katanga,0.372275,0.530853,0.53186,15600.0,16380.0,16380.0,0.07354951667252108,0.0003791018524008649,0.009805797673485328,0.0
COD_4636,COD,Kate,0.184821,0.221422,0.221422,10000.0,11519.0,12060.0,0.03679737913958392,0.0,0.02868629928364519,0.00922152776360785
COD_4638,COD,Katengele,0.367326,0.371008,0.371887,14000.0,11301.0,11301.0,0.0019967686074726654,0.00047339581035776845,-0.041928838492998666,0.0
COD_4639,COD,Katenta,0.118273,0.141885,0.143524,17800.0,17757.0,17757.0,0.03707502187911116,0.0022997199625287568,-0.00048361360549209476,0.0
COD_4650,COD,Katobole,0.446979,1.06266,1.065234,16700.0,17258.0,17258.0,0.1891083883560798,0.0004839760030630469,0.006595069255014074,0.0
COD_4661,COD,Kavumu,1.226862,1.482769,1.501158,23000.0,43745.0,64858.0,0.03861731019470427,0.0024681457866715384,0.13720855192525172,0.08194958908006367
COD_4673,COD,Kayna,0.770013,0.949743,0.959078,28900.0,36000.0,40687.0,0.04284943165844357,0.00195811152537817,0.044914922960449966,0.024779982705108283
COD_4676,COD,Kazadi,0.236461,0.249794,0.253538,27400.0,26795.0,26795.0,0.011031056076709955,0.002979857974538813,-0.004455586381090448,0.0
COD_4679,COD,Kazumba,0.20558,0.220706,0.22158,10200.0,42100.0,63799.0,0.014300537484803755,0.0007907522746071205,0.32781137501482593,0.08669171288457367
COD_4710,COD,Kenge,1.915081,2.298282,2.310003,55000.0,71100.0,83000.0,0.03715396894501155,0.0010179049002629892,0.052692144824229015,0.03143460566236356
COD_4766,COD,Cité de luilu,2.002065,4.752015,4.786515,48700.0,95000.0,142439.0,0.18872097496305917,0.0014478171952254648,0.14298078346229603,0.08437890929150105
COD_4767,COD,Kiamba,0.754126,0.77907,0.781144,21000.0,21000.0,21000.0,0.006529512489874101,0.0005318636329778581,0.0,0.0
COD_4782,COD,Kibirizi,0.80033,0.830456,0.832074,12800.0,22695.0,32544.0,0.007417535613267301,0.00038936211303042256,0.1213573744775771,0.07475172002836405
COD_4787,COD,Kibombo,0.644632,0.699776,0.699776,16800.0,21200.0,24238.0,0.016551619599912692,0.0,0.04762370263962179,0.02714601139661621
COD_4792,COD,Kibula,0.447415,0.657098,0.659974,13500.0,17546.0,20575.0,0.07990094456742791,0.0008738355885840043,0.053825907843213505,0.03236279267412567
COD_4799,COD,Kidumbi,1.101206,1.314136,1.327039,39000.0,39526.0,0.0,0.03598710258645421,0.0019560563974807543,0.002683000237934108,-1.0
COD_4812,COD,Kikonka,0.235511,0.304551,0.306411,10900.0,11683.0,0.0,0.05276094844965207,0.0012184972042450504,0.013971097083155248,-1.0
COD_4813,COD,Kikunka,0.628807,0.892238,0.897071,29100.0,29571.0,29571.0,0.0724885630637695,0.00108100356828289,0.0032163568461411884,0.0
COD_4815,COD,Kikwit,16.89676,17.606492,17.670612,410000.0,539400.0,641466.0,0.008263114642576674,0.0007273089688659695,0.056392762375507166,0.035267403516288764
COD_4816,COD,Kilembe,0.25848,0.53806,0.542836,10300.0,17800.0,25193.0,0.15792585814338445,0.0017689969172769437,0.11562067855307112,0.0719437016701876
COD_4823,COD,Kilomines,0.273492,0.387196,0.401046,10100.0,15074.0,19582.0,0.07200607623120536,0.007053783391268942,0.08338153043348662,0.053721173975767034
COD_4824,COD,Kilongwe,0.297521,0.441563,0.4427,23600.0,24713.0,24713.0,0.08216880351497236,0.0005144591922319197,0.009259144892356908,0.0
COD_4827,COD,Kilubi,0.500093,0.511481,0.515391,13800.0,11780.0,11780.0,0.0045134265503603554,0.0015242398442285587,-0.03115736803011404,0.0
COD_4828,COD,Kilunda,0.463748,0.50743,0.519469,15000.0,15904.0,15904.0,0.01816653367910992,0.0047006868528931545,0.011772850620218822,0.0
COD_4829,COD,Kilwa,1.632583,2.315769,2.320607,54000.0,56080.0,56080.0,0.07241774917393151,0.0004174822383367083,0.007587680891796733,0.0
COD_4830,COD,Kimafu ,0.588271,0.628793,0.631482,16700.0,18562.0,18690.0,0.013412021500701199,0.0008538301223546263,0.021366618046267494,0.0013753732182502088
COD_4838,COD,Kimvula,0.204752,0.264877,0.270287,11200.0,11032.0,11032.0,0.0528420430707468,0.004051945046166461,-0.0030181637206270207,0.0
COD_4841,COD,Kimoho,0.311882,0.493391,0.514549,10300.0,15805.0,20901.0,0.09607477372619089,0.008433125279168507,0.08941024489536842,0.05748572371037808
COD_4842,COD,Kimpemba,0.385762,0.404518,0.407414,14100.0,22300.0,30040.0,0.009540348915527463,0.0014277447730759452,0.09601664583526626,0.06139982834437152
COD_4843,COD,Kimpese,2.52596,2.965347,2.980599,75000.0,100800.0,121456.0,0.03259450696161914,0.0010265724425762013,0.06091320185501359,0.037986459984224785
COD_4844,COD,Kimpoko Centre,0.342743,0.461549,0.46986,10900.0,10899.0,12650.0,0.06132854292405798,0.003575688409424682,-1.8349297234321327e-05,0.03024561466416298
COD_4845,COD,Kimpuki,0.6114,0.861227,0.861227,17600.0,20809.0,22379.0,0.0709234797443885,0.0,0.034064689674657256,0.014653816409851306
COD_4851,COD,Kindu,10.526293,12.613031,12.636454,248000.0,327200.0,388465.0,0.03683297707337574,0.0003711339536103253,0.05699351513951778,0.034922240751369626
COD_4853,COD,Kingombe,1.280552,1.564184,1.565349,24800.0,54300.0,128619.0,0.040825979985190886,0.00014891509943626424,0.1696869100532623,0.18823149584434962
COD_4858,COD,Kinshasa,156.313264,168.737488,169.193888,7270000.0,9850000.0,11943427.0,0.01541400609609278,0.0005403743035516939,0.06262581904226083,0.0392943009024167
COD_4862,COD,Kintobongo-Bunge,0.497085,0.561033,0.563405,24600.0,25518.0,25518.0,0.024499025948425013,0.0008441566538808232,0.007354440542026497,0.0
COD_4864,COD,Kinzau-Vuete ,1.615088,1.727365,1.732109,29000.0,61800.0,93653.0,0.013532279899195032,0.0005486735045918678,0.16337062964075666,0.08669243499684076
COD_4866,COD,Bulongo 1,1.592441,1.804372,1.81906,33400.0,53700.0,73045.0,0.025303749780428708,0.0016227703371658464,0.09962742766209076,0.06346509858266991
COD_4867,COD,Kipaka,0.518181,0.78079,0.792978,11600.0,18551.0,25155.0,0.08545182090925207,0.0031026534687559337,0.09845398120273763,0.06279964151112427
COD_4868,COD,Kipamba,1.009653,1.258135,1.266162,31900.0,38290.0,41797.0,0.04498732029089192,0.0012727716681795176,0.037191470576591446,0.017681662239543483
COD_4869,COD,Kipese,0.708517,1.149851,1.162394,23100.0,23497.0,23497.0,0.10168708544791438,0.002172216403617089,0.003413841107171134,0.0
COD_4873,COD,Kipushi,2.618952,3.840337,3.850672,99000.0,128200.0,149874.0,0.07956391488786507,0.0005376555564364782,0.05305381569677414,0.03173379099625029
COD_4880,COD,Kiri,0.470221,0.511979,0.517935,15200.0,23600.0,31438.0,0.01716176189007368,0.002315906214993335,0.09197748266052352,0.059030776507531524
COD_4885,COD,Kirumba,1.981892,2.34009,2.350399,57000.0,95000.0,131879.0,0.033785687605356385,0.0008795287206309066,0.10756634324829006,0.06780120843071313
COD_4887,COD,Kirungu,1.835832,2.54415,2.557408,60100.0,97000.0,132238.0,0.06743627015767584,0.0010400684090658974,0.10047315407902446,0.06393943805218938
COD_4889,COD,Kisambiro,0.916383,1.253648,1.261891,24200.0,24803.0,24803.0,0.06468152416272832,0.0013115970914319153,0.004934530981211438,0.0
COD_4890,COD,Kisangani,21.554372,23.837466,23.875308,430000.0,750000.0,1074278.0,0.02034007064156751,0.0003172987697472873,0.11768278437733448,0.07451153911299557
COD_4894,COD,Kisenda,1.094607,1.260782,1.269252,29300.0,27000.0,29465.0,0.028670666597075734,0.0013400144597222052,-0.016217192131418923,0.017626800734930503
COD_4895,COD,Kisenge,0.77741,0.917188,0.921081,24200.0,25058.0,25058.0,0.03362177107920816,0.0008474614266207325,0.006992434634507383,0.0
COD_4897,COD,Kisharo,0.86046,0.892204,0.90417,21700.0,20245.0,20245.0,0.007271847603871118,0.0026680709481412546,-0.013784986983194636,0.0
COD_4904,COD,Lemba ,1.003521,1.149886,1.166895,32000.0,33900.0,33900.0,0.027603711691126298,0.0029410299549847974,0.011602616510488772,0.0
COD_4911,COD,Kitangua,0.47023,0.513543,0.514894,15800.0,15960.0,15960.0,0.01777855565576192,0.0005255959426950785,0.002017162137519346,0.0
COD_4912,COD,Kitenge,1.262405,1.548205,1.548229,34600.0,51058.0,65833.0,0.04165991479844511,3.1003453915268153e-06,0.08092992452066472,0.05214590554831955
COD_4913,COD,Kitengo ,0.573221,0.675109,0.677474,17700.0,16328.0,16328.0,0.03326176993325425,0.0006996479027767677,-0.01600714468447295,0.0
COD_4929,COD,Nsanda,0.354886,0.470929,0.473259,19800.0,21637.0,0.0,0.05821353890305203,0.0009875808946822051,0.01790294522136837,-1.0
COD_4949,COD,Kokola,0.513059,0.575104,0.58399,22800.0,18560.0,18560.0,0.023094654559882244,0.0030712998838700045,-0.04031518076186025,0.0
COD_4960,COD,Kole,0.454027,0.745085,0.751653,24600.0,44900.0,65307.0,0.10414174037918111,0.0017568365230105076,0.12787831486271273,0.07781116622803008
COD_4967,COD,Kolwezi,14.92416,25.888972,26.036608,602000.0,774900.0,901332.0,0.11646466305433179,0.001137939200892557,0.05179192906376606,0.030689438498165744
COD_4968,COD,Komanda,1.235756,1.478882,1.494181,24900.0,30478.0,33895.0,0.0365736363831104,0.0020604866382820664,0.04125577601770147,0.021479922132174423
COD_4972,COD,Komeshia,0.510234,0.922164,0.929907,25500.0,31271.0,34838.0,0.12566134773050863,0.0016736989174781502,0.04164640139001685,0.02183856447967747
COD_4980,COD,Kongolo,3.813103,4.016943,4.025454,91000.0,102700.0,105187.0,0.01047000535201592,0.00042339639856958655,0.02448548640749415,0.004796989207665581
COD_5004,COD,Koshi ,0.565693,0.57208,0.572764,10400.0,10683.0,10683.0,0.0022479856428996303,0.00023901311292218175,0.005384019381422078,0.0
COD_5040,COD,Kpandroma,0.432426,0.767294,0.79462,17300.0,27349.0,36832.0,0.12152769043884337,0.007023343487742251,0.09592054748221224,0.06134546886658199
COD_5082,COD,Kulundji,0.393186,0.404679,0.406109,11600.0,18700.0,25475.0,0.005778909423610923,0.0007057361605320445,0.10021287647555521,0.06378660442067363
COD_5142,COD,Kutu,1.043447,1.077532,1.077826,22200.0,36100.0,49427.0,0.006449425612994775,5.456319043783964e-05,0.10212497891311556,0.0648572936924472
COD_5159,COD,Kwamouth,0.732945,0.751329,0.752201,16500.0,27000.0,37099.0,0.004966888985393325,0.0002320143268483843,0.10350921459993478,0.06561343624532867
COD_5174,COD,Kwilu-Ngongo,1.560964,1.84992,1.856765,39500.0,71800.0,104227.0,0.034551255524000846,0.0007389391320364869,0.12695213256137095,0.07738558027425557
COD_5184,COD,Kyondo,1.011663,1.310782,1.338241,38500.0,47700.0,53646.0,0.053171069208544086,0.004155040220856776,0.043786150006693614,0.023773286515348824
COD_5270,COD,Libenge,0.582489,1.206536,1.221231,28400.0,32000.0,32717.0,0.15677930728703315,0.0024241179162278748,0.024156504665618916,0.004441618413925097
COD_5273,COD,Likasi,12.704512,14.899526,14.954994,365000.0,565000.0,754897.0,0.032387869390590796,0.0007434543279418726,0.09131749299810155,0.059663194918702755
COD_5274,COD,Likati,0.949503,1.054145,1.057618,26000.0,11500.0,11500.0,0.021129451622984075,0.000658055988501216,-0.15053615621047156,0.0
COD_5289,COD,Lisala,3.450317,3.795659,3.81049,122000.0,127200.0,127200.0,0.01926154222457299,0.0007802531356226883,0.008382862289738835,0.0
COD_5294,COD,Lobango,0.315348,0.476587,0.48164,13200.0,15376.0,16288.0,0.0861015216925809,0.0021115580601425155,0.030988658538941838,0.011590816549093219
COD_5300,COD,Lodja,4.379335,5.358668,5.381662,138000.0,180000.0,182570.0,0.04118939640406505,0.0008567291155736623,0.05457794330579446,0.002839385487749091
COD_5312,COD,Lokutu Bandu ,0.922258,1.024087,1.02469,26800.0,29489.0,29489.0,0.021167264963078747,0.0001177357055515138,0.01930710229805288,0.0
COD_5329,COD,Lovangira,0.240698,0.29215,0.296073,12100.0,11539.0,11539.0,0.03950523738108558,0.0026712968800672865,-0.009449638960537299,0.0
COD_5330,COD,Luambo,0.771732,1.978573,1.981298,39100.0,48187.0,53931.0,0.20719412696964223,0.00027529942348758496,0.04267899899819705,0.022778798480532325
COD_5337,COD,Lubao,1.94104,1.957417,1.960328,49300.0,58200.0,62497.0,0.0016817796184824818,0.00029725601543661995,0.033749263331390056,0.014348607202432362
COD_5339,COD,Lubena,1.039302,1.105874,1.115629,24100.0,24080.0,24080.0,0.012494742826974381,0.0017580232849654376,-0.00016603022665395706,0.0
COD_5340,COD,Lubero,1.598436,1.838005,1.86264,81000.0,69700.0,69700.0,0.028324746714019522,0.002666366840589074,-0.02960276178251009,0.0
COD_5342,COD,Lubondo ,0.22271,0.243316,0.245306,12000.0,10130.0,10130.0,0.017855646170701123,0.001630407821923141,-0.03331353060597453,0.0
COD_5343,COD,Lubudi,0.418836,0.590256,0.603494,23100.0,14400.0,14400.0,0.07102419385968228,0.004445804874094517,-0.09019126437045522,0.0
COD_5344,COD,Lubumbashi,76.689848,99.947144,100.512264,2077000.0,3050000.0,3924715.0,0.05440268295608952,0.0011282887701609123,0.07987296492149709,0.051723691659185445
COD_5345,COD,Lubutu,1.048935,1.396095,1.405295,44900.0,46714.0,63739.0,0.05884716699643078,0.0013145015124174098,0.007952678055263895,0.06412252876514812
COD_5356,COD,Luebo,1.22772,1.272251,1.276442,31500.0,50200.0,67931.0,0.007151245258623318,0.0006579658507279706,0.09768728262870008,0.06236280788268633
COD_5358,COD,Luena,1.652873,1.754488,1.757204,34100.0,77300.0,117143.0,0.012003893425437395,0.00030941445944576706,0.1778365391410459,0.08669425130433384
COD_5364,COD,Luhihi,0.183996,0.236105,0.243963,10000.0,10705.0,10705.0,0.05113708952853213,0.006569475582664408,0.013718411395425623,0.0
COD_5366,COD,Luishia,0.328035,1.115828,1.120502,22900.0,27147.0,29273.0,0.2774250087896677,0.0008363633484094191,0.03461143022886515,0.015194083298754713
COD_5367,COD,Luiza,1.993968,2.125198,2.127667,48800.0,57600.0,61842.0,0.012829268155445162,0.00023224691826695398,0.03371431930050428,0.014313506626751682
COD_5368,COD,Lukala,1.127269,1.224876,1.232787,29800.0,45900.0,60843.0,0.0167470294679104,0.001288398369813759,0.0902329017109349,0.05798518632480154
COD_5369,COD,Lukalaba,1.646726,1.66523,1.668804,17600.0,17054.0,17054.0,0.0022373346581456843,0.0004288819762019447,-0.006283003212390614,0.0
COD_5371,COD,Lukolela,0.818709,1.142577,1.147131,24400.0,59300.0,89865.0,0.06893471751869518,0.0007958775494663062,0.19435373879559603,0.08669376948143537
COD_5372,COD,Lukombo I,0.330866,0.339775,0.343226,11600.0,11535.0,11535.0,0.005328179380659881,0.0020231414903575384,-0.0011232100241953535,0.0
COD_5373,COD,Kiondo,0.751749,0.790683,0.79462,29000.0,30102.0,30102.0,0.0101500937184138,0.0009938703724723386,0.007487045759146049,0.0
COD_5375,COD,Lukula,1.021862,1.149777,1.161504,26000.0,31600.0,34909.0,0.023868716078609298,0.002031602216336248,0.039783082120392166,0.020117188114662676
COD_5377,COD,Lukuni ,0.297257,1.145946,1.153671,22200.0,27021.0,29892.0,0.30980430197756115,0.0013446102497147727,0.04008704890244674,0.020400613907667564
COD_5387,COD,Lunga ,1.509952,1.859389,1.864326,35000.0,50700.0,64554.0,0.04251286524642861,0.0005304715583065445,0.07693125905796871,0.0495014421923925
COD_5388,COD,Sange ,1.245189,1.342681,1.34843,17800.0,70500.0,106838.0,0.015190426443173477,0.0008548834681247897,0.31690310890168183,0.08669414340572401
COD_5391,COD,Luofu ,0.458547,0.524416,0.527573,10500.0,11887.0,12216.0,0.027208052888160195,0.0012011171474386462,0.025124451960698346,0.00547517466530878
COD_5393,COD,Luozi,0.863897,1.258876,1.270669,44500.0,33000.0,33000.0,0.07821209087670589,0.0018665947396754312,-0.058043633498933045,0.0
COD_5395,COD,Miabi,0.133523,0.148844,0.150346,12000.0,12060.0,12060.0,0.021962712205037205,0.002010122969472672,0.0009980059790795082,0.0
COD_5396,COD,Luputa,3.743991,3.923779,3.942723,96000.0,92200.0,92200.0,0.009424748903638536,0.0009637403624611629,-0.008045075935779078,0.0
COD_5399,COD,Lusambo,1.463833,1.549177,1.554534,34700.0,71900.0,111119.0,0.011397559669297452,0.0006906383981708508,0.15685754428685095,0.09096768508997743
COD_5403,COD,Lusuku,0.776339,0.88815,0.890537,10600.0,22400.0,33945.0,0.02727562471733469,0.0005369448856920034,0.16141767384673344,0.08668972061845603
COD_5405,COD,Lutukwe,0.368742,0.396931,0.39982,11400.0,11812.0,0.0,0.014842116258562355,0.0014514490885662035,0.0071257901714720795,-1.0
COD_5412,COD,Lwanguku,0.43309,0.473382,0.479064,10100.0,13556.0,16316.0,0.017950633145217276,0.002389154819367967,0.06062543376725138,0.03775880595951575
COD_5423,COD,Maboya,0.325741,0.355902,0.3619,10900.0,11030.0,11030.0,0.017868327028162767,0.0033480960972886997,0.0023740223450536835,0.0
COD_548,COD,Alberta,0.712869,0.742248,0.74483,29300.0,29299.0,29299.0,0.008109857436100487,0.0006947582910092898,-6.826031755391426e-06,0.0
COD_5500,COD,Mahagi,1.693913,1.943723,1.972189,71000.0,36300.0,36300.0,0.02789476570233118,0.0029120091252681224,-0.12556072547198605,0.0
COD_5536,COD,Mai-Munene,0.367535,0.373855,0.374126,14000.0,11224.0,11224.0,0.003415714200099451,0.0001449339755625889,-0.04323798571506143,0.0
COD_5560,COD,Mankanza,0.674944,1.359369,1.363643,35000.0,37100.0,37100.0,0.1503074278348031,0.0006280318227731563,0.011721951492754235,0.0
COD_5563,COD,Makaw,0.39821,0.408512,0.409133,10300.0,10301.0,10301.0,0.005121426963757836,0.000303845536234304,1.941672169536446e-05,0.0
COD_5596,COD,Bena-Musakatshi/Mulamba,0.083597,0.279714,0.28559,10600.0,12300.0,12300.0,0.2732236654877567,0.004166568764306211,0.030195976152482817,0.0
COD_5605,COD,Malemba-Nkulu,2.09929,2.369311,2.380952,67000.0,58700.0,58700.0,0.02449519710868575,0.000980723019368801,-0.02610382595512839,0.0
COD_5607,COD,Malia-Bwana ,0.617893,0.680938,0.691331,16100.0,16097.0,16097.0,0.01962120555798852,0.0030340866667419863,-3.726985872654076e-05,0.0
COD_5608,COD,Malibu,0.477835,0.559051,0.563196,16500.0,16479.0,16479.0,0.03189306628003674,0.001478491733867049,-0.00025467514036769945,0.0
COD_5620,COD,Maluku-Maes,0.251786,0.335667,0.336214,10300.0,10307.0,10307.0,0.05919376042229341,0.0003257060084334018,0.00013588539539721722,0.0
COD_5624,COD,Mamba,0.691141,0.746391,0.754338,18100.0,18682.0,18682.0,0.015500045969824017,0.0021204353183743585,0.006349785990543255,0.0
COD_5625,COD,Mambasa,2.189677,2.424513,2.440999,63000.0,36300.0,36300.0,0.020584321025175933,0.0013562593416363011,-0.10440179367597824,0.0
COD_5640,COD,Manda,0.436157,0.490598,0.491927,14200.0,13545.0,13545.0,0.02380344195869255,0.0005412016617671878,-0.0094004348594674,0.0
COD_5650,COD,Mangai,1.633634,1.794714,1.797781,39200.0,76300.0,114291.0,0.018985718901932458,0.00034154808615527443,0.14247760095019113,0.08417028249226255
COD_5652,COD,Mangina,3.148199,3.300549,3.320616,70000.0,54500.0,54500.0,0.009496462944611483,0.0012130330530324418,-0.04882660894412105,0.0
COD_5667,COD,Sele,0.349715,0.401253,0.405069,16900.0,20789.0,23227.0,0.027876190783331145,0.001894847341406214,0.04229193886634808,0.02242604519938496
COD_5673,COD,Manono ,2.781572,4.076473,4.085203,94000.0,95500.0,95500.0,0.07944085870699724,0.00042794500427767446,0.0031713110439099967,0.0
COD_5747,COD,Masamuna,0.737142,0.868151,0.872214,20600.0,27170.0,32248.0,0.033258109801680646,0.0009342649498740307,0.0569257617181298,0.03486245118026976
COD_5752,COD,Masereke,1.597215,2.456792,2.482844,40000.0,41322.0,41322.0,0.08993601126308182,0.0021118755657649757,0.006524309520735017,0.0
COD_5764,COD,Masi-Manimba,1.783501,1.930375,1.936801,48000.0,45700.0,45700.0,0.015953113142701092,0.0006648926223939977,-0.009772478540117646,0.0
COD_5768,COD,Masisi,0.415258,0.643333,0.651542,11100.0,44900.0,68043.0,0.09149955821461919,0.0025390952575230497,0.3224664784032647,0.08669438353267656
COD_5779,COD,Matadi,11.765791,12.655754,12.693435,355000.0,590000.0,858471.0,0.014689996865268062,0.0005947682568094859,0.1069416579419662,0.07789069646781899
COD_5787,COD,Matamba ,0.355731,0.39452,0.395993,15400.0,16635.0,16635.0,0.020914711861056867,0.0007456174835740459,0.015547910360580897,0.0
COD_5795,COD,Mateko Centre,0.643819,0.696526,0.719269,12000.0,12612.0,12612.0,0.015861984869944612,0.006446750708878568,0.00999806840289974,0.0
COD_5846,COD,Mbali-Iboma,0.256236,0.281889,0.284235,10000.0,10000.0,10000.0,0.019266138530561916,0.0016589714451591409,0.0,0.0
COD_5850,COD,Mbandaka,7.806686,8.324361,8.345281,255000.0,355000.0,439374.0,0.012923947588313167,0.0005021166666070442,0.06840923807777366,0.04356907352348549
COD_5854,COD,Mbanza-Ngungu,3.154172,3.640662,3.656938,115000.0,164700.0,208050.0,0.02910336371473221,0.000892528465042064,0.07448201803154952,0.0478396407601307
COD_5856,COD,Mbata-Mbenge,0.383984,0.448745,0.455468,14000.0,14400.0,14400.0,0.031661678628970735,0.0029785599375151683,0.005650077210034965,0.0
COD_5858,COD,Mbau,0.86511,0.933284,0.946677,25000.0,25911.0,25911.0,0.015286233813902372,0.002853745995842649,0.007184035071456485,0.0
COD_5867,COD,Mbien,0.461668,0.47459,0.478914,11500.0,12018.0,12018.0,0.005536320163786579,0.0018155996441870936,0.008850635404151541,0.0
COD_5882,COD,Mbuji-Mayi,31.690288,28.127338,28.143378,901000.0,1300000.0,1729923.0,-0.02357140540008773,0.00011402673398719365,0.0760779003010228,0.05880670805438615
COD_5946,COD,Menkao,0.459457,0.55706,0.562206,26800.0,33463.0,37900.0,0.03927724967149837,0.0018407674802189966,0.045408473384786596,0.025214800655817715
COD_5947,COD,Menki,0.495937,0.525066,0.525759,12900.0,13320.0,13320.0,0.011480413163573289,0.0002638275688957581,0.00642844507508844,0.0
COD_5983,COD,Lupatapata,0.928568,0.931935,0.934604,38400.0,46500.0,51191.0,0.0007241531224184694,0.0005721316846947211,0.039021048776873624,0.019408222132668795
COD_6016,COD,Minova,0.947848,0.984191,0.995336,13500.0,17389.0,20237.0,0.007553551633343147,0.0022546147679702866,0.051933213875567485,0.030799750692644068
COD_6078,COD,Misisi,0.945171,2.095745,2.104888,21300.0,24645.0,25925.0,0.1726424457197695,0.0008710111732590509,0.029603105472478797,0.010178191774982803
COD_6139,COD,Mitwaba,0.361265,0.91122,0.919943,29800.0,30692.0,30692.0,0.20325997592452327,0.0019072866881650885,0.005916159915976493,0.0
COD_6156,COD,Mkwadi ,0.570122,0.664464,0.671278,23400.0,28933.0,28933.0,0.03109986799665032,0.002042614813442034,0.043363217000409904,0.0
COD_6172,COD,Moanda,7.840335,9.166171,9.241374,121000.0,198000.0,378930.0,0.031740947572745704,0.001635522827378555,0.10350921459993478,0.1386198740004161
COD_6175,COD,Moba,0.839001,1.494258,1.500815,30400.0,36400.0,39639.0,0.12236114187241842,0.000876089807688496,0.036682005013054075,0.01719510415257508
COD_6176,COD,Mobayi-Mbongo,0.447813,0.459975,0.464591,17400.0,41700.0,63193.0,0.005373667760188328,0.0019990571490624554,0.19101535702414418,0.08669228473705148
COD_6199,COD,Mokambo ,0.866611,1.411699,1.427581,35400.0,35900.0,35900.0,0.10251265199225057,0.002239997043837594,0.002809033031336172,0.0
COD_6222,COD,Monkoto,0.425571,0.471931,0.4774,14500.0,11700.0,11700.0,0.020895515377118645,0.0023070422251754152,-0.0420042731621989,0.0
COD_6263,COD,Motokolea,0.335033,0.738889,0.745381,11600.0,18524.0,25097.0,0.17138139805463748,0.0017510894418082401,0.09813404654696112,0.06261858573573731
COD_6328,COD,Mwene-Ditu,8.960885,9.315061,9.35308,250000.0,382900.0,505765.0,0.007782841717616451,0.0008149615431434221,0.08900298840890808,0.057237797120680556
COD_6345,COD,Muimba,0.545478,0.591063,0.594078,15600.0,18350.0,19633.0,0.01618155315687364,0.001018120565935865,0.033004691805250896,0.013608210049738778
COD_6348,COD,Mukedi,0.906286,1.142918,1.149581,51000.0,37200.0,37200.0,0.047490180068795906,0.0011632534453545063,-0.06115358390819636,0.0
COD_6350,COD,Mukoso ,0.206407,0.546311,0.54829,16900.0,16360.0,16360.0,0.21490719672489988,0.0007234482419853361,-0.006473812147936631,0.0
COD_6351,COD,Mukubu,0.871185,1.147851,1.155052,31900.0,29707.0,29707.0,0.0567080735044172,0.0012515557575041303,-0.014143685150672214,0.0
COD_6353,COD,Mukungwa,0.526851,0.710803,0.715964,29400.0,29112.0,29112.0,0.061725599077060656,0.0014479611847437734,-0.001966905907315075,0.0
COD_6354,COD,Mukupa,0.35143,0.377205,0.378954,13800.0,15605.0,16017.0,0.01425631794788651,0.0009256320223041126,0.024889248708355627,0.005225461842841561
COD_6361,COD,Mulinga,0.475105,0.599537,0.607742,15200.0,18178.0,19772.0,0.047623611109802955,0.002722250441048235,0.0364312573242902,0.016953043837864223
COD_6362,COD,Mulongo,1.884286,2.07624,2.080549,69000.0,66500.0,66500.0,0.019591359671948805,0.00041473310523998386,-0.0073537393531947215,0.0
COD_6363,COD,Bumba,4.523109,5.985369,6.005226,165000.0,180200.0,180200.0,0.05762272836724036,0.0006626392250197455,0.017780599982689882,0.0
COD_6375,COD,Mungbere,0.500318,0.540493,0.54182,12100.0,14988.0,16852.0,0.01556748822367826,0.0004905516683386679,0.043738402418377786,0.02372086085736047
COD_6376,COD,Mungbualu/Nzebi,1.044233,1.594439,1.620805,35400.0,82000.0,124265.0,0.0883337545819527,0.0032855835709553194,0.18293836781261819,0.08669331232503397
COD_6415,COD,Mushie,2.296735,2.444119,2.449621,54700.0,55700.0,55700.0,0.01251692541987981,0.0004498187216581684,0.003629859542285896,0.0
COD_6417,COD,Musienene,0.814133,0.878138,0.889082,28300.0,28913.0,28913.0,0.015251132094232789,0.0024802132621917217,0.0042951008821285885,0.0
COD_6422,COD,Mutabi,0.640543,0.731321,0.736513,25000.0,24188.0,24188.0,0.026861688637630943,0.0014158812045159674,-0.006582079083710446,0.0
COD_6429,COD,Mutshatsha,0.343744,0.430184,0.430451,11600.0,13600.0,14502.0,0.04588473749448885,0.0001241021226685568,0.03232437953530787,0.012926185759247533
COD_6434,COD,Mutwanga,1.292646,1.374559,1.391113,35100.0,53226.0,69862.0,0.012364146196427006,0.002397107230512674,0.08683431634836425,0.05590157323656264
COD_6446,COD,Mwadingusha,0.956674,1.316426,1.326133,24600.0,29673.0,32545.0,0.0659246265361284,0.0014704199418824615,0.03821014875205564,0.018649001595072656
COD_6456,COD,Kibango ,0.361558,0.426573,0.432749,18300.0,16342.0,16342.0,0.033625172876796006,0.0028790104845224374,-0.02237832168705811,0.0
COD_6462,COD,Mweka,2.821477,3.427116,3.432513,78000.0,142000.0,206285.0,0.03965790016728632,0.000314760489257937,0.12729803073711565,0.07754610402353568
COD_6464,COD,Mwenda,0.264499,0.306316,0.315748,16300.0,16320.0,16320.0,0.02979108920420548,0.006083867650280572,0.00024527842048271964,0.0
COD_6465,COD,Mwenga 1,0.763554,0.923931,0.930913,11300.0,13465.0,14593.0,0.03886701315974794,0.0015068204100241456,0.03567998373360015,0.016219782463357868
COD_6467,COD,Mweso,0.324045,0.468372,0.47442,10500.0,13261.0,15172.0,0.07645807497823576,0.002569325742843631,0.047797589973095134,0.02729059427549796
COD_6617,COD,Ndekesha ,0.411068,0.445452,0.448517,13400.0,13881.0,13881.0,0.016195924066213285,0.0013723584045415294,0.0070781911384518725,0.0
COD_6630,COD,Ndombe,0.342252,0.528119,0.529649,10500.0,10469.0,10469.0,0.0906292964654214,0.0005787445883203013,-0.000591174752557988,0.0
COD_6635,COD,Ndrele,0.461236,0.817139,0.85491,21700.0,27552.0,31671.0,0.12117795089821604,0.009078357614109356,0.048911094855446535,0.028257129249741997
COD_6689,COD,Ngandajika,4.10694,4.283849,4.289984,135000.0,132000.0,132000.0,0.008470408383210115,0.00028626072423354465,-0.00448448570101978,0.0
COD_6698,COD,Ngeba,0.729983,0.843129,0.849871,22500.0,25551.0,26348.0,0.029239052268990484,0.0015941897826874385,0.025758387369634983,0.006162091238839151
COD_6701,COD,Ngeya-Kalamba,0.286929,0.316687,0.316731,12000.0,14762.0,16493.0,0.01993186005728953,2.778614523935019e-05,0.04230012773265601,0.02242366145462049
COD_6702,COD,Ngiko,0.545985,0.69746,0.723273,18500.0,14522.0,14522.0,0.0501896136642368,0.007294794294305351,-0.04726758664714903,0.0
COD_6710,COD,Ngome,0.717426,0.763842,0.769387,23900.0,27335.0,28405.0,0.012617164181603746,0.0014476733480743853,0.027221818707872547,0.0077090133406125805
COD_6740,COD,Niakunde,0.564733,0.729657,0.751619,23400.0,25796.0,25796.0,0.052580008777124654,0.005948620370632485,0.019687985321800827,0.0
COD_6746,COD,Niangara,0.603808,0.936723,0.943466,19500.0,24355.0,27591.0,0.09179842688482709,0.0014355722333638798,0.04546790411440682,0.025264361572931993
COD_6748,COD,Nia-Nia,0.650926,0.793028,0.793089,12200.0,14638.0,15972.0,0.04028271036157682,1.5383598871654414e-05,0.03710895070363862,0.017596282511149308
COD_6765,COD,Nioki,1.736952,1.781058,1.790831,46000.0,48500.0,48500.0,0.005027740226122068,0.0010950367519224624,0.010640694058494882,0.0
COD_6782,COD,Nkamba,0.255263,0.369412,0.375445,11300.0,14268.0,16321.0,0.07672457637630825,0.003245141458972034,0.04774821938457219,0.0272513787275952
COD_6788,COD,Nkassa,0.379856,0.467019,0.470111,11500.0,11642.0,11642.0,0.04218090520912243,0.0013206502849496538,0.0024574573064335414,0.0
COD_6840,COD,(N.C.),0.122426,0.411306,0.411762,11000.0,12756.0,13450.0,0.2742606645004406,0.0002216344590972863,0.030064369830505866,0.010651802161495638
COD_6865,COD,Nsioni ,1.061357,1.289275,1.298252,23800.0,29850.0,33943.0,0.039673117201120656,0.0013887032358936846,0.04634156030855041,0.026032642421362162
COD_6867,COD,Nsona/Ntite,0.196032,0.237294,0.24109,11800.0,12447.0,12447.0,0.0389435644816456,0.0031791285621878274,0.010733211754461403,0.0
COD_6873,COD,Ntandembele,0.539423,0.662324,0.666775,19700.0,16100.0,16100.0,0.041905202270143826,0.0013404567066881423,-0.039556260578305524,0.0
COD_6906,COD,Nyamilima,1.201499,1.261686,1.273742,33600.0,32501.0,32501.0,0.009823734746457147,0.0019038306121665904,-0.006628972551746437,0.0
COD_6923,COD,Nyunzu,2.097619,2.208984,2.20931,40900.0,62400.0,82221.0,0.010399662342020832,2.951408949836143e-05,0.08815874428599324,0.05671928414512606
COD_7009,COD,Oicha,4.692228,4.983114,5.00515,117000.0,118700.0,118700.0,0.012102140147923768,0.0008828666026903242,0.0028892391930075423,0.0
COD_7105,COD,Opima,0.411319,0.503736,0.531416,23000.0,16811.0,16811.0,0.041369475642291764,0.01075599841736774,-0.06076743405354135,0.0
COD_7128,COD,Oshwe,0.572232,0.634967,0.639825,22200.0,20400.0,20400.0,0.021023652672464532,0.001525496873263421,-0.01676928127992361,0.0
COD_7134,COD,Mubi,0.482899,0.499755,0.503144,12000.0,16024.0,19209.0,0.006885689350290658,0.0013526005604966862,0.059541417712249745,0.03692361212652706
COD_7263,COD,Pai-Kongila,0.424792,0.512246,0.516918,12900.0,14849.0,15536.0,0.03815081519171315,0.0018175048989836906,0.028540741952972626,0.009086511691282384
COD_7278,COD,Panu,1.131972,1.214202,1.216206,23300.0,51500.0,78044.0,0.014123979330296077,0.0003298756375815781,0.1718992103004362,0.08669197086077962
COD_7348,COD,Poko,0.618256,1.176915,1.180336,27700.0,16500.0,16500.0,0.13740557248455176,0.0005806756347996878,-0.09842712891686489,0.0
COD_7355,COD,Popokabaka,0.665438,0.764216,0.767462,23000.0,36800.0,49915.0,0.02806767877714189,0.0008480584211312259,0.09856054330611785,0.06286143992606075
COD_7384,COD,Pungwe,0.371038,0.41643,0.427224,29800.0,30105.0,30105.0,0.02335124844687808,0.005131136539490377,0.0020386507094027895,0.0
COD_7385,COD,Punia,1.352578,1.48171,1.487515,41500.0,39752.0,39752.0,0.018404192527959662,0.0007823291011233025,-0.008569723363110904,0.0
COD_7387,COD,Pweto ,1.328216,1.666745,1.667988,56000.0,78500.0,97650.0,0.0464538754221111,0.00014910851647931267,0.0698830964070627,0.0446252477510265
COD_7558,COD,Rubaya,0.642261,0.973209,0.981684,10800.0,26768.0,41386.0,0.08667309149931901,0.0017356255772920104,0.19905314802491092,0.09105716572792688
COD_7592,COD,Rutshuru/Kiwanja,3.465783,3.576511,3.599634,66000.0,147300.0,223223.0,0.0063096551464105755,0.001289716856948342,0.1741721150073683,0.08669392381897656
COD_7677,COD,Sakania,1.303679,2.032587,2.061458,44000.0,45200.0,45200.0,0.09288809398881659,0.002824808973397097,0.00539599681447811,0.0
COD_7680,COD,Sake,1.19872,1.369737,1.374168,25300.0,29625.0,31551.0,0.02703179128582245,0.0006461499569416773,0.032066229367981425,0.012677017635869703
COD_7699,COD,Bena-Manda,0.153375,0.429729,0.452169,27200.0,34053.0,34053.0,0.22881928183256983,0.010232240249025581,0.04596534302221267,0.0
COD_7712,COD,Samba,1.045413,1.164871,1.169038,21900.0,24624.0,25116.0,0.02187550135341021,0.0007144224991508796,0.023724029705986416,0.0039645413155458
COD_7724,COD,Sampwe ,0.49436,0.513736,0.514589,18900.0,14878.0,19859.0,0.0077187406912555545,0.00033185684478853616,-0.046728629625440776,0.05945512042075074
COD_7743,COD,Sandoa/Mbangu,1.796155,1.839005,1.839156,48900.0,50676.0,50676.0,0.0047264135093898485,1.6421384479547996e-05,0.007160520652701896,0.0
COD_7783,COD,Sapo-Bumba,0.486605,0.538292,0.539389,12900.0,14400.0,14569.0,0.02039488204372253,0.00040725362790206,0.022243967495911177,0.0023362802775499514
COD_7841,COD,Seke Banza ,0.320356,0.347109,0.347384,17800.0,17800.0,17800.0,0.01617054553390762,0.00015840147791390535,0.0,0.0
COD_7842,COD,Seke-Banza,0.500853,0.582008,0.586352,20100.0,21000.0,21000.0,0.03048988914271189,0.0014883261580358464,0.008799010229586735,0.0
COD_7855,COD,Semandane,0.431982,0.438964,0.440398,11200.0,11956.0,11956.0,0.0032118438420605244,0.0006525044595444562,0.013149598686225117,0.0
COD_7858,COD,Semendwa,1.145733,1.147894,1.150941,29500.0,25300.0,25300.0,0.0003769414816352512,0.00053032247372653,-0.030250194784352757,0.0
COD_7898,COD,Shabunda,1.145721,1.212736,1.218216,21500.0,72100.0,109262.0,0.011433838488607684,0.0009021125392287832,0.27379447538384816,0.08669276652211311
COD_7911,COD,Kingwangala,0.438003,0.464788,0.465976,14900.0,21400.0,27086.0,0.01194186705732836,0.0005106789531112987,0.07509168016252366,0.048253256259862765
COD_7919,COD,Shamikalenge,0.822659,0.885475,0.89947,19800.0,21557.0,21557.0,0.01482531012694177,0.003141218676901758,0.017149116709701318,0.0
COD_8106,COD,Sinda,0.508986,0.568621,0.594871,17300.0,13789.0,13789.0,0.022406051989164455,0.009066946769093365,-0.044353367682968825,0.0
COD_8169,COD,Songo,0.792616,0.815907,0.818643,15000.0,24300.0,33198.0,0.005809109938426094,0.0006697668948547619,0.10129331475495595,0.0643908424081161
COD_8170,COD,Songololo,0.243161,0.337972,0.345214,17000.0,33800.0,51094.0,0.06806420447944594,0.004249295315016388,0.1473437541105933,0.08615208614707193
COD_8173,COD,Songwe,0.377784,0.431967,0.435644,14800.0,15273.0,15273.0,0.02716781277094804,0.0016966776557583163,0.006311711997873726,0.0
COD_8337,COD,Tambwe-Yangala,0.652014,0.771399,0.774337,15700.0,19474.0,21924.0,0.03419975395149999,0.000760575074296499,0.044025491220736956,0.02398342188973812
COD_8354,COD,Tandala,0.507646,0.525724,0.533923,25200.0,25364.0,25364.0,0.00702294722239416,0.0030998493488867407,0.0012982122129496787,0.0
COD_8420,COD,Tchomia ,0.54864,0.689763,0.698515,13200.0,31600.0,47887.0,0.04684524644667354,0.002524900751840642,0.19075559356278182,0.08669109840034128
COD_8445,COD,Temvo,0.587488,0.704379,0.709007,19700.0,19701.0,19701.0,0.03695874835001578,0.001310625314229874,1.0152078132596998e-05,0.0
COD_8450,COD,Tenke,0.737807,2.76645,2.780935,38600.0,74115.0,110353.0,0.3025548214995275,0.0010450040919687265,0.1393673279852674,0.08286821504101494
COD_8530,COD,Titule,0.330673,0.520667,0.529762,19100.0,16793.0,16793.0,0.0950457487273586,0.003469438045776485,-0.025416657579734214,0.0
COD_8556,COD,Tolo,0.800404,0.82106,0.825377,19900.0,26900.0,32558.0,0.005108923910176921,0.001049362848904778,0.06213529483867397,0.038917562151785434
COD_8625,COD,Tshela,1.357944,1.593433,1.60994,37300.0,45600.0,50655.0,0.03250078216904262,0.002063346383710085,0.041001132963891296,0.021248649913482742
COD_8627,COD,Tshibala,0.460592,0.532228,0.53426,15400.0,18515.0,20243.0,0.02933387536012133,0.0007624190723984903,0.03752984709079188,0.018005751669870174
COD_8628,COD,Tshibalabala,0.097028,0.118355,0.122476,10000.0,10054.0,10054.0,0.04053790646706723,0.006868784587674925,0.0010776747298184564,0.0
COD_8629,COD,Tshibinda,0.616846,0.704287,0.711673,20300.0,21210.0,21210.0,0.02686791387897758,0.0020886968375439796,0.008808948940256744,0.0
COD_8630,COD,Tshibombo,0.16698,0.183846,0.188221,23900.0,13332.0,13332.0,0.019431257578637284,0.004714750364966269,-0.11018549533045985,0.0
COD_8631,COD,Tshikangu,0.358306,0.35866,0.362912,10600.0,10601.0,10601.0,0.0001975184253535378,0.002359883374268401,1.8867212571382908e-05,0.0
COD_8632,COD,Tshikapa,9.03605,10.211412,10.216419,248000.0,510000.0,773916.0,0.02475827681193632,9.804752268083305e-05,0.15511094531531477,0.08698795048802066
COD_8633,COD,Tshimbalanga ,1.162893,1.254046,1.258547,21800.0,27389.0,31193.0,0.015207323922621363,0.0007168081420936279,0.046704126883488684,0.02635167127483684
COD_8634,COD,Tshilolo/Tshisenda,0.062523,0.095034,0.100479,10000.0,10268.0,10268.0,0.08734619778227937,0.011205117914661056,0.005303447756385138,0.0
COD_8635,COD,Tshimbulu,1.126637,1.343695,1.350531,38600.0,49200.0,56746.0,0.035865426853993077,0.001015428523764017,0.04972504650387877,0.02894942826727953
COD_8636,COD,Tshimpumpu,0.728343,0.756634,0.756634,24700.0,26239.0,26239.0,0.007650629242901719,0.0,0.012162085918953736,0.0
COD_8638,COD,Tshioji,0.043143,0.070544,0.073679,11000.0,10930.0,13368.0,0.10334148599030879,0.008734160333431218,-0.0012759793671646147,0.04109234931981898
COD_8639,COD,Tshisumba,0.467458,0.478595,0.48588,11700.0,10836.0,10836.0,0.00472014960740319,0.0030259593100918636,-0.015225879617282057,0.0
COD_8644,COD,Tshofa ,0.811415,1.130006,1.139297,23900.0,49400.0,74862.0,0.0684828198064531,0.0016390343665058094,0.15628744368911462,0.08669306449185088
COD_8689,COD,Turungu,0.297485,0.372042,0.37308,11700.0,11391.0,11391.0,0.04574399550448338,0.0005573798249978168,-0.005338752312893824,0.0
COD_8700,COD,Ubundu,0.367719,0.465061,0.466959,12600.0,15000.0,16242.0,0.04809046532631833,0.0008149077776362645,0.03548578845590522,0.016037294585311113
COD_8803,COD,Uvira,5.16609,5.347562,5.352737,166000.0,254900.0,351588.0,0.006928821976150301,0.00019347126633673106,0.08956300673799467,0.06643119793329277
COD_8897,COD,Bashu,1.25917,2.323493,2.441595,101000.0,90000.0,0.0,0.1303459955606654,0.009965297634617398,-0.022798270064872783,-1.0
COD_8901,COD,Vuyinga/Butengwa,0.411001,0.555774,0.569795,12400.0,15220.0,16970.0,0.0622116724063797,0.004995417745946806,0.041834160802378895,0.02200598237729756
COD_8933,COD,Walikale,0.698906,0.806069,0.818133,18800.0,38800.0,58798.0,0.0289415147752341,0.0029755317907460554,0.15593862393479396,0.08669123876826723
COD_8934,COD,Izege,1.020004,1.092346,1.102042,37000.0,23700.0,23700.0,0.013798558948311834,0.0017689919382055663,-0.08523545336317762,0.0
COD_8935,COD,Walungu,0.455905,0.509084,0.517013,25000.0,71000.0,107595.0,0.022310964026617697,0.003095779429372447,0.23215024579899946,0.08669269648159639
COD_8938,COD,Wamaza,0.706591,0.937726,0.94911,17700.0,29999.0,42025.0,0.058233659808880844,0.0024162961333336064,0.11128819853366712,0.06974481171384483
COD_8940,COD,Wamba,1.000142,1.101082,1.101082,25000.0,20700.0,20700.0,0.01941636112956835,0.0,-0.03704483405546133,0.0
COD_8949,COD,Wapinda ,0.544596,0.592911,0.594936,16000.0,17894.0,18143.0,0.017145336167465608,0.0006821392148428362,0.022627553421524338,0.0027676930626476803
COD_8965,COD,Watsa/Kalimva (gold mines),1.692737,7.242862,7.276204,55000.0,98900.0,98900.0,0.3374087020678038,0.0009189951160717413,0.12451879984277547,0.0
COD_8968,COD,Ariwara ,2.455096,3.783874,3.834199,82000.0,97085.0,104557.0,0.09036935608753094,0.0026459332700070615,0.03435032802296245,0.014939595357235769
COD_8984,COD,Wembo Nyama,0.566732,0.765262,0.765262,21200.0,24616.0,25990.0,0.061906997490883464,0.0,0.030329950534561778,0.010922259200460527
COD_9017,COD,Wotu/Sensenge,0.682015,0.853382,0.873789,43400.0,17000.0,17000.0,0.04585122722282753,0.00473751657722854,-0.17092878216296137,0.0
COD_9044,COD,Yakata,0.273718,0.310507,0.312434,10700.0,10944.0,10944.0,0.02554236908583163,0.0012381261396445797,0.004519707086670266,0.0
COD_9046,COD,Yakoma,2.034741,2.218584,2.218584,56000.0,49100.0,49100.0,0.017450637144386105,0.0,-0.025955736389548734,0.0
COD_9095,COD,Yuki Kengundu,0.399926,0.421795,0.422021,13800.0,13929.0,13929.0,0.010704868256361966,0.00010713810204765473,0.0018626136222978928,0.0
COD_9097,COD,Yumbi 1,1.103453,1.151465,1.155692,26900.0,54200.0,82136.0,0.008554520694263656,0.0007331194175246303,0.15040139932775798,0.08669295736304594
COD_9098,COD,Yumbi 2,0.424155,0.54317,0.548832,18500.0,19051.0,19051.0,0.05070847884967633,0.002076159702579128,0.005887033179219792,0.0
COD_9158,COD,Zengu,0.290706,0.341436,0.364519,19900.0,20263.0,20263.0,0.03269259500842714,0.013169650577000924,0.0036219095501621723,0.0
COD_9179,COD,Zongo,1.515364,1.665818,1.672611,39500.0,42000.0,42000.0,0.019112472981484663,0.0008142482105084614,0.012349421340773992,0.0
COG_1857,COG,Bété,0.484235,1.544872,1.557115,13097.0,16628.0,19103.0,0.2611515124554551,0.0015799850813129623,0.04889891860899587,0.02814013298724416
COG_2090,COG,Bouansa,1.235164,1.311083,1.31849,22129.0,28203.0,32438.0,0.012001397393897717,0.0011273608297559523,0.04970364130071969,0.028375573271132826
COG_2129,COG,Boundji,0.6808,0.964866,0.972705,14000.0,10481.0,11583.0,0.07223379462061219,0.001619633912471441,-0.05625440604376297,0.02019611900921059
COG_2158,COG,Brazzaville,57.244264,68.07036,68.573112,1588304.0,2031742.0,2339401.0,0.035249940706380656,0.0014728092049245411,0.05047805872238764,0.02860166401897568
COG_2790,COG,Djambala,0.935227,1.042631,1.058571,12472.0,15757.0,18075.0,0.021980759145012074,0.003039120616749935,0.047870192223260055,0.027829206212217628
COG_2835,COG,Dolisie,6.196396,6.460578,6.485612,97291.0,123969.0,142576.0,0.00838515103700499,0.0007737787056685264,0.049658642964038435,0.02836352833225364
COG_3169,COG,Ewo,0.983424,1.279247,1.294461,13177.0,12044.0,13310.0,0.05400512079921671,0.0023673515053319605,-0.017820556849519664,0.02019093847164699
COG_3349,COG,Gamboma,1.617867,1.816215,1.834065,21678.0,27390.0,31421.0,0.023398764406343364,0.001957944198857753,0.04788726901189566,0.027840187360272273
COG_4051,COG,Impfondo,1.638123,1.744883,1.751459,39513.0,50166.0,57633.0,0.012707346907655515,0.000752613106925315,0.048899537389858194,0.028140224394523017
COG_5324,COG,Loudima Gare,0.633156,0.648017,0.648784,16402.0,20904.0,24043.0,0.004650800215060036,0.00023661018949794332,0.049703191996858465,0.02837580894916414
COG_5328,COG,Loutele,1.00944,1.080682,1.092747,22301.0,28428.0,32698.0,0.013732760200406924,0.0022229442998775717,0.049746399687803144,0.0283832077926367
COG_5454,COG,Madingou,1.997273,2.316771,2.328461,29847.0,38039.0,43751.0,0.03012312212724466,0.0010071325085398986,0.0497011697108527,0.028375635111554942
COG_5551,COG,Makabana,0.295114,0.310576,0.313678,10751.0,13737.0,15811.0,0.010265717728695778,0.001989645545247498,0.05024012633176089,0.02852176893284164
COG_5578,COG,Makoua,1.562071,1.632898,1.636739,16155.0,21065.0,24390.0,0.008908213129106057,0.00047000989414147654,0.05451047998332248,0.029745890302020683
COG_6012,COG,Mindouli,0.679539,1.062024,1.082824,16889.0,21512.0,24738.0,0.09341238521643946,0.003886718141351553,0.04957957508608635,0.028340071106476294
COG_6255,COG,Mossaka,0.499053,0.5126,0.51419,17145.0,22355.0,25884.0,0.0053710750605109325,0.0006195984772818797,0.05450207084760805,0.029748915846573798
COG_6257,COG,Mossendjo,0.797432,0.830168,0.83224,15369.0,19583.0,22522.0,0.008078763587553217,0.0004986784618843387,0.0496553475539101,0.02836087717739111
COG_6273,COG,Mouyondzi,0.717317,0.822744,0.828955,14736.0,18780.0,21599.0,0.027804985759520173,0.0015052870516050199,0.04969516067772606,0.028365767497852357
COG_6705,COG,Ngo,0.710677,0.731669,0.739355,11851.0,14990.0,17202.0,0.005839018811316876,0.002092177273314677,0.04811594254777907,0.02791087808295445
COG_6790,COG,Nkayi,3.386316,3.429995,3.432476,83152.0,105953.0,121856.0,0.0025665276349169375,0.00014462309618368252,0.04965870477292622,0.028363685394603877
COG_7188,COG,Ouesso,1.968619,2.436862,2.453687,32642.0,41687.0,47976.0,0.04359947672692366,0.0013770763505420724,0.05013413683252077,0.02850090625513535
COG_7236,COG,Owando,2.018448,2.067683,2.07495,28063.0,36593.0,42370.0,0.004831586135542576,0.0007019262973666507,0.0545150537035346,0.02975068533662495
COG_7347,COG,Pointe Noire,46.910464,54.9883,55.224932,845481.0,1058244.0,1210568.0,0.03228617951774604,0.0008591854182993242,0.04591500240949409,0.027260703257132812
COG_7349,COG,Pokola,0.484588,0.741084,0.746745,12848.0,15481.0,17500.0,0.08867677050029577,0.001523115202957781,0.037988869509993695,0.024820507963588367
COG_8028,COG,Sibiti,1.38672,1.590712,1.605333,27022.0,33952.0,38884.0,0.027828262927232617,0.0018315746785737552,0.04671771533813662,0.027498305774317
COM_1578,COM,Bandrani Mtsangani,0.199815,0.251066,0.251066,11594.0,13257.0,13783.0,0.04672347249165365,0.0,0.027170154548259662,0.007812405605325701
COM_158,COM,Adda Daoueni,0.243895,0.254194,0.254194,15133.0,17302.0,0.0,0.008306297482958636,0.0,0.027150909700192072,-1.0
COM_1741,COM,Bazimini,0.227368,0.354416,0.354416,14677.0,18935.0,20646.0,0.09284053599282127,0.0,0.05226615750318753,0.017452451914875988
COM_2844,COM,Domoni,0.565599,0.626524,0.626524,24609.0,28136.0,28944.0,0.020671094793548672,0.0,0.027149544294946315,0.005678669558460969
COM_3259,COM,Fomboni,0.798013,0.869019,0.869019,25460.0,29159.0,33586.0,0.017194167059307874,0.0,0.027502400844731767,0.028672504183236747
COM_5285,COM,Lingoni,0.211904,0.225419,0.225419,14404.0,16469.0,18734.0,0.012442279166735126,0.0,0.027156983888484865,0.026107016385941595
COM_5863,COM,Mbeni,0.333173,0.344317,0.344317,11285.0,12786.0,14226.0,0.006601870923478748,0.0,0.025289777524003076,0.02157350520597201
COM_6135,COM,Mitsamiouli,0.611635,0.904348,0.904348,16431.0,23984.0,26528.0,0.08135589121558584,0.0,0.07857791638412626,0.020367409182237006
COM_6247,COM,Moroni,5.435052,6.273661,6.273661,128618.0,154544.0,171119.0,0.029113958467315015,0.0,0.03740916232749525,0.020585084495015726
COM_6275,COM,Moya,0.063648,0.072855,0.072855,11389.0,13021.0,15115.0,0.027389020551122245,0.0,0.027144982933506645,0.030274053177426374
COM_6428,COM,Mutsamudu,0.92755,1.081302,1.081302,47490.0,54297.0,59018.0,0.031150211767555946,0.0,0.02715204001475935,0.016814499846724784
COM_7094,COM,Ongodjou,0.277611,0.302242,0.302242,18052.0,20637.0,39757.0,0.01714678046132967,0.0,0.027127241785166678,0.1401274666454253
COM_7161,COM,Ouani,0.521126,0.555957,0.555957,22397.0,25607.0,27949.0,0.013023901342934074,0.0,0.02714976303776484,0.017657211316048915
COM_8102,COM,Sima,0.262045,0.296416,0.296416,13439.0,15365.0,15704.0,0.024955836854702484,0.0,0.02714823006504541,0.004374191246141024
COM_8621,COM,Tsembehou,0.409688,0.484745,0.484745,26192.0,29946.0,31668.0,0.03421782566097886,0.0,0.027150381135342405,0.011244943892249504
CPV_1345,CPV,Assomada,0.890707,1.089631,1.156044,18100.0,20805.0,21342.0,0.04113948423947189,0.011903231249907442,0.02824789487027779,0.005109734343481609
CPV_3147,CPV,Espargos,0.746965,0.786997,0.802191,22196.0,21595.0,25043.0,0.010495921065609704,0.0038317821092719306,-0.005475014387354982,0.03006973948766878
CPV_6010,CPV,Mindelo,2.537137,2.699305,2.714054,74742.0,68752.0,71221.0,0.01246870462050964,0.0010904191908005512,-0.016568478786629037,0.0070813332438322
CPV_7375,CPV,Praia,4.858008,5.021219,5.039979,148875.0,139603.0,153659.0,0.0066307377579313265,0.0007461147046321503,-0.01277852193745943,0.019371882655988326
ERI_1332,ERI,Asmara,9.790065,9.977812,10.024143,465360.0,482160.0,542695.0,0.0038063722767947006,0.0009269604513313379,0.00711815640668001,0.023936273460225532
ERI_1339,ERI,Assab,1.270012,1.343707,1.358917,36470.0,37170.0,41490.0,0.011345045014512722,0.0022537051046678247,0.003809634176355159,0.022233654092011834
ERI_1681,ERI,Barentu,1.491905,1.930639,1.963626,63375.0,74625.0,84269.0,0.05291177148088222,0.0033940925114963605,0.03322111853529153,0.02460553874991689
ERI_176,ERI,Adhi Bdo,0.03968,0.071621,0.076837,15000.0,17099.0,19261.0,0.12536587941364274,0.01415889450086727,0.02654003300364538,0.02409824947446282
ERI_180,ERI,Adi Keyih,0.56518,0.606842,0.621617,12420.0,14220.0,16023.0,0.01432649369098038,0.0048227294684553,0.027437943119875463,0.02416244643293619
ERI_182,ERI,Adi Tekelezan,0.36015,0.388949,0.398192,12075.0,14850.0,16822.0,0.015504490164639062,0.004708263483684139,0.04224030228745934,0.025251078941142424
ERI_188,ERI,Adiquala,0.429689,0.455286,0.465003,10620.0,15000.0,18618.0,0.011640044502080782,0.004232544877118327,0.07150289426062018,0.04416312861669969
ERI_220,ERI,Af Abeb,0.334912,0.395729,0.41574,45000.0,59760.0,68050.0,0.033935468495758014,0.00991491654830745,0.05837510290638215,0.02632169209069879
ERI_2655,ERI,Debarwa,0.500257,0.536249,0.54478,12480.0,13320.0,14926.0,0.01399231659098299,0.0031616751856646808,0.013113092737271348,0.02302875872437604
ERI_2675,ERI,Dekemehari,1.386625,1.568855,1.628552,57360.0,72720.0,82551.0,0.025002102051750796,0.007497007392314847,0.04859780796614843,0.025684266423787294
ERI_3474,ERI,Gergef,0.158838,0.303974,0.311183,14520.0,15720.0,17636.0,0.13861370173562237,0.004698803342580105,0.0160081344989893,0.023268275109968206
ERI_3513,ERI,Ginda,0.506873,0.689049,0.711651,17640.0,25020.0,28609.0,0.06333519763210727,0.006475926049051228,0.07240232015316117,0.027171768582979317
ERI_3561,ERI,Goluj,0.661893,0.794516,0.822276,49490.0,50400.0,56253.0,0.037201107597572225,0.006892239086284002,0.0036507570614163765,0.022216838053853438
ERI_3785,ERI,Haykota,0.154443,0.225054,0.244414,18520.0,18080.0,20147.0,0.07821085903925673,0.016641580855103033,-0.004797430244563583,0.02188586533833492
ERI_3790,ERI,Hegaz,0.628043,0.822944,0.839292,19440.0,26220.0,29887.0,0.05554360943785697,0.003941853683172347,0.06166447486301685,0.026525937421110646
ERI_3809,ERI,Himbirti,0.388108,0.451669,0.456921,11460.0,15720.0,17937.0,0.03079793021695365,0.0023148548982614425,0.06525500854564537,0.026737568657157373
ERI_418,ERI,Akordat,0.7837,0.977526,0.999627,25920.0,42720.0,49262.0,0.045191078752462976,0.0044814757975273345,0.10509407228267609,0.028907088345208276
ERI_4718,ERI,Keren,2.614649,2.669433,2.674677,72450.0,78840.0,88486.0,0.0041558572081583645,0.00039258405770215,0.01704845676734168,0.023353288624152535
ERI_5774,ERI,Massawa,1.042171,1.102789,1.124451,29040.0,33840.0,40702.0,0.011371446525155537,0.0038980760197109277,0.031066670658597806,0.037617001516574655
ERI_5939,ERI,Mendefera,0.828941,0.955548,0.993489,22100.0,38155.0,44101.0,0.028835112076736502,0.007818000626437005,0.11540307345576428,0.029388698487066378
ERI_6488,ERI,Nacfa,0.124463,0.14378,0.159669,11200.0,12440.0,13985.0,0.029275517942590534,0.021184996013429602,0.021222727484545345,0.023689899125145297
ERI_7078,ERI,Om Hajer,0.33135,0.501663,0.51532,18900.0,21400.0,24093.0,0.08648821314958077,0.005386351993455829,0.02515702911425599,0.023989306784290898
ERI_714,ERI,Ali Ghdir,0.176166,0.216145,0.238117,23265.0,19980.0,22265.0,0.04175266476238715,0.019551203755072688,-0.029984921165415956,0.021893044435391307
ERI_7834,ERI,Segheneyti,0.456945,0.479081,0.48666,11580.0,11700.0,16765.0,0.009506230252507963,0.0031441408544554683,0.0020640010555299515,0.07459184200122815
ERI_7861,ERI,Senafe,0.378097,0.434578,0.439243,11100.0,14040.0,15935.0,0.028236227337783193,0.0021377508190310035,0.04811473310048742,0.025644822437834947
ERI_8458,ERI,Tessenei,1.634369,2.086892,2.162111,98300.0,153900.0,176984.0,0.050098339173399564,0.007106971785818983,0.0937977367199212,0.028345560025409222
ETH_103,ETH,Abu Kuke,0.291974,0.34453,0.352812,13479.043,15452.0,17750.0,0.033657292372078595,0.00476213665611902,0.027697093187732724,0.02811745282103839
ETH_1142,ETH,Amanuel,0.648326,1.180062,1.208351,18873.0,23442.0,25689.0,0.1272552779299898,0.004749169878963899,0.044313144379412917,0.018475315115808355
ETH_1154,ETH,Amba Giyorgis,0.386985,0.608259,0.624138,22941.0,24019.0,26399.0,0.09465907647192218,0.005167449382025291,0.009226197589157437,0.019075852216839273
ETH_1162,ETH,Amber,0.184739,0.389176,0.406551,10062.09,10818.0,11653.0,0.16069333954124487,0.008773805954940483,0.014592752966168021,0.01498156404707962
ETH_1164,ETH,Ambo,3.428882,5.299528,5.388206,81004.0,193178.0,251686.0,0.09098035458576836,0.0033244599880815073,0.189844589454633,0.05433901765743987
ETH_1174,ETH,Amedber,0.189275,0.206858,0.208611,12664.461,13976.0,15477.0,0.01792507651113051,0.0016891662669322738,0.019903861785924626,0.02061225336862016
ETH_1207,ETH,Andinet,0.074088,0.133463,0.161916,20285.0,22584.0,24776.0,0.12492249730635252,0.03940733370122773,0.02170418105354943,0.018699435365367778
ETH_1215,ETH,Anibesema,0.290182,0.332614,0.342098,14601.937,15920.0,17410.0,0.027670786582292273,0.005638755721369515,0.017434637410281617,0.018054766355348084
ETH_1267,ETH,Aradom,0.156245,0.192383,0.193512,11097.0,12972.0,14521.0,0.042490516458351335,0.0011709548952423265,0.031716249672381736,0.02281695139947848
ETH_1272,ETH,Arba Minch,3.542602,4.35675,4.397165,142900.0,194750.0,256580.0,0.042240764094908734,0.0018484359597932265,0.06387118830017724,0.056693575229871396
ETH_1279,ETH,Arerti,0.756772,0.925783,0.931564,18236.426,20039.0,22094.0,0.04113927400427353,0.001245780968788246,0.019030688891246816,0.01971700297397594
ETH_1286,ETH,Arjo,0.408518,0.435453,0.442983,13500.0,18673.0,21472.0,0.012852065238621035,0.003434790630642226,0.06702861373736191,0.02832804506175668
ETH_1297,ETH,Arsi Negele,2.609521,3.30864,3.326935,88210.0,97442.0,113484.0,0.04861905186228932,0.001103454538798898,0.020106872518488084,0.030950204612860244
ETH_1311,ETH,Asassa,1.485795,1.969627,1.987792,44932.0,45746.0,52635.0,0.057998420407454176,0.0018377446411839138,0.003597278817598193,0.028452647087243932
ETH_1312,ETH,Asayta,0.601031,0.868549,0.880221,24506.585,29332.0,34962.0,0.07641437863565304,0.0026733689153242146,0.03660136404562753,0.035740404293119754
ETH_1313,ETH,Asebot,0.328814,0.528095,0.561891,28444.0,35465.0,42716.0,0.09939143970719866,0.012483615685025207,0.045109652492270724,0.03790623939813731
ETH_1314,ETH,Asela,4.827085,5.619315,5.691559,116636.0,152478.0,198659.0,0.0308599954544182,0.00255815244419888,0.05505454798776421,0.05433885498128532
ETH_1315,ETH,Asendabo,0.882198,1.093698,1.110245,21313.0,22219.0,25334.0,0.043917720543992234,0.0030077335787455084,0.008360871180913776,0.026587215345828863
ETH_1321,ETH,Ashe,0.133972,0.174163,0.186447,10788.0,12688.0,14579.0,0.05387322593388699,0.01372440148039189,0.03297651169146376,0.028174700223389193
ETH_1336,ETH,Asosa,2.23107,2.835611,2.876079,38648.811,46496.0,55648.0,0.04912368358264296,0.0028381146327469686,0.03766194781162069,0.0365894717046269
ETH_1353,ETH,Ataye,0.725252,0.871365,0.882904,23116.086,25665.0,28596.0,0.037390425315671605,0.0026345697546970026,0.021140246285578534,0.02186330498855016
ETH_1371,ETH,Atsbi Endasilasie,0.329298,0.395263,0.404356,12000.0,18679.0,20193.0,0.037192610357550615,0.004559224167460796,0.09253277733825604,0.015709336703245702
ETH_1384,ETH,Awash Melkakunture,0.256549,0.408308,0.420309,16188.0,17514.0,20001.0,0.09739635309375871,0.0058104884786747135,0.015870689373222557,0.026912104160826233
ETH_1386,ETH,Awash Sebat Kilo,0.795255,0.953387,0.961537,24700.0,26659.0,33172.0,0.03693745898289058,0.0017038776647637643,0.015381813004489153,0.0446854845402207
ETH_1413,ETH,Awubere,0.282064,0.469408,0.481189,13700.0,24000.0,32489.0,0.10723693710830196,0.004969868634325358,0.11866006606721946,0.06244148571498265
ETH_1415,ETH,Axum,2.297313,2.55475,2.641048,84575.0,104356.0,128280.0,0.02147007376036769,0.006666409560015518,0.04292981595278933,0.04214537487038461
ETH_1418,ETH,Ayida Chema,0.049746,0.117933,0.136787,13377.0,15807.0,17823.0,0.18843500726294682,0.030105949936097165,0.0339466852636936,0.024297872704153622
ETH_1420,ETH,Ayikel,0.73192,0.858444,0.880912,23600.0,39231.0,43631.0,0.03240398207248574,0.005180630557700239,0.10698943261258864,0.021487737969588583
ETH_1430,ETH,Azena,0.313349,0.39838,0.402951,12837.064,14057.0,15443.0,0.04918927581401822,0.0022843336871958275,0.01832261255840728,0.018985033585784405
ETH_1450,ETH,Babile,0.838802,1.05156,1.065175,35879.0,37529.0,43654.0,0.04624867280436118,0.002576178467164736,0.00903291299922837,0.030697945481410693
ETH_1493,ETH,Bahir Dar,8.056471,11.477129,11.730204,243300.0,419415.0,564494.0,0.07334091079681926,0.004371684315295221,0.11506547669765288,0.061214253082152004
ETH_1510,ETH,Bako,0.976321,1.117675,1.14701,33136.0,34628.0,40262.0,0.027411875321378343,0.00519503196624127,0.008847368379376608,0.030608184679093542
ETH_1529,ETH,Bale,0.57286,0.728439,0.735333,20715.0,28995.0,33213.0,0.04922574445505057,0.0018856895618699632,0.0695661138484518,0.027535886531844245
ETH_153,ETH,Adaba,1.175852,1.410084,1.425105,24560.0,24745.0,28374.0,0.03699930305954635,0.002121490810521154,0.001501995892586372,0.027747954883684978
ETH_1531,ETH,Balemi,0.301651,0.3689,0.384064,14258.0,15559.0,17678.0,0.0410720264619584,0.008089262859813706,0.01761761045687571,0.025865181288053485
ETH_155,ETH,Adama,12.768939,16.287271,16.485005,339924.0,454764.0,609364.0,0.049877678011049476,0.002416374205580718,0.0599389455969892,0.06027407650961547
ETH_156,ETH,Adami Tulu,0.528937,1.125516,1.144456,17040.0,28384.0,32831.0,0.1630263251119548,0.003343139420406649,0.10744151890800091,0.02953734011485465
ETH_1562,ETH,Bamibasi,0.512585,0.561215,0.574769,11807.499,14074.0,16719.0,0.018292805616539454,0.004784237017979365,0.03574280685957021,0.03504337571465821
ETH_159,ETH,Addis Ababa,119.635952,138.766784,140.95392,3711329.0,4273817.0,4889612.0,0.030112750283297407,0.0031325597181670606,0.02862551652017964,0.02728677043114014
ETH_160,ETH,Addis Alem 1,0.798332,0.978118,1.002624,12330.912,14172.0,16318.0,0.04145747799146959,0.004961372079188342,0.02822270361184409,0.028601508794785513
ETH_161,ETH,Addis Alem 2,0.092846,0.153104,0.173918,11834.0,13175.0,14453.0,0.10520964889511775,0.02582103216525189,0.021700984326017636,0.018688669667989766
ETH_162,ETH,Addis Kidam,0.713158,0.804841,0.839717,28581.0,32893.0,36009.0,0.024483260658091588,0.00852012902741306,0.028502171624270378,0.018266638402723467
ETH_1643,ETH,Baniko Goteti,0.12256,0.165667,0.171201,15370.0,18158.0,20472.0,0.062129450695186605,0.006593352136095909,0.033900698781507366,0.024279432591532757
ETH_166,ETH,Adebaye,0.272631,0.404511,0.412177,13302.034,15221.0,17455.0,0.08210902684778731,0.0037618457559902563,0.027318304847513186,0.02776857228455465
ETH_169,ETH,Adele,0.494322,0.536823,0.545201,18990.0,20163.0,23122.0,0.016633075492454852,0.0031020218977682035,0.01205947951895081,0.027765533452352553
ETH_1711,ETH,Bata Wayu,0.164954,0.184673,0.186095,12164.0,13739.0,15546.0,0.022840958680854895,0.0015352978631790748,0.02465046720106523,0.025020870014907937
ETH_1715,ETH,Bati,0.771566,0.883292,0.901393,30415.0,31040.0,34800.0,0.02741580682073308,0.004065342730647181,0.0040764436939189075,0.02313161877031833
ETH_172,ETH,Adet,0.927406,1.412034,1.452305,40127.0,44183.0,48640.0,0.08771483194751828,0.00563999146979377,0.019444769086322422,0.019407144657795916
ETH_1751,ETH,Bedele,1.304075,1.457934,1.496648,39140.0,51664.0,63248.0,0.0225559002144482,0.005255275927641634,0.057093594645761137,0.04129013472259979
ETH_1752,ETH,Bedeno,3.339291,5.027757,5.730776,207237.0,237668.0,271617.0,0.08528550458026296,0.026520982191133413,0.027781232148010426,0.027063386180181892
ETH_1753,ETH,Bedesa,1.306864,1.83624,1.929467,67890.0,90290.0,104275.0,0.07038449569164373,0.009953973752443002,0.058685022077794136,0.029219744493178323
ETH_1757,ETH,Begi,0.552431,0.753985,0.787017,25342.0,30282.0,34615.0,0.06418450946751952,0.008612349774889339,0.036259997969082525,0.027107631709141877
ETH_1775,ETH,Bele,0.39244,0.44992,0.455561,14463.0,10977.0,12377.0,0.027714316298335984,0.002495074996081259,-0.053664666778327264,0.02429804861836571
ETH_179,ETH,Adi Gudom,0.409496,0.537394,0.551329,27694.470999999994,28797.0,29837.0,0.05586557333535014,0.005133168979295943,0.007838244386619175,0.0071208372513482665
ETH_18,ETH,Abala,0.196209,0.549071,0.556409,17100.0,17964.0,21212.0,0.22851910987416013,0.0026587033269955818,0.009907011046038416,0.03379806372550642
ETH_181,ETH,Adi Remets,0.174494,0.274444,0.281319,13995.008,15005.0,16114.0,0.09479964634290994,0.004960668357251619,0.01403412338728316,0.014363169216392357
ETH_1849,ETH,Besko Elala,0.060857,0.092121,0.097506,13337.0,16280.0,18960.0,0.08644969120261004,0.01142699178486839,0.04068489218986526,0.030948061812635652
ETH_185,ETH,Adigrat,2.300704,2.741034,2.782781,106169.0,132530.0,163745.0,0.03564457607119631,0.003027687397490819,0.04535378060198236,0.043207666265906663
ETH_1872,ETH,Bichena,1.511445,2.128823,2.181923,52227.0,60586.0,67174.0,0.07090128847070387,0.004939630593946642,0.030138076537393754,0.02085905633063745
ETH_1880,ETH,Bifitu Geda,0.863699,1.331017,1.410277,26499.0,57333.0,66163.0,0.09034575508074338,0.011635740104238401,0.16690375242835387,0.029063333991449225
ETH_1881,ETH,Biftu,0.239627,0.264994,0.27312,20020.0,20388.0,23573.0,0.020328594924317933,0.006059097483084308,0.0036495873025625958,0.02945660942148054
ETH_189,ETH,Adis Zemen,0.574552,0.633167,0.639033,25300.0,27630.0,30607.0,0.019618686611262204,0.0018460790742822475,0.01777568857786016,0.020676170994564647
ETH_1890,ETH,Bilalo Irsjha Limat,0.041249,0.137194,0.146911,14689.0,16832.0,19152.0,0.27169902645595223,0.013780280445614856,0.027610890755302098,0.02616141860828458
ETH_1894,ETH,Bilida,0.123836,0.161063,0.170626,12259.0,14015.0,15932.0,0.05397369936416707,0.011602479407696764,0.027135196763758973,0.02597183606270259
ETH_190,ETH,Adishohu,0.185355,0.230587,0.236166,17632.0,18023.0,20446.0,0.044638680425351795,0.0047927920655943534,0.004396292873650953,0.025548620450609905
ETH_1925,ETH,Birbir,0.565342,0.579827,0.583543,10505.705,11869.0,13451.0,0.005072607415592456,0.0012784883816814308,0.024702476090529446,0.02534044481891895
ETH_200,ETH,Ado Boelo,0.134385,0.201926,0.204333,12595.0,14867.0,17106.0,0.08484649290172408,0.0023727549973073803,0.033725034215112304,0.028454363787852932
ETH_2010,ETH,Boke Tiko,0.307197,0.448753,0.462257,12793.0,17965.0,20674.0,0.07874321950335705,0.005947293030586609,0.07026411540970545,0.02848854278495372
ETH_2013,ETH,Bokoji,1.57177,1.887355,1.90835,39017.0,47089.0,54325.0,0.03727263386632096,0.0022149727078433212,0.038324541107038534,0.029001608078034202
ETH_2019,ETH,Bole,0.286558,0.354775,0.357991,19918.0,22716.0,26382.0,0.04363369950923812,0.0018064417935463872,0.026637742777446682,0.030374663923727008
ETH_2022,ETH,Bolo Giyorgis,0.191601,0.252897,0.260099,13444.0,15145.0,16698.0,0.05708322554536549,0.005631806644154302,0.024113650139642173,0.0197155353197076
ETH_2035,ETH,Bona,0.276597,0.295701,0.303549,22007.268,24611.0,27618.0,0.013447056330221807,0.00525259447036297,0.022616099268391032,0.023322664513094615
ETH_2040,ETH,Bonesha,0.426328,0.910859,0.92836,18328.0,19632.0,22255.0,0.16396912198123892,0.0038135488002062345,0.0138411018133211,0.025398341450053374
ETH_2041,ETH,Bonga,0.879996,1.129041,1.169981,43909.0,55211.0,72765.0,0.05110427642383564,0.0071492164010757975,0.0468739988063962,0.05676734336455347
ETH_2062,ETH,Bore,0.440779,0.521955,0.52997,10551.845,11998.0,13679.0,0.03438552239935122,0.003052454059247811,0.026020624723729346,0.026571252554754565
ETH_208,ETH,Adola,1.173323,1.339747,1.3598,34924.368,36661.0,38424.0,0.0268831836173542,0.0029757868782223085,0.009752995601493675,0.009438008666418085
ETH_2165,ETH,Bri,0.064533,0.121333,0.133702,10200.0,14488.0,16261.0,0.13459121398404816,0.019604617482746223,0.07270833001653876,0.023358408910885586
ETH_217,ETH,Adwa,1.783145,2.006495,2.046892,71865.0,96801.0,118561.0,0.023882887014440746,0.003994582427083726,0.06138386869922763,0.041387599607311865
ETH_2207,ETH,Bulbula,0.434858,0.629124,0.63444,24810.0,27170.0,31426.0,0.07665796545623849,0.0016842857083794183,0.018339464931763638,0.029532103378683283
ETH_2208,ETH,Bule,0.225876,0.290423,0.30852,13503.938,15117.0,16981.0,0.051555462616336145,0.012163013098272168,0.02282429579410228,0.023527533134746204
ETH_2212,ETH,Bulki,0.153725,0.437363,0.457069,10338.765,11705.0,13291.0,0.23259246250924837,0.008853129232794243,0.02513379483018441,0.025739896780609506
ETH_2244,ETH,Bure,1.48685,2.166067,2.236073,68595.0,78099.0,123212.0,0.07815436558393829,0.0063819024397973045,0.026291194084216096,0.09547256815148941
ETH_2250,ETH,Burjawi,0.306361,0.365402,0.367674,12590.0,13955.0,16143.0,0.035875325529480584,0.0012404804815648873,0.02080037787779032,0.029558150841039854
ETH_2251,ETH,Burka,0.48163,0.623287,0.643546,20209.0,23225.0,27256.0,0.052918866673665965,0.0064177906655560335,0.02821084381784056,0.032526673204786416
ETH_2276,ETH,Butajira,4.005805,6.482076,6.671845,148717.0,192621.0,234560.0,0.1010444772576542,0.005787805788146638,0.053097552512488155,0.04018374788113532
ETH_2357,ETH,Chagni,0.854969,1.204847,1.230627,27148.165,30217.0,33752.0,0.07101685737521368,0.004243218601294618,0.02165007895846416,0.022373616634632
ETH_2366,ETH,Chancho,0.740861,0.869777,0.888886,24573.0,26239.0,30220.0,0.03260503213681387,0.004355886688338639,0.013206155951397847,0.028654276839439552
ETH_2367,ETH,Chandba Delega,0.070554,0.093527,0.102615,13629.0,15676.0,17434.0,0.05799367813290868,0.01871985122331199,0.028381493665073698,0.02148585556604754
ETH_238,ETH,Agarfa,0.99817,1.074207,1.112051,16366.0,16547.0,19081.0,0.014791201260625053,0.006948699582717488,0.0022021821299340605,0.02890759475879534
ETH_2384,ETH,Chefa Robit,0.336334,0.400781,0.408027,13543.822,14786.0,16192.0,0.03568400820078854,0.0035900699644859646,0.017704964080481833,0.018333330521287605
ETH_2386,ETH,Chefe Gudina,0.147559,0.159679,0.164117,11027.0,13321.0,15456.0,0.015912771698854078,0.005497865713435912,0.038522453635165155,0.030177490242839777
ETH_2387,ETH,Chefedonsa,0.386581,0.460735,0.463858,12792.0,12819.0,14667.0,0.03571946889432187,0.0013519992282660098,0.00042178288506611317,0.027300332996105903
ETH_239,ETH,Agaro,1.874406,2.14465,2.240117,74981.0,105114.0,125786.0,0.027302990160719576,0.008748390991072386,0.06989674677305868,0.036559768461798425
ETH_2391,ETH,Chelelektu,0.323424,0.602954,0.621351,26295.933,29803.0,36196.0,0.13266736433890647,0.006029148806507845,0.02535506166188406,0.039633150664923456
ETH_2392,ETH,Chelenko,1.367045,1.596052,1.729508,69946.0,78878.0,215733.0,0.03146107941388143,0.016190446578141282,0.024326955204097667,0.22290336075106643
ETH_24,ETH,Abderafi,0.246254,0.542374,0.548392,17000.0,17227.0,20686.0,0.17107069627543514,0.0022093488855583487,0.0026564373752655523,0.037273716232523846
ETH_240,ETH,Agat K. 13,0.11013,0.177194,0.18177,10891.0,12130.0,13309.0,0.09978723489736718,0.00511241885705882,0.021782848881408023,0.018724907943087565
ETH_2401,ETH,Chenicha,0.858921,1.240815,1.30018,29682.0,35877.0,41209.0,0.07634317857200723,0.009390677228475752,0.038638918741393136,0.02809960204600337
ETH_2405,ETH,Chere,0.228333,0.371583,0.389567,24243.0,32294.0,36203.0,0.10229396781252809,0.009497539708449132,0.0590271542610985,0.023115216547050066
ETH_2407,ETH,Cherti Dabeso,0.219813,0.244488,0.246456,10705.0,11870.0,12999.0,0.021505795329296973,0.0016047363351598953,0.020875566197526396,0.01833775352610445
ETH_2421,ETH,Chiefera,0.125002,0.210583,0.216169,15200.0,22741.0,30582.0,0.10994451490633339,0.005249859365517473,0.0839099276328068,0.06103879929319689
ETH_2430,ETH,Chinaksen,0.446608,0.56462,0.568707,17891.213,20642.0,23850.0,0.04801126745216777,0.001443525783944466,0.02901663956258127,0.02931267785063163
ETH_2441,ETH,Chiri,0.150094,0.193454,0.209681,10400.0,15461.0,17338.0,0.05206573565162942,0.016239971829866473,0.0825322619036215,0.023180568370976706
ETH_2442,ETH,Chiro,1.587587,1.753598,1.775712,70826.0,87522.0,107276.0,0.020090026591363275,0.0025095019415761755,0.04324161709416918,0.04154267190901151
ETH_2455,ETH,Chole,0.459364,0.508837,0.511527,14665.0,14894.0,17049.0,0.020667638866140647,0.0010550842931524862,0.003103755678136144,0.02739515241758217
ETH_2460,ETH,Chuahit,0.323132,0.425666,0.435553,15239.0,21877.0,24056.0,0.0566661587516597,0.004602858135792642,0.0749945427612837,0.019171169252021336
ETH_2521,ETH,Dabat,0.582302,0.68169,0.700962,27283.0,31307.0,34649.0,0.03201908397454978,0.005591306981567401,0.027897633145246736,0.02049257775442137
ETH_255,ETH,Agena,0.297605,0.391794,0.406023,14155.181,15797.0,17691.0,0.0565340826469507,0.007160236135332232,0.022190494881074274,0.022905592147269616
ETH_2558,ETH,Dalocha,0.420669,0.905805,0.970667,19296.0,30513.0,34551.0,0.16578601439486929,0.013927985665456388,0.09598225790658477,0.025168238464154946
ETH_2602,ETH,Dangila,1.305193,1.517989,1.558585,38900.0,46602.0,52456.0,0.030667965250824825,0.005292340375621096,0.036790456292003615,0.02394852096567157
ETH_2603,ETH,Danisha,0.368601,0.409061,0.426674,16809.887,18080.0,19484.0,0.021048362865361936,0.008466835893923719,0.01467445387736288,0.015069874702886343
ETH_2627,ETH,Darge,0.646454,0.767506,0.78668,11204.0,21101.0,23547.0,0.03492488658895265,0.004947249695186118,0.13497419508299435,0.02217795226872643
ETH_2628,ETH,Bilida Bukisa,0.099142,0.365674,0.384362,12445.0,44842.0,51085.0,0.298276755003295,0.01001836933683875,0.29222463052634673,0.02641191456236469
ETH_2646,ETH,Daye,0.715403,0.835688,0.870563,50671.73099999999,56593.0,63428.0,0.031569948337945686,0.008210480852612667,0.022349514789533842,0.023066019763791523
ETH_2654,ETH,Debark,0.917111,1.603757,1.679912,39373.0,61612.0,68614.0,0.11826139552058246,0.009321660429974843,0.09368778076232687,0.0217613867456814
ETH_2656,ETH,Debere Markos,2.973234,4.589286,4.717086,97800.0,138973.0,176198.0,0.09069470954195857,0.0055084720756883865,0.072798890229959,0.04861027365848147
ETH_2658,ETH,Debire Eyesus,0.192392,0.357147,0.391322,24185.0,26197.0,28400.0,0.13170178117483156,0.018444698036242047,0.0161108614701595,0.016279946355887365
ETH_2660,ETH,Debirewerik,0.504261,0.735036,0.748688,24113.296000000006,26396.0,28988.0,0.07827775531091063,0.003687354369697582,0.01825443065549437,0.018910473884342194
ETH_2661,ETH,Debre Brehan,3.135433,3.751717,3.817082,102100.0,132573.0,170490.0,0.03654105757770765,0.00346050467120107,0.053624518548430755,0.051595612208213515
ETH_2662,ETH,Debre Mariyam,0.045235,0.086891,0.09291,10908.0,12429.0,13769.0,0.1394625082393275,0.013485484455839192,0.026450975406672406,0.02068854874158088
ETH_2663,ETH,Debre Sina,0.277579,0.356836,0.37319,10059.916,11137.0,12373.0,0.051517272988909735,0.009002557615574558,0.020551142074723305,0.02127184372136326
ETH_2664,ETH,Debretabor,2.146653,2.902873,2.967686,93594.0,120056.0,152985.0,0.062216975417143106,0.004426083966937444,0.05105918605240589,0.04967051045290227
ETH_2665,ETH,Deder,0.745326,1.26187,1.324458,42193.0,53063.0,0.0,0.11105016652752608,0.009728733701784176,0.046912243495083716,-1.0
ETH_2668,ETH,Degan,0.351492,0.491319,0.499565,15652.400000000001,17257.0,19092.0,0.06927551674126309,0.0033343683632509613,0.019710455336288568,0.020415919272458005
ETH_2669,ETH,Degehabur,1.119838,1.851704,1.87842,38000.0,65797.0,86124.0,0.10581702715984775,0.0028690482071729306,0.11605217758217079,0.055318666348351364
ETH_2670,ETH,Degolu,0.876502,1.126355,1.151014,21490.0,28200.0,30653.0,0.051439954199751003,0.004340701202362185,0.055850764137733044,0.01682162847402413
ETH_2673,ETH,Dejen,0.457524,0.926809,0.943965,17908.0,21396.0,23524.0,0.15163610603788413,0.0036750536787100163,0.03623224109727641,0.019144385556984167
ETH_2679,ETH,Deksis,0.491429,0.591191,0.60903,10300.0,19012.0,21869.0,0.03765601172798161,0.005963386883656829,0.13041553215884516,0.028395633033403644
ETH_2680,ETH,Delgi,0.379143,0.443061,0.446083,11100.0,21343.0,23250.0,0.03164931997999787,0.0013604396151165599,0.1396893687787708,0.017263585560826522
ETH_2683,ETH,Dembe,0.303352,0.321646,0.338557,11539.0,15417.0,17624.0,0.011780391528827039,0.010300873702179247,0.05965950931282715,0.027119376809176865
ETH_2684,ETH,Dembecha,0.961141,1.517376,1.566522,27377.0,30044.0,33750.0,0.09562320370494715,0.006395433625355995,0.01876585210364934,0.02353619424032871
ETH_2685,ETH,Dembi Dolo,1.402634,1.516821,1.538277,30986.01,32090.0,33085.0,0.015776109256496085,0.0028132019545941134,0.007026297975016638,0.006125796888230894
ETH_2688,ETH,Deneba 1,0.24636,0.304401,0.314181,15807.0,16450.0,18880.0,0.04321824976755706,0.006344711312132434,0.008006400632881272,0.02793870184656444
ETH_2689,ETH,Deneba 2,0.308435,0.444703,0.451984,11511.531,12575.0,13780.0,0.07592322168026944,0.003253308028960067,0.017829376465739344,0.01847000891164252
ETH_2692,ETH,Denise 37,0.324946,0.486312,0.491373,14546.629,15550.0,16643.0,0.08397872420808428,0.0020727692806818965,0.013429649558807544,0.013678520319564402
ETH_2694,ETH,Dera,1.175112,1.482109,1.496832,28508.0,36225.0,42727.0,0.047514821633576565,0.001978915727123498,0.049079326595161454,0.03356739673274922
ETH_2698,ETH,Derwonaji,0.044056,0.092875,0.095852,12421.323,13159.0,13940.0,0.16085707518535708,0.006330117477419295,0.011605091097838915,0.011598035696451792
ETH_2700,ETH,Dessie,5.365996,6.533922,6.634895,187900.0,288193.0,381366.0,0.04017094911696506,0.003071801731169721,0.08930959625922474,0.05762500170143148
ETH_2734,ETH,Digalu Kidame,0.229939,0.359843,0.365864,13756.0,16173.0,18581.0,0.09370471430867955,0.003324284103901398,0.03290334503458303,0.028148152248732572
ETH_2774,ETH,Dire Dawa,7.756697,8.880627,8.980929,277000.0,348398.0,415541.0,0.027432644738154766,0.0022487579638947874,0.046933693245342134,0.03587570032463128
ETH_2813,ETH,Dl Amba,0.103564,0.203723,0.219611,19673.0,22628.0,25165.0,0.14489655710204508,0.015132670993766695,0.02838353712175934,0.02148067061821579
ETH_2820,ETH,Dodola,1.695312,1.803219,1.813294,25857.776,30002.0,34838.0,0.012417789631420817,0.0011149570463269143,0.030176900550310748,0.030340097811054845
ETH_2836,ETH,Dolo,0.875169,1.505575,1.516858,28922.351,30857.0,32955.0,0.11460784072269825,0.0014943564693108424,0.013033999980058608,0.013242792349734911
ETH_2895,ETH,Dubti,0.684619,0.844167,0.854773,27752.0,30317.0,37374.0,0.042787663288413214,0.002500239255842418,0.017837359188805024,0.04274153159837879
ETH_2917,ETH,Durbete,0.861618,0.982774,0.995462,24104.808,26423.0,29060.0,0.026662688689059744,0.0025688469941349545,0.018534372284773504,0.019207702322217246
ETH_2945,ETH,Ebinat,0.415082,0.609667,0.617438,18800.0,26415.0,28772.0,0.07992043062975185,0.0025363615630931147,0.07038139849808234,0.017241073037796095
ETH_2957,ETH,Edega Hamus,0.338782,0.431404,0.438036,21663.928,23602.0,25790.0,0.049524951525103056,0.0030558782514447103,0.017284249647995242,0.01788920182980358
ETH_2964,ETH,Efa,0.107263,0.133144,0.137886,10000.0,14120.0,16077.0,0.04417750331444936,0.0070237531617660665,0.07143773896128303,0.026299371651726133
ETH_2965,ETH,Efa Gamachu,0.115179,0.146465,0.149376,10882.0,12951.0,14946.0,0.04923340853576885,0.003943781351497311,0.035425642982040095,0.029068619302110132
ETH_2975,ETH,Ego,0.164317,0.223607,0.227197,10681.0,11716.0,13442.0,0.06355653279139095,0.0031905662239348764,0.01866993734106659,0.02786695856192556
ETH_2982,ETH,Ejaji,0.557217,0.675701,0.68851,15770.0,17823.0,20606.0,0.039312237062747224,0.0037628963619278366,0.02477806932298865,0.029443646723238848
ETH_2984,ETH,Ejere,0.462456,0.534063,0.537299,11482.0,26478.0,30317.0,0.02921098884981177,0.0012089155591981093,0.1818803906900348,0.027448847151119615
ETH_3080,ETH,Eledima,0.03586,0.084119,0.088027,13134.0,15097.0,17198.0,0.18592374073757645,0.009123593069069402,0.028250024713955435,0.026401925077955912
ETH_3083,ETH,Elferida,0.096825,0.17676,0.194981,13134.0,27228.0,31200.0,0.12792259692303798,0.019815621306310982,0.15697439049551476,0.027608695169091257
ETH_3084,ETH,Eliyas,0.652464,0.769878,0.781204,12400.0,15111.0,16669.0,0.03364895767389142,0.00292512155975877,0.040337621537489765,0.01981939746062844
ETH_3107,ETH,Endaba Guna,0.375528,0.433276,0.464026,15200.0,19770.0,21210.0,0.029021530693687847,0.013807585588742732,0.053980597879800474,0.01416075314640608
ETH_3109,ETH,Endibir,0.362309,0.40814,0.412046,11773.95,13300.0,15070.0,0.0241085867909705,0.0019067637267313753,0.02467441092870093,0.02530322230583648
ETH_3111,ETH,Enewari,0.52299,0.642525,0.646349,17065.0,17673.0,20350.0,0.042027856458255686,0.0011874803093130382,0.007026262936074001,0.028610201476534813
ETH_3113,ETH,Enfranz,0.200301,0.245452,0.25383,11196.443,12407.0,13797.0,0.041493806218941165,0.0067352490233312245,0.020745189175719325,0.02146520245716399
ETH_3116,ETH,Enseno,0.840419,1.909603,1.99816,61306.0,85781.0,97364.0,0.17839107676583388,0.009107501194443701,0.06949220799656008,0.025655375648768075
ETH_3153,ETH,Este,0.70576,0.842252,0.860984,21800.0,33979.0,37145.0,0.035993432056939056,0.0044090241386125495,0.09282549920482919,0.01797697212873528
ETH_3158,ETH,Eteya,1.127842,1.483558,1.503803,35461.0,37364.0,43223.0,0.056358310454680316,0.0027144727658188206,0.01050967733500685,0.029561534959195113
ETH_3187,ETH,Faji,0.176846,0.319946,0.32899,11174.0,12178.0,13238.0,0.12589084760991187,0.005590594092641954,0.017357194226247596,0.016832178577798507
ETH_3220,ETH,Felege Birihan,0.237944,0.535127,0.545878,19455.0,24164.0,26537.0,0.17597048339433008,0.003986204995009901,0.04430538720736821,0.01891181794779584
ETH_3221,ETH,Fendika 2,0.341708,0.429979,0.439284,20333.135,22360.0,24673.0,0.04702829862440949,0.004291132344756088,0.019186097747936115,0.019882246485531718
ETH_3222,ETH,Fendika 1,0.33942,0.49083,0.501884,12843.179,14062.0,15446.0,0.07656122616469307,0.004464171181742582,0.01829804883973063,0.01895214382285859
ETH_3228,ETH,Feres Bet,0.430114,0.64042,0.668904,24865.737,26932.0,29246.0,0.08286984880737647,0.008741251743870082,0.016092987176508533,0.016622164429975106
ETH_3236,ETH,Fiche,2.284827,2.652532,2.698557,45987.0,69947.0,85908.0,0.030294690951772507,0.0034464313694810844,0.08749383273086542,0.04196445322051323
ETH_3242,ETH,Fik,0.3702,0.611649,0.619236,13093.722,13814.0,14564.0,0.10563854592865063,0.0024686163380824855,0.010767495077158795,0.010630134574253214
ETH_3244,ETH,Filakit,0.766331,1.326042,1.373105,24893.0,60245.0,65573.0,0.11590745024560745,0.006999590066897765,0.19335251827865707,0.017093336234337064
ETH_3248,ETH,Fincha,0.411325,0.433475,0.44059,14895.0,19013.0,23868.0,0.010545307561343753,0.0032614295972117624,0.05003077568117065,0.04653335864276431
ETH_3249,ETH,Finote Selam,1.521629,1.980736,2.020448,40600.0,58414.0,74049.0,0.05415279273722895,0.003978046744925079,0.0754697083014153,0.048577296654920055
ETH_3261,ETH,Fonko,1.100582,2.042394,2.154799,58481.0,64299.0,71643.0,0.1316273208201768,0.010772570467230569,0.01914947638666331,0.02186590490787177
ETH_3294,ETH,Funyan Bira,0.539914,0.682212,0.685364,22773.0,24881.0,29471.0,0.047897859115158425,0.0009223499049337835,0.01786344357309111,0.03444024445001581
ETH_3347,ETH,Gambela,2.145416,2.724667,2.765152,67489.0,88453.0,115918.0,0.04896351615686667,0.0029542326750964243,0.05559157373351353,0.0555715158315897
ETH_3402,ETH,Gasera,0.592431,0.685842,0.710432,17381.0,18508.0,21140.0,0.029715524196284537,0.007070066784258255,0.012644355422434916,0.026949525148644904
ETH_3409,ETH,Gatira,0.394688,0.534402,0.579133,19276.0,20600.0,23477.0,0.06248505631442014,0.016206684985356157,0.0133747072134629,0.026490834484744097
ETH_3411,ETH,Gato,0.063298,0.184586,0.187783,11057.0,13405.0,15266.0,0.2386874975109734,0.0034402162682740656,0.03926404335014522,0.026341022716558804
ETH_3451,ETH,Gebeze Mariyam,0.290581,0.404471,0.408994,11163.594,12082.0,13109.0,0.06837578224932761,0.002226564226558203,0.015937426043189484,0.01645029539554632
ETH_3455,ETH,Gedeb,0.639435,0.915664,0.949611,45589.0,59747.0,67448.0,0.07445429726654673,0.00730715630076606,0.055580132266656035,0.02454395338413784
ETH_3458,ETH,Gedo,0.458391,0.569801,0.581362,20571.0,31302.0,36190.0,0.04447349829864411,0.004025370014994811,0.08758531911244871,0.02944535700654627
ETH_3461,ETH,Gelemso,0.762004,0.847518,0.857167,31979.0,32601.0,37624.0,0.02149991757980918,0.002266702586385616,0.003860136283627913,0.02907448122857681
ETH_3462,ETH,Gembe,0.18403,0.242557,0.261897,13232.0,22779.0,25966.0,0.05678109938062681,0.015461219242168811,0.11476116940296643,0.02653575231488947
ETH_3465,ETH,Gend Wen,0.680235,1.00628,1.031856,16470.225,17876.0,19455.0,0.08146376672193822,0.005032371956016135,0.016515868774783282,0.01707312290141627
ETH_3466,ETH,Genda Wuha,0.533599,0.751693,0.793846,17800.0,20779.0,24069.0,0.0709399010325289,0.010972054661789299,0.03143277652451881,0.029832707167658734
ETH_3470,ETH,Gerba 2,0.207502,0.288664,0.294447,12363.675,13630.0,15078.0,0.06825286848752299,0.00397500724262434,0.01969350980053175,0.02039794811102369
ETH_3472,ETH,Gerbe Guracha,1.291062,1.689606,1.72676,43254.0,54312.0,62963.0,0.05527990658005222,0.004359767159311412,0.046583549161633986,0.030001657079347543
ETH_3473,ETH,Gerese,0.343124,0.462658,0.470552,15534.0,16419.0,18362.0,0.06160216613027125,0.0033894017571176605,0.011143234601068475,0.022620880186161152
ETH_3477,ETH,Gesa,0.224122,0.312696,0.324423,13356.163,14841.0,16549.0,0.06887659447425021,0.007390525575585949,0.02130695847648889,0.0220254679881835
ETH_3496,ETH,Gida Ayana,0.534357,0.555755,0.56672,13050.178,15129.0,17554.0,0.007883592095713876,0.003915205458178361,0.030003635295120956,0.030180142398311904
ETH_3500,ETH,Gidole,0.460962,0.656283,0.692436,28122.161,31937.0,36371.0,0.0732112236725293,0.010782459538179134,0.025767855868981115,0.026342291245457394
ETH_3507,ETH,Gimbi,1.120403,1.342174,1.385544,48551.0,61739.0,77460.0,0.03678071824526352,0.006380701481173423,0.04923382362392359,0.046414093741493634
ETH_3508,ETH,Gimbicho,0.733821,0.955358,0.973609,26769.205,30364.0,34541.0,0.054181041961853804,0.0037919003975865895,0.025521339612426308,0.02611298817988894
ETH_3509,ETH,Gimija Bet,0.518382,0.649926,0.656657,12515.916,13705.0,15056.0,0.046267655394679474,0.0020627849974224066,0.018317670591554425,0.01898106346418671
ETH_3514,ETH,Ginichi,0.983453,1.192252,1.2097,30839.0,37734.0,43674.0,0.03925683636437749,0.0029099134604031462,0.04118166491059827,0.029669917995265527
ETH_3515,ETH,Ginido,0.6716,0.824007,0.836736,20436.0,20493.0,23373.0,0.04175127993932004,0.0030706214357372197,0.0005572177780337473,0.02664851618427
ETH_3516,ETH,Ginir,1.245197,1.3076,1.319436,21077.904,24336.0,28136.0,0.009827908899508797,0.0018038202692380878,0.029163451780912508,0.02944377482177507
ETH_3518,ETH,Girawa,3.7368,5.44298,6.111601,189810.586,215354.0,250141.0,0.07812068073961687,0.023442978866748065,0.02557282005255712,0.030401275902430802
ETH_3523,ETH,Gisa Baela Egziabher,0.203259,0.226637,0.235923,10363.0,12282.0,13824.0,0.022012495413306077,0.00806350877702866,0.03456246803489349,0.0239362688516227
ETH_3527,ETH,Gishe Abay,0.468321,0.730505,0.756611,14222.097,15425.0,16775.0,0.09298930430166297,0.007047351530675039,0.016371099201905492,0.01692159796335213
ETH_3545,ETH,Goba,2.026199,2.1479,2.18101,49828.0,63492.0,79717.0,0.011734110116775165,0.0030641753439586417,0.04966111844400878,0.046565436487609135
ETH_3547,ETH,Gobessa,1.055476,1.289925,1.312623,24232.0,33702.0,38583.0,0.0409340607711528,0.003494762136768692,0.06820174425147774,0.027420114000914042
ETH_3549,ETH,Gode,1.729134,2.994456,3.027325,47522.049,50714.0,54178.0,0.11608650542091015,0.0021857477308155904,0.013086531614394215,0.013302281553533746
ETH_3556,ETH,Gojo,0.796236,1.025592,1.061416,25561.0,26632.0,30467.0,0.05192932689573415,0.006890402111633831,0.008242937040171538,0.027271364242737572
ETH_3559,ETH,Golije,0.224441,0.408043,0.416877,13834.0,26075.0,30367.0,0.12699177728311262,0.004292918939893697,0.1351553730751862,0.030945042241659726
ETH_3573,ETH,Gonder,6.101124,7.389004,7.541239,323900.0,420498.0,540675.0,0.039047041180191755,0.004087037847457786,0.05358747061002367,0.051561000335100804
ETH_3579,ETH,Gore,0.271376,0.280637,0.284804,11275.622,13118.0,15268.0,0.006733912746430981,0.0029521901774538506,0.03073120334902435,0.03082016327008863
ETH_3658,ETH,Guliso,0.250328,0.307863,0.314799,14334.0,17411.0,20038.0,0.04224450360227472,0.004465834468352137,0.03965982735115081,0.02850434642925115
ETH_3666,ETH,Gundo Meskel,0.878244,1.097466,1.107539,29407.0,31253.0,35607.0,0.045574966330413025,0.0018289807037110695,0.012250961775922553,0.026428576312194973
ETH_3670,ETH,Gura Harecho,0.038438,0.067709,0.075763,11353.0,13570.0,15685.0,0.1198945301701162,0.022732725319213776,0.036319909923490545,0.029392346771591304
ETH_3678,ETH,Gutin,0.669925,0.687502,0.695122,16912.91,19607.0,22750.0,0.0051932328897599245,0.002206957974647983,0.030003172095525388,0.030182220821079575
ETH_3697,ETH,Habe,0.244441,0.297112,0.303427,12543.0,24683.0,28458.0,0.03979859965125132,0.004215235677148543,0.14498370023769547,0.02887185308867557
ETH_3707,ETH,Hagere Mariyam,1.661483,2.18916,2.239803,45739.0,59276.0,68421.0,0.0567112241663732,0.004584478104753487,0.05321841714808162,0.029110728099178917
ETH_3708,ETH,Hagere Selam 2,0.32728,0.382919,0.389145,22346.703999999994,24990.0,28043.0,0.03189970884829996,0.0032309174473494906,0.022611225832958937,0.023320426511679537
ETH_3709,ETH,Hagere Selam 1,0.255413,0.325681,0.339231,13611.944,14539.0,15547.0,0.04980801686130287,0.008185906113931551,0.0132646149609148,0.013496871425339618
ETH_3720,ETH,Halila Negele,0.10043,0.247726,0.260813,10233.0,16984.0,19275.0,0.1979029253927922,0.010349262723226449,0.10664264362761555,0.025630390850415852
ETH_3726,ETH,Hamibiso,0.625047,0.832905,0.840482,21781.0,23618.0,26978.0,0.05909900207375651,0.001812830544225985,0.016326057704663333,0.02695952285307812
ETH_3735,ETH,Hamus Gebeya,0.079645,0.112176,0.116977,15713.274,18183.0,21064.0,0.0708984417547942,0.008416877964744884,0.029626640687031136,0.02985258033669158
ETH_3736,ETH,Hamusit,0.256316,0.34579,0.358023,36711.0,37101.0,40574.0,0.0617135072305901,0.006977344181557044,0.002115732160666628,0.018057814535451966
ETH_3744,ETH,Harare,16.759627,18.957988,19.65474,464766.0,783115.0,1006319.0,0.024956842394777023,0.007244748635442333,0.10998788474328647,0.05143402271456465
ETH_3748,ETH,Harbu,0.725309,0.831104,0.838364,20350.127,22435.0,24819.0,0.027605597399127157,0.0017410010390843667,0.01969852242158221,0.020402798557084267
ETH_3753,ETH,Haro,0.091847,0.102297,0.111125,17067.0,19511.0,22180.0,0.021785144824548075,0.016692863873787767,0.027127762621783624,0.025974112108195557
ETH_3754,ETH,Haro Adi,0.619488,0.636908,0.639264,16300.0,16404.0,19235.0,0.005561787171655119,0.0007387320194536251,0.0012728293039252492,0.03235362240495965
ETH_3759,ETH,Hartishek,0.638101,0.721379,0.727576,17700.0,19423.0,22240.0,0.02483704144120491,0.0017122247779997046,0.01875231529650878,0.027457092822877005
ETH_3778,ETH,Hawassa,28.514716,44.711568,49.74176,2182604.0,2706920.0,3178428.0,0.09413313372136622,0.02155146145962039,0.043999029187089755,0.032636309010729114
ETH_3780,ETH,Hawuzen,0.283726,0.332887,0.342754,13554.417000000001,14480.0,15487.0,0.0324749890366931,0.005859076765624582,0.013298836231829148,0.013537326032928787
ETH_3784,ETH,Hayk,0.91378,1.25782,1.315163,50717.0,51833.0,57648.0,0.06599549547332795,0.00895597661210279,0.004362659199561136,0.021493434956169954
ETH_3788,ETH,Hebo Molicha,0.04661,0.081017,0.092153,11763.0,13522.0,15404.0,0.1169131674321433,0.026092856435072864,0.028263847751557325,0.02640442496111506
ETH_38,ETH,Abiyi Adi,0.513854,0.681752,0.693252,24200.0,31062.0,39418.0,0.05817460763057425,0.003351125328657334,0.051193846344538274,0.048800857978683165
ETH_3812,ETH,Hirna,0.829725,1.105587,1.212509,40518.0,43707.0,50161.0,0.059087273866568646,0.01863456647184969,0.015267769994607994,0.027928808289292784
ETH_3824,ETH,Holeta,2.437746,3.311339,3.372449,45630.0,59868.0,74918.0,0.06317079543499826,0.0036640055895531543,0.05581750038704425,0.04587139492592884
ETH_3826,ETH,Homocho,0.466125,0.683517,0.71172,13356.0,14962.0,16770.0,0.0795664635090072,0.008119394500807786,0.02296941204557279,0.02307785071224866
ETH_3829,ETH,Hosaena,7.307187,11.757113,12.078491,197494.0,309558.0,0.0,0.0997908297512291,0.005408141152650758,0.0940511455787918,-1.0
ETH_3838,ETH,Humera,1.437723,1.692294,1.72447,32600.0,41869.0,53176.0,0.03314224194562021,0.003774054263137927,0.051320172522409946,0.0489737382720592
ETH_3845,ETH,Hurta,0.185987,0.231943,0.238296,16343.053,18864.0,21804.0,0.045152674353878375,0.005419019370547895,0.02910602239544735,0.029391261300818705
ETH_385,ETH,Aje,0.334357,0.411839,0.413812,13037.694000000001,14830.0,16914.0,0.04256564587268308,0.0009563105997163479,0.0260961862704594,0.02664674616391771
ETH_386,ETH,Ajebar,0.581189,0.843615,0.872101,17750.0,21535.0,23457.0,0.07737124843605203,0.006663908385872164,0.039415775015267274,0.017244893378369097
ETH_388,ETH,Ajibar,0.46383,0.629553,0.639875,15687.321,16959.0,18378.0,0.06300349539705219,0.003257855520068409,0.01571131700795325,0.01620096129109516
ETH_39,ETH,Abiyot Fana,0.136839,0.20434,0.223526,11958.0,13314.0,14606.0,0.08349946061518243,0.018110535264844296,0.02171554418921584,0.018695877726731203
ETH_3906,ETH,Ifedin,0.139082,0.151936,0.154579,11073.0,13470.0,15668.0,0.01783633945423957,0.003455137868949798,0.039969156540871964,0.030692684133496906
ETH_4037,ETH,Ilusinbitu,0.296272,0.383219,0.386551,10854.0,12257.0,13868.0,0.05281311125087429,0.00173293688658549,0.024610669031532195,0.02500487132651319
ETH_4058,ETH,Inango,0.187508,0.229929,0.243084,11176.627,12890.0,14888.0,0.04163314259082007,0.011189438061589785,0.028936164867492398,0.02924007685291863
ETH_4061,ETH,Inchini,0.594806,0.669125,0.675715,13107.0,14176.0,16361.0,0.023826539604417718,0.001962022411851283,0.01580437979372662,0.029084952782424178
ETH_4066,ETH,Injebara,1.187872,1.903649,1.973814,41435.0,44248.0,50194.0,0.09891334122231488,0.007265293306844667,0.013223515158400367,0.025537704697480734
ETH_4070,ETH,Inticho,0.363804,0.430812,0.439172,16548.989,18026.0,19693.0,0.03438940709363347,0.0038512642999697366,0.01724503751912221,0.017847004443612757
ETH_4206,ETH,Jiga,0.638979,0.762093,0.787099,13692.322,14941.0,16354.0,0.035867666975775814,0.006477979769953235,0.017607999604136948,0.01823697995243201
ETH_4208,ETH,Jijiga,7.237734,9.188632,9.267792,138986.409,148784.0,159504.0,0.04888928321765951,0.0017170916506450418,0.013717115725537798,0.014011941887387858
ETH_4212,ETH,Jimma,6.592479,8.473955,8.606154,192668.0,237500.0,298479.0,0.05149564831817899,0.0031008350575936205,0.042727446104596556,0.04676702564000679
ETH_4215,ETH,Jinka,1.339707,1.80677,1.866307,43278.0,48581.0,56297.0,0.06164326473411896,0.006505246038282841,0.0233869002099536,0.02992063714622728
ETH_4223,ETH,Jomora,0.065397,0.079081,0.082713,13357.0,15529.0,17345.0,0.03873045544942033,0.009021276775912579,0.030592346181087526,0.022365446250771415
ETH_4282,ETH,Kachise,0.633166,0.761482,0.778269,19667.0,25473.0,29286.0,0.03759629231890815,0.00437066125518859,0.05309704846323138,0.02829090003415735
ETH_436,ETH,Alaba Kulito,1.661979,2.289274,2.314683,59944.0,60122.0,69802.0,0.0661405180897443,0.002210040223299181,0.0005931834776102818,0.03030756689662195
ETH_4424,ETH,Kake,0.34631,0.402092,0.40975,13634.0,17458.0,20157.0,0.030319880989307935,0.0037803876005892967,0.05068913157540145,0.029168016906027106
ETH_4551,ETH,Kara Mile,0.684593,1.889398,2.102364,46395.0,90426.0,103422.0,0.225118786100019,0.021590608960171398,0.14278472886290228,0.027221078148022215
ETH_4561,ETH,Karat,0.368942,0.667653,0.678562,11100.0,21251.0,23765.0,0.1259485381995884,0.003246714326195388,0.13870513340697777,0.022613894909233156
ETH_465,ETH,Alamata,1.489835,1.579301,1.595338,54262.0,76766.0,94826.0,0.011731676290049897,0.002022699287222318,0.07185150707670451,0.043161869340494485
ETH_4683,ETH,Kebri Beyah,0.514386,0.823515,0.837118,14500.0,15914.0,18221.0,0.09869329671676308,0.003282029273462328,0.018784362541081068,0.02744497128027823
ETH_4684,ETH,Kebridehar,0.900777,1.380868,1.420478,28626.441,28211.0,28211.0,0.08919835152817823,0.005672256216918914,-0.002919495641772629,0.0
ETH_4685,ETH,Kechema Chefe,0.107525,0.174231,0.184162,13162.0,15934.0,18502.0,0.10134452102823999,0.011148445894201497,0.03896420505900755,0.03033575894313123
ETH_4686,ETH,Kedida Gubeta,0.138876,0.186339,0.193674,22771.0,26901.0,30330.0,0.060560168475772835,0.007751637124731481,0.0338969739939603,0.024284963132491733
ETH_4697,ETH,Kelafo,0.349455,0.39847,0.402894,12370.655,13128.0,13935.0,0.026599088245747193,0.0022106973892521697,0.011954939430614209,0.012002722854380865
ETH_4698,ETH,Kelala,0.456803,0.640525,0.651077,10346.271,11406.0,12618.0,0.06994493589271245,0.003273298018558135,0.019694093069950735,0.020402305450828884
ETH_4699,ETH,Kele,0.415071,0.605129,0.633202,23572.0,25548.0,28750.0,0.0783136802585338,0.009110818755791561,0.01623019537563386,0.023896806164123596
ETH_4702,ETH,Kemba,0.289335,0.427749,0.436037,16714.774,18560.0,20682.0,0.08132839179961304,0.0038454803946030847,0.02116399239597122,0.021887089647236513
ETH_4704,ETH,Kemise,1.2328,1.403593,1.42018,35977.0,59571.0,72449.0,0.026289093396918206,0.0023524119101381302,0.1061193477279414,0.03991897089313934
ETH_4717,ETH,Kere,0.307069,0.454916,0.469223,23502.0,26981.0,30722.0,0.08178024785659721,0.006212286438592951,0.027994151829149327,0.02630935731121986
ETH_4728,ETH,Kersa,0.717636,0.908535,0.923099,30601.0,32188.0,36931.0,0.04830459429869416,0.0031856786339581333,0.010163505944055462,0.027872897571314725
ETH_4825,ETH,Kiloniso Mokoniso,0.1196,0.159297,0.169765,12274.0,14615.0,16870.0,0.058998350022963386,0.012810306587204945,0.035529654106194686,0.029113446039871205
ETH_4840,ETH,Kimir Dingay,0.31504,0.43002,0.447144,14770.049,15926.0,17210.0,0.06420327528112235,0.007840370218979542,0.015184445767222776,0.015628388883916378
ETH_4937,ETH,Kobo 1,0.89952,1.290666,1.4428,49372.0,55999.0,0.0,0.07488155175639966,0.02253563702741057,0.025510025111325607,-1.0
ETH_4938,ETH,Kobo 2,1.522475,1.733231,1.739754,32166.65,35882.0,38502.0,0.02626910642551894,0.0007515677268352672,0.022101820094082347,0.014194683396060892
ETH_4942,ETH,Kofele,1.008287,1.286979,1.334143,38913.0,51299.0,58781.0,0.050019727432368155,0.007224275413089787,0.05682441292267115,0.027603593186033892
ETH_4952,ETH,Kokosa,0.195732,0.213801,0.221192,13479.0,14379.0,16328.0,0.017816717169590657,0.00682023796778175,0.013011095197876799,0.02574843162147844
ETH_4956,ETH,Koladiba,0.564057,0.792361,0.80268,19117.523,20954.0,23042.0,0.07033572095611529,0.002591157836021596,0.018514142273272638,0.019179422459091988
ETH_4970,ETH,Kombolcha,3.910457,5.279405,5.410223,100249.0,156708.0,208724.0,0.06187034640486311,0.004907383958713041,0.09345829564094488,0.059000692788079734
ETH_4996,ETH,Korem,0.513949,0.547135,0.57169,25200.0,32390.0,41070.0,0.012592938393650943,0.00881892231566761,0.051482578442865634,0.04863114157628279
ETH_4998,ETH,Kork,0.19934,0.36784,0.378144,11580.0,12612.0,13705.0,0.13034989941628505,0.005540696080928553,0.017220445255911265,0.016761318329990615
ETH_5003,ETH,Koshe,0.330626,0.569896,0.574779,16173.032,18454.0,21108.0,0.1150432709340683,0.0017078028470070006,0.026738421639982857,0.027238561117235216
ETH_5067,ETH,Kuchi,0.614658,0.688874,0.702504,13420.0,15798.0,17835.0,0.023060344487754847,0.003926230443654255,0.033165555132851354,0.02455246098539643
ETH_5084,ETH,Kulubi,0.247101,0.276792,0.286264,11754.0,12156.0,13961.0,0.022953296372141718,0.0067523229032393495,0.006748522719682848,0.028075872856836215
ETH_51,ETH,Abomsa,0.74481,0.803546,0.807479,18131.484,20989.0,24323.0,0.015296873723724014,0.0009770000528264156,0.02970229167441385,0.029923762753506944
ETH_5115,ETH,Kumbabe,0.439193,0.575655,0.602917,19548.0,25158.0,28804.0,0.05560484366994789,0.009297156385369432,0.051755414542059786,0.027437322773617767
ETH_5139,ETH,Kutaber,0.517001,0.764909,0.797317,28206.0,28461.0,30979.0,0.08149291224104593,0.008333626691167106,0.001801622537011438,0.017099516522082414
ETH_5144,ETH,Kuy,0.426824,0.586242,0.598682,15153.0,22349.0,24228.0,0.06552984732237332,0.004208410337534829,0.08081632168523267,0.016276524956922778
ETH_5204,ETH,Lalibela 1,0.679903,0.78789,0.79909,27200.0,37234.0,41656.0,0.02992055588051956,0.002827007273608073,0.06481499431121729,0.022698394231711383
ETH_5205,ETH,Lalibela 2,0.090319,0.15408,0.167222,12241.0,13708.0,15076.0,0.11273930773576102,0.016504788226615608,0.02289590401277164,0.019207020725025004
ETH_5213,ETH,Lange,0.249213,0.261733,0.269475,23774.0,26185.0,29934.0,0.009851600174105135,0.005847172666840095,0.019506652465378638,0.02712295479678173
ETH_5230,ETH,Laska,0.252369,0.467534,0.50249,19680.0,22999.0,26559.0,0.13124178511681261,0.014525213572667672,0.03166042670267366,0.029201838038947603
ETH_5247,ETH,Lehulum Selam,0.463255,0.578165,0.593175,11690.0,13015.0,14278.0,0.045312963653582505,0.005139194592131968,0.021705972852434696,0.01869609422292262
ETH_5251,ETH,Lemen,0.474648,0.570198,0.576636,14879.0,15229.0,17445.0,0.0373631268050405,0.0022480329029532786,0.004660965067503575,0.027542792737216715
ETH_5253,ETH,Lemo Genito,0.070488,0.226483,0.240801,13568.0,14537.0,16081.0,0.2629439714084434,0.012335660154570105,0.013892221290215723,0.02039342680847267
ETH_5257,ETH,Lera,0.758255,1.883026,2.086684,44090.0,82784.0,93290.0,0.1995219700390869,0.02075161068304565,0.13428257812959354,0.024183411113213538
ETH_5272,ETH,Liguama,0.683662,1.0305,1.054761,12034.0,12612.0,13952.0,0.08552870212990782,0.004664862678812387,0.009426707111910737,0.020400120214599138
ETH_5278,ETH,Limu Genet,0.612148,0.743297,0.767886,26221.0,31806.0,36497.0,0.03958783537893562,0.006530348138240383,0.03937426827502688,0.027897056923456676
ETH_5302,ETH,Logiya,1.025514,1.392273,1.402005,23300.0,24342.0,30009.0,0.06305702430622695,0.0013941091814015927,0.008788371536177175,0.04274724980142963
ETH_5382,ETH,Lumame,0.451999,0.888256,0.937209,22898.463000000003,25182.0,25182.0,0.14466956342265758,0.010787028945250077,0.019193810212732698,0.0
ETH_55,ETH,Abora,0.347804,0.377643,0.382228,13501.0,14210.0,16308.0,0.016598286427914388,0.0024165119276045033,0.010289008617357265,0.02792475473360434
ETH_5530,ETH,Mahidere Selam,0.674728,0.930131,0.950109,11711.0,15272.0,16698.0,0.06630900590852229,0.004259300829359436,0.05453351479499191,0.01801390082519294
ETH_5546,ETH,Majete,0.422499,0.5052,0.510664,10096.294,11291.0,12671.0,0.03640030304687092,0.0021538059570733736,0.022619532677094156,0.02332997782134516
ETH_5552,ETH,Makafta Juru,0.084114,0.12449,0.129654,11147.0,12816.0,14601.0,0.08156652245557439,0.008161922835490554,0.028297783121983944,0.026422161774759534
ETH_5580,ETH,Maksegnit,0.357522,0.487733,0.49496,17859.877,19790.0,22006.0,0.06408390432056832,0.0029460964871099726,0.020736080127202072,0.02145458664268096
ETH_5661,ETH,Manibuk,0.38117,0.563875,0.58253,13800.987,16584.0,19830.0,0.08146588869475035,0.006530851719382946,0.03742289548660005,0.03639828348861607
ETH_5671,ETH,Mankusa,0.487244,0.723178,0.745651,25851.0,32237.0,0.0,0.08218059261047328,0.006139223065776633,0.04514236987800646,-1.0
ETH_5756,ETH,Masha 1,0.36291,0.383237,0.389092,15709.0,18342.0,21365.0,0.010959364061437604,0.0030370470616323253,0.03147719336898391,0.03098237660471659
ETH_5757,ETH,Masha 2,0.460302,0.61201,0.617671,13197.025,14258.0,15441.0,0.058627402053302635,0.0018431627390598226,0.015585552796811841,0.01606937705570699
ETH_5818,ETH,May Cadera,0.534081,0.600655,0.609968,15632.408,17887.0,20512.0,0.02377281609382953,0.0030818933638838697,0.027311914806228188,0.027765653727640505
ETH_5824,ETH,Maychew,1.111174,1.224183,1.247337,41055.0,51423.0,63911.0,0.019560155027411152,0.003754469642696101,0.046064034694834,0.044440347650824386
ETH_5896,ETH,Mechara,0.486121,0.678088,0.699739,23470.0,24598.0,28287.0,0.06882926199014783,0.006305865852102688,0.009432635305147263,0.028341632610217715
ETH_5911,ETH,Mehal Amba,0.120617,0.195879,0.198361,10768.0,12276.0,13603.0,0.10183324294365748,0.0025214698299711458,0.026560067706890456,0.02074101005059603
ETH_5912,ETH,Mehal Meda,0.613764,0.676981,0.684108,12664.682,13905.0,15318.0,0.019800014255179743,0.002096713509965653,0.018861943394529845,0.019544566304071198
ETH_5914,ETH,Mehoni,0.642599,0.659567,0.670232,15517.089,16826.0,18294.0,0.0052261426112163445,0.0032132237698601074,0.016328552453408474,0.016870288452740523
ETH_5917,ETH,Mekane Berhan,0.220676,0.522166,0.531046,15149.254,16338.0,17659.0,0.18798428947926826,0.0033783139829199893,0.015223188653211706,0.0156719133773644
ETH_5918,ETH,Mekele,9.342723,11.59867,11.922247,337364.0,453000.0,607746.0,0.0442078262850063,0.005518312948955106,0.06071788815592716,0.06053445215877762
ETH_592,ETH,Alem Gebeya,0.330928,0.853926,0.898484,19932.0,38189.0,42753.0,0.20875238631575543,0.010224791494878538,0.13887872876277174,0.02283519109395038
ETH_5920,ETH,Meki,1.711778,2.501674,2.524712,56675.0,78806.0,92398.0,0.07883904247001428,0.0018350594694422906,0.06815321281481967,0.03233501308139086
ETH_5923,ETH,Mekoye,0.408394,0.59996,0.609284,17258.978,19301.0,21659.0,0.0799622840222376,0.003089063541944048,0.022616856241711503,0.02332060309679207
ETH_5925,ETH,Melika Gemechu,0.057954,0.179361,0.188234,10159.0,12336.0,14340.0,0.25351322428947487,0.009703846940064098,0.039596192115510576,0.030563977818461208
ETH_5926,ETH,Meliyu,0.386155,0.437639,0.441475,12187.0,13218.0,15190.0,0.02534701372519632,0.0017469288407030437,0.01637456285264771,0.02820190759307417
ETH_5929,ETH,Melka Werer,0.206334,0.207258,0.209455,13000.0,13108.0,16000.0,0.0008940352044608524,0.0021111303362135736,0.0016560444045277123,0.040678805963770825
ETH_593,ETH,Alem Ketema,0.719957,0.804293,0.813297,22050.691000000003,24291.0,26851.0,0.022401660264818934,0.0022290257600410257,0.01954086583306225,0.020241567937576477
ETH_5935,ETH,Mena,0.615981,0.690652,0.698452,15700.0,16896.0,20266.0,0.023147839340521337,0.0022486000553594288,0.014791567342270273,0.037043150730178276
ETH_594,ETH,Alem Tena,0.4668,0.630129,0.633418,16800.0,22903.0,26657.0,0.061841571150176966,0.001041740521616541,0.06393872926860977,0.03082223974160536
ETH_5941,ETH,Mendi,0.864813,1.045729,1.065661,17132.182,19675.0,22638.0,0.038722139916991694,0.003783341647534133,0.028064617186023044,0.028453505723925687
ETH_5942,ETH,Mendida,0.351966,0.415811,0.422841,11809.0,12108.0,13845.0,0.03390123076027263,0.003358706207265305,0.005013413017517898,0.027174216719307864
ETH_5944,ETH,Menider 24,0.276687,0.343822,0.350192,12574.268,12924.0,13198.0,0.044405094382906185,0.0036782469894101055,0.005501788434868926,0.004204665906968996
ETH_5954,ETH,Meraro,0.455009,0.54449,0.553925,17930.0,20319.0,23441.0,0.03655889835793946,0.0034418539812326454,0.025331755635157105,0.028998545561885747
ETH_5955,ETH,Merawi,0.916383,1.483973,1.541193,28896.339,31600.0,34667.0,0.10120910883460255,0.007595468601841127,0.018049398845894293,0.018698896167709922
ETH_5958,ETH,Merito Lemariyam,0.701393,1.043446,1.07474,25843.676000000003,28374.0,31257.0,0.08268397874974309,0.005927513510964433,0.018857051018092097,0.019542526892128764
ETH_5962,ETH,Mersa,1.197439,1.496984,1.520972,41992.0,48928.0,54215.0,0.04566543384462829,0.003184497137689757,0.031046330185309223,0.02073357362904482
ETH_5967,ETH,Metehara,0.506937,0.561007,0.565251,13900.0,16064.0,18836.0,0.020476147378971632,0.001508435971145916,0.02936116398029398,0.03235008354359459
ETH_5968,ETH,Metema Yohanis Town ,0.301477,0.395907,0.401587,12574.519,14549.0,16852.0,0.05600943661680646,0.0028530346081634406,0.029599569931461733,0.029825547231556504
ETH_5969,ETH,Meti,0.603003,0.672795,0.689647,28357.0,31180.0,36578.0,0.022145348189279046,0.004960099864420586,0.019161866565702956,0.03244938269854103
ETH_5973,ETH,Metu,1.67042,1.932437,1.980856,56191.0,65853.0,81580.0,0.029570126049036638,0.004961703449852806,0.03224255845214841,0.043762350294345165
ETH_5987,ETH,Micheta,0.279224,0.345618,0.364033,14800.0,14926.0,17164.0,0.043587147190357056,0.010436161588045945,0.001696933753155605,0.028335938099592672
ETH_5997,ETH,Mieso,0.36563,0.40252,0.406532,19600.0,24267.0,29228.0,0.01941056049634282,0.001985540903295835,0.04364309427816382,0.03790260435996928
ETH_6005,ETH,Mile,0.121172,0.126819,0.131502,14600.0,26921.0,37548.0,0.009151591912427648,0.007278598677452619,0.13018012705591286,0.06880659329457162
ETH_6068,ETH,Mirab Imi,0.137627,0.244745,0.245987,10100.0,12195.0,14504.0,0.1220237169766083,0.0010128799797661792,0.03841770964396396,0.035288040870490756
ETH_6070,ETH,Miret Amba,0.088431,0.10936,0.110719,12456.0,14327.0,15933.0,0.04339990556848616,0.0024731066196526097,0.02838405011924139,0.021476686534654288
ETH_6080,ETH,Misrak Imi,0.097478,0.145542,0.14639,14400.0,17610.0,20944.0,0.0834686403367828,0.0011625929743088737,0.04106865991220632,0.03528531700530735
ETH_6141,ETH,Mizan-Aman,1.737115,2.722374,2.879042,89747.0,194214.0,253646.0,0.09401642819477862,0.011253510905773423,0.16694965127704497,0.0548470604781488
ETH_6197,ETH,Mojo 1,2.541993,3.680707,3.737376,50428.0,58098.0,68806.0,0.07684049591995779,0.0030604551827959625,0.028721668294722003,0.034410751237938575
ETH_6198,ETH,Mojo 2,0.087022,0.116175,0.12205,10388.0,12009.0,13710.0,0.05948966379923881,0.009915459993943943,0.02942563931651554,0.026847906434857682
ETH_6206,ETH,Molale,0.451028,0.518356,0.523289,13803.128,15090.0,16549.0,0.028217343795820415,0.0018961209316477046,0.017987264694693472,0.01863009537175464
ETH_6259,ETH,Mota,1.335638,2.198798,2.256935,47182.0,54224.0,60069.0,0.10483980700081408,0.005233014783361911,0.02821288296272706,0.020685088595927326
ETH_6276,ETH,Moyale ,2.115158,2.264742,2.268492,32127.484,34057.0,36102.0,0.013760076466602378,0.00033094442882064534,0.011733044111267077,0.011730807304954016
ETH_6327,ETH,Mudula,0.712573,1.26104,1.365549,58510.0,74851.0,84658.0,0.12093363267389567,0.016051415465126118,0.05049381982480128,0.024929703221217014
ETH_6334,ETH,Muger,0.569152,0.760432,0.773493,23407.0,24973.0,28822.0,0.05965971374238266,0.0034117924305414604,0.013036264425759114,0.029083652643490554
ETH_6347,ETH,Muke Turi,0.647955,0.768554,0.772577,20041.0,21209.0,24243.0,0.034727301876412264,0.0010447159191890876,0.011393506105285,0.027101193506937404
ETH_6490,ETH,Nada,0.537075,0.681805,0.698113,14560.0,15118.0,17237.0,0.04887817549573037,0.004738649571200293,0.007549967175475292,0.026581581643469132
ETH_6647,ETH,Nefas Mewicha,0.438104,1.005187,1.030254,30700.0,32444.0,35932.0,0.18068468242198166,0.004938510428101006,0.01111185744930654,0.02063251457230786
ETH_6650,ETH,Negele,1.841855,2.201085,2.245012,56476.0,78828.0,97863.0,0.03627799308031521,0.003959908959125125,0.06896458126791738,0.0442094119935037
ETH_6652,ETH,Nejo,0.588648,0.733233,0.752548,25573.48,29722.0,34564.0,0.044906103473627335,0.005213796543406257,0.03052288324092234,0.030645219820825353
ETH_6654,ETH,Nekemte,4.375316,4.928956,5.017578,116365.0,148261.0,186213.0,0.024115886915756946,0.003570387951105536,0.04964129948213358,0.046638279239566094
ETH_6951,ETH,Obora,0.228645,0.256011,0.260546,14090.0,15912.0,18003.0,0.022867508613161336,0.0035179769643767234,0.024619826821970614,0.025000370265318095
ETH_6993,ETH,Ogolcho,0.229358,0.457542,0.459969,13267.0,13791.0,15695.0,0.14810977532589686,0.0010586423921481458,0.0077773792225643845,0.026202603918706435
ETH_7076,ETH,Olonkomi,0.412885,0.5197,0.529879,15807.696,18273.0,24180.0,0.04709171257862743,0.0038869258945608554,0.029409698906007975,0.05761910763885081
ETH_7330,ETH,Pigniwedo,0.284097,0.39614,0.400865,11343.0,11598.0,14019.0,0.06875069439759329,0.0023742196345086786,0.004456270951037622,0.038644166529926416
ETH_7425,ETH,Qericha,0.456238,0.707361,0.742934,40074.0,68765.0,78338.0,0.09166636940756834,0.009861521051608424,0.11404042602661302,0.026410311678097376
ETH_7426,ETH,Qersa,0.315011,0.345693,0.35268,14403.0,15646.0,17885.0,0.018762553366767243,0.0040100251746229,0.016693560964667675,0.027110392969348363
ETH_7439,ETH,Qoqa,0.399845,0.525309,0.545593,13382.0,18017.0,21337.0,0.05609900727027939,0.007606103691184307,0.06128564651225665,0.03440396298258941
ETH_7440,ETH,Qore,0.450032,0.529611,0.54086,13879.978,15790.0,18011.0,0.03310085315217015,0.0042123853626157,0.026121223820380957,0.026670632174428333
ETH_7516,ETH,Rim,0.202585,0.264618,0.287886,11896.0,13245.0,14531.0,0.054878447872313885,0.016998313109562346,0.02171601639485843,0.018705633945119482
ETH_7527,ETH,Rob Gebeya,0.31941,0.377684,0.384659,12189.0,19102.0,21808.0,0.03408446940715115,0.0036665775831314917,0.09401216883532793,0.026850927106687683
ETH_7529,ETH,Robe 1,4.132221,4.85249,4.895532,71515.0,98572.0,122425.0,0.032657305340069165,0.0017677560698863282,0.06628005344642407,0.04429526503985226
ETH_7530,ETH,Robe 2,0.946573,1.101556,1.116666,32583.0,39658.0,45724.0,0.0307907046593765,0.0027284623809893382,0.040082880370696516,0.0288751583302036
ETH_7532,ETH,Robit 2,0.336326,0.403418,0.411329,13035.571,14541.0,16277.0,0.037048257156606645,0.0038915797378278327,0.022098716693098375,0.022812478380034973
ETH_7533,ETH,Robit 1,0.205162,0.288585,0.300744,10090.0,11001.0,11960.0,0.07062003413013884,0.00828810465270946,0.01743857572885843,0.01685681351786039
ETH_7544,ETH,Ropi,0.089204,0.158562,0.160877,11674.0,11719.0,13334.0,0.12192275674943565,0.0029030885892500358,0.0007697580107242086,0.026157395172515363
ETH_764,ETH,Alkeso,0.15168,0.397878,0.410464,20170.0,23400.0,26634.0,0.21273055890202164,0.00624799811468435,0.030153617247428155,0.026228585217110467
ETH_7655,ETH,Sagure,0.924918,1.136002,1.150551,22724.0,36497.0,41931.0,0.04196989877467261,0.0025484171492304863,0.09939682241156444,0.02814794181319069
ETH_7762,ETH,Sanja,0.236862,0.261543,0.265634,10052.082,11175.0,12467.0,0.020022007020608967,0.003108965946038822,0.02140575807986722,0.022122351751799663
ETH_7808,ETH,Sawula,1.422796,1.922037,1.973326,85526.0,97899.0,118905.0,0.06199830023089281,0.0052808714773966425,0.027391619828609493,0.039643331649665825
ETH_7840,ETH,Seka,0.558215,0.659101,0.676156,20362.0,21097.0,23998.0,0.03378468406643309,0.005122481952295255,0.00711729472106426,0.02610279178248387
ETH_7847,ETH,Sekota,0.79168,0.827912,0.835367,35000.0,45405.0,58388.0,0.008990090038617504,0.0017944642682767853,0.05343350482924736,0.05158403446890425
ETH_7851,ETH,Selekileha,0.254023,0.27484,0.279879,16304.826,17513.0,18845.0,0.015877589591918984,0.003640261064159711,0.014399148142782536,0.01476883002674545
ETH_7863,ETH,Senbete,0.401115,0.499594,0.513303,18506.121,20192.0,25725.0,0.04488780902374567,0.005428791877359451,0.017589900596994168,0.04962752073065091
ETH_7864,ETH,Sendafa,2.166599,2.571181,2.598992,38233.0,47115.0,55751.0,0.0348343171866925,0.0021539867274449342,0.04266348331646763,0.03423371978033818
ETH_7869,ETH,Sengo Gebeya,0.123859,0.197085,0.206787,12193.0,13260.0,14400.0,0.09735008209987606,0.009657166422938568,0.016919534654565416,0.01663204204348334
ETH_7884,ETH,Seyo 1,1.296758,2.332047,2.39075,33279.0,51701.0,56282.0,0.12454197995935257,0.004984521919872531,0.09210836882816142,0.01712450046093883
ETH_7885,ETH,Seyo 2,0.232113,0.267806,0.274777,10713.963,12209.0,13948.0,0.029020833648244704,0.005152633757688374,0.026469360104666828,0.026990364606847006
ETH_7906,ETH,Shahura,0.333667,0.500358,0.515725,18083.147,19719.0,21568.0,0.08441001108755697,0.006068305106236238,0.01747131641275801,0.018087247588397082
ETH_7907,ETH,Shakiso,1.142936,1.269313,1.277245,28375.512,32852.0,38075.0,0.02119660697776049,0.0012466975492102517,0.029730606801196435,0.029948761183800965
ETH_7918,ETH,Shambu,1.119336,1.227251,1.24644,27410.0,37132.0,45768.0,0.01857868685097186,0.0031077750027550533,0.06259522809714668,0.042708031190254125
ETH_7945,ETH,Shashemene,8.815726,11.876703,12.024821,222324.0,336286.0,419609.0,0.061420723195327875,0.00248191086643601,0.08628676432736082,0.04526690823376378
ETH_7956,ETH,Shay Bench,0.275581,0.317705,0.329475,14058.713,15654.0,17492.0,0.02885685521814474,0.007301970165514149,0.021729547252906656,0.022451762347378557
ETH_7960,ETH,Shebe,0.263666,0.393667,0.402968,10993.0,23780.0,27104.0,0.0834652231652595,0.004681279122663806,0.1668609994735497,0.026512654733614305
ETH_7961,ETH,Shek,0.492079,0.699035,0.785042,22478.0,38298.0,43783.0,0.0727359074520646,0.023478665657332476,0.11245815901983702,0.027131111892497062
ETH_7967,ETH,Shendi,0.58715,0.712057,0.720358,31218.0,46001.0,50875.0,0.03932922397106253,0.0023207580539179595,0.08061860197761583,0.020345914509378504
ETH_7968,ETH,Shere Horera,0.030218,0.075826,0.080353,10217.0,11734.0,0.0,0.2020166569187345,0.01166515061889406,0.028074383780980483,-1.0
ETH_7969,ETH,Shewa Robit,1.121364,1.424066,1.432038,32635.0,34880.0,39039.0,0.0489546236952938,0.001117112359480421,0.013394567512644118,0.022785215583478458
ETH_7985,ETH,Shiraro,0.673875,0.888807,0.901402,25500.0,32837.0,41664.0,0.05692853777268114,0.002818206687778657,0.0518762720169208,0.04876816958084085
ETH_7987,ETH,Shire Enidasilase,2.036853,2.336851,2.382863,83027.0,103660.0,128670.0,0.02786071373331689,0.00390729552006408,0.04539007296546593,0.044174827662029736
ETH_8033,ETH,Side,0.170227,0.333064,0.340853,12009.0,12358.0,13690.0,0.14366768389217865,0.0046340311845110005,0.0057458962911896005,0.02068339957736587
ETH_8088,ETH,Sigmo,0.491411,0.575269,0.600746,11888.0,15895.0,18152.0,0.0320131224447584,0.008704557996683127,0.05981569596719449,0.026910962627640478
ETH_8098,ETH,Siltana,0.556223,0.63473,0.644612,16509.0,17895.0,20606.0,0.026757813468125002,0.003094553030752456,0.016253810552949055,0.028613923123335328
ETH_8122,ETH,Sire 2,0.386276,0.450159,0.457619,22069.0,23316.0,26836.0,0.031083037744189745,0.0032926301354823106,0.01105382932258192,0.02852001459142106
ETH_8123,ETH,Sire 1,0.52329,0.591619,0.60024,15100.0,17678.0,20478.0,0.0248491269977984,0.002897535488928682,0.032027420505417625,0.029842669074319206
ETH_8126,ETH,Siribo,0.426333,0.543427,0.565549,12195.0,20409.0,23213.0,0.04973203871121856,0.00801223913507676,0.10848031276965453,0.026081622119292325
ETH_8131,ETH,Sitir Dirma,0.022269,0.078164,0.081363,13014.0,13919.0,15004.0,0.2854678289846828,0.00805455291875834,0.013536624015868304,0.015125655948037942
ETH_8144,ETH,Sodo,34.940024,60.840836,71.812224,2261958.0,2878949.0,3701841.0,0.11731182418105512,0.03371457755549945,0.04942132943006894,0.051566538013654295
ETH_8155,ETH,Sokoru,0.393205,0.449375,0.464481,17050.0,17899.0,20543.0,0.02706510757353353,0.006634496359031239,0.009766310487751895,0.027938233402677204
ETH_8158,ETH,Solomo,0.401572,0.805333,0.853307,17207.0,32343.0,36845.0,0.14932383780610103,0.01163992932926683,0.134527502942553,0.026407110594853123
ETH_8226,ETH,Sululta,4.041992,5.097793,5.212467,39014.0,44071.0,50757.0,0.0475080023311909,0.004459023028630327,0.024675813180410344,0.028652315490601765
ETH_8380,ETH,Tapi,1.318065,1.372695,1.403951,53961.052,63190.0,73966.0,0.008155316652568745,0.004513042017056934,0.03208054009570205,0.03199300968470853
ETH_8422,ETH,Tebela,0.601404,0.781738,0.812013,22614.694,25293.0,28387.0,0.053850442482204164,0.007628289041156533,0.022637997923304676,0.023349144288418167
ETH_8454,ETH,Tercha,0.362577,0.472601,0.484839,19854.0,16254.0,18837.0,0.054432727258332925,0.005126173369205622,-0.03922333269754541,0.029936137295746956
ETH_8505,ETH,Tijo,0.288313,0.343827,0.347558,10245.0,11404.0,13103.0,0.0358458980010683,0.0021609181567250335,0.021666255090220465,0.028164741030499263
ETH_8506,ETH,Tikil Dingay,0.274886,0.36694,0.374961,14294.905,15637.0,17160.0,0.05946956885402632,0.004334099883246845,0.018109365572348324,0.018762075383319754
ETH_8509,ETH,Tilili,1.136848,1.527577,1.628672,46214.59700000001,51016.0,61384.0,0.06086504961723049,0.012898910183571255,0.01996541686732156,0.03769507668904781
ETH_8525,ETH,Tis Abay,0.202439,0.216791,0.219276,17841.476,18173.0,18344.0,0.013793291486520642,0.002282090918942048,0.0036890111020051464,0.001874869264954615
ETH_8545,ETH,Toba,0.351242,0.408215,0.417869,12446.0,12883.0,14772.0,0.03052018667533485,0.004685741891551576,0.006925738095601597,0.027742836648918523
ETH_8554,ETH,Toli Beyem,0.234636,0.348314,0.36654,13254.0,15271.0,17412.0,0.08221925543849662,0.010252860872301595,0.028736388957892656,0.02658812497557017
ETH_8573,ETH,Tora,0.391436,0.702534,0.712464,21487.0,40374.0,46191.0,0.12409060097522406,0.002811060830133494,0.13444958079779323,0.027285403050331114
ETH_8656,ETH,Tuche Angalo,0.11959,0.172062,0.17674,11835.0,12658.0,13645.0,0.07546930617753222,0.005379387044133432,0.013536435744301523,0.015130063396235238
ETH_8669,ETH,Tulu Bolo,1.050754,1.387624,1.409324,21300.0,36453.0,42438.0,0.057192686648528834,0.0031082656282630516,0.11345003799794329,0.030871009867982302
ETH_8687,ETH,Turre Wetera Elemo,0.008874,0.015046,0.017095,14144.0,16245.0,25371.0,0.11137424090567971,0.025863574506901132,0.028086114655996086,0.09326029054669771
ETH_8905,ETH,Wacha,0.211001,0.243296,0.257333,20100.0,26822.0,30354.0,0.02889271217206746,0.011281593970110748,0.059397686396298166,0.02504977424442134
ETH_8926,ETH,Togo Chale town ,0.0,0.536113,0.547144,16100.0,16636.0,17625.0,,0.0040817200493628025,0.006571447811354103,0.011616822592514398
ETH_8929,ETH,Waka,0.183504,0.282611,0.303411,19837.831,22967.0,26618.0,0.09020634496177315,0.014304732990165325,0.029726802069866665,0.02994546591473113
ETH_8954,ETH,Warder,0.496354,0.83049,0.857788,10078.232,10721.0,11412.0,0.10843077763069187,0.006489183037525992,0.012442083507098411,0.012570553151116437
ETH_8971,ETH,Wayu,0.35972,0.472083,0.486514,15063.0,15897.0,18407.0,0.055870740864340185,0.006040341855292342,0.010836091015420823,0.0297541896908895
ETH_8974,ETH,Wegada,0.507166,0.681104,0.690982,16100.0,19030.0,20670.0,0.060749070657285076,0.0028839030990666092,0.03400486578516726,0.016670770476294283
ETH_8975,ETH,Wegel Tena,0.734299,0.830806,0.841671,16870.791999999998,18364.0,20048.0,0.02500347442037243,0.0026019567514643516,0.017106342744961367,0.017702295056121864
ETH_8976,ETH,Weken,0.223,0.267687,0.272801,14610.0,14940.0,16534.0,0.037204717746507354,0.003792012380420262,0.004477183559513431,0.020482278311503288
ETH_8977,ETH,Welenchiti,0.823646,0.912068,0.917465,24425.0,24532.0,28524.0,0.0206041384414013,0.0011806731191499331,0.0008746202243761214,0.0306127106418137
ETH_8978,ETH,Weliso,3.315111,3.956388,4.048395,73107.0,105295.0,128553.0,0.036000965840871535,0.0046083898089572806,0.07569650418454543,0.04072237897933961
ETH_8979,ETH,Welkite,2.428063,2.8303,2.873264,70551.0,86622.0,111634.0,0.031132567859955884,0.003017734758066881,0.04189752552230441,0.05204339938630631
ETH_8986,ETH,Werabe,1.053184,1.842241,1.891762,18100.0,35605.0,39958.0,0.11832604178277961,0.005319278307523323,0.144897173113534,0.02333670223176365
ETH_8987,ETH,Were Ilu,0.546921,0.735624,0.745409,16826.461000000003,18544.0,20507.0,0.06107542972411495,0.0026462837240857073,0.019628877962767577,0.020327853790810257
ETH_8988,ETH,Were Mehamed,0.624245,0.774591,0.79656,36392.0,42609.0,48878.0,0.044103315446076596,0.0056091342074116035,0.03204606806392407,0.027832668329976773
ETH_8990,ETH,Wereta,1.015838,1.228926,1.255989,24493.387,27031.0,29936.0,0.038819888132858305,0.00436604207570257,0.01991188729219817,0.020625304204328065
ETH_8991,ETH,Wergesa,0.253997,0.320813,0.333172,15933.0,24066.0,26667.0,0.047815151921411614,0.007588744526920488,0.0859786099960298,0.02073745175728603
ETH_8996,ETH,Wetet Abay,0.286779,0.380944,0.398594,21106.0,21460.0,23542.0,0.058431504658533084,0.009099344053472791,0.0033322149163397263,0.018691605889194163
ETH_9009,ETH,Woldiya,2.247312,2.731213,2.77168,72300.0,93844.0,120707.0,0.03977277062632778,0.0029458909716921777,0.05354633999780534,0.05163538123555411
ETH_9013,ETH,Wonji Gefersa,0.89598,0.973214,0.987461,27005.0,33106.0,0.0,0.016674677072815447,0.002910829458157016,0.04157969700408959,-1.0
ETH_9014,ETH,Wonji Shewa Sugar Cane Plantat,0.293828,0.305821,0.308047,23159.0,29086.0,34212.0,0.008033174450892577,0.0014515335089140269,0.046629181728111924,0.03299660149251071
ETH_9018,ETH,Wuchale,0.34739,0.453168,0.466225,15183.0,22641.0,24616.0,0.05460149942213999,0.005697254486546122,0.08319738411662847,0.016867520117314072
ETH_9021,ETH,Wukro,1.286481,1.437478,1.460699,51476.0,65194.0,81412.0,0.022444083186455632,0.003210121248396147,0.04838444148018284,0.04543288998246786
ETH_9036,ETH,Yabelo,0.966415,1.245718,1.271155,26729.0,41511.0,48167.0,0.052085937041700614,0.004050956126590455,0.09203384104509871,0.03018988269728018
ETH_9038,ETH,Yachiaurache,0.095213,0.15603,0.160992,10627.0,18171.0,20779.0,0.10383045409440683,0.0062809183318988104,0.11325237304585833,0.027186168821087486
ETH_9062,ETH,Yaya,0.29872,0.356222,0.372599,15118.557,16385.0,20408.0,0.03583668395634687,0.009030257429592181,0.01621879003165838,0.04489054649790658
ETH_9063,ETH,Yayu,0.369178,0.425993,0.442484,22213.0,24029.0,27774.0,0.029042543319473424,0.007625203194564056,0.015840903886424673,0.029391426340263038
ETH_9064,ETH,Yebokila,0.172841,0.294347,0.30223,11851.911,12742.0,13725.0,0.11235284187861239,0.005299789147723777,0.014588286011447682,0.014974077481235248
ETH_9068,ETH,Yejube,0.556768,0.746494,0.765806,22610.248,24505.0,26629.0,0.06040168946680646,0.005121328302550188,0.01622500343024158,0.016763693701501436
ETH_9075,ETH,Yenache,0.156415,0.34483,0.3714,27236.441000000003,29462.0,34921.0,0.17129240884242258,0.014956364968348401,0.015833132111448434,0.03458193130673726
ETH_9078,ETH,Yezeleka,0.307204,0.472526,0.486634,16438.0,19384.0,21775.0,0.08993291662955971,0.0059012498975197225,0.03351999947050133,0.023535599715320377
ETH_9083,ETH,Yirga Chefe,1.668296,2.390892,2.715845,271222.0,306130.0,346811.0,0.07462606479961997,0.025814903117869603,0.024509985057608263,0.025267980620375052
ETH_9162,ETH,Zeway/Batu,2.172187,7.189863,7.237116,86784.0,108568.0,134207.0,0.27047077992587365,0.0013109920371920936,0.0458091441055839,0.043313113715117924
GAB_1957,GAB,Bitam,0.759453,0.92221,0.923015,32651.0,33565.0,37115.0,0.03959883712888379,0.0001745197020877054,0.005536947396846736,0.020310985564590656
GAB_3277,GAB,Franceville,4.789738,5.695555,5.734597,111979.0,132876.0,151034.0,0.03524909233444218,0.0013672201512797688,0.034813277012175625,0.025948676820787497
GAB_3344,GAB,Gamba,0.768194,1.103494,1.105695,10880.0,12566.0,13895.0,0.07512711016583506,0.0003985968344155655,0.029232833120529156,0.020310366447197525
GAB_5015,GAB,Koulamoutou,1.091459,1.554468,1.566624,28121.0,30810.0,34069.0,0.07328453580434324,0.0015591383396686975,0.01843235367966911,0.020313275985598178
GAB_5209,GAB,Lambaréné,1.978904,2.306768,2.329394,42408.0,46617.0,51548.0,0.03113573582890572,0.001954054136375838,0.019105876865938676,0.020313186943961004
GAB_5232,GAB,Lastoursville,0.454967,0.607337,0.608798,12868.0,14402.0,15925.0,0.05947318311788519,0.00048065446450928917,0.022780291708462075,0.020308082264171468
GAB_5271,GAB,Libreville,56.72744,62.31468,62.822144,885670.0,996857.0,1114617.0,0.018965398725942606,0.0016234344895658115,0.023934522530120406,0.022582979869610442
GAB_5573,GAB,Makokou,1.079037,2.093081,2.094831,21883.0,24832.0,27458.0,0.1416945810356578,0.00016716171345443342,0.02560697993064509,0.020308348532588782
GAB_6173,GAB,Moanda,2.532577,2.789665,2.796829,63177.0,71089.0,78609.0,0.019524998520038972,0.000513083278008919,0.023879107391846732,0.020314299611819964
GAB_6265,GAB,Mouila,2.90996,3.411371,3.44031,40192.0,43343.0,47928.0,0.03230584602400666,0.0016908920133287264,0.015209960358118169,0.02031452151358315
GAB_7040,GAB,Okondja,0.668156,0.735437,0.746325,12038.0,12961.0,14332.0,0.019373925413072257,0.0029435802118140675,0.014885001503021966,0.02031355834783022
GAB_7246,GAB,Oyem,3.110587,3.93783,3.94762,67724.0,72946.0,80662.0,0.04829357046460059,0.0004967344334245727,0.014966659148357708,0.020313189440325674
GAB_7363,GAB,Port-Gentil,10.356133,12.223584,12.314148,143682.0,164036.0,185490.0,0.03371350080282354,0.001477419275226044,0.026850836396647537,0.024887664794277065
GAB_8415,GAB,Tchibanga,2.11663,2.261834,2.269062,32883.0,36093.0,39911.0,0.013358596780966847,0.0006383119583870389,0.018803222103130013,0.0203141875555235
GHA_1141,GHA,Amanten,0.561615,0.747954,0.755185,13522.0,15679.0,17683.0,0.05897873208448878,0.0019261072839209525,0.030043309835962484,0.0243479847427428
GHA_1223,GHA,Kilkor,5.280286,5.86209,5.941478,28397.0,36100.0,0.0,0.02112523056500404,0.002693967963666166,0.049172619280217766,-1.0
GHA_1224,GHA,Anloga,6.307833,7.828061,7.863254,71183.0,85705.0,90239.0,0.04413054998630073,0.0008975372730775089,0.037829411946317615,0.010363440125222168
GHA_1245,GHA,Anyiman,0.99058,1.298344,1.315996,17448.0,21814.0,22566.0,0.05560161018445653,0.002704487967732039,0.04567790427773022,0.0068015025121057615
GHA_1251,GHA,Apam,0.904687,1.899906,1.939409,27347.0,44345.0,44345.0,0.15996998820260222,0.004124256679577387,0.10150632106165358,0.0
GHA_1252,GHA,Apedwa,0.654216,0.708508,0.720911,12661.0,12517.0,12517.0,0.01607255161231591,0.003476898331040257,-0.0022851215638680644,0.0
GHA_1307,GHA,Asamankese,2.680207,3.867284,3.942452,52208.0,63864.0,64915.0,0.07608739903017314,0.003857503667207718,0.04112724594344552,0.003269914438120969
GHA_1308,GHA,Asankragwa,1.176347,1.37559,1.409622,23937.0,27090.0,30921.0,0.03178856913757944,0.004899735306185482,0.025056625464993987,0.026807199649381053
GHA_1309,GHA,Asanwinso,1.19464,1.263049,1.28337,16009.0,16985.0,17128.0,0.011198995335452766,0.003197258666925995,0.011906229022334847,0.001678196533289933
GHA_132,GHA,Abuesi,0.823494,0.956464,0.967453,20175.0,27006.0,0.0,0.030390006301196815,0.002287350796463583,0.060057307006792016,-1.0
GHA_1344,GHA,Assin Foso,2.692073,3.672403,3.73773,42212.0,47976.0,47976.0,0.0640761282620228,0.0035326770654171558,0.025929744247235487,0.0
GHA_1348,GHA,Asuom,0.837886,0.943283,0.953289,14238.0,14593.0,14593.0,0.023979859659536418,0.002112581745524311,0.004937653231165351,0.0
GHA_1355,GHA,Atebubu,2.950297,3.901968,3.965029,45424.0,55723.0,64052.0,0.05750783363011247,0.0032115716437204345,0.04171717117473417,0.0282521849768671
GHA_139,GHA,Abura Dunkwa,0.786701,0.823202,0.837734,11225.0,11719.0,11719.0,0.009111935534128479,0.0035059341801022548,0.008650808364112361,0.0
GHA_1414,GHA,Axim,0.720914,0.913654,0.918932,23255.0,34492.0,40836.0,0.04852710109639946,0.001152700281220831,0.08203275226620943,0.034343914250476226
GHA_145,GHA,Accra,357.26928,392.98784,395.840384,4452483.0,4697074.0,5428055.0,0.019240535933661596,0.0014475245292833172,0.010752970774373871,0.029350707687243016
GHA_1464,GHA,Badu,0.821131,0.860508,0.879336,16200.0,18455.0,20457.0,0.009412068392822492,0.00433821586669958,0.02640747686824496,0.020811559131549418
GHA_152,GHA,Ada Foah,0.854588,1.155602,1.157461,12644.0,13237.0,20524.0,0.06220978775242969,0.00032153023876446696,0.009208771087038103,0.09167782186546924
GHA_168,GHA,Adeiso,0.64286,0.771996,0.788945,16790.0,17656.0,17677.0,0.03728889685173842,0.0043528946951516545,0.010109195709425256,0.00023776638180850185
GHA_1730,GHA,Bawjiase,1.104087,1.612419,1.636462,19889.0,39703.0,0.0,0.0786857018774807,0.0029645974600631675,0.1482648619852207,-1.0
GHA_1731,GHA,Bawku,3.926801,7.503065,7.742294,66354.0,92950.0,99623.0,0.13825603913051876,0.0062970279184262345,0.06973561993354593,0.013962852103822865
GHA_1749,GHA,Bechem,1.333569,1.473652,1.496399,17995.0,19467.0,19932.0,0.0201778484869517,0.003068273864618165,0.0158496506428929,0.004732313416057288
GHA_1758,GHA,Begoro,1.419913,1.58787,1.612603,22556.0,23001.0,23001.0,0.022611427627983183,0.003096012401795578,0.003914960976826087,0.0
GHA_1835,GHA,Berekum,8.317443,10.149835,10.330473,111449.0,112458.0,117036.0,0.04062398068716555,0.0035343555266118543,0.0018041718524830497,0.00801228012090327
GHA_1848,GHA,Besease,0.617902,0.651698,0.65597,15158.0,13762.0,13762.0,0.010707195221772547,0.0013076125315527598,-0.01913795372971472,0.0
GHA_187,GHA,Adina,0.444313,0.686751,0.699187,12108.0,13230.0,0.0,0.09099323098360679,0.003595739291922584,0.017882121677250007,-1.0
GHA_1870,GHA,Bibiani,2.145286,2.361653,2.39506,26939.0,31378.0,35329.0,0.019403634399876912,0.0028132468041404124,0.03097647995563646,0.024002972249529853
GHA_1905,GHA,Bimbilla,2.01027,2.39228,2.410171,38099.0,42550.0,47463.0,0.03540801760076362,0.0014912734937351235,0.022344341393409684,0.02209467146953914
GHA_1987,GHA,Bodomase,0.712541,0.788233,0.802385,11302.0,11178.0,11178.0,0.020396477719221817,0.0035653028506346107,-0.0022039956988915144,0.0
GHA_1999,GHA,Bogoso,1.544415,1.975621,2.030213,12860.0,15658.0,18019.0,0.05048032955588222,0.005466473809435879,0.040157402163315314,0.028487172155829743
GHA_2020,GHA,Bole,1.652033,2.067738,2.077642,14997.0,23310.0,29262.0,0.045912511462582906,0.0009561249226788249,0.0922135910431412,0.046531600253851835
GHA_2021,GHA,Bolgatanga,5.748284,15.640072,16.390669,74497.0,112835.0,207681.0,0.22163117284193312,0.00941925876598404,0.08657825579318779,0.12977142646192785
GHA_203,GHA,Adoagyiri,1.221122,2.312468,2.386448,21205.0,33890.0,0.0,0.13622236939162335,0.006318018111482804,0.09831435127927701,-1.0
GHA_2052,GHA,Bonyere,0.422768,0.639413,0.653376,12076.0,10690.0,10690.0,0.08626521081404492,0.004329786469416952,-0.024087411322916585,0.0
GHA_2161,GHA,Breman Brakwa,0.495716,0.572939,0.574932,10491.0,11425.0,11757.0,0.029378492050153637,0.0006947450494694252,0.017203543361702156,0.0057454161773988766
GHA_2162,GHA,Breman Odoben,0.52424,0.560785,0.570378,10993.0,11972.0,12320.0,0.013568830860998471,0.0033981027193177304,0.01720877045106972,0.005747125344539361
GHA_2163,GHA,Brenan Asikuma,1.022985,1.102775,1.113464,16589.0,18066.0,18592.0,0.015134363177456978,0.0019310914323154016,0.017204703704062574,0.005756437364319078
GHA_2194,GHA,Buipe,0.601918,1.417183,1.432069,14564.0,18340.0,22034.0,0.18680050008349647,0.0020920158744635042,0.047185770417894624,0.0373822260489467
GHA_2235,GHA,Bunkpurugu,0.841881,1.406575,1.442509,11422.0,12512.0,12933.0,0.10810888510788175,0.0050580061763225714,0.01839654197876639,0.006640752790290749
GHA_229,GHA,Afosu,1.221549,1.348237,1.37544,17086.0,17665.0,17665.0,0.019931652305199554,0.004003164717752972,0.006687434915214396,0.0
GHA_2334,GHA,Cape Coast,8.667092,11.292983,11.452913,217377.0,233228.0,238363.0,0.05435546529463009,0.002816468564202701,0.01417621133832303,0.004365140777255139
GHA_2363,GHA,Chamba,0.440083,0.564806,0.571025,13948.0,13956.0,15567.0,0.051169961364206706,0.0021925365371939787,0.00011468547810133956,0.0220891850054854
GHA_2439,GHA,Chiraa,1.553015,1.673794,1.721048,17200.0,25293.0,0.0,0.015091687190588399,0.005583631012547885,0.08017564131225652,-1.0
GHA_2569,GHA,Dambai,1.348552,1.784229,1.796903,27482.0,26402.0,26402.0,0.05758815798236827,0.0014166501706087686,-0.00798623522293751,0.0
GHA_2577,GHA,Damongo,1.508524,1.711808,1.727855,24065.0,31057.0,36647.0,0.02560602985685767,0.001867868883111079,0.05233672574816994,0.033655417651352826
GHA_265,GHA,Agogo,1.936276,2.030899,2.061305,39427.0,44296.0,47841.0,0.009588076182212912,0.002976566244042189,0.023562003078087645,0.015516882365121276
GHA_267,GHA,Agona,0.914739,1.09774,1.134583,13984.0,16054.0,17577.0,0.03714734222863436,0.006624175775839403,0.027993500106352265,0.018291922579899644
GHA_268,GHA,Agona Kwanyako,0.417092,0.579354,0.595357,12241.0,12450.0,0.0,0.06792912262074857,0.0054643827553158,0.00339166869948504,-1.0
GHA_269,GHA,Agona nkwanta,1.149016,1.681059,1.724578,16276.0,19854.0,22863.0,0.07907436652280508,0.005124773138527106,0.04054308461959577,0.028624915748592494
GHA_2696,GHA,Derma,0.656337,0.711959,0.721108,10906.0,11799.0,12081.0,0.016402253690068536,0.002556982024270571,0.01586486876119597,0.004735012594386356
GHA_270,GHA,Agona Nsaba,0.447831,1.061665,1.075698,10438.0,20134.0,20892.0,0.18843290899727538,0.0026297161944259795,0.14041403722531332,0.0074186593604732565
GHA_271,GHA,Agona Nyakrom,0.516579,0.805536,0.840909,20521.0,21995.0,23253.0,0.09292319080247502,0.008632155072251013,0.013969961079679738,0.01118589974642914
GHA_2715,GHA,Diare,0.475393,0.54693,0.552006,15203.0,15565.0,16853.0,0.028432500228436464,0.001849326358624337,0.0047174979400983474,0.016027865770921856
GHA_272,GHA,Agona Swedru,5.582142,8.789796,8.914667,101476.0,147959.0,181681.0,0.095054119126605,0.0028252624736528897,0.0783397374907342,0.04191820140750657
GHA_2845,GHA,Dompoase,0.805839,0.891876,0.908362,12456.0,13187.0,13881.0,0.020495840946946453,0.003669891240672074,0.011471106544068688,0.01031069317477118
GHA_2861,GHA,Dormaa Ahenkro,3.632603,4.914262,5.033093,41332.0,48803.0,52106.0,0.06230218292765932,0.004790059015847614,0.033789269031458735,0.01318381388846479
GHA_2887,GHA,Drobo,2.384748,2.77342,2.80878,28047.0,35886.0,37666.0,0.030658121859270304,0.002537014727382436,0.050528230759669945,0.009729140027543881
GHA_2891,GHA,Duadaso No.2,0.568755,0.62847,0.634614,14221.0,18050.0,20660.0,0.02016839473955967,0.0019476233298032497,0.048840415668228276,0.027378852967571143
GHA_2893,GHA,Duayaw Nkwanta,1.717203,1.922936,1.958224,19921.0,20577.0,21603.0,0.02288930623390284,0.0036435727906640736,0.006500939064354672,0.009779155829856112
GHA_2913,GHA,Dunkwa-on-Offin,2.26933,3.075787,3.126471,36479.0,50297.0,58963.0,0.06270254469086067,0.003274166203431461,0.06635014295977082,0.03230373340508397
GHA_2932,GHA,Dzemeni,0.706411,0.806411,0.814173,10460.0,12148.0,13084.0,0.026832954019681665,0.0019177036534931968,0.030373355582667294,0.014955848465150856
GHA_2933,GHA,Dzita Agbledomi,0.626647,0.725361,0.729107,11079.0,11573.0,12185.0,0.029689412653305824,0.0010307379819407547,0.008762845770055261,0.01035946921115749
GHA_2934,GHA,Dzodze,2.441931,2.880216,2.916981,31659.0,32964.0,0.0,0.033566284795607526,0.0025399975393090024,0.008111438603662258,-1.0
GHA_2989,GHA,Ejura,2.731386,3.281461,3.338975,37408.0,53745.0,64395.0,0.03737752242134307,0.003481069620359989,0.0751640029499514,0.03681868700375501
GHA_30,GHA,Abetifi,0.745245,1.288744,1.326385,11733.0,14710.0,14710.0,0.11576701166474335,0.0057744272740083424,0.04626264632284616,0.0
GHA_3085,GHA,Elmina,1.347636,1.96171,1.987018,31884.0,38666.0,40176.0,0.07798431156483843,0.002566985189358384,0.039324797221296004,0.0076912552140828705
GHA_3087,GHA,Elubo,0.472746,0.542621,0.549572,16769.0,14845.0,14845.0,0.027954156433582567,0.002548981432895392,-0.02407912554424907,0.0
GHA_3106,GHA,Enchi,0.742564,1.137213,1.18199,13125.0,17290.0,17563.0,0.08898421599490236,0.0077536906532680305,0.05666941297059558,0.0031381370236969186
GHA_3142,GHA,Esiama,0.489145,0.931426,0.969608,12885.0,17599.0,19928.0,0.13747575259697453,0.008067391636035648,0.06434080770875616,0.02516824352202618
GHA_3345,GHA,Gambaga,0.62714,0.727448,0.749012,10413.0,14309.0,16933.0,0.030119220422815562,0.005859597858586918,0.06563060028502066,0.034248560110227144
GHA_3544,GHA,Goaso,1.865394,2.345114,2.413071,25139.0,25165.0,26804.0,0.04683606614368774,0.005729590750774616,0.00020676439376576816,0.012699358576700348
GHA_3677,GHA,Gushiegu,1.029071,1.249888,1.283959,23923.0,27654.0,31334.0,0.039645197566303025,0.0053933572661648554,0.029410191626262128,0.025301460753194727
GHA_3717,GHA,Half Assini,0.779696,0.856525,0.876145,19092.0,16901.0,16901.0,0.018973635666272415,0.0045398935236906635,-0.024084546148637087,0.0
GHA_379,GHA,Aiyinase,1.288072,1.364451,1.386437,16050.0,20484.0,23195.0,0.011587748409000787,0.003202115244140158,0.04999672887229045,0.02517007834756435
GHA_3795,GHA,Hemang,0.696632,0.888643,0.907786,10987.0,13463.0,14303.0,0.04989237315033579,0.00427171546595595,0.041483860558610086,0.012178384595839864
GHA_3819,GHA,Ho,9.164663,12.637794,12.964758,135349.0,135844.0,135844.0,0.06637745408223439,0.005121652050060543,0.0007303747451732345,0.0
GHA_3820,GHA,Hohoe,3.460469,4.521664,4.586295,79064.0,66129.0,66129.0,0.054951915046764555,0.002842520499398038,-0.0350992708156429,0.0
GHA_399,GHA,Akatsi,2.518598,3.036862,3.066252,33147.0,32416.0,32416.0,0.038133583466469556,0.0019281010810958676,-0.004450086238998896,0.0
GHA_405,GHA,Akim Achiase,1.147913,1.247549,1.262025,24843.0,20575.0,20575.0,0.016786397525691,0.0023100134431333075,-0.036998062487597294,0.0
GHA_406,GHA,Akim Akroso,0.678105,0.825649,0.839522,14865.0,16587.0,18998.0,0.04015893137446103,0.0033381469458277913,0.022164011591152777,0.02751461475076611
GHA_409,GHA,Akim Oda,3.985872,5.120339,5.219316,58080.0,72786.0,106392.0,0.051368772180367284,0.003836482737128666,0.046174786617761976,0.07887771861859139
GHA_410,GHA,Akim Swedru,0.981206,1.385911,1.421105,23557.0,23988.0,0.0,0.07150704130812469,0.005028008798364292,0.0036327202107153678,-1.0
GHA_416,GHA,Afrancho,1.835084,2.055918,2.101483,20122.0,25859.0,46992.0,0.022986654367880277,0.004393788997399062,0.05144876757578554,0.12689237581247625
GHA_4166,GHA,Jacobu,0.675529,0.70039,0.706587,10784.0,10980.0,10980.0,0.007254433857105669,0.001763355694320845,0.00360887273851751,0.0
GHA_4183,GHA,Jamasi,0.820545,1.158734,1.196655,12968.0,15950.0,17463.0,0.07146075714071709,0.006461211077381401,0.04226351930079275,0.018290362192400433
GHA_4187,GHA,Jasikan,1.011991,1.19583,1.222604,13849.0,19272.0,22445.0,0.03394766995991261,0.004438321375102472,0.0683207759883766,0.030952282660549724
GHA_419,GHA,Akosombo,1.011297,1.058364,1.083723,18560.0,18992.0,18992.0,0.009139644634559296,0.004746833824108787,0.004612426745835174,0.0
GHA_4217,GHA,Jirapa,1.576662,2.151381,2.165368,14518.0,14884.0,14884.0,0.06413259392260051,0.001296912744339851,0.004991928689783931,0.0
GHA_4230,GHA,Juapong,1.334356,1.751736,1.767625,19942.0,21728.0,23424.0,0.05594035697763933,0.0018075399178554274,0.017302725733234103,0.015145424175406985
GHA_4283,GHA,Kade,1.986271,2.102658,2.134595,30437.0,31948.0,31948.0,0.011453746992464264,0.0030194843795356974,0.009737222733636086,0.0
GHA_4287,GHA,Kadjebi,0.584376,0.904467,0.935953,12004.0,14226.0,15406.0,0.09128973701963616,0.006867361245280312,0.034549710515743515,0.01606482730559211
GHA_430,GHA,Akwatia,1.923951,2.228234,2.285552,33697.0,33142.0,33142.0,0.029801115518441668,0.0050925687082490345,-0.003315980436019328,0.0
GHA_44,GHA,Abofour,1.097246,1.168021,1.19405,11339.0,17310.0,21414.0,0.012579962226636265,0.004417734834838205,0.08828955881260958,0.04347042906326504
GHA_4554,GHA,Karaga,0.455859,1.040327,1.065629,17194.0,22333.0,25906.0,0.17941831426587007,0.004817597152136033,0.05369283936771008,0.03012673604283278
GHA_4616,GHA,Kasseh,1.070811,1.686738,1.71985,15676.0,17815.0,17913.0,0.09513323994873502,0.003895686836496992,0.025912010930545737,0.001097783558776655
GHA_4715,GHA,Kenyasi 2,1.72671,2.046561,2.096535,19772.0,23112.0,26366.0,0.034572804188069295,0.004836690907217944,0.03170939513593196,0.026694755949698612
GHA_4733,GHA,Kete-Krachi,1.199107,1.367842,1.373367,11292.0,12235.0,13199.0,0.026681175780493227,0.0008065397788108442,0.016170588674205844,0.015283693524963615
GHA_4779,GHA,Kibi,1.554269,1.921579,1.973999,20951.0,20715.0,20715.0,0.04334133068778412,0.005397351609573109,-0.002263095807855442,0.0
GHA_4859,GHA,Kintampo,4.16521,5.043753,5.157881,52017.0,62622.0,72281.0,0.03901874221837898,0.004485105794165278,0.03780635676817923,0.029104420477380266
GHA_4943,GHA,Koforidua,15.490508,18.169006,18.501968,201417.0,223539.0,237544.0,0.032412137337118896,0.003638589543488502,0.021060406945310195,0.012227547399699557
GHA_4971,GHA,Komenda,0.539579,0.656343,0.661197,18670.0,19262.0,20014.0,0.0399564761879907,0.0014747484896933116,0.0062627868686555566,0.007688966553275556
GHA_4988,GHA,Konongo,3.786065,5.597765,5.707427,46643.0,70382.0,77189.0,0.08134759661484803,0.003887717286591652,0.08576296915405801,0.018635393672050027
GHA_5039,GHA,Kpandai,0.788173,0.938472,0.944308,11183.0,12433.0,12992.0,0.03552348593695376,0.0012406416355794647,0.021418034767286542,0.008834708785919299
GHA_5041,GHA,Kpandu,2.641304,3.243116,3.276404,31749.0,33441.0,33781.0,0.04190667115089286,0.0020444637670786747,0.0104383965408692,0.0020252124143593786
GHA_5042,GHA,Kpassa,1.288683,1.721459,1.749249,18646.0,33891.0,45912.0,0.059619926676996116,0.0032080078580376536,0.12693726644586723,0.06259646223212534
GHA_5112,GHA,Kumasi,155.815328,195.48896,198.060512,2802343.9999999995,3227994.0,3644209.0,0.046411277636678516,0.0026171573771318624,0.02868463875691707,0.024552250249298524
GHA_5113,GHA,Kumawu,0.59993,0.680235,0.689374,13300.0,13153.0,13153.0,0.025443363672527974,0.002672687821689168,-0.002220364484092463,0.0
GHA_5156,GHA,Kwame Danso,1.080758,1.333651,1.364878,18255.0,18574.0,19824.0,0.04294821991836506,0.004639680797810852,0.0034707568254686016,0.0131113237140843
GHA_5157,GHA,Kwamekrom,0.552565,0.644073,0.648797,10329.0,10984.0,11097.0,0.031122691147262627,0.001462629631245882,0.012372756074532143,0.002049123199870717
GHA_5226,GHA,Larteh,0.458101,0.468912,0.472317,11251.0,11597.0,12066.0,0.004675985209805944,0.0014480980322726378,0.0060762721772045225,0.007960545192284618
GHA_5316,GHA,Lome/Aflao/Tokor [GHA] 2,4.393657,4.90517,4.923334,84649.0,112174.0,337992.0,0.022269921739175302,0.0007395117753654645,0.05792303855528824,0.24681736675541566
GHA_5466,GHA,Mafi Kumase,0.566823,0.789764,0.798713,14222.0,16656.0,19017.0,0.06858721497541476,0.002256044163784221,0.03210054545726049,0.026867145473546072
GHA_5630,GHA,Mampong,3.744098,4.240229,4.309852,42782.0,53118.0,70246.0,0.025199582988506775,0.0032625681396307726,0.04422990433342644,0.05748928832849254
GHA_5668,GHA,Mankesim,5.285326,6.107808,6.18918,110072.0,115754.0,124937.0,0.029349171554866604,0.0026504369169813025,0.01011734825569821,0.015385630768315117
GHA_5952,GHA,Mepe,1.171207,1.759278,1.769559,25528.0,25680.0,27684.0,0.0847762356786419,0.0011660523887846441,0.001188023110191505,0.01514192472243936
GHA_6166,GHA,Mmem,1.161404,1.955674,1.999434,28560.0,31156.0,33185.0,0.10984576430968884,0.0044356584291336265,0.017552201920387533,0.012698170409157328
GHA_6290,GHA,Mpohor,0.399936,0.56736,0.580603,11755.0,13062.0,14012.0,0.07244157811451091,0.004625302996183356,0.02130958831147911,0.014140413841410293
GHA_6517,GHA,Nalerigu,1.421825,1.649387,1.663829,17189.0,22532.0,26664.0,0.03013770677765648,0.0017450947012338514,0.055625387158311224,0.03424900467469527
GHA_6571,GHA,Navrongo,3.645973,7.9912,8.257883,39498.0,44787.0,44787.0,0.16992954971332774,0.006587064517697749,0.025452087374867594,0.0
GHA_6671,GHA,New Ebiduase,0.909421,0.992041,1.00657,13401.0,13901.0,14563.0,0.017543369242683626,0.0029121026618090795,0.0073531927118262175,0.009348079996874592
GHA_6675,GHA,New Tafo,3.635378,4.661168,4.73496,53256.0,61282.0,61282.0,0.050966895379172206,0.0031463831780553786,0.028472958441636997,0.0
GHA_6789,GHA,Nkawkaw,5.616992,6.527191,6.662495,60869.0,88653.0,104922.0,0.030491711977951974,0.00411190211372392,0.07810101258729119,0.03427165995933512
GHA_6791,GHA,Nkenkaasu,0.780687,0.825036,0.83494,11050.0,14040.0,16274.0,0.011111826886740506,0.002389418969390489,0.04906154108866634,0.029972052867783816
GHA_6803,GHA,Nkoranza,3.401373,3.659629,3.711106,35593.0,38986.0,40294.0,0.014744158879184566,0.0027975396803112673,0.018377549967381057,0.0066218213856394925
GHA_6808,GHA,Nkrankwanta,0.794639,0.886821,0.898416,10836.0,10874.0,10874.0,0.022193743720970716,0.002601388673551197,0.0007003840546264684,0.0
GHA_6811,GHA,Nkwanta,1.401818,1.684433,1.710752,24262.0,26863.0,27987.0,0.037414757814766775,0.0031056187262075152,0.020576544129292884,0.008231744324218138
GHA_6812,GHA,Nkwatanum-Essiam,0.775968,0.814949,0.822424,15929.0,14462.0,14462.0,0.009851055801735953,0.0018277768632686264,-0.019137866030872863,0.0
GHA_6813,GHA,Bepong,3.245557,3.537979,3.638968,28205.0,30450.0,31124.0,0.017403440652013602,0.005644764945288427,0.015435257190399732,0.0043882465985130015
GHA_6862,GHA,Nsawkaw,0.592417,0.796818,0.823824,10177.0,11418.0,12657.0,0.061075592451324434,0.006688391752754708,0.023278979542156186,0.020817597973249224
GHA_6868,GHA,Nsuatre,1.5581,1.792028,1.821106,17451.0,23981.0,28637.0,0.028371169650591055,0.003224401112883246,0.06563725243536145,0.03612474577786662
GHA_6870,GHA,Nsuta,0.878217,0.990711,1.00415,10930.0,11148.0,0.0,0.024398724570338537,0.0026983990034858962,0.0039575720740840925,-1.0
GHA_6922,GHA,Nyinahin,0.834731,0.901228,0.922436,10719.0,12262.0,13544.0,0.01544785547675076,0.004662780899389984,0.027262437550731544,0.020086797330743922
GHA_6948,GHA,Obogu,0.540425,0.622988,0.635665,10256.0,10652.0,10652.0,0.0288423910165303,0.004037014487094703,0.007605731303899743,0.0
GHA_6952,GHA,Obuasi,9.635115,10.602515,10.732696,173463.0,184901.0,193789.0,0.019319655090206833,0.002443690177673874,0.012853145949097478,0.009434101534428363
GHA_6975,GHA,Offinso,3.47668,4.38441,4.504616,37559.0,59753.0,0.0,0.04748855877967206,0.005424174178736418,0.09730949909632325,-1.0
GHA_7065,GHA,Old Debiso,1.062284,1.141188,1.166718,11519.0,13424.0,14828.0,0.014432865980413379,0.00443477540042525,0.031082540752518373,0.020093844129633442
GHA_7287,GHA,Parambo,0.594633,0.734048,0.739107,11744.0,13553.0,15068.0,0.04302589445670746,0.0013745997278156175,0.029067539376471885,0.021419241036379155
GHA_7298,GHA,Peki-Tsame,0.91486,1.377958,1.406611,14900.0,19633.0,21146.0,0.08536613839565743,0.004124597226641713,0.05672037097173255,0.014958563658590052
GHA_7378,GHA,Prestea,1.328387,1.518365,1.539733,35223.0,44774.0,51527.0,0.027094286837174852,0.0027988949616171155,0.04915561777194877,0.02849407128475101
GHA_7687,GHA,Salaga,1.805165,2.129761,2.145707,28665.0,31878.0,33318.0,0.0336244958397367,0.0014929803770185046,0.021475192961009526,0.008875490611727432
GHA_7723,GHA,Sampa,1.098101,1.286981,1.308015,17179.0,20976.0,24010.0,0.032252562519408556,0.003247573049781849,0.04074649973723066,0.027386600316718024
GHA_7725,GHA,Samreboi,0.759723,0.914601,0.923443,15113.0,17872.0,20399.0,0.037803854745165344,0.0019260868120414276,0.03410465877471336,0.02680303679418783
GHA_7805,GHA,Savelugu,2.06139,2.621384,2.671266,35501.0,38962.0,42188.0,0.04923820521230682,0.0037771344129589046,0.018779344333720305,0.01603703640972798
GHA_7829,GHA,Sefwi Bekwai,1.128878,1.322832,1.370045,11498.0,14164.0,16937.0,0.03221825775262577,0.007038392484222555,0.04258800188854428,0.0364064661467669
GHA_7830,GHA,Sefwi Wiawso,1.613052,2.543777,2.61461,29233.0,37774.0,40975.0,0.0953833458570228,0.005508106626908704,0.05260133837111547,0.016401265832844958
GHA_7838,GHA,Seikwa,0.689801,0.818802,0.843902,10138.0,11826.0,13109.0,0.03488243328579399,0.006057085950699648,0.03128123992620435,0.02081334230559695
GHA_7871,GHA,Senya Bereku,1.105048,1.358254,1.373573,20800.0,35446.0,0.0,0.042125373024042734,0.0022455820751063893,0.11250194679535386,-1.0
GHA_8147,GHA,Sogakope,1.753056,2.621609,2.639987,18502.0,21156.0,23235.0,0.08381317475278904,0.0013981247642056438,0.02717153649476023,0.018924074719670392
GHA_8162,GHA,Somanya,7.634156,11.089939,11.317326,111948.0,162203.0,179774.0,0.07754055719666253,0.004067555116623378,0.07698215825486221,0.020783402177615207
GHA_8220,GHA,Suhum,2.972212,3.649042,3.683789,40036.0,57336.0,67981.0,0.04188507248541007,0.0018972324043913247,0.07447259282719054,0.034646591723360265
GHA_8239,GHA,Sunyani,19.971486,24.960998,25.8177,152389.0,222869.0,321955.0,0.045611408344554905,0.0067719821819534065,0.07899444561390245,0.07633906240918864
GHA_8302,GHA,Takoradi,22.57524,29.51958,29.86306,679797.0,808755.0,938722.0,0.055104704845613695,0.002316377286825766,0.03535085622799561,0.030253274423203358
GHA_8324,GHA,Tamale,34.096352,43.426012,44.304424,312880.99999999994,456122.0,562822.0,0.04956274432634489,0.004013215512754131,0.07830188842961561,0.0429368413901241
GHA_8388,GHA,Tarkwa,5.465846,7.720459,7.848061,54039.0,130424.0,170135.0,0.07151226352245832,0.0032839156123780633,0.19269676791032064,0.054598695955048626
GHA_8394,GHA,Tatale,0.861437,0.957436,0.962754,19923.0,19981.0,21666.0,0.021356239443291347,0.0011084237203300429,0.0005815648015345953,0.01632428654652962
GHA_8427,GHA,Techiman,14.84491,19.275288,19.70866,127596.0,216784.0,264577.0,0.05362159021044688,0.004456756346637114,0.11182909084126247,0.04065068027931518
GHA_8428,GHA,Techimantia,1.116501,1.184482,1.195341,16394.0,16485.0,16879.0,0.011891318237651438,0.0018268570958719366,0.0011077055116415213,0.004735048918260931
GHA_8434,GHA,Teleku Bokazo,0.177038,0.268532,0.278366,10335.0,11992.0,13579.0,0.08689079415873291,0.007219275644625656,0.03018738567378998,0.025168453723478423
GHA_8452,GHA,Tepa,1.401324,1.719921,1.750322,17694.0,17486.0,17486.0,0.041823112358568615,0.0035104294698853344,-0.002362213233263244,0.0
GHA_8649,GHA,Tsito,0.56317,0.946448,0.966971,12052.0,12439.0,12439.0,0.1094083982598284,0.00429971244259475,0.006341236437519271,0.0
GHA_8673,GHA,Tumu,1.087719,1.340619,1.368358,12350.0,15448.0,17714.0,0.042696056623610534,0.004104406754422474,0.045781754754355086,0.02775329050761699
GHA_8692,GHA,Twifo Praso,1.163348,1.396234,1.427813,17527.0,23175.0,27892.0,0.037169441165469275,0.00448307723611352,0.05745630556729964,0.03774818563099003
GHA_8903,GHA,Wa,9.710917,15.268714,15.582246,74868.0,141828.0,177828.0,0.09473358942645183,0.004073532564138782,0.13630037343194856,0.046279299819196096
GHA_8932,GHA,Walewale,2.014149,2.393481,2.419063,25011.0,30998.0,35784.0,0.03511279721299032,0.002128558862967145,0.04385583582552521,0.029131904767220496
GHA_8942,GHA,Wamfie,1.456057,2.396442,2.428044,20309.0,33880.0,37817.0,0.10478484764792562,0.0026236071655165727,0.10777350155227738,0.02223026378921289
GHA_8985,GHA,Wenchi,3.100898,4.407437,4.491728,40193.0,63093.0,71623.0,0.07285178090320144,0.003796014999479791,0.09437496869437245,0.02568561802428415
GHA_9000,GHA,Wiamoase,0.715935,0.776236,0.795356,14588.0,17347.0,18993.0,0.016304941493029856,0.004878504442613396,0.035251157537511846,0.018295531398500264
GHA_9003,GHA,Winneba,5.049138,6.120833,6.242882,80974.0,109571.0,134174.0,0.0392467091102946,0.003956553846242272,0.062355832014375334,0.04134478964039623
GHA_9022,GHA,Wulensi,0.407542,0.70266,0.706802,11005.0,12071.0,12489.0,0.11510194105218119,0.0011761785189023932,0.018663254864285328,0.006831705389701348
GHA_9053,GHA,Yamfo,0.774367,1.092113,1.109201,12565.0,16081.0,0.0,0.07118417472495486,0.0031099427665881585,0.05058237784307562,-1.0
GHA_9066,GHA,Yegyi,2.365886,2.670106,2.71384,42221.0,46907.0,52152.0,0.0244881459286046,0.0032545714750837895,0.021272948662248714,0.02142542039224793
GHA_9077,GHA,Yendi,3.719301,4.5627,4.621772,60583.0,69488.0,76970.0,0.04172267516397343,0.002576037853624369,0.02780755893055953,0.020662914073524385
GHA_9101,GHA,Zabzugu,0.928645,1.011807,1.020165,24979.0,26061.0,28742.0,0.017301280099982552,0.001646661801972149,0.008516959081564135,0.01977692739034853
GIN_1528,GIN,Balato,0.805573,1.524227,1.549594,30700.0,50440.0,71983.0,0.1360277751625325,0.0033065676404171462,0.10440239680113517,0.0737198274794102
GIN_1567,GIN,Banankoro,1.287535,1.298001,1.298736,23459.0,26359.0,27685.0,0.0016204817729379428,0.00011322542547631542,0.02358493877018164,0.009864532404711746
GIN_1859,GIN,Beyla,0.909516,0.98922,0.996773,20019.0,23433.0,25731.0,0.016942760494441655,0.0015224191427294365,0.0319938343158086,0.0188863744208021
GIN_1991,GIN,Boffa,0.642774,0.711868,0.722727,11495.0,13120.0,14023.0,0.020629774953720093,0.003032399755538373,0.02679790024267259,0.013401213026380754
GIN_2009,GIN,Boké,2.970075,3.192776,3.225569,63090.0,77614.0,89535.0,0.014565772445256364,0.0020458120201418684,0.042307608002591035,0.028988578727525693
GIN_2500,GIN,Conakry,83.952632,88.514104,88.839624,2186966.0,2699000.0,3185732.0,0.010638019920147235,0.000734441598565061,0.04297085038874893,0.033716076834414466
GIN_2522,GIN,Dabola,2.34738,2.543989,2.564789,34071.0,39140.0,42131.0,0.016216789408703303,0.0016299053464225999,0.028128003061342666,0.014836757955989599
GIN_2728,GIN,Diécké,1.261287,1.387557,1.397427,13062.0,12321.0,12321.0,0.019265636446011536,0.0014186136158855778,-0.011612474221069036,0.0
GIN_2754,GIN,Dinguiraye,1.63974,1.778314,1.805515,20546.0,24479.0,27371.0,0.016357956349709157,0.003040642448791875,0.03565063956492409,0.02258495424582052
GIN_3197,GIN,Faranah,3.021765,3.311,3.329126,77285.0,91710.0,102130.0,0.018449967902330222,0.0010925060535298403,0.03481876736877232,0.021756308244283984
GIN_3262,GIN,Forécariah,1.262506,1.334435,1.342736,21200.0,25426.0,28618.0,0.011143500699904996,0.001241037868972894,0.037023113870329416,0.023934667785601382
GIN_3284,GIN,Fria,2.377394,2.512727,2.525621,51820.0,59756.0,64586.0,0.011134267202709047,0.001024195234136993,0.028908658651364272,0.015667074594664765
GIN_3285,GIN,Friguiagbe-Centre,0.450082,0.566591,0.575883,10831.0,17189.0,24036.0,0.04711795228676241,0.003258660330188956,0.09677214276623802,0.06935601529836322
GIN_3370,GIN,Gaoual,0.507676,0.576052,0.588121,10730.0,12513.0,13686.0,0.025592913057221,0.004155565444428966,0.031222415237161405,0.018082607537458495
GIN_3625,GIN,Guéckédou,2.85234,2.972383,2.978679,58535.0,67798.0,78100.0,0.008278938019299797,0.0004232746843659818,0.02981746285902198,0.02869547683357676
GIN_4488,GIN,Kamsar,4.846867,5.880936,5.937568,82355.0,127796.0,176254.0,0.03943436274144907,0.001918575918335108,0.09185623340325266,0.06641033229502469
GIN_4514,GIN,Kankan,11.018413,12.368978,12.452891,202582.0,253065.0,296122.0,0.023394206414311114,0.001353162907584915,0.04550531751862463,0.03192401117803545
GIN_4727,GIN,Kérouané,1.416091,1.455821,1.456323,27407.0,30298.0,31230.0,0.00554928936211474,6.89550121808491e-05,0.020259135767238146,0.006077889380359469
GIN_4850,GIN,Kindia,11.530907,12.421233,12.53852,134875.0,170063.0,214913.0,0.01498645774322882,0.0018813994093287434,0.04745572708811774,0.047925889934854915
GIN_4861,GIN,Kintinian,0.611823,1.013984,1.021715,27010.0,46012.0,84590.0,0.10632075651680473,0.0015202467991264346,0.11242132432078544,0.12950870614106536
GIN_4902,GIN,Kissidougou,6.142711,6.565292,6.569254,105420.0,130001.0,150308.0,0.013395082813463244,0.00012066619295714176,0.04280891721292246,0.029454320463552675
GIN_5022,GIN,Koundara,2.458554,2.771156,2.801423,28243.0,35069.0,40808.0,0.024227057506874594,0.002174949921289082,0.04424525662891776,0.03077620782201307
GIN_5029,GIN,Kouroussa,1.831583,2.028526,2.039365,25672.0,29848.0,32544.0,0.020635793567914007,0.0010663809713744588,0.030602297735849104,0.017445461889481928
GIN_5036,GIN,Koyamah,0.321136,0.339602,0.344679,10577.0,11792.0,12275.0,0.01124467827677833,0.0029722494852710835,0.02198610992754313,0.008060983826205348
GIN_5189,GIN,Labé,13.593672,16.489676,16.747868,98359.0,133869.0,168437.0,0.03938170252277606,0.003112128343652598,0.06358739797621094,0.04701160571599283
GIN_5313,GIN,Lola,2.479437,2.613595,2.644299,26579.0,29512.0,30576.0,0.010594761180134693,0.0023385969812648177,0.021155782601798512,0.007108834087049987
GIN_5426,GIN,Macenta,2.700918,2.817966,2.836702,59588.0,65555.0,67186.0,0.008520823889417217,0.0013262310004669153,0.01927037701867995,0.004927180335234649
GIN_5464,GIN,Maférénya,1.249913,2.23576,2.28039,15701.0,37407.0,0.0,0.12333445388884723,0.003960876813227099,0.18961138863542426,-1.0
GIN_5627,GIN,Mamou,5.573562,5.938533,6.002134,69837.0,84714.0,96419.0,0.01276636026118827,0.00213285921214168,0.03937896359092452,0.02622239249217362
GIN_5644,GIN,Mandiana,1.721418,2.23623,2.257675,23377.0,30460.0,36990.0,0.05372194761026816,0.0019106450460866231,0.054358307871210654,0.03961104881343869
GIN_6926,GIN,Nzerekore,11.509984,12.748974,12.882628,201994.0,250337.0,290792.0,0.020657668979336963,0.0020879646391325224,0.043848123420763274,0.030413362931864807
GIN_7337,GIN,Pita,3.235052,3.471991,3.509006,22512.0,27918.0,32449.0,0.01423703534998233,0.002123171114471578,0.04398448510940778,0.030536558089748533
GIN_7605,GIN,Sabadou-Baranama,0.167476,0.181505,0.182511,10177.0,12022.0,13326.0,0.01621874768707987,0.0011060599624381773,0.03388298924978961,0.020809297791192893
GIN_7749,GIN,Sangarédi,2.475147,2.873894,2.90385,39426.0,54446.0,69279.0,0.030324316715009125,0.002076059664508856,0.06668614032863407,0.04936633239403787
GIN_8090,GIN,Siguiri,6.970993,10.150019,10.30986,99000.0,142815.0,187638.0,0.07803892353762021,0.0031299162872986397,0.07603829069504808,0.05611058205632369
GIN_8091,GIN,Siguirini,0.848471,0.898428,0.905036,20669.0,24190.0,26558.0,0.01150784425325746,0.0014667050527676917,0.03196099033138955,0.018853870541508888
GIN_8437,GIN,Tétélélé,1.687324,1.82899,1.866171,12048.0,13733.0,14657.0,0.01625470534936535,0.00403307829374544,0.026526327415547613,0.013108440396075505
GIN_8511,GIN,Timbi-Madina,1.947936,2.11449,2.128696,10240.0,11475.0,12015.0,0.016544021048060076,0.001340084512827966,0.023035130727600217,0.009239445215194486
GIN_8518,GIN,Tinsinkoro,0.312233,0.315369,0.315369,16042.0,16652.0,16652.0,0.002000734371653712,0.0,0.0074919344294748225,0.0
GIN_8564,GIN,Tondon,0.176444,0.197879,0.202281,11465.0,15858.0,20202.0,0.023195360983471636,0.004410113466337462,0.06702567807845305,0.04961297492436745
GIN_8592,GIN,Tougnifili,0.182491,0.21439,0.219169,10424.0,13600.0,16533.0,0.03274384340442227,0.004419002200505506,0.05463189419078063,0.03983049902692515
GIN_9089,GIN,Yomou,0.523344,0.548304,0.552312,19165.0,15565.0,15565.0,0.009361726580559004,0.0014577066897289992,-0.040758277459842285,0.0
GMB_1645,GMB,Banjul,0.896265,0.918361,0.918911,33923.628,31301.0,31301.0,0.004882768316992525,0.00011974992205865398,-0.01596355337892119,0.0
GMB_1706,GMB,Basse Santo-Su,1.798384,1.953634,1.968324,26273.064000000006,31707.0,36088.0,0.016698434814911733,0.0014993611667379891,0.03831442067879931,0.02622249984218139
GMB_3150,GMB,Essau,1.210695,1.288447,1.297173,15163.264000000003,18658.0,21953.0,0.012526414908328842,0.0013508443713379226,0.04235217868834473,0.033060503593325574
GMB_3195,GMB,Farafenni,1.453584,1.653896,1.66168,23374.311,28285.0,31362.0,0.026156528675064683,0.0009395254844080103,0.03887542501119512,0.020867818513099268
GMB_3668,GMB,Gunjur,1.368098,1.45001,1.478054,13844.157,17631.0,23317.0,0.011697688824669372,0.0038385293065243964,0.04954746965291501,0.05749700353077847
GMB_7876,GMB,Banjul,42.522228,57.837592,58.377268,788777.0,908580.0,1146042.0,0.06345431634624932,0.0018592507848376183,0.02868353080409336,0.047532418646950125
GMB_8160,GMB,Soma,1.233199,1.353408,1.369761,14922.707,17313.0,18841.0,0.018776960931986997,0.0024049705592106285,0.030160618476361867,0.017059414177140075
GNB_1467,GNB,Bafata,1.880076,1.919509,1.921969,30812.0,38565.0,41565.0,0.0041600737052827075,0.0002561842529871239,0.04591090063679171,0.015095470340714456
GNB_1951,GNB,Bissau,19.318144,20.650768,20.741656,410620.0,540631.0,612280.0,0.013430946016319778,0.0008786928893795842,0.05655514501626624,0.025202899432533954
GNB_1953,GNB,Bissora,0.575903,0.606155,0.609077,10051.0,13305.0,15143.0,0.010291898022029011,0.0009622561831337251,0.05769663136364778,0.026217481859191594
GNB_2330,GNB,Canchungo,1.773465,1.846166,1.873108,16508.0,17764.0,17764.0,0.008067527758987003,0.0029018075377253982,0.014773835104429534,0.0
GNB_3311,GNB,Gabu,2.523703,2.79842,2.807351,43935.0,67549.0,86727.0,0.020880551803978298,0.0006374754804014948,0.08983727739159164,0.0512525928100136
GNB_7090,GNB,Ondame,0.805066,0.830904,0.844984,13532.0,15753.0,15753.0,0.00633800128130968,0.0033663389449674064,0.03086134956288089,0.0
GNQ_1710,GNQ,Bata,15.732715,16.89575,17.028504,311300.0,325000.0,375069.0,0.01436617746628599,0.0015665326971496807,0.008650824953196246,0.029071526723105867
GNQ_5592,GNQ,Malabo,10.001674,11.640281,11.782573,257100.0,359400.0,451803.0,0.03080888655289704,0.002432953343356692,0.06928924635531164,0.04682529338014407
GNQ_5989,GNQ,Micomeseng,0.191912,0.27211,0.273535,10900.0,11500.0,12109.0,0.07233004443559321,0.001045183447071052,0.010774480346176896,0.010373827368279631
GNQ_6220,GNQ,Mongomo,1.467743,1.756489,1.760131,15500.0,24800.0,36692.0,0.03657106882244432,0.0004143473877620263,0.09856054330611785,0.08149356778091787
GNQ_6754,GNQ,Niefang,0.528954,0.556344,0.56513,12200.0,12000.0,12000.0,0.010148214667479394,0.003138712516951747,-0.003300402050275486,0.0
KEN_2525,KEN,Dadaab,0.517465,0.625765,0.647831,56610.0,58014.0,58014.0,0.038738090865877206,0.006955066633821616,0.004911765903754306,0.0
KEN_2530,KEN,Dagahaley,0.230118,0.323908,0.356931,42128.0,48142.0,48313.0,0.07076512261893075,0.019606320180603376,0.02704780169735832,0.000709391218681521
KEN_3074,KEN,El Wak,1.934407,2.174279,2.185527,32314.0,54422.0,71061.0,0.023654696349949544,0.001032507482401357,0.1098818655232563,0.05480301710136337
KEN_3076,KEN,Elburgon,1.236047,2.936023,3.174149,34805.0,43344.0,55056.0,0.18889881369114336,0.015718987794368644,0.04485847554459266,0.048999143311754256
KEN_3077,KEN,Eldama Ravine,1.390724,3.124013,3.444781,24283.0,32902.0,49982.0,0.17569420240077838,0.019740708625896497,0.06263469530240551,0.0872220867230864
KEN_3094,KEN,Embu,106.862344,305.539744,344.471712,2046897.0,4459933.0,0.0,0.2338109005670097,0.024276409924930853,0.16854776473140842,-1.0
KEN_3387,KEN,Garissa,8.245707,9.79807,9.938755,75755.0,150016.0,181822.0,0.035100522558796365,0.0028553354889180316,0.146423964275884,0.039206297483271424
KEN_3505,KEN,Gilgil,2.321726,3.382536,3.517834,46350.0,83802.0,113103.0,0.07816763923002679,0.007874791402967096,0.12574733885220035,0.06180300034956576
KEN_3560,KEN,Golini,0.557386,0.846381,0.893845,16204.0,20779.0,27478.0,0.08713122491262149,0.010972312938427375,0.05099459293488762,0.05747983652090305
KEN_3822,KEN,Hola,0.969855,1.47975,1.550083,12629.0,30645.0,38575.0,0.088168895865683,0.009330323255593465,0.1939829702001281,0.04710265749189224
KEN_4114,KEN,Isiolo,3.377261,4.806988,4.900004,52417.0,92831.0,113022.0,0.07315309547802329,0.003840421370494118,0.12109953780502503,0.04014525415657988
KEN_4134,KEN,Iten,0.859457,9.87713,10.913946,19541.0,148689.0,0.0,0.6296011532930161,0.02016449861959968,0.5006050760159995,-1.0
KEN_4247,KEN,Kabarnet,1.300751,2.428848,2.552219,25240.0,28526.0,48518.0,0.13302954237787312,0.00995848009928113,0.024779208336049408,0.11207071029545324
KEN_4417,KEN,Kajiado,0.976715,1.401192,1.447282,21433.0,32859.0,42401.0,0.07484529150991936,0.006493796196898716,0.08921666065422085,0.05231158442040229
KEN_4431,KEN,Kakuma,3.399576,4.719389,4.839194,162651.0,210000.0,284472.0,0.0678056249038661,0.0050263571368471816,0.052428284414347104,0.06258589398391168
KEN_4689,KEN,Keekonyokie,0.290789,0.638471,0.727926,15023.0,17567.0,18808.0,0.17034159466137222,0.026571519116668663,0.031782569497674995,0.013745648379823727
KEN_4764,KEN,Ki Li Fi,3.628553,7.163877,7.78377,98078.0,197987.0,232604.0,0.14573170174414574,0.01673640670440868,0.15083487622083291,0.032752133332021316
KEN_4811,KEN,Kikima,14.065957,117.165896,129.65864,282552.0,1233698.0,0.0,0.5280106686708281,0.02046954655987543,0.3428332768423288,-1.0
KEN_4833,KEN,Kimana,0.446998,0.727077,0.761281,15047.0,18005.0,20322.0,0.10218619039727939,0.009236425737994658,0.03654614535534173,0.024506372917720176
KEN_4903,KEN,Kisumu,197.610096,1037.5648,1157.560704,5040159.0,15515528.0,17561257.0,0.3932890376068665,0.02212899716253469,0.2521733730148348,0.025080112401842047
KEN_4919,KEN,Kitui,9.726641,25.577976,27.80916,100805.0,335404.0,357409.0,0.21333481073070582,0.01686743430879334,0.2717953499360568,0.012790104356714016
KEN_5210,KEN,Lamu,0.414789,0.592758,0.602771,22080.0,22645.0,28309.0,0.07401423781951277,0.003355845383261391,0.005066160934511954,0.045659868931529735
KEN_5301,KEN,Lodwar,3.524505,5.376575,5.48391,67688.0,79585.0,102674.0,0.0881318325266156,0.003961184000462081,0.03291339083116007,0.05226676123464569
KEN_5571,KEN,Makindu,0.86379,3.492363,3.92157,10030.0,47248.0,61121.0,0.32233727797083134,0.023453507291757436,0.36337868294272635,0.05283764312316541
KEN_5610,KEN,Malindi,8.604171,13.899653,14.836172,212176.0,336324.0,399741.0,0.10067470287513891,0.013126278492881838,0.09650930224949161,0.035152098784015484
KEN_5643,KEN,Mandera,3.386714,4.29437,4.376947,92053.0,107651.0,131275.0,0.04863461002200964,0.0038165820502820136,0.03180118984307456,0.0404777360635451
KEN_5711,KEN,Maralal,1.342145,1.954565,2.041939,45233.0,50388.0,61046.0,0.0780778817262906,0.00878479870794635,0.021819874809920314,0.039120752587119334
KEN_5721,KEN,Mariakani,1.703923,5.488088,5.757807,46908.0,165959.0,0.0,0.26355520262560517,0.009641532515208162,0.28751049716434673,-1.0
KEN_5740,KEN,Marsabit,1.629741,2.025481,2.077819,29587.0,45695.0,54308.0,0.04443620110104618,0.005115355520528775,0.09082115018627324,0.03513984403809567
KEN_5810,KEN,Matuu,0.547105,17.00912,18.484416,10079.0,183299.0,0.0,0.988484601642402,0.016774808775790184,0.7862758638765128,-1.0
KEN_5870,KEN,Mbita,0.820197,5.929645,6.362967,15213.0,94006.0,133532.0,0.48532709495115056,0.014206046675481865,0.43942201840575246,0.07271895828744301
KEN_6186,KEN,Mogoto,0.539234,0.885682,0.932575,12610.0,22617.0,29176.0,0.10433315276654254,0.010371738954924936,0.12394221182662268,0.05224810053599205
KEN_6209,KEN,Molo,1.871978,19.422118,21.973268,37927.0,349317.0,417210.0,0.5966111930803939,0.024989963441379492,0.5590291877183782,0.036160417039694304
KEN_6212,KEN,Mombasa,37.263672,42.051688,42.932032,1257654.0,1450790.0,2128818.0,0.02447073532430677,0.004152334286047887,0.028984126910885255,0.07970918539347949
KEN_6277,KEN,Moyale ,1.868746,2.056618,2.109543,45863.0,65013.0,79724.0,0.019343766101140192,0.005094623739439363,0.07227837984125074,0.041640301833845816
KEN_6311,KEN,Mtito-Andei,0.412916,2.264184,2.5905,44648.0,63447.0,154409.0,0.4054325288602374,0.027293111349728782,0.07280753822860486,0.1946819542222722
KEN_6469,KEN,Mwingi,0.851878,1.152454,1.213676,18355.0,24182.0,32423.0,0.062305033770396534,0.01040580548406056,0.05668992240139015,0.06040604760200208
KEN_6509,KEN,Nairobi,191.256384,246.434048,258.159248,5877118.0,7573673.0,15954823.0,0.0520029413565648,0.00933979235061333,0.052030735103091974,0.16069225919546004
KEN_6510,KEN,Naivasha,8.733141,37.749468,41.222504,146593.0,493319.0,0.0,0.3401335280341198,0.017758426178898112,0.2746851371469836,-1.0
KEN_6516,KEN,Nakuru,26.553054,63.949784,70.114456,555043.0,1069970.0,2308282.0,0.19218847912143389,0.018576606030324072,0.14027340236824748,0.16622796934817385
KEN_6523,KEN,Namanga ,0.708834,0.994697,1.054613,16704.0,21020.0,23401.0,0.0701120475483854,0.011766888662634534,0.04703800559757321,0.021692819102470562
KEN_6551,KEN,Nanyuky,5.428371,21.763374,23.594524,96186.0,259180.0,321669.0,0.32011370789855453,0.016288471216387768,0.2192644862468509,0.04414675875879159
KEN_6557,KEN,Narok,2.381866,3.531375,3.646983,48513.0,110002.0,148426.0,0.08194529487690017,0.006463385493462814,0.17790018475796066,0.061749048468990875
KEN_6857,KEN,Nsambweni,0.986497,1.273724,1.333203,29106.0,29178.0,36252.0,0.05243652666710852,0.00916967108367861,0.0004942545352548677,0.04437216968601421
KEN_6894,KEN,Nyahururu,3.430636,27.65089,31.396256,90352.0,317515.0,0.0,0.5179829541453704,0.025731633683981014,0.2857759415579004,-1.0
KEN_7072,KEN,Oloitokitok,0.882728,2.142715,2.193355,30628.0,35663.0,50933.0,0.19406371551339663,0.0046826532197250526,0.03090785093521875,0.0738812922577794
KEN_7502,KEN,Rhamu,0.766473,1.112715,1.130947,27173.0,43581.0,57040.0,0.07740110429922464,0.0032557605202279127,0.09908661894617343,0.05530128051712979
KEN_8103,KEN,Simkumbe,0.897107,2.427407,2.535465,19990.0,52650.0,0.0,0.22028049882912892,0.008748736992171269,0.2137161094054385,-1.0
KEN_8174,KEN,Sori,0.621536,4.69906,5.123444,15412.0,105293.0,132285.0,0.49868009910515654,0.017443263499271167,0.46861547420757343,0.04669999087646848
KEN_8215,KEN,Subokia,2.023937,5.458081,6.271954,52556.0,72437.0,92982.0,0.21946291433702458,0.028188110552940238,0.0662710803282156,0.05120564784329007
KEN_8225,KEN,Sultan Hamud aggl.,0.369857,0.421119,0.426413,15180.0,15323.0,19459.0,0.026299692372722783,0.002501705278975974,0.001876998486169068,0.04895134290876224
KEN_8230,KEN,Sumba,1.090941,2.42444,2.545567,25010.0,35610.0,39436.0,0.17317293522612665,0.009798260696242123,0.07322716401313434,0.020620240573430815
KEN_8400,KEN,Taveta,1.588937,2.585125,2.743255,35697.0,42794.0,51534.0,0.10223697086907846,0.011945040688399633,0.03693189372886985,0.03786817291538913
KEN_8474,KEN,Thika,4.1673,15.803286,16.193724,133089.0,358222.0,0.0,0.3055049617496959,0.004893105668573705,0.21899526445977657,-1.0
KEN_8723,KEN,Ukunda,4.003962,5.32435,5.575764,89489.0,126095.0,0.0,0.05865713742535239,0.009270448852330526,0.07099055833838408,-1.0
KEN_8792,KEN,Usenge,1.498643,5.380923,6.11929,42191.0,66103.0,0.0,0.29131357795169177,0.026050772288035873,0.09395704678286032,-1.0
KEN_8885,KEN,Visoi,0.513002,2.703746,3.020246,23862.0,51377.0,76758.0,0.3943421832176863,0.02238692214810345,0.16576867138765983,0.08360495377971988
KEN_8890,KEN,Voi,2.329705,3.025045,3.12764,34346.0,59689.0,75955.0,0.05362527828510966,0.006692849510650856,0.11687257651696137,0.04937910654738298
KEN_8928,KEN,Wajir,4.683562,6.35473,6.523308,58821.0,93072.0,110113.0,0.0629287790826949,0.00525017245133963,0.09611804786679401,0.03419851471773705
KEN_8943,KEN,Wamumu,0.478776,0.574622,0.59754,21905.0,24830.0,0.0,0.037170069493124736,0.007852428638089881,0.025384368186728956,-1.0
KEN_8982,KEN,Hagadera,1.802381,2.368423,2.388936,46136.0,73622.0,99294.0,0.05614253536731306,0.0017262373767708006,0.09797773769658358,0.061654192235623295
KEN_9024,KEN,Wundyani,6.270558,10.265873,11.625271,103030.0,117179.0,117179.0,0.10361587659719662,0.025183103277218954,0.026070537564996776,0.0
LBR_2044,LBR,Bongtown,0.379405,0.420527,0.423358,11304.0,10869.0,10869.0,0.02079413704532329,0.0013427947780999538,-0.007817670770898122,0.0
LBR_2174,LBR,Buchanan,3.286492,3.846978,3.8873,58190.0,63570.0,63570.0,0.03199459959880335,0.002087560772190633,0.01784294522978991,0.0
LBR_2837,LBR,Dolo Town,0.720534,1.263551,1.273207,19575.0,28125.0,34758.0,0.11889068791429458,0.0015237403682388795,0.07517251065150599,0.04325974366047136
LBR_3275,LBR,Foya,0.878436,0.950791,0.960071,23685.0,27630.0,28472.0,0.015956205334207496,0.0019444821246878963,0.03129164461866751,0.00602186079554623
LBR_3364,LBR,Ganta,4.344269,4.721931,4.754411,55339.0,58504.0,58504.0,0.016811818626037756,0.0013719387700648067,0.011185540314068376,0.0
LBR_3439,LBR,Gbarnga,4.644352,5.010869,5.036304,54906.0,58835.0,58835.0,0.01530747645995123,0.0010131381941562712,0.013918834152716997,0.0
LBR_3611,LBR,Greenville,0.924438,1.01133,1.017734,13650.0,15211.0,15211.0,0.01812949769609551,0.001263255445903111,0.02189205588625054,0.0
LBR_3746,LBR,Harbel,1.059165,1.192495,1.197297,41306.0,46307.0,47007.0,0.0239967756266819,0.0008040761361089999,0.02312029854427422,0.00300518438438635
LBR_3756,LBR,Harper,1.066618,1.144346,1.154081,27657.0,28619.0,28619.0,0.014167501047912756,0.0016956482848735632,0.006861829695319122,0.0
LBR_4423,LBR,Kakata,2.188618,2.759541,2.787242,39852.0,56261.0,68645.0,0.04745018272912427,0.001999639597569214,0.07139956351502152,0.04059154400588283
LBR_4957,LBR,Kolahun,0.342146,0.37559,0.377611,17582.0,19045.0,19045.0,0.018827152552306492,0.0010738646384635953,0.016114246015552114,0.0
LBR_6224,LBR,Monrovia,63.681808,72.812872,73.336912,1190635.0,1587525.0,1887101.0,0.027161080108626612,0.001435289790603811,0.05922539789559811,0.03517771560368055
LBR_6918,LBR,Nyea Blai,0.695517,0.766611,0.781786,10677.0,11452.0,11452.0,0.019655484146109847,0.003928003239655142,0.014113161858226198,0.0
LBR_7343,LBR,Pleebo,1.432336,1.496117,1.501941,27019.0,31086.0,31560.0,0.008751352563806991,0.000777339283981382,0.028440366065634493,0.0030311725244056564
LBR_7624,LBR,Saclepea,1.230195,1.400533,1.441515,15880.0,18315.0,18644.0,0.02627530273699441,0.005785022067257506,0.02894292421910416,0.0035671436230644282
LBR_7767,LBR,Sanniquellie,1.751851,1.983142,2.017168,12769.0,14879.0,15314.0,0.02511202826101555,0.0034082131703867535,0.03105865303730626,0.0057799638723528
LBR_8654,LBR,Tubmanburg,0.655146,0.69004,0.697399,16785.0,18494.0,18494.0,0.0104323323260751,0.002123878925945677,0.01958139392256153,0.0
LBR_8891,LBR,Voinjama,1.069664,1.215904,1.221615,17583.0,19256.0,19256.0,0.02595988805175331,0.0009376234475393375,0.018344261033507614,0.0
LBR_9069,LBR,Yekepa,0.460065,0.537469,0.547338,12666.0,14698.0,15061.0,0.03158933845800793,0.0036457182378084596,0.030205233690079547,0.004891362069299632
LBR_9202,LBR,Zwedru,1.957369,2.29381,2.330534,29189.0,31968.0,31968.0,0.03223111764616715,0.003181697960471741,0.01835511708442339,0.0
LSO_2284,LSO,Butha Buthe,4.119284,4.699319,4.769888,33522.0,48571.0,62383.0,0.026697816444673172,0.0029854917181240115,0.07698442979651388,0.051327058576358775
LSO_3818,LSO,Hlotse,3.381276,3.620837,3.650896,26707.0,50980.0,64043.0,0.013784555128811382,0.0016548482206135695,0.13803323397667833,0.04668106419833373
LSO_5465,LSO,Mafeteng,3.893742,4.488008,4.507881,30000.0,47687.0,56946.0,0.02881500603542264,0.0008840400459697584,0.09712408560131158,0.03612617323957745
LSO_5704,LSO,Maputsoe,3.882196,4.936056,4.967877,34765.0,67976.0,99243.0,0.04920541678049872,0.0012860170342428034,0.1435171287855721,0.07862096102718485
LSO_5753,LSO,Maseru,35.351444,37.728968,37.929064,306902.0,428679.0,505685.0,0.013102888516436595,0.0010584591723736825,0.06912010857625406,0.033593031174038446
LSO_6189,LSO,Mohale's Hoek,2.303365,2.586785,2.620146,22948.0,50968.0,66242.0,0.0234803621095232,0.002566136808746622,0.1730338649326495,0.053821776807787325
LSO_6279,LSO,Quthing,0.93084,1.309212,1.325182,14925.0,39824.0,53531.0,0.07059938104592733,0.002427818187189734,0.21687538955215602,0.06094310679239978
LSO_8463,LSO,Teyateyaneng,2.890147,2.999105,3.005133,23839.0,28060.0,29859.0,0.007428766374143025,0.00040166379542783126,0.03314178463633666,0.012505797037744681
LSO_8647,LSO,Tsikoane,1.441628,1.73796,1.755079,15449.0,15000.0,15000.0,0.038095512300600376,0.001962294491086647,-0.005881451194894138,0.0
MDG_1155,MDG,Ambalavao,0.802906,0.827269,0.831561,22448.0,25577.0,30218.0,0.005996360246425914,0.0010354843712010453,0.026441942679579666,0.033911158966999144
MDG_1157,MDG,Ambanja,1.67874,1.703014,1.709228,36749.0,41871.0,49468.0,0.0028753479878027566,0.0007287022051425396,0.026439984641168257,0.033908733314222506
MDG_1158,MDG,Ambato Ambarimay,0.43424,0.436062,0.437186,22808.0,25988.0,30703.0,0.0008377624125937011,0.0005149923145475466,0.026448420496981928,0.033907274260167375
MDG_1159,MDG,Ambatolampy,1.108174,1.148007,1.172653,35117.0,40009.0,47269.0,0.007087756029201753,0.004257298213397709,0.026426976918363376,0.03391239915255273
MDG_1160,MDG,Ambatomilona,0.188566,0.213772,0.214556,10488.0,11948.0,14116.0,0.025409853408779215,0.000732418098951193,0.026409131366344596,0.03391131245942591
MDG_1161,MDG,Ambatondrazaka,1.267198,1.280753,1.281941,76064.0,86670.0,105647.0,0.002130270292071801,0.00018544707050693887,0.026450303120188146,0.04039360611760845
MDG_1163,MDG,Ambilobe,2.041268,2.065857,2.070248,46258.0,52706.0,62270.0,0.002397663616303669,0.0004247410646478489,0.026442536434789332,0.03391244198046772
MDG_1165,MDG,Amboasary Atsimo,0.533583,0.53368,0.533855,11648.0,13274.0,15682.0,3.635533640355959e-05,6.557377105576023e-05,0.026479050556998063,0.03390331366151922
MDG_1166,MDG,Sainte Marie,0.181305,0.221753,0.226583,11665.0,13290.0,15701.0,0.04109879677527006,0.004318733740505065,0.026426952725998598,0.033904597518628066
MDG_1167,MDG,Ambohijanahary,0.175189,0.17528,0.175512,10675.0,12164.0,14371.0,0.0001038662225492093,0.000264579264831033,0.026459233016353112,0.033908523346362074
MDG_1168,MDG,Ambohitrimanjaka,1.294358,1.301307,1.305626,33992.0,38730.0,45758.0,0.001071438519103074,0.0006629146754446591,0.02644138920696193,0.03391278905888373
MDG_1170,MDG,Ambositra I,1.08204,1.109438,1.123097,44421.0,50617.0,61700.0,0.00501361280287016,0.0024502904676320103,0.026459016834414095,0.04039379292998668
MDG_1171,MDG,Ambovombe,0.891382,0.912956,0.916228,28216.0,32150.0,39189.0,0.004794380299922407,0.0007157671062998361,0.026448362264914982,0.04039112990517313
MDG_1198,MDG,Analavory,0.280979,0.284506,0.293425,15056.0,17155.0,20267.0,0.002497996713668904,0.006192641009308719,0.026446275644813166,0.03390288937700081
MDG_1204,MDG,Andapa,0.981341,1.018048,1.022475,22608.0,25761.0,30435.0,0.007371505485260776,0.0008681947559532333,0.026455472839445493,0.03390852837331626
MDG_1206,MDG,Andilamena,0.401378,0.40181,0.40181,13323.0,15180.0,17934.0,0.00021516582210545643,0.0,0.026440899856331468,0.03390605505511135
MDG_1233,MDG,Antalaha Ambonivohitra,1.745486,1.856981,1.868183,26171.0,33299.0,39341.0,0.012460801591017923,0.001203573711227257,0.0493543683889659,0.03391024961851108
MDG_1235,MDG,Antananarivo,52.431568,57.635164,58.115448,2500317.0,2863971.0,3491089.0,0.019105012068469485,0.0016611075886874271,0.02753046841024176,0.04039549000376086
MDG_1236,MDG,Antanety II,0.397506,0.49249,0.495428,11610.0,12370.0,14614.0,0.04378426512200284,0.00119028374696728,0.01276222906882718,0.03390320280220016
MDG_1237,MDG,Antanifotsy,0.293676,0.296754,0.299756,10425.0,11880.0,14035.0,0.002087454491821905,0.00201508709047471,0.02647428831707943,0.03390157107981828
MDG_1238,MDG,Antsirabe,4.648854,4.67271,4.692296,215319.0,245342.0,299064.0,0.0010242172617707102,0.0008369123653846344,0.02645026085584057,0.040395457378629374
MDG_1239,MDG,Antsiranana,5.175603,5.179202,5.190361,124332.0,141665.0,172685.0,0.0001390369142080239,0.0004305449076873469,0.026445580731931484,0.04039536754984541
MDG_1240,MDG,Anstonihy,1.318574,1.352063,1.365539,20732.0,23621.0,28793.0,0.005028746826723163,0.0019854981607076994,0.026434913579866492,0.04039373310833816
MDG_1285,MDG,Arivonimamo I,0.663516,0.672325,0.674626,15894.0,18108.0,21393.0,0.0026412593031013287,0.0006835552532671318,0.026425553256201884,0.03390406077181374
MDG_1756,MDG,Befandriana Nord,0.612248,0.639982,0.643763,19354.0,22055.0,26057.0,0.008899894995655355,0.0011788132529186868,0.026472373092040646,0.03391174816994447
MDG_1781,MDG,Belo Tsiribihina,0.572138,0.579759,0.581439,17684.0,20151.0,23807.0,0.0026499607403378533,0.0005788805648283546,0.026462810908099543,0.03390732873823943
MDG_1851,MDG,Betafo,0.383488,0.395354,0.399897,19372.0,22075.0,26080.0,0.006113257452784904,0.002287702380187717,0.02646761126713537,0.033906760180533624
MDG_1858,MDG,Betroka,0.626743,0.635169,0.635573,31571.0,35970.0,42497.0,0.0026744774442850616,0.00012717788599125868,0.026432559649063103,0.03391197871972418
MDG_2066,MDG,Port-bergé,0.860052,0.865961,0.867817,20547.0,23410.0,27658.0,0.0013703421359898549,0.00042828969651065307,0.02643298184571763,0.033912704121632276
MDG_3194,MDG,Farafangana,0.976559,0.996622,0.998517,31216.0,35569.0,43357.0,0.004075561062534261,0.00037999569816116185,0.026452556414509054,0.04039322110815213
MDG_3223,MDG,Fenerive Est,1.044946,1.065943,1.073453,50267.0,57274.0,69815.0,0.003986855237449127,0.001405126659106859,0.02644317104196303,0.04039497381265722
MDG_3225,MDG,Tampontanana Fenoarivo,0.210363,1.061763,1.066059,12640.0,31941.0,37737.0,0.3823297227355775,0.0008079136327052705,0.2037056165408846,0.0339124681795997
MDG_3234,MDG,Fianarantsoa,5.021129,5.288495,5.319823,195962.0,225186.0,266048.0,0.010429794559041916,0.001181963125592489,0.028191252377141707,0.03391234860463466
MDG_3794,MDG,Hell-Ville,2.012314,2.053177,2.066835,59880.0,68228.0,80608.0,0.004028702679613971,0.0013268999665281278,0.026446149342620684,0.0339108693111565
MDG_3955,MDG,Inhosy,1.052228,1.054991,1.056151,30095.0,34290.0,41798.0,0.0005246206082756277,0.00021981043475705064,0.02644250407912896,0.04039343552523644
MDG_4044,MDG,Imeritsiatosika,0.933507,0.951617,0.95889,25868.0,29475.0,34823.0,0.003850229423193019,0.001523904478307525,0.026450929433793346,0.03390937617837997
MDG_5460,MDG,Maevatanana I,0.482943,0.491239,0.492595,15172.0,17290.0,21075.0,0.0034122358289998544,0.0005514648681419487,0.02647985790344265,0.040386044424129075
MDG_5499,MDG,Mahabo,0.418442,0.42132,0.423674,16648.0,18968.0,22409.0,0.0013718100410446965,0.0011149514184238818,0.026436045353011917,0.033903932356252886
MDG_5502,MDG,Mahajanga,7.375969,7.846358,7.905597,252500.0,292654.0,356735.0,0.01244119402173216,0.0015054349390604127,0.029955868314021528,0.040394987866791965
MDG_5523,MDG,Mahanoro,0.528876,0.557537,0.561932,11301.0,12878.0,15214.0,0.010610874038157636,0.0015716291740115462,0.026470113754892166,0.033901102015277074
MDG_5543,MDG,Maintirano,0.662118,0.685515,0.688258,16562.0,18874.0,23006.0,0.0069694932222923445,0.0007989964352037582,0.026479390469069664,0.040388236245578746
MDG_5629,MDG,Mampikony I,0.736237,0.74751,0.751325,15766.0,17967.0,21227.0,0.0030437438778809778,0.001018644741544561,0.02648074959542135,0.033909701389617464
MDG_5634,MDG,Manakara,1.147118,1.159702,1.164443,37151.0,42326.0,51594.0,0.00218445558146918,0.0008162900905437365,0.026425289604595115,0.040395330540624386
MDG_5635,MDG,Mananara Avaratra,1.013869,1.059899,1.063126,10952.0,12478.0,14742.0,0.008919527025302187,0.0006081857150423975,0.026432298053435277,0.03390892694328462
MDG_5636,MDG,Manjanary,0.605691,0.620051,0.625764,33150.0,37773.0,46044.0,0.004697353674822269,0.001835997481869578,0.02645423096036148,0.04039513643337589
MDG_5637,MDG,Manaratsandry,0.318431,0.325474,0.3264,15867.0,18078.0,21358.0,0.004384939898202989,0.0005683698097054268,0.02643419550188586,0.03390834346617533
MDG_5645,MDG,Mandritsara,0.918371,0.91995,0.923583,25971.0,29589.0,34958.0,0.00034363349414801014,0.0007885808333747413,0.02642760399132693,0.03391124314886085
MDG_5663,MDG,Manitsy,0.370271,0.370691,0.371368,14871.0,16944.0,20018.0,0.0002267580050627771,0.0003649972478843022,0.02644374806197347,0.03390574475418684
MDG_5665,MDG,Manjankandriana,0.245591,0.251174,0.252377,10165.0,11579.0,13680.0,0.004505795788422473,0.0009560717984040679,0.02639076120032957,0.033910649537439275
MDG_5730,MDG,Maroantsetra,1.367372,1.414612,1.423362,30416.0,37474.0,44274.0,0.006816052080299784,0.0012340388676579384,0.042618893474204,0.03391239448308614
MDG_5734,MDG,Marovoay Ville,0.677991,0.681409,0.683015,26851.0,30593.0,36144.0,0.0010062458709343414,0.00047093245822282803,0.026437051412391943,0.03391022264453003
MDG_5985,MDG,Miarinarivo,0.431114,0.439784,0.442814,16880.0,19232.0,23443.0,0.003990167805626221,0.0013741673101117513,0.026432516372023818,0.04039378083049194
MDG_6236,MDG,Moramanga,2.058247,2.088037,2.093963,45363.0,51689.0,61068.0,0.0028780818526557006,0.0005669711855038617,0.02645348227818145,0.03391089869161057
MDG_6245,MDG,Morombe,0.444282,0.444669,0.445138,12505.0,14251.0,16837.0,0.0001741530059944374,0.00021085448285962372,0.026484341473157702,0.03391271041711441
MDG_6246,MDG,Morondava,1.732739,1.756346,1.765787,47662.0,54309.0,66200.0,0.0027100898766363457,0.0010727687708953493,0.026454986288264593,0.04039255719629953
MDG_7678,MDG,Sakaraha,0.532055,0.534183,0.534528,17833.0,20319.0,24006.0,0.0007986406288786885,0.0001291358608423998,0.02644476512001237,0.03391180558212059
MDG_7714,MDG,Sambava,3.113498,3.236605,3.251014,40720.0,46396.0,56555.0,0.007785770295498207,0.0008887960952315144,0.026442330590297214,0.04039460957711527
MDG_8119,MDG,SIRAMA,0.338123,0.339781,0.341857,14201.0,16180.0,19116.0,0.00097879026670733,0.0012189880701749534,0.026436100225401438,0.033912297493341015
MDG_8375,MDG,Toalagnaro,0.980363,0.989882,0.990818,66052.0,75259.0,91738.0,0.0019344351826839912,0.0001890419626457973,0.026442189111267833,0.04039478083029069
MDG_8544,MDG,Toamasina,10.317754,11.394207,11.429278,321184.0,368386.0,449050.0,0.02004607059713348,0.0006148370063829844,0.02780290990657619,0.04039514460345717
MDG_8555,MDG,Toliary,6.099013,6.837068,6.848921,198162.0,233402.0,284509.0,0.023109384006696487,0.00034648738364384535,0.03327718284294856,0.04039507387467811
MDG_8619,MDG,Ilakaka,0.395315,0.401984,0.40346,28465.0,32430.0,38314.0,0.0033514779623984303,0.0007332813943028427,0.026424836372199723,0.03390850826095271
MDG_8648,MDG,Tsiromandidy,0.842403,0.855579,0.862101,32575.0,37117.0,45244.0,0.003108804472839566,0.0015199540501802389,0.026449738717832183,0.04039348836920298
MDG_8816,MDG,Vangaindrano,0.423269,0.44865,0.459366,18710.0,21317.0,25185.0,0.011715123381659032,0.004732001563745536,0.026432653294039987,0.03391104308160142
MDG_8817,MDG,Vatomandry,0.563399,0.583183,0.584922,13218.0,16586.0,19595.0,0.006926467831969596,0.0005956721940880705,0.04644204946130315,0.03390520416322862
MDG_8818,MDG,Vavatenina,0.320411,0.341551,0.350514,15904.0,18120.0,21408.0,0.012860486277594951,0.005194171098627631,0.026432430462834278,0.03391201094364016
MDG_8888,MDG,Vohémar,0.934592,0.980755,0.985437,21571.0,24581.0,29041.0,0.009689161465257445,0.0009529566535046996,0.02646903699698888,0.03390920997673508
MLI_1232,MLI,Ansongo Dioula,0.812483,1.063811,1.075803,18374.0,20531.0,30343.0,0.05538286502122469,0.0022444381715758244,0.022448114048323697,0.0812588691038807
MLI_1459,MLI,Badinko,0.569169,0.598711,0.599992,12283.0,15097.0,17892.0,0.010171705364235617,0.00042755355289481045,0.04211882381976939,0.034555149830700405
MLI_1547,MLI,Bamako,136.185904,157.573568,160.585952,2781734.0,3534153.0,4243183.0,0.029604049965106016,0.0037945567870611985,0.04904459296087382,0.037244840175024274
MLI_1566,MLI,Banamba,1.330905,1.48575,1.497114,18826.0,20052.0,22341.0,0.02225616050432322,0.0015250736594256686,0.012697944118949422,0.021854313469571007
MLI_1574,MLI,Bandiagara,0.908005,1.145027,1.174632,21051.0,23905.0,27421.0,0.047479416247241835,0.005118392351474155,0.025753962569967426,0.027824363926241436
MLI_1647,MLI,Bankass,0.549559,0.877364,0.895431,14762.0,19474.0,21558.0,0.09807776393058276,0.004084962613813303,0.05696837434993007,0.020541477731413016
MLI_1673,MLI,Baraoueli,0.753084,0.803201,0.811966,15321.0,16393.0,18303.0,0.012969021365724753,0.0021730523447602845,0.013617885735274005,0.02228683541433596
MLI_1964,MLI,Bla,2.074252,2.158527,2.164,26878.0,32002.0,37451.0,0.007996893270192595,0.0005065915466746507,0.03551414159994937,0.03194668324858019
MLI_2045,MLI,Boni,0.331468,0.372625,0.377154,11880.0,14231.0,16694.0,0.023684379119280452,0.002419129403996134,0.03677327924788676,0.032440418304539254
MLI_2107,MLI,Bougouni,4.687866,5.246585,5.279654,71800.0,83491.0,96758.0,0.022775473210248753,0.0012574251982373497,0.03063062597125632,0.029934115686430562
MLI_2133,MLI,Bourem,0.267607,0.335274,0.342575,33707.0,35283.0,38976.0,0.04611753378114525,0.004317795706920702,0.009181035633125223,0.02010846727700466
MLI_2550,MLI,Dalabala,1.672688,1.831407,1.839357,25959.0,36118.0,42455.0,0.018295877856465026,0.0008666813771052162,0.06828504088976106,0.03285898131234566
MLI_2704,MLI,Diabaly,0.935799,1.007438,1.013556,17312.0,20953.0,24683.0,0.014862371509158256,0.001211626420910994,0.0389144670057926,0.03330931878940846
MLI_2706,MLI,Diamarabougou,1.390108,1.536282,1.54567,29475.0,30380.0,33308.0,0.020198028388840994,0.001219194950915714,0.006066738715766462,0.018572993984806496
MLI_2710,MLI,Diangounte Camara,0.271316,0.297372,0.301306,10799.0,11817.0,13333.0,0.018509146913810337,0.0026319533930452277,0.01818041469915066,0.024434341692583184
MLI_2730,MLI,Diema,0.848129,0.938115,0.948243,15721.0,18350.0,21298.0,0.020372706599516954,0.0021499590049178785,0.03140962571281403,0.030245083845959808
MLI_2752,MLI,Dinangourou,0.201147,0.239414,0.240106,16811.0,19178.0,22042.0,0.035445384539006586,0.0005774109488534407,0.026696196713251963,0.028228261975120184
MLI_2760,MLI,Dioila,1.824061,1.955182,1.967388,18728.0,22265.0,26041.0,0.01398041453844634,0.0012454731430648902,0.03520475877617857,0.03182724630682543
MLI_2762,MLI,Dioro,0.891645,0.92528,0.930238,21133.0,21771.0,23863.0,0.007433154374018702,0.0010693859809680628,0.005966329903696499,0.018519463684991466
MLI_2773,MLI,Dire,1.057141,1.120702,1.123955,24954.0,28525.0,32823.0,0.01174588348242489,0.0005798561335472741,0.027110328530748573,0.02846738531348514
MLI_2800,MLI,Djenne,0.472587,0.53267,0.561966,32211.0,34489.0,38518.0,0.024224814261898153,0.010765385084157586,0.013760297980189184,0.02234299434000886
MLI_2869,MLI,Douentza,1.167082,1.258693,1.26317,29437.0,36562.0,43505.0,0.015228238676550543,0.0007103628807798579,0.044304812286192874,0.03538494475249743
MLI_2871,MLI,Dougabougou,0.88017,0.940201,0.945984,21005.0,23357.0,26547.0,0.013283170077745154,0.0012271470088052183,0.021454144679958764,0.0259346024137459
MLI_2950,MLI,Echell,0.334799,0.379419,0.380846,10641.0,11707.0,13244.0,0.025337838389207334,0.0007510736390134998,0.019277963599442227,0.024978393891021744
MLI_3190,MLI,Fana,4.322726,4.50964,4.541489,45206.0,55224.0,65297.0,0.008502160993014707,0.0014085118499029825,0.04084570855351388,0.03407746430587699
MLI_3206,MLI,Fatao,0.709228,0.759437,0.762099,21627.0,25796.0,30209.0,0.013774063167123707,0.0007000647752126721,0.035884220596910765,0.03208816066960152
MLI_3263,MLI,Forgho Sonrai,0.164537,0.175524,0.178146,11826.0,13879.0,16145.0,0.013011992052960109,0.002969932159380795,0.03253328414654599,0.030708778000831716
MLI_3271,MLI,Foungou,0.428433,0.440537,0.444302,10074.0,11298.0,12889.0,0.005587566721777071,0.0017034640665547496,0.023198570624800352,0.02669992585289127
MLI_3274,MLI,Fourou,1.233133,1.382678,1.401012,11527.0,14663.0,17607.0,0.02315687438322933,0.002638000263814444,0.04930395134961363,0.03727164454131948
MLI_3368,MLI,Gao,6.129135,7.232525,7.331069,105890.0,129029.0,150942.0,0.033661049021525224,0.002710292179235463,0.04031887129267697,0.03186897248648046
MLI_3376,MLI,Garalo,0.661624,0.75496,0.76493,11041.0,12990.0,15127.0,0.026744862092936916,0.002627357201025804,0.033047160323441016,0.03092893989214085
MLI_3588,MLI,Goumbou,0.286299,0.332111,0.337317,13917.0,15451.0,17549.0,0.030131543502984748,0.0031156216207501863,0.02113272143560896,0.02579164226659625
MLI_3590,MLI,Goundam,0.588363,0.746265,0.759181,15444.0,16889.0,19054.0,0.04869583695430557,0.00343778680721174,0.018049344346506846,0.024416217227060555
MLI_4285,MLI,Kadiolo,2.930262,3.14748,3.182903,30356.0,36264.0,42497.0,0.014404822537264383,0.002240815036461008,0.036206309462588626,0.03223008657108872
MLI_4671,MLI,Kayes,8.934204,9.477328,9.539808,176849.0,222425.0,274094.0,0.011873003767465917,0.0013150518180582438,0.04692651271994919,0.04266113576056041
MLI_4712,MLI,Kenieba,1.294148,1.631206,1.662456,14399.0,18747.0,21078.0,0.0473816791769055,0.00380249289898571,0.05419242089726328,0.023716077985574513
MLI_4729,MLI,Kersignane,0.193803,0.198689,0.199606,11799.0,13974.0,16317.0,0.004992141215784063,0.0009213512554202552,0.034415709683445206,0.03148737066627749
MLI_4773,MLI,Kiban,0.520925,0.540849,0.544394,10825.0,11698.0,13123.0,0.007535056669789375,0.0013074784607689516,0.015632856997295885,0.023256005869190854
MLI_4795,MLI,Kidal,0.892865,1.763878,1.812441,31820.0,42804.0,52418.0,0.14587316500683412,0.005446732061135773,0.061101274120425986,0.041355986969879854
MLI_4804,MLI,Kignan,0.663373,0.686856,0.689825,10590.0,11414.0,12788.0,0.006981706666856047,0.0008630279885799563,0.01509895718017673,0.02299368283811498
MLI_4877,MLI,Kirane,0.741757,0.799209,0.805783,11817.0,13314.0,15220.0,0.015032019653457906,0.001639740297528336,0.02414220403580236,0.027120080680602232
MLI_4905,MLI,Kita,3.962929,4.236766,4.265543,60147.0,69352.0,80081.0,0.01345305769013061,0.0013547660341961532,0.028890136539211353,0.029186544275265236
MLI_4948,MLI,Kokobougou,1.071532,1.153641,1.163637,16320.0,17267.0,19177.0,0.014876292275416203,0.0017269729370559261,0.011345035458771635,0.021204584572321217
MLI_4965,MLI,Kolondieba,1.314037,1.489113,1.499024,16165.0,17778.0,20106.0,0.025330820827548672,0.001327598276340991,0.019204748965978347,0.02491666621619104
MLI_4985,MLI,Konna,0.543425,0.677617,0.684456,15008.0,16305.0,18335.0,0.04512668298110767,0.0020104443576252073,0.016715855658250955,0.023745538784922138
MLI_4986,MLI,Konobougou,0.787867,0.857336,0.869167,10709.0,11802.0,13360.0,0.01704373761240552,0.0027448351030021634,0.019627026205544684,0.025109290613082313
MLI_4999,MLI,Koro,1.437353,1.643645,1.704814,19645.0,22478.0,25869.0,0.027185586270080497,0.007334703586976188,0.027309080115791584,0.028500233878426817
MLI_5016,MLI,Koulikoro,2.49175,2.784518,2.820067,51030.0,57080.0,65050.0,0.02246655842535694,0.0025403923722235877,0.022660964978057585,0.02648514151298098
MLI_5018,MLI,Koumantou,1.496571,1.595333,1.607424,12694.0,14480.0,16644.0,0.01286322877148005,0.0015112218974948632,0.026677427110935348,0.02824789487027779
MLI_5030,MLI,Koury,1.523569,1.594257,1.607034,18294.0,21578.0,25155.0,0.009111698700052129,0.0015977644646127942,0.03357144609135454,0.03115185307607926
MLI_5032,MLI,Koutiala,11.176595,12.137368,12.264107,198426.0,248488.0,296634.0,0.016630187042763422,0.002079741284478853,0.04602332433766709,0.03605569308939627
MLI_5051,MLI,Kremis,0.432928,0.452208,0.455934,10509.0,12481.0,14590.0,0.008752242563366597,0.0016425096882746182,0.0349934425642755,0.0317184137349209
MLI_5259,MLI,Lere,0.669258,0.678808,0.680929,12572.0,14564.0,16854.0,0.0028377553838285774,0.0006241393892429947,0.029853050118700875,0.02963776653143646
MLI_5435,MLI,Macina,0.679534,0.737461,0.73942,14679.0,16964.0,19608.0,0.01649576443574441,0.0005307187084768739,0.029357797411645015,0.029392516995548235
MLI_5446,MLI,Madiga Sacko,0.270378,0.3016,0.308156,12051.0,14073.0,16337.0,0.022096726107994513,0.004310164578957609,0.031508284282769194,0.030284400590080862
MLI_5486,MLI,Magnadoue,0.215777,0.227376,0.230414,21699.0,25465.0,29622.0,0.01052693595691645,0.0026580575905792436,0.03252551432693629,0.030704422303111878
MLI_5531,MLI,Mahina,0.677957,0.702429,0.703926,13810.0,14886.0,16678.0,0.007117301325869851,0.00042587236035274145,0.015118791192556547,0.02299424602575373
MLI_5532,MLI,Mahou,0.472328,0.538124,0.5516,14824.0,16006.0,17948.0,0.02642621167191761,0.00495908155210123,0.01546154430579727,0.023167294908046587
MLI_5718,MLI,Marena,0.277335,0.33099,0.334474,10107.0,12083.0,14164.0,0.03600544574902598,0.0020963913931073552,0.03635966501382093,0.032291208094722634
MLI_5938,MLI,Menaka,0.964075,1.124598,1.152987,11206.0,12896.0,14878.0,0.031281666399004315,0.004998516675149611,0.028491913155734627,0.029005997388663163
MLI_6231,MLI,Mopti Centre,1.043857,1.099575,1.108356,16613.0,19196.0,42255.0,0.010454517469535629,0.001592084993367271,0.029325033876738793,0.17093684801541342
MLI_6232,MLI,Mopti-Medina Coura,0.436978,0.451308,0.460939,15008.0,17335.0,0.0,0.006474304821041832,0.004232065996590428,0.02924841053739624,-1.0
MLI_6233,MLI,Mopti (Sevare),3.934122,4.959622,5.100059,65420.0,75616.0,87515.0,0.04741828413122873,0.005600138504515462,0.02939162848212007,0.02965980496957532
MLI_6283,MLI,M'pessoba,0.790069,0.846025,0.858504,12096.0,12073.0,13019.0,0.013779803540619806,0.00293277812758741,-0.0003805805782172156,0.015202048162950677
MLI_6556,MLI,Nara,1.802478,1.924816,1.943739,18780.0,21340.0,24489.0,0.013220223308411994,0.001958527215853545,0.025887564430693955,0.027910558865062995
MLI_6738,MLI,Niafunke,0.517673,0.569701,0.575794,12421.0,13800.0,15681.0,0.019338185128949137,0.0021299242818724196,0.021279242409272703,0.02588559968189741
MLI_6756,MLI,Niena,0.963262,1.101876,1.112567,10501.0,10955.0,12083.0,0.027253569809875033,0.0019330211312844625,0.008501026706554837,0.019794061681740027
MLI_6766,MLI,Niono Socoura,1.899234,2.090818,2.099399,60432.0,68897.0,79173.0,0.019406857599795657,0.0008194828584446867,0.026565509697348944,0.028194693001152515
MLI_6767,MLI,Nioro,1.634619,1.786804,1.806864,41319.0,47239.0,54349.0,0.01796319158110249,0.0022353339979288567,0.027141268485302517,0.02843813572934617
MLI_7185,MLI,Ouelessebougou,1.982417,2.364515,2.396058,20801.0,22649.0,25498.0,0.03587991392549106,0.002653907404808864,0.017168643368813408,0.02397986503719496
MLI_7628,MLI,Sadiola,0.718128,0.758559,0.761184,13048.0,16814.0,20285.0,0.0110147717346889,0.0006911457096916429,0.05202344635713052,0.03824726033215775
MLI_7727,MLI,San,5.432982,5.725252,5.769624,82135.0,91370.0,103868.0,0.010534786486054992,0.0015452622518281611,0.021539284711567852,0.025972284310591176
MLI_7733,MLI,Sanankoroba,1.397769,1.617765,1.644343,12476.0,13177.0,14622.0,0.029665131764441854,0.0032643855981164815,0.010993203398599993,0.021028927870931025
MLI_7770,MLI,Sansanding,0.422163,0.452465,0.456648,14214.0,16418.0,18972.0,0.01396033124128393,0.0018421830028907404,0.029249792334832714,0.029339343961135134
MLI_7835,MLI,Segou,11.533192,12.816424,13.029645,214840.0,223008.0,245363.0,0.02132383873347954,0.0033053852823070606,0.007490732256733024,0.01928991212870934
MLI_8093,MLI,Sikasso,12.809465,15.339218,15.638445,279161.0,335159.0,393561.0,0.036703215699002145,0.0038713722402972106,0.03723993221391386,0.03264782318731352
MLI_8125,MLI,Siribala Coro,1.212605,1.41105,1.422356,19336.0,24057.0,28646.0,0.030776739457517355,0.001597383171843214,0.044660000620464047,0.035534336423245216
MLI_8145,MLI,Sofara,0.452301,0.501553,0.504582,13321.0,14238.0,15888.0,0.020887431042754923,0.0012049411554464484,0.013403575081662344,0.022172160529236207
MLI_8151,MLI,Sokolo,0.497267,0.539476,0.541895,13303.0,16370.0,19410.0,0.016427713656210763,0.0008951919775850303,0.0423649933639878,0.03465454821124725
MLI_8250,MLI,Tabakoto,1.025392,1.049557,1.050608,12135.0,15987.0,19441.0,0.0046695067018178715,0.00020019480119004562,0.05668474780370736,0.03989699940105984
MLI_8447,MLI,Tenenkou,0.574028,0.582887,0.583178,13825.0,15569.0,17793.0,0.003067729260760821,9.98278932162755e-05,0.024045175209586933,0.027064437867523772
MLI_8561,MLI,Timbuktu,2.677663,2.832171,2.840238,67032.0,75339.0,89664.0,0.011283009607635508,0.0005690210539388563,0.023640675639369668,0.03542739586029309
MLI_8570,MLI,Tonka,0.549671,0.609662,0.611854,14754.0,16232.0,18363.0,0.020933043361284653,0.0007180550227412485,0.01927753163431567,0.024977471785217142
MLI_8576,MLI,Tori,0.132346,0.147054,0.148305,11358.0,13147.0,15205.0,0.021299700336329108,0.0016956555518081728,0.029686359830808806,0.029513278162012435
MLI_8586,MLI,Touba,0.980346,1.054627,1.066829,17554.0,18657.0,20766.0,0.01471458069445264,0.002303358092357266,0.012262488603966615,0.02165016064934644
MLI_8606,MLI,Toya,0.552666,0.565011,0.575735,15507.0,17141.0,19429.0,0.004428046799821894,0.0037675364705720416,0.020238418825187177,0.02537531664244641
MLI_8613,MLI,Trougoumbe,0.404573,0.419874,0.422511,15315.0,15663.0,17104.0,0.007452125169392199,0.001252947422150319,0.0045038123755425374,0.01775805433874611
MLI_9056,MLI,Yanfolila,1.594564,1.741129,1.748439,19415.0,21055.0,23658.0,0.017742238005974853,0.0008382784547631417,0.01635065215462106,0.02358651640912579
MLI_9091,MLI,Yoro,0.159883,0.198733,0.199652,12259.0,13799.0,15767.0,0.04446415493606293,0.0009231529846132069,0.023949442593644843,0.027023286000622093
MLI_9094,MLI,Youwarou Hombolore,0.49765,0.546154,0.551572,12220.0,13143.0,14709.0,0.01877486609634027,0.0019762293626346406,0.014669626879765474,0.02276940475856537
MLI_9151,MLI,Zegoua,2.261413,2.346141,2.364669,25139.0,33951.0,41647.0,0.00738352711500867,0.001574478933493717,0.06194228599513307,0.04170855416590458
MOZ_1524,MOZ,Marimba,1.900117,2.097817,2.123571,23538.0,26473.0,30162.0,0.019993610849250443,0.0024433451821546104,0.023780186386940017,0.026434864664390822
MOZ_2335,MOZ,Carangache,1.258967,1.546392,1.569864,13972.0,24410.0,29299.0,0.04198399823246235,0.0030174465167709386,0.1180515820866348,0.037186854181320284
MOZ_2336,MOZ,Carapira,0.282728,0.542606,0.562303,16581.0,56337.0,79217.0,0.1392607995727171,0.0071569680456722296,0.2771343898988141,0.07054501849457484
MOZ_2340,MOZ,Caroa,0.778057,0.801077,0.804875,26828.0,26187.0,26187.0,0.005848493247387454,0.0009464302972645999,-0.004824925234197641,0.0
MOZ_2371,MOZ,Chapala,0.540889,0.710035,0.72396,16467.0,17047.0,19212.0,0.05592803731515583,0.003891929493401891,0.006947191938412534,0.024200358142774547
MOZ_2395,MOZ,Chave,0.40841,0.501833,0.510656,10034.0,13120.0,15476.0,0.04205962631667348,0.003491838044313633,0.05509592977481792,0.03358209470772855
MOZ_2412,MOZ,Thlatlhene Sede,3.151514,3.218146,3.230055,27717.0,41299.0,56504.0,0.004193256207758456,0.0007390224661276701,0.08302545148087526,0.06470166068111438
MOZ_2420,MOZ,Chicumbane,3.588078,3.652796,3.660774,22932.0,25923.0,28097.0,0.0035816425377042105,0.00043643495461709314,0.02482253200865614,0.016236848620607924
MOZ_2445,MOZ,Chissano sede,1.03452,1.703124,1.758236,10335.0,11270.0,11270.0,0.10484530769892286,0.006389691935995145,0.017472516321522136,0.0
MOZ_2454,MOZ,Vila de Chokwe,5.58328,6.292483,6.30373,65817.0,72015.0,101414.0,0.024204143684922297,0.0003572188463316639,0.018162216234889783,0.0708656537707193
MOZ_2465,MOZ,Cidade da Beira,22.05116,29.465928,30.0306,509420.99999999994,711851.0,803868.0,0.059687317284460084,0.0038036654494781885,0.06920861923439192,0.024611269459442697
MOZ_2466,MOZ,Angoche,1.3323,1.887419,1.911527,59407.0,60384.0,65939.0,0.07214434424427263,0.002541646876716097,0.0032677484156611314,0.017756994212891453
MOZ_2467,MOZ,Cidade de Chibuto,6.570755,6.726081,6.759914,66926.0,75687.0,78898.0,0.0046837172511156044,0.00100400608019946,0.024908947315570806,0.008344515758317739
MOZ_2468,MOZ,Chimoio,15.130748,16.541144,16.651668,328872.0,390670.0,476270.0,0.017984179881828988,0.0013327951282908757,0.03503880555955163,0.040419857990601216
MOZ_2469,MOZ,Cuamba,5.382818,6.546425,6.613301,83904.0,104603.0,128852.0,0.03991753220293437,0.0020348324568439935,0.04508663757792131,0.042580036535418087
MOZ_2471,MOZ,Cidade de gurué,1.860045,2.246083,2.293607,54217.0,65844.0,73355.0,0.038437755747386504,0.004196355612445357,0.03962363589396101,0.02183953852997611
MOZ_2474,MOZ,Cidade de ilha de moçambique (lumbo),1.488743,1.601475,1.607667,22516.0,38747.0,40774.0,0.014705667789147059,0.0007720939469142429,0.11467784305598916,0.010250437447483884
MOZ_2475,MOZ,Cidade de Inhambane ,5.349015,7.126674,7.354879,52034.0,87175.0,103694.0,0.05906499939542642,0.006323762407014044,0.10871761793951551,0.0353145901386529
MOZ_2476,MOZ,Lichinga,8.194087,10.522973,10.66879,154035.0,209682.0,266667.0,0.05130220927890572,0.002756168241870416,0.06362453669728585,0.04925639530891823
MOZ_2477,MOZ,Cidade de Manica,3.708687,4.027381,4.078167,51733.0,74686.0,94399.0,0.016624348469636452,0.002509410110755228,0.0762032699557893,0.04796225007216348
MOZ_2478,MOZ,Maputo,181.487776,198.526144,200.60952,2607026.0,2651417.0,2981351.0,0.01810850565698896,0.002090087747822489,0.0033825290873932268,0.023733734480570146
MOZ_2479,MOZ,Chamissava,1.743218,2.241275,2.30368,11295.0,15466.0,0.0,0.05154700081425645,0.005507700707802599,0.06487432047420372,-1.0
MOZ_2480,MOZ,Maxixe,13.386822,19.009316,19.989132,124675.0,190227.0,195984.0,0.07264941511732737,0.010102600365047953,0.08817452969123285,0.005980799463038755
MOZ_2481,MOZ,Mocuba,5.157477,7.652357,7.774637,52520.0,163948.0,199959.0,0.08211043377827898,0.003175644491838714,0.25567220535713786,0.04051169672158439
MOZ_2482,MOZ,Montepuez,6.049743,6.67014,6.712159,96851.0,125694.0,171841.0,0.01971687117205234,0.0012567507676621847,0.053518309020846866,0.06454113779132098
MOZ_2483,MOZ,Nacala Porto,12.37626,12.99494,13.064545,180457.0,264498.0,304785.0,0.009803730663612953,0.0010689752618351367,0.07946789889440398,0.028760401769406974
MOZ_2484,MOZ,Nampula,28.371536,33.985428,34.50052,422998.0,796050.0,1044408.0,0.036768942577305896,0.0030130404845232217,0.1348028204981806,0.055810480285408914
MOZ_2485,MOZ,Pemba,9.06718,11.775545,11.873317,109729.0,240238.0,321575.0,0.05366306309645852,0.001655106224529801,0.16967189959957074,0.060054307038224675
MOZ_2486,MOZ,Quelimane,8.742096,9.371631,9.452636,220129.0,240627.0,253782.0,0.014004592127740967,0.0017227817134966017,0.017966343014752306,0.010702388002140406
MOZ_2487,MOZ,Bairro Icidua,0.33053,0.370699,0.377377,14599.0,17681.0,21731.0,0.023203710009379597,0.0035772381437593204,0.03905070919450471,0.04211243352776051
MOZ_2488,MOZ,Tete,8.697116,9.651964,9.716376,163323.0,200142.0,468246.0,0.02105253090181236,0.0013311434831033697,0.04149736936048454,0.185296953476769
MOZ_2489,MOZ,Tete (west),5.845921,6.658501,6.695406,83564.0,145961.0,0.0,0.02637178659440398,0.0011060583179960393,0.11800442365201946,-1.0
MOZ_2490,MOZ,Xai-Xai,14.597849,15.928752,16.073869,180839.0,192698.0,206881.0,0.01760346411811753,0.0018154723474115286,0.012784443884044094,0.014305265284232371
MOZ_2499,MOZ,Comone,1.45608,1.589713,1.597876,14883.0,16239.0,17977.0,0.01771622377271198,0.001024874934199227,0.01759217803952784,0.020543655932248717
MOZ_2511,MOZ,Cuacua,1.169252,1.398298,1.41835,14212.0,14529.0,14768.0,0.036426056689146113,0.0028517467986441947,0.0044217419646421785,0.003268535184238308
MOZ_2961,MOZ,Eduardo Mondlane ,2.17801,2.335152,2.344031,46459.0,55617.0,66897.0,0.014030591553370497,0.0007593104345953172,0.03663899199288356,0.037623541970944974
MOZ_3290,MOZ,Funganha,0.163975,0.380796,0.404849,10758.0,22497.0,23259.0,0.1835400199293229,0.012325411337796854,0.15898713084796956,0.006684278116663833
MOZ_3296,MOZ,Furancungo-Sede,1.165366,1.321693,1.334321,11689.0,13852.0,16921.0,0.025495241104000366,0.001903621125289412,0.03453937524637207,0.04083696705514406
MOZ_3297,MOZ,Furquia,0.194002,0.554908,0.596542,12154.0,24041.0,25135.0,0.23390849946308734,0.014574652523482223,0.14616372489116558,0.008939842014397792
MOZ_3504,MOZ,Napula,0.905868,0.993141,1.006694,17579.0,20281.0,22610.0,0.018566054807294785,0.002714542862908953,0.029008683787126177,0.02197962974199963
MOZ_3511,MOZ,Ginama,0.86414,0.879957,0.882176,12121.0,19035.0,23277.0,0.0036342378714837587,0.000503834870827502,0.09446754077271957,0.041057758485293805
MOZ_3620,MOZ,Guarneia,0.181495,0.272949,0.281733,12872.0,15835.0,17932.0,0.08503405314397261,0.006355078236143896,0.04230400691842817,0.025184738732899836
MOZ_3673,MOZ,Guro sede,1.077364,1.429792,1.447106,27205.0,34645.0,40852.0,0.05823490102215634,0.0024102441455573498,0.049538482459361655,0.0335096868213971
MOZ_4940,MOZ,Koca Missava,1.267576,1.279704,1.284628,11131.0,11486.0,11600.0,0.0019062918587422484,0.0007683712626942452,0.006298732897073611,0.0019771912039179274
MOZ_5485,MOZ,Magige sede,0.221538,0.330838,0.341385,14097.0,18796.0,22455.0,0.08351126570276435,0.0062961465407314066,0.059223841048812176,0.03621416459982618
MOZ_5646,MOZ,Maneia,0.923573,1.020911,1.031227,15927.0,19326.0,22864.0,0.020242312401531626,0.0020128208990843888,0.039445202274208224,0.03419407957574072
MOZ_5659,MOZ,Manhaca,0.387777,0.395712,0.399502,10273.0,11712.0,12997.0,0.0040594657615100616,0.0019082378761079433,0.02656571362410798,0.02103918846119046
MOZ_5674,MOZ,Manono,0.574003,0.624259,0.635554,10678.0,13186.0,15379.0,0.01692782367887191,0.0035927812465388342,0.0430968429821359,0.031247728866788504
MOZ_5702,MOZ,Mao Tse Tung,1.75194,1.758416,1.764518,11499.0,13633.0,14063.0,0.0007382040294685588,0.0006930723566107577,0.03463287104730095,0.006230109035200382
MOZ_5738,MOZ,Marriebe,0.133998,0.276957,0.309601,13827.0,19824.0,20713.0,0.1562794467766926,0.02253457489448496,0.07471340334551368,0.00881224070087927
MOZ_5868,MOZ,Mbiluane,1.771166,1.973653,1.984419,18233.0,21664.0,0.0,0.021885663948996603,0.001088599240466559,0.035085209693217934,-1.0
MOZ_5974,MOZ,Metuchira,0.580965,0.669415,0.67753,11239.0,12221.0,12806.0,0.028748213584097515,0.0024128333211512754,0.01689430371738232,0.009395468413975205
MOZ_5996,MOZ,Miengueleue,0.435627,0.470384,0.474755,10955.0,12708.0,14361.0,0.015471058581179031,0.0018516119393197084,0.030132205307194404,0.024758419515785723
MOZ_5998,MOZ,Mieze sede,0.645465,0.716455,0.72201,14953.0,21469.0,26191.0,0.02108816854457385,0.0015459035228193585,0.07502037739596368,0.04056221790375236
MOZ_6241,MOZ,Morimone,0.312248,0.3783,0.390627,13290.0,13521.0,13521.0,0.03912390339790317,0.006433729863641213,0.0034523777054260574,0.0
MOZ_6320,MOZ,Muambula,0.785547,0.918631,0.931165,11715.0,14370.0,16566.0,0.03179586842942528,0.0027140708460149376,0.041700553786585326,0.028850274482529636
MOZ_6322,MOZ,Muzingane,3.759168,3.772523,3.782042,27379.0,28198.0,29281.0,0.0007095220064028407,0.0005041404392629456,0.005912360870593103,0.007566036510642693
MOZ_6346,MOZ,Muindji,0.126944,0.686539,0.764479,22757.0,33963.0,33963.0,0.4015564902929596,0.02173923188395177,0.08337349714868969,0.0
MOZ_6359,MOZ,Vila de Maganja da Costa,0.383679,2.881821,2.978031,19758.0,36574.0,36574.0,0.4967173548527444,0.006589608131776892,0.13106065651411947,0.0
MOZ_6371,MOZ,Mundinwe,0.078771,0.131552,0.138911,12575.0,11987.0,11987.0,0.10801647835766359,0.010945716698403052,-0.009531878242808989,0.0
MOZ_6379,MOZ,Bilene Macia,6.309409,10.770738,10.912934,35594.0,104787.0,135318.0,0.11288773506387861,0.0026265791872557287,0.24104097922900225,0.05246977531974495
MOZ_6380,MOZ,Vila de Catandica,2.298896,2.993799,3.035269,28284.0,67259.0,90334.0,0.054242846633215436,0.0027551692673559725,0.1891644444202445,0.06076740667539493
MOZ_6381,MOZ,Vila de Mandlakazi,3.01938,3.329986,3.34662,12524.0,33478.0,35579.0,0.019776328531854626,0.0009970530263874178,0.2173158849067809,0.012247811484314752
MOZ_6382,MOZ,Vila de Manhica,7.128764,7.806348,7.965933,78891.0,85697.0,97456.0,0.018325769530426417,0.004055566667547694,0.016687845374815158,0.026050160559238256
MOZ_6383,MOZ,Vila de Massinga,7.19299,10.230825,10.606718,54831.0,79961.0,154693.0,0.07300127965769398,0.007242571887705829,0.07837648735916503,0.141086294235927
MOZ_6384,MOZ,Vila de Metangula,0.499949,0.565479,0.577725,10885.0,13196.0,15035.0,0.024939322496420058,0.004294157046443425,0.039256560375036775,0.026436826143169778
MOZ_6385,MOZ,Milange,2.27363,3.666884,3.773691,66141.0,144943.0,170580.0,0.1003110542030905,0.0057587808917649586,0.16989072494013757,0.03310906628524113
MOZ_6386,MOZ,Vila de Moatize,4.412102,4.887733,4.929455,52679.0,68486.0,84286.0,0.020686535990569688,0.0017014132572659157,0.05388410854512782,0.04239118106414441
MOZ_6387,MOZ,Mepera,1.425929,1.458004,1.459573,17465.0,59341.0,83442.0,0.004458880543540156,0.00021513316250909575,0.2771363150848385,0.07054756716707788
MOZ_6388,MOZ,Vila de Namaacha,0.953372,1.07227,1.103039,13766.0,13555.0,15481.0,0.02378403429499487,0.005674278306700531,-0.003084493350749229,0.026927769085836717
MOZ_6389,MOZ,Vila de Ribaue,1.233182,1.286527,1.288044,16367.0,20272.0,24253.0,0.008505673208160758,0.00023571755610141132,0.04372359870696907,0.03651066212088194
MOZ_6390,MOZ,Vila de Ulongoe,1.385831,1.723381,1.746602,20107.0,49212.0,67765.0,0.04456195933414553,0.0026804113029288423,0.19603736491825852,0.0660728556055814
MOZ_6391,MOZ,Cidade de Vilankulo,6.758798,8.122865,8.174504,52053.0,61298.0,68871.0,0.03745186013078872,0.00126822706157248,0.03323737658212789,0.023571103578324815
MOZ_6405,MOZ,Murrua,0.0754,0.130632,0.139077,13922.0,24060.0,30243.0,0.11618362277055039,0.01260751838432217,0.11562644091333585,0.04680514688206916
MOZ_6430,MOZ,Mutubua,0.648034,0.84448,0.855198,13882.0,13483.0,13483.0,0.054382806118008276,0.0025255774628585304,-0.005815703793418003,0.0
MOZ_6449,MOZ,Maguiguane,2.665638,2.783112,2.802039,27635.0,34476.0,39637.0,0.008662564224587666,0.0013564472180198628,0.04522907184342073,0.028292766843434736
MOZ_6485,MOZ,Nabula,0.490847,0.591969,0.608098,11056.0,12070.0,12103.0,0.038174995528207134,0.005390835450414411,0.01770485891957474,0.0005462132495639427
MOZ_6487,MOZ,Nacare,0.687437,0.785069,0.788515,15274.0,21597.0,27560.0,0.026916152631461854,0.0008763473032347147,0.07173676337106127,0.04997064433040199
MOZ_6543,MOZ,Nancuenhe,0.446406,0.473877,0.478563,16838.0,19088.0,23273.0,0.012015400366130802,0.0019699516739930534,0.025401584572920965,0.04044322994366367
MOZ_6544,MOZ,Ndenganamane,1.261597,1.649028,1.681201,10175.0,15270.0,18863.0,0.05502190414792474,0.0038719558356454797,0.08457833224635136,0.043168214426820395
MOZ_6549,MOZ,Nantide,0.610252,0.723495,0.737001,18606.0,24645.0,28780.0,0.034630470587417195,0.0037059729671784503,0.05782825052610696,0.03150750803856406
MOZ_6553,MOZ,Napuco,0.449275,0.490944,0.495287,19927.0,24312.0,27976.0,0.01789724934027448,0.0017630171292402075,0.04058066795309134,0.028473216890652076
MOZ_6664,MOZ,Nerrir-Mutonga,1.981781,2.75145,2.826324,50051.0,62438.0,78483.0,0.06782772571728435,0.005384219474846796,0.04521887762832821,0.04680387695077726
MOZ_6666,MOZ,Netia,0.35149,0.357614,0.359628,12939.0,14722.0,16503.0,0.003460560175620797,0.0011238253066727655,0.02615560132438932,0.02310266812778461
MOZ_6668,MOZ,Alua,0.776851,1.653828,1.679437,21376.0,47301.0,56800.0,0.1631360657891523,0.0030779305980053184,0.17216507230542644,0.03727904084441258
MOZ_6731,MOZ,Nhamizara,1.191297,1.535989,1.561418,16058.0,29213.0,36344.0,0.052140192990567824,0.0032893800784998817,0.12713760893092907,0.04465121332978739
MOZ_6732,MOZ,Nhassacara,0.359898,0.430822,0.436679,10140.0,11008.0,11512.0,0.036629796442356755,0.0027043220283695657,0.016562519233420225,0.008993740493526081
MOZ_6752,MOZ,Nicurupo,0.997996,1.022876,1.024897,16651.0,20624.0,24674.0,0.004937002673390145,0.0003948483790598978,0.04372603276901477,0.03650960777430301
MOZ_6771,MOZ,Nivale,0.156551,0.196307,0.204549,13617.0,14688.0,16133.0,0.04629942826820255,0.008259481904924204,0.015257590811880162,0.018944416819274945
MOZ_6888,MOZ,Nulone,0.860825,1.201105,1.225749,10319.0,23347.0,25440.0,0.06889050867553181,0.00407028506115803,0.1773855303161349,0.01731911487644444
MOZ_7154,MOZ,OUA,1.608143,1.612269,1.617843,15175.0,10248.0,10248.0,0.0005126126331287395,0.0006904936694680508,-0.07551028622124156,0.0
MOZ_7270,MOZ,Palma sede,1.13144,1.448747,1.489843,19297.0,31553.0,39973.0,0.05068420675825647,0.0056100176137725555,0.10334205513206118,0.04844394822060094
MOZ_7470,MOZ,Namiraua A,0.985952,1.078411,1.083343,11697.0,25404.0,30827.0,0.018088911499904547,0.000913010398482017,0.1677920727519182,0.03945533277690627
MOZ_7713,MOZ,Sambane,0.514615,0.534828,0.537566,13396.0,16994.0,20140.0,0.007734991998612495,0.0010217903290345998,0.048730974096797386,0.03455306204342046
MOZ_8224,MOZ,Sulemane,0.105849,0.145405,0.154814,11799.0,11248.0,11248.0,0.06556148952371288,0.012619247920832022,-0.00951929135111751,0.0
MOZ_8364,MOZ,3 de Fevereiro ,2.365492,2.604658,2.6326,10437.0,17112.0,21310.0,0.01944979928241697,0.0021363929244895274,0.1039388506185841,0.04485622776560616
MOZ_8563,MOZ,Tombua,0.425073,0.749914,0.789561,12724.0,20351.0,20351.0,0.12023616297880801,0.010356978335015032,0.09848066934508903,0.0
MOZ_8815,MOZ,Verde,1.39427,1.918988,1.943876,16973.0,24035.0,29190.0,0.06597022793470786,0.0025805146603878892,0.07205508976386854,0.039628062217145876
MOZ_8829,MOZ,Vila de Alto Molocue,2.668228,3.405064,3.458395,44729.0,61027.0,68791.0,0.04997865010350466,0.003113010043648945,0.06411010283326157,0.024240442974574616
MOZ_8831,MOZ,Vila de Buzi,0.439521,0.540171,0.552252,10244.0,10806.0,10874.0,0.04210223394419477,0.004433540738051134,0.0107391283083349,0.0012554040210974726
MOZ_8832,MOZ,Vila de Caia,2.29699,2.549994,2.570747,48876.0,53475.0,62539.0,0.021118185572415626,0.0016224170818897043,0.018148269440158016,0.031810701477488434
MOZ_8833,MOZ,Faina,0.512515,0.67562,0.683975,11366.0,15011.0,16984.0,0.056815521928288426,0.0024611395310276674,0.05720788760053086,0.025005206146288428
MOZ_8834,MOZ,Vila de Chiure,2.758202,3.191921,3.216034,37371.0,52198.0,62518.0,0.029639542596845203,0.001506332078599959,0.06911353750452287,0.03674092527950723
MOZ_8835,MOZ,Vila de Gondola,2.144481,2.492748,2.543644,38605.0,60328.0,71317.0,0.030555142416602177,0.00405057794088326,0.09338994114803123,0.034034020574482904
MOZ_8837,MOZ,Tambarara,1.108722,1.638689,1.665568,11000.0,45833.0,59320.0,0.08127154626849276,0.0032592346907329706,0.3303230621071791,0.052942296302021186
MOZ_8838,MOZ,Vila de Homoine,2.466645,3.384318,3.555789,20190.0,41690.0,52067.0,0.06530239331960219,0.009933931260141415,0.1560566473107925,0.045456896897476895
MOZ_8839,MOZ,Vila de Iapala,1.208878,1.248919,1.258328,20517.0,22733.0,25996.0,0.006538426884959314,0.0015022228989496345,0.020724593123027324,0.027188042834405568
MOZ_8840,MOZ,Vila de Inhaminga,0.921717,1.151226,1.172096,19962.0,21328.0,24708.0,0.04547246314832498,0.003599690900858432,0.0133260704795235,0.029858344198900655
MOZ_8841,MOZ,Vila de Inharrime,1.406681,1.952549,2.015485,15205.0,30233.0,35076.0,0.06777872624596193,0.006365003643809208,0.14735804172064682,0.03016256365241765
MOZ_8842,MOZ,Vila de Inhassoro,1.554317,1.74234,1.761385,15413.0,23102.0,26461.0,0.02310136010631636,0.0021766442698127886,0.08430754615180192,0.027522486068343177
MOZ_8843,MOZ,Vila de Insaca,0.930287,1.278566,1.307954,12148.0,20946.0,27017.0,0.06566631897305708,0.004555333491229607,0.11511398683643015,0.052221580543760915
MOZ_8844,MOZ,Vila de Machipanda,0.577541,1.18073,1.23327,19299.0,19336.0,20683.0,0.15375489203143577,0.008745275840742694,0.0003831458424667922,0.013559804115599317
MOZ_8845,MOZ,Vila de Macomia,1.355765,1.571446,1.611739,14818.0,19885.0,23977.0,0.029966285091790335,0.005076342329525474,0.06058920146289437,0.03813503911860283
MOZ_8846,MOZ,Vila de Magude,2.254692,2.429868,2.462429,16356.0,17362.0,18064.0,0.015077243253595496,0.002665812229460496,0.0120093616790089,0.007958924673986845
MOZ_8847,MOZ,Vila de Malema,1.530657,1.570756,1.579034,21768.0,34844.0,41344.0,0.005185393281607276,0.001051799860385394,0.09865641342544973,0.034801137360647605
MOZ_8848,MOZ,Vila de Mandimba,1.331195,1.816288,1.838452,23349.0,35898.0,46463.0,0.06411510298860823,0.002428755713132391,0.08983410280719739,0.05294915133905942
MOZ_8850,MOZ,Vila de Marromeu,1.770287,2.15557,2.178899,43353.0,68075.0,83967.0,0.0401684819230721,0.0021552218809293144,0.09444438848257475,0.042855647496365945
MOZ_8851,MOZ,Vila de Marrupa,1.307537,1.658867,1.670529,17424.0,40094.0,54577.0,0.04874889469907595,0.0014020827036795858,0.1813709973490938,0.0636189214984817
MOZ_8853,MOZ,Vila de Messica,1.600382,1.886063,1.908173,19406.0,28496.0,35737.0,0.033395360577406885,0.002333649148732464,0.07986527284505596,0.04632556834226009
MOZ_8854,MOZ,Vila de Moamba,1.43811,1.649807,1.669108,14477.0,20589.0,25234.0,0.027846371679648874,0.0023289158450716663,0.072979280823247,0.04152612746264195
MOZ_8855,MOZ,Vila de Mocimboa da Praia,3.120794,3.890444,3.968715,50214.0,67114.0,79663.0,0.045073446482183144,0.003991760896589813,0.059735934561022885,0.034876932876278355
MOZ_8856,MOZ,Vila de Moma,1.021808,1.024008,1.027632,26767.0,36399.0,42669.0,0.00043023890263493847,0.0007068071112152907,0.06340317016817476,0.032296850885147776
MOZ_8857,MOZ,Vila de Morrumbala,1.673414,1.930169,1.955323,25650.0,52591.0,68985.0,0.02895975218181923,0.0025929224901803938,0.1544225776153334,0.05576837296708215
MOZ_8858,MOZ,Bie ,1.408031,3.012126,3.189146,12986.0,39973.0,0.0,0.16426591605625096,0.01148687880525423,0.25215551024137084,-1.0
MOZ_8859,MOZ,Vila de Mueda,3.888973,4.295922,4.338581,39460.0,48581.0,60634.0,0.020103627399368884,0.0019781811252090886,0.04246593872800086,0.04532167056894454
MOZ_8860,MOZ,Bairro Rovuma 1/2,1.293881,1.355457,1.363485,16555.0,25329.0,0.0,0.009341852821342256,0.00118174877566668,0.08877407632482437,-1.0
MOZ_8861,MOZ,Vila de Mutuali,0.909293,1.138612,1.150818,10328.0,14683.0,16268.0,0.04600649631482279,0.002134879041640003,0.07290115768840155,0.0207135333320978
MOZ_8862,MOZ,Vila de Nacala A Velha,0.617587,0.631038,0.636703,24782.0,31807.0,39499.0,0.004318524734614693,0.0017890416707118106,0.05118044038012637,0.044269703472278765
MOZ_8863,MOZ,Vila de Namacurra,1.225589,2.188603,2.233197,18599.0,43477.0,52632.0,0.12296036266061816,0.004042298206409889,0.18509726259712012,0.03895816583259171
MOZ_8864,MOZ,Vila de Namapa,1.149012,1.153478,1.158198,30615.0,41582.0,63935.0,0.0007761577316642843,0.0008170581961766121,0.06314921306482879,0.0898498257286422
MOZ_8865,MOZ,Vila de Nametil,1.671529,1.705822,1.709845,30356.0,43369.0,51287.0,0.0040699256601199885,0.00047123442353513845,0.07395719726889838,0.03410723718330755
MOZ_8866,MOZ,Vila de Namialo,2.041399,2.274515,2.289046,61694.0,80568.0,98649.0,0.02186184042294448,0.0012744702514713158,0.0548335409393399,0.04132434264120732
MOZ_8867,MOZ,Vila de Nhamatanda,1.522569,1.991323,2.01486,35171.0,52352.0,63293.0,0.05514694378490348,0.0023528580598788373,0.08280365289361824,0.03868648478914882
MOZ_8868,MOZ,Vila de Pebane,1.587547,1.764701,1.785924,25907.0,25152.0,25152.0,0.021383665316095035,0.00239379204041712,-0.005897697143279368,0.0
MOZ_8869,MOZ,Vila de Quissico,1.085598,1.779564,1.834447,25269.0,24112.0,24112.0,0.10389792092368588,0.006093426492157494,-0.00932994466387893,0.0
MOZ_8870,MOZ,Vila de Ressano Garcia,0.994804,1.384615,1.402644,10539.0,13278.0,15778.0,0.06836167879056587,0.002590731015424952,0.04728926509603659,0.035103691657215164
MOZ_8871,MOZ,Vila de Songo,1.860964,2.102391,2.137674,20392.0,25537.0,28780.0,0.02469614740675996,0.0033341566858640093,0.04602487116616816,0.02419861125252032
MOZ_8872,MOZ,Vila de Xinavane,1.434605,1.53419,1.546198,17346.0,20285.0,22779.0,0.013513088407503204,0.0015605083164482725,0.03179907452824793,0.0234624856552057
MOZ_8874,MOZ,Vila de Mossuril,1.098293,1.170678,1.178395,24428.0,30925.0,34988.0,0.012847005099622555,0.001314918741473825,0.048297039717297485,0.024995318697766056
MOZ_9033,MOZ,Hokwe,2.161245,2.246871,2.254496,15707.0,16766.0,17141.0,0.007801098667242989,0.0006778021987186023,0.013134824486051633,0.00443384619920506
MOZ_9039,MOZ,Yacub Ossumane,0.664748,0.71767,0.721997,26463.0,29754.0,31982.0,0.015438324811664295,0.0012029490419114275,0.023720161165885933,0.014546722125064804
MRT_1352,MRT,Atar,1.61577,1.893845,1.92784,25632.0,19596.0,19596.0,0.032269221061393516,0.0035645481768458165,-0.05228667421694555,0.0
MRT_1707,MRT,Bassiknou,1.443514,2.017459,2.024555,10444.0,13079.0,14445.0,0.06924380679944453,0.0007024715272923032,0.04602372594577342,0.02006677279927427
MRT_1993,MRT,Boghe,0.939906,1.376753,1.387745,17089.0,18761.0,19453.0,0.07933018254475943,0.0015917253369750473,0.018844409396424178,0.007270513319998617
MRT_2143,MRT,Boutilimit,1.459458,1.878645,1.890296,16377.0,15409.0,15567.0,0.05179384225799777,0.0012372964736380165,-0.012111292128283657,0.0020423897933310453
MRT_362,MRT,Aioun El Atrouss,1.977602,2.252248,2.27382,26738.0,27354.0,33037.0,0.026349945200155878,0.0019083000863755473,0.004565790783838564,0.03847477584114567
MRT_3636,MRT,Guerou,1.543741,1.932066,1.959488,25325.0,31597.0,38093.0,0.04589841261564964,0.0028226397531638803,0.04524784113656555,0.038101611704674854
MRT_411,MRT,Akjoujt,0.800011,1.203911,1.21539,14993.0,16645.0,20274.0,0.08517476207578967,0.0018997199965022915,0.02112533536093797,0.040234201121010615
MRT_4293,MRT,Kaedi,2.174186,2.60098,2.653005,48858.0,51261.0,55554.0,0.036497033748796426,0.003968787405947971,0.009648670636665635,0.016215119272700473
MRT_4800,MRT,Kiffa,4.221333,4.995292,5.044525,56941.0,61988.0,73118.0,0.03424219808322326,0.0019634506290167053,0.017130100632177125,0.03357818844182647
MRT_5268,MRT,Lexeibe,0.563371,0.704332,0.70892,10502.0,10891.0,12771.0,0.04567466652448671,0.001299413363684554,0.007300730301909031,0.032360619049692785
MRT_5483,MRT,Maghama,0.44692,0.561015,0.567492,12023.0,14265.0,15868.0,0.04652338345281826,0.002298439212302439,0.03478895792004244,0.021527548512169536
MRT_5493,MRT,Magta Lahjar,1.205877,1.286986,1.297914,14100.0,15279.0,17903.0,0.013104308136382414,0.0016924926045551736,0.016190577491569602,0.03220551739957256
MRT_5864,MRT,Mbera ,0.180474,0.715612,0.724417,50000.0,60000.0,60000.0,0.31720264493028427,0.0024488080029125836,0.03713728933664817,0.0
MRT_591,MRT,Aleg,1.049785,1.185279,1.196431,17186.0,18788.0,21558.0,0.024575685710777506,0.001874708791727464,0.01798446108808327,0.027887496497127406
MRT_6658,MRT,Nema,1.842954,2.116152,2.140038,23960.0,27511.0,31751.0,0.02803161988071423,0.0022473697223093225,0.028025559745272988,0.029082531569351033
MRT_6851,MRT,Nouadhibou,5.355265,5.635438,5.710423,129573.0,146220.0,166740.0,0.010251123183432354,0.002647143218847292,0.024468131271856652,0.026612631445614543
MRT_6852,MRT,Nouakchott,49.402728,55.424108,55.93124,1060776.0,1245643.0,1448752.0,0.023268384746320647,0.001823343794576493,0.032651978134005555,0.030671082758843227
MRT_7549,MRT,Rosso,1.375299,1.454238,1.45701,34325.0,30458.0,30458.0,0.011224707562637937,0.00038094024109813773,-0.023621590681214055,0.0
MRT_7852,MRT,Selibabi,1.085471,1.61599,1.642482,30071.0,34888.0,41734.0,0.08283949779740563,0.0032574420612756505,0.030162272213935637,0.03648444210711799
MRT_8442,MRT,Tembedra,1.439422,1.773603,1.827034,15538.0,19927.0,23374.0,0.042638255762940336,0.005953817166284292,0.05101608043313566,0.03242431395649015
MRT_8497,MRT,Tidjikja,0.983402,1.487472,1.508232,11293.0,12732.0,13173.0,0.08628439925567477,0.002775859417952997,0.024277093297799146,0.006833395995641034
MRT_8519,MRT,Tintane,0.839322,1.650183,1.682302,14117.0,14328.0,16286.0,0.1447764861571028,0.0038628220873184738,0.0029715904187983533,0.025948997688055586
MRT_9186,MRT,Zoueiratt,2.338134,2.642126,2.647093,47188.0,45220.0,46260.0,0.0247474009797628,0.00037570268575115584,-0.008483838620223616,0.00455799418913716
MUS_1555,MUS,Bambous,0.912096,0.916679,0.918837,16509.0,17818.0,17901.0,0.0010029243436062707,0.00047038729221426934,0.015377738187349443,0.0009299110813747458
MUS_2034,MUS,Bon Accueil,0.454245,0.614805,0.635521,24645.0,24690.0,24805.0,0.06240338812569335,0.006650011902942232,0.0003649192067693985,0.0009298204944836463
MUS_2350,MUS,Centre de Flacq,0.950419,1.829004,1.86927,33287.0,53583.0,53832.0,0.1398820351082517,0.004364782821715707,0.09989309051852424,0.0009276764850132402
MUS_2397,MUS,Chemin Grenier,0.674988,0.688165,0.706575,17139.0,17040.0,17119.0,0.0038742298659462104,0.005294108294856326,-0.001157938473119846,0.0009255153035072627
MUS_3576,MUS,Goodlands,1.996069,6.12041,6.18766,31978.0,81943.0,82324.0,0.25118345605975323,0.0021879698006215254,0.2070690439832663,0.0009281900232809281
MUS_3605,MUS,Grand Bois,0.254959,0.287549,0.299089,11595.0,11525.0,11578.0,0.024349837561618903,0.007900628036961566,-0.0012103433079349024,0.0009180525072829404
MUS_5528,MUS,Mahebourg,0.928191,0.987309,1.003097,23699.0,23649.0,23759.0,0.012425671008768235,0.0031779254944963586,-0.00042231528222291814,0.0009285458962171589
MUS_7341,MUS,Plaine Magnien,0.496629,0.53783,0.54324,10638.0,10615.0,10664.0,0.016067568450829794,0.0020037420410472517,-0.0004327865538510389,0.0009215218848570572
MUS_7364,MUS,Port Louis,33.798932,35.154332,35.391648,620449.0,635064.0,640132.0,0.007894730240072034,0.0013465069663238793,0.004667332569734839,0.001590989056604597
MUS_7365,MUS,Port-Mathurin,1.470599,1.510793,1.510793,41942.0,43450.0,43652.0,0.005407543820321381,0.0,0.007089641393821955,0.0009280801079551981
MUS_7522,MUS,Riviere des Anguilles,0.430598,0.438721,0.442478,10709.0,10643.0,10692.0,0.0037447411863844593,0.0017068690391628394,-0.0012356580171266618,0.0009191019591336946
MUS_7523,MUS,Riviere du Rempart,0.602088,0.816589,0.825989,15094.0,19693.0,19784.0,0.06284200688676722,0.0022917315983908004,0.05463336558636689,0.000922482739524666
MUS_7545,MUS,Rose Belle,0.846202,1.376837,1.40671,28059.0,40269.0,40456.0,0.10225403212089224,0.00430218898312873,0.07492887995600528,0.0009270337512254923
MUS_8243,MUS,Surinam,0.777968,0.821723,0.827078,15087.0,14998.0,15067.0,0.011003692760581218,0.0012999746529898104,-0.0011826175517914983,0.000918434090518172
MUS_8612,MUS,Triolet,2.295047,2.413905,2.443163,33054.0,33820.0,33977.0,0.010149650920215247,0.002412453927907121,0.004592464339371993,0.000926725474544865
MWI_1522,MWI,Balaka,3.745599,4.359365,4.449604,61833.0,68289.0,79501.0,0.03081419520275963,0.00410614699568157,0.020060867342353905,0.030871107404227605
MWI_1591,MWI,Bangula,2.071563,2.265583,2.300074,30830.0,31183.0,33740.0,0.01806701419327439,0.003026405420567979,0.002279560782102008,0.015887079259886416
MWI_1966,MWI,Blantyre,40.374556,52.603196,53.769332,1057790.0,1136478.0,1307829.0,0.0543404639189502,0.004394907222698308,0.01445389790770113,0.02848505673240065
MWI_2225,MWI,Bunda,0.476493,0.533544,0.543546,10718.0,11650.0,13055.0,0.02287542136436249,0.0037214671319936166,0.01681614782195462,0.023034288934565827
MWI_2424,MWI,Chikwawa,2.298387,2.843254,2.884681,22475.0,26898.0,28742.0,0.04346647511418178,0.0028972190505061057,0.03658294188731048,0.013349830433072363
MWI_2434,MWI,Chintheche,0.94611,1.177851,1.236443,16058.0,17834.0,19580.0,0.04479177360752895,0.009756712858964622,0.021201541609633834,0.018855947669494277
MWI_2448,MWI,Chitipa,2.870304,3.311895,3.493275,30127.0,33694.0,37307.0,0.029034019581277493,0.010720893001614051,0.022631901935557197,0.020581169777131647
MWI_2667,MWI,Dedza,2.126954,2.581306,2.61467,37826.0,41716.0,48748.0,0.03948033732569556,0.0025717858055909204,0.01977050846272732,0.03164630906347998
MWI_2924,MWI,Dwangwa,0.970148,1.122791,1.14592,17820.0,21083.0,23179.0,0.029656074593802373,0.004086378173239202,0.03420097247842335,0.019136737900929734
MWI_2935,MWI,Dzoole,0.652529,0.830939,0.834557,10691.0,11206.0,12260.0,0.04952760275435786,0.0008693093340228497,0.009453824357275487,0.018141102689327004
MWI_3013,MWI,Ekwendeni,1.047408,1.260504,1.299387,12012.0,18645.0,21062.0,0.0377330973559209,0.0060946922796600855,0.09191646014974864,0.024678076001307447
MWI_4290,MWI,Mlolo south,0.738425,0.841905,0.849056,14002.0,14830.0,15799.0,0.026576549839023578,0.0016930241128594314,0.011556664090774937,0.012739361165247542
MWI_4581,MWI,Karonga,4.507633,5.066187,5.209453,66954.0,78348.0,91485.0,0.023638315107952668,0.00559286121682212,0.03193009267835012,0.03148851220270976
MWI_4622,MWI,Karungu,3.242565,3.594191,3.652321,69474.0,81960.0,107603.0,0.020804303654566203,0.0032139386282072913,0.033608159535519766,0.05595275109503417
MWI_5275,MWI,Lilongwe,50.198864,49.989252,50.4974,929918.0000000001,1028076.0,1382862.0,-0.0008365248455682872,0.0020248126675028733,0.02027234096650221,0.0610863417944556
MWI_5288,MWI,Lirangwe,0.434579,0.655514,0.695332,10880.0,16143.0,25803.0,0.08568202379683165,0.01186377662372795,0.0821091523907862,0.09834098844245642
MWI_5293,MWI,Liwonde,2.563796,3.325732,3.439316,43030.0,58950.0,69435.0,0.05341805273564493,0.0067391695230849535,0.064982552104349,0.033282147825384634
MWI_5349,MWI,Luchenza,1.622822,2.628574,2.740745,55320.0,72975.0,79072.0,0.10125999794286034,0.008392680207174097,0.05695959705356346,0.01617784955658208
MWI_5383,MWI,Lumbadzi,1.566828,1.771652,1.786616,40811.0,41922.0,49553.0,0.024876226057456208,0.0016835922866362818,0.0053862732671856595,0.03401203058095037
MWI_5457,MWI,Madisi,0.686373,0.748943,0.759836,14430.0,16424.0,18243.0,0.017601444870583682,0.002892122413494347,0.026224836249727268,0.021229764975083665
MWI_5473,MWI,Maganga,0.866247,0.999835,1.009843,22053.0,25128.0,59507.0,0.029099384346036983,0.001993962672866001,0.02645059118484605,0.1881794219222097
MWI_5572,MWI,Chimombo 2,0.686231,0.760591,0.775257,10086.0,11101.0,11928.0,0.020789442712587425,0.0038270695246218622,0.019362441118498275,0.014474431207778471
MWI_5612,MWI,Malindi,0.601134,1.142429,1.171665,20126.0,34508.0,40047.0,0.1370291146589513,0.005066615442431921,0.11386476018293257,0.030220149339150293
MWI_5654,MWI,Mangochi,3.331771,4.545995,4.590547,58824.0,85282.0,103000.0,0.06412038277154686,0.0019524161920125849,0.07711125694580212,0.03847481756499471
MWI_5888,MWI,Mchinji,1.988794,2.29666,2.311379,38667.0,41939.0,49910.0,0.029203800141363256,0.0012785010904927674,0.016378614395164304,0.03541368278746493
MWI_6137,MWI,Mitundu,1.007687,1.144741,1.153785,15647.0,17968.0,20320.0,0.025832174747076442,0.0015751255472540304,0.02804880186266301,0.02490778730942056
MWI_6144,MWI,Mkanda,0.339846,0.471223,0.477165,10198.0,14026.0,15682.0,0.06755156966474818,0.0025093231610664457,0.06581975437659549,0.0225711200108345
MWI_6292,MWI,Mponda,0.28939,0.4126,0.422437,10319.0,13078.0,15432.0,0.07351753031299668,0.004723465079691014,0.04852971830961961,0.03365634849486865
MWI_6294,MWI,Mponela,1.526743,1.77066,1.809034,27209.0,32580.0,38261.0,0.030086861301086953,0.004297335721448192,0.036687112968941005,0.032668779674488446
MWI_6297,MWI,Mposa,0.295471,0.643794,0.684787,11697.0,27745.0,33562.0,0.16854761287913944,0.012422332454253837,0.1885625657174066,0.03880162609076354
MWI_6357,MWI,Mulanje,0.84201,1.022834,1.06774,23796.0,26506.0,28668.0,0.03967495273924926,0.008630441205996764,0.021805054562828552,0.015805688241600002
MWI_6455,MWI,Mwanza,1.334399,1.506822,1.529512,27086.0,29812.0,33396.0,0.02460211710664817,0.002993658687602707,0.01936389617589307,0.022964748122501932
MWI_6468,MWI,Mabuka 3,0.29269,0.510576,0.528677,11714.0,14470.0,21836.0,0.11771351524076779,0.006991962259555784,0.04316417129048378,0.08577768287640586
MWI_6473,MWI,Mzimba,2.170259,2.401228,2.424991,30464.0,35743.0,44072.0,0.020432698520956638,0.0019714487304427486,0.032478019939869096,0.04278398250902127
MWI_6475,MWI,Mzuzu,11.77505,13.733324,14.040088,235582.0,252944.0,307087.0,0.031246722396482962,0.004428050632541591,0.014323425564533698,0.03955485235472955
MWI_6580,MWI,Namnja,1.393829,1.89888,1.963627,22722.0,32183.0,38588.0,0.06379416737410915,0.006728341201636567,0.07210172292547212,0.0369675088613155
MWI_6603,MWI,Nchalo,1.268537,1.31426,1.323546,15918.0,20503.0,27084.0,0.007107036287900215,0.00140913766638473,0.051927435740467986,0.05725337133672581
MWI_6612,MWI,Makoko,0.787671,0.894142,0.909785,12984.0,14467.0,15831.0,0.025681040645807673,0.0034747647688084804,0.02186610725688598,0.018183309194272024
MWI_6662,MWI,Neno 2,0.594993,0.702685,0.745659,15478.0,17949.0,20274.0,0.03383151113115557,0.01194268701941903,0.030066072709257208,0.02466012760151548
MWI_6682,MWI,Neno 1,1.159988,1.364002,1.389345,14184.0,15306.0,19658.0,0.03293335604158232,0.003688663910190959,0.015342575059511088,0.051321447529027564
MWI_6683,MWI,Ngabu 1,0.58979,0.681873,0.691675,14728.0,11510.0,11510.0,0.0294404234734138,0.0028586318425136703,-0.04811099677505093,0.0
MWI_6785,MWI,Phalombe,3.39381,12.139263,12.662614,90190.0,275554.0,474614.0,0.290330488576686,0.008477491549483185,0.2502868588844025,0.11487650963651586
MWI_6792,MWI,Nkhata bay,0.924111,1.252683,1.308948,14172.0,24839.0,27480.0,0.06273114581112615,0.008825942982682022,0.11876943477341917,0.02041427188779199
MWI_6794,MWI,Nkhotakota,2.550785,2.742942,2.773562,34707.0,39674.0,41759.0,0.014631997196768554,0.0022227361614444163,0.027111951331786566,0.010296434326991122
MWI_6802,MWI,Nkopola,2.636061,2.927178,2.953566,51050.0,57294.0,67918.0,0.021171617071480853,0.0017964987546601474,0.023346431455592453,0.0346063723340464
MWI_6804,MWI,Kamwendo,0.905648,0.938371,0.94525,16350.0,19041.0,21172.0,0.007124193905924114,0.001461877417570534,0.030942394788510796,0.021443681890753297
MWI_6860,MWI,Nsanje,2.050296,2.374664,2.428872,30679.0,35567.0,39497.0,0.029810038060173127,0.0045244039991914065,0.030009444940489516,0.02118252661336273
MWI_6874,MWI,Ntcheu,2.130183,2.287041,2.330925,33260.0,39967.0,45714.0,0.014311634853110045,0.003808502425691307,0.03742297351338242,0.027234352882372193
MWI_6875,MWI,Ntchisi,0.921664,1.01392,1.027284,18285.0,23741.0,26444.0,0.019262891558412765,0.0026223162157366087,0.053612243420984695,0.0217993641555152
MWI_7317,MWI,Nkhulambe,2.447116,2.902524,2.980432,47607.0,73332.0,0.0,0.0347233569239902,0.005311567253003524,0.09024610296247526,-1.0
MWI_7504,MWI,Rhumpi,1.560216,1.64192,1.662878,22619.0,25229.0,27547.0,0.010260686617252324,0.002539929640407834,0.022081028712714,0.017735338038873172
MWI_7701,MWI,Salima,3.81772,4.872444,4.970789,73778.0,76409.0,87086.0,0.04999820505263419,0.004004581145170771,0.007032594583001206,0.026504282256063494
MWI_7867,MWI,Senga,0.912884,1.057419,1.076559,22259.0,23913.0,0.0,0.02983181106252064,0.0035942057834021934,0.014438405789550579,-1.0
MWI_8198,MWI,Mabuka 2,0.915429,1.105194,1.138698,23443.0,28075.0,35024.0,0.03839543550619395,0.0059907973322630426,0.03671961476155783,0.04522357304488733
MWI_8481,MWI,Ruo/Muloza,1.292696,1.541086,1.563894,18391.0,29510.0,33600.0,0.03577659691344626,0.002942621474368412,0.09919001095728519,0.026299254838047625
MWI_8485,MWI,Thyolo,1.063879,1.185661,1.209088,22161.0,23562.0,29843.0,0.02191237817596936,0.00392085279696075,0.01233571649670484,0.048397714347000464
MWI_8727,MWI,Uliwa,1.016777,1.277339,1.328728,21538.0,24585.0,27684.0,0.046685220220924695,0.007919814293787297,0.026816805543733002,0.024027749757960404
MWI_9177,MWI,Zomba,8.519436,11.462872,11.899004,196440.0,277614.0,539895.0,0.06114936771282142,0.007496238854963089,0.07162364512022501,0.14228267093341018
NAM_3546,NAM,Gobabis,1.763279,2.13499,2.150661,20948.0,26871.0,32133.0,0.038998599090331654,0.0014637249853439727,0.05106180109407221,0.036414520637885195
NAM_3618,NAM,Grootfontein,1.296026,1.901094,1.923379,17440.0,18371.0,18371.0,0.07963753611560587,0.0023335234632666513,0.01045566559597133,0.0
NAM_3792,NAM,Oshikango ,1.548928,2.152822,2.271734,30544.0,21000.0,21000.0,0.0680593307961086,0.010810794239783261,-0.07219079542450413,0.0
NAM_4647,NAM,Katima Mulilo,2.672207,3.521519,3.570402,30768.0,36516.0,40976.0,0.05674934599018511,0.0027609572168325602,0.034848528126846245,0.02331484065942724
NAM_4690,NAM,Keetmanshoop,2.191703,2.329363,2.33895,22544.0,27193.0,30945.0,0.012257711913885583,0.0008217917009589737,0.038210051906987674,0.026187388145764157
NAM_5352,NAM,Luderitz,0.839026,0.892158,0.892982,12659.0,12758.0,12758.0,0.012356022954202128,0.00018465243801379927,0.0015592345771133775,0.0
NAM_7018,NAM,Okanhandja,2.129354,2.40738,2.431214,25087.0,31295.0,38395.0,0.024847759636357436,0.0019722827692967293,0.04521406501141967,0.04174144639331989
NAM_7091,NAM,Odangua,4.373706,5.378986,5.6176,25785.0,48000.0,71003.0,0.042245828308421496,0.008718717704734535,0.1323347104447441,0.08145161189724148
NAM_7126,NAM,Oshakati,6.458722,7.543872,7.691178,62231.0,78000.0,91610.0,0.031548243353596295,0.0038751650467214738,0.04620686289485598,0.03268924982687138
NAM_7142,NAM,Otjiwarongo,2.990841,3.311493,3.332389,30863.0,39517.0,47189.0,0.020577767103926226,0.001258855513039281,0.050676855450662694,0.03612311236196608
NAM_7496,NAM,rehoboth,3.332103,3.658431,3.674394,31024.0,39441.0,46841.0,0.018861824731617682,0.0008711500575753206,0.04918005297325112,0.034988795110599824
NAM_7581,NAM,Rundu,6.590029,7.544574,7.611459,71321.0,71321.0,71321.0,0.02742346300712506,0.0017668080740618208,0.0,0.0
NAM_8247,NAM,Swakopmund,4.39757,4.780919,4.853351,50203.0,75106.0,99574.0,0.016856630694087382,0.0030118478804126436,0.0838994415722758,0.05802094228068011
NAM_8650,NAM,Tsumeb,1.696705,2.276732,2.283846,20489.0,26277.0,31418.0,0.06057433757986175,0.0006241512059950161,0.05102005655257735,0.03638364505293867
NAM_8936,NAM,Walvis Bay,5.643727,6.019257,6.047529,68605.0,46906.0,46906.0,0.012967187551655046,0.0009376251126165247,-0.07322453896915315,0.0
NAM_9001,NAM,Windhoek,26.535256,27.924144,28.141778,357256.0,466165.0,566166.0,0.010255718475376874,0.0015539146402174797,0.05465891086453567,0.03963483836732151
NER_1288,NER,Arlit,2.237541,2.367538,2.37277,52419.0,64637.0,78151.0,0.011358645366121412,0.000441587950327893,0.042793923795973354,0.03870128678142337
NER_1422,NER,Ayorou Haoussa,0.72983,0.915529,0.927517,13434.0,16907.0,20843.0,0.04638156288285411,0.002605204234588321,0.04706162217501664,0.042746486486930024
NER_1455,NER,Badaguichiri,0.741047,0.961413,0.974767,15749.0,20929.0,27080.0,0.053447380025848146,0.002762687359441518,0.05852007524652758,0.052882812944629265
NER_1478,NER,Bagaroua,0.572219,0.679189,0.68563,10415.0,12478.0,14657.0,0.034869705949024166,0.001889519752378721,0.03680513961619436,0.032713897112717216
NER_1539,NER,Balleyara,1.001141,1.133031,1.149268,17487.0,24450.0,32958.0,0.025060052440671443,0.0028498281236344347,0.06933236270173926,0.061540082330494794
NER_1572,NER,Bande Haoussa,0.42066,0.454319,0.462142,10647.0,12581.0,14567.0,0.015514050115802869,0.0034203578577558513,0.03394534350258627,0.029748081665591064
NER_1576,NER,Bandio,0.203114,0.266782,0.270323,10407.0,12493.0,14705.0,0.05604720875521019,0.0026406192703853915,0.03721368228958921,0.03314114509916566
NER_1641,NER,Falmey Djerma,0.531272,0.595916,0.60367,10899.0,13778.0,17057.0,0.023230845847378667,0.00258894022795908,0.04799667695857179,0.04362216381256845
NER_1808,NER,Bengou,0.313631,0.396144,0.397251,13115.0,16454.0,20226.0,0.04782032875926223,0.0005582640117218762,0.04640700814597709,0.04214392682719392
NER_19,NER,Abala Maidagi,0.676803,0.867256,0.880679,15071.0,19002.0,23466.0,0.050840996541454686,0.0030765221325201875,0.04744553252151018,0.04310481594497251
NER_1934,NER,Birni N'Gaoure,0.77209,0.965869,0.98042,15376.0,20478.0,26545.0,0.04580342538762561,0.002995043614164361,0.0589826227634167,0.05326835988698719
NER_1935,NER,Birni N'Konni,2.443912,2.718533,2.725799,68114.0,83437.0,100230.0,0.021526903821506682,0.0005339824316872299,0.04141651158575277,0.03735596834493071
NER_20,NER,Abalak,1.469398,1.609538,1.615724,25197.0,26231.0,26231.0,0.01838585388800773,0.0007674887965867239,0.008075830535132278,0.0
NER_2145,NER,Bouza,0.687332,0.773538,0.788191,11331.0,13583.0,15965.0,0.023912907797620786,0.0037601818367212214,0.03692057552105199,0.03284379424596051
NER_234,NER,Agadez,4.379885,5.129592,5.171907,119502.0,139454.0,159313.0,0.03210533546948491,0.0016444216715718607,0.03136208168270982,0.026984876120475842
NER_2548,NER,Dakoro,1.362702,1.506234,1.52128,33623.0,41233.0,49586.0,0.020230518681169762,0.0019898952101091716,0.04164970376788468,0.037582954260508394
NER_2588,NER,Dan Issa,0.664549,0.716846,0.721422,16489.0,20076.0,23971.0,0.015265834104387421,0.0012734562682905626,0.04015143795897891,0.036100284558840956
NER_2733,NER,Diffa,2.388182,3.581549,3.647954,44886.0,53711.0,63014.0,0.08442793193451759,0.003680973019011269,0.03655050275747018,0.03246363029323107
NER_278,NER,Aguie,0.780892,0.962474,0.969914,19044.0,23973.0,29561.0,0.04270055945383655,0.001541257510967009,0.04711129076672438,0.042795977419404885
NER_2824,NER,Dogo Chaibou,0.363132,0.409729,0.412196,11074.0,13217.0,15464.0,0.02443978525254842,0.0012013207752565869,0.03601411915765507,0.03190042234286761
NER_2828,NER,Dogondoutchi,1.67699,2.408614,2.434754,38904.0,49847.0,62474.0,0.07509624919620927,0.002161181273832913,0.05082150942522179,0.046193596514629176
NER_2865,NER,Dosso,3.376801,4.13756,4.199381,62715.0,78855.0,97132.0,0.04147240517519668,0.002970581732852029,0.046867125290647405,0.04257334907913446
NER_2910,NER,Dungass,0.540759,0.56821,0.569808,13763.0,16543.0,19498.0,0.009952673759396458,0.0005618364264434739,0.03748119112838011,0.03341594759886424
NER_3246,NER,Filingue,0.914942,1.262802,1.280614,12802.0,19332.0,27546.0,0.06656748396902823,0.0028052451442222015,0.08592490302597566,0.07338704987408184
NER_3336,NER,Galmi,0.583904,0.753721,0.759339,14516.0,17841.0,21502.0,0.05238302204809364,0.0014863124674486805,0.042112119685247196,0.038034846442529746
NER_3416,NER,Gaya,2.489361,2.738544,2.757893,50368.0,61573.0,73817.0,0.01926325597879419,0.0014091098810213865,0.040991351783811414,0.0369390154875926
NER_3418,NER,Gazaoua,0.585067,0.659518,0.668448,16054.0,20654.0,25981.0,0.024245843064501615,0.002693489389872905,0.05168137515120308,0.04696059940028152
NER_3595,NER,Goure,1.051037,1.129031,1.144587,19561.0,24355.0,29723.0,0.0144194611203039,0.0027405746336559567,0.04481504136546355,0.04064092557419441
NER_3646,NER,Guidan Roumdji,0.621052,0.720299,0.730093,19492.0,24510.0,30193.0,0.030094265389254637,0.002704755208882803,0.04688115405231774,0.04258768595226692
NER_3649,NER,Guidimouni,0.226927,0.319878,0.323419,17029.0,20459.0,24102.0,0.07107440193677506,0.0022042303699594257,0.03738281991717596,0.033317384373171555
NER_4024,NER,Illela,0.953981,1.328638,1.347237,24284.0,29276.0,34610.0,0.06849720103903434,0.0027841628272204932,0.038097876960084154,0.034041507552951655
NER_415,NER,Akokan,0.719663,0.767607,0.776018,28775.0,35482.0,42900.0,0.012982517839372543,0.002181943454728996,0.04279406766208327,0.038699302832557514
NER_4522,NER,Kantche,0.425915,0.511864,0.520553,14328.0,17807.0,21694.0,0.03744798173827735,0.003372221846371648,0.044434086523438276,0.04027886563078509
NER_4534,NER,Kaoura Abdou,0.20037,0.247999,0.251054,10025.0,12574.0,15026.0,0.04357447074444565,0.0024516687439755103,0.04635201490488172,0.036272529697971345
NER_4694,NER,Keita,0.649782,0.681815,0.683212,10780.0,12886.0,15101.0,0.009670749997778394,0.0004094531379497113,0.03633430193093501,0.032232469892393256
NER_4958,NER,Kiota Mayaki,0.429171,0.575141,0.579081,15983.0,20304.0,25249.0,0.06030007474553778,0.0013663598268915944,0.04902215648077313,0.044557894047252855
NER_4963,NER,Kollo,0.523543,0.855677,0.869446,15865.0,20788.0,26575.0,0.10324381216675449,0.00319775368552655,0.055539588447805155,0.050345340087198265
NER_5439,NER,Madaoua,1.473623,1.984073,1.991537,29420.0,48694.0,73483.0,0.06129043755614938,0.0007512620334515496,0.10602910776784302,0.08578111925104381
NER_5440,NER,Madarounfa,0.539388,0.594286,0.599081,13136.0,16512.0,20333.0,0.01957421542771609,0.0016085181557115025,0.04680866297994557,0.04251030394889943
NER_5476,NER,Magaria,1.180227,1.428281,1.448238,28145.0,34088.0,40488.0,0.03889013567909316,0.002779058809941004,0.03905862965960627,0.03501098847272455
NER_5542,NER,Maine Soroa,0.800217,1.080692,1.111712,13886.0,15151.0,15999.0,0.06193719532312403,0.005675966158400492,0.017589992976505986,0.01095146987243023
NER_5708,NER,Maradi,12.492467,15.059211,15.178699,360960.0,451889.0,554362.0,0.038079946557417754,0.0015818964519858092,0.04595870418482484,0.04172320068079216
NER_5789,NER,Matameye,0.834426,0.988794,1.006005,30333.0,37485.0,45418.0,0.034531214313283876,0.003457222877083721,0.04325008799397434,0.039140085075040076
NER_5790,NER,Matankari,0.448337,0.537982,0.544796,14960.0,19338.0,24429.0,0.0371286528785828,0.0025204330265899966,0.052679080561711444,0.04784929787213743
NER_5821,NER,Mayahi,0.712784,0.756213,0.762324,14035.0,18101.0,22820.0,0.011899169138333443,0.001611012215773533,0.052199352682070765,0.04742422554306813
NER_6072,NER,Mirriah,0.821629,0.909189,0.921965,31080.0,32659.0,32821.0,0.020459287361576317,0.0027947517625777074,0.00996046711427856,0.0009901070014104452
NER_6721,NER,N'Guigmi,0.603917,0.688865,0.709531,25801.0,29833.0,33738.0,0.026671184588119345,0.005929283567376764,0.029466166053104148,0.02490705151977579
NER_6741,NER,Niamey,45.550872,57.505204,58.176992,1071481.0,1252318.0,1433073.0,0.047712416125549995,0.0023256004351743798,0.031682418907421184,0.02733181584842903
NER_7159,NER,Ouallam,0.478615,0.590741,0.597864,11425.0,14368.0,17701.0,0.04299484437848067,0.002399999851222079,0.04690680341978681,0.04260618406258199
NER_7732,NER,Sanam,0.548067,0.601153,0.607578,10182.0,12390.0,14786.0,0.01866239284219051,0.0021284788401114696,0.04003425283810946,0.03599075318335987
NER_7809,NER,Say,0.621644,0.686614,0.689908,14317.0,18215.0,22683.0,0.020079879948841084,0.0009576551037873138,0.04933807184943717,0.044850761186848276
NER_8290,NER,Tahoua,6.535887,7.383072,7.451825,134126.0,156570.0,178929.0,0.02467588079248828,0.0018555507420985329,0.03142847208584465,0.02705673922056606
NER_8329,NER,Tamaske,0.905769,0.963168,0.968652,23860.0,28405.0,33147.0,0.012364525380643032,0.0011361575082415865,0.035487524386025315,0.03135905745401235
NER_8367,NER,Tanout,1.0033,1.106821,1.114263,21493.0,26407.0,31815.0,0.019833598318111045,0.0013411500281665933,0.04204003631389641,0.03796467257122704
NER_8408,NER,Tchadoua,0.866218,1.032963,1.039618,24960.0,31788.0,39622.0,0.0358372203703452,0.0012852184856773086,0.04955142994721329,0.04504414850213179
NER_8416,NER,Safo,0.303228,0.340472,0.34336,10011.0,12739.0,15866.0,0.023440078246910412,0.0016907415436189233,0.049377082264697725,0.04488001448548884
NER_8418,NER,Tchintabaraden,1.158609,1.341226,1.350927,17168.0,17254.0,17254.0,0.02970545433492111,0.0014424197726203847,0.0009998624827549651,0.0
NER_8453,NER,Tera,0.915138,1.396576,1.412782,31768.0,42168.0,54508.0,0.08821722781126073,0.0023101209146954016,0.05827521704962235,0.052677762780891646
NER_8457,NER,Tessaoua,2.048947,2.232404,2.25912,46490.0,58980.0,73257.0,0.0172985218622006,0.002382097737362532,0.048742925929966985,0.04430864278104707
NER_8510,NER,Tillaberi,1.581403,1.858472,1.879783,30188.0,38531.0,51735.0,0.032815371126137416,0.0022829419365435477,0.05001423743160682,0.06070553375145615
NER_8579,NER,Toro,0.257699,0.323435,0.325733,10052.0,12704.0,15723.0,0.046489454411125175,0.001416975159498124,0.04794285523503228,0.043563752765843455
NER_8580,NER,Torodi,0.717334,1.032572,1.046526,13421.0,16280.0,19367.0,0.07557273754600113,0.0026882729905521874,0.03937892080708605,0.03533665590539936
NER_8595,NER,Toullou 1,0.308908,0.398158,0.403842,10097.0,12172.0,14546.0,0.05207150516906922,0.0028389824848582546,0.0380873946207434,0.036278118478261234
NER_8598,NER,Toumour,0.108666,0.554274,0.562114,10861.0,12248.0,14637.0,0.38524364110232034,0.0028130546296456505,0.024328067178789547,0.036280626574615615
NER_8622,NER,Tsernaoua,0.409618,0.699857,0.709738,13513.0,16109.0,18825.0,0.11307917026539194,0.0028079066836714794,0.03577007863986115,0.0316521335420179
NER_9070,NER,Yekoua Nagalabou,0.332194,0.391211,0.39611,12364.0,14889.0,17582.0,0.03324629037442617,0.002492078896133565,0.0378660521037224,0.03380957246508509
NER_9167,NER,Zinder,10.420896,11.949646,12.037252,260268.0,328174.0,405307.0,0.027755940292210735,0.0014619716640691394,0.04745814736416398,0.04312411792184867
NGA_1114,NGA,Alyi,0.811005,0.869613,0.884337,21800.0,21590.0,24611.0,0.014052636063462742,0.003363629671481627,-0.001934072320737723,0.02653869270768605
NGA_1135,NGA,Amachara,0.279657,0.607162,0.655243,15317.0,24531.0,28090.0,0.16771209253886377,0.015358856778322716,0.09877383238313664,0.027465616382494673
NGA_1137,NGA,Amagunze,0.404254,0.541537,0.561885,17190.0,10040.0,0.0,0.06021699550059667,0.007404440256249201,-0.10196850689875236,-1.0
NGA_1144,NGA,Amaokwe,1.111107,1.148725,1.166163,24240.0,30867.0,35186.0,0.006681384728350892,0.003017792527628682,0.04952396864301112,0.026538152998067055
NGA_1149,NGA,Amaseri,0.982881,1.103794,1.113606,14980.0,36587.0,41895.0,0.023475421923930817,0.0017715798513584513,0.19553693396132754,0.027465099514384583
NGA_1151,NGA,Amassama,0.65567,0.797338,0.803181,13663.0,39839.0,45068.0,0.03989964481508812,0.0014613495423416722,0.23866102361791053,0.0249719287812038
NGA_1173,NGA,Ambursa,0.822088,0.910704,0.912343,21111.0,21423.0,24585.0,0.020685128379944517,0.00035968248406081926,0.002938484824000165,0.027916849360824614
NGA_1176,NGA,Ameke,0.562335,0.587046,0.592887,17220.0,14269.0,16362.0,0.00863818032882202,0.001982090354025967,-0.03689845807076442,0.027752566739727147
NGA_1186,NGA,Amoso,0.438126,0.54963,0.563275,10254.0,21715.0,24865.0,0.046391686537252674,0.004916574687233277,0.16191217946955572,0.027461898794985062
NGA_1188,NGA,Amoya,0.922664,0.99421,1.005798,31161.0,19900.0,22529.0,0.015048772244061315,0.002320304413619967,-0.08578500987882276,0.025127225465215952
NGA_1189,NGA,Amper,0.514825,0.586716,0.590446,22680.0,12145.0,13954.0,0.026487489558638666,0.0012682629245881483,-0.11742647860401911,0.028158901583561047
NGA_1195,NGA,Tunga maje,1.002172,1.152577,1.158081,27900.0,25383.0,29439.0,0.028360855371740934,0.0009532580527922274,-0.018731744810082884,0.030092015261156124
NGA_1196,NGA,tunga maje,0.36964,0.463349,0.46754,11100.0,13713.0,15904.0,0.04622683140748007,0.0018024938889071862,0.0431863589448056,0.03008906809269818
NGA_1200,NGA,Anchau,0.40838,0.42867,0.42999,10403.0,20160.0,0.0,0.009745032314281588,0.0006151011880461965,0.14147495169557067,-1.0
NGA_1220,NGA,Anka,0.833987,0.923874,0.927171,21040.0,38611.0,44174.0,0.02068255676638131,0.0007127170354830348,0.1291017040560416,0.027285446250349343
NGA_1222,NGA,Ankpa,5.529693,5.997207,6.064779,116073.0,111603.0,126926.0,0.01636477216768517,0.0022433610374863466,-0.007823510225144603,0.026065168340891454
NGA_1244,NGA,Anyigba,1.422008,1.537687,1.55636,44564.0,27646.0,31441.0,0.015764850911137218,0.0024170006770218855,-0.09107169584393415,0.026060122875698477
NGA_1254,NGA,Aplapum,0.436238,0.4589,0.462996,17684.0,17173.0,19453.0,0.010180341732960896,0.0017787988569262225,-0.005847216688672052,0.025245999556901433
NGA_1269,NGA,Aramoko Ekiti,1.232943,1.308751,1.315208,39298.0,21658.0,24363.0,0.012005343082781339,0.000984800745355452,-0.1123340109080807,0.02381734568503502
NGA_1281,NGA,Argungu,3.843825,4.390633,4.417062,110865.0,145501.0,166981.0,0.02695805586106026,0.0012009928461735875,0.05587936694069229,0.027922129664025297
NGA_1291,NGA,Aro,1.624912,1.765431,1.791557,47845.0,41713.0,47550.0,0.01672658730590837,0.002942364473915493,-0.027057951016333903,0.026539864036606797
NGA_1292,NGA,Arochukwu,2.471171,2.503095,2.533466,48960.0,44603.0,65373.0,0.002570465760739493,0.0024149832837760954,-0.018467843675883833,0.07946078312105587
NGA_1304,NGA,Asa/Awara,1.413481,1.515011,1.529954,30000.0,40258.0,46054.0,0.013970131562302646,0.001964921920366347,0.06058672807662502,0.027266279011032957
NGA_1305,NGA,Asaba,20.2056,23.339336,23.42682,240395.0,356870.0,474913.0,0.029255861675794748,0.0007485485102616263,0.08222340496995373,0.0588167509215598
NGA_1306,NGA,Asaga,0.58059,0.650724,0.657169,11925.0,12834.0,0.0,0.023070247003271316,0.00197306915676676,0.01480063299975476,-1.0
NGA_1310,NGA,Sabon Gari ,0.482784,0.505328,0.506825,12850.0,14848.0,16987.0,0.009169459205475405,0.0005917856291539625,0.02932605540225164,0.027282158705638437
NGA_1320,NGA,Ashaka,0.730396,0.79162,0.794637,26451.0,11428.0,13014.0,0.01622921108736497,0.0007610750529056798,-0.15451554474441653,0.026332576994298584
NGA_133,NGA,Abuja,106.71216,164.422224,166.74304,1998816.0,3265077.0,3862890.0,0.09030830836103654,0.0028071905664146524,0.1031234633379905,0.03419821232257081
NGA_1331,NGA,Askira,1.097793,1.177765,1.181573,27010.0,62618.0,71860.0,0.014162708967060844,0.0006458138350611264,0.18313668791267235,0.027915947949291642
NGA_134,NGA,Abuja Military Areas,0.585715,0.843435,0.855581,10300.0,17724.0,30658.0,0.07565513428888115,0.0028636787519358275,0.1146663825002543,0.11582584317798417
NGA_135,NGA,Abukur,0.488721,0.551654,0.552969,10566.0,17148.0,19671.0,0.02452168278217126,0.00047629417816286157,0.1016929586555042,0.02783308404417939
NGA_1367,NGA,Atom,0.487278,0.560716,0.564055,23870.0,16071.0,18428.0,0.02847379123783922,0.001188150490716966,-0.07607206883476159,0.027748994352766232
NGA_1377,NGA,Auchi,9.100661,11.332898,11.469153,146838.0,149889.0,171683.0,0.044849185639686207,0.0023931109610804135,0.00412148643881971,0.02752289213265202
NGA_1378,NGA,Augie,0.390375,0.415245,0.417127,11186.0,14332.0,16447.0,0.012428781611690143,0.0009048139582221726,0.05081532264552413,0.02791210053731019
NGA_1379,NGA,Auna,0.513613,0.557882,0.561744,10922.0,13421.0,15434.0,0.01667294910586059,0.0013807042188305196,0.042069154422501365,0.028344723252101245
NGA_138,NGA,Abuochicie,1.164117,1.572931,1.610379,24950.0,31591.0,35786.0,0.06204424045745083,0.0047168489001885305,0.04833132898087,0.025250422222506508
NGA_1388,NGA,Madaki,0.599965,0.713215,0.714724,16624.0,18878.0,21762.0,0.035187240976217504,0.0004227966431176178,0.025756057450155856,0.02884171541823477
NGA_1391,NGA,Awgu,1.431496,1.796368,1.802474,21262.0,57349.0,65582.0,0.046456148983079926,0.0006788937429491604,0.21950713931441235,0.02719231485829554
NGA_1416,NGA,Aya Abam,0.656393,0.73435,0.7419,16900.0,15121.0,17129.0,0.022699000847291817,0.0020478357565314464,-0.02200020949968462,0.02525123049249256
NGA_1417,NGA,Ayadeghe,0.556789,0.605226,0.613029,20960.0,21458.0,24574.0,0.01682305812371432,0.0025653451092451096,0.0047073804188899615,0.027489334664857923
NGA_1426,NGA,Azare,6.180016,7.945476,8.061439,150900.0,197123.0,230423.0,0.05154064521885049,0.0029020761885993895,0.05489591861736076,0.031710155118916505
NGA_1427,NGA,Azare_2,0.56368,0.589051,0.59061,16222.0,17587.0,20182.0,0.008844090447157837,0.0005287664998776531,0.016289581209668613,0.02790857171530514
NGA_1435,NGA,Azuwa,1.953202,2.125462,2.161047,62132.0,36369.0,41417.0,0.01704750070709693,0.0033262469162580466,-0.10157215148690268,0.026335747223350525
NGA_1447,NGA,Babbangida,0.486871,0.566067,0.568385,16960.0,14907.0,17118.0,0.03060153771110863,0.0008176461410394076,-0.025475233528457708,0.02804601533912532
NGA_1448,NGA,Babban Gona,0.353581,0.415292,0.416744,10476.0,12573.0,14459.0,0.032697032541573634,0.000698291119556993,0.0371669880163068,0.02834743331734879
NGA_1452,NGA,Babura,1.012376,1.12121,1.130889,26381.0,54412.0,62230.0,0.02063163249357025,0.0017205964899107418,0.15579466927478247,0.02721421881490782
NGA_1454,NGA,Badagry,8.323792,8.912483,8.935919,129320.0,164966.0,220046.0,0.013760811870731526,0.0005253617466136618,0.04989471513379029,0.05931179224457206
NGA_1461,NGA,Lekki,1.707143,3.272466,3.391114,46633.0,69012.0,78869.0,0.13899298237110824,0.0071483587760907685,0.08154912835061046,0.027061250254855285
NGA_147,NGA,Achalla,0.779435,0.796261,0.802026,22503.0,13919.0,15805.0,0.004280680713232732,0.001443842287249364,-0.09160753544773059,0.025740003237234577
NGA_1473,NGA,Baga ,0.952977,0.9583,0.965367,33876.0,27701.3207462159,31789.0,0.001114643213399935,0.0014705719460637035,-0.03944625328970941,0.027910442568494176
NGA_1475,NGA,Bagale,0.222617,0.229296,0.22989,10200.0,10824.0,12403.0,0.005929699319842774,0.0005175715609038178,0.011946429427321492,0.027608746289536912
NGA_148,NGA,Achi 1,2.027519,2.792209,2.840334,35075.0,53260.0,84941.0,0.06609669740861834,0.003423569484547029,0.08712803737894159,0.0978505947670385
NGA_1483,NGA,Bagudo,0.999548,1.12877,1.137177,32694.0,28046.0,32186.0,0.024614177257839653,0.0014851680049363658,-0.030203585144219947,0.027919761754158
NGA_149,NGA,Achi 2,0.265063,0.285651,0.287408,10310.0,12338.0,14158.0,0.0150731211839632,0.001227156956558506,0.03656662178752623,0.02790133100407788
NGA_15,NGA,Abaji,1.698369,1.844342,1.869986,63838.0,34363.0,39854.0,0.016627563529641565,0.0027654909129573024,-0.11650853175695164,0.030092366563214012
NGA_1502,NGA,Baissa,0.696073,0.84997,0.854407,22845.0,38670.0,44511.0,0.040758009515283744,0.0010418636257079061,0.11100650543877388,0.028533960286036608
NGA_1505,NGA,Bajoga,1.972706,2.176589,2.188376,54030.0,68021.0,77686.0,0.019865293773344783,0.0010807323142365544,0.047132427433536295,0.026927891767148715
NGA_1511,NGA,Bakori,1.149534,1.246118,1.25571,24712.0,46580.0,53435.0,0.016266172054444583,0.0015347827224370114,0.13516323703463584,0.027839410644917795
NGA_1512,NGA,Bakumi,1.02228,1.091643,1.100785,34737.0,29244.0,33259.0,0.01321626770651374,0.0016693239437146623,-0.033840355893103635,0.02606407549415679
NGA_1513,NGA,Bakura,0.609958,0.690474,0.693143,14960.0,31999.0,36609.0,0.025107662014018706,0.0007718995297771869,0.16423583474103154,0.027283451009542103
NGA_1520,NGA,Bala Musa,0.503411,0.513829,0.514016,12200.0,17825.0,20357.0,0.004105121302456549,7.277626745727517e-05,0.07878262135032066,0.026920556828377684
NGA_1523,NGA,Balala,0.308188,0.350709,0.35189,12701.0,23798.0,27310.0,0.026186358973331547,0.0006725874822230971,0.13381058939460955,0.027912738179389773
NGA_1533,NGA,Bali,1.295532,1.396425,1.399454,38088.0,49035.0,56442.0,0.015111841946356064,0.00043344616732321484,0.051825274234421626,0.02853539804504779
NGA_1545,NGA,Bama,2.468631,2.562405,2.578731,80299.0,192228.0,220600.0,0.0074843738846774865,0.0012710364547798836,0.1907519519833416,0.027916345616570304
NGA_1549,NGA,Bambam,0.406818,0.615841,0.619717,11303.0,13516.0,15436.0,0.08645986516568516,0.001255609395848234,0.03640832089814716,0.02692166755421721
NGA_163,NGA,Ado Awaiye,0.417716,0.486319,0.490448,10755.0,10895.0,12446.0,0.030879789569584037,0.0016923247550522103,0.0025899893778378313,0.026976515452482808
NGA_1652,NGA,Bantaje,0.574076,0.597103,0.598528,19783.0,23062.0,26545.0,0.007896582054582657,0.00047684959765437185,0.031147904079086963,0.02853044695767748
NGA_1668,NGA,Barabarobara,1.516954,1.657973,1.674575,25800.0,46593.0,53175.0,0.017937253301094414,0.001994712765553297,0.12548625018930082,0.026779915116907027
NGA_1670,NGA,Barakin Babele,2.034621,2.314884,2.337288,38860.0,55640.0,63929.0,0.026145965814778682,0.0019281975044325161,0.07442688009908172,0.02816344244289848
NGA_1683,NGA,Bargu,0.489105,0.503035,0.506469,18437.0,14358.0,16477.0,0.005632314140367134,0.0013615995937743541,-0.04878051330910005,0.027914135929574924
NGA_1689,NGA,Barkin Ladi,1.068612,1.089671,1.093655,13280.0,25706.0,29535.0,0.003910667922909061,0.0007301628306262131,0.1412145120145385,0.028159504086570752
NGA_1699,NGA,Basawa,0.419575,0.448696,0.453663,11115.0,12600.0,14459.0,0.013511122120041907,0.0022042324280038272,0.02539740875676144,0.02790633474208115
NGA_17,NGA,Abakaliki,16.191743,28.843596,29.607412,354397.0,725581.0,832748.0,0.12240905165446248,0.0052410349863951655,0.1540886580980836,0.02793472962189858
NGA_1704,NGA,Bassa,0.527244,0.594341,0.598311,15000.0,14954.0,17343.0,0.024247255423733183,0.0013323782148366714,-0.000614087076201808,0.03008572696183065
NGA_1712,NGA,Batagarawa,0.755133,0.864669,0.873737,26404.0,15339.0,17596.0,0.02746086226821931,0.002088706374428151,-0.1029317939122304,0.027834950078202247
NGA_1724,NGA,Batsari,1.076425,1.198827,1.209569,24758.0,54066.0,62023.0,0.021773295399328818,0.0017856962758251438,0.16907328478450978,0.02784045163994331
NGA_1727,NGA,Bauchi,25.687896,27.60093,27.946352,528440.0,765157.0,896143.0,0.01446959755289945,0.00249053714615477,0.0768394917129962,0.03210849400696136
NGA_1728,NGA,Baure,0.450161,0.508648,0.511223,12080.0,14856.0,17042.0,0.024731047770115477,0.0010104439491118722,0.04223821068704692,0.027835785222160903
NGA_1743,NGA,Bazza,0.756206,0.816604,0.822011,38851.0,15191.0,17407.0,0.015486786645060535,0.0013207713971503665,-0.17122463685723,0.027608086355371597
NGA_1746,NGA,Bebeji,0.571692,0.627691,0.629889,13881.0,26261.0,30120.0,0.018865266770260458,0.0006993656872011922,0.13599939764592417,0.02780030344175244
NGA_1771,NGA,Bela,2.427097,3.306115,3.316772,43044.0,118143.0,134833.0,0.06376614498013056,0.0006438545372582372,0.22376794826256718,0.026780567050832094
NGA_1792,NGA,Bena,1.148234,1.290164,1.297996,25063.0,28000.0,32133.0,0.023582620582262903,0.0012111717842622216,0.022409780729452766,0.027918419946312723
NGA_1822,NGA,Benin City,122.67544,143.868928,146.198736,1569977.0,1587589.0,1843500.0,0.03238545355674338,0.0032180144746418726,0.002233599501924477,0.030341071799866226
NGA_1823,NGA,Benisheikh,0.567343,0.673683,0.6758,17092.0,45000.0,51641.0,0.03495621653037584,0.000627697002471006,0.21362335637607655,0.027913159397853216
NGA_1838,NGA,Beri,0.295566,0.334868,0.335969,10030.0,12686.0,14589.0,0.02528318494999815,0.0006567094348597369,0.048104908319947626,0.028348131862296455
NGA_186,NGA,Adikpo,3.101544,3.782311,3.853563,165847.0,66103.0,75801.0,0.04048508187719735,0.003739570088546973,-0.16803949479872637,0.027757732735265384
NGA_1873,NGA,Bichi,1.519091,1.89729,1.902668,34480.0,67590.0,77522.0,0.045466173005862975,0.0005662721697399231,0.14409750327744852,0.02779974223829229
NGA_1874,NGA,Bida,10.519668,11.528582,11.564162,304182.0,346745.0,402638.0,0.018485315759234178,0.0006164879211696395,0.026538729676235384,0.030340830756214743
NGA_1898,NGA,Billiri,2.575465,2.747035,2.752844,66164.0,41484.0,47378.0,0.012981952863654334,0.00042257143714530265,-0.08913969825119572,0.026926165560069215
NGA_1907,NGA,Bindawa,0.42398,0.447899,0.450225,11899.0,15519.0,17803.0,0.011036755789435526,0.001036476217900928,0.05455844454731551,0.027840891806273804
NGA_1913,NGA,Binji,0.386624,0.41103,0.412706,12871.0,14543.0,16606.0,0.012317960771418113,0.0008141853741840954,0.024727385557598902,0.026885935988900656
NGA_1936,NGA,Birnin Gwari,1.112062,1.773193,1.784831,28745.0,65563.0,75236.0,0.09780549798886917,0.001309227623678133,0.1792864293526788,0.027905940700799325
NGA_1937,NGA,Birnin Kebbi,9.793902,11.515683,11.65483,270256.0,199067.0,231155.0,0.03292024466569621,0.002405055700581693,-0.059313772958869304,0.03034057810437618
NGA_1938,NGA,Birnin Kudu,1.860991,2.062339,2.070764,51298.0,71122.0,81341.0,0.020758855646336727,0.0008157016508034687,0.06753151661571666,0.027214424539795612
NGA_1939,NGA,Birniwa,0.420122,0.448061,0.451074,10064.0,22535.0,25773.0,0.01296011132511965,0.0013413031445803636,0.17494459258433648,0.027215306711658505
NGA_1961,NGA,Biu,4.557353,4.915235,4.949678,132320.0,168393.0,193247.0,0.015234396707668907,0.00139756742552688,0.049396734402522346,0.02791628206131569
NGA_1983,NGA,Bode Sadu,0.603238,0.682783,0.687051,14507.0,16068.0,18469.0,0.025082458031278287,0.0012470633667585052,0.020650005869347954,0.028244302226452023
NGA_1986,NGA,Bodo,1.04939,1.077196,1.081258,14645.0,29023.0,33123.0,0.005244167892385576,0.0007530452889303874,0.14659642980365284,0.026780169799508924
NGA_2005,NGA,Bojude,0.423186,0.455159,0.460004,14901.0,15548.0,17757.0,0.014673617783939497,0.0021199191861849265,0.008536971508301905,0.026925675958404893
NGA_2006,NGA,Bojuega,0.651464,0.678599,0.683509,15680.0,11685.0,13399.0,0.00819504520435177,0.0014429289958219904,-0.057119765688401936,0.027752954854643797
NGA_201,NGA,Ado Ekiti,22.844044,26.107536,26.397772,382239.0,555388.0,644913.0,0.027066536688025167,0.0022135672038274823,0.07758689012806563,0.03034087189330159
NGA_2012,NGA,Bokkos,0.94557,1.199983,1.203902,18859.0,35482.0,40767.0,0.04880870117709146,0.0006523243106353327,0.13474397683924932,0.02815864699193482
NGA_2026,NGA,Bomadi,0.735973,0.864275,0.86978,12867.0,20322.0,23142.0,0.03266156639896867,0.0012706667956297046,0.0957155605219675,0.02632968041817274
NGA_2046,NGA,Bonny,3.805096,4.120684,4.159363,85365.0,121802.0,139009.0,0.016063238267567392,0.0018703005441575993,0.07368012760515086,0.026780707360779754
NGA_205,NGA,Adogo Gari,0.523164,0.568841,0.571878,19294.0,15125.0,17394.0,0.016882112470523847,0.0010655121453848615,-0.04752272693608228,0.02834967816434575
NGA_206,NGA,Iloshi,0.808682,0.950443,0.96512,29920.0,20817.0,23675.0,0.03283194025359926,0.0030695523065940034,-0.06998209330007321,0.02606380784546447
NGA_2065,NGA,Boria,0.392108,0.411137,0.413063,14370.0,11690.0,13437.0,0.009522892970504016,0.0009351632755885131,-0.040441297325179204,0.028247260697796817
NGA_207,NGA,Adoka,0.871528,0.979239,0.987699,27090.0,20418.0,23413.0,0.023579245680593885,0.0017219320381136605,-0.05498035020436087,0.027753047268730846
NGA_2157,NGA,Brass,0.658059,0.687277,0.687602,26272.0,21518.0,24342.0,0.008726419194507118,9.455824738813234e-05,-0.039136373336179364,0.024969331706213183
NGA_2186,NGA,Bugau,0.549809,0.572018,0.573104,15466.0,20340.0,46475.0,0.007951348236546973,0.00037942030206217225,0.056317776664253305,0.17970573303948667
NGA_2190,NGA,Buguma,0.510113,0.533621,0.535358,12300.0,32787.0,37419.0,0.00905143457916946,0.000650177841677424,0.21663222048681474,0.026781651530269235
NGA_2200,NGA,Bukkuyum,0.500101,0.525824,0.526317,14811.0,14219.0,16267.0,0.010081777697334537,0.00018744492983957528,-0.008125022024243034,0.027277278670194693
NGA_2203,NGA,Bula Chirabe/Banki [NGA],1.042131,1.06103,1.061038,35031.0,38231.0,43873.0,0.00360096379663144,1.5079641240145492e-06,0.017636380471835356,0.02791294374440767
NGA_2231,NGA,Bungudu,0.961216,1.042996,1.047211,21098.0,22642.0,25904.0,0.016464768697772136,0.0008069451731853583,0.014225906549055756,0.027283728124012807
NGA_2233,NGA,Buniyadi,1.4978,1.719695,1.733008,46960.0,49502.0,56845.0,0.028015163013535016,0.0015435255061593267,0.01059915673562739,0.028049213104076154
NGA_2236,NGA,Bunkure,0.464523,0.494571,0.498019,11623.0,26330.0,30199.0,0.012614833630307354,0.001390467560434372,0.1776778972562496,0.027799354513359242
NGA_2238,NGA,Bunza,1.373734,1.463331,1.467286,40626.0,38839.0,44572.0,0.01271673143859231,0.000539964121504477,-0.008956322899079328,0.02791881743641289
NGA_225,NGA,Afikpo,2.963241,3.301645,3.331898,82500.0,92610.0,106047.0,0.021863013851395996,0.0018259214626705766,0.023389100212978242,0.02746751670596126
NGA_2257,NGA,Buruku 1,0.498921,0.55396,0.561847,23125.0,11714.0,13432.0,0.0211494893198505,0.002831418687836873,-0.1271799870625977,0.027749070529712094
NGA_2258,NGA,Buruku 2,0.640515,0.668723,0.67072,13971.0,27907.0,32024.0,0.008656731309959476,0.0005965456004293213,0.14841044001939951,0.02790383162590171
NGA_2282,NGA,Buter,0.700785,0.982499,0.996944,21480.0,29934.0,34325.0,0.06991546227134138,0.0029233193784692357,0.06862688327048438,0.02775395881179099
NGA_2303,NGA,Bwari,3.764666,7.0406,7.119723,159392.0,121316.0,140705.0,0.13338286868573745,0.0022375849373943435,-0.05313009679627356,0.03009739672084044
NGA_231,NGA,Afukpilla/Kominio,0.66356,0.708859,0.714129,21800.0,12938.0,0.0,0.013295075073946228,0.001482494447007765,-0.09908850003711767,-1.0
NGA_232,NGA,Afuze,1.205443,1.363006,1.388119,41724.0,12449.0,14093.0,0.02487339112209419,0.003658082214606395,-0.21485529521561675,0.025117852840607968
NGA_2322,NGA,Calabar,23.425152,24.488384,24.64151,516941.0,473899.0,550289.0,0.008917236923607241,0.001247484779631769,-0.017236625831568375,0.03034106159142791
NGA_2355,NGA,Chadawa,0.453057,0.484044,0.488053,15500.0,20449.0,23350.0,0.013319497889935583,0.0016510003704062193,0.056983177592422996,0.026887723785103512
NGA_2356,NGA,Chafo,0.224162,0.263075,0.266161,11036.0,13716.0,15774.0,0.032531993254516944,0.002335167509476932,0.04443918433193983,0.028354545380487872
NGA_236,NGA,Agaie,1.559876,1.679034,1.684581,39435.0,55583.0,63922.0,0.014831368643206666,0.0006598656464971153,0.07105562809865473,0.02835170930527542
NGA_2365,NGA,Chanchaga,1.274123,1.646455,1.651317,33571.0,50618.0,58212.0,0.052610509899498004,0.0005899058447891292,0.08559576562954874,0.02835131520353218
NGA_2372,NGA,Charanchi,0.914441,0.991808,0.995331,21075.0,38213.0,43837.0,0.016375957997903035,0.0007094125121382966,0.1263898029404289,0.027841001796185205
NGA_241,NGA,Ago Are,0.900794,1.113577,1.133453,35223.0,17685.0,20203.0,0.04332341328249001,0.003544540873318347,-0.12872401390543453,0.026980411361732903
NGA_2411,NGA,Chia,0.508365,0.636812,0.640733,15111.0,14585.0,16724.0,0.04608534805375086,0.0012284248784970586,-0.007060824834078883,0.027748247933453873
NGA_2414,NGA,Chibok,0.721727,0.819246,0.82437,23334.0,41087.0,47151.0,0.025671470007883057,0.0012477884810131457,0.11980666410643437,0.027915216694732736
NGA_2429,NGA,Chinade,0.462287,0.524386,0.528397,11360.0,19364.0,22248.0,0.02552884800242894,0.0015251299815017827,0.11255976143230528,0.02815639324725039
NGA_2443,NGA,Chiromawa,0.590566,0.650185,0.660188,22440.0,20065.0,23013.0,0.019421294281771084,0.0030582078382386246,-0.022125182285887446,0.027795743281878504
NGA_2463,NGA,Cham,0.362793,0.388174,0.39056,10797.0,10030.0,11455.0,0.013616120200509618,0.0012263341211729006,-0.014629477096487209,0.026925249280095764
NGA_247,NGA,Agbogugu,0.545323,0.593583,0.60555,11935.0,16620.0,19006.0,0.017104387722352232,0.003999995379655452,0.06846849056013427,0.027192739692654344
NGA_249,NGA,Agbor,10.972661,12.592395,12.696865,146486.0,209170.0,238204.0,0.02791990333893124,0.0016537764408401934,0.07384266564549402,0.026336869992618528
NGA_2518,NGA,Dabai,0.547164,0.606287,0.60944,10716.0,26709.0,30640.0,0.02073298231198728,0.001037944574639349,0.2003972301178658,0.027841684247137843
NGA_2526,NGA,Dadin Kowa 1,0.824962,0.880011,0.883916,21276.0,19587.0,22370.0,0.013003232770501194,0.000885917814398951,-0.016406639829775305,0.02692709378282121
NGA_253,NGA,Ado/Isalu/Iyafin,4.487203,7.350113,7.488441,37404.0,200216.0,0.0,0.10373206526691114,0.003735950212389927,0.3986728554627761,-1.0
NGA_2532,NGA,Dagere,0.306177,0.329123,0.330122,10300.0,12811.0,14702.0,0.01455859384790914,0.0006063321510083597,0.04459793097085152,0.027918488365017424
NGA_2546,NGA,Dakaiyyawa,0.63243,0.668251,0.669741,14126.0,20950.0,23960.0,0.011079793034241892,0.00044554302895094544,0.08201421178679014,0.027213118888719467
NGA_2547,NGA,Dakingari,1.264908,1.455356,1.461184,33122.0,35001.0,40168.0,0.028447342439907652,0.0007996238767613573,0.011096902553775712,0.02792150307858554
NGA_2551,NGA,Dalahi,0.350069,0.37483,0.379199,13399.0,13479.0,15445.0,0.013762302884340327,0.002320396642224498,0.0011912772977049624,0.027604619349105963
NGA_256,NGA,Agenebode,1.515611,1.6719,1.681847,49140.0,21071.0,23854.0,0.019822313076338638,0.0011870820273232052,-0.15579095880421745,0.025121196536945778
NGA_2560,NGA,Damagum,0.770975,0.935288,0.937836,22230.0,21992.0,25254.0,0.03939593339144065,0.0005442661359764678,-0.0021504798205368436,0.028047283533857215
NGA_2564,NGA,Damasak,0.863347,0.975212,0.988345,27197.0,79323.0,91030.0,0.024666954598459245,0.002678970810063186,0.23872706302364421,0.027914713037164418
NGA_2566,NGA,Damaturu,10.18104,11.259162,11.399556,91696.0,178016.0,204423.0,0.02033500131979271,0.002481515889731334,0.14188332094945277,0.02804977848726975
NGA_2570,NGA,Damban,0.730394,0.833351,0.835097,20960.0,37079.0,42603.0,0.02672503757153133,0.00041868038319936574,0.12084961487063106,0.028164095577925208
NGA_2571,NGA,Danbatta,2.025886,2.256692,2.262113,51653.0,56797.0,65143.0,0.02181307889549955,0.00047997676148159307,0.019168446284849816,0.027799664552513814
NGA_2572,NGA,Damboa,1.377399,1.712524,1.722126,44381.0,192573.0,220996.0,0.04451668235650663,0.0011188791599376913,0.34115712913287166,0.027916419600513498
NGA_2586,NGA,Dan Alhaji,0.405357,0.428101,0.430202,10480.0,18200.0,20885.0,0.01097801878335769,0.0009796228718048638,0.11671415489689951,0.02790414731405466
NGA_2587,NGA,Dan Hassan,0.434658,0.537393,0.541519,11040.0,29708.0,34073.0,0.04334722562370574,0.0015308672081704167,0.21893590092687032,0.027797108620909894
NGA_2589,NGA,Dansadau,0.63871,0.706839,0.711461,14925.0,29585.0,33848.0,0.020477321395748982,0.001304386986121786,0.14665150858206877,0.02728817195957811
NGA_2590,NGA,Dan Tatashi,0.42291,0.463637,0.46884,10080.0,10346.0,11868.0,0.01855861525909286,0.002234420684138705,0.005222934000461477,0.027829344718858895
NGA_2598,NGA,Dandume,2.036033,2.381873,2.388916,44239.0,116184.0,133284.0,0.031874209109665985,0.0005906851056189932,0.21302067904015698,0.02784194964714648
NGA_26,NGA,Abduka,0.459629,0.816672,0.823922,10425.0,13285.0,15177.0,0.12183258038790767,0.0017692271935172421,0.04968042668457184,0.026986831897409802
NGA_2601,NGA,Dange,0.601605,0.656607,0.658498,14720.0,14705.0,16791.0,0.017650884162468516,0.0005753290345933415,-0.0002038874710783567,0.026886174006117702
NGA_2604,NGA,Danja 1,0.874156,0.972104,0.974606,17358.0,39350.0,45141.0,0.02146798032038788,0.0005142305993934837,0.17784735369415472,0.027839462460518494
NGA_2605,NGA,Dankama,0.536055,0.590376,0.593496,12640.0,23102.0,26502.0,0.01949210892616171,0.0010547262917024458,0.12818546741750203,0.027840707872665904
NGA_2610,NGA,Dapchi,0.489686,0.549762,0.550822,16800.0,13003.0,14931.0,0.023414123219767546,0.0003853243502038861,-0.04994913837495252,0.028037759814101282
NGA_262,NGA,Ago Amadu,0.976663,1.100116,1.118198,55281.0,24180.0,27623.0,0.02409147096326092,0.0032658878748597076,-0.1524290146981675,0.026982183575374963
NGA_2626,NGA,Darazo,1.413654,1.531936,1.5361,34720.0,52733.0,60589.0,0.016200722003872237,0.0005430357473752423,0.0871777423011828,0.028163686615621852
NGA_2637,NGA,Dass,0.953481,1.030259,1.04138,35014.0,25959.0,29826.0,0.015609780971173493,0.002149613053144872,-0.05809035027006704,0.02816167411750259
NGA_264,NGA,Agosasa,2.842237,3.742738,3.892002,82000.0,78714.0,90752.0,0.05658837370841896,0.007851915681489574,-0.00814628113024729,0.028870806229536194
NGA_2641,NGA,Daura,3.674388,4.30585,4.361762,109606.0,118426.0,141012.0,0.03222595837572939,0.0025836400486565214,0.015599658992891952,0.035527894868388366
NGA_2642,NGA,Dawakin Kudu,1.145686,1.44699,1.454266,26710.0,52372.0,60068.0,0.0478038375905534,0.0010036571686269369,0.1441555042961602,0.02780044782747426
NGA_2643,NGA,Dawaki ,0.670945,0.760048,0.765001,22699.0,26316.0,30183.0,0.02525245985072666,0.0012999545763041631,0.03001282097646185,0.027799744051995257
NGA_2653,NGA,Deba,0.614441,0.642977,0.644684,16227.0,11976.0,13677.0,0.009120549511417497,0.0005304047138574575,-0.05894564202730723,0.026918107830648186
NGA_2671,NGA,Deiba,0.363744,0.401319,0.404269,13536.0,14932.0,17187.0,0.019855815299321122,0.0014658484458864862,0.01982470189351493,0.028528710461465767
NGA_2677,NGA,Dekina,0.985064,1.044941,1.065387,37650.0,16256.0,18487.0,0.011871734187905325,0.003883057396354639,-0.1546243350978732,0.02605478519049953
NGA_2690,NGA,Dengebe,0.442214,0.497746,0.499048,10160.0,18077.0,20681.0,0.023941294914563427,0.000522611866183631,0.12213867303477088,0.027280478645492545
NGA_2691,NGA,Dengi,1.21853,1.264801,1.272471,29166.0,35627.0,40934.0,0.007481766257341205,0.0012099077179550388,0.04083161769275101,0.028160668605796024
NGA_2735,NGA,Marama,0.559426,0.616121,0.623438,13700.0,16031.0,18397.0,0.01949399711930999,0.002363979545335848,0.03192470381160284,0.027915178073676605
NGA_2741,NGA,Diko,0.499629,0.878733,0.888274,14991.0,16080.0,18492.0,0.11954578602090193,0.0021621654518362288,0.014124063771424611,0.028346722100213606
NGA_2743,NGA,Dikwa,0.890347,1.07366,1.079729,26377.0,168172.0,192993.0,0.03815331422495882,0.001127977951772996,0.4484571701539879,0.027915875717772654
NGA_2746,NGA,Dilpurtu,1.590397,1.71447,1.719526,39872.0,38837.0,44502.0,0.015137493474503216,0.0005891087555445207,-0.005246373992034203,0.02760633008345681
NGA_2776,NGA,Dirindaji,0.730516,0.765298,0.767785,18830.0,33171.0,38068.0,0.00934623918899935,0.0006490996900969659,0.11990619967756388,0.02792232701127717
NGA_280,NGA,Agumu Koshi,0.355462,0.408204,0.413136,12025.0,13380.0,15387.0,0.028056102051096987,0.002404844436650455,0.02158428996157169,0.028346722100213606
NGA_281,NGA,Agwa,1.344273,1.750296,1.767644,29602.0,53758.0,97083.0,0.054204352341324036,0.0019744807219130855,0.1267418093648831,0.12548579239992885
NGA_2826,NGA,Dogon Yaro,0.943813,1.082317,1.093907,17000.0,25796.0,29638.0,0.0277647185514589,0.0021325862863301737,0.08697783768654199,0.028156688485617254
NGA_283,NGA,Aha,0.50881,0.665482,0.679752,18994.0,13807.0,15773.0,0.05515469324056954,0.004252302616054582,-0.06179751647770726,0.02698238768419592
NGA_2831,NGA,Dokko,0.472571,0.489534,0.489916,14021.0,17945.0,20637.0,0.007078115881133051,0.00015601809915866127,0.050589109783094166,0.02834921363046683
NGA_2838,NGA,Doma,3.25376,3.424919,3.465076,98963.0,94468.0,108903.0,0.010306059563780279,0.00233406855158913,-0.009253894735765877,0.02884754245013932
NGA_284,NGA,Ahaba,1.32062,1.432318,1.452948,22875.0,29086.0,33156.0,0.01637111946735459,0.0028641909792805897,0.049215214043514255,0.026539408007155707
NGA_2848,NGA,Donga,1.246378,1.403544,1.416949,39456.0,24884.0,28643.0,0.024036063517558937,0.0019029086380852878,-0.08807015851739752,0.028536390619971375
NGA_2854,NGA,Donko,0.306617,0.349019,0.350613,13026.0,14625.0,16784.0,0.02624385099974824,0.000911753216702671,0.023427211759166955,0.0279214274880053
NGA_2899,NGA,Dukku ,1.383359,1.460247,1.465944,37434.0,42655.0,48716.0,0.01087692828733866,0.0007790641249254548,0.026456955778735747,0.026928803255303446
NGA_29,NGA,Abeokuta,46.696584,58.651688,59.368964,747542.0,924438.0,1071611.0,0.0466442232508979,0.0024340059246812373,0.04339424802142533,0.02998731174163649
NGA_2918,NGA,Dutse,4.112191,5.180993,5.2608,206887.0,117568.0,139145.0,0.04729238432725236,0.0030619521679888795,-0.10687718090295761,0.03427420866067288
NGA_2919,NGA,Dutsen Wai,0.628721,0.682314,0.684264,14431.0,22802.0,26166.0,0.016495038459975797,0.0005709320447535582,0.09581010997341943,0.027904764634568258
NGA_2920,NGA,Dutsi 1,0.503721,0.548624,0.550704,17073.0,14330.0,16444.0,0.01722482182873386,0.0007571133571004918,-0.03442220477014546,0.027903288670958037
NGA_2921,NGA,Dutsi 2,0.232132,0.285424,0.289069,10092.0,11332.0,12999.0,0.04220006277378907,0.0025411472415959313,0.023448195956538465,0.027828546837934454
NGA_2922,NGA,Dutsin Ma,3.030397,3.541695,3.564731,69845.0,121835.0,139766.0,0.03167362109884153,0.0012974748107714706,0.11770540008940356,0.027840896450215036
NGA_294,NGA,Ahoada,2.328454,2.532816,2.551891,43940.0,96237.0,109833.0,0.01696778477221761,0.0015017115867752562,0.1697590254359016,0.02678178086548222
NGA_2952,NGA,Echialike,0.166128,0.387929,0.428883,16330.0,22465.0,0.0,0.1848459326882128,0.02027516880701863,0.06586953103911508,-1.0
NGA_2959,NGA,Edor 1,0.358868,0.40536,0.407342,10732.0,13583.0,15386.0,0.024663417673916443,0.0009759892208474064,0.048245501535618907,0.025241094255044505
NGA_2962,NGA,Edun,0.964465,1.068673,1.071975,25174.0,35569.0,40905.0,0.02073186578790054,0.0006172003080626709,0.07157823874155356,0.02834999031555352
NGA_2967,NGA,Effium,1.856848,2.382912,2.449182,65665.0,66439.0,76079.0,0.05115395821321589,0.005501240970810839,0.0023463833430856784,0.027468087104462358
NGA_2969,NGA,Effon,1.397959,1.529802,1.538775,41397.0,30901.0,34761.0,0.01818843067944953,0.001170350340683468,-0.05680664384024858,0.023820793105241655
NGA_2970,NGA,Egbe Oke,1.715403,1.953303,1.975555,55757.0,36463.0,41469.0,0.02631503314856376,0.002268085371992079,-0.08143350619211553,0.02606348645059242
NGA_2972,NGA,Egbo Ide,0.816195,0.867753,0.871145,11500.0,24441.0,27833.0,0.012326110962480596,0.0007805697581142468,0.16274431858879823,0.02633280286307005
NGA_2973,NGA,Egbolom,1.030386,1.073622,1.078236,23341.0,39743.0,45357.0,0.008254782272723693,0.0008580466377869911,0.11231613648508221,0.026778426055464877
NGA_2976,NGA,Egubuma,0.486842,0.510995,0.513218,15669.0,18657.0,21292.0,0.009731076046521236,0.000868557127790881,0.03552385061482766,0.026774156682342287
NGA_2977,NGA,Egume,6.250569,7.383347,7.513578,121875.0,110164.0,130576.0,0.03387193230782071,0.00350306642672793,-0.020002396714197235,0.03458155846254374
NGA_2978,NGA,Egwi,0.589466,0.758709,0.763948,19558.0,13104.0,14955.0,0.051776093170471826,0.001377231383886901,-0.07696984701417664,0.026777886025374453
NGA_298,NGA,Aidu,0.734597,0.801568,0.804073,15652.0,34177.0,39207.0,0.017602684805478663,0.0006242451005387117,0.1690492829018082,0.027840993838089245
NGA_2980,NGA,Eha Amufu,0.511758,0.670362,0.677957,13465.0,30036.0,58206.0,0.05547742655848298,0.0022557401856344583,0.17405149956570698,0.141471655772486
NGA_2986,NGA,Ejigbo,4.351515,5.313375,5.459395,152387.0,90631.0,106534.0,0.0407489864717101,0.005436876698172277,-0.09870747225042742,0.03286198274824814
NGA_2988,NGA,Ejule,1.47796,1.811607,1.842461,57750.0,46000.0,52315.0,0.04155033264629937,0.003383286694908616,-0.04447694855270501,0.026062178838571537
NGA_2990,NGA,Ekan Meje,0.438999,0.506148,0.513078,20234.0,15274.0,17556.0,0.028875436226124984,0.0027234546342840282,-0.05469009576843331,0.02824014832591315
NGA_2993,NGA,Eke 1,0.973638,1.104133,1.116547,44423.0,14639.0,16648.0,0.02547428624413728,0.0022385970519926968,-0.1990955525706346,0.026053795648929956
NGA_2994,NGA,Eke 2,0.62025,0.649127,0.652315,10407.0,13123.0,15007.0,0.009142693546033476,0.0009803183705361374,0.04746981047686005,0.027193235547035677
NGA_2995,NGA,Afuda/Eguere,1.680309,1.789269,1.806683,51726.0,24310.0,27521.0,0.012645172832812301,0.0019389595113137315,-0.1401648151511804,0.025122699501945123
NGA_2996,NGA,Eket,12.551729,14.403951,14.52825,282970.0,490489.0,573602.0,0.027911242975018347,0.001719974645028488,0.11629190518178145,0.03180179001555028
NGA_2997,NGA,Ekinrin,0.868452,0.93709,0.942178,34930.0,15419.0,17536.0,0.015329715377720321,0.0010835641384729922,-0.15087520145932665,0.026064981065914816
NGA_3002,NGA,Ekpene Ukim,0.877897,0.94871,0.956355,23790.0,29939.0,34287.0,0.015635757500662484,0.0016064922184795272,0.04705276898708877,0.02749197697065009
NGA_3004,NGA,Ekpesa,1.106627,1.258004,1.282344,41413.0,19727.0,22333.0,0.025973520089410007,0.0038400171080721357,-0.13784595439658132,0.025125895468486314
NGA_3007,NGA,Eku,1.30819,1.656133,1.684101,45651.0,33762.0,38448.0,0.048298289582775045,0.0033549198924287538,-0.058553654274086875,0.02633494836117012
NGA_3008,NGA,Ekuku Agbor,0.680121,0.713788,0.718209,21674.0,14013.0,15958.0,0.009709893255731128,0.001235685542795073,-0.08352966787139604,0.026335775871375366
NGA_3009,NGA,Ekumtak,0.581321,0.746171,0.764404,12448.0,22759.0,25781.0,0.0511978666413655,0.0048400049187316,0.12826396906274806,0.02524891087879677
NGA_3081,NGA,Elele,1.326582,1.51032,1.523259,22511.0,59924.0,68389.0,0.026282621000677908,0.0017075701691937617,0.2163013855639775,0.026779269169226128
NGA_3086,NGA,Lokpaukwu,0.721432,0.748245,0.758901,15760.0,19690.0,22445.0,0.007325166484298151,0.0028321769875392366,0.04553337473037189,0.026537404739854775
NGA_3100,NGA,Emuoha 1,0.655854,0.700579,0.703581,20102.0,17192.0,19620.0,0.013281208616458873,0.0008555402685408442,-0.030791025760282253,0.026773189518293883
NGA_3101,NGA,Emure Ekiti,3.691023,4.036269,4.071121,98117.0,85134.0,95769.0,0.018044284854016768,0.001721007453798551,-0.02798771107304765,0.023821823724547553
NGA_3119,NGA,Enugu,45.752676,50.911592,51.295612,905042.0,1154280.0,1495637.0,0.02159800334610673,0.001504044774583324,0.04985298501798674,0.05318097661608934
NGA_3120,NGA,Enugu Abo,0.691919,0.786916,0.791727,14000.0,15100.0,17146.0,0.026064409746218153,0.0012197687408561642,0.015242482362354037,0.025739723007846438
NGA_3123,NGA,Enugwu Agidi 2,0.847673,0.889072,0.895591,14560.0,15649.0,17769.0,0.009582273572600553,0.0014621906467027213,0.014530348814382865,0.025735247170782127
NGA_3126,NGA,Epe,4.958557,7.544179,7.652043,114087.0,158330.0,180946.0,0.08755526415689019,0.002843314270708719,0.06773974827904183,0.027063167981372205
NGA_3127,NGA,Ajido,1.210589,1.479905,1.48586,27160.0,27577.0,0.0,0.04099207392524029,0.0008034891604586925,0.003052005771847721,-1.0
NGA_3129,NGA,Erin,0.511646,0.544466,0.552513,21421.0,15979.0,18241.0,0.012512133501060507,0.002938602193645945,-0.056934253138127056,0.026832980826774655
NGA_3137,NGA,Eruwa,2.843569,3.444785,3.491096,83427.0,43077.0,49212.0,0.039105563461679926,0.002674416648591915,-0.1238312391251517,0.02698739457367516
NGA_3140,NGA,Esa Oke,1.090288,1.174361,1.181625,37696.0,19596.0,22370.0,0.014967363379684517,0.001234048789066744,-0.12264686471886832,0.026832747566940984
NGA_3161,NGA,Etu,0.34412,0.383726,0.387686,10416.0,10689.0,12223.0,0.022026748863410717,0.002055505140482916,0.005187828386155058,0.02718376579427173
NGA_3168,NGA,Evwreni,0.475484,0.545614,0.559472,13500.0,10818.0,12319.0,0.027897759840729064,0.005028946072615614,-0.04332892835386892,0.026326861533710666
NGA_3170,NGA,Ewu,0.546881,0.59354,0.604262,13600.0,14971.0,17049.0,0.016509475789208583,0.0035870722275646028,0.019394721378334978,0.02633613587254402
NGA_3177,NGA,Eziama/Okpuala,1.109693,1.149249,1.174607,14000.0,27239.0,31161.0,0.007029649818583561,0.004374528033202818,0.14238534932956748,0.02726867539374478
NGA_3182,NGA,Fadan Karshe,0.455591,0.51712,0.523597,10100.0,10395.0,11928.0,0.025659577350064078,0.002492571015143996,0.005774508057350136,0.02789470138831529
NGA_3186,NGA,Fage,0.392823,0.394011,0.396191,18476.0,14576.0066769366,16727.0,0.0006041221988259959,0.001104127203413352,-0.04631243273117658,0.027911913748947637
NGA_3188,NGA,Faku,0.659095,0.759682,0.770992,22166.0,24624.0,28318.0,0.0288137593108424,0.0029599866769229877,0.02125513849004057,0.028349627264243837
NGA_3196,NGA,Faran,0.523769,0.566331,0.567134,13680.0,18534.0,21237.0,0.01574831102616092,0.00028341904575190924,0.06261663955296659,0.027601670679131995
NGA_3204,NGA,Faskari,0.710633,0.813807,0.818976,18842.0,28027.0,32152.0,0.02748433651364457,0.001267110555434714,0.08265459337266656,0.027841801065354277
NGA_3218,NGA,Sangere,1.280096,1.413369,1.433222,24363.0,17429.0,19971.0,0.020005712935289965,0.0027936631221681107,-0.06479172499721497,0.02760324814169346
NGA_3238,NGA,Fiditi,0.736069,0.780395,0.785375,21918.0,13738.0,15694.0,0.01176392451843844,0.0012730314105393603,-0.08919686270515081,0.026980097586325913
NGA_3243,NGA,Fika,0.524133,0.565957,0.569414,12960.0,14643.0,16815.0,0.01547301334155704,0.0012186736281061261,0.024719526978141282,0.02804792739299322
NGA_3245,NGA,Fili,2.218246,2.496736,2.52426,76112.0,48794.0,56086.0,0.023935459772929768,0.0021951401262743087,-0.0850809769683788,0.028247374242608148
NGA_3247,NGA,Filiya,0.889666,0.991516,0.996877,35000.0,22933.0,26191.0,0.02191446518345641,0.0010790431977072412,-0.08107817730507128,0.02692385370804229
NGA_3287,NGA,Fufore,0.761792,0.793395,0.797009,26064.0,18296.0,20965.0,0.0081626650675235,0.0009093662237318334,-0.06832805725912439,0.0276086303624401
NGA_3288,NGA,Fugar,1.44448,1.667286,1.702262,40167.0,13536.0,15324.0,0.029105061174260483,0.004160792181577833,-0.1955034428296254,0.02512390149762167
NGA_3293,NGA,Funtua,6.384224,7.178743,7.238228,164204.0,297323.0,341083.0,0.02373619378397307,0.0016517880943907048,0.12607924708780316,0.027841890199525654
NGA_3314,NGA,Gada,0.58664,0.689993,0.696024,18000.0,18107.0,20676.0,0.032986397161134384,0.0017420535926693237,0.00118607201620069,0.026890188507147084
NGA_3315,NGA,Gadabuke,0.493516,0.555335,0.565664,12800.0,13471.0,15529.0,0.023884012424812084,0.00369254613207759,0.010271201512557226,0.02884210848616653
NGA_3324,NGA,Gajram,0.393156,0.68616,0.696044,14187.0,107869.0,123790.0,0.11782057167595639,0.002864502879363462,0.5003798285984851,0.02791636911584683
NGA_3328,NGA,Galadi,0.419237,0.455679,0.455971,10050.0,24659.0,28212.0,0.016810171573581112,0.00012812755606206316,0.19663549193111995,0.027286741285772242
NGA_3335,NGA,Gali,0.714698,0.785788,0.791776,15360.0,31611.0,36320.0,0.019146377409905657,0.001519450713576287,0.15528571619750764,0.028161934530265498
NGA_3343,NGA,Gamawa,0.784738,0.974034,0.99746,23760.0,43527.0,50011.0,0.044166815130447956,0.0047644816349723396,0.12871022625117412,0.02816155484708638
NGA_3346,NGA,Gambaru,2.044702,2.228151,2.233403,60777.0,127744.0,146598.0,0.017332501598797734,0.00047097841862120404,0.16016631131408632,0.02791571781350055
NGA_3360,NGA,Gandi,0.558306,0.583313,0.583842,11111.0,26413.0,30160.0,0.00880185477883777,0.0001813119908835592,0.18908504413762817,0.02688715434908584
NGA_3365,NGA,Ganye,3.407693,3.55125,3.564712,99187.0,78893.0,90402.0,0.008286974733913155,0.0007570085870656218,-0.044750666768684666,0.027609033827888263
NGA_3374,NGA,Garaku,0.796264,0.844235,0.854696,37058.0,22203.0,25595.0,0.011768733501751338,0.0024660273152188328,-0.09737795463390753,0.02884202374157452
NGA_3377,NGA,Garam,0.618316,0.754901,0.763721,15300.0,13735.0,15795.0,0.040724798694414366,0.0023258855652539268,-0.02134989600534376,0.02834346683919331
NGA_3386,NGA,Garin Madsam,0.921338,0.981937,0.984909,25840.0,33850.0,38871.0,0.012821538057412818,0.0006046026199573173,0.05548783625855824,0.028048036846668456
NGA_3388,NGA,Garkida,0.616028,0.641001,0.642516,18089.0,18314.0,20985.0,0.007979386951474376,0.00047225191607846995,0.002475413983595187,0.027602501352448572
NGA_3389,NGA,Garko,0.882902,0.922949,0.925368,22015.0,37236.0,42707.0,0.008911426269551326,0.00052364062432253,0.11083323869776684,0.027796675707725926
NGA_3390,NGA,Garo,0.540736,0.601862,0.603222,11178.0,21697.0,24885.0,0.021650443754383186,0.00045152291126226984,0.14184490069572986,0.027797581032239504
NGA_3397,NGA,Garum Malam,0.447087,0.48692,0.4877,10625.0,19313.0,22151.0,0.0172158397917197,0.0003201760803452913,0.1269487348808409,0.02780025078908932
NGA_34,NGA,Abinsi,0.370869,0.428045,0.429307,10272.0,11042.0,12662.0,0.029090997558966603,0.0005889634648117426,0.014561893590009367,0.027758111914937267
NGA_3405,NGA,Gashua,3.618952,4.028651,4.044699,78287.0,170942.0,196300.0,0.021681112257882607,0.0007954270683665499,0.1690466075834014,0.028050157022091016
NGA_3410,NGA,Gatisa,0.395462,0.44425,0.45119,16296.0,13697.0,15706.0,0.02353933074049941,0.003105024589917571,-0.034151770695556416,0.027751282678174505
NGA_3414,NGA,Gaubi,0.919723,1.006727,1.016214,27780.0,12017.0,13937.0,0.018241829227596096,0.0018776570345797605,-0.1543069452704231,0.030088758718206154
NGA_3415,NGA,Gawura,0.388539,0.409034,0.414094,10200.0,20041.0,23026.0,0.01033397676726322,0.0024619694859349117,0.14462662368657253,0.028157913321251504
NGA_3417,NGA,Gaya,1.590633,1.640711,1.645075,36550.0,88872.0,101932.0,0.0062187836920555295,0.0005313994249838139,0.19447073682017235,0.02780119515473478
NGA_3435,NGA,Gbajimba,0.351588,0.538496,0.542946,17580.0,26144.0,29979.0,0.08900453313269874,0.0016473151246994,0.08260650634094158,0.027753634930205662
NGA_3445,NGA,Gboko,17.210108,18.868048,18.961114,380736.0,355854.0,408063.0,0.018564827624379054,0.000984552547272699,-0.01342619117502497,0.027758490461980534
NGA_3447,NGA,Gbongan,2.643619,2.817775,2.83613,75657.0,41300.0,47146.0,0.012841503901852569,0.001299419595311102,-0.11402761184761045,0.02683097282300828
NGA_3453,NGA,Gebe,0.309549,0.31853,0.319291,11050.0,18977.0,21669.0,0.005736443264532376,0.00047736401514075766,0.11422540373432155,0.026886069591023354
NGA_3459,NGA,Geidam,2.40667,2.891133,2.924913,75840.0,83211.0,95554.0,0.0373619287131568,0.0023259548122938067,0.018723872416106513,0.028048552952842476
NGA_3463,NGA,Gembu,1.168868,1.733362,1.742829,26682.0,49412.0,56876.0,0.08199377073432101,0.001089949517409261,0.13115679987093176,0.028535586572718596
NGA_3475,NGA,Gerkawa,0.73213,0.776055,0.781463,10300.0,17335.0,19917.0,0.011721221437453577,0.0013898469294262306,0.10972999366090685,0.028158370273380973
NGA_3478,NGA,Getso,0.538209,0.573193,0.573248,13040.0,27465.0,31501.0,0.012674757024371042,1.9190007253921948e-05,0.16064766599078784,0.027800790724850977
NGA_3479,NGA,Gezawa,0.955769,1.056136,1.065591,24140.0,59683.0,68453.0,0.020171956977761862,0.001784111627096463,0.19845760563349746,0.027799419863976826
NGA_3495,NGA,Giade,0.891473,1.009505,1.015995,23520.0,29521.0,33919.0,0.025179837044255526,0.0012824849170960384,0.04649883565370838,0.028164003690183792
NGA_3498,NGA,Gidan Ami Akwiya,0.308903,0.325912,0.327557,11915.0,11082.0,12775.0,0.010777684179686053,0.0010074430213891095,-0.014390638547587042,0.02884168640871443
NGA_3499,NGA,Gidan Dala,0.242646,0.258952,0.263993,11691.0,11637.0,13353.0,0.013092794835052546,0.0038634180943082352,-0.0009254990410824115,0.027892182108536945
NGA_35,NGA,Abiriba,2.391717,2.553419,2.576182,43965.0,42631.0,48596.0,0.013170320089531229,0.001776618817446396,-0.006143486075534499,0.02653792935166588
NGA_3519,NGA,Giri,1.034782,1.081386,1.087754,34806.0,16320.0,18700.0,0.00884948221705617,0.001174983398019469,-0.14056466039646642,0.02760046099310043
NGA_3521,NGA,Giringwe,0.442508,0.489826,0.4914,12444.0,11670.0,13453.0,0.020526159073176897,0.0006418527167313393,-0.01276130170873424,0.02884430328328591
NGA_3542,NGA,Glogbo/Seme [NGA],1.388328,1.562547,1.569129,13400.0,30386.0,34726.0,0.0239251286115294,0.0008410547220123465,0.17791444329850803,0.027061016944083693
NGA_3565,NGA,Gombe,22.806628,25.135696,25.20886,600870.0,595013.0,690926.0,0.01963789396773885,0.000581475550204269,-0.001957152461486422,0.0303410815525893
NGA_3567,NGA,Gombi,3.133355,3.732004,3.757383,84300.0,105904.0,121354.0,0.035586784760015755,0.0013563889925243267,0.046687307578234805,0.027610058093205492
NGA_3584,NGA,Gota,0.817141,0.871729,0.881595,19800.0,19470.0,22143.0,0.013017384620831907,0.0022533692461172983,-0.0033557804036539185,0.026063176115676434
NGA_3619,NGA,Guai,0.758058,0.846266,0.855754,20025.0,33507.0,38514.0,0.022258879263542086,0.0022323320856498796,0.10844105794451564,0.028245023012420267
NGA_3621,NGA,Gubio,0.609411,0.671776,0.684706,25213.0,98339.0,112853.0,0.019677506227238073,0.003820197910963774,0.31286555096002067,0.027915616706787993
NGA_3623,NGA,Gudi,0.370966,0.403356,0.410291,20075.0,12462.0,14366.0,0.01688275625012925,0.003415242164607646,-0.09095278925683825,0.028844222277364384
NGA_3624,NGA,Gudumbali,0.376431,0.383977,0.385294,17929.0,10016.6870528711,11495.0,0.003977467501057319,0.0006850393861685955,-0.10991064392797167,0.027914456588407965
NGA_363,NGA,Aisegba,0.655811,0.713781,0.723036,28325.0,11640.0,13094.0,0.017085018568677723,0.002579886363888617,-0.1629399551738372,0.023820618005725214
NGA_3657,NGA,Gulak,1.008921,1.075946,1.085463,30059.0,25233.0,28914.0,0.012946860489556844,0.001762821841588158,-0.03439640976299141,0.027608901925648244
NGA_3659,NGA,Gulma,0.659314,0.726292,0.7285,18422.0,32306.0,37075.0,0.019538880825811455,0.0006072818842248751,0.11889486868441135,0.02792065819115841
NGA_3662,NGA,Gumau,0.497427,0.525476,0.527355,13760.0,13563.0,15583.0,0.011031544931361159,0.0007141403893988763,-0.0028799121787129733,0.028156112484239326
NGA_3663,NGA,Gumel 1,2.387581,2.687223,2.69533,63258.0,86467.0,98891.0,0.02392729157499196,0.0006026470127873385,0.06450323814517245,0.027214817559727544
NGA_3664,NGA,Gumel 2,0.491278,0.53302,0.53889,15230.0,12460.0,14298.0,0.016443487722210826,0.0021929052142730665,-0.03935344911649241,0.027901382280073994
NGA_3665,NGA,Gummi,2.064112,2.337391,2.346062,46772.0,72940.0,83450.0,0.025178811964695402,0.0007408398398058846,0.09293910107673975,0.027287766681777015
NGA_3672,NGA,Gurin,0.571306,0.601104,0.601669,13752.0,19757.0,22639.0,0.010220475182012079,0.0001879167977316687,0.07515487198970439,0.027607458871728996
NGA_3674,NGA,Guroji,0.453798,0.4936,0.494717,12137.0,15516.0,17859.0,0.01695682360203632,0.00045218406704927716,0.050349139061173,0.028526470373511525
NGA_3675,NGA,Gusau,12.96835,15.402287,15.511954,290990.0,333791.0,387596.0,0.034999399227928496,0.0014199967625463383,0.027825318810530852,0.030340883442783184
NGA_3679,NGA,Guyuk,1.206704,1.25006,1.260064,54685.0,25419.0,29127.0,0.007084753806752886,0.001595464033000038,-0.1420577629796398,0.02760795815646877
NGA_3680,NGA,Gwadabawa,0.837528,0.917338,0.923757,23926.0,10567.0,12066.0,0.01837096792773041,0.0013955834134540268,-0.15078761017072173,0.026886212203881765
NGA_3681,NGA,Gwadainya,1.616855,1.668828,1.672181,36067.0,47303.0,54531.0,0.006347798275885941,0.00040151633509855067,0.055736977283382894,0.028847378639389243
NGA_3683,NGA,Gwagwalada,8.938776,9.390747,9.445114,244754.0,162889.0,188922.0,0.009914056988733266,0.001155212341778844,-0.07820915227952152,0.030097078576177605
NGA_3685,NGA,Gwandu,1.288779,1.41079,1.414371,31418.0,35208.0,40405.0,0.018255546407603518,0.0005071441780792885,0.023039880914947686,0.02791866272036514
NGA_3686,NGA,Gwano,0.30563,0.315256,0.316063,10053.0,15681.0,17968.0,0.006221229391544014,0.0005114414669615819,0.09298855525770677,0.027602605653528123
NGA_3687,NGA,Gwantu,0.756551,0.816398,0.826386,33369.0,20544.0,23575.0,0.015342919230432406,0.00243495882070377,-0.09245459365429043,0.02790585304954063
NGA_3688,NGA,Gwaram ,0.891707,0.955804,0.958834,17755.0,42277.0,48351.0,0.01397987067383788,0.0006332187610416096,0.18947877540573166,0.027212415120506428
NGA_3689,NGA,Gwarzo,1.428983,1.644446,1.653913,39040.0,64207.0,73642.0,0.028486299726425468,0.0011487485228289795,0.10462409933221717,0.027800061308009383
NGA_369,NGA,Aiye,0.361036,0.39011,0.396241,18410.0,12012.0,13661.0,0.01561081011251586,0.0031236407027106505,-0.08185281505077546,0.02606159756227111
NGA_3696,NGA,Gwoza,2.130627,2.285101,2.294717,69612.0,106311.0,122002.0,0.014097226217571368,0.0008402127171003304,0.08837565380968826,0.027916291757939415
NGA_370,NGA,Aiye/Ankpa,0.784921,0.924406,0.937117,19125.0,16789.0,19252.0,0.033254633362074904,0.002735087939433445,-0.02571800429438431,0.02775643525772753
NGA_3700,NGA,Hadejia,3.804526,4.309583,4.334647,144110.0,217734.0,249019.0,0.025243297064781345,0.001160478635436224,0.08604151419989026,0.02721474961601178
NGA_371,NGA,Aiyede 2,0.583653,0.648852,0.658879,23780.0,14071.0,15828.0,0.021405483552948246,0.003071759926559725,-0.09962666940057086,0.02381200033938491
NGA_372,NGA,Aiyede 1,0.71957,0.794643,0.797303,17286.0,18358.0,20972.0,0.020046106946167264,0.0006685884068635684,0.012106400622186042,0.026982153602497227
NGA_374,NGA,Olode,0.737291,0.854024,0.864924,23068.0,20925.0,23887.0,0.029831634926034356,0.0025396886316046974,-0.019311449891693422,0.026831607741446772
NGA_3749,NGA,Hardawa,0.550375,0.719851,0.732703,14110.0,22139.0,25437.0,0.05515626708052945,0.0035455083884430305,0.09427429433394319,0.02816206930180143
NGA_375,NGA,Aiyepe Odo,0.599798,0.693281,0.704873,14712.0,10899.0,12565.0,0.029392161635149128,0.0033219543674165575,-0.05823404348283634,0.028857358553264767
NGA_376,NGA,Aiyete,0.973322,1.174051,1.191762,34900.0,28461.0,32514.0,0.038212096330798584,0.0029990326451010407,-0.03996968800688483,0.026984878974339432
NGA_377,NGA,Aiyetoro,3.018673,3.384267,3.405951,70814.0,59952.0,69121.0,0.023127386498595248,0.001278187470051817,-0.03275407254063145,0.02887180810115053
NGA_378,NGA,Aiyetoro Gbede,1.648026,1.847161,1.86622,52010.0,22379.0,25451.0,0.0230765688686434,0.00205513468559837,-0.15520610931828305,0.026060183247769375
NGA_380,NGA,Ajagba,0.587475,0.6367,0.641669,19823.0,12250.0,13908.0,0.016223168448178615,0.0015560108080563406,-0.09177523143636979,0.025712666549821073
NGA_3805,NGA,Hildi,0.727612,0.802552,0.80577,23195.0,15643.0,17925.0,0.019799197036676874,0.0008006586700857188,-0.07575920544665005,0.027608821498445124
NGA_381,NGA,Ajaokuta,1.216282,1.249831,1.264927,78375.0,20864.0,23728.0,0.005456769752215207,0.002404099389738956,-0.232560755290534,0.02605989263245756
NGA_382,NGA,Ajasse Ipo,0.556105,0.611408,0.616749,16492.0,17018.0,19561.0,0.019142384127387446,0.0017410418386563098,0.0062989942634186225,0.028244764159163438
NGA_3827,NGA,Hong,0.458051,0.473561,0.474357,11317.0,12880.0,14759.0,0.006682267500751626,0.00033595053072454917,0.02621157623010073,0.02760974462398824
NGA_3841,NGA,Hungu,0.284181,0.29372,0.295476,10653.0,11333.0,12998.0,0.006624963321673505,0.0011928474152720359,0.01245234904994108,0.027794593342495677
NGA_3842,NGA,Hunkuyi,0.590624,0.62011,0.620665,13161.0,34344.0,39411.0,0.009791077309036167,0.0001789364519442227,0.21146925583909337,0.027905798204854726
NGA_3851,NGA,Iba,0.329296,0.377314,0.38189,10157.0,12914.0,14742.0,0.027598100675356285,0.0024138841363949837,0.049201894058259255,0.02683136274777964
NGA_3853,NGA,Ibadan,178.40432,200.97992,203.13544,3088477.0,3936156.0,4597892.0,0.02411672921476904,0.0021358669441304823,0.04970094013431137,0.0315666488937274
NGA_3855,NGA,Ibaka,0.687687,0.709617,0.711224,10222.0,30248.0,34641.0,0.006298069018051411,0.0004525106610195895,0.24231622579994583,0.02749271466200831
NGA_3858,NGA,Ibe,0.55828,0.576811,0.578197,18248.0,20321.0,23191.0,0.00655217778803574,0.0004801121226918337,0.02175309218892263,0.026774040401123855
NGA_3862,NGA,Ibelu,0.580148,0.615008,0.617447,14301.0,16727.0,19236.0,0.011738771373368984,0.0007919051928817478,0.03183517802471458,0.02834618750616169
NGA_3863,NGA,Ibi,1.041962,1.201729,1.205789,36186.0,36243.0,41718.0,0.028942088383399067,0.0006747818297767605,0.0003148406536446213,0.028536878677498878
NGA_3864,NGA,Ibia,0.45632,0.515476,0.529124,14700.0,19041.0,21540.0,0.024678890112192375,0.005240094178249111,0.053111811253703234,0.024970082692324036
NGA_3865,NGA,Ibiagidi,2.857759,3.241411,3.326306,80765.0,62414.0,70703.0,0.02551425145825781,0.005184121317974855,-0.05024461672741254,0.02525327448595771
NGA_3868,NGA,Ibokun,0.700164,0.78749,0.79931,24851.0,13268.0,15146.0,0.02378568813009574,0.002984080188446425,-0.11795179865657601,0.02682988021876498
NGA_3870,NGA,Iboro,0.539632,0.586301,0.601737,21420.0,12907.0,14881.0,0.016727541214880626,0.0052109627221545995,-0.09634809450089465,0.028872030679576
NGA_3873,NGA,Ibusa,3.040836,3.501425,3.513804,44272.0,53141.0,0.0,0.028609109133987065,0.0007060857261549369,0.037194287515214475,-1.0
NGA_3875,NGA,Icheabu,0.487896,0.554494,0.555906,14406.0,18528.0,21359.0,0.02592099776738599,0.0005087751895160864,0.051615615441163554,0.028846239965398812
NGA_3878,NGA,Idah,7.388482,8.257869,8.391452,187080.0,158490.0,180251.0,0.022498204106842223,0.003214556589848039,-0.03262490830363807,0.026065684655157018
NGA_3880,NGA,Idanre,2.664079,2.870685,2.881175,69236.0,66267.0,75241.0,0.015050590462268199,0.00072977011355424,-0.008727477092132618,0.02572620240907164
NGA_3884,NGA,Idere,0.532722,0.626714,0.638237,20108.0,13785.0,15748.0,0.03303194775819507,0.003650525295993967,-0.07272707592545546,0.026984117336457336
NGA_3886,NGA,Idi Emi,1.213259,1.482265,1.499082,38620.0,25647.0,29569.0,0.04086514672163233,0.002258866895423317,-0.07860710191864517,0.028868836639104112
NGA_3890,NGA,Ido Ekiti,2.51294,2.758828,2.795258,75067.0,51223.0,57622.0,0.01884589773281431,0.0026271365261143487,-0.07359009438557229,0.023822485780079727
NGA_3891,NGA,Idoani,0.669309,0.721869,0.729554,23158.0,10787.0,12247.0,0.015234447943963225,0.002120185729846069,-0.14169839266128237,0.025712877126802702
NGA_3893,NGA,Idomi,0.262044,0.303142,0.309919,14280.0,17003.0,19261.0,0.029566441250187925,0.004431717225916287,0.035522332433660875,0.025252071125319464
NGA_3894,NGA,Idon Kasa,0.463006,0.493538,0.495274,10030.0,19954.0,23143.0,0.01285387873034538,0.0007025042117321245,0.14748180257398524,0.030096561525481347
NGA_3895,NGA,Idowa,0.44636,0.556469,0.566711,13708.0,10873.0,12535.0,0.045083861576261874,0.00365426254534551,-0.0452821148847945,0.02885693682600876
NGA_390,NGA,Ajingi,0.416281,0.441092,0.442508,11900.0,13872.0,15910.0,0.011645882847421518,0.0006412200759866593,0.03114187427739834,0.027794335692957528
NGA_3900,NGA,Ifaki,0.856098,0.931996,0.940931,25551.0,16042.0,18046.0,0.01713386267337369,0.0019100794456172743,-0.08889145030147816,0.023822072428302477
NGA_3902,NGA,Ifangni/Idi Iroko [NGA],5.101765,5.977288,6.048091,33292.0,89198.0,118710.0,0.03218310538522373,0.0023579218698339677,0.21787592707341186,0.05883048739937702
NGA_3903,NGA,Ife 1,22.408904,25.437316,25.699944,498267.0,435711.0,614300.0,0.025675859045076077,0.002056428183904613,-0.026474616152134978,0.07111573236668844
NGA_3904,NGA,Ife 2,0.377971,0.409129,0.413411,15825.0,10978.0,12485.0,0.015968766781894628,0.002084518748408426,-0.07052887703422461,0.026060724552450454
NGA_3907,NGA,Ifetedo,0.597912,0.652842,0.658743,19689.0,17664.0,20164.0,0.017733718548305966,0.0018012871316359647,-0.021472400692433613,0.026827583514816622
NGA_3908,NGA,Ifewara,0.392687,0.435607,0.44041,12079.0,13895.0,15862.0,0.02096220489694489,0.002195536769393547,0.028408160082654232,0.026833145308824413
NGA_391,NGA,Aka Ese,0.783804,0.864535,0.869873,19160.0,24797.0,28394.0,0.019800031174059818,0.0012318448679158323,0.05293297653707896,0.027461333886242167
NGA_3910,NGA,Ifon,1.429631,1.506343,1.517932,49114.0,17526.0,19899.0,0.010508528810901918,0.001533979964796428,-0.1862415705821847,0.02572204353951113
NGA_3916,NGA,Igana,0.670208,0.830773,0.838995,20286.0,15546.0,20130.0,0.04388955761772939,0.001971571856273613,-0.051833846262546945,0.05304037344355783
NGA_3918,NGA,Igangan,1.129565,1.439831,1.469812,49483.0,24640.0,28149.0,0.04973592080984823,0.004130257272219495,-0.13016488433196471,0.02698583501093066
NGA_3919,NGA,Igarra,2.2464,2.669949,2.721658,80665.0,39206.0,44385.0,0.03514973448278824,0.0038437447756694,-0.1343676476577913,0.025124794224600233
NGA_392,NGA,Akana/Ogu,0.513405,0.596912,0.604511,16800.0,24087.0,27248.0,0.030599774689847203,0.0025332368165562613,0.07471840442444644,0.024968181438926873
NGA_3921,NGA,Igbaja,0.473069,0.513677,0.52041,17605.0,12350.0,14195.0,0.016607071061589762,0.0026078543887713135,-0.06844996682827875,0.028238090097848723
NGA_3922,NGA,Igbajo,0.569033,0.611971,0.616321,19697.0,16559.0,18903.0,0.014655649512820501,0.0014176110486230353,-0.034111924973913466,0.026831837227123234
NGA_3923,NGA,Igbanke,1.007728,1.210622,1.22287,45320.0,14227.0,16106.0,0.03736847814122246,0.002015283548650215,-0.20683291026531736,0.025120391834040356
NGA_3924,NGA,Igbara Odo,0.966896,0.992169,0.99645,35622.0,24099.0,27109.0,0.00517384135593546,0.0008614722745425851,-0.07518227573050862,0.023818316970897424
NGA_3925,NGA,Owena Ijesha,0.617668,0.67808,0.683464,19028.0,22708.0,25783.0,0.01883807493575418,0.001582993536875632,0.035993781439435324,0.025724933645260517
NGA_3929,NGA,Igbere,0.798396,0.88707,0.892484,15120.0,21752.0,24795.0,0.021287244843679165,0.001217678654643617,0.07544815955758932,0.02653316166467734
NGA_393,NGA,Akabuka,1.633177,1.782827,1.800516,38745.0,51475.0,58747.0,0.017689255797078474,0.0019765475591813075,0.058464113168051224,0.026781103953467555
NGA_3931,NGA,Igbeti,2.192183,2.470887,2.495392,68782.0,34660.0,39596.0,0.024224631129005525,0.001975676202176979,-0.12809182080243975,0.02698606658792313
NGA_3932,NGA,Igbidu,6.834366,10.964351,11.627724,376567.0,328962.0,378309.0,0.09914993727415244,0.01181789696463964,-0.02666868764343311,0.028348189973322446
NGA_3933,NGA,Igbo Emabama,0.312745,0.412633,0.417008,14711.0,18098.0,20501.0,0.05699934077047497,0.0021115919202621125,0.042311855780730934,0.025247909325319284
NGA_3934,NGA,Igbo Ora,3.211211,3.766541,3.804911,86044.0,74168.0,84731.0,0.03241610655372473,0.0020291613876517456,-0.029268337520885757,0.02698748860745548
NGA_3935,NGA,Igbo Tako,0.946847,1.031524,1.04713,35022.0,21956.0,0.0,0.01727859377871166,0.003007667606295561,-0.08915924275530862,-1.0
NGA_3938,NGA,Igbogila,0.833548,0.879917,0.889796,23339.0,21266.0,24518.0,0.010886086055584832,0.002235422464960557,-0.018431273254847835,0.028868441331808103
NGA_3939,NGA,Igboho,2.62632,3.238158,3.277992,66755.0,69973.0,79939.0,0.042773723321832824,0.002448270168380118,0.009460520975623332,0.026988648782502844
NGA_3940,NGA,Igbokoda,2.236664,2.420755,2.454038,54166.0,49395.0,56084.0,0.015944580568186373,0.0027348039940828794,-0.018271848253065492,0.025725608090757968
NGA_3942,NGA,Igede Ekiti,1.860215,1.96831,1.990303,64818.0,32249.0,36277.0,0.011360694885102385,0.0022247875557093177,-0.13031070344017792,0.023818617240183526
NGA_3943,NGA,Igodo,0.400865,0.435965,0.440395,18275.0,11901.0,13535.0,0.016929151595718173,0.0020240629698529133,-0.08220600061708683,0.026065206244020533
NGA_3944,NGA,Igogo Ekiti,0.492771,0.643616,0.650275,13505.0,13673.0,15381.0,0.05486367690714067,0.002060735476821396,0.002475679061451963,0.0238212790719885
NGA_3946,NGA,Igueben,1.050923,1.190168,1.210888,40407.0,14694.0,16635.0,0.025197348926092378,0.0034578648917882315,-0.18316058508844824,0.02512436040424304
NGA_3949,NGA,Iguobazuwa,0.450304,0.587552,0.598043,21301.0,10404.0,11778.0,0.05464937793577951,0.00354585271042418,-0.1335169526036244,0.02511890156259189
NGA_395,NGA,Akahufu,0.589111,1.927366,2.081927,31100.0,79098.0,116299.0,0.26751588937728665,0.01554754540366221,0.2052607748146027,0.08014508946072052
NGA_3952,NGA,Ihalav,0.826517,1.328283,1.341716,28704.0,42143.0,48325.0,0.09953172520352571,0.002014478531377817,0.07983302450839957,0.02775425366170947
NGA_3956,NGA,Ihube/Nduhu,0.895313,0.963898,0.972538,14800.0,18276.0,20907.0,0.014871923121687836,0.0017863274645315563,0.04309505559922533,0.027264107016339967
NGA_3957,NGA,Ihubogo,0.755684,0.795337,0.803976,20760.0,30594.0,34916.0,0.010281015139683936,0.002163034748055015,0.08064185047397143,0.02678057631034436
NGA_3958,NGA,Ihugh,1.068182,1.133794,1.138586,27960.0,26796.0,30727.0,0.011993632237639273,0.0008438780052413275,-0.008468398330694682,0.027756041189878955
NGA_3961,NGA,Ijare,0.777953,0.836232,0.855172,31200.0,13198.0,14985.0,0.014552871859728755,0.004489353438097421,-0.1580802334144007,0.02572212790095274
NGA_3963,NGA,Ijebu Igbo,4.766013,5.271088,5.320201,115115.0,109888.0,228847.0,0.020349624116625664,0.0018565796611937913,-0.009250937023831618,0.15802781479028782
NGA_3964,NGA,Ijebu Ijesha,1.462144,1.576185,1.595896,45213.0,34694.0,52174.0,0.01513408145887829,0.0024886843793781033,-0.05158544589594771,0.08502551737582098
NGA_3965,NGA,Ijebu Ode,21.107734,24.676064,24.98628,361507.0,405958.0,468047.0,0.03173189152210121,0.0025017580401114348,0.023464724698915918,0.028872767487200468
NGA_3966,NGA,Ijero Ekiti,1.337867,1.426807,1.436444,58990.0,49195.0,55340.0,0.012955712520758222,0.0013472135704524213,-0.03566370275018749,0.023820068076076062
NGA_3968,NGA,Ijoun,0.709604,0.911252,0.924784,20880.0,16884.0,19466.0,0.0512947313499843,0.002952493774026177,-0.0415952227454266,0.028869457368733142
NGA_3970,NGA,Ayetoro Iju & Ifa Ogbolu,1.893323,2.01466,2.023848,55080.0,30736.0,34898.0,0.012500882976059557,0.0009104548367828702,-0.110121563303901,0.025724285436366623
NGA_3971,NGA,Ika,2.687217,2.811627,2.896797,97541.0,111816.0,129598.0,0.009092534972464206,0.005986311674261113,0.027692884744621837,0.02995646844578803
NGA_3973,NGA,Ikara,0.917881,1.123797,1.141099,21976.0,35223.0,40419.0,0.041310620023694344,0.003060414120919175,0.0989439419707494,0.027902315438211867
NGA_3974,NGA,Ikare,6.701063,7.347205,7.404872,219075.0,128186.0,145545.0,0.018581282566530355,0.0015648617519903318,-0.10164176115286161,0.025725940554691018
NGA_3975,NGA,Ikeji,0.338395,0.374164,0.379829,10127.0,10469.0,11951.0,0.020299355837740007,0.003009910203884303,0.006664788509022523,0.026832980826774655
NGA_3979,NGA,Ikerre Ekiti,4.928967,5.307696,5.332529,173512.0,125028.0,140647.0,0.014915829070892839,0.0009339892787261217,-0.06344011144850903,0.023822425098485978
NGA_398,NGA,Akamkpa,0.881658,1.041405,1.062896,24000.0,31580.0,35774.0,0.033865161917366216,0.004093655268922802,0.056428665015956,0.025253062896586798
NGA_3981,NGA,Ikire,9.277421,9.993237,10.072246,229213.0,208692.0,238235.0,0.0149760266002259,0.0015762722912007199,-0.01858359965016243,0.02683332032132335
NGA_3982,NGA,Ikirun,12.360947,13.89322,13.999385,216776.0,346595.0,395661.0,0.023647037060487763,0.0015236493208874435,0.09840428632489928,0.026833881389561
NGA_3984,NGA,Iloko Ijesa,0.461772,0.515843,0.521693,20246.0,11010.0,0.0,0.02239328686974673,0.002257912583472965,-0.11470172644243926,-1.0
NGA_3985,NGA,Ikole,2.642891,2.867887,2.886283,95345.0,63231.0,71130.0,0.016474660494203208,0.0012796167036985828,-0.07885833772762818,0.02382222208956497
NGA_3986,NGA,Ikom,3.185018,3.545095,3.570506,67565.0,81429.0,92243.0,0.021652488858179497,0.0014294936554037907,0.03803372593783294,0.025252562700725623
NGA_3987,NGA,Ikoro,0.572993,0.602084,0.605251,22865.0,14638.0,16466.0,0.00995390787514805,0.0010498061747798992,-0.08533490215153972,0.02381449434438876
NGA_3988,NGA,Ikorodu,73.405072,93.83764,94.919,732343.0,1556359.0,2585533.0,0.05034071725580325,0.0022941959465285766,0.16273045872336822,0.10684819392572886
NGA_3989,NGA,Ikot,1.081999,1.199263,1.230459,84127.0,61360.0,70271.0,0.020792604779591883,0.005149225739225383,-0.06116344800090978,0.02749130778267239
NGA_3991,NGA,Ukpon,0.745518,0.783833,0.789641,22320.0,25446.0,29141.0,0.01007374368244185,0.0014775754084614956,0.026561722184756276,0.02748853739854895
NGA_3992,NGA,Ikot Akpaete,1.365654,1.470031,1.492362,33792.0,38461.0,44047.0,0.01483903209263171,0.00301987279544913,0.026222033807574707,0.027493664009067054
NGA_3993,NGA,Ikot Ankan,5.313525,5.826913,6.050869,149651.0,168706.0,193208.0,0.01861756558157146,0.007571427500282946,0.024259925287454465,0.027493102792586654
NGA_3999,NGA,Ikot Offiong,1.040541,1.582215,1.635008,99900.0,43968.0,49807.0,0.08742987458845075,0.006585979462696567,-0.1513780817341689,0.025252258290235474
NGA_4000,NGA,Ikot Ubo,0.796494,1.001412,1.021599,27608.0,29936.0,34283.0,0.0468538547049393,0.003999585642445069,0.016323025132491287,0.027488594405009614
NGA_4002,NGA,Ikpayongo,1.195164,1.508765,1.517848,45430.0,30410.0,34871.0,0.04770452482499343,0.001201142158608226,-0.07714230744800876,0.027754995402214933
NGA_4006,NGA,Ila,3.256724,3.688907,3.768144,65065.0,110911.0,126612.0,0.025234826333947025,0.00425951893828036,0.11256511260894264,0.026833548974623866
NGA_4008,NGA,Ilara,0.886804,0.97001,0.979732,28800.0,14530.0,16497.0,0.018098303182133124,0.0019965272426119007,-0.12788325478906903,0.025717752344665
NGA_4010,NGA,Ilaro,4.617608,6.003927,6.211764,92160.0,108866.0,125516.0,0.05391034687210983,0.006829446722626642,0.033879585463640005,0.028872039062796784
NGA_4011,NGA,Ilasa Ekiti,0.404249,0.566025,0.580214,17760.0,10268.0,11550.0,0.06963925248894998,0.004964031012779646,-0.10379248827189036,0.023809664462111302
NGA_4012,NGA,Igbaraoke,1.078894,1.166469,1.177106,41475.0,20623.0,23415.0,0.015731415019245132,0.0018171784302702942,-0.1304128982252838,0.02571915064549679
NGA_4013,NGA,Ilawe Ekiti,1.346405,1.454931,1.475253,44516.0,29613.0,33312.0,0.015624891662171292,0.002778056404541651,-0.07829221733414415,0.023820120554564506
NGA_4014,NGA,Ile Igbo,0.890919,1.013724,1.018877,25486.0,32967.0,37634.0,0.026162882170827517,0.0010145866672344184,0.052823450622783374,0.026833882066572334
NGA_4015,NGA,Ile Oluji,2.644448,2.940817,2.982984,95207.0,31572.0,35847.0,0.021472299266404926,0.0028513991047667275,-0.19808812871507986,0.025723119135124817
NGA_4018,NGA,Ilero,1.003098,1.136277,1.148149,37546.0,24380.0,27852.0,0.025246204750345003,0.002080952545179038,-0.08273672640036411,0.026986032544788374
NGA_4019,NGA,Ilesha,16.203861,18.004812,18.140618,293167.0,345959.0,394935.0,0.0213016096350096,0.001504021299558067,0.03366999531788917,0.026833900032468216
NGA_4020,NGA,Ilesha Ibariba,0.796273,0.991068,1.019281,32830.0,20654.0,23740.0,0.04474016809937775,0.005629708830144464,-0.08852101930261558,0.028241926889348345
NGA_4021,NGA,Ijesu Isu,0.385887,0.419686,0.430917,17000.0,11090.0,12475.0,0.01693423208553746,0.00529570966686066,-0.08188617946703691,0.023815739012419623
NGA_4023,NGA,Illela,2.010168,2.291832,2.302376,40600.0,41040.0,46863.0,0.026573584145566098,0.0009184486067346231,0.002158152316471096,0.026891471537242362
NGA_4030,NGA,Ilorin,72.051704,76.59888,76.920696,891330.0,1577534.0,1831825.0,0.012314908192783802,0.0008388544040880408,0.12095464470878459,0.03034116327226566
NGA_4031,NGA,Iloro,0.626505,0.67845,0.683151,27053.0,15146.0,17038.0,0.01605837771684615,0.0013819808564181635,-0.10953571775859239,0.02382123336580033
NGA_4034,NGA,Ilueologbo Owe,0.991143,1.099315,1.109235,34371.0,17978.0,20473.0,0.02093282429341259,0.0017982809671082123,-0.12156457451940861,0.026332359414887874
NGA_4038,NGA,Ilutitun,1.141523,1.214532,1.21852,33752.0,24173.0,55673.0,0.012476283822030254,0.0006558530110496452,-0.06458095479016279,0.1815791380277938
NGA_4039,NGA,Iane,0.821937,0.850323,0.860256,23600.0,14001.0,15923.0,0.006813613261220652,0.002325448083363657,-0.09915637291351731,0.026060969911192222
NGA_4043,NGA,Imeko,1.94716,2.277099,2.29742,53538.0,36079.0,41597.0,0.03180126179565734,0.0017784775760680827,-0.07590106513206984,0.028872367956894074
NGA_4049,NGA,Imota,1.400276,1.729151,1.751141,28906.0,33288.0,38042.0,0.04309497916695659,0.0025306043613004814,0.028631787082553872,0.027058373487494958
NGA_4063,NGA,Ingawa,0.780244,0.872098,0.876669,19397.0,19034.0,21835.0,0.022508602730102467,0.0010460858028356057,-0.003771183416598989,0.027837896796191197
NGA_4064,NGA,Inisa,1.765599,1.925641,1.944057,55986.0,40457.0,46184.0,0.01750522957094236,0.001905438499442802,-0.06290666904213149,0.02683242398084973
NGA_4071,NGA,Inyi-Umuom,1.213772,1.29068,1.302105,20650.0,32366.0,37012.0,0.0123630676584221,0.0017641491683504373,0.09404149613885648,0.02718981547019994
NGA_4075,NGA,Iperu,2.083214,2.346952,2.37904,51288.0,39294.0,45303.0,0.02412758575103724,0.002719607430439419,-0.05188264694321687,0.028869147455549138
NGA_4076,NGA,Ipetu Ijesha,1.245032,1.381806,1.39973,38361.0,35536.0,40566.0,0.02106481736625243,0.0025809292088689872,-0.015182574949374694,0.0268304266110464
NGA_4077,NGA,Ipetumodu,3.741872,4.220483,4.274649,83742.0,102410.0,0.0,0.02436479787709267,0.002553738705826536,0.04106970189890724,-1.0
NGA_4079,NGA,Ipokia,0.421443,0.847587,0.858821,10615.0,28045.0,32334.0,0.14997682543277469,0.0026368763745014956,0.21447083304081138,0.02887069595032421
NGA_4080,NGA,Iporo Ekiti,0.65778,0.740769,0.750284,31590.0,15679.0,17637.0,0.02404826713237984,0.002555853783007267,-0.13073189106771155,0.023814487999342493
NGA_4081,NGA,Ipoti Ekiti,0.553204,0.727193,0.736586,23800.0,18213.0,20488.0,0.05621632474879701,0.002570113239189542,-0.05210352964037557,0.023820015255104465
NGA_4083,NGA,Irawo,0.53102,0.589335,0.598186,10400.0,10446.0,11933.0,0.021057667984424766,0.002985840728731981,0.0008830544365459048,0.02697512361741161
NGA_4084,NGA,Ire Ekiti,0.539866,0.559662,0.564893,21468.0,14588.0,16410.0,0.00722841365816107,0.0018623926234344612,-0.07436272827263801,0.023817539267079413
NGA_4085,NGA,Irele,3.294606,3.515218,3.529552,68838.0,59110.0,67115.0,0.013047375315054177,0.0008142127825612189,-0.030011594493041027,0.025726857167005512
NGA_4086,NGA,Iresi,0.41831,0.442074,0.445485,22330.0,15537.0,17736.0,0.011112187640915039,0.0015384396722804006,-0.06997271815549977,0.026828000423010367
NGA_4092,NGA,Irun,0.643946,0.67087,0.67639,35025.0,14119.0,16031.0,0.008225748249934606,0.0016402347654562721,-0.16615532655390464,0.025725931669840607
NGA_4093,NGA,Ogbagi,0.6916,0.792962,0.803289,27750.0,22217.0,25225.0,0.02773105121997199,0.0025912010490778403,-0.043501076652686876,0.02572077535126671
NGA_4094,NGA,Isa,1.27164,1.412584,1.413498,29835.0,40330.0,46052.0,0.021245181619840015,0.0001293747534369949,0.062136750609504965,0.02689030771490386
NGA_4100,NGA,Isan,0.389786,0.440038,0.44373,12075.0,10299.0,11585.0,0.024549130616793757,0.0016724334658861917,-0.03131721047768521,0.02381195386315671
NGA_4103,NGA,Isanlu,2.542345,2.68363,2.702776,88984.0,42488.0,48321.0,0.010875406376763985,0.0014228187111915425,-0.13743690491796712,0.02606275862802354
NGA_4105,NGA,Isara,3.478772,4.036836,4.096131,114189.0,75590.0,87151.0,0.03020351672233934,0.002920587194479962,-0.07919426582252687,0.028872610031520862
NGA_4107,NGA,Iseyin,7.625223,9.889796,9.990656,246062.0,166765.0,190517.0,0.05338458049059658,0.0020314080481378394,-0.07485017367899582,0.026988936994932322
NGA_4110,NGA,Ishiagu,1.594483,2.050678,2.060308,27301.0,47216.0,54066.0,0.051611957821743326,0.0009374423267332066,0.11578913316456729,0.027464935586503536
NGA_4113,NGA,Isikpo,1.025472,1.07695,1.081789,25764.0,31308.0,0.0,0.009844133308946734,0.0008970381631148161,0.039748750024432455,-1.0
NGA_4123,NGA,Uso,0.524859,0.557969,0.563286,10050.0,10315.0,11711.0,0.012309900763200599,0.001898617449546558,0.005218873527232271,0.025710850502926652
NGA_4127,NGA,Issele Uku,1.553836,2.206232,2.235829,51030.0,30901.0,35190.0,0.07262817390838117,0.002668753497978571,-0.09545663334149146,0.02633548948183706
NGA_4131,NGA,Ita Otu,0.665359,0.762759,0.769859,23348.0,13520.0,15587.0,0.027699773922306825,0.001854769613099938,-0.10351009938173994,0.02886209826387165
NGA_4132,NGA,Itas,0.43312,0.489359,0.493476,10320.0,16826.0,19332.0,0.02471682806144271,0.0016769753581786784,0.10270726905824668,0.02815639324725039
NGA_4138,NGA,Itigidi/Ebida,0.426801,0.462362,0.481909,28769.0,14322.0,16224.0,0.01613483739451671,0.008315819022187698,-0.13020725546779577,0.02525253941900618
NGA_4139,NGA,Itobe,0.708161,0.835237,0.839991,12200.0,20310.0,23098.0,0.03355964443614212,0.0011357766224717736,0.10731203093377362,0.02606031505099171
NGA_4142,NGA,Iware,0.673618,0.778248,0.787394,21000.0,22245.0,25605.0,0.02929737673695665,0.002339436023095498,0.011585564058369302,0.028533576980083408
NGA_4145,NGA,Iwo,9.359081,10.518288,10.648842,281880.0,214010.0,244306.0,0.023628503152553826,0.002470185378085521,-0.05360167966297791,0.026833462920820006
NGA_4147,NGA,Iworoko,1.058815,1.167205,1.182526,40077.0,27922.0,31410.0,0.019683544577413503,0.0026115695188522192,-0.0697273269883244,0.02382158802881551
NGA_4150,NGA,Iyale,0.687599,1.148153,1.161,20454.0,18251.0,20756.0,0.10798251201143438,0.0022279057896170684,-0.02253394871328296,0.02605679163918162
NGA_4151,NGA,Aiyetoro Ekiti,0.397257,0.431897,0.437018,13953.0,13732.0,15447.0,0.016861315502345597,0.002360231027981552,-0.0031880400367423345,0.023816372521406892
NGA_4152,NGA,Iyara,0.804268,0.8803,0.8908,29400.0,10173.0,11569.0,0.018230220434527267,0.002374249460186384,-0.19123873511743172,0.026051962365997827
NGA_4163,NGA,Izom/Mararaba,1.521831,1.698439,1.715166,54122.0,39926.0,45916.0,0.02220195076936582,0.0019619771644274753,-0.0590286661498145,0.028351649348468122
NGA_4164,NGA,Izombe,0.948116,1.008697,1.017761,11000.0,23731.0,27148.0,0.012464607729333554,0.0017907449819285493,0.1662312402299475,0.027269420267717503
NGA_4168,NGA,Jada,1.666045,1.789758,1.794208,41921.0,24486.0,28058.0,0.01442867495604272,0.0004967801069126754,-0.10195677204828657,0.0276087016255826
NGA_4170,NGA,Jahun,0.978422,1.042039,1.047893,24614.0,31076.0,35541.0,0.012678414133456162,0.0011210500665788103,0.047728079460048756,0.02721394387954157
NGA_4171,NGA,Jahuna,0.394835,0.44369,0.447862,10293.0,26177.0,30131.0,0.023605944625538555,0.0018735586955265227,0.20524567040319797,0.02853419385818423
NGA_4172,NGA,Jaji ,1.346675,1.452285,1.472403,49163.0,41668.0,47815.0,0.015214497086196266,0.0027553052707980363,-0.03254036123533455,0.027903396083517107
NGA_4173,NGA,Jajimaji,0.399454,0.434809,0.435045,10200.0,20975.0,24086.0,0.01710631342596791,0.00010852985079412569,0.1551020631260811,0.02804598785203183
NGA_4175,NGA,Jakusko,0.462711,0.493334,0.496267,15300.0,17252.0,19811.0,0.0128992386547504,0.0011862348008129242,0.024305733655232142,0.028047993308854213
NGA_4178,NGA,Jalingo,17.15872,21.519856,21.608878,227952.0,516918.0,613303.0,0.046335342014791836,0.0008259819238012334,0.17791960376223992,0.03478633927371577
NGA_4181,NGA,Jamaare,1.138102,1.183369,1.193728,29280.0,40040.0,46005.0,0.007831203234677231,0.0017446657842004054,0.06459543427495373,0.028163525990395177
NGA_4184,NGA,Jangero,0.381233,0.39624,0.398878,12675.0,17654.0,20197.0,0.0077517608311765684,0.0013279844801910023,0.06851108216238955,0.027279800548225097
NGA_4188,NGA,Jauro,1.074103,1.178005,1.182292,30520.0,49456.0,56927.0,0.018638861901331127,0.0007267835171136383,0.10135389410148088,0.028536864021185382
NGA_4190,NGA,Jebba,1.162797,1.205513,1.223028,52271.0,31026.0,35662.0,0.007241472118025394,0.0028890750518895114,-0.09906596059980055,0.02824352057043833
NGA_4193,NGA,Jega,3.420963,3.8497,3.857504,73280.0,98216.0,112715.0,0.023895659657484192,0.00040510583521036203,0.06032586734440626,0.02792136899753772
NGA_4194,NGA,Jemaa,0.605743,0.644175,0.653973,26829.0,24109.0,27666.0,0.012378917226178121,0.0030236897319300127,-0.021152711110642652,0.027906080560797575
NGA_4196,NGA,Jen Kaigawa,0.568092,0.617806,0.625616,24488.0,13514.0,15555.0,0.016919767875423153,0.002515613265202221,-0.1120957810077281,0.0285306075180618
NGA_4201,NGA,Jere,0.539973,0.651538,0.659183,18708.0,24971.0,28655.0,0.03827773531917478,0.0023358173057623777,0.05945304782575578,0.027904803649536403
NGA_4203,NGA,Jesse,1.955711,2.172661,2.202401,71202.0,38144.0,68388.0,0.0212626712249675,0.0027227891384051794,-0.1173534902972928,0.12385616908907471
NGA_4204,NGA,Jibiya,2.755778,3.140017,3.148262,60469.0,167306.0,197239.0,0.026449421105526616,0.0005246056813930089,0.22573262543534023,0.03346614714815521
NGA_4209,NGA,Jikamshi,0.44794,0.503084,0.508186,12667.0,22766.0,26116.0,0.02349124475206943,0.002020111306716199,0.12440454441802973,0.02783638076395545
NGA_4211,NGA,Jimeta,23.59728,25.57598,25.815908,445265.0,507238.0,589582.0,0.016234811083024603,0.0018691970324422602,0.026404729521409154,0.030543876129139003
NGA_4219,NGA,Jogana,1.075936,1.133721,1.14801,28815.0,45331.0,51992.0,0.010517759403412708,0.002508113140846868,0.09485179606969174,0.027799127923794353
NGA_4226,NGA,Jos,53.57596,58.25234,58.614912,870424.0,1093387.0,1269635.0,0.016877604902011845,0.001241744704863601,0.04666718819150617,0.030341033514886595
NGA_425,NGA,Aku,1.545055,1.700405,1.713633,19467.0,55903.0,0.0,0.01934614752810515,0.0015510456782343862,0.23488699557581016,-1.0
NGA_4250,NGA,Kabba,4.224637,4.794551,4.856087,92492.0,72209.0,82123.0,0.025632345649803767,0.002553836465543746,-0.048305779257364456,0.02606457801573403
NGA_4251,NGA,Ungwan Abdullah Maifata,1.3047,1.388704,1.390649,31962.0,56469.0,64941.0,0.012557756435006118,0.00027996048957046327,0.12056029495472997,0.0283519477603007
NGA_4258,NGA,Kabo,0.426668,0.456182,0.457875,12464.0,13602.0,15600.0,0.013467006024865169,0.0007411481958741195,0.017628042105957364,0.02778994726523787
NGA_426,NGA,Akungba,3.417266,4.952547,5.021744,111750.0,83183.0,94448.0,0.07703536552639001,0.0027789128453594714,-0.05733494157752772,0.025726645327458053
NGA_4260,NGA,Kabogi,0.45253,0.5116,0.513135,12429.0,13243.0,15230.0,0.02484133151302026,0.0005993592922139968,0.012768157489776888,0.02835414958481719
NGA_427,NGA,Akure,43.067864,49.853072,50.505392,532778.0,761879.0,890433.0,0.029692900619717078,0.0026033796176445634,0.07415744767703725,0.03167533755195384
NGA_4280,NGA,Kachako,0.742029,0.814329,0.814984,16396.0,28743.0,32966.0,0.01876919494325957,0.00016081690906877277,0.11881643416638576,0.027795783992031975
NGA_4281,NGA,Kachia,0.840699,1.033462,1.038132,25453.0,36641.0,42047.0,0.04215135208615517,0.0009021292916868706,0.07558730599538177,0.027906327369296102
NGA_4288,NGA,Kado,0.863441,1.007824,1.011465,25420.0,43502.0,49884.0,0.031407786761859624,0.0007215049037745391,0.11343978571089885,0.02775691925356316
NGA_429,NGA,Akwanga,4.096028,4.751546,4.81141,123383.0,94034.0,108403.0,0.030135619534516378,0.0025071660330053813,-0.05287801676972825,0.02884814328620844
NGA_4291,NGA,Kaduna,81.704,88.30032,88.890408,1447250.0,2044054.0,2378538.0,0.01564934251887551,0.0013329893562419315,0.07149404400766923,0.030774214542779177
NGA_4296,NGA,Kafanchan,3.934494,4.145435,4.191928,113366.0,98277.0,112776.0,0.010499829320612442,0.002233098157976121,-0.02816214094640579,0.027904954105169466
NGA_4299,NGA,Kafin Hausa,0.858578,0.945283,0.950266,21518.0,22878.0,26165.0,0.019427672312129385,0.001052071407495525,0.012332618414523822,0.027213070166274056
NGA_4300,NGA,Kafin Madaki,0.497141,0.603352,0.6108,14160.0,19476.0,22377.0,0.039485019808154664,0.002456772733374857,0.06582843499652258,0.028159326060649414
NGA_431,NGA,Akwete,0.545664,0.565045,0.56882,14478.0,12204.0,13911.0,0.007004814198108056,0.0013326202747954152,-0.03359598556772303,0.026529017479026917
NGA_438,NGA,Alabanisi,0.48886,0.536556,0.540497,15042.0,14645.0,16677.0,0.018793370961965206,0.0014647015854341028,-0.005335178735004775,0.02632689680428446
NGA_4394,NGA,Kafur,0.542372,0.581886,0.584389,12870.0,12646.0,14507.0,0.014163858103210636,0.0008588295268039392,-0.0035054538943827263,0.02783851321809716
NGA_4398,NGA,Kagara,0.909671,1.106104,1.118864,21068.0,36219.0,41653.0,0.03987783811871326,0.0022966239354160756,0.11445523637752375,0.02835240053067989
NGA_4399,NGA,Kagarko,0.503178,0.564624,0.56902,20149.0,22186.0,25459.0,0.023310753526045724,0.0015523155979035863,0.019448056734949315,0.027903787933604596
NGA_4401,NGA,Kagoe,0.509867,0.546073,0.550943,18416.0,14417.0,16545.0,0.013815110551513188,0.0017773153728952718,-0.04778302689156744,0.02791777159075859
NGA_4404,NGA,Kagoro,1.770578,2.101891,2.160497,30274.0,54645.0,62707.0,0.03490152137106195,0.005515328146697085,0.12537205007092544,0.027905331697859914
NGA_4412,NGA,Kaiama 1,1.713269,1.845837,1.872635,68293.0,43411.0,49898.0,0.015017565586197934,0.002886898444951713,-0.0866342547688903,0.028245149949290393
NGA_4416,NGA,Kaita,0.478423,0.489796,0.492492,12410.0,13530.0,15521.0,0.004709796285009338,0.0010984506433335817,0.017431555340302163,0.027837315081009617
NGA_4430,NGA,Obudu,4.722976,5.361066,5.452117,134334.0,79513.0,90073.0,0.02566865403346319,0.0033739063951077064,-0.09956899977357536,0.025253587543395684
NGA_4447,NGA,Kalgo,0.682078,0.850626,0.865529,17844.0,26675.0,30613.0,0.045155528707141235,0.003479706508188185,0.08373336117498309,0.027922311422338586
NGA_4451,NGA,Kalin,1.010781,1.049685,1.05381,32339.0,33791.0,38861.0,0.007581962572986711,0.00078471754068965,0.008822806055861054,0.02835386703735865
NGA_4463,NGA,Kaltungo,3.072114,3.358776,3.373336,108638.0,52310.0,59743.0,0.0180022614445412,0.0008654830769312394,-0.1359863739113959,0.02692910186365416
NGA_447,NGA,Alade,1.067068,1.149596,1.155244,28800.0,23480.0,26659.0,0.015010721189705034,0.000980680706815562,-0.04002235229927442,0.025720776390351974
NGA_4473,NGA,Kamba,1.910701,2.098635,2.102698,51468.0,60200.0,69087.0,0.018940527138924912,0.00038690455746270835,0.03183876501050742,0.027921544482573557
NGA_449,NGA,Alagbayun,0.894951,1.024595,1.027844,19267.0,17537.0,20034.0,0.02742610206805196,0.0006333989098166182,-0.01864025160561089,0.026981152827162624
NGA_45,NGA,Abogwa,0.87192,1.081534,1.091054,26292.0,22467.0,25676.0,0.044029349096962545,0.0017542965342272065,-0.030954225104817268,0.027061515605708575
NGA_4509,NGA,Kangiwa,0.798788,0.913308,0.923083,29048.0,26524.0,30439.0,0.027157746882049416,0.0021314646515269153,-0.01801567209747046,0.027917529391211282
NGA_4515,NGA,Kankara,1.226159,1.357612,1.363829,26934.0,61663.0,70738.0,0.020576997289375676,0.0009141998194697187,0.18017051140743634,0.027840261311204317
NGA_4516,NGA,Kankia,1.295998,1.503569,1.527361,31672.0,37422.0,42929.0,0.030157921278073596,0.0031448936844460373,0.03392801057400652,0.0278382027161046
NGA_4519,NGA,Kano,113.771728,123.421768,123.751104,3888582.0,5487245.0,6431029.0,0.01641597398283201,0.0005331070034428897,0.07130373239166365,0.032250788547747655
NGA_4567,NGA,Karaye,0.879305,0.951627,0.955947,19120.0,31324.0,35927.0,0.01593387737687335,0.0009062745972081565,0.10376816888673668,0.02780031803934846
NGA_4568,NGA,Kardi,0.526949,0.579144,0.582419,15017.0,14371.0,16492.0,0.019069011145760095,0.0011284299309721746,-0.00875556594047966,0.027915150857861448
NGA_4570,NGA,Karfi Ruga,0.558931,0.616285,0.618996,15040.0,23805.0,27303.0,0.019728787782239632,0.0008782437808605437,0.09618554252738387,0.027799581836959186
NGA_4576,NGA,Karim Lamido,0.73876,0.963544,0.974482,27936.0,28404.0,32694.0,0.054565685576922096,0.0022601290728156975,0.003328286619348253,0.028531769612161195
NGA_4582,NGA,Karshi 1,1.090257,1.225608,1.234651,35118.0,28914.0,33535.0,0.023680759619379765,0.0014713396901548936,-0.038131548558509865,0.030096773346162786
NGA_4604,NGA,Kashere,0.572505,0.62763,0.634338,15519.0,13517.0,15437.0,0.0185559311239194,0.0021284849232980907,-0.02724534860974226,0.02691977758358166
NGA_4623,NGA,Kasuwan Magani,0.738379,0.807683,0.814678,22231.0,27122.0,31123.0,0.01810441576153221,0.0017261457451374085,0.04057297515217706,0.02790256129208113
NGA_4625,NGA,Katabu,1.386936,1.49022,1.500699,33881.0,69674.0,79953.0,0.014469030046435627,0.0014024303868509502,0.15510883286757338,0.027904586691144484
NGA_4626,NGA,Katagum,0.461649,0.511224,0.519621,10430.0,13848.0,15911.0,0.020610112156184357,0.0032636841306958875,0.058328640795019204,0.02816326777014111
NGA_4634,NGA,Katari,0.483553,0.555332,0.558262,16885.0,23224.0,26650.0,0.02806772104615929,0.0010530046483965272,0.06582816274771908,0.02790277403978747
NGA_4635,NGA,Katcha,0.511728,0.567631,0.569983,18462.0,18297.0,21042.0,0.020952142753821068,0.0008273372750793317,-0.001793879787928887,0.028351120560083265
NGA_4654,NGA,Katsalle,0.350496,0.371083,0.372055,10218.0,16187.0,18565.0,0.011480695705258892,0.0005233239951243362,0.09637744790028391,0.02779314640521524
NGA_4655,NGA,Katsina,22.6816,27.323572,27.456314,452172.0,1087079.0,1269010.0,0.03794121474947487,0.0009697472728507073,0.19176736336080236,0.03143244281708313
NGA_4656,NGA,Katsina Ala,3.485941,3.95891,3.982295,112280.0,78542.0,90065.0,0.025772659280931975,0.001178604292974894,-0.06897807085813212,0.027757889931223634
NGA_4660,NGA,Kaura Namoda,2.464002,2.615732,2.61703,60320.0,75011.0,85819.0,0.012023128548346529,9.922594784161909e-05,0.044558396635169695,0.027286779052765997
NGA_4666,NGA,Kaya,0.433485,0.461268,0.46273,12763.0,21594.0,24779.0,0.012501908654402705,0.0006331026559214248,0.11090281064647556,0.02789827143402701
NGA_4677,NGA,Kazaure,1.978663,2.133933,2.140438,57859.0,69704.0,79719.0,0.015223797533863603,0.000608930330894486,0.037952204295541137,0.02721375977831264
NGA_4680,NGA,Kebbe,0.352842,0.377842,0.379659,12009.0,10718.0,12238.0,0.013785303833215856,0.0009599329617333563,-0.022489611464391213,0.026879157809008847
NGA_4692,NGA,Keffi,7.102698,7.775143,7.8129,113545.0,182304.0,210161.0,0.01825606890653675,0.0009693422233325588,0.09932381574995897,0.028847924233609268
NGA_4784,NGA,Kibiya,0.53428,0.578919,0.584341,14080.0,22137.0,25390.0,0.016177973985250782,0.00186616815217433,0.09472042737415798,0.027800411344612863
NGA_4879,NGA,Kirfi,0.336558,0.464742,0.470089,10115.0,16800.0,19302.0,0.06667078623133271,0.002290544414242923,0.10679879826739169,0.0281550332484235
NGA_4882,NGA,Kiru,0.608753,0.645025,0.64663,16320.0,27129.0,31115.0,0.011642547607197073,0.0004971605466019824,0.1069875237946254,0.027796664530219894
NGA_4898,NGA,Kishi,3.964453,4.534039,4.586856,87497.0,72575.0,82911.0,0.027212736436895923,0.002319018439435938,-0.036706174937047864,0.026987178741694873
NGA_4922,NGA,Pulka,0.809548,1.020362,1.02828,20379.0,78122.0,89652.0,0.04737531595083966,0.0015472031241463569,0.30833240065179424,0.027915289361184037
NGA_4927,NGA,Kiyawa ,0.8231,0.920489,0.92456,20240.0,27268.0,31186.0,0.022617452306249675,0.0008829692065202011,0.06142314981589214,0.02721482319756996
NGA_4945,NGA,Koinya,0.625955,0.683417,0.6843,19684.0,18179.0,20846.0,0.01772052424075521,0.00025827393992505776,-0.015781947346027003,0.027757249281147756
NGA_4946,NGA,Koko 1,2.163511,2.518201,2.523633,46463.0,60277.0,69175.0,0.030828119306685497,0.00043104733259125005,0.05343774768551124,0.027920453505700493
NGA_4947,NGA,Koko 2,0.831705,0.890445,0.902632,43548.0,17808.0,20279.0,0.013742274218537132,0.0027224194982669037,-0.1637629861570853,0.02632823697247444
NGA_4951,NGA,Kokori,1.124101,1.205429,1.211378,38554.0,29751.0,33880.0,0.014068424848558747,0.0009850917670564119,-0.05051867979582625,0.026333173952089783
NGA_496,NGA,Ogbese,0.608869,0.702328,0.708546,14310.0,14680.0,16668.0,0.028971210891270083,0.001764445114808666,0.005118541125120002,0.025726290816286523
NGA_4977,NGA,Konduga,0.668385,0.927869,0.938738,26006.0,87384.0,100281.0,0.06780510810924345,0.0023318868311841268,0.274299968838684,0.027915339588192367
NGA_4989,NGA,Kontagora,6.104848,7.176281,7.217012,112868.0,141708.0,162970.0,0.032868222807016956,0.0011325878005390422,0.046561388146191485,0.028354041899383065
NGA_4990,NGA,Kopbepang,0.46546,0.508421,0.513205,13810.0,15586.0,17907.0,0.017813537795101198,0.001874861552006335,0.024491120597824434,0.028152728406571015
NGA_5008,NGA,Koton Karifi,0.480049,0.579903,0.596906,14473.0,14233.0,16187.0,0.03851783005144971,0.00579649481436828,-0.003338740482387359,0.026062896778514366
NGA_5009,NGA,Kotorkoshi,0.487888,0.549536,0.551203,10197.0,12859.0,14711.0,0.024083107402912196,0.0006059588296634111,0.04748293255856928,0.02727566391684677
NGA_5068,NGA,Kuchi,0.376777,0.40043,0.401838,10521.0,10871.0,12413.0,0.012251536507408511,0.0007022569900261288,0.0065665525654357015,0.026884153248212694
NGA_5075,NGA,Kujama,0.726808,0.910255,0.921319,22196.0,21585.0,24769.0,0.0460409220373974,0.002419233413631039,-0.005567138420765283,0.027900989267501508
NGA_5076,NGA,Kuje,3.934896,5.822999,5.86927,102006.0,99086.0,114922.0,0.08154026218819843,0.0015842223215949414,-0.005791857182844917,0.03009712662657793
NGA_5077,NGA,Kukawa,0.470879,0.48082,0.483521,21562.0,26844.0,30806.0,0.004187105311601158,0.0011209813415149483,0.04479632826140678,0.027915976511246443
NGA_5120,NGA,Kumo,2.063182,2.152876,2.158717,53835.0,56690.0,64745.0,0.00854735611134494,0.0005420350617197922,0.010388391540226749,0.026927905991109835
NGA_5123,NGA,Kunjiel,0.410341,0.483796,0.488347,10602.0,15545.0,17753.0,0.033483321144791356,0.0018743320639278416,0.07954458990188251,0.026919038102187764
NGA_5124,NGA,Kunya Centre,0.582224,0.617527,0.619825,13186.0,25141.0,28835.0,0.011843088310117711,0.0007431535798336775,0.1377684725120163,0.02779732146809244
NGA_5127,NGA,Sarkin Kura,1.41275,1.499157,1.502475,29040.0,82926.0,95112.0,0.011943721466528334,0.0004422574123283951,0.23349905488204858,0.027800724152437173
NGA_5128,NGA,Kaura Munjo,0.926392,1.466755,1.472776,26407.0,40563.0,46318.0,0.09625744618792198,0.0008196512500704412,0.08963789966201041,0.02689005088325347
NGA_5130,NGA,Kurfi,0.630622,0.760793,0.769626,16061.0,17108.0,19625.0,0.03824411496499924,0.002311341484288576,0.012710544389251233,0.027831881909797795
NGA_5131,NGA,Kurgwi,0.819841,0.884967,0.889384,17594.0,37094.0,42620.0,0.015405446519391353,0.0009962423363958361,0.16088130149420254,0.028162963259392937
NGA_5133,NGA,Kuriya,0.462208,0.492612,0.494791,10640.0,13196.0,15097.0,0.012822885015757457,0.0008831107648707981,0.04399912766541014,0.027281979059878836
NGA_5137,NGA,Kuta,1.267358,1.38043,1.385845,33987.0,37011.0,42564.0,0.017239031396072857,0.0007833100403025206,0.017193549826847176,0.028353245427412244
NGA_5138,NGA,Kuta ,0.331117,0.368814,0.369596,10942.0,10719.0,12236.0,0.021798319161556057,0.00042370279303272085,-0.004109677652963772,0.026826431918793414
NGA_5140,NGA,Kutigi,0.701144,0.742287,0.746559,24544.0,18526.0,21305.0,0.01146981444627082,0.001148396606938329,-0.054705211726843284,0.02834768746009919
NGA_5150,NGA,Kwaghbo,0.509697,0.569014,0.576231,16350.0,11486.0,13171.0,0.02226190019733676,0.00252389639226136,-0.0681838977798932,0.027755921212772483
NGA_5152,NGA,Kwale,3.494784,3.853727,3.880374,97554.0,81169.0,92436.0,0.01974626052429196,0.0013791118522681334,-0.03610656394498857,0.02633748196845187
NGA_5165,NGA,Kwararfa,0.547866,0.701746,0.708241,23040.0,22342.0,25717.0,0.05075416290644674,0.0018442818120429916,-0.006133815011301613,0.028536365547119802
NGA_5166,NGA,Kware 1,0.553184,0.575949,0.576949,13662.0,17191.0,19630.0,0.008098302961857984,0.0003470120502657714,0.0470257722866243,0.026889780571758504
NGA_5168,NGA,Kwaya,0.771223,0.86406,0.8705,19934.0,28000.0,32132.0,0.022993291083003742,0.0014862129956685344,0.07031771973143708,0.02791202196781084
NGA_5173,NGA,Kwen,0.581468,0.704848,0.709102,26670.0,15340.0,17590.0,0.03923539669187903,0.0012041652360397226,-0.10471673041230822,0.02775144477724867
NGA_5175,NGA,Kwoi,1.059374,1.225419,1.241815,52089.0,51400.0,58983.0,0.02954909210961998,0.002661774805841066,-0.002659581344063633,0.027904453725327683
NGA_5176,NGA,Kwolla,0.335767,0.467165,0.482428,10956.0,15136.0,17390.0,0.06828334478645481,0.006450550266126731,0.06677251836557851,0.028152871036742466
NGA_5191,NGA,Lade,0.358923,0.384455,0.384524,10244.0,10794.0,12407.0,0.013838653058527273,3.589239158174884e-05,0.010514544544725668,0.028245632953849853
NGA_5194,NGA,Lafia,12.208206,15.198589,15.256459,292494.0,432355.0,502048.0,0.04479307264691834,0.0007603608824602315,0.08129626985800176,0.03034092695859969
NGA_5195,NGA,Lafia_2,0.662238,0.688167,0.692196,29461.0,28206.0,32321.0,0.0077108835357739824,0.0011682041137068833,-0.008668734658984545,0.02761079421994328
NGA_5196,NGA,Lafiagi,1.750151,1.89242,1.916202,58655.0,39942.0,45911.0,0.015753673761767395,0.002500855667074031,-0.07397021925579839,0.028246853000901018
NGA_5199,NGA,Lagos,407.944512,483.220736,486.249024,11847635.0,13799785.0,16108180.0,0.0344485459602506,0.0012502465324959466,0.0309749918629032,0.031418295546614905
NGA_5211,NGA,Lamurde,0.369869,0.414404,0.41779,17822.0,11673.0,13375.0,0.022998981024705545,0.0016288392259891094,-0.08114875262655352,0.02759565918910223
NGA_5215,NGA,Langtang,4.053413,4.563698,4.590762,137340.0,81855.0,94049.0,0.02399823552983471,0.0011832522074646246,-0.09832581917952499,0.028162580482334443
NGA_5216,NGA,Lanlate,0.719628,0.848953,0.858804,18643.0,16651.0,19022.0,0.03360623127826057,0.00231004367353016,-0.022346624125915815,0.02698280295608857
NGA_5217,NGA,Kuri,0.545726,0.565692,0.566079,15169.0,23314.0,26626.0,0.007212433649389283,0.00013678614581924542,0.08976277329751814,0.026922872891653293
NGA_5218,NGA,Lapai,1.585191,1.758405,1.777629,47440.0,39850.0,45829.0,0.020957026492383513,0.002177027439399737,-0.034267762349975306,0.028353453865585854
NGA_5231,NGA,Lassa,0.556183,0.630021,0.637184,18746.0,25814.0,29624.0,0.025244535211754293,0.002263621271260563,0.06607887740305318,0.02791612438561364
NGA_5233,NGA,Lau,0.362044,0.446381,0.451301,13968.0,14899.0,17149.0,0.04277081882874123,0.002194739966453696,0.012988648623700971,0.028528513647701148
NGA_5260,NGA,Leru,0.354706,0.659081,0.668623,11400.0,10544.0,11971.0,0.13191561576241728,0.0028789227974899134,-0.015490051208145728,0.025710985070515724
NGA_5263,NGA,Lessel,1.229134,1.322347,1.33267,49031.0,28196.0,32332.0,0.01472705635979521,0.0015564621479879914,-0.10475201909115639,0.027753616449098795
NGA_5276,NGA,Liman Katagum,0.417729,0.441243,0.443149,10350.0,17134.0,19686.0,0.011012768403057427,0.0008624341847927042,0.10607272373336984,0.028157726728083032
NGA_5290,NGA,Lissam,1.59328,1.768135,1.787225,46950.0,49655.0,57156.0,0.021044483566642347,0.002150071862759839,0.011266167538818372,0.028536642137083623
NGA_5299,NGA,Loburo,25.83206,30.744604,31.193114,269118.0,682738.0,0.0,0.03543292947350518,0.0029007723513934103,0.20465383018827898,-1.0
NGA_5307,NGA,Loko,0.481036,0.525729,0.528018,18257.0,16510.0,19032.0,0.017927555350572,0.0008692782410899547,-0.019915475983054653,0.0288391244775843
NGA_5309,NGA,Lokoja,14.473787,16.280441,16.354705,333615.0,315688.0,371870.0,0.023803942284585267,0.0009106493636978907,-0.010985859697839495,0.033300439270119275
NGA_5314,NGA,Lollo,0.500227,0.524604,0.525369,14000.0,13342.0,15311.0,0.009561763707391036,0.0002914785886989346,-0.009581873546974706,0.027913391537993437
NGA_5363,NGA,Lugge,0.328031,0.371389,0.375176,10875.0,14311.0,16443.0,0.02513917405679522,0.002031103578937543,0.0564480436607353,0.028163577525252004
NGA_537,NGA,Albasu,0.349139,0.372634,0.375041,10250.0,12139.0,13922.0,0.01311051513616035,0.0012885592103260013,0.03440785359879439,0.027788475333109464
NGA_54,NGA,Abonnema,1.113496,1.228275,1.237979,23616.0,63020.0,71923.0,0.019814987579433563,0.0015751322703820847,0.21689865681280152,0.02678113085552436
NGA_5424,NGA,Mabudi,0.917267,1.04832,1.059034,27540.0,20702.0,23786.0,0.027068998299160985,0.002035727096866724,-0.05548322914591408,0.028162647230959736
NGA_5433,NGA,Machina,0.401549,0.444762,0.446943,13050.0,11285.0,12959.0,0.020652315482581285,0.0009788311572140884,-0.02864448485573501,0.028049403170148146
NGA_5436,NGA,Mada,0.576211,0.632973,0.633361,11674.0,17839.0,20409.0,0.01896842839254642,0.00012256601795868072,0.08850433583617279,0.0272833377526831
NGA_5438,NGA,Madagali,1.064985,1.099733,1.103567,31281.0,33296.0,38153.0,0.0064420027174498795,0.0006962898386824179,0.012563543493422591,0.027607643456749376
NGA_5458,NGA,Madobi,0.362956,0.380253,0.382024,10350.0,11839.0,13578.0,0.009354523766702094,0.0009297545947886121,0.027247124281588375,0.027789453093242766
NGA_5461,NGA,Mafa,0.24895,0.365348,0.368415,10410.0,47989.0,55072.0,0.07973932923717486,0.0016733376987110304,0.3574948608464701,0.027916481864535436
NGA_5472,NGA,Magami,0.662005,0.707375,0.710577,14508.0,23642.0,27048.0,0.013345836511761355,0.0009036841940563978,0.1025932596151693,0.027283207455256697
NGA_5475,NGA,Magare,0.580241,0.634335,0.636782,13680.0,25560.0,29243.0,0.017986578966804778,0.0007703288998328617,0.13316969239196252,0.02728799978597274
NGA_5496,NGA,Magumeri,0.294496,0.35245,0.357544,10260.0,63139.0,72458.0,0.03658190396142791,0.002874054852032737,0.43823571008922824,0.027916242651215617
NGA_5535,NGA,Mahuta 1,0.626331,0.712856,0.723025,20932.0,23424.0,26882.0,0.026217887540511464,0.002836889020445099,0.02275136233092545,0.027921863601039654
NGA_5537,NGA,Maiadua,0.788522,0.890162,0.898781,20729.0,27304.0,31322.0,0.024545021219288143,0.001929044648665279,0.0566461737625068,0.027837934035265244
NGA_5538,NGA,Maiduguri,47.243156,51.973592,52.302936,1012148.0,2059410.0,2391377.0,0.019268883403061654,0.00126415111274647,0.1526561165448841,0.030341152405785055
NGA_5540,NGA,Mayo Nguli,0.671575,0.689397,0.691897,21920.0,22840.0,26172.0,0.005252064487030417,0.0007242217511187476,0.008256684488021415,0.027609622687053026
NGA_5541,NGA,Maikunkele,0.820196,0.894831,0.89803,22260.0,17606.0,20247.0,0.017570890853838783,0.0007139750964406666,-0.04582703464272142,0.0283477379047965
NGA_5544,NGA,Maiyama,0.470714,0.517426,0.518106,14208.0,11911.0,13669.0,0.01910334358744259,0.00026270145677353973,-0.03465388028400318,0.027916183814264528
NGA_5547,NGA,Maji,0.85151,0.905716,0.912495,18112.0,19530.0,25550.0,0.012419397498399265,0.0014924756089924607,0.015189615730195616,0.05520716687020122
NGA_5562,NGA,Makarfi,1.017671,1.161258,1.166107,22193.0,49547.0,56857.0,0.026748941995305087,0.000833737404280166,0.1742491922509677,0.02790579725732889
NGA_5585,NGA,Makurdi,29.567516,33.520176,33.654776,338179.0,493396.0,578904.0,0.025411750757937,0.0008018115735679565,0.07847429355000979,0.03248127772381171
NGA_5595,NGA,Malam Maduri,1.038523,1.17729,1.184919,29489.0,66022.0,75508.0,0.025400363771018508,0.0012926809459230526,0.1749130460227566,0.027213830585530285
NGA_5606,NGA,Malete,0.454095,0.596229,0.600913,10500.0,18535.0,21305.0,0.055974121512963215,0.0015662941322434065,0.12036790266247688,0.028247801543635376
NGA_5613,NGA,Mallam Daya,0.600629,0.64604,0.657248,34560.0,25322.0,29147.0,0.014683555991088504,0.0034459234405064265,-0.060309461391770736,0.028535228352493114
NGA_5621,NGA,Malumfashi,3.121986,3.761591,3.790988,61819.0,80844.0,92742.0,0.03797794163517687,0.0015581456365312274,0.05512803762050611,0.027840515595706217
NGA_5622,NGA,Malumfatori,0.71104,0.718504,0.721566,21485.0,18168.1978958972,20849.0,0.002090699600244106,0.0008508772837327871,-0.03298035080250583,0.027909016363812933
NGA_5639,NGA,Manchok,0.407833,0.433962,0.440427,18459.0,15496.0,17782.0,0.012497285649817114,0.002961925500441387,-0.03438881526058679,0.027903156358988213
NGA_5648,NGA,Manfu,0.603293,0.612707,0.613108,20344.0,11232.0,12910.0,0.003101572348903625,0.00013086028518816128,-0.11201802637447755,0.028238425452440152
NGA_5656,NGA,Mangu,3.590822,3.935415,3.972177,78179.0,124649.0,143218.0,0.018496009732861474,0.0018613235218134516,0.09779118086315708,0.028162503109958825
NGA_5658,NGA,Monguno,1.83058,2.391557,2.399239,48436.0,358000.0,410839.0,0.054917275861188886,0.0006416028333586787,0.49191112080585375,0.027916239647508778
NGA_5660,NGA,Mani,1.002023,1.172283,1.184399,24463.0,32057.0,36775.0,0.031884182620265156,0.0020585846524470153,0.05555929010557592,0.02784105533555703
NGA_5675,NGA,Manor,0.58842,0.698575,0.704499,25260.0,20443.0,23442.0,0.03491605117152563,0.0016903001528152384,-0.041433479485931124,0.027755966253830033
NGA_5709,NGA,Maradun Relocation,0.94167,0.990145,0.994179,12560.0,20831.0,23832.0,0.01008986330463979,0.0008135054915903162,0.10648134417266997,0.027282936156331816
NGA_5715,NGA,Mararaba,0.818473,0.931028,0.946918,22536.0,17913.0,20619.0,0.026104700264410363,0.0033903639656118756,-0.044879210042096385,0.02853684647096788
NGA_5726,NGA,Mariga ,0.872034,0.92777,0.933049,18779.0,29969.0,34465.0,0.01246817626285135,0.0011354162945755863,0.09799397735675464,0.02835060100886455
NGA_5728,NGA,Marmara,0.524152,0.553461,0.55489,12266.0,27781.0,31863.0,0.010941337451786826,0.000515854395692239,0.17763033104066506,0.027797975303624378
NGA_5737,NGA,Marraraba,0.515014,0.567559,0.570261,17052.0,18103.0,20744.0,0.019620118201354897,0.000950339697741498,0.012033865560715284,0.0276101623102607
NGA_5743,NGA,Maru,0.76733,0.842107,0.850935,20025.0,26747.0,30601.0,0.018772046015645083,0.0020879087270477825,0.05959648901841219,0.02728774735141437
NGA_5758,NGA,Mashi,0.906336,1.035457,1.045189,22042.0,30611.0,35116.0,0.026995563614041984,0.0018727223881780386,0.06788701040822631,0.02783997555737172
NGA_5769,NGA,Maska,0.511199,0.562597,0.564025,10239.0,26205.0,30061.0,0.019345671945162568,0.0005071311676780876,0.20677227581360902,0.027836064168967
NGA_5780,NGA,Matagami,0.537872,0.635904,0.658843,24803.0,21263.0,24400.0,0.03405234539948698,0.007112707557410891,-0.030329763944409782,0.027905186609591626
NGA_5793,NGA,Matazu,0.610796,0.681769,0.683737,15469.0,21983.0,25218.0,0.02222903692260969,0.0005766561957740723,0.07281526416377493,0.027838156754041554
NGA_5820,NGA,Maya Belwa,2.005112,2.079726,2.083605,55544.0,43500.0,49846.0,0.0073340100212142545,0.0003727519171614624,-0.04770737504844047,0.027609738221599844
NGA_5839,NGA,Mbacub,0.522271,1.267678,1.293877,25215.0,27946.0,32046.0,0.1940502623501159,0.004099631977407148,0.020779962523032047,0.02775792602791083
NGA_5843,NGA,Mbak,0.417317,0.439285,0.445523,15160.0,21757.0,24916.0,0.010313275038050351,0.0028240737635687463,0.07492945151062402,0.027485879290824133
NGA_5866,NGA,Mbiama,0.423712,0.540749,0.545007,16705.0,17176.0,19602.0,0.049989587315776296,0.0015699156432040784,0.005576487999017443,0.026775909746666438
NGA_5873,NGA,Mbogwo,0.911704,1.29764,1.320218,20064.0,35608.0,40720.0,0.07314911761555543,0.0034558867406735416,0.12156903995410762,0.027192967969192683
NGA_5984,NGA,Miango,0.57402,0.643865,0.648566,11500.0,33919.0,38972.0,0.02323069266828437,0.001455997957420463,0.24150662072794193,0.02816290465465454
NGA_5986,NGA,Michaga,1.089202,1.346656,1.379334,46482.0,21909.0,0.0,0.04334910553003746,0.004806773950343235,-0.13966508191633598,-1.0
NGA_5988,NGA,Michika,3.0812,3.16145,3.1793,97634.0,60770.0,69635.0,0.005155574796778639,0.0011266869675712332,-0.09046873851878634,0.02760845452948213
NGA_5999,NGA,Miga 1,0.614873,0.674767,0.68018,14080.0,22611.0,25979.0,0.018764216921703714,0.0015992820750867498,0.09936883917497719,0.028159593074584377
NGA_60,NGA,Abraka,3.795529,4.378383,4.441199,101811.0,78190.0,89043.0,0.028983206612348544,0.0028530435823290734,-0.05142581360821519,0.02633635806823631
NGA_6014,NGA,Minjibir,0.74171,0.775704,0.780392,22651.0,28098.0,32227.0,0.009002818356288023,0.0012057970748142743,0.04404112419176798,0.027800664617869453
NGA_6015,NGA,Minna,24.036316,25.6111,25.744184,391580.0,529684.0,635191.0,0.012772884848961663,0.0010371146838867862,0.06228064963157487,0.03699699115144339
NGA_6071,NGA,Miringa,0.634274,0.683257,0.685105,16560.0,28721.0,32960.0,0.014989234907577531,0.0005403541946216173,0.11642060896952078,0.02791577064429207
NGA_6074,NGA,Misau,1.813535,2.168664,2.176202,44540.0,44907.0,51597.0,0.036413987756660715,0.0006942100161955178,0.0016425520676728311,0.028163261726483535
NGA_6151,NGA,Mkpani,0.275124,0.308896,0.313383,12835.0,18878.0,21385.0,0.02342674355032459,0.0028884503584880594,0.08021952213333283,0.02525206943352698
NGA_6169,NGA,Mgboko Umuanunu,0.879525,1.112233,1.12839,12000.0,23071.0,0.0,0.04806813620068895,0.002888590309695571,0.13966453728131123,-1.0
NGA_6204,NGA,Mokwa,1.555843,2.932582,2.966364,33653.0,81384.0,93595.0,0.13515947599111078,0.0022933650978766984,0.19317198877425068,0.028354193557159846
NGA_6211,NGA,Molume,1.046973,1.199649,1.226763,23920.0,73342.0,83274.0,0.027599165414294857,0.0044800011397145845,0.2511757393151972,0.025725932367764326
NGA_6230,NGA,Mopa,1.241322,1.405254,1.419906,49321.0,21697.0,24676.0,0.02511851031401635,0.002076673881445501,-0.15145757057238873,0.026065332725074386
NGA_6240,NGA,Moriki,0.657702,0.802317,0.805736,16160.0,19318.0,22101.0,0.040550989111362234,0.0008508325151510565,0.03634453379883329,0.027282648312202618
NGA_6325,NGA,Mubi,8.817865,9.461615,9.485868,180717.0,245844.0,281710.0,0.014192431700821517,0.0005121360581132883,0.06348684211650979,0.027610492529178243
NGA_6409,NGA,Murya,0.478347,0.618801,0.621499,18364.0,18340.0,21142.0,0.05283809441226461,0.0008704921005942001,-0.00026151771001203805,0.028843569370470945
NGA_6412,NGA,Musawa,0.712115,0.822237,0.8273,18623.0,25079.0,28770.0,0.029175351432047414,0.001228496289846115,0.0613340911345186,0.027840980666970605
NGA_6433,NGA,Mutum Biyu,2.10249,2.334017,2.345632,51192.0,66151.0,76144.0,0.021113493509704817,0.0009933045426882003,0.052608477270297715,0.028536846923414405
NGA_6476,NGA,Makera,0.651241,0.745044,0.746796,16029.0,24498.0,28173.0,0.02727811821778725,0.0004698660381972086,0.08854112244747969,0.028348912182829533
NGA_6495,NGA,Nafada,0.545848,0.573417,0.574237,16439.0,19917.0,22747.0,0.009903246180107628,0.00028584131765074794,0.039129574972397,0.026928107470277407
NGA_6497,NGA,Nafuchi,0.575482,0.60488,0.607184,12570.0,25742.0,29451.0,0.010014238365620542,0.0007606459491333872,0.15414772980895997,0.0272864315011192
NGA_6512,NGA,Naka,1.935448,2.280454,2.29145,71250.0,68263.0,78278.0,0.033351232393224794,0.0009625147221188346,-0.00852880700326275,0.027758009655883153
NGA_6530,NGA,Bassam Jiwa ,0.732841,0.822157,0.835884,12768.0,13148.0,15249.0,0.023267074267347088,0.0033171843372326038,0.005882758881684991,0.03009275776182463
NGA_6537,NGA,Namu,0.983414,1.011604,1.016778,19295.0,36427.0,41853.0,0.005668460813105236,0.0010208435493177515,0.13552244908207367,0.02815984296081231
NGA_6558,NGA,Nasarawa 1,3.124339,3.454327,3.47388,88968.0,96494.0,111238.0,0.020283960760282937,0.0011295328065381582,0.016373414049739354,0.0288464713915757
NGA_6559,NGA,Nasarawa 2,0.392372,0.40528,0.408004,14184.0,16867.0,19415.0,0.006494562172778995,0.0013406562820879042,0.03525616271381571,0.028536977780807327
NGA_6560,NGA,Nasarawa 3,0.456479,0.529828,0.53266,11342.0,16529.0,18910.0,0.03025046827001998,0.0010667478435002486,0.07822994077171264,0.027280371059919206
NGA_6615,NGA,Ndeaboh,0.261267,0.563405,0.57421,15429.0,12886.0,14735.0,0.16613069668964764,0.0038065170489538502,-0.0353804276831603,0.027179640215494016
NGA_6619,NGA,Ndelle,0.490602,0.50334,0.507121,14500.0,16410.0,18728.0,0.005139698693317429,0.001497870250199318,0.025057236106316383,0.026778021583764744
NGA_6621,NGA,Akpugo,5.938618,8.297352,8.528178,186318.0,153591.0,0.0,0.06917999651782436,0.005502948274704211,-0.03789562204563823,-1.0
NGA_6631,NGA,Ndon Ebom,0.397436,0.411113,0.413412,12500.0,12290.0,14074.0,0.006789787000683667,0.0011159338958774967,-0.003382809509532514,0.02747942205773035
NGA_6653,NGA,Okpogho,1.588345,1.667008,1.68706,31000.0,45457.0,51983.0,0.009714443663897177,0.002394254907031268,0.07956256203682255,0.027193148212590668
NGA_6660,NGA,Nembe,0.706395,0.71618,0.717342,20000.0,33526.0,37926.0,0.002755180731630169,0.0003242890325472203,0.10884374000401742,0.02496977781980103
NGA_6663,NGA,Nenwe,1.495611,1.751295,1.768638,30500.0,32335.0,36977.0,0.03206756931015864,0.001972792315094951,0.011753243152825554,0.027192315148929058
NGA_6670,NGA,New Bussa,2.96764,3.372165,3.399278,89985.0,44365.0,51021.0,0.025886984821906545,0.0016029002342694554,-0.131891371314657,0.02835176101477277
NGA_6673,NGA,New Marte,0.247216,0.247623,0.254676,14113.0,24519.0,28137.0,0.00032905009493178206,0.005632748765041162,0.11680328420994379,0.02790980185631131
NGA_6676,NGA,New Wara,0.751928,0.798355,0.804026,22741.0,26250.0,30125.0,0.012054635645152523,0.0014166517606548634,0.029115098450307686,0.027920552570416035
NGA_6684,NGA,Ngala,0.428807,0.729436,0.736121,16273.0,117208.0,134507.0,0.11210313597693089,0.0018262404694051604,0.48421879268863677,0.027915763566550345
NGA_6685,NGA,Ngalda,0.534286,0.587285,0.588424,13844.0,22937.0,26339.0,0.019095826023140194,0.0003875860684601218,0.1062543840196839,0.028045966638346798
NGA_6687,NGA,Ngambu,0.467542,0.531388,0.538294,13924.0,40740.0,46753.0,0.025931164522484895,0.0025858231068296433,0.23951390190933486,0.0279161553879419
NGA_6696,NGA,Ngbalang,0.526654,0.570526,0.573273,28286.0,16353.0,18738.0,0.016131724832559646,0.0009611217262339711,-0.1037995039885774,0.027602517522540504
NGA_6699,NGA,Ngelzarma,0.539255,0.545548,0.548185,19620.0,22641.0,25999.0,0.0023231416626925405,0.0009648706181506483,0.029056737243680075,0.028045195699210934
NGA_6704,NGA,Ngo,0.471016,0.56077,0.569496,13813.0,27084.0,30910.0,0.0354993303008182,0.0030929573275761957,0.14415525250461814,0.02677961995680489
NGA_6706,NGA,Ngodo,1.638185,3.673554,3.712084,36080.0,69864.0,79640.0,0.17528906820897716,0.002088950449336213,0.14129360463606866,0.026539253433081056
NGA_6725,NGA,Ngurore,1.261996,1.31855,1.322361,30525.0,56313.0,64528.0,0.008806158760626959,0.0005773920834009072,0.13029185582968128,0.02760902082837502
NGA_6726,NGA,Nguru,4.104844,4.32461,4.344571,97440.0,130277.0,149602.0,0.010485435536783605,0.0009214356128004475,0.059805318825868925,0.028049272491517563
NGA_6763,NGA,Ningi,1.605868,1.783563,1.786593,39185.0,50875.0,58454.0,0.02121155937597652,0.0003395386755773444,0.05360279542012969,0.028162979950561384
NGA_6777,NGA,Damare,2.95106,3.170826,3.200418,100854.0,55906.0,64062.0,0.014469219016652657,0.0018595877937090943,-0.11130434153128277,0.02761021937440189
NGA_6795,NGA,Nko,0.351638,0.406258,0.408821,17425.0,18608.0,21079.0,0.029298227685705003,0.0012585876926389794,0.013223799010647186,0.025250668871532378
NGA_6807,NGA,Ekparakwa,0.254707,1.651247,1.69778,14896.0,105173.0,120448.0,0.4532965152401762,0.005573626230300777,0.4783147825448839,0.027493459821309685
NGA_6817,NGA,Nkwoida,0.81392,0.823776,0.83072,14345.0,16223.0,20113.0,0.0024102133492081013,0.0016802392913677355,0.02491092645934545,0.04392461265078973
NGA_6818,NGA,Nkwo-Nando,0.965701,1.012166,1.019883,26308.0,25403.0,28845.0,0.00944302778425321,0.0015202195240227034,-0.00697670860759958,0.02573956381037057
NGA_6819,NGA,Nmiata,0.33545,0.380936,0.383513,10200.0,10301.0,11696.0,0.025757838053280357,0.0013493368416344076,0.0019725945320994143,0.025726544115738603
NGA_6841,NGA,Sabon Rijiya,0.78961,0.810359,0.812935,23000.0,34203.0,39334.0,0.005201120444520813,0.0006349607417841518,0.08259813071664857,0.028349597960499073
NGA_6842,NGA,Ashaka/Jalingo,1.016377,1.063285,1.066545,22500.0,35644.0,40708.0,0.00906460276255916,0.000612443383280814,0.09637918905800769,0.02692485692234725
NGA_6843,NGA,Mmahu/Egbema,0.642877,0.677364,0.683233,13000.0,14275.0,16330.0,0.010505879141121888,0.0017269191743711776,0.01888824768596309,0.02726386951636428
NGA_6869,NGA,Nsukka,59.76992,64.339784,66.06724,1430312.0,1456497.0,1737222.0,0.014844225248262122,0.005313033699802849,0.003634917425165529,0.03587927755874332
NGA_6872,NGA,Ntamante,0.25429,0.278164,0.285788,11868.0,12461.0,14115.0,0.018109121022136465,0.005422530868267161,0.009799314814330051,0.025240130641303482
NGA_6876,NGA,Nto Edino,2.108889,2.300775,2.395381,87388.0,67670.0,77498.0,0.0175695103417306,0.008091818604468282,-0.04985721401420651,0.027492980634977515
NGA_6889,NGA,Numan,3.626868,3.795064,3.806313,101955.0,74446.0,85307.0,0.009107585763006965,0.000592121047039651,-0.06095464712869458,0.027610800711458605
NGA_6931,NGA,Oba-Ile,0.449527,0.543184,0.549407,16095.0,17142.0,19568.0,0.0385758922427355,0.002280876053703862,0.012684358148083774,0.026826314427030207
NGA_6933,NGA,Obagaji,0.564561,0.624608,0.627303,27995.0,11373.0,13041.0,0.020420873220926783,0.0008614557456065874,-0.16486071488365706,0.02774925621619717
NGA_6935,NGA,Obarike Ito,0.779052,0.864502,0.870829,27051.0,16291.0,18681.0,0.021033311034854396,0.0014594665700964349,-0.09644855692324505,0.027757075568231704
NGA_6937,NGA,Obe,0.704399,0.867826,0.87624,10145.0,17786.0,20298.0,0.042612158872815664,0.001931621638071812,0.1188329482436925,0.026774305262432074
NGA_6938,NGA,Ipu/Ozaa/Asa,1.351979,2.523544,2.579605,37884.0,52401.0,59734.0,0.13294333047075924,0.004404074293369531,0.06703029344615441,0.026541247657060563
NGA_6940,NGA,Obi,0.512825,0.553374,0.563603,17312.0,16326.0,18820.0,0.015336297819660949,0.003669921526641584,-0.011659687534652408,0.028840295309407127
NGA_6941,NGA,Obiaruku,3.703022,6.485039,6.565053,80323.0,69446.0,79085.0,0.11859084352668026,0.002455559802287066,-0.02868194158278492,0.02633556045750507
NGA_6943,NGA,Obigwo,0.82696,0.867127,0.884817,21000.0,19926.0,22795.0,0.009530957410245788,0.004047247231626194,-0.010444478864593099,0.027268317702322964
NGA_6944,NGA,Obilokwu Mbieri,0.711976,0.773815,0.795676,10545.0,10204.0,0.0,0.016797238270886306,0.005587399791315395,-0.0065528386275161,-1.0
NGA_6953,NGA,Obubra,0.660645,0.730654,0.740925,11239.0,14447.0,16365.0,0.020348951997150255,0.0027957773395363983,0.05150175121330647,0.025245017493081834
NGA_6954,NGA,Obudi,1.510783,1.566826,1.580634,33010.0,53458.0,61155.0,0.0073113700023164085,0.00175636367740295,0.10121834208479807,0.027268219913400005
NGA_6959,NGA,Ode Aye ,0.935353,1.070873,1.079521,24727.0,30694.0,34850.0,0.027430573670072622,0.0016099386751040612,0.04418250389816336,0.025722444571421477
NGA_6961,NGA,Ode Omu,1.563226,1.844961,1.85698,45110.0,30362.0,34660.0,0.03369659114821921,0.001299518282204204,-0.0761286281468877,0.026832572194442905
NGA_6962,NGA,Oderiga,0.316622,0.377838,0.385296,14016.0,21990.0,24910.0,0.03598366858236024,0.003916918699118144,0.09425925409568836,0.025249815097668105
NGA_6964,NGA,Odige,0.648862,0.72574,0.733638,27014.0,10320.0,11683.0,0.022646988807183632,0.0021671238229707956,-0.1750679816288353,0.02512054108692019
NGA_6965,NGA,Odo Ere & Igbaruku,0.8231,0.899966,0.913281,35759.0,14946.0,16998.0,0.01801622587101237,0.0029416431598434656,-0.16009933999752102,0.026064281082970986
NGA_6967,NGA,Odogbolu,0.799377,0.989271,1.014319,29340.0,23010.0,26529.0,0.04354871094118651,0.005013409711688732,-0.04744227842010462,0.028870824558205888
NGA_6969,NGA,Oduaha,0.430448,0.447528,0.448233,10400.0,12313.0,14052.0,0.007812878249606081,0.0003148657420628531,0.03434664004956245,0.026773974958158586
NGA_6974,NGA,Offa,11.295049,12.864741,12.966817,173549.0,292936.0,342764.0,0.0263667767251059,0.0015818983492084104,0.11037615352966235,0.031916343956976956
NGA_6977,NGA,Ofugu Inye,1.130966,1.254825,1.283983,50826.0,30171.0,34313.0,0.021002305405710908,0.004604738308739087,-0.09904986530804549,0.026062456416790614
NGA_6979,NGA,Ogbaniko,1.356107,1.57224,1.59684,45370.0,29893.0,33863.0,0.030018385240179635,0.003109890156421491,-0.08005864071680846,0.025253323286175577
NGA_6980,NGA,Ogbeofu,0.816306,0.942796,0.965691,53576.0,10086.0,11418.0,0.029231213345937146,0.004810328439381006,-0.28393947007308695,0.025118839430456896
NGA_6981,NGA,Ogbia,0.39447,0.404155,0.407497,10296.0,12311.0,13926.0,0.0048628607111618205,0.0016483776719777854,0.03639416567362841,0.024959279998978623
NGA_6982,NGA,Ogbogbo,0.434926,0.484558,0.486691,18550.0,12115.0,13778.0,0.02184748291500993,0.000878843872357038,-0.08167607117261344,0.02605951570966769
NGA_6983,NGA,Ogboja,1.126964,1.39427,1.424602,39258.0,36238.0,41050.0,0.04348778106291018,0.0043135759306878185,-0.015881921467359894,0.0252500240799165
NGA_6984,NGA,Ogboloko,1.385879,1.487446,1.495365,45225.0,32011.0,36707.0,0.014245708588759287,0.0010625178611971542,-0.06677979476492812,0.027755785191663884
NGA_6985,NGA,Ogbomosho,19.70742,25.580004,25.729922,446740.0,395745.0,452110.0,0.05354761224626259,0.0011694116863363302,-0.023949879672103047,0.02698886612361906
NGA_6986,NGA,Ogbona,0.900628,0.993444,1.020845,25000.0,12059.0,13652.0,0.019810758550820484,0.0054564928590339346,-0.13568060741921728,0.02512540595999857
NGA_6988,NGA,Ogboro,0.506243,0.601267,0.615129,20200.0,10214.0,11668.0,0.03500314033908669,0.0045689874300605116,-0.12749304643590254,0.026975571872969395
NGA_6989,NGA,Awgbu,1.341513,1.715294,1.720948,16569.0,25116.0,0.0,0.05038554512143323,0.0006583780926767702,0.08675296883788719,-1.0
NGA_6992,NGA,Ogoja,1.685684,1.757297,1.764829,50773.0,29507.0,33425.0,0.008355799820214838,0.0008557597108211912,-0.10286366524472113,0.02524880521635242
NGA_6994,NGA,Ogori 1,0.481192,0.520106,0.525847,17390.0,11515.0,13096.0,0.01567483701060124,0.0021979437338186525,-0.07914156182436194,0.026065168060076527
NGA_6995,NGA,Ogori 2,0.665446,0.725402,0.727655,11050.0,11471.0,13153.0,0.017403403079973234,0.0006204025354199505,0.007506369262218149,0.027743427397023623
NGA_6999,NGA,Oguma 1,1.452864,1.713431,1.725375,31380.0,37280.0,42833.0,0.033542480122568774,0.001390290578361375,0.035057777160246495,0.028159559740243312
NGA_7000,NGA,Oguma 2,0.872934,0.968862,0.980957,27897.0,18145.0,20636.0,0.02107137843395135,0.002484368720808039,-0.08242854603034933,0.026062249097864365
NGA_7001,NGA,Ogume,1.032315,1.141238,1.155884,27840.0,28040.0,31932.0,0.020264550607860032,0.0025536111467303613,0.0014326706334510941,0.02633614102511439
NGA_7002,NGA,Ogunmakin,0.240266,0.348515,0.360377,11520.0,10329.0,11908.0,0.07722353022110551,0.006716341102520396,-0.0215893763180659,0.028859589332573155
NGA_7005,NGA,Ogwashi Uku,3.965042,4.50394,4.539359,105064.0,49174.0,57155.0,0.025814800692772977,0.0015678765153810392,-0.14087507080031936,0.03053735428302029
NGA_7006,NGA,Ogwuosie,0.923136,0.934627,0.948113,27675.0,20404.0,23333.0,0.0024772533245134287,0.002869343558620896,-0.05913884777101419,0.027190639731222488
NGA_7007,NGA,Ohafia,2.141544,2.697335,2.736235,44415.0,43004.0,63651.0,0.04722879970614624,0.002867832256324032,-0.006436022629776272,0.0815815631263761
NGA_7008,NGA,Ohoba,0.444092,0.475587,0.483574,13700.0,10812.0,12368.0,0.013797941398763447,0.003336458288510036,-0.046244415301006425,0.02725600316873744
NGA_7010,NGA,Oja,0.556325,0.594653,0.599253,19112.0,16303.0,18794.0,0.013414251745963668,0.0015423556918987558,-0.031293356112812365,0.028845917911322516
NGA_7011,NGA,Oja Odan,2.32127,3.161421,3.210733,46442.0,54251.0,62548.0,0.06372982209708034,0.0031003260841186986,0.031571575289212284,0.028871496686076137
NGA_7012,NGA,Ogharefe,4.456429,4.847447,4.90617,114840.0,82535.0,93991.0,0.01696314796317222,0.0024111866620815103,-0.063928561179322,0.02633614258281991
NGA_7013,NGA,Oju,2.521199,3.164537,3.237815,109060.0,40000.0,45868.0,0.04650331967814081,0.0045888892950460836,-0.1817634040329058,0.027755861908650648
NGA_7014,NGA,Sekona,0.376553,0.423125,0.425961,10017.0,11083.0,12651.0,0.023595846150367583,0.0013369227086732494,0.020431677123222025,0.026818074008652104
NGA_7016,NGA,Oka Akoko,1.943049,2.036053,2.044575,57525.0,42410.0,48153.0,0.009394804904569565,0.000835711843075293,-0.059145797679858725,0.025725176414276518
NGA_7017,NGA,Okada,0.681525,1.019095,1.050943,31147.0,17036.0,19286.0,0.0837935844722244,0.006173553876825721,-0.11368054623880697,0.025120471039540293
NGA_7019,NGA,Okaka,0.340201,0.450544,0.46841,12865.0,10499.0,11994.0,0.057792113893852415,0.0078079723165860315,-0.03983111319727051,0.026982922257873687
NGA_7021,NGA,Oke Amu,0.46578,0.56802,0.578879,19073.0,11527.0,13168.0,0.040486759818600504,0.0037945502178347024,-0.09581050532649815,0.02697697072470473
NGA_7022,NGA,Oke Igbira,0.729121,0.792462,0.800632,23497.0,18000.0,20248.0,0.016800539225144684,0.0020534776447427294,-0.05190464762016289,0.023816030814556965
NGA_7023,NGA,Okeigbo,0.789292,0.917989,0.929957,28064.0,13748.0,15609.0,0.03067075978044209,0.0025939465811524176,-0.13300221018725866,0.02571595598152454
NGA_7024,NGA,Oke Ila,0.283804,0.33111,0.336207,12574.0,11057.0,12622.0,0.031313628862730036,0.003059951170989228,-0.025385719186234668,0.026829112559998203
NGA_7025,NGA,Oke Mesi,0.754009,0.819023,0.826063,28369.0,18165.0,20434.0,0.01667914174229357,0.0017132409856741582,-0.08530085111429242,0.02381997233969302
NGA_7026,NGA,Oke Odan,0.79027,1.351779,1.365112,14240.0,22629.0,26089.0,0.1133354555442998,0.001964922701916061,0.09706175342369106,0.028865048452126008
NGA_7027,NGA,Oke-Ode,0.317229,0.405142,0.409543,10261.0,11783.0,13543.0,0.050139216452008695,0.0021631925216107906,0.028047634241471275,0.02823362078661029
NGA_7028,NGA,Oke Oji,0.542366,0.607354,0.610478,15360.0,12356.0,14202.0,0.022892249395999986,0.0010266145588426756,-0.042591372359556345,0.02823959088495176
NGA_7030,NGA,Okeagbe,0.551023,0.639427,0.665856,25125.0,14350.0,16293.0,0.03020641229523302,0.008133088952696932,-0.10597602351582158,0.02572237975839342
NGA_7031,NGA,Okeiho,2.743597,3.119149,3.141561,94361.0,66359.0,75810.0,0.02599007683759158,0.0014329460758557566,-0.06798809545472717,0.02698791422137803
NGA_7032,NGA,Okenne,16.348703,17.220568,17.304064,405840.0,408346.0,464413.0,0.01044535910812372,0.000967848834467766,0.001231930399480552,0.02606580042574924
NGA_7034,NGA,Okigwi,2.301221,2.664806,2.688972,49673.0,68991.0,78925.0,0.029772888746880444,0.0018071719643377726,0.06790940170573112,0.027269585576980004
NGA_7035,NGA,Okitipupa,4.501475,5.334722,5.395835,78610.0,101960.0,115768.0,0.034549773643995696,0.002280713878538343,0.05339294674510553,0.025726889543962628
NGA_7036,NGA,Oko,0.711269,0.813938,0.817072,25950.0,15071.0,17217.0,0.027333591452959105,0.0007688999013877318,-0.10298244689409974,0.02698259159885552
NGA_7037,NGA,Oko Ita,0.682342,0.751151,0.770868,22110.0,27958.0,32018.0,0.0194009386137195,0.005195541434054762,0.04805354571791076,0.027490038161593233
NGA_7038,NGA,Okobo,0.434463,0.472669,0.481431,14000.0,15307.0,17408.0,0.016999793321506473,0.00368026838711355,0.01801085597988461,0.026057641646804575
NGA_7039,NGA,Okokpon,0.558127,0.672865,0.677298,14950.0,14076.0,15935.0,0.03809949839706106,0.0013141904215838718,-0.01197572932500246,0.025119658402823042
NGA_7041,NGA,Okopedi,0.883211,1.060893,1.075733,23864.0,47061.0,53896.0,0.03734071230088931,0.002782119610374778,0.1454696379564131,0.02749348447359634
NGA_7042,NGA,Okpakeke,1.642128,1.723347,1.753957,41425.0,33444.0,38245.0,0.009701834291469202,0.0035274163550744753,-0.04189933956194858,0.027191199957406376
NGA_7044,NGA,Okpara,0.980985,1.026258,1.03743,38640.0,20149.0,22945.0,0.00906429155712174,0.0021678110804219664,-0.12210358441006608,0.026329738526233104
NGA_7046,NGA,Okpella,2.319794,2.478872,2.50273,67925.0,33906.0,53032.0,0.01335341691015901,0.001917539748308883,-0.12973927914732808,0.09358435789729302
NGA_7047,NGA,Okpo,1.526726,1.827268,1.89369,69941.0,29755.0,33840.0,0.03659289889961981,0.00716662852523231,-0.15712024360400256,0.02606312472413186
NGA_7048,NGA,Okpoga,1.14518,1.682507,1.719838,71175.0,27031.0,30996.0,0.07998226815087839,0.0043986773734094875,-0.17603848521872578,0.027752892994520773
NGA_7049,NGA,Okpoma,1.007956,1.337814,1.36631,44330.0,21392.0,24233.0,0.058256226463435645,0.004224244430189872,-0.13560801410056078,0.025253259030680653
NGA_7052,NGA,Okposi,1.090513,5.076335,5.269448,26477.0,150964.0,172868.0,0.36014085380503436,0.007495162907063868,0.41644894027483437,0.02746785264690832
NGA_7058,NGA,Okundi,0.267053,0.327833,0.335042,11048.0,11631.0,13175.0,0.041864022695096814,0.0043597892914970515,0.010337977687138844,0.025242765988727323
NGA_7059,NGA,Okuku,1.334876,2.371999,2.40656,61574.0,66859.0,76324.0,0.12184980127301315,0.0028972454014168925,0.016605609732925464,0.026834020981644002
NGA_7061,NGA,Okuta,0.996425,1.186935,1.197025,35459.0,25627.0,29456.0,0.035610545638234514,0.0016944254543971304,-0.06288204911598194,0.028241671343498753
NGA_7062,NGA,Okwale,0.362301,0.377919,0.380547,15000.0,14196.0,16201.0,0.008476630671684138,0.0013869217701953929,-0.010957517486828827,0.026774717182773466
NGA_7063,NGA,Okwuzi,2.156501,2.609295,2.638753,34843.0,76000.0,86737.0,0.03885444806212068,0.002247799958394525,0.16879840501345877,0.026781797323889744
NGA_7067,NGA,Oleh,2.455175,2.659244,2.682812,67915.0,51119.0,75290.0,0.01609694815263185,0.0017662833040605896,-0.05523601598082395,0.08051547092054245
NGA_7073,NGA,Olokata,0.30879,0.364891,0.371406,13417.0,12140.0,13996.0,0.033951064876386106,0.003545696167336354,-0.01980461505372566,0.02886181552890066
NGA_7074,NGA,Oloko 1,0.653801,0.692856,0.702279,13824.0,14615.0,28079.0,0.011671417942986206,0.002705368036499012,0.011190588694008241,0.13950586135389753
NGA_7075,NGA,Olomoro/Oruabe,0.593737,0.665967,0.676379,19796.0,13548.0,15428.0,0.023226358581009743,0.0031075083368887757,-0.07304308504148871,0.02632968041817274
NGA_7082,NGA,Omifon,0.655006,0.73058,0.734996,17000.0,18788.0,21332.0,0.022079082234938596,0.0012059901810459461,0.020202365147722334,0.02572326168685901
NGA_7083,NGA,Omoku,4.427618,4.874115,4.911618,60373.0,114204.0,130338.0,0.01940116475898801,0.0015341495217384704,0.13597222201638792,0.026781292562457315
NGA_7085,NGA,Omor,1.164534,1.273554,1.28599,23184.0,26342.0,29911.0,0.018059212618476428,0.0019453762679364495,0.025869399386106995,0.02573798247357284
NGA_7086,NGA,Omu,0.639288,0.723082,0.738642,20717.0,17742.0,20455.0,0.02493942675611671,0.004267225406243247,-0.030528287206187277,0.028867341027367877
NGA_7087,NGA,Omu Aran,2.984521,4.531843,4.578065,80810.0,100665.0,115709.0,0.08712640248532066,0.002031604867465786,0.04491912534404641,0.028247656751551498
NGA_7088,NGA,Omuo Ekiti,3.03343,3.274816,3.304153,108183.0,55510.0,62444.0,0.015431391407306316,0.0017852872891395144,-0.12493071297059677,0.02382067998306492
NGA_7093,NGA,Ondo,14.966187,16.451512,16.583885,434060.0,299334.0,339871.0,0.019104995039127992,0.0016040957541529899,-0.07162966073277433,0.025726585543127456
NGA_7097,NGA,Onicha Ugbo,0.84885,0.928682,0.934885,23590.0,20364.0,23190.0,0.018139331744537746,0.0013323168284187226,-0.028982561445728305,0.026331201406406102
NGA_7098,NGA,Onitsha,449.876832,470.111968,476.730656,8530514.0,8320664.0,10348968.0,0.008838240124663388,0.0028000674490360478,-0.00496912450036735,0.04459468512085207
NGA_7106,NGA,Ikpa Ibekwe,1.842597,1.873349,1.882892,51300.0,33213.0,38036.0,0.003315834985621935,0.0010167474484257255,-0.08327695690836034,0.027489391567410593
NGA_7108,NGA,Osan,0.3829,0.433964,0.43656,20477.0,17116.0,19254.0,0.025353616266065915,0.0011935600318679906,-0.035222448988059596,0.023820303710370805
NGA_7109,NGA,Ora Ojora,0.637137,0.695947,0.706454,23250.0,10063.0,11425.0,0.017814580914920386,0.003001411703545953,-0.15421319968243774,0.025712733974879942
NGA_7113,NGA,Ore,7.12844,7.720705,7.770374,112503.0,172320.0,195656.0,0.01609073664540195,0.0012833459763010868,0.0890161403407137,0.025726313671867507
NGA_7114,NGA,Orerokpe,2.300862,2.419395,2.4351,77873.0,43506.0,54103.0,0.010097372595547327,0.0012949005686377912,-0.10991301670783038,0.04456251884965323
NGA_7118,NGA,Oro Esie Iludin,2.332152,2.555232,2.594079,84437.0,39510.0,45414.0,0.018438238401261575,0.0030222615403130426,-0.14091755003947803,0.02824485516189923
NGA_7119,NGA,Oroa Emede,0.834757,0.905836,0.914892,26732.0,14994.0,0.0,0.016477807859948568,0.00199153073173175,-0.10920614838252618,-1.0
NGA_7121,NGA,Orogun,0.984875,1.028009,1.041844,24240.0,22448.0,25563.0,0.008609746748468261,0.002677237049995451,-0.015243156394134427,0.026329550025739
NGA_7122,NGA,Oron,5.02079,5.374102,5.389607,136007.0,174330.0,199649.0,0.013693751859812808,0.0005763618672229853,0.05090189168650805,0.027493307510479736
NGA_7124,NGA,Ago Iwoye & Oru,3.569958,3.989835,4.03319,119980.0,88602.0,0.0,0.02248834376535247,0.002163887723068303,-0.058832474766539966,-1.0
NGA_7129,NGA,Osi,0.996902,1.142547,1.148779,31472.0,18980.0,21816.0,0.0276478581448083,0.0010885236932991482,-0.09619576269370544,0.028243051463597846
NGA_7132,NGA,Osogbo,45.402136,51.913968,52.502428,763544.0,1095067.0,1278738.0,0.02716825276752166,0.00225684870529963,0.0747843266198518,0.031497490944983886
NGA_7133,NGA,Osok,0.276069,0.371546,0.386443,20760.0,10460.0,11849.0,0.06120427196570888,0.007893329550971773,-0.1281116654067097,0.02525053123294696
NGA_7135,NGA,Ososo-Oke,0.617052,0.917195,0.935294,15500.0,13470.0,15249.0,0.08250019398406927,0.003915810584566248,-0.027684566106572217,0.02512011115740287
NGA_7136,NGA,Osu,0.550408,0.616948,0.624205,18329.0,15205.0,17357.0,0.023087467239776505,0.0023415568667273234,-0.036682320926076706,0.02682787020177413
NGA_7138,NGA,Otan Ayegbaju,0.579562,0.672658,0.682413,25235.0,16033.0,18302.0,0.03024112466000961,0.0028837536986456858,-0.08672347062488728,0.02682575148369648
NGA_7144,NGA,Opete/Otokutu,1.325085,2.114526,2.164197,21431.0,49373.0,0.0,0.09797855630128272,0.004654542497655623,0.18165151485226927,-1.0
NGA_7147,NGA,Otu,0.65437,0.756301,0.772026,23645.0,13629.0,15570.0,0.029376522368928404,0.0041242379833219545,-0.10433637957587671,0.02698694807723223
NGA_7148,NGA,Otujeremi/Otokutu,0.891497,1.207536,1.231227,32216.0,25573.0,29122.0,0.06256630578379663,0.0038934224256108596,-0.04513491738238318,0.026332079874464176
NGA_7149,NGA,Otukpa,3.435278,3.845422,3.925499,107903.0,77790.0,89202.0,0.02281343430039473,0.004130532641822615,-0.06334846235763014,0.02775633890638529
NGA_7150,NGA,Otukwang,0.51758,0.687019,0.71067,11800.0,14940.0,16924.0,0.0582743069395919,0.006792210886827688,0.048319629779727036,0.025251666381802762
NGA_7151,NGA,Otun Ekiti,1.523031,1.815556,1.83144,37893.0,34259.0,38538.0,0.035762495103922376,0.001743675592173588,-0.019961496603885798,0.023818323805706587
NGA_7152,NGA,Otuocha,2.157377,2.353632,2.356822,34790.0,60248.0,68412.0,0.01756580250366757,0.0002709235747830885,0.11608595045143266,0.025741508740755092
NGA_7153,NGA,Oturkpo,8.252466,9.039811,9.106448,210260.0,128462.0,147309.0,0.018392333722937915,0.0014699727377647243,-0.09384267841327787,0.027758128848514252
NGA_717,NGA,Aliade,1.790082,2.039315,2.060297,70420.0,53821.0,61717.0,0.02641331592224283,0.002049333020884392,-0.05234305788835547,0.027757391634253503
NGA_7234,NGA,Owa Alidinma,0.506599,0.544729,0.54939,21138.0,11222.0,12779.0,0.01461956754396354,0.0017054823901985205,-0.11894854211150663,0.026325976587283195
NGA_7240,NGA,Owo,9.198084,10.515364,10.641972,192543.0,139646.0,158557.0,0.027129938002984577,0.002396542992738171,-0.06222175573764199,0.0257260468578826
NGA_7241,NGA,Owode,0.981357,1.246253,1.261764,16380.0,30628.0,35312.0,0.048952538793099354,0.002476920985641895,0.13334190817844793,0.028870548007862817
NGA_7244,NGA,Oyan,0.707632,0.833398,0.842969,33337.0,21146.0,24139.0,0.033258526946484235,0.0022863827397798797,-0.08702193675708492,0.02682919796723504
NGA_7245,NGA,Oye Ekiti,2.235926,2.639497,2.69926,77046.0,58995.0,66365.0,0.03374339890503486,0.004487899123521766,-0.051989774416744794,0.023822757139992268
NGA_7247,NGA,Oyo,23.714428,27.959376,28.20926,435645.0,490563.0,563992.0,0.033482112241377315,0.0017811229820052787,0.024029365982369155,0.028290043967518663
NGA_725,NGA,Aliero,1.353375,1.480834,1.486747,35945.0,37116.0,42595.0,0.018163784796549676,0.0007973315405287451,0.006432228711792387,0.02792041467091222
NGA_7250,NGA,Ozoro,2.969771,3.365673,3.424719,89766.0,49167.0,55991.0,0.025344464978021897,0.0034843525830536848,-0.1134313557132477,0.02633444083225811
NGA_7251,NGA,Ozu,0.516283,0.627846,0.645978,16710.0,11759.0,24928.0,0.039903551326023745,0.005710349041637697,-0.06786505830723233,0.1621532715627414
NGA_7262,NGA,Paiko,1.259444,1.355359,1.361099,34318.0,28071.0,32282.0,0.014787470634131994,0.0008455768519588513,-0.039389824145940056,0.028348951972551717
NGA_7274,NGA,Pambeguwa,1.248539,1.363869,1.369168,30903.0,52155.0,59849.0,0.01782733239985368,0.0007758492826230867,0.11034786432546428,0.027903132862036495
NGA_7275,NGA,Pambu,0.387599,0.63549,0.641267,11709.0,16397.0,18874.0,0.10393935134071186,0.0018115492744850137,0.06966778919751082,0.02853697971932334
NGA_7279,NGA,Pandogari,0.837741,1.020144,1.022192,15096.0,34364.0,39520.0,0.040184413240364814,0.0004011899075564429,0.17882235905449528,0.028354008112421836
NGA_7281,NGA,Pankshin,2.410525,2.857485,2.880548,58921.0,89108.0,102382.0,0.03460474019439319,0.0016090304016871393,0.08624881937707896,0.028161606804493422
NGA_7283,NGA,Panyam,0.339883,0.39728,0.401157,10253.0,12743.0,14641.0,0.03170005063538461,0.0019441975298162273,0.04444156091351026,0.028157887391319303
NGA_7292,NGA,Patani,0.519546,0.568268,0.579373,16619.0,14403.0,16402.0,0.018089220307573095,0.0038781698921437346,-0.028216290317275905,0.026334125463050473
NGA_7293,NGA,Pategi,1.219254,1.384945,1.392576,29403.0,30178.0,34688.0,0.02581174578217671,0.0010995724404843088,0.005216855073519433,0.02824773437366712
NGA_7300,NGA,Pella,0.378299,0.42557,0.428636,12005.0,11001.0,12605.0,0.023828376726892753,0.0014367565654276326,-0.017315739553267817,0.027595365866287302
NGA_7339,NGA,Lagun,0.510626,0.544518,0.547945,17501.0,18341.0,21092.0,0.012935666280937452,0.0012555710240849116,0.009420287971917851,0.028345259447547955
NGA_7357,NGA,Port Harcourt,110.550264,119.772544,120.268264,1845232.0,3237363.0,3773353.0,0.016153922715230307,0.00082640199880335,0.11899484098198121,0.031115243662196423
NGA_737,NGA,Alizaga,1.805606,1.972755,1.981485,65862.0,42377.0,48852.0,0.017864652215691557,0.000883494180898392,-0.08441417835682286,0.028846129252454222
NGA_7371,NGA,Potiskum,10.881017,12.143922,12.258815,239190.0,424414.0,492827.0,0.022204753164074997,0.001885068980358895,0.12152597510884355,0.030340944089023658
NGA_7459,NGA,Rafin Pa,0.572692,0.645542,0.655189,21100.0,13764.0,15963.0,0.024237511683315338,0.002971098915569126,-0.08189481150557765,0.0300871509855416
NGA_7461,NGA,Rahama,3.061133,3.22347,3.252338,85080.0,99888.0,114625.0,0.010388249101762614,0.00178473139124935,0.03261199902014389,0.027905538766401783
NGA_7469,NGA,Rano,1.097929,1.226381,1.231695,26197.0,53912.0,61834.0,0.022375024050179437,0.000865116711760372,0.15527872759121863,0.02779944693450198
NGA_748,NGA,Alkaleri,1.113036,1.199733,1.204624,30800.0,34468.0,39603.0,0.01511461068553177,0.0008140217395979921,0.022758443503168913,0.0281640161781469
NGA_7505,NGA,Ribah,0.972285,1.051407,1.057161,28212.0,23745.0,27250.0,0.01577017205368514,0.001092145156455393,-0.03388759230797156,0.027918935927109034
NGA_7514,NGA,Rijau,1.217674,1.271581,1.275889,35179.0,46379.0,53337.0,0.008701343825293417,0.0006766653159118174,0.05683594994267094,0.0283511565979524
NGA_7515,NGA,nga Magajiya,0.57009,0.608934,0.614251,17123.0,20347.0,23399.0,0.013270409435594654,0.0017402628927254415,0.035104283217280985,0.02834628261758465
NGA_7517,NGA,Rimi 1,0.748083,0.919091,0.925128,15777.0,26270.0,30136.0,0.04203365445236251,0.0013102512679914469,0.10735565912742073,0.027839034285475295
NGA_7519,NGA,Ringim,1.224351,1.288061,1.292377,27274.0,68459.0,78295.0,0.01019705504161239,0.000669258183951138,0.20208822473073806,0.02721344578758922
NGA_7520,NGA,Rinjim Gaini,0.857258,1.027774,1.038544,20655.0,25730.0,29563.0,0.03694856769001187,0.0020870616339687675,0.04491970076277019,0.028162461090604163
NGA_7524,NGA,Riyom,0.383277,0.395706,0.400723,19132.0,19092.0,21936.0,0.006403122077082379,0.0025229581693069214,-0.00041849774026114783,0.02816118011234603
NGA_7535,NGA,Rogo,0.861639,0.903341,0.90796,20130.0,33207.0,38086.0,0.009497562859762887,0.0010205629228905444,0.10529237362122856,0.02779652307874758
NGA_754,NGA,Alkamu,0.51278,0.54376,0.545846,12150.0,19143.0,21859.0,0.011801306310340598,0.0007660756142522374,0.09518312721751387,0.026890315635802686
NGA_7540,NGA,Roni,0.495866,0.598058,0.598685,10160.0,19952.0,22818.0,0.03818749770222163,0.00020959078491911143,0.14450724350274569,0.02720760941663425
NGA_7578,NGA,Rumiji,0.601932,0.615859,0.618425,13500.0,20609.0,23520.0,0.004585191791144361,0.0008319222825996508,0.08828997888083157,0.026776876594340804
NGA_7579,NGA,Rumirigo,0.430514,0.459996,0.462403,13281.0,31430.0,36068.0,0.013335728122275015,0.0010443472378445229,0.18801717948074304,0.02791105299503971
NGA_7610,NGA,Sabon Birni 1,1.068321,1.159745,1.161958,25785.0,29818.0,34049.0,0.016557967719600386,0.0003813446597413783,0.02949033779143284,0.0268929451127653
NGA_7611,NGA,Sabon Birni 2,0.440617,0.457463,0.458168,10080.0,18575.0,21251.0,0.007532223500900326,0.0003080318228556589,0.1300395878341276,0.02728302016212969
NGA_7612,NGA,Sabon Birnin Yero,0.388617,0.44091,0.446379,14295.0,21549.0,24728.0,0.025570761441890077,0.002468560683508869,0.08554690206095161,0.027903569468166856
NGA_7613,NGA,Sabon Gari 2,0.642386,0.727513,0.73097,15680.0,24866.0,28622.0,0.025200804094005713,0.0009485597853708949,0.09660942502568193,0.028534371769720845
NGA_7615,NGA,Sabon Gari 1,0.457701,0.569085,0.573406,10100.0,14228.0,16402.0,0.04452552064052506,0.0015139868103353216,0.07093841346831908,0.028846513515470074
NGA_7616,NGA,Sabon Wuse,1.999679,2.242207,2.261745,59825.0,53801.0,81973.0,0.023158893678835613,0.0017367044428626688,-0.021002623164469325,0.08786773514226076
NGA_7617,NGA,Sabongida Ora,1.093034,1.244618,1.27313,43625.0,17205.0,25068.0,0.02631453896091296,0.004540231722707011,-0.16979786214211334,0.0781842956862524
NGA_7622,NGA,Sabuwa,0.656317,0.73198,0.738318,17466.0,41809.0,47962.0,0.022061695575549933,0.0017257744210901205,0.19073539908294102,0.0278399668763194
NGA_7627,NGA,Sade,0.360431,0.425678,0.426205,10043.0,17789.0,20439.0,0.033836387389883704,0.000247482471737559,0.12113423520472244,0.028162172913527295
NGA_7631,NGA,Safana,0.451624,0.49059,0.492471,11256.0,15197.0,17433.0,0.016689493817803935,0.0007656584103319375,0.06187832429389384,0.02783370086668091
NGA_7636,NGA,Saho Rami,0.627151,0.680127,0.681424,13891.0,30183.0,34711.0,0.016350673705957997,0.0003811087577976213,0.16790032281948397,0.028349980986873913
NGA_7683,NGA,Saki,10.790038,12.89773,13.034257,257880.0,218196.0,249273.0,0.03632997848012476,0.002108162754146825,-0.03286784101532847,0.026988761653448767
NGA_7684,NGA,Sakpenwa,0.649392,0.712664,0.71713,23320.0,24190.0,27607.0,0.018768662183823226,0.0012501956614177079,0.0073524904222499465,0.026778270894953327
NGA_7686,NGA,Sakwaya,0.409481,0.44823,0.449193,12484.0,20739.0,23718.0,0.01824768890684325,0.00042932132255790734,0.10684500707089462,0.02720719004377825
NGA_7702,NGA,Salka,1.300429,1.476273,1.482179,31881.0,31889.0,36673.0,0.0256897280227546,0.0007988456836443003,5.018159489833529e-05,0.028350367465893145
NGA_7709,NGA,Samamiya,0.889325,0.968614,0.97084,20077.0,36106.0,41293.0,0.01722739618478153,0.0004592038857316183,0.12454311711558397,0.02721040924433793
NGA_7711,NGA,Samaru/Moroa,0.571925,0.609347,0.620283,26364.0,16348.0,18759.0,0.012756686718801813,0.0035639224288932514,-0.09115323602251801,0.027895609101717955
NGA_7739,NGA,Sandamu,0.339647,0.383012,0.392883,10291.0,13560.0,15555.0,0.024322988623739716,0.005102078970268709,0.056721204659571756,0.027831835561475726
NGA_7753,NGA,Sango,0.37709,0.525079,0.528549,12545.0,19055.0,21850.0,0.06845423986637589,0.0013182258534045754,0.08719552840635791,0.02775239532555851
NGA_7766,NGA,Sankwala,0.49163,0.583307,0.599528,13901.0,12583.0,14254.0,0.03478890217533581,0.0055008835209109375,-0.019725668782736183,0.025251731857800275
NGA_7782,NGA,Sapele,10.048256,10.946514,11.106508,185952.0,200256.0,228053.0,0.017271855404541903,0.002906253671052461,0.014931978945393665,0.026337153078741293
NGA_7795,NGA,Sarki Power,0.611709,0.74098,0.752362,24611.0,23321.0,26820.0,0.03908798511437084,0.0030534436355682537,-0.010710085266878444,0.028353240454692896
NGA_7878,NGA,Serti,1.354325,1.466198,1.472269,36288.0,35808.0,41217.0,0.016000555696248142,0.0008267600658706797,-0.002659612143287915,0.02853544476252967
NGA_7886,NGA,Baga ,1.228734,1.237938,1.243119,39847.0,70046.0,80384.0,0.0014936586388332174,0.0008356393192652245,0.11943154773654086,0.02791512096001525
NGA_7901,NGA,Shagamu,13.365192,16.745914,16.93282,179250.0,311129.0,358714.0,0.0461325877794978,0.0022223582418932075,0.11659650911716679,0.02887251730275553
NGA_7926,NGA,Shani,0.699506,0.744532,0.752234,15067.0,19699.0,22606.0,0.012554445907546175,0.002060442338357449,0.055075354288302236,0.02791193492380506
NGA_7927,NGA,Shanono,0.522848,0.571296,0.573305,14305.0,20320.0,23306.0,0.01788132494351191,0.000702325952064875,0.07272195262292303,0.027800459953106982
NGA_7932,NGA,Shao,0.54886,0.639354,0.646659,19343.0,17915.0,20592.0,0.03099358029968724,0.0022747465304664427,-0.015221414362050711,0.02824437743226671
NGA_7936,NGA,Share,1.087608,1.314133,1.328855,28302.0,40168.0,46171.0,0.03856428961198133,0.002230591394214443,0.07253782261579711,0.02824786041879168
NGA_7962,NGA,Shelleng,0.677714,0.696864,0.698238,31714.0,19141.0,21933.0,0.00558853788738789,0.00039402742549432546,-0.09605351513522975,0.02760612234545934
NGA_7964,NGA,Shemankar,0.407495,0.435414,0.438214,10402.0,14993.0,17226.0,0.013341947961286627,0.0012828367136761276,0.0758564757920055,0.02815639324725039
NGA_7965,NGA,Shendam,1.965993,2.637344,2.665154,53441.0,51919.0,59653.0,0.06051535908474648,0.002100100514711656,-0.005762021473023515,0.028161160612498737
NGA_7976,NGA,Shika,0.413232,0.484818,0.491633,13991.0,19527.0,22408.0,0.03246885096286567,0.0027956887507134542,0.06894990725486871,0.02790626702585275
NGA_7978,NGA,Shima,0.218269,0.265597,0.267545,17100.0,14157.0,16234.0,0.04003084884027941,0.0014625993825383432,-0.037069319286522906,0.027757990365392837
NGA_7982,NGA,Shinkafi,1.777486,1.880006,1.882013,41025.0,62865.0,71923.0,0.011278116162414253,0.00021341884223513574,0.08911080339660016,0.027286958727541055
NGA_7990,NGA,Shiwa,0.41311,0.481678,0.48959,22214.0,11398.0,13060.0,0.03118887887231625,0.003263807687342135,-0.12493487241301116,0.027597182564611078
NGA_7991,NGA,Shiwari,0.428197,0.58573,0.593827,12674.0,14557.0,16648.0,0.06465958811818662,0.0027495929368288596,0.028091185899715265,0.02720715791221262
NGA_7994,NGA,Shonga,0.346779,0.366809,0.37172,10429.0,11444.0,13154.0,0.01129401869269775,0.0026634619442276186,0.018748626763438248,0.02824355886666563
NGA_8141,NGA,Soba,0.886218,1.003567,1.011509,23989.0,47666.0,54698.0,0.025182445606688475,0.0015777677517654354,0.1472004609946409,0.027903980041539933
NGA_8142,NGA,Sobe,0.774623,0.805753,0.816773,31101.0,13627.0,15472.0,0.007911287061562966,0.0027204871370374306,-0.1521379818269889,0.025720983633855665
NGA_8156,NGA,Sokoto,26.878684,31.286048,31.464952,840020.0,762103.0,884950.0,0.03083354118355075,0.0011410593338467834,-0.019280503686901707,0.030341072540571723
NGA_8165,NGA,Song,1.47526,1.59772,1.605118,47014.0,56580.0,64834.0,0.016076532420299827,0.0009243591890804037,0.03773663312368947,0.027609178558538616
NGA_8221,NGA,Sukuku,1.30008,1.689559,1.698261,38970.0,37699.0,43724.0,0.053805975723894006,0.0010279756426212483,-0.006609768829607066,0.03009673602841767
NGA_8228,NGA,Sumaila,0.857087,0.950915,0.955012,20055.0,32726.0,37535.0,0.02099439527120195,0.000860215152300503,0.10289470568129633,0.027800202299488985
NGA_8236,NGA,Sunkani,0.549146,0.676059,0.680366,17360.0,17606.0,20265.0,0.04245989218186219,0.0012709145936626864,0.0028181723640412493,0.028530517382156617
NGA_8246,NGA,Shiya,0.463326,0.529597,0.534155,12319.0,15491.0,17806.0,0.027097728881627203,0.0017154134532788579,0.046889393371415844,0.02824683883229029
NGA_8254,NGA,Tabira,0.402956,0.516838,0.522875,11844.0,13182.0,15152.0,0.051040284521259194,0.0023252894188841022,0.02163692613581114,0.028247662414316865
NGA_8268,NGA,Tafawa Balewa,1.312526,1.363162,1.369699,41492.0,26386.0,30317.0,0.007599425431315865,0.0009572591911886086,-0.08655618862291936,0.028164330639487423
NGA_8297,NGA,Takai,0.90155,0.949476,0.953549,23330.0,34695.0,39793.0,0.010412789517716847,0.0008564785415920984,0.08260600225730053,0.02779844909071283
NGA_8303,NGA,Takum,2.421391,3.583708,3.626834,82671.0,96964.0,111612.0,0.08156727530691943,0.002395278671690537,0.032408250107790026,0.028537365034327467
NGA_8314,NGA,Talata Mafara,2.304692,2.692724,2.70768,48960.0,96309.0,110186.0,0.03161058438575659,0.0011083856122384717,0.1448935083069156,0.027287275596767246
NGA_8317,NGA,Tallase,0.752875,0.875054,0.878791,21741.0,17922.0,20468.0,0.03053416795496111,0.0008526634071124306,-0.03789739314007501,0.026922778202947084
NGA_8333,NGA,Tambawal,1.337293,1.52746,1.531575,30662.0,23552.0,26893.0,0.026948476487618445,0.0005382232995567726,-0.05139488374027967,0.02688613921064209
NGA_8361,NGA,Tanglang,1.275123,1.302281,1.307223,31356.0,27916.0,31882.0,0.004223834904549584,0.0007578265085690372,-0.022973132223346737,0.026924401476619675
NGA_8384,NGA,Tarau,1.050577,1.132277,1.134148,23626.0,60228.0,69078.0,0.015090958221011697,0.00033026627789523033,0.20581768308263038,0.027799170068038226
NGA_8399,NGA,Taura,0.519113,0.550912,0.556254,18053.0,14268.0,16318.0,0.011961675595279164,0.0019318511620245449,-0.045968435584304634,0.027213611669855364
NGA_8429,NGA,Tede,0.865145,0.949358,0.958282,36017.0,17937.0,20491.0,0.018751409108724193,0.0018729780841617583,-0.13014181479333142,0.02698161523280218
NGA_8430,NGA,Tegina,0.609575,0.717826,0.721982,16080.0,25187.0,28966.0,0.033233330663650085,0.0011552684065956331,0.0939011516419821,0.028353467585338965
NGA_8461,NGA,Tewure,0.505149,0.542672,0.545829,14068.0,10685.0,12206.0,0.014433501537221893,0.0011608040165700384,-0.05352655542214113,0.02697475472344979
NGA_8503,NGA,Tignon,0.463167,0.478399,0.481888,20344.0,23333.0,26737.0,0.006492471739727668,0.0014543784983185315,0.027795819239833763,0.02761022982403194
NGA_8547,NGA,Tofa,0.50369,0.556272,0.557222,13403.0,22682.0,26015.0,0.020057784088325148,0.0003413264378173686,0.1109534595426207,0.027799724234959022
NGA_8568,NGA,Tongo,0.433661,0.450773,0.451014,11631.0,15435.0,17628.0,0.007770185210171476,0.00010690457392237285,0.05822475225579038,0.026926312167585786
NGA_8572,NGA,Tor Donga,0.78721,0.925938,0.935715,31010.0,29985.0,34384.0,0.03299509908032694,0.0021029411198658643,-0.00669994987564726,0.027757060522955346
NGA_8578,NGA,Toro,0.678225,0.745189,0.751042,22400.0,19092.0,21936.0,0.019010193104504802,0.0015659644743433176,-0.03145304192206522,0.02816118011234603
NGA_8583,NGA,Toto,0.790516,0.88246,0.885445,28461.0,21180.0,24416.0,0.022249420157310906,0.0006756044162159469,-0.05738323409674029,0.028844433272390058
NGA_8584,NGA,Toto-Owu,1.464365,1.975521,2.00808,17622.0,53685.0,61895.0,0.0617113548235948,0.0032747263672547877,0.24956701372579526,0.028870042181102562
NGA_8614,NGA,Tsafe,1.381822,1.494454,1.496969,30960.0,53841.0,61599.0,0.015795044454187446,0.00033635143286470104,0.11702381682925678,0.027287748847838023
NGA_8616,NGA,Kofar Arewa,0.651855,0.723867,0.725209,12138.0,26961.0,30923.0,0.021178248134793964,0.00037051168654511635,0.1730533730834951,0.02780121041361716
NGA_8618,NGA,Tsanyawa,0.420013,0.438575,0.440847,12931.0,14229.0,16320.0,0.00868654529112356,0.0010339424821541598,0.01931508988774766,0.027801281891962626
NGA_8620,NGA,Tse Agberagba,1.044636,1.151857,1.160565,50468.0,21494.0,24647.0,0.019733567303324984,0.0015074416255811407,-0.15693661088648558,0.02775444581562514
NGA_8657,NGA,Tudun Wada,1.149342,1.405268,1.431724,25353.0,69325.0,79512.0,0.04102695788817212,0.0037372221854719,0.2228469491086087,0.02779987343340662
NGA_8679,NGA,Tungan Gimba,0.366726,0.422038,0.424575,15326.0,13440.0,15493.0,0.028494493757319272,0.0011993809258064037,-0.025921204256031505,0.028838601590918334
NGA_8681,NGA,Tungo,0.827809,0.900321,0.905039,27442.0,24741.0,28350.0,0.016935591284677365,0.0010458806107775942,-0.020509342816664722,0.027607257427296084
NGA_8684,NGA,Tunkus,0.403074,0.543614,0.548372,15565.0,10096.0,11600.0,0.06164952438711069,0.0017444102336678924,-0.08293515929080675,0.028162428020530816
NGA_8693,NGA,Mayo Bani/Uba,2.549116,2.746784,2.757638,77466.0,110748.0,127094.0,0.015048939997144073,0.0007890598313942121,0.07410058249349905,0.027916485572313743
NGA_8695,NGA,Ubiaja,1.64599,1.759756,1.791429,71512.0,15219.0,0.0,0.013456359958682995,0.0035740642516997045,-0.2661599019045485,-1.0
NGA_8697,NGA,Ubima,0.416403,0.476947,0.486708,11264.0,14189.0,16193.0,0.027522296033624993,0.004060015689486329,0.047253521464569515,0.026774573356725062
NGA_8699,NGA,Ubuluku,1.590923,1.751164,1.763586,48730.0,21847.0,24879.0,0.0193786466712198,0.0014147050482014034,-0.14823639442968906,0.026332832569401665
NGA_8701,NGA,Uburu,0.927546,1.459832,1.517864,12600.0,49336.0,56494.0,0.0949479743491779,0.007827016751807303,0.31388900412296006,0.027466517031647042
NGA_8703,NGA,Udi,1.363898,3.703537,3.784134,67561.0,51661.0,59077.0,0.2211442224781448,0.004315033834388915,-0.052250971584012484,0.027190809309647346
NGA_8704,NGA,Uduma,1.582928,2.381372,2.434476,20500.0,50672.0,57946.0,0.08510862708957534,0.004420691781633623,0.1984028605237742,0.027190710624086956
NGA_8706,NGA,Ugba,1.813872,2.215759,2.228178,54150.0,55157.0,63249.0,0.04083808991105542,0.0011184655557414658,0.0036919366225232064,0.02775738318062415
NGA_8707,NGA,Ugbema,0.371691,0.454208,0.466762,15030.0,14035.0,16094.0,0.04091327390605026,0.005467743621041077,-0.013605397228887428,0.027756698471013364
NGA_8709,NGA,Ugbokpo,0.861372,1.080731,1.091524,32369.0,17246.0,19776.0,0.046418410008211675,0.001989420441952605,-0.11831831407362658,0.02775598455755346
NGA_8710,NGA,Ugep,2.083532,2.269968,2.291084,69955.0,104352.0,118210.0,0.01728797759036227,0.0018535824707592852,0.08326921989227243,0.025252148455706225
NGA_8711,NGA,Ughelli,11.137628,12.866861,13.00341,196297.0,239883.0,273181.0,0.02928579743120907,0.0021135382682238024,0.040919541695222605,0.02633751530362094
NGA_8714,NGA,Ugwalawo,0.987357,1.137299,1.169276,41440.0,28305.0,32191.0,0.02867951055284723,0.005561126156205631,-0.07340770936603924,0.02606355428486551
NGA_8718,NGA,Ukata,0.529517,0.59651,0.603967,15646.0,20430.0,23495.0,0.024112257541470727,0.0024878004173267687,0.05480701192901516,0.028351099030849536
NGA_8719,NGA,Uke,0.850627,0.987587,0.997058,26250.0,40199.0,0.0,0.03030839897815496,0.0019106927782064353,0.08897319152442518,-1.0
NGA_8733,NGA,Umaisha,0.268144,0.28894,0.291256,10767.0,10877.0,12539.0,0.015051125211499539,0.0015979857055723468,0.0020349812251470034,0.02884690335961948
NGA_8759,NGA,Umomi,0.34296,0.374277,0.380109,13020.0,13717.0,15600.0,0.017630075546847035,0.003097164074157277,0.010484441129570587,0.0260607904573964
NGA_8763,NGA,Umuagu,1.402936,1.562786,1.598973,18984.0,40678.0,46535.0,0.02181513353450515,0.004588780812027737,0.16464716365064724,0.027268627902809595
NGA_8764,NGA,Umuahia,18.942654,20.89805,21.179404,392624.0,643306.0,0.0,0.019842220661447474,0.0026782494873482943,0.10379431197193956,-1.0
NGA_8766,NGA,Umuakpu,0.553799,0.600632,0.606497,13127.0,17905.0,20483.0,0.016368647965696148,0.0019453593159568516,0.06404934329969958,0.027268208467830846
NGA_8767,NGA,Umuawulu,0.658016,0.708174,0.711279,10329.0,13527.0,15360.0,0.014800575464183119,0.0008753692492027287,0.05542807509739345,0.02574154332344092
NGA_8769,NGA,Umuleri,0.472691,0.490238,0.491702,10584.0,10803.0,12266.0,0.007316453287744551,0.0005965487566930161,0.00410448974396771,0.025726833116916037
NGA_8770,NGA,Umunede,2.093341,2.320532,2.332302,60492.0,28975.0,32997.0,0.02082081380722345,0.0010123706898039764,-0.13689208307192535,0.026337512087976966
NGA_8771,NGA,Umunelu,0.539747,0.577002,0.582656,15170.0,19878.0,22686.0,0.013438540569456814,0.0019521485732567623,0.05554662408051869,0.02677916675083991
NGA_8774,NGA,Umuosu,0.746692,0.802155,0.811855,10603.0,18394.0,20968.0,0.014432978344255387,0.0024068712275402415,0.11647623734715196,0.026540681854419823
NGA_8779,NGA,Ungwan Makera,0.308997,0.333365,0.335727,10230.0,11930.0,13691.0,0.015297104584556465,0.0014130662194224985,0.031223881410842313,0.027919122480767555
NGA_8780,NGA,Ungwan Shehu,0.846663,0.913901,0.915755,19075.0,42913.0,49244.0,0.015401298130219176,0.00040540438621516905,0.17604750801501945,0.027904788435830774
NGA_8786,NGA,Uromi,11.074204,22.111788,22.450264,149483.0,229542.0,277098.0,0.14831825380344443,0.00304292303974818,0.08956732627049213,0.038375053798942904
NGA_8793,NGA,Usere,0.527203,0.573856,0.583068,21228.0,15449.0,17593.0,0.017103176796138042,0.0031901424806519696,-0.061577831055626864,0.02633208489313854
NGA_8797,NGA,Usonigbe,0.804426,0.822172,0.829657,29913.0,11655.0,13194.0,0.004373664535144206,0.0018141923506203028,-0.1718090864095856,0.025115594816663256
NGA_8798,NGA,Uteh,0.615004,0.660444,0.668552,29965.0,14183.0,16151.0,0.014358824464909326,0.0024433488216857313,-0.13894525533304447,0.026328202002304346
NGA_8802,NGA,Utonkon,0.511684,0.62123,0.63036,25442.0,12443.0,14268.0,0.0395613313015597,0.002922201535318525,-0.13328807789291175,0.027750270858182713
NGA_8806,NGA,Uyo,87.66392,92.402552,94.273288,2271025.0,2796493.0,3267611.0,0.010584460267821783,0.004016702618401036,0.04250552260920859,0.031628478658571435
NGA_8808,NGA,Uzebba,1.446203,1.860044,1.886319,57760.0,28746.0,32543.0,0.05161989074632789,0.0028093724288964506,-0.13025879185911604,0.02512313074009187
NGA_8809,NGA,Uzuakoli,0.695146,0.721174,0.726217,12720.0,20847.0,23764.0,0.007378798998675329,0.0013946573476788515,0.10385312385475531,0.02653838978721179
NGA_8813,NGA,Vande Ikya,2.106909,3.328676,3.4216,72015.0,73589.0,84385.0,0.09578449063879346,0.00552192002748475,0.004333588432438917,0.027757064503543427
NGA_8886,NGA,Vodni,0.567302,0.611431,0.612608,11990.0,14455.0,16608.0,0.01509485805161992,0.0003847023650904724,0.038101413964495734,0.028157973866385744
NGA_8892,NGA,Vom Wang,2.024396,2.115392,2.131854,27000.0,75022.0,86198.0,0.008832529342873263,0.0015515795648379793,0.226775162841804,0.028162382652872298
NGA_8937,NGA,Wamako,0.450485,0.499854,0.504947,15996.0,12433.0,14197.0,0.021016046103401242,0.002029540232577398,-0.04914803651069599,0.02689048491192625
NGA_8939,NGA,Wamba,0.914394,1.031567,1.040209,31757.0,30426.0,35075.0,0.024407653701453702,0.0016699225966827491,-0.008526574288274524,0.028846450842170634
NGA_8941,NGA,Wamdewo,0.380753,0.417379,0.419903,10618.0,20859.0,23937.0,0.01853850564425974,0.0012065373406937585,0.14459054121558412,0.02791036930717783
NGA_8948,NGA,Wannune,1.313499,1.82199,1.841143,51308.0,38309.0,43929.0,0.06763609590759478,0.002093641425443993,-0.05675796650915543,0.027756188046972774
NGA_8951,NGA,Warawa,0.497763,0.520303,0.521502,10150.0,30639.0,35141.0,0.008896798138008144,0.0004604610477836335,0.24727353906778804,0.027798325675734814
NGA_8955,NGA,Warji,0.575293,0.681423,0.691393,11850.0,22180.0,25484.0,0.03444055756786901,0.002909252556947406,0.1335707687708807,0.02816120039914094
NGA_8957,NGA,Warri,42.109796,44.558648,44.84608,585552.0,888069.0,1099418.0,0.011369316211694125,0.0012868128714447202,0.08686661369825277,0.043622002196309184
NGA_8958,NGA,Waru,0.319469,0.501016,0.510295,10700.0,15250.0,0.0,0.09416942431217912,0.00367693402922864,0.07343861256324202,-1.0
NGA_8960,NGA,Wasagu,0.5303,0.682567,0.687703,13631.0,22358.0,25658.0,0.05177957334421035,0.001500398061443864,0.10403043747544372,0.027916813455729717
NGA_8961,NGA,Wase,1.043732,1.170249,1.178052,21349.0,52930.0,60815.0,0.023146577818758285,0.0013300197308419026,0.19912614274744422,0.02816250839960799
NGA_8969,NGA,Wawa,0.522264,0.581236,0.587091,14939.0,10135.0,11655.0,0.021627284183828532,0.0020066030941794377,-0.07466189804869683,0.028342310545140803
NGA_9,NGA,Aba,74.50888,80.370992,81.54256,1687158.0,1731615.0,2000236.0,0.015262297640945555,0.0028985481849015393,0.005215361395222162,0.029262097093828432
NGA_9019,NGA,Wudil,2.402002,2.742503,2.757967,62730.0,74119.0,85011.0,0.026868305149082117,0.0011251939659309151,0.03392932379040037,0.027801186556958957
NGA_9020,NGA,Wukari,4.907176,5.725026,5.754189,127140.0,138318.0,161245.0,0.031309850121659766,0.0010167205884166197,0.016996126296102254,0.031149204789405527
NGA_9025,NGA,Wurio,1.10964,1.189692,1.195484,25416.0,42599.0,49034.0,0.014029261593203612,0.0009718067408075459,0.10881333552613337,0.02853620500234011
NGA_9026,NGA,Wurisato,0.368688,0.456328,0.460913,10089.0,17224.0,19671.0,0.043574895431636396,0.002001491480284834,0.11290265619489959,0.02692442690963115
NGA_9027,NGA,Wurno,1.19074,1.260813,1.26497,25440.0,41954.0,47907.0,0.0115020028242947,0.0006585478477245665,0.10522640822270857,0.026892827218852222
NGA_9028,NGA,Wuro Yolde,0.435196,0.486612,0.488346,10008.0,15767.0,18067.0,0.022585390896337376,0.0007116691274728915,0.09516701310130915,0.02760780778964156
NGA_9029,NGA,Wurogauri,0.328666,0.383728,0.386077,10487.0,14794.0,16978.0,0.03146320975097017,0.001221317835626179,0.07124021817470338,0.027922051768330736
NGA_9030,NGA,Wushishi,0.935241,1.026089,1.029096,24979.0,22107.0,25424.0,0.01871405682290339,0.0005854231602970827,-0.024132279748401153,0.028354407368378576
NGA_9037,NGA,Yabo,0.913047,0.996231,0.998248,23175.0,31291.0,35731.0,0.017591295990320388,0.0004045986341205676,0.06189099994127001,0.026892887090068873
NGA_9047,NGA,Yakum,0.551802,0.596024,0.607438,27625.0,26273.0,29762.0,0.015537805380488656,0.003801041240041103,-0.00998568146455836,0.025251679294168383
NGA_9055,NGA,Yana,0.499433,0.57119,0.576976,15040.0,20380.0,23416.0,0.02721339049058824,0.0020177864607167084,0.06265250098373776,0.028162372352023457
NGA_9058,NGA,Yankara,0.593284,0.658393,0.658996,11872.0,32168.0,36902.0,0.021044131935944455,0.0001831062038475384,0.22061874307420104,0.02783918102645222
NGA_9065,NGA,Yeghe,2.704335,2.903361,2.918199,35190.0,130006.0,165594.0,0.014303934150535103,0.0010200426386106631,0.29869995616462863,0.0495816762716117
NGA_9072,NGA,Yelwa 1,3.359159,3.787284,3.796392,76300.0,91106.0,104556.0,0.0242818151854316,0.00048051591204290034,0.03610671480336425,0.02792255629304763
NGA_9073,NGA,Yelwa 2,1.169396,1.205721,1.207525,22417.0,30905.0,35509.0,0.006136824030876342,0.0002990611111779451,0.0663266201512629,0.02816292360571193
NGA_9074,NGA,Yelwa 3,0.560959,0.683344,0.686688,16653.0,29211.0,33623.0,0.04025941006522338,0.0009768062638870756,0.11895027803526736,0.02853247136424497
NGA_9076,NGA,Yenagoa,12.936021,15.61448,15.794642,287980.0,477941.0,554982.0,0.03835381473531041,0.0022970501323289483,0.1066298793163385,0.03034085777547868
NGA_9080,NGA,Yimirshika,0.684997,0.75817,0.764316,14130.0,23285.0,26721.0,0.02050605359814761,0.0016160406515679515,0.105062435344353,0.027910477746431406
NGA_9099,NGA,Yusufari,0.582642,0.676251,0.681595,16160.0,17417.0,20000.0,0.030246686755031282,0.0015755059884710043,0.015094323295582912,0.028043114738775854
NGA_9103,NGA,Zagga,0.462165,0.508819,0.51034,16697.0,19047.0,21858.0,0.019420243303153617,0.0005971414511218853,0.026685969147080213,0.02791396888882458
NGA_9114,NGA,Zaki Biam,4.864484,5.799441,5.836439,160857.0,180645.0,207148.0,0.03578560502117911,0.001272672559166077,0.023474899428830964,0.027758222089930173
NGA_9115,NGA,Zakirai,0.445056,0.48536,0.486094,13288.0,19875.0,22795.0,0.017489331571611144,0.00030227311569785975,0.08385080268560907,0.027794979259635255
NGA_9116,NGA,Zaku,0.356801,0.376493,0.382368,19604.0,12111.0,13897.0,0.010802177006296931,0.003101608243673004,-0.09183018714301816,0.027893715188183066
NGA_9123,NGA,Zandan Nagogo,0.416115,0.470111,0.477353,11088.0,13122.0,15007.0,0.02470158593957783,0.0030621632903897744,0.03425912971218503,0.027208891116687894
NGA_9124,NGA,Zango,0.988609,1.089491,1.095559,26582.0,38112.0,43721.0,0.019623455447308924,0.0011114413118655797,0.0747187287126716,0.027840365545234835
NGA_9128,NGA,Zaramari,0.063546,0.065196,0.071331,14602.0,13125.3140692794,15062.0,0.005139977446430466,0.018149312363928916,-0.021097422509989028,0.027908808774013583
NGA_9129,NGA,Zaria,25.992316,28.758968,28.925324,796340.0,869005.0,1009084.0,0.020435746611686012,0.0011542306844924966,0.017617926330535827,0.030341064207550783
NGA_9133,NGA,Zauro,0.565438,0.618946,0.619703,14634.0,13145.0,15085.0,0.018247971976070643,0.0002444898045790289,-0.021232572593171017,0.02791438746187591
NGA_9168,NGA,Zing,1.780499,1.915909,1.921714,57279.0,56921.0,65520.0,0.014767684782800883,0.0006052455884315577,-0.0012531587030043534,0.0285378386774211
NGA_9181,NGA,Zonkwa,1.298767,1.447282,1.463326,34476.0,47809.0,54862.0,0.021890550247771534,0.0022073551060304286,0.06757539931328971,0.027903619201745222
NGA_9192,NGA,Zuguma,0.713979,0.811141,0.813237,22014.0,23067.0,26528.0,0.025846032459691193,0.0005162695302425302,0.009388681761555162,0.028354087528271288
NGA_9193,NGA,Zungeru,0.616119,0.725373,0.72642,16342.0,16940.0,19481.0,0.03318800821729706,0.0002885125387963594,0.007213736190855302,0.028346722100213606
NGA_9195,NGA,Zurmi,0.776193,0.792903,0.793869,23760.0,31085.0,35564.0,0.004269025086738765,0.00024354292760730978,0.055214832232233,0.027287363535157594
NGA_9197,NGA,Zuru,4.116667,4.981494,5.016128,122854.0,125813.0,144387.0,0.038873754641602476,0.00138665557916684,0.00477135063272538,0.027922837511226817
RWA_2184,RWA,Bugarama/Kamanyola [RWA],0.986464,1.014847,1.029649,30169.0,39931.0,47258.0,0.005689385236442801,0.002900218569958035,0.05766919191455644,0.03426786276713534
RWA_2260,RWA,Busasama,4.198543,5.86641,6.020368,78414.0,141218.0,0.0,0.06918968775766898,0.005194550054598235,0.12486211372743994,-1.0
RWA_2271,RWA,Busoro,0.667515,0.756156,0.789291,34037.0,38453.0,43333.0,0.025250700392933867,0.008614365943010016,0.024697769022688165,0.02418333699632713
RWA_2278,RWA,Butare,8.646714,8.999236,9.116163,218328.0,224273.0,241289.0,0.008024085887675447,0.002585197280248197,0.005387569152912608,0.014733752301836045
RWA_2517,RWA,Bukavu/Cyangugu [RWA],5.401126,7.052627,7.365498,137940.0,190129.0,324923.0,0.05480777257427549,0.008719090395604034,0.0662808965397863,0.11313135968526478
RWA_3322,RWA,Gahini,2.22037,2.728965,2.899182,63826.0,79662.0,92192.0,0.04211230262346177,0.012174758641102068,0.045323503941914645,0.029647113156672678
RWA_3399,RWA,Gasaka,1.25978,1.491575,1.546437,41533.0,41551.0,47267.0,0.034356093493365325,0.007250350736950573,8.666304095972244e-05,0.026113288031902826
RWA_3404,RWA,Gashora,0.458382,0.773432,0.806576,22001.0,29876.0,35320.0,0.11029636067715898,0.008427386852547958,0.06310462110629844,0.034045499650100064
RWA_3525,RWA,Gisenyi,40.87104,47.541268,48.721672,1069680.0,1328149.0,1472010.0,0.030697005771179064,0.004917211502117436,0.044235815684267044,0.02078150371344023
RWA_4186,RWA,Jarama,0.879365,1.074518,1.117339,23861.0,29512.0,33303.0,0.04089974896250448,0.007846176494350487,0.04342683144353643,0.02446456914898487
RWA_4238,RWA,Juru,2.545917,3.608982,3.785156,41271.0,58528.0,68487.0,0.07227972674108707,0.009577849462027554,0.0723677343636755,0.03192680051006169
RWA_4248,RWA,Kabarore,4.852209,8.143194,8.684619,214935.0,293400.0,350537.0,0.10910089682464141,0.012957438142020106,0.06421798363601261,0.03622663517576208
RWA_4397,RWA,Kagano,0.886494,1.122398,1.172635,33377.0,67224.0,74169.0,0.04832083353562089,0.008795633328192887,0.1503113643318359,0.01985778315761899
RWA_4467,RWA,Kamabuye,0.437052,0.728337,0.75044,20843.0,23722.0,25553.0,0.10754110171272524,0.005997080514537068,0.026214660299179293,0.01498148180062353
RWA_4513,RWA,Kanjongo,1.207195,1.501186,1.538115,32889.0,38726.0,43365.0,0.044555248333946196,0.004872266749207155,0.03321426704544583,0.022886252858737244
RWA_4624,RWA,Katabagemu,2.898325,4.032395,4.378363,91598.0,110722.0,127202.0,0.06827532436546213,0.016599143584489662,0.03865086268573692,0.02813940287881267
RWA_4781,RWA,Kibirizi,0.304384,0.47155,0.498645,21479.0,22914.0,24322.0,0.09149358063720436,0.011236516442760136,0.013018484889509407,0.01199804861510878
RWA_4802,RWA,Kigali,91.768824,121.186544,125.4286,2202094.0,3000382.0,3617617.0,0.05718707972606629,0.006904854941896854,0.0638199722687689,0.03812394131159036
RWA_4846,RWA,Kinazi,2.735713,3.142496,3.259703,116407.0,130942.0,147087.0,0.028112974535160706,0.007350623837027559,0.023811432001929145,0.023526435459756634
RWA_4875,RWA,Kiramuruzi,2.84605,3.414429,3.581233,61079.0,75633.0,87656.0,0.03708681323920349,0.009585020670050737,0.04367163855081557,0.029945072803755135
RWA_6332,RWA,Muganza,1.17557,1.250657,1.282083,23952.0,24780.0,26553.0,0.01246016435370434,0.004975755311120267,0.006820161800489499,0.013917125842718647
RWA_6335,RWA,Mugesera,2.049356,2.518431,2.64766,64096.0,72052.0,0.0,0.042083524744367384,0.010058276298710922,0.023677181236063438,-1.0
RWA_6337,RWA,Mugombwa,0.396934,0.586207,0.602981,22712.0,33173.0,38444.0,0.08110167417637615,0.005658492649903701,0.07871290367510508,0.029932502956460327
RWA_6339,RWA,Mugunga,0.507139,0.778401,0.825505,59805.0,62855.0,64398.0,0.08946999793497912,0.011820011647306172,0.009997891647304913,0.004862200391889893
RWA_6414,RWA,Musha,0.510563,0.595899,0.620735,21145.0,26111.0,30645.0,0.03139414950949582,0.008200051787077278,0.04309331730870092,0.032540806485149565
RWA_6633,RWA,Ndora,0.467432,0.7348,0.742494,23813.0,59076.0,82422.0,0.09468745570650938,0.0020854588497420945,0.19927669404835635,0.06887375444862953
RWA_6700,RWA,Ngeruka,4.696921,5.772291,5.99848,110231.0,131832.0,146302.0,0.042094232555797806,0.007717033667514972,0.036438217395952766,0.021047354639422533
RWA_6713,RWA,Ngororero,0.993721,1.25939,1.30025,56022.0,60039.0,64893.0,0.048525880608915495,0.006406248173061346,0.013946331310658255,0.015670597691967103
RWA_6742,RWA,Niamiyaga,1.254348,1.552772,1.5889,40738.0,44358.0,50621.0,0.04360927424150263,0.004610642884284921,0.017172126087327877,0.02676664680881702
RWA_6896,RWA,Nyakabuye,1.129621,1.370428,1.423516,51970.0,56670.0,61214.0,0.039404740425898144,0.007630317181949842,0.017466453473850008,0.01554578813062557
RWA_6905,RWA,Nyamata,6.633025,11.50695,11.884591,109538.0,186155.0,252083.0,0.11647683947275311,0.006479197058726349,0.11189039775387499,0.06251182128409538
RWA_6924,RWA,Nzahaha,3.042593,3.590463,3.73203,105875.0,117411.0,0.0,0.03366858802992945,0.007764218025545722,0.0208996918580322,-1.0
RWA_7559,RWA,Rubengera,3.207683,3.871735,3.989556,89838.0,105910.0,119213.0,0.03834777446424731,0.006013452550732046,0.03346406123566381,0.023946650814683945
RWA_7563,RWA,Rubona,1.023052,1.394401,1.470955,24136.0,28659.0,0.0,0.0638931076758964,0.01074671903916502,0.03494947139754068,-1.0
RWA_7570,RWA,Ruhango,24.122378,28.390686,29.055616,599923.0,704647.0,944213.0,0.033120914677325475,0.0046408661855967814,0.03270247767172374,0.06027781310326685
RWA_7573,RWA,Rukoma,2.164446,2.263957,2.286325,49084.0,54624.0,57212.0,0.009030476459028325,0.00196824601197898,0.021618409769076585,0.009301052431417656
RWA_7574,RWA,Rukumberi,1.078166,1.289436,1.327648,28560.0,36959.0,44584.0,0.03643681678196997,0.005857899222325269,0.05291279139257532,0.03822567252872999
RWA_7597,RWA,Rweru,0.819042,1.205003,1.233489,28782.0,35928.0,41863.0,0.08028013762577357,0.004683871727967359,0.04535166340091146,0.031049369782573777
RWA_7598,RWA,Rwimiyaga,2.667644,3.626665,3.84774,113435.0,140562.0,178746.0,0.06334921256808479,0.011904798640412606,0.04381653095683924,0.04923720236883744
RWA_7600,RWA,Rwinkwavu,0.317759,0.495293,0.535156,28225.0,34879.0,41321.0,0.09283064771090288,0.015602220569137959,0.043244286432027934,0.03447823960237417
RWA_7681,RWA,Sake,1.32709,1.919233,1.97971,23703.0,27717.0,31645.0,0.07657791186788954,0.00622423902562641,0.031783506149708485,0.026861274022752957
SDN_100,SDN,Abu Karinka,0.278819,0.685646,0.696956,11040.0,23100.0,31591.0,0.19716914826412646,0.003277523679451777,0.15912048544585167,0.06460935651026234
SDN_1007,SDN,al-Sanwa,0.629026,1.119931,1.159207,57150.0,59325.0,62828.0,0.12228855456213217,0.006917631917834788,0.007498254585843744,0.011540085230506758
SDN_101,SDN,Abu Karshulh Khawr Al-Taina,0.835228,0.864331,0.866441,17539.0,14760.0,15287.0,0.006873727527278106,0.0004877628234163378,-0.03391284929772809,0.007041067538905876
SDN_1013,SDN,al-Sayal al-Saqir,0.771503,0.858088,0.870634,12936.0,13300.0,14006.0,0.02150110763940405,0.0029072225087645176,0.005565412275579273,0.010398042601443835
SDN_1015,SDN,al-Shabarga,0.842437,0.889047,0.890804,12456.0,12168.0,12603.0,0.010828451967392905,0.00039494261150818666,-0.004667648426981308,0.007049798834652066
SDN_1017,SDN,al-Shagarab al-Awsatt,0.040033,0.094382,0.11768,17064.0,23436.0,28324.0,0.18711886854147064,0.04511166885696061,0.0655173587838378,0.038614112170292536
SDN_1018,SDN,al-Shagarab al-Janubi,0.031026,0.04929,0.05269,13770.0,11815.0,12237.0,0.09699994550316537,0.013430279467252504,-0.03016030150044635,0.007043537515204479
SDN_1019,SDN,al-Shagarab al-Shamali,0.215656,0.32489,0.342576,18715.0,21945.0,24782.0,0.08541285223160378,0.01065776714640121,0.03235520254920288,0.024613688222690833
SDN_1028,SDN,al-Sharfa Barakat,0.472561,0.514432,0.517096,11150.0,11200.0,11632.0,0.01712427582416609,0.0010335666698535473,0.0008952565821405134,0.007597947522608228
SDN_1065,SDN,al-Soky,1.443181,1.656528,1.671253,28804.0,33926.0,38394.0,0.02795853244882096,0.0017715270577292053,0.03327511729815624,0.025052574082061074
SDN_1066,SDN,al-Sufi,0.428868,0.580022,0.583227,10458.0,10836.0,11463.0,0.062243701836090626,0.0011026959352993249,0.007126611981554287,0.011313627011439564
SDN_1068,SDN,al-Sufr,1.570971,1.62607,1.631505,25704.0,20188.0,20909.0,0.006918253532416818,0.0006675909560114324,-0.0471632114207875,0.007042949693310208
SDN_1069,SDN,al-Sulayk,0.606473,1.061084,1.080361,15450.0,20000.0,23607.0,0.1183755372624038,0.003607334315679278,0.05298043637912775,0.033718195700128684
SDN_1072,SDN,al-Sururab Maghrabiyya,3.20182,4.477035,4.535954,82953.0,130455.0,168848.0,0.06934714753120286,0.0026183074588399524,0.09477715536208375,0.05294827716475514
SDN_1074,SDN,al-Takayna,0.519928,0.661132,0.667098,13680.0,13536.0,15327.0,0.049225880272430134,0.0017983038758682124,-0.002114183824508231,0.02516403633062758
SDN_108,SDN,Abu Matariq,0.1585,0.492488,0.506837,23425.0,16050.0,16623.0,0.25450754393184516,0.005760399270122507,-0.07283060521074891,0.007040353371963404
SDN_1084,SDN,al-Tawila,0.544191,1.15191,1.158041,26960.0,25000.0,25894.0,0.16180552835655537,0.0010622338060151115,-0.014982323450148494,0.007051839294816453
SDN_1089,SDN,Alti,0.747406,1.070575,1.079864,12450.0,16620.0,19864.0,0.07451406227633561,0.0017293375761580076,0.059478952793494466,0.03630391157114099
SDN_1094,SDN,al-Tiwaysha,0.346608,0.597338,0.608068,22212.0,18612.0,19277.0,0.1150037094771259,0.003567066991001955,-0.03474718729755677,0.007045934899678308
SDN_1098,SDN,al-Ubayd,13.219628,26.067344,26.197594,360709.0,402443.0,443360.0,0.14544834685788466,0.000997343274140583,0.022137871771083617,0.019554453770782576
SDN_1145,SDN,Amara,0.165223,0.322116,0.328341,10900.0,10835.0,11222.0,0.1428477004773061,0.00383553157008798,-0.0011955156504420694,0.007043590682230372
SDN_1182,SDN,Amla Samki,0.566626,0.786268,0.801813,20000.0,19280.0,19969.0,0.06771371280016192,0.003923218223847336,-0.007305977512999329,0.007047272347356914
SDN_1219,SDN,Anjakoaty,2.361529,2.699152,2.714452,74802.0,72357.0,74944.0,0.02708600545677453,0.001131127600404902,-0.006624445435161053,0.00705053232549635
SDN_125,SDN,Abu Ushar,0.948632,1.027136,1.031274,12355.0,14210.0,15897.0,0.016028841219143164,0.0008044402699876052,0.028372052708961704,0.02269049423597158
SDN_126,SDN,Abu Zabad,1.803272,2.268811,2.283458,24370.0,30102.0,34821.0,0.04700177021854701,0.00128783954081646,0.043152887260503814,0.02955411212652259
SDN_1277,SDN,Ardamata,1.092229,1.275126,1.293957,64952.0,50160.0,51953.0,0.03144928596365504,0.002936296092324042,-0.050373118495055325,0.007049041833452341
SDN_1289,SDN,Armagentolis,0.627688,0.854409,0.867264,20976.0,20026.0,20742.0,0.06361486331753685,0.0029911499567985,-0.009226670173998142,0.007050579295239112
SDN_1293,SDN,Aroma,0.521538,0.789243,0.805477,26400.0,31740.0,36269.0,0.08638799112917073,0.004080380234438241,0.03752984709079188,0.027036153519431227
SDN_130,SDN,Abud,0.82876,0.952771,0.959833,10692.0,10179.0,10543.0,0.0282813276631928,0.0014780372271199216,-0.009785611008610973,0.007051819426963979
SDN_1354,SDN,Atbara,9.303803,9.767932,9.800886,130415.0,129306.0,152990.0,0.009783858831527548,0.0006738298165809287,-0.0017065392308434069,0.034210335115443025
SDN_1373,SDN,Attib ,1.076379,1.281042,1.293298,25800.0,22110.0,22900.0,0.03542734561259553,0.0019061615693893863,-0.030397319774217335,0.007046090842321773
SDN_1444,SDN,Babanusa,3.359758,3.551158,3.565334,38244.0,30394.0,31480.0,0.01114258121579037,0.0007971156554806846,-0.04490865412276357,0.007046148716647993
SDN_1568,SDN,Banat,0.961385,1.092947,1.103032,14175.0,15900.0,31081.0,0.02598344249904727,0.0018386951329181223,0.023233644023941125,0.14345630046952085
SDN_157,SDN,Adayla,0.403806,1.098726,1.130648,30856.0,47158.0,59205.0,0.2216402319907116,0.005744354475018643,0.08853688696859408,0.04655149269071912
SDN_1664,SDN,Bara,0.887257,1.139481,1.148228,15450.0,15275.0,15821.0,0.0513117799932703,0.0015305678981796245,-0.0022757063024086976,0.007048860367578236
SDN_1672,SDN,Barankaw,0.655891,0.692047,0.69568,10416.0,11687.0,12912.0,0.010789644028053713,0.001047730908224631,0.02329396908296344,0.02013604893990406
SDN_1674,SDN,Barbar,2.419703,2.864523,2.879086,30506.0,37539.0,43351.0,0.03432744898715567,0.001014722184206951,0.04236419893456911,0.029208310068723042
SDN_1694,SDN,Barsi,2.619289,3.345373,3.370238,61008.0,72384.0,82203.0,0.0501521495825763,0.0014821308591821403,0.034787462590182505,0.02576769547914126
SDN_1941,SDN,Birush,0.134544,0.463389,0.470214,15120.0,16120.0,17332.0,0.2806081959997828,0.0029284868848409307,0.012890853103362021,0.014604370104052133
SDN_2,SDN,24 al-Qurashy,0.543797,0.581261,0.58572,28630.0,25340.0,26246.0,0.013413943609670076,0.001529564238583081,-0.024118573160532453,0.0070506237462855115
SDN_2177,SDN,Budayna,0.373859,0.471554,0.473467,11222.0,11036.0,11430.0,0.047525776896340854,0.0008100464726015222,-0.0033371156056259954,0.007040432419474607
SDN_2241,SDN,Buram,1.816308,2.228232,2.257535,35879.0,49716.0,60288.0,0.04172762761379123,0.0026164297248916224,0.06740976081402916,0.03931438775503082
SDN_2274,SDN,But,0.712473,1.115862,1.122616,34608.0,27636.0,28624.0,0.093876809997961,0.0012076237216305241,-0.04399594061088841,0.007049986194562985
SDN_2287,SDN,Butri,0.38451,0.590963,0.597681,11495.0,15593.0,0.0,0.08975916540307205,0.0022633088471581964,0.06287976886903857,-1.0
SDN_2502,SDN,Conry,0.266165,0.42785,0.430919,13550.0,10950.0,11341.0,0.09958325609883145,0.0014305163223040651,-0.041714394113920084,0.007041681174353442
SDN_2619,SDN,Dar al-Salam Janub,0.340194,0.596657,0.603069,25042.0,18886.0,19561.0,0.11892149799888929,0.0021401286378344153,-0.05486424118154787,0.007048097990404623
SDN_2629,SDN,Darmali,1.034034,1.123425,1.132987,14575.0,13050.0,0.0,0.016721138569471217,0.0016965281335401539,-0.021861418092281815,-1.0
SDN_2651,SDN,Daywa,0.684216,0.761841,0.768305,12775.0,13055.0,13699.0,0.02172547787331469,0.0016912119346341736,0.004345628188304973,0.009676847880277784
SDN_2672,SDN,Deirirro,0.015097,0.062466,0.063895,12600.0,12600.0,26096.0,0.3284665033699299,0.004533988028517788,0.0,0.1567531204290331
SDN_2830,SDN,Doka Basunda,0.498804,0.825111,0.835618,23899.0,24897.0,26421.0,0.10590160891381228,0.0025339346231005866,0.008215704630806897,0.011953242608040204
SDN_2852,SDN,Dongola,5.180389,6.378535,6.419425,65280.0,189947.0,275977.0,0.042489559150755696,0.0012788375488981263,0.23814200771243987,0.07757644660728591
SDN_289,SDN,Ahmar Mawjy,0.533203,0.6607,0.668713,12317.0,13892.0,15389.0,0.04381214222122232,0.002413926949640155,0.024358479083434137,0.020678872027392048
SDN_2901,SDN,Dulayq,0.568365,0.810651,0.813829,20300.0,19362.0,20054.0,0.07359707432042462,0.0007828345852896046,-0.0094170797006623,0.007047971424710031
SDN_3184,SDN,Fadasy al-Haleemab,0.618052,0.801337,0.805725,11800.0,13750.0,15481.0,0.053314434957995926,0.0010927787554824153,0.0310604735251383,0.023998363313265658
SDN_3185,SDN,Fagak,0.296018,0.496791,0.508204,15282.0,14931.0,15464.0,0.10910105876608278,0.0045530391799610825,-0.004636433738913204,0.0070396936367220775
SDN_3309,SDN,Gabir,0.127185,0.290618,0.300474,15822.0,13932.0,14430.0,0.17971560193712244,0.0066926035955297,-0.025121669321799045,0.007048931641012057
SDN_3334,SDN,Jalqani,0.583666,1.118916,1.12807,10250.0,30000.0,43625.0,0.13900758912129318,0.0016308981501897968,0.23959403541130975,0.07776192550658134
SDN_3396,SDN,Garsaila,1.053703,1.640747,1.648352,60900.0,56560.0,58582.0,0.09260876581440924,0.0009253028237266037,-0.014677451123698337,0.007049825959593914
SDN_3425,SDN,Gazirat Badin,0.805811,0.965708,0.98346,17955.0,18375.0,19299.0,0.03686574646648988,0.003649735090743844,0.004635192910075636,0.009860747110480128
SDN_3493,SDN,Ghubaysh,1.597483,2.45414,2.464564,23759.0,22919.0,23738.0,0.08966403696005454,0.000848063644039998,-0.0071731780994150895,0.007046889040704052
SDN_3517,SDN,Gira Barra,0.817055,1.04264,1.068731,14492.0,10760.0,11144.0,0.0499693413547444,0.0049554387929788835,-0.05781369095562816,0.007037785979544298
SDN_3698,SDN,Habeela ,0.669002,0.718443,0.722921,13320.0,13360.0,13863.0,0.0143620210203248,0.0012434882541594305,0.0005998804556073267,0.007419036171574467
SDN_3718,SDN,Halfa' al-Jadida,4.030344,4.381122,4.470507,76028.0,89814.0,101788.0,0.016830691429272848,0.004047563156198253,0.03388942814119589,0.025346158065113755
SDN_3719,SDN,Madina al-Masna'a ,1.010848,1.067021,1.075194,23582.0,23091.0,23916.0,0.01087492090165254,0.001527256457757309,-0.004199313707133445,0.007045656625798369
SDN_3734,SDN,Hamsh Kurib,0.05591,0.071499,0.076387,14280.0,14280.0,14790.0,0.050417854539471785,0.013313660121297533,0.0,0.007042949693310208
SDN_3760,SDN,Harun,0.154035,0.377864,0.384197,10990.0,13440.0,15477.0,0.1965840813371631,0.003329751216395893,0.04107091919049988,0.028626012397276357
SDN_3762,SDN,Hashaba,0.507195,0.776898,0.780533,34400.0,32178.0,33328.0,0.08902489544197856,0.0009340263375499092,-0.013265936466899664,0.007047698008386893
SDN_3763,SDN,Haskanita,0.065207,0.203195,0.208804,10444.0,10416.0,10788.0,0.25523129799536126,0.005460837072194025,-0.0005367689621021965,0.007042949693310208
SDN_3782,SDN,Hay al-Walad Mad,0.849359,1.817771,1.841733,32004.0,37419.0,42198.0,0.16436616126084425,0.002622623267578783,0.03175737777576093,0.024330108192350153
SDN_3876,SDN,Id al-Fursan,0.756432,0.882719,0.892207,23640.0,17120.0,17732.0,0.03136055216737721,0.0021405380428418663,-0.06250004052558267,0.007049440379538918
SDN_3881,SDN,Ideira,0.115933,0.34667,0.362246,15500.0,16951.0,18479.0,0.24492112706479574,0.008828789927192826,0.018058478565922353,0.017411467388857238
SDN_4069,SDN,Intekaina,0.170192,0.357564,0.360728,15650.0,13700.0,14189.0,0.16006661607042383,0.0017635221078671215,-0.02626395863856601,0.00703889411390568
SDN_4149,SDN,Iyal Amin,0.098351,0.266866,0.272125,12600.0,11940.0,12366.0,0.22096409618441748,0.003910598472625537,-0.010702853676881063,0.007035969572637635
SDN_4169,SDN,Jadid al-Atsha,1.413043,2.505516,2.530975,23460.0,38430.0,104846.0,0.12136852114382535,0.0020240261105621826,0.10374430392987821,0.2222957349872412
SDN_4205,SDN,Jibrat al-Shaykh,0.301392,0.688115,0.696182,11826.0,11350.0,11755.0,0.1795214984140301,0.0023337480156151447,-0.008182887104216663,0.007036830567148655
SDN_4233,SDN,Jubayt,0.360934,0.393706,0.408996,33140.0,32492.0,33653.0,0.017533808028346698,0.0076492951537123766,-0.003941632654397842,0.007046369649788886
SDN_4235,SDN,Jukhana,0.103462,0.315213,0.324248,13640.0,13948.0,14642.0,0.2495816821830401,0.005668013610280687,0.004475882251330665,0.009758907065061662
SDN_4270,SDN,Kaboshyah,0.592632,0.812087,0.826754,16019.0,18475.0,20696.0,0.06503404826749648,0.0035863582065036592,0.028939427610108037,0.02296410216898792
SDN_4292,SDN,Kaduqli,3.687165,4.301203,4.317153,78329.0,88385.0,97937.0,0.03128683435001589,0.0007405553178285729,0.02445101443866271,0.020736503065341028
SDN_439,SDN,al-Abasiya,1.232562,1.435767,1.4456,19188.0,22958.0,26175.0,0.03099139037979115,0.0013659839277591068,0.03652759438851727,0.02657463126025794
SDN_4456,SDN,Kalma,1.116124,2.1547,2.16953,45448.0,41458.0,42940.0,0.14060395449641327,0.001372751662877203,-0.018209751559621012,0.00704931544581977
SDN_452,SDN,al-Rahad,2.621436,3.000106,3.026381,38167.0,38506.0,40098.0,0.027352466772858408,0.001745500586464832,0.001770125905434572,0.008135390790496633
SDN_4578,SDN,Karkuj,0.765772,0.883881,0.889536,14027.0,13917.0,14414.0,0.029103044820903534,0.0012763218605125193,-0.001573346850042845,0.007042450653957255
SDN_4586,SDN,Kas,2.45078,2.6323,2.651245,63280.0,66231.0,70475.0,0.014392924379969863,0.0014352995100967991,0.009157537571597762,0.012499353159865167
SDN_4613,SDN,Kassab,0.155621,0.36981,0.371911,11130.0,11340.0,11879.0,0.18900064387004867,0.001133685757539027,0.00374542323524385,0.009330426956599469
SDN_4614,SDN,Kassala,12.553529,14.485348,14.649303,356924.0,441377.0,574176.0,0.029040862454314142,0.0022535557990888133,0.04339028672982259,0.054015669597591076
SDN_4615,SDN,Kassala Airport,0.347845,0.413328,0.413328,12760.0,17952.0,0.0,0.035098817156614226,0.0,0.0706621087073862,-1.0
SDN_4723,SDN,Kerma,1.743601,1.776627,1.78436,15738.0,13189.0,13660.0,0.003759872231771322,0.000869014317489869,-0.034721872606752524,0.007042423108197138
SDN_4740,SDN,Khartoum,243.08216,265.07928,267.138064,5264746.0,7290000.0,9621739.0,0.017476855433095295,0.001548531204352388,0.06725947966260293,0.05707355646443801
SDN_4741,SDN,Khashim al-Girba,2.291574,2.541491,2.559267,51292.0,50676.0,52488.0,0.020918180964742517,0.0013949665988177706,-0.002413556449019305,0.007051172532966055
SDN_4821,SDN,Kiling,0.170303,0.56421,0.572492,19810.0,18550.0,19213.0,0.2707019493811049,0.0029186989137415242,-0.013057416840449587,0.007048191241607604
SDN_4935,SDN,Km 26 refugee camp,0.181142,0.520431,0.566068,10117.0,33232.0,49112.0,0.23500523887045688,0.01695348604074698,0.2685305939565401,0.08125026829528381
SDN_498,SDN,al-Azazi,0.51307,0.620781,0.622292,12884.0,14744.0,16453.0,0.03884883941478301,0.0004863328667163991,0.02733697991073547,0.022176647959886386
SDN_4992,SDN,Korai,1.100591,1.585328,1.6323,21252.0,20339.0,21066.0,0.07571849261485375,0.00585683200433218,-0.008743706180872612,0.007048754587518635
SDN_5006,SDN,Kosty,10.039944,11.113016,11.152286,256214.0,340959.0,407015.0,0.020516732471544286,0.0007057419899128003,0.058814451833089976,0.03605223336253194
SDN_5116,SDN,Kumbar,0.205626,0.470066,0.47995,21360.0,16880.0,17483.0,0.17982110981070565,0.004170436453773574,-0.045987118481274236,0.007044595451862534
SDN_5143,SDN,Kutum,1.513297,1.882918,1.89022,36372.0,35380.0,36645.0,0.04467559036890045,0.0007744043398256739,-0.005515246700159682,0.00705080160454763
SDN_5220,SDN,Laqawa,0.655007,0.812842,0.817556,14870.0,13699.0,14188.0,0.044123904848524687,0.0011571996868235956,-0.016270762169002917,0.007039400805859186
SDN_532,SDN,al-Barun/Hillat al-Mak/Shaykh Idr,0.294715,0.581914,0.595523,15678.0,13650.0,14138.0,0.14575381782559638,0.004634172833079653,-0.02732355629136285,0.007050072796429996
SDN_540,SDN,al-Bawgah,0.584824,0.920583,0.954952,18684.0,21338.0,23787.0,0.0949834440290207,0.007357718454788609,0.026920374312747297,0.021967752991499667
SDN_5451,SDN,Madinat Kabkabiyya,2.925094,3.19433,3.202103,64790.0,69750.0,75396.0,0.017766122153611175,0.0004862018126292611,0.014862596118730309,0.015689163085409685
SDN_5501,SDN,Muhajiriya,0.194786,0.44791,0.462828,21518.0,20829.0,21573.0,0.18120860977347086,0.006574150563888992,-0.006487573776903344,0.007043949997212362
SDN_557,SDN,al-Bsaber,0.373339,0.738267,0.763076,15876.0,22644.0,27755.0,0.14609869828529587,0.006632314099948244,0.07359977348699887,0.04154398959241368
SDN_5581,SDN,Hilat al-Ilu,0.374595,0.408866,0.41514,10626.0,10626.0,11006.0,0.017662576922026885,0.00305031050619764,0.0,0.00705209988775346
SDN_565,SDN,al-Dabbah,1.691389,2.176577,2.212426,12750.0,11287.0,11690.0,0.051734467236632886,0.003272581586471146,-0.024081236474763346,0.00704110372469513
SDN_5687,SDN,Mansur Kawti,1.993888,2.614868,2.661133,48405.0,61000.0,71186.0,0.055722559854796794,0.0035138298213091,0.04734055873804599,0.031366334111196936
SDN_570,SDN,al-Dalanj,2.847597,3.65633,3.68196,68982.0,71853.0,76247.0,0.05126782301145072,0.001398037742949887,0.008188698337982858,0.011941882674419979
SDN_5707,SDN,Marabiya' al-Sharif,3.112464,4.296781,4.384583,81824.0,141115.0,0.0,0.06661521970626705,0.004053872135366898,0.11516336774534253,-1.0
SDN_572,SDN,al-Damazin,7.180964,9.676794,9.72724,158498.0,245660.0,309844.0,0.06147494919089902,0.001040450711452312,0.09159649420331673,0.04751856497148421
SDN_573,SDN,al-Damir,4.079324,4.728963,4.752325,85748.0,107145.0,124576.0,0.029996011836401548,0.0009860923518303366,0.0455614972159879,0.030605591966893497
SDN_574,SDN,al-Damir I,0.424587,0.486722,0.488859,10250.0,10373.0,10822.0,0.027691718458369596,0.000876581200204285,0.002388562253564208,0.008510978734006303
SDN_581,SDN,al-Dindir,1.792251,2.084532,2.096125,31326.0,38354.0,44192.0,0.030675486661244866,0.0011098218892422462,0.04131264946148927,0.028742302371914663
SDN_5830,SDN,Mayrnu,1.082549,1.34008,1.347784,28840.0,33460.0,37593.0,0.04360615659279099,0.001147147188316655,0.03016344758557654,0.023566844244468754
SDN_587,SDN,al-Duaiym,8.073644,9.917606,10.014337,288581.0,310460.0,335468.0,0.041999357202858745,0.001943126368174397,0.014723185749361045,0.015614959693581065
SDN_588,SDN,al-Duwaym,3.560205,3.639768,3.6508,88525.0,82848.0,85810.0,0.004430147392182837,0.0006054588776596148,-0.013168011924205025,0.007050326599688406
SDN_5930,SDN,Mellit,2.941531,3.814685,3.83097,52592.0,40631.0,42084.0,0.0533605526102372,0.0008523515081062527,-0.05029753575390594,0.007052008907663332
SDN_5960,SDN,Merowe,1.743693,2.03896,2.066148,26240.0,25700.0,26619.0,0.031781499355670206,0.002652738340842564,-0.004150158625033984,0.0070515971697509006
SDN_602,SDN,al-Faw,1.422812,1.552664,1.572139,39301.0,30836.0,31938.0,0.017620841102728768,0.002496099516608563,-0.047355450080175276,0.007047454208590986
SDN_605,SDN,Shuwak,1.115591,1.35259,1.376719,27082.0,37764.0,45903.0,0.03927919665869051,0.0035426321698097674,0.06875817831266096,0.03980671124441604
SDN_606,SDN,al-Fashir,14.942311,16.539027,16.617168,228365.0,226298.0,234390.0,0.020512754552010515,0.0009431478878827448,-0.0018168497935652228,0.007051481415638383
SDN_6085,SDN,Mistry,0.492727,0.701612,0.704396,19040.0,18120.0,18768.0,0.07324316039964818,0.0007923444070514485,-0.009856251362026724,0.007052148364719235
SDN_611,SDN,al-Fulah,2.311031,2.725629,2.738269,30376.0,39528.0,46758.0,0.03355167239746937,0.0009257766206285378,0.05408310232613167,0.034165908706225157
SDN_6174,SDN,Mawarny,1.22454,1.81279,1.825687,24920.0,33560.0,40251.0,0.08162048572920333,0.00141885754874016,0.06134061221782838,0.03702910286772787
SDN_626,SDN,al-Qatati,1.434308,1.813233,1.836432,26685.0,34965.0,41478.0,0.048002307144391354,0.0025458589796205633,0.05553652300883649,0.03475338297616859
SDN_632,SDN,al-Qatayna,1.438184,2.216347,2.235418,32337.0,50030.0,63064.0,0.09034681844706394,0.0017150470364122317,0.09120451746762193,0.04739429041637355
SDN_633,SDN,al-Jazira Aba,1.407097,1.488958,1.496661,26072.0,27418.0,29254.0,0.011373760855879267,0.001032548798548083,0.010118406455042361,0.01304770493804197
SDN_634,SDN,al-Ghaba,1.145846,1.356836,1.369723,13130.0,10764.0,11148.0,0.0343802529827153,0.0018923904938243918,-0.03895927299313895,0.007035206961327756
SDN_6349,SDN,Mukjar,0.506473,0.851881,0.86181,35700.0,34300.0,35526.0,0.10959509122067157,0.0023202843073233392,-0.007969143583783311,0.007048619118283472
SDN_6369,SDN,Mumu,0.083953,0.175792,0.182135,10900.0,11951.0,0.0,0.15929130204713982,0.007114527327612086,0.01858095038364005,-1.0
SDN_6394,SDN,Munwashy,0.261127,0.46526,0.470362,14120.0,11200.0,11600.0,0.12245460857269252,0.002183625023434166,-0.045278582759539776,0.007042949693310208
SDN_648,SDN,al-Jiraishah,0.371244,0.500029,0.506072,12750.0,12650.0,13102.0,0.06137083552996203,0.0024054594694076226,-0.0015735719215614896,0.007046243801620999
SDN_6484,SDN,Nabta East,0.552635,2.611215,2.676764,29725.0,80950.0,0.0,0.36420880747005513,0.004970908576340971,0.22185310825000992,-1.0
SDN_650,SDN,al-Qulid,2.590528,2.683198,2.702551,27750.0,23100.0,23926.0,0.007054295296067936,0.001438388501948662,-0.03601606026175552,0.007051367884436166
SDN_6519,SDN,Nama,0.466441,0.723116,0.727872,20670.0,14500.0,15018.0,0.0916470629646593,0.0013119712167202202,-0.06845142651650071,0.00704486558223838
SDN_666,SDN,al-Haj Aabd Allah,0.723445,0.760277,0.763566,12060.0,11088.0,11484.0,0.009981145993466223,0.0008637176635177823,-0.016665714262557363,0.007042949693310208
SDN_6665,SDN,Nertiti,0.466733,0.729789,0.74588,36108.0,37536.0,39785.0,0.09351755866766087,0.004371382356554099,0.007787370070204469,0.011705880666981194
SDN_6674,SDN,Qarya 2 ,0.327825,1.128496,1.151204,20000.0,22018.0,24088.0,0.28047643620444407,0.003992464432269305,0.01941160745912751,0.018133142723527174
SDN_6820,SDN,New Setllement Wad al Hulaywah,0.411406,1.060163,1.079962,22400.0,23278.0,24668.0,0.2084269560210943,0.003707492900779652,0.007719190446197732,0.011667166307246735
SDN_6821,SDN,Wad al-Mahi 11,0.245235,0.390075,0.394026,11100.0,11299.0,11829.0,0.0972690584984297,0.0020176063623726925,0.0035601459000387248,0.009210138153733949
SDN_6822,SDN,Wad al-Mahi 9,0.289892,0.414652,0.418788,10976.0,10381.0,10752.0,0.07421078114644897,0.001987013712613672,-0.01108487668441649,0.007047632808075299
SDN_6823,SDN,Wad al-Mahi 8,0.309191,0.432353,0.436569,11200.0,10283.0,10650.0,0.0693560395008086,0.0019426954290313603,-0.01693923650908946,0.007038221858726823
SDN_6824,SDN,Wad al-Mahi 10,0.411679,0.685441,0.698521,12768.0,12625.0,13076.0,0.10734327604885752,0.0037877185299768357,-0.0022500778802833077,0.00704460001434648
SDN_6825,SDN,Wad al-Mahi 1,0.272334,0.432585,0.436566,15000.0,15682.0,16676.0,0.09696789747102907,0.0018338249531004713,0.008932328608947104,0.012367250152190312
SDN_6826,SDN,Jabal Qulsa,0.170955,0.184062,0.184062,15936.0,18720.0,21158.0,0.014884140491628228,0.0,0.03272646053592987,0.024787344928123733
SDN_6827,SDN,Rifi Talkuk,0.094192,0.279059,0.285732,14094.0,21518.0,27006.0,0.24261445984151275,0.004737402087436893,0.08831227406190045,0.04648178160817418
SDN_6828,SDN,Malawiya,0.438443,0.576039,0.583012,26158.0,31856.0,36616.0,0.056106582294753515,0.0024093784167424914,0.040201178437152985,0.028243401820613245
SDN_6829,SDN,Umm Garayyat,0.142418,0.374216,0.380153,11680.0,11040.0,11434.0,0.2131415958138978,0.0031530870454510307,-0.011207312180125717,0.007037916944608202
SDN_6830,SDN,Muktat al-Rawda al-Sakanya,0.395762,0.471708,0.486032,10393.0,20615.0,27849.0,0.0357330386403667,0.006000796126180763,0.14680210745730315,0.06200180090465923
SDN_6831,SDN,al-Dali,0.608285,0.732839,0.743232,13510.0,11795.0,12216.0,0.037959225381542394,0.0028204121306465435,-0.02678561575413063,0.007038827924382485
SDN_6833,SDN,Unknown,0.082631,0.303281,0.307588,11370.0,11190.0,11590.0,0.29700138235169105,0.002824272099298586,-0.003186469483299259,0.007049156161750725
SDN_6834,SDN,Umm Grenagak,0.346074,0.560934,0.573485,10750.0,10900.0,11385.0,0.10140884147753781,0.004435513799378787,0.002775250830659326,0.008744796330244498
SDN_6835,SDN,Madina al-Sharif,0.078899,0.262651,0.278113,15810.0,17160.0,18631.0,0.27192502458972956,0.011505960393193293,0.016522703253898152,0.01658518536390008
SDN_6836,SDN,Qarya 6,0.161338,0.534039,0.547559,11000.0,11665.0,12504.0,0.27047832745227995,0.005012791899362323,0.011808705219934046,0.013988067683414984
SDN_684,SDN,al-Hasahisa,4.269705,4.710843,4.741502,56720.0,55911.0,57910.0,0.019859045377316642,0.001298260059728884,-0.00286902475102091,0.0070505268458569414
SDN_689,SDN,al-Hawata,1.759015,2.264044,2.274714,38730.0,33691.0,34895.0,0.051775533444230915,0.0009407893516253374,-0.027491779753933132,0.007047278634146448
SDN_6899,SDN,Nyala,19.773758,27.290936,27.461012,564582.0,624722.0,685287.0,0.06656135381027495,0.0012432964242046207,0.02045052738192732,0.018678496440708958
SDN_7,SDN,Aaliyab,0.170783,0.373781,0.389719,12120.0,13440.0,14759.0,0.16959234371990006,0.00838614882200206,0.020890893304238434,0.018899930941838283
SDN_700,SDN,al-Hilalia,1.285176,1.362833,1.36591,20842.0,22381.0,24159.0,0.01180310279790242,0.00045115210187263166,0.014350433480891489,0.015406392813570369
SDN_708,SDN,al-Huda,0.6452,0.650817,0.652971,15599.0,14403.0,14918.0,0.001735133695224489,0.000661062640998189,-0.015827466408247615,0.007051146956543075
SDN_712,SDN,Ali,0.24906,0.573192,0.592429,14200.0,12045.0,12475.0,0.18140615000033544,0.006623900728848442,-0.032382549623494294,0.007040066686437196
SDN_7125,SDN,al-Usaylat,1.179974,1.456543,1.464115,31320.0,50805.0,65006.0,0.043014087975529414,0.0010375668116822112,0.10158227796609709,0.0505322701486659
SDN_718,SDN,al-Ibbun,0.356574,0.699657,0.709834,16380.0,18060.0,19773.0,0.14431898210336902,0.0028923598101391335,0.019719606495469222,0.01828879301284525
SDN_720,SDN,al-Ibydiya,1.810043,1.909292,1.921209,28675.0,20525.0,21259.0,0.01073357405434816,0.0012452111641307884,-0.06468920282863955,0.007052085622179405
SDN_7362,SDN,Port Sudan,20.56594,22.698272,22.955564,423772.0,425759.0,442247.0,0.01992643054181853,0.0022568526603752304,0.0009360145353258797,0.00762796401989263
SDN_739,SDN,al-Jabalayn,0.895928,1.140747,1.149633,15274.0,13532.0,14015.0,0.04950193862963759,0.0015530948113153809,-0.023928031538248296,0.007038843763410796
SDN_742,SDN,al-Junaynah,6.353827,7.042488,7.070928,231552.0,190296.0,197101.0,0.02079408759489465,0.0008063676013627674,-0.03848464393934081,0.007051854663648216
SDN_7422,SDN,Qawz al-Habashi,0.343301,0.523445,0.535681,13020.0,13664.0,0.0,0.08802580922776926,0.004632069406778516,0.009702365755134057,-1.0
SDN_7432,SDN,Qindil,0.72287,0.808637,0.816325,12060.0,12690.0,13544.0,0.022677453902870237,0.0018942810324726889,0.010236051684664238,0.013111078859608272
SDN_7433,SDN,Qirayda,1.004064,1.935303,1.956904,38481.0,40923.0,43938.0,0.14024326252530872,0.0022224117371305585,0.012381552366955262,0.014319008186240989
SDN_7434,SDN,Qisar,0.436275,0.697545,0.713822,22824.0,20376.0,21104.0,0.09840469499351223,0.004623978506288706,-0.022435471261589957,0.007045676464484174
SDN_744,SDN,al-Kabashi,0.63706,0.763708,0.772868,15880.0,15760.0,16323.0,0.036929907030275544,0.002387396019939425,-0.0015159241023764425,0.007044712408913689
SDN_7456,SDN,Rabak,7.857328,8.564906,8.626337,148969.0,168191.0,186423.0,0.01739487033289544,0.0014303837400773123,0.0245693741709907,0.020796912855808314
SDN_7477,SDN,Rashad,0.644961,0.915156,0.919598,19194.0,18312.0,18966.0,0.07248773787625673,0.0009688841615642652,-0.009364110586512098,0.007042949693310208
SDN_7478,SDN,Rashid,0.127431,0.311223,0.3174,13000.0,12933.0,13395.0,0.19552680719023385,0.003938357239474888,-0.001032900796045455,0.007044560711999548
SDN_7513,SDN,Rihada al-Birdi,0.783104,1.071964,1.084466,29782.0,26456.0,27402.0,0.06481007493719693,0.002321735051389995,-0.02340597124924282,0.007051350065762296
SDN_753,SDN,al-Kamleen,1.567278,1.745429,1.750754,14230.0,16032.0,17750.0,0.02176548917298482,0.0006094219370165188,0.024133472703406822,0.020568431856541558
SDN_7565,SDN,Rufa,1.977888,2.18632,2.213322,33947.0,40545.0,46188.0,0.020240140324984557,0.0024579737146237512,0.03616085446013573,0.02640408181547471
SDN_7586,SDN,Ruru,0.632513,0.839582,0.855621,18690.0,16730.0,17328.0,0.0582754772715286,0.003791845354010004,-0.02191335743713263,0.007048761445301199
SDN_767,SDN,al-Khalas,4.335412,6.199595,6.259712,193557.0,228696.0,0.0,0.07415409586134136,0.0019319057954432228,0.03392714435172284,-1.0
SDN_769,SDN,al-Khandaq,1.091548,1.248406,1.263383,20600.0,16475.0,17064.0,0.027217954702098757,0.0023879478331745307,-0.043705538352142526,0.007050116031645626
SDN_7792,SDN,Saraf Umra,0.939614,1.277981,1.284067,32760.0,42720.0,50578.0,0.06344487744260796,0.0009506307085327403,0.05452643263572465,0.034346577124882316
SDN_780,SDN,al-Khua,0.82396,1.338347,1.367215,16080.0,24150.0,30142.0,0.10187548338712804,0.0042772320975659195,0.08474140618160253,0.04532415509579679
SDN_785,SDN,al-Kirimit,0.464253,0.514122,0.514264,14000.0,19732.0,24080.0,0.02061581552192826,5.5233705032797786e-05,0.07104720995539782,0.04063175703644473
SDN_786,SDN,al-Kitayab Janub,0.436046,0.534103,0.544903,13880.0,14040.0,14643.0,0.04140232298095148,0.004011844572710865,0.002294918006208402,0.00844586818114701
SDN_787,SDN,al-Kitayab Shamal,0.314583,0.450549,0.461149,10680.0,12360.0,13869.0,0.07448747169853442,0.004661704497135766,0.029649572726515583,0.023305563920671846
SDN_7870,SDN,Sennar,5.0374,5.588824,5.636546,150899.0,172851.0,192985.0,0.02099308121537402,0.001701962135891577,0.027536143138471747,0.022281099904411406
SDN_7893,SDN,Shabashah,0.765396,0.790519,0.792086,17054.0,16799.0,17399.0,0.006480175031973845,0.0003961344398712985,-0.003008549116769399,0.007043363117805068
SDN_7900,SDN,Shadda,0.650022,0.780582,0.788525,14805.0,11445.0,11854.0,0.03728499443263611,0.0020269146951268358,-0.05017963489447652,0.007047197439610908
SDN_791,SDN,al-Kuraynik,0.519638,0.78066,0.786542,22960.0,18040.0,18685.0,0.08480631559852858,0.0015024087815997955,-0.04708770630564463,0.007050649269353171
SDN_7917,SDN,Shambata,0.428684,0.449748,0.451792,12710.0,11744.0,12163.0,0.009639639917702336,0.000907305557161342,-0.01568501127934152,0.007035853077156151
SDN_793,SDN,al-La'ayt,0.913089,1.371272,1.390891,30430.0,29852.0,30919.0,0.0847311190184874,0.0028451944537146723,-0.003828079080242186,0.0070485332764078645
SDN_7933,SDN,Shaq Dughary,0.058672,0.183386,0.188961,11340.0,11844.0,12587.0,0.2559925317135112,0.0060074575341833025,0.008734951363802868,0.012242963959602005
SDN_7934,SDN,Sharawm,0.545567,0.646049,0.652587,12870.0,20970.0,26868.0,0.034387998773098394,0.0020158513704924275,0.10256442792777709,0.05081770578125866
SDN_7938,SDN,Sharkayla,0.333523,0.372378,0.373004,14200.0,17854.0,20814.0,0.022284192296641248,0.00033599164278141913,0.04686200375430616,0.031155123409139396
SDN_7966,SDN,Shendi,8.523407,9.671917,9.755505,74213.0,100663.0,128979.0,0.025604379802041333,0.0017225236936486699,0.06286468242477872,0.05082362268320462
SDN_7970,SDN,Shiariya,0.474158,0.758633,0.77027,35770.0,33740.0,34946.0,0.09855480900293268,0.0030492341335850437,-0.011617089646985157,0.007048713215546343
SDN_7980,SDN,Shingli Tubaya,0.127595,0.515033,0.519113,11340.0,10416.0,10788.0,0.32190510600055244,0.0015793678063145133,-0.01685498081218728,0.007042949693310208
SDN_8,SDN,Aasalaya,0.512819,0.526536,0.530244,20167.0,10412.0,10784.0,0.005293310103931859,0.001404499919197555,-0.12384978427201454,0.007045617802026838
SDN_8084,SDN,Sifeay North,2.444988,2.587335,2.611147,62580.0,66660.0,71637.0,0.011381921423840202,0.001833919568936082,0.012711985954359628,0.01450552416446027
SDN_8085,SDN,Sifaya Janub,1.22443,1.318205,1.324869,34140.0,35100.0,36965.0,0.014868560048366675,0.0010090335212302737,0.005561691721131412,0.010407866654722264
SDN_8111,SDN,Singa,2.963811,3.377586,3.399137,68685.0,84349.0,97321.0,0.026481631058848043,0.00127287396242326,0.04194215020857639,0.029023575776744526
SDN_8113,SDN,Sinkat,0.579814,0.697469,0.748261,38254.0,47001.0,54241.0,0.037641283959723326,0.014158044922210289,0.0420439798833796,0.029068105116629273
SDN_8114,SDN,Sinnar al-Tagato,0.283703,0.29321,0.299219,15105.0,11780.0,12201.0,0.006614008493242229,0.004065576306586438,-0.048508501687884786,0.0070476662017895375
SDN_818,SDN,al-Makaylab,0.717904,1.084298,1.094571,19525.0,14625.0,15148.0,0.08596657105316607,0.001887726054502048,-0.05615437639027876,0.00705197225655918
SDN_82,SDN,Abu Dawn,0.859279,1.219348,1.240408,15158.0,12532.0,12980.0,0.07250344144715082,0.003430684994380151,-0.03733385974093317,0.007049599899564107
SDN_820,SDN,al-Manaqil,4.623185,5.540634,5.572062,119372.0,146206.0,168490.0,0.036868397889823656,0.0011318897592300647,0.04138794270246238,0.02877828065612098
SDN_8213,SDN,Suakin,0.990148,1.707418,1.757216,45599.0,98430.0,135529.0,0.11513628706284029,0.005766251311467796,0.16636487738452033,0.06605828518623724
SDN_8229,SDN,Sumayh,0.302372,0.423834,0.429695,12500.0,12560.0,13047.0,0.06986959192695785,0.002750532903571523,0.0009581620906444765,0.0076372282354388865
SDN_8241,SDN,Suqūt al-jamal,0.26232,0.490688,0.49726,10000.0,10030.0,10407.0,0.13343026935478708,0.002664451398710188,0.0005992812932844593,0.007406907369534643
SDN_8242,SDN,Suri,1.550608,1.709383,1.727244,22440.0,18480.0,19140.0,0.019688384187786845,0.0020810800395207885,-0.03808693640955452,0.007042949693310208
SDN_8252,SDN,Tabat,0.510569,0.580857,0.583035,14003.0,14840.0,15902.0,0.02613135187338167,0.0007488041465164574,0.011678597554465986,0.013919719504081218
SDN_8301,SDN,Takoi,0.08634,0.179532,0.189883,18080.0,16200.0,16779.0,0.1576731610614337,0.011274003524745169,-0.021719678332396186,0.007048094176890007
SDN_8318,SDN,Taludy,0.323201,0.620501,0.639602,16444.0,25289.0,31815.0,0.1393416084368384,0.006082200252959691,0.0898954453126517,0.04698402262201351
SDN_8334,SDN,Tambul,1.366121,1.6636,1.692488,22284.0,26590.0,33767.0,0.04018826246643714,0.0034490757780945014,0.03596489136503722,0.048950098553460775
SDN_8355,SDN,Tandalty 1,1.436509,1.981702,1.993583,78727.0,116374.0,144463.0,0.06646350758233699,0.0011962050556870718,0.08130061985493997,0.04419145154140103
SDN_8356,SDN,Tandalty 2,0.427879,0.532671,0.544225,13408.0,12512.0,12959.0,0.04478665376041402,0.004300981082516975,-0.013737440189305117,0.007045169991636957
SDN_8401,SDN,Tawm Bishara,0.057702,0.177762,0.187846,12771.0,11691.0,12109.0,0.25236122370237246,0.011096494659630807,-0.017516306278815508,0.007050672319650619
SDN_8423,SDN,Tebeldina,0.585175,0.841235,0.865331,43035.0,38190.0,39555.0,0.07529175039952518,0.005664189704937206,-0.023604947317873215,0.0070484053480948106
SDN_8431,SDN,Tegmala/Umm Qadd,0.197609,0.529601,0.542236,13900.0,15237.0,16631.0,0.21794707066165442,0.004726623045042677,0.018537289378624422,0.01766251821346243
SDN_844,SDN,al-Masudya II,0.744395,1.523022,1.549631,16902.0,30790.0,0.0,0.1539328736820711,0.003470070621143906,0.12744228291239224,-1.0
SDN_845,SDN,Al-Masodya III,0.863386,1.035095,1.037457,11490.0,13230.0,0.0,0.036943376091325586,0.0004559672286574834,0.0286034179350243,-1.0
SDN_846,SDN,al-Matamma,0.743285,0.912491,0.92264,15901.0,14376.0,14890.0,0.041872665896140804,0.0022146293817157936,-0.01996242887505506,0.007050679261676462
SDN_855,SDN,al-Mazmun,0.805869,0.941114,0.945519,21120.0,19000.0,19679.0,0.031515021645268426,0.0009343768826581833,-0.02093407141375314,0.00704733604907215
SDN_8552,SDN,Tokar,0.822416,0.852373,0.852373,39794.0,45543.0,50825.0,0.0071812372370090305,0.0,0.027355636224442703,0.022188876098951482
SDN_8609,SDN,al-Miqanis,0.0,0.275528,0.277245,12200.0,12300.0,12803.0,,0.001243239177944222,0.001633995646273645,0.008048265776012142
SDN_866,SDN,al-Mrewa,0.43193,0.602809,0.611041,10692.0,10728.0,11134.0,0.06893985946824355,0.0027164154012824238,0.0006724955643553354,0.00745693424252214
SDN_8670,SDN,Tulus,1.100865,1.364374,1.375336,47879.0,68932.0,84778.0,0.0438542748005013,0.0016017513389960936,0.07561081831701699,0.04225132884116545
SDN_869,SDN,al-Mujlad,3.023855,3.896506,3.911863,47185.0,45709.0,47343.0,0.05201728979025977,0.000787004919123202,-0.006336008391500392,0.007049483121038591
SDN_8729,SDN,Um Dukhun,0.835369,1.204562,1.211004,17520.0,39660.0,67532.0,0.07594522057106046,0.0010673196270796215,0.17750760739078286,0.11232418576800951
SDN_8730,SDN,Um Durman,1.348974,1.795286,1.808454,34920.0,31800.0,32937.0,0.058829452068066335,0.0014626678403000248,-0.01854458163393846,0.007050811974834481
SDN_8731,SDN,Um Karadym,0.467001,0.894896,0.904477,10425.0,10800.0,11424.0,0.1389140518167984,0.00213214292954067,0.007092909655340707,0.011297393243534737
SDN_8732,SDN,Um Rowaba,4.180966,5.073643,5.113636,59399.0,90214.0,113026.0,0.039462087655541156,0.0015715530301123604,0.08717375861022347,0.046118503211386885
SDN_8745,SDN,Umm Boim,0.165354,0.576052,0.588472,19710.0,16200.0,16779.0,0.28353996817275307,0.00427539605493954,-0.0384637140667472,0.007048094176890007
SDN_8746,SDN,Umm Dafog,0.499177,0.566353,0.568942,10200.0,12036.0,13633.0,0.025572879497472778,0.0009126035702884394,0.03365688434519343,0.025231287099862998
SDN_8747,SDN,Umm Dawn,0.683825,1.64481,1.71687,11025.0,53172.0,0.0,0.19188444712748276,0.00861247368871565,0.36981172602148327,-1.0
SDN_8748,SDN,Umm Dawwanban,1.140723,3.131843,3.174261,56925.0,89820.0,134641.0,0.2238380649379017,0.002694263058409252,0.09550408741515759,0.08432845716087467
SDN_8750,SDN,Umm Kedadda,0.99559,1.282596,1.294847,12008.0,11029.0,11423.0,0.051966406014382294,0.0019030870541323353,-0.016865149266072188,0.007044838830421618
SDN_8754,SDN,Umm Shagara,0.775908,0.916762,0.944319,13814.0,18395.0,21964.0,0.033925567025115955,0.005940804238735886,0.05895149569011737,0.03610156233264683
SDN_8755,SDN,Umm Shawaka,0.703699,0.845368,0.846879,24875.0,44920.0,59266.0,0.03736543708938678,0.0003572221470964365,0.12547365010297917,0.056995586282425625
SDN_8756,SDN,Umm Shijara,0.445511,0.61843,0.632048,17018.0,20482.0,23416.0,0.06779141171967229,0.004365768770616896,0.03775006319292151,0.02713628023428627
SDN_880,SDN,al-Naiya,0.322808,0.891311,0.917567,17000.0,31000.0,72287.0,0.22522823223287314,0.005823327875003503,0.12767137012376306,0.18451264556837277
SDN_8875,SDN,al-Qarya 03,0.384025,0.461739,0.463546,10846.0,10498.0,10873.0,0.03754612332260909,0.0007814709047084811,-0.0065010929760568326,0.007044272822580577
SDN_8876,SDN,al-Qarya 08,0.150213,0.350174,0.356289,10530.0,11583.0,12666.0,0.18444602685119027,0.003468406142384639,0.019244876491456564,0.018037288292782616
SDN_8877,SDN,al-Qarya 10,0.436206,0.482096,0.485708,12104.0,12036.0,12466.0,0.020207186921906484,0.0014939860759957124,-0.0011261289839648025,0.007045257799642934
SDN_8879,SDN,al-Qarya 17,0.53881,0.590476,0.599308,14098.0,14257.0,14867.0,0.018481912362241504,0.0029737458344925027,0.002245531602162565,0.008414399208000356
SDN_8880,SDN,al-Qarya 18,0.451904,0.467593,0.469057,18078.0,13683.0,14172.0,0.006849046477398479,0.0006254028462073791,-0.054185018242265626,0.007047517810466086
SDN_8881,SDN,al-Qarya 26,0.243449,0.407539,0.413486,10682.0,12958.0,14868.0,0.10854221431306432,0.0029016061239612867,0.039386520763450505,0.027881182247326386
SDN_8909,SDN,Wad Abu Nahl,0.409942,0.648538,0.655988,10944.0,12992.0,14758.0,0.09608088118534841,0.002286990641150455,0.03490380928331849,0.02581796096159361
SDN_8910,SDN,Wad al-Hilayu,0.413004,1.227756,1.245537,24000.0,25027.0,26574.0,0.2434592617284086,0.0028798687396376366,0.008415495209922907,0.012067846299775642
SDN_8911,SDN,Wad al-Talud,0.858818,0.883226,0.886529,10788.0,10633.0,11013.0,0.005620554022929269,0.0007468236139553941,-0.002890221765585843,0.007047521820187974
SDN_8912,SDN,Wad Madani,13.947924,15.58722,15.6793,346340.0,415622.0,474520.0,0.02247292927628397,0.0011786987870796573,0.03714427655845798,0.026859910060955894
SDN_8913,SDN,Wad Rawah,0.839073,0.980665,0.986695,12223.0,15254.0,17725.0,0.03167803870847252,0.0012267641575511856,0.04530056721428233,0.03048221412214036
SDN_8915,SDN,Wad Sharifay,1.087334,1.728713,1.770745,52275.0,52326.0,54229.0,0.09716510344235751,0.0048161929459307196,0.00019504585061014268,0.007170070991503463
SDN_8916,SDN,Wad Sharifay Sharq,0.437271,0.793638,0.811556,25296.0,34416.0,0.0,0.12661195561175465,0.004475174758364231,0.06351031892840475,-1.0
SDN_8918,SDN,Wad'Arud,0.215474,0.667066,0.677783,24000.0,30725.0,36098.0,0.25358788492556683,0.0031927231518420474,0.050645319115975695,0.03275724377857547
SDN_8921,SDN,Wadi Halfa,1.286903,1.905792,1.936489,17056.0,19073.0,21037.0,0.08169777716116644,0.0032008858083143465,0.022606065281932652,0.01979519095333071
SDN_8923,SDN,Waggar,0.355043,0.374178,0.374775,23220.0,27720.0,31571.0,0.010553845283042484,0.00031889601182633065,0.03606308994186769,0.02635835605899195
SDN_8970,SDN,Wawisy,0.647503,1.340577,1.369609,21616.0,26936.0,0.0,0.15667139606858327,0.004294229763161184,0.044988604035563595,-1.0
SDN_90,SDN,Abu Guta,0.533853,0.537724,0.539769,16549.0,15312.0,15859.0,0.0014460239277296338,0.0007594588195998231,-0.015417680113634091,0.0070447639824340325
SDN_901,SDN,al-Nuhud,4.775511,6.503533,6.582733,69172.0,78959.0,88003.0,0.06371650926449268,0.0024238209055180704,0.026819863405409317,0.021925338574262154
SDN_907,SDN,al-Qadarif,12.87565,15.02888,15.241035,345672.0,479853.0,582298.0,0.031410363450132595,0.0028074892334715162,0.06779726067221836,0.03945912674966667
SDN_91,SDN,Abu Hamad,1.116568,1.348705,1.355769,13860.0,13837.0,14331.0,0.03849965855812765,0.0010453356261368452,-0.0003321108538789641,0.007040440060294806
SDN_9118,SDN,Zalingey,3.8592,4.2596,4.293984,135500.0,125438.0,129923.0,0.019939253580731675,0.0016092362654529513,-0.015313542304873362,0.007050811682338898
SDN_9122,SDN,DIba Dunqula ,1.048988,2.762473,2.789263,56316.0,56810.0,59155.0,0.213683658248063,0.0019320861159142222,0.0017482624256952572,0.008122560673114121
SDN_9127,SDN,Zarafah,0.121226,0.376585,0.38537,33150.0,31525.0,32652.0,0.25445026737925613,0.0046226770326933675,-0.010002010789607385,0.00704977906420301
SDN_9196,SDN,Zurqa,0.389735,0.642956,0.648195,11165.0,12673.0,14084.0,0.10530559614723933,0.0016243747398561048,0.025661707056994665,0.021337590084215874
SDN_93,SDN,Abu Hijar,0.852661,1.001627,1.007439,14155.0,14375.0,15028.0,0.032727935066458436,0.001157827611584894,0.003089295692743743,0.008924496160828355
SDN_953,SDN,al-Rawashida,0.432269,0.463875,0.46705,10063.0,11684.0,13132.0,0.014213472285268258,0.0013651707860384832,0.030321624931916702,0.023641454304845322
SDN_96,SDN,Abu Jabra,0.171734,0.574654,0.583163,16632.0,17472.0,18630.0,0.27323928399985475,0.002944048234951202,0.00990292240334556,0.012917435501211605
SDN_964,SDN,al-Roseires,3.125841,3.967258,3.976361,68031.0,78883.0,88601.0,0.04882906089914174,0.00045848576696139176,0.030042899810708512,0.02350752717573279
SDN_97,SDN,Abu Jubayha,1.975522,2.365971,2.379635,55089.0,61276.0,67399.0,0.03672962610469899,0.0011523846996717158,0.021515836144611722,0.019230964313395882
SDN_999,SDN,al-Samra',0.503116,1.150944,1.170438,12760.0,41800.0,0.0,0.17998697334187774,0.003364760644476217,0.26784196164771057,-1.0
SEN_1507,SEN,Bakel,0.742956,0.78616,0.792214,13955.0,17063.0,19175.0,0.011368841704086918,0.0015354222119683403,0.04103447045265107,0.02361347971147776
SEN_1552,SEN,Bambey,1.38137,1.566243,1.580846,30266.0,36507.0,41279.0,0.025438985581355045,0.0018578013453316444,0.038207647555333235,0.02487430377802813
SEN_1882,SEN,Bignoma,2.797351,2.927769,2.934055,43732.0,52026.0,57323.0,0.00915521525620977,0.0004290371582262864,0.03534292341342726,0.0195809088052048
SEN_2531,SEN,Dagana,0.962549,1.237617,1.252055,22771.0,27114.0,29153.0,0.05155667331173208,0.0023223815559578753,0.03552907597312549,0.014607181981812323
SEN_2539,SEN,Dahra,1.825789,2.100683,2.107627,34488.0,40003.0,43968.0,0.02844716875541886,0.0006602458873841144,0.03011310075484608,0.019081293783191455
SEN_2545,SEN,Dakar,67.16176,90.56172,91.385968,3067637.0,3876552.0,4391325.0,0.06160882173881732,0.0018137100842652298,0.04792048305572205,0.025250508251824177
SEN_260,SEN,Agnam Thiodaye,0.597731,0.676034,0.683292,12747.0,15900.0,18315.0,0.02492609764581677,0.0021380670514057343,0.045196213477997293,0.028683940314093492
SEN_2631,SEN,Darou Mousty,1.731447,2.043733,2.073425,26174.0,29550.0,32019.0,0.03372017172164021,0.002888923266983534,0.02456019088382866,0.016178625852087958
SEN_2703,SEN,Dabia Odedji,0.413356,0.5106,0.52001,11584.0,14440.0,16851.0,0.04316093012070521,0.0036589852727324512,0.045061211776822985,0.031363356160027944
SEN_2713,SEN,Diaoube-Kabendou,1.40016,1.616214,1.622958,27394.0,32466.0,40994.0,0.029115784862123517,0.000833153503714934,0.03455757888442168,0.04775152710261876
SEN_2759,SEN,Diofior,0.786303,0.902262,0.913784,11843.0,14264.0,16145.0,0.02789451082431693,0.002541078311878886,0.037900975600708264,0.025083737863312194
SEN_2764,SEN,Diourbel,5.280312,5.900985,5.955661,139984.0,173463.0,197671.0,0.022475675949747753,0.0018462842233524235,0.0438201849199471,0.026472269471535137
SEN_3207,SEN,Fatick,1.868629,2.265641,2.284953,29604.0,35764.0,39804.0,0.03928247051316425,0.0016989884686240408,0.03853021910058296,0.021635854743411453
SEN_3361,SEN,Gandiaye,0.641772,0.726899,0.73592,14468.0,17137.0,19511.0,0.025223756787836837,0.0024698202702513328,0.034439889759393605,0.026287280539741165
SEN_3583,SEN,Gossas,0.807754,0.854162,0.863036,13294.0,16011.0,17878.0,0.011235310219285921,0.0020692447004941883,0.037892937208978905,0.022304082408135972
SEN_3585,SEN,Goudomp,0.591435,0.620074,0.622,13473.0,16253.0,19489.0,0.009502270293684667,0.0006204457936251906,0.0382306485923658,0.036981966826743484
SEN_3655,SEN,Guinguineo,0.960946,0.977745,0.979003,17156.0,20320.0,22673.0,0.0034721507818671338,0.00025719447608674173,0.03443101460667308,0.022155704898749295
SEN_3724,SEN,Hamady Ounare,0.429148,0.800824,0.816723,10653.0,21024.0,25381.0,0.13288544579904848,0.003939498404314401,0.14564136001161554,0.038385646394159645
SEN_4218,SEN,Joal-Fadiouth,1.482322,1.824782,1.8336,48059.0,55499.0,62014.0,0.04244628702229858,0.0009646088748946902,0.029205469734391754,0.022447264646402454
SEN_4297,SEN,Kaffrine,2.151524,2.423947,2.437544,41393.0,53489.0,62557.0,0.024130699812207945,0.0011193803845683803,0.05261005683850506,0.031816068696458366
SEN_4506,SEN,Kanel,0.546865,0.605371,0.612399,13584.0,18007.0,21562.0,0.020535923386992172,0.0023111741822399168,0.05799286369511436,0.0366914945738237
SEN_4531,SEN,Kaolack,10.104018,11.178992,11.249962,259582.0,308874.0,350905.0,0.020426449052315387,0.0012664909644799494,0.03538377630696421,0.02584475149055243
SEN_4560,SEN,Karang Poste,1.006674,1.073743,1.074991,17045.0,18440.0,22134.0,0.012983330471242116,0.00023234986202091967,0.01585747876219612,0.03719352712514379
SEN_4670,SEN,Kayar,0.462983,0.504892,0.506046,24693.0,28516.0,32013.0,0.017481892119620035,0.00045671010607306606,0.029207518018421252,0.02340504539549526
SEN_4681,SEN,Kebemer,1.167663,1.47273,1.484422,20837.0,25379.0,28489.0,0.04751710410566301,0.001582781199482186,0.040226378981496946,0.023388517620323013
SEN_4687,SEN,Kedougou,2.154965,2.477612,2.492821,31462.0,37825.0,44663.0,0.028297109385390096,0.0012247109184011506,0.037524884872991215,0.033793484969013576
SEN_4736,SEN,Keur Madiabel,0.533826,0.622398,0.627321,11037.0,13073.0,15211.0,0.031178129121734566,0.001576964474074627,0.0344388998422942,0.03075749414160933
SEN_4756,SEN,Khombole,0.756282,1.023825,1.039423,16319.0,21396.0,23856.0,0.062449736646238874,0.0030286045685399277,0.05566909915312168,0.022004969067204616
SEN_4797,SEN,Kidira,0.425656,0.651015,0.658979,10538.0,12884.0,15805.0,0.08869554843972582,0.0024347560386739353,0.041018636464802194,0.04171461393623943
SEN_4959,SEN,Kolda,5.612941,5.963899,5.97797,84908.0,112531.0,131547.0,0.012203793375422878,0.0004714278136297434,0.05794895372151898,0.031719773204182955
SEN_5020,SEN,Koumpentoum,0.710248,0.816528,0.82339,10493.0,12829.0,14736.0,0.02828195008971557,0.001675153496903059,0.041018929076354516,0.028104740253723115
SEN_5024,SEN,Koungheul,1.368535,1.574095,1.588114,21926.0,26924.0,31372.0,0.028383277794196582,0.0017749022188198182,0.04192398225428895,0.031051895253367157
SEN_5025,SEN,Kounkane,0.746815,0.801292,0.803636,11305.0,13879.0,16612.0,0.014181198102852566,0.0005843717560256589,0.04187956926309622,0.03660368730211072
SEN_5286,SEN,Linguere,0.818222,0.97141,0.982912,16209.0,18801.0,20890.0,0.03491881721836987,0.002356967288339007,0.03011318368387106,0.021295687600135116
SEN_5325,SEN,Louga,5.083893,5.714685,5.74336,109250.0,132390.0,149284.0,0.023668121703204203,0.0010015466748185542,0.039170351236918144,0.024310480234940313
SEN_5785,SEN,Matam,0.536229,0.697767,0.71482,16261.0,22431.0,27364.0,0.054076244251174854,0.004840784241406437,0.06644945617842901,0.040557752672971015
SEN_5877,SEN,Mboro,1.849999,2.344551,2.365121,36107.0,84514.0,101021.0,0.0485222194185817,0.0017485812035067383,0.18540689831224588,0.03632649414977451
SEN_5880,SEN,Mbour,16.482446,21.819312,22.013488,317009.0,411719.0,474448.0,0.05770334585832826,0.0017735523272182085,0.05367302879937963,0.028768225524748114
SEN_5903,SEN,Medina Gounass,2.125299,2.306563,2.315671,41565.0,49270.0,55983.0,0.016503917387745703,0.0007885020238511675,0.03459638234873541,0.025875648727624823
SEN_5919,SEN,Mekhe,1.138592,1.352506,1.358763,24022.0,27741.0,31394.0,0.03503304249537309,0.0009235380122316617,0.029206664915774505,0.025049665658915643
SEN_6625,SEN,Ndioum,0.882483,1.14405,1.152085,16573.0,19015.0,20726.0,0.05328944341911246,0.00140072930170132,0.027872009853110224,0.017381492105551954
SEN_6628,SEN,Ndoffane ,0.743491,0.787277,0.793059,13504.0,15995.0,18059.0,0.011510440139674616,0.0014645642043535911,0.0344377548760737,0.024570602486633675
SEN_6688,SEN,Nganda,0.287473,0.313082,0.314584,11002.0,13510.0,17638.0,0.0172137163116306,0.0009576570686502528,0.04192567905444933,0.05477249877095791
SEN_6715,SEN,Ngoundiane Thiangaye,0.382525,0.425196,0.426751,12037.0,13920.0,16082.0,0.02137651875802815,0.0007303597585572863,0.02949488917938692,0.029295714305883624
SEN_6768,SEN,Nioro du Rip,1.01424,1.110101,1.115478,21760.0,25774.0,29430.0,0.018226397419834006,0.0009668692014461744,0.03443828747315947,0.026884710449513793
SEN_7230,SEN,Ourossogui,1.212015,1.516398,1.526769,16389.0,23054.0,26310.0,0.04582987016423146,0.0013641199730392017,0.07062841778645867,0.02677411568381194
SEN_7291,SEN,Passy,0.687589,0.794431,0.803832,13161.0,15851.0,19021.0,0.02930824712887148,0.0023556014777150747,0.03789532406719731,0.03713510831410183
SEN_7346,SEN,Podor,0.387151,0.669583,0.670717,12153.0,13942.0,15328.0,0.11579601673666517,0.0003384890496465065,0.027846629526638855,0.019135858663430705
SEN_7508,SEN,Richard-Toll,1.832177,2.445564,2.467428,60596.0,69518.0,75535.0,0.059454527285765835,0.0017816936125634175,0.027852182662319258,0.016740663049903626
SEN_7548,SEN,Ross Bethio,0.539026,0.695772,0.699469,12132.0,13918.0,16200.0,0.052377239426615096,0.001060452941922918,0.027847978559940367,0.030831393870422108
SEN_7550,SEN,Rosso-Senegal,0.339057,0.394723,0.396465,16615.0,19062.0,21863.0,0.030870100753540797,0.0008810902759586181,0.027859191643408332,0.02779915882813566
SEN_7673,SEN,Saint-Louis,5.772535,6.601938,6.665736,222043.0,257005.0,290194.0,0.027214102950160468,0.0019252775409492884,0.029676727961035043,0.02458825041899182
SEN_7826,SEN,Sedhiou,1.58049,1.682941,1.688409,25351.0,32271.0,39142.0,0.012640814645151321,0.0006489719422368978,0.04945414115458435,0.03936028470349795
SEN_7866,SEN,Popenguine,1.21317,2.361487,2.396336,28408.0,48126.0,56042.0,0.14249097837523417,0.0029341760487444635,0.11118871330602453,0.03092428878740039
SEN_8116,SEN,Sinthiou Bamambe,0.642179,0.721283,0.72793,14471.0,17656.0,17920.0,0.023504883959545975,0.0018363478358331964,0.040587861019818705,0.0029727576248577137
SEN_8153,SEN,Sokone,0.938381,1.00084,1.004716,15437.0,18712.0,21086.0,0.012971180588704057,0.0007733523055437619,0.03922948713865404,0.024176481287121465
SEN_8331,SEN,Tambacounda,6.73278,7.310896,7.334889,112332.0,137688.0,161021.0,0.016612010950288747,0.000655502845410938,0.04154615513592419,0.03180418625870618
SEN_8472,SEN,Thiadaye,0.801198,0.927946,0.937258,15679.0,18107.0,20346.0,0.029808730837012076,0.0019990053026246457,0.029213865338486578,0.02359111560318361
SEN_8473,SEN,Thies,12.956782,15.662112,15.778195,358806.0,431482.0,492388.0,0.038653370373583185,0.0014779663589081782,0.03757762380630281,0.026760033368827596
SEN_8475,SEN,Thilogne,0.449333,0.532063,0.538867,10931.0,13602.0,15455.0,0.034377222771342586,0.0025446088014127177,0.04469273667226181,0.025872168587253608
SEN_8531,SEN,Tivaouane,3.84472,4.681247,4.721514,75232.0,87697.0,101842.0,0.04015813012668401,0.0017144647063960239,0.03113713082719638,0.030358685827034604
SEN_8587,SEN,Touba,42.46806,50.872368,51.160288,872732.0,1037691.0,1224891.0,0.03677354342498984,0.0011293769287639144,0.03523138492704714,0.03372704503031265
SEN_8820,SEN,Velingara,2.228096,2.321765,2.32778,33671.0,39907.0,45722.0,0.008270062223448615,0.0005176041885190941,0.03456698052440221,0.027579017470828804
SEN_9008,SEN,Wodabe 2 ,0.557215,0.720522,0.729602,10305.0,11990.0,14906.0,0.052749125621140536,0.0025077853784518656,0.03075212163049801,0.04449986157193586
SEN_9164,SEN,Ziguinchor,7.321694,7.68334,7.702574,214936.0,258258.0,290189.0,0.009689164229927494,0.0005001670938227232,0.037406403098144914,0.023588581409826004
SLE_1973,SLE,Bo,10.186028,11.303151,11.376104,185781.0,255000.0,264266.0,0.021031010928666438,0.0012875238817164902,0.06538794123159053,0.007164065304542833
SLE_2050,SLE,Bonthe,0.289488,0.292491,0.293802,10075.0,10200.0,10200.0,0.0020661418537519793,0.0008948349462680749,0.0024691658728368537,0.0
SLE_2632,SLE,Daru,0.558197,0.622439,0.625025,16021.0,16000.0,16000.0,0.022025800918416216,0.0008295473576351853,-0.0002622934800081689,0.0
SLE_3280,SLE,Freetown,45.648416,50.091556,50.343448,1456596.0,1984000.0,2051833.0,0.01875032915068786,0.00100370950538764,0.06375229720435693,0.006746361082778929
SLE_4240,SLE,Kabala,1.552993,1.692022,1.695374,33852.0,45000.0,46227.0,0.017295917099947822,0.0003958987466299302,0.05858475748791303,0.005394810503717595
SLE_4413,SLE,Kailahun,1.05137,1.130619,1.135546,23326.0,32000.0,33158.0,0.014640374576088355,0.0008700427031886893,0.06527550612755717,0.007134955770173201
SLE_4469,SLE,Kamakwie,0.483155,0.520079,0.521491,14962.0,16500.0,16500.0,0.01483764292896761,0.0005424057025578133,0.01976208031123261,0.0
SLE_4475,SLE,Kambia,0.609857,1.397043,1.405467,32234.0,48000.0,50790.0,0.1803107214941233,0.0012030774888838192,0.08289265288333914,0.011363777476300907
SLE_4709,SLE,Kenema,7.394933,7.82986,7.850327,200443.0,263000.0,269178.0,0.011495489897382027,0.0005222477406370274,0.055827503544681356,0.004654566724426434
SLE_4944,SLE,Koidu,5.393997,6.123766,6.147295,138364.0,205000.0,216652.0,0.025702885615172866,0.0007672703850152285,0.08179794093018367,0.011117828864916302
SLE_5389,SLE,Lunsar,1.625379,1.732185,1.743105,34163.0,34000.0,34000.0,0.012809872006891432,0.001257667865388612,-0.0009560751610508955,0.0
SLE_5481,SLE,Magburaka,1.431545,1.547662,1.558931,23136.0,27000.0,27000.0,0.015720512195011915,0.0014520381645077851,0.03137143202956749,0.0
SLE_5529,SLE,Mahera,4.402996,4.672196,4.6907,75464.0,75000.0,75000.0,0.011939509320249453,0.0007908382180801254,-0.0012327610872456818,0.0
SLE_5565,SLE,Makeni,7.435622,8.066268,8.108244,153839.0,201000.0,205412.0,0.016415007191897146,0.0010386190087270375,0.05493553565010667,0.004352004649813335
SLE_5767,SLE,Masingbi,0.368995,0.391378,0.394553,15007.0,10100.0,10100.0,0.011847785752646,0.001617233040599908,-0.0761414163148928,0.0
SLE_5805,SLE,Mattru Jong,0.604809,0.698854,0.700871,11581.0,12000.0,12000.0,0.029327657074747604,0.000576565484482483,0.0071334880872115924,0.0
SLE_6239,SLE,Moriba Town,0.692054,0.766852,0.770787,16329.0,20000.0,20054.0,0.020738073590423012,0.0010241736356821907,0.04139162649044659,0.0005394177430020353
SLE_6278,SLE,Moyamba,0.624798,0.663227,0.665828,10249.0,11000.0,11000.0,0.012009323168002517,0.0007831193248417634,0.014243512355785137,0.0
SLE_7358,SLE,Port Loko,1.414985,1.492532,1.503378,33541.0,34000.0,34000.0,0.010728153595467083,0.0014491629364534742,0.0027220888781711583,0.0
SLE_7536,SLE,Rokupr,0.364378,0.389466,0.391895,11000.0,12000.0,12000.0,0.013406021530446788,0.0012442487692050364,0.017554577175587616,0.0
SLE_7833,SLE,Segbwema,0.563114,0.606556,0.617555,18686.0,19000.0,19000.0,0.014973996112465304,0.0036006821734053673,0.0033384399783444874,0.0
SLE_8574,SLE,Torgbonbu,0.546014,0.551477,0.551477,18800.0,14000.0,14000.0,0.001993086950555556,0.0,-0.05725543512706488,0.0
SLE_9090,SLE,Yonibana,1.214244,1.288071,1.294041,28829.0,33500.0,33500.0,0.011874769743410063,0.0009252537611872391,0.03048825383670173,0.0
SOM_1439,SOM,Baar Dheere ,1.353735,1.52423,1.549761,48300.0,50100.0,51618.0,0.024008047132896948,0.0033277970591782946,0.0073447306733929185,0.005987743451272509
SOM_1521,SOM,Bal'ad,0.475579,0.51766,0.521607,11800.0,14000.0,16624.0,0.01710171763123869,0.001520309434445366,0.03478281035457087,0.034955076004062224
SOM_1530,SOM,Beledweyne,3.718676,4.075826,4.103496,176800.0,141889.0,141889.0,0.018510378804339922,0.0013540895066230796,-0.043041083276714076,0.0
SOM_1538,SOM,Ballanbale,0.0,0.0,0.0,11500.0,29823.0,48673.0,,,0.20995912071609024,0.10292849533620507
SOM_1666,SOM,Barawa E Al Bambar,0.778133,0.957595,0.963911,13600.0,20400.0,28885.0,0.042378889107035356,0.0013156715081024117,0.08447177119769855,0.07203370745594695
SOM_1677,SOM,Berdale,0.421568,0.671216,0.677933,16700.0,28300.0,42881.0,0.09748585768789386,0.0019934783867623374,0.11125567761224753,0.08666503649063584
SOM_1733,SOM,Baidoa,3.817726,5.371194,5.425599,170200.0,249133.0,347430.0,0.07066404047145536,0.0020176482993035094,0.07918112381624409,0.06877727679522838
SOM_1776,SOM,Belet Xawo/Mandera [SOM],0.971454,1.571814,1.590075,23200.0,45000.0,72535.0,0.10102145615320901,0.0023128341912208583,0.14168134765084162,0.10018829545791452
SOM_1831,SOM,Berbera,1.50719,1.729829,1.742171,39100.0,43204.0,47822.0,0.027938267273086126,0.0014229067625417535,0.02016269891170719,0.020518202772952465
SOM_2054,SOM,Borama,2.407856,2.809869,2.860735,80500.0,117526.0,163624.0,0.03136196780028655,0.0035945894522684263,0.07861787938256515,0.06842147841186752
SOM_2055,SOM,Bosaso,3.940837,4.167861,4.185086,116100.0,121160.0,125749.0,0.011264940382040844,0.0008252000394382009,0.008568520905745114,0.007462883640046325
SOM_224,SOM,Afgoye,1.784886,1.838685,1.848807,47700.0,49500.0,51028.0,0.005956891041699164,0.0010985878067644173,0.007435763341501644,0.006098889371261684
SOM_2242,SOM,Burao,5.161051,5.600173,5.628499,235000.0,234927.0,234927.0,0.01646553691738073,0.0010095710790258838,-6.213538070576341e-05,0.0
SOM_2255,SOM,Burtinle,0.885432,0.972628,0.982162,18400.0,20600.0,23117.0,0.018962756977354278,0.0019528198398943708,0.022845124682486118,0.023323271385947253
SOM_228,SOM,Afmadow,0.603581,0.707089,0.709562,12300.0,20300.0,30343.0,0.032161615204389316,0.0006985111001576172,0.10539675490060763,0.08370854015696993
SOM_2290,SOM,Buuhoodle,0.796453,1.06477,1.092411,32800.0,35000.0,37283.0,0.0597883247877824,0.005138832084786493,0.013068566165098217,0.012718074914501942
SOM_2291,SOM,Bulobarde ,0.616604,0.626496,0.628265,11700.0,18200.0,30732.0,0.003188148774337707,0.0005640915088724885,0.09238846414037294,0.11046247487586269
SOM_2292,SOM,Buur Hakaba,0.94262,1.030296,1.042401,13100.0,40400.0,65935.0,0.017946779488977604,0.0023388441499403445,0.2526277076215646,0.10292740776789966
SOM_2702,SOM,Dusa Mareb,0.840694,1.214918,1.233362,23000.0,32355.0,43959.0,0.07642011233999901,0.0030179827983880525,0.07063814780514499,0.06321545281638241
SOM_2738,SOM,Dinsoor,0.623944,0.938754,0.947891,13600.0,41000.0,66914.0,0.08512866873851,0.00193908814194943,0.2469498567621018,0.10292664074997138
SOM_2856,SOM,Dolow (north),0.180928,0.379021,0.396327,11400.0,45000.0,88880.0,0.15939520028634435,0.008969590954764017,0.316017100176736,0.14582503384921797
SOM_2963,SOM,'Erigavo,1.084357,1.17087,1.181024,31100.0,35000.0,39487.0,0.015470422458660149,0.0017284513615249963,0.023909402375788202,0.024418043040576265
SOM_3329,SOM,Gaalkayo,4.697748,5.445409,5.479266,183300.0,183224.0,183224.0,0.02997849633543237,0.0012404250985991183,-8.293792428815117e-05,0.0
SOM_3330,SOM,Goldogob,0.005613,0.033425,0.03503,28600.0,30000.0,31327.0,0.4288126110237882,0.00942427426257475,0.009603957601854507,0.008694169419435793
SOM_3394,SOM,Garoowe,2.506064,2.990135,3.030146,87000.0,110000.0,138033.0,0.0359522255147906,0.002661990079106058,0.04803234547723978,0.046448954375794216
SOM_3452,SOM,Gebilay,0.943576,1.078843,1.091943,25200.0,45000.0,69942.0,0.02715568078959807,0.00241681731921628,0.12295510705682111,0.09220737973982152
SOM_3671,SOM,Guri'eel,1.349856,2.042819,2.052909,81800.0,81774.0,81774.0,0.08639682934659931,0.00098590467868509,-6.357776590226738e-05,0.0
SOM_3751,SOM,Hargeisa,15.576518,18.662538,18.875884,706400.0,998486.0,1360982.0,0.03681211863380485,0.002275971989753822,0.07166305244025795,0.06390311458619924
SOM_4180,SOM,Jamaame,0.402283,0.426127,0.427679,10800.0,12000.0,13360.0,0.011582888687211801,0.0007273624569794634,0.021295687600135116,0.021703879452184438
SOM_4210,SOM,Jilib,0.491684,0.540967,0.54645,10100.0,15500.0,22249.0,0.0192880659325112,0.0020189419820029197,0.0894368594356143,0.07496855283109194
SOM_4228,SOM,Jowhar,1.248842,1.278726,1.288454,40400.0,51000.0,63914.0,0.004740711350779581,0.001516905392244805,0.04770197405165311,0.04617699164130573
SOM_4900,SOM,Kismayo,3.812389,4.583035,4.6177,104400.0,148889.0,204154.0,0.03750737666112269,0.001508196830127817,0.07357508208732022,0.06517031847589783
SOM_5,SOM,Siigadhere ,0.003329,0.021706,0.022268,75100.0,92597.0,113778.0,0.4549671925391523,0.005125480624064593,0.04277688546023595,0.042058920724558524
SOM_5227,SOM,Las Anod,1.759628,2.138451,2.155047,43100.0,57654.0,75587.0,0.03976618152385791,0.0015473555004654749,0.05991352677561457,0.055658704386170044
SOM_5407,SOM,Luuq,0.490912,0.803702,0.807058,13000.0,32000.0,52226.0,0.1036167420124563,0.0008337439931911383,0.19740571108299543,0.10292849505295543
SOM_5717,SOM,Bulo Mareer,0.675491,0.676179,0.680823,12500.0,17250.0,23128.0,0.0002036207365936349,0.0013698426948349773,0.06653673185724296,0.06040018749422038
SOM_5956,SOM,Merca,1.059392,1.110593,1.113507,33300.0,33216.0,33216.0,0.009484484991947095,0.0005242148072650554,-0.0005050143259111017,0.0
SOM_6,SOM,'Adaado,1.023869,1.363111,1.39809,60300.0,50200.0,50200.0,0.05890589414721048,0.005080347828874121,-0.03599945151806583,0.0
SOM_6180,SOM,Mogadishu,45.536952,48.846448,49.089152,1712400.0,1874848.0,2054983.0,0.014130410689828343,0.0009917734957047841,0.018291618041334612,0.018517355900111054
SOM_7404,SOM,Lafoole,1.221307,1.288776,1.300076,19200.0,19600.0,19799.0,0.010812301773228672,0.0017474837861231052,0.004132372241226756,0.002022415356393692
SOM_7405,SOM,Qardho,1.472035,1.572134,1.59372,30100.0,42500.0,57887.0,0.013244569455600708,0.0027311175476565364,0.07143168859184534,0.06374718188928719
SOM_7441,SOM,Qoryoley,0.83371,0.834247,0.835995,15500.0,22500.0,31210.0,0.0001287885952816481,0.0004187097594510192,0.07738311274144394,0.06763364153082208
SOM_7603,SOM,Saaqow,0.406361,0.592483,0.601641,11000.0,19000.0,29064.0,0.07833269864772463,0.0030724586141102073,0.11550670014054099,0.0887304178814945
SOM_8548,SOM,Tog Wajaale ,0.013223,0.849706,0.863667,18300.0,32500.0,53042.0,1.2992581649833914,0.0032646916444953877,0.12172514232201781,0.10292836509366543
SOM_8705,SOM,Uffurow,0.194532,0.468108,0.472781,10700.0,21500.0,35089.0,0.191985581979915,0.0019886228196266398,0.14976990383399968,0.10292633409401275
SOM_8927,SOM,Wajid,0.290449,0.419247,0.423507,13900.0,19500.0,26444.0,0.07616785507000334,0.0020240051063746822,0.07004973113135016,0.06281703668961569
SOM_8947,SOM,Wanlaweyn,1.314267,1.384378,1.38939,26100.0,40000.0,57373.0,0.010448578219729221,0.0007230333842029868,0.08914047264195646,0.07480459294736774
SOM_9034,SOM,Xuddur,0.363993,0.49094,0.493829,10400.0,14000.0,18440.0,0.06166396627256332,0.0011741653293564358,0.06125302037503699,0.05663885396155122
SSD_1175,SSD,Ameeth,0.042189,0.091467,0.097126,13100.0,20028.0,22053.0,0.16738212934360464,0.012078534009632769,0.08861235114512911,0.019450208312014272
SSD_1178,SSD,Ameth-agok,0.02081,0.248384,0.333784,17000.0,70000.0,77080.0,0.6419892417135467,0.06088517275793226,0.3271799855827655,0.019456579672353147
SSD_1214,SSD,Angoot,0.20966,1.855813,2.083336,18200.0,91000.0,100204.0,0.5466915976139051,0.023399077539893343,0.3797296614612149,0.019456579672353147
SSD_1301,SSD,Aruch,0.078218,0.652231,0.689582,16900.0,27259.0,30016.0,0.5283363619928843,0.011199615988916722,0.10033427937084971,0.01945621868636027
SSD_1389,SSD,Aweil,2.825021,3.802058,3.869861,130100.0,157000.0,172880.0,0.06120530271767666,0.0035414742544372935,0.03830386626125892,0.019457253605453806
SSD_1419,SSD,Ayien,0.217566,0.499436,0.543813,24600.0,44000.0,48450.0,0.18080385759902362,0.01717094982973988,0.1233200584199119,0.019455377310009014
SSD_150,SSD,Kashwal,0.073581,0.40862,0.462877,22500.0,69000.0,75979.0,0.4089993304419617,0.025248627146791103,0.2512189536570637,0.01945696303306743
SSD_2056,SSD,Bor,4.087397,5.633343,5.728258,81600.0,125000.0,137643.0,0.06626185953562369,0.0033472739129316587,0.0890403494124059,0.019456791287538744
SSD_216,SSD,Aduel,0.061193,0.372467,0.463806,34200.0,42988.0,47336.0,0.43508363232605163,0.0448398118922928,0.04680123617545018,0.019456884877040448
SSD_2428,SSD,Chimel Thii,0.0608,0.203392,0.22144,11600.0,31214.0,34371.0,0.27316900569146196,0.017148683173235035,0.21892865682451212,0.01945614578406496
SSD_3179,SSD,Ezo Centre,0.384212,0.551432,0.583244,15300.0,44000.0,48450.0,0.07493996067424202,0.011280569682116548,0.2352425667328666,0.019455377310009014
SSD_3375,SSD,Kongor,0.050783,0.280211,0.286564,12600.0,54000.0,59462.0,0.4071920256145547,0.004493868495985431,0.3378414360792157,0.01945755937080995
SSD_3557,SSD,Gok Machar,0.201071,0.513915,0.541854,27100.0,23344.0,25705.0,0.20644734278051402,0.01064399054620746,-0.02939796679471962,0.019455954180930046
SSD_4177,SSD,Jalimo,0.53373,0.574855,0.580682,85900.0,48044.0,52903.0,0.014956290879566847,0.002019123638781206,-0.10971470750727641,0.01945539482844194
SSD_4216,SSD,Jinkuata,0.095312,0.370437,0.380715,31100.0,24000.0,26427.0,0.3119381318148253,0.005488541944501213,-0.05051049100329286,0.019453273162257423
SSD_4232,SSD,Juba,24.179062,27.854688,28.292804,381600.0,950000.0,1220440.0,0.028707177209472023,0.003126118980067094,0.20011550821103485,0.05137722625684238
SSD_4543,SSD,Kapoeta,0.367069,0.630655,0.646645,19300.0,31000.0,34135.0,0.11431718156726567,0.0050202586501573165,0.09941302276744879,0.019454019797318978
SSD_4848,SSD,Kindi,0.02723,0.041425,0.044856,26700.0,26000.0,28629.0,0.08753433002920108,0.016041870167313954,-0.005299314306477343,0.019451492715975904
SSD_5065,SSD,Kuacjok,0.969315,1.593478,1.635592,34800.0,71000.0,78181.0,0.10452672299847432,0.0052307869722476585,0.15328281573015734,0.01945620710997975
SSD_5125,SSD,Kuom,0.318848,0.440139,0.446849,11100.0,14000.0,15416.0,0.06659914458564153,0.0030306118112899405,0.04751683497416792,0.019456579672353147
SSD_5135,SSD,Kurum,0.096499,0.410608,0.489123,16600.0,51000.0,56158.0,0.33592143666792307,0.035614531441119146,0.2516774196865348,0.019455542340470533
SSD_5311,SSD,Lokurubang,0.082535,0.174543,0.185879,21900.0,19000.0,20921.0,0.16158997738280134,0.012664482799771726,-0.028009775364083334,0.0194496185485582
SSD_5422,SSD,Agok ,0.026591,0.127665,0.134593,35500.0,47828.0,52665.0,0.3685713240915802,0.010625203655415971,0.061428570835061036,0.019454796590194112
SSD_5441,SSD,Madebe Centre,0.019677,0.05261,0.062813,11400.0,23000.0,25326.0,0.21736800456137684,0.03608705324470818,0.15070658116953428,0.019454279495958238
SSD_5583,SSD,Makuac Akuel,0.081699,0.215021,0.231729,16700.0,24000.0,26427.0,0.2135364552925476,0.015079137602222126,0.07522401098754972,0.019453273162257423
SSD_5593,SSD,Malakal,3.007982,3.06495,3.073992,136700.0,139000.0,153059.0,0.0037594157451477095,0.0005893309071141051,0.0033426119896780015,0.01945676997378687
SSD_5723,SSD,Maridi,0.250473,0.631185,0.726992,69600.0,149000.0,164071.0,0.20303745953546626,0.02866649014571121,0.16443541556859165,0.019457467318766408
SSD_5825,SSD,Mayen Ulem,0.023654,0.129606,0.15679,19500.0,27981.0,30811.0,0.4052192902307459,0.03881604900167379,0.07489421121875761,0.019456061618639442
SSD_5934,SSD,Melut,0.315103,0.425787,0.434371,17300.0,22048.0,24278.0,0.062057357540191926,0.003999935757694084,0.049698603486229675,0.019456598868222708
SSD_6372,SSD,Mundri,0.464318,0.777588,0.80571,25700.0,37000.0,40742.0,0.10863045778399183,0.007130714396973881,0.07560724820890385,0.019455149835413854
SSD_6762,SSD,Nimule,1.62985,1.766519,1.770827,31200.0,63000.0,76529.0,0.016234969376748287,0.0004872637973649674,0.1508989426950238,0.039673795225062314
SSD_6895,SSD,Nyainthokmalual,0.004917,0.01241,0.012985,23100.0,27300.0,30061.0,0.20341193580546668,0.009099601094062715,0.033975226531950176,0.019455223160580237
SSD_7020,SSD,Okau,0.124132,0.462536,0.476519,31400.0,35000.0,38540.0,0.3009252931491142,0.005974416987238884,0.021945367316357878,0.019456579672353147
SSD_7081,SSD,Omeyo,0.168275,0.38231,0.405012,15900.0,34000.0,37439.0,0.1783633101680413,0.011603787316225356,0.16416987930208582,0.019457357668494435
SSD_7239,SSD,Owiny-Kibul,0.181875,0.195598,0.195598,14300.0,11700.0,12883.0,0.014654721678593274,0.0,-0.03933943162756326,0.01945070140252514
SSD_7271,SSD,Paloich Market,0.161131,0.38204,0.38405,12100.0,17000.0,18719.0,0.18846376968614953,0.0010500383602962682,0.07036699782772393,0.01945191164563176
SSD_7273,SSD,Pamat,0.036714,0.322931,0.383324,23400.0,20000.0,22022.0,0.5447407623014897,0.03488300459688043,-0.030912866190413668,0.01944864397605439
SSD_7280,SSD,Pankot,0.026566,0.155978,0.175351,19700.0,29000.0,31933.0,0.4247787717741567,0.02369122346206276,0.08040442523258506,0.01945566753592165
SSD_7288,SSD,Pariang,0.202902,0.387689,0.395514,37400.0,21000.0,23124.0,0.13825464220320072,0.004004539424007136,-0.10901675227133645,0.019456579672353147
SSD_7460,SSD,Raga,0.663153,0.685234,0.691808,44200.0,37949.0,41787.0,0.0065724348726889925,0.0019114394166557247,-0.030036005465335358,0.019455260872341285
SSD_7500,SSD,Renk,1.936669,3.029741,3.06758,91500.0,101000.0,111216.0,0.09362900663030693,0.0024854515888943496,0.01995275634222593,0.01945762727056355
SSD_7576,SSD,Rum-Aker,0.096638,0.336905,0.3835,15800.0,18000.0,19820.0,0.28372472105219715,0.02624624811552234,0.02641522085850445,0.01945070140252514
SSD_7577,SSD,Rumbek,2.863444,5.063101,5.556522,239800.0,540000.0,644172.0,0.12074182415746426,0.01877267837357377,0.1762751337616124,0.035909025053301624
SSD_8335,SSD,Tambura,1.193174,1.472549,1.534053,33800.0,39356.0,43336.0,0.04297330983802272,0.008217245707253129,0.03090548500330459,0.01945385892075513
SSD_8569,SSD,Tonj,0.405335,0.710961,0.730704,39100.0,43672.0,48089.0,0.1189388021395883,0.005493208042186115,0.022363332134832437,0.019456109652650655
SSD_8577,SSD,Torit,1.700219,2.137644,2.169376,48800.0,49618.0,54636.0,0.046853966719071716,0.0029514029620507642,0.0033302045035652483,0.019454690319424817
SSD_8967,SSD,Wau,6.715186,9.417448,9.457611,192800.0,194000.0,213622.0,0.06997846492419302,0.0008514973661220004,0.0012417256811054767,0.01945685237230177
SSD_8997,SSD,Wet-wil,0.067103,0.201327,0.220378,14800.0,12000.0,13213.0,0.24575321617043677,0.01824724344509865,-0.04107662305049664,0.01944555780520596
SSD_904,SSD,Alok,0.012415,0.06816,0.086056,19900.0,22000.0,24225.0,0.405777446864761,0.047732256607389,0.02026719035930702,0.019455377310009014
SSD_9052,SSD,Yambio,3.503038,3.950771,4.227339,168900.0,310000.0,364275.0,0.024347712070286187,0.013624370729449442,0.12913640223870182,0.03279359184068009
SSD_9067,SSD,Yei,3.95802,4.569426,4.628401,93700.0,66200.0,72896.0,0.029145389609324113,0.0025680632018205696,-0.06712451651846607,0.019457538652150497
SSD_9079,SSD,Yida Refugee Camp,0.259674,1.029929,1.042625,70000.0,65400.0,72015.0,0.3172729198577289,0.002453345289013642,-0.013502607511158171,0.019457307705510907
SSD_9084,SSD,Yirol,0.363951,1.163709,1.225221,35700.0,210000.0,231241.0,0.26171217901867605,0.010355029625241707,0.42531289974675257,0.019457461401133802
STP_6667,STP,Neves,0.246286,0.249472,0.249495,13035.0,13391.0,14680.0,0.002573951376374728,1.8438263096109964e-05,0.005403504980570295,0.01855060038769163
STP_7773,STP,Santana,0.298014,0.307584,0.307587,12270.0,16462.0,18993.0,0.00634157425556503,1.9506790314149924e-06,0.0605413519737692,0.029016157777109974
STP_7781,STP,Sao Tome,4.9159,5.068802,5.070227,134746.0,124617.0,130846.0,0.006144731482719434,5.621998184413002e-05,-0.015507794568473732,0.009802942217639554
SWZ_5470,SWZ,Mafutseni,2.38773,3.993355,4.511183,23925.0,60000.0,80150.0,0.10833370544613685,0.024685297970844733,0.2018765475541271,0.0596207524172061
SWZ_5522,SWZ,Mahamba,1.038389,1.40058,1.439485,10481.0,11000.0,11198.0,0.061670055739599716,0.005494836375650625,0.009713104672299355,0.0035743564563737174
SWZ_5700,SWZ,Manzini,14.073143,16.618171,17.253654,135985.0,157743.0,328941.0,0.03380451504311166,0.007533678809861444,0.030129485253260757,0.15833340867275192
SWZ_5837,SWZ,Mbabane,9.774067,12.960759,13.596293,109873.0,127453.0,0.0,0.058061774846903,0.009620164742176529,0.030129480094202243,-1.0
SWZ_6733,SWZ,Nhlangano,2.003529,2.621712,2.723288,20379.0,21388.0,21774.0,0.055256096287769285,0.0076314591384882835,0.009711868703212723,0.003583722306410131
SYC_8824,SYC,Victoria,3.598616,3.893469,3.897561,67821.0,76573.0,78045.0,0.015874930201102533,0.00021010984406388822,0.024571555465285888,0.003815470288094591
TCD_1132,TCD,Am Dam Zeribe,0.167572,0.197112,0.202157,10592.0,12534.0,14542.0,0.0330047589937148,0.005067301189480178,0.034242412937566025,0.030165235803241153
TCD_1133,TCD,Am Nabak camp,0.120899,0.275607,0.283502,25500.0,27000.0,27753.0,0.17916208682806145,0.005664631667318565,0.011497274155136239,0.0055165758644795115
TCD_1134,TCD,Am Timan,1.827572,2.368887,2.41271,83262.0,99360.0,116217.0,0.05325606784387049,0.003672802768120098,0.03598376318554353,0.03183823217396342
TCD_1169,TCD,Amboko Camp,0.179597,0.20829,0.215743,12800.0,10100.0,11764.0,0.03008691018081633,0.0070560867012401385,-0.046276945948807824,0.030971662667877764
TCD_1266,TCD,Arada,0.137365,0.309375,0.321733,39711.0,47457.0,55584.0,0.1763100978203722,0.007864337865565396,0.03628184924935174,0.03211930957963438
TCD_1361,TCD,Ati,1.226758,1.679558,1.711229,22884.0,26818.0,30820.0,0.0648470238425185,0.0037432208677188328,0.032235734100274804,0.02820864161275849
TCD_1474,TCD,Baga Sola,0.494896,0.561088,0.562625,10339.0,12287.0,14314.0,0.025423833576279087,0.0005472648241764411,0.035126589626585325,0.03101036392325418
TCD_1487,TCD,Bahay,0.188827,0.266237,0.287242,14487.0,17313.0,20278.0,0.07112674540893793,0.015303553529965486,0.03628395463477729,0.03212086559547833
TCD_1499,TCD,Baibokoum,0.383156,0.441404,0.446143,11693.0,13943.0,16296.0,0.02870802247690918,0.0021380769489236506,0.035824205482107185,0.031679872367065265
TCD_1500,TCD,Ba-Illi,0.551269,0.591162,0.595032,11027.0,13092.0,15238.0,0.01407152448257909,0.001305870726118652,0.03492701691440048,0.03082369886570513
TCD_164,TCD,Ade,0.00976,0.022909,0.02331,18453.0,21836.0,25334.0,0.18607257193509996,0.0034765505512464046,0.03423973889016585,0.03016344758557654
TCD_1745,TCD,Bebalem,0.821085,1.052264,1.079624,13246.0,15843.0,18571.0,0.050865946466614576,0.005146960117701438,0.03645519884897541,0.03228489743160767
TCD_1750,TCD,Bedigri,0.202652,0.332403,0.344857,11973.0,14204.0,16520.0,0.10403491492271288,0.0073834744424121634,0.0347645367073135,0.03067057140145235
TCD_1755,TCD,Bedjondo,0.525318,0.773504,0.782646,15995.0,18975.0,22068.0,0.08045841515775254,0.0023526922834440356,0.034759704271787095,0.030661938358782947
TCD_1761,TCD,Beinamar,0.322644,0.438766,0.442162,11061.0,13230.0,15508.0,0.06341277846627213,0.0015432074034473775,0.0364612990020714,0.032283984864043935
TCD_1782,TCD,Belome Camp,0.283274,0.398743,0.406524,29000.0,30000.0,30000.0,0.07077265396836174,0.0038726531672521602,0.006803348678863008,0.0
TCD_1826,TCD,Benoye,1.43994,1.753251,1.78435,10950.0,13097.0,15352.0,0.04015949976237132,0.003522674977082696,0.03645760296238154,0.03228264716449614
TCD_1833,TCD,Bere,1.750124,1.808971,1.826202,19143.0,22948.0,26957.0,0.0066362293857697985,0.0018978436382122155,0.03692409996685919,0.0327265528495464
TCD_1850,TCD,Bessao,0.379327,0.452876,0.457172,11587.0,13816.0,16147.0,0.03607956955872327,0.0018900499716185681,0.03581516127945994,0.03167261851592151
TCD_1903,TCD,Biltine,1.323597,1.900206,1.944895,35624.0,42573.0,49864.0,0.07500128203131462,0.004659961947279356,0.036282858798999396,0.03212089859291756
TCD_1908,TCD,Binder Urbain,0.220844,0.234521,0.237802,19996.0,23994.0,28212.0,0.012090216104812646,0.0027825157376908383,0.03712691568154858,0.03291894771224091
TCD_1959,TCD,Bitkine,0.74821,1.018287,1.030329,39749.0,43508.0,46508.0,0.06357798233630296,0.0023540394052612434,0.018236316430653154,0.013425222071765441
TCD_2015,TCD,Bokoro,1.019344,1.123924,1.132862,22860.0,27046.0,31373.0,0.019725394608306246,0.0015854636347729656,0.03420197672721237,0.030126598722689968
TCD_2018,TCD,Bol,0.655198,0.914049,0.924097,65184.0,77463.0,90244.0,0.06885645154965792,0.002188965086889816,0.03511990742536364,0.031014575315142956
TCD_2042,TCD,Bongor,2.109589,2.713849,2.803619,62545.0,74684.0,87406.0,0.05166535082621304,0.00652985921235083,0.03611269438709619,0.03195969412634314
TCD_2139,TCD,Bousso,0.463944,0.599215,0.606054,12621.0,14985.0,17442.0,0.05250319478608678,0.002272302924582137,0.0349338602117939,0.030832035917871314
TCD_215,TCD,Adre,1.085451,1.320218,1.350328,19674.0,23412.0,27310.0,0.03993713179571401,0.004520316230181898,0.035402405632535716,0.03128009865082171
TCD_2160,TCD,Bredjing camp,0.134823,0.493941,0.498651,41500.0,49000.0,56729.0,0.2965289485245606,0.0018998775654739397,0.03378350109200201,0.029726310676967183
TCD_25,TCD,Abdi II,0.074519,0.113987,0.143429,18193.0,21649.0,25253.0,0.08872366007106325,0.0470232589431665,0.035396527659869115,0.03127627724600068
TCD_27,TCD,Abéché,9.015026,10.213076,10.399997,124449.0,148091.0,172748.0,0.02526921190525888,0.0036339182529365743,0.035398307914040306,0.03128065789830359
TCD_2815,TCD,Doba,4.314449,4.60739,4.650049,73798.0,87996.0,102847.0,0.013225070554102158,0.0018449440227485958,0.03581851051074891,0.031681729262514446
TCD_2819,TCD,Dodjoré camp,0.081028,0.291256,0.31547,11000.0,13016.0,15100.0,0.2915997499629541,0.01610043432642616,0.03422961830257232,0.030148611435479422
TCD_2853,TCD,Donia,0.363153,0.500573,0.51742,10202.0,12165.0,14218.0,0.06629054174518378,0.006642258911563115,0.035822543747966895,0.031680636338711876
TCD_2864,TCD,Dosseye Camp,0.030723,0.065712,0.070349,27500.0,14500.0,16889.0,0.16422310218915226,0.013730815848112199,-0.12015319425868487,0.030972750583714737
TCD_2875,TCD,Dourbali,0.924513,1.035273,1.068178,25236.0,29963.0,34876.0,0.022888681520139453,0.006277467882844334,0.03493471571883,0.03083290931790983
TCD_31,TCD,Abgadam Camp,0.203944,0.24477,0.247469,21000.0,24850.0,28831.0,0.03716881691413909,0.0021956724721576837,0.03424021252947318,0.030164696444224592
TCD_3181,TCD,Fada,0.362729,0.397607,0.414596,24532.0,29032.0,33686.0,0.01853122725251466,0.00840320473707945,0.03425778800424295,0.030183282074503603
TCD_3198,TCD,Farchana,0.178954,0.427075,0.446775,29000.0,35000.0,52663.0,0.19001530745907003,0.009059888650021275,0.0383266700886169,0.08514434177535479
TCD_3213,TCD,Faya,0.967455,1.04125,1.043459,48647.0,57547.0,66746.0,0.01481025715740425,0.00042393811961338734,0.03417330941059005,0.030102666031688763
TCD_3235,TCD,Fianga,0.846901,0.973168,1.001127,30582.0,36517.0,42737.0,0.028184458103729382,0.005681059408011002,0.036109943213413986,0.031957444229293364
TCD_3319,TCD,Gaga Camp,0.05375,0.501866,0.510256,25800.0,26000.0,26000.0,0.5632983200082406,0.003321385372231811,0.0015456024328908136,0.0
TCD_3578,TCD,Gore,1.214102,1.344016,1.36541,39665.0,47296.0,55278.0,0.020539580161198945,0.003163513990940059,0.03581784979139946,0.03168135495761737
TCD_3591,TCD,Goundi,0.563402,0.694544,0.720551,19350.0,22955.0,26697.0,0.042740581785399634,0.007379229710616775,0.03475912653356561,0.030663824412728413
TCD_3592,TCD,Gounou-Gaya,0.72082,0.869333,0.882817,32050.0,38270.0,44789.0,0.03817810999780824,0.003083078974751352,0.036110525729766474,0.03195932737464613
TCD_3598,TCD,Goz Amer camp,0.419329,0.604112,0.616666,32900.0,38931.0,45168.0,0.07575286856646368,0.0041220598369595685,0.03423667043504541,0.03016563976459996
TCD_3599,TCD,Goz Beida,0.649603,0.977103,0.997902,37000.0,43783.0,50797.0,0.085071770616584,0.004221486243504158,0.034238637739428146,0.03016433360752746
TCD_3626,TCD,Guelendeng,0.880806,1.169413,1.192843,22474.0,26836.0,31407.0,0.05832128464410169,0.003975405030604007,0.03611385540974199,0.03195731591955897
TCD_4087,TCD,Iriba,0.459591,0.565478,0.58067,42424.0,50699.0,59381.0,0.042338644785448354,0.005316325387347609,0.036281048456044296,0.03211864307229706
TCD_4088,TCD,Iridimi camp,0.294183,0.462207,0.470875,23900.0,28562.0,33453.0,0.09457062600820176,0.003722877422108528,0.03628244896831201,0.03211785500386255
TCD_4438,TCD,Kalait,0.267102,0.508368,0.525046,13382.0,15837.0,18376.0,0.13736592568895678,0.006476941861021768,0.03426154691797789,0.030185927590996364
TCD_4556,TCD,Karal,0.391143,0.468516,0.479921,10879.0,12871.0,14930.0,0.03675890155255224,0.0048218387055098955,0.03420030784588679,0.03012399508817154
TCD_4701,TCD,Kelo,4.717389,5.526772,5.585073,74109.0,88841.0,104364.0,0.032176511055515666,0.0021009204864714803,0.036927749853189695,0.032731575236819355
TCD_4719,TCD,Kerfi,0.146204,0.196422,0.200043,17433.0,20629.0,23934.0,0.06083093273623952,0.003660069254358689,0.03423971117763447,0.03016649815099659
TCD_474,TCD,Alaroro,0.544804,0.697555,0.705496,12328.0,14709.0,17201.0,0.05067314930914124,0.0022665122455103326,0.03594835339972824,0.03179664070920207
TCD_5014,TCD,Koukou Angarana,0.144382,0.187467,0.192679,25226.0,29850.0,34631.0,0.053615995399712846,0.0054996200664274575,0.034234899931300244,0.030158711257943116
TCD_5021,TCD,Koumra,2.764205,3.347456,3.377132,45087.0,53487.0,62207.0,0.03903200641962257,0.001766793789798049,0.034759399477248376,0.030666602682843935
TCD_5026,TCD,Kounoungou camp,0.108069,0.230104,0.2353,23000.0,27486.0,32193.0,0.16317378866285503,0.004475970383808647,0.03627910470583573,0.03211949563077776
TCD_5054,TCD,Krim Krim,0.464772,0.514897,0.524044,10556.0,12626.0,14800.0,0.02069522022930026,0.0035279625817334903,0.03646175319974576,0.03228397642880099
TCD_5177,TCD,Kyabe,1.052083,1.219543,1.226,18042.0,21527.0,25175.0,0.029981496969209154,0.0010566857212170877,0.035952317910901366,0.03180396794935203
TCD_5200,TCD,Lai,1.370174,1.511957,1.532706,21413.0,25670.0,30155.0,0.019888614461561982,0.0027297113911946003,0.036930551204753526,0.032729761509377564
TCD_5258,TCD,Lere,0.851892,1.202775,1.22173,32442.0,38929.0,45773.0,0.07142054654371477,0.003132195102564017,0.037129829803265846,0.032921282776810834
TCD_5492,TCD,Magrane,0.179465,0.207983,0.211876,16601.0,19644.0,22790.0,0.02993452117874451,0.0037158572016711133,0.03423477220152926,0.030155723848429794
TCD_5642,TCD,Mandelia,0.472414,0.735816,0.746181,24388.0,28956.0,33704.0,0.09267068974602855,0.0028015391260332034,0.034933574754966834,0.03083362303131887
TCD_5651,TCD,Mangalme,0.303472,0.32257,0.324033,15814.0,17309.0,18502.0,0.012280962782546423,0.0009054487736903649,0.018230375673460752,0.013419693919164644
TCD_5701,TCD,Mao,1.313285,1.556096,1.581402,52552.0,62727.0,73385.0,0.034511875623279176,0.003231545189447793,0.03603172325754245,0.03188323432198614
TCD_5729,TCD,Maro,0.061638,0.069366,0.070771,28732.0,34281.0,40090.0,0.02390490294990344,0.004018548468960992,0.03594697088628851,0.03180235512326379
TCD_5772,TCD,Massaguet,1.075395,1.353626,1.372587,23708.0,28050.0,32539.0,0.04709511847660508,0.0027859460846337836,0.03420727730694195,0.030135294592320783
TCD_5773,TCD,Massakory,0.900294,1.129649,1.157985,39930.0,47243.0,54804.0,0.046433978987551194,0.004967187916957494,0.034207377769498226,0.030136932762528268
TCD_5847,TCD,Mbalkabra,0.349331,0.505285,0.517218,11247.0,13452.0,15768.0,0.07661358548513797,0.004679278301082279,0.03645400177003477,0.032281039615571716
TCD_59,TCD,Abougoudam,0.093251,0.130873,0.137363,15411.0,18339.0,21392.0,0.07013683234913715,0.009726935987416141,0.03540192007511056,0.031276562725011336
TCD_5924,TCD,Melfi,0.280311,0.308788,0.314748,11633.0,12733.0,13611.0,0.019539496411551394,0.0038307910674619805,0.018234486880812195,0.013425572551537535
TCD_6006,TCD,Mile Camp,0.132803,0.270317,0.275048,22600.0,24000.0,24758.0,0.15274459516319072,0.0034760843174648226,0.012093324818910123,0.006238345681699453
TCD_6196,TCD,Moissala,0.754979,0.963387,0.967663,14592.0,17311.0,20133.0,0.049961034191809306,0.0008861295683262327,0.03476437195552817,0.030664381055439893
TCD_6219,TCD,Mongo,1.683864,2.058196,2.091631,50034.0,54765.0,58541.0,0.04096455878898597,0.003228053667712505,0.0182339508184024,0.013424522424360319
TCD_6268,TCD,Moundou,9.605643,10.60709,10.726638,158803.0,189941.0,222652.0,0.020032389734910172,0.002244021049895073,0.036458705176428685,0.03228965730746447
TCD_6272,TCD,Moussoro,1.21937,1.407097,1.435389,34677.0,41011.0,47555.0,0.029052912659755625,0.003989371612362458,0.034121977832407335,0.03005203718708338
TCD_6611,TCD,Ndam,0.029305,0.034869,0.035354,12050.0,14445.0,16968.0,0.035379479605149866,0.0027664912505773742,0.0369220262858585,0.03272008101948942
TCD_6627,TCD,Ndjamena,57.61448,73.405688,74.093312,1210048.0,1610959.0,1991719.0,0.04963816515112418,0.0018665089658185252,0.0589034855498598,0.04334686580815372
TCD_6686,TCD,Ngama,0.580595,0.623905,0.628839,17158.0,20300.0,23548.0,0.014492953712917034,0.0015766714220442068,0.034203194441282836,0.03012896281839894
TCD_6716,TCD,Ngouri,0.343528,0.494332,0.498935,13163.0,15643.0,18224.0,0.07550223390918243,0.0018554132560082426,0.03512556047432325,0.031014402954315345
TCD_7220,TCD,Oum Hadjer,1.034152,1.520499,1.546302,34179.0,40055.0,46033.0,0.0801407542441177,0.003371210481285525,0.032237130062106045,0.028211622371249634
TCD_7228,TCD,Oure Cassoni camp,0.577161,0.819278,0.831181,37500.0,35000.0,40768.0,0.07257300722660331,0.002888988388840996,-0.013703810340970568,0.03098007576413031
TCD_7267,TCD,Pala,2.211543,2.525156,2.605498,63956.0,82000.0,102248.0,0.02687732731141712,0.00628385806653764,0.050960786001822855,0.045124897603827874
TCD_7302,TCD,Peni I,0.328949,0.421025,0.430265,14724.0,17467.0,20314.0,0.05059628993909926,0.004351256061222664,0.03475730798823484,0.030660009980260527
TCD_7693,TCD,Salal,0.016679,0.017798,0.017798,15381.0,18191.0,21094.0,0.01307182870505419,0.0,0.034128245538020074,0.030055139923399032
TCD_7794,TCD,Sarh,5.692832,6.081715,6.182592,109050.0,130112.0,157732.0,0.013303492162446862,0.0032955930536953115,0.035948907018725995,0.0392510967327615
TCD_8515,TCD,Tine Djangarba,1.218573,1.5706,1.596916,16138.0,19286.0,22589.0,0.05206557075590901,0.003328839775617709,0.03628327811244936,0.03212184154950948
TCD_8596,TCD,Touloum camp,0.200561,0.33339,0.339483,30700.0,36688.0,42971.0,0.10698367571308554,0.0036287472673712795,0.03628003804530899,0.03212021604432547
TCD_9061,TCD,Yaroungou camp,0.507654,0.560332,0.57758,13200.0,15740.0,18396.0,0.0199421096171144,0.006081919370203082,0.035824453115019805,0.031676966743177326
TGO_1212,TGO,Anfoin,0.783654,1.060647,1.076672,13772.0,17886.0,52202.0,0.06240303488876231,0.003003642488895286,0.053666669958502,0.23889580724963522
TGO_1216,TGO,Anie,2.858467,3.01445,3.03242,45983.0,50514.0,58030.0,0.010683045584997108,0.001189424465483313,0.018973504594840263,0.028130308790798697
TGO_1337,TGO,Asrama,0.729254,0.85337,0.873415,18603.0,24277.0,28945.0,0.0319334974859764,0.004654317551122666,0.0546841185598157,0.03579952403338016
TGO_1340,TGO,Assahoun,1.511215,1.745765,1.772058,15234.0,15825.0,18471.0,0.029276139910247467,0.0029942193510401616,0.007641285965693578,0.03140525053934162
TGO_1351,TGO,Atakpame,6.207292,6.789355,6.852791,90711.0,103392.0,116724.0,0.01808788239787229,0.0018617449238937933,0.026515227942534025,0.02455350909584375
TGO_1374,TGO,Attitogon,0.574584,0.71592,0.721091,16707.0,19157.0,22557.0,0.04496608007852676,0.00144041921629956,0.02774602401870041,0.03321515587053847
TGO_1462,TGO,Badou,0.594028,0.761748,0.783787,12923.0,20474.0,20697.0,0.05099555986148596,0.005720601994361196,0.09639708176469619,0.0021689435092648868
TGO_1469,TGO,Bafilo,1.294186,1.435499,1.450077,19088.0,20239.0,21202.0,0.02094239720431723,0.002022870149496425,0.011779148301853226,0.009340165782365295
TGO_1705,TGO,Bassar,1.957415,2.26241,2.30637,31926.0,34308.0,36606.0,0.02938463125624846,0.0038562649652675862,0.014495624849794275,0.013051152105844954
TGO_173,TGO,Adeta,1.559785,1.326117,1.3551,32895.0,21133.0,23253.0,-0.0319374476693326,0.004333387925073318,-0.08469411969134932,0.01930362264477492
TGO_196,TGO,Adjengre,0.953131,1.129358,1.148912,17382.0,20617.0,23717.0,0.03451265465754183,0.003439115818580696,0.034725483325353634,0.028411339272148783
TGO_1969,TGO,Blitta,1.1562,1.336778,1.349801,15983.0,16866.0,18228.0,0.029450016488300257,0.0019408676951886417,0.010812861724702083,0.015653068112868374
TGO_221,TGO,Afagnagan,1.478192,1.682879,1.703241,35219.0,33854.0,40520.0,0.02627655741745616,0.002408273130831029,-0.007874541853243544,0.0366016346668776
TGO_2492,TGO,Cinkassi/Cinkanse [TGO],2.783648,3.277552,3.338662,40336.0,40801.0,47533.0,0.03320632183676642,0.0037014988174557395,0.002295073752648591,0.031014762082656633
TGO_2609,TGO,Dapaong,7.881092,9.664255,9.865128,84269.0,104976.0,123664.0,0.04163699664830989,0.004122893260035898,0.04492335465752251,0.03331005128267628
TGO_2640,TGO,Datcha,0.486679,0.527508,0.5413,10320.0,11994.0,13778.0,0.016242348384524208,0.005175270223915396,0.030521054968797312,0.028121466868221034
TGO_285,TGO,Ahépé,1.461867,1.688066,1.715249,29622.0,30814.0,32532.0,0.02919178740600703,0.003200062231555556,0.007921571661689608,0.010910103441120533
TGO_2936,TGO,Dzrekpo,0.796817,0.983772,0.99682,12672.0,16715.0,18624.0,0.043054913603574274,0.002638685047490208,0.05694464643543973,0.02186451074394502
TGO_3538,TGO,Glei,1.259944,1.404775,1.420539,19240.0,22596.0,25958.0,0.022000493252880116,0.0022343383106959713,0.0326788909498148,0.028129764947765423
TGO_3540,TGO,Glidji,0.96068,1.165335,1.186185,10454.0,15363.0,0.0,0.03938012547039471,0.003553032225536379,0.08003718183829123,-1.0
TGO_3635,TGO,Guerin Kouka,0.830872,1.01577,1.049067,18504.0,19744.0,22607.0,0.04100364864692496,0.006471701978477906,0.013057053049599032,0.02745203909819738
TGO_3711,TGO,Hahotoé,1.935652,2.101322,2.121233,22796.0,23516.0,23763.0,0.016560113401395293,0.0018879505225837256,0.006238571039987928,0.0020919267540668862
TGO_413,TGO,Aklakou,0.921478,0.942825,0.947094,19330.0,20067.0,21915.0,0.0045908628214723635,0.0009039406312327802,0.00751174900771856,0.01777506078643576
TGO_4261,TGO,Kaboli,0.91191,1.080812,1.108487,12981.0,16767.0,19531.0,0.03456941675327996,0.005069488986945592,0.05251778448963185,0.030988504975970388
TGO_4271,TGO,Kabou,0.76478,0.911347,0.937429,11996.0,13091.0,13967.0,0.03568920412962573,0.005659413674685698,0.01762384107866799,0.013038759497740582
TGO_4503,TGO,Kante,0.839705,1.020015,1.053049,14641.0,18033.0,19926.0,0.03967108059862823,0.006394846820851008,0.04255613535324798,0.020165021280584172
TGO_4550,TGO,Kara,9.821229,12.121451,12.398005,143103.0,145352.0,177357.0,0.04298426032450253,0.004521969309959184,0.0031236155712257574,0.04060393644008742
TGO_4732,TGO,Ketao,1.183619,1.258888,1.266731,17180.0,17857.0,18219.0,0.012406752534857013,0.0012429267209113082,0.007759887402845722,0.004021949892927035
TGO_4994,TGO,Korbongou-Centre,0.893543,1.054113,1.090685,11633.0,12078.0,13579.0,0.033604383498337054,0.006844574605803899,0.007536201104167972,0.02370435915175828
TGO_5034,TGO,Kouve,1.097695,1.228137,1.255372,21733.0,23406.0,24710.0,0.0227112326107608,0.004396346898931869,0.014942653015830754,0.01090212377344657
TGO_5038,TGO,Kpalime,6.07147,6.904065,6.991386,102763.0,109089.0,125403.0,0.026035066087276126,0.0025168522248419922,0.012019398696522687,0.028265803890245467
TGO_5043,TGO,Kpekpleme,0.515053,0.65206,0.65968,10728.0,11232.0,12268.0,0.04830372186170617,0.002326359129208644,0.009224223589541447,0.017802081017497917
TGO_5044,TGO,Kpele-Ele,0.200358,0.270022,0.277987,11748.0,14167.0,15588.0,0.06149631871319472,0.005831117734323543,0.03815641333503472,0.019301118196789036
TGO_5208,TGO,Lama-Bou,0.632154,0.94617,1.002233,16094.0,18642.0,0.0,0.08399993636631442,0.011579232783520021,0.029830384648950048,-1.0
TGO_5317,TGO,Lomé,107.189808,116.753296,117.313704,1733330.0,2705698.0,3413888.0,0.017239302334943973,0.0009581487447301029,0.09314963316795888,0.04759638155548407
TGO_5653,TGO,Mango,1.473826,1.740724,1.766401,27402.0,32508.0,36860.0,0.03384811604763294,0.002932897469846152,0.03476468346050865,0.025446520892508984
TGO_6743,TGO,Niamtougou,1.766299,2.22121,2.267546,13577.0,14189.0,14323.0,0.046899709737888706,0.004137756375651946,0.008856959175069345,0.0018816922195674657
TGO_6849,TGO,Notse,2.820045,3.387306,3.452683,58713.0,70629.0,84208.0,0.037336545893974504,0.00383065723860998,0.037647292299920476,0.035795593414181814
TGO_7259,TGO,Pagala-Gare,0.729289,0.987746,1.005117,12275.0,13406.0,14488.0,0.06254938267813026,0.0034928161058307428,0.017783820852512067,0.01564478862327645
TGO_8149,TGO,Sokode,7.908648,8.533983,8.616339,115759.0,128517.0,140536.0,0.015336281747732938,0.0019226643036971414,0.021130298464306696,0.018041311637490454
TGO_8180,TGO,Sotouboua,1.836669,1.958924,1.988775,28183.0,32968.0,37925.0,0.012971760315958036,0.0030292847168003068,0.0318607099282604,0.02841072609312678
TGO_8257,TGO,Tabligbo,1.779108,2.316693,2.358941,33717.0,36739.0,45380.0,0.05422481520106115,0.003620950210888152,0.01731554564972182,0.04315160859217948
TGO_8267,TGO,Tado,0.442559,0.480811,0.485283,11984.0,12524.0,13679.0,0.016718307090107798,0.00185330814141893,0.00885384075909501,0.01779955843370762
TGO_8409,TGO,Tchamba,1.835065,2.337837,2.361042,30324.0,42198.0,51856.0,0.049621106335449694,0.0019773331711347986,0.06831930403734465,0.04208088384375386
TGO_8413,TGO,Tchekpo-Dedekpoe,0.418584,0.51495,0.532633,10774.0,11521.0,12163.0,0.04230899990779169,0.006775414584225148,0.013497405088188641,0.010904444672419134
TGO_8550,TGO,Tohoun,0.430087,0.483608,0.502445,10819.0,11249.0,12286.0,0.023734718899056206,0.007671580939895062,0.007825538335045845,0.017792670048210946
TGO_8623,TGO,Tsévié,15.418244,22.432084,22.660032,161486.0,181001.0,0.0,0.07787138275969663,0.002024128244064949,0.023079115672858252,-1.0
TGO_8887,TGO,Vogan,1.923134,2.192844,2.210268,27145.0,27997.0,36650.0,0.026596166433918045,0.0015841421638622677,0.006200040015575725,0.0553402358271573
TGO_8924,TGO,Wahala,0.412839,0.528108,0.542095,24550.0,30323.0,36152.0,0.05048149356350051,0.005241781232795173,0.04314368651254963,0.035790760000911304
TZA_1302,TZA,Arusha,49.090608,52.9626,53.790416,833507.0,1004897.0,1159934.0,0.015299511447155245,0.0031066769404932693,0.038107813002026036,0.029111297306047224
TZA_1446,TZA,Babati,3.034021,3.802852,3.863352,68123.0,43588.0,43841.0,0.04620831717955065,0.003161765645972814,-0.08543487721247423,0.0011581840745555905
TZA_1476,TZA,Bagamoyo ,2.286987,2.390413,2.406467,46727.0,79145.0,102927.0,0.008885427852076688,0.0013396049590181924,0.11114597361017897,0.053952810390007544
TZA_1477,TZA,Bagamoyo ,2.009257,3.243125,3.393023,56370.0,64543.0,102508.0,0.10048883201238179,0.009077733618522599,0.027448878894987594,0.09693709313269605
TZA_1667,TZA,Barabarani,0.410898,0.475743,0.496242,20909.0,21130.0,30623.0,0.029740219949368818,0.008472877048909089,0.0021050411624994325,0.0770345804641861
TZA_1685,TZA,Bariadi,2.178041,2.496119,2.524182,49293.0,59886.0,76379.0,0.027637270791016855,0.0022384865167275336,0.03969992135413469,0.04985599471079327
TZA_1883,TZA,Biharamulo Mjini,0.676173,0.900952,0.908225,27019.0,29704.0,37126.0,0.0590799974438756,0.0016093262201786196,0.019128936815205,0.045617022354504266
TZA_2185,TZA,Bugarama,1.05978,1.40295,1.420887,26944.0,17079.0,19927.0,0.05770679603920126,0.0025440630347386417,-0.08714862566856063,0.0313258335045139
TZA_2189,TZA,Bugogwa,0.930799,1.094619,1.109085,40796.0,42052.0,50270.0,0.03295503009402112,0.0026292491371688875,0.006083008874340212,0.03634521350152542
TZA_2201,TZA,Bukoba,6.818053,7.371528,7.482207,165878.0,162459.0,185322.0,0.01573268873219491,0.0029850043253547565,-0.004156720054795504,0.026683637361373247
TZA_2224,TZA,Bunda,3.892837,4.591476,4.653867,79459.0,87159.0,100121.0,0.033563633020313954,0.0027030358107131836,0.01867073284945575,0.0281171128335318
TZA_2230,TZA,Bungu,0.735272,0.844692,0.884774,19973.0,16451.0,18119.0,0.02813482691317093,0.009315154749354404,-0.038055977971597654,0.019502709968120202
TZA_2239,TZA,Bupandwamhela,0.365309,0.484883,0.493994,16073.0,20165.0,22576.0,0.058267154762053464,0.003730088858780567,0.0464060846525256,0.02284482920395603
TZA_2285,TZA,Butiama 1,0.5067,0.687606,0.703113,20689.0,17299.0,19631.0,0.06296202823329033,0.0044702858713849825,-0.03515777878190862,0.025614813286675142
TZA_2302,TZA,Bwanga,0.77675,0.889763,0.902879,13525.0,25128.0,29940.0,0.027539713624969986,0.0029309692205856663,0.13188975730725905,0.035663747756366826
TZA_2359,TZA,Chake Chake,1.484643,1.553238,1.574976,46525.0,40046.0,43546.0,0.009074414077447912,0.0027835167831100627,-0.029546898724263193,0.01689901120452486
TZA_2360,TZA,Chala,0.394881,0.411434,0.41497,14862.0,15147.0,17879.0,0.008246650777866238,0.0017129874955430502,0.0038061998124001573,0.033720954192770325
TZA_2362,TZA,Chalinze,1.260752,1.733148,1.760704,37504.0,31821.0,36632.0,0.06571529046872193,0.00315984601078223,-0.03233006776925418,0.028559361715784437
TZA_2369,TZA,Chanika,1.534393,1.650242,1.675088,41679.0,34005.0,38255.0,0.014663891369449678,0.0029932222477488946,-0.039880925660215505,0.02383291013959865
TZA_2375,TZA,Chato,1.581818,1.806283,1.834093,41922.0,32643.0,37755.0,0.02689456730625972,0.0030604614335525415,-0.04880487833721869,0.02952496406956251
TZA_2427,TZA,Chimala,1.428493,1.498045,1.506977,27247.0,21128.0,24621.0,0.009553522769154776,0.0011896536212401276,-0.04959669192593419,0.031073108151582485
TZA_2451,TZA,Chiwezi,1.299638,1.521781,1.529708,27196.0,10337.0,12389.0,0.03206238835369346,0.0010396416630298333,-0.17590382810271477,0.03687964121518239
TZA_2622,TZA,Dar es Salaam,214.16648,227.163936,229.688976,5325879.0,5601592.0,6886347.0,0.011853357864219483,0.0022132804282455343,0.010145737432852187,0.042162605540172926
TZA_2821,TZA,Dodoma,25.209838,29.222864,29.584068,267470.0,373529.0,464301.0,0.029984156705540776,0.0024599320008218406,0.06907912490738499,0.04446780759881541
TZA_2902,TZA,Dumila,1.324825,1.445353,1.448508,22845.0,14631.0,16676.0,0.017567160364702072,0.0004361908593917274,-0.08526231870987677,0.026510923504137418
TZA_3108,TZA,Endasak,0.660991,0.856323,0.868914,18275.0,22176.0,25374.0,0.05314558765732191,0.002923568239243446,0.039453738246600034,0.027309122158470256
TZA_3157,TZA,Etaro,1.367164,1.539414,1.582437,20146.0,28006.0,28016.0,0.024016521381592604,0.005528071565840564,0.06810131800321573,7.140307106001664e-05
TZA_3323,TZA,Gairo,1.71881,1.968085,1.980488,52260.0,44741.0,51426.0,0.027455913160515877,0.0012572477203514065,-0.030590533774904727,0.028242171618536593
TZA_3713,TZA,Hai Mjini,4.276981,4.65042,4.729738,48646.0,22390.0,23102.0,0.016882963438912046,0.0033881813035701036,-0.14374840868773853,0.006280593383718669
TZA_3789,TZA,Hedaru,0.952002,1.151447,1.168971,19472.0,12323.0,13281.0,0.038774352680828406,0.0030254599651047265,-0.0874405274552773,0.015086064482264128
TZA_3899,TZA,Ifakara,6.141617,6.363897,6.418933,91028.0,100138.0,109227.0,0.007135912750569018,0.001723679622295693,0.01925953402349534,0.01752764771464932
TZA_3914,TZA,Igala,1.189548,1.317669,1.324528,39664.0,41998.0,45966.0,0.020668875509854745,0.0010389199253162396,0.011501241046682376,0.018219994025687525
TZA_3945,TZA,Igowole,1.52408,1.888186,1.928443,29236.0,24568.0,25122.0,0.04377622863568531,0.004228186013390367,-0.03419295267967726,0.004469794488694001
TZA_3948,TZA,Igunga,2.092829,2.745031,2.806613,55866.0,23722.0,26382.0,0.05575391784911843,0.00444706901412717,-0.15744017949161637,0.021483328324838347
TZA_3950,TZA,Igurusi,1.258166,1.333782,1.344821,24196.0,19791.0,21811.0,0.01174107375791733,0.0016498400604083585,-0.039395022653336165,0.019627564887825244
TZA_4005,TZA,Ikwiriri,1.733742,1.896822,1.924788,34318.0,16499.0,19063.0,0.018142160428041176,0.0029314839444314345,-0.1362518493477224,0.029311263232589813
TZA_4035,TZA,Ilula,1.449314,1.628444,1.636918,27329.0,20708.0,22217.0,0.0235806521195705,0.001038588526641293,-0.05397441238815481,0.01416694586641487
TZA_4089,TZA,Iringa,8.661864,9.124027,9.226794,134355.0,160753.0,215501.0,0.010450493267120109,0.0022425866278341644,0.0365280294947552,0.06037148565001238
TZA_4096,TZA,Isagehe 2,0.631984,0.821405,0.839241,14585.0,11129.0,13639.0,0.053829257547930665,0.004305567088166429,-0.0526511292044457,0.041514396412178245
TZA_4097,TZA,Isagehe 1,0.830912,1.019476,1.046637,11518.0,16686.0,20450.0,0.04175212505675274,0.00527253054300969,0.07694874130234175,0.041521440417720434
TZA_4098,TZA,Isaka,0.980462,1.258311,1.275725,23072.0,21482.0,25065.0,0.05116633935388082,0.002752641363881647,-0.01417938914587924,0.03133225210997925
TZA_4135,TZA,Itewe,1.252665,1.317982,1.33444,25577.0,21899.0,27723.0,0.010217545678632423,0.002485072538954247,-0.03057339127507397,0.0482942128784678
TZA_4137,TZA,Itigi,1.462068,1.821576,1.826586,23348.0,38728.0,49142.0,0.04495104529860705,0.0005494689593401603,0.10650932180406492,0.04878278856369067
TZA_4273,TZA,Kabuku,0.771905,0.881222,0.897428,13068.0,14392.0,17076.0,0.026843587566530935,0.0036513126058694834,0.019488672958648756,0.0347918490364294
TZA_4403,TZA,Kagongwa,1.645817,1.845644,1.858144,22813.0,27655.0,33894.0,0.023182911517213967,0.0013508860257838151,0.03924573883075233,0.041525320324699244
TZA_4405,TZA,Kahama,12.786236,14.215861,14.339063,131939.0,130152.0,159515.0,0.021424076126007607,0.0017273257606058579,-0.002723623460402669,0.041526049259111186
TZA_4441,TZA,Geita,6.553984,7.830502,7.927495,107975.0,146305.0,184040.0,0.03623163242068239,0.0024651287212971162,0.06264252392914749,0.046961257958746394
TZA_4452,TZA,Kalinzi,1.496909,1.514748,1.554775,29473.0,27231.0,27810.0,0.0023721637679643415,0.005229979270387153,-0.015699174774370772,0.004216793365154237
TZA_4455,TZA,Kaliua,1.098714,1.323977,1.33537,18639.0,28399.0,35408.0,0.0380043091764426,0.0017151334111953354,0.08786771406693061,0.045104384608666725
TZA_4500,TZA,Kanazi,0.82316,0.893826,0.905995,23953.0,21156.0,22312.0,0.016608519698826596,0.0027081929281731476,-0.024528177724910116,0.010697027864967179
TZA_4565,TZA,Karatu,2.542179,3.20281,3.243639,62991.0,32112.0,35615.0,0.04728530506229611,0.002536671563510673,-0.1260677411769936,0.020923307293027493
TZA_4590,TZA,Kasamwa,0.830889,0.97911,0.993822,26466.0,29333.0,36898.0,0.033374392559468724,0.002987277127187493,0.02078348434833943,0.04695802189678622
TZA_4596,TZA,Kaseke,0.772452,0.78021,0.784688,34012.0,16898.0,18533.0,0.0020006472890725657,0.001145269787398151,-0.13055797734497243,0.01864318502115947
TZA_4602,TZA,Kashasha,0.350114,0.467243,0.472449,12118.0,16044.0,18097.0,0.05941633577155225,0.002218525223427026,0.057733698991175864,0.024374565294365214
TZA_4603,TZA,Mpanda,5.882398,6.691866,6.725253,89850.0,183192.0,242304.0,0.026120977327182437,0.0009958528491209595,0.15312844293679317,0.05752542118660009
TZA_4618,TZA,Kasulu Mjini,4.425075,4.992024,5.057093,104885.0,68587.0,79580.0,0.024403858832517278,0.002593431847457195,-0.08144390141663571,0.030178366408654123
TZA_4640,TZA,Katesh,0.881044,1.206153,1.222205,17946.0,15296.0,17502.0,0.06483167326284245,0.002647628498806398,-0.03145000704311418,0.027311053315220768
TZA_4651,TZA,Katoke ,0.521174,0.573948,0.582695,11922.0,19862.0,22403.0,0.019478241164839982,0.0030295986832893362,0.10747714387183338,0.02436950268661242
TZA_4653,TZA,Katoro,4.952315,6.26258,6.287863,107518.0,62133.0,63385.0,0.04806689959386512,0.0008061300637769442,-0.10387575141908878,0.003997968966454879
TZA_4668,TZA,Kayanga,0.88056,1.210502,1.246873,33926.0,27362.0,31597.0,0.06571557183390975,0.005938295681865879,-0.042093685427508576,0.029199584769765474
TZA_4678,TZA,Kazumarimba,0.871276,0.911538,0.916299,24179.0,40265.0,44162.0,0.009075833660350474,0.0010424325259776879,0.10738305477798793,0.018648162218925624
TZA_4693,TZA,Kisumu/Mbale/Busia/Sirari [TZA],0.06786,1.665201,1.720976,234488.0,35684.0,40024.0,0.8965773582040424,0.006610903164518511,-0.31376860728274014,0.023220875277792263
TZA_4711,TZA,Kengeja,0.609415,0.656251,0.677095,18188.0,18570.0,19563.0,0.014918964543281676,0.006273244958104884,0.004165720472701029,0.01047299220335507
TZA_4772,TZA,Kibaigwa,1.351,1.938123,1.955716,26357.0,18564.0,21148.0,0.0748434080014424,0.0018089116803954308,-0.0677012184369915,0.026406865694228232
TZA_4776,TZA,Kibara,1.042954,1.32884,1.364457,36645.0,34546.0,38998.0,0.04964274345293185,0.005304050148088546,-0.011727732515949607,0.024539987017024867
TZA_4778,TZA,Kibaya,1.22807,1.454528,1.4665,21455.0,23451.0,28407.0,0.03442686902016501,0.0016407766165495996,0.017950287961822742,0.03908912824054234
TZA_4783,TZA,Kibiti,0.885363,1.003137,1.029207,16171.0,19506.0,21484.0,0.025292489703194754,0.005144490264105128,0.03821253611208575,0.019505058023545185
TZA_4788,TZA,Kibondo Mjini,1.323472,1.453711,1.463363,42233.0,28057.0,31715.0,0.018949507698057477,0.0013243990913414105,-0.07853708804444604,0.024813167100625755
TZA_4796,TZA,Kidatu,1.171408,1.198306,1.210288,34972.0,29744.0,35806.0,0.004550813382843577,0.001991872152769192,-0.03186531314150631,0.03779431419839896
TZA_4798,TZA,Kidodi,1.359234,1.441938,1.456974,39366.0,50840.0,57949.0,0.011883400433563063,0.002076881750939563,0.052487267744218524,0.026521573084164807
TZA_4805,TZA,Kigoma,13.370337,13.973053,14.039506,272713.0,251557.0,288918.0,0.008857415326403828,0.0009493550871206846,-0.016020358056636708,0.028081723417937354
TZA_4820,TZA,Kilindoni,0.886753,0.92226,0.94335,19542.0,20362.0,22597.0,0.007883049438118794,0.004532277881724944,0.008254768893863229,0.02104779198575657
TZA_4826,TZA,Kilosa,1.247389,1.301277,1.321961,24067.0,29326.0,44908.0,0.008494580582002031,0.0031590092315398888,0.04031814747003648,0.0889656400410952
TZA_4835,TZA,Kilimahewa,0.644323,0.749205,0.760794,19042.0,24503.0,30267.0,0.03062199460100068,0.0030747133504205326,0.051722923197939474,0.04315783264460937
TZA_4876,TZA,Kirando,0.839949,0.86517,0.869894,13727.0,13536.0,13634.0,0.005934508577796205,0.0010896623973952746,-0.002798455683425405,0.0014438153145011068
TZA_4893,TZA,Kisarawe,0.372999,0.404071,0.416797,12631.0,11975.0,13303.0,0.016131706649629818,0.006221008115017579,-0.010609906921872692,0.021256453185659607
TZA_4908,TZA,Kitama,0.841793,0.914484,0.919899,13340.0,11303.0,12044.0,0.01670312930494333,0.0011814793233171361,-0.03259666639434056,0.012780670161578911
TZA_4909,TZA,Kitanga,0.729539,0.916858,0.922194,22494.0,21756.0,24584.0,0.04676866373782618,0.001161274975390203,-0.006649598007224866,0.024742384343699575
TZA_4925,TZA,Kiwira,0.828139,1.749869,1.783986,27396.0,36536.0,0.0,0.16139635843638978,0.003869318278394207,0.05927023312331792,-1.0
TZA_4975,TZA,Konde,0.328681,0.41618,0.423328,14156.0,19206.0,22059.0,0.0483379829183288,0.003411693281395456,0.06291680669610233,0.028086790816250096
TZA_4976,TZA,Kondoa Mjini,2.153153,2.341316,2.371272,31436.0,35702.0,39038.0,0.016897145745492725,0.00254590644632402,0.02577722682730821,0.01802631166115276
TZA_4983,TZA,Kongwa,1.133878,1.278954,1.299272,14403.0,15337.0,17471.0,0.024372047351544746,0.0031572840062850105,0.012645626492061801,0.026397225075354136
TZA_5000,TZA,Korogwe,2.911611,3.334306,3.399316,55588.0,54995.0,61050.0,0.02748246865131887,0.003869401509095871,-0.0021427168208459912,0.021109913019836446
TZA_5078,TZA,Kukirango,0.555942,0.764,0.779143,26378.0,25472.0,28906.0,0.0656455474632629,0.0039330760298690315,-0.006965729996957548,0.025616479564134043
TZA_5180,TZA,Kyela Mjini ,4.15068,4.670137,4.739239,116990.0,89178.0,98120.0,0.023863529987702803,0.0029419524442684253,-0.05284338349489881,0.019295160585945936
TZA_5193,TZA,Laela,0.735216,0.773151,0.778427,14579.0,20208.0,24326.0,0.010112799962312735,0.0013610943444608559,0.06747845761522564,0.03778998150711654
TZA_5282,TZA,Lindi,2.110531,2.228583,2.247727,48515.0,37123.0,38712.0,0.01094473675395613,0.0017121692671220323,-0.052119899481183674,0.008417813385023898
TZA_5292,TZA,Liwale Mjini,2.263848,2.782056,2.815598,30722.0,16369.0,18693.0,0.04208638241446794,0.0023997647814233414,-0.1183128063735962,0.026907608116157444
TZA_5401,TZA,Lushoto,1.473192,2.455784,2.53681,43482.0,37457.0,48034.0,0.10760820108683333,0.006513385972415131,-0.029390146596523836,0.05100105638859165
TZA_5404,TZA,Lutale,0.964279,1.197643,1.242126,23088.0,46751.0,62803.0,0.04429917359635782,0.007320458306803612,0.15154501127725983,0.06081071305340413
TZA_5437,TZA,Madaba,0.79838,0.90035,0.92346,12785.0,10770.0,11596.0,0.02433106538625429,0.005081649727466386,-0.03371999209384813,0.014888895538069935
TZA_5469,TZA,Mafinga,6.194902,6.973701,7.090426,53697.0,37490.0,47701.0,0.02396656591580748,0.003325386783756823,-0.06933563848845825,0.04935493342166719
TZA_5488,TZA,Magomeni,0.295051,0.322347,0.324925,12875.0,10073.0,0.0,0.017853579713694945,0.0015944260293991874,-0.04790053910491665,-1.0
TZA_5494,TZA,Magu Mjini,2.104663,2.261959,2.294013,53603.0,33951.0,38336.0,0.014519578264043709,0.0028182505567537763,-0.08729023966385263,0.02459172766427664
TZA_5495,TZA,Magugu,1.253433,1.447997,1.461473,36047.0,14048.0,15301.0,0.029279463104382453,0.0018544391674872873,-0.17177359097573996,0.01723445844069671
TZA_5534,TZA,Mahuta,0.936738,0.977665,0.982317,21276.0,12709.0,13542.0,0.00858936838784663,0.0009498490780344149,-0.09792160889400214,0.012778063217382174
TZA_5555,TZA,Makambako,6.479226,7.150079,7.190647,64987.0,91203.0,109157.0,0.019899883820865272,0.0011321900798948459,0.070129969881908,0.036593529091276666
TZA_5567,TZA,Makere,0.499692,0.632806,0.634102,19560.0,10417.0,11771.0,0.04836771546476215,0.000409269067818796,-0.11839354220114662,0.02474106225483519
TZA_5576,TZA,Makongorosi,0.719848,0.795861,0.798613,19660.0,25938.0,32836.0,0.02027979017385184,0.0006906234713597303,0.05698930865847185,0.04829316032407749
TZA_5611,TZA,Malindi,1.977598,3.400632,3.451453,57829.0,53100.0,98475.0,0.11451091112616374,0.0029712063295777025,-0.01691794704699645,0.131478467794232
TZA_5697,TZA,Manyoni,2.212123,2.274087,2.291307,27344.0,33441.0,39279.0,0.005540485084164493,0.0015098875222792074,0.04107841472465257,0.032704889714308516
TZA_5703,TZA,Maposeni,1.087812,1.169148,1.178123,16018.0,18151.0,20988.0,0.014525877710532376,0.0015306133203931704,0.025317697290231145,0.0294709587878641
TZA_5712,TZA,Maramba,0.346776,0.39914,0.407716,11720.0,13457.0,14215.0,0.02852592750067573,0.004260775614437717,0.028026069885388027,0.011019942809003203
TZA_5746,TZA,Masama,6.342182,7.390239,7.507369,114135.0,116347.0,0.0,0.03106004244325966,0.003149949912077954,0.00384640788187518,-1.0
TZA_5750,TZA,Masasi,4.842525,5.11109,5.165776,63864.0,41239.0,45607.0,0.010853761260621875,0.0021307958438760988,-0.08375756505744059,0.020339444430604203
TZA_5781,TZA,Matai,0.564538,0.706802,0.712452,17984.0,14349.0,16073.0,0.045974068799358614,0.0015936628042187984,-0.04415588998871267,0.022951543146248587
TZA_5796,TZA,Matema,2.014214,2.34629,2.440051,69068.0,57167.0,62637.0,0.03099181125782602,0.007867504130089298,-0.03711658947747265,0.018443895551333078
TZA_5799,TZA,Mateves,0.627481,1.703669,1.737657,16972.0,17716.0,20461.0,0.22111601818884496,0.0039585129722181644,0.008617571058059381,0.029229526524032323
TZA_5802,TZA,Matongo ,1.565044,1.926029,1.955628,35005.0,25798.0,29837.0,0.04238284174111828,0.0030548564128807243,-0.05921325195851879,0.02951771313576046
TZA_5849,TZA,Mbamba Bay,0.958553,1.091073,1.126606,19056.0,18583.0,20665.0,0.026236685534163806,0.006430176893431838,-0.005014351618035207,0.02146600245002861
TZA_5865,TZA,Mbeya,30.422802,32.283182,32.630246,530432.0,448367.0,485120.0,0.011941541715897008,0.0021409357648904948,-0.03305719785663752,0.015881631465198387
TZA_5869,TZA,Mbinga Mjini,2.853877,3.270668,3.288846,40382.0,42267.0,48075.0,0.02763820552288898,0.0011091142079728833,0.009166254871461277,0.026085555139001126
TZA_5874,TZA,Mbomai,32.436708,37.543356,37.867772,454194.0,441922.0,448533.0,0.029672855878437154,0.001722277858944743,-0.0054632267254000055,0.002974186436463855
TZA_5881,TZA,Mbuguni,0.780877,0.892709,0.927152,17513.0,14694.0,15934.0,0.027130100001142576,0.007600107718257032,-0.034491953397670194,0.01633517230276893
TZA_5883,TZA,Mbulu Mjini,1.392822,2.014634,2.077263,34712.0,38849.0,41799.0,0.07661421134145585,0.006141506315346712,0.022774852886352948,0.014745676293119736
TZA_5981,TZA,Mhonda,0.679403,0.790721,0.814786,21842.0,22133.0,24621.0,0.030811280541459984,0.0060140752893447225,0.0026505035269144273,0.02153459950152259
TZA_6003,TZA,Mikumi,1.020435,1.106397,1.116018,21438.0,14918.0,17003.0,0.01630749566462808,0.0017331407540297494,-0.06995220543247804,0.02650954118900417
TZA_6069,TZA,Mirerani,1.642503,1.704522,1.728318,29774.0,19260.0,19260.0,0.0074402262886053006,0.002776640085238702,-0.0834338381482439,0.0
TZA_6073,TZA,Misasi,0.477446,0.595321,0.606295,18122.0,14447.0,16630.0,0.045118146909479684,0.003659863089388038,-0.04431601275364838,0.0285440952298599
TZA_6087,TZA,Misungwi,1.417673,1.721494,1.757572,33598.0,27635.0,31813.0,0.03959908608880247,0.004156774056115475,-0.03832304586117452,0.02855857997619915
TZA_6145,TZA,Mkata,0.691909,0.807178,0.823028,17107.0,20195.0,23962.0,0.03129774314281808,0.0038967743605338168,0.03374637687105264,0.03479862093406161
TZA_6148,TZA,Mkoma,0.844337,1.016226,1.037412,18445.0,16786.0,54064.0,0.037755147375454934,0.004135203432722889,-0.018673081892664034,0.2635492989616457
TZA_6153,TZA,Mkuranga,1.129943,1.324585,1.366868,38884.0,39638.0,48962.0,0.03229698597953812,0.00630434695332327,0.003848466230016223,0.04315653534939323
TZA_6157,TZA,Mkwajuni 1,2.63125,2.878547,2.96116,78049.0,83773.0,95648.0,0.018127674135213212,0.00567512897800504,0.014255438375641472,0.026867396467880722
TZA_6158,TZA,Mkwajuni 2,0.558004,1.033679,1.038901,16595.0,20982.0,25168.0,0.13122677590705822,0.001008336156713252,0.048030508278048556,0.03705159675600722
TZA_6159,TZA,Mlandege,1.904701,2.082852,2.095984,29429.0,24689.0,0.0,0.01804346481766017,0.0012577952528813885,-0.03451484866908927,-1.0
TZA_6160,TZA,Mlandizi,2.132139,2.185137,2.196072,18478.0,48507.0,0.0,0.004922641711322839,0.0009988551607233997,0.21291366958465296,-1.0
TZA_6161,TZA,Mlimba,1.424861,1.674298,1.695543,40895.0,45364.0,54610.0,0.032790065564380244,0.002524996560175685,0.020958821215915524,0.03779641699202685
TZA_6162,TZA,Mlowo,2.661372,3.285934,3.336011,58335.0,24958.0,27115.0,0.04306326504538949,0.0030295493670782214,-0.15616775740302868,0.01671672011719738
TZA_6217,TZA,Monduli,0.879107,1.029683,1.054725,16032.0,11233.0,13264.0,0.03212515039540098,0.004817382768747658,-0.06867424975227832,0.03379815049923507
TZA_6243,TZA,Morogoro,18.982516,21.251844,21.72562,345548.0,388101.0,456632.0,0.022842038131091424,0.0044194453143113765,0.02349865344022528,0.033057074650904905
TZA_6252,TZA,Moshi,31.77002,33.761376,34.524392,479698.0,510156.0,678652.0,0.012233089438983269,0.004479736457591699,0.012388068658467866,0.05873879457694664
TZA_6298,TZA,Mpuguso,0.446519,0.70705,0.755309,15160.0,16673.0,21889.0,0.09628137701611927,0.01329268297272912,0.01920820157316805,0.0559477623517064
TZA_6302,TZA,Mpwapwa,1.871915,2.152706,2.182502,44318.0,36281.0,40136.0,0.028347080375262568,0.0027530366042494148,-0.03922914748627193,0.02040121682598528
TZA_6309,TZA,Mtama,0.602368,0.644284,0.651474,11609.0,12141.0,12666.0,0.013545128898193592,0.0022220381116453414,0.009001773490302067,0.008502559873101445
TZA_6310,TZA,Mtibwa,1.208438,1.503726,1.535067,22554.0,30403.0,33821.0,0.044693438718774736,0.004134122046373978,0.061545399868986994,0.021536763875460885
TZA_6315,TZA,Mtumba,1.273074,1.466043,1.475129,18381.0,16744.0,20137.0,0.02862863959923234,0.0012364656032719523,-0.01848257055273317,0.037593185823455944
TZA_6318,TZA,Mtwara,6.350366,6.777222,6.883824,89183.0,118528.0,134424.0,0.013095977808202264,0.0031262822624542608,0.05854122369498116,0.02548939050681609
TZA_6333,TZA,Muganza,0.894939,1.031545,1.045304,29478.0,33212.0,39572.0,0.028818935302821425,0.002653529160157042,0.02414017489740461,0.03566331781226206
TZA_6338,TZA,Mugumu Mjini,1.767245,2.093659,2.126472,28508.0,28259.0,32886.0,0.03447937747545038,0.0031150447976320272,-0.0017530134166149347,0.030791556831264222
TZA_6341,TZA,Muheza,1.875202,2.043921,2.095088,39713.0,35803.0,38164.0,0.017380032276759882,0.004957354297035144,-0.020516003575846598,0.012854107666637304
TZA_6358,TZA,Muleba,1.181452,1.287361,1.300466,28518.0,25691.0,28979.0,0.017318291620801007,0.0020277080674784287,-0.02066249004819798,0.02437855277322787
TZA_6373,TZA,Makiungu ,0.36583,0.420945,0.426315,19594.0,11412.0,13287.0,0.028464268194185127,0.0025384816669076216,-0.10247256668058635,0.03089167956893868
TZA_6403,TZA,Muriti,1.071808,1.200504,1.201589,84809.0,37879.0,41459.0,0.02293802682705226,0.00018069210414584091,-0.14887898743170458,0.018225721245863635
TZA_6418,TZA,Musoma,8.105679,9.095601,9.176995,155098.0,142281.0,149314.0,0.023312784652209873,0.0017833721090636523,-0.01710269956943733,0.009696205653273227
TZA_6448,TZA,Mwamanyili,0.730881,0.879434,0.895763,16088.0,17233.0,19409.0,0.037698803486551746,0.003686247626804695,0.013845472494109945,0.024067195575763423
TZA_6451,TZA,Mwanga,0.819904,1.24941,1.263698,16634.0,10582.0,10998.0,0.08789854143404296,0.002276768558227671,-0.0864880939378534,0.007741611227232159
TZA_6452,TZA,Mwangoi,1.314233,2.039861,2.139758,37122.0,42129.0,0.0,0.09190697782905377,0.009608078088923389,0.02562820807102484,-1.0
TZA_6453,TZA,Mwanhuzi,1.055637,1.254785,1.26766,21320.0,21400.0,23235.0,0.03516824948586916,0.0020437732816425136,0.0007493451649422944,0.016589876819946392
TZA_6454,TZA,Mwanza,45.779136,48.719288,49.10418,741876.0,1020365.0,1249767.0,0.012527128823594413,0.0015750699990795258,0.06582240712516563,0.04139310986700284
TZA_6460,TZA,Mwayaya,2.9332,3.01049,3.07283,58244.0,41672.0,43608.0,0.005215328519326379,0.004107634273350369,-0.06476956777597476,0.009123604513058492
TZA_6474,TZA,Mzizima,0.353202,0.400207,0.409241,12371.0,11082.0,12265.0,0.025303182239532207,0.00447444282085141,-0.021766192638173143,0.020492650574559734
TZA_6489,TZA,Nachingwea,2.550671,2.777597,2.80652,36985.0,32999.0,34899.0,0.017192051787786378,0.002073970963658578,-0.022548919024302005,0.011259095339268388
TZA_6508,TZA,Naipanga,0.710319,0.718623,0.721813,10967.0,10774.0,11394.0,0.0023272470331758832,0.000886236821757258,-0.0035446906024846347,0.011253060016193528
TZA_6515,TZA,Nakonde/Tunduma [TZA],4.884709,5.871156,5.880927,61249.0,131481.0,174264.0,0.03747343386410695,0.0003326262146767789,0.1650720916469668,0.05795924008226683
TZA_6524,TZA,Namanyere,1.200192,1.260107,1.267114,20783.0,27335.0,32265.0,0.009790636528317576,0.0011096623443052067,0.05633621233290964,0.03371904632110656
TZA_6546,TZA,Nangomba,1.137793,1.304601,1.324427,17111.0,12123.0,13214.0,0.027739124782555802,0.0030210875496947676,-0.06660183496053429,0.01738385028900047
TZA_6548,TZA,Nansio,3.781534,4.123981,4.199527,95885.0,82749.0,90570.0,0.017489015104658723,0.0036371867550553105,-0.02903759128086847,0.018226329030204935
TZA_6550,TZA,Nanyamba,0.824484,0.944881,0.947827,13818.0,12707.0,13323.0,0.027635211576134022,0.0006227943582897133,-0.016624082644544957,0.009512729552601629
TZA_6640,TZA,Ndungu,0.570147,0.701569,0.710712,14371.0,14547.0,15678.0,0.042357533260222624,0.002592961743491662,0.0024374657410808354,0.015087416884983718
TZA_6695,TZA,Ngara,0.765213,0.985506,1.000302,23055.0,12448.0,12448.0,0.0519022562426279,0.0029848495258122387,-0.11597022929594247,0.0
TZA_6718,TZA,Ngudu,1.112018,1.264734,1.292855,30210.0,22515.0,24758.0,0.02607114672209998,0.004407911951451515,-0.05710301898983405,0.019174904787333524
TZA_6727,TZA,Nguruka,0.90517,1.180073,1.183083,29208.0,52047.0,61434.0,0.05447368083232074,0.0005096182458577125,0.12248042578838692,0.03371928454532558
TZA_6779,TZA,Njombe Mjini,7.482486,8.670353,8.895638,75230.0,42599.0,46077.0,0.029907387419796372,0.005143490395328465,-0.10751347345475892,0.015820465397751393
TZA_6798,TZA,Nkome 2,0.352442,0.436637,0.442558,21987.0,13359.0,15857.0,0.043774242558055176,0.0026975003278439935,-0.09484783466195812,0.03487862120276741
TZA_6810,TZA,Nkungwe,1.455351,1.487648,1.506386,46412.0,22449.0,22707.0,0.00439949762661751,0.002506547220117783,-0.1352046549348912,0.0022880490440408963
TZA_6864,TZA,Nshamba,0.769634,1.001198,1.00491,26864.0,29359.0,33116.0,0.05401585948595233,0.0007404144298537307,0.017921098334717556,0.02437583045623537
TZA_6897,TZA,Nyakafulu,1.911546,2.218758,2.243947,43945.0,25006.0,28948.0,0.030255725104781694,0.0022603084492178738,-0.10663907746610224,0.029709850677982486
TZA_6898,TZA,Nyakahanga,0.916433,1.244402,1.27909,55785.0,40734.0,47039.0,0.06309480576000603,0.005513904794157032,-0.06095171399411914,0.029201011330740156
TZA_6900,TZA,Nyalikungu,1.647817,1.828324,1.866529,28107.0,26713.0,28458.0,0.021007274175106172,0.004144736989686759,-0.010122086809532527,0.012736219061954657
TZA_6911,TZA,Nyangao,0.678559,0.737462,0.75867,10114.0,12603.0,13128.0,0.01678798657511904,0.005686575289403306,0.04498533898560719,0.008195898570180882
TZA_6913,TZA,Nyanguge,0.661633,0.756381,0.774987,15798.0,12872.0,14534.0,0.02712828877559903,0.004872037473095947,-0.040138031826290055,0.02458460240426219
TZA_6917,TZA,Nyarubanda,0.761114,0.781926,0.797633,17465.0,14889.0,15373.0,0.0054099728124783475,0.0039856185368747354,-0.03141132246495071,0.006418518702660636
TZA_6925,TZA,Nzega,3.10093,3.401988,3.439094,64723.0,52437.0,60537.0,0.018704355371733206,0.0021719749223081397,-0.041226902413094235,0.0291451023313527
TZA_7066,TZA,Old Shinyanga,0.388958,0.503414,0.518828,10758.0,13795.0,15272.0,0.05294216215251746,0.006050134273170915,0.05098866699023863,0.020551304358568112
TZA_7556,TZA,Ruangwa,1.084025,1.212186,1.216815,13962.0,14319.0,15449.0,0.022600482139264688,0.0007625802333863785,0.0050623653182424455,0.01530736562470536
TZA_7572,TZA,Rujewa,1.93779,2.120426,2.125829,31985.0,29957.0,34910.0,0.018176999325240306,0.0005090959561022679,-0.013015362542319608,0.031075116410123726
TZA_7715,TZA,Same Mjini,1.540873,2.254016,2.326326,27185.0,21409.0,23074.0,0.07904120645433377,0.006335320779411013,-0.04664772127625039,0.015091757238600456
TZA_7868,TZA,Sengerema,4.374919,5.031823,5.08155,84097.0,91901.0,108976.0,0.028373952294442173,0.0019687332681128655,0.017906638519336937,0.034670638871243
TZA_7963,TZA,Shelui,0.890191,1.030099,1.037002,16010.0,10963.0,12094.0,0.029625176121538477,0.0013366813148427692,-0.0729404834352324,0.019830767210894606
TZA_7984,TZA,Shinyanga,8.411453,9.573759,9.729303,121984.0,137173.0,151871.0,0.026224298879101937,0.0032284685547210312,0.02374820504128672,0.020566346298069416
TZA_8112,TZA,Singida,7.093068,8.173941,8.257637,103302.0,117608.0,137849.0,0.02877280413659533,0.0020395374359039042,0.026279436231197995,0.03227010716641088
TZA_8167,TZA,Songea,11.985154,12.434425,12.610574,178428.0,217766.0,267013.0,0.007387175253024125,0.002817327756327037,0.04065173657146803,0.04161797654611954
TZA_8172,TZA,Songwa,0.679746,0.762678,0.773759,20484.0,22481.0,23949.0,0.023290427959296478,0.0028890716937179928,0.01877943956132655,0.012731577395685534
TZA_8231,TZA,Sumbawanga,8.398675,9.329654,9.404886,151588.0,107898.0,127557.0,0.021247372986050506,0.0016075731563631734,-0.06573578526104062,0.03404200331426188
TZA_8259,TZA,Tabora,11.323613,12.266415,12.343689,180307.0,206138.0,240330.0,0.016123573992800733,0.0012567651332671126,0.02713870346599645,0.03116932602289113
TZA_8353,TZA,Tandahimba,1.901514,2.156153,2.182099,21338.0,14392.0,15335.0,0.02545358931156594,0.002395192365541643,-0.07574142630189051,0.012773958994140022
TZA_8357,TZA,Tanga 1,10.645349,11.538679,11.656048,234284.0,274616.0,299736.0,0.016246908688283046,0.0020261305965276755,0.0322779278236458,0.017659787995915055
TZA_8387,TZA,Tarime,3.921369,4.870373,5.029511,84016.0,174203.0,231870.0,0.04429909678374622,0.006451167145350878,0.15701429780870324,0.05885815662723415
TZA_8676,TZA,Tunduru,2.491732,2.570383,2.581984,39884.0,36936.0,41013.0,0.006234728317433547,0.0009010418180017687,-0.01524038290546581,0.021161271211219024
TZA_8694,TZA,Ubaruku,1.94029,2.164418,2.166334,31686.0,31042.0,36174.0,0.022103553835676193,0.00017698262743981452,-0.004098342124117638,0.03107288960235488
TZA_8783,TZA,Urambo,2.052615,2.225735,2.244167,40569.0,45020.0,52728.0,0.01632636363797313,0.0016508025610719734,0.02103878064571396,0.032112794057588046
TZA_8790,TZA,Usagara,1.328376,1.570156,1.593562,16441.0,15933.0,18341.0,0.03400908963207816,0.0029637401597213398,-0.0062574967923849645,0.028549247879010586
TZA_8795,TZA,Ushirombo,3.215115,3.754801,3.777083,48273.0,50844.0,58123.0,0.03152102079822283,0.0011840465893144803,0.010431982296548847,0.027121127116400023
TZA_8800,TZA,Utete,0.527698,0.565953,0.578516,11749.0,13194.0,15243.0,0.01409579906592806,0.004400688334501801,0.023469995435862145,0.02929246611298142
TZA_8807,TZA,Uyovu,1.447445,2.61678,2.636788,32361.0,13976.0,15976.0,0.1257268593422518,0.0015245520419839842,-0.154580634535588,0.02711017600948762
TZA_8826,TZA,Vigoi,0.972327,1.081836,1.102476,34293.0,28453.0,33496.0,0.021573965966367625,0.0037869447482739016,-0.03664907908843751,0.033172830162812916
TZA_8902,TZA,Vwawa,3.316939,3.570983,3.607278,61051.0,43182.0,46915.0,0.014869170035455959,0.002024559314501184,-0.06691331057178784,0.016720999238987178
TZA_8995,TZA,Wete,0.830533,0.937943,0.944986,34833.0,31060.0,32352.0,0.02462255243008249,0.0014973064456018648,-0.02266800998576468,0.008184314906450663
TZA_9125,TZA,Zanzibar,32.405488,34.31446,34.802804,733039.0,726084.0,840051.0,0.01151358663600166,0.002830221249066067,-0.0019048226907489862,0.029588675938724274
UGA_1185,UGA,Amolatar,1.174073,2.369159,2.815956,28510.0,30620.0,31410.0,0.15074692087866737,0.03515725737087827,0.014382139373152025,0.005107584126899711
UGA_1197,UGA,Anaka,0.282894,0.448486,0.470266,14681.0,24000.0,33643.0,0.09654139415985408,0.009529322838057297,0.10329365508778787,0.06988400501112135
UGA_1249,UGA,Apac,0.726801,1.096243,1.199387,14894.0,33300.0,58253.0,0.08567106530095248,0.018147034864360423,0.17459075104021626,0.11834245617503791
UGA_1300,UGA,Arua,12.011909,20.596626,20.96925,332828.0,385236.0,710714.0,0.11387590600062181,0.003592397833291905,0.029677924513745957,0.13029967084618366
UGA_1503,UGA,Magamaga ,0.631816,0.793745,0.820141,35027.0,19500.0,19500.0,0.046690003866761476,0.006564256051380779,-0.11054018095836826,0.0
UGA_198,UGA,Adjumani,2.681629,3.199321,3.209027,43272.0,52367.0,60178.0,0.03593337385749251,0.0006060187827638952,0.03889138587267338,0.028196239236913723
UGA_2187,UGA,Bugiri,2.664215,4.666819,5.094761,121714.0,131682.0,161507.0,0.1186399819657149,0.017701867988052733,0.015867755686949092,0.041676789138057835
UGA_2210,UGA,Buliisa,0.947156,1.488365,1.510781,22180.0,27500.0,32242.0,0.09460540121312833,0.002994180356066467,0.043936855663216035,0.032328354229584466
UGA_2213,UGA,Bulo ,0.666567,1.039941,1.163524,19167.0,23136.0,28140.0,0.0930322557994061,0.0227119464413581,0.03835731450660407,0.03993731899721831
UGA_2226,UGA,Bundibugyo,0.213648,1.729269,1.838516,19267.0,64079.0,184152.0,0.5192622433005241,0.012327352815711734,0.27168727518516667,0.23507162120832614
UGA_2262,UGA,Busembatia,0.714271,0.921198,1.001442,14776.0,24991.0,42871.0,0.05219926412133025,0.0168445447406409,0.11082424567469196,0.113976414440081
UGA_2265,UGA,Bushenyi,0.430273,0.610927,0.650999,25024.0,11996.0,17269.0,0.07262779077747306,0.01278719186882471,-0.1367512758680478,0.0755884908517892
UGA_2268,UGA,Kisumu/Mbale/Busia/Sirari [UGA] 2,14.255626,24.064252,26.307708,432228.0,425430.0,462965.0,0.11039427703949345,0.01798675909517944,-0.0031655400104347864,0.017053993923165756
UGA_2270,UGA,Busolwe,0.474733,0.933959,0.980355,32498.0,35100.0,55185.0,0.14492141316872997,0.009743604993143862,0.015523777459338639,0.09471932843710928
UGA_2272,UGA,Busowa Town Board,0.402024,0.648939,0.72538,48560.0,19490.0,0.0,0.10050084150431204,0.022521245575948035,-0.16688178044119284,-1.0
UGA_2277,UGA,Butaleja,0.548361,0.679021,0.706833,20115.0,16413.0,16413.0,0.0436703106037053,0.008060789373364852,-0.03986215888275346,0.0
UGA_2281,UGA,Butenga ,2.124325,2.844134,3.211611,71525.0,27406.0,0.0,0.06009752068902219,0.024600530788787545,-0.1745751159764466,-1.0
UGA_2293,UGA,Buwana ,1.119394,1.507576,1.619399,51239.0,30616.0,30616.0,0.061351524514488665,0.014413290007388113,-0.0978690955298046,0.0
UGA_2296,UGA,Buyanga,2.504435,3.96101,4.456177,105256.0,123584.0,138326.0,0.09602190716071779,0.023838128066501207,0.03262605105579497,0.022794335571049373
UGA_2305,UGA,Bweyale,1.388196,3.016448,3.181539,46168.0,84862.0,138846.0,0.16790901534143066,0.010714000568721183,0.12946932448152437,0.10347887126086408
UGA_2833,UGA,Dokolo 1,0.549515,1.205127,1.349468,20278.0,23700.0,35675.0,0.17006679006916015,0.022882985780309006,0.03167913056867966,0.08523333920362641
UGA_3264,UGA,Fort Portal,14.479111,26.285496,27.866572,371418.0,582684.0,1007921.0,0.12666513665258816,0.011750608314270439,0.09424363518941892,0.1158316612762027
UGA_3362,UGA,Natteta ,0.541916,0.860859,0.919818,45113.0,28735.0,0.0,0.09698328483260865,0.013337176444775167,-0.08626155370352995,-1.0
UGA_3526,UGA,Bunagana,4.87624,10.314794,10.887016,181744.0,244370.0,1487433.0,0.16164946636865074,0.010856854747103739,0.06100531955412003,0.4350859241038083
UGA_3566,UGA,Gombe,0.430709,0.541662,0.584788,15333.0,16600.0,17173.0,0.04690888212591626,0.015439414543417351,0.01600580770156368,0.006810222342808592
UGA_3660,UGA,Gulu,9.91934,12.013331,12.36126,189709.0,240335.0,291330.0,0.0390492502727231,0.005726421372661772,0.048445397106029464,0.03923469530985746
UGA_3808,UGA,Hima,0.520208,0.582061,0.607565,13190.0,15000.0,16301.0,0.022723640492985808,0.008613668405350827,0.02605181443760296,0.016774387142066027
UGA_3821,UGA,Hoima,4.319536,5.864276,6.198182,140877.0,135938.0,139834.0,0.0630543301376334,0.011136957865554242,-0.007112241406947439,0.00566742047988833
UGA_3857,UGA,Ibanda,1.847606,2.766878,2.898859,49437.0,61097.0,71444.0,0.08411693665987685,0.009363082458800243,0.04326240035006279,0.03178491762193536
UGA_3917,UGA,Iganga,6.646374,8.587041,8.98284,233560.0,266037.0,357693.0,0.05257185255781183,0.009053110611426218,0.026381262590569277,0.06099583698151578
UGA_4108,UGA,Ishaka,2.620722,3.764923,4.15099,39432.0,63163.0,106767.0,0.07514497337160764,0.019715727679238793,0.09881046965321527,0.11069510568554342
UGA_4111,UGA,Ishongororo,0.197498,0.595761,0.655356,22478.0,28053.0,33064.0,0.24710170665721898,0.019250755452358437,0.04530813188919436,0.0334160828742216
UGA_4213,UGA,Jinja,9.916973,14.21773,14.75459,247708.0,385374.0,755479.0,0.0747073680366439,0.007440432177035383,0.09241706454281884,0.14411056814933
UGA_4242,UGA,Kabale,9.12693,14.866516,15.896978,251357.0,203492.0,0.0,0.10249568044204671,0.013493748334098221,-0.04136943666247472,-1.0
UGA_4265,UGA,Kabonera ,4.720671,6.689976,7.360224,92944.0,92832.0,130785.0,0.07222064522164429,0.019279511136217176,-0.00024112158775280168,0.07095702983179275
UGA_4268,UGA,Kaboong,0.306374,0.405205,0.412087,11783.0,13400.0,14562.0,0.0575102312188589,0.0033739550605469404,0.026052975488260355,0.016771221825369498
UGA_4274,UGA,Kabulasoke ,1.015131,1.785783,2.068739,50564.0,40444.0,40444.0,0.1195959499689021,0.029853391415783026,-0.04368154730025475,0.0
UGA_4276,UGA,Kabuyanda,0.211306,0.743474,0.802081,16815.0,17213.0,23892.0,0.28608831177996175,0.015290888352184728,0.004689675688828832,0.0677736207883366
UGA_4279,UGA,Sheema,2.064816,3.345571,3.57733,40664.0,48625.0,65896.0,0.10133078447063748,0.01348599271583395,0.03640596413951336,0.06267359068539236
UGA_4396,UGA,Kagadi,0.868153,2.210204,2.475584,36659.0,67253.0,103827.0,0.20550000924386214,0.02293740944974476,0.12903189175647078,0.09073620433670193
UGA_4426,UGA,Kakira,0.495185,0.554475,0.565213,33221.0,20253.0,0.0,0.022875785704184137,0.003843553808974276,-0.09423542261855489,-1.0
UGA_4433,UGA,Kakumiro,0.26783,0.417134,0.446951,10328.0,12959.0,15339.0,0.09265554424111455,0.013904065935986365,0.04643209678327076,0.03429663445628317
UGA_4453,UGA,Kaliro,0.748338,0.992316,1.039171,17289.0,37749.0,59747.0,0.05806034796666748,0.009270094404808527,0.16903392760910663,0.09618064718049824
UGA_4454,UGA,Kalisizo,2.138054,4.495528,4.67954,47218.0,65054.0,85149.0,0.16025221831764203,0.008055611156295939,0.06618675603799895,0.05531256560690623
UGA_4462,UGA,Kalongo,0.427097,0.549341,0.562235,11683.0,12800.0,13407.0,0.05163031910405058,0.0046508887545788635,0.018429846866471644,0.00930942314744998
UGA_4485,UGA,Kammengo,2.67951,3.81765,4.131407,67598.0,78560.0,93829.0,0.07336676896950034,0.015922021146144827,0.030513120510904823,0.03616071542548971
UGA_4486,UGA,Kampala,177.114384,194.441888,198.236352,3790894.0,4747603.0,6114292.0,0.018842843541578835,0.003872814782473366,0.046035806385589906,0.051899759883992536
UGA_4491,UGA,Kamuli,2.248227,3.397191,3.759212,125919.0,112936.0,122604.0,0.08606535756383904,0.020458554448827826,-0.02152839483125446,0.016563348705557646
UGA_4493,UGA,Kamwenge,0.27672,0.433831,0.460373,19847.0,23900.0,27349.0,0.09409745189014407,0.011947199023086608,0.03786437817737176,0.027327018343312526
UGA_4510,UGA,Kangulumira,1.336505,1.822323,1.977338,54106.0,62296.0,99278.0,0.06397384901885039,0.01646191538835584,0.028591536929674977,0.09768712818594061
UGA_4525,UGA,Kanungu,0.471781,0.931093,1.015617,15339.0,23186.0,0.0,0.1456462107458436,0.017530369168090365,0.08613987188924854,-1.0
UGA_4601,UGA,Kasese,4.053498,5.905079,6.061449,103605.0,142049.0,0.0,0.07814990709262948,0.005240896171777143,0.06515176936927136,-1.0
UGA_4637,UGA,Katende,0.804902,1.064227,1.143062,23123.0,24090.0,24090.0,0.05744613283857536,0.014395006938272337,0.00822746578330813,0.0
UGA_4652,UGA,Katooke,0.159263,0.30281,0.334846,15125.0,10591.0,10591.0,0.13713247924664707,0.020316665721357152,-0.06878852941344338,0.0
UGA_4658,UGA,Karujanga ,0.203965,0.695645,0.716626,10152.0,17713.0,0.0,0.2781046168799586,0.005960616983583744,0.1177588128672411,-1.0
UGA_4664,UGA,Kaya/Oraba [UGA],0.000938,0.313558,0.330546,34000.0,10726.0,15696.0,2.1975917110875396,0.010608168176929889,-0.2060525190414012,0.07912123696700957
UGA_4675,UGA,Kayunga central,0.725245,0.921735,0.95738,42243.0,27169.0,31153.0,0.04911782771948259,0.007617390471548413,-0.08448855028340008,0.027744696277355096
UGA_4786,UGA,Kiboga,1.553659,2.239004,2.523717,59153.0,65759.0,69899.0,0.07582054274664984,0.024229208638304467,0.021399603699349345,0.012285817989593273
UGA_4803,UGA,Nankoma,0.771093,1.603708,1.810427,43514.0,47665.0,49915.0,0.15772045603622575,0.024545250621227366,0.01838998087615007,0.009267516510975904
UGA_4806,UGA,Kigumba,0.786419,1.248814,1.356433,19144.0,51800.0,89166.0,0.09690433352073158,0.016670255385396793,0.22027977927939002,0.11474082098826788
UGA_4807,UGA,Kihihi,2.893034,7.397609,8.053222,44445.0,113144.0,0.0,0.20655623170166892,0.017128116421839756,0.20548475795425936,-1.0
UGA_4915,UGA,Kitgum,2.651203,3.068154,3.148098,45169.0,57474.0,74846.0,0.02964338662329835,0.005157732168064921,0.049364069042144854,0.05423986435689887
UGA_4921,UGA,Kityerera,0.773621,1.02187,1.124578,48546.0,41765.0,41765.0,0.05723974148378019,0.019339342902995105,-0.02964241080974339,0.0
UGA_4926,UGA,Kiwoko,0.306207,0.535354,0.604395,11290.0,14779.0,18069.0,0.11821467500293248,0.024556616231242057,0.05533470782512229,0.04101698099984841
UGA_4939,UGA,Koboko,3.706102,5.401639,5.538427,90179.0,104024.0,118877.0,0.07825538972956148,0.005014148857918066,0.028976904043697127,0.027053004558065252
UGA_5007,UGA,Kotido-Central Division,0.527941,0.703192,0.718632,14366.0,15800.0,16614.0,0.05900425752897598,0.004353335348727061,0.019211335034984955,0.010097796796313396
UGA_5118,UGA,Kumi,1.308203,2.101399,2.190297,49770.0,43990.0,45835.0,0.0994277033396962,0.008321197832162008,-0.024387706251914665,0.008250984495386415
UGA_5178,UGA,Kyampisi ,2.618762,4.838071,5.062495,83090.0,106167.0,0.0,0.13061629754775694,0.009109916428051701,0.050239038186876694,-1.0
UGA_5179,UGA,Kyanzaga,0.428236,0.610327,0.630462,15643.0,16000.0,16000.0,0.07343532184323553,0.006512717079722785,0.004523237024909976,0.0
UGA_5181,UGA,Kyenjojo,0.297111,0.417052,0.437186,24226.0,13276.0,13276.0,0.07017375333184495,0.009474162322273383,-0.11334002114472663,0.0
UGA_5185,UGA,Kyotera,2.322772,3.149511,3.311062,39902.0,44718.0,47914.0,0.0627896331056994,0.010054567106359213,0.02305160598977185,0.013902073889391797
UGA_5287,UGA,Lira,10.014438,13.68301,14.442407,179083.0,235456.0,359944.0,0.06441506454007695,0.010861339112120172,0.0562605996305483,0.08859174174243778
UGA_5360,UGA,Ntanzi ,0.718493,1.820296,1.917187,41678.0,47733.0,0.0,0.2043255350039832,0.010425951863248129,0.02750128108855243,-1.0
UGA_5362,UGA,Lugazi,3.339739,4.394697,4.68995,116013.0,140043.0,160587.0,0.05643621810199062,0.01308959536488219,0.038367172474158995,0.027755467541464407
UGA_5370,UGA,Lukaya,1.519138,2.17812,2.305632,24432.0,54080.0,88013.0,0.0747239201557457,0.011443523033320302,0.17223729014067612,0.10230563699362327
UGA_5406,UGA,Luuka,0.375458,0.645167,0.705765,10506.0,22164.0,34662.0,0.11435138346860785,0.018116777861397093,0.16102654422195606,0.09355617002114913
UGA_5409,UGA,Luwero,2.718299,3.358973,3.56647,77998.0,69522.0,69522.0,0.043234299832988876,0.012060354296896003,-0.022745321804488183,0.0
UGA_5413,UGA,Lwengo,0.309913,0.442355,0.46112,15639.0,15100.0,15100.0,0.07375754690434677,0.008343733660750141,-0.006990065173649862,0.0
UGA_5414,UGA,Lyantonde,0.548027,0.625489,0.642158,13912.0,18007.0,21831.0,0.026794524693865673,0.00527398585927541,0.052956328441656986,0.03926536253415147
UGA_5590,UGA,Kisumu/Mbale/Busia/Sirari [UGA] 3,0.003199,1.002191,1.063816,79916.0,23344.0,25939.0,2.156365237464572,0.012006271595555784,-0.21817724352551582,0.02130531237808264
UGA_5745,UGA,Masaka,7.89157,9.924594,10.314618,194013.0,198057.0,243785.0,0.04691125132480489,0.00773903138214016,0.004134463594683613,0.042421491823864566
UGA_5766,UGA,Masindi,2.226645,3.397856,3.650984,96784.0,97105.0,97105.0,0.08820520179121072,0.014474165965060015,0.0006624545087021705,0.0
UGA_5777,UGA,Masulita,0.26446,0.433551,0.465234,15610.0,17385.0,18513.0,0.10391602985270576,0.014206175799988507,0.021772849368985714,0.012652458044369208
UGA_5794,UGA,Mateete,0.280381,0.35398,0.362198,10567.0,12000.0,13023.0,0.04772191705641826,0.0046006725982630226,0.025760349998614984,0.0164966668544424
UGA_5845,UGA,Mbale,74.930512,116.50936,123.817176,2228643.0,3009317.0,4151888.0,0.0922962012913433,0.012241213253305627,0.06190456203973271,0.0664869318690311
UGA_5855,UGA,Mbarara,9.86775,12.010429,12.39739,198475.0,197090.0,201074.0,0.04008318793251764,0.006362276020003943,-0.0013995537911949407,0.004010525179333202
UGA_6140,UGA,Mityana,3.21987,4.032717,4.248862,97967.0,87678.0,93537.0,0.04604864600055425,0.010496877706704932,-0.021947505382375776,0.013021261247268878
UGA_6248,UGA,Moroto,0.867212,1.006943,1.028155,15108.0,16300.0,16801.0,0.03032899496025876,0.004178089081894321,0.015304066556197204,0.006073026630471379
UGA_6280,UGA,Moyo,1.867952,2.572211,2.600847,35847.0,36822.0,36822.0,0.0660760230237083,0.002216717467608431,0.005381551022485276,0.0
UGA_6288,UGA,Mpigi,2.492214,3.377071,3.597098,65027.0,58217.0,58217.0,0.06265177507544095,0.01270374430875476,-0.021882068627387175,0.0
UGA_6293,UGA,Mpondwe/Lhubiriha [UGA],12.771741,18.144646,18.844426,240412.0,381915.0,530600.0,0.07275285579481139,0.0075970394333142455,0.09698860136737752,0.06797258869120681
UGA_6324,UGA,Mubende,1.587287,2.043018,2.139396,48507.0,121600.0,140303.0,0.05177621821879952,0.009261710613916785,0.20178237874097094,0.029026778188179003
UGA_6504,UGA,Nagongera,0.533883,0.74268,0.797817,39679.0,14300.0,14300.0,0.06824563599376665,0.014425859170846156,-0.18462937021743098,0.0
UGA_6511,UGA,Najja ,1.182003,1.571227,1.694535,47105.0,48638.0,48638.0,0.058580941884025295,0.01522504266021163,0.0064257502953246615,0.0
UGA_6525,UGA,Namasale,0.135077,0.249196,0.271223,10646.0,11900.0,12718.0,0.13029532692851853,0.017084626052174645,0.022520679390792164,0.013384767178071355
UGA_6539,UGA,Namutumba,0.828582,1.208585,1.320094,19268.0,22600.0,25272.0,0.07842101194404583,0.01780722976581428,0.03241512956091763,0.022601051008927397
UGA_6645,UGA,Nebbi*,1.927681,2.423466,2.465659,35834.0,41400.0,45663.0,0.046840106287366234,0.0034580387991811623,0.02929771901231515,0.01979486286013632
UGA_6774,UGA,Njeru,4.532411,5.763457,5.914554,124067.0,158674.0,0.0,0.04923013256324538,0.005189142158177784,0.050436726971862855,-1.0
UGA_6797,UGA,Nkombe,0.233996,0.69171,0.735722,13559.0,19081.0,24526.0,0.2420615684311911,0.01241352350752245,0.07071699025028977,0.05148993151269554
UGA_6800,UGA,Nkonkonjeru,0.598025,0.9657,1.03618,45863.0,29763.0,29763.0,0.1005875059845267,0.014188297017869278,-0.08284476568718624,0.0
UGA_6806,UGA,Kayabwe ,0.583642,0.832612,0.881739,43937.0,13633.0,13633.0,0.07364134083836671,0.011531652025185357,-0.20867988231330747,0.0
UGA_6882,UGA,Ntwetwe,0.185912,0.27537,0.297186,10561.0,13400.0,16001.0,0.08173738769216077,0.015365363236210294,0.0487692640775641,0.03611620306299357
UGA_7243,UGA,Ocini ,0.179169,0.246849,0.277012,12148.0,12853.0,12972.0,0.06618777973688705,0.023324665376524445,0.011346427889720845,0.0018448879790406991
UGA_7257,UGA,Pader,0.538651,0.706981,0.745131,14283.0,14800.0,14800.0,0.05589334921015365,0.010566687342895342,0.0071367786603164785,0.0
UGA_7261,UGA,Paidha ,1.584364,3.013411,3.080613,34226.0,62187.0,91664.0,0.13721002805441262,0.0044209322977779575,0.12685670209947997,0.08068678233001747
UGA_7266,UGA,Pakwach,0.830918,1.52802,1.566652,22909.0,37561.0,52732.0,0.12957266540439694,0.005006104606194217,0.1039418631968394,0.07020609360057128
UGA_7269,UGA,Pallisa,2.41022,5.130511,5.340283,49320.0,117179.0,0.0,0.1631099940729246,0.008046880190126116,0.18895479825656158,-1.0
UGA_7294,UGA,Patongo,0.520168,0.624515,0.646611,11740.0,11209.0,11209.0,0.03724141389120206,0.006978140288325996,-0.009214243742712402,0.0
UGA_7557,UGA,Rubaare,0.305347,0.736551,0.776599,13550.0,22886.0,32611.0,0.19256437913874835,0.01064539319231761,0.11051932304758783,0.07339321207013327
UGA_7575,UGA,Rukungiri,5.747754,11.398036,12.414887,131495.0,178447.0,0.0,0.14674371985797463,0.01723793908163529,0.06296753934207255,-1.0
UGA_7860,UGA,Semuto,0.741829,1.121699,1.25205,35364.0,26682.0,26682.0,0.08621177179256634,0.022231048990605018,-0.05478327065129496,0.0
UGA_8176,UGA,Soroti,7.098013,11.223996,11.887626,166810.0,177221.0,182137.0,0.09597877245393116,0.011555057976504024,0.012182023923285712,0.005487322473959333
UGA_8925,UGA,Waibuga ,1.1497,1.507919,1.577345,37713.0,46818.0,54947.0,0.05574418107637791,0.009043144228246591,0.04420160217791569,0.03253843256343614
UGA_9007,UGA,Wobulenzi,2.600774,3.722893,3.989387,72082.0,80801.0,86596.0,0.07437424265310821,0.013923345502277584,0.02309975697517186,0.013949252109623611
UGA_9096,UGA,Yumbe,4.120722,7.671534,8.045793,155271.0,233541.0,333327.0,0.13235285540465092,0.009572072169067747,0.0850620069679997,0.0737457840345066
UGA_9178,UGA,Zombo,0.300958,1.527683,1.621636,12718.0,39199.0,70110.0,0.38390242628121807,0.01200818779935453,0.2524812511014265,0.12331354542280115
ZAF_1136,ZAF,Amadiba,2.312501,2.383367,2.402193,16188.0,19667.0,21001.0,0.006055173085535603,0.0015748139844797837,0.03970225141538797,0.01321210896008207
ZAF_1150,ZAF,Amashangana,3.700588,3.503825,3.52017,36800.0,21993.0,32358.0,-0.010867813342651855,0.000931244337755821,-0.0978321816625839,0.08028771986100303
ZAF_1203,ZAF,Andalusia Park,1.853378,1.868262,1.874755,16853.0,15451.0,15451.0,0.0016010136375423922,0.0006941202474799457,-0.017220985435560165,0.0
ZAF_1227,ZAF,Annieville,1.482794,2.210529,2.268916,21311.0,32838.0,37299.0,0.08313622124952236,0.005227683098659286,0.09032149469215578,0.025803314443919367
ZAF_1328,ZAF,Ashton,0.565482,0.588931,0.589292,10322.0,11175.0,11903.0,0.008159219324021194,0.000122564958864535,0.01600708255898886,0.012702262760287963
ZAF_1364,ZAF,Atlantis,1.944761,1.947846,1.950625,74690.0,77473.0,87062.0,0.00031706151559074414,0.00028517813337236575,0.007343486958079293,0.02361267090421637
ZAF_1540,ZAF,Ballito,3.608747,3.778023,3.792423,11812.0,38544.0,47543.0,0.009210202525114619,0.0007611438963937012,0.26685429711839936,0.042859880011845375
ZAF_1650,ZAF,Bankuna 1,10.765823,12.133476,12.169175,79602.0,95309.0,100017.0,0.024206670545888542,0.0005877468370689698,0.03667347531623988,0.00968983067248752
ZAF_1651,ZAF,Bankuna 2,6.307318,6.338204,6.353318,56041.0,62750.0,69222.0,0.0009774575969969668,0.00047646318520122577,0.022872660273980827,0.019826006244603844
ZAF_1662,ZAF,Bapo Ba Ga Mogale,5.687586,5.89599,5.90252,50594.0,56518.0,62392.0,0.007223273647065875,0.00022140841644002762,0.022392261707159244,0.01997241020163454
ZAF_1675,ZAF,Barberton ,2.974023,3.093079,3.126548,46942.0,47755.0,51032.0,0.007881184966246124,0.0021548154081865167,0.0034400988821814416,0.013362310967430346
ZAF_1676,ZAF,Barcelona,1.283952,1.477022,1.483266,24832.0,26617.0,27750.0,0.028413183155706623,0.0008440589625362538,0.013980214933816626,0.00837199694703572
ZAF_1703,ZAF,Basoto,4.346072,4.966907,4.974565,22219.0,24489.0,31156.0,0.02706474596677788,0.00030817092039403526,0.019645738413937686,0.04933492758355862
ZAF_1718,ZAF,Batlharo,11.214172,13.351959,13.415451,68073.0,78355.0,85866.0,0.03551299992091739,0.0009492475989505422,0.02853331852020724,0.0184762437967414
ZAF_1744,ZAF,Beaufort West,2.542539,2.721455,2.721455,36972.0,37223.0,38065.0,0.013693605330778569,0.0,0.001354112061013657,0.004483696816241611
ZAF_1768,ZAF,Bekkersdal,1.551158,1.551968,1.552643,56100.0,52900.0,52900.0,0.00010441629585922207,8.697120031997407e-05,-0.011677774002707975,0.0
ZAF_1772,ZAF,Belabela,3.109238,3.866403,3.957844,44940.0,53581.0,58766.0,0.04455336012570643,0.004685907707151937,0.03579914770833881,0.01864548179206804
ZAF_1778,ZAF,Bella Vista,0.477746,0.489226,0.492715,17973.0,20020.0,22194.0,0.00476036267439528,0.0014222831223411614,0.021806591151226407,0.020832061820388992
ZAF_1852,ZAF,Bethal,1.864885,1.93,1.936608,12341.0,14675.0,16217.0,0.006887734869417628,0.0006838309500705186,0.035250744557330016,0.020183937381395234
ZAF_1853,ZAF,Bethanie,1.854776,1.903195,1.904574,11661.0,13192.0,14770.0,0.005167328588019826,0.0001448722280454895,0.02497900447731838,0.022854759950503345
ZAF_1855,ZAF,Bethlehem,6.01711,6.329893,6.362471,67314.0,79379.0,81155.0,0.010186786572203177,0.001027225541077481,0.033522760019568,0.00443521793613133
ZAF_1860,ZAF,Bhekuzulu,3.373201,3.536314,3.548267,39351.0,49137.0,52443.0,0.009489299904123394,0.0006751024876032741,0.04541944277751142,0.013108077466613244
ZAF_1861,ZAF,Bhofolo,1.466837,1.470045,1.472812,15286.0,17369.0,22195.0,0.0004370216042406394,0.0003761679498914816,0.025879123289718864,0.05025816569973163
ZAF_1946,ZAF,Bisho,1.422471,1.505364,1.514307,16257.0,18084.0,18580.0,0.01139224884951573,0.0011853377872368398,0.021529278203643143,0.005426302125143279
ZAF_1970,ZAF,Bloemfontein,43.755288,46.035856,46.478792,445726.0,438670.0,446968.0,0.01021342398732128,0.0019169452785945396,-0.0031863111978790437,0.0037549485634285062
ZAF_1979,ZAF,Bochum,2.762901,2.888415,2.892801,13644.0,13277.0,13277.0,0.008924930615751725,0.0003035116770628843,-0.005438487517317125,0.0
ZAF_1988,ZAF,Boekenhouthoek,1.192118,1.234372,1.240279,12606.0,13487.0,14241.0,0.0069904764453059265,0.0009552590863231014,0.013602355065814198,0.010939173904956467
ZAF_2001,ZAF,Bohlabela,16.358902,17.372808,17.457132,120264.0,119900.0,119900.0,0.012099415036203487,0.0009688791668447383,-0.0006060691242804062,0.0
ZAF_2002,ZAF,Boikhutso,0.854993,1.021731,1.029228,20362.0,45351.0,47597.0,0.036274478093152096,0.0014632212469876116,0.17368968268948026,0.009714382646004438
ZAF_2003,ZAF,Boitekong,1.322912,1.346355,1.352103,34895.0,39477.0,44200.0,0.00351929291033537,0.0008524065471189335,0.024981879885270786,0.02285865784498342
ZAF_2004,ZAF,Bloemhof,0.995303,2.058596,2.061583,23980.0,30145.0,31899.0,0.1564401524796566,0.0002900295022623123,0.04682291762819579,0.011375330449916232
ZAF_2033,ZAF,Bomvu,1.712456,2.523978,2.563302,23281.0,26989.0,28265.0,0.08067033179652605,0.003096793747128901,0.029999544144577506,0.0092817940534895
ZAF_2051,ZAF,Bontrug,0.459435,0.497242,0.498696,10463.0,11141.0,12109.0,0.015941603959867434,0.0005841430546831283,0.012636529173027489,0.016803004898473972
ZAF_2070,ZAF,Boschfontein,1.60816,1.614728,1.617847,13340.0,13722.0,14312.0,0.0008155029705314565,0.00038602079503657905,0.005662641239888355,0.008455136842104638
ZAF_2076,ZAF,Botleng 1,1.647108,1.689621,1.694593,28114.0,31188.0,34130.0,0.005109654106427275,0.0005878428270196245,0.020969990519884574,0.018192169062216212
ZAF_2077,ZAF,Botleng 2,1.373276,1.677641,1.680027,23240.0,25730.0,28157.0,0.040850224527179346,0.00028428534781044235,0.020565146303212156,0.018191152450556247
ZAF_2079,ZAF,Botshabelo East,4.632495,4.826221,4.840319,102374.0,100008.0,101900.0,0.008227291656656366,0.0005835437705170587,-0.004665600379816559,0.0037553853432303885
ZAF_2080,ZAF,Botshabelo North,4.74533,5.01487,5.021492,79365.0,77531.0,78998.0,0.011110573478522845,0.0002639552012289048,-0.004665006626057733,0.0037559719119137913
ZAF_2081,ZAF,Botshabelo West,1.51277,1.648442,1.667846,33382.0,32611.0,33227.0,0.017326022446594758,0.002343215874158755,-0.004662532049298562,0.0037496411108912664
ZAF_2159,ZAF,Bredasdorp ,1.267585,1.559182,1.566227,17293.0,18806.0,20229.0,0.04227889584175881,0.0009020501228915734,0.016916322074870038,0.014695177964501704
ZAF_2216,ZAF,Bultfontein,5.264178,5.387378,5.398305,70096.0,68476.0,71374.0,0.004637480406741501,0.0004053231704561622,-0.004665564713304593,0.00832452545593676
ZAF_2228,ZAF,Chavani,4.613339,7.845429,7.895888,32046.0,56768.0,57266.0,0.11203963243427806,0.0012830320685184304,0.12115576158546304,0.001748385182915202
ZAF_2264,ZAF,Bushbuckridge,19.340804,21.464876,21.54529,111433.0,110937.0,110937.0,0.02105884557443849,0.0007481409905645275,-0.0008918102628402425,0.0
ZAF_2288,ZAF,Butterworth,1.589143,3.90337,3.935166,25035.0,45297.0,45297.0,0.19689305821077308,0.0016238738407314823,0.12591179503832506,0.0
ZAF_2321,ZAF,Cala,1.037733,1.263475,1.265489,11653.0,12364.0,12364.0,0.04015055492208219,0.0003186002235264773,0.011915504027772084,0.0
ZAF_2323,ZAF,Caledon,0.943875,0.981364,0.98467,13155.0,14329.0,15167.0,0.007820360234166435,0.00067285005520068,0.017243693424345397,0.011432165259790183
ZAF_2333,ZAF,Cape Town,178.458288,206.859776,207.77704,3661684.0,4054604.0,4387771.0,0.029977803459739993,0.0008852773494514299,0.020595188180673185,0.015919044667438875
ZAF_2338,ZAF,Carletonville ,3.61062,3.648297,3.666333,23101.0,21679.0,21679.0,0.0020783529117842647,0.0009867858766707815,-0.012625986209385709,0.0
ZAF_2342,ZAF,Casteel,4.59697,4.715873,4.739885,33399.0,33251.0,33251.0,0.0051203970351134664,0.001016280282819526,-0.0008878291616792877,0.0
ZAF_2349,ZAF,Cele,2.911007,3.004355,3.026936,25365.0,31382.0,34651.0,0.006332734156574649,0.0014987187750865605,0.04349206347025869,0.020016109727849063
ZAF_2351,ZAF,Ceres,1.388996,1.391667,1.395717,15029.0,16740.0,18557.0,0.00038429885533153296,0.0005813594380530418,0.021798060122014684,0.020823038339714328
ZAF_2368,ZAF,Chaneng,2.307856,2.332504,2.338543,17506.0,19805.0,22174.0,0.002126941461308318,0.0005172771885544325,0.024985176313606194,0.022854450841855112
ZAF_2494,ZAF,Coligny,1.223336,1.334906,1.338714,15467.0,16979.0,17798.0,0.01760910880977895,0.0005698771730919816,0.018828780215079277,0.009466285533770158
ZAF_2516,ZAF,Cumakala,0.713386,1.046857,1.050764,11494.0,11986.0,11986.0,0.07972350501884273,0.0007453129631835864,0.008418062681521565,0.0
ZAF_2533,ZAF,Daggakraal,0.674654,0.765604,0.769119,18099.0,18807.0,22930.0,0.025615601957077017,0.0009165476077004353,0.007704014949240667,0.04043967806442361
ZAF_2652,ZAF,De Doorns East,0.730753,0.753199,0.753894,10421.0,11070.0,11505.0,0.006069134971434353,0.000184478105449859,0.012156445307309971,0.0077383830657979935
ZAF_2699,ZAF,Despatch Central,2.159072,2.228441,2.231607,17878.0,20315.0,0.0,0.006344791069985867,0.0002839834958239251,0.0258871234387672,-1.0
ZAF_2718,ZAF,Diazville,1.256275,1.506764,1.514093,34477.0,38030.0,42307.0,0.03703187071395031,0.00097092603453941,0.01981024673590759,0.021544243895816217
ZAF_2747,ZAF,Dimbaza,0.77578,1.209745,1.210306,26570.0,31475.0,32314.0,0.09292673905318094,9.272961938489033e-05,0.034462702631719466,0.005275264048958617
ZAF_2757,ZAF,Dinokana,3.705347,4.160697,4.221492,31584.0,33317.0,33950.0,0.023451910168043266,0.0029054149102103466,0.010740694327545208,0.003771308911174831
ZAF_2785,ZAF,Ditlhake,0.820042,0.929404,0.93002,10115.0,11292.0,11292.0,0.025353665312181528,0.0001325229401580863,0.02225912637357097,0.0
ZAF_2814,ZAF,Dlamini,2.309163,2.498516,2.515584,21431.0,25458.0,26152.0,0.01588724826670962,0.0013625329519855178,0.03503817769527817,0.005393620273036026
ZAF_2858,ZAF,Doornpoort,10.621507,14.994626,15.626145,72843.0,91869.0,0.0,0.07139570157344033,0.00828485153755576,0.04750530979818657,-1.0
ZAF_2883,ZAF,Driefontein,1.17901,1.595088,1.640209,20804.0,23324.0,29619.0,0.0623152886946563,0.005594544462372841,0.023130985653327496,0.04894682268454975
ZAF_2884,ZAF,Doornhoek,0.368052,0.566038,0.586599,15674.0,12445.0,12670.0,0.08990157744803673,0.007161569869773565,-0.04508874599434198,0.0035900405162796467
ZAF_2885,ZAF,Driekoppies,3.143382,3.235522,3.250097,26175.0,26925.0,28084.0,0.005794922919617251,0.0008993175418838817,0.005666085138431365,0.008464582919182062
ZAF_2894,ZAF,Dube,1.4753,1.518757,1.520566,22239.0,25706.0,0.0,0.0058230641494934066,0.00023810770668597492,0.02939925515991826,-1.0
ZAF_2896,ZAF,Duduza,17.480516,17.82994,17.89185,464536.0,483597.0,518981.0,0.003966280456027871,0.0006934873804398389,0.0080749998164793,0.014223273416907212
ZAF_2898,ZAF,Dukathole,1.795719,2.146189,2.148486,35392.0,44422.0,48288.0,0.03630100029487138,0.0002139622621919468,0.046498476673191735,0.016829698295052653
ZAF_2900,ZAF,Dukuza,1.522656,2.03568,2.151234,13818.0,14693.0,14693.0,0.05979420961252524,0.01110353481001991,0.012355526524900018,0.0
ZAF_2903,ZAF,Dumisa,1.347426,1.646741,1.686235,11511.0,12861.0,12861.0,0.04093611147419507,0.004751261579560184,0.02242706392936089,0.0
ZAF_2909,ZAF,Dundonald,2.162358,2.334636,2.341802,21086.0,21528.0,21528.0,0.015449467377341541,0.0006131335211647659,0.004157639153823611,0.0
ZAF_2915,ZAF,Durban,206.561472,208.886464,210.259504,3088935.0,3374423.0,3516344.0,0.0022410707691618015,0.001311185102731649,0.017836804227149505,0.0082735313953477
ZAF_2925,ZAF,Dwarsloop,11.501569,12.701089,12.778356,74619.0,76011.0,76011.0,0.02003899340600257,0.0012137488691157383,0.0037034208155031223,0.0
ZAF_2927,ZAF,Dysselsdorp,0.459908,0.475629,0.476207,13112.0,12916.0,13082.0,0.0067449794186953405,0.00024292851901130952,-0.003007665593265596,0.002557341762712717
ZAF_2930,ZAF,Dzanani,6.247204,6.650199,6.670963,34419.0,37345.0,37672.0,0.012581038758653573,0.0006236840670981181,0.016451925950799806,0.0017451368083940544
ZAF_2938,ZAF,East London,15.438779,16.988136,17.065232,210781.0,243132.0,255159.0,0.01931063562538271,0.0009060020268856217,0.028968624559132072,0.009703249095390332
ZAF_2991,ZAF,Ekangala 2,1.239619,1.307499,1.313617,28304.0,31478.0,62858.0,0.010719461682186848,0.0009340857923969548,0.02148469300548106,0.1483405095228767
ZAF_2992,ZAF,Ekangala 1,1.760322,1.809877,1.817098,22855.0,25417.0,0.0,0.005567871359289267,0.0007966843544975344,0.021477047832384466,-1.0
ZAF_3010,ZAF,Ekuphumleni,0.888231,0.893652,0.894399,12292.0,13855.0,14031.0,0.0012176594156698695,0.0001671233006836914,0.024228357175250403,0.0025277872999454054
ZAF_3011,ZAF,Ekuvukeni,0.970412,1.031813,1.037201,10836.0,12515.0,12515.0,0.012345991123640099,0.0010422006592851751,0.02922984590170641,0.0
ZAF_3075,ZAF,Elandsdoorn,1.716736,1.895255,1.907564,12696.0,14001.0,14508.0,0.01998275074282807,0.0012955667740257581,0.019761069718406965,0.007139659860242453
ZAF_3090,ZAF,Emalangeni,1.392486,1.564592,1.621115,17431.0,21566.0,23812.0,0.023580617642247503,0.007123068617095107,0.04349280666830424,0.020011937813332326
ZAF_3091,ZAF,eMangweni,3.423757,3.575623,3.590477,23860.0,24644.0,25704.0,0.008717970184784374,0.0008294710323686338,0.00648695906407859,0.008458201889540717
ZAF_3092,ZAF,Embalenhle A,2.80345,5.292605,5.297865,73458.0,163655.0,180855.0,0.1355214268225473,0.00019868893324481718,0.17375656866809064,0.020188088053969766
ZAF_3098,ZAF,Empangeni,2.177595,2.923236,2.933943,15419.0,18146.0,0.0,0.06066283953212048,0.0007314734548207191,0.03310613274607466,-1.0
ZAF_3099,ZAF,Empumalanga,8.084073,8.243034,8.254723,140472.0,152132.0,157503.0,0.0039021236069420873,0.00028344843465366587,0.016075926200590285,0.0069633200851613175
ZAF_3103,ZAF,eMzinoni,0.953874,1.014615,1.020857,43557.0,51791.0,57234.0,0.012423118109504694,0.0012274007234518436,0.035235764708243966,0.02018741200562668
ZAF_3114,ZAF,Engonyameni,2.387594,2.694649,2.765778,18209.0,19209.0,25636.0,0.024491465311654803,0.005224402851036203,0.010749958389718373,0.0594222781016851
ZAF_3117,ZAF,Entabeni,3.092848,3.368072,3.408835,23180.0,24040.0,24040.0,0.017195799323796557,0.0024089201710049135,0.007312460765461326,0.0
ZAF_3133,ZAF,Ermelo Central,6.609719,7.049666,7.074863,65722.0,74204.0,79511.0,0.01297122550936658,0.000713822563918276,0.024573948773506382,0.013911338488955316
ZAF_3143,ZAF,eSibongile,2.776678,2.934246,2.943878,36612.0,46312.0,51353.0,0.011100209515261916,0.0006556626536011745,0.048127260446981124,0.020879438161598873
ZAF_3144,ZAF,Esikhawini,8.002324,8.491054,8.568163,112668.0,130230.0,168103.0,0.011926791502281375,0.0018096792103523551,0.02939508683635572,0.052380723970998355
ZAF_3152,ZAF,Estcourt ,2.419789,2.60577,2.61022,21115.0,39871.0,45274.0,0.014919779232426045,0.00034131664103442816,0.13556816415561967,0.025742493996491644
ZAF_3159,ZAF,Ethandakukhanya,2.525438,2.69789,2.718795,34426.0,38597.0,59322.0,0.01329874667469122,0.0015449484909570987,0.02313607327581302,0.08976397465523056
ZAF_3162,ZAF,Etwatwa,5.63425,5.653021,5.681268,181820.0,186566.0,0.0,0.0006654314235798875,0.0009973679864958562,0.005166877949158266,-1.0
ZAF_3164,ZAF,Evander,1.263204,1.280649,1.282394,12129.0,14422.0,15938.0,0.0027468918466415637,0.0002723696639350681,0.035237747257283125,0.020191418919145443
ZAF_3165,ZAF,Evaton,37.229384,53.446848,54.293492,784481.0,995130.0,1092841.0,0.07499699320378972,0.0031482859461462454,0.04871982480537729,0.018909079363248482
ZAF_3172,ZAF,Ezakheni,4.046594,4.519999,4.562643,58325.0,64909.0,113169.0,0.022373869786440848,0.0018798223104179446,0.02162152378417792,0.11759515921363617
ZAF_3174,ZAF,Ezakheni E,1.099607,1.781988,1.794489,16016.0,20969.0,0.0,0.10137054070806584,0.001399119200553356,0.05536996882704881,-1.0
ZAF_3178,ZAF,Ezibeleni,2.087034,2.124556,2.12751,28190.0,31770.0,32173.0,0.003570141844462027,0.0002779271022246288,0.02419918943283994,0.002524209106142372
ZAF_3231,ZAF,Fernie,2.229932,2.594721,2.60565,25514.0,26512.0,26512.0,0.030765346256052872,0.000840987000830129,0.007703548732043153,0.0
ZAF_3239,ZAF,Figtree,1.471443,1.506912,1.513687,13481.0,13867.0,14463.0,0.004775159272166096,0.0008975771301140689,0.005662095422989566,0.008451866504474603
ZAF_3279,ZAF,Freedom Park,1.730819,1.961709,1.966744,23079.0,26108.0,29231.0,0.025360507145648636,0.0005128017187132627,0.024970399386043285,0.02285486180753349
ZAF_3326,ZAF,Ga-Kgoete,2.922567,3.883123,3.901379,19570.0,24596.0,39130.0,0.058481651938802726,0.000938510844843421,0.046778349953300324,0.09730933214999515
ZAF_3337,ZAF,Ga-Luka,2.942011,2.971791,2.974237,23207.0,26254.0,29394.0,0.0020163180894874344,0.00016456036801670848,0.024979774515940134,0.02285163047331773
ZAF_3338,ZAF,Gamalakhe 2,3.292663,2.091525,2.116078,53921.0,44152.0,70837.0,-0.0867637220914741,0.002336908393418158,-0.039187844882114464,0.09916263322025087
ZAF_3339,ZAF,Ga-Mampuru,3.742697,4.126682,4.140311,28068.0,35278.0,38920.0,0.019725469930883976,0.0006596597872554621,0.046787426841368385,0.019844070371980882
ZAF_3340,ZAF,Ga-Marishane,0.598826,4.232945,4.242626,10042.0,23696.0,23696.0,0.4786602408125358,0.00045699415994215897,0.18732869773566585,0.0
ZAF_3341,ZAF,Ga-Masemola,3.205152,3.297188,3.304432,14842.0,15597.0,15597.0,0.00567815372031899,0.0004390190843395203,0.009972919082757103,0.0
ZAF_3342,ZAF,Ga-Masha,4.645773,5.614599,5.632418,33168.0,41686.0,45989.0,0.03860916749855359,0.0006339338635705793,0.04677703910349296,0.01984165932272486
ZAF_3355,ZAF,Ga-Moloi,4.225962,4.425679,4.44066,21415.0,22504.0,0.0,0.009278134661451887,0.0006760886509264985,0.009969661238257599,-1.0
ZAF_3366,ZAF,Ganyesa,3.908837,4.083737,4.113111,16847.0,15600.0,15600.0,0.008792955561953697,0.001434463040270062,-0.015262663703712653,0.0
ZAF_3373,ZAF,Ga-Rakgoatha,1.809584,2.570316,2.576717,10032.0,14986.0,14986.0,0.0727080862218048,0.0004975756448113433,0.08357665775361767,0.0
ZAF_3378,ZAF,Ga-Ramongoane,0.796041,0.815342,0.816546,11641.0,13312.0,17772.0,0.00480289009176138,0.0002951618976836379,0.027189577063715387,0.059494237896042135
ZAF_3383,ZAF,Ga-Raphahlelo,2.128568,2.459817,2.471634,13486.0,14353.0,14353.0,0.02934996467493778,0.0009589622001120457,0.012539340294279722,0.0
ZAF_3400,ZAF,Mosate,2.569182,3.007937,3.016093,15256.0,18731.0,18731.0,0.032035824668431356,0.0005417113715868727,0.0418952468287912,0.0
ZAF_3449,ZAF,Gcumisa,2.397863,3.710096,4.027577,33366.0,36919.0,36919.0,0.09121959544996505,0.016557013367388462,0.020443953618729083,0.0
ZAF_3467,ZAF,George,11.325748,12.127338,12.15236,171961.0,179903.0,194322.0,0.013770659013609743,0.000412314304241157,0.00907091561214024,0.015539249833961266
ZAF_3532,ZAF,Giyani,5.939691,6.309561,6.349134,42342.0,46096.0,55421.0,0.012155077782732393,0.001251246882284729,0.01713447495448972,0.03753372746202155
ZAF_3577,ZAF,Gopane,1.905011,2.336751,2.387046,13588.0,14333.0,14605.0,0.04170078130523569,0.004268105567735603,0.01073269063986082,0.003766950169134864
ZAF_3600,ZAF,Graaff Reinet,1.705161,1.711856,1.71211,34017.0,25367.0,26046.0,0.0007840327135875125,2.9673632156335117e-05,-0.05699364438429,0.005296997511498924
ZAF_3612,ZAF,Greytown,1.401038,1.500867,1.5086,18414.0,21348.0,22356.0,0.013861096547298946,0.001028353854984232,0.03001087735148933,0.009270039701674504
ZAF_3616,ZAF,Groendal,0.889112,0.928292,0.931538,12961.0,14429.0,15769.0,0.008661924561449652,0.0006983727812166496,0.021690945489038826,0.017919851223901828
ZAF_3642,ZAF,Gugulethu,1.215933,1.254002,1.261662,20999.0,21545.0,0.0,0.006184717626180447,0.0012187144891979695,0.005146991188505146,-1.0
ZAF_3723,ZAF,Ha-Madodonga,4.184429,5.259057,5.289276,23394.0,29630.0,29889.0,0.0467773935040825,0.0011465851044838438,0.048396188029014686,0.0017421474076482202
ZAF_3738,ZAF,Hankey,0.300752,0.397601,0.398737,13076.0,15044.0,16760.0,0.05742065352872894,0.000570775193589057,0.028436975696220168,0.021838208855822216
ZAF_3758,ZAF,Hartebeesfontein,2.050963,2.15623,2.175173,38796.0,43890.0,49141.0,0.010060648923089,0.0017509060922191733,0.024980790084495164,0.022858790399013618
ZAF_3779,ZAF,Hawston,0.339677,0.418983,0.420454,11254.0,13109.0,14901.0,0.04286010139226293,0.0007011924292210647,0.03098543640934448,0.025957026650873738
ZAF_3791,ZAF,Heidelberg ,3.568396,3.656308,3.679383,14750.0,16717.0,18416.0,0.004879405720067176,0.0012590279030617602,0.025352664752039678,0.01954733262944175
ZAF_3799,ZAF,Hermanus,5.175042,5.522812,5.542359,38107.0,44389.0,50459.0,0.013092910436185878,0.0007068640172718244,0.030989210338497664,0.025965260351344277
ZAF_3814,ZAF,Hlabisa,3.642744,3.779437,3.833581,161534.0,123148.0,157463.0,0.007394769852556049,0.0028489097663508822,-0.05281964254228,0.05038916117221803
ZAF_3815,ZAF,Hlahlindlela,3.501819,4.816972,4.843932,52057.0,65005.0,79276.0,0.06584998990063373,0.0011168777884840164,0.04542654961683201,0.04049259382856074
ZAF_3816,ZAF,Hlohlokwe,1.542099,1.788232,1.793273,10892.0,11954.0,0.0,0.03005952245883603,0.0005631624300432847,0.018781672966492913,-1.0
ZAF_3817,ZAF,Hlohlolwane,1.330412,1.341034,1.344121,14709.0,16566.0,16566.0,0.0015917233473241588,0.0004599676765093541,0.02406353456660293,0.0
ZAF_3828,ZAF,Hopewell,0.776645,0.77877,0.784468,11302.0,13106.0,13397.0,0.0005466276360774902,0.0014590692220275425,0.030061066019749116,0.004401791684684353
ZAF_3833,ZAF,Hout Bay,1.742772,2.112067,2.121897,31108.0,32268.0,0.0,0.039186325864652316,0.0009291135736499978,0.007349074113434773,-1.0
ZAF_3834,ZAF,Howick,2.973126,3.033479,3.049433,21549.0,25498.0,27770.0,0.004027332220099655,0.0010496557070445167,0.03422682771422192,0.01721780334758738
ZAF_4,ZAF,42nd Hill,1.173642,1.328598,1.330752,17893.0,20312.0,20312.0,0.025112644141219942,0.0003240415056282586,0.02568476597291336,0.0
ZAF_4004,ZAF,Ikutseng,1.492111,1.525957,1.528272,21078.0,20009.0,20009.0,0.004496048718647172,0.00030323219600503215,-0.010355542341252577,0.0
ZAF_4025,ZAF,Illinge,1.110861,1.113668,1.116716,10965.0,12357.0,12513.0,0.0005048637274349677,0.0005467820999338624,0.024190827719779096,0.002512230327573084
ZAF_4048,ZAF,Imizizi,1.672513,1.807529,1.830744,16835.0,20453.0,35216.0,0.01564785196523033,0.0025556044893906282,0.03970176091519195,0.11479907932268829
ZAF_4052,ZAF,Impumelelo,0.538667,0.560399,0.561748,10472.0,11870.0,13076.0,0.007941661178564097,0.00048097978067818126,0.025378523873372583,0.01954133648149936
ZAF_4060,ZAF,Inchanga,2.050594,2.297782,2.319615,31541.0,34157.0,70288.0,0.023024013713746072,0.0018931725535744626,0.01606350411115165,0.15526148101068205
ZAF_4073,ZAF,Ipelegeng,1.917143,2.145172,2.149144,41313.0,42614.0,45239.0,0.022731240790224483,0.0003700459862694405,0.006220390244804808,0.012027092525916494
ZAF_4118,ZAF,Isithebe,5.046318,5.848245,5.888699,66098.0,78478.0,81024.0,0.02993588173123385,0.0013796456722918737,0.034932252759286575,0.006405845495908613
ZAF_4140,ZAF,Itsoseng,6.644714,7.117351,7.193727,63812.0,70046.0,73426.0,0.013837657082620636,0.0021370383442169683,0.01881703203897378,0.009469742385902702
ZAF_4192,ZAF,Jeffreys Bay,3.079422,3.265965,3.27041,24773.0,28504.0,32758.0,0.011832124472457961,0.0002720532586488744,0.02845534912114389,0.0282111612868019
ZAF_4202,ZAF,Jericho,2.255049,2.268475,2.273321,13984.0,15621.0,17244.0,0.0011879244949040135,0.0004268827664410946,0.02238738790066619,0.01996633189691366
ZAF_4220,ZAF,Johannesburg,620.130944,660.31776,666.466176,8314220.0,9100908.0,11013991.0,0.01263728769600414,0.0018553622465360409,0.018245835195393356,0.03889581936292674
ZAF_4227,ZAF,Jouberton,6.552296,8.511613,8.53493,120548.0,140326.0,143575.0,0.053716236724941746,0.0005472873770133724,0.030850360814330235,0.004588346298629142
ZAF_4400,ZAF,Kagiso,7.84925,8.990837,9.025094,178967.0,204360.0,0.0,0.027529720831991344,0.0007608837411252622,0.026891566525778732,-1.0
ZAF_4468,ZAF,Ka-Majosi,1.798731,2.972199,2.997629,13741.0,23439.0,23644.0,0.10566187032478513,0.0017053644760054443,0.11271552592864742,0.0017431337503091004
ZAF_4478,ZAF,Kameelrivier,1.731878,1.738607,1.739215,12291.0,11825.0,0.0,0.0007758706365244006,6.993126905885383e-05,-0.007700468870597943,-1.0
ZAF_4497,ZAF,Kanana 1,4.512348,4.668206,4.685429,78692.0,81184.0,84843.0,0.006814555095230546,0.0007367986300208518,0.006254817181776895,0.008855844272995128
ZAF_4498,ZAF,Kanana 2,1.567943,1.646931,1.654528,22684.0,25662.0,0.0,0.009878268495864262,0.0009208669005353887,0.02497712335597546,-1.0
ZAF_4645,ZAF,Kathu,2.262179,2.812121,2.821422,14166.0,18650.0,21992.0,0.04448307605117918,0.000660620169558257,0.05654091447070986,0.03351593753512305
ZAF_4738,ZAF,Kgakala,0.500795,0.501895,0.502608,11742.0,12442.0,12864.0,0.0004389160468567521,0.0002839618586987225,0.011648458698883202,0.006693273772040431
ZAF_4742,ZAF,Khaya Mnandi,0.403786,0.499283,0.500778,10014.0,11379.0,11966.0,0.043371823693317824,0.0005981427857537636,0.025886469885906704,0.010110720112420202
ZAF_4757,ZAF,Khotsong,2.288987,2.439194,2.44219,35682.0,35887.0,35887.0,0.012792795616392016,0.00024553431335028186,0.0011464072169409256,0.0
ZAF_4760,ZAF,Khuma,1.572657,1.5886,1.596019,49586.0,52108.0,53314.0,0.0020193520688591704,0.0009322900127712863,0.00997137655017677,0.004586580912530502
ZAF_4761,ZAF,Khunwana,0.38986,0.440372,0.441146,10621.0,11083.0,24353.0,0.024665712026761044,0.0003512741130917707,0.008552208853610743,0.17052050796878926
ZAF_4762,ZAF,Khutsong,1.7182,1.738125,1.74237,54264.0,50926.0,50926.0,0.002308603688086608,0.00048798090624058155,-0.01261721205198918,0.0
ZAF_4836,ZAF,Kimberley,14.651698,15.357643,15.384122,218579.0,211749.0,248083.0,0.009455832996475122,0.0003445939885302618,-0.006329065411038615,0.032179257728080835
ZAF_4852,ZAF,King Williams Town,4.732031,4.79681,4.804087,57382.0,63831.0,65580.0,0.002723023995528706,0.0003032260267297193,0.021530160045984292,0.005421001874193365
ZAF_4930,ZAF,Kleinmond,1.209226,1.221554,1.2264,10662.0,12419.0,14117.0,0.0020307257699898607,0.0007921595719733165,0.03097845529257981,0.025961721309341934
ZAF_4931,ZAF,Klerksdorp,8.012502,8.198141,8.214799,42209.0,45262.0,46309.0,0.004591378102779542,0.00040605491821588124,0.014064864423613432,0.0045841749870636495
ZAF_4933,ZAF,Kloof Gold Mine,0.699629,0.715979,0.719931,11934.0,11253.0,11253.0,0.004630817724692093,0.0011015136536065562,-0.011682564520894667,0.0
ZAF_4936,ZAF,Knysna,2.591954,3.191232,3.214433,54035.0,56774.0,62480.0,0.042476365596443744,0.0014498364366573036,0.009938358637826106,0.019338213278437655
ZAF_4953,ZAF,Kokosi,0.941874,1.090911,1.093772,17885.0,16784.0,16784.0,0.02981521131955822,0.0005239663794549543,-0.012626867829199973,0.0
ZAF_4954,ZAF,Kokstad,2.069416,2.862048,2.869754,33785.0,65779.0,72607.0,0.06700344620547494,0.0005379164912233669,0.14254330214662758,0.019948503739572354
ZAF_4966,ZAF,Koloti,3.141386,3.358128,3.36982,21981.0,25138.0,27262.0,0.013433341763710693,0.0006953725832221647,0.02720388937462115,0.01635493043391545
ZAF_5053,ZAF,Kriel,1.837994,1.86536,1.868069,18784.0,21592.0,24218.0,0.0029602337539198498,0.00029028473793513143,0.0282553040208553,0.02322014213663559
ZAF_5055,ZAF,Kroonstad,7.815197,8.158063,8.166752,81336.0,77003.0,77003.0,0.008624295157905193,0.00021292555763419152,-0.010889147467502802,0.0
ZAF_5057,ZAF,Kruisfontein,1.671144,1.833906,1.837949,34570.0,39776.0,44315.0,0.018761770445463455,0.00044052851730413956,0.028452754025066085,0.021847129627385664
ZAF_5111,ZAF,KuMasadala,1.101312,1.355291,1.380832,11170.0,14369.0,14906.0,0.04237607947443167,0.0037409850071576933,0.05165834981259776,0.0073651317826348706
ZAF_5141,ZAF,Kutlwanong,2.746229,3.073023,3.08045,58623.0,68467.0,68467.0,0.022741343609481213,0.00048290106846238245,0.031531873568453994,0.0
ZAF_5145,ZAF,Kuyasa,0.908266,0.928476,0.928596,16407.0,18063.0,20148.0,0.0044111496187935195,2.584747409017929e-05,0.019417631592662188,0.02208828863443979
ZAF_5149,ZAF,Kwaggafontein,4.425171,4.580489,4.590148,56717.0,60680.0,64076.0,0.006923223310229654,0.000421390074994088,0.013599678674180105,0.01095066929017463
ZAF_5151,ZAF,KwaGuqa/Hlalanikahle/Vosman,5.33183,5.854572,5.867129,105030.0,133730.0,149981.0,0.018881722246280486,0.00042859634636593924,0.04950157778952646,0.023202234898289875
ZAF_5162,ZAF,Kwanobuhle South,1.717113,1.842623,1.843363,55606.0,63187.0,126164.0,0.014209145258974987,8.030738296627149e-05,0.025890991433336064,0.14831633471369
ZAF_5163,ZAF,Kwanobuhle,1.957691,2.136313,2.148134,49968.0,56781.0,0.0,0.01761651789179508,0.0011042316894409598,0.025893348419692597,-1.0
ZAF_5169,ZAF,KwaZamokuhle,0.856801,0.903234,0.908769,24715.0,30087.0,34638.0,0.010611096532777253,0.0012226028522566157,0.04012049560760245,0.028572205286983676
ZAF_5170,ZAF,KwaZanele,0.787143,0.796226,0.799443,15454.0,17448.0,18696.0,0.0022972607823070756,0.000806759261029244,0.02456838067064493,0.013912808366356222
ZAF_5192,ZAF,Ladysmith Central,5.008112,5.126078,5.138907,30314.0,33735.0,34742.0,0.004667227054473644,0.0005000382917073054,0.021615547519538536,0.005900028126888834
ZAF_5214,ZAF,Langeloop,2.389216,2.560472,2.57236,14888.0,15315.0,15973.0,0.013941557156989859,0.0009268590646260844,0.005671466403451397,0.008448903516539374
ZAF_5238,ZAF,Lebaleng,1.039048,1.083826,1.087824,14023.0,14859.0,15363.0,0.0084741972827298,0.0007366706315090621,0.011648704545444755,0.006693558169077463
ZAF_5239,ZAF,Lebogang,1.655172,1.768657,1.78,29786.0,35417.0,39139.0,0.013351459363767804,0.0012793902788066358,0.035237313953507154,0.02018654343468862
ZAF_5240,ZAF,Lebowakgomo,2.660894,4.066168,4.089865,19106.0,21350.0,21350.0,0.08850780840140171,0.0011628615144529952,0.0224583387084889,0.0
ZAF_5241,ZAF,Ledig,3.301521,3.364025,3.38066,19647.0,19653.0,19653.0,0.0037580241983894425,0.000987043405643373,6.107056749571349e-05,0.0
ZAF_5244,ZAF,Leeufontein,2.993849,3.065537,3.071367,18953.0,19874.0,19874.0,0.004743797837497565,0.0003800684894947892,0.00953519594494212,0.0
ZAF_5245,ZAF,Lefiso,1.711065,2.069545,2.135177,11424.0,10991.0,10991.0,0.0387754407007328,0.006263689544644402,-0.007698146223251046,0.0
ZAF_5250,ZAF,Lekwa,5.857616,6.61411,6.63955,69999.0,76111.0,82894.0,0.024589977067601465,0.0007680836849512929,0.01688330787870318,0.01722056987681775
ZAF_5252,ZAF,Lemnertsville,1.026046,1.078583,1.078933,12087.0,16154.0,16960.0,0.010037150161334996,6.489154360256322e-05,0.05972288047333674,0.009785555142582947
ZAF_5254,ZAF,Lenasia,6.28387,6.775102,6.797478,130057.0,142826.0,157910.0,0.015167555171855307,0.0006596652899608646,0.01890738099396283,0.02028258073444822
ZAF_5255,ZAF,Lennoxton,3.432703,7.334027,7.371031,21343.0,46858.0,49479.0,0.1639685740771737,0.0010070741075927092,0.1703227751467209,0.010944777675034212
ZAF_5267,ZAF,Letsopa,0.883981,0.916949,0.917117,13234.0,13809.0,14142.0,0.007350137700190329,3.664057416896682e-05,0.008542536573519222,0.004777081983116105
ZAF_5281,ZAF,Lindelani Village,1.355427,1.397011,1.401169,21702.0,22270.0,23899.0,0.006061983990238051,0.0005945634714474846,0.005180584877113148,0.014219374223458647
ZAF_5283,ZAF,Lingelihle,1.465418,2.691161,2.692513,29272.0,39121.0,40263.0,0.12926438566342058,0.00010045689513504819,0.059720925785003987,0.005771295298649726
ZAF_5320,ZAF,Lorraine,1.733008,1.996823,2.000525,12447.0,13661.0,25615.0,0.02874514956119434,0.0003705143348313733,0.018787388815528994,0.1339721114178165
ZAF_5326,ZAF,Louis Trichardt,2.68328,2.774869,2.785986,15991.0,17350.0,17502.0,0.00673530323680005,0.0007999820836070981,0.016447076692150286,0.0017460533231794528
ZAF_5351,ZAF,Luckau,3.252418,3.486809,3.51089,23241.0,25609.0,29725.0,0.014014955750297098,0.0013774628866833893,0.01959468265404407,0.030257651528468044
ZAF_5354,ZAF,Ludlow,1.437166,1.486182,1.493621,10472.0,10425.0,10425.0,0.0067300046594789276,0.0009990903371845938,-0.0008992476188520726,0.0
ZAF_5408,ZAF,Luvisi,2.275181,2.584775,2.597078,18613.0,16843.0,16843.0,0.025844084499211162,0.0009501517748264909,-0.01978664734362956,0.0
ZAF_5417,ZAF,Mabaso,1.595488,1.794556,1.818813,16151.0,17039.0,17039.0,0.023794270180393262,0.0026888992081472995,0.010762072325155358,0.0
ZAF_5418,ZAF,Mabedlane,2.714745,2.959675,2.983729,31554.0,34172.0,35378.0,0.01742638593049084,0.0016201901946708563,0.01606898583062799,0.006960827263571279
ZAF_5420,ZAF,Mabeskraal,3.264383,3.663421,3.711794,14691.0,14696.0,14696.0,0.023333389565106666,0.002627026079033312,6.805962085776329e-05,0.0
ZAF_5445,ZAF,Madibogo,2.424575,2.742183,2.760974,24560.0,23760.0,24819.0,0.02492517860619814,0.0013667726848778372,-0.006601237227285228,0.008759339327454096
ZAF_5456,ZAF,Madiseng,16.512048,18.318072,18.401012,101192.0,121827.0,143336.0,0.02097654204892052,0.000903918201901055,0.03781387827746063,0.03305238852340975
ZAF_5459,ZAF,Madombidzha,5.855805,6.275586,6.302704,29866.0,32402.0,32686.0,0.013942987291520215,0.0008627480636331786,0.016433455831016852,0.0017468644697173907
ZAF_5462,ZAF,Mafakathini,1.095084,1.266625,1.274111,11496.0,13243.0,13880.0,0.029532650637257518,0.001179254319584988,0.0286980694186858,0.009440249519874433
ZAF_5468,ZAF,Mafikeng,34.322848,37.103844,37.459568,226695.0,251333.0,261669.0,0.015703894491656545,0.0019101397055238944,0.020849016592897174,0.008092890461148361
ZAF_5487,ZAF,Magoboya,2.781328,3.161385,3.173805,22136.0,24786.0,25207.0,0.02594726033662842,0.0007844997245429752,0.022872399002186627,0.0033742311604580966
ZAF_5489,ZAF,Magoro,1.739875,1.798384,1.809222,12294.0,13339.0,13455.0,0.006636970180671664,0.0012024092626357064,0.016449982567762422,0.00173324213476711
ZAF_5498,ZAF,Magwaveni,0.622369,0.638651,0.642095,10249.0,11099.0,11490.0,0.005178356553717567,0.0010762043988339354,0.016062613648403223,0.00694844473413081
ZAF_5550,ZAF,Majwemasweu,1.132261,1.193147,1.194705,10913.0,12652.0,12652.0,0.010530627995143815,0.0002610217967029538,0.03001371044282375,0.0
ZAF_5561,ZAF,Makapanstad,2.619559,2.648179,2.662658,18131.0,18468.0,18468.0,0.0021756134163750662,0.0010911224455223412,0.0036900563959618715,0.0
ZAF_5568,ZAF,Makgwareng,1.311778,1.332122,1.337047,14158.0,16189.0,17556.0,0.0030826798407832534,0.0007383306949699797,0.02717306596515634,0.016344894368933494
ZAF_5569,ZAF,Makhado 2,4.286334,4.945315,4.986589,32837.0,35628.0,35940.0,0.029014726606121144,0.0016636713956572624,0.016449002810856372,0.0017453284730239993
ZAF_5570,ZAF,Makhado 1,3.508976,4.061403,4.094865,21912.0,23772.0,32576.0,0.02967255577094785,0.0016424011271434225,0.01642828136248875,0.06504119661912622
ZAF_5575,ZAF,Makonde,2.74316,2.980028,2.999816,17664.0,19461.0,37500.0,0.01670238200925578,0.0013245278146591932,0.019565706372585367,0.1401794861623591
ZAF_5577,ZAF,Makotopong,1.23945,1.35629,1.36223,10176.0,11636.0,12619.0,0.018180346016745563,0.0008743884190733908,0.02717708635466276,0.016352232704612613
ZAF_5598,ZAF,Dinga,4.539232,8.568788,8.592816,27095.0,52304.0,53427.0,0.13550069298960898,0.0005601981096146069,0.14058892306265625,0.004257715661069472
ZAF_5616,ZAF,Wesbank,2.174148,1.062674,1.064505,42948.0,30000.0,56609.0,-0.1333930051514255,0.0003443651334413822,-0.06924439105336555,0.13541034189122714
ZAF_5619,ZAF,Malubelube,3.389298,4.287637,4.320014,20026.0,24899.0,24899.0,0.048145685381825176,0.0015057079730773637,0.04452187261543794,0.0
ZAF_5623,ZAF,Maluti a Phofung,1.802149,1.873806,1.88395,15488.0,17585.0,17585.0,0.007828849410493444,0.0010803791785247707,0.025721376577068744,0.0
ZAF_5641,ZAF,Mandela Village,1.566671,1.784585,1.786628,37420.0,53015.0,59501.0,0.026388758437268844,0.0002288560206746837,0.07215850869470941,0.023352134615906683
ZAF_5689,ZAF,Manthata,2.335671,2.603086,2.641667,20303.0,19753.0,19753.0,0.021916401643336192,0.0029468320003385173,-0.005477598912416726,0.0
ZAF_5694,ZAF,Manyatseng,1.088484,1.151074,1.152988,15372.0,17366.0,17366.0,0.01124465458367263,0.0003323380135094034,0.02469327077993344,0.0
ZAF_5714,ZAF,Marapyane,2.024679,2.436369,2.485215,12580.0,12103.0,12103.0,0.03771328650291128,0.003977962916639433,-0.007701171946514873,0.0
ZAF_5720,ZAF,Margate,3.693047,3.707816,3.729309,20382.0,21282.0,27423.0,0.0007985509650958456,0.0011566559647180341,0.00867934631632794,0.05201154276358033
ZAF_5727,ZAF,Marijane,2.498168,2.762062,2.773054,18655.0,18572.0,18572.0,0.020287007683809755,0.0007946631178565866,-0.0008914297433135765,0.0
ZAF_5759,ZAF,Mashishing,1.236675,1.502269,1.503472,20898.0,20864.0,21861.0,0.039676972015642686,0.00016010645836828097,-0.00032560195371000855,0.009379522912028149
ZAF_5762,ZAF,Masibekela,1.562562,1.936898,1.95187,13207.0,13586.0,14170.0,0.04388798379595449,0.001541219084183254,0.005674611698709864,0.008452966849820553
ZAF_5763,ZAF,Masilo,1.592663,1.624688,1.62801,22154.0,24216.0,24216.0,0.003989605237258331,0.00040860600075576237,0.017958448934948024,0.0
ZAF_5784,ZAF,Mataleng,1.261237,1.313816,1.31623,20385.0,19449.0,20416.0,0.008202032752270272,0.00036720937544321153,-0.00935668749912244,0.009751893281911173
ZAF_5800,ZAF,Matiwane,0.433567,0.589529,0.6142,12358.0,13754.0,14165.0,0.06338319040359508,0.008233045642486614,0.02163594778972122,0.005906262067684187
ZAF_5803,ZAF,Matsamo,4.480918,5.197548,5.233299,24929.0,25644.0,26747.0,0.0301164024601126,0.0013719176668962607,0.005671591260338449,0.008458107645865187
ZAF_5804,ZAF,Matsulu,5.536927,5.905173,5.914789,51638.0,53163.0,56196.0,0.012961094734479595,0.0003254686229972048,0.00583794076315014,0.011158378302472016
ZAF_5811,ZAF,Matwabeng,1.04688,1.048161,1.048558,16985.0,19128.0,19128.0,0.0002446074944353338,7.574024730905293e-05,0.024049152249194572,0.0
ZAF_5871,ZAF,Mbiza,1.514189,1.637197,1.657629,13538.0,14930.0,19769.0,0.015743777882070598,0.0024836060256121506,0.019767248072350085,0.05775473652466778
ZAF_5872,ZAF,Mbizana,3.753084,4.220685,4.306747,44625.0,54214.0,57892.0,0.023761825246381152,0.004045245127963781,0.039696649585772015,0.013214556216865292
ZAF_5875,ZAF,Mbombela,32.595306,33.277772,33.359602,314295.0,323510.0,341972.0,0.004152874648272409,0.0004913167299811505,0.0057963321108598365,0.011161598376556725
ZAF_5876,ZAF,Mbonambi,3.123671,3.370319,3.401891,27985.0,33371.0,35709.0,0.01531580007568989,0.0018665508104533934,0.035830708189878324,0.013635222883450426
ZAF_5886,ZAF,Mbuzini,0.353164,0.39433,0.400652,11225.0,11547.0,12044.0,0.02229603961844373,0.0031860843939144345,0.005672473764268826,0.008463806711797917
ZAF_5889,ZAF,Mdantsane,6.380794,6.521975,6.543682,148658.0,165651.0,183489.0,0.0043865334264068245,0.0006647728251589768,0.021882955194251208,0.020664933944497976
ZAF_5890,ZAF,Mdantsane West,1.902335,3.348616,3.371761,45718.0,59996.0,61642.0,0.11973607411766629,0.001378556069086656,0.05586164634201363,0.005427789976683028
ZAF_5916,ZAF,Meiringspark,2.097505,2.115777,2.119149,12364.0,15275.0,15628.0,0.0017362210438651715,0.00031854514117313215,0.04319247226185419,0.004579789754149077
ZAF_5931,ZAF,Meloding,2.129042,2.22468,2.22969,48059.0,53422.0,53422.0,0.008826923903520578,0.00044999667923817377,0.02138407592975411,0.0
ZAF_5953,ZAF,Meqheleng,3.465408,3.551889,3.557982,31339.0,35289.0,35289.0,0.004942011657218304,0.0003428498730460028,0.024025669799259797,0.0
ZAF_5957,ZAF,Meriting,4.97882,6.127196,6.151303,45787.0,51800.0,0.0,0.042382398906661845,0.0007856497631382187,0.024985010156842735,-1.0
ZAF_5980,ZAF,Magudu,1.674708,2.459072,2.469128,12474.0,16884.0,17611.0,0.07985745277728928,0.0008165349573110436,0.06241433210983316,0.008467100610659584
ZAF_5991,ZAF,Middelburg ,9.626084,10.472563,10.518589,55284.0,78995.0,0.0,0.01699933021123301,0.0008774413790821889,0.07398948412003103,-1.0
ZAF_5992,ZAF,Middelburg East,3.524964,3.567099,3.592122,96496.0,129367.0,262930.0,0.002379313476629008,0.001399068548786797,0.06038320180362011,0.1524002050246671
ZAF_6146,ZAF,Mkhoba,0.935455,1.14977,1.18179,13005.0,16067.0,16813.0,0.042119720748427625,0.0055087810094427425,0.04319353618785926,0.009118304270035793
ZAF_6147,ZAF,Mkobola 2,1.614826,1.988788,1.997262,15439.0,16517.0,17441.0,0.04253957896785532,0.0008507285957550792,0.013590194025968394,0.010946196528513585
ZAF_6152,ZAF,Mkukwini,1.132873,1.240774,1.264654,11892.0,12643.0,28664.0,0.01836224925550578,0.0038199150573490215,0.012322867929242642,0.17786992100193033
ZAF_6165,ZAF,Mmamahabane,0.879062,0.928263,0.931561,10089.0,11214.0,11214.0,0.010951466637756369,0.0007095667967413899,0.0213685618159829,0.0
ZAF_6168,ZAF,Mnamfu,4.091239,4.286485,4.315992,29398.0,31237.0,31237.0,0.009367440710498665,0.0013729704729323888,0.01220926082645013,0.0
ZAF_6178,ZAF,Modjadji,13.979306,14.858202,15.015721,101159.0,110743.0,121583.0,0.012269448167249397,0.002111362377877013,0.018268598985792917,0.018852497060355855
ZAF_6179,ZAF,Moemaneng,0.758135,0.790512,0.792132,10666.0,12012.0,12012.0,0.008398948258219407,0.00040952539139293975,0.024053741924729755,0.0
ZAF_6181,ZAF,Mogalakwena,0.996338,2.275988,2.283596,19200.0,26354.0,26698.0,0.17964859476071804,0.0006676527096620699,0.06539109533569487,0.002597084618723322
ZAF_6182,ZAF,Mogapeng,1.592146,1.686063,1.695408,12575.0,14079.0,14318.0,0.011528635068328796,0.0011060501031430192,0.022851916051755072,0.0033723057702821357
ZAF_6184,ZAF,Mogogelo,1.503403,1.559994,1.561862,10972.0,11176.0,11176.0,0.007417528553251618,0.00023937347383995444,0.0036912055571434177,0.0
ZAF_6192,ZAF,Randfontein,2.488913,11.66322,11.82622,63291.0,139777.0,145875.0,0.3619518386214098,0.002779615928825363,0.1717062634830011,0.008576931924373588
ZAF_6193,ZAF,Mohlaletsi,6.132643,7.75617,7.798564,34186.0,39029.0,41305.0,0.04809325747294135,0.0010907861805062868,0.026851938077174786,0.011400212424037548
ZAF_6194,ZAF,Mohodi ga Manthata,3.780817,3.857317,3.862819,21803.0,22078.0,22078.0,0.0040143841875599495,0.0002851133835621855,0.0025099571997102554,0.0
ZAF_6203,ZAF,Mokomene,2.937821,3.003729,3.009221,15591.0,15742.0,15742.0,0.0044471326121893195,0.0003654116456486278,0.0019295542036492641,0.0
ZAF_6205,ZAF,Mokwallo,1.256173,1.2652,1.268578,11929.0,11559.0,11559.0,0.0014331089275398945,0.0005334173496973627,-0.006281797686553903,0.0
ZAF_6208,ZAF,Moletji,7.611927,8.050418,8.084238,57758.0,66048.0,93049.0,0.011264503315661312,0.0008387964792957447,0.02718697779664936,0.07095299020926715
ZAF_6210,ZAF,Moloto,3.272888,3.680427,3.69151,25677.0,27470.0,29007.0,0.02374881686706387,0.0006015429306349684,0.013591303433566182,0.010948031865545715
ZAF_6214,ZAF,Monakato,0.791621,0.792464,0.792702,12302.0,13917.0,17542.0,0.00021289004303626236,6.005860551927533e-05,0.024976671408913687,0.0473858343826663
ZAF_6225,ZAF,Monsterlus,2.664527,3.109986,3.123753,10908.0,14923.0,15376.0,0.031401269749704586,0.0008837780974042531,0.06468761447525839,0.005998761995204438
ZAF_6226,ZAF,Montana,0.487837,0.611712,0.617237,12053.0,13426.0,14883.0,0.046295729603799796,0.0017999145710279052,0.021810349729237233,0.02081905410979501
ZAF_6227,ZAF,Monyakeng,1.197596,1.443989,1.445998,20024.0,20136.0,20988.0,0.038127533377240175,0.00027810224259350314,0.0011161631877139033,0.00832276079555272
ZAF_6229,ZAF,Mookgophong,1.978552,2.109047,2.117428,13849.0,13842.0,14797.0,0.012856122953622151,0.0007935062422419481,-0.00010111077614272101,0.013432822287980484
ZAF_6238,ZAF,Moretele,9.077944,9.185851,9.206149,82428.0,89971.0,97327.0,0.0023661208924918853,0.0004415504395069991,0.017666684117697784,0.015841983857541653
ZAF_6244,ZAF,Morokweng,4.524902,4.757644,4.779613,14815.0,13719.0,13719.0,0.01008181614230197,0.0009218232490511014,-0.01525414815726256,0.0
ZAF_6251,ZAF,Moruleng,11.566776,12.49706,12.544191,44205.0,44220.0,44220.0,0.015591613557744077,0.0007531381163530249,6.785641644890816e-05,0.0
ZAF_6256,ZAF,Mossel Bay,5.23962,5.670683,5.683275,65869.0,66960.0,71699.0,0.015937791541415836,0.000443714820354435,0.003290904186568966,0.01377022291010399
ZAF_6260,ZAF,Moteti,3.746765,4.285778,4.306063,22426.0,24633.0,25103.0,0.027246436322144296,0.0009448321569356377,0.018950525929069872,0.0037872241805998463
ZAF_6261,ZAF,Motherwell,4.238665,6.167726,6.18623,139195.0,159793.0,169000.0,0.07790179626679228,0.0005993078843642419,0.0279851074177897,0.011266896177641872
ZAF_6262,ZAF,Motle,3.550833,3.69179,3.704292,24288.0,24739.0,24739.0,0.007816230772267119,0.0006763710532338152,0.0036864873529853792,0.0
ZAF_6264,ZAF,Motswedi,1.852452,2.326556,2.35935,10517.0,11094.0,11304.0,0.04663031432969378,0.0028033410057628494,0.010739544532927692,0.003757486468187299
ZAF_6269,ZAF,Mount Fletcher,1.245843,1.355204,1.360927,10618.0,11703.0,11703.0,0.016970304431630945,0.0008431730094848877,0.019649467589902603,0.0
ZAF_6284,ZAF,Mphahlele,5.128542,5.225844,5.236641,29085.0,29853.0,29853.0,0.0037660553609013547,0.0004128744780285132,0.005226160972366056,0.0
ZAF_6285,ZAF,Mphakane,6.538368,7.824819,7.849333,33276.0,38849.0,38849.0,0.0365756149470291,0.0006257866954799685,0.03145371812621178,0.0
ZAF_6286,ZAF,Mphaphuli,3.90177,7.074336,7.122113,35357.0,55910.0,59204.0,0.1263796707122007,0.0013470792021055278,0.09598047380905084,0.011514963029505498
ZAF_6287,ZAF,Mpheleng,1.458326,1.532205,1.536131,12312.0,13577.0,14069.0,0.009932739785494693,0.0005119396304493762,0.01975311880896724,0.007144724776729339
ZAF_6296,ZAF,Mpophomeni,2.017965,2.400593,2.417784,36217.0,44095.0,47926.0,0.035335203560967754,0.001428144430439593,0.040148566231449134,0.01680194266835322
ZAF_6300,ZAF,Mpuluzi,1.137099,1.419255,1.426991,11689.0,11936.0,11936.0,0.04532763309011667,0.0010877803017361742,0.004190920414798072,0.0
ZAF_6301,ZAF,Mpunga,1.100264,1.438431,1.454841,11460.0,13043.0,13275.0,0.055063080457741664,0.0022713115438171005,0.02621551266398936,0.003532419488011085
ZAF_6305,ZAF,Msasandla,1.572461,1.727504,1.78732,28523.0,32968.0,41261.0,0.018985104963148203,0.0068311665156037815,0.029388897671851932,0.04589823367954238
ZAF_6313,ZAF,Duku,2.366433,2.653246,2.750385,131994.0,94521.0,117555.0,0.023143762698056625,0.007217341527816723,-0.06460547516488424,0.044582052262850835
ZAF_6442,ZAF,Mvelani,1.546933,2.197539,2.233712,23175.0,24005.0,0.0,0.07273640027469552,0.0032706725626405753,0.007062428251377817,-1.0
ZAF_6472,ZAF,Mzamonhle,2.083124,2.338882,2.348934,16979.0,18887.0,19405.0,0.0234311651421244,0.0008580821019397167,0.02152776311331306,0.005426049995190807
ZAF_6521,ZAF,Frankfort,1.455535,2.479867,2.491488,19509.0,21168.0,21168.0,0.11245165709176552,0.0009354758139077379,0.016456888991426277,0.0
ZAF_6542,ZAF,Nancefield,2.385119,2.447478,2.452153,39599.0,73252.0,87414.0,0.005175162801517752,0.0003817343523446759,0.13090742017287527,0.035982218753076056
ZAF_6606,ZAF,Ncotshane,2.917801,3.318185,3.349051,33851.0,42007.0,44421.0,0.026051088391523036,0.0018535307541833745,0.04411908182723123,0.011237887841675898
ZAF_6608,ZAF,Ndabayakhe,0.626261,0.65445,0.657841,10350.0,11964.0,12897.0,0.008844477515718152,0.001034148873616747,0.029407222269740796,0.015131861722533335
ZAF_6620,ZAF,Ndevana,1.993023,2.02427,2.027921,28877.0,32121.0,33002.0,0.0031161571913975727,0.00036046267051159653,0.021521230045706607,0.005426298081929515
ZAF_6638,ZAF,Nduli,0.189564,0.196691,0.197468,10975.0,12225.0,13552.0,0.007408764291072956,0.0007888262610697971,0.02180698644382928,0.020824077792871654
ZAF_6644,ZAF,Ndwedwe,2.10437,3.18055,3.262914,29177.0,31344.0,31344.0,0.0861155338096804,0.005126399920420077,0.014431570654699133,0.0
ZAF_6656,ZAF,Nelspruit,12.470852,13.303222,13.332719,118284.0,121632.0,132590.0,0.013006291531452163,0.0004430636950756295,0.0055979262268748275,0.017401994164383927
ZAF_6657,ZAF,Nelspruit Central,7.095679,7.375504,7.397337,28813.0,29627.0,31318.0,0.00776564374055555,0.0005913411141451608,0.005587438539596867,0.011163229866182345
ZAF_6672,ZAF,Kwanokuthula,2.018881,2.57546,2.587602,21930.0,44837.0,52388.0,0.049902132080273054,0.0009411264150724907,0.15377090494221468,0.031618340138807266
ZAF_6677,ZAF,Newcastle,23.047552,23.904914,24.03635,309962.0,345384.0,375057.0,0.007331642765015189,0.0010972462064167132,0.021877300590277704,0.016620849201711918
ZAF_6678,ZAF,Newlands,1.094363,1.310652,1.317029,11631.0,12941.0,0.0,0.03672888447136513,0.0009712151123162371,0.021574764707959826,-1.0
ZAF_6680,ZAF,Newtown,0.311604,0.32114,0.32137,16193.0,19712.0,0.0,0.0060470126553138215,0.00014319869093504245,0.04011336024831902,-1.0
ZAF_6729,ZAF,Ngwelezane,3.896886,4.081233,4.105938,43664.0,50071.0,73539.0,0.00928713547819826,0.0012077427316510292,0.027761983683441294,0.07990683757573946
ZAF_6730,ZAF,Ngwenya,1.193317,1.652882,1.765909,12147.0,14384.0,15232.0,0.06732628402528085,0.01331691894459075,0.03438479642472636,0.011522275941610483
ZAF_6734,ZAF,Nhlangano,0.831052,1.327237,1.398388,10475.0,12940.0,13541.0,0.0981560441740843,0.010498892006256533,0.04317230597665178,0.009121112305537249
ZAF_6735,ZAF,Nhlazatshe,5.255961,5.806601,5.844071,35377.0,36120.0,36120.0,0.020126360593051063,0.0012872816718143554,0.004165619590044578,0.0
ZAF_6736,ZAF,Nhlophenkulu,1.649154,3.007231,3.057915,13374.0,26174.0,29016.0,0.12766763352958943,0.003348310985336722,0.1437253730317929,0.02083015126474308
ZAF_6757,ZAF,Nigel,2.128394,2.157508,2.161785,14029.0,14394.0,15447.0,0.002720924463278651,0.000396161921361049,0.005150184308987837,0.014220838931303437
ZAF_6784,ZAF,Nkampini,1.425569,1.567799,1.603889,21414.0,26054.0,28132.0,0.019202377488394262,0.004562090818231335,0.04000474818759958,0.01546565656955945
ZAF_6796,ZAF,Nkobongo,0.846144,0.848213,0.851756,14288.0,17595.0,20001.0,0.000488564430608962,0.0008340110619384777,0.042518008964685494,0.025964863751663847
ZAF_6815,ZAF,Nkwenkwezi,2.407106,2.497435,2.501964,24442.0,24956.0,25559.0,0.007395010858951112,0.000362429316866697,0.004170936289867422,0.0047864648736377635
ZAF_6845,ZAF,Nomathamsanqa,0.417089,0.432875,0.433748,14241.0,15164.0,16482.0,0.0074575448941978095,0.00040302470801201196,0.012639019601414558,0.016808637594385445
ZAF_6846,ZAF,Noordhoek,0.993194,1.08006,1.080765,10910.0,11575.0,12645.0,0.01691056412448244,0.00013051423049659228,0.011903853597659664,0.01784012333943452
ZAF_6863,ZAF,Nseleni,2.394502,2.436346,2.458983,52770.0,61286.0,65993.0,0.0034708293949576863,0.0018514065295356374,0.030373869925020003,0.014909502871028435
ZAF_6879,ZAF,Ntsweletsoku,2.591132,2.969603,3.002959,13584.0,14330.0,14602.0,0.027641823495996087,0.0022364695851644356,0.01074989176432184,0.003767732885866515
ZAF_6881,ZAF,Ntwane,1.854174,1.919028,1.924299,16311.0,17987.0,23768.0,0.00689959206101709,0.0005487380462383395,0.019754497481928368,0.057320812020372536
ZAF_6892,ZAF,Nuwedorp,0.608507,0.610264,0.611359,14129.0,16317.0,18623.0,0.000576813166438761,0.00035860379745811244,0.029214219360342852,0.026790556926527875
ZAF_6930,ZAF,Nzimakwe,2.236666,2.333166,2.371356,26148.0,31812.0,34349.0,0.008483740532621686,0.0032524377148483996,0.039993199582457395,0.01546421824426436
ZAF_7068,ZAF,Olifantshoek,0.762044,0.779947,0.78223,11855.0,16847.0,19443.0,0.004655136007602811,0.0005847401521437146,0.07281343474994761,0.029077635720394568
ZAF_7101,ZAF,Ellisras,2.109858,2.984352,2.999441,10156.0,15681.0,17182.0,0.0718138479196877,0.0010091688929170228,0.09076253485072616,0.018450655357897805
ZAF_7111,ZAF,Orange Grove,2.39246,2.91358,2.938937,15324.0,18696.0,19208.0,0.04019904895208448,0.0017345797935583995,0.04057960881610212,0.005418077314981229
ZAF_7115,ZAF,Orkney Central,2.135707,2.199596,2.208658,16497.0,17336.0,17737.0,0.005912604396722587,0.0008226149879650979,0.009970723306762297,0.004583992292743755
ZAF_7141,ZAF,Othulini/Lwezulu,1.100013,1.439327,1.474814,10042.0,11171.0,11377.0,0.055242637949724394,0.004883131197196411,0.021537624703168,0.003661213722627954
ZAF_7166,ZAF,Oudtshoorn,5.330476,5.357263,5.360944,64638.0,64569.0,65400.0,0.0010030367712323685,0.00013738316465272682,-0.00021358792484249545,0.002560841169156891
ZAF_7192,ZAF,Brits,1.715016,4.858966,4.884968,32423.0,55515.0,61286.0,0.23155875753808242,0.0010679852371642262,0.11355437763741105,0.019976548608987788
ZAF_7254,ZAF,Paarl,10.722896,11.001182,11.040223,207040.0,232448.0,252427.0,0.005137442263574377,0.0007087547178730169,0.023420968829738653,0.01662783971853643
ZAF_7276,ZAF,Pampierstad,3.193091,3.233581,3.23798,28204.0,25522.0,27662.0,0.0025233339970009983,0.0002719343150769937,-0.019786228879689838,0.01623412538259794
ZAF_7301,ZAF,Pella,2.88426,2.972646,2.98232,10669.0,10673.0,10673.0,0.006055077788191143,0.0006500223397072347,7.497235478726161e-05,0.0
ZAF_7309,ZAF,Petsana,1.121505,1.233127,1.237192,16840.0,17607.0,17607.0,0.01915753229399564,0.0006584318521127841,0.00894770177218529,0.0
ZAF_7310,ZAF,Phahameng,1.50003,1.752982,1.763801,17882.0,18515.0,18515.0,0.03165741111566889,0.0012313177810112652,0.006981577178105658,0.0
ZAF_7311,ZAF,Phalaborwa 1,9.641644,14.536104,14.570674,82196.0,143341.0,153481.0,0.08557388176062486,0.00047519143881324943,0.11764517946411512,0.013763937468562304
ZAF_7312,ZAF,Phalaborwa 2,2.078366,2.149526,2.173106,15662.0,18580.0,19894.0,0.006755786998307478,0.0021844079212807177,0.03476015691235612,0.013760302409814518
ZAF_7313,ZAF,Phalane,2.059023,2.307155,2.33029,12069.0,12972.0,12972.0,0.02301762244299499,0.0019975042778646035,0.014535225145286601,0.0
ZAF_7315,ZAF,Phathakahle,0.773276,0.799752,0.804755,16742.0,18611.0,18611.0,0.006755847331321396,0.0012480188604495623,0.021392052592475563,0.0
ZAF_7316,ZAF,Phiritona,2.417932,2.435147,2.439844,26025.0,25216.0,25216.0,0.001419906101503221,0.0003854699770151626,-0.006295877547794371,0.0
ZAF_7318,ZAF,Phokwane,3.943023,4.192468,4.200752,26422.0,27765.0,27765.0,0.012343944065761114,0.00039487291630480037,0.009965172562740987,0.0
ZAF_7320,ZAF,Phomolong 1,3.778816,4.639153,4.680771,30679.0,34144.0,34144.0,0.04187733397031512,0.0017878029132036843,0.021632357648137646,0.0
ZAF_7321,ZAF,Phomolong 2,0.932397,1.022784,1.023626,18041.0,20054.0,20054.0,0.018677260270086427,0.00016459445367900116,0.021381719856059078,0.0
ZAF_7322,ZAF,Phukukane,2.062345,2.151071,2.188406,21588.0,23807.0,24670.0,0.008460019958863363,0.0034474422645947023,0.01976112639923633,0.007147074384453722
ZAF_7323,ZAF,Phuthaditjhaba,26.227208,27.766426,27.838924,233621.0,276353.0,276353.0,0.011471346565612661,0.0005216544731720951,0.034166489349033435,0.0
ZAF_7326,ZAF,Piet Retief,1.921454,1.944099,1.949003,14497.0,16253.0,0.0,0.002346035557232451,0.0005039927832350966,0.023130612866043343,-1.0
ZAF_7327,ZAF,Pietermaritzburg,49.2149,52.523204,52.7781,612948.0,703205.0,759702.0,0.013096746807274018,0.0009687247185430348,0.027854551972047448,0.015575613742865979
ZAF_7328,ZAF,Pietersburg,18.725784,21.536008,21.642924,147268.0,176501.0,191942.0,0.028359676239228415,0.0009909386686048904,0.03687823010278568,0.016914802491295955
ZAF_7329,ZAF,Pietersburg West,11.253216,13.380148,13.493014,76051.0,89691.0,97270.0,0.03523000832327661,0.0016814027949170196,0.033543565221333616,0.016356361798589125
ZAF_7331,ZAF,Piketberg,0.729468,0.85176,0.854495,13325.0,14136.0,15443.0,0.031483295616032914,0.0006413764253758725,0.011886644262410373,0.01784354554228118
ZAF_7332,ZAF,Pineview,1.873443,2.020635,2.039428,26670.0,29054.0,30754.0,0.015241769620594425,0.001853226692508425,0.017270811064233227,0.011437695848298013
ZAF_7354,ZAF,Poortjie,0.447766,0.493683,0.49437,14683.0,16130.0,17839.0,0.019716418186449758,0.0002781614568276858,0.018975902759627905,0.02034543928388821
ZAF_7356,ZAF,Port Elizabeth,45.009236,48.777484,48.907604,788204.0,899172.0,957250.0,0.01621020247550775,0.0005329564653600016,0.02669353666633434,0.012596728846444583
ZAF_7360,ZAF,Port Shepstone,5.007696,5.158379,5.205739,54753.0,66613.0,71927.0,0.005946903792589664,0.0018295291506622569,0.03999251747881294,0.015468814861602675
ZAF_7361,ZAF,Port St Johns,1.68718,1.935276,1.978693,18343.0,20383.0,20744.0,0.02781818768549682,0.004447174211805516,0.021314617309660333,0.0035173369897623097
ZAF_7368,ZAF,Postmasburg ,2.499372,2.864219,2.87217,34084.0,36909.0,40991.0,0.027625953613111598,0.0005545795182517743,0.01605295773832327,0.02120103646557836
ZAF_7369,ZAF,Potchefstroom,10.484153,13.218275,13.301031,124791.0,158480.0,188391.0,0.0474379057687313,0.0012490212232030284,0.048958338191399386,0.03518301542406865
ZAF_7370,ZAF,Potgietersrus Central,14.966136,16.527296,16.636629,110979.0,126588.0,128244.0,0.020042867772189554,0.0013195726009060937,0.02666875751164044,0.0026027775280343945
ZAF_7380,ZAF,Pretoria West,3.481568,3.893381,4.068907,34217.0,38092.0,44247.0,0.022610869573439718,0.008858300815506981,0.02168818036129605,0.030409872180668263
ZAF_7381,ZAF,The Orchards,13.234975,14.34562,14.418444,74051.0,82350.0,0.0,0.016246913244474248,0.001013223207026348,0.021472161487730457,-1.0
ZAF_7382,ZAF,Promosa,0.888788,0.972645,0.977503,14848.0,16449.0,0.0,0.018195645233219482,0.0009969358651653604,0.020691053993529662,-1.0
ZAF_7391,ZAF,Qalabotjha,0.899512,0.959762,0.966709,17335.0,17135.0,17135.0,0.013051019344029857,0.0014434772903151316,-0.0023181935914117213,0.0
ZAF_7420,ZAF,Qaukeni,5.382035,6.240795,6.308277,51798.0,58923.0,60980.0,0.030050885618165157,0.002153315564470404,0.02611106734517743,0.006886490526976763
ZAF_7443,ZAF,Queenstown,4.424848,4.534867,4.537849,58068.0,65443.0,66273.0,0.004924049098862238,0.0001314797526739131,0.024201166960573284,0.002523787335690031
ZAF_7466,ZAF,Rammulutsi,2.017133,2.084779,2.089051,25475.0,24118.0,24118.0,0.006618940628760006,0.00040949210749241516,-0.010888116534174097,0.0
ZAF_7480,ZAF,Ratanda,1.110101,1.302352,1.305618,41681.0,48722.0,66331.0,0.032459863191169,0.0005010517539665305,0.03170941912590308,0.06364888081023468
ZAF_7481,ZAF,Ratanda Ext 7,0.414598,0.436069,0.437197,10138.0,11491.0,0.0,0.010149381436459048,0.0005168148472471934,0.025371182232769574,-1.0
ZAF_7485,ZAF,Reagile,1.570448,1.65688,1.666587,16791.0,19980.0,22382.0,0.010772689392369195,0.001168984097450032,0.035389566785397175,0.02296478001099822
ZAF_7491,ZAF,Refengkgotso,1.562118,1.622383,1.631971,21085.0,22969.0,24813.0,0.007599422813872048,0.0011791808316841124,0.017264049135508497,0.015564327560385394
ZAF_7492,ZAF,Refilwe,0.90905,1.143472,1.146577,20489.0,22786.0,25174.0,0.04695388471315565,0.0005424939027749431,0.021479055201633956,0.020133071170554295
ZAF_7503,ZAF,Rhini,4.329971,4.603976,4.612329,66223.0,67255.0,67255.0,0.012347495262589714,0.00036259722669207406,0.0030974934563363643,0.0
ZAF_7507,ZAF,Richards Bay Central,3.777562,5.548007,5.612136,27341.0,31605.0,44773.0,0.07990382606725777,0.0023011699494275284,0.029409756219733074,0.07214143400087702
ZAF_7510,ZAF,Azaadville,0.39752,1.052993,1.057559,15114.0,25849.0,27533.0,0.21510357907803312,0.0008657419159248114,0.11330168333881163,0.01270267616068077
ZAF_7521,ZAF,Riversdale,1.054713,1.063069,1.06637,14871.0,14749.0,15310.0,0.0015795092886419226,0.0006202621971185263,-0.0016461883090018725,0.00749412661426252
ZAF_7531,ZAF,Robertson,1.936305,2.036449,2.039902,27828.0,30128.0,32091.0,0.0101362446126958,0.00033888994215458546,0.01600924931432135,0.012704149708135049
ZAF_7541,ZAF,Roodepan,1.049177,1.57553,1.588658,25242.0,27669.0,0.0,0.0847148433492868,0.0016609600841119843,0.018530269386062947,-1.0
ZAF_7543,ZAF,Rooikoppies,0.978127,1.193502,1.20701,10871.0,12298.0,13769.0,0.040604215207727945,0.002253412034410651,0.024974353049165954,0.02285384544612734
ZAF_7546,ZAF,Rosendal,1.255451,3.03686,3.074886,11848.0,31815.0,33642.0,0.19323229988564172,0.002491847608847575,0.21842100216220284,0.011230071033924816
ZAF_7547,ZAF,Rosenhof,1.035443,1.097688,1.101611,16037.0,18522.0,21140.0,0.011743782080160248,0.0007137554333405127,0.029231217158000478,0.026794232607873836
ZAF_7589,ZAF,Rustenburg,20.216756,20.873928,20.941496,214791.0,242991.0,358793.0,0.006418339954549657,0.00064655472275299,0.024978655694028573,0.08106238017301726
ZAF_7590,ZAF,Rust-ter-Vaal,0.968635,1.0783,1.08354,12893.0,13376.0,13451.0,0.021682346988642243,0.0009700165228645474,0.007382623762450136,0.0011189047842323774
ZAF_7625,ZAF,Sada,1.562438,1.625504,1.632371,22207.0,25028.0,25346.0,0.007945499206371442,0.0008434830515200442,0.024205846849291168,0.0025283365704011906
ZAF_7801,ZAF,Saulsville,6.756161,9.370705,9.376224,213229.0,271398.0,0.0,0.06761447920458363,0.00011776489099180054,0.04942661548664007,-1.0
ZAF_7813,ZAF,Schoemansdal,6.035952,6.643628,6.693125,44739.0,46021.0,48002.0,0.019370135403825595,0.00148563854050221,0.005666435777906376,0.008464596339848196
ZAF_7814,ZAF,Schoonoord,5.436776,6.040689,6.073124,32966.0,34643.0,38218.0,0.021289830385345043,0.0010715850700624419,0.009973195652597688,0.019836361739516528
ZAF_7818,ZAF,Seabe,1.927152,2.042838,2.062157,12780.0,12295.0,12295.0,0.011727585586696732,0.0018842739831856914,-0.007707895297119349,0.0
ZAF_7819,ZAF,Sebayeng,1.886626,2.059403,2.080768,16394.0,18747.0,20331.0,0.017679684946872776,0.0020663161668019736,0.0271866579124862,0.016354916115715712
ZAF_7824,ZAF,Secunda,4.491472,4.63588,4.643616,34417.0,40922.0,49063.0,0.006349181760277434,0.0003335220699114405,0.03522980664575104,0.036953901105091225
ZAF_7844,ZAF,Sekhutlong,5.440018,5.589877,5.598362,26555.0,27906.0,50410.0,0.0054497790446457195,0.0003034003380806283,0.009974146619517343,0.12554748400109617
ZAF_7849,ZAF,Sekwati,2.727035,2.788861,2.791945,12618.0,13260.0,13260.0,0.0044937327410168315,0.00022106779471942062,0.009974945148508496,0.0
ZAF_7850,ZAF,Selcourt,3.976779,4.106601,4.122246,19697.0,20210.0,21688.0,0.006445379412428176,0.0007607855316018597,0.005155482305329251,0.01421642183357319
ZAF_7879,ZAF,Seshego,6.203484,6.417334,6.424555,92481.0,105753.0,116535.0,0.006801364326607606,0.0002249455012863777,0.027183502999737152,0.01960683198585933
ZAF_7882,ZAF,Setlagole,2.079623,2.339211,2.348795,15988.0,15467.0,15467.0,0.02380431850653375,0.0008180819795826633,-0.006604040596342231,0.0
ZAF_7889,ZAF,Shabalala,3.546987,3.753943,3.760347,19278.0,19872.0,21006.0,0.011406209046274318,0.0003409553385709252,0.006087887596769592,0.011161106638245766
ZAF_797,ZAF,Allemansdrift C,1.628554,1.668557,1.670349,11341.0,10910.0,16000.0,0.004865131810919854,0.00021470416239655066,-0.007718989994965231,0.07959048047167094
ZAF_8029,ZAF,Siboshwa,12.044949,12.414293,12.472532,85692.0,88148.0,102639.0,0.006058894930377479,0.0009365015033131474,0.005667549660181015,0.030908189889969684
ZAF_8101,ZAF,Silwerkrans,2.637304,2.859618,2.874911,12502.0,12506.0,12506.0,0.01631787899321724,0.001067302716802887,6.398157383080694e-05,0.0
ZAF_8133,ZAF,Siyabuswa,7.871235,8.197121,8.245385,53540.0,52953.0,76460.0,0.008146608468264205,0.0011748205272104073,-0.0022024331622582105,0.07623904744757537
ZAF_8135,ZAF,Siyathemba,1.161006,1.269193,1.274064,20166.0,22093.0,22638.0,0.017978582344903904,0.000766398721642858,0.018420155759701018,0.004885715162129101
ZAF_8138,ZAF,Slovo Park,0.729561,0.757843,0.762235,10386.0,10656.0,11435.0,0.007635655426010413,0.001156401499773363,0.005146069438999534,0.014211174878788091
ZAF_8140,ZAF,Smersha Block,0.764706,0.796863,0.798945,19137.0,21751.0,23904.0,0.00827229251673356,0.000522003784987568,0.02593790134528451,0.019056516175022464
ZAF_8163,ZAF,Somerset East,1.189187,1.190336,1.191561,16551.0,16433.0,16433.0,0.0001931666237247054,0.000205739562907592,-0.0014299795553454064,0.0
ZAF_8177,ZAF,Soshanguve,92.572256,119.553232,120.151872,1293433.0,1736003.0,1910863.0,0.0524854355745743,0.0009994619962017115,0.06062364992320757,0.01937931322139841
ZAF_8202,ZAF,Nondabuya,1.79491,3.114435,3.215271,16656.0,26746.0,27142.0,0.11652208737365277,0.006393127584720437,0.09935416374958073,0.0029438073576451007
ZAF_8204,ZAF,Stanger South,2.994063,3.417222,3.445639,57681.0,69490.0,78993.0,0.026791942189777984,0.0016576590369126176,0.03795352017905773,0.02596668629562715
ZAF_8205,ZAF,Stanger,3.716406,5.613414,5.622326,65535.0,124014.0,140976.0,0.08597739205697708,0.0003173236756559561,0.13605532679458787,0.02597054743549343
ZAF_8207,ZAF,Steenbok,1.811502,1.862728,1.872873,12960.0,13332.0,13906.0,0.005592730143130664,0.0010868973686839478,0.005675941365133497,0.00846628624125878
ZAF_8208,ZAF,Stellenbosch,4.829175,4.904094,4.915951,85403.0,95083.0,103917.0,0.0030836889879288787,0.0004830881944537513,0.021706014216299696,0.017927260100261577
ZAF_8209,ZAF,Stilfontein,2.130665,2.437404,2.439829,16976.0,17839.0,18251.0,0.027264948039379622,0.000198903055221189,0.009966637348631124,0.004577002881611225
ZAF_8212,ZAF,Strandfontein,0.815983,0.854917,0.855668,34102.0,35373.0,41041.0,0.00936576015147339,0.0001756278687325974,0.007345402821244518,0.03017073429382533
ZAF_8249,ZAF,Swellendam,1.299977,1.385025,1.39617,18794.0,21415.0,23313.0,0.012754983250925278,0.0016042020401101365,0.02645466126046525,0.01712895329884101
ZAF_8269,ZAF,Tafelkop,5.282034,5.514189,5.526852,38387.0,45595.0,47248.0,0.00863977679914818,0.0004588665378515433,0.035014918015864316,0.007147877716511042
ZAF_8398,ZAF,Taung,4.330695,4.557494,4.564432,26712.0,24143.0,28512.0,0.01026126413993067,0.000304280338736751,-0.020020556860965488,0.03382561775308002
ZAF_8441,ZAF,Tembe,7.751799,9.39378,10.243949,43764.0,50429.0,52908.0,0.03917233495125205,0.01747888302433198,0.028756682733392047,0.009643834899018211
ZAF_8464,ZAF,Thabazimbi,1.816708,2.13009,2.144449,17858.0,20297.0,22306.0,0.0323395477289008,0.0013445852602591568,0.02593490668188103,0.019055809609522578
ZAF_8466,ZAF,Thambalihle,0.427744,0.454759,0.455862,11041.0,13966.0,25172.0,0.012323865131216305,0.0004846221587655464,0.048124144728286744,0.12504303948902518
ZAF_8467,ZAF,Thembalihle,1.434329,1.437233,1.439844,15973.0,17912.0,17912.0,0.0004046004830107197,0.000363073310927442,0.023178763924600165,0.0
ZAF_8468,ZAF,Thembisile,16.694146,23.305964,23.483852,136792.0,178990.0,189010.0,0.06900705846381783,0.001521905431527637,0.05524575495089867,0.010953552726886029
ZAF_8469,ZAF,Thengwe,2.786765,2.964142,2.976819,14659.0,16321.0,17003.0,0.012417705246354105,0.0008538976040215474,0.021711975984864962,0.008221044090850116
ZAF_8478,ZAF,Thohoyandou,23.259644,25.33744,25.553472,177382.0,195432.0,202925.0,0.017259920782478844,0.0016994532536092066,0.01957041696371964,0.007553174355772629
ZAF_8479,ZAF,Thokoza,1.789717,2.033467,2.062198,12165.0,17539.0,37234.0,0.025865803363598117,0.002809977849019596,0.07591643846855489,0.16248397090412303
ZAF_8495,ZAF,Tidimalo,0.836939,0.882219,0.882744,12293.0,11728.0,12310.0,0.010593545646711444,0.00011898974645330185,-0.009366032813682423,0.009733625571399118
ZAF_8500,ZAF,Tigane,0.839474,0.88551,0.888217,13970.0,14680.0,15019.0,0.010734858532234881,0.0006106528314344661,0.009964084160238196,0.004576448708532244
ZAF_8539,ZAF,Tjakastad,1.576142,1.628644,1.634701,13087.0,13361.0,13361.0,0.0065750569735503195,0.0007427049192256785,0.004152727682922741,0.0
ZAF_8540,ZAF,Tlakgameng,1.735918,2.461468,2.470182,12460.0,15031.0,15031.0,0.0723412132719059,0.0007070322710400756,0.03823093876633865,0.0
ZAF_8566,ZAF,Tongaat,2.0058,2.052318,2.057313,43944.0,50047.0,51814.0,0.004595909421995836,0.0004862934779141792,0.02635048689218844,0.0069636983914118655
ZAF_8624,ZAF,Tshamahansi,2.063643,2.150645,2.159308,17413.0,19599.0,22411.0,0.008293185431624162,0.0008043238646120443,0.023934232177850623,0.027177421459231965
ZAF_8640,ZAF,Tshivhase 1,8.872456,9.491182,9.6079,65479.0,71562.0,72620.0,0.013573598196323644,0.0024474941766399194,0.017925716325735364,0.0029395438431603083
ZAF_8641,ZAF,Tshivhase 2,7.030003,7.673704,7.726405,58237.0,64166.0,65543.0,0.017676876212802117,0.0013697901043963068,0.01957973386172318,0.0042556176124277645
ZAF_8642,ZAF,Tshivhase 3,6.639215,7.434779,7.462124,51942.0,56831.0,60935.0,0.022893140288101854,0.0007345170248951316,0.018153658211488954,0.014042841378083981
ZAF_8643,ZAF,Tshivhase 4,1.612784,1.76768,1.790039,15659.0,17251.0,0.0,0.01851044797412449,0.002517053466671637,0.01955357125646895,-1.0
ZAF_8646,ZAF,Tsikelo,3.746922,4.377446,4.462177,27815.0,33795.0,36087.0,0.031595001131635714,0.0038416230377698035,0.03971588029448858,0.0132104626410805
ZAF_8651,ZAF,Tswelelang,0.853575,0.865756,0.867652,26755.0,25096.0,29312.0,0.0028379597709429216,0.00043761551476517724,-0.012720975765630582,0.031545025948915395
ZAF_8671,ZAF,Tumahole,2.280747,2.312733,2.320561,33788.0,32738.0,43275.0,0.0027892670268205855,0.0006760333488209369,-0.006293954990303385,0.057394352281813665
ZAF_8716,ZAF,Uitenhage,6.992139,7.211363,7.251792,98105.0,111482.0,138703.0,0.006193391910376045,0.0011187521992843674,0.025894548107119997,0.044663018129515786
ZAF_8717,ZAF,Uitvlugt,1.488622,1.557025,1.561096,11219.0,11765.0,11765.0,0.009025706128685806,0.0005223742778435181,0.009549357430769456,0.0
ZAF_8728,ZAF,Ulundi,1.126106,1.21237,1.224717,11547.0,14799.0,15072.0,0.01487179234119762,0.002028589872522746,0.050878824263693945,0.0036625120486595275
ZAF_8737,ZAF,Umbumbulu,4.759503,3.048369,3.071877,42460.0,36728.0,50477.0,-0.08525259461594947,0.0015375972788291836,-0.028588013622453,0.0656614391571646
ZAF_8738,ZAF,uMlalazi,2.160899,2.374117,2.443494,20226.0,23377.0,23377.0,0.01899846515647452,0.005777305298379831,0.029380068198568976,0.0
ZAF_8760,ZAF,Umtata,15.666313,28.90404,29.436392,140556.0,230446.0,240774.0,0.13031203060288887,0.003656740474324849,0.10393615455009697,0.008806989831707801
ZAF_8776,ZAF,Umzinto,0.851854,0.854444,0.857706,15524.0,18320.0,20228.0,0.0006073472335634822,0.0007623741430655695,0.0336758432875508,0.020012502724760184
ZAF_8781,ZAF,Upington,6.243197,6.632956,6.655901,69256.0,84114.0,88755.0,0.012185276060701078,0.0006908930743418917,0.03963807475291192,0.010799244027572596
ZAF_8801,ZAF,Utlwanang,1.120955,1.375301,1.382557,17815.0,18146.0,19202.0,0.04174617867958519,0.0010529673749994917,0.0036886567488592092,0.011377090271284196
ZAF_8811,ZAF,Vaal Reefs,0.371336,0.43693,0.437173,13089.0,13754.0,14072.0,0.03306812557771788,0.00011120589565583039,0.00996078323347227,0.004581928386740097
ZAF_8812,ZAF,Vaalbank,1.730123,1.781929,1.783283,15651.0,15058.0,15058.0,0.0059182402190183225,0.0001519239714247167,-0.0076953185102076604,0.0
ZAF_8814,ZAF,Vanderbijlpark,24.552652,47.66892,48.222056,235630.0,415452.0,450595.0,0.1418981802075352,0.0023100433586140667,0.12010324176280185,0.016372961099883288
ZAF_8821,ZAF,Ventersdorp,1.811732,1.997168,2.007281,24436.0,27830.0,30782.0,0.01968053438444861,0.0010106889810899133,0.02635267361342053,0.020367754153684414
ZAF_8823,ZAF,Mkobola 1,1.553844,2.164799,2.172552,19644.0,21339.0,22533.0,0.06856767597666091,0.0007152550592388618,0.016690645335013077,0.010948403265712114
ZAF_8893,ZAF,Vredenburg,2.254871,2.393749,2.400273,43375.0,47618.0,52975.0,0.012025327996342261,0.000544493121131584,0.018840810304947997,0.021550787537559124
ZAF_8894,ZAF,Vredendal,0.664885,0.726605,0.727937,10950.0,10958.0,11841.0,0.017912316741346634,0.0003663680687515658,0.00014607603880856246,0.015620403200809152
ZAF_8895,ZAF,Vredendal North,0.577177,0.627773,0.62877,10374.0,10380.0,11216.0,0.016947945629461447,0.00031742914944166145,0.0001156470483112404,0.015612715048841208
ZAF_8896,ZAF,Vryburg ,3.938229,4.351643,4.367155,41566.0,44056.0,45029.0,0.020165091910547606,0.0007119117706650968,0.011703764626626922,0.0043785930859223665
ZAF_8898,ZAF,Vukuzakhe,0.835536,0.84417,0.845018,15425.0,16029.0,16029.0,0.0020582074141795026,0.00020082672122345713,0.00771158465253774,0.0
ZAF_8899,ZAF,Vumindaba,2.258402,2.44677,2.472363,25172.0,29191.0,29839.0,0.01615130546673682,0.0020832842426745657,0.03006884043756286,0.004400819312786464
ZAF_8900,ZAF,Vuxuzithathe,2.818594,3.584715,3.677729,32062.0,37658.0,38525.0,0.049263153012278904,0.0051364403384692725,0.03269798176138439,0.004562771110526054
ZAF_8964,ZAF,Watersmeet,2.092726,2.399562,2.424487,29093.0,32377.0,33345.0,0.027741565165208648,0.0020688841776106415,0.021620548685389984,0.005909299813826374
ZAF_8973,ZAF,Wedela,0.62608,0.626798,0.628628,12974.0,12175.0,12175.0,0.0002292585165593053,0.0005832394450153711,-0.012632074187626574,0.0
ZAF_8980,ZAF,Welkom,15.655428,16.749105,16.782924,169874.0,194639.0,194639.0,0.013597036232036341,0.00040350476941597435,0.02759170601315275,0.0
ZAF_8983,ZAF,Wembezi,1.043159,1.709389,1.714972,22933.0,36881.0,42726.0,0.10381954346763278,0.0006523641432629734,0.0996851575224289,0.02985933421095477
ZAF_8999,ZAF,White River Central,3.309896,3.686875,3.707074,46703.0,48026.0,50767.0,0.021806857781932365,0.0010933313369692055,0.005602461111742674,0.011162643770934233
ZAF_9006,ZAF,Witbank,13.620588,14.630197,14.667106,187049.0,215016.0,241402.0,0.014403790885511025,0.0005040507756641777,0.028260321359122154,0.02342027635953703
ZAF_9012,ZAF,Wonderkop,1.473126,1.737194,1.741897,21526.0,23873.0,26438.0,0.03352666332174703,0.0005408624941363183,0.020912996225098013,0.02062057707395648
ZAF_9015,ZAF,Worcester ,5.492586,5.599735,5.604496,75389.0,80093.0,83241.0,0.0038714934087658026,0.00016998596072137495,0.012178983854475911,0.0077401120737712326
ZAF_9032,ZAF,Xihoko A,1.894769,1.917572,1.919761,11036.0,12358.0,12568.0,0.0023954387053852777,0.00022820537063084068,0.02288615368552871,0.003375739882277795
ZAF_9147,ZAF,Zebediela,5.868448,6.331788,6.342825,28448.0,29198.0,29198.0,0.015314575842568567,0.00034837908529739003,0.005218037673644371,0.0
ZAF_9171,ZAF,Zithobeni,1.178928,1.352938,1.355832,24321.0,27048.0,29883.0,0.027917174887154506,0.00042744412688300315,0.02148206555000365,0.020135374191332378
ZAF_9180,ZAF,Zonkizizwe,1.151062,1.154844,1.161634,37020.0,37986.0,0.0,0.0006562703360641908,0.001173160558288977,0.0051651664446188406,-1.0
ZAF_9200,ZAF,Zwaneville,0.862919,0.868804,0.871294,26395.0,27344.0,0.0,0.0013602693632184248,0.0005725457880016993,0.0070895181049450695,-1.0
ZAF_9203,ZAF,Zweletemba,0.700588,0.824846,0.825724,18166.0,19299.0,20057.0,0.033194381185422506,0.00021279763903914173,0.012173818171716144,0.007734747583612478
ZAF_941,ZAF,Alra Park,0.747879,0.759733,0.762993,16873.0,17382.0,18655.0,0.00315012235650336,0.0008567270141943695,0.005961796549777576,0.014236186645152804
ZMB_2364,ZMB,Twaiteka,1.946558,1.429486,1.432388,33903.0,21000.0,48177.0,-0.059881689232597624,0.0004056907623961603,-0.09135083251353837,0.18065793863508817
ZMB_2377,ZMB,Chavuma,1.467089,1.644465,1.649539,11473.0,18970.0,21778.0,0.023089517062402143,0.000616340175520147,0.10580377311135858,0.027992941120799086
ZMB_2396,ZMB,Chembe,0.799469,0.895767,0.897565,11500.0,12900.0,14491.0,0.02300719015596675,0.00040112175256590277,0.02324203792760282,0.02353271672088808
ZMB_2415,ZMB,Chibombo,0.86101,0.953357,0.967965,14730.0,13777.0,15817.0,0.02058568577952191,0.003045927355613598,-0.013288062795077882,0.028001838220670594
ZMB_2416,ZMB,Chibuluma,5.596944,6.481841,6.557794,54207.0,93390.0,107219.0,0.029791925844305567,0.0023326546074615706,0.11493359194511132,0.02800274752924592
ZMB_2426,ZMB,Chililabombwe,3.573735,3.96756,4.008551,94344.0,104870.0,120398.0,0.021128109412894558,0.0020578210547628206,0.021380110451356904,0.02800115103782974
ZMB_2431,ZMB,Chingola,13.849147,14.42541,14.476734,215255.0,272129.0,310492.0,0.008186848972971061,0.000710567166003484,0.04800731867861763,0.026727318993861715
ZMB_2433,ZMB,Chinsali,2.34847,2.75908,2.784062,17971.0,23379.0,26840.0,0.032751549552057835,0.0018043702226664404,0.0540245764854288,0.027995742733722295
ZMB_2435,ZMB,Chipata,8.100109,8.948052,8.996937,145917.0,213000.0,284702.0,0.020111226885730638,0.001090260124109399,0.07858590908913743,0.0597469685333738
ZMB_2444,ZMB,Chirundu,1.580446,1.879957,1.893142,18689.0,21463.0,24641.0,0.035317728546868876,0.0013987730478177696,0.028065706050836914,0.028001102981469073
ZMB_2456,ZMB,Choma,5.282426,5.62708,5.664104,60693.0,74857.0,85941.0,0.012721274791242188,0.0013124725967765816,0.042842597439193275,0.02800114154785094
ZMB_2458,ZMB,Chongwe,4.283539,6.339818,6.562564,86479.0,53000.0,0.0,0.08157044953311021,0.006930167003010856,-0.093280319807447,-1.0
ZMB_3861,ZMB,Ibenga,0.843585,1.223842,1.237718,11804.0,24000.0,24000.0,0.07725694067861566,0.0022573982497777756,0.15248798958899523,0.0
ZMB_4124,ZMB,Isoka,1.352916,2.157588,2.179481,21298.0,30500.0,38111.0,0.09784123028241942,0.00202120868801714,0.07446482714441482,0.04556274679740313
ZMB_4136,ZMB,Itezhi-Tezhi,1.168192,1.26303,1.26875,18293.0,14243.0,16351.0,0.01573376075938482,0.0009041220226451152,-0.04881869033114794,0.02798923986417723
ZMB_4264,ZMB,Kabompo,1.587323,1.614759,1.619868,24559.0,14245.0,16354.0,0.0034332340990512744,0.0006319886026751043,-0.10321083000830211,0.027998090517483032
ZMB_4277,ZMB,Kabwe,16.316747,17.313372,17.355524,226870.0,260226.0,299789.0,0.011928007443066546,0.00048645647673972725,0.027814459219597687,0.028710094450395518
ZMB_4392,ZMB,Kafue 1,4.645904,4.912531,4.933665,89008.0,91385.0,104916.0,0.011223175828316778,0.0008589350663947837,0.005284935838594684,0.02800058464750932
ZMB_4437,ZMB,Kalabo,1.054592,1.197747,1.19818,10209.0,12627.0,14496.0,0.02578447975224285,7.229196143887506e-05,0.04343018312688662,0.02799168056931034
ZMB_4460,ZMB,Kalomo,1.573061,1.636298,1.646611,18546.0,23000.0,23000.0,0.007913743528245254,0.0012573624401777117,0.0439880225174738,0.0
ZMB_4524,ZMB,Kantete,0.874108,1.679985,1.683873,12259.0,16016.0,18387.0,0.1395885101007448,0.0004624333884459819,0.05492067264152345,0.027995854173584744
ZMB_4532,ZMB,Kaoma,2.785322,2.968123,2.975429,24879.0,30950.0,35533.0,0.012794413080568834,0.0004918136581482102,0.04463734300593569,0.028002674419725704
ZMB_4540,ZMB,Kapiri Mposhi,6.166726,6.536602,6.578771,56480.0,86024.0,98762.0,0.01171800284356106,0.0012869256184175892,0.08778981690593812,0.028002210846449493
ZMB_4544,ZMB,Kapoya/Kasembe,1.459882,2.007472,2.008644,26486.0,22007.0,25265.0,0.06577701181725559,0.00011673651254473505,-0.03637314712538697,0.027996632074303474
ZMB_4549,ZMB,Kaputa,1.39007,1.700255,1.704682,21354.0,22000.0,22098.0,0.041107267264338665,0.0005202039117593316,0.005978475696220453,0.0008893258824962391
ZMB_4589,ZMB,Kasama,9.727789,10.416852,10.473175,121940.0,144946.0,166408.0,0.013781753599988678,0.0010790511431606475,0.03517079016585534,0.028001132800172135
ZMB_4597,ZMB,Kasempa,1.662216,1.725299,1.735216,16433.0,17857.0,20501.0,0.007477561756953133,0.0011469637666081667,0.016759710210153322,0.02800046096817055
ZMB_4633,ZMB,Katanshya/Mwansa,0.870238,1.72389,1.752273,10000.0,17000.0,20855.0,0.1465006397584283,0.003271426913373565,0.11196158593857874,0.0417230038132832
ZMB_4641,ZMB,Katete,3.545901,3.792247,3.804654,22976.0,27565.0,31646.0,0.013523918146849834,0.0006534803840980707,0.037090640444571,0.027997753018616844
ZMB_4663,ZMB,Kawambwa,2.913185,2.977224,2.986155,15766.0,26000.0,33898.0,0.00435833772112737,0.0005992362586078048,0.10522414778924327,0.05448436670858037
ZMB_4920,ZMB,Kitwe,27.794146,28.377932,28.422004,601203.0,710945.0,816262.0,0.004165929032940552,0.00031041477787607796,0.03410103555735522,0.02801325629385021
ZMB_5279,ZMB,Limulunga,0.987598,1.201463,1.207291,15301.0,23690.0,27198.0,0.03998252018852022,0.0009682736339542419,0.09136255549002148,0.02800299926658334
ZMB_5291,ZMB,Livingstone,8.819554,9.862314,9.887358,161094.0,182782.0,209848.0,0.022601535233196746,0.0005073576112448741,0.02558299660318264,0.02800276286716552
ZMB_5315,ZMB,Loloma,1.331704,1.703201,1.708148,20182.0,18425.0,22613.0,0.05044094045165859,0.0005802324576027473,-0.018051617832466227,0.0418138752891728
ZMB_5333,ZMB,Luanshya,8.391264,8.813477,8.880052,144798.0,142000.0,172960.0,0.009866528896788518,0.001506210317268497,-0.003894917077031157,0.04023501049768541
ZMB_5346,ZMB,Lubwe,0.594625,0.795695,0.808769,11000.0,10300.0,11570.0,0.05998737573299562,0.0032647962750855797,-0.013064188409069755,0.02352681919842059
ZMB_5376,ZMB,Lukulu,1.712104,1.79448,1.798449,15092.0,15270.0,17531.0,0.009442756711277145,0.0004419657200225302,0.002347815237567996,0.028000984408404594
ZMB_5379,ZMB,Lukwese,2.087697,2.148206,2.155733,42672.0,36342.0,41723.0,0.005730663923510182,0.000699790683065471,-0.031603602561695365,0.02800053520025436
ZMB_5386,ZMB,Lundazi,1.789235,2.743488,2.771092,20322.0,49733.0,57097.0,0.08924891494520804,0.0020042784477964926,0.19601228919284797,0.028001448256894212
ZMB_5398,ZMB,Lusaka,123.454496,134.243216,135.884832,2426689.0,2755544.0,3234573.0,0.016897284009721902,0.002433857819982066,0.02574319802441094,0.032575749844899304
ZMB_5410,ZMB,Luwingu,1.480467,1.913986,1.934301,26182.0,17218.0,19767.0,0.05270819815626626,0.002113839501108661,-0.08040632187083807,0.027996442550303202
ZMB_5415,ZMB,Maamba,0.777159,0.915085,0.924531,17161.0,14799.0,16990.0,0.03321406882895861,0.0020560357023022835,-0.029181696529679946,0.02799783906387976
ZMB_5678,ZMB,Mansa,10.618126,11.322765,11.366369,101963.0,129366.0,148522.0,0.012933475199260913,0.0007690168811183007,0.04875853686137299,0.028002398094615577
ZMB_5832,ZMB,Mazabuka,3.55288,3.841522,3.879483,88546.0,85113.0,97716.0,0.01574468167226195,0.001968586145587592,-0.007877291362501149,0.02800199262337366
ZMB_5844,ZMB,Mbala,2.015962,2.399305,2.428419,29046.0,34766.0,39913.0,0.035429713057801626,0.0024151750963037344,0.03660590524639007,0.027997194078222876
ZMB_6154,ZMB,Mkushi,3.067802,3.419671,3.433686,24774.0,39000.0,51093.0,0.02195412231421301,0.0008183290731207382,0.09499892989103742,0.05550272612020479
ZMB_6221,ZMB,Mongu,8.218582,8.962856,8.998096,55433.0,89962.0,103284.0,0.01748942750125715,0.0007851226881474549,0.10168679462792118,0.028003964251831936
ZMB_6228,ZMB,Monze,3.069363,3.361598,3.409904,49902.0,55722.0,63972.0,0.01835571413521242,0.002857611661035264,0.022307975198514907,0.02799889190743765
ZMB_6289,ZMB,Mpika,3.706918,4.677628,4.723845,49197.0,56057.0,64357.0,0.047617007288997426,0.0019683231663800704,0.02645105698965966,0.02800017329146609
ZMB_6291,ZMB,Mpokoroso,1.573239,1.948399,1.968193,23033.0,18000.0,23346.0,0.043702295930536206,0.0020236153953332447,-0.048115183388353744,0.05338709908889272
ZMB_6295,ZMB,Mpongwe,0.749825,0.950662,0.97012,17891.0,16071.0,18450.0,0.0486081858787939,0.004060459652227566,-0.021227729103740156,0.02799426989354381
ZMB_6299,ZMB,Mpulungu,2.463704,2.568349,2.580526,42083.0,62000.0,80834.0,0.008354177283445008,0.0009464424146627959,0.08058018505566489,0.0544851694833266
ZMB_6329,ZMB,Mufulira,9.020589,9.577056,9.588964,174818.0,178662.0,205116.0,0.012044074017376394,0.0002485540839916034,0.00435953924473953,0.028000839863734583
ZMB_6330,ZMB,Mufumbwe,1.81316,1.962529,1.976018,12309.0,15687.0,18009.0,0.01595855260895762,0.0013708910052885326,0.04969571648700555,0.0279924861490628
ZMB_6365,ZMB,Mumbwa,3.484992,3.713078,3.752654,23841.0,29442.0,33801.0,0.012759807130649836,0.0021226778464893403,0.04310629934388288,0.027998422298657788
ZMB_6393,ZMB,Mununga,1.699429,1.940591,1.945251,18612.0,29000.0,36215.0,0.026895374330890842,0.00047980541583436676,0.09275044195138316,0.045437557961223396
ZMB_6457,ZMB,Mwasabobmbwe,2.131124,2.334509,2.341698,37665.0,34500.0,41774.0,0.01839759846571476,0.0006151324380923029,-0.01740121075944534,0.03900441613557781
ZMB_6459,ZMB,Mwatishi/Kabuta,2.216092,2.294939,2.301304,40896.0,59712.0,68553.0,0.007016698350948314,0.0005540844799551969,0.07863909496778931,0.027999656306170406
ZMB_6466,ZMB,Mwense 1,0.880002,1.101645,1.107778,23722.0,10752.0,12344.0,0.045951631535044335,0.0011109546470655651,-0.146374085822087,0.02800051320141317
ZMB_6470,ZMB,Mwinilunga,2.204882,2.604499,2.618974,19246.0,27181.0,31205.0,0.03387436858686255,0.0011090753238542916,0.07148227179624067,0.02799677278745616
ZMB_6536,ZMB,Nampundwe,0.439696,0.590521,0.601942,10979.0,15500.0,17412.0,0.06075861195701471,0.0038385277621606484,0.0714052808041159,0.023536635644517467
ZMB_6540,ZMB,Namwala,1.110806,1.209707,1.219788,14423.0,14000.0,15727.0,0.017204787106656738,0.001661156520027962,-0.005935678834626978,0.023537055525632233
ZMB_6604,ZMB,Nchelenge,4.237995,4.451649,4.476092,47435.0,75077.0,86193.0,0.009885402816862676,0.0010957508907707414,0.09617931107483213,0.027999769557303766
ZMB_6629,ZMB,Ndola,30.423036,30.952776,31.188996,516129.0,592714.0,683709.0,0.003458487524342413,0.0015216870196166354,0.0280574503227069,0.028975945349861476
ZMB_6920,ZMB,Nyimba,0.682519,1.531147,1.551441,10165.0,13209.0,15164.0,0.1753857695754626,0.0026368802143126313,0.0537862109899534,0.027989709164473853
ZMB_7305,ZMB,Petauke,3.583481,4.223989,4.250315,39333.0,54872.0,62997.0,0.03343587686474758,0.0012434035065289617,0.06885487787824118,0.028001659367729914
ZMB_7525,ZMB,Roan,1.327151,1.39375,1.395687,23500.0,36799.0,36989.0,0.009840788590953276,0.00027780076753414207,0.09383957223187034,0.001030510662149764
ZMB_7716,ZMB,Samfya,4.2823,4.451749,4.470845,22195.0,34000.0,41977.0,0.007791558282111977,0.0008564417615544162,0.0890423120822399,0.04305328708978906
ZMB_7862,ZMB,Senanga,2.054432,2.172958,2.176784,17444.0,25017.0,28721.0,0.0112811500743204,0.000351898952176688,0.0747756786252205,0.0279994106637107
ZMB_7873,ZMB,Serenje,1.006462,1.822201,1.849655,23558.0,32694.0,37535.0,0.12605545725011758,0.002995281744502698,0.06774102145511107,0.02800132016483814
ZMB_7880,ZMB,Sesheke,0.771161,1.664785,1.670934,13678.0,21000.0,23590.0,0.1663868622361584,0.0007376250237978166,0.08953036653896995,0.02353271672088808
ZMB_8025,ZMB,Siavonga,0.540878,0.84928,0.865687,11980.0,14000.0,15727.0,0.09443586345734256,0.003834227847224314,0.03165442077053093,0.023537055525632233
ZMB_8159,ZMB,Solwezi,16.075635,18.16175,18.308976,125740.0,191372.0,221055.0,0.02470277250893682,0.0016160438396952692,0.08762952351814746,0.02925832731826028
ZMB_8675,ZMB,Nakonde/Tunduma [ZMB],4.141616,4.714834,4.748576,105878.0,73067.0,83886.0,0.026264521523191364,0.0014272325179232048,-0.07149743148426424,0.02800124812223137
ZMB_9121,ZMB,Zambezi,1.847858,1.994524,2.00012,23769.0,19000.0,24125.0,0.015392928227830449,0.0005605077013863813,-0.04380044320511933,0.048920912784701676
ZWE_1648,ZWE,Banket,0.397932,0.551065,0.562266,11575.0,11889.0,13391.0,0.06728103604538904,0.00403256459571244,0.005367554560865795,0.024079179468197376
ZWE_1762,ZWE,Beitbridge,2.159441,2.756137,2.800742,39696.0,54479.0,64774.0,0.05000626828493093,0.003216024432610043,0.06536021910298784,0.03522396684246587
ZWE_1909,ZWE,Bindura,2.319336,2.857567,2.909704,46009.0,67590.0,74472.0,0.0426211981303819,0.0036227050538975014,0.07996064722467766,0.019581893105345305
ZWE_2204,ZWE,Bulawayo,31.550956,38.493284,38.763312,663804.0,640928.0,663145.0,0.04057763681200388,0.0013990673367882955,-0.006989419404604291,0.006838585669930675
ZWE_2205,ZWE,Emganwini,1.045924,1.371938,1.388447,32681.0,22217.0,0.0,0.0557640541022848,0.0023951673553543884,-0.07428347668868829,-1.0
ZWE_2389,ZWE,Chegutu,2.252134,2.743203,2.788023,55301.0,62438.0,69949.0,0.04023807052367445,0.0032465640555900954,0.024573690704572826,0.02297849796318685
ZWE_2432,ZWE,Chinhoyi,3.508867,4.376959,4.441718,74679.0,89484.0,102401.0,0.04520412318634315,0.0029417279189483114,0.0368343553835111,0.027334237116668936
ZWE_2437,ZWE,Chipinge,1.743505,2.120152,2.158052,26435.0,48251.0,55247.0,0.039893252294349146,0.0035499218410011135,0.12788650587446204,0.027449479145361444
ZWE_2440,ZWE,Chiredzi,1.432724,1.971766,2.015391,32319.0,38005.0,42824.0,0.06595425504108987,0.004386318528197153,0.032943493708154525,0.024163511034463347
ZWE_2446,ZWE,Chisumbanje,0.421699,0.795196,0.814566,19859.0,18000.0,19345.0,0.13525735207839573,0.004824969039436855,-0.01946516814975474,0.014516806110361768
ZWE_2450,ZWE,Chivhu,0.794449,1.348861,1.385494,12234.0,18575.0,18575.0,0.11168113299295324,0.005373630862378631,0.08710644187894356,0.0
ZWE_2600,ZWE,Dangamvura,1.905076,2.545784,2.605176,62599.0,70109.0,75656.0,0.05969735261495357,0.004622968645541681,0.022919070690627263,0.015345669073133728
ZWE_2904,ZWE,Gumira,1.001778,1.318389,1.34766,45280.0,36011.0,39604.0,0.05646330312942305,0.0044015019725456295,-0.04477484062469772,0.0192031894369582
ZWE_3539,ZWE,Glendale,0.588543,0.843733,0.86503,14358.0,30627.0,34061.0,0.07469534405716383,0.0049980677929950534,0.1635956845661135,0.02148169192659699
ZWE_3558,ZWE,Gokwe,1.415116,2.663838,2.741174,24702.0,40694.0,47424.0,0.1348622599501541,0.005740082655974366,0.10499332020000707,0.031082842748272554
ZWE_3581,ZWE,Chinyika ,0.998513,2.018432,2.088298,16616.0,23169.0,0.0,0.15115042949447788,0.006828892833514066,0.06875008236584268,-1.0
ZWE_3684,ZWE,Gwanda,1.152818,1.488725,1.497032,19890.0,25443.0,29403.0,0.05247247460634963,0.0011135059598161856,0.05047738437922189,0.029353783597308336
ZWE_3691,ZWE,Gweru (Old Camp/Ascot/Mambo/Daylesford),3.680837,4.867388,4.945629,57129.0,51684.0,58761.0,0.057474433465354746,0.003194432948289583,-0.019833400775391308,0.02599823116477218
ZWE_3692,ZWE,Lal Bagh,0.379815,0.451775,0.460931,15656.0,10488.0,10622.0,0.03530906456027694,0.004020879911543318,-0.07699857142305122,0.0025423413905836245
ZWE_3693,ZWE,Gweru ,2.337291,2.548909,2.56216,66767.0,77889.0,78889.0,0.017485687211133305,0.0010375835682625567,0.03129485960707479,0.002554670607627374
ZWE_3694,ZWE,Senga,0.424696,0.742188,0.753653,12734.0,14217.0,14399.0,0.11811674493169799,0.003070598565324545,0.022277079504712027,0.0025473044954995583
ZWE_3743,ZWE,Harare,115.08272,149.408992,151.076704,2272905.0,2628093.0,2919969.0,0.05359408446003289,0.0022225107328901483,0.029465718567347476,0.02128629090673262
ZWE_3849,ZWE,Hwange south,0.872283,0.950026,0.971905,40827.0,14725.0,14923.0,0.017221700621033342,0.004564126123029144,-0.18450450368471172,0.0026749548066085094
ZWE_4289,ZWE,Kadoma,3.343081,3.722773,3.766235,100215.0,63863.0,71057.0,0.02174831748731676,0.0023240981419683227,-0.08617440681460442,0.02157794986615369
ZWE_4572,ZWE,Kariba (east),0.468556,0.592597,0.596219,15054.0,20876.0,21422.0,0.04809244150075709,0.001219438220242619,0.06757667200506767,0.005177006137039308
ZWE_4579,ZWE,Karoi,0.862281,1.820265,1.844638,18236.0,47641.0,53253.0,0.16117361885865078,0.0026637329278678124,0.21174226759658565,0.022521955626847445
ZWE_5172,ZWE,Kwekwe,4.12315,5.752655,5.845452,106927.0,115407.0,123883.0,0.06887726293098106,0.0032056141501821678,0.015380816131506103,0.014275446930913427
ZWE_5732,ZWE,Marondera,3.88004,4.654001,4.714019,67296.0,92958.0,97589.0,0.03704607921689229,0.0025659976117076155,0.06674226892637569,0.009770826631688045
ZWE_5778,ZWE,Masvingo South,4.324554,3.472794,3.503819,92360.0,98571.0,114936.0,-0.04292154551194771,0.0017803948641916811,0.013101708255543132,0.03119638828891036
ZWE_5836,ZWE,Mount Pleasant Heights,0.586293,0.761333,0.771091,14360.0,17607.0,19581.0,0.053639367957081685,0.0025503568117546394,0.041612504329605615,0.021480077205427772
ZWE_5885,ZWE,Mbuyanehanda,1.179914,1.594697,1.606853,19695.0,22000.0,23644.0,0.06210038094262349,0.0015199255647833088,0.022382339977588872,0.014517759624212312
ZWE_6270,ZWE,Mount Hampden,0.534391,1.406071,1.445888,12473.0,16293.0,18352.0,0.21347161833280737,0.005600499630287414,0.054887210691270116,0.024086093260867525
ZWE_6395,ZWE,Murambinda,0.48068,0.751499,0.76798,14897.0,18262.0,19131.0,0.09348913171456363,0.004348188582018464,0.04157345733619078,0.00934088787270504
ZWE_6400,ZWE,Murape,4.242297,6.983456,7.134804,49480.0,94233.0,115934.0,0.10482594979801307,0.00429737879452996,0.13750853855461598,0.042321174778199744
ZWE_6402,ZWE,Murehwa Centre,0.801413,1.525617,1.599056,15581.0,35967.0,36975.0,0.13741205610477025,0.009447253564450309,0.18212057800744508,0.005543339200712483
ZWE_6425,ZWE,Mutare,7.404814,8.004949,8.083947,153729.0,153087.0,165233.0,0.015708023320793796,0.0019659836064565006,-0.0008366347770105698,0.01538722515329849
ZWE_6427,ZWE,Mutoko Centre,0.609038,2.100468,2.151529,12998.0,31518.0,32931.0,0.2809563643278805,0.004815271362178297,0.19381332955949704,0.008809709510776864
ZWE_6445,ZWE,Mvurwi,0.530253,0.732587,0.743519,11235.0,21847.0,25202.0,0.06678085909212905,0.002966835413202862,0.14225678484818194,0.028984042359627704
ZWE_6848,ZWE,Norton west,2.295614,2.843104,2.883253,59773.0,71149.0,93994.0,0.04370743284035483,0.002808487941647231,0.03545862356694829,0.05727086904590806
ZWE_6893,ZWE,Nyahode,0.398959,0.764062,0.823109,18335.0,27636.0,29443.0,0.13878061798933206,0.014999316705597288,0.08552256070680642,0.012747955201692918
ZWE_7488,ZWE,Redcliff ,0.46842,0.485481,0.487107,31096.0,33273.0,35442.0,0.007180622454671326,0.000668955535391591,0.01362540389474809,0.012710358653807319
ZWE_7588,ZWE,Rusape,1.99745,2.476054,2.503937,33046.0,36087.0,39946.0,0.0438950518710286,0.002242135679799473,0.017762338756027285,0.020527010139963275
ZWE_7920,ZWE,Shamva,0.330445,0.626024,0.640371,12275.0,18807.0,21381.0,0.13631400575521457,0.004542081498341011,0.08907955381664534,0.025986621557149148
ZWE_8825,ZWE,Victoria Falls,1.701425,1.829719,1.849945,36614.0,32313.0,32838.0,0.014645462640028084,0.00220112006950246,-0.024682491232125958,0.0032285516529471092
ZWE_9199,ZWE,Platinum Mine,1.556918,2.075511,2.096824,47300.0,33391.0,37854.0,0.05918509320770027,0.0020453750415601046,-0.0672749150053914,0.025407454723193723
