Agglomeration_ID,Agglomeration_Name,ISO3,africapolis_pop_2015,africapolis_pop_2020
5199.0,Lagos,NGA,11847635.0,13799785.0
7098.0,Onitsha,NGA,8530514.0,8320664.0
4519.0,Kano,NGA,3888582.0,5487245.0
3853.0,Ibadan,NGA,3088477.0,3936156.0
133.0,Abuja,NGA,1998816.0,3265077.0
7357.0,Port Harcourt,NGA,1845232.0,3237363.0
8806.0,Uyo,NGA,2271025.0,2796493.0
5538.0,Maiduguri,NGA,1012148.0,2059410.0
4291.0,Kaduna,NGA,1447250.0,2044054.0
9.0,Aba,NGA,1687158.0,1731615.0
1822.0,Benin City,NGA,1569977.0,1587589.0
4030.0,Ilorin,NGA,891330.0,1577534.0
3988.0,Ikorodu,NGA,732343.0,1556359.0
6869.0,Nsukka,NGA,1430312.0,1456497.0
3119.0,Enugu,NGA,905042.0,1154280.0
7132.0,Osogbo,NGA,763544.0,1095067.0
4226.0,Jos,NGA,870424.0,1093387.0
4655.0,Katsina,NGA,452172.0,1087079.0
29.0,Abeokuta,NGA,747542.0,924438.0
8957.0,Warri,NGA,585552.0,888069.0
9129.0,Zaria,NGA,796340.0,869005.0
1727.0,Bauchi,NGA,528440.0,765157.0
8156.0,Sokoto,NGA,840020.0,762103.0
427.0,Akure,NGA,532778.0,761879.0
17.0,Abakaliki,NGA,354397.0,725581.0
5299.0,Loburo,NGA,269118.0,682738.0
8764.0,Umuahia,NGA,392624.0,643306.0
3565.0,Gombe,NGA,600870.0,595013.0
201.0,Ado Ekiti,NGA,382239.0,555388.0
6015.0,Minna,NGA,391580.0,529684.0
4178.0,Jalingo,NGA,227952.0,516918.0
4211.0,Jimeta,NGA,445265.0,507238.0
5585.0,Makurdi,NGA,338179.0,493396.0
7247.0,Oyo,NGA,435645.0,490563.0
2996.0,Eket,NGA,282970.0,490489.0
9076.0,Yenagoa,NGA,287980.0,477941.0
2322.0,Calabar,NGA,516941.0,473899.0
3903.0,Ife 1,NGA,498267.0,435711.0
5194.0,Lafia,NGA,292494.0,432355.0
7371.0,Potiskum,NGA,239190.0,424414.0
7032.0,Okenne,NGA,405840.0,408346.0
3965.0,Ijebu Ode,NGA,361507.0,405958.0
6985.0,Ogbomosho,NGA,446740.0,395745.0
5658.0,Monguno,NGA,48436.0,358000.0
1305.0,Asaba,NGA,240395.0,356870.0
3445.0,Gboko,NGA,380736.0,355854.0
1874.0,Bida,NGA,304182.0,346745.0
3982.0,Ikirun,NGA,216776.0,346595.0
4019.0,Ilesha,NGA,293167.0,345959.0
3675.0,Gusau,NGA,290990.0,333791.0
3932.0,Igbidu,NGA,376567.0,328962.0
5309.0,Lokoja,NGA,333615.0,315688.0
7901.0,Shagamu,NGA,179250.0,311129.0
7093.0,Ondo,NGA,434060.0,299334.0
3293.0,Funtua,NGA,164204.0,297323.0
6974.0,Offa,NGA,173549.0,292936.0
6325.0,Mubi,NGA,180717.0,245844.0
8711.0,Ughelli,NGA,196297.0,239883.0
8786.0,Uromi,NGA,149483.0,229542.0
7683.0,Saki,NGA,257880.0,218196.0
3700.0,Hadejia,NGA,144110.0,217734.0
4145.0,Iwo,NGA,281880.0,214010.0
249.0,Agbor,NGA,146486.0,209170.0
3981.0,Ikire,NGA,229213.0,208692.0
7782.0,Sapele,NGA,185952.0,200256.0
253.0,Ado/Isalu/Iyafin,NGA,37404.0,200216.0
1937.0,Birnin Kebbi,NGA,270256.0,199067.0
1426.0,Azare,NGA,150900.0,197123.0
2572.0,Damboa,NGA,44381.0,192573.0
1545.0,Bama,NGA,80299.0,192228.0
4692.0,Keffi,NGA,113545.0,182304.0
9114.0,Zaki Biam,NGA,160857.0,180645.0
2566.0,Damaturu,NGA,91696.0,178016.0
7122.0,Oron,NGA,136007.0,174330.0
7113.0,Ore,NGA,112503.0,172320.0
3405.0,Gashua,NGA,78287.0,170942.0
3993.0,Ikot Ankan,NGA,149651.0,168706.0
1961.0,Biu,NGA,132320.0,168393.0
2743.0,Dikwa,NGA,26377.0,168172.0
4204.0,Jibiya,NGA,60469.0,167306.0
4107.0,Iseyin,NGA,246062.0,166765.0
1454.0,Badagry,NGA,129320.0,164966.0
3683.0,Gwagwalada,NGA,244754.0,162889.0
3878.0,Idah,NGA,187080.0,158490.0
3126.0,Epe,NGA,114087.0,158330.0
6621.0,Akpugo,NGA,186318.0,153591.0
7052.0,Okposi,NGA,26477.0,150964.0
1377.0,Auchi,NGA,146838.0,149889.0
1281.0,Argungu,NGA,110865.0,145501.0
4989.0,Kontagora,NGA,112868.0,141708.0
7240.0,Owo,NGA,192543.0,139646.0
9020.0,Wukari,NGA,127140.0,138318.0
6726.0,Nguru,NGA,97440.0,130277.0
9065.0,Yeghe,NGA,35190.0,130006.0
7153.0,Oturkpo,NGA,210260.0,128462.0
3974.0,Ikare,NGA,219075.0,128186.0
3346.0,Gambaru,NGA,60777.0,127744.0
9197.0,Zuru,NGA,122854.0,125813.0
3979.0,Ikerre Ekiti,NGA,173512.0,125028.0
5656.0,Mangu,NGA,78179.0,124649.0
2922.0,Dutsin Ma,NGA,69845.0,121835.0
2046.0,Bonny,NGA,85365.0,121802.0
2303.0,Bwari,NGA,159392.0,121316.0
2641.0,Daura,NGA,109606.0,118426.0
1771.0,Bela,NGA,43044.0,118143.0
2918.0,Dutse,NGA,206887.0,117568.0
6684.0,Ngala,NGA,16273.0,117208.0
2598.0,Dandume,NGA,44239.0,116184.0
7083.0,Omoku,NGA,60373.0,114204.0
3971.0,Ika,NGA,97541.0,111816.0
1222.0,Ankpa,NGA,116073.0,111603.0
4006.0,Ila,NGA,65065.0,110911.0
8693.0,Mayo Bani/Uba,NGA,77466.0,110748.0
2977.0,Egume,NGA,121875.0,110164.0
3963.0,Ijebu Igbo,NGA,115115.0,109888.0
4010.0,Ilaro,NGA,92160.0,108866.0
3324.0,Gajram,NGA,14187.0,107869.0
3696.0,Gwoza,NGA,69612.0,106311.0
3567.0,Gombi,NGA,84300.0,105904.0
6807.0,Ekparakwa,NGA,14896.0,105173.0
8710.0,Ugep,NGA,69955.0,104352.0
4077.0,Ipetumodu,NGA,83742.0,102410.0
7035.0,Okitipupa,NGA,78610.0,101960.0
7087.0,Omu Aran,NGA,80810.0,100665.0
7461.0,Rahama,NGA,85080.0,99888.0
5076.0,Kuje,NGA,102006.0,99086.0
3621.0,Gubio,NGA,25213.0,98339.0
4296.0,Kafanchan,NGA,113366.0,98277.0
4193.0,Jega,NGA,73280.0,98216.0
8303.0,Takum,NGA,82671.0,96964.0
6558.0,Nasarawa 1,NGA,88968.0,96494.0
8314.0,Talata Mafara,NGA,48960.0,96309.0
294.0,Ahoada,NGA,43940.0,96237.0
2838.0,Doma,NGA,98963.0,94468.0
429.0,Akwanga,NGA,123383.0,94034.0
225.0,Afikpo,NGA,82500.0,92610.0
9072.0,Yelwa 1,NGA,76300.0,91106.0
2986.0,Ejigbo,NGA,152387.0,90631.0
3902.0,Ifangni/Idi Iroko [NGA],NGA,33292.0,89198.0
7281.0,Pankshin,NGA,58921.0,89108.0
3417.0,Gaya,NGA,36550.0,88872.0
7124.0,Ago Iwoye & Oru,NGA,119980.0,88602.0
4977.0,Konduga,NGA,26006.0,87384.0
3663.0,Gumel 1,NGA,63258.0,86467.0
3101.0,Emure Ekiti,NGA,98117.0,85134.0
3459.0,Geidam,NGA,75840.0,83211.0
426.0,Akungba,NGA,111750.0,83183.0
5127.0,Sarkin Kura,NGA,29040.0,82926.0
7012.0,Ogharefe,NGA,114840.0,82535.0
5215.0,Langtang,NGA,137340.0,81855.0
3986.0,Ikom,NGA,67565.0,81429.0
6204.0,Mokwa,NGA,33653.0,81384.0
5152.0,Kwale,NGA,97554.0,81169.0
5621.0,Malumfashi,NGA,61819.0,80844.0
4430.0,Obudu,NGA,134334.0,79513.0
2564.0,Damasak,NGA,27197.0,79323.0
395.0,Akahufu,NGA,31100.0,79098.0
3365.0,Ganye,NGA,99187.0,78893.0
264.0,Agosasa,NGA,82000.0,78714.0
4656.0,Katsina Ala,NGA,112280.0,78542.0
60.0,Abraka,NGA,101811.0,78190.0
4922.0,Pulka,NGA,20379.0,78122.0
7149.0,Otukpa,NGA,107903.0,77790.0
7063.0,Okwuzi,NGA,34843.0,76000.0
4105.0,Isara,NGA,114189.0,75590.0
8892.0,Vom Wang,NGA,27000.0,75022.0
4660.0,Kaura Namoda,NGA,60320.0,75011.0
6889.0,Numan,NGA,101955.0,74446.0
3934.0,Igbo Ora,NGA,86044.0,74168.0
9019.0,Wudil,NGA,62730.0,74119.0
8813.0,Vande Ikya,NGA,72015.0,73589.0
6211.0,Molume,NGA,23920.0,73342.0
3665.0,Gummi,NGA,46772.0,72940.0
4898.0,Kishi,NGA,87497.0,72575.0
4250.0,Kabba,NGA,92492.0,72209.0
1938.0,Birnin Kudu,NGA,51298.0,71122.0
7886.0,Baga ,NGA,39847.0,70046.0
3939.0,Igboho,NGA,66755.0,69973.0
6706.0,Ngodo,NGA,36080.0,69864.0
4677.0,Kazaure,NGA,57859.0,69704.0
4625.0,Katabu,NGA,33881.0,69674.0
6941.0,Obiaruku,NGA,80323.0,69446.0
8657.0,Tudun Wada,NGA,25353.0,69325.0
1461.0,Lekki,NGA,46633.0,69012.0
7034.0,Okigwi,NGA,49673.0,68991.0
7519.0,Ringim,NGA,27274.0,68459.0
6512.0,Naka,NGA,71250.0,68263.0
1505.0,Bajoga,NGA,54030.0,68021.0
6876.0,Nto Edino,NGA,87388.0,67670.0
1873.0,Bichi,NGA,34480.0,67590.0
7059.0,Okuku,NGA,61574.0,66859.0
2967.0,Effium,NGA,65665.0,66439.0
7031.0,Okeiho,NGA,94361.0,66359.0
3880.0,Idanre,NGA,69236.0,66267.0
6433.0,Mutum Biyu,NGA,51192.0,66151.0
186.0,Adikpo,NGA,165847.0,66103.0
5595.0,Malam Maduri,NGA,29489.0,66022.0
1936.0,Birnin Gwari,NGA,28745.0,65563.0
3689.0,Gwarzo,NGA,39040.0,64207.0
3985.0,Ikole,NGA,95345.0,63231.0
5496.0,Magumeri,NGA,10260.0,63139.0
54.0,Abonnema,NGA,23616.0,63020.0
7982.0,Shinkafi,NGA,41025.0,62865.0
1331.0,Askira,NGA,27010.0,62618.0
3865.0,Ibiagidi,NGA,80765.0,62414.0
4515.0,Kankara,NGA,26934.0,61663.0
3989.0,Ikot,NGA,84127.0,61360.0
5988.0,Michika,NGA,97634.0,60770.0
4946.0,Koko 1,NGA,46463.0,60277.0
7152.0,Otuocha,NGA,34790.0,60248.0
8384.0,Tarau,NGA,23626.0,60228.0
4473.0,Kamba,NGA,51468.0,60200.0
377.0,Aiyetoro,NGA,70814.0,59952.0
3081.0,Elele,NGA,22511.0,59924.0
3479.0,Gezawa,NGA,24140.0,59683.0
4085.0,Irele,NGA,68838.0,59110.0
7245.0,Oye Ekiti,NGA,77046.0,58995.0
1391.0,Awgu,NGA,21262.0,57349.0
9168.0,Zing,NGA,57279.0,56921.0
2571.0,Danbatta,NGA,51653.0,56797.0
5120.0,Kumo,NGA,53835.0,56690.0
8165.0,Song,NGA,47014.0,56580.0
4251.0,Ungwan Abdullah Maifata,NGA,31962.0,56469.0
6725.0,Ngurore,NGA,30525.0,56313.0
6777.0,Damare,NGA,100854.0,55906.0
425.0,Aku,NGA,19467.0,55903.0
1670.0,Barakin Babele,NGA,38860.0,55640.0
236.0,Agaie,NGA,39435.0,55583.0
7088.0,Omuo Ekiti,NGA,108183.0,55510.0
8706.0,Ugba,NGA,54150.0,55157.0
4404.0,Kagoro,NGA,30274.0,54645.0
1452.0,Babura,NGA,26381.0,54412.0
7011.0,Oja Odan,NGA,46442.0,54251.0
1724.0,Batsari,NGA,24758.0,54066.0
7469.0,Rano,NGA,26197.0,53912.0
8614.0,Tsafe,NGA,30960.0,53841.0
717.0,Aliade,NGA,70420.0,53821.0
7616.0,Sabon Wuse,NGA,59825.0,53801.0
281.0,Agwa,NGA,29602.0,53758.0
8584.0,Toto-Owu,NGA,17622.0,53685.0
6954.0,Obudi,NGA,33010.0,53458.0
148.0,Achi 1,NGA,35075.0,53260.0
3873.0,Ibusa,NGA,44272.0,53141.0
8961.0,Wase,NGA,21349.0,52930.0
2626.0,Darazo,NGA,34720.0,52733.0
6938.0,Ipu/Ozaa/Asa,NGA,37884.0,52401.0
2642.0,Dawakin Kudu,NGA,26710.0,52372.0
4463.0,Kaltungo,NGA,108638.0,52310.0
7274.0,Pambeguwa,NGA,30903.0,52155.0
7965.0,Shendam,NGA,53441.0,51919.0
8703.0,Udi,NGA,67561.0,51661.0
393.0,Akabuka,NGA,38745.0,51475.0
5175.0,Kwoi,NGA,52089.0,51400.0
3890.0,Ido Ekiti,NGA,75067.0,51223.0
7067.0,Oleh,NGA,67915.0,51119.0
6763.0,Ningi,NGA,39185.0,50875.0
8704.0,Uduma,NGA,20500.0,50672.0
2365.0,Chanchaga,NGA,33571.0,50618.0
5290.0,Lissam,NGA,46950.0,49655.0
5562.0,Makarfi,NGA,22193.0,49547.0
2233.0,Buniyadi,NGA,46960.0,49502.0
4188.0,Jauro,NGA,30520.0,49456.0
3463.0,Gembu,NGA,26682.0,49412.0
3940.0,Igbokoda,NGA,54166.0,49395.0
7144.0,Opete/Otokutu,NGA,21431.0,49373.0
8701.0,Uburu,NGA,12600.0,49336.0
3966.0,Ijero Ekiti,NGA,58990.0,49195.0
7005.0,Ogwashi Uku,NGA,105064.0,49174.0
7250.0,Ozoro,NGA,89766.0,49167.0
1533.0,Bali,NGA,38088.0,49035.0
3245.0,Fili,NGA,76112.0,48794.0
5461.0,Mafa,NGA,10410.0,47989.0
9181.0,Zonkwa,NGA,34476.0,47809.0
8141.0,Soba,NGA,23989.0,47666.0
3681.0,Gwadainya,NGA,36067.0,47303.0
4110.0,Ishiagu,NGA,27301.0,47216.0
7041.0,Okopedi,NGA,23864.0,47061.0
1668.0,Barabarobara,NGA,25800.0,46593.0
1511.0,Bakori,NGA,24712.0,46580.0
7514.0,Rijau,NGA,35179.0,46379.0
2988.0,Ejule,NGA,57750.0,46000.0
6653.0,Okpogho,NGA,31000.0,45457.0
4219.0,Jogana,NGA,28815.0,45331.0
1823.0,Benisheikh,NGA,17092.0,45000.0
6074.0,Misau,NGA,44540.0,44907.0
1292.0,Arochukwu,NGA,48960.0,44603.0
6670.0,New Bussa,NGA,89985.0,44365.0
3999.0,Ikot Offiong,NGA,99900.0,43968.0
3343.0,Gamawa,NGA,23760.0,43527.0
7114.0,Orerokpe,NGA,77873.0,43506.0
4288.0,Kado,NGA,25420.0,43502.0
5820.0,Maya Belwa,NGA,55544.0,43500.0
4412.0,Kaiama 1,NGA,68293.0,43411.0
3137.0,Eruwa,NGA,83427.0,43077.0
7007.0,Ohafia,NGA,44415.0,43004.0
8780.0,Ungwan Shehu,NGA,19075.0,42913.0
2899.0,Dukku ,NGA,37434.0,42655.0
35.0,Abiriba,NGA,43965.0,42631.0
9025.0,Wurio,NGA,25416.0,42599.0
4103.0,Isanlu,NGA,88984.0,42488.0
7016.0,Oka Akoko,NGA,57525.0,42410.0
737.0,Alizaga,NGA,65862.0,42377.0
3688.0,Gwaram ,NGA,17755.0,42277.0
3952.0,Ihalav,NGA,28704.0,42143.0
9027.0,Wurno,NGA,25440.0,41954.0
7622.0,Sabuwa,NGA,17466.0,41809.0
1291.0,Aro,NGA,47845.0,41713.0
4172.0,Jaji ,NGA,49163.0,41668.0
1898.0,Billiri,NGA,66164.0,41484.0
3447.0,Gbongan,NGA,75657.0,41300.0
2414.0,Chibok,NGA,23334.0,41087.0
4023.0,Illela,NGA,40600.0,41040.0
6687.0,Ngambu,NGA,13924.0,40740.0
8763.0,Umuagu,NGA,18984.0,40678.0
5128.0,Kaura Munjo,NGA,26407.0,40563.0
4064.0,Inisa,NGA,55986.0,40457.0
4094.0,Isa,NGA,29835.0,40330.0
1304.0,Asa/Awara,NGA,30000.0,40258.0
8719.0,Uke,NGA,26250.0,40199.0
7936.0,Share,NGA,28302.0,40168.0
4181.0,Jamaare,NGA,29280.0,40040.0
7013.0,Oju,NGA,109060.0,40000.0
5196.0,Lafiagi,NGA,58655.0,39942.0
4163.0,Izom/Mararaba,NGA,54122.0,39926.0
5218.0,Lapai,NGA,47440.0,39850.0
1151.0,Amassama,NGA,13663.0,39839.0
2973.0,Egbolom,NGA,23341.0,39743.0
7118.0,Oro Esie Iludin,NGA,84437.0,39510.0
2604.0,Danja 1,NGA,17358.0,39350.0
4075.0,Iperu,NGA,51288.0,39294.0
3919.0,Igarra,NGA,80665.0,39206.0
2238.0,Bunza,NGA,40626.0,38839.0
2746.0,Dilpurtu,NGA,39872.0,38837.0
1502.0,Baissa,NGA,22845.0,38670.0
1220.0,Anka,NGA,21040.0,38611.0
3992.0,Ikot Akpaete,NGA,33792.0,38461.0
8948.0,Wannune,NGA,51308.0,38309.0
2203.0,Bula Chirabe/Banki [NGA],NGA,35031.0,38231.0
2372.0,Charanchi,NGA,21075.0,38213.0
4203.0,Jesse,NGA,71202.0,38144.0
9124.0,Zango,NGA,26582.0,38112.0
8221.0,Sukuku,NGA,38970.0,37699.0
4516.0,Kankia,NGA,31672.0,37422.0
6999.0,Oguma 1,NGA,31380.0,37280.0
3389.0,Garko,NGA,22015.0,37236.0
725.0,Aliero,NGA,35945.0,37116.0
5131.0,Kurgwi,NGA,17594.0,37094.0
2570.0,Damban,NGA,20960.0,37079.0
5137.0,Kuta,NGA,33987.0,37011.0
4281.0,Kachia,NGA,25453.0,36641.0
1149.0,Amaseri,NGA,14980.0,36587.0
2970.0,Egbe Oke,NGA,55757.0,36463.0
6537.0,Namu,NGA,19295.0,36427.0
1435.0,Azuwa,NGA,62132.0,36369.0
3863.0,Ibi,NGA,36186.0,36243.0
6983.0,Ogboja,NGA,39258.0,36238.0
4398.0,Kagara,NGA,21068.0,36219.0
7709.0,Samamiya,NGA,20077.0,36106.0
4043.0,Imeko,NGA,53538.0,36079.0
7878.0,Serti,NGA,36288.0,35808.0
6842.0,Ashaka/Jalingo,NGA,22500.0,35644.0
2691.0,Dengi,NGA,29166.0,35627.0
5873.0,Mbogwo,NGA,20064.0,35608.0
2962.0,Edun,NGA,25174.0,35569.0
4076.0,Ipetu Ijesha,NGA,38361.0,35536.0
2012.0,Bokkos,NGA,18859.0,35482.0
3973.0,Ikara,NGA,21976.0,35223.0
3685.0,Gwandu,NGA,31418.0,35208.0
2547.0,Dakingari,NGA,33122.0,35001.0
8297.0,Takai,NGA,23330.0,34695.0
3964.0,Ijebu Ijesha,NGA,45213.0,34694.0
3931.0,Igbeti,NGA,68782.0,34660.0
748.0,Alkaleri,NGA,30800.0,34468.0
7279.0,Pandogari,NGA,15096.0,34364.0
15.0,Abaji,NGA,63838.0,34363.0
3842.0,Hunkuyi,NGA,13161.0,34344.0
7151.0,Otun Ekiti,NGA,37893.0,34259.0
6841.0,Sabon Rijiya,NGA,23000.0,34203.0
298.0,Aidu,NGA,15652.0,34177.0
5984.0,Miango,NGA,11500.0,33919.0
7046.0,Okpella,NGA,67925.0,33906.0
3386.0,Garin Madsam,NGA,25840.0,33850.0
4451.0,Kalin,NGA,32339.0,33791.0
3007.0,Eku,NGA,45651.0,33762.0
6660.0,Nembe,NGA,20000.0,33526.0
3619.0,Guai,NGA,20025.0,33507.0
7042.0,Okpakeke,NGA,41425.0,33444.0
5438.0,Madagali,NGA,31281.0,33296.0
4049.0,Imota,NGA,28906.0,33288.0
7106.0,Ikpa Ibekwe,NGA,51300.0,33213.0
7535.0,Rogo,NGA,20130.0,33207.0
2776.0,Dirindaji,NGA,18830.0,33171.0
4014.0,Ile Igbo,NGA,25486.0,32967.0
2190.0,Buguma,NGA,12300.0,32787.0
8228.0,Sumaila,NGA,20055.0,32726.0
4071.0,Inyi-Umuom,NGA,20650.0,32366.0
6663.0,Nenwe,NGA,30500.0,32335.0
3659.0,Gulma,NGA,18422.0,32306.0
3942.0,Igede Ekiti,NGA,64818.0,32249.0
9058.0,Yankara,NGA,11872.0,32168.0
5660.0,Mani,NGA,24463.0,32057.0
6984.0,Ogboloko,NGA,45225.0,32011.0
1513.0,Bakura,NGA,14960.0,31999.0
7702.0,Salka,NGA,31881.0,31889.0
3335.0,Gali,NGA,15360.0,31611.0
138.0,Abuochicie,NGA,24950.0,31591.0
398.0,Akamkpa,NGA,24000.0,31580.0
4015.0,Ile Oluji,NGA,95207.0,31572.0
7579.0,Rumirigo,NGA,13281.0,31430.0
4567.0,Karaye,NGA,19120.0,31324.0
4113.0,Isikpo,NGA,25764.0,31308.0
9037.0,Yabo,NGA,23175.0,31291.0
9195.0,Zurmi,NGA,23760.0,31085.0
4170.0,Jahun,NGA,24614.0,31076.0
4190.0,Jebba,NGA,52271.0,31026.0
9073.0,Yelwa 2,NGA,22417.0,30905.0
4127.0,Issele Uku,NGA,51030.0,30901.0
2969.0,Effon,NGA,41397.0,30901.0
1144.0,Amaokwe,NGA,24240.0,30867.0
3970.0,Ayetoro Iju & Ifa Ogbolu,NGA,55080.0,30736.0
6959.0,Ode Aye ,NGA,24727.0,30694.0
8951.0,Warawa,NGA,10150.0,30639.0
7241.0,Owode,NGA,16380.0,30628.0
5758.0,Mashi,NGA,22042.0,30611.0
3957.0,Ihubogo,NGA,20760.0,30594.0
8939.0,Wamba,NGA,31757.0,30426.0
4002.0,Ikpayongo,NGA,45430.0,30410.0
3542.0,Glogbo/Seme [NGA],NGA,13400.0,30386.0
6961.0,Ode Omu,NGA,45110.0,30362.0
3855.0,Ibaka,NGA,10222.0,30248.0
7636.0,Saho Rami,NGA,13891.0,30183.0
7293.0,Pategi,NGA,29403.0,30178.0
6977.0,Ofugu Inye,NGA,50826.0,30171.0
2980.0,Eha Amufu,NGA,13465.0,30036.0
8572.0,Tor Donga,NGA,31010.0,29985.0
5726.0,Mariga ,NGA,18779.0,29969.0
3002.0,Ekpene Ukim,NGA,23790.0,29939.0
4000.0,Ikot Ubo,NGA,27608.0,29936.0
2282.0,Buter,NGA,21480.0,29934.0
6979.0,Ogbaniko,NGA,45370.0,29893.0
7610.0,Sabon Birni 1,NGA,25785.0,29818.0
7047.0,Okpo,NGA,69941.0,29755.0
4951.0,Kokori,NGA,38554.0,29751.0
2587.0,Dan Hassan,NGA,11040.0,29708.0
4013.0,Ilawe Ekiti,NGA,44516.0,29613.0
2589.0,Dansadau,NGA,14925.0,29585.0
3495.0,Giade,NGA,23520.0,29521.0
6992.0,Ogoja,NGA,50773.0,29507.0
1512.0,Bakumi,NGA,34737.0,29244.0
9074.0,Yelwa 3,NGA,16653.0,29211.0
284.0,Ahaba,NGA,22875.0,29086.0
1986.0,Bodo,NGA,14645.0,29023.0
8770.0,Umunede,NGA,60492.0,28975.0
4582.0,Karshi 1,NGA,35118.0,28914.0
8808.0,Uzebba,NGA,57760.0,28746.0
4280.0,Kachako,NGA,16396.0,28743.0
6071.0,Miringa,NGA,16560.0,28721.0
376.0,Aiyete,NGA,34900.0,28461.0
4576.0,Karim Lamido,NGA,27936.0,28404.0
8714.0,Ugwalawo,NGA,41440.0,28305.0
5195.0,Lafia_2,NGA,29461.0,28206.0
5263.0,Lessel,NGA,49031.0,28196.0
6014.0,Minjibir,NGA,22651.0,28098.0
7262.0,Paiko,NGA,34318.0,28071.0
1483.0,Bagudo,NGA,32694.0,28046.0
4079.0,Ipokia,NGA,10615.0,28045.0
7001.0,Ogume,NGA,27840.0,28040.0
3204.0,Faskari,NGA,18842.0,28027.0
5168.0,Kwaya,NGA,19934.0,28000.0
1792.0,Bena,NGA,25063.0,28000.0
7037.0,Oko Ita,NGA,22110.0,27958.0
5839.0,Mbacub,NGA,25215.0,27946.0
4147.0,Iworoko,NGA,40077.0,27922.0
8361.0,Tanglang,NGA,31356.0,27916.0
2258.0,Buruku 2,NGA,13971.0,27907.0
5728.0,Marmara,NGA,12266.0,27781.0
1473.0,Baga ,NGA,33876.0,27701.3207462159
1244.0,Anyigba,NGA,44564.0,27646.0
3127.0,Ajido,NGA,27160.0,27577.0
3478.0,Getso,NGA,13040.0,27465.0
5537.0,Maiadua,NGA,20729.0,27304.0
4927.0,Kiyawa ,NGA,20240.0,27268.0
3177.0,Eziama/Okpuala,NGA,14000.0,27239.0
4882.0,Kiru,NGA,16320.0,27129.0
4623.0,Kasuwan Magani,NGA,22231.0,27122.0
6704.0,Ngo,NGA,13813.0,27084.0
7048.0,Okpoga,NGA,71175.0,27031.0
8616.0,Kofar Arewa,NGA,12138.0,26961.0
5077.0,Kukawa,NGA,21562.0,26844.0
3958.0,Ihugh,NGA,27960.0,26796.0
5743.0,Maru,NGA,20025.0,26747.0
2518.0,Dabai,NGA,10716.0,26709.0
4447.0,Kalgo,NGA,17844.0,26675.0
4509.0,Kangiwa,NGA,29048.0,26524.0
3360.0,Gandi,NGA,11111.0,26413.0
8268.0,Tafawa Balewa,NGA,41492.0,26386.0
7085.0,Omor,NGA,23184.0,26342.0
2236.0,Bunkure,NGA,11623.0,26330.0
2643.0,Dawaki ,NGA,22699.0,26316.0
9047.0,Yakum,NGA,27625.0,26273.0
7517.0,Rimi 1,NGA,15777.0,26270.0
1746.0,Bebeji,NGA,13881.0,26261.0
6676.0,New Wara,NGA,22741.0,26250.0
5769.0,Maska,NGA,10239.0,26205.0
4171.0,Jahuna,NGA,10293.0,26177.0
3435.0,Gbajimba,NGA,17580.0,26144.0
2637.0,Dass,NGA,35014.0,25959.0
5231.0,Lassa,NGA,18746.0,25814.0
2826.0,Dogon Yaro,NGA,17000.0,25796.0
6497.0,Nafuchi,NGA,12570.0,25742.0
7520.0,Rinjim Gaini,NGA,20655.0,25730.0
1689.0,Barkin Ladi,NGA,13280.0,25706.0
3886.0,Idi Emi,NGA,38620.0,25647.0
7061.0,Okuta,NGA,35459.0,25627.0
7148.0,Otujeremi/Otokutu,NGA,32216.0,25573.0
5475.0,Magare,NGA,13680.0,25560.0
3991.0,Ukpon,NGA,22320.0,25446.0
3679.0,Guyuk,NGA,54685.0,25419.0
6818.0,Nkwo-Nando,NGA,26308.0,25403.0
1195.0,Tunga maje,NGA,27900.0,25383.0
5613.0,Mallam Daya,NGA,34560.0,25322.0
3657.0,Gulak,NGA,30059.0,25233.0
8430.0,Tegina,NGA,16080.0,25187.0
5124.0,Kunya Centre,NGA,13186.0,25141.0
6989.0,Awgbu,NGA,16569.0,25116.0
6412.0,Musawa,NGA,18623.0,25079.0
4201.0,Jere,NGA,18708.0,24971.0
2848.0,Donga,NGA,39456.0,24884.0
7613.0,Sabon Gari 2,NGA,15680.0,24866.0
391.0,Aka Ese,NGA,19160.0,24797.0
8681.0,Tungo,NGA,27442.0,24741.0
3328.0,Galadi,NGA,10050.0,24659.0
3918.0,Igangan,NGA,49483.0,24640.0
3188.0,Faku,NGA,22166.0,24624.0
1135.0,Amachara,NGA,15317.0,24531.0
6673.0,New Marte,NGA,14113.0,24519.0
6476.0,Makera,NGA,16029.0,24498.0
4168.0,Jada,NGA,41921.0,24486.0
2972.0,Egbo Ide,NGA,11500.0,24441.0
4018.0,Ilero,NGA,37546.0,24380.0
2995.0,Afuda/Eguere,NGA,51726.0,24310.0
7684.0,Sakpenwa,NGA,23320.0,24190.0
262.0,Ago Amadu,NGA,55281.0,24180.0
4038.0,Ilutitun,NGA,33752.0,24173.0
4194.0,Jemaa,NGA,26829.0,24109.0
3924.0,Igbara Odo,NGA,35622.0,24099.0
392.0,Akana/Ogu,NGA,16800.0,24087.0
4570.0,Karfi Ruga,NGA,15040.0,23805.0
1523.0,Balala,NGA,12701.0,23798.0
7505.0,Ribah,NGA,28212.0,23745.0
4164.0,Izombe,NGA,11000.0,23731.0
5472.0,Magami,NGA,14508.0,23642.0
8333.0,Tambawal,NGA,30662.0,23552.0
447.0,Alade,NGA,28800.0,23480.0
5535.0,Mahuta 1,NGA,20932.0,23424.0
8503.0,Tignon,NGA,20344.0,23333.0
7795.0,Sarki Power,NGA,24611.0,23321.0
5217.0,Kuri,NGA,15169.0,23314.0
9080.0,Yimirshika,NGA,14130.0,23285.0
4634.0,Katari,NGA,16885.0,23224.0
2605.0,Dankama,NGA,12640.0,23102.0
6169.0,Mgboko Umuanunu,NGA,12000.0,23071.0
9192.0,Zuguma,NGA,22014.0,23067.0
1652.0,Bantaje,NGA,19783.0,23062.0
6967.0,Odogbolu,NGA,29340.0,23010.0
6685.0,Ngalda,NGA,13844.0,22937.0
3247.0,Filiya,NGA,35000.0,22933.0
4299.0,Kafin Hausa,NGA,21518.0,22878.0
5540.0,Mayo Nguli,NGA,21920.0,22840.0
2919.0,Dutsen Wai,NGA,14431.0,22802.0
4209.0,Jikamshi,NGA,12667.0,22766.0
3009.0,Ekumtak,NGA,12448.0,22759.0
3925.0,Owena Ijesha,NGA,19028.0,22708.0
8547.0,Tofa,NGA,13403.0,22682.0
2231.0,Bungudu,NGA,21098.0,22642.0
6699.0,Ngelzarma,NGA,19620.0,22641.0
7026.0,Oke Odan,NGA,14240.0,22629.0
5999.0,Miga 1,NGA,14080.0,22611.0
1939.0,Birniwa,NGA,10064.0,22535.0
45.0,Abogwa,NGA,26292.0,22467.0
2952.0,Echialike,NGA,16330.0,22465.0
7121.0,Orogun,NGA,24240.0,22448.0
378.0,Aiyetoro Gbede,NGA,52010.0,22379.0
8960.0,Wasagu,NGA,13631.0,22358.0
5165.0,Kwararfa,NGA,23040.0,22342.0
4142.0,Iware,NGA,21000.0,22245.0
4093.0,Ogbagi,NGA,27750.0,22217.0
3374.0,Garaku,NGA,37058.0,22203.0
4399.0,Kagarko,NGA,20149.0,22186.0
8955.0,Warji,NGA,11850.0,22180.0
3749.0,Hardawa,NGA,14110.0,22139.0
4784.0,Kibiya,NGA,14080.0,22137.0
9030.0,Wushishi,NGA,24979.0,22107.0
2560.0,Damagum,NGA,22230.0,21992.0
6962.0,Oderiga,NGA,14016.0,21990.0
5793.0,Matazu,NGA,15469.0,21983.0
3935.0,Igbo Tako,NGA,35022.0,21956.0
5986.0,Michaga,NGA,46482.0,21909.0
8699.0,Ubuluku,NGA,48730.0,21847.0
5843.0,Mbak,NGA,15160.0,21757.0
3929.0,Igbere,NGA,15120.0,21752.0
1186.0,Amoso,NGA,10254.0,21715.0
6230.0,Mopa,NGA,49321.0,21697.0
3390.0,Garo,NGA,11178.0,21697.0
1269.0,Aramoko Ekiti,NGA,39298.0,21658.0
4666.0,Kaya,NGA,12763.0,21594.0
1114.0,Alyi,NGA,21800.0,21590.0
5075.0,Kujama,NGA,22196.0,21585.0
7612.0,Sabon Birnin Yero,NGA,14295.0,21549.0
2157.0,Brass,NGA,26272.0,21518.0
8620.0,Tse Agberagba,NGA,50468.0,21494.0
1417.0,Ayadeghe,NGA,20960.0,21458.0
1173.0,Ambursa,NGA,21111.0,21423.0
7049.0,Okpoma,NGA,44330.0,21392.0
3938.0,Igbogila,NGA,23339.0,21266.0
5780.0,Matagami,NGA,24803.0,21263.0
8583.0,Toto,NGA,28461.0,21180.0
7244.0,Oyan,NGA,33337.0,21146.0
256.0,Agenebode,NGA,49140.0,21071.0
4173.0,Jajimaji,NGA,10200.0,20975.0
2546.0,Dakaiyyawa,NGA,14126.0,20950.0
374.0,Olode,NGA,23068.0,20925.0
381.0,Ajaokuta,NGA,78375.0,20864.0
8941.0,Wamdewo,NGA,10618.0,20859.0
8809.0,Uzuakoli,NGA,12720.0,20847.0
5709.0,Maradun Relocation,NGA,12560.0,20831.0
206.0,Iloshi,NGA,29920.0,20817.0
7686.0,Sakwaya,NGA,12484.0,20739.0
5424.0,Mabudi,NGA,27540.0,20702.0
4020.0,Ilesha Ibariba,NGA,32830.0,20654.0
4012.0,Igbaraoke,NGA,41475.0,20623.0
7578.0,Rumiji,NGA,13500.0,20609.0
3687.0,Gwantu,NGA,33369.0,20544.0
2355.0,Chadawa,NGA,15500.0,20449.0
5675.0,Manor,NGA,25260.0,20443.0
8718.0,Ukata,NGA,15646.0,20430.0
207.0,Adoka,NGA,27090.0,20418.0
7006.0,Ogwuosie,NGA,27675.0,20404.0
9055.0,Yana,NGA,15040.0,20380.0
7097.0,Onicha Ugbo,NGA,23590.0,20364.0
7515.0,nga Magajiya,NGA,17123.0,20347.0
2186.0,Bugau,NGA,15466.0,20340.0
2026.0,Bomadi,NGA,12867.0,20322.0
3858.0,Ibe,NGA,18248.0,20321.0
7927.0,Shanono,NGA,14305.0,20320.0
4139.0,Itobe,NGA,12200.0,20310.0
1200.0,Anchau,NGA,10403.0,20160.0
7044.0,Okpara,NGA,38640.0,20149.0
2443.0,Chiromawa,NGA,22440.0,20065.0
3415.0,Gawura,NGA,10200.0,20041.0
3894.0,Idon Kasa,NGA,10030.0,19954.0
7540.0,Roni,NGA,10160.0,19952.0
6943.0,Obigwo,NGA,21000.0,19926.0
6495.0,Nafada,NGA,16439.0,19917.0
1188.0,Amoya,NGA,31161.0,19900.0
8771.0,Umunelu,NGA,15170.0,19878.0
9115.0,Zakirai,NGA,13288.0,19875.0
3672.0,Gurin,NGA,13752.0,19757.0
3004.0,Ekpesa,NGA,41413.0,19727.0
7926.0,Shani,NGA,15067.0,19699.0
3086.0,Lokpaukwu,NGA,15760.0,19690.0
3140.0,Esa Oke,NGA,37696.0,19596.0
2526.0,Dadin Kowa 1,NGA,21276.0,19587.0
5547.0,Maji,NGA,18112.0,19530.0
7976.0,Shika,NGA,13991.0,19527.0
4300.0,Kafin Madaki,NGA,14160.0,19476.0
3584.0,Gota,NGA,19800.0,19470.0
2429.0,Chinade,NGA,11360.0,19364.0
6240.0,Moriki,NGA,16160.0,19318.0
3397.0,Garum Malam,NGA,10625.0,19313.0
754.0,Alkamu,NGA,12150.0,19143.0
7962.0,Shelleng,NGA,31714.0,19141.0
7524.0,Riyom,NGA,19132.0,19092.0
8578.0,Toro,NGA,22400.0,19092.0
7753.0,Sango,NGA,12545.0,19055.0
9103.0,Zagga,NGA,16697.0,19047.0
3864.0,Ibia,NGA,14700.0,19041.0
4063.0,Ingawa,NGA,19397.0,19034.0
7129.0,Osi,NGA,31472.0,18980.0
3453.0,Gebe,NGA,11050.0,18977.0
6151.0,Mkpani,NGA,12835.0,18878.0
1388.0,Madaki,NGA,16624.0,18878.0
7082.0,Omifon,NGA,17000.0,18788.0
2976.0,Egubuma,NGA,15669.0,18657.0
6795.0,Nko,NGA,17425.0,18608.0
7611.0,Sabon Birni 2,NGA,10080.0,18575.0
5606.0,Malete,NGA,10500.0,18535.0
3196.0,Faran,NGA,13680.0,18534.0
3875.0,Icheabu,NGA,14406.0,18528.0
5140.0,Kutigi,NGA,24544.0,18526.0
8774.0,Umuosu,NGA,10603.0,18394.0
372.0,Aiyede 1,NGA,17286.0,18358.0
7339.0,Lagun,NGA,17501.0,18341.0
6409.0,Murya,NGA,18364.0,18340.0
3388.0,Garkida,NGA,18089.0,18314.0
4635.0,Katcha,NGA,18462.0,18297.0
3287.0,Fufore,NGA,26064.0,18296.0
3956.0,Ihube/Nduhu,NGA,14800.0,18276.0
4150.0,Iyale,NGA,20454.0,18251.0
4081.0,Ipoti Ekiti,NGA,23800.0,18213.0
2586.0,Dan Alhaji,NGA,10480.0,18200.0
4945.0,Koinya,NGA,19684.0,18179.0
5622.0,Malumfatori,NGA,21485.0,18168.1978958972
7025.0,Oke Mesi,NGA,28369.0,18165.0
7000.0,Oguma 2,NGA,27897.0,18145.0
3314.0,Gada,NGA,18000.0,18107.0
5737.0,Marraraba,NGA,17052.0,18103.0
3933.0,Igbo Emabama,NGA,14711.0,18098.0
2690.0,Dengebe,NGA,10160.0,18077.0
7022.0,Oke Igbira,NGA,23497.0,18000.0
4034.0,Ilueologbo Owe,NGA,34371.0,17978.0
2831.0,Dokko,NGA,14021.0,17945.0
8429.0,Tede,NGA,36017.0,17937.0
8317.0,Tallase,NGA,21741.0,17922.0
7932.0,Shao,NGA,19343.0,17915.0
5715.0,Mararaba,NGA,22536.0,17913.0
8766.0,Umuakpu,NGA,13127.0,17905.0
5436.0,Mada,NGA,11674.0,17839.0
1520.0,Bala Musa,NGA,12200.0,17825.0
4947.0,Koko 2,NGA,43548.0,17808.0
7627.0,Sade,NGA,10043.0,17789.0
6937.0,Obe,NGA,10145.0,17786.0
7086.0,Omu,NGA,20717.0,17742.0
134.0,Abuja Military Areas,NGA,10300.0,17724.0
241.0,Ago Are,NGA,35223.0,17685.0
3907.0,Ifetedo,NGA,19689.0,17664.0
4184.0,Jangero,NGA,12675.0,17654.0
8236.0,Sunkani,NGA,17360.0,17606.0
5541.0,Maikunkele,NGA,22260.0,17606.0
1427.0,Azare_2,NGA,16222.0,17587.0
449.0,Alagbayun,NGA,19267.0,17537.0
3910.0,Ifon,NGA,49114.0,17526.0
3218.0,Sangere,NGA,24363.0,17429.0
9099.0,Yusufari,NGA,16160.0,17417.0
3475.0,Gerkawa,NGA,10300.0,17335.0
4175.0,Jakusko,NGA,15300.0,17252.0
8709.0,Ugbokpo,NGA,32369.0,17246.0
9026.0,Wurisato,NGA,10089.0,17224.0
7617.0,Sabongida Ora,NGA,43625.0,17205.0
3100.0,Emuoha 1,NGA,20102.0,17192.0
5166.0,Kware 1,NGA,13662.0,17191.0
5866.0,Mbiama,NGA,16705.0,17176.0
1254.0,Aplapum,NGA,17684.0,17173.0
135.0,Abukur,NGA,10566.0,17148.0
6931.0,Oba-Ile,NGA,16095.0,17142.0
5276.0,Liman Katagum,NGA,10350.0,17134.0
7108.0,Osan,NGA,20477.0,17116.0
5130.0,Kurfi,NGA,16061.0,17108.0
7017.0,Okada,NGA,31147.0,17036.0
382.0,Ajasse Ipo,NGA,16492.0,17018.0
3893.0,Idomi,NGA,14280.0,17003.0
9193.0,Zungeru,NGA,16342.0,16940.0
3968.0,Ijoun,NGA,20880.0,16884.0
6559.0,Nasarawa 2,NGA,14184.0,16867.0
4132.0,Itas,NGA,10320.0,16826.0
4879.0,Kirfi,NGA,10115.0,16800.0
370.0,Aiye/Ankpa,NGA,19125.0,16789.0
3862.0,Ibelu,NGA,14301.0,16727.0
5216.0,Lanlate,NGA,18643.0,16651.0
247.0,Agbogugu,NGA,11935.0,16620.0
3922.0,Igbajo,NGA,19697.0,16559.0
6560.0,Nasarawa 3,NGA,11342.0,16529.0
5307.0,Loko,NGA,18257.0,16510.0
6619.0,Ndelle,NGA,14500.0,16410.0
7275.0,Pambu,NGA,11709.0,16397.0
6696.0,Ngbalang,NGA,28286.0,16353.0
7711.0,Samaru/Moroa,NGA,26364.0,16348.0
6940.0,Obi,NGA,17312.0,16326.0
3519.0,Giri,NGA,34806.0,16320.0
7010.0,Oja,NGA,19112.0,16303.0
6935.0,Obarike Ito,NGA,27051.0,16291.0
2677.0,Dekina,NGA,37650.0,16256.0
6817.0,Nkwoida,NGA,14345.0,16223.0
4654.0,Katsalle,NGA,10218.0,16187.0
2741.0,Diko,NGA,14991.0,16080.0
1367.0,Atom,NGA,23870.0,16071.0
1983.0,Bode Sadu,NGA,14507.0,16068.0
3900.0,Ifaki,NGA,25551.0,16042.0
7138.0,Otan Ayegbaju,NGA,25235.0,16033.0
2735.0,Marama,NGA,13700.0,16031.0
3129.0,Erin,NGA,21421.0,15979.0
9028.0,Wuro Yolde,NGA,10008.0,15767.0
3686.0,Gwano,NGA,10053.0,15681.0
4080.0,Iporo Ekiti,NGA,31590.0,15679.0
3123.0,Enugwu Agidi 2,NGA,14560.0,15649.0
3805.0,Hildi,NGA,23195.0,15643.0
4990.0,Kopbepang,NGA,13810.0,15586.0
2005.0,Bojude,NGA,14901.0,15548.0
3916.0,Igana,NGA,20286.0,15546.0
5123.0,Kunjiel,NGA,10602.0,15545.0
4086.0,Iresi,NGA,22330.0,15537.0
1907.0,Bindawa,NGA,11899.0,15519.0
3674.0,Guroji,NGA,12137.0,15516.0
5639.0,Manchok,NGA,18459.0,15496.0
8246.0,Shiya,NGA,12319.0,15491.0
8793.0,Usere,NGA,21228.0,15449.0
8568.0,Tongo,NGA,11631.0,15435.0
2997.0,Ekinrin,NGA,34930.0,15419.0
5173.0,Kwen,NGA,26670.0,15340.0
1712.0,Batagarawa,NGA,26404.0,15339.0
7038.0,Okobo,NGA,14000.0,15307.0
2990.0,Ekan Meje,NGA,20234.0,15274.0
8958.0,Waru,NGA,10700.0,15250.0
8695.0,Ubiaja,NGA,71512.0,15219.0
7136.0,Osu,NGA,18329.0,15205.0
7631.0,Safana,NGA,11256.0,15197.0
1743.0,Bazza,NGA,38851.0,15191.0
4031.0,Iloro,NGA,27053.0,15146.0
5176.0,Kwolla,NGA,10956.0,15136.0
205.0,Adogo Gari,NGA,19294.0,15125.0
1416.0,Aya Abam,NGA,16900.0,15121.0
3120.0,Enugu Abo,NGA,14000.0,15100.0
7036.0,Oko,NGA,25950.0,15071.0
7119.0,Oroa Emede,NGA,26732.0,14994.0
7964.0,Shemankar,NGA,10402.0,14993.0
3170.0,Ewu,NGA,13600.0,14971.0
1704.0,Bassa,NGA,15000.0,14954.0
6965.0,Odo Ere & Igbaruku,NGA,35759.0,14946.0
7150.0,Otukwang,NGA,11800.0,14940.0
2671.0,Deiba,NGA,13536.0,14932.0
1447.0,Babbangida,NGA,16960.0,14907.0
5233.0,Lau,NGA,13968.0,14899.0
1728.0,Baure,NGA,12080.0,14856.0
1310.0,Sabon Gari ,NGA,12850.0,14848.0
9029.0,Wurogauri,NGA,10487.0,14794.0
2601.0,Dange,NGA,14720.0,14705.0
3946.0,Igueben,NGA,40407.0,14694.0
496.0,Ogbese,NGA,14310.0,14680.0
438.0,Alabanisi,NGA,15042.0,14645.0
3243.0,Fika,NGA,12960.0,14643.0
2993.0,Eke 1,NGA,44423.0,14639.0
3987.0,Ikoro,NGA,22865.0,14638.0
2854.0,Donko,NGA,13026.0,14625.0
7074.0,Oloko 1,NGA,13824.0,14615.0
4084.0,Ire Ekiti,NGA,21468.0,14588.0
2411.0,Chia,NGA,15111.0,14585.0
3186.0,Fage,NGA,18476.0,14576.0066769366
7991.0,Shiwari,NGA,12674.0,14557.0
1913.0,Binji,NGA,12871.0,14543.0
4008.0,Ilara,NGA,28800.0,14530.0
8886.0,Vodni,NGA,11990.0,14455.0
6953.0,Obubra,NGA,11239.0,14447.0
4401.0,Kagoe,NGA,18416.0,14417.0
7292.0,Patani,NGA,16619.0,14403.0
4568.0,Kardi,NGA,15017.0,14371.0
1683.0,Bargu,NGA,18437.0,14358.0
7030.0,Okeagbe,NGA,25125.0,14350.0
1378.0,Augie,NGA,11186.0,14332.0
2920.0,Dutsi 1,NGA,17073.0,14330.0
4138.0,Itigidi/Ebida,NGA,28769.0,14322.0
5363.0,Lugge,NGA,10875.0,14311.0
6843.0,Mmahu/Egbema,NGA,13000.0,14275.0
1176.0,Ameke,NGA,17220.0,14269.0
8399.0,Taura,NGA,18053.0,14268.0
5008.0,Koton Karifi,NGA,14473.0,14233.0
8618.0,Tsanyawa,NGA,12931.0,14229.0
7615.0,Sabon Gari 1,NGA,10100.0,14228.0
3923.0,Igbanke,NGA,45320.0,14227.0
2200.0,Bukkuyum,NGA,14811.0,14219.0
7062.0,Okwale,NGA,15000.0,14196.0
8697.0,Ubima,NGA,11264.0,14189.0
8798.0,Uteh,NGA,29965.0,14183.0
7978.0,Shima,NGA,17100.0,14157.0
4092.0,Irun,NGA,35025.0,14119.0
7039.0,Okokpon,NGA,14950.0,14076.0
371.0,Aiyede 2,NGA,23780.0,14071.0
8707.0,Ugbema,NGA,15030.0,14035.0
3008.0,Ekuku Agbor,NGA,21674.0,14013.0
4039.0,Iane,NGA,23600.0,14001.0
147.0,Achalla,NGA,22503.0,13919.0
3908.0,Ifewara,NGA,12079.0,13895.0
390.0,Ajingi,NGA,11900.0,13872.0
4626.0,Katagum,NGA,10430.0,13848.0
283.0,Aha,NGA,18994.0,13807.0
3884.0,Idere,NGA,20108.0,13785.0
7459.0,Rafin Pa,NGA,21100.0,13764.0
7023.0,Okeigbo,NGA,28064.0,13748.0
3238.0,Fiditi,NGA,21918.0,13738.0
3377.0,Garam,NGA,15300.0,13735.0
4151.0,Aiyetoro Ekiti,NGA,13953.0,13732.0
8759.0,Umomi,NGA,13020.0,13717.0
2356.0,Chafo,NGA,11036.0,13716.0
1196.0,tunga maje,NGA,11100.0,13713.0
3410.0,Gatisa,NGA,16296.0,13697.0
3944.0,Igogo Ekiti,NGA,13505.0,13673.0
7147.0,Otu,NGA,23645.0,13629.0
8142.0,Sobe,NGA,31101.0,13627.0
4258.0,Kabo,NGA,12464.0,13602.0
2959.0,Edor 1,NGA,10732.0,13583.0
3662.0,Gumau,NGA,13760.0,13563.0
7739.0,Sandamu,NGA,10291.0,13560.0
7075.0,Olomoro/Oruabe,NGA,19796.0,13548.0
3288.0,Fugar,NGA,40167.0,13536.0
4416.0,Kaita,NGA,12410.0,13530.0
8767.0,Umuawulu,NGA,10329.0,13527.0
4131.0,Ita Otu,NGA,23348.0,13520.0
4604.0,Kashere,NGA,15519.0,13517.0
1549.0,Bambam,NGA,11303.0,13516.0
4196.0,Jen Kaigawa,NGA,24488.0,13514.0
2551.0,Dalahi,NGA,13399.0,13479.0
3315.0,Gadabuke,NGA,12800.0,13471.0
7135.0,Ososo-Oke,NGA,15500.0,13470.0
8679.0,Tungan Gimba,NGA,15326.0,13440.0
1379.0,Auna,NGA,10922.0,13421.0
280.0,Agumu Koshi,NGA,12025.0,13380.0
5314.0,Lollo,NGA,14000.0,13342.0
26.0,Abduka,NGA,10425.0,13285.0
3868.0,Ibokun,NGA,24851.0,13268.0
4260.0,Kabogi,NGA,12429.0,13243.0
3961.0,Ijare,NGA,31200.0,13198.0
5133.0,Kuriya,NGA,10640.0,13196.0
8254.0,Tabira,NGA,11844.0,13182.0
6530.0,Bassam Jiwa ,NGA,12768.0,13148.0
9133.0,Zauro,NGA,14634.0,13145.0
9128.0,Zaramari,NGA,14602.0,13125.3140692794
2994.0,Eke 2,NGA,10407.0,13123.0
9123.0,Zandan Nagogo,NGA,11088.0,13122.0
2978.0,Egwi,NGA,19558.0,13104.0
2610.0,Dapchi,NGA,16800.0,13003.0
231.0,Afukpilla/Kominio,NGA,21800.0,12938.0
3851.0,Iba,NGA,10157.0,12914.0
3870.0,Iboro,NGA,21420.0,12907.0
6615.0,Ndeaboh,NGA,15429.0,12886.0
3827.0,Hong,NGA,11317.0,12880.0
5009.0,Kotorkoshi,NGA,10197.0,12859.0
1306.0,Asaga,NGA,11925.0,12834.0
2532.0,Dagere,NGA,10300.0,12811.0
7283.0,Panyam,NGA,10253.0,12743.0
1838.0,Beri,NGA,10030.0,12686.0
4394.0,Kafur,NGA,12870.0,12646.0
1699.0,Basawa,NGA,11115.0,12600.0
7766.0,Sankwala,NGA,13901.0,12583.0
1448.0,Babban Gona,NGA,10476.0,12573.0
3623.0,Gudi,NGA,20075.0,12462.0
6872.0,Ntamante,NGA,11868.0,12461.0
3664.0,Gumel 2,NGA,15230.0,12460.0
232.0,Afuze,NGA,41724.0,12449.0
8802.0,Utonkon,NGA,25442.0,12443.0
8937.0,Wamako,NGA,15996.0,12433.0
7028.0,Oke Oji,NGA,15360.0,12356.0
3921.0,Igbaja,NGA,17605.0,12350.0
149.0,Achi 2,NGA,10310.0,12338.0
6969.0,Oduaha,NGA,10400.0,12313.0
6981.0,Ogbia,NGA,10296.0,12311.0
6631.0,Ndon Ebom,NGA,12500.0,12290.0
380.0,Ajagba,NGA,19823.0,12250.0
431.0,Akwete,NGA,14478.0,12204.0
1189.0,Amper,NGA,22680.0,12145.0
7073.0,Olokata,NGA,13417.0,12140.0
537.0,Albasu,NGA,10250.0,12139.0
6982.0,Ogbogbo,NGA,18550.0,12115.0
9116.0,Zaku,NGA,19604.0,12111.0
6986.0,Ogbona,NGA,25000.0,12059.0
3414.0,Gaubi,NGA,27780.0,12017.0
369.0,Aiye,NGA,18410.0,12012.0
2653.0,Deba,NGA,16227.0,11976.0
8779.0,Ungwan Makera,NGA,10230.0,11930.0
5544.0,Maiyama,NGA,14208.0,11911.0
3943.0,Igodo,NGA,18275.0,11901.0
5458.0,Madobi,NGA,10350.0,11839.0
7027.0,Oke-Ode,NGA,10261.0,11783.0
7251.0,Ozu,NGA,16710.0,11759.0
2257.0,Buruku 1,NGA,23125.0,11714.0
2065.0,Boria,NGA,14370.0,11690.0
2006.0,Bojuega,NGA,15680.0,11685.0
5211.0,Lamurde,NGA,17822.0,11673.0
3521.0,Giringwe,NGA,12444.0,11670.0
8797.0,Usonigbe,NGA,29913.0,11655.0
363.0,Aisegba,NGA,28325.0,11640.0
3499.0,Gidan Dala,NGA,11691.0,11637.0
7058.0,Okundi,NGA,11048.0,11631.0
7021.0,Oke Amu,NGA,19073.0,11527.0
6994.0,Ogori 1,NGA,17390.0,11515.0
5150.0,Kwaghbo,NGA,16350.0,11486.0
6995.0,Ogori 2,NGA,11050.0,11471.0
7994.0,Shonga,NGA,10429.0,11444.0
1320.0,Ashaka,NGA,26451.0,11428.0
7990.0,Shiwa,NGA,22214.0,11398.0
6933.0,Obagaji,NGA,27995.0,11373.0
3841.0,Hungu,NGA,10653.0,11333.0
2921.0,Dutsi 2,NGA,10092.0,11332.0
5433.0,Machina,NGA,13050.0,11285.0
5648.0,Manfu,NGA,20344.0,11232.0
7234.0,Owa Alidinma,NGA,21138.0,11222.0
4021.0,Ijesu Isu,NGA,17000.0,11090.0
7014.0,Sekona,NGA,10017.0,11083.0
3498.0,Gidan Ami Akwiya,NGA,11915.0,11082.0
7024.0,Oke Ila,NGA,12574.0,11057.0
34.0,Abinsi,NGA,10272.0,11042.0
3984.0,Iloko Ijesa,NGA,20246.0,11010.0
7300.0,Pella,NGA,12005.0,11001.0
3904.0,Ife 2,NGA,15825.0,10978.0
375.0,Aiyepe Odo,NGA,14712.0,10899.0
163.0,Ado Awaiye,NGA,10755.0,10895.0
8733.0,Umaisha,NGA,10767.0,10877.0
3895.0,Idowa,NGA,13708.0,10873.0
5068.0,Kuchi,NGA,10521.0,10871.0
1475.0,Bagale,NGA,10200.0,10824.0
3168.0,Evwreni,NGA,13500.0,10818.0
7008.0,Ohoba,NGA,13700.0,10812.0
8769.0,Umuleri,NGA,10584.0,10803.0
5191.0,Lade,NGA,10244.0,10794.0
3891.0,Idoani,NGA,23158.0,10787.0
5138.0,Kuta ,NGA,10942.0,10719.0
4680.0,Kebbe,NGA,12009.0,10718.0
3161.0,Etu,NGA,10416.0,10689.0
8461.0,Tewure,NGA,14068.0,10685.0
3680.0,Gwadabawa,NGA,23926.0,10567.0
5260.0,Leru,NGA,11400.0,10544.0
7019.0,Okaka,NGA,12865.0,10499.0
3975.0,Ikeji,NGA,10127.0,10469.0
7133.0,Osok,NGA,20760.0,10460.0
4083.0,Irawo,NGA,10400.0,10446.0
3949.0,Iguobazuwa,NGA,21301.0,10404.0
3182.0,Fadan Karshe,NGA,10100.0,10395.0
2590.0,Dan Tatashi,NGA,10080.0,10346.0
7002.0,Ogunmakin,NGA,11520.0,10329.0
6964.0,Odige,NGA,27014.0,10320.0
4123.0,Uso,NGA,10050.0,10315.0
6819.0,Nmiata,NGA,10200.0,10301.0
4100.0,Isan,NGA,12075.0,10299.0
4011.0,Ilasa Ekiti,NGA,17760.0,10268.0
6988.0,Ogboro,NGA,20200.0,10214.0
6944.0,Obilokwu Mbieri,NGA,10545.0,10204.0
4152.0,Iyara,NGA,29400.0,10173.0
8969.0,Wawa,NGA,14939.0,10135.0
8684.0,Tunkus,NGA,15565.0,10096.0
6980.0,Ogbeofu,NGA,53576.0,10086.0
7109.0,Ora Ojora,NGA,23250.0,10063.0
1137.0,Amagunze,NGA,17190.0,10040.0
2463.0,Cham,NGA,10797.0,10030.0
3624.0,Gudumbali,NGA,17929.0,10016.6870528711
2341.0,Casablanca,MAR,4182929.0,4872456.0
7457.0,Rabat,MAR,1925479.0,2150682.0
3232.0,Fez,MAR,1174743.0,1290244.0
235.0,Agadir,MAR,978629.0,1241584.0
8359.0,Tangiers,MAR,1007874.0,1175270.0
5736.0,Marrakech,MAR,1007166.0,1162834.0
5922.0,MeknÃ?Â¨s,MAR,629519.0,727301.0
7191.0,Oujda,MAR,516125.0,570914.0
8460.0,Tétouan,MAR,452555.0,569293.0
4713.0,Kénitra,MAR,467121.0,518204.0
3046.0,El Jadida,MAR,206454.0,366882.0
7635.0,Safi,MAR,310368.0,340986.0
6493.0,Nador,MAR,212629.0,304340.0
4759.0,Khouribga,MAR,212129.0,230688.0
1815.0,Beni Mellal,MAR,195083.0,215317.0
4746.0,Khemisset,MAR,133776.0,176054.0
3257.0,Fnidq/Ceuta [MAR],MAR,79607.0,170242.0
1840.0,Berkane,MAR,110287.0,165338.0
1842.0,Berrechid,MAR,140654.0,164958.0
8404.0,Taza,MAR,149136.0,164759.0
7883.0,Settat,MAR,144316.0,159369.0
4054.0,Al Hoceima,MAR,65897.0,154886.0
5063.0,Ksar El Kebir,MAR,128192.0,140704.0
5221.0,Larache,MAR,126442.0,137777.0
4751.0,Khenifra,MAR,118799.0,134000.0
3628.0,Guelmim,MAR,120211.0,133569.0
3634.0,Guercif,MAR,94078.0,130417.0
3134.0,Errachidia,MAR,93666.0,125889.0
3052.0,Kelaat Sraghna,MAR,97585.0,124934.0
8379.0,Taourirt,MAR,105404.0,122971.0
8072.0,Sidi Slimane,MAR,94218.0,121453.0
3276.0,Fqih Ben Salah,MAR,103662.0,116403.0
8389.0,Taroudannt,MAR,81012.0,114443.0
7199.0,Oulad Teima,MAR,124747.0,113136.0
1788.0,Ben Guerir,MAR,90938.0,107117.0
7182.0,Ouad Zem,MAR,96173.0,106506.0
8499.0,Tiflet,MAR,88146.0,103939.0
7828.0,Sefrou,MAR,81226.0,91773.0
8538.0,Tiznit,MAR,76573.0,90550.0
8188.0,Souk Arbaa,MAR,71738.0,88188.0
8060.0,Sidi Kacem,MAR,75794.0,87078.0
1813.0,Melilla/Bni Ansar [ESP],MAR,61386.0,86668.0
165.0,Skhirate,MAR,61267.0,85361.0
3148.0,Essaouira,MAR,78642.0,84661.0
8371.0,Tan-Tan,MAR,74245.0,83082.0
8194.0,Souk Sebt Oulad Nemma,MAR,60814.0,82642.0
7164.0,Ouarzazate,MAR,72289.0,81910.0
367.0,Ait Ourir,MAR,67949.0,78765.0
4435.0,Boumalne Dades,MAR,56779.0,73281.0
9093.0,Youssoufia,MAR,67867.0,72861.0
8049.0,Sidi Bennour,MAR,56504.0,70613.0
1433.0,Azrou,MAR,54898.0,69535.0
1828.0,Ben Slimane,MAR,57989.0,69520.0
5993.0,Midelt,MAR,56186.0,68259.0
318.0,Ain El Aouda,MAR,52443.0,67431.0
433.0,Al Aaroui,MAR,59317.0,63281.0
7189.0,Ouezzane,MAR,59730.0,62412.0
2148.0,Bouznika,MAR,38144.0,55558.0
8516.0,Tinghir,MAR,42502.0,54551.0
4607.0,Kasba Tadla,MAR,62276.0,52513.0
1764.0,Bejaad,MAR,47410.0,52062.0
5323.0,Loudaya,MAR,12940.0,51710.0
9112.0,Zaio,MAR,36298.0,51343.0
3019.0,El Aioun Sidi Mellouk,MAR,42416.0,50032.0
2385.0,Chefchaouene,MAR,43370.0,48798.0
6303.0,M'Rirt,MAR,43356.0,48757.0
1431.0,Azilal,MAR,39482.0,48083.0
1247.0,Aourir,MAR,36671.0,47945.0
8077.0,Sidi Yahya El Gharb,MAR,38497.0,47835.0
4050.0,Imouzzer Kandar,MAR,19605.0,47627.0
9106.0,Zagora,MAR,40488.0,47389.0
1429.0,Azemmour,MAR,41254.0,46278.0
1280.0,Arfoud,MAR,29753.0,45959.0
4198.0,Jrada,MAR,43475.0,44564.0
3040.0,El Hajeb,MAR,35931.0,43244.0
5186.0,Laataouia,MAR,31248.0,42465.0
3135.0,Errich,MAR,26493.0,42025.0
8377.0,Taounate,MAR,38041.0,41443.0
352.0,Ain Taoujdate,MAR,28823.0,40549.0
1921.0,Lbir Jdid,MAR,24979.0,39840.0
1783.0,Ben Ahmed,MAR,33480.0,39581.0
8261.0,Tabounte,MAR,41049.0,39345.0
5322.0,Loualidia,MAR,10945.0,36876.0
2418.0,Chichaoua,MAR,29101.0,35590.0
5897.0,Mechraa Bel Ksiri,MAR,31808.0,35048.0
4225.0,Jorf El Melha,MAR,29404.0,34990.0
7194.0,Oulad Berhil,MAR,25136.0,34579.0
7604.0,Sbaa Aiyoun,MAR,26674.0,34521.0
1342.0,Assilah,MAR,31379.0,34163.0
2686.0,Demnate,MAR,30016.0,34107.0
2886.0,Driouch,MAR,15134.0,33937.0
230.0,Afourar,MAR,21485.0,33625.0
287.0,Ahfir,MAR,19641.0,33333.0
2093.0,Bouarfa,MAR,29076.0,32473.0
6084.0,Missour,MAR,25968.0,30965.0
8284.0,Tahla,MAR,27891.0,30261.0
7231.0,Outat El Haj,MAR,16588.0,30238.0
7193.0,Oulad Ayad,MAR,24004.0,29250.0
9126.0,Zaouiat Cheikh,MAR,25600.0,28980.0
2951.0,Echemmaia,MAR,24497.0,28703.0
8274.0,Taghzoute N'Ait Atta,MAR,30303.0,27784.0
6266.0,Moulay Ali Cherif,MAR,27315.0,26786.0
3587.0,Goulmima,MAR,16406.0,24847.0
1440.0,Bab Berred,MAR,26085.0,23884.0
7823.0,Sebt Gzoula,MAR,18944.0,23553.0
4047.0,Imintanoute,MAR,21151.0,23413.0
3034.0,El Gara,MAR,20993.0,23341.0
8078.0,Sidi Ifni,MAR,21740.0,23096.0
3057.0,El Ksiba,MAR,20120.0,22217.0
4571.0,Kariat Ba Mohamed,MAR,18926.0,22036.0
8281.0,Tahannaout,MAR,12667.0,21899.0
3030.0,El Borouj,MAR,19482.0,21821.0
7506.0,Ribate El Kheir,MAR,17094.0,21309.0
8393.0,Tata,MAR,18892.0,21098.0
8385.0,Targuist,MAR,23508.0,20643.0
1273.0,Arbaoua,MAR,32934.0,20559.0
275.0,Agourai,MAR,16935.0,20506.0
7176.0,Ouad Laou,MAR,18942.0,20425.0
9154.0,Zemamra,MAR,13389.0,20222.0
1791.0,Ben Taieb,MAR,20989.0,19640.0
2131.0,Boujniba,MAR,16107.0,19558.0
8325.0,Tamallalt,MAR,16920.0,19440.0
311.0,Ain Bni Mathar,MAR,16518.0,18847.0
252.0,Agdz,MAR,10920.0,18135.0
2126.0,Boumia,MAR,15924.0,18051.0
7195.0,Oulad Frej,MAR,13518.0,17826.0
1248.0,Aoulouz,MAR,17329.0,17448.0
5206.0,Lalla Mimouna,MAR,15997.0,17123.0
7167.0,Ouad Amlil,MAR,10588.0,17035.0
4224.0,Jorf,MAR,12315.0,16969.0
277.0,Aguelmous,MAR,14412.0,16598.0
2115.0,Bouizakarne,MAR,14413.0,16040.0
8031.0,Sid L Mokhtar,MAR,13758.0,15915.0
3912.0,Ifrane,MAR,14785.0,15896.0
1338.0,Assa,MAR,14703.0,15848.0
8032.0,Sid Zouine,MAR,13073.0,15399.0
1180.0,Amizmiz,MAR,13209.0,15091.0
5990.0,Midar,MAR,14948.0,14921.0
7196.0,Oulad M Barek,MAR,23420.0,14452.0
3064.0,El Menzel,MAR,12732.0,14124.0
2100.0,Boudnib,MAR,11495.0,13132.0
7538.0,Rommani,MAR,12306.0,13054.0
2623.0,Dar Ould Zidouh,MAR,11627.0,12835.0
8526.0,Tissa,MAR,11328.0,12388.0
4750.0,Khenichet,MAR,10498.0,12336.0
7217.0,Oulmes,MAR,11283.0,12306.0
3240.0,Figuig,MAR,10754.0,12261.0
219.0,Aït ishaq,MAR,12207.0,12224.0
6267.0,Moulay Idriss Zerhoun,MAR,11544.0,11667.0
8051.0,Sidi Bou Othmane,MAR,20749.0,11638.0
3652.0,Guigou,MAR,10312.0,11548.0
8327.0,Tamanar,MAR,10630.0,11184.0
8682.0,Tunis,TUN,2442503.0,3104165.0
8197.0,Sousse,TUN,567802.0,641833.0
7887.0,Sfax,TUN,520896.0,641053.0
6201.0,Moknine,TUN,190787.0,577624.0
1963.0,Bizerte,TUN,182031.0,213684.0
3307.0,Gabès,TUN,176522.0,182468.0
4200.0,Jerba Houmet Souk,TUN,142650.0,158909.0
4414.0,Kairouan,TUN,141853.0,156062.0
3318.0,Gafsa,TUN,96595.0,141820.0
5901.0,Medenine,TUN,72668.0,97129.0
4617.0,Kasserine,TUN,84455.0,92814.0
1787.0,Ben Gardane,TUN,67662.0,81790.0
4197.0,Jendouba,TUN,45606.0,79206.0
5949.0,Menzel Bourguiba,TUN,77044.0,78575.0
5236.0,Le Kef,TUN,55957.0,75082.0
8395.0,Tataouine,TUN,67896.0,74948.0
1763.0,Beja,TUN,70838.0,74282.0
9131.0,Zarzis,TUN,72820.0,73149.0
8054.0,Sidi Bouzid,TUN,49400.0,69244.0
4700.0,Kelibia,TUN,56556.0,63908.0
7476.0,Ras Jebel,TUN,39262.0,59835.0
3727.0,El Hamma,TUN,42503.0,54358.0
5951.0,Menzel Temime,TUN,45068.0,53393.0
8607.0,Tozeur,TUN,38010.0,50084.0
2877.0,Douz,TUN,30652.0,41101.0
6242.0,Mornaguia,TUN,20793.0,38794.0
5970.0,Metlaoui,TUN,38255.0,38519.0
4191.0,Jedeida,TUN,29169.0,36763.0
8425.0,Tebourba,TUN,27980.0,36203.0
8251.0,Tabarka,TUN,20335.0,35733.0
8096.0,Siliana,TUN,32218.0,34258.0
5798.0,Mateur,TUN,34345.0,33757.0
3229.0,Feriana,TUN,30292.0,32279.0
9104.0,Zaghouan,TUN,21457.0,32154.0
7811.0,Sbeitla,TUN,25177.0,31363.0
5719.0,Mareth,TUN,11772.0,28416.0
3486.0,Ghardimaou,TUN,19472.0,28294.0
3033.0,El Fahs,TUN,24124.0,27915.0
5902.0,Medjez El Bab,TUN,21820.0,27796.0
716.0,Alia,TUN,18553.0,26896.0
7489.0,Redeyef,TUN,24917.0,25705.0
4682.0,Kebili,TUN,20868.0,25362.0
2086.0,Bou Salem,TUN,21831.0,24564.0
2379.0,Chebba,TUN,22526.0,24337.0
3047.0,El Jem,TUN,21616.0,24071.0
6648.0,Nefta,TUN,21821.0,22477.0
5972.0,Metouia,TUN,10812.0,22322.0
7079.0,Moulares,TUN,21091.0,21431.0
8187.0,Souk El Ahad,TUN,18981.0,19977.0
3484.0,Ghar El Melh,TUN,10670.0,19922.0
237.0,Agareb,TUN,11720.0,19872.0
5533.0,Mahres,TUN,16052.0,19337.0
8432.0,Tela,TUN,18822.0,19151.0
4434.0,Kalaat El Andalous,TUN,18594.0,19116.0
8295.0,Tajerouine,TUN,17453.0,17262.0
5921.0,Meknassy,TUN,14902.0,15834.0
5582.0,Makthar,TUN,13616.0,15644.0
2536.0,Dahmani,TUN,12838.0,14947.0
3639.0,Guettar,TUN,14153.0,14426.0
3715.0,Hajeb Elayoun,TUN,10744.0,13864.0
8459.0,Testour,TUN,13405.0,13815.0
8136.0,Skhira,TUN,12126.0,13772.0
2082.0,Bou Arada,TUN,13273.0,13518.0
5892.0,M'Dhilla,TUN,12867.0,13247.0
8426.0,Teboursouk,TUN,11975.0,13025.0
7877.0,Sers,TUN,12130.0,12871.0
8298.0,Takelsa,TUN,22550.0,12710.0
7494.0,Regueb,TUN,11938.0,12093.0
3112.0,Enfidha,TUN,11118.0,11474.0
4199.0,Jerba Ajim,TUN,24309.0,11146.0
9189.0,Zriba,TUN,12212.0,10490.0
2104.0,Bouficha,TUN,10090.0,10377.0
3301.0,Gaafour,TUN,10531.0,10350.0
8382.0,Tripoli,LBY,1949325.0,2323965.0
1585.0,Banghazi,LBY,594255.0,703028.0
6081.0,Misrata,LBY,287706.0,646944.0
7607.0,Sabha ,LBY,115165.0,127038.0
542.0,Al-bayda' ,LBY,97220.0,120854.0
8655.0,Tubruq,LBY,101335.0,117420.0
384.0,Ajdabiya ,LBY,102830.0,116214.0
3487.0,Gharyān,LBY,39930.0,100195.0
2630.0,Darna ,LBY,80940.0,93862.0
837.0,al-Marj,LBY,60307.0,84991.0
8245.0,Surt,LBY,59090.0,78853.0
1639.0,Banī walīd ,LBY,61498.0,70682.0
8386.0,Tarhūna,LBY,26025.0,51764.0
740.0,al-Jawf,LBY,43366.0,49716.0
6079.0,Mislata,LBY,32603.0,37929.0
7417.0,Qasr khiyar ,LBY,29565.0,34395.0
646.0,Al-ghurayfa ,LBY,18496.0,32786.0
1438.0,Az-zintan ,LBY,26929.0,31235.0
1923.0,Birak ,LBY,12238.0,30206.0
444.0,Al-abyār ,LBY,25745.0,29147.0
7904.0,Shahāt ,LBY,22527.0,27715.0
1387.0,Awbārī,LBY,24179.0,27487.0
8741.0,Umm al-jirsān,LBY,12830.0,24679.0
6410.0,Murzuq ,LBY,21771.0,24625.0
8402.0,Tāwurghā ,LBY,21220.0,24389.0
932.0,Al-Qubba ,LBY,18685.0,21668.0
560.0,Al-burayqat al-jadīda,LBY,17614.0,19907.0
3840.0,Hūn ,LBY,17118.0,19066.0
6518.0,Nālūt ,LBY,16522.0,18888.0
4179.0,Jālū ,LBY,13125.0,18698.0
9120.0,Zaltan,LBY,15370.0,17614.0
6142.0,Mizda al-Markaz,LBY,12954.0,15026.0
8917.0,Wadān ,LBY,12399.0,13810.0
1059.0,al-Sidra,LBY,11972.0,13645.0
471.0,Al-'aqūriya,LBY,10040.0,12705.0
3488.0,Ghāt,LBY,11183.0,12638.0
604.0,Al-farjān,LBY,10598.0,12329.0
463.0,Al-'amāmara ,LBY,10594.0,12325.0
8227.0,Sulūq ,LBY,10526.0,11917.0
631.0,Algiers,DZA,3886202.0,4764853.0
7110.0,Oran,DZA,1043424.0,1432300.0
2503.0,Constantine,DZA,703927.0,948262.0
8535.0,Tizi Ouzou,DZA,218086.0,614667.0
1968.0,Blida,DZA,437430.0,611210.0
1226.0,Annaba,DZA,396309.0,568573.0
2794.0,Djelfa,DZA,351200.0,490330.0
3070.0,El Oued,DZA,328427.0,404448.0
1721.0,Batna,DZA,361208.0,395190.0
7881.0,Setif,DZA,338931.0,382832.0
2452.0,Chlef,DZA,273777.0,337358.0
4207.0,Jijel,DZA,135725.0,325134.0
8541.0,Tlemcen,DZA,273527.0,304342.0
8137.0,Skikda,DZA,206003.0,270498.0
7163.0,Ouargla,DZA,231131.0,266240.0
8424.0,Tebessa,DZA,236412.0,264170.0
8486.0,Tiaret,DZA,215483.0,262618.0
1949.0,Biskra,DZA,234893.0,256523.0
8047.0,Sidi Bel Abbes,DZA,237058.0,254835.0
6258.0,Mostaganem,DZA,221092.0,247436.0
1765.0,Bejaia,DZA,222039.0,247059.0
2058.0,Bordj Bou Arreridj,DZA,213180.0,243848.0
400.0,Tazmalt,DZA,74684.0,225217.0
3032.0,El Eulma,DZA,196273.0,224558.0
3485.0,Ghardaia,DZA,191316.0,208527.0
7498.0,Relizane,DZA,176170.0,192470.0
7665.0,Saida,DZA,174902.0,191891.0
6681.0,Nezla,DZA,166989.0,187563.0
4748.0,Khenchela,DZA,162091.0,182085.0
8186.0,Souk Ahras,DZA,154767.0,180025.0
5900.0,Medea,DZA,163776.0,176996.0
6306.0,M'Sila,DZA,153064.0,174058.0
227.0,Aflou,DZA,117439.0,164561.0
5198.0,Laghouat,DZA,137599.0,160723.0
306.0,Ain Beida,DZA,139956.0,160004.0
3627.0,Guelma,DZA,133673.0,157726.0
2085.0,Bou Saada,DZA,142484.0,157507.0
1748.0,Bechar,DZA,134013.0,149626.0
347.0,Ain Oussera,DZA,133508.0,148641.0
5751.0,Mascara,DZA,132104.0,147940.0
3038.0,El Had,DZA,66869.0,141270.0
5491.0,Magrane,DZA,57258.0,141176.0
5966.0,Messaad,DZA,113095.0,140324.0
8553.0,Tolga,DZA,109191.0,134626.0
8328.0,Tamanrasset,DZA,117403.0,133577.0
3028.0,El Bayadh,DZA,107586.0,129296.0
1303.0,Arzew,DZA,120285.0,128375.0
343.0,Ain M'Lila,DZA,75103.0,119808.0
5484.0,Maghnia,DZA,99160.0,115556.0
3765.0,Hassi Bahbah,DZA,95505.0,113984.0
8527.0,Tissemsilt,DZA,95416.0,113193.0
3067.0,El Milia,DZA,51408.0,105818.0
5898.0,Mechria,DZA,93290.0,105416.0
7177.0,Oued Rhiou,DZA,63080.0,102315.0
2497.0,Collo,DZA,84623.0,102166.0
314.0,Ain Defla,DZA,91144.0,101527.0
4745.0,Khemis Miliana,DZA,88571.0,100771.0
7218.0,Oum El Bouaghi,DZA,85116.0,99396.0
1920.0,Bir El Ater,DZA,80930.0,93473.0
8184.0,Sougueur,DZA,83686.0,92941.0
214.0,Adrar,DZA,73350.0,92307.0
346.0,Ain Oulmene,DZA,61126.0,92126.0
359.0,Ain Turk,DZA,42926.0,91122.0
355.0,Ain Temouchent,DZA,80331.0,91076.0
5061.0,Ksar El Boukhari,DZA,79963.0,90541.0
8039.0,Sidi Aissa,DZA,76445.0,86445.0
327.0,Ain El Hammam,DZA,60849.0,84383.0
1687.0,Barika,DZA,93013.0,83973.0
8514.0,Tindouf,DZA,60139.0,82080.0
2406.0,Cheria,DZA,74834.0,81384.0
7206.0,Ouled Djellal,DZA,68415.0,81280.0
1821.0,Beni Tamou,DZA,65777.0,80816.0
6004.0,Mila,DZA,74722.0,80764.0
365.0,Ait Hidja,DZA,72141.0,80679.0
3063.0,El Menea,DZA,67085.0,78889.0
2091.0,Bouaouadja,DZA,53457.0,78709.0
7474.0,Ras El Oued,DZA,61333.0,74393.0
8087.0,Sig,DZA,68319.0,74110.0
348.0,Ain Sefra,DZA,58252.0,71963.0
6190.0,Mohammadia,DZA,200602.0,70967.0
2114.0,Bouira,DZA,60521.0,69972.0
5059.0,Ksar Chellala,DZA,60597.0,69797.0
2393.0,Chelghoum Laid,DZA,61292.0,68898.0
332.0,Ain Fakroun,DZA,61494.0,67014.0
358.0,Ain Touta,DZA,61452.0,63363.0
5891.0,M'Daourouch,DZA,48290.0,62881.0
3772.0,Hassi Messaoud,DZA,58906.0,62724.0
2796.0,Djemaa,DZA,43363.0,61861.0
1845.0,Berrouaghia,DZA,58974.0,61574.0
2353.0,Tadmait,DZA,42669.0,60920.0
3282.0,Frenda,DZA,56452.0,60684.0
8196.0,Sour El Ghozlane,DZA,54341.0,59681.0
2061.0,Bordj Menaiel,DZA,53596.0,59289.0
7827.0,Sedrata,DZA,54771.0,58502.0
3637.0,Guerrara,DZA,51886.0,58041.0
7186.0,Ouenza,DZA,52677.0,56881.0
8263.0,Tadjenanet,DZA,49783.0,56431.0
6007.0,Miliana,DZA,51977.0,55247.0
8190.0,Souk El Tenine,DZA,44672.0,53969.0
8283.0,Chekfa,DZA,156735.0,53718.0
7216.0,Telerghma,DZA,10919.0,53340.0
5202.0,Lakhdaria,DZA,49758.0,53339.0
8533.0,Tizi Ghennif,DZA,43625.0,53154.0
2394.0,Chellalet El Adhaoura,DZA,48174.0,52628.0
7179.0,Oued Sly,DZA,47973.0,51873.0
7499.0,Remchi,DZA,46527.0,51117.0
8501.0,Tighanif,DZA,48027.0,51059.0
2879.0,Draa Ben Khedda,DZA,41800.0,50775.0
5971.0,Metlili,DZA,45926.0,50734.0
330.0,Ain El Melh,DZA,39604.0,50493.0
7472.0,Ras El Aioun,DZA,24289.0,50350.0
350.0,Ain Smara,DZA,40059.0,49795.0
8062.0,Sidi Khaled,DZA,44479.0,49673.0
3065.0,El M'Ghair,DZA,43806.0,49123.0
3490.0,Ghazaouet,DZA,46157.0,48522.0
3026.0,El Attaf,DZA,41808.0,48514.0
1843.0,Berriane,DZA,43431.0,48296.0
1819.0,Beni Saf,DZA,46457.0,48270.0
3045.0,El Idrissia,DZA,37534.0,47148.0
304.0,Ain Azel,DZA,40634.0,45290.0
310.0,Ain Bessem,DZA,41343.0,44803.0
3018.0,El Affroun,DZA,41635.0,44555.0
2881.0,Drean,DZA,40611.0,44352.0
1437.0,Azzaba,DZA,40608.0,44089.0
3043.0,El Harrouch,DZA,40272.0,43954.0
3450.0,Gdyel,DZA,38747.0,43558.0
4415.0,Kais,DZA,39093.0,43095.0
2404.0,Cherchell,DZA,39391.0,43088.0
2105.0,Bougaa,DZA,39788.0,42960.0
3227.0,Ferdjioua,DZA,37990.0,42648.0
8070.0,Sidi Okba,DZA,36202.0,41329.0
5835.0,Mazouna,DZA,36979.0,41256.0
7820.0,Sebdou,DZA,38418.0,40762.0
3015.0,El Abadia,DZA,36410.0,40614.0
3704.0,Hadjout,DZA,38023.0,40184.0
8293.0,Taibet,DZA,18708.0,39765.0
2113.0,Bouinan,DZA,33611.0,39522.0
8470.0,Thenia,DZA,19086.0,38622.0
329.0,Ain El Kebira,DZA,35637.0,38247.0
8448.0,Tenes,DZA,37349.0,38187.0
5062.0,Ksar El Hirane,DZA,29706.0,37960.0
2791.0,Djanet,DZA,29883.0,37100.0
7183.0,Oued Zenati,DZA,33324.0,36878.0
1296.0,Arris,DZA,23513.0,36490.0
3060.0,El Mahmel,DZA,32096.0,36462.0
8326.0,Tamalous,DZA,27415.0,36052.0
5526.0,Mahdia,DZA,34136.0,35917.0
326.0,Ain El Hadjel,DZA,32592.0,35893.0
3609.0,Grarem Gouga,DZA,33122.0,35821.0
6477.0,Naama,DZA,25117.0,35687.0
2117.0,Boukadir,DZA,31485.0,35229.0
6694.0,N'Gaous,DZA,32659.0,35221.0
336.0,Ain Kercha,DZA,32074.0,35221.0
2948.0,Echatt,DZA,29352.0,34029.0
9163.0,Zighoud Youcef,DZA,31320.0,33577.0
3797.0,Hennaya,DZA,30985.0,33478.0
4753.0,Kherrata,DZA,30063.0,32696.0
1930.0,Birine,DZA,30041.0,32610.0
2621.0,Dar Chioukh,DZA,29115.0,32426.0
6646.0,Nedroma,DZA,31323.0,32198.0
2060.0,Bordj Ghdir,DZA,24951.0,31883.0
7888.0,Sfisef,DZA,30765.0,31685.0
3048.0,El Kala,DZA,29126.0,31401.0
1184.0,Ammi Moussa,DZA,29752.0,31080.0
2880.0,Draa El Mizan,DZA,28177.0,30705.0
302.0,Ain Arnat,DZA,23472.0,30656.0
8471.0,Theniet El Had,DZA,29383.0,30576.0
301.0,Ain Abid,DZA,27226.0,30342.0
2681.0,Dellys,DZA,24736.0,30142.0
315.0,Ain Deheb,DZA,28130.0,30070.0
309.0,Ain Beida Harriche,DZA,25493.0,30011.0
3729.0,Hammam Bouhadjar,DZA,27829.0,29994.0
5964.0,Meskiana,DZA,28434.0,29958.0
2382.0,Chechar,DZA,26190.0,29847.0
7223.0,Oumanat,DZA,24724.0,29806.0
3016.0,El Abiodh Sidi Cheikh,DZA,26862.0,29734.0
9156.0,Zemmoura,DZA,27014.0,29666.0
5959.0,Merouana,DZA,27678.0,29374.0
3492.0,Ghriss,DZA,25210.0,29000.0
1790.0,Ben Srour,DZA,25101.0,28494.0
3793.0,Heliopolis,DZA,26204.0,28486.0
7214.0,Ouled Rechache,DZA,26851.0,28446.0
6082.0,Misserghin,DZA,14979.0,28385.0
2057.0,Bordj Badji Mokhtar,DZA,21087.0,28323.0
324.0,Ain El Hadjar 2,DZA,24014.0,28151.0
3699.0,Had Sahary,DZA,23863.0,28149.0
338.0,Ain Khadra,DZA,18069.0,27805.0
7210.0,Ouled Mimoun,DZA,26132.0,27382.0
1837.0,Berhoum,DZA,23543.0,27325.0
7168.0,Oued Athmenia,DZA,25479.0,27302.0
3731.0,Hammam Dhalaa,DZA,25296.0,27268.0
8513.0,Timimoun,DZA,24018.0,27173.0
4056.0,In Salah,DZA,24332.0,26401.0
2098.0,Bouchegouf,DZA,23597.0,26224.0
3056.0,El Kseur,DZA,24579.0,26071.0
8323.0,Tamacine,DZA,23020.0,26043.0
331.0,Ain Errich,DZA,18339.0,25974.0
2147.0,Bouzguene,DZA,23576.0,25952.0
8063.0,Sidi Lahcene,DZA,21719.0,25920.0
7174.0,Oued Fodda,DZA,23014.0,25793.0
8455.0,Terrai Bainen,DZA,12460.0,25744.0
1820.0,Beni Slimane,DZA,24665.0,25670.0
3733.0,Hammamet,DZA,22406.0,25445.0
2108.0,Bougtoub,DZA,20974.0,25348.0
7689.0,Salah Bey,DZA,22374.0,25148.0
3020.0,El Amra,DZA,19947.0,25123.0
4752.0,Kheraza,DZA,22721.0,24609.0
1181.0,Amizour,DZA,22983.0,24242.0
8300.0,Takhmaret,DZA,22477.0,24206.0
9161.0,Zeribet El Oued,DZA,20712.0,23955.0
328.0,Ain El Ibel,DZA,19032.0,23822.0
3017.0,El Achir,DZA,20897.0,23770.0
4026.0,Illizi,DZA,17613.0,23205.0
334.0,Ain Fekka,DZA,19308.0,22968.0
7462.0,Rahouia,DZA,20045.0,22791.0
8520.0,Tipaza,DZA,26726.0,22741.0
3050.0,El Karimia,DZA,19903.0,22680.0
7221.0,Oum Toub,DZA,21208.0,22494.0
3058.0,El Madher,DZA,20409.0,22418.0
1445.0,Babar,DZA,19964.0,22375.0
5321.0,Louaiz,DZA,20810.0,22355.0
7620.0,Sabra,DZA,20602.0,22347.0
3022.0,El Ancer,DZA,21204.0,22297.0
5906.0,Medjana,DZA,18606.0,22139.0
2799.0,Djendel,DZA,20731.0,22128.0
1282.0,Arib,DZA,20031.0,22097.0
342.0,Ain Merane,DZA,18606.0,22071.0
7473.0,Ras El Ma,DZA,19370.0,21869.0
9157.0,Zemmouri,DZA,15173.0,21822.0
340.0,Ain Maabed,DZA,17475.0,21738.0
8264.0,Tadjmount,DZA,19702.0,21717.0
3061.0,El Malah,DZA,20150.0,21584.0
8193.0,Souk Naamane,DZA,20977.0,21546.0
8065.0,Sidi Lakhdar 2,DZA,16041.0,21496.0
3750.0,Hareour,DZA,20219.0,21476.0
8066.0,Sidi Merouane,DZA,17463.0,21425.0
8067.0,Sidi Mezghiche,DZA,19266.0,21397.0
1784.0,Ben Badis,DZA,19748.0,21375.0
2097.0,Boucharef,DZA,19978.0,21117.0
8490.0,Tiberkanine,DZA,19564.0,20959.0
8041.0,Sidi Ali,DZA,19238.0,20955.0
7465.0,Ramdane Djamel,DZA,19331.0,20953.0
8064.0,Sidi Lakhdar 1,DZA,18609.0,20900.0
300.0,Ain Kechera,DZA,14177.0,20725.0
1816.0,Beni Mester,DZA,15825.0,20642.0
7205.0,Ouled Derradj,DZA,18886.0,20542.0
4128.0,Isser,DZA,18758.0,20386.0
2373.0,Charef,DZA,18106.0,20324.0
312.0,Ain Boucif,DZA,19333.0,20086.0
337.0,Ain Kermes,DZA,17649.0,20079.0
5224.0,Lardjem,DZA,19072.0,20035.0
3021.0,El Amria,DZA,18700.0,19834.0
1785.0,Ben Chaabane,DZA,17057.0,19727.0
7690.0,Salah Bouchaour,DZA,18188.0,19624.0
2164.0,Brezina,DZA,16056.0,19591.0
5490.0,Magra,DZA,17307.0,19396.0
2538.0,Dahmouni,DZA,17783.0,19391.0
5961.0,Mers El Kebir,DZA,17561.0,19365.0
349.0,Ain Sidi Ali,DZA,12085.0,19338.0
9153.0,Zelfana,DZA,14731.0,19287.0
1841.0,Berrahal,DZA,17376.0,19273.0
3073.0,El Tarf,DZA,16970.0,19179.0
2122.0,Boumahra Ahmed,DZA,17595.0,19152.0
2578.0,Damous,DZA,17419.0,19108.0
2797.0,Djemaa Lakhdar,DZA,16939.0,19041.0
1789.0,Ben M'Hidi,DZA,17464.0,19039.0
2144.0,Boutlelis,DZA,16448.0,18920.0
2124.0,Boumedfaa,DZA,17047.0,18830.0
3068.0,El Ogla,DZA,17755.0,18789.0
2403.0,Cherchar,DZA,13055.0,18679.0
7170.0,Oued El Abtal,DZA,16768.0,18678.0
5965.0,Mesra,DZA,13082.0,18575.0
3770.0,Hassi Mameche,DZA,16006.0,18561.0
3771.0,Hassi Mefsoukh,DZA,14762.0,18557.0
2110.0,Bouhadjar,DZA,16554.0,18532.0
3036.0,El Hachem,DZA,16600.0,18332.0
3029.0,El Bordj,DZA,16820.0,18236.0
4286.0,Kadiria,DZA,14676.0,18227.0
291.0,Ahmer El Ain,DZA,16752.0,18121.0
4706.0,Kenadsa,DZA,16550.0,17926.0
1817.0,Beni Oulbane,DZA,16212.0,17858.0
351.0,Ain Tadles,DZA,15975.0,17822.0
8044.0,Sidi Ameur,DZA,16420.0,17774.0
7201.0,Ouled Attia,DZA,16226.0,17608.0
3025.0,El Aouinet,DZA,16410.0,17475.0
4747.0,Khemisti,DZA,16270.0,17448.0
2378.0,Chebaitia Mokhtar,DZA,16405.0,17371.0
5686.0,Mansourah,DZA,16706.0,17351.0
8068.0,Sidi M'Hammed Ben Ali,DZA,15771.0,17238.0
8052.0,Sidi Boubekeur,DZA,16092.0,17191.0
57.0,Abou El Hassan,DZA,16050.0,17169.0
2868.0,Doucen,DZA,15172.0,17079.0
8040.0,Sidi Akkacha,DZA,15852.0,17028.0
3062.0,El Matmar,DZA,15349.0,16943.0
9174.0,Z'Malet El Emir A.E.K.,DZA,14831.0,16891.0
7181.0,Oued Tlelat,DZA,14129.0,16774.0
9149.0,Zeghaia,DZA,15743.0,16773.0
7490.0,Redjas,DZA,15329.0,16737.0
3730.0,Hammam Debagh,DZA,14944.0,16649.0
2141.0,Bouteldja,DZA,14795.0,16621.0
3866.0,Ibn Badis,DZA,14165.0,16608.0
1922.0,Bir Kasdali,DZA,15125.0,16481.0
8436.0,Telghemt Hassi R' Mel,DZA,14101.0,16328.0
1148.0,Amarnas,DZA,11964.0,16322.0
7691.0,Salah Deradji,DZA,11405.0,16300.0
2399.0,Chemora,DZA,15206.0,16288.0
7825.0,Seddouk,DZA,15575.0,16285.0
7551.0,Rouached,DZA,15669.0,16284.0
1847.0,Besbes,DZA,15418.0,16108.0
8262.0,Tadjena,DZA,10673.0,16066.0
3219.0,Feidh El Botma,DZA,12642.0,16019.0
7202.0,Ouled Ben Abdelkader,DZA,11583.0,15981.0
3781.0,Hay Alnasr,DZA,14508.0,15905.0
146.0,Achaacha,DZA,13874.0,15878.0
9092.0,Youb,DZA,14713.0,15773.0
3024.0,El Anseur,DZA,13581.0,15734.0
2109.0,Bouguirat,DZA,13031.0,15705.0
3767.0,Hassi Delaa,DZA,12116.0,15570.0
7874.0,Seriana,DZA,13409.0,15529.0
7213.0,Ouled Rahmoune,DZA,13526.0,15423.0
319.0,Ain El Arbaa,DZA,13765.0,15301.0
8599.0,Toumseltit,DZA,12941.0,15286.0
320.0,Ain El Assel,DZA,13268.0,15284.0
14.0,Abadla,DZA,13494.0,15254.0
4743.0,Khellil,DZA,14361.0,15206.0
1780.0,Belloul,DZA,14568.0,15173.0
7229.0,Ourlal,DZA,13351.0,15168.0
9071.0,Yellel,DZA,14205.0,15139.0
3066.0,El M'Hir,DZA,13828.0,14961.0
2352.0,Chaabet Elham,DZA,14360.0,14865.0
2806.0,Djmila,DZA,13946.0,14860.0
3867.0,Ibn Ziad,DZA,13319.0,14800.0
313.0,Ain Charchar,DZA,13716.0,14791.0
2798.0,Djemila,DZA,15175.0,14763.0
321.0,Ain El Berd,DZA,13581.0,14747.0
305.0,Ain Babouche,DZA,13933.0,14745.0
7203.0,Ouled Bounoua,DZA,10863.0,14739.0
1918.0,Bir Ben Abed,DZA,13524.0,14597.0
1919.0,Bir El Arch,DZA,13217.0,14526.0
8255.0,Tablat,DZA,14516.0,14505.0
8092.0,Sigus,DZA,13265.0,14501.0
8378.0,Taoura,DZA,13737.0,14451.0
7204.0,Ouled Chebel,DZA,12732.0,14392.0
6274.0,Attatba,DZA,34435.0,14318.0
5908.0,Medrissa,DZA,13427.0,14268.0
3722.0,Hamadia,DZA,13686.0,14256.0
5933.0,Melouza,DZA,14483.0,14172.0
5910.0,Megarine,DZA,12545.0,14142.0
7173.0,Oued El Ma,DZA,12766.0,14073.0
4749.0,Kheneg,DZA,11244.0,14035.0
8058.0,Sidi Ghiles,DZA,12672.0,13989.0
1811.0,Beni Abbes,DZA,12446.0,13912.0
325.0,Ain El Hadjar 1,DZA,12820.0,13865.0
6250.0,Morsott,DZA,13409.0,13863.0
2134.0,Bourkika,DZA,12672.0,13843.0
2534.0,Daghoussa,DZA,13242.0,13835.0
1818.0,Beni Ounif,DZA,11923.0,13756.0
5940.0,Mendes,DZA,12820.0,13752.0
4055.0,In Ghar,DZA,11500.0,13696.0
8376.0,Taougrite,DZA,11913.0,13690.0
3072.0,El Ouricia,DZA,12100.0,13618.0
2059.0,Bordj Bou Naama,DZA,12662.0,13580.0
2380.0,Chebli,DZA,11412.0,13523.0
3049.0,El Kantara,DZA,12182.0,13506.0
5188.0,Labaziz,DZA,12198.0,13452.0
8045.0,Sidi Amrane,DZA,12360.0,13422.0
323.0,Ain El Hadid,DZA,12334.0,13373.0
360.0,Ain Youcef,DZA,12559.0,13355.0
2795.0,Djelida,DZA,12070.0,13253.0
344.0,Ain Nouissy,DZA,11565.0,13171.0
1767.0,Bekkaria,DZA,11393.0,13168.0
8517.0,Tinoulef,DZA,10807.0,13087.0
8061.0,Sidi Kada,DZA,12029.0,13023.0
8339.0,Tamlouka,DZA,12118.0,13004.0
2374.0,Charia Zaghloul,DZA,11772.0,12992.0
1535.0,Balidet Amor,DZA,11774.0,12986.0
4574.0,Kariet Djemar Amor,DZA,11707.0,12963.0
356.0,Ain Tolba,DZA,12162.0,12936.0
8048.0,Sidi Ben Adda,DZA,12165.0,12918.0
7172.0,Oued El Djemaa,DZA,11932.0,12752.0
339.0,Ain Lechiakh,DZA,11856.0,12714.0
316.0,Ain Djasser,DZA,11534.0,12659.0
8143.0,Sobha,DZA,11338.0,12529.0
3226.0,Feraoun,DZA,12482.0,12520.0
9109.0,Zahana,DZA,11490.0,12464.0
5936.0,Menaceur,DZA,11592.0,12371.0
7180.0,Oued Taria,DZA,11439.0,12315.0
3796.0,Henchir Toumghani,DZA,10964.0,12273.0
3041.0,El Hamadia,DZA,11075.0,12271.0
3044.0,El Hassasna,DZA,10775.0,12254.0
2111.0,Bouhanifia,DZA,11620.0,12245.0
3593.0,Gouraya,DZA,11180.0,12201.0
1844.0,Berriche,DZA,11652.0,12200.0
8532.0,Tizi,DZA,11006.0,12065.0
7169.0,Oued Chair,DZA,10387.0,12058.0
3095.0,Emdjez Edchich,DZA,10893.0,12015.0
8462.0,Texenna,DZA,11620.0,11965.0
345.0,Ain Oghrab,DZA,10701.0,11959.0
7483.0,Rayhane - Talaoualma,DZA,10398.0,11936.0
3042.0,El Hamel,DZA,11388.0,11916.0
341.0,Ain Makhlouf,DZA,11172.0,11885.0
7222.0,Oum Touyour,DZA,11046.0,11861.0
333.0,Ain Fekan,DZA,11075.0,11812.0
290.0,Ahmed Rachedi,DZA,11229.0,11811.0
357.0,Ain Touila,DZA,10931.0,11757.0
3037.0,El Hachimia,DZA,10255.0,11720.0
4691.0,Kef Sidi Brahim,DZA,10270.0,11684.0
1317.0,Asfour,DZA,11183.0,11679.0
3071.0,El Ouloudj,DZA,10556.0,11606.0
23.0,Abdelmalek Ramdane,DZA,11047.0,11566.0
5187.0,Laayoune,DZA,11500.0,11565.0
8456.0,Tessala Lamatai,DZA,10738.0,11504.0
8042.0,Sidi Ali Boussidi,DZA,10572.0,11470.0
1760.0,Beidha Bordj,DZA,10694.0,11441.0
3629.0,Gueltat Sidi Saad,DZA,10434.0,11430.0
2112.0,Bouhmar,DZA,10695.0,11404.0
1827.0,Bensekrane,DZA,11092.0,11392.0
9148.0,Zeboudja,DZA,10462.0,11299.0
3702.0,Hadjadj,DZA,10688.0,11256.0
8036.0,Sidi Abdelli,DZA,10439.0,11044.0
2118.0,Boukhadra,DZA,10554.0,11009.0
3138.0,Es Sebt,DZA,11161.0,10998.0
7865.0,Sendjas,DZA,10331.0,10945.0
9172.0,Zitouna,DZA,10178.0,10197.0
353.0,Ain Tarek,DZA,10047.0,10090.0
2320.0,Cairo,EGY,22995802.0,38427874.0
8219.0,Suhag/Asiut,EGY,3749685.0,9806898.0
597.0,Alexandria,EGY,6585102.0,7774773.0
829.0,al-Mansura,EGY,2018861.0,2345182.0
608.0,al-Fayyum,EGY,646968.0,2255673.0
2905.0,Dumyat,EGY,1009253.0,1174315.0
831.0,al-Matariyya,EGY,523153.0,921224.0
1102.0,Luxor,EGY,245799.0,917141.0
1637.0,Bani Suwayf,EGY,411804.0,880119.0
860.0,al-Minya,EGY,315213.0,874965.0
8217.0,Suez,EGY,566025.0,867658.0
1110.0,al-Wasta,EGY,126590.0,830688.0
7359.0,Port-Said,EGY,678467.0,735708.0
7431.0,Qina,EGY,270926.0,715286.0
2579.0,Damru,EGY,261019.0,543875.0
504.0,al-Badari,EGY,210634.0,506667.0
580.0,al-Dilingat,EGY,228997.0,475188.0
1349.0,Aswan,EGY,331993.0,417007.0
2616.0,Dar al-Salam,EGY,367953.0,415226.0
2784.0,Kafr al-Arab,EGY,295777.0,384331.0
7451.0,Qus,EGY,115957.0,352861.0
709.0,Dishna,EGY,71691.0,349780.0
4338.0,Kafr al-Shaykh,EGY,310696.0,346414.0
4347.0,Kafr al-Zayyat,EGY,246005.0,320120.0
5615.0,Mallawi,EGY,269962.0,310787.0
5109.0,Kum Umbu,EGY,172880.0,257012.0
6479.0,Nabaruh,EGY,206852.0,250263.0
609.0,al-Fikriyya,EGY,130875.0,242027.0
7986.0,Shirbin,EGY,133363.0,239169.0
1621.0,Bani Mazar,EGY,134178.0,235582.0
4122.0,Isna,EGY,202743.0,224203.0
5482.0,Maghagha,EGY,123895.0,218555.0
1866.0,Biba,EGY,90636.0,206587.0
526.0,Qift,EGY,160103.0,192804.0
472.0,al-Arish,EGY,173664.0,190635.0
677.0,al-Hamul,EGY,92890.0,189910.0
7453.0,Qutur,EGY,101693.0,185986.0
1.0,10 Ramadan,EGY,158515.0,184173.0
641.0,al-Ghardaqa,EGY,160047.0,183152.0
5739.0,Marsa Matruh,EGY,146677.0,180346.0
1899.0,Bilqas,EGY,157107.0,177113.0
2553.0,Dalga,EGY,90177.0,176977.0
6067.0,Mir,EGY,66110.0,173636.0
561.0,al-Burg,EGY,136210.0,172399.0
1695.0,Bartabat,EGY,65079.0,172329.0
175.0,Adfu,EGY,165423.0,161482.0
2740.0,Dikirnis,EGY,140218.0,157493.0
1086.0,al-Tayiba,EGY,66749.0,156644.0
7708.0,Samalut,EGY,138287.0,155704.0
5107.0,Kum Hamada,EGY,128556.0,152210.0
5792.0,Matay,EGY,80909.0,150109.0
3889.0,Idku,EGY,120912.0,142456.0
3847.0,Hush Isa,EGY,103400.0,133623.0
71.0,Abu al-Matamir,EGY,72048.0,133090.0
4324.0,Kafr al-Hag Shirbini,EGY,92581.0,128584.0
7430.0,Qillin,EGY,113190.0,124829.0
759.0,al-Karnak,EGY,99529.0,122114.0
7479.0,Rashid,EGY,85737.0,118406.0
607.0,al-Fashn,EGY,103310.0,116577.0
6136.0,Mitubas,EGY,85168.0,116440.0
1709.0,Basyun,EGY,92778.0,112092.0
8232.0,Sumusta,EGY,49556.0,110088.0
966.0,al-Ruda 1,EGY,63768.0,109182.0
566.0,al-Dahriyya,EGY,59158.0,103034.0
2779.0,Dirwa,EGY,24444.0,99158.0
827.0,al-Manshiyya al-Gadida 1,EGY,72647.0,98436.0
7729.0,San al-Hagar al-Qibliya,EGY,74846.0,97342.0
2771.0,Dir Mawas,EGY,72615.0,95282.0
768.0,al-Khalidiyya,EGY,46453.0,92349.0
1962.0,Biyala,EGY,82016.0,90692.0
7941.0,Sharnub,EGY,44264.0,89056.0
1097.0,al-Tud,EGY,78421.0,87650.0
555.0,al-Birsha,EGY,52182.0,87448.0
582.0,al-Dir,EGY,41624.0,85953.0
8522.0,Tirfa,EGY,49064.0,85792.0
105.0,Abu Manna Bahri,EGY,76195.0,85530.0
7914.0,Sham al-Basal al-Qibliyya,EGY,34116.0,85245.0
5449.0,Madinat al-Kharga,EGY,73944.0,84904.0
292.0,Ahnasya,EGY,73773.0,82857.0
1107.0,al-Waqf,EGY,73938.0,82533.0
143.0,Abyar,EGY,49056.0,80431.0
1032.0,al-Shawashna,EGY,71976.0,79688.0
6027.0,Minshat Abu Umar,EGY,61110.0,79476.0
61.0,Abshadat,EGY,68912.0,77055.0
7913.0,Shalshalamun,EGY,69588.0,76431.0
6090.0,Mit Abu Ghalib,EGY,68251.0,74500.0
7650.0,Saft Turab,EGY,69512.0,73794.0
5090.0,Kum al-Farag,EGY,32098.0,73247.0
1356.0,Atf Haydar,EGY,54078.0,73204.0
4322.0,Kum al-Hagar,EGY,57299.0,71559.0
630.0,al-Gazira al-Khadra,EGY,42595.0,71459.0
122.0,Abu Sir Bana,EGY,64139.0,69217.0
847.0,al-Matanya,EGY,59151.0,66629.0
674.0,al-Hammam 1,EGY,47186.0,66587.0
500.0,al-Aziziyya 2,EGY,37838.0,66505.0
7416.0,Qasr Hur,EGY,42057.0,66120.0
7448.0,Qulusna,EGY,47090.0,65639.0
2168.0,Izab al-Khalig,EGY,24960.0,64345.0
3431.0,Gazirat Suudi,EGY,49388.0,64231.0
1080.0,al-Tawd,EGY,42448.0,64146.0
4350.0,Kafr Bulin,EGY,58400.0,64042.0
4832.0,Kiman al-Matana,EGY,30544.0,63731.0
6105.0,Mit Assas,EGY,58325.0,62924.0
6092.0,Mit al-Amil,EGY,57626.0,61938.0
943.0,al-Radisiyya Bahri,EGY,53629.0,61779.0
1609.0,Bani Hasan al-Shuruq,EGY,23930.0,61028.0
7728.0,San al-Hagar al-Bahriyya,EGY,46568.0,60564.0
1105.0,al-Wafaiyya,EGY,23103.0,60126.0
1038.0,al-Shaykh Masud,EGY,53231.0,59738.0
5069.0,Kudiyyat Mubarak,EGY,36982.0,59648.0
104.0,Urin,EGY,16052.0,59445.0
1099.0,al-Uga,EGY,45076.0,59314.0
467.0,al-Mitimdiyya,EGY,39256.0,59232.0
6600.0,Nazlat Ubayd Sarufim,EGY,52964.0,59224.0
1368.0,Atqa,EGY,26004.0,59099.0
8095.0,Sila,EGY,35259.0,58591.0
6076.0,Mishla,EGY,46096.0,57727.0
1047.0,Abu Taha,EGY,35730.0,56310.0
937.0,al-Qusir,EGY,48834.0,55828.0
8222.0,Sul,EGY,36342.0,55509.0
8008.0,Shubra Khit,EGY,50365.0,55446.0
6441.0,Muzwara,EGY,45225.0,54957.0
8000.0,Shubra al-Nakhla,EGY,49558.0,54740.0
8351.0,Tanda,EGY,43267.0,54302.0
577.0,al-Dawahriyya 2,EGY,41680.0,54208.0
11.0,Aba al-Waqf,EGY,47881.0,53956.0
7630.0,Safaga,EGY,46855.0,53627.0
1945.0,Bishla,EGY,27435.0,53326.0
7392.0,Qalamshah,EGY,38534.0,52518.0
7652.0,Safur,EGY,47372.0,52017.0
1605.0,Bani Ghani,EGY,28462.0,51917.0
6575.0,Nawasa al-Ghayt,EGY,47660.0,51226.0
554.0,al-Birimbil,EGY,45435.0,51204.0
6096.0,Mit al-Khuli Abdallah,EGY,46308.0,50862.0
711.0,al-Husayniya,EGY,39070.0,50813.0
7475.0,Ras Gharib,EGY,44117.0,50478.0
933.0,al-Quda,EGY,33755.0,50430.0
2613.0,Daqamira,EGY,45829.0,50414.0
8397.0,Tatun,EGY,44010.0,49856.0
1083.0,al-Tawila 1,EGY,35361.0,49739.0
7410.0,Qarun,EGY,31685.0,49628.0
7418.0,Qasr Rashwan,EGY,32554.0,49301.0
1009.0,al-Satamuni,EGY,43797.0,47707.0
1932.0,Birkat Ghitas,EGY,43214.0,47402.0
2582.0,Damshilt,EGY,43158.0,47313.0
1723.0,Batra,EGY,43304.0,47277.0
2248.0,Burg Nur al-Hummus,EGY,42639.0,45831.0
2636.0,Dashtut,EGY,40478.0,45659.0
9194.0,Zur Abu al-Layl,EGY,19534.0,45573.0
1090.0,al-Tiba,EGY,41735.0,45287.0
2584.0,Damuh,EGY,43254.0,45235.0
233.0,Aga,EGY,42080.0,45230.0
4410.0,Kahk,EGY,39682.0,44936.0
6077.0,Misir,EGY,40495.0,44538.0
3807.0,Hilwa,EGY,34899.0,44224.0
7649.0,Saft Rashin,EGY,28805.0,44067.0
1045.0,al-Shin,EGY,40554.0,43856.0
7759.0,Sanhur al-Madina,EGY,39929.0,43851.0
2193.0,Buhut,EGY,40339.0,43773.0
6132.0,Mit Yazid,EGY,40446.0,43243.0
3872.0,Ibshaway al-Malaq,EGY,40410.0,43202.0
8343.0,Tanah,EGY,40339.0,43061.0
6503.0,Nagir & Mit Shaddad,EGY,39247.0,42842.0
6760.0,Nikla al-Inab,EGY,34346.0,42239.0
8312.0,Talat,EGY,18417.0,42143.0
533.0,al-Basaliyya Bahri,EGY,38623.0,41963.0
7776.0,Santis,EGY,38718.0,41958.0
7663.0,Sahragt al-Sughra& Kafr al-Sayyid,EGY,38924.0,41837.0
2574.0,Damira,EGY,38173.0,41677.0
1057.0,al-Sibaiyya Gharb,EGY,18375.0,41402.0
5511.0,Mahallat Farnawi,EGY,32381.0,41177.0
722.0,al-Idwa,EGY,36684.0,41170.0
678.0,al-Hamuli,EGY,23973.0,41154.0
8216.0,Suds al-Umara,EGY,36376.0,40951.0
1638.0,Bani Ubayd,EGY,37308.0,40929.0
3395.0,Garris,EGY,35904.0,40382.0
1596.0,Bani Ahmad,EGY,35899.0,40142.0
4346.0,Kafr al-Wastany,EGY,46529.0,39826.0
1106.0,al-Wanasya,EGY,35001.0,39645.0
6065.0,Minyat Bani Musa,EGY,35519.0,39388.0
7395.0,Qalib Abyar,EGY,27982.0,39322.0
87.0,Abu Gandir,EGY,34442.0,39016.0
5681.0,Manshiyyat Abu Amir,EGY,18538.0,38951.0
1726.0,Baturas,EGY,35198.0,38609.0
479.0,al-Ashmunin,EGY,34072.0,38100.0
501.0,al-Aziziyya 1,EGY,33501.0,37970.0
8319.0,Talrak,EGY,34434.0,37856.0
2563.0,Damas,EGY,35451.0,37843.0
543.0,al-Bayda & Kafr Muhammad Shahin,EGY,34714.0,37358.0
638.0,al-Gharaq al-Sultani,EGY,60409.0,37042.0
8277.0,Taha al-Amida,EGY,23106.0,36887.0
9140.0,Zawiyyat Humur,EGY,33395.0,36853.0
4628.0,Katamat al-Ghaba,EGY,34024.0,36806.0
810.0,al-Maharza,EGY,32670.0,36772.0
8920.0,Wadi al-Natrun,EGY,26804.0,36726.0
7564.0,Rudat Khayri,EGY,11395.0,36652.0
8752.0,Umm Qummus,EGY,17750.0,36593.0
6009.0,Minbal,EGY,22859.0,36529.0
541.0,al-Bawiti,EGY,21614.0,36460.0
121.0,Abu Sir al-Malaq,EGY,32537.0,36437.0
7413.0,Qasr al-Gibali,EGY,32074.0,36322.0
5513.0,Mahallat Kayl,EGY,23051.0,36315.0
7393.0,Qalandul,EGY,32375.0,36201.0
1393.0,Awish al-Hagar,EGY,33833.0,36114.0
1078.0,al-Maaddiyya,EGY,65300.0,35953.0
893.0,al-Nawafia,EGY,32956.0,35925.0
7412.0,Qasr al-Basil,EGY,31519.0,35706.0
5683.0,Manshiyyat Bishara al-Tahawi,EGY,27368.0,35593.0
699.0,al-Higz Bahri,EGY,32683.0,35510.0
1071.0,al-Sunbat,EGY,31067.0,35161.0
6492.0,Nadiba,EGY,32080.0,34763.0
443.0,al-Abbasiyya al-Gadida,EGY,19142.0,34745.0
7891.0,Shabas al-Shuhada,EGY,31586.0,34689.0
903.0,al-Nuzul,EGY,31709.0,34538.0
1615.0,Bani Ibid,EGY,30687.0,34515.0
441.0,al-Abbasiyya,EGY,31459.0,34086.0
967.0,al-Ruda 2,EGY,30392.0,33984.0
7944.0,Sharuna,EGY,30141.0,33964.0
451.0,al-Aguzin,EGY,30888.0,33922.0
934.0,al-Qula,EGY,29979.0,33901.0
1456.0,Badawi,EGY,31656.0,33792.0
7896.0,Shabshir al-Hissa,EGY,31790.0,33748.0
5664.0,Maniya,EGY,26797.0,33711.0
5510.0,Mahallat Diyay,EGY,30335.0,33314.0
4328.0,Shubratana,EGY,20242.0,33203.0
7760.0,Sanhut,EGY,30109.0,33069.0
1257.0,Aqlit,EGY,30374.0,32912.0
553.0,al-Birgaya,EGY,29241.0,32697.0
1684.0,Barhamtush,EGY,29942.0,32516.0
8046.0,Sidi Barrani,EGY,26669.0,32096.0
8004.0,Shubra Babil,EGY,30223.0,32084.0
7979.0,Shinara,EGY,28174.0,31792.0
6039.0,Minshat al-Umara,EGY,28271.0,31752.0
6499.0,Nag Azzuz,EGY,28045.0,31480.0
8347.0,Tanbadi,EGY,27866.0,31402.0
7644.0,Saft al-Laban,EGY,28001.0,31311.0
7654.0,Sagin al-Kum,EGY,29216.0,31235.0
520.0,al-Bana & Izabha,EGY,28161.0,31069.0
8316.0,Talbant Qaysar,EGY,27257.0,30800.0
600.0,al-Fant,EGY,27239.0,30737.0
7435.0,Qism 2 al-Ganub,EGY,28108.0,30478.0
5504.0,Mahallat al-Amir,EGY,13420.0,30395.0
916.0,al-Qantara Sharq,EGY,27014.0,30320.0
790.0,al-Kum al-Tawil,EGY,27394.0,30292.0
7895.0,Shabrawish,EGY,28136.0,30240.0
8340.0,Tamy al-Amdid & Kafr Muhammad al-Timsah,EGY,28034.0,30169.0
2716.0,Diast,EGY,27513.0,30039.0
1408.0,Awlad Saqr,EGY,27266.0,29975.0
4156.0,Izab al-Khalig Bahri,EGY,27068.0,29827.0
7452.0,Qusayr al-Amarna,EGY,26550.0,29723.0
2928.0,Dyu al-Wusta,EGY,27323.0,29669.0
6064.0,Minyat al-Murshid,EGY,26892.0,29633.0
1370.0,Atsa,EGY,26182.0,29480.0
1064.0,al-Sirw,EGY,26713.0,29340.0
7706.0,Shiwa al-Sharqiyya,EGY,21189.0,29195.0
8344.0,Tanamil al-Sharqi & Izbat al-Atriba,EGY,24834.0,29092.0
902.0,al-Nuwira,EGY,25777.0,28950.0
625.0,al-Garnus,EGY,25682.0,28921.0
6769.0,Nisha,EGY,26319.0,28560.0
3776.0,Hawara al-Maqta,EGY,24950.0,28237.0
6134.0,Mit Zunqur,EGY,15893.0,28228.0
3429.0,Gazirat Sharuna,EGY,25032.0,28208.0
7458.0,al-Shaykh Zuwayd,EGY,77915.0,28181.0
81.0,Abu Dashisha,EGY,25568.0,27851.0
4371.0,Kafr Naway,EGY,23292.0,27833.0
8132.0,Siwa,EGY,21961.0,27781.0
6566.0,Nasr al-Nuba,EGY,17097.0,27762.0
2261.0,Busat Karim al-Din,EGY,25596.0,27707.0
8005.0,Shubra Bakhum,EGY,25183.0,27657.0
2650.0,Dayrut Umm Nakhla,EGY,24730.0,27654.0
62.0,Abshan,EGY,24932.0,27569.0
993.0,al-Salhiyya al-Gadida,EGY,24120.0,26498.0
6421.0,Mut,EGY,24427.0,26440.0
7601.0,Sa al-Hagar,EGY,24341.0,26331.0
6561.0,Nashart,EGY,23845.0,26296.0
942.0,al-Rabia,EGY,24077.0,26283.0
9143.0,Zawiyyat Sultan,EGY,23134.0,26161.0
3710.0,Hagir Bani Sulayman,EGY,23518.0,26146.0
653.0,al-Gundiyya,EGY,23145.0,26064.0
3745.0,Harbashant,EGY,10171.0,25999.0
5085.0,Kum Abu Khallad,EGY,22841.0,25973.0
2249.0,Burg Rashid,EGY,22835.0,25968.0
870.0,al-Munaga al-Kubra,EGY,19935.0,25926.0
4367.0,Kafr Libs,EGY,23034.0,25846.0
5190.0,Labshit,EGY,24320.0,25819.0
8390.0,Tarugi,EGY,23496.0,25789.0
1053.0,al-Shuka,EGY,23791.0,25781.0
1031.0,al-Shawami,EGY,17485.0,25690.0
816.0,al-Mahras,EGY,22957.0,25670.0
1457.0,Badhal,EGY,22678.0,25580.0
86.0,Abu Galal,EGY,23486.0,25424.0
1917.0,Bir al-Abd,EGY,23051.0,25388.0
2614.0,Daquf,EGY,22533.0,25372.0
8034.0,Sidfa,EGY,16695.0,25356.0
8757.0,Umm Sinn al-Kubra,EGY,23018.0,25354.0
887.0,al-Nasriyya 1,EGY,22466.0,25300.0
8686.0,Tur Sina,EGY,22412.0,25175.0
563.0,al-Daba,EGY,20735.0,25171.0
2527.0,Dafash,EGY,22299.0,25134.0
66.0,Abu al-Abbas,EGY,11049.0,24934.0
549.0,al-Bihu,EGY,22114.0,24899.0
5104.0,Kum Bani Maras,EGY,23275.0,24846.0
462.0,al-Aliqat,EGY,21810.0,24475.0
1633.0,Bani Samrag,EGY,14680.0,24168.0
84.0,Abu Dawud al-Sabbakh,EGY,22453.0,24163.0
5453.0,New Sphinx City,EGY,21128.0,23926.0
7942.0,Sharqiyyat Mubashir,EGY,15260.0,23919.0
6130.0,Mit Tarif,EGY,21814.0,23857.0
7726.0,Samul,EGY,22383.0,23761.0
3742.0,Harara,EGY,21192.0,23629.0
884.0,al-Nasiriyya,EGY,35464.0,23512.0
4153.0,Izab Abu Mandur,EGY,21409.0,23512.0
1484.0,Baha al-Aguz,EGY,21064.0,23419.0
1532.0,Balgay,EGY,21914.0,23392.0
1087.0,al-Tayriyya,EGY,21330.0,23390.0
7419.0,Qassasin al-Azhar,EGY,21201.0,23307.0
6032.0,Minshat al-Hagg,EGY,16758.0,23278.0
5094.0,Kum al-Mahris,EGY,20594.0,23161.0
1900.0,Bilqatr,EGY,21050.0,23089.0
8270.0,Tafhanat al-Izab,EGY,21408.0,23086.0
795.0,al-Lahun,EGY,20261.0,22931.0
2540.0,Dahrut,EGY,20341.0,22922.0
5684.0,6 Octobre,EGY,18607.0,22876.0
3777.0,Hawarat Adlan,EGY,20170.0,22843.0
813.0,al-Mahmudiyya,EGY,20863.0,22775.0
7929.0,Shanraq,EGY,21169.0,22719.0
530.0,al-Barnugi,EGY,20936.0,22688.0
4352.0,Kafr Damira al-Qadim,EGY,20728.0,22631.0
3357.0,Ganag,EGY,20916.0,22627.0
1678.0,Bardanuha,EGY,19991.0,22580.0
7742.0,Sandasis,EGY,21235.0,22544.0
5602.0,Malatiyya,EGY,19785.0,22296.0
6031.0,al-Mazatli,EGY,45223.0,22095.0
985.0,al-Sahil al-Qibli,EGY,19883.0,22075.0
989.0,al-Salam,EGY,10368.0,22072.0
944.0,al-Radisiyya Qibli,EGY,12273.0,21939.0
485.0,al-Atamna & al-Mazara,EGY,12083.0,21935.0
8108.0,Sinduwa,EGY,20019.0,21934.0
473.0,al-Arki,EGY,19616.0,21921.0
879.0,Darwish,EGY,12928.0,21893.0
3871.0,Ibshaq al-Ghazal,EGY,19426.0,21877.0
819.0,al-Malakiyyin al-Bahriyya,EGY,28106.0,21712.0
141.0,Abwan,EGY,19136.0,21613.0
6021.0,Minshat Abd al-Rahman,EGY,19791.0,21602.0
6035.0,Minshat al-Kiram,EGY,19678.0,21563.0
1327.0,Ashruba,EGY,19111.0,21521.0
658.0,al-Haddin,EGY,19529.0,21416.0
6583.0,Nazlat al-Amudin,EGY,19017.0,21413.0
5679.0,None 5,EGY,23319.0,21354.0
7633.0,Safaniya,EGY,19017.0,21343.0
6103.0,Mit Ashna,EGY,11078.0,21326.0
7997.0,Shubar,EGY,19963.0,21193.0
4309.0,Kafr Abu Sad,EGY,19407.0,21183.0
765.0,al-Khadimiyya,EGY,19201.0,21117.0
6573.0,Nawag,EGY,19848.0,21071.0
3510.0,Gimmizat Bani Amr,EGY,19057.0,20975.0
6589.0,Aqfahs,EGY,12221.0,20914.0
3705.0,Hafas,EGY,19264.0,20875.0
3423.0,Gazirat al-Shuraniyya,EGY,18431.0,20810.0
7401.0,Qanbash al-Hamra,EGY,18446.0,20766.0
663.0,al-Hagar al-Mahruq,EGY,18815.0,20764.0
1916.0,Biqtaris,EGY,19294.0,20737.0
527.0,al-Baramun,EGY,19251.0,20550.0
4335.0,Kafr al-Salahat,EGY,18731.0,20549.0
4307.0,Kafr Abu Gindi,EGY,14915.0,20482.0
8289.0,Tahnasha,EGY,18309.0,20473.0
807.0,al-Magd,EGY,18329.0,20457.0
74.0,Abu al-Shiqaf,EGY,18325.0,20432.0
1060.0,al-Sigaiyya,EGY,19186.0,20368.0
5505.0,Mahallat al-Qasab,EGY,18450.0,20292.0
7700.0,Salaqus,EGY,18070.0,20279.0
4321.0,Kafr al-Dir,EGY,18479.0,20248.0
7640.0,Saft al-Inab,EGY,15589.0,20234.0
1632.0,Bani Samit,EGY,17965.0,20231.0
6576.0,Naway,EGY,18091.0,20230.0
1035.0,al-Shaykh Fadl,EGY,10042.0,20176.0
4109.0,Ishaqa,EGY,18327.0,20156.0
7761.0,Sanitat al-Rifaiyyin,EGY,18446.0,20107.0
840.0,al-Mashrik,EGY,17751.0,20102.0
7955.0,Shawa,EGY,18660.0,19918.0
5516.0,Mahallat Minuf,EGY,18737.0,19891.0
7940.0,Sharmasah,EGY,18087.0,19867.0
1190.0,Amshul,EGY,17696.0,19777.0
1063.0,Bani Khalid,EGY,12269.0,19769.0
619.0,al-Gafadun,EGY,17502.0,19749.0
697.0,New Sphinx City,EGY,17500.0,19748.0
2552.0,Dalas,EGY,17338.0,19716.0
534.0,al-Basaliyya Qibli,EGY,18130.0,19699.0
9102.0,Zafar,EGY,18262.0,19653.0
8315.0,Talbana,EGY,17829.0,19582.0
6037.0,Minshat al-Maghalqa,EGY,17452.0,19516.0
1402.0,Awlad Musa,EGY,17468.0,19428.0
6024.0,Minshat Abu Ali,EGY,17649.0,19428.0
6048.0,Minshat Basandila,EGY,17812.0,19402.0
6041.0,Minshat Amir,EGY,17822.0,19313.0
1093.0,al-Timsahiyya,EGY,17162.0,19213.0
5776.0,Mastay,EGY,17472.0,19187.0
7658.0,Sahil al-Gawabir,EGY,17392.0,19172.0
8661.0,Tukh,EGY,17036.0,19159.0
945.0,al-Ragdiyya,EGY,17902.0,19004.0
1375.0,Atu al-Waqf,EGY,16874.0,19002.0
2639.0,Dasya,EGY,16749.0,18955.0
293.0,Ahnasya al-Khadra,EGY,17027.0,18930.0
654.0,al-Gusaq,EGY,17062.0,18845.0
7720.0,Sammakin al-Gharb,EGY,14465.0,18812.0
8488.0,Tiba,EGY,17024.0,18788.0
1720.0,Batn Ahrit,EGY,16577.0,18772.0
5096.0,Kum al-Naggar,EGY,11502.0,18703.0
7959.0,Shayt al-Hawa,EGY,16993.0,18697.0
662.0,al-Hagar,EGY,16461.0,18648.0
1597.0,Bani Ali,EGY,11698.0,18636.0
660.0,Gamasa,EGY,74272.0,18630.0
7790.0,Saqyat Musa,EGY,16534.0,18597.0
562.0,al-Bustan,EGY,16828.0,18570.0
1003.0,al-Sanafin al-Qibliyya,EGY,16864.0,18522.0
5518.0,Mahallat Ruh,EGY,17308.0,18374.0
1690.0,Barmisha,EGY,16340.0,18338.0
36.0,Abis 4,EGY,17461.0,18291.0
7402.0,Qantir,EGY,16709.0,18215.0
672.0,al-Hammad,EGY,15954.0,18143.0
2750.0,Dimu,EGY,15999.0,18108.0
536.0,al-Basqalun,EGY,16067.0,18032.0
8667.0,Tukh Mazid,EGY,16851.0,18015.0
107.0,Abu Manna Sharq,EGY,16046.0,18013.0
811.0,al-Mahdiyya,EGY,16334.0,17928.0
6128.0,Mit Suhil,EGY,16292.0,17894.0
75.0,Abu al-Shuquq,EGY,16256.0,17887.0
5822.0,Mayana 1,EGY,40667.0,17743.0
1613.0,Bani Hilla,EGY,15710.0,17722.0
8950.0,Waqid,EGY,16157.0,17718.0
992.0,al-Salhiyya,EGY,15637.0,17698.0
6116.0,Mit Ghurab,EGY,12911.0,17687.0
6101.0,Mit al-Sirag,EGY,16657.0,17682.0
521.0,al-Banawan,EGY,16652.0,17677.0
4310.0,Kafr Abu Tabl,EGY,10653.0,17652.0
7977.0,Shilqam,EGY,15668.0,17644.0
3721.0,Haliyya,EGY,15673.0,17644.0
4390.0,Kafr Ziyada,EGY,16025.0,17573.0
1008.0,al-Satamana,EGY,15664.0,17466.0
1118.0,al-Zahra,EGY,15871.0,17288.0
644.0,al-Ghazali,EGY,15805.0,17228.0
676.0,al-Hamra,EGY,15617.0,17176.0
994.0,al-Sallum,EGY,14081.0,17095.0
1458.0,Badin,EGY,15949.0,17024.0
8322.0,Tama Fayyum,EGY,15086.0,16943.0
7656.0,Sahali,EGY,15358.0,16847.0
79.0,Abu Danqash,EGY,14723.0,16694.0
1697.0,Basandila,EGY,15241.0,16602.0
8017.0,Shubraris,EGY,14952.0,16460.0
6578.0,Nawwara,EGY,14519.0,16447.0
669.0,al-Halafi,EGY,14941.0,16432.0
3302.0,Gabal al-Tir,EGY,14570.0,16405.0
6051.0,Minshat Lutfallah,EGY,14510.0,16367.0
8001.0,Shubra al-Namla,EGY,15406.0,16356.0
5517.0,Mahallat Misir,EGY,15245.0,16298.0
6761.0,Nimra al-Basal,EGY,15325.0,16269.0
7396.0,Qalishan,EGY,14707.0,16215.0
445.0,al-Adayma,EGY,14656.0,16207.0
83.0,Abu Dawud al-Inab,EGY,15002.0,16169.0
404.0,Akhtab,EGY,14912.0,16028.0
85.0,Abu Durra,EGY,14519.0,15983.0
6093.0,Mit al-Dibba,EGY,14263.0,15729.0
1619.0,Bani Manin,EGY,13936.0,15726.0
906.0,al-Qadaby,EGY,14197.0,15629.0
65.0,Absug,EGY,13824.0,15599.0
1024.0,al-Shallatin,EGY,13673.0,15584.0
5506.0,Mahallat Anshaq,EGY,14394.0,15581.0
5099.0,Kum al-Tarfaya,EGY,14362.0,15564.0
5693.0,Manyat Misir,EGY,14011.0,15410.0
6541.0,Nana & Bahnana,EGY,13715.0,15404.0
3740.0,Bani Hasan,EGY,16349.0,15312.0
926.0,al-Qatta,EGY,13537.0,15269.0
1629.0,Bani Salih,EGY,13442.0,15169.0
8007.0,Shubra Hur,EGY,13954.0,15152.0
974.0,al-Saayda,EGY,13886.0,15087.0
1041.0,al-Shaykh Tami,EGY,13351.0,15017.0
980.0,al-Safasif,EGY,13821.0,14977.0
1884.0,Bihdal,EGY,13392.0,14974.0
6432.0,Mutul,EGY,13187.0,14938.0
2254.0,Burqin,EGY,13672.0,14847.0
873.0,al-Muqata,EGY,13652.0,14825.0
895.0,al-Nawayga,EGY,13463.0,14785.0
598.0,al-Fahmiyya,EGY,13026.0,14764.0
8273.0,al-Ibrahimiya al-Qibliyya,EGY,17900.0,14735.0
6109.0,Mit Damsis & Kafr Abu Girg,EGY,13673.0,14696.0
661.0,al-Hag Qandil,EGY,12949.0,14562.0
957.0,al-Rikabiyya,EGY,13339.0,14561.0
6042.0,Minshat Amru,EGY,12882.0,14536.0
6044.0,Minshat Asim,EGY,18536.0,14409.0
750.0,al-Kalh Sharq,EGY,13242.0,14388.0
70.0,Abu al-Khawi,EGY,13067.0,14330.0
755.0,al-Kanayis,EGY,13219.0,14324.0
4358.0,Kafr Ghannam,EGY,13172.0,14303.0
984.0,al-Sahil,EGY,12556.0,14278.0
4311.0,Kafr al-Amir Abd Allah,EGY,13263.0,14272.0
4387.0,Kafr Tanbul al-Gadid,EGY,13181.0,14267.0
7905.0,Shahda Bahr al-Baqar 2,EGY,10960.0,14254.0
8012.0,Shubra Qubala,EGY,13042.0,14162.0
912.0,al-Qanawiyya,EGY,12520.0,14104.0
551.0,al-Birba,EGY,12514.0,14075.0
2555.0,Dalhanis,EGY,12466.0,14067.0
8383.0,Taranis al-Arab,EGY,12938.0,14050.0
5682.0,Manshiyyat al-Rughama,EGY,12965.0,14034.0
758.0,al-Karimat,EGY,12450.0,14031.0
8363.0,Tanikh,EGY,12897.0,14021.0
76.0,Abu Ashur,EGY,12413.0,13904.0
6113.0,Mit Garrah,EGY,12931.0,13803.0
4739.0,Khalaf,EGY,12176.0,13794.0
601.0,al-Fant al-Gharbiyya,EGY,12216.0,13785.0
6591.0,Nazlat Awlad Guwid,EGY,12115.0,13626.0
7394.0,Qalbshuh,EGY,12495.0,13611.0
7408.0,Qarqira,EGY,12465.0,13536.0
990.0,Minshat Galal,EGY,10221.0,13522.0
1056.0,al-Shutut,EGY,12211.0,13504.0
6089.0,Mit Abu Arabi,EGY,12383.0,13498.0
489.0,al-Awamir & Bani Birza,EGY,11949.0,13450.0
8350.0,Tanbul al Kubra,EGY,12327.0,13386.0
5089.0,Kum al-Dirbi,EGY,12464.0,13305.0
8381.0,Tarabanba,EGY,12276.0,13302.0
4357.0,Kafr Fiyala,EGY,12518.0,13287.0
665.0,al-Hagayza,EGY,12235.0,13286.0
6088.0,Mit Abu al-Husayn,EGY,12317.0,13238.0
4364.0,Kafr Khidr,EGY,12422.0,13187.0
144.0,Abyuha,EGY,11718.0,13179.0
5609.0,Maliha,EGY,12142.0,13156.0
1325.0,Ashnin al-Nasara,EGY,11641.0,13119.0
4380.0,Kafr Shishta,EGY,12143.0,13096.0
516.0,al-Balamun,EGY,12006.0,13038.0
6054.0,Minshat Sahbara,EGY,11796.0,12982.0
2770.0,Dir Barawa,EGY,11557.0,12980.0
7928.0,Shanra al-Bahariyya,EGY,12096.0,12932.0
7638.0,Saft al-Arfa,EGY,11419.0,12885.0
7512.0,Rifaa,EGY,11492.0,12842.0
6593.0,Nazlat Garris,EGY,11394.0,12815.0
691.0,al-Hawata al-Sharqiyya,EGY,13884.0,12781.0
1058.0,al-Sida,EGY,11246.0,12740.0
889.0,al-Nasriyya 2,EGY,11271.0,12677.0
1657.0,Bany Sarid,EGY,21947.0,12612.0
3199.0,Faris,EGY,11586.0,12553.0
7449.0,Quna,EGY,11377.0,12547.0
6124.0,Mit Rabia al-Bayda,EGY,11348.0,12535.0
998.0,al-Sammara,EGY,11607.0,12491.0
522.0,al-Bandara,EGY,11603.0,12408.0
478.0,al-Asakra,EGY,10997.0,12404.0
3427.0,Gazirat Mutawi,EGY,11242.0,12358.0
671.0,al-Hamidat,EGY,11174.0,12356.0
2581.0,Damshaqin,EGY,10846.0,12276.0
6022.0,Minshat Abdallah Lamlum,EGY,10899.0,12257.0
867.0,al-Mugafif,EGY,11090.0,12206.0
1085.0,al-Tawila 2,EGY,21298.0,12163.0
80.0,Abu Darraz,EGY,10956.0,12128.0
5507.0,Mahallat Bishr,EGY,10985.0,12093.0
3813.0,Hissat al-Ghunimi,EGY,10961.0,12088.0
2607.0,Danyal,EGY,10667.0,12083.0
5519.0,Mahallat Sa,EGY,10969.0,12076.0
9145.0,Zayyan,EGY,11051.0,12037.0
4365.0,Kafr Khuzam,EGY,10603.0,11925.0
4370.0,Kafr Musaid,EGY,10120.0,11889.0
7939.0,Sharm al-Shaykh,EGY,11294.0,11841.0
5092.0,Kum al-Hagna,EGY,10626.0,11750.0
1034.0,al-Shaykh Abada,EGY,10506.0,11747.0
492.0,al-Awaysa,EGY,10429.0,11742.0
575.0,al-Danabiq,EGY,10890.0,11624.0
705.0,al-Shinnawi,EGY,29567.0,11607.0
8349.0,Tanbu,EGY,10291.0,11589.0
828.0,al-Manshiyya al-Gadida 2,EGY,10497.0,11585.0
4512.0,Kanisat Damshit,EGY,10891.0,11563.0
983.0,al-Sahafa,EGY,10395.0,11561.0
613.0,al-Qumisyun Gharb,EGY,23451.0,11542.0
7409.0,Qarraga,EGY,10424.0,11470.0
8743.0,Umm al-Ruda,EGY,10492.0,11453.0
4162.0,Izbat Qalamshah,EGY,10109.0,11452.0
3208.0,Fatira,EGY,10589.0,11410.0
6567.0,Nasra,EGY,10349.0,11382.0
5228.0,Lasayfar,EGY,10334.0,11349.0
6505.0,Nagrig,EGY,10488.0,11346.0
1022.0,al-Shahid 6 & Kum Umbu,EGY,10315.0,11321.0
956.0,al-Razimat,EGY,10153.0,11321.0
8288.0,Tahna al-Gabal,EGY,10108.0,11303.0
4120.0,al-Itihad,EGY,28001.0,11266.0
657.0,al-Haddad,EGY,10404.0,11254.0
761.0,al-Kashif al-Gadida,EGY,10131.0,11128.0
475.0,al-Arqub,EGY,10211.0,11066.0
6033.0,Minshat al-Hilbawi,EGY,10205.0,11058.0
13.0,Abadiyyat al-Ruda,EGY,10048.0,11051.0
975.0,al-Sabil,EGY,10084.0,10926.0
6020.0,Minshat Abd al-Qadir,EGY,10029.0,10924.0
523.0,al-Baqliyya,EGY,10178.0,10865.0
37.0,None 4,EGY,50152.0,10805.5480473214
6121.0,Mit Masud,EGY,10045.0,10797.0
5592.0,Malabo,GNQ,257100.0,359400.0
1710.0,Bata,GNQ,311300.0,325000.0
6220.0,Mongomo,GNQ,15500.0,24800.0
6754.0,Niefang,GNQ,12200.0,12000.0
5989.0,Micomeseng,GNQ,10900.0,11500.0
4232.0,Juba,SSD,381600.0,950000.0
7577.0,Rumbek,SSD,239800.0,540000.0
9052.0,Yambio,SSD,168900.0,310000.0
9084.0,Yirol,SSD,35700.0,210000.0
8967.0,Wau,SSD,192800.0,194000.0
1389.0,Aweil,SSD,130100.0,157000.0
5723.0,Maridi,SSD,69600.0,149000.0
5593.0,Malakal,SSD,136700.0,139000.0
2056.0,Bor,SSD,81600.0,125000.0
7500.0,Renk,SSD,91500.0,101000.0
1214.0,Angoot,SSD,18200.0,91000.0
5065.0,Kuacjok,SSD,34800.0,71000.0
1178.0,Ameth-agok,SSD,17000.0,70000.0
150.0,Kashwal,SSD,22500.0,69000.0
9067.0,Yei,SSD,93700.0,66200.0
9079.0,Yida Refugee Camp,SSD,70000.0,65400.0
6762.0,Nimule,SSD,31200.0,63000.0
3375.0,Kongor,SSD,12600.0,54000.0
5135.0,Kurum,SSD,16600.0,51000.0
8577.0,Torit,SSD,48800.0,49618.0
4177.0,Jalimo,SSD,85900.0,48044.0
5422.0,Agok ,SSD,35500.0,47828.0
3179.0,Ezo Centre,SSD,15300.0,44000.0
1419.0,Ayien,SSD,24600.0,44000.0
8569.0,Tonj,SSD,39100.0,43672.0
216.0,Aduel,SSD,34200.0,42988.0
8335.0,Tambura,SSD,33800.0,39356.0
7460.0,Raga,SSD,44200.0,37949.0
6372.0,Mundri,SSD,25700.0,37000.0
7020.0,Okau,SSD,31400.0,35000.0
7081.0,Omeyo,SSD,15900.0,34000.0
2428.0,Chimel Thii,SSD,11600.0,31214.0
4543.0,Kapoeta,SSD,19300.0,31000.0
7280.0,Pankot,SSD,19700.0,29000.0
5825.0,Mayen Ulem,SSD,19500.0,27981.0
6895.0,Nyainthokmalual,SSD,23100.0,27300.0
1301.0,Aruch,SSD,16900.0,27259.0
4848.0,Kindi,SSD,26700.0,26000.0
5583.0,Makuac Akuel,SSD,16700.0,24000.0
4216.0,Jinkuata,SSD,31100.0,24000.0
3557.0,Gok Machar,SSD,27100.0,23344.0
5441.0,Madebe Centre,SSD,11400.0,23000.0
5934.0,Melut,SSD,17300.0,22048.0
904.0,Alok,SSD,19900.0,22000.0
7288.0,Pariang,SSD,37400.0,21000.0
1175.0,Ameeth,SSD,13100.0,20028.0
7273.0,Pamat,SSD,23400.0,20000.0
5311.0,Lokurubang,SSD,21900.0,19000.0
7576.0,Rum-Aker,SSD,15800.0,18000.0
7271.0,Paloich Market,SSD,12100.0,17000.0
5125.0,Kuom,SSD,11100.0,14000.0
8997.0,Wet-wil,SSD,14800.0,12000.0
7239.0,Owiny-Kibul,SSD,14300.0,11700.0
1589.0,Bangui,CAF,945883.0,1389150.0
1832.0,Berbérati,CAF,95164.0,102005.0
1550.0,Bambari,CAF,52210.0,79876.0
2339.0,Carnot,CAF,60184.0,78000.0
2092.0,Bouar,CAF,48293.0,69428.0
2073.0,Bossangoa,CAF,45216.0,54085.0
4395.0,Kaga-Bandoro,CAF,30858.0,52645.0
1584.0,Bangassou,CAF,38728.0,52466.0
2166.0,Bria,CAF,46365.0,46461.0
7284.0,Paoua,CAF,20762.0,45099.0
2007.0,Bokaranga,CAF,19351.0,34760.0
6844.0,Nola,CAF,36630.0,31764.0
8030.0,Sibut,CAF,28586.0,31361.0
730.0,Alindao,CAF,17337.0,31143.0
1981.0,Boda,CAF,28952.0,29539.0
2154.0,Bozoum,CAF,26084.0,29155.0
4082.0,Ippy,CAF,19468.0,27356.0
6618.0,Ndélé ,CAF,13737.0,25730.0
1713.0,Batangafo,CAF,22045.0,23609.0
6218.0,Monga,CAF,24600.0,21894.0703413228
5842.0,M'bāïki,CAF,24337.0,21884.0
9050.0,Yaloké,CAF,15966.0,21154.0
4256.0,Kabo,CAF,18862.0,20755.0
2678.0,Dēkoa,CAF,15561.0,19148.0
3350.0,Gamboula,CAF,17655.0,19073.0
2096.0,Bouca,CAF,14993.0,18840.0
1660.0,Baoro,CAF,17560.0,17765.0
9155.0,Zémio,CAF,12282.0,16982.0
2074.0,Bossembélé,CAF,11749.0,16759.0
3614.0,Grimari,CAF,13273.0,14676.0
4740.0,Khartoum,SDN,5264746.0,7290000.0
6899.0,Nyala,SDN,564582.0,624722.0
907.0,al-Qadarif,SDN,345672.0,479853.0
4614.0,Kassala,SDN,356924.0,441377.0
7362.0,Port Sudan,SDN,423772.0,425759.0
8912.0,Wad Madani,SDN,346340.0,415622.0
1098.0,al-Ubayd,SDN,360709.0,402443.0
5006.0,Kosty,SDN,256214.0,340959.0
587.0,al-Duaiym,SDN,288581.0,310460.0
572.0,al-Damazin,SDN,158498.0,245660.0
767.0,al-Khalas,SDN,193557.0,228696.0
606.0,al-Fashir,SDN,228365.0,226298.0
742.0,al-Junaynah,SDN,231552.0,190296.0
2852.0,Dongola,SDN,65280.0,189947.0
7870.0,Sennar,SDN,150899.0,172851.0
7456.0,Rabak,SDN,148969.0,168191.0
820.0,al-Manaqil,SDN,119372.0,146206.0
5707.0,Marabiya' al-Sharif,SDN,81824.0,141115.0
1072.0,al-Sururab Maghrabiyya,SDN,82953.0,130455.0
1354.0,Atbara,SDN,130415.0,129306.0
9118.0,Zalingey,SDN,135500.0,125438.0
8355.0,Tandalty 1,SDN,78727.0,116374.0
573.0,al-Damir,SDN,85748.0,107145.0
7966.0,Shendi,SDN,74213.0,100663.0
8213.0,Suakin,SDN,45599.0,98430.0
8732.0,Um Rowaba,SDN,59399.0,90214.0
8748.0,Umm Dawwanban,SDN,56925.0,89820.0
3718.0,Halfa' al-Jadida,SDN,76028.0,89814.0
4292.0,Kaduqli,SDN,78329.0,88385.0
8111.0,Singa,SDN,68685.0,84349.0
588.0,al-Duwaym,SDN,88525.0,82848.0
6484.0,Nabta East,SDN,29725.0,80950.0
901.0,al-Nuhud,SDN,69172.0,78959.0
964.0,al-Roseires,SDN,68031.0,78883.0
1694.0,Barsi,SDN,61008.0,72384.0
1219.0,Anjakoaty,SDN,74802.0,72357.0
570.0,al-Dalanj,SDN,68982.0,71853.0
5451.0,Madinat Kabkabiyya,SDN,64790.0,69750.0
8670.0,Tulus,SDN,47879.0,68932.0
8084.0,Sifeay North,SDN,62580.0,66660.0
4586.0,Kas,SDN,63280.0,66231.0
97.0,Abu Jubayha,SDN,55089.0,61276.0
5687.0,Mansur Kawti,SDN,48405.0,61000.0
1007.0,al-Sanwa,SDN,57150.0,59325.0
9122.0,DIba Dunqula ,SDN,56316.0,56810.0
3396.0,Garsaila,SDN,60900.0,56560.0
684.0,al-Hasahisa,SDN,56720.0,55911.0
8747.0,Umm Dawn,SDN,11025.0,53172.0
8915.0,Wad Sharifay,SDN,52275.0,52326.0
7125.0,al-Usaylat,SDN,31320.0,50805.0
4741.0,Khashim al-Girba,SDN,51292.0,50676.0
1277.0,Ardamata,SDN,64952.0,50160.0
632.0,al-Qatayna,SDN,32337.0,50030.0
2241.0,Buram,SDN,35879.0,49716.0
157.0,Adayla,SDN,30856.0,47158.0
8113.0,Sinkat,SDN,38254.0,47001.0
869.0,al-Mujlad,SDN,47185.0,45709.0
8552.0,Tokar,SDN,39794.0,45543.0
8755.0,Umm Shawaka,SDN,24875.0,44920.0
7792.0,Saraf Umra,SDN,32760.0,42720.0
999.0,al-Samra',SDN,12760.0,41800.0
4456.0,Kalma,SDN,45448.0,41458.0
7433.0,Qirayda,SDN,38481.0,40923.0
5930.0,Mellit,SDN,52592.0,40631.0
7565.0,Rufa,SDN,33947.0,40545.0
8729.0,Um Dukhun,SDN,17520.0,39660.0
611.0,al-Fulah,SDN,30376.0,39528.0
452.0,al-Rahad,SDN,38167.0,38506.0
4169.0,Jadid al-Atsha,SDN,23460.0,38430.0
581.0,al-Dindir,SDN,31326.0,38354.0
8423.0,Tebeldina,SDN,43035.0,38190.0
605.0,Shuwak,SDN,27082.0,37764.0
1674.0,Barbar,SDN,30506.0,37539.0
6665.0,Nertiti,SDN,36108.0,37536.0
3782.0,Hay al-Walad Mad,SDN,32004.0,37419.0
5143.0,Kutum,SDN,36372.0,35380.0
8085.0,Sifaya Janub,SDN,34140.0,35100.0
626.0,al-Qatati,SDN,26685.0,34965.0
8916.0,Wad Sharifay Sharq,SDN,25296.0,34416.0
6349.0,Mukjar,SDN,35700.0,34300.0
1065.0,al-Soky,SDN,28804.0,33926.0
7970.0,Shiariya,SDN,35770.0,33740.0
689.0,al-Hawata,SDN,38730.0,33691.0
6174.0,Mawarny,SDN,24920.0,33560.0
5830.0,Mayrnu,SDN,28840.0,33460.0
4935.0,Km 26 refugee camp,SDN,10117.0,33232.0
4233.0,Jubayt,SDN,33140.0,32492.0
3762.0,Hashaba,SDN,34400.0,32178.0
6828.0,Malawiya,SDN,26158.0,31856.0
8730.0,Um Durman,SDN,34920.0,31800.0
1293.0,Aroma,SDN,26400.0,31740.0
9127.0,Zarafah,SDN,33150.0,31525.0
880.0,al-Naiya,SDN,17000.0,31000.0
602.0,al-Faw,SDN,39301.0,30836.0
844.0,al-Masudya II,SDN,16902.0,30790.0
8918.0,Wad'Arud,SDN,24000.0,30725.0
1444.0,Babanusa,SDN,38244.0,30394.0
126.0,Abu Zabad,SDN,24370.0,30102.0
3334.0,Jalqani,SDN,10250.0,30000.0
793.0,al-La'ayt,SDN,30430.0,29852.0
8923.0,Waggar,SDN,23220.0,27720.0
2274.0,But,SDN,34608.0,27636.0
633.0,al-Jazira Aba,SDN,26072.0,27418.0
8970.0,Wawisy,SDN,21616.0,26936.0
8334.0,Tambul,SDN,22284.0,26590.0
7513.0,Rihada al-Birdi,SDN,29782.0,26456.0
5960.0,Merowe,SDN,26240.0,25700.0
2.0,24 al-Qurashy,SDN,28630.0,25340.0
8318.0,Taludy,SDN,16444.0,25289.0
8910.0,Wad al-Hilayu,SDN,24000.0,25027.0
1084.0,al-Tawila,SDN,26960.0,25000.0
2830.0,Doka Basunda,SDN,23899.0,24897.0
780.0,al-Khua,SDN,16080.0,24150.0
1017.0,al-Shagarab al-Awsatt,SDN,17064.0,23436.0
6820.0,New Setllement Wad al Hulaywah,SDN,22400.0,23278.0
100.0,Abu Karinka,SDN,11040.0,23100.0
650.0,al-Qulid,SDN,27750.0,23100.0
3719.0,Madina al-Masna'a ,SDN,23582.0,23091.0
439.0,al-Abasiya,SDN,19188.0,22958.0
3493.0,Ghubaysh,SDN,23759.0,22919.0
557.0,al-Bsaber,SDN,15876.0,22644.0
700.0,al-Hilalia,SDN,20842.0,22381.0
1373.0,Attib ,SDN,25800.0,22110.0
6674.0,Qarya 2 ,SDN,20000.0,22018.0
1019.0,al-Shagarab al-Shamali,SDN,18715.0,21945.0
6827.0,Rifi Talkuk,SDN,14094.0,21518.0
540.0,al-Bawgah,SDN,18684.0,21338.0
7934.0,Sharawm,SDN,12870.0,20970.0
5501.0,Muhajiriya,SDN,21518.0,20829.0
6830.0,Muktat al-Rawda al-Sakanya,SDN,10393.0,20615.0
720.0,al-Ibydiya,SDN,28675.0,20525.0
8756.0,Umm Shijara,SDN,17018.0,20482.0
7434.0,Qisar,SDN,22824.0,20376.0
4992.0,Korai,SDN,21252.0,20339.0
1068.0,al-Sufr,SDN,25704.0,20188.0
1289.0,Armagentolis,SDN,20976.0,20026.0
1069.0,al-Sulayk,SDN,15450.0,20000.0
785.0,al-Kirimit,SDN,14000.0,19732.0
2901.0,Dulayq,SDN,20300.0,19362.0
1182.0,Amla Samki,SDN,20000.0,19280.0
8921.0,Wadi Halfa,SDN,17056.0,19073.0
855.0,al-Mazmun,SDN,21120.0,19000.0
2619.0,Dar al-Salam Janub,SDN,25042.0,18886.0
6826.0,Jabal Qulsa,SDN,15936.0,18720.0
1094.0,al-Tiwaysha,SDN,22212.0,18612.0
4821.0,Kiling,SDN,19810.0,18550.0
8242.0,Suri,SDN,22440.0,18480.0
4270.0,Kaboshyah,SDN,16019.0,18475.0
8754.0,Umm Shagara,SDN,13814.0,18395.0
3425.0,Gazirat Badin,SDN,17955.0,18375.0
7477.0,Rashad,SDN,19194.0,18312.0
6085.0,Mistry,SDN,19040.0,18120.0
718.0,al-Ibbun,SDN,16380.0,18060.0
791.0,al-Kuraynik,SDN,22960.0,18040.0
4615.0,Kassala Airport,SDN,12760.0,17952.0
7938.0,Sharkayla,SDN,14200.0,17854.0
96.0,Abu Jabra,SDN,16632.0,17472.0
6835.0,Madina al-Sharif,SDN,15810.0,17160.0
3876.0,Id al-Fursan,SDN,23640.0,17120.0
3881.0,Ideira,SDN,15500.0,16951.0
5116.0,Kumbar,SDN,21360.0,16880.0
7893.0,Shabashah,SDN,17054.0,16799.0
7586.0,Ruru,SDN,18690.0,16730.0
1089.0,Alti,SDN,12450.0,16620.0
769.0,al-Khandaq,SDN,20600.0,16475.0
8301.0,Takoi,SDN,18080.0,16200.0
8745.0,Umm Boim,SDN,19710.0,16200.0
1941.0,Birush,SDN,15120.0,16120.0
108.0,Abu Matariq,SDN,23425.0,16050.0
753.0,al-Kamleen,SDN,14230.0,16032.0
1568.0,Banat,SDN,14175.0,15900.0
744.0,al-Kabashi,SDN,15880.0,15760.0
6825.0,Wad al-Mahi 1,SDN,15000.0,15682.0
2287.0,Butri,SDN,11495.0,15593.0
90.0,Abu Guta,SDN,16549.0,15312.0
1664.0,Bara,SDN,15450.0,15275.0
8913.0,Wad Rawah,SDN,12223.0,15254.0
8431.0,Tegmala/Umm Qadd,SDN,13900.0,15237.0
3185.0,Fagak,SDN,15282.0,14931.0
8252.0,Tabat,SDN,14003.0,14840.0
101.0,Abu Karshulh Khawr Al-Taina,SDN,17539.0,14760.0
498.0,al-Azazi,SDN,12884.0,14744.0
818.0,al-Makaylab,SDN,19525.0,14625.0
6519.0,Nama,SDN,20670.0,14500.0
708.0,al-Huda,SDN,15599.0,14403.0
846.0,al-Matamma,SDN,15901.0,14376.0
93.0,Abu Hijar,SDN,14155.0,14375.0
3734.0,Hamsh Kurib,SDN,14280.0,14280.0
8879.0,al-Qarya 17,SDN,14098.0,14257.0
125.0,Abu Ushar,SDN,12355.0,14210.0
786.0,al-Kitayab Janub,SDN,13880.0,14040.0
4235.0,Jukhana,SDN,13640.0,13948.0
3309.0,Gabir,SDN,15822.0,13932.0
4578.0,Karkuj,SDN,14027.0,13917.0
289.0,Ahmar Mawjy,SDN,12317.0,13892.0
91.0,Abu Hamad,SDN,13860.0,13837.0
3184.0,Fadasy al-Haleemab,SDN,11800.0,13750.0
4069.0,Intekaina,SDN,15650.0,13700.0
5220.0,Laqawa,SDN,14870.0,13699.0
8880.0,al-Qarya 18,SDN,18078.0,13683.0
7422.0,Qawz al-Habashi,SDN,13020.0,13664.0
532.0,al-Barun/Hillat al-Mak/Shaykh Idr,SDN,15678.0,13650.0
1074.0,al-Takayna,SDN,13680.0,13536.0
739.0,al-Jabalayn,SDN,15274.0,13532.0
3760.0,Harun,SDN,10990.0,13440.0
7.0,Aaliyab,SDN,12120.0,13440.0
3698.0,Habeela ,SDN,13320.0,13360.0
1013.0,al-Sayal al-Saqir,SDN,12936.0,13300.0
845.0,Al-Masodya III,SDN,11490.0,13230.0
4723.0,Kerma,SDN,15738.0,13189.0
2651.0,Daywa,SDN,12775.0,13055.0
2629.0,Darmali,SDN,14575.0,13050.0
8909.0,Wad Abu Nahl,SDN,10944.0,12992.0
8881.0,al-Qarya 26,SDN,10682.0,12958.0
7478.0,Rashid,SDN,13000.0,12933.0
7432.0,Qindil,SDN,12060.0,12690.0
9196.0,Zurqa,SDN,11165.0,12673.0
648.0,al-Jiraishah,SDN,12750.0,12650.0
6824.0,Wad al-Mahi 10,SDN,12768.0,12625.0
2672.0,Deirirro,SDN,12600.0,12600.0
8229.0,Sumayh,SDN,12500.0,12560.0
82.0,Abu Dawn,SDN,15158.0,12532.0
8356.0,Tandalty 2,SDN,13408.0,12512.0
787.0,al-Kitayab Shamal,SDN,10680.0,12360.0
8609.0,al-Miqanis,SDN,12200.0,12300.0
1015.0,al-Shabarga,SDN,12456.0,12168.0
712.0,Ali,SDN,14200.0,12045.0
8877.0,al-Qarya 10,SDN,12104.0,12036.0
8746.0,Umm Dafog,SDN,10200.0,12036.0
6369.0,Mumu,SDN,10900.0,11951.0
4149.0,Iyal Amin,SDN,12600.0,11940.0
7933.0,Shaq Dughary,SDN,11340.0,11844.0
1018.0,al-Shagarab al-Janubi,SDN,13770.0,11815.0
6831.0,al-Dali,SDN,13510.0,11795.0
8114.0,Sinnar al-Tagato,SDN,15105.0,11780.0
7917.0,Shambata,SDN,12710.0,11744.0
8401.0,Tawm Bishara,SDN,12771.0,11691.0
1672.0,Barankaw,SDN,10416.0,11687.0
953.0,al-Rawashida,SDN,10063.0,11684.0
6836.0,Qarya 6,SDN,11000.0,11665.0
8876.0,al-Qarya 08,SDN,10530.0,11583.0
7900.0,Shadda,SDN,14805.0,11445.0
4205.0,Jibrat al-Shaykh,SDN,11826.0,11350.0
4613.0,Kassab,SDN,11130.0,11340.0
6821.0,Wad al-Mahi 11,SDN,11100.0,11299.0
565.0,al-Dabbah,SDN,12750.0,11287.0
1028.0,al-Sharfa Barakat,SDN,11150.0,11200.0
6394.0,Munwashy,SDN,14120.0,11200.0
6833.0,Unknown,SDN,11370.0,11190.0
666.0,al-Haj Aabd Allah,SDN,12060.0,11088.0
6829.0,Umm Garayyat,SDN,11680.0,11040.0
2177.0,Budayna,SDN,11222.0,11036.0
8750.0,Umm Kedadda,SDN,12008.0,11029.0
2502.0,Conry,SDN,13550.0,10950.0
6834.0,Umm Grenagak,SDN,10750.0,10900.0
1066.0,al-Sufi,SDN,10458.0,10836.0
1145.0,Amara,SDN,10900.0,10835.0
8731.0,Um Karadym,SDN,10425.0,10800.0
634.0,al-Ghaba,SDN,13130.0,10764.0
3517.0,Gira Barra,SDN,14492.0,10760.0
866.0,al-Mrewa,SDN,10692.0,10728.0
8911.0,Wad al-Talud,SDN,10788.0,10633.0
5581.0,Hilat al-Ilu,SDN,10626.0,10626.0
8875.0,al-Qarya 03,SDN,10846.0,10498.0
7980.0,Shingli Tubaya,SDN,11340.0,10416.0
3763.0,Haskanita,SDN,10444.0,10416.0
8.0,Aasalaya,SDN,20167.0,10412.0
6822.0,Wad al-Mahi 9,SDN,10976.0,10381.0
574.0,al-Damir I,SDN,10250.0,10373.0
6823.0,Wad al-Mahi 8,SDN,11200.0,10283.0
130.0,Abud,SDN,10692.0,10179.0
8241.0,Suqūt al-jamal,SDN,10000.0,10030.0
2158.0,Brazzaville,COG,1588304.0,2031742.0
7347.0,Pointe Noire,COG,845481.0,1058244.0
2835.0,Dolisie,COG,97291.0,123969.0
6790.0,Nkayi,COG,83152.0,105953.0
4051.0,Impfondo,COG,39513.0,50166.0
7188.0,Ouesso,COG,32642.0,41687.0
5454.0,Madingou,COG,29847.0,38039.0
7236.0,Owando,COG,28063.0,36593.0
8028.0,Sibiti,COG,27022.0,33952.0
5328.0,Loutele,COG,22301.0,28428.0
2090.0,Bouansa,COG,22129.0,28203.0
3349.0,Gamboma,COG,21678.0,27390.0
6255.0,Mossaka,COG,17145.0,22355.0
6012.0,Mindouli,COG,16889.0,21512.0
5578.0,Makoua,COG,16155.0,21065.0
5324.0,Loudima Gare,COG,16402.0,20904.0
6257.0,Mossendjo,COG,15369.0,19583.0
6273.0,Mouyondzi,COG,14736.0,18780.0
1857.0,Bété,COG,13097.0,16628.0
2790.0,Djambala,COG,12472.0,15757.0
7349.0,Pokola,COG,12848.0,15481.0
6705.0,Ngo,COG,11851.0,14990.0
5551.0,Makabana,COG,10751.0,13737.0
3169.0,Ewo,COG,13177.0,12044.0
2129.0,Boundji,COG,14000.0,10481.0
6627.0,Ndjamena,TCD,1210048.0,1610959.0
6268.0,Moundou,TCD,158803.0,189941.0
27.0,Abéché,TCD,124449.0,148091.0
7794.0,Sarh,TCD,109050.0,130112.0
1134.0,Am Timan,TCD,83262.0,99360.0
4701.0,Kelo,TCD,74109.0,88841.0
2815.0,Doba,TCD,73798.0,87996.0
7267.0,Pala,TCD,63956.0,82000.0
2018.0,Bol,TCD,65184.0,77463.0
2042.0,Bongor,TCD,62545.0,74684.0
5701.0,Mao,TCD,52552.0,62727.0
3213.0,Faya,TCD,48647.0,57547.0
6219.0,Mongo,TCD,50034.0,54765.0
5021.0,Koumra,TCD,45087.0,53487.0
4087.0,Iriba,TCD,42424.0,50699.0
2160.0,Bredjing camp,TCD,41500.0,49000.0
1266.0,Arada,TCD,39711.0,47457.0
3578.0,Gore,TCD,39665.0,47296.0
5773.0,Massakory,TCD,39930.0,47243.0
3599.0,Goz Beida,TCD,37000.0,43783.0
1959.0,Bitkine,TCD,39749.0,43508.0
1903.0,Biltine,TCD,35624.0,42573.0
6272.0,Moussoro,TCD,34677.0,41011.0
7220.0,Oum Hadjer,TCD,34179.0,40055.0
3598.0,Goz Amer camp,TCD,32900.0,38931.0
5258.0,Lere,TCD,32442.0,38929.0
3592.0,Gounou-Gaya,TCD,32050.0,38270.0
8596.0,Touloum camp,TCD,30700.0,36688.0
3235.0,Fianga,TCD,30582.0,36517.0
7228.0,Oure Cassoni camp,TCD,37500.0,35000.0
3198.0,Farchana,TCD,29000.0,35000.0
5729.0,Maro,TCD,28732.0,34281.0
1782.0,Belome Camp,TCD,29000.0,30000.0
2875.0,Dourbali,TCD,25236.0,29963.0
5014.0,Koukou Angarana,TCD,25226.0,29850.0
3181.0,Fada,TCD,24532.0,29032.0
5642.0,Mandelia,TCD,24388.0,28956.0
4088.0,Iridimi camp,TCD,23900.0,28562.0
5772.0,Massaguet,TCD,23708.0,28050.0
5026.0,Kounoungou camp,TCD,23000.0,27486.0
2015.0,Bokoro,TCD,22860.0,27046.0
1133.0,Am Nabak camp,TCD,25500.0,27000.0
3626.0,Guelendeng,TCD,22474.0,26836.0
1361.0,Ati,TCD,22884.0,26818.0
3319.0,Gaga Camp,TCD,25800.0,26000.0
5200.0,Lai,TCD,21413.0,25670.0
31.0,Abgadam Camp,TCD,21000.0,24850.0
6006.0,Mile Camp,TCD,22600.0,24000.0
1908.0,Binder Urbain,TCD,19996.0,23994.0
215.0,Adre,TCD,19674.0,23412.0
3591.0,Goundi,TCD,19350.0,22955.0
1833.0,Bere,TCD,19143.0,22948.0
164.0,Ade,TCD,18453.0,21836.0
25.0,Abdi II,TCD,18193.0,21649.0
5177.0,Kyabe,TCD,18042.0,21527.0
4719.0,Kerfi,TCD,17433.0,20629.0
6686.0,Ngama,TCD,17158.0,20300.0
5492.0,Magrane,TCD,16601.0,19644.0
8515.0,Tine Djangarba,TCD,16138.0,19286.0
1755.0,Bedjondo,TCD,15995.0,18975.0
59.0,Abougoudam,TCD,15411.0,18339.0
7693.0,Salal,TCD,15381.0,18191.0
7302.0,Peni I,TCD,14724.0,17467.0
1487.0,Bahay,TCD,14487.0,17313.0
6196.0,Moissala,TCD,14592.0,17311.0
5651.0,Mangalme,TCD,15814.0,17309.0
1745.0,Bebalem,TCD,13246.0,15843.0
4438.0,Kalait,TCD,13382.0,15837.0
9061.0,Yaroungou camp,TCD,13200.0,15740.0
6716.0,Ngouri,TCD,13163.0,15643.0
2139.0,Bousso,TCD,12621.0,14985.0
474.0,Alaroro,TCD,12328.0,14709.0
2864.0,Dosseye Camp,TCD,27500.0,14500.0
6611.0,Ndam,TCD,12050.0,14445.0
1750.0,Bedigri,TCD,11973.0,14204.0
1499.0,Baibokoum,TCD,11693.0,13943.0
1850.0,Bessao,TCD,11587.0,13816.0
5847.0,Mbalkabra,TCD,11247.0,13452.0
1761.0,Beinamar,TCD,11061.0,13230.0
1826.0,Benoye,TCD,10950.0,13097.0
1500.0,Ba-Illi,TCD,11027.0,13092.0
2819.0,Dodjoré camp,TCD,11000.0,13016.0
4556.0,Karal,TCD,10879.0,12871.0
5924.0,Melfi,TCD,11633.0,12733.0
5054.0,Krim Krim,TCD,10556.0,12626.0
1132.0,Am Dam Zeribe,TCD,10592.0,12534.0
1474.0,Baga Sola,TCD,10339.0,12287.0
2853.0,Donia,TCD,10202.0,12165.0
1169.0,Amboko Camp,TCD,12800.0,10100.0
9059.0,Yaounde,CMR,3901680.0,4720000.0
2866.0,Douala,CMR,2567572.0,3355000.0
1470.0,Bafoussam,CMR,1146230.0,1194000.0
3392.0,Garoua,CMR,317294.0,434000.0
1558.0,Bamenda,CMR,312337.0,351000.0
5733.0,Maroua,CMR,240888.0,313000.0
6693.0,Ngaoundere,CMR,192683.0,294000.0
1846.0,Bertoua,CMR,94539.0,255000.0
5114.0,Kumba,CMR,181176.0,203972.0
2180.0,Buea,CMR,114428.0,174000.0
5277.0,Limbe,CMR,118637.0,162775.0
5117.0,Kumbo,CMR,84856.0,152020.0
6799.0,Nkongsamba,CMR,131159.0,134187.0
6626.0,Ndjamena/Kousseri [CMR],CMR,107276.0,128023.0
3269.0,Foumban,CMR,86695.0,103646.0
5052.0,Kribi,CMR,65760.0,103167.0
5848.0,Mbalmayo,CMR,65876.0,97359.0
7752.0,Sangmelima,CMR,56329.0,91248.0
2956.0,Edea,CMR,82679.0,84274.0
3647.0,Guider,CMR,71871.0,82382.0
1465.0,Bafang,CMR,47385.0,81000.0
8507.0,Tiko,CMR,65246.0,66707.0
2946.0,Ebolowa I,CMR,71342.0,65237.0
5932.0,Melong,CMR,61070.0,61928.0
5915.0,Meiganga,CMR,48072.0,59408.0
3270.0,Foumbot,CMR,52643.0,59119.0
1468.0,Bafia,CMR,59217.0,54794.0
6202.0,Mokolo,CMR,39743.0,54410.0
9040.0,Yagoua,CMR,45146.0,52293.0
6711.0,Ngong,CMR,30338.0,50276.0
6934.0,Obala,CMR,48220.0,48488.0
5327.0,Loum,CMR,47067.0,48404.0
6775.0,Njinikom,CMR,19843.0,48000.0
1658.0,Banyo,CMR,38851.0,47362.0
6234.0,Mora,CMR,37944.0,45578.0
8489.0,Tibati,CMR,28858.0,41985.0
1722.0,Batouri,CMR,32515.0,40471.0
6439.0,Muyuka,CMR,36616.0,40470.0
6636.0,Ndu,CMR,34961.0,38957.0
1536.0,Balikumbat,CMR,36571.0,38938.0
7338.0,Pitoa,CMR,28968.0,38679.0
5852.0,Mbanga,CMR,35150.0,38105.0
9023.0,Wum,CMR,28793.0,37770.0
4294.0,Kaele,CMR,37499.0,37633.0
5197.0,Lagdo,CMR,28929.0,36043.0
7080.0,Ombessa,CMR,17913.0,34911.0
7771.0,Santa,CMR,37247.0,34873.0
6692.0,Ngaoundal,CMR,32622.0,34750.0
1996.0,Bogo,CMR,27244.0,34610.0
3393.0,Garoua-Boulai ,CMR,22545.0,33516.0
5666.0,Manjo,CMR,33227.0,33454.0
6632.0,Ndop,CMR,27230.0,30408.0
4696.0,Kekem,CMR,17991.0,30233.0
8588.0,Touboro,CMR,24985.0,28654.0
3648.0,Guidiguis,CMR,18767.0,28609.0
7372.0,Pouss,CMR,27526.0,28559.0
3241.0,Figuil centre,CMR,27193.0,28300.0
5478.0,Magba,CMR,20582.0,27760.0
5471.0,Maga,CMR,21106.0,27337.0
5031.0,Koutaba,CMR,18854.0,26357.0
5037.0,Koza,CMR,23205.0,25273.0
3141.0,Eseka,CMR,22334.0,25040.0
1548.0,Bambalang,CMR,22071.0,24802.0
417.0,Akonolinga,CMR,24053.0,24558.0
9086.0,Yokadouma,CMR,21932.0,24184.0
4695.0,Kejom Ketinguh,CMR,22511.0,24110.0
5851.0,Mbandjock,CMR,23416.0,23912.0
6545.0,Nanga-Eboko,CMR,22806.0,23494.0
6783.0,Nkambe,CMR,18187.0,23479.0
6778.0,Njombe,CMR,21596.0,23079.0
6805.0,Nkoteng,CMR,22133.0,22953.0
3265.0,Gamboru/Fotokol [CMR],CMR,14053.0,22251.0
5841.0,Mbai Mboum,CMR,16451.0,21519.0
1716.0,Batibo,CMR,20137.0,21424.0
1156.0,Ambam,CMR,19398.0,21422.0
6167.0,Mmen,CMR,19823.0,21226.0
2723.0,Dibombari,CMR,16621.0,21137.0
2751.0,Din,CMR,15569.0,20970.0
3154.0,Esu,CMR,15065.0,20851.0
8558.0,Tombel,CMR,17142.0,20737.0
5626.0,Mamfe,CMR,18366.0,20538.0
1441.0,Baba 1,CMR,15959.0,20441.0
1466.0,Bafanji,CMR,18925.0,20372.0
8602.0,Tourou/Turu [CMR],CMR,18110.0,20088.0
1534.0,Bali,CMR,18632.0,20022.0
5564.0,Makenene,CMR,18342.0,19965.0
5862.0,Mbengwi,CMR,17608.0,19828.0
3289.0,Fundong,CMR,15984.0,19344.0
52.0,Abong-Mbang,CMR,15758.0,19043.0
1586.0,Bangolan,CMR,10602.0,18778.0
3548.0,Gobo,CMR,16390.0,18281.0
2999.0,Ekona Mbenge,CMR,15462.0,18100.0
1649.0,Bankim,CMR,14350.0,17896.0
1773.0,Belabo,CMR,15710.0,17451.0
6880.0,Ntui,CMR,13098.0,17446.0
5455.0,Madingring,CMR,12841.0,17434.0
7303.0,Penja-Ville,CMR,16935.0,17388.0
5600.0,Malantouen,CMR,16257.0,17357.0
3000.0,Ekondo-Titi,CMR,16855.0,17347.0
2810.0,Djottin,CMR,13783.0,17209.0
8419.0,Tchollire,CMR,14070.0,17015.0
6691.0,Ngaoui ,CMR,16191.0,16954.0
2998.0,Ekombe Bonji,CMR,15064.0,16841.0
2872.0,Doukoula,CMR,14054.0,16810.0
1563.0,Bamumkumbit 1,CMR,11527.0,16529.0
1449.0,Babessi,CMR,13294.0,16412.0
2940.0,Kye Ossi/Ebebiyin [CAM],CMR,11664.0,16144.0
6011.0,Mindif,CMR,15010.0,15922.0
8502.0,Tignere,CMR,13988.0,15865.0
1392.0,Awing,CMR,14504.0,15000.0
211.0,Adoumri,CMR,11614.0,14869.0
3419.0,Gazawa,CMR,13122.0,14818.0
7602.0,Sa'a,CMR,12343.0,14778.0
6624.0,Ndikinimeki,CMR,13614.0,14448.0
5827.0,Mayo Oulo,CMR,11295.0,14334.0
1869.0,Bibemi,CMR,12289.0,14119.0
7351.0,Poli,CMR,11377.0,14009.0
6216.0,Monatele,CMR,12879.0,13976.0
7775.0,Santchou,CMR,10557.0,13886.0
5553.0,Makak,CMR,10468.0,13760.0
3631.0,Gueme,CMR,10310.0,13644.0
1560.0,Bamessing,CMR,13463.0,13632.0
5977.0,Mfou,CMR,13616.0,13616.0
7306.0,Pete,CMR,12449.0,13413.0
8603.0,Touroua,CMR,11897.0,13201.0
2874.0,Doumo,CMR,10968.0,12921.0
8565.0,Tonga,CMR,11217.0,12879.0
2135.0,Bourrha,CMR,11015.0,12792.0
1965.0,Blangoua,CMR,20452.0,12395.0
2859.0,Doreissou,CMR,10976.0,12355.0
1451.0,Babungo,CMR,12001.0,12337.0
1423.0,Ayos,CMR,11345.0,12174.0
2687.0,Demsa,CMR,10619.0,11718.0
1914.0,Binka,CMR,10231.0,11485.0
6183.0,Mogode ,CMR,10040.0,10383.0
5271.0,Libreville,GAB,885670.0,996857.0
7363.0,Port-Gentil,GAB,143682.0,164036.0
3277.0,Franceville,GAB,111979.0,132876.0
7246.0,Oyem,GAB,67724.0,72946.0
6173.0,Moanda,GAB,63177.0,71089.0
5209.0,Lambaréné,GAB,42408.0,46617.0
6265.0,Mouila,GAB,40192.0,43343.0
8415.0,Tchibanga,GAB,32883.0,36093.0
1957.0,Bitam,GAB,32651.0,33565.0
5015.0,Koulamoutou,GAB,28121.0,30810.0
5573.0,Makokou,GAB,21883.0,24832.0
5232.0,Lastoursville,GAB,12868.0,14402.0
7040.0,Okondja,GAB,12038.0,12961.0
3344.0,Gamba,GAB,10880.0,12566.0
4858.0,Kinshasa,COD,7270000.0,9850000.0
5344.0,Lubumbashi,COD,2077000.0,3050000.0
5882.0,Mbuji-Mayi,COD,901000.0,1300000.0
3564.0,Goma,COD,320000.0,1165000.0
2198.0,Bukavu,COD,754000.0,1130000.0
2280.0,Butembo,COD,691000.0,820000.0
4967.0,Kolwezi,COD,602000.0,774900.0
4890.0,Kisangani,COD,430000.0,750000.0
4499.0,Kananga,COD,521000.0,690000.0
5779.0,Matadi,COD,355000.0,590000.0
5273.0,Likasi,COD,365000.0,565000.0
4815.0,Kikwit,COD,410000.0,539400.0
8632.0,Tshikapa,COD,248000.0,510000.0
1810.0,Beni,COD,327000.0,415000.0
4444.0,Kalemie,COD,190000.0,392000.0
6328.0,Mwene-Ditu,COD,250000.0,382900.0
5850.0,Mbandaka,COD,255000.0,355000.0
2025.0,Boma,COD,195000.0,350000.0
4851.0,Kindu,COD,248000.0,327200.0
2232.0,Bunia,COD,270000.0,286100.0
1580.0,Bandundu,COD,240000.0,262100.0
8803.0,Uvira,COD,166000.0,254900.0
3464.0,Gemena,COD,175000.0,233400.0
1525.0,Balamba/Kasumbalela [ZAR],COD,218000.0,221700.0
6172.0,Moanda,COD,121000.0,198000.0
4481.0,Kamina/Kikunki,COD,162000.0,188500.0
6363.0,Bumba,COD,165000.0,180200.0
5300.0,Lodja,COD,138000.0,180000.0
5854.0,Mbanza-Ngungu,COD,115000.0,164700.0
4067.0,Inkisi,COD,32300.0,155500.0
7592.0,Rutshuru/Kiwanja,COD,66000.0,147300.0
3291.0,Fungurume,COD,101000.0,143500.0
6462.0,Mweka,COD,78000.0,142000.0
3888.0,Idiofa,COD,85000.0,138700.0
6689.0,Ngandajika,COD,135000.0,132000.0
4873.0,Kipushi,COD,99000.0,128200.0
5289.0,Lisala,COD,122000.0,127200.0
7009.0,Oicha,COD,117000.0,118700.0
1669.0,Baraka,COD,103000.0,110680.0
4016.0,Ilebo,COD,80000.0,105500.0
4255.0,Kabinda,COD,102000.0,104000.0
3433.0,Gbadolite,COD,66700.0,103900.0
4980.0,Kongolo,COD,91000.0,102700.0
4117.0,Isiro,COD,145000.0,101400.0
4843.0,Kimpese,COD,75000.0,100800.0
8965.0,Watsa/Kalimva (gold mines),COD,55000.0,98900.0
8968.0,Ariwara ,COD,82000.0,97085.0
4887.0,Kirungu,COD,60100.0,97000.0
5673.0,Manono ,COD,94000.0,95500.0
4592.0,Kasangulu,COD,38600.0,95000.0
4885.0,Kirumba,COD,57000.0,95000.0
4766.0,Cité de luilu,COD,48700.0,95000.0
5396.0,Luputa,COD,96000.0,92200.0
2720.0,Dibaya-Lubue,COD,41000.0,91400.0
8897.0,Bashu,COD,101000.0,90000.0
4068.0,Inongo,COD,54900.0,85300.0
2150.0,Boyasebalanga,COD,42600.0,82512.0
6376.0,Mungbualu/Nzebi,COD,35400.0,82000.0
7387.0,Pweto ,COD,56000.0,78500.0
5358.0,Luena,COD,34100.0,77300.0
5650.0,Mangai,COD,39200.0,76300.0
1990.0,Boende,COD,42500.0,76100.0
8450.0,Tenke,COD,38600.0,74115.0
4511.0,Kaniama,COD,47500.0,73900.0
7898.0,Shabunda,COD,21500.0,72100.0
5399.0,Lusambo,COD,34700.0,71900.0
5174.0,Kwilu-Ngongo,COD,39500.0,71800.0
1910.0,Binga,COD,58700.0,71500.0
4710.0,Kenge,COD,55000.0,71100.0
8935.0,Walungu,COD,25000.0,71000.0
5388.0,Sange ,COD,17800.0,70500.0
5340.0,Lubero,COD,81000.0,69700.0
2275.0,Buta,COD,84000.0,69100.0
1797.0,Bena-Kabimba,COD,70600.0,68079.0
4476.0,Kambove,COD,33000.0,67800.0
4587.0,Kasaji,COD,79000.0,67000.0
6362.0,Mulongo,COD,69000.0,66500.0
6923.0,Nyunzu,COD,40900.0,62400.0
1579.0,Basoko,COD,22400.0,62000.0
2400.0,Gisenyi/Goma/Kisoro/Bunagana [ZAR] 2,COD,70000.0,61936.0
4864.0,Kinzau-Vuete ,COD,29000.0,61800.0
2197.0,Bukama,COD,26000.0,61500.0
2745.0,Dilolo,COD,51900.0,60400.0
1698.0,Basankusu,COD,47600.0,60300.0
5371.0,Lukolela,COD,24400.0,59300.0
5605.0,Malemba-Nkulu,COD,67000.0,58700.0
2178.0,Budjala,COD,22700.0,58300.0
5337.0,Lubao,COD,49300.0,58200.0
5367.0,Luiza,COD,48800.0,57600.0
4408.0,Kahinda,COD,58000.0,57091.0
4569.0,Luvungi ,COD,18700.0,56800.0
4829.0,Kilwa,COD,54000.0,56080.0
3667.0,Gungu,COD,67000.0,56000.0
6415.0,Mushie,COD,54700.0,55700.0
5652.0,Mangina,COD,70000.0,54500.0
4853.0,Kingombe,COD,24800.0,54300.0
9097.0,Yumbi 1,COD,26900.0,54200.0
4407.0,Kahemba,COD,61000.0,54100.0
4866.0,Bulongo 1,COD,33400.0,53700.0
4472.0,Bugarama/Kamanyola [ZAR],COD,12000.0,53400.0
6434.0,Mutwanga,COD,35100.0,53226.0
2023.0,Bolobo,COD,39100.0,53100.0
4425.0,Kakenge,COD,41300.0,52900.0
2220.0,Bulungu,COD,48000.0,52200.0
4598.0,Kasenga 1,COD,60000.0,51700.0
7278.0,Panu,COD,23300.0,51500.0
2269.0,Businga,COD,35000.0,51100.0
4912.0,Kitenge,COD,34600.0,51058.0
5387.0,Lunga ,COD,35000.0,50700.0
7743.0,Sandoa/Mbangu,COD,48900.0,50676.0
2788.0,Andata,COD,46000.0,50500.0
5356.0,Luebo,COD,31500.0,50200.0
2014.0,Bokoro,COD,27300.0,49800.0
4526.0,Kanyabayonga,COD,32700.0,49600.0
1897.0,Bili-Moke ,COD,39300.0,49597.0
8644.0,Tshofa ,COD,23900.0,49400.0
8635.0,Tshimbulu,COD,38600.0,49200.0
9046.0,Yakoma,COD,56000.0,49100.0
6765.0,Nioki,COD,46000.0,48500.0
5330.0,Luambo,COD,39100.0,48187.0
5184.0,Kyondo,COD,38500.0,47700.0
1972.0,Blukwa/Drodo/Djauda,COD,32400.0,47103.0
5345.0,Lubutu,COD,44900.0,46714.0
5983.0,Lupatapata,COD,38400.0,46500.0
2682.0,Demba,COD,59000.0,46500.0
1804.0,Bena-Tshibangu,COD,48400.0,45940.0
5368.0,Lukala,COD,29800.0,45900.0
5764.0,Masi-Manimba,COD,48000.0,45700.0
2028.0,Bombala,COD,45600.0,45626.0
8625.0,Tshela,COD,37300.0,45600.0
7677.0,Sakania,COD,44000.0,45200.0
5768.0,Masisi,COD,11100.0,44900.0
4960.0,Kole,COD,24600.0,44900.0
10.0,Aba,COD,73000.0,44500.0
4263.0,Kabombo-Dianda,COD,46700.0,44000.0
4661.0,Kavumu,COD,23000.0,43745.0
4591.0,Kasandi ,COD,41900.0,42448.0
4679.0,Kazumba,COD,10200.0,42100.0
9179.0,Zongo,COD,39500.0,42000.0
1221.0,Ankoro,COD,43600.0,41821.0
6176.0,Mobayi-Mbongo,COD,17400.0,41700.0
2196.0,Ingbokolo/Bukalwa/Adi,COD,39000.0,41592.0
5752.0,Masereke,COD,40000.0,41322.0
1299.0,Aru,COD,105000.0,40200.0
7385.0,Punia,COD,41500.0,39752.0
4799.0,Kidumbi,COD,39000.0,39526.0
2300.0,Bwamanda,COD,35200.0,39400.0
4266.0,Kabongo (south),COD,41300.0,39200.0
1805.0,Bena-Tshishimbi,COD,40100.0,38930.0
8933.0,Walikale,COD,18800.0,38800.0
4466.0,Kama,COD,18100.0,38577.0
4868.0,Kipamba,COD,31900.0,38290.0
2808.0,Djolu,COD,32600.0,37900.0
4267.0,Kabongo (north),COD,37400.0,37540.0
4612.0,Kasongo-Lunda,COD,24000.0,37500.0
4608.0,Kamituga,COD,19800.0,37500.0
6348.0,Mukedi,COD,51000.0,37200.0
5560.0,Mankanza,COD,35000.0,37100.0
7355.0,Popokabaka,COD,23000.0,36800.0
6175.0,Moba,COD,30400.0,36400.0
5625.0,Mambasa,COD,63000.0,36300.0
5500.0,Mahagi,COD,71000.0,36300.0
5142.0,Kutu,COD,22200.0,36100.0
4673.0,Kayna,COD,28900.0,36000.0
6199.0,Mokambo ,COD,35400.0,35900.0
2297.0,Buy-Bwa-Dalamba,COD,34600.0,35110.0
3443.0,Molegbe,COD,12500.0,35000.0
4406.0,Kahe,COD,20800.0,34832.0
1886.0,Bikoro,COD,34000.0,34600.0
1796.0,Bena-Dibele,COD,32300.0,34500.0
1801.0,Bena-Mushia,COD,35000.0,34470.0
4594.0,Kasanza,COD,31500.0,34116.0
7699.0,Bena-Manda,COD,27200.0,34053.0
2017.0,Bokungu,COD,19800.0,34000.0
4904.0,Lemba ,COD,32000.0,33900.0
8170.0,Songololo,COD,17000.0,33800.0
402.0,Aketi,COD,42800.0,33600.0
5946.0,Menkao,COD,26800.0,33463.0
2809.0,Djori ,COD,19300.0,33388.0
2151.0,Bozene,COD,28100.0,33269.0
5393.0,Luozi,COD,44500.0,33000.0
4629.0,Katana ,COD,19500.0,32912.0
4422.0,Kakanda ,COD,31100.0,32726.0
2237.0,Bunyakiri,COD,16200.0,32687.0
6906.0,Nyamilima,COD,33600.0,32501.0
2911.0,Dungu,COD,67000.0,32400.0
1803.0,Bena-Tshiamba,COD,24800.0,32175.0
5270.0,Libenge,COD,28400.0,32000.0
4448.0,Kalima 2,COD,17700.0,32000.0
4252.0,Kabeya-Kamwanga,COD,40700.0,32000.0
1519.0,Bakwa-Tshileo/Bena-Ntita,COD,54500.0,32000.0
1800.0,Bena-Leka,COD,16400.0,31800.0
5375.0,Lukula,COD,26000.0,31600.0
8420.0,Tchomia ,COD,13200.0,31600.0
3363.0,Gangara,COD,31300.0,31356.0
4972.0,Komeshia,COD,25500.0,31271.0
6139.0,Mitwaba,COD,29800.0,30692.0
4968.0,Komanda,COD,24900.0,30478.0
2273.0,Boso Congo,COD,28700.0,30225.0
1725.0,Batua-Ishama,COD,28400.0,30112.0
7384.0,Pungwe,COD,29800.0,30105.0
5373.0,Kiondo,COD,29000.0,30102.0
3255.0,Fizi,COD,18200.0,30100.0
8938.0,Wamaza,COD,17700.0,29999.0
6865.0,Nsioni ,COD,23800.0,29850.0
4605.0,Kashobwe,COD,32300.0,29800.0
6351.0,Mukubu,COD,31900.0,29707.0
6446.0,Mwadingusha,COD,24600.0,29673.0
7680.0,Sake,COD,25300.0,29625.0
1862.0,Biakutu,COD,15400.0,29603.0
2676.0,Dekese,COD,21100.0,29600.0
4813.0,Kikunka,COD,29100.0,29571.0
4627.0,Katako-Kombe,COD,18700.0,29500.0
5312.0,Lokutu Bandu ,COD,26800.0,29489.0
548.0,Alberta,COD,29300.0,29299.0
6353.0,Mukungwa,COD,29400.0,29112.0
6156.0,Mkwadi ,COD,23400.0,28933.0
6417.0,Musienene,COD,28300.0,28913.0
1700.0,Bosekpanga,COD,29000.0,28530.0
3131.0,Eringite,COD,26600.0,28398.0
1517.0,Bakwa-Nzeba,COD,24100.0,28289.0
4301.0,Kafita,COD,31300.0,28021.0
2851.0,Dongo-Kuma,COD,17900.0,27926.0
6635.0,Ndrele,COD,21700.0,27552.0
8633.0,Tshimbalanga ,COD,21800.0,27389.0
5040.0,Kpandroma,COD,17300.0,27349.0
6710.0,Ngome,COD,23900.0,27335.0
5747.0,Masamuna,COD,20600.0,27170.0
5366.0,Luishia,COD,22900.0,27147.0
5377.0,Lukuni ,COD,22200.0,27021.0
5159.0,Kwamouth,COD,16500.0,27000.0
4894.0,Kisenda,COD,29300.0,27000.0
8556.0,Tolo,COD,19900.0,26900.0
4676.0,Kazadi,COD,27400.0,26795.0
7558.0,Rubaya,COD,10800.0,26768.0
4428.0,Kakoma,COD,16000.0,26762.0
137.0,Bakongo ,COD,32200.0,26600.0
8636.0,Tshimpumpu,COD,24700.0,26239.0
4528.0,Kanyinda,COD,22000.0,26028.0
2234.0,Bunkeya,COD,23500.0,25918.0
5858.0,Mbau,COD,25000.0,25911.0
6740.0,Niakunde,COD,23400.0,25796.0
6698.0,Ngeba,COD,22500.0,25551.0
4862.0,Kintobongo-Bunge,COD,24600.0,25518.0
8354.0,Tandala,COD,25200.0,25364.0
7858.0,Semendwa,COD,29500.0,25300.0
4558.0,Karambi,COD,25200.0,25194.0
4457.0,Kalo,COD,16000.0,25158.0
4895.0,Kisenge,COD,24200.0,25058.0
1583.0,Bangadi,COD,20700.0,24908.0
4889.0,Kisambiro,COD,24200.0,24803.0
4824.0,Kilongwe,COD,23600.0,24713.0
6078.0,Misisi,COD,21300.0,24645.0
7712.0,Samba,COD,21900.0,24624.0
8984.0,Wembo Nyama,COD,21200.0,24616.0
2807.0,Djokupunda ,COD,21600.0,24475.0
6746.0,Niangara,COD,19500.0,24355.0
8169.0,Songo,COD,15000.0,24300.0
4243.0,Kabalo (east),COD,25200.0,24300.0
4630.0,Katanda,COD,19700.0,24200.0
4523.0,Manono ,COD,22800.0,24198.0
6422.0,Mutabi,COD,25000.0,24188.0
5339.0,Lubena,COD,24100.0,24080.0
1479.0,Bagata,COD,22400.0,23959.0
4245.0,Kabamba,COD,19600.0,23833.0
8934.0,Izege,COD,37000.0,23700.0
1794.0,Bena-Boya,COD,23400.0,23689.0
1807.0,Bendere/Mavivi,COD,22800.0,23684.0
4880.0,Kiri,COD,15200.0,23600.0
4490.0,Kamuesha/Tshialupuishi,COD,22900.0,23530.0
4869.0,Kipese,COD,23100.0,23497.0
4611.0,Kasongo,COD,64000.0,23400.0
1472.0,Bafwasende,COD,14500.0,23300.0
1863.0,Biambe,COD,18800.0,22828.0
4782.0,Kibirizi,COD,12800.0,22695.0
2149.0,Boyabo,COD,18500.0,22409.0
5403.0,Lusuku,COD,10600.0,22400.0
4842.0,Kimpemba,COD,14100.0,22300.0
1518.0,Bakwa-Tshibaka,COD,30300.0,22242.0
3856.0,Babonde/Biku/Ibambi,COD,19700.0,22169.0
1989.0,Boeli,COD,21500.0,21852.0
1893.0,Bili,COD,20100.0,21802.0
4442.0,Kalehe,COD,22200.0,21718.0
2219.0,Bulula,COD,18600.0,21709.0
4929.0,Nsanda,COD,19800.0,21637.0
2863.0,Doruma,COD,29400.0,21609.0
3695.0,Gwok Nyer ,COD,18900.0,21605.0
2847.0,Dondo,COD,14500.0,21600.0
7919.0,Shamikalenge,COD,19800.0,21557.0
4599.0,Kasenga 2,COD,21300.0,21418.0
7911.0,Kingwangala,COD,14900.0,21400.0
8629.0,Tshibinda,COD,20300.0,21210.0
4787.0,Kibombo,COD,16800.0,21200.0
7842.0,Seke-Banza,COD,20100.0,21000.0
4767.0,Kiamba,COD,21000.0,21000.0
4845.0,Kimpuki,COD,17600.0,20809.0
5667.0,Sele,COD,16900.0,20789.0
8940.0,Wamba,COD,25000.0,20700.0
4284.0,Kadimadiba,COD,20400.0,20608.0
7128.0,Oshwe,COD,22200.0,20400.0
9158.0,Zengu,COD,19900.0,20263.0
4897.0,Kisharo,COD,21700.0,20245.0
2805.0,Djindji,COD,14800.0,20200.0
4487.0,Kampene,COD,15500.0,20000.0
2032.0,Bomongo,COD,16400.0,19800.0
8445.0,Temvo,COD,19700.0,19701.0
3233.0,Feshi,COD,22900.0,19600.0
8337.0,Tambwe-Yangala,COD,15700.0,19474.0
4253.0,Kabila,COD,13100.0,19251.0
4482.0,Kamisalu,COD,19100.0,19099.0
9098.0,Yumbi 2,COD,18500.0,19051.0
1515.0,Lusanga/Luka,COD,49900.0,18976.0
3193.0,Faradje,COD,47000.0,18900.0
2191.0,Bugumya ,COD,12000.0,18753.0
5082.0,Kulundji,COD,11600.0,18700.0
5624.0,Mamba,COD,18100.0,18682.0
4830.0,Kimafu ,COD,16700.0,18562.0
4949.0,Kokola,COD,22800.0,18560.0
4867.0,Kipaka,COD,11600.0,18551.0
6263.0,Motokolea,COD,11600.0,18524.0
8627.0,Tshibala,COD,15400.0,18515.0
4432.0,Kakumba,COD,18500.0,18431.0
6345.0,Muimba,COD,15600.0,18350.0
6361.0,Mulinga,COD,15200.0,18178.0
4600.0,Kasenyi,COD,16400.0,18075.0
2843.0,Domiongo,COD,16100.0,18060.0
8949.0,Wapinda ,COD,16000.0,17894.0
7841.0,Seke Banza ,COD,17800.0,17800.0
4816.0,Kilembe,COD,10300.0,17800.0
4639.0,Katenta,COD,17800.0,17757.0
1798.0,Bena-Katomba,COD,17600.0,17602.0
2072.0,Bosobolo,COD,13000.0,17600.0
4792.0,Kibula,COD,13500.0,17546.0
4621.0,Kasungeshi,COD,13800.0,17457.0
6016.0,Minova,COD,13500.0,17389.0
1998.0,Bogose-Mubea,COD,11700.0,17385.0
2008.0,Bokata,COD,16000.0,17339.0
2306.0,Bwila,COD,17300.0,17301.0
4650.0,Katobole,COD,16700.0,17258.0
2705.0,Diadia,COD,15500.0,17163.0
5369.0,Lukalaba,COD,17600.0,17054.0
9017.0,Wotu/Sensenge,COD,43400.0,17000.0
4464.0,Kalua,COD,11800.0,16976.0
2850.0,Dongo,COD,16200.0,16970.0
1556.0,Bambo,COD,10700.0,16924.0
2192.0,Buhumba (west),COD,10000.0,16900.0
7105.0,Opima,COD,23000.0,16811.0
8530.0,Titule,COD,19100.0,16793.0
4595.0,Kasegbe,COD,15800.0,16640.0
5787.0,Matamba ,COD,15400.0,16635.0
1879.0,Biera,COD,16300.0,16623.0
1514.0,Bakwa-Gambo/Mokoka,COD,37300.0,16608.0
7348.0,Poko,COD,27700.0,16500.0
5608.0,Malibu,COD,16500.0,16479.0
3976.0,Ikela,COD,10100.0,16400.0
2892.0,Duama II (north),COD,13600.0,16398.0
4631.0,Katanga,COD,15600.0,16380.0
6350.0,Mukoso ,COD,16900.0,16360.0
6456.0,Kibango ,COD,18300.0,16342.0
4913.0,Kitengo ,COD,17700.0,16328.0
6464.0,Mwenda,COD,16300.0,16320.0
6873.0,Ntandembele,COD,19700.0,16100.0
5607.0,Malia-Bwana ,COD,16100.0,16097.0
7134.0,Mubi,COD,12000.0,16024.0
4244.0,Kabalo (west),COD,14200.0,16000.0
4911.0,Kitangua,COD,15800.0,15960.0
4828.0,Kilunda,COD,15000.0,15904.0
2036.0,Bondo,COD,46000.0,15900.0
4517.0,Kankumbwa,COD,14900.0,15846.0
4841.0,Kimoho,COD,10300.0,15805.0
1250.0,Apala/Rubanga,COD,50700.0,15800.0
4246.0,Kabambare,COD,10300.0,15800.0
4559.0,Karambi ,COD,19000.0,15719.0
6354.0,Mukupa,COD,13800.0,15605.0
5294.0,Lobango,COD,13200.0,15376.0
8173.0,Songwe,COD,14800.0,15273.0
8901.0,Vuyinga/Butengwa,COD,12400.0,15220.0
2171.0,Bubanda,COD,18300.0,15200.0
4823.0,Kilomines,COD,10100.0,15074.0
8700.0,Ubundu,COD,12600.0,15000.0
6375.0,Mungbere,COD,12100.0,14988.0
7724.0,Sampwe ,COD,18900.0,14878.0
4449.0,Kalima 1,COD,14900.0,14856.0
7263.0,Pai-Kongila,COD,12900.0,14849.0
4393.0,Bena-Kafumbu,COD,13900.0,14843.0
2027.0,Bombakabo,COD,15600.0,14831.0
6701.0,Ngeya-Kalamba,COD,12000.0,14762.0
6748.0,Nia-Nia,COD,12200.0,14638.0
2053.0,Bonzo,COD,14500.0,14600.0
1646.0,Bankana,COD,14600.0,14585.0
6702.0,Ngiko,COD,18500.0,14522.0
4099.0,Isaka,COD,14500.0,14499.0
5856.0,Mbata-Mbenge,COD,14000.0,14400.0
5343.0,Lubudi,COD,23100.0,14400.0
7783.0,Sapo-Bumba,COD,12900.0,14400.0
4421.0,Kakana,COD,11300.0,14399.0
2301.0,Bwamandema,COD,19400.0,14360.0
6782.0,Nkamba,COD,11300.0,14268.0
4459.0,Kalombo,COD,15300.0,14007.0
3690.0,Gwena,COD,14500.0,13979.0
9095.0,Yuki Kengundu,COD,13800.0,13929.0
6617.0,Ndekesha ,COD,13400.0,13881.0
8106.0,Sinda,COD,17300.0,13789.0
6429.0,Mutshatsha,COD,11600.0,13600.0
2152.0,Mogalo,COD,12700.0,13584.0
5412.0,Lwanguku,COD,10100.0,13556.0
1924.0,Birava,COD,18100.0,13552.0
5640.0,Manda,COD,14200.0,13545.0
4298.0,Kafifi/Tumpa,COD,13500.0,13520.0
4610.0,Kasonga-Tambwe ,COD,11400.0,13486.0
6465.0,Mwenga 1,COD,11300.0,13465.0
8630.0,Tshibombo,COD,23900.0,13332.0
5947.0,Menki,COD,12900.0,13320.0
6467.0,Mweso,COD,10500.0,13261.0
2761.0,Diongo,COD,11600.0,13040.0
4588.0,Kasalo,COD,12900.0,12930.0
3506.0,Gilima,COD,18500.0,12916.0
4609.0,Kasomeno,COD,17200.0,12820.0
2153.0,Bozoko,COD,13800.0,12810.0
4529.0,Kanzamba,COD,10800.0,12809.0
4619.0,Kasumba,COD,12400.0,12777.0
6840.0,(N.C.),COD,11000.0,12756.0
3299.0,Fwamba/Tshisuku,COD,10700.0,12714.0
5795.0,Mateko Centre,COD,12000.0,12612.0
4505.0,Kandolo,COD,12500.0,12608.0
6867.0,Nsona/Ntite,COD,11800.0,12447.0
5596.0,Bena-Musakatshi/Mulamba,COD,10600.0,12300.0
4272.0,Kabozia,COD,13500.0,12260.0
3110.0,Endri/Mado,COD,11000.0,12193.0
4445.0,Kalenda,COD,12700.0,12092.0
1912.0,Bingi,COD,11700.0,12067.0
5395.0,Miabi,COD,12000.0,12060.0
5867.0,Mbien,COD,11500.0,12018.0
7855.0,Semandane,COD,11200.0,11956.0
5391.0,Luofu ,COD,10500.0,11887.0
2214.0,Bulongo 2,COD,10900.0,11817.0
5405.0,Lutukwe,COD,11400.0,11812.0
1480.0,Bakpulu,COD,10200.0,11800.0
4241.0,Kabala,COD,11800.0,11780.0
4827.0,Kilubi,COD,13800.0,11780.0
2971.0,Egbita ,COD,11700.0,11767.0
6222.0,Monkoto,COD,14500.0,11700.0
4812.0,Kikonka,COD,10900.0,11683.0
6788.0,Nkassa,COD,11500.0,11642.0
5329.0,Lovangira,COD,12100.0,11539.0
5372.0,Lukombo I,COD,11600.0,11535.0
4636.0,Kate,COD,10000.0,11519.0
5274.0,Likati,COD,26000.0,11500.0
1573.0,Bandi,COD,12700.0,11441.0
8689.0,Turungu,COD,11700.0,11391.0
2263.0,Buseregenya,COD,11300.0,11379.0
4537.0,Kapanga (west),COD,10900.0,11312.0
4427.0,Kakoi,COD,11300.0,11301.0
4638.0,Katengele,COD,14000.0,11301.0
5536.0,Mai-Munene,COD,14000.0,11224.0
1516.0,Bakwa-Nsakalongo,COD,12500.0,11086.0
2039.0,Bonduru,COD,23900.0,11040.0
4838.0,Kimvula,COD,11200.0,11032.0
5423.0,Maboya,COD,10900.0,11030.0
1954.0,Bita,COD,11000.0,11012.0
1806.0,Bena-Tshitala,COD,12700.0,11012.0
2071.0,Bowagboko,COD,11100.0,11010.0
4536.0,Kapanga,COD,48300.0,11000.0
2707.0,Diambo/Tshipama Mulundu,COD,11000.0,10997.0
9044.0,Yakata,COD,10700.0,10944.0
8638.0,Tshioji,COD,11000.0,10930.0
4844.0,Kimpoko Centre,COD,10900.0,10899.0
8639.0,Tshisumba,COD,11700.0,10836.0
1982.0,Bodango,COD,13000.0,10755.0
4471.0,Kamango,COD,10500.0,10739.0
5364.0,Luhihi,COD,10000.0,10705.0
5004.0,Koshi ,COD,10400.0,10683.0
4262.0,Kabolwe,COD,10300.0,10674.0
8631.0,Tshikangu,COD,10600.0,10601.0
4443.0,Mwenge,COD,11300.0,10513.0
2024.0,Bolongbolo,COD,10500.0,10500.0
6630.0,Ndombe,COD,10500.0,10469.0
4278.0,Kabwe,COD,10700.0,10410.0
4461.0,Kalonda,COD,11700.0,10400.0
4530.0,Kanzenze ,COD,10100.0,10332.0
5620.0,Maluku-Maes,COD,10300.0,10307.0
5563.0,Makaw,COD,10300.0,10301.0
1799.0,Bena-Kayemba-A-Tshimanga,COD,11000.0,10275.0
8634.0,Tshilolo/Tshisenda,COD,10000.0,10268.0
1984.0,Bodeme II,COD,13000.0,10248.0
2912.0,Dungu ,COD,10100.0,10245.0
5342.0,Lubondo ,COD,12000.0,10130.0
8628.0,Tshibalabala,COD,10000.0,10054.0
4036.0,Ilunga-Mutombo,COD,17000.0,10042.0
4254.0,Kabimba,COD,10000.0,10038.0
5846.0,Mbali-Iboma,COD,10000.0,10000.0
8824.0,Victoria,SYC,67821.0,76573.0
7781.0,Sao Tome,STP,134746.0,124617.0
7773.0,Santana,STP,12270.0,16462.0
6667.0,Neves,STP,13035.0,13391.0
1235.0,Antananarivo,MDG,2500317.0,2863971.0
8544.0,Toamasina,MDG,321184.0,368386.0
5502.0,Mahajanga,MDG,252500.0,292654.0
1238.0,Antsirabe,MDG,215319.0,245342.0
8555.0,Toliary,MDG,198162.0,233402.0
3234.0,Fianarantsoa,MDG,195962.0,225186.0
1239.0,Antsiranana,MDG,124332.0,141665.0
1161.0,Ambatondrazaka,MDG,76064.0,86670.0
8375.0,Toalagnaro,MDG,66052.0,75259.0
3794.0,Hell-Ville,MDG,59880.0,68228.0
3223.0,Fenerive Est,MDG,50267.0,57274.0
6246.0,Morondava,MDG,47662.0,54309.0
1163.0,Ambilobe,MDG,46258.0,52706.0
6236.0,Moramanga,MDG,45363.0,51689.0
1170.0,Ambositra I,MDG,44421.0,50617.0
7714.0,Sambava,MDG,40720.0,46396.0
5634.0,Manakara,MDG,37151.0,42326.0
1157.0,Ambanja,MDG,36749.0,41871.0
1159.0,Ambatolampy,MDG,35117.0,40009.0
1168.0,Ambohitrimanjaka,MDG,33992.0,38730.0
5636.0,Manjanary,MDG,33150.0,37773.0
5730.0,Maroantsetra,MDG,30416.0,37474.0
8648.0,Tsiromandidy,MDG,32575.0,37117.0
1858.0,Betroka,MDG,31571.0,35970.0
3194.0,Farafangana,MDG,31216.0,35569.0
3955.0,Inhosy,MDG,30095.0,34290.0
1233.0,Antalaha Ambonivohitra,MDG,26171.0,33299.0
8619.0,Ilakaka,MDG,28465.0,32430.0
1171.0,Ambovombe,MDG,28216.0,32150.0
3225.0,Tampontanana Fenoarivo,MDG,12640.0,31941.0
5734.0,Marovoay Ville,MDG,26851.0,30593.0
5645.0,Mandritsara,MDG,25971.0,29589.0
4044.0,Imeritsiatosika,MDG,25868.0,29475.0
1158.0,Ambato Ambarimay,MDG,22808.0,25988.0
1204.0,Andapa,MDG,22608.0,25761.0
1155.0,Ambalavao,MDG,22448.0,25577.0
8888.0,Vohémar,MDG,21571.0,24581.0
1240.0,Anstonihy,MDG,20732.0,23621.0
2066.0,Port-bergé,MDG,20547.0,23410.0
1851.0,Betafo,MDG,19372.0,22075.0
1756.0,Befandriana Nord,MDG,19354.0,22055.0
8816.0,Vangaindrano,MDG,18710.0,21317.0
7678.0,Sakaraha,MDG,17833.0,20319.0
1781.0,Belo Tsiribihina,MDG,17684.0,20151.0
5985.0,Miarinarivo,MDG,16880.0,19232.0
5499.0,Mahabo,MDG,16648.0,18968.0
5543.0,Maintirano,MDG,16562.0,18874.0
8818.0,Vavatenina,MDG,15904.0,18120.0
1285.0,Arivonimamo I,MDG,15894.0,18108.0
5637.0,Manaratsandry,MDG,15867.0,18078.0
5629.0,Mampikony I,MDG,15766.0,17967.0
5460.0,Maevatanana I,MDG,15172.0,17290.0
1198.0,Analavory,MDG,15056.0,17155.0
5663.0,Manitsy,MDG,14871.0,16944.0
8817.0,Vatomandry,MDG,13218.0,16586.0
8119.0,SIRAMA,MDG,14201.0,16180.0
1206.0,Andilamena,MDG,13323.0,15180.0
6245.0,Morombe,MDG,12505.0,14251.0
1166.0,Sainte Marie,MDG,11665.0,13290.0
1165.0,Amboasary Atsimo,MDG,11648.0,13274.0
5523.0,Mahanoro,MDG,11301.0,12878.0
5635.0,Mananara Avaratra,MDG,10952.0,12478.0
1236.0,Antanety II,MDG,11610.0,12370.0
1167.0,Ambohijanahary,MDG,10675.0,12164.0
1160.0,Ambatomilona,MDG,10488.0,11948.0
1237.0,Antanifotsy,MDG,10425.0,11880.0
5665.0,Manjankandriana,MDG,10165.0,11579.0
7375.0,Praia,CPV,148875.0,139603.0
6010.0,Mindelo,CPV,74742.0,68752.0
3147.0,Espargos,CPV,22196.0,21595.0
1345.0,Assomada,CPV,18100.0,20805.0
7364.0,Port Louis,MUS,620449.0,635064.0
3576.0,Goodlands,MUS,31978.0,81943.0
2350.0,Centre de Flacq,MUS,33287.0,53583.0
7365.0,Port-Mathurin,MUS,41942.0,43450.0
7545.0,Rose Belle,MUS,28059.0,40269.0
8612.0,Triolet,MUS,33054.0,33820.0
2034.0,Bon Accueil,MUS,24645.0,24690.0
5528.0,Mahebourg,MUS,23699.0,23649.0
7523.0,Riviere du Rempart,MUS,15094.0,19693.0
1555.0,Bambous,MUS,16509.0,17818.0
2397.0,Chemin Grenier,MUS,17139.0,17040.0
8243.0,Surinam,MUS,15087.0,14998.0
3605.0,Grand Bois,MUS,11595.0,11525.0
7522.0,Riviere des Anguilles,MUS,10709.0,10643.0
7341.0,Plaine Magnien,MUS,10638.0,10615.0
6247.0,Moroni,COM,128618.0,154544.0
6428.0,Mutsamudu,COM,47490.0,54297.0
8621.0,Tsembehou,COM,26192.0,29946.0
3259.0,Fomboni,COM,25460.0,29159.0
2844.0,Domoni,COM,24609.0,28136.0
7161.0,Ouani,COM,22397.0,25607.0
6135.0,Mitsamiouli,COM,16431.0,23984.0
7094.0,Ongodjou,COM,18052.0,20637.0
1741.0,Bazimini,COM,14677.0,18935.0
158.0,Adda Daoueni,COM,15133.0,17302.0
5285.0,Lingoni,COM,14404.0,16469.0
8102.0,Sima,COM,13439.0,15365.0
1578.0,Bandrani Mtsangani,COM,11594.0,13257.0
6275.0,Moya,COM,11389.0,13021.0
5863.0,Mbeni,COM,11285.0,12786.0
5331.0,Luanda,AGO,6979211.0,8310000.0
5336.0,Lubango,AGO,615770.0,721000.0
3835.0,Huambo,AGO,599937.0,716000.0
2312.0,Cabinda,AGO,569186.0,656000.0
1809.0,Benguela,AGO,569002.0,649000.0
5296.0,Lobito,AGO,510399.0,581000.0
8099.0,Silva Porto,AGO,71910.0,561000.0
5599.0,Malanje,AGO,469005.0,545000.0
7802.0,Saurimo,AGO,404471.0,455000.0
8715.0,Uige,AGO,330594.0,383000.0
5357.0,Luena,AGO,280517.0,310000.0
6532.0,Namibe,AGO,263210.0,310000.0
5948.0,Menongue,AGO,257457.0,300200.0
6723.0,Sumbe,AGO,210978.0,244000.0
7777.0,Soyo,AGO,205943.0,243000.0
2908.0,Dundo,AGO,182044.0,211000.0
6609.0,Ndalatando,AGO,165624.0,191000.0
5853.0,Mbanza Congo,AGO,153075.0,180700.0
7799.0,Sassalemba,AGO,82000.0,150000.0
2311.0,Caala,AGO,123000.0,147000.0
5348.0,Lucapa,AGO,113737.0,132000.0
3306.0,Gabela,AGO,109675.0,127000.0
2317.0,Cuango,AGO,150536.0,125000.0
2348.0,Cela,AGO,100437.0,116000.0
6649.0,Negage,AGO,95274.0,110000.0
7366.0,Porto Amboim,AGO,93895.0,109000.0
2513.0,Cubal,AGO,92626.0,104000.0
1208.0,Cambulo,AGO,85489.0,99000.0
1209.0,Andulo,AGO,14520.0,88000.0
1501.0,Bailundo,AGO,72243.0,86000.0
2327.0,Camacupa,AGO,11316.0,85000.0
5782.0,Matala,AGO,71750.0,84000.0
3359.0,Ganda,AGO,76705.0,72000.0
5334.0,Luau,AGO,56818.0,66000.0
7092.0,Ondjiva,AGO,124575.0,60000.0
8562.0,Tombua,AGO,47737.0,60000.0
8721.0,Uku-Seles,AGO,48607.0,56000.0
2345.0,Caxito,AGO,54983.0,55000.0
2325.0,Calulo,AGO,45896.0,53000.0
5705.0,Maquela do Zombo,AGO,44726.0,52000.0
2515.0,Kuimba,AGO,42925.0,50600.0
1497.0,Baia Farta,AGO,62241.0,49000.0
9031.0,Xangongo,AGO,38557.0,45000.0
1541.0,Balombo,AGO,37270.0,42000.0
2316.0,Cacuso,AGO,34000.0,41000.0
1980.0,Bocoio,AGO,36431.0,41000.0
2512.0,Cuango Luzamba,AGO,14350.0,41000.0
2346.0,Cazombo,AGO,35635.0,41000.0
6420.0,Mussende,AGO,34397.0,40000.0
4465.0,Caluquembe,AGO,32452.0,38000.0
8168.0,Songo,AGO,32167.0,37000.0
2846.0,Dondo,AGO,38950.0,36000.0
6927.0,Nzetu,AGO,29561.0,34000.0
2343.0,Katchiungo,AGO,27648.0,33000.0
7444.0,Quibala,AGO,27806.0,32000.0
1095.0,Alto Dondo,AGO,27309.0,31500.0
2839.0,Dombe Grande,AGO,74575.0,31000.0
7333.0,Ext. Pinheiro,AGO,10250.0,30000.0
7780.0,Sanza Pombo,AGO,25377.0,29000.0
7446.0,Quipungo,AGO,23589.0,27000.0
2319.0,Caimbambo,AGO,14908.0,26000.0
8722.0,Ukuma,AGO,22354.0,26000.0
2501.0,Conda,AGO,21792.0,25000.0
2326.0,Ambaca,AGO,22311.0,25000.0
6520.0,Namacunde/Oshikango [AGO],AGO,25625.0,24000.0
8560.0,Tomboco,AGO,20867.0,24000.0
5384.0,Lumbala-N'guimbo,AGO,20123.0,23500.0
3562.0,Golungo Alto,AGO,20492.0,23000.0
5212.0,Cacongo,AGO,19112.0,22000.0
1096.0,Alto Hama,AGO,18450.0,22000.0
5303.0,Longonjo,AGO,17425.0,20800.0
2344.0,Gama (south),AGO,51581.0,20000.0
2514.0,Cuchi,AGO,16553.0,19300.0
2331.0,Cangandala,AGO,16638.0,19000.0
2315.0,Caconda,AGO,16253.0,19000.0
5365.0,Londuimbale,AGO,16085.0,19000.0
1867.0,Bibala,AGO,11061.0,18000.0
5385.0,Cameia,AGO,14491.0,17000.0
6377.0,Mungo,AGO,22181.0,17000.0
2324.0,Calenga,AGO,14445.0,17000.0
2314.0,Cacolo,AGO,13835.0,16000.0
7445.0,Quilenda,AGO,14069.0,16000.0
2173.0,Bucau Zau,AGO,13547.0,15600.0
2328.0,Camanongue,AGO,13253.0,15500.0
2318.0,Cahama,AGO,13086.0,15400.0
2568.0,Damba,AGO,15538.0,15100.0
7352.0,Jamba,AGO,13053.0,15000.0
5347.0,Lucala,AGO,19908.0,15000.0
2413.0,Chibia,AGO,12527.0,14700.0
2436.0,Chipindo,AGO,12350.0,14500.0
2457.0,Chongoroi,AGO,12696.0,14000.0
2954.0,Ecunha,AGO,14347.0,14000.0
5815.0,Mavinga,AGO,11710.0,13700.0
3743.0,Harare,ZWE,2272905.0,2628093.0
2204.0,Bulawayo,ZWE,663804.0,640928.0
6425.0,Mutare,ZWE,153729.0,153087.0
5172.0,Kwekwe,ZWE,106927.0,115407.0
5778.0,Masvingo South,ZWE,92360.0,98571.0
6400.0,Murape,ZWE,49480.0,94233.0
5732.0,Marondera,ZWE,67296.0,92958.0
2432.0,Chinhoyi,ZWE,74679.0,89484.0
3693.0,Gweru ,ZWE,66767.0,77889.0
6848.0,Norton west,ZWE,59773.0,71149.0
2600.0,Dangamvura,ZWE,62599.0,70109.0
1909.0,Bindura,ZWE,46009.0,67590.0
4289.0,Kadoma,ZWE,100215.0,63863.0
2389.0,Chegutu,ZWE,55301.0,62438.0
1762.0,Beitbridge,ZWE,39696.0,54479.0
3691.0,Gweru (Old Camp/Ascot/Mambo/Daylesford),ZWE,57129.0,51684.0
2437.0,Chipinge,ZWE,26435.0,48251.0
4579.0,Karoi,ZWE,18236.0,47641.0
3558.0,Gokwe,ZWE,24702.0,40694.0
2440.0,Chiredzi,ZWE,32319.0,38005.0
7588.0,Rusape,ZWE,33046.0,36087.0
2904.0,Gumira,ZWE,45280.0,36011.0
6402.0,Murehwa Centre,ZWE,15581.0,35967.0
9199.0,Platinum Mine,ZWE,47300.0,33391.0
7488.0,Redcliff ,ZWE,31096.0,33273.0
8825.0,Victoria Falls,ZWE,36614.0,32313.0
6427.0,Mutoko Centre,ZWE,12998.0,31518.0
3539.0,Glendale,ZWE,14358.0,30627.0
6893.0,Nyahode,ZWE,18335.0,27636.0
3684.0,Gwanda,ZWE,19890.0,25443.0
3581.0,Chinyika ,ZWE,16616.0,23169.0
2205.0,Emganwini,ZWE,32681.0,22217.0
5885.0,Mbuyanehanda,ZWE,19695.0,22000.0
6445.0,Mvurwi,ZWE,11235.0,21847.0
4572.0,Kariba (east),ZWE,15054.0,20876.0
7920.0,Shamva,ZWE,12275.0,18807.0
2450.0,Chivhu,ZWE,12234.0,18575.0
6395.0,Murambinda,ZWE,14897.0,18262.0
2446.0,Chisumbanje,ZWE,19859.0,18000.0
5836.0,Mount Pleasant Heights,ZWE,14360.0,17607.0
6270.0,Mount Hampden,ZWE,12473.0,16293.0
3849.0,Hwange south,ZWE,40827.0,14725.0
3694.0,Senga,ZWE,12734.0,14217.0
1648.0,Banket,ZWE,11575.0,11889.0
3692.0,Lal Bagh,ZWE,15656.0,10488.0
1966.0,Blantyre,MWI,1057790.0,1136478.0
5275.0,Lilongwe,MWI,929918.0000000001,1028076.0
9177.0,Zomba,MWI,196440.0,277614.0
6785.0,Phalombe,MWI,90190.0,275554.0
6475.0,Mzuzu,MWI,235582.0,252944.0
5654.0,Mangochi,MWI,58824.0,85282.0
4622.0,Karungu,MWI,69474.0,81960.0
4581.0,Karonga,MWI,66954.0,78348.0
7701.0,Salima,MWI,73778.0,76409.0
7317.0,Nkhulambe,MWI,47607.0,73332.0
5349.0,Luchenza,MWI,55320.0,72975.0
1522.0,Balaka,MWI,61833.0,68289.0
5293.0,Liwonde,MWI,43030.0,58950.0
6802.0,Nkopola,MWI,51050.0,57294.0
5888.0,Mchinji,MWI,38667.0,41939.0
5383.0,Lumbadzi,MWI,40811.0,41922.0
2667.0,Dedza,MWI,37826.0,41716.0
6874.0,Ntcheu,MWI,33260.0,39967.0
6794.0,Nkhotakota,MWI,34707.0,39674.0
6473.0,Mzimba,MWI,30464.0,35743.0
6860.0,Nsanje,MWI,30679.0,35567.0
5612.0,Malindi,MWI,20126.0,34508.0
2448.0,Chitipa,MWI,30127.0,33694.0
6294.0,Mponela,MWI,27209.0,32580.0
6580.0,Namnja,MWI,22722.0,32183.0
1591.0,Bangula,MWI,30830.0,31183.0
6455.0,Mwanza,MWI,27086.0,29812.0
8481.0,Ruo/Muloza,MWI,18391.0,29510.0
8198.0,Mabuka 2,MWI,23443.0,28075.0
6297.0,Mposa,MWI,11697.0,27745.0
2424.0,Chikwawa,MWI,22475.0,26898.0
6357.0,Mulanje,MWI,23796.0,26506.0
7504.0,Rhumpi,MWI,22619.0,25229.0
5473.0,Maganga,MWI,22053.0,25128.0
6792.0,Nkhata bay,MWI,14172.0,24839.0
8727.0,Uliwa,MWI,21538.0,24585.0
7867.0,Senga,MWI,22259.0,23913.0
6875.0,Ntchisi,MWI,18285.0,23741.0
8485.0,Thyolo,MWI,22161.0,23562.0
2924.0,Dwangwa,MWI,17820.0,21083.0
6603.0,Nchalo,MWI,15918.0,20503.0
6804.0,Kamwendo,MWI,16350.0,19041.0
3013.0,Ekwendeni,MWI,12012.0,18645.0
6137.0,Mitundu,MWI,15647.0,17968.0
6662.0,Neno 2,MWI,15478.0,17949.0
2434.0,Chintheche,MWI,16058.0,17834.0
5457.0,Madisi,MWI,14430.0,16424.0
5288.0,Lirangwe,MWI,10880.0,16143.0
6682.0,Neno 1,MWI,14184.0,15306.0
4290.0,Mlolo south,MWI,14002.0,14830.0
6468.0,Mabuka 3,MWI,11714.0,14470.0
6612.0,Makoko,MWI,12984.0,14467.0
6144.0,Mkanda,MWI,10198.0,14026.0
6292.0,Mponda,MWI,10319.0,13078.0
2225.0,Bunda,MWI,10718.0,11650.0
6683.0,Ngabu 1,MWI,14728.0,11510.0
2935.0,Dzoole,MWI,10691.0,11206.0
5572.0,Chimombo 2,MWI,10086.0,11101.0
2478.0,Maputo,MOZ,2607026.0,2651417.0
2484.0,Nampula,MOZ,422998.0,796050.0
2465.0,Cidade da Beira,MOZ,509420.99999999994,711851.0
2468.0,Chimoio,MOZ,328872.0,390670.0
2483.0,Nacala Porto,MOZ,180457.0,264498.0
2486.0,Quelimane,MOZ,220129.0,240627.0
2485.0,Pemba,MOZ,109729.0,240238.0
2476.0,Lichinga,MOZ,154035.0,209682.0
2488.0,Tete,MOZ,163323.0,200142.0
2490.0,Xai-Xai,MOZ,180839.0,192698.0
2480.0,Maxixe,MOZ,124675.0,190227.0
2481.0,Mocuba,MOZ,52520.0,163948.0
2489.0,Tete (west),MOZ,83564.0,145961.0
6385.0,Milange,MOZ,66141.0,144943.0
2482.0,Montepuez,MOZ,96851.0,125694.0
6379.0,Bilene Macia,MOZ,35594.0,104787.0
2469.0,Cuamba,MOZ,83904.0,104603.0
2475.0,Cidade de Inhambane ,MOZ,52034.0,87175.0
6382.0,Vila de Manhica,MOZ,78891.0,85697.0
8866.0,Vila de Namialo,MOZ,61694.0,80568.0
6383.0,Vila de Massinga,MOZ,54831.0,79961.0
2467.0,Cidade de Chibuto,MOZ,66926.0,75687.0
2477.0,Cidade de Manica,MOZ,51733.0,74686.0
2454.0,Vila de Chokwe,MOZ,65817.0,72015.0
6386.0,Vila de Moatize,MOZ,52679.0,68486.0
8850.0,Vila de Marromeu,MOZ,43353.0,68075.0
6380.0,Vila de Catandica,MOZ,28284.0,67259.0
8855.0,Vila de Mocimboa da Praia,MOZ,50214.0,67114.0
2471.0,Cidade de gurué,MOZ,54217.0,65844.0
6664.0,Nerrir-Mutonga,MOZ,50051.0,62438.0
6391.0,Cidade de Vilankulo,MOZ,52053.0,61298.0
8829.0,Vila de Alto Molocue,MOZ,44729.0,61027.0
2466.0,Angoche,MOZ,59407.0,60384.0
8835.0,Vila de Gondola,MOZ,38605.0,60328.0
6387.0,Mepera,MOZ,17465.0,59341.0
2336.0,Carapira,MOZ,16581.0,56337.0
2961.0,Eduardo Mondlane ,MOZ,46459.0,55617.0
8832.0,Vila de Caia,MOZ,48876.0,53475.0
8857.0,Vila de Morrumbala,MOZ,25650.0,52591.0
8867.0,Vila de Nhamatanda,MOZ,35171.0,52352.0
8834.0,Vila de Chiure,MOZ,37371.0,52198.0
6390.0,Vila de Ulongoe,MOZ,20107.0,49212.0
8859.0,Vila de Mueda,MOZ,39460.0,48581.0
6668.0,Alua,MOZ,21376.0,47301.0
8837.0,Tambarara,MOZ,11000.0,45833.0
8863.0,Vila de Namacurra,MOZ,18599.0,43477.0
8865.0,Vila de Nametil,MOZ,30356.0,43369.0
8838.0,Vila de Homoine,MOZ,20190.0,41690.0
8864.0,Vila de Namapa,MOZ,30615.0,41582.0
2412.0,Thlatlhene Sede,MOZ,27717.0,41299.0
8851.0,Vila de Marrupa,MOZ,17424.0,40094.0
8858.0,Bie ,MOZ,12986.0,39973.0
2474.0,Cidade de ilha de moçambique (lumbo),MOZ,22516.0,38747.0
6359.0,Vila de Maganja da Costa,MOZ,19758.0,36574.0
8856.0,Vila de Moma,MOZ,26767.0,36399.0
8848.0,Vila de Mandimba,MOZ,23349.0,35898.0
8847.0,Vila de Malema,MOZ,21768.0,34844.0
3673.0,Guro sede,MOZ,27205.0,34645.0
6449.0,Maguiguane,MOZ,27635.0,34476.0
6346.0,Muindji,MOZ,22757.0,33963.0
6381.0,Vila de Mandlakazi,MOZ,12524.0,33478.0
8862.0,Vila de Nacala A Velha,MOZ,24782.0,31807.0
7270.0,Palma sede,MOZ,19297.0,31553.0
8874.0,Vila de Mossuril,MOZ,24428.0,30925.0
8841.0,Vila de Inharrime,MOZ,15205.0,30233.0
9039.0,Yacub Ossumane,MOZ,26463.0,29754.0
6731.0,Nhamizara,MOZ,16058.0,29213.0
8853.0,Vila de Messica,MOZ,19406.0,28496.0
6322.0,Muzingane,MOZ,27379.0,28198.0
1524.0,Marimba,MOZ,23538.0,26473.0
2340.0,Caroa,MOZ,26828.0,26187.0
2420.0,Chicumbane,MOZ,22932.0,25923.0
8871.0,Vila de Songo,MOZ,20392.0,25537.0
7470.0,Namiraua A,MOZ,11697.0,25404.0
8860.0,Bairro Rovuma 1/2,MOZ,16555.0,25329.0
8868.0,Vila de Pebane,MOZ,25907.0,25152.0
6549.0,Nantide,MOZ,18606.0,24645.0
2335.0,Carangache,MOZ,13972.0,24410.0
6553.0,Napuco,MOZ,19927.0,24312.0
8869.0,Vila de Quissico,MOZ,25269.0,24112.0
6405.0,Murrua,MOZ,13922.0,24060.0
3297.0,Furquia,MOZ,12154.0,24041.0
8815.0,Verde,MOZ,16973.0,24035.0
6888.0,Nulone,MOZ,10319.0,23347.0
8842.0,Vila de Inhassoro,MOZ,15413.0,23102.0
8839.0,Vila de Iapala,MOZ,20517.0,22733.0
3290.0,Funganha,MOZ,10758.0,22497.0
5868.0,Mbiluane,MOZ,18233.0,21664.0
6487.0,Nacare,MOZ,15274.0,21597.0
5998.0,Mieze sede,MOZ,14953.0,21469.0
8840.0,Vila de Inhaminga,MOZ,19962.0,21328.0
8843.0,Vila de Insaca,MOZ,12148.0,20946.0
6752.0,Nicurupo,MOZ,16651.0,20624.0
8854.0,Vila de Moamba,MOZ,14477.0,20589.0
8563.0,Tombua,MOZ,12724.0,20351.0
8872.0,Vila de Xinavane,MOZ,17346.0,20285.0
3504.0,Napula,MOZ,17579.0,20281.0
6389.0,Vila de Ribaue,MOZ,16367.0,20272.0
8845.0,Vila de Macomia,MOZ,14818.0,19885.0
5738.0,Marriebe,MOZ,13827.0,19824.0
8844.0,Vila de Machipanda,MOZ,19299.0,19336.0
5646.0,Maneia,MOZ,15927.0,19326.0
6543.0,Nancuenhe,MOZ,16838.0,19088.0
3511.0,Ginama,MOZ,12121.0,19035.0
5485.0,Magige sede,MOZ,14097.0,18796.0
2487.0,Bairro Icidua,MOZ,14599.0,17681.0
8846.0,Vila de Magude,MOZ,16356.0,17362.0
8364.0,3 de Fevereiro ,MOZ,10437.0,17112.0
2371.0,Chapala,MOZ,16467.0,17047.0
7713.0,Sambane,MOZ,13396.0,16994.0
9033.0,Hokwe,MOZ,15707.0,16766.0
2499.0,Comone,MOZ,14883.0,16239.0
3620.0,Guarneia,MOZ,12872.0,15835.0
2479.0,Chamissava,MOZ,11295.0,15466.0
6544.0,Ndenganamane,MOZ,10175.0,15270.0
8833.0,Faina,MOZ,11366.0,15011.0
6666.0,Netia,MOZ,12939.0,14722.0
6771.0,Nivale,MOZ,13617.0,14688.0
8861.0,Vila de Mutuali,MOZ,10328.0,14683.0
2511.0,Cuacua,MOZ,14212.0,14529.0
6320.0,Muambula,MOZ,11715.0,14370.0
3296.0,Furancungo-Sede,MOZ,11689.0,13852.0
5702.0,Mao Tse Tung,MOZ,11499.0,13633.0
6388.0,Vila de Namaacha,MOZ,13766.0,13555.0
6241.0,Morimone,MOZ,13290.0,13521.0
6430.0,Mutubua,MOZ,13882.0,13483.0
8870.0,Vila de Ressano Garcia,MOZ,10539.0,13278.0
6384.0,Vila de Metangula,MOZ,10885.0,13196.0
5674.0,Manono,MOZ,10678.0,13186.0
2395.0,Chave,MOZ,10034.0,13120.0
5996.0,Miengueleue,MOZ,10955.0,12708.0
5974.0,Metuchira,MOZ,11239.0,12221.0
6485.0,Nabula,MOZ,11056.0,12070.0
6371.0,Mundinwe,MOZ,12575.0,11987.0
5659.0,Manhaca,MOZ,10273.0,11712.0
4940.0,Koca Missava,MOZ,11131.0,11486.0
2445.0,Chissano sede,MOZ,10335.0,11270.0
8224.0,Sulemane,MOZ,11799.0,11248.0
6732.0,Nhassacara,MOZ,10140.0,11008.0
8831.0,Vila de Buzi,MOZ,10244.0,10806.0
7154.0,OUA,MOZ,15175.0,10248.0
3310.0,Gaborone,BWA,336587.00000000006,358811.0
3278.0,Francistown,BWA,99027.0,102551.0
5814.0,Maun,BWA,66660.0,79593.0
6207.0,Molepolole,BWA,71138.0,73032.0
6177.0,Mochudi,BWA,58121.0,62287.0
7875.0,Serowe,BWA,54104.0,54714.0
8542.0,Tlokweng,BWA,40740.0,51191.0
7268.0,Palapye,BWA,40874.0,49275.0
4527.0,Kanye,BWA,46825.0,47831.0
5503.0,Mahalapye,BWA,45146.0,47404.0
7853.0,Selibe Phikwe,BWA,47294.0,43730.0
5266.0,Letlhakane,BWA,25459.0,33275.0
7467.0,Ramotswa,BWA,31405.0,32399.0
5295.0,Lobatse,BWA,28515.0,29624.0
8571.0,Tonota,BWA,26340.0,26513.0
8465.0,Thamaga,BWA,22804.0,24517.0
6253.0,Moshupa,BWA,21301.0,23072.0
1976.0,Bobonong,BWA,19520.0,20854.0
4239.0,Jwaneng,BWA,18016.0,18633.0
8690.0,Tutume,BWA,17530.0,18376.0
3483.0,Ghanzi,BWA,16422.0,18126.0
2067.0,Tlhalogang,BWA,11462.0,13326.0
6164.0,Mmadinare,BWA,12714.0,12978.0
4991.0,Kopong,BWA,10435.0,12814.0
9001.0,Windhoek,NAM,357256.0,466165.0
7126.0,Oshakati,NAM,62231.0,78000.0
8247.0,Swakopmund,NAM,50203.0,75106.0
7581.0,Rundu,NAM,71321.0,71321.0
7091.0,Odangua,NAM,25785.0,48000.0
8936.0,Walvis Bay,NAM,68605.0,46906.0
7142.0,Otjiwarongo,NAM,30863.0,39517.0
7496.0,rehoboth,NAM,31024.0,39441.0
4647.0,Katima Mulilo,NAM,30768.0,36516.0
7018.0,Okanhandja,NAM,25087.0,31295.0
4690.0,Keetmanshoop,NAM,22544.0,27193.0
3546.0,Gobabis,NAM,20948.0,26871.0
8650.0,Tsumeb,NAM,20489.0,26277.0
3792.0,Oshikango ,NAM,30544.0,21000.0
3618.0,Grootfontein,NAM,17440.0,18371.0
5352.0,Luderitz,NAM,12659.0,12758.0
4220.0,Johannesburg,ZAF,8314220.0,9100908.0
2333.0,Cape Town,ZAF,3661684.0,4054604.0
2915.0,Durban,ZAF,3088935.0,3374423.0
8177.0,Soshanguve,ZAF,1293433.0,1736003.0
3165.0,Evaton,ZAF,784481.0,995130.0
7356.0,Port Elizabeth,ZAF,788204.0,899172.0
7327.0,Pietermaritzburg,ZAF,612948.0,703205.0
2896.0,Duduza,ZAF,464536.0,483597.0
1970.0,Bloemfontein,ZAF,445726.0,438670.0
8814.0,Vanderbijlpark,ZAF,235630.0,415452.0
6677.0,Newcastle,ZAF,309962.0,345384.0
5875.0,Mbombela,ZAF,314295.0,323510.0
7323.0,Phuthaditjhaba,ZAF,233621.0,276353.0
7801.0,Saulsville,ZAF,213229.0,271398.0
5468.0,Mafikeng,ZAF,226695.0,251333.0
2938.0,East London,ZAF,210781.0,243132.0
7589.0,Rustenburg,ZAF,214791.0,242991.0
7254.0,Paarl,ZAF,207040.0,232448.0
8760.0,Umtata,ZAF,140556.0,230446.0
9006.0,Witbank,ZAF,187049.0,215016.0
4836.0,Kimberley,ZAF,218579.0,211749.0
4400.0,Kagiso,ZAF,178967.0,204360.0
8478.0,Thohoyandou,ZAF,177382.0,195432.0
8980.0,Welkom,ZAF,169874.0,194639.0
3162.0,Etwatwa,ZAF,181820.0,186566.0
3467.0,George,ZAF,171961.0,179903.0
8468.0,Thembisile,ZAF,136792.0,178990.0
7328.0,Pietersburg,ZAF,147268.0,176501.0
5889.0,Mdantsane,ZAF,148658.0,165651.0
3092.0,Embalenhle A,ZAF,73458.0,163655.0
6261.0,Motherwell,ZAF,139195.0,159793.0
7369.0,Potchefstroom,ZAF,124791.0,158480.0
3099.0,Empumalanga,ZAF,140472.0,152132.0
7311.0,Phalaborwa 1,ZAF,82196.0,143341.0
5254.0,Lenasia,ZAF,130057.0,142826.0
4227.0,Jouberton,ZAF,120548.0,140326.0
6192.0,Randfontein,ZAF,63291.0,139777.0
5151.0,KwaGuqa/Hlalanikahle/Vosman,ZAF,105030.0,133730.0
3144.0,Esikhawini,ZAF,112668.0,130230.0
5992.0,Middelburg East,ZAF,96496.0,129367.0
7370.0,Potgietersrus Central,ZAF,110979.0,126588.0
8205.0,Stanger,ZAF,65535.0,124014.0
3814.0,Hlabisa,ZAF,161534.0,123148.0
5456.0,Madiseng,ZAF,101192.0,121827.0
6656.0,Nelspruit,ZAF,118284.0,121632.0
2001.0,Bohlabela,ZAF,120264.0,119900.0
8716.0,Uitenhage,ZAF,98105.0,111482.0
2264.0,Bushbuckridge,ZAF,111433.0,110937.0
6178.0,Modjadji,ZAF,101159.0,110743.0
7879.0,Seshego,ZAF,92481.0,105753.0
2079.0,Botshabelo East,ZAF,102374.0,100008.0
1650.0,Bankuna 1,ZAF,79602.0,95309.0
8208.0,Stellenbosch,ZAF,85403.0,95083.0
6313.0,Duku,ZAF,131994.0,94521.0
2858.0,Doornpoort,ZAF,72843.0,91869.0
6238.0,Moretele,ZAF,82428.0,89971.0
7329.0,Pietersburg West,ZAF,76051.0,89691.0
8029.0,Siboshwa,ZAF,85692.0,88148.0
8781.0,Upington,ZAF,69256.0,84114.0
7381.0,The Orchards,ZAF,74051.0,82350.0
4497.0,Kanana 1,ZAF,78692.0,81184.0
9015.0,Worcester ,ZAF,75389.0,80093.0
1855.0,Bethlehem,ZAF,67314.0,79379.0
5991.0,Middelburg ,ZAF,55284.0,78995.0
4118.0,Isithebe,ZAF,66098.0,78478.0
1718.0,Batlharo,ZAF,68073.0,78355.0
2080.0,Botshabelo North,ZAF,79365.0,77531.0
1364.0,Atlantis,ZAF,74690.0,77473.0
5055.0,Kroonstad,ZAF,81336.0,77003.0
5250.0,Lekwa,ZAF,69999.0,76111.0
2925.0,Dwarsloop,ZAF,74619.0,76011.0
3133.0,Ermelo Central,ZAF,65722.0,74204.0
6542.0,Nancefield,ZAF,39599.0,73252.0
8640.0,Tshivhase 1,ZAF,65479.0,71562.0
4140.0,Itsoseng,ZAF,63812.0,70046.0
8204.0,Stanger South,ZAF,57681.0,69490.0
2216.0,Bultfontein,ZAF,70096.0,68476.0
5141.0,Kutlwanong,ZAF,58623.0,68467.0
7503.0,Rhini,ZAF,66223.0,67255.0
6256.0,Mossel Bay,ZAF,65869.0,66960.0
7360.0,Port Shepstone,ZAF,54753.0,66613.0
6208.0,Moletji,ZAF,57758.0,66048.0
4954.0,Kokstad,ZAF,33785.0,65779.0
7443.0,Queenstown,ZAF,58068.0,65443.0
3815.0,Hlahlindlela,ZAF,52057.0,65005.0
3172.0,Ezakheni,ZAF,58325.0,64909.0
7166.0,Oudtshoorn,ZAF,64638.0,64569.0
8641.0,Tshivhase 2,ZAF,58237.0,64166.0
4852.0,King Williams Town,ZAF,57382.0,63831.0
5162.0,Kwanobuhle South,ZAF,55606.0,63187.0
1651.0,Bankuna 2,ZAF,56041.0,62750.0
6863.0,Nseleni,ZAF,52770.0,61286.0
5149.0,Kwaggafontein,ZAF,56717.0,60680.0
5890.0,Mdantsane West,ZAF,45718.0,59996.0
7420.0,Qaukeni,ZAF,51798.0,58923.0
8642.0,Tshivhase 3,ZAF,51942.0,56831.0
5163.0,Kwanobuhle,ZAF,49968.0,56781.0
4936.0,Knysna,ZAF,54035.0,56774.0
2228.0,Chavani,ZAF,32046.0,56768.0
1662.0,Bapo Ba Ga Mogale,ZAF,50594.0,56518.0
6286.0,Mphaphuli,ZAF,35357.0,55910.0
7192.0,Brits,ZAF,32423.0,55515.0
5872.0,Mbizana,ZAF,44625.0,54214.0
1772.0,Belabela,ZAF,44940.0,53581.0
5931.0,Meloding,ZAF,48059.0,53422.0
5804.0,Matsulu,ZAF,51638.0,53163.0
5641.0,Mandela Village,ZAF,37420.0,53015.0
8133.0,Siyabuswa,ZAF,53540.0,52953.0
1768.0,Bekkersdal,ZAF,56100.0,52900.0
5598.0,Dinga,ZAF,27095.0,52304.0
4760.0,Khuma,ZAF,49586.0,52108.0
5957.0,Meriting,ZAF,45787.0,51800.0
3103.0,eMzinoni,ZAF,43557.0,51791.0
4762.0,Khutsong,ZAF,54264.0,50926.0
8441.0,Tembe,ZAF,43764.0,50429.0
6729.0,Ngwelezane,ZAF,43664.0,50071.0
8566.0,Tongaat,ZAF,43944.0,50047.0
1860.0,Bhekuzulu,ZAF,39351.0,49137.0
7480.0,Ratanda,ZAF,41681.0,48722.0
8999.0,White River Central,ZAF,46703.0,48026.0
1675.0,Barberton ,ZAF,46942.0,47755.0
8893.0,Vredenburg,ZAF,43375.0,47618.0
5255.0,Lennoxton,ZAF,21343.0,46858.0
3143.0,eSibongile,ZAF,36612.0,46312.0
3532.0,Giyani,ZAF,42342.0,46096.0
7813.0,Schoemansdal,ZAF,44739.0,46021.0
8269.0,Tafelkop,ZAF,38387.0,45595.0
2002.0,Boikhutso,ZAF,20362.0,45351.0
2288.0,Butterworth,ZAF,25035.0,45297.0
4931.0,Klerksdorp,ZAF,42209.0,45262.0
6672.0,Kwanokuthula,ZAF,21930.0,44837.0
2898.0,Dukathole,ZAF,35392.0,44422.0
3799.0,Hermanus,ZAF,38107.0,44389.0
6251.0,Moruleng,ZAF,44205.0,44220.0
3338.0,Gamalakhe 2,ZAF,53921.0,44152.0
6296.0,Mpophomeni,ZAF,36217.0,44095.0
8896.0,Vryburg ,ZAF,41566.0,44056.0
3758.0,Hartebeesfontein,ZAF,38796.0,43890.0
4073.0,Ipelegeng,ZAF,41313.0,42614.0
6606.0,Ncotshane,ZAF,33851.0,42007.0
3342.0,Ga-Masha,ZAF,33168.0,41686.0
7824.0,Secunda,ZAF,34417.0,40922.0
3152.0,Estcourt ,ZAF,21115.0,39871.0
5057.0,Kruisfontein,ZAF,34570.0,39776.0
2003.0,Boitekong,ZAF,34895.0,39477.0
5283.0,Lingelihle,ZAF,29272.0,39121.0
6193.0,Mohlaletsi,ZAF,34186.0,39029.0
6285.0,Mphakane,ZAF,33276.0,38849.0
3159.0,Ethandakukhanya,ZAF,34426.0,38597.0
1540.0,Ballito,ZAF,11812.0,38544.0
7380.0,Pretoria West,ZAF,34217.0,38092.0
2718.0,Diazville,ZAF,34477.0,38030.0
9180.0,Zonkizizwe,ZAF,37020.0,37986.0
8900.0,Vuxuzithathe,ZAF,32062.0,37658.0
2930.0,Dzanani,ZAF,34419.0,37345.0
1744.0,Beaufort West,ZAF,36972.0,37223.0
3449.0,Gcumisa,ZAF,33366.0,36919.0
7368.0,Postmasburg ,ZAF,34084.0,36909.0
8983.0,Wembezi,ZAF,22933.0,36881.0
8737.0,Umbumbulu,ZAF,42460.0,36728.0
6735.0,Nhlazatshe,ZAF,35377.0,36120.0
4757.0,Khotsong,ZAF,35682.0,35887.0
5569.0,Makhado 2,ZAF,32837.0,35628.0
5239.0,Lebogang,ZAF,29786.0,35417.0
8212.0,Strandfontein,ZAF,34102.0,35373.0
5953.0,Meqheleng,ZAF,31339.0,35289.0
3339.0,Ga-Mampuru,ZAF,28068.0,35278.0
7814.0,Schoonoord,ZAF,32966.0,34643.0
5418.0,Mabedlane,ZAF,31554.0,34172.0
4060.0,Inchanga,ZAF,31541.0,34157.0
7320.0,Phomolong 1,ZAF,30679.0,34144.0
8646.0,Tsikelo,ZAF,27815.0,33795.0
5192.0,Ladysmith Central,ZAF,30314.0,33735.0
5876.0,Mbonambi,ZAF,27985.0,33371.0
2757.0,Dinokana,ZAF,31584.0,33317.0
2342.0,Casteel,ZAF,33399.0,33251.0
6305.0,Msasandla,ZAF,28523.0,32968.0
1227.0,Annieville,ZAF,21311.0,32838.0
8671.0,Tumahole,ZAF,33788.0,32738.0
2081.0,Botshabelo West,ZAF,33382.0,32611.0
5459.0,Madombidzha,ZAF,29866.0,32402.0
8964.0,Watersmeet,ZAF,29093.0,32377.0
3833.0,Hout Bay,ZAF,31108.0,32268.0
6620.0,Ndevana,ZAF,28877.0,32121.0
7546.0,Rosendal,ZAF,11848.0,31815.0
6930.0,Nzimakwe,ZAF,26148.0,31812.0
3178.0,Ezibeleni,ZAF,28190.0,31770.0
7507.0,Richards Bay Central,ZAF,27341.0,31605.0
2991.0,Ekangala 2,ZAF,28304.0,31478.0
2747.0,Dimbaza,ZAF,26570.0,31475.0
2349.0,Cele,ZAF,25365.0,31382.0
6644.0,Ndwedwe,ZAF,29177.0,31344.0
6168.0,Mnamfu,ZAF,29398.0,31237.0
2076.0,Botleng 1,ZAF,28114.0,31188.0
2004.0,Bloemhof,ZAF,23980.0,30145.0
7531.0,Robertson,ZAF,27828.0,30128.0
5169.0,KwaZamokuhle,ZAF,24715.0,30087.0
5616.0,Wesbank,ZAF,42948.0,30000.0
6284.0,Mphahlele,ZAF,29085.0,29853.0
3723.0,Ha-Madodonga,ZAF,23394.0,29630.0
6657.0,Nelspruit Central,ZAF,28813.0,29627.0
9147.0,Zebediela,ZAF,28448.0,29198.0
8899.0,Vumindaba,ZAF,25172.0,29191.0
7332.0,Pineview,ZAF,26670.0,29054.0
4192.0,Jeffreys Bay,ZAF,24773.0,28504.0
7844.0,Sekhutlong,ZAF,26555.0,27906.0
8821.0,Ventersdorp,ZAF,24436.0,27830.0
7318.0,Phokwane,ZAF,26422.0,27765.0
7541.0,Roodepan,ZAF,25242.0,27669.0
6210.0,Moloto,ZAF,25677.0,27470.0
9200.0,Zwaneville,ZAF,26395.0,27344.0
9171.0,Zithobeni,ZAF,24321.0,27048.0
2033.0,Bomvu,ZAF,23281.0,26989.0
2885.0,Driekoppies,ZAF,26175.0,26925.0
8202.0,Nondabuya,ZAF,16656.0,26746.0
1676.0,Barcelona,ZAF,24832.0,26617.0
3231.0,Fernie,ZAF,25514.0,26512.0
6181.0,Mogalakwena,ZAF,19200.0,26354.0
3337.0,Ga-Luka,ZAF,23207.0,26254.0
6736.0,Nhlophenkulu,ZAF,13374.0,26174.0
3279.0,Freedom Park,ZAF,23079.0,26108.0
6784.0,Nkampini,ZAF,21414.0,26054.0
7510.0,Azaadville,ZAF,15114.0,25849.0
2077.0,Botleng 2,ZAF,23240.0,25730.0
2894.0,Dube,ZAF,22239.0,25706.0
4498.0,Kanana 2,ZAF,22684.0,25662.0
5803.0,Matsamo,ZAF,24929.0,25644.0
5351.0,Luckau,ZAF,23241.0,25609.0
7276.0,Pampierstad,ZAF,28204.0,25522.0
3834.0,Howick,ZAF,21549.0,25498.0
2814.0,Dlamini,ZAF,21431.0,25458.0
2992.0,Ekangala 1,ZAF,22855.0,25417.0
3600.0,Graaff Reinet,ZAF,34017.0,25367.0
7316.0,Phiritona,ZAF,26025.0,25216.0
4966.0,Koloti,ZAF,21981.0,25138.0
8651.0,Tswelelang,ZAF,26755.0,25096.0
7625.0,Sada,ZAF,22207.0,25028.0
6815.0,Nkwenkwezi,ZAF,24442.0,24956.0
5619.0,Malubelube,ZAF,20026.0,24899.0
5487.0,Magoboya,ZAF,22136.0,24786.0
6262.0,Motle,ZAF,24288.0,24739.0
3091.0,eMangweni,ZAF,23860.0,24644.0
6260.0,Moteti,ZAF,22426.0,24633.0
3326.0,Ga-Kgoete,ZAF,19570.0,24596.0
1703.0,Basoto,ZAF,22219.0,24489.0
5763.0,Masilo,ZAF,22154.0,24216.0
8398.0,Taung,ZAF,26712.0,24143.0
7466.0,Rammulutsi,ZAF,25475.0,24118.0
3117.0,Entabeni,ZAF,23180.0,24040.0
6442.0,Mvelani,ZAF,23175.0,24005.0
9012.0,Wonderkop,ZAF,21526.0,23873.0
7322.0,Phukukane,ZAF,21588.0,23807.0
5570.0,Makhado 1,ZAF,21912.0,23772.0
5445.0,Madibogo,ZAF,24560.0,23760.0
3340.0,Ga-Marishane,ZAF,10042.0,23696.0
4468.0,Ka-Majosi,ZAF,13741.0,23439.0
8738.0,uMlalazi,ZAF,20226.0,23377.0
2883.0,Driefontein,ZAF,20804.0,23324.0
7491.0,Refengkgotso,ZAF,21085.0,22969.0
7492.0,Refilwe,ZAF,20489.0,22786.0
3355.0,Ga-Moloi,ZAF,21415.0,22504.0
5281.0,Lindelani Village,ZAF,21702.0,22270.0
8135.0,Siyathemba,ZAF,20166.0,22093.0
6194.0,Mohodi ga Manthata,ZAF,21803.0,22078.0
1150.0,Amashangana,ZAF,36800.0,21993.0
8140.0,Smersha Block,ZAF,19137.0,21751.0
2338.0,Carletonville ,ZAF,23101.0,21679.0
5053.0,Kriel,ZAF,18784.0,21592.0
3090.0,Emalangeni,ZAF,17431.0,21566.0
3642.0,Gugulethu,ZAF,20999.0,21545.0
2909.0,Dundonald,ZAF,21086.0,21528.0
8249.0,Swellendam,ZAF,18794.0,21415.0
5240.0,Lebowakgomo,ZAF,19106.0,21350.0
3612.0,Greytown,ZAF,18414.0,21348.0
8823.0,Mkobola 1,ZAF,19644.0,21339.0
5720.0,Margate,ZAF,20382.0,21282.0
6521.0,Frankfort,ZAF,19509.0,21168.0
3174.0,Ezakheni E,ZAF,16016.0,20969.0
5759.0,Mashishing,ZAF,20898.0,20864.0
4048.0,Imizizi,ZAF,16835.0,20453.0
7361.0,Port St Johns,ZAF,18343.0,20383.0
2699.0,Despatch Central,ZAF,17878.0,20315.0
4.0,42nd Hill,ZAF,17893.0,20312.0
8464.0,Thabazimbi,ZAF,17858.0,20297.0
7850.0,Selcourt,ZAF,19697.0,20210.0
6227.0,Monyakeng,ZAF,20024.0,20136.0
7321.0,Phomolong 2,ZAF,18041.0,20054.0
1778.0,Bella Vista,ZAF,17973.0,20020.0
4004.0,Ikutseng,ZAF,21078.0,20009.0
7485.0,Reagile,ZAF,16791.0,19980.0
5244.0,Leeufontein,ZAF,18953.0,19874.0
7889.0,Shabalala,ZAF,19278.0,19872.0
2368.0,Chaneng,ZAF,17506.0,19805.0
5689.0,Manthata,ZAF,20303.0,19753.0
6680.0,Newtown,ZAF,16193.0,19712.0
1136.0,Amadiba,ZAF,16188.0,19667.0
5241.0,Ledig,ZAF,19647.0,19653.0
8624.0,Tshamahansi,ZAF,17413.0,19599.0
5575.0,Makonde,ZAF,17664.0,19461.0
5784.0,Mataleng,ZAF,20385.0,19449.0
9203.0,Zweletemba,ZAF,18166.0,19299.0
3114.0,Engonyameni,ZAF,18209.0,19209.0
5811.0,Matwabeng,ZAF,16985.0,19128.0
6472.0,Mzamonhle,ZAF,16979.0,18887.0
2533.0,Daggakraal,ZAF,18099.0,18807.0
2159.0,Bredasdorp ,ZAF,17293.0,18806.0
7819.0,Sebayeng,ZAF,16394.0,18747.0
3400.0,Mosate,ZAF,15256.0,18731.0
7111.0,Orange Grove,ZAF,15324.0,18696.0
4645.0,Kathu,ZAF,14166.0,18650.0
7315.0,Phathakahle,ZAF,16742.0,18611.0
7312.0,Phalaborwa 2,ZAF,15662.0,18580.0
5727.0,Marijane,ZAF,18655.0,18572.0
7547.0,Rosenhof,ZAF,16037.0,18522.0
7310.0,Phahameng,ZAF,17882.0,18515.0
5561.0,Makapanstad,ZAF,18131.0,18468.0
8776.0,Umzinto,ZAF,15524.0,18320.0
8801.0,Utlwanang,ZAF,17815.0,18146.0
3098.0,Empangeni,ZAF,15419.0,18146.0
1946.0,Bisho,ZAF,16257.0,18084.0
5145.0,Kuyasa,ZAF,16407.0,18063.0
6881.0,Ntwane,ZAF,16311.0,17987.0
8467.0,Thembalihle,ZAF,15973.0,17912.0
8209.0,Stilfontein,ZAF,16976.0,17839.0
7309.0,Petsana,ZAF,16840.0,17607.0
6796.0,Nkobongo,ZAF,14288.0,17595.0
5623.0,Maluti a Phofung,ZAF,15488.0,17585.0
8479.0,Thokoza,ZAF,12165.0,17539.0
5170.0,KwaZanele,ZAF,15454.0,17448.0
941.0,Alra Park,ZAF,16873.0,17382.0
1861.0,Bhofolo,ZAF,15286.0,17369.0
5694.0,Manyatseng,ZAF,15372.0,17366.0
5326.0,Louis Trichardt,ZAF,15991.0,17350.0
7115.0,Orkney Central,ZAF,16497.0,17336.0
8643.0,Tshivhase 4,ZAF,15659.0,17251.0
7391.0,Qalabotjha,ZAF,17335.0,17135.0
5417.0,Mabaso,ZAF,16151.0,17039.0
2494.0,Coligny,ZAF,15467.0,16979.0
5980.0,Magudu,ZAF,12474.0,16884.0
7068.0,Olifantshoek,ZAF,11855.0,16847.0
5408.0,Luvisi,ZAF,18613.0,16843.0
4953.0,Kokosi,ZAF,17885.0,16784.0
2351.0,Ceres,ZAF,15029.0,16740.0
3791.0,Heidelberg ,ZAF,14750.0,16717.0
3817.0,Hlohlolwane,ZAF,14709.0,16566.0
6147.0,Mkobola 2,ZAF,15439.0,16517.0
7382.0,Promosa,ZAF,14848.0,16449.0
8163.0,Somerset East,ZAF,16551.0,16433.0
8469.0,Thengwe,ZAF,14659.0,16321.0
6892.0,Nuwedorp,ZAF,14129.0,16317.0
7326.0,Piet Retief,ZAF,14497.0,16253.0
5568.0,Makgwareng,ZAF,14158.0,16189.0
5252.0,Lemnertsville,ZAF,12087.0,16154.0
7354.0,Poortjie,ZAF,14683.0,16130.0
6146.0,Mkhoba,ZAF,13005.0,16067.0
8898.0,Vukuzakhe,ZAF,15425.0,16029.0
6203.0,Mokomene,ZAF,15591.0,15742.0
7101.0,Ellisras,ZAF,10156.0,15681.0
4202.0,Jericho,ZAF,13984.0,15621.0
3366.0,Ganyesa,ZAF,16847.0,15600.0
3341.0,Ga-Masemola,ZAF,14842.0,15597.0
7882.0,Setlagole,ZAF,15988.0,15467.0
1203.0,Andalusia Park,ZAF,16853.0,15451.0
5214.0,Langeloop,ZAF,14888.0,15315.0
5916.0,Meiringspark,ZAF,12364.0,15275.0
6845.0,Nomathamsanqa,ZAF,14241.0,15164.0
8812.0,Vaalbank,ZAF,15651.0,15058.0
3738.0,Hankey,ZAF,13076.0,15044.0
8540.0,Tlakgameng,ZAF,12460.0,15031.0
3373.0,Ga-Rakgoatha,ZAF,10032.0,14986.0
5871.0,Mbiza,ZAF,13538.0,14930.0
6225.0,Monsterlus,ZAF,10908.0,14923.0
5238.0,Lebaleng,ZAF,14023.0,14859.0
8728.0,Ulundi,ZAF,11547.0,14799.0
7521.0,Riversdale,ZAF,14871.0,14749.0
5420.0,Mabeskraal,ZAF,14691.0,14696.0
2900.0,Dukuza,ZAF,13818.0,14693.0
8500.0,Tigane,ZAF,13970.0,14680.0
1852.0,Bethal,ZAF,12341.0,14675.0
3616.0,Groendal,ZAF,12961.0,14429.0
3164.0,Evander,ZAF,12129.0,14422.0
6757.0,Nigel,ZAF,14029.0,14394.0
6730.0,Ngwenya,ZAF,12147.0,14384.0
5111.0,KuMasadala,ZAF,11170.0,14369.0
3383.0,Ga-Raphahlelo,ZAF,13486.0,14353.0
3577.0,Gopane,ZAF,13588.0,14333.0
6879.0,Ntsweletsoku,ZAF,13584.0,14330.0
2323.0,Caledon,ZAF,13155.0,14329.0
7331.0,Piketberg,ZAF,13325.0,14136.0
6182.0,Mogapeng,ZAF,12575.0,14079.0
3075.0,Elandsdoorn,ZAF,12696.0,14001.0
8466.0,Thambalihle,ZAF,11041.0,13966.0
6214.0,Monakato,ZAF,12302.0,13917.0
3239.0,Figtree,ZAF,13481.0,13867.0
3010.0,Ekuphumleni,ZAF,12292.0,13855.0
6229.0,Mookgophong,ZAF,13849.0,13842.0
5267.0,Letsopa,ZAF,13234.0,13809.0
8811.0,Vaal Reefs,ZAF,13089.0,13754.0
5800.0,Matiwane,ZAF,12358.0,13754.0
2070.0,Boschfontein,ZAF,13340.0,13722.0
6244.0,Morokweng,ZAF,14815.0,13719.0
5320.0,Lorraine,ZAF,12447.0,13661.0
5762.0,Masibekela,ZAF,13207.0,13586.0
6287.0,Mpheleng,ZAF,12312.0,13577.0
1988.0,Boekenhouthoek,ZAF,12606.0,13487.0
6226.0,Montana,ZAF,12053.0,13426.0
7590.0,Rust-ter-Vaal,ZAF,12893.0,13376.0
8539.0,Tjakastad,ZAF,13087.0,13361.0
5489.0,Magoro,ZAF,12294.0,13339.0
8207.0,Steenbok,ZAF,12960.0,13332.0
3378.0,Ga-Ramongoane,ZAF,11641.0,13312.0
1979.0,Bochum,ZAF,13644.0,13277.0
7849.0,Sekwati,ZAF,12618.0,13260.0
5462.0,Mafakathini,ZAF,11496.0,13243.0
1853.0,Bethanie,ZAF,11661.0,13192.0
3779.0,Hawston,ZAF,11254.0,13109.0
3828.0,Hopewell,ZAF,11302.0,13106.0
6301.0,Mpunga,ZAF,11460.0,13043.0
7313.0,Phalane,ZAF,12069.0,12972.0
6678.0,Newlands,ZAF,11631.0,12941.0
6734.0,Nhlangano,ZAF,10475.0,12940.0
2927.0,Dysselsdorp,ZAF,13112.0,12916.0
2903.0,Dumisa,ZAF,11511.0,12861.0
5550.0,Majwemasweu,ZAF,10913.0,12652.0
6152.0,Mkukwini,ZAF,11892.0,12643.0
3011.0,Ekuvukeni,ZAF,10836.0,12515.0
8101.0,Silwerkrans,ZAF,12502.0,12506.0
2884.0,Doornhoek,ZAF,15674.0,12445.0
4738.0,Kgakala,ZAF,11742.0,12442.0
4930.0,Kleinmond,ZAF,10662.0,12419.0
2321.0,Cala,ZAF,11653.0,12364.0
9032.0,Xihoko A,ZAF,11036.0,12358.0
4025.0,Illinge,ZAF,10965.0,12357.0
7543.0,Rooikoppies,ZAF,10871.0,12298.0
7818.0,Seabe,ZAF,12780.0,12295.0
6638.0,Nduli,ZAF,10975.0,12225.0
8973.0,Wedela,ZAF,12974.0,12175.0
5714.0,Marapyane,ZAF,12580.0,12103.0
6179.0,Moemaneng,ZAF,10666.0,12012.0
2516.0,Cumakala,ZAF,11494.0,11986.0
6608.0,Ndabayakhe,ZAF,10350.0,11964.0
3816.0,Hlohlokwe,ZAF,10892.0,11954.0
6300.0,Mpuluzi,ZAF,11689.0,11936.0
4052.0,Impumelelo,ZAF,10472.0,11870.0
4478.0,Kameelrivier,ZAF,12291.0,11825.0
8717.0,Uitvlugt,ZAF,11219.0,11765.0
8495.0,Tidimalo,ZAF,12293.0,11728.0
6269.0,Mount Fletcher,ZAF,10618.0,11703.0
5577.0,Makotopong,ZAF,10176.0,11636.0
6846.0,Noordhoek,ZAF,10910.0,11575.0
6205.0,Mokwallo,ZAF,11929.0,11559.0
5886.0,Mbuzini,ZAF,11225.0,11547.0
7481.0,Ratanda Ext 7,ZAF,10138.0,11491.0
4742.0,Khaya Mnandi,ZAF,10014.0,11379.0
2785.0,Ditlhake,ZAF,10115.0,11292.0
4933.0,Kloof Gold Mine,ZAF,11934.0,11253.0
6165.0,Mmamahabane,ZAF,10089.0,11214.0
6184.0,Mogogelo,ZAF,10972.0,11176.0
1328.0,Ashton,ZAF,10322.0,11175.0
7141.0,Othulini/Lwezulu,ZAF,10042.0,11171.0
2051.0,Bontrug,ZAF,10463.0,11141.0
5498.0,Magwaveni,ZAF,10249.0,11099.0
6264.0,Motswedi,ZAF,10517.0,11094.0
4761.0,Khunwana,ZAF,10621.0,11083.0
2652.0,De Doorns East,ZAF,10421.0,11070.0
5245.0,Lefiso,ZAF,11424.0,10991.0
8894.0,Vredendal,ZAF,10950.0,10958.0
797.0,Allemansdrift C,ZAF,11341.0,10910.0
7301.0,Pella,ZAF,10669.0,10673.0
8138.0,Slovo Park,ZAF,10386.0,10656.0
5354.0,Ludlow,ZAF,10472.0,10425.0
8895.0,Vredendal North,ZAF,10374.0,10380.0
5700.0,Manzini,SWZ,135985.0,157743.0
5837.0,Mbabane,SWZ,109873.0,127453.0
5470.0,Mafutseni,SWZ,23925.0,60000.0
6733.0,Nhlangano,SWZ,20379.0,21388.0
5522.0,Mahamba,SWZ,10481.0,11000.0
5753.0,Maseru,LSO,306902.0,428679.0
5704.0,Maputsoe,LSO,34765.0,67976.0
3818.0,Hlotse,LSO,26707.0,50980.0
6189.0,Mohale's Hoek,LSO,22948.0,50968.0
2284.0,Butha Buthe,LSO,33522.0,48571.0
5465.0,Mafeteng,LSO,30000.0,47687.0
6279.0,Quthing,LSO,14925.0,39824.0
8463.0,Teyateyaneng,LSO,23839.0,28060.0
8647.0,Tsikoane,LSO,15449.0,15000.0
5398.0,Lusaka,ZMB,2426689.0,2755544.0
4920.0,Kitwe,ZMB,601203.0,710945.0
6629.0,Ndola,ZMB,516129.0,592714.0
2431.0,Chingola,ZMB,215255.0,272129.0
4277.0,Kabwe,ZMB,226870.0,260226.0
2435.0,Chipata,ZMB,145917.0,213000.0
8159.0,Solwezi,ZMB,125740.0,191372.0
5291.0,Livingstone,ZMB,161094.0,182782.0
6329.0,Mufulira,ZMB,174818.0,178662.0
4589.0,Kasama,ZMB,121940.0,144946.0
5333.0,Luanshya,ZMB,144798.0,142000.0
5678.0,Mansa,ZMB,101963.0,129366.0
2426.0,Chililabombwe,ZMB,94344.0,104870.0
2416.0,Chibuluma,ZMB,54207.0,93390.0
4392.0,Kafue 1,ZMB,89008.0,91385.0
6221.0,Mongu,ZMB,55433.0,89962.0
4540.0,Kapiri Mposhi,ZMB,56480.0,86024.0
5832.0,Mazabuka,ZMB,88546.0,85113.0
6604.0,Nchelenge,ZMB,47435.0,75077.0
2456.0,Choma,ZMB,60693.0,74857.0
8675.0,Nakonde/Tunduma [ZMB],ZMB,105878.0,73067.0
6299.0,Mpulungu,ZMB,42083.0,62000.0
6459.0,Mwatishi/Kabuta,ZMB,40896.0,59712.0
6289.0,Mpika,ZMB,49197.0,56057.0
6228.0,Monze,ZMB,49902.0,55722.0
7305.0,Petauke,ZMB,39333.0,54872.0
2458.0,Chongwe,ZMB,86479.0,53000.0
5386.0,Lundazi,ZMB,20322.0,49733.0
6154.0,Mkushi,ZMB,24774.0,39000.0
7525.0,Roan,ZMB,23500.0,36799.0
5379.0,Lukwese,ZMB,42672.0,36342.0
5844.0,Mbala,ZMB,29046.0,34766.0
6457.0,Mwasabobmbwe,ZMB,37665.0,34500.0
7716.0,Samfya,ZMB,22195.0,34000.0
7873.0,Serenje,ZMB,23558.0,32694.0
4532.0,Kaoma,ZMB,24879.0,30950.0
4124.0,Isoka,ZMB,21298.0,30500.0
6365.0,Mumbwa,ZMB,23841.0,29442.0
6393.0,Mununga,ZMB,18612.0,29000.0
4641.0,Katete,ZMB,22976.0,27565.0
6470.0,Mwinilunga,ZMB,19246.0,27181.0
4663.0,Kawambwa,ZMB,15766.0,26000.0
7862.0,Senanga,ZMB,17444.0,25017.0
3861.0,Ibenga,ZMB,11804.0,24000.0
5279.0,Limulunga,ZMB,15301.0,23690.0
2433.0,Chinsali,ZMB,17971.0,23379.0
4460.0,Kalomo,ZMB,18546.0,23000.0
4544.0,Kapoya/Kasembe,ZMB,26486.0,22007.0
4549.0,Kaputa,ZMB,21354.0,22000.0
2444.0,Chirundu,ZMB,18689.0,21463.0
2364.0,Twaiteka,ZMB,33903.0,21000.0
7880.0,Sesheke,ZMB,13678.0,21000.0
9121.0,Zambezi,ZMB,23769.0,19000.0
2377.0,Chavuma,ZMB,11473.0,18970.0
5315.0,Loloma,ZMB,20182.0,18425.0
6291.0,Mpokoroso,ZMB,23033.0,18000.0
4597.0,Kasempa,ZMB,16433.0,17857.0
5410.0,Luwingu,ZMB,26182.0,17218.0
4633.0,Katanshya/Mwansa,ZMB,10000.0,17000.0
6295.0,Mpongwe,ZMB,17891.0,16071.0
4524.0,Kantete,ZMB,12259.0,16016.0
6330.0,Mufumbwe,ZMB,12309.0,15687.0
6536.0,Nampundwe,ZMB,10979.0,15500.0
5376.0,Lukulu,ZMB,15092.0,15270.0
5415.0,Maamba,ZMB,17161.0,14799.0
4264.0,Kabompo,ZMB,24559.0,14245.0
4136.0,Itezhi-Tezhi,ZMB,18293.0,14243.0
6540.0,Namwala,ZMB,14423.0,14000.0
8025.0,Siavonga,ZMB,11980.0,14000.0
2415.0,Chibombo,ZMB,14730.0,13777.0
6920.0,Nyimba,ZMB,10165.0,13209.0
2396.0,Chembe,ZMB,11500.0,12900.0
4437.0,Kalabo,ZMB,10209.0,12627.0
6466.0,Mwense 1,ZMB,23722.0,10752.0
5346.0,Lubwe,ZMB,11000.0,10300.0
4802.0,Kigali,RWA,2202094.0,3000382.0
3525.0,Gisenyi,RWA,1069680.0,1328149.0
7570.0,Ruhango,RWA,599923.0,704647.0
4248.0,Kabarore,RWA,214935.0,293400.0
2278.0,Butare,RWA,218328.0,224273.0
2517.0,Bukavu/Cyangugu [RWA],RWA,137940.0,190129.0
6905.0,Nyamata,RWA,109538.0,186155.0
2260.0,Busasama,RWA,78414.0,141218.0
7598.0,Rwimiyaga,RWA,113435.0,140562.0
6700.0,Ngeruka,RWA,110231.0,131832.0
4846.0,Kinazi,RWA,116407.0,130942.0
6924.0,Nzahaha,RWA,105875.0,117411.0
4624.0,Katabagemu,RWA,91598.0,110722.0
7559.0,Rubengera,RWA,89838.0,105910.0
3322.0,Gahini,RWA,63826.0,79662.0
4875.0,Kiramuruzi,RWA,61079.0,75633.0
6335.0,Mugesera,RWA,64096.0,72052.0
4397.0,Kagano,RWA,33377.0,67224.0
6339.0,Mugunga,RWA,59805.0,62855.0
6713.0,Ngororero,RWA,56022.0,60039.0
6633.0,Ndora,RWA,23813.0,59076.0
4238.0,Juru,RWA,41271.0,58528.0
6896.0,Nyakabuye,RWA,51970.0,56670.0
7573.0,Rukoma,RWA,49084.0,54624.0
6742.0,Niamiyaga,RWA,40738.0,44358.0
3399.0,Gasaka,RWA,41533.0,41551.0
2184.0,Bugarama/Kamanyola [RWA],RWA,30169.0,39931.0
4513.0,Kanjongo,RWA,32889.0,38726.0
2271.0,Busoro,RWA,34037.0,38453.0
7574.0,Rukumberi,RWA,28560.0,36959.0
7597.0,Rweru,RWA,28782.0,35928.0
7600.0,Rwinkwavu,RWA,28225.0,34879.0
6337.0,Mugombwa,RWA,22712.0,33173.0
3404.0,Gashora,RWA,22001.0,29876.0
4186.0,Jarama,RWA,23861.0,29512.0
7563.0,Rubona,RWA,24136.0,28659.0
7681.0,Sake,RWA,23703.0,27717.0
6414.0,Musha,RWA,21145.0,26111.0
6332.0,Muganza,RWA,23952.0,24780.0
4467.0,Kamabuye,RWA,20843.0,23722.0
4781.0,Kibirizi,RWA,21479.0,22914.0
1332.0,Asmara,ERI,465360.0,482160.0
8458.0,Tessenei,ERI,98300.0,153900.0
4718.0,Keren,ERI,72450.0,78840.0
1681.0,Barentu,ERI,63375.0,74625.0
2675.0,Dekemehari,ERI,57360.0,72720.0
220.0,Af Abeb,ERI,45000.0,59760.0
3561.0,Goluj,ERI,49490.0,50400.0
418.0,Akordat,ERI,25920.0,42720.0
5939.0,Mendefera,ERI,22100.0,38155.0
1339.0,Assab,ERI,36470.0,37170.0
5774.0,Massawa,ERI,29040.0,33840.0
3790.0,Hegaz,ERI,19440.0,26220.0
3513.0,Ginda,ERI,17640.0,25020.0
7078.0,Om Hajer,ERI,18900.0,21400.0
714.0,Ali Ghdir,ERI,23265.0,19980.0
3785.0,Haykota,ERI,18520.0,18080.0
176.0,Adhi Bdo,ERI,15000.0,17099.0
3809.0,Himbirti,ERI,11460.0,15720.0
3474.0,Gergef,ERI,14520.0,15720.0
188.0,Adiquala,ERI,10620.0,15000.0
182.0,Adi Tekelezan,ERI,12075.0,14850.0
180.0,Adi Keyih,ERI,12420.0,14220.0
7861.0,Senafe,ERI,11100.0,14040.0
2655.0,Debarwa,ERI,12480.0,13320.0
6488.0,Nacfa,ERI,11200.0,12440.0
7834.0,Segheneyti,ERI,11580.0,11700.0
6180.0,Mogadishu,SOM,1712400.0,1874848.0
3751.0,Hargeisa,SOM,706400.0,998486.0
1733.0,Baidoa,SOM,170200.0,249133.0
2242.0,Burao,SOM,235000.0,234927.0
3329.0,Gaalkayo,SOM,183300.0,183224.0
4900.0,Kismayo,SOM,104400.0,148889.0
1530.0,Beledweyne,SOM,176800.0,141889.0
2055.0,Bosaso,SOM,116100.0,121160.0
2054.0,Borama,SOM,80500.0,117526.0
3394.0,Garoowe,SOM,87000.0,110000.0
5.0,Siigadhere ,SOM,75100.0,92597.0
3671.0,Guri'eel,SOM,81800.0,81774.0
5227.0,Las Anod,SOM,43100.0,57654.0
4228.0,Jowhar,SOM,40400.0,51000.0
6.0,'Adaado,SOM,60300.0,50200.0
1439.0,Baar Dheere ,SOM,48300.0,50100.0
224.0,Afgoye,SOM,47700.0,49500.0
1776.0,Belet Xawo/Mandera [SOM],SOM,23200.0,45000.0
2856.0,Dolow (north),SOM,11400.0,45000.0
3452.0,Gebilay,SOM,25200.0,45000.0
1831.0,Berbera,SOM,39100.0,43204.0
7405.0,Qardho,SOM,30100.0,42500.0
2738.0,Dinsoor,SOM,13600.0,41000.0
2292.0,Buur Hakaba,SOM,13100.0,40400.0
8947.0,Wanlaweyn,SOM,26100.0,40000.0
2290.0,Buuhoodle,SOM,32800.0,35000.0
2963.0,'Erigavo,SOM,31100.0,35000.0
5956.0,Merca,SOM,33300.0,33216.0
8548.0,Tog Wajaale ,SOM,18300.0,32500.0
2702.0,Dusa Mareb,SOM,23000.0,32355.0
5407.0,Luuq,SOM,13000.0,32000.0
3330.0,Goldogob,SOM,28600.0,30000.0
1538.0,Ballanbale,SOM,11500.0,29823.0
1677.0,Berdale,SOM,16700.0,28300.0
7441.0,Qoryoley,SOM,15500.0,22500.0
8705.0,Uffurow,SOM,10700.0,21500.0
2255.0,Burtinle,SOM,18400.0,20600.0
1666.0,Barawa E Al Bambar,SOM,13600.0,20400.0
228.0,Afmadow,SOM,12300.0,20300.0
7404.0,Lafoole,SOM,19200.0,19600.0
8927.0,Wajid,SOM,13900.0,19500.0
7603.0,Saaqow,SOM,11000.0,19000.0
2291.0,Bulobarde ,SOM,11700.0,18200.0
5717.0,Bulo Mareer,SOM,12500.0,17250.0
4210.0,Jilib,SOM,10100.0,15500.0
1521.0,Bal'ad,SOM,11800.0,14000.0
9034.0,Xuddur,SOM,10400.0,14000.0
4180.0,Jamaame,SOM,10800.0,12000.0
2195.0,Bujumbura,BDI,1043847.0,1905675.0
6717.0,Kayanza,BDI,67033.0,724276.0
6437.0,Muyinga,BDI,56202.0,620207.0
4886.0,Kirundo,BDI,43450.0,492100.0
3528.0,Gitega,BDI,87678.0,242526.0
6396.0,Muramwiya,BDI,95479.0,194188.0
6435.0,Muyange,BDI,45094.0,141581.0
5554.0,Makamba,BDI,51404.0,121669.0
6340.0,Sampeke,BDI,21360.0,93312.0
7567.0,Mugina,BDI,15659.0,84762.0
7580.0,Rumonge,BDI,45940.0,71528.0
3401.0,Gasenyi,BDI,19834.0,66873.0
2464.0,Rugombo centre-urbain sud,BDI,37056.0,51321.0
7555.0,Kinyami,BDI,23697.0,47045.0
7568.0,Rugombo,BDI,24582.0,42190.0
3413.0,Gatumba,BDI,32079.0,30909.0
2172.0,Bubanza,BDI,23520.0,28983.0
7596.0,Ruyigi,BDI,12813.0,26573.0
7591.0,Rutana,BDI,12401.0,24229.0
3406.0,Gatabo,BDI,10521.0,22806.0
6614.0,Ndava,BDI,12681.0,12106.0
1592.0,Mugerama,BDI,11103.0,11620.0
6908.0,Kagunuzi,BDI,11194.0,11400.0
4486.0,Kampala,UGA,3790894.0,4747603.0
5845.0,Mbale,UGA,2228643.0,3009317.0
3264.0,Fort Portal,UGA,371418.0,582684.0
2268.0,Kisumu/Mbale/Busia/Sirari [UGA] 2,UGA,432228.0,425430.0
4213.0,Jinja,UGA,247708.0,385374.0
1300.0,Arua,UGA,332828.0,385236.0
6293.0,Mpondwe/Lhubiriha [UGA],UGA,240412.0,381915.0
3917.0,Iganga,UGA,233560.0,266037.0
3526.0,Bunagana,UGA,181744.0,244370.0
3660.0,Gulu,UGA,189709.0,240335.0
5287.0,Lira,UGA,179083.0,235456.0
9096.0,Yumbe,UGA,155271.0,233541.0
4242.0,Kabale,UGA,251357.0,203492.0
5745.0,Masaka,UGA,194013.0,198057.0
5855.0,Mbarara,UGA,198475.0,197090.0
7575.0,Rukungiri,UGA,131495.0,178447.0
8176.0,Soroti,UGA,166810.0,177221.0
6774.0,Njeru,UGA,124067.0,158674.0
4601.0,Kasese,UGA,103605.0,142049.0
5362.0,Lugazi,UGA,116013.0,140043.0
3821.0,Hoima,UGA,140877.0,135938.0
2187.0,Bugiri,UGA,121714.0,131682.0
2296.0,Buyanga,UGA,105256.0,123584.0
6324.0,Mubende,UGA,48507.0,121600.0
7269.0,Pallisa,UGA,49320.0,117179.0
4807.0,Kihihi,UGA,44445.0,113144.0
4491.0,Kamuli,UGA,125919.0,112936.0
5178.0,Kyampisi ,UGA,83090.0,106167.0
4939.0,Koboko,UGA,90179.0,104024.0
5766.0,Masindi,UGA,96784.0,97105.0
4265.0,Kabonera ,UGA,92944.0,92832.0
6140.0,Mityana,UGA,97967.0,87678.0
2305.0,Bweyale,UGA,46168.0,84862.0
9007.0,Wobulenzi,UGA,72082.0,80801.0
4485.0,Kammengo,UGA,67598.0,78560.0
5409.0,Luwero,UGA,77998.0,69522.0
4396.0,Kagadi,UGA,36659.0,67253.0
4786.0,Kiboga,UGA,59153.0,65759.0
4454.0,Kalisizo,UGA,47218.0,65054.0
2226.0,Bundibugyo,UGA,19267.0,64079.0
4108.0,Ishaka,UGA,39432.0,63163.0
4510.0,Kangulumira,UGA,54106.0,62296.0
7261.0,Paidha ,UGA,34226.0,62187.0
3857.0,Ibanda,UGA,49437.0,61097.0
6288.0,Mpigi,UGA,65027.0,58217.0
4915.0,Kitgum,UGA,45169.0,57474.0
5370.0,Lukaya,UGA,24432.0,54080.0
198.0,Adjumani,UGA,43272.0,52367.0
4806.0,Kigumba,UGA,19144.0,51800.0
6511.0,Najja ,UGA,47105.0,48638.0
4279.0,Sheema,UGA,40664.0,48625.0
5360.0,Ntanzi ,UGA,41678.0,47733.0
4803.0,Nankoma,UGA,43514.0,47665.0
8925.0,Waibuga ,UGA,37713.0,46818.0
5185.0,Kyotera,UGA,39902.0,44718.0
5118.0,Kumi,UGA,49770.0,43990.0
4921.0,Kityerera,UGA,48546.0,41765.0
6645.0,Nebbi*,UGA,35834.0,41400.0
4274.0,Kabulasoke ,UGA,50564.0,40444.0
9178.0,Zombo,UGA,12718.0,39199.0
4453.0,Kaliro,UGA,17289.0,37749.0
7266.0,Pakwach,UGA,22909.0,37561.0
6280.0,Moyo,UGA,35847.0,36822.0
2270.0,Busolwe,UGA,32498.0,35100.0
1249.0,Apac,UGA,14894.0,33300.0
1185.0,Amolatar,UGA,28510.0,30620.0
2293.0,Buwana ,UGA,51239.0,30616.0
6800.0,Nkonkonjeru,UGA,45863.0,29763.0
3362.0,Natteta ,UGA,45113.0,28735.0
4111.0,Ishongororo,UGA,22478.0,28053.0
2210.0,Buliisa,UGA,22180.0,27500.0
2281.0,Butenga ,UGA,71525.0,27406.0
4675.0,Kayunga central,UGA,42243.0,27169.0
7860.0,Semuto,UGA,35364.0,26682.0
2262.0,Busembatia,UGA,14776.0,24991.0
4637.0,Katende,UGA,23123.0,24090.0
1197.0,Anaka,UGA,14681.0,24000.0
4493.0,Kamwenge,UGA,19847.0,23900.0
2833.0,Dokolo 1,UGA,20278.0,23700.0
5590.0,Kisumu/Mbale/Busia/Sirari [UGA] 3,UGA,79916.0,23344.0
4525.0,Kanungu,UGA,15339.0,23186.0
2213.0,Bulo ,UGA,19167.0,23136.0
7557.0,Rubaare,UGA,13550.0,22886.0
6539.0,Namutumba,UGA,19268.0,22600.0
5406.0,Luuka,UGA,10506.0,22164.0
4426.0,Kakira,UGA,33221.0,20253.0
1503.0,Magamaga ,UGA,35027.0,19500.0
2272.0,Busowa Town Board,UGA,48560.0,19490.0
6797.0,Nkombe,UGA,13559.0,19081.0
5414.0,Lyantonde,UGA,13912.0,18007.0
4658.0,Karujanga ,UGA,10152.0,17713.0
5777.0,Masulita,UGA,15610.0,17385.0
4276.0,Kabuyanda,UGA,16815.0,17213.0
3566.0,Gombe,UGA,15333.0,16600.0
2277.0,Butaleja,UGA,20115.0,16413.0
6248.0,Moroto,UGA,15108.0,16300.0
5179.0,Kyanzaga,UGA,15643.0,16000.0
5007.0,Kotido-Central Division,UGA,14366.0,15800.0
5413.0,Lwengo,UGA,15639.0,15100.0
3808.0,Hima,UGA,13190.0,15000.0
7257.0,Pader,UGA,14283.0,14800.0
4926.0,Kiwoko,UGA,11290.0,14779.0
6504.0,Nagongera,UGA,39679.0,14300.0
6806.0,Kayabwe ,UGA,43937.0,13633.0
4268.0,Kaboong,UGA,11783.0,13400.0
6882.0,Ntwetwe,UGA,10561.0,13400.0
5181.0,Kyenjojo,UGA,24226.0,13276.0
4433.0,Kakumiro,UGA,10328.0,12959.0
7243.0,Ocini ,UGA,12148.0,12853.0
4462.0,Kalongo,UGA,11683.0,12800.0
5794.0,Mateete,UGA,10567.0,12000.0
2265.0,Bushenyi,UGA,25024.0,11996.0
6525.0,Namasale,UGA,10646.0,11900.0
7294.0,Patongo,UGA,11740.0,11209.0
4664.0,Kaya/Oraba [UGA],UGA,34000.0,10726.0
4652.0,Katooke,UGA,15125.0,10591.0
2802.0,Djibouti,DJI,555403.0,573731.0
715.0,Ali Sabieh,DJI,44331.0,52444.0
2739.0,Dikhil,DJI,29079.0,38035.0
8265.0,Tadjourah,DJI,17317.0,25144.0
6947.0,Obock,DJI,13678.0,22063.0
1298.0,Arta,DJI,15494.0,18205.0
713.0,Ali Adde,DJI,13500.0,14405.0
159.0,Addis Ababa,ETH,3711329.0,4273817.0
8144.0,Sodo,ETH,2261958.0,2878949.0
3778.0,Hawassa,ETH,2182604.0,2706920.0
3744.0,Harare,ETH,464766.0,783115.0
155.0,Adama,ETH,339924.0,454764.0
5918.0,Mekele,ETH,337364.0,453000.0
3573.0,Gonder,ETH,323900.0,420498.0
1493.0,Bahir Dar,ETH,243300.0,419415.0
2774.0,Dire Dawa,ETH,277000.0,348398.0
7945.0,Shashemene,ETH,222324.0,336286.0
3829.0,Hosaena,ETH,197494.0,309558.0
9083.0,Yirga Chefe,ETH,271222.0,306130.0
2700.0,Dessie,ETH,187900.0,288193.0
1752.0,Bedeno,ETH,207237.0,237668.0
4212.0,Jimma,ETH,192668.0,237500.0
3518.0,Girawa,ETH,189810.586,215354.0
1272.0,Arba Minch,ETH,142900.0,194750.0
6141.0,Mizan-Aman,ETH,89747.0,194214.0
1164.0,Ambo,ETH,81004.0,193178.0
2276.0,Butajira,ETH,148717.0,192621.0
4970.0,Kombolcha,ETH,100249.0,156708.0
1314.0,Asela,ETH,116636.0,152478.0
4208.0,Jijiga,ETH,138986.409,148784.0
6654.0,Nekemte,ETH,116365.0,148261.0
2656.0,Debere Markos,ETH,97800.0,138973.0
2661.0,Debre Brehan,ETH,102100.0,132573.0
185.0,Adigrat,ETH,106169.0,132530.0
2664.0,Debretabor,ETH,93594.0,120056.0
9162.0,Zeway/Batu,ETH,86784.0,108568.0
8978.0,Weliso,ETH,73107.0,105295.0
239.0,Agaro,ETH,74981.0,105114.0
1415.0,Axum,ETH,84575.0,104356.0
7987.0,Shire Enidasilase,ETH,83027.0,103660.0
7529.0,Robe 1,ETH,71515.0,98572.0
7808.0,Sawula,ETH,85526.0,97899.0
1297.0,Arsi Negele,ETH,88210.0,97442.0
217.0,Adwa,ETH,71865.0,96801.0
9009.0,Woldiya,ETH,72300.0,93844.0
4551.0,Kara Mile,ETH,46395.0,90426.0
1753.0,Bedesa,ETH,67890.0,90290.0
3347.0,Gambela,ETH,67489.0,88453.0
2442.0,Chiro,ETH,70826.0,87522.0
8979.0,Welkite,ETH,70551.0,86622.0
3116.0,Enseno,ETH,61306.0,85781.0
5257.0,Lera,ETH,44090.0,82784.0
2392.0,Chelenko,ETH,69946.0,78878.0
6650.0,Negele,ETH,56476.0,78828.0
5920.0,Meki,ETH,56675.0,78806.0
2244.0,Bure,ETH,68595.0,78099.0
465.0,Alamata,ETH,54262.0,76766.0
6327.0,Mudula,ETH,58510.0,74851.0
3236.0,Fiche,ETH,45987.0,69947.0
7425.0,Qericha,ETH,40074.0,68765.0
5973.0,Metu,ETH,56191.0,65853.0
2669.0,Degehabur,ETH,38000.0,65797.0
9021.0,Wukro,ETH,51476.0,65194.0
3261.0,Fonko,ETH,58481.0,64299.0
3545.0,Goba,ETH,49828.0,63492.0
8380.0,Tapi,ETH,53961.052,63190.0
3507.0,Gimbi,ETH,48551.0,61739.0
2654.0,Debark,ETH,39373.0,61612.0
1872.0,Bichena,ETH,52227.0,60586.0
3244.0,Filakit,ETH,24893.0,60245.0
436.0,Alaba Kulito,ETH,59944.0,60122.0
3824.0,Holeta,ETH,45630.0,59868.0
3455.0,Gedeb,ETH,45589.0,59747.0
4704.0,Kemise,ETH,35977.0,59571.0
3707.0,Hagere Mariyam,ETH,45739.0,59276.0
3249.0,Finote Selam,ETH,40600.0,58414.0
6197.0,Mojo 1,ETH,50428.0,58098.0
1880.0,Bifitu Geda,ETH,26499.0,57333.0
2646.0,Daye,ETH,50671.73099999999,56593.0
4937.0,Kobo 1,ETH,49372.0,55999.0
2041.0,Bonga,ETH,43909.0,55211.0
3472.0,Gerbe Guracha,ETH,43254.0,54312.0
6259.0,Mota,ETH,47182.0,54224.0
2665.0,Deder,ETH,42193.0,53063.0
3784.0,Hayk,ETH,50717.0,51833.0
7884.0,Seyo 1,ETH,33279.0,51701.0
1751.0,Bedele,ETH,39140.0,51664.0
5824.0,Maychew,ETH,41055.0,51423.0
4942.0,Kofele,ETH,38913.0,51299.0
8509.0,Tilili,ETH,46214.59700000001,51016.0
3549.0,Gode,ETH,47522.049,50714.0
5962.0,Mersa,ETH,41992.0,48928.0
4215.0,Jinka,ETH,43278.0,48581.0
7864.0,Sendafa,ETH,38233.0,47115.0
2013.0,Bokoji,ETH,39017.0,47089.0
2602.0,Dangila,ETH,38900.0,46602.0
1336.0,Asosa,ETH,38648.811,46496.0
7967.0,Shendi,ETH,31218.0,46001.0
1311.0,Asassa,ETH,44932.0,45746.0
7847.0,Sekota,ETH,35000.0,45405.0
2628.0,Bilida Bukisa,ETH,12445.0,44842.0
4066.0,Injebara,ETH,41435.0,44248.0
172.0,Adet,ETH,40127.0,44183.0
8226.0,Sululta,ETH,39014.0,44071.0
3812.0,Hirna,ETH,40518.0,43707.0
8988.0,Were Mehamed,ETH,36392.0,42609.0
3838.0,Humera,ETH,32600.0,41869.0
9036.0,Yabelo,ETH,26729.0,41511.0
8573.0,Tora,ETH,21487.0,40374.0
7530.0,Robe 2,ETH,32583.0,39658.0
1420.0,Ayikel,ETH,23600.0,39231.0
7961.0,Shek,ETH,22478.0,38298.0
592.0,Alem Gebeya,ETH,19932.0,38189.0
3514.0,Ginichi,ETH,30839.0,37734.0
1450.0,Babile,ETH,35879.0,37529.0
3158.0,Eteya,ETH,35461.0,37364.0
5204.0,Lalibela 1,ETH,27200.0,37234.0
7918.0,Shambu,ETH,27410.0,37132.0
3736.0,Hamusit,ETH,36711.0,37101.0
208.0,Adola,ETH,34924.368,36661.0
7655.0,Sagure,ETH,22724.0,36497.0
8669.0,Tulu Bolo,ETH,21300.0,36453.0
2694.0,Dera,ETH,28508.0,36225.0
4938.0,Kobo 2,ETH,32166.65,35882.0
2401.0,Chenicha,ETH,29682.0,35877.0
8986.0,Werabe,ETH,18100.0,35605.0
1313.0,Asebot,ETH,28444.0,35465.0
7969.0,Shewa Robit,ETH,32635.0,34880.0
1510.0,Bako,ETH,33136.0,34628.0
6276.0,Moyale ,ETH,32127.484,34057.0
3153.0,Este,ETH,21800.0,33979.0
3547.0,Gobessa,ETH,24232.0,33702.0
9013.0,Wonji Gefersa,ETH,27005.0,33106.0
162.0,Addis Kidam,ETH,28581.0,32893.0
7907.0,Shakiso,ETH,28375.512,32852.0
7985.0,Shiraro,ETH,25500.0,32837.0
3461.0,Gelemso,ETH,31979.0,32601.0
6647.0,Nefas Mewicha,ETH,30700.0,32444.0
4996.0,Korem,ETH,25200.0,32390.0
8158.0,Solomo,ETH,17207.0,32343.0
2405.0,Chere,ETH,24243.0,32294.0
5671.0,Mankusa,ETH,25851.0,32237.0
4728.0,Kersa,ETH,30601.0,32188.0
2685.0,Dembi Dolo,ETH,30986.01,32090.0
3500.0,Gidole,ETH,28122.161,31937.0
5278.0,Limu Genet,ETH,26221.0,31806.0
5955.0,Merawi,ETH,28896.339,31600.0
2521.0,Dabat,ETH,27283.0,31307.0
3458.0,Gedo,ETH,20571.0,31302.0
3666.0,Gundo Meskel,ETH,29407.0,31253.0
5969.0,Meti,ETH,28357.0,31180.0
38.0,Abiyi Adi,ETH,24200.0,31062.0
1715.0,Bati,ETH,30415.0,31040.0
2836.0,Dolo,ETH,28922.351,30857.0
2558.0,Dalocha,ETH,19296.0,30513.0
3508.0,Gimbicho,ETH,26769.205,30364.0
2895.0,Dubti,ETH,27752.0,30317.0
1757.0,Begi,ETH,25342.0,30282.0
2357.0,Chagni,ETH,27148.165,30217.0
2684.0,Dembecha,ETH,27377.0,30044.0
2820.0,Dodola,ETH,25857.776,30002.0
2391.0,Chelelektu,ETH,26295.933,29803.0
6652.0,Nejo,ETH,25573.48,29722.0
9075.0,Yenache,ETH,27236.441000000003,29462.0
1312.0,Asayta,ETH,24506.585,29332.0
9014.0,Wonji Shewa Sugar Cane Plantat,ETH,23159.0,29086.0
1529.0,Bale,ETH,20715.0,28995.0
179.0,Adi Gudom,ETH,27694.470999999994,28797.0
5139.0,Kutaber,ETH,28206.0,28461.0
156.0,Adami Tulu,ETH,17040.0,28384.0
5958.0,Merito Lemariyam,ETH,25843.676000000003,28374.0
4684.0,Kebridehar,ETH,28626.441,28211.0
2670.0,Degolu,ETH,21490.0,28200.0
189.0,Adis Zemen,ETH,25300.0,27630.0
3083.0,Elferida,ETH,13134.0,27228.0
2207.0,Bulbula,ETH,24810.0,27170.0
8990.0,Wereta,ETH,24493.387,27031.0
4717.0,Kere,ETH,23502.0,26981.0
3228.0,Feres Bet,ETH,24865.737,26932.0
6005.0,Mile,ETH,14600.0,26921.0
4686.0,Kedida Gubeta,ETH,22771.0,26901.0
8905.0,Wacha,ETH,20100.0,26822.0
1386.0,Awash Sebat Kilo,ETH,24700.0,26659.0
3556.0,Gojo,ETH,25561.0,26632.0
2984.0,Ejere,ETH,11482.0,26478.0
2917.0,Durbete,ETH,24104.808,26423.0
2945.0,Ebinat,ETH,18800.0,26415.0
2660.0,Debirewerik,ETH,24113.296000000006,26396.0
2366.0,Chancho,ETH,24573.0,26239.0
2658.0,Debire Eyesus,ETH,24185.0,26197.0
5213.0,Lange,ETH,23774.0,26185.0
3559.0,Golije,ETH,13834.0,26075.0
1353.0,Ataye,ETH,23116.086,25665.0
4699.0,Kele,ETH,23572.0,25548.0
4282.0,Kachise,ETH,19667.0,25473.0
8422.0,Tebela,ETH,22614.694,25293.0
5382.0,Lumame,ETH,22898.463000000003,25182.0
5115.0,Kumbabe,ETH,19548.0,25158.0
3708.0,Hagere Selam 2,ETH,22346.703999999994,24990.0
6334.0,Muger,ETH,23407.0,24973.0
3294.0,Funyan Bira,ETH,22773.0,24881.0
153.0,Adaba,ETH,24560.0,24745.0
3697.0,Habe,ETH,12543.0,24683.0
2035.0,Bona,ETH,22007.268,24611.0
5896.0,Mechara,ETH,23470.0,24598.0
8977.0,Welenchiti,ETH,24425.0,24532.0
9068.0,Yejube,ETH,22610.248,24505.0
5302.0,Logiya,ETH,23300.0,24342.0
3516.0,Ginir,ETH,21077.904,24336.0
593.0,Alem Ketema,ETH,22050.691000000003,24291.0
5997.0,Mieso,ETH,19600.0,24267.0
3220.0,Felege Birihan,ETH,19455.0,24164.0
8991.0,Wergesa,ETH,15933.0,24066.0
9063.0,Yayu,ETH,22213.0,24029.0
1154.0,Amba Giyorgis,ETH,22941.0,24019.0
1413.0,Awubere,ETH,13700.0,24000.0
7960.0,Shebe,ETH,10993.0,23780.0
3726.0,Hamibiso,ETH,21781.0,23618.0
2957.0,Edega Hamus,ETH,21663.928,23602.0
1142.0,Amanuel,ETH,18873.0,23442.0
764.0,Alkeso,ETH,20170.0,23400.0
8122.0,Sire 2,ETH,22069.0,23316.0
2251.0,Burka,ETH,20209.0,23225.0
5230.0,Laska,ETH,19680.0,22999.0
8929.0,Waka,ETH,19837.831,22967.0
594.0,Alem Tena,ETH,16800.0,22903.0
3462.0,Gembe,ETH,13232.0,22779.0
2421.0,Chiefera,ETH,15200.0,22741.0
2019.0,Bole,ETH,19918.0,22716.0
9018.0,Wuchale,ETH,15183.0,22641.0
2813.0,Dl Amba,ETH,19673.0,22628.0
1207.0,Andinet,ETH,20285.0,22584.0
3748.0,Harbu,ETH,20350.127,22435.0
3221.0,Fendika 2,ETH,20333.135,22360.0
5144.0,Kuy,ETH,15153.0,22349.0
1315.0,Asendabo,ETH,21313.0,22219.0
2460.0,Chuahit,ETH,15239.0,21877.0
386.0,Ajebar,ETH,17750.0,21535.0
8996.0,Wetet Abay,ETH,21106.0,21460.0
2673.0,Dejen,ETH,17908.0,21396.0
2680.0,Delgi,ETH,11100.0,21343.0
4561.0,Karat,ETH,11100.0,21251.0
6347.0,Muke Turi,ETH,20041.0,21209.0
2627.0,Darge,ETH,11204.0,21101.0
7840.0,Seka,ETH,20362.0,21097.0
51.0,Abomsa,ETH,18131.484,20989.0
4956.0,Koladiba,ETH,19117.523,20954.0
3466.0,Genda Wuha,ETH,17800.0,20779.0
2430.0,Chinaksen,ETH,17891.213,20642.0
3409.0,Gatira,ETH,19276.0,20600.0
3515.0,Ginido,ETH,20436.0,20493.0
8126.0,Siribo,ETH,12195.0,20409.0
1881.0,Biftu,ETH,20020.0,20388.0
5954.0,Meraro,ETH,17930.0,20319.0
7863.0,Senbete,ETH,18506.121,20192.0
169.0,Adele,ETH,18990.0,20163.0
1279.0,Arerti,ETH,18236.426,20039.0
5580.0,Maksegnit,ETH,17859.877,19790.0
3107.0,Endaba Guna,ETH,15200.0,19770.0
7906.0,Shahura,ETH,18083.147,19719.0
5941.0,Mendi,ETH,17132.182,19675.0
2040.0,Bonesha,ETH,18328.0,19632.0
3678.0,Gutin,ETH,16912.91,19607.0
3753.0,Haro,ETH,17067.0,19511.0
3759.0,Hartishek,ETH,17700.0,19423.0
9078.0,Yezeleka,ETH,16438.0,19384.0
5923.0,Mekoye,ETH,17258.978,19301.0
7527.0,Rob Gebeya,ETH,12189.0,19102.0
8974.0,Wegada,ETH,16100.0,19030.0
3248.0,Fincha,ETH,14895.0,19013.0
2679.0,Deksis,ETH,10300.0,19012.0
3845.0,Hurta,ETH,16343.053,18864.0
1371.0,Atsbi Endasilasie,ETH,12000.0,18679.0
1286.0,Arjo,ETH,13500.0,18673.0
4702.0,Kemba,ETH,16714.774,18560.0
8987.0,Were Ilu,ETH,16826.461000000003,18544.0
3402.0,Gasera,ETH,17381.0,18508.0
5003.0,Koshe,ETH,16173.032,18454.0
8975.0,Wegel Tena,ETH,16870.791999999998,18364.0
5756.0,Masha 1,ETH,15709.0,18342.0
7076.0,Olonkomi,ETH,15807.696,18273.0
3735.0,Hamus Gebeya,ETH,15713.274,18183.0
8525.0,Tis Abay,ETH,17841.476,18173.0
9038.0,Yachiaurache,ETH,10627.0,18171.0
1643.0,Baniko Goteti,ETH,15370.0,18158.0
2603.0,Danisha,ETH,16809.887,18080.0
4070.0,Inticho,ETH,16548.989,18026.0
190.0,Adishohu,ETH,17632.0,18023.0
7439.0,Qoqa,ETH,13382.0,18017.0
2010.0,Boke Tiko,ETH,12793.0,17965.0
18.0,Abala,ETH,17100.0,17964.0
8155.0,Sokoru,ETH,17050.0,17899.0
8098.0,Siltana,ETH,16509.0,17895.0
5818.0,May Cadera,ETH,15632.408,17887.0
3465.0,Gend Wen,ETH,16470.225,17876.0
2982.0,Ejaji,ETH,15770.0,17823.0
8123.0,Sire 1,ETH,15100.0,17678.0
3111.0,Enewari,ETH,17065.0,17673.0
6080.0,Misrak Imi,ETH,14400.0,17610.0
1384.0,Awash Melkakunture,ETH,16188.0,17514.0
7851.0,Selekileha,ETH,16304.826,17513.0
4424.0,Kake,ETH,13634.0,17458.0
3658.0,Guliso,ETH,14334.0,17411.0
2668.0,Degan,ETH,15652.400000000001,17257.0
24.0,Abderafi,ETH,17000.0,17227.0
3720.0,Halila Negele,ETH,10233.0,16984.0
388.0,Ajibar,ETH,15687.321,16959.0
5935.0,Mena,ETH,15700.0,16896.0
1890.0,Bilalo Irsjha Limat,ETH,14689.0,16832.0
5914.0,Mehoni,ETH,15517.089,16826.0
8926.0,Togo Chale town ,ETH,16100.0,16636.0
5661.0,Manibuk,ETH,13800.987,16584.0
238.0,Agarfa,ETH,16366.0,16547.0
2688.0,Deneba 1,ETH,15807.0,16450.0
3473.0,Gerese,ETH,15534.0,16419.0
3754.0,Haro Adi,ETH,16300.0,16404.0
9062.0,Yaya,ETH,15118.557,16385.0
5917.0,Mekane Berhan,ETH,15149.254,16338.0
1849.0,Besko Elala,ETH,13337.0,16280.0
8454.0,Tercha,ETH,19854.0,16254.0
8687.0,Turre Wetera Elemo,ETH,14144.0,16245.0
2734.0,Digalu Kidame,ETH,13756.0,16173.0
5967.0,Metehara,ETH,13900.0,16064.0
4685.0,Kechema Chefe,ETH,13162.0,15934.0
4840.0,Kimir Dingay,ETH,14770.049,15926.0
1215.0,Anibesema,ETH,14601.937,15920.0
4683.0,Kebri Beyah,ETH,14500.0,15914.0
6951.0,Obora,ETH,14090.0,15912.0
8971.0,Wayu,ETH,15063.0,15897.0
8088.0,Sigmo,ETH,11888.0,15895.0
1418.0,Ayida Chema,ETH,13377.0,15807.0
5067.0,Kuchi,ETH,13420.0,15798.0
255.0,Agena,ETH,14155.181,15797.0
7440.0,Qore,ETH,13879.978,15790.0
2367.0,Chandba Delega,ETH,13629.0,15676.0
7956.0,Shay Bench,ETH,14058.713,15654.0
7426.0,Qersa,ETH,14403.0,15646.0
8506.0,Tikil Dingay,ETH,14294.905,15637.0
1531.0,Balemi,ETH,14258.0,15559.0
2692.0,Denise 37,ETH,14546.629,15550.0
4223.0,Jomora,ETH,13357.0,15529.0
2441.0,Chiri,ETH,10400.0,15461.0
103.0,Abu Kuke,ETH,13479.043,15452.0
3527.0,Gishe Abay,ETH,14222.097,15425.0
2683.0,Dembe,ETH,11539.0,15417.0
5530.0,Mahidere Selam,ETH,11711.0,15272.0
8554.0,Toli Beyem,ETH,13254.0,15271.0
5251.0,Lemen,ETH,14879.0,15229.0
166.0,Adebaye,ETH,13302.034,15221.0
2022.0,Bolo Giyorgis,ETH,13444.0,15145.0
3496.0,Gida Ayana,ETH,13050.178,15129.0
6490.0,Nada,ETH,14560.0,15118.0
2208.0,Bule,ETH,13503.938,15117.0
3084.0,Eliyas,ETH,12400.0,15111.0
3080.0,Eledima,ETH,13134.0,15097.0
6206.0,Molale,ETH,13803.128,15090.0
181.0,Adi Remets,ETH,13995.008,15005.0
3826.0,Homocho,ETH,13356.0,14962.0
4206.0,Jiga,ETH,13692.322,14941.0
8976.0,Weken,ETH,14610.0,14940.0
5987.0,Micheta,ETH,14800.0,14926.0
2455.0,Chole,ETH,14665.0,14894.0
200.0,Ado Boelo,ETH,12595.0,14867.0
3477.0,Gesa,ETH,13356.163,14841.0
385.0,Aje,ETH,13037.694000000001,14830.0
2384.0,Chefa Robit,ETH,13543.822,14786.0
4825.0,Kiloniso Mokoniso,ETH,12274.0,14615.0
5968.0,Metema Yohanis Town ,ETH,12574.519,14549.0
7532.0,Robit 2,ETH,13035.571,14541.0
3709.0,Hagere Selam 1,ETH,13611.944,14539.0
5253.0,Lemo Genito,ETH,13568.0,14537.0
2165.0,Bri,ETH,10200.0,14488.0
3780.0,Hawuzen,ETH,13554.417000000001,14480.0
4952.0,Kokosa,ETH,13479.0,14379.0
6070.0,Miret Amba,ETH,12456.0,14327.0
5757.0,Masha 2,ETH,13197.025,14258.0
55.0,Abora,ETH,13501.0,14210.0
4061.0,Inchini,ETH,13107.0,14176.0
160.0,Addis Alem 1,ETH,12330.912,14172.0
2964.0,Efa,ETH,10000.0,14120.0
1562.0,Bamibasi,ETH,11807.499,14074.0
3222.0,Fendika 1,ETH,12843.179,14062.0
1430.0,Azena,ETH,12837.064,14057.0
1894.0,Bilida,ETH,12259.0,14015.0
1174.0,Amedber,ETH,12664.461,13976.0
2250.0,Burjawi,ETH,12590.0,13955.0
8131.0,Sitir Dirma,ETH,13014.0,13919.0
5912.0,Mehal Meda,ETH,12664.682,13905.0
3242.0,Fik,ETH,13093.722,13814.0
6993.0,Ogolcho,ETH,13267.0,13791.0
1711.0,Bata Wayu,ETH,12164.0,13739.0
5205.0,Lalibela 2,ETH,12241.0,13708.0
3509.0,Gimija Bet,ETH,12515.916,13705.0
3470.0,Gerba 2,ETH,12363.675,13630.0
3670.0,Gura Harecho,ETH,11353.0,13570.0
3788.0,Hebo Molicha,ETH,11763.0,13522.0
3906.0,Ifedin,ETH,11073.0,13470.0
3411.0,Gato,ETH,11057.0,13405.0
2386.0,Chefe Gudina,ETH,11027.0,13321.0
39.0,Abiyot Fana,ETH,11958.0,13314.0
3109.0,Endibir,ETH,11773.95,13300.0
7869.0,Sengo Gebeya,ETH,12193.0,13260.0
7516.0,Rim,ETH,11896.0,13245.0
5926.0,Meliyu,ETH,12187.0,13218.0
161.0,Addis Alem 2,ETH,11834.0,13175.0
2698.0,Derwonaji,ETH,12421.323,13159.0
4697.0,Kelafo,ETH,12370.655,13128.0
3579.0,Gore,ETH,11275.622,13118.0
5929.0,Melka Werer,ETH,13000.0,13108.0
5247.0,Lehulum Selam,ETH,11690.0,13015.0
1267.0,Aradom,ETH,11097.0,12972.0
2965.0,Efa Gamachu,ETH,10882.0,12951.0
5944.0,Menider 24,ETH,12574.268,12924.0
4058.0,Inango,ETH,11176.627,12890.0
8545.0,Toba,ETH,12446.0,12883.0
2387.0,Chefedonsa,ETH,12792.0,12819.0
5552.0,Makafta Juru,ETH,11147.0,12816.0
9064.0,Yebokila,ETH,11851.911,12742.0
1321.0,Ashe,ETH,10788.0,12688.0
8656.0,Tuche Angalo,ETH,11835.0,12658.0
5272.0,Liguama,ETH,12034.0,12612.0
4998.0,Kork,ETH,11580.0,12612.0
2689.0,Deneba 2,ETH,11511.531,12575.0
2662.0,Debre Mariyam,ETH,10908.0,12429.0
3113.0,Enfranz,ETH,11196.443,12407.0
8033.0,Side,ETH,12009.0,12358.0
5925.0,Melika Gemechu,ETH,10159.0,12336.0
3523.0,Gisa Baela Egziabher,ETH,10363.0,12282.0
5911.0,Mehal Amba,ETH,10768.0,12276.0
4037.0,Ilusinbitu,ETH,10854.0,12257.0
7885.0,Seyo 2,ETH,10713.963,12209.0
6068.0,Mirab Imi,ETH,10100.0,12195.0
3187.0,Faji,ETH,11174.0,12178.0
5084.0,Kulubi,ETH,11754.0,12156.0
240.0,Agat K. 13,ETH,10891.0,12130.0
5942.0,Mendida,ETH,11809.0,12108.0
3451.0,Gebeze Mariyam,ETH,11163.594,12082.0
6198.0,Mojo 2,ETH,10388.0,12009.0
2062.0,Bore,ETH,10551.845,11998.0
2407.0,Cherti Dabeso,ETH,10705.0,11870.0
1925.0,Birbir,ETH,10505.705,11869.0
7968.0,Shere Horera,ETH,10217.0,11734.0
7544.0,Ropi,ETH,11674.0,11719.0
2975.0,Ego,ETH,10681.0,11716.0
2212.0,Bulki,ETH,10338.765,11705.0
7330.0,Pigniwedo,ETH,11343.0,11598.0
4698.0,Kelala,ETH,10346.271,11406.0
8505.0,Tijo,ETH,10245.0,11404.0
5546.0,Majete,ETH,10096.294,11291.0
7762.0,Sanja,ETH,10052.082,11175.0
2663.0,Debre Sina,ETH,10059.916,11137.0
7533.0,Robit 1,ETH,10090.0,11001.0
1775.0,Bele,ETH,14463.0,10977.0
1162.0,Amber,ETH,10062.09,10818.0
8954.0,Warder,ETH,10078.232,10721.0
2622.0,Dar es Salaam,TZA,5325879.0,5601592.0
6454.0,Mwanza,TZA,741876.0,1020365.0
1302.0,Arusha,TZA,833507.0,1004897.0
9125.0,Zanzibar,TZA,733039.0,726084.0
6252.0,Moshi,TZA,479698.0,510156.0
5865.0,Mbeya,TZA,530432.0,448367.0
5874.0,Mbomai,TZA,454194.0,441922.0
6243.0,Morogoro,TZA,345548.0,388101.0
2821.0,Dodoma,TZA,267470.0,373529.0
8357.0,Tanga 1,TZA,234284.0,274616.0
4805.0,Kigoma,TZA,272713.0,251557.0
8167.0,Songea,TZA,178428.0,217766.0
8259.0,Tabora,TZA,180307.0,206138.0
4603.0,Mpanda,TZA,89850.0,183192.0
8387.0,Tarime,TZA,84016.0,174203.0
2201.0,Bukoba,TZA,165878.0,162459.0
4089.0,Iringa,TZA,134355.0,160753.0
4441.0,Geita,TZA,107975.0,146305.0
6418.0,Musoma,TZA,155098.0,142281.0
7984.0,Shinyanga,TZA,121984.0,137173.0
6515.0,Nakonde/Tunduma [TZA],TZA,61249.0,131481.0
4405.0,Kahama,TZA,131939.0,130152.0
6318.0,Mtwara,TZA,89183.0,118528.0
8112.0,Singida,TZA,103302.0,117608.0
5746.0,Masama,TZA,114135.0,116347.0
8231.0,Sumbawanga,TZA,151588.0,107898.0
3899.0,Ifakara,TZA,91028.0,100138.0
7868.0,Sengerema,TZA,84097.0,91901.0
5555.0,Makambako,TZA,64987.0,91203.0
5180.0,Kyela Mjini ,TZA,116990.0,89178.0
2224.0,Bunda,TZA,79459.0,87159.0
6157.0,Mkwajuni 1,TZA,78049.0,83773.0
6548.0,Nansio,TZA,95885.0,82749.0
1476.0,Bagamoyo ,TZA,46727.0,79145.0
4618.0,Kasulu Mjini,TZA,104885.0,68587.0
1477.0,Bagamoyo ,TZA,56370.0,64543.0
4653.0,Katoro,TZA,107518.0,62133.0
1685.0,Bariadi,TZA,49293.0,59886.0
5796.0,Matema,TZA,69068.0,57167.0
5000.0,Korogwe,TZA,55588.0,54995.0
5611.0,Malindi,TZA,57829.0,53100.0
6925.0,Nzega,TZA,64723.0,52437.0
6727.0,Nguruka,TZA,29208.0,52047.0
8795.0,Ushirombo,TZA,48273.0,50844.0
4798.0,Kidodi,TZA,39366.0,50840.0
6160.0,Mlandizi,TZA,18478.0,48507.0
5404.0,Lutale,TZA,23088.0,46751.0
6161.0,Mlimba,TZA,40895.0,45364.0
8783.0,Urambo,TZA,40569.0,45020.0
3323.0,Gairo,TZA,52260.0,44741.0
1446.0,Babati,TZA,68123.0,43588.0
8902.0,Vwawa,TZA,61051.0,43182.0
6779.0,Njombe Mjini,TZA,75230.0,42599.0
5869.0,Mbinga Mjini,TZA,40382.0,42267.0
6452.0,Mwangoi,TZA,37122.0,42129.0
2189.0,Bugogwa,TZA,40796.0,42052.0
3914.0,Igala,TZA,39664.0,41998.0
6460.0,Mwayaya,TZA,58244.0,41672.0
5750.0,Masasi,TZA,63864.0,41239.0
6898.0,Nyakahanga,TZA,55785.0,40734.0
4678.0,Kazumarimba,TZA,24179.0,40265.0
2359.0,Chake Chake,TZA,46525.0,40046.0
6153.0,Mkuranga,TZA,38884.0,39638.0
5883.0,Mbulu Mjini,TZA,34712.0,38849.0
4137.0,Itigi,TZA,23348.0,38728.0
6403.0,Muriti,TZA,84809.0,37879.0
5469.0,Mafinga,TZA,53697.0,37490.0
5401.0,Lushoto,TZA,43482.0,37457.0
5282.0,Lindi,TZA,48515.0,37123.0
8676.0,Tunduru,TZA,39884.0,36936.0
4925.0,Kiwira,TZA,27396.0,36536.0
6302.0,Mpwapwa,TZA,44318.0,36281.0
6341.0,Muheza,TZA,39713.0,35803.0
4976.0,Kondoa Mjini,TZA,31436.0,35702.0
4693.0,Kisumu/Mbale/Busia/Sirari [TZA],TZA,234488.0,35684.0
4776.0,Kibara,TZA,36645.0,34546.0
2369.0,Chanika,TZA,41679.0,34005.0
5494.0,Magu Mjini,TZA,53603.0,33951.0
5697.0,Manyoni,TZA,27344.0,33441.0
6333.0,Muganza,TZA,29478.0,33212.0
6489.0,Nachingwea,TZA,36985.0,32999.0
2375.0,Chato,TZA,41922.0,32643.0
4565.0,Karatu,TZA,62991.0,32112.0
2362.0,Chalinze,TZA,37504.0,31821.0
8995.0,Wete,TZA,34833.0,31060.0
8694.0,Ubaruku,TZA,31686.0,31042.0
6310.0,Mtibwa,TZA,22554.0,30403.0
7572.0,Rujewa,TZA,31985.0,29957.0
4796.0,Kidatu,TZA,34972.0,29744.0
1883.0,Biharamulo Mjini,TZA,27019.0,29704.0
6864.0,Nshamba,TZA,26864.0,29359.0
4590.0,Kasamwa,TZA,26466.0,29333.0
4826.0,Kilosa,TZA,24067.0,29326.0
8826.0,Vigoi,TZA,34293.0,28453.0
4455.0,Kaliua,TZA,18639.0,28399.0
6338.0,Mugumu Mjini,TZA,28508.0,28259.0
4788.0,Kibondo Mjini,TZA,42233.0,28057.0
3157.0,Etaro,TZA,20146.0,28006.0
4403.0,Kagongwa,TZA,22813.0,27655.0
6087.0,Misungwi,TZA,33598.0,27635.0
4668.0,Kayanga,TZA,33926.0,27362.0
6524.0,Namanyere,TZA,20783.0,27335.0
4452.0,Kalinzi,TZA,29473.0,27231.0
6900.0,Nyalikungu,TZA,28107.0,26713.0
5576.0,Makongorosi,TZA,19660.0,25938.0
5802.0,Matongo ,TZA,35005.0,25798.0
6358.0,Muleba,TZA,28518.0,25691.0
5078.0,Kukirango,TZA,26378.0,25472.0
2302.0,Bwanga,TZA,13525.0,25128.0
6897.0,Nyakafulu,TZA,43945.0,25006.0
6162.0,Mlowo,TZA,58335.0,24958.0
6159.0,Mlandege,TZA,29429.0,24689.0
3945.0,Igowole,TZA,29236.0,24568.0
4835.0,Kilimahewa,TZA,19042.0,24503.0
3948.0,Igunga,TZA,55866.0,23722.0
4778.0,Kibaya,TZA,21455.0,23451.0
6718.0,Ngudu,TZA,30210.0,22515.0
8172.0,Songwa,TZA,20484.0,22481.0
6810.0,Nkungwe,TZA,46412.0,22449.0
3713.0,Hai Mjini,TZA,48646.0,22390.0
3108.0,Endasak,TZA,18275.0,22176.0
5981.0,Mhonda,TZA,21842.0,22133.0
4135.0,Itewe,TZA,25577.0,21899.0
4909.0,Kitanga,TZA,22494.0,21756.0
4098.0,Isaka,TZA,23072.0,21482.0
7715.0,Same Mjini,TZA,27185.0,21409.0
6453.0,Mwanhuzi,TZA,21320.0,21400.0
4500.0,Kanazi,TZA,23953.0,21156.0
1667.0,Barabarani,TZA,20909.0,21130.0
2427.0,Chimala,TZA,27247.0,21128.0
6158.0,Mkwajuni 2,TZA,16595.0,20982.0
4035.0,Ilula,TZA,27329.0,20708.0
4820.0,Kilindoni,TZA,19542.0,20362.0
5193.0,Laela,TZA,14579.0,20208.0
6145.0,Mkata,TZA,17107.0,20195.0
2239.0,Bupandwamhela,TZA,16073.0,20165.0
4651.0,Katoke ,TZA,11922.0,19862.0
3950.0,Igurusi,TZA,24196.0,19791.0
4783.0,Kibiti,TZA,16171.0,19506.0
6069.0,Mirerani,TZA,29774.0,19260.0
4975.0,Konde,TZA,14156.0,19206.0
5849.0,Mbamba Bay,TZA,19056.0,18583.0
4711.0,Kengeja,TZA,18188.0,18570.0
4772.0,Kibaigwa,TZA,26357.0,18564.0
5703.0,Maposeni,TZA,16018.0,18151.0
5799.0,Mateves,TZA,16972.0,17716.0
2285.0,Butiama 1,TZA,20689.0,17299.0
6448.0,Mwamanyili,TZA,16088.0,17233.0
2185.0,Bugarama,TZA,26944.0,17079.0
4596.0,Kaseke,TZA,34012.0,16898.0
6148.0,Mkoma,TZA,18445.0,16786.0
6315.0,Mtumba,TZA,18381.0,16744.0
4097.0,Isagehe 1,TZA,11518.0,16686.0
6298.0,Mpuguso,TZA,15160.0,16673.0
4005.0,Ikwiriri,TZA,34318.0,16499.0
2230.0,Bungu,TZA,19973.0,16451.0
5292.0,Liwale Mjini,TZA,30722.0,16369.0
4602.0,Kashasha,TZA,12118.0,16044.0
8790.0,Usagara,TZA,16441.0,15933.0
4983.0,Kongwa,TZA,14403.0,15337.0
4640.0,Katesh,TZA,17946.0,15296.0
2360.0,Chala,TZA,14862.0,15147.0
6003.0,Mikumi,TZA,21438.0,14918.0
6917.0,Nyarubanda,TZA,17465.0,14889.0
5881.0,Mbuguni,TZA,17513.0,14694.0
2902.0,Dumila,TZA,22845.0,14631.0
6640.0,Ndungu,TZA,14371.0,14547.0
6073.0,Misasi,TZA,18122.0,14447.0
8353.0,Tandahimba,TZA,21338.0,14392.0
4273.0,Kabuku,TZA,13068.0,14392.0
5781.0,Matai,TZA,17984.0,14349.0
7556.0,Ruangwa,TZA,13962.0,14319.0
5495.0,Magugu,TZA,36047.0,14048.0
8807.0,Uyovu,TZA,32361.0,13976.0
7066.0,Old Shinyanga,TZA,10758.0,13795.0
4876.0,Kirando,TZA,13727.0,13536.0
5712.0,Maramba,TZA,11720.0,13457.0
6798.0,Nkome 2,TZA,21987.0,13359.0
8800.0,Utete,TZA,11749.0,13194.0
6913.0,Nyanguge,TZA,15798.0,12872.0
5534.0,Mahuta,TZA,21276.0,12709.0
6550.0,Nanyamba,TZA,13818.0,12707.0
6911.0,Nyangao,TZA,10114.0,12603.0
6695.0,Ngara,TZA,23055.0,12448.0
3789.0,Hedaru,TZA,19472.0,12323.0
6309.0,Mtama,TZA,11609.0,12141.0
6546.0,Nangomba,TZA,17111.0,12123.0
4893.0,Kisarawe,TZA,12631.0,11975.0
6373.0,Makiungu ,TZA,19594.0,11412.0
4908.0,Kitama,TZA,13340.0,11303.0
6217.0,Monduli,TZA,16032.0,11233.0
4096.0,Isagehe 2,TZA,14585.0,11129.0
6474.0,Mzizima,TZA,12371.0,11082.0
7963.0,Shelui,TZA,16010.0,10963.0
6508.0,Naipanga,TZA,10967.0,10774.0
5437.0,Madaba,TZA,12785.0,10770.0
6451.0,Mwanga,TZA,16634.0,10582.0
5567.0,Makere,TZA,19560.0,10417.0
2451.0,Chiwezi,TZA,27196.0,10337.0
5488.0,Magomeni,TZA,12875.0,10073.0
4903.0,Kisumu,KEN,5040159.0,15515528.0
6509.0,Nairobi,KEN,5877118.0,7573673.0
3094.0,Embu,KEN,2046897.0,4459933.0
6212.0,Mombasa,KEN,1257654.0,1450790.0
4811.0,Kikima,KEN,282552.0,1233698.0
6516.0,Nakuru,KEN,555043.0,1069970.0
6510.0,Naivasha,KEN,146593.0,493319.0
8474.0,Thika,KEN,133089.0,358222.0
6209.0,Molo,KEN,37927.0,349317.0
5610.0,Malindi,KEN,212176.0,336324.0
4919.0,Kitui,KEN,100805.0,335404.0
6894.0,Nyahururu,KEN,90352.0,317515.0
6551.0,Nanyuky,KEN,96186.0,259180.0
4431.0,Kakuma,KEN,162651.0,210000.0
4764.0,Ki Li Fi,KEN,98078.0,197987.0
5810.0,Matuu,KEN,10079.0,183299.0
5721.0,Mariakani,KEN,46908.0,165959.0
3387.0,Garissa,KEN,75755.0,150016.0
4134.0,Iten,KEN,19541.0,148689.0
8723.0,Ukunda,KEN,89489.0,126095.0
9024.0,Wundyani,KEN,103030.0,117179.0
6557.0,Narok,KEN,48513.0,110002.0
5643.0,Mandera,KEN,92053.0,107651.0
8174.0,Sori,KEN,15412.0,105293.0
5870.0,Mbita,KEN,15213.0,94006.0
8928.0,Wajir,KEN,58821.0,93072.0
4114.0,Isiolo,KEN,52417.0,92831.0
3505.0,Gilgil,KEN,46350.0,83802.0
5301.0,Lodwar,KEN,67688.0,79585.0
8982.0,Hagadera,KEN,46136.0,73622.0
8215.0,Subokia,KEN,52556.0,72437.0
8792.0,Usenge,KEN,42191.0,66103.0
6277.0,Moyale ,KEN,45863.0,65013.0
6311.0,Mtito-Andei,KEN,44648.0,63447.0
8890.0,Voi,KEN,34346.0,59689.0
2525.0,Dadaab,KEN,56610.0,58014.0
3074.0,El Wak,KEN,32314.0,54422.0
8103.0,Simkumbe,KEN,19990.0,52650.0
8885.0,Visoi,KEN,23862.0,51377.0
5711.0,Maralal,KEN,45233.0,50388.0
2530.0,Dagahaley,KEN,42128.0,48142.0
5571.0,Makindu,KEN,10030.0,47248.0
5740.0,Marsabit,KEN,29587.0,45695.0
7502.0,Rhamu,KEN,27173.0,43581.0
3076.0,Elburgon,KEN,34805.0,43344.0
8400.0,Taveta,KEN,35697.0,42794.0
7072.0,Oloitokitok,KEN,30628.0,35663.0
8230.0,Sumba,KEN,25010.0,35610.0
3077.0,Eldama Ravine,KEN,24283.0,32902.0
4417.0,Kajiado,KEN,21433.0,32859.0
3822.0,Hola,KEN,12629.0,30645.0
6857.0,Nsambweni,KEN,29106.0,29178.0
4247.0,Kabarnet,KEN,25240.0,28526.0
8943.0,Wamumu,KEN,21905.0,24830.0
6469.0,Mwingi,KEN,18355.0,24182.0
5210.0,Lamu,KEN,22080.0,22645.0
6186.0,Mogoto,KEN,12610.0,22617.0
6523.0,Namanga ,KEN,16704.0,21020.0
3560.0,Golini,KEN,16204.0,20779.0
4833.0,Kimana,KEN,15047.0,18005.0
4689.0,Keekonyokie,KEN,15023.0,17567.0
8225.0,Sultan Hamud aggl.,KEN,15180.0,15323.0
7876.0,Banjul,GMB,788777.0,908580.0
1706.0,Basse Santo-Su,GMB,26273.064000000006,31707.0
1645.0,Banjul,GMB,33923.628,31301.0
3195.0,Farafenni,GMB,23374.311,28285.0
3150.0,Essau,GMB,15163.264000000003,18658.0
3668.0,Gunjur,GMB,13844.157,17631.0
8160.0,Soma,GMB,14922.707,17313.0
145.0,Accra,GHA,4452483.0,4697074.0
5112.0,Kumasi,GHA,2802343.9999999995,3227994.0
8302.0,Takoradi,GHA,679797.0,808755.0
8324.0,Tamale,GHA,312880.99999999994,456122.0
2334.0,Cape Coast,GHA,217377.0,233228.0
4943.0,Koforidua,GHA,201417.0,223539.0
8239.0,Sunyani,GHA,152389.0,222869.0
8427.0,Techiman,GHA,127596.0,216784.0
6952.0,Obuasi,GHA,173463.0,184901.0
8162.0,Somanya,GHA,111948.0,162203.0
272.0,Agona Swedru,GHA,101476.0,147959.0
8903.0,Wa,GHA,74868.0,141828.0
3819.0,Ho,GHA,135349.0,135844.0
8388.0,Tarkwa,GHA,54039.0,130424.0
5668.0,Mankesim,GHA,110072.0,115754.0
2021.0,Bolgatanga,GHA,74497.0,112835.0
1835.0,Berekum,GHA,111449.0,112458.0
5316.0,Lome/Aflao/Tokor [GHA] 2,GHA,84649.0,112174.0
9003.0,Winneba,GHA,80974.0,109571.0
1731.0,Bawku,GHA,66354.0,92950.0
6789.0,Nkawkaw,GHA,60869.0,88653.0
1224.0,Anloga,GHA,71183.0,85705.0
409.0,Akim Oda,GHA,58080.0,72786.0
4988.0,Konongo,GHA,46643.0,70382.0
9077.0,Yendi,GHA,60583.0,69488.0
3820.0,Hohoe,GHA,79064.0,66129.0
1307.0,Asamankese,GHA,52208.0,63864.0
8985.0,Wenchi,GHA,40193.0,63093.0
4859.0,Kintampo,GHA,52017.0,62622.0
6675.0,New Tafo,GHA,53256.0,61282.0
6975.0,Offinso,GHA,37559.0,59753.0
8220.0,Suhum,GHA,40036.0,57336.0
1355.0,Atebubu,GHA,45424.0,55723.0
2989.0,Ejura,GHA,37408.0,53745.0
5630.0,Mampong,GHA,42782.0,53118.0
2913.0,Dunkwa-on-Offin,GHA,36479.0,50297.0
2861.0,Dormaa Ahenkro,GHA,41332.0,48803.0
1344.0,Assin Foso,GHA,42212.0,47976.0
9066.0,Yegyi,GHA,42221.0,46907.0
6571.0,Navrongo,GHA,39498.0,44787.0
7378.0,Prestea,GHA,35223.0,44774.0
1251.0,Apam,GHA,27347.0,44345.0
265.0,Agogo,GHA,39427.0,44296.0
1905.0,Bimbilla,GHA,38099.0,42550.0
1730.0,Bawjiase,GHA,19889.0,39703.0
6803.0,Nkoranza,GHA,35593.0,38986.0
7805.0,Savelugu,GHA,35501.0,38962.0
3085.0,Elmina,GHA,31884.0,38666.0
7830.0,Sefwi Wiawso,GHA,29233.0,37774.0
1223.0,Kilkor,GHA,28397.0,36100.0
2887.0,Drobo,GHA,28047.0,35886.0
7871.0,Senya Bereku,GHA,20800.0,35446.0
1414.0,Axim,GHA,23255.0,34492.0
5042.0,Kpassa,GHA,18646.0,33891.0
203.0,Adoagyiri,GHA,21205.0,33890.0
8942.0,Wamfie,GHA,20309.0,33880.0
5041.0,Kpandu,GHA,31749.0,33441.0
430.0,Akwatia,GHA,33697.0,33142.0
2934.0,Dzodze,GHA,31659.0,32964.0
399.0,Akatsi,GHA,33147.0,32416.0
4283.0,Kade,GHA,30437.0,31948.0
7687.0,Salaga,GHA,28665.0,31878.0
1870.0,Bibiani,GHA,26939.0,31378.0
6166.0,Mmem,GHA,28560.0,31156.0
2577.0,Damongo,GHA,24065.0,31057.0
8932.0,Walewale,GHA,25011.0,30998.0
6813.0,Bepong,GHA,28205.0,30450.0
3677.0,Gushiegu,GHA,23923.0,27654.0
1308.0,Asankragwa,GHA,23937.0,27090.0
132.0,Abuesi,GHA,20175.0,27006.0
6811.0,Nkwanta,GHA,24262.0,26863.0
2569.0,Dambai,GHA,27482.0,26402.0
9101.0,Zabzugu,GHA,24979.0,26061.0
416.0,Afrancho,GHA,20122.0,25859.0
5952.0,Mepe,GHA,25528.0,25680.0
2439.0,Chiraa,GHA,17200.0,25293.0
3544.0,Goaso,GHA,25139.0,25165.0
410.0,Akim Swedru,GHA,23557.0,23988.0
6868.0,Nsuatre,GHA,17451.0,23981.0
2020.0,Bole,GHA,14997.0,23310.0
8692.0,Twifo Praso,GHA,17527.0,23175.0
4715.0,Kenyasi 2,GHA,19772.0,23112.0
1758.0,Begoro,GHA,22556.0,23001.0
6517.0,Nalerigu,GHA,17189.0,22532.0
4554.0,Karaga,GHA,17194.0,22333.0
271.0,Agona Nyakrom,GHA,20521.0,21995.0
1245.0,Anyiman,GHA,17448.0,21814.0
4230.0,Juapong,GHA,19942.0,21728.0
8147.0,Sogakope,GHA,18502.0,21156.0
7723.0,Sampa,GHA,17179.0,20976.0
4779.0,Kibi,GHA,20951.0,20715.0
2893.0,Duayaw Nkwanta,GHA,19921.0,20577.0
405.0,Akim Achiase,GHA,24843.0,20575.0
379.0,Aiyinase,GHA,16050.0,20484.0
270.0,Agona Nsaba,GHA,10438.0,20134.0
8394.0,Tatale,GHA,19923.0,19981.0
269.0,Agona nkwanta,GHA,16276.0,19854.0
7298.0,Peki-Tsame,GHA,14900.0,19633.0
1749.0,Bechem,GHA,17995.0,19467.0
4187.0,Jasikan,GHA,13849.0,19272.0
4971.0,Komenda,GHA,18670.0,19262.0
419.0,Akosombo,GHA,18560.0,18992.0
5156.0,Kwame Danso,GHA,18255.0,18574.0
1464.0,Badu,GHA,16200.0,18455.0
2194.0,Buipe,GHA,14564.0,18340.0
2163.0,Brenan Asikuma,GHA,16589.0,18066.0
2891.0,Duadaso No.2,GHA,14221.0,18050.0
7725.0,Samreboi,GHA,15113.0,17872.0
4616.0,Kasseh,GHA,15676.0,17815.0
229.0,Afosu,GHA,17086.0,17665.0
168.0,Adeiso,GHA,16790.0,17656.0
3142.0,Esiama,GHA,12885.0,17599.0
8452.0,Tepa,GHA,17694.0,17486.0
9000.0,Wiamoase,GHA,14588.0,17347.0
44.0,Abofour,GHA,11339.0,17310.0
3106.0,Enchi,GHA,13125.0,17290.0
1309.0,Asanwinso,GHA,16009.0,16985.0
3717.0,Half Assini,GHA,19092.0,16901.0
5466.0,Mafi Kumase,GHA,14222.0,16656.0
406.0,Akim Akroso,GHA,14865.0,16587.0
8428.0,Techimantia,GHA,16394.0,16485.0
9053.0,Yamfo,GHA,12565.0,16081.0
267.0,Agona,GHA,13984.0,16054.0
4183.0,Jamasi,GHA,12968.0,15950.0
1141.0,Amanten,GHA,13522.0,15679.0
1999.0,Bogoso,GHA,12860.0,15658.0
2715.0,Diare,GHA,15203.0,15565.0
8673.0,Tumu,GHA,12350.0,15448.0
4217.0,Jirapa,GHA,14518.0,14884.0
3087.0,Elubo,GHA,16769.0,14845.0
30.0,Abetifi,GHA,11733.0,14710.0
1348.0,Asuom,GHA,14238.0,14593.0
6812.0,Nkwatanum-Essiam,GHA,15929.0,14462.0
3345.0,Gambaga,GHA,10413.0,14309.0
4287.0,Kadjebi,GHA,12004.0,14226.0
7829.0,Sefwi Bekwai,GHA,11498.0,14164.0
6791.0,Nkenkaasu,GHA,11050.0,14040.0
2363.0,Chamba,GHA,13948.0,13956.0
6671.0,New Ebiduase,GHA,13401.0,13901.0
1848.0,Besease,GHA,15158.0,13762.0
7287.0,Parambo,GHA,11744.0,13553.0
3795.0,Hemang,GHA,10987.0,13463.0
7065.0,Old Debiso,GHA,11519.0,13424.0
152.0,Ada Foah,GHA,12644.0,13237.0
187.0,Adina,GHA,12108.0,13230.0
2845.0,Dompoase,GHA,12456.0,13187.0
5113.0,Kumawu,GHA,13300.0,13153.0
6290.0,Mpohor,GHA,11755.0,13062.0
1252.0,Apedwa,GHA,12661.0,12517.0
2235.0,Bunkpurugu,GHA,11422.0,12512.0
268.0,Agona Kwanyako,GHA,12241.0,12450.0
8649.0,Tsito,GHA,12052.0,12439.0
5039.0,Kpandai,GHA,11183.0,12433.0
6922.0,Nyinahin,GHA,10719.0,12262.0
4733.0,Kete-Krachi,GHA,11292.0,12235.0
2932.0,Dzemeni,GHA,10460.0,12148.0
9022.0,Wulensi,GHA,11005.0,12071.0
8434.0,Teleku Bokazo,GHA,10335.0,11992.0
2162.0,Breman Odoben,GHA,10993.0,11972.0
7838.0,Seikwa,GHA,10138.0,11826.0
2696.0,Derma,GHA,10906.0,11799.0
139.0,Abura Dunkwa,GHA,11225.0,11719.0
5226.0,Larteh,GHA,11251.0,11597.0
2933.0,Dzita Agbledomi,GHA,11079.0,11573.0
2161.0,Breman Brakwa,GHA,10491.0,11425.0
6862.0,Nsawkaw,GHA,10177.0,11418.0
1987.0,Bodomase,GHA,11302.0,11178.0
6870.0,Nsuta,GHA,10930.0,11148.0
5157.0,Kwamekrom,GHA,10329.0,10984.0
4166.0,Jacobu,GHA,10784.0,10980.0
6808.0,Nkrankwanta,GHA,10836.0,10874.0
2052.0,Bonyere,GHA,12076.0,10690.0
6948.0,Obogu,GHA,10256.0,10652.0
1951.0,Bissau,GNB,410620.0,540631.0
3311.0,Gabu,GNB,43935.0,67549.0
1467.0,Bafata,GNB,30812.0,38565.0
2330.0,Canchungo,GNB,16508.0,17764.0
7090.0,Ondame,GNB,13532.0,15753.0
1953.0,Bissora,GNB,10051.0,13305.0
6741.0,Niamey,NER,1071481.0,1252318.0
5708.0,Maradi,NER,360960.0,451889.0
9167.0,Zinder,NER,260268.0,328174.0
8290.0,Tahoua,NER,134126.0,156570.0
234.0,Agadez,NER,119502.0,139454.0
1935.0,Birni N'Konni,NER,68114.0,83437.0
2865.0,Dosso,NER,62715.0,78855.0
1288.0,Arlit,NER,52419.0,64637.0
3416.0,Gaya,NER,50368.0,61573.0
8457.0,Tessaoua,NER,46490.0,58980.0
2733.0,Diffa,NER,44886.0,53711.0
2828.0,Dogondoutchi,NER,38904.0,49847.0
5439.0,Madaoua,NER,29420.0,48694.0
8453.0,Tera,NER,31768.0,42168.0
2548.0,Dakoro,NER,33623.0,41233.0
8510.0,Tillaberi,NER,30188.0,38531.0
5789.0,Matameye,NER,30333.0,37485.0
415.0,Akokan,NER,28775.0,35482.0
5476.0,Magaria,NER,28145.0,34088.0
6072.0,Mirriah,NER,31080.0,32659.0
8408.0,Tchadoua,NER,24960.0,31788.0
6721.0,N'Guigmi,NER,25801.0,29833.0
4024.0,Illela,NER,24284.0,29276.0
8329.0,Tamaske,NER,23860.0,28405.0
8367.0,Tanout,NER,21493.0,26407.0
20.0,Abalak,NER,25197.0,26231.0
3646.0,Guidan Roumdji,NER,19492.0,24510.0
1539.0,Balleyara,NER,17487.0,24450.0
3595.0,Goure,NER,19561.0,24355.0
278.0,Aguie,NER,19044.0,23973.0
1455.0,Badaguichiri,NER,15749.0,20929.0
4963.0,Kollo,NER,15865.0,20788.0
3418.0,Gazaoua,NER,16054.0,20654.0
1934.0,Birni N'Gaoure,NER,15376.0,20478.0
3649.0,Guidimouni,NER,17029.0,20459.0
4958.0,Kiota Mayaki,NER,15983.0,20304.0
2588.0,Dan Issa,NER,16489.0,20076.0
5790.0,Matankari,NER,14960.0,19338.0
3246.0,Filingue,NER,12802.0,19332.0
19.0,Abala Maidagi,NER,15071.0,19002.0
7809.0,Say,NER,14317.0,18215.0
5821.0,Mayahi,NER,14035.0,18101.0
3336.0,Galmi,NER,14516.0,17841.0
4522.0,Kantche,NER,14328.0,17807.0
8418.0,Tchintabaraden,NER,17168.0,17254.0
1422.0,Ayorou Haoussa,NER,13434.0,16907.0
2910.0,Dungass,NER,13763.0,16543.0
5440.0,Madarounfa,NER,13136.0,16512.0
1808.0,Bengou,NER,13115.0,16454.0
8580.0,Torodi,NER,13421.0,16280.0
8622.0,Tsernaoua,NER,13513.0,16109.0
5542.0,Maine Soroa,NER,13886.0,15151.0
9070.0,Yekoua Nagalabou,NER,12364.0,14889.0
7159.0,Ouallam,NER,11425.0,14368.0
1641.0,Falmey Djerma,NER,10899.0,13778.0
2145.0,Bouza,NER,11331.0,13583.0
2824.0,Dogo Chaibou,NER,11074.0,13217.0
4694.0,Keita,NER,10780.0,12886.0
8416.0,Safo,NER,10011.0,12739.0
8579.0,Toro,NER,10052.0,12704.0
1572.0,Bande Haoussa,NER,10647.0,12581.0
4534.0,Kaoura Abdou,NER,10025.0,12574.0
1576.0,Bandio,NER,10407.0,12493.0
1478.0,Bagaroua,NER,10415.0,12478.0
7732.0,Sanam,NER,10182.0,12390.0
8598.0,Toumour,NER,10861.0,12248.0
8595.0,Toullou 1,NER,10097.0,12172.0
3280.0,Freetown,SLE,1456596.0,1984000.0
4709.0,Kenema,SLE,200443.0,263000.0
1973.0,Bo,SLE,185781.0,255000.0
4944.0,Koidu,SLE,138364.0,205000.0
5565.0,Makeni,SLE,153839.0,201000.0
5529.0,Mahera,SLE,75464.0,75000.0
4475.0,Kambia,SLE,32234.0,48000.0
4240.0,Kabala,SLE,33852.0,45000.0
5389.0,Lunsar,SLE,34163.0,34000.0
7358.0,Port Loko,SLE,33541.0,34000.0
9090.0,Yonibana,SLE,28829.0,33500.0
4413.0,Kailahun,SLE,23326.0,32000.0
5481.0,Magburaka,SLE,23136.0,27000.0
6239.0,Moriba Town,SLE,16329.0,20000.0
7833.0,Segbwema,SLE,18686.0,19000.0
4469.0,Kamakwie,SLE,14962.0,16500.0
2632.0,Daru,SLE,16021.0,16000.0
8574.0,Torgbonbu,SLE,18800.0,14000.0
7536.0,Rokupr,SLE,11000.0,12000.0
5805.0,Mattru Jong,SLE,11581.0,12000.0
6278.0,Moyamba,SLE,10249.0,11000.0
2050.0,Bonthe,SLE,10075.0,10200.0
5767.0,Masingbi,SLE,15007.0,10100.0
5317.0,Lomé,TGO,1733330.0,2705698.0
8623.0,Tsévié,TGO,161486.0,181001.0
4550.0,Kara,TGO,143103.0,145352.0
8149.0,Sokode,TGO,115759.0,128517.0
5038.0,Kpalime,TGO,102763.0,109089.0
2609.0,Dapaong,TGO,84269.0,104976.0
1351.0,Atakpame,TGO,90711.0,103392.0
6849.0,Notse,TGO,58713.0,70629.0
1216.0,Anie,TGO,45983.0,50514.0
8409.0,Tchamba,TGO,30324.0,42198.0
2492.0,Cinkassi/Cinkanse [TGO],TGO,40336.0,40801.0
8257.0,Tabligbo,TGO,33717.0,36739.0
1705.0,Bassar,TGO,31926.0,34308.0
221.0,Afagnagan,TGO,35219.0,33854.0
8180.0,Sotouboua,TGO,28183.0,32968.0
5653.0,Mango,TGO,27402.0,32508.0
285.0,Ahépé,TGO,29622.0,30814.0
8924.0,Wahala,TGO,24550.0,30323.0
8887.0,Vogan,TGO,27145.0,27997.0
1337.0,Asrama,TGO,18603.0,24277.0
3711.0,Hahotoé,TGO,22796.0,23516.0
5034.0,Kouve,TGO,21733.0,23406.0
3538.0,Glei,TGO,19240.0,22596.0
173.0,Adeta,TGO,32895.0,21133.0
196.0,Adjengre,TGO,17382.0,20617.0
1462.0,Badou,TGO,12923.0,20474.0
1469.0,Bafilo,TGO,19088.0,20239.0
413.0,Aklakou,TGO,19330.0,20067.0
3635.0,Guerin Kouka,TGO,18504.0,19744.0
1374.0,Attitogon,TGO,16707.0,19157.0
5208.0,Lama-Bou,TGO,16094.0,18642.0
4503.0,Kante,TGO,14641.0,18033.0
1212.0,Anfoin,TGO,13772.0,17886.0
4732.0,Ketao,TGO,17180.0,17857.0
1969.0,Blitta,TGO,15983.0,16866.0
4261.0,Kaboli,TGO,12981.0,16767.0
2936.0,Dzrekpo,TGO,12672.0,16715.0
1340.0,Assahoun,TGO,15234.0,15825.0
3540.0,Glidji,TGO,10454.0,15363.0
6743.0,Niamtougou,TGO,13577.0,14189.0
5044.0,Kpele-Ele,TGO,11748.0,14167.0
7259.0,Pagala-Gare,TGO,12275.0,13406.0
4271.0,Kabou,TGO,11996.0,13091.0
8267.0,Tado,TGO,11984.0,12524.0
4994.0,Korbongou-Centre,TGO,11633.0,12078.0
2640.0,Datcha,TGO,10320.0,11994.0
8413.0,Tchekpo-Dedekpoe,TGO,10774.0,11521.0
8550.0,Tohoun,TGO,10819.0,11249.0
5043.0,Kpekpleme,TGO,10728.0,11232.0
1547.0,Bamako,MLI,2781734.0,3534153.0
8093.0,Sikasso,MLI,279161.0,335159.0
5032.0,Koutiala,MLI,198426.0,248488.0
7835.0,Segou,MLI,214840.0,223008.0
4671.0,Kayes,MLI,176849.0,222425.0
3368.0,Gao,MLI,105890.0,129029.0
7727.0,San,MLI,82135.0,91370.0
2107.0,Bougouni,MLI,71800.0,83491.0
6233.0,Mopti (Sevare),MLI,65420.0,75616.0
8561.0,Timbuktu,MLI,67032.0,75339.0
4905.0,Kita,MLI,60147.0,69352.0
6766.0,Niono Socoura,MLI,60432.0,68897.0
5016.0,Koulikoro,MLI,51030.0,57080.0
3190.0,Fana,MLI,45206.0,55224.0
6767.0,Nioro,MLI,41319.0,47239.0
4795.0,Kidal,MLI,31820.0,42804.0
2869.0,Douentza,MLI,29437.0,36562.0
4285.0,Kadiolo,MLI,30356.0,36264.0
2550.0,Dalabala,MLI,25959.0,36118.0
2133.0,Bourem,MLI,33707.0,35283.0
2800.0,Djenne,MLI,32211.0,34489.0
9151.0,Zegoua,MLI,25139.0,33951.0
1964.0,Bla,MLI,26878.0,32002.0
2706.0,Diamarabougou,MLI,29475.0,30380.0
2773.0,Dire,MLI,24954.0,28525.0
3206.0,Fatao,MLI,21627.0,25796.0
5486.0,Magnadoue,MLI,21699.0,25465.0
8125.0,Siribala Coro,MLI,19336.0,24057.0
1574.0,Bandiagara,MLI,21051.0,23905.0
2871.0,Dougabougou,MLI,21005.0,23357.0
7185.0,Ouelessebougou,MLI,20801.0,22649.0
4999.0,Koro,MLI,19645.0,22478.0
2760.0,Dioila,MLI,18728.0,22265.0
2762.0,Dioro,MLI,21133.0,21771.0
5030.0,Koury,MLI,18294.0,21578.0
6556.0,Nara,MLI,18780.0,21340.0
9056.0,Yanfolila,MLI,19415.0,21055.0
2704.0,Diabaly,MLI,17312.0,20953.0
1232.0,Ansongo Dioula,MLI,18374.0,20531.0
1566.0,Banamba,MLI,18826.0,20052.0
1647.0,Bankass,MLI,14762.0,19474.0
6231.0,Mopti Centre,MLI,16613.0,19196.0
2752.0,Dinangourou,MLI,16811.0,19178.0
4712.0,Kenieba,MLI,14399.0,18747.0
8586.0,Touba,MLI,17554.0,18657.0
2730.0,Diema,MLI,15721.0,18350.0
4965.0,Kolondieba,MLI,16165.0,17778.0
6232.0,Mopti-Medina Coura,MLI,15008.0,17335.0
4948.0,Kokobougou,MLI,16320.0,17267.0
8606.0,Toya,MLI,15507.0,17141.0
5435.0,Macina,MLI,14679.0,16964.0
3590.0,Goundam,MLI,15444.0,16889.0
7628.0,Sadiola,MLI,13048.0,16814.0
7770.0,Sansanding,MLI,14214.0,16418.0
1673.0,Baraoueli,MLI,15321.0,16393.0
8151.0,Sokolo,MLI,13303.0,16370.0
4985.0,Konna,MLI,15008.0,16305.0
8570.0,Tonka,MLI,14754.0,16232.0
5532.0,Mahou,MLI,14824.0,16006.0
8250.0,Tabakoto,MLI,12135.0,15987.0
8613.0,Trougoumbe,MLI,15315.0,15663.0
8447.0,Tenenkou,MLI,13825.0,15569.0
3588.0,Goumbou,MLI,13917.0,15451.0
1459.0,Badinko,MLI,12283.0,15097.0
5531.0,Mahina,MLI,13810.0,14886.0
3274.0,Fourou,MLI,11527.0,14663.0
5259.0,Lere,MLI,12572.0,14564.0
5018.0,Koumantou,MLI,12694.0,14480.0
8145.0,Sofara,MLI,13321.0,14238.0
2045.0,Boni,MLI,11880.0,14231.0
5446.0,Madiga Sacko,MLI,12051.0,14073.0
4729.0,Kersignane,MLI,11799.0,13974.0
3263.0,Forgho Sonrai,MLI,11826.0,13879.0
6738.0,Niafunke,MLI,12421.0,13800.0
9091.0,Yoro,MLI,12259.0,13799.0
4877.0,Kirane,MLI,11817.0,13314.0
7733.0,Sanankoroba,MLI,12476.0,13177.0
8576.0,Tori,MLI,11358.0,13147.0
9094.0,Youwarou Hombolore,MLI,12220.0,13143.0
3376.0,Garalo,MLI,11041.0,12990.0
5938.0,Menaka,MLI,11206.0,12896.0
5051.0,Kremis,MLI,10509.0,12481.0
5718.0,Marena,MLI,10107.0,12083.0
6283.0,M'pessoba,MLI,12096.0,12073.0
2710.0,Diangounte Camara,MLI,10799.0,11817.0
4986.0,Konobougou,MLI,10709.0,11802.0
2950.0,Echell,MLI,10641.0,11707.0
4773.0,Kiban,MLI,10825.0,11698.0
4804.0,Kignan,MLI,10590.0,11414.0
3271.0,Foungou,MLI,10074.0,11298.0
6756.0,Niena,MLI,10501.0,10955.0
32.0,Abidjan,CIV,4717347.0,5877152.0
2088.0,Bouake,CIV,552444.0,690125.0
4997.0,Korhogo,CIV,250310.0,336946.0
2557.0,Daloa,CIV,260984.0,320653.0
9054.0,Yamoussoukro,CIV,220423.0,255894.0
7768.0,San-Pedro,CIV,169513.0,221456.0
3320.0,Gagnoa,CIV,164910.0,202999.0
5631.0,Man,CIV,154617.0,190891.0
2786.0,Divo,CIV,108316.0,178334.0
8183.0,Soubre,CIV,103999.0,139723.0
28.0,Abengourou,CIV,108296.0,126471.0
2897.0,Duekoue,CIV,92775.0,112628.0
2038.0,Bondoukou,CIV,91242.0,103844.0
2087.0,Bouafle,CIV,83736.0,98676.0
2047.0,Bonon,CIV,95086.0,97459.0
250.0,Agboville,CIV,58548.0,91975.0
2523.0,Dabou,CIV,66692.0,89764.0
8110.0,Sinfra,CIV,82892.0,85807.0
218.0,Adzope,CIV,60349.0,81975.0
2591.0,Danane,CIV,64011.0,76438.0
4129.0,Issia,CIV,54850.0,73135.0
3230.0,Ferkessedougou,CIV,58850.0,71312.0
5894.0,Meagui,CIV,64488.0,71203.0
5203.0,Lakota,CIV,25668.0,71179.0
3651.0,Guiglo,CIV,53999.0,70969.0
8819.0,Vavoua,CIV,68955.0,70051.0
7836.0,Seguela,CIV,47468.0,67821.0
2048.0,Bonoua,CIV,39191.0,66897.0
261.0,Agnibilekrou,CIV,49958.0,63660.0
6963.0,Odienne,CIV,43341.0,61935.0
2608.0,Daoukro,CIV,45570.0,60721.0
4648.0,Katiola,CIV,41436.0,56664.0
8597.0,Toumodi,CIV,44385.0,56050.0
2128.0,Boundiali,CIV,41069.0,55177.0
2748.0,Dimbokro,CIV,50213.0,53170.0
46.0,Aboisso,CIV,46954.0,52186.0
9105.0,Zagne,CIV,50217.0,51834.0
1971.0,Blolequin,CIV,33156.0,47480.0
7224.0,Oume,CIV,46462.0,46293.0
8449.0,Tengrela,CIV,41440.0,45302.0
421.0,Akoupe,CIV,27407.0,44983.0
3811.0,Hire,CIV,32845.0,44022.0
7160.0,Ouangolodougou,CIV,39043.0,41885.0
1829.0,Beoumi,CIV,26233.0,40576.0
8094.0,Sikensi,CIV,35551.0,40235.0
2043.0,Bongouanou,CIV,28841.0,40116.0
6634.0,N'Douci,CIV,27863.0,39774.0
8352.0,Tanda,CIV,28425.0,36519.0
223.0,Affery,CIV,22380.0,35330.0
9191.0,Zuenoufla,CIV,34960.0,34768.0
2729.0,Diegonefla,CIV,34452.0,34118.0
9185.0,Zouan-Hounien,CIV,23506.0,32804.0
8585.0,Touba,CIV,22980.0,32187.0
3607.0,Grand-Lahou,CIV,29259.0,32081.0
8260.0,Tabou,CIV,23363.0,32074.0
4987.0,Kononfla,CIV,28774.0,32002.0
2298.0,Buyo,CIV,26041.0,31514.0
7800.0,Sassandra,CIV,27345.0,31293.0
1295.0,Arrah,CIV,24790.0,30537.0
7676.0,Saioua,CIV,27637.0,30478.0
5861.0,M'Bengue,CIV,22858.0,30255.0
8487.0,Tiassale,CIV,20613.0,29698.0
2711.0,Dianra,CIV,26597.0,29123.0
9035.0,Yabayo,CIV,20642.0,27733.0
6755.0,Nielle,CIV,19646.0,27676.0
3608.0,Grand-Zattry,CIV,24835.0,26910.0
2127.0,Bouna,CIV,19275.0,26573.0
2792.0,Djapadji,CIV,31453.0,26447.0
4533.0,Kaouara,CIV,20726.0,25731.0
4409.0,Kahin-Zarabaon,CIV,26155.0,25397.0
1587.0,Bangolo,CIV,17331.0,24876.0
3798.0,Hermankono-Garo,CIV,14610.0,24848.0
5857.0,M'Batto,CIV,18807.0,24562.0
58.0,Aboude-Kouassikro,CIV,11756.0,24522.0
1864.0,Biankouma,CIV,18418.0,23940.0
2049.0,Bonoufla,CIV,24117.0,23863.0
5670.0,Mankono,CIV,17157.0,23492.0
2717.0,Diawala,CIV,20776.0,23474.0
6739.0,Niakaramadougou,CIV,17278.0,23355.0
8498.0,Tiebissou,CIV,19354.0,22650.0
2709.0,Diangobo,CIV,17608.0,22649.0
183.0,Adiake,CIV,19583.0,22625.0
9119.0,Zaliohouan,CIV,21445.0,22571.0
3571.0,Gonate,CIV,19692.0,22332.0
1779.0,Belle-Ville,CIV,18706.0,22248.0
3645.0,Guiberoua,CIV,18528.0,22078.0
3638.0,Guessabo,CIV,14226.0,22050.0
3286.0,Fronan,CIV,17108.0,22011.0
6271.0,Moussadougou,CIV,16797.0,21944.0
8271.0,Tafire,CIV,17667.0,21896.0
288.0,Ahigbe-Koffikro,CIV,15342.0,21607.0
3438.0,Gbapleu,CIV,22834.0,21507.0
7285.0,Para,CIV,18081.0,21254.0
5524.0,Mahapleu,CIV,15334.0,21068.0
2524.0,Dabouyo,CIV,20400.0,20782.0
5359.0,Luenoufla,CIV,20187.0,20727.0
1425.0,Azaguie,CIV,14260.0,20567.0
8582.0,Tortiya,CIV,16441.0,20324.0
1754.0,Bediala,CIV,17774.0,20261.0
7226.0,Oupoyo,CIV,18895.0,20082.0
9187.0,Zoukougbeu,CIV,16767.0,19942.0
6750.0,Niapidou,CIV,14537.0,19448.0
1877.0,Bieby,CIV,17107.0,19414.0
3602.0,Grabo,CIV,15538.0,19201.0
6737.0,Niable,CIV,16190.0,18981.0
2944.0,Ebilassokro,CIV,14691.0,18888.0
9042.0,Yakasse-Attobrou,CIV,14626.0,18814.0
4167.0,Jacqueville,CIV,11403.0,18700.0
3331.0,Galebre,CIV,16843.0,18581.0
6997.0,Ogoudou,CIV,15188.0,18482.0
2529.0,Dagadji,CIV,21924.0,18435.0
3308.0,Gabiadji,CIV,17932.0,18304.0
2519.0,Dabakala,CIV,14526.0,18265.0
3633.0,Guepahouo,CIV,20701.0,18263.0
47.0,Aboisso-Comoe,CIV,16378.0,18203.0
3256.0,Flakiedougou,CIV,12538.0,18025.0
7299.0,Pelezi,CIV,14491.0,17956.0
8966.0,Watte,CIV,21344.0,17947.0
9146.0,Zeaglo,CIV,12584.0,17888.0
3641.0,Guezon,CIV,15902.0,17724.0
2862.0,Doropo,CIV,14787.0,17412.0
1865.0,Bianouan,CIV,13922.0,17305.0
7679.0,Sakassou,CIV,13551.0,17157.0
3654.0,Guinglo-Tahouake,CIV,14154.0,17140.0
3446.0,Gbolouville,CIV,12940.0,16745.0
8594.0,Touih,CIV,16400.0,16740.0
2078.0,Botro,CIV,10283.0,16511.0
6929.0,N'Zianouan,CIV,12952.0,16486.0
5463.0,Mafere,CIV,13484.0,16350.0
2742.0,Dikodougou,CIV,14339.0,16296.0
3543.0,Gnato,CIV,13158.0,16260.0
1747.0,Becedi-Brignan,CIV,16081.0,16072.0
1201.0,Mignore,CIV,14413.0,15997.0
8412.0,Tchefrodouo,CIV,10344.0,15989.0
2873.0,Doukouya,CIV,15293.0,15909.0
1742.0,Bazre,CIV,11708.0,15836.0
3555.0,Gohouo-Zagna,CIV,17302.0,15821.0
9183.0,Zou,CIV,19987.0,15814.0
2549.0,Dakpadou,CIV,11754.0,15725.0
1735.0,Bayota,CIV,15547.0,15549.0
1489.0,Bahe-Sebon,CIV,12344.0,15468.0
2069.0,Borotou-Koro,CIV,12125.0,15337.0
3656.0,Guitry,CIV,11762.0,15321.0
5840.0,M'Bahiakro,CIV,15307.0,15280.0
9043.0,Yakasse-Me,CIV,10095.0,15250.0
3640.0,Gueyo,CIV,11955.0,15244.0
3151.0,Essuikro,CIV,14177.0,15127.0
3554.0,Gohitafla,CIV,12420.0,14879.0
5033.0,Kouto,CIV,11293.0,14852.0
8081.0,Sietinfla,CIV,12556.0,14797.0
3380.0,Garango,CIV,12551.0,14791.0
4962.0,Kolia,CIV,12460.0,14783.0
3283.0,Fresco,CIV,13147.0,14610.0
3613.0,Grihiri,CIV,13584.0,14551.0
4979.0,Kong,CIV,12100.0,14549.0
3434.0,Gbagbam,CIV,14032.0,14496.0
7227.0,Ouragahio,CIV,11565.0,14329.0
3570.0,Gomon I,CIV,10116.0,14238.0
4978.0,Konedougou,CIV,10587.0,14224.0
6529.0,Nambingue,CIV,13221.0,14183.0
5304.0,Logouale,CIV,12769.0,14033.0
1205.0,Ande,CIV,12955.0,14029.0
1199.0,Ananguie 1,CIV,10290.0,13977.0
8109.0,Sinematiali,CIV,10445.0,13933.0
1661.0,Baoulifla,CIV,14042.0,13894.0
3317.0,Gadouan,CIV,13176.0,13868.0
53.0,Abongoua 1,CIV,10696.0,13793.0
7560.0,Rubino,CIV,14413.0,13652.0
2712.0,Dianra-Village,CIV,11122.0,13543.0
9184.0,Zouan,CIV,10206.0,13413.0
2765.0,Diourouzon,CIV,13213.0,13341.0
2736.0,Dignago,CIV,12385.0,13218.0
5012.0,Kouibly,CIV,12158.0,13192.0
1967.0,Blenimeouin,CIV,15610.0,13175.0
9108.0,Zaguieta,CIV,10061.0,13109.0
1346.0,Assuefry,CIV,10029.0,13081.0
7056.0,Okrouyo,CIV,12568.0,13057.0
7055.0,Okromodou,CIV,13416.0,12980.0
194.0,Adjamene,CIV,10812.0,12949.0
6223.0,Monoko-Zohi,CIV,10395.0,12880.0
3371.0,Gaoussoukro,CIV,12534.0,12773.0
1575.0,Bandiahi,CIV,12417.0,12749.0
2089.0,Bouandougou,CIV,10834.0,12741.0
7763.0,Sankadiokro,CIV,10006.0,12663.0
4495.0,Kanakono,CIV,10408.0,12635.0
7859.0,Semien,CIV,10911.0,12572.0
6772.0,Nizahon 1,CIV,12122.0,12557.0
2816.0,Doba,CIV,13891.0,12516.0
7165.0,Ouattaradougou,CIV,13237.0,12468.0
1995.0,Bognonzra,CIV,12116.0,12418.0
5050.0,Krazandougou,CIV,13172.0,12406.0
1482.0,Bagohouo,CIV,16428.0,12332.0
5699.0,Manzanouan,CIV,10485.0,12215.0
5298.0,Loboville,CIV,12690.0,12167.0
7660.0,Sahoua,CIV,16520.0,12126.0
1177.0,Amelekia,CIV,11759.0,11805.0
2543.0,Dairo,CIV,10103.0,11735.0
1453.0,Bacon,CIV,10359.0,11648.0
8166.0,Songan,CIV,10265.0,11579.0
2347.0,Cechi,CIV,10568.0,11532.0
5010.0,Kouamefla,CIV,11253.0,11212.0
1978.0,Bocanda,CIV,10980.0,10865.0
2829.0,Doka,CIV,10858.0,10818.0
7815.0,Scierie Jacob,CIV,10857.0,10752.0
2611.0,Dapeoua,CIV,11056.0,10600.0
3568.0,Gomeneberi,CIV,10412.0,10073.0
7156.0,Ouagadougou,BFA,2299007.0,2851793.0
1975.0,Bobo-Dioulasso,BFA,667853.0,911774.0
5011.0,Koudougou,BFA,110857.0,181104.0
7157.0,Ouahigouya,BFA,93925.0,121007.0
1581.0,Banfora,BFA,99401.0,115672.0
7374.0,Pouytenga,BFA,93114.0,102079.0
4665.0,Kaya,BFA,31080.0,100870.0
3831.0,Hounde,BFA,54102.0,74629.0
3183.0,Fada-N'Gourma,BFA,56602.0,64455.0
8451.0,Tenkodogo,BFA,55889.0,57208.0
2666.0,Dedougou,BFA,50090.0,56575.0
5027.0,Koupela,BFA,18292.0,50519.0
5256.0,Leo,BFA,35900.0,46344.0
4981.0,Kongoussi,BFA,32490.0,45371.0
3379.0,Garango,BFA,44086.0,45147.0
2801.0,Djibo,BFA,38290.0,40298.0
3369.0,Gaoua,BFA,32074.0,38154.0
7501.0,Reo,BFA,35616.0,36771.0
3594.0,Gourcy,BFA,31768.0,36441.0
1759.0,Beguedo,BFA,32472.0,35710.0
7120.0,Orodara,BFA,30765.0,34913.0
9045.0,Yako,BFA,28056.0,34040.0
9182.0,Zorgho,BFA,25484.0,33939.0
6747.0,Niangoloko,BFA,31791.0,33899.0
7344.0,Po,BFA,31387.0,31426.0
8529.0,Titao,BFA,24292.0,30765.0
7837.0,Seguenega,BFA,23179.0,29752.0
1960.0,Bittou,BFA,26736.0,29529.0
6853.0,Nouna,BFA,27544.0,28692.0
2727.0,Diebougou,BFA,22148.0,27890.0
6535.0,Namponkore,BFA,16820.0,27862.0
4969.0,Kombissiri,BFA,28860.0,27676.0
5649.0,Manga,BFA,25554.0,27666.0
9170.0,Ziniare,BFA,23461.0,26870.0
2860.0,Dori (east),BFA,27123.0,26641.0
6187.0,Mogtedo,BFA,24185.0,26543.0
2121.0,Boulsa,BFA,22768.0,25602.0
9049.0,Yalgo,BFA,18881.0,25476.0
2606.0,Dano,BFA,21704.0,25380.0
1992.0,Bogande,BFA,19562.0,23525.0
8590.0,Tougan,BFA,20927.0,23052.0
2138.0,Bousse,BFA,20281.0,22750.0
8157.0,Solenzo,BFA,21365.0,22681.0
5001.0,Korsimoro,BFA,20303.0,22206.0
6568.0,Natiaboani,BFA,19439.0,22136.0
4950.0,Kokologho,BFA,19255.0,21529.0
2778.0,Dirlakou,BFA,22558.0,21359.0
5013.0,Kouka,BFA,25262.0,21305.0
9100.0,Zabre,BFA,18674.0,21248.0
7784.0,Sapouy,BFA,18372.0,20088.0
2491.0,Cinkanse ,BFA,16979.0,19635.0
2068.0,Boromo,BFA,17671.0,19593.0
6749.0,Niaogho,BFA,15614.0,17949.0
8557.0,Toma,BFA,15856.0,16921.0
3572.0,Gonboussou,BFA,12914.0,15960.0
2714.0,Diapaga,BFA,11406.0,15665.0
1793.0,Bena,BFA,14702.0,15607.0
4974.0,Kompienga,BFA,11950.0,15236.0
4041.0,Imasgho,BFA,15742.0,15063.0
8360.0,Tanghin-Dassouri,BFA,14338.0,14854.0
7272.0,Pama,BFA,13586.0,14714.0
1717.0,Batie,BFA,13241.0,14339.0
4849.0,Kindi,BFA,14302.0,14326.0
2726.0,Didyr,BFA,13721.0,14271.0
7336.0,Pissila,BFA,12306.0,14195.0
3650.0,Lanfiera,BFA,12820.0,13976.0
5028.0,Kourouma,BFA,11941.0,13706.0
7537.0,Rollo,BFA,10975.0,13480.0
8543.0,To,BFA,12603.0,13414.0
2140.0,Boussouma,BFA,12561.0,13199.0
1693.0,Barsalogho,BFA,13311.0,12939.0
7325.0,Piela,BFA,11283.0,12872.0
8182.0,Soubakaniedougo,BFA,12913.0,12830.0
7162.0,Ouargaye,BFA,13292.0,12669.0
7553.0,Rouko,BFA,10172.0,12527.0
2011.0,Bokin,BFA,10412.0,12525.0
7619.0,Sabou,BFA,11431.0,12331.0
6491.0,Nadiagou,BFA,11235.0,12168.0
6744.0,Nianaba,BFA,12356.0,11974.0
2594.0,Dande,BFA,14495.0,11917.0
1564.0,Ban,BFA,11170.0,11857.0
5183.0,Kyon,BFA,12441.0,11852.0
1659.0,Banzon,BFA,11895.0,11554.0
3189.0,Falagountou,BFA,11214.0,11032.0
1274.0,Arbinda,BFA,12722.0,10661.0
4973.0,Kompienbiga,BFA,10279.0,10197.0
2505.0,Cotonou,BEN,1527277.0,1940485.0
7367.0,Porto-Novo,BEN,572430.0,880311.0
49.0,Abomey,BEN,256757.0,385036.0
7286.0,Parakou,BEN,260188.0,313707.0
1432.0,Djakotomey,BEN,74353.0,140474.0
7345.0,Pobe,BEN,50804.0,99398.0
2811.0,Djougou,BEN,82509.0,98679.0
5310.0,Lokossa,BEN,32969.0,85598.0
2498.0,Comé,BEN,45672.0,79762.0
2507.0,Cove,BEN,64940.0,71414.0
5601.0,Malanville,BEN,60806.0,69481.0
5297.0,Lobogo Gbede Come,BEN,21993.0,60857.0
4735.0,Ketou,BEN,54496.0,60631.0
7190.0,Ouidah,BEN,46439.0,56329.0
7187.0,Ouesse Centre,BEN,50078.0,55732.0
6569.0,Natitingou,BEN,45280.0,51118.0
7682.0,Sakete I,BEN,39855.0,51015.0
4504.0,Kandi,BEN,43599.0,50318.0
4934.0,Klouekanme,BEN,22858.0,47157.0
8152.0,Sokomey,BEN,39427.0,44492.0
7803.0,Savalou,BEN,37567.0,41335.0
3901.0,Ifangni ,BEN,31322.0,41274.0
1218.0,Aniviekome,BEN,19844.0,38134.0
6758.0,Nikki,BEN,31891.0,37797.0
2638.0,Dassa-Zoume,BEN,28011.0,36379.0
1644.0,Banikoara,BEN,29251.0,36163.0
191.0,Adja Tokpa I,BEN,22519.0,35931.0
7804.0,Save,BEN,33309.0,35815.0
2823.0,Dogbo-Tota,BEN,30975.0,34618.0
8161.0,Somai,BEN,31329.0,34419.0
3537.0,Glazoué,BEN,29084.0,34209.0
2674.0,Djeregbe 1,BEN,18925.0,33997.0
8410.0,Tchatchou,BEN,26873.0,31378.0
2832.0,Doko-Centre,BEN,20590.0,29456.0
3541.0,Glogbo,BEN,23456.0,27327.0
1653.0,Banté,BEN,23958.0,26127.0
8104.0,Sinaourarou,BEN,18393.0,25722.0
8362.0,Tanguiéta,BEN,20400.0,25414.0
5662.0,Manigri Oké,BEN,21553.0,23947.0
48.0,Abolou,BEN,11890.0,23909.0
7289.0,Partago,BEN,20936.0,23255.0
4726.0,Kérou,BEN,20405.0,23124.0
192.0,Adjaglimey,BEN,13998.0,23059.0
6610.0,N'Dali,BEN,20388.0,22808.0
796.0,Allawénoussa I,BEN,19702.0,21750.0
8164.0,Sompérékou A,BEN,18402.0,20515.0
3272.0,Founougo A,BEN,18070.0,20314.0
9016.0,Worogui,BEN,22504.0,20088.0
7832.0,Segbana II,BEN,17580.0,20036.0
1253.0,Aplahoué,BEN,12236.0,19567.0
2573.0,Dame,BEN,17903.0,19519.0
7158.0,Ouake,BEN,16260.0,19497.0
251.0,Agbozounkpa,BEN,17523.0,19377.0
3586.0,Gouka,BEN,15856.0,19219.0
2842.0,Doméguédji,BEN,16479.0,19119.0
8604.0,Toviklin,BEN,10691.0,18805.0
3589.0,Goumori A,BEN,16188.0,18001.0
7843.0,Garou II,BEN,15515.0,17843.0
7817.0,Sé,BEN,15265.0,17615.0
266.0,Agon,BEN,16034.0,17585.0
2496.0,Colli Bossouvi,BEN,15455.0,17449.0
5005.0,Kossou,BEN,10311.0,17168.0
3887.0,Idigny Centre,BEN,14758.0,16985.0
1211.0,Hilacondji,BEN,29949.0,16888.0
1708.0,Bassila I,BEN,16242.0,16820.0
3353.0,Gamia Est,BEN,14969.0,16611.0
5797.0,Materi,BEN,14712.0,16535.0
8417.0,Tchingayare,BEN,14557.0,16376.0
195.0,Adjegounle,BEN,13714.0,15995.0
2849.0,Donga,BEN,14649.0,15791.0
7033.0,Oke-Odan,BEN,11123.0,15706.0
295.0,Ahomey Glon,BEN,14258.0,15665.0
3653.0,Guimaro-Sinakpagourou,BEN,13297.0,15358.0
3596.0,Gourou,BEN,13527.0,15181.0
7304.0,Perere I,BEN,10187.0,15176.0
3437.0,Gbanlin,BEN,13746.0,15160.0
4964.0,Kolokonde,BEN,13659.0,15047.0
4818.0,Kilibo Olata,BEN,12707.0,14430.0
3441.0,Gbeko,BEN,12935.0,14333.0
3832.0,Houssoukoué,BEN,10262.0,14174.0
193.0,Adjaha,BEN,11920.0,13998.0
8414.0,Tchetti,BEN,12145.0,13788.0
7335.0,Pira Adjigo,BEN,12802.0,13768.0
2504.0,Copargo,BEN,11719.0,13499.0
8593.0,Toui-Centre,BEN,11602.0,13446.0
2804.0,Djidja Mandjavi,BEN,11873.0,13319.0
4009.0,Ilare,BEN,11517.0,12730.0
8608.0,Tozoungo,BEN,11140.0,12574.0
3551.0,Gogounou,BEN,10632.0,11956.0
3830.0,Houinta,BEN,10659.0,11734.0
5442.0,Madecali,BEN,10345.0,11646.0
3436.0,Gbakéhoué,BEN,10155.0,11554.0
4057.0,Ina 3,BEN,10419.0,11527.0
154.0,Adakplame,BEN,10120.0,11407.0
4734.0,Kétonou,BEN,10283.0,11303.0
7099.0,Onklou,BEN,10224.0,11210.0
2545.0,Dakar,SEN,3067637.0,3876552.0
8587.0,Touba,SEN,872732.0,1037691.0
8473.0,Thies,SEN,358806.0,431482.0
5880.0,Mbour,SEN,317009.0,411719.0
4531.0,Kaolack,SEN,259582.0,308874.0
9164.0,Ziguinchor,SEN,214936.0,258258.0
7673.0,Saint-Louis,SEN,222043.0,257005.0
2764.0,Diourbel,SEN,139984.0,173463.0
8331.0,Tambacounda,SEN,112332.0,137688.0
5325.0,Louga,SEN,109250.0,132390.0
4959.0,Kolda,SEN,84908.0,112531.0
8531.0,Tivaouane,SEN,75232.0,87697.0
5877.0,Mboro,SEN,36107.0,84514.0
7508.0,Richard-Toll,SEN,60596.0,69518.0
4218.0,Joal-Fadiouth,SEN,48059.0,55499.0
4297.0,Kaffrine,SEN,41393.0,53489.0
1882.0,Bignoma,SEN,43732.0,52026.0
5903.0,Medina Gounass,SEN,41565.0,49270.0
7866.0,Popenguine,SEN,28408.0,48126.0
2539.0,Dahra,SEN,34488.0,40003.0
8820.0,Velingara,SEN,33671.0,39907.0
4687.0,Kedougou,SEN,31462.0,37825.0
1552.0,Bambey,SEN,30266.0,36507.0
3207.0,Fatick,SEN,29604.0,35764.0
2713.0,Diaoube-Kabendou,SEN,27394.0,32466.0
7826.0,Sedhiou,SEN,25351.0,32271.0
2631.0,Darou Mousty,SEN,26174.0,29550.0
4670.0,Kayar,SEN,24693.0,28516.0
5919.0,Mekhe,SEN,24022.0,27741.0
2531.0,Dagana,SEN,22771.0,27114.0
5024.0,Koungheul,SEN,21926.0,26924.0
6768.0,Nioro du Rip,SEN,21760.0,25774.0
4681.0,Kebemer,SEN,20837.0,25379.0
7230.0,Ourossogui,SEN,16389.0,23054.0
5785.0,Matam,SEN,16261.0,22431.0
4756.0,Khombole,SEN,16319.0,21396.0
3724.0,Hamady Ounare,SEN,10653.0,21024.0
3655.0,Guinguineo,SEN,17156.0,20320.0
7550.0,Rosso-Senegal,SEN,16615.0,19062.0
6625.0,Ndioum,SEN,16573.0,19015.0
5286.0,Linguere,SEN,16209.0,18801.0
8153.0,Sokone,SEN,15437.0,18712.0
4560.0,Karang Poste,SEN,17045.0,18440.0
8472.0,Thiadaye,SEN,15679.0,18107.0
4506.0,Kanel,SEN,13584.0,18007.0
8116.0,Sinthiou Bamambe,SEN,14471.0,17656.0
3361.0,Gandiaye,SEN,14468.0,17137.0
1507.0,Bakel,SEN,13955.0,17063.0
3585.0,Goudomp,SEN,13473.0,16253.0
3583.0,Gossas,SEN,13294.0,16011.0
6628.0,Ndoffane ,SEN,13504.0,15995.0
260.0,Agnam Thiodaye,SEN,12747.0,15900.0
7291.0,Passy,SEN,13161.0,15851.0
2703.0,Dabia Odedji,SEN,11584.0,14440.0
2759.0,Diofior,SEN,11843.0,14264.0
7346.0,Podor,SEN,12153.0,13942.0
6715.0,Ngoundiane Thiangaye,SEN,12037.0,13920.0
7548.0,Ross Bethio,SEN,12132.0,13918.0
5025.0,Kounkane,SEN,11305.0,13879.0
8475.0,Thilogne,SEN,10931.0,13602.0
6688.0,Nganda,SEN,11002.0,13510.0
4736.0,Keur Madiabel,SEN,11037.0,13073.0
4797.0,Kidira,SEN,10538.0,12884.0
5020.0,Koumpentoum,SEN,10493.0,12829.0
9008.0,Wodabe 2 ,SEN,10305.0,11990.0
6852.0,Nouakchott,MRT,1060776.0,1245643.0
6851.0,Nouadhibou,MRT,129573.0,146220.0
4800.0,Kiffa,MRT,56941.0,61988.0
5864.0,Mbera ,MRT,50000.0,60000.0
4293.0,Kaedi,MRT,48858.0,51261.0
9186.0,Zoueiratt,MRT,47188.0,45220.0
7852.0,Selibabi,MRT,30071.0,34888.0
3636.0,Guerou,MRT,25325.0,31597.0
7549.0,Rosso,MRT,34325.0,30458.0
6658.0,Nema,MRT,23960.0,27511.0
362.0,Aioun El Atrouss,MRT,26738.0,27354.0
8442.0,Tembedra,MRT,15538.0,19927.0
1352.0,Atar,MRT,25632.0,19596.0
591.0,Aleg,MRT,17186.0,18788.0
1993.0,Boghe,MRT,17089.0,18761.0
411.0,Akjoujt,MRT,14993.0,16645.0
2143.0,Boutilimit,MRT,16377.0,15409.0
5493.0,Magta Lahjar,MRT,14100.0,15279.0
8519.0,Tintane,MRT,14117.0,14328.0
5483.0,Maghama,MRT,12023.0,14265.0
1707.0,Bassiknou,MRT,10444.0,13079.0
8497.0,Tidjikja,MRT,11293.0,12732.0
5268.0,Lexeibe,MRT,10502.0,10891.0
6224.0,Monrovia,LBR,1190635.0,1587525.0
2174.0,Buchanan,LBR,58190.0,63570.0
3439.0,Gbarnga,LBR,54906.0,58835.0
3364.0,Ganta,LBR,55339.0,58504.0
4423.0,Kakata,LBR,39852.0,56261.0
3746.0,Harbel,LBR,41306.0,46307.0
9202.0,Zwedru,LBR,29189.0,31968.0
7343.0,Pleebo,LBR,27019.0,31086.0
3756.0,Harper,LBR,27657.0,28619.0
2837.0,Dolo Town,LBR,19575.0,28125.0
3275.0,Foya,LBR,23685.0,27630.0
8891.0,Voinjama,LBR,17583.0,19256.0
4957.0,Kolahun,LBR,17582.0,19045.0
8654.0,Tubmanburg,LBR,16785.0,18494.0
7624.0,Saclepea,LBR,15880.0,18315.0
3611.0,Greenville,LBR,13650.0,15211.0
7767.0,Sanniquellie,LBR,12769.0,14879.0
9069.0,Yekepa,LBR,12666.0,14698.0
6918.0,Nyea Blai,LBR,10677.0,11452.0
2044.0,Bongtown,LBR,11304.0,10869.0
2500.0,Conakry,GIN,2186966.0,2699000.0
4514.0,Kankan,GIN,202582.0,253065.0
6926.0,Nzerekore,GIN,201994.0,250337.0
4850.0,Kindia,GIN,134875.0,170063.0
8090.0,Siguiri,GIN,99000.0,142815.0
5189.0,Labé,GIN,98359.0,133869.0
4902.0,Kissidougou,GIN,105420.0,130001.0
4488.0,Kamsar,GIN,82355.0,127796.0
3197.0,Faranah,GIN,77285.0,91710.0
5627.0,Mamou,GIN,69837.0,84714.0
2009.0,Boké,GIN,63090.0,77614.0
3625.0,Guéckédou,GIN,58535.0,67798.0
5426.0,Macenta,GIN,59588.0,65555.0
3284.0,Fria,GIN,51820.0,59756.0
7749.0,Sangarédi,GIN,39426.0,54446.0
1528.0,Balato,GIN,30700.0,50440.0
4861.0,Kintinian,GIN,27010.0,46012.0
2522.0,Dabola,GIN,34071.0,39140.0
5464.0,Maférénya,GIN,15701.0,37407.0
5022.0,Koundara,GIN,28243.0,35069.0
5644.0,Mandiana,GIN,23377.0,30460.0
4727.0,Kérouané,GIN,27407.0,30298.0
5029.0,Kouroussa,GIN,25672.0,29848.0
5313.0,Lola,GIN,26579.0,29512.0
7337.0,Pita,GIN,22512.0,27918.0
1567.0,Banankoro,GIN,23459.0,26359.0
3262.0,Forécariah,GIN,21200.0,25426.0
2754.0,Dinguiraye,GIN,20546.0,24479.0
8091.0,Siguirini,GIN,20669.0,24190.0
1859.0,Beyla,GIN,20019.0,23433.0
3285.0,Friguiagbe-Centre,GIN,10831.0,17189.0
8518.0,Tinsinkoro,GIN,16042.0,16652.0
8564.0,Tondon,GIN,11465.0,15858.0
9089.0,Yomou,GIN,19165.0,15565.0
8437.0,Tétélélé,GIN,12048.0,13733.0
8592.0,Tougnifili,GIN,10424.0,13600.0
1991.0,Boffa,GIN,11495.0,13120.0
3370.0,Gaoual,GIN,10730.0,12513.0
2728.0,Diécké,GIN,13062.0,12321.0
7605.0,Sabadou-Baranama,GIN,10177.0,12022.0
5036.0,Koyamah,GIN,10577.0,11792.0
8511.0,Timbi-Madina,GIN,10240.0,11475.0
