iso3cd,hazard,sector,Loss,RP,Buildings_Loss,Total_AAL,Buildings_AAL,Scaling_Factor,GDP
AGO,Combined,all_assets,196830351.07357335,10.0,0.0,71884938.2,43996361.300000004,0.0,79450688259.36636
AGO,Combined,all_assets,357221345.6521811,25.0,0.0,71884938.2,43996361.300000004,0.0,79450688259.36636
AGO,Combined,all_assets,451790004.1498763,50.0,0.0,71884938.2,43996361.300000004,0.0,79450688259.36636
AGO,Combined,all_assets,510126724.1406733,100.0,0.0,71884938.2,43996361.300000004,0.0,79450688259.36636
AGO,Combined,all_assets,781644042.2752281,250.0,0.0,71884938.2,43996361.300000004,0.0,79450688259.36636
AGO,Combined,all_assets,1321546607.8075535,500.0,0.0,71884938.2,43996361.300000004,0.0,79450688259.36636
AGO,Combined,all_assets,1943614418.052352,1000.0,0.0,71884938.2,43996361.300000004,0.0,79450688259.36636
AGO,Earthquake,all_assets,26928554.014172457,10.0,11230213.6,16838212.7,7022164.1,2.397866592152126,79450688259.36636
AGO,Earthquake,all_assets,65394633.04751897,25.0,27272006.4,16838212.7,7022164.1,2.397866592152126,79450688259.36636
AGO,Earthquake,all_assets,132700976.26581755,50.0,55341267.4,16838212.7,7022164.1,2.397866592152126,79450688259.36636
AGO,Earthquake,all_assets,265355984.7097036,100.0,110663364.5,16838212.7,7022164.1,2.397866592152126,79450688259.36636
AGO,Earthquake,all_assets,663045442.4168583,250.0,276514733.8,16838212.7,7022164.1,2.397866592152126,79450688259.36636
AGO,Earthquake,all_assets,1236757077.7683024,500.0,515773930.8,16838212.7,7022164.1,2.397866592152126,79450688259.36636
AGO,Earthquake,all_assets,1836410747.8907623,1000.0,765851926.0,16838212.7,7022164.1,2.397866592152126,79450688259.36636
AGO,Flood,all_assets,142077463.41071978,10.0,95431655.6,55046725.5,36974197.2,1.488787578057273,79450688259.36636
AGO,Flood,all_assets,291227113.85797006,25.0,195613610.8,55046725.5,36974197.2,1.488787578057273,79450688259.36636
AGO,Flood,all_assets,404518282.1202529,50.0,271709871.9,55046725.5,36974197.2,1.488787578057273,79450688259.36636
AGO,Flood,all_assets,449819629.6856081,100.0,302138220.6,55046725.5,36974197.2,1.488787578057273,79450688259.36636
AGO,Flood,all_assets,477234670.6334888,250.0,320552560.8,55046725.5,36974197.2,1.488787578057273,79450688259.36636
AGO,Flood,all_assets,499879492.51327264,500.0,335762804.5,55046725.5,36974197.2,1.488787578057273,79450688259.36636
AGO,Flood,all_assets,528480392.8154618,1000.0,354973671.6,55046725.5,36974197.2,1.488787578057273,79450688259.36636
BDI,Combined,all_assets,44458450.52327066,10.0,0.0,16110863.8,7755441.100000001,0.0,2667182199.51333
BDI,Combined,all_assets,87404057.54357363,25.0,0.0,16110863.8,7755441.100000001,0.0,2667182199.51333
BDI,Combined,all_assets,162894677.13119978,50.0,0.0,16110863.8,7755441.100000001,0.0,2667182199.51333
BDI,Combined,all_assets,312782661.0588443,100.0,0.0,16110863.8,7755441.100000001,0.0,2667182199.51333
BDI,Combined,all_assets,744042625.9224776,250.0,0.0,16110863.8,7755441.100000001,0.0,2667182199.51333
BDI,Combined,all_assets,1323299496.4940605,500.0,0.0,16110863.8,7755441.100000001,0.0,2667182199.51333
BDI,Combined,all_assets,1870726957.8589253,1000.0,0.0,16110863.8,7755441.100000001,0.0,2667182199.51333
BDI,Earthquake,all_assets,31090427.721325472,10.0,15128963.8,13160566.8,6404084.9,2.0550269094652385,2667182199.51333
BDI,Earthquake,all_assets,77474347.82415713,25.0,37699918.9,13160566.8,6404084.9,2.0550269094652385,2667182199.51333
BDI,Earthquake,all_assets,154116831.03049728,50.0,74995042.8,13160566.8,6404084.9,2.0550269094652385,2667182199.51333
BDI,Earthquake,all_assets,303466668.5422942,100.0,147670411.1,13160566.8,6404084.9,2.0550269094652385,2667182199.51333
BDI,Earthquake,all_assets,736047271.8046896,250.0,358169164.8,13160566.8,6404084.9,2.0550269094652385,2667182199.51333
BDI,Earthquake,all_assets,1318574964.0220664,500.0,641633916.3,13160566.8,6404084.9,2.0550269094652385,2667182199.51333
BDI,Earthquake,all_assets,1865112600.0691347,1000.0,907585487.8,13160566.8,6404084.9,2.0550269094652385,2667182199.51333
BDI,Flood,all_assets,11576706.436186625,10.0,5302603.1,2950297.0,1351356.2000000002,2.1832119466355357,2667182199.51333
BDI,Flood,all_assets,23135848.277298983,25.0,10597160.9,2950297.0,1351356.2000000002,2.1832119466355357,2667182199.51333
BDI,Flood,all_assets,31381646.58548412,50.0,14374072.4,2950297.0,1351356.2000000002,2.1832119466355357,2667182199.51333
BDI,Flood,all_assets,36324839.70702277,100.0,16638256.2,2950297.0,1351356.2000000002,2.1832119466355357,2667182199.51333
BDI,Flood,all_assets,37971857.20109776,250.0,17392657.3,2950297.0,1351356.2000000002,2.1832119466355357,2667182199.51333
BDI,Flood,all_assets,37971857.20109776,500.0,17392657.3,2950297.0,1351356.2000000002,2.1832119466355357,2667182199.51333
BDI,Flood,all_assets,39618518.17666186,1000.0,18146895.1,2950297.0,1351356.2000000002,2.1832119466355357,2667182199.51333
BEN,Combined,all_assets,120049269.25262669,10.0,0.0,41903218.199999996,22427564.8,0.0,14262408089.926104
BEN,Combined,all_assets,229100356.46250096,25.0,0.0,41903218.199999996,22427564.8,0.0,14262408089.926104
BEN,Combined,all_assets,306220316.4120058,50.0,0.0,41903218.199999996,22427564.8,0.0,14262408089.926104
BEN,Combined,all_assets,337705802.4959219,100.0,0.0,41903218.199999996,22427564.8,0.0,14262408089.926104
BEN,Combined,all_assets,365389019.1193939,250.0,0.0,41903218.199999996,22427564.8,0.0,14262408089.926104
BEN,Combined,all_assets,406011909.9229805,500.0,0.0,41903218.199999996,22427564.8,0.0,14262408089.926104
BEN,Combined,all_assets,496519343.39460456,1000.0,0.0,41903218.199999996,22427564.8,0.0,14262408089.926104
BEN,Earthquake,all_assets,5097692.995239654,10.0,2392986.3,3320245.3000000003,1558607.3,2.130264178796032,14262408089.926104
BEN,Earthquake,all_assets,13592805.64904306,25.0,6380807.5,3320245.3000000003,1558607.3,2.130264178796032,14262408089.926104
BEN,Earthquake,all_assets,27182276.1564878,50.0,12760049.4,3320245.3000000003,1558607.3,2.130264178796032,14262408089.926104
BEN,Earthquake,all_assets,54351217.28526916,100.0,25513839.0,3320245.3000000003,1558607.3,2.130264178796032,14262408089.926104
BEN,Earthquake,all_assets,134082954.80026864,250.0,62941937.5,3320245.3000000003,1558607.3,2.130264178796032,14262408089.926104
BEN,Earthquake,all_assets,254311274.67246336,500.0,119380158.2,3320245.3000000003,1558607.3,2.130264178796032,14262408089.926104
BEN,Earthquake,all_assets,406338399.6481623,1000.0,190745544.0,3320245.3000000003,1558607.3,2.130264178796032,14262408089.926104
BEN,Flood,all_assets,104597071.99114709,10.0,56575004.1,38582972.9,20868957.5,1.8488212887490905,14262408089.926104
BEN,Flood,all_assets,213371818.2168457,25.0,115409650.2,38582972.9,20868957.5,1.8488212887490905,14262408089.926104
BEN,Flood,all_assets,296989939.17918885,50.0,160637451.0,38582972.9,20868957.5,1.8488212887490905,14262408089.926104
BEN,Flood,all_assets,329224626.99199593,100.0,178072715.3,38582972.9,20868957.5,1.8488212887490905,14262408089.926104
BEN,Flood,all_assets,348262208.62086064,250.0,188369860.7,38582972.9,20868957.5,1.8488212887490905,14262408089.926104
BEN,Flood,all_assets,364365024.0273718,500.0,197079634.6,38582972.9,20868957.5,1.8488212887490905,14262408089.926104
BEN,Flood,all_assets,383388646.50086015,1000.0,207369229.7,38582972.9,20868957.5,1.8488212887490905,14262408089.926104
BFA,Combined,all_assets,30560045.920581963,10.0,0.0,11068730.1,7434177.5,0.0,15890066221.288244
BFA,Combined,all_assets,57935171.54033339,25.0,0.0,11068730.1,7434177.5,0.0,15890066221.288244
BFA,Combined,all_assets,77830025.27511805,50.0,0.0,11068730.1,7434177.5,0.0,15890066221.288244
BFA,Combined,all_assets,86310813.88913742,100.0,0.0,11068730.1,7434177.5,0.0,15890066221.288244
BFA,Combined,all_assets,92687308.86268747,250.0,0.0,11068730.1,7434177.5,0.0,15890066221.288244
BFA,Combined,all_assets,100985483.37080175,500.0,0.0,11068730.1,7434177.5,0.0,15890066221.288244
BFA,Combined,all_assets,114148378.51682974,1000.0,0.0,11068730.1,7434177.5,0.0,15890066221.288244
BFA,Earthquake,all_assets,1464458.1790887471,10.0,843943.6,702178.1,404653.9,1.7352559804810974,15890066221.288244
BFA,Earthquake,all_assets,2928868.6386380307,25.0,1687859.7,702178.1,404653.9,1.7352559804810974,15890066221.288244
BFA,Earthquake,all_assets,5857545.878541415,50.0,3375609.1,702178.1,404653.9,1.7352559804810974,15890066221.288244
BFA,Earthquake,all_assets,10250203.060985325,100.0,5907026.5,702178.1,404653.9,1.7352559804810974,15890066221.288244
BFA,Earthquake,all_assets,26352930.169704556,250.0,15186768.1,702178.1,404653.9,1.7352559804810974,15890066221.288244
BFA,Earthquake,all_assets,51227586.39925496,500.0,29521630.8,702178.1,404653.9,1.7352559804810974,15890066221.288244
BFA,Earthquake,all_assets,84859563.32363929,1000.0,48903196.0,702178.1,404653.9,1.7352559804810974,15890066221.288244
BFA,Flood,all_assets,27371311.360977013,10.0,18560393.0,10366552.0,7029523.6,1.4747161528841015,15890066221.288244
BFA,Flood,all_assets,54722962.98597669,25.0,37107454.8,10366552.0,7029523.6,1.4747161528841015,15890066221.288244
BFA,Flood,all_assets,75844878.25923043,50.0,51430153.6,10366552.0,7029523.6,1.4747161528841015,15890066221.288244
BFA,Flood,all_assets,84538731.39821902,100.0,57325425.8,10366552.0,7029523.6,1.4747161528841015,15890066221.288244
BFA,Flood,all_assets,89505755.9063898,250.0,60693548.2,10366552.0,7029523.6,1.4747161528841015,15890066221.288244
BFA,Flood,all_assets,93230598.83190776,500.0,63219351.5,10366552.0,7029523.6,1.4747161528841015,15890066221.288244
BFA,Flood,all_assets,98196488.69347052,1000.0,66586704.5,10366552.0,7029523.6,1.4747161528841015,15890066221.288244
BWA,Combined,all_assets,184917512.1106075,10.0,0.0,69223842.10000001,41427577.1,0.0,17031943186.13526
BWA,Combined,all_assets,335798242.9710146,25.0,0.0,69223842.10000001,41427577.1,0.0,17031943186.13526
BWA,Combined,all_assets,427329196.6298541,50.0,0.0,69223842.10000001,41427577.1,0.0,17031943186.13526
BWA,Combined,all_assets,483944741.4507225,100.0,0.0,69223842.10000001,41427577.1,0.0,17031943186.13526
BWA,Combined,all_assets,709316196.8602791,250.0,0.0,69223842.10000001,41427577.1,0.0,17031943186.13526
BWA,Combined,all_assets,1106978919.3961096,500.0,0.0,69223842.10000001,41427577.1,0.0,17031943186.13526
BWA,Combined,all_assets,1466877579.2504017,1000.0,0.0,69223842.10000001,41427577.1,0.0,17031943186.13526
BWA,Earthquake,all_assets,24094468.60367488,10.0,15265639.4,15390132.9,9750794.8,1.5783465056612616,17031943186.13526
BWA,Earthquake,all_assets,60790773.903204806,25.0,38515480.4,15390132.9,9750794.8,1.5783465056612616,17031943186.13526
BWA,Earthquake,all_assets,121518412.52567132,50.0,76990959.9,15390132.9,9750794.8,1.5783465056612616,17031943186.13526
BWA,Earthquake,all_assets,242784677.41017327,100.0,153822165.5,15390132.9,9750794.8,1.5783465056612616,17031943186.13526
BWA,Earthquake,all_assets,605078408.8176143,250.0,383362212.7,15390132.9,9750794.8,1.5783465056612616,17031943186.13526
BWA,Earthquake,all_assets,1036197789.9000232,500.0,656508432.2,15390132.9,9750794.8,1.5783465056612616,17031943186.13526
BWA,Earthquake,all_assets,1370058600.0517476,1000.0,868034107.3,15390132.9,9750794.8,1.5783465056612616,17031943186.13526
BWA,Flood,all_assets,134542919.22626898,10.0,79167622.4,53833709.2,31676782.3,1.699468989310824,17031943186.13526
BWA,Flood,all_assets,274950435.54913336,25.0,161786085.7,53833709.2,31676782.3,1.699468989310824,17031943186.13526
BWA,Flood,all_assets,381892938.6538669,50.0,224713096.3,53833709.2,31676782.3,1.699468989310824,17031943186.13526
BWA,Flood,all_assets,427319106.9274336,100.0,251442721.0,53833709.2,31676782.3,1.699468989310824,17031943186.13526
BWA,Flood,all_assets,455540437.9798594,250.0,268048691.0,53833709.2,31676782.3,1.699468989310824,17031943186.13526
BWA,Flood,all_assets,481296662.7515736,500.0,283204145.4,53833709.2,31676782.3,1.699468989310824,17031943186.13526
BWA,Flood,all_assets,513170682.0466186,1000.0,301959426.9,53833709.2,31676782.3,1.699468989310824,17031943186.13526
CAF,Combined,all_assets,66567115.19530187,10.0,0.0,22479105.2,16266072.5,0.0,2220979146.1124053
CAF,Combined,all_assets,124457572.53111026,25.0,0.0,22479105.2,16266072.5,0.0,2220979146.1124053
CAF,Combined,all_assets,163895942.86766922,50.0,0.0,22479105.2,16266072.5,0.0,2220979146.1124053
CAF,Combined,all_assets,179322809.06184515,100.0,0.0,22479105.2,16266072.5,0.0,2220979146.1124053
CAF,Combined,all_assets,197740336.72949308,250.0,0.0,22479105.2,16266072.5,0.0,2220979146.1124053
CAF,Combined,all_assets,228183102.44558692,500.0,0.0,22479105.2,16266072.5,0.0,2220979146.1124053
CAF,Combined,all_assets,314568037.4185943,1000.0,0.0,22479105.2,16266072.5,0.0,2220979146.1124053
CAF,Earthquake,all_assets,3938352.411020288,10.0,2778161.8,2343956.8,1653455.7,1.4176108860975227,2220979146.1124053
CAF,Earthquake,all_assets,10499307.643095171,25.0,7406339.6,2343956.8,1653455.7,1.4176108860975227,2220979146.1124053
CAF,Earthquake,all_assets,19678423.328990884,50.0,13881399.7,2343956.8,1653455.7,1.4176108860975227,2220979146.1124053
CAF,Earthquake,all_assets,39323551.2311,100.0,27739312.4,2343956.8,1653455.7,1.4176108860975227,2220979146.1124053
CAF,Earthquake,all_assets,99361881.85388176,250.0,70091082.7,2343956.8,1653455.7,1.4176108860975227,2220979146.1124053
CAF,Earthquake,all_assets,183670852.59046075,500.0,129563658.4,2343956.8,1653455.7,1.4176108860975227,2220979146.1124053
CAF,Earthquake,all_assets,269933408.36450243,1000.0,190414316.8,2343956.8,1653455.7,1.4176108860975227,2220979146.1124053
CAF,Flood,all_assets,56015881.24362285,10.0,40652226.2,20135148.4,14612616.8,1.37792899626301,2220979146.1124053
CAF,Flood,all_assets,113018240.45771185,25.0,82020365.9,20135148.4,14612616.8,1.37792899626301,2220979146.1124053
CAF,Flood,all_assets,157154426.0509113,50.0,114051178.6,20135148.4,14612616.8,1.37792899626301,2220979146.1124053
CAF,Flood,all_assets,173503752.97789767,100.0,125916323.3,20135148.4,14612616.8,1.37792899626301,2220979146.1124053
CAF,Flood,all_assets,182297369.8140477,250.0,132298086.7,20135148.4,14612616.8,1.37792899626301,2220979146.1124053
CAF,Flood,all_assets,191084090.52895007,500.0,138674845.4,20135148.4,14612616.8,1.37792899626301,2220979146.1124053
CAF,Flood,all_assets,199863922.9768002,1000.0,145046605.1,20135148.4,14612616.8,1.37792899626301,2220979146.1124053
CIV,Combined,all_assets,196959466.70566833,10.0,0.0,71129888.89999999,39658582.099999994,0.0,58522477786.68885
CIV,Combined,all_assets,373709606.33100957,25.0,0.0,71129888.89999999,39658582.099999994,0.0,58522477786.68885
CIV,Combined,all_assets,495694711.09789455,50.0,0.0,71129888.89999999,39658582.099999994,0.0,58522477786.68885
CIV,Combined,all_assets,545733254.784569,100.0,0.0,71129888.89999999,39658582.099999994,0.0,58522477786.68885
CIV,Combined,all_assets,591158515.595502,250.0,0.0,71129888.89999999,39658582.099999994,0.0,58522477786.68885
CIV,Combined,all_assets,664972523.3999892,500.0,0.0,71129888.89999999,39658582.099999994,0.0,58522477786.68885
CIV,Combined,all_assets,861523484.9653144,1000.0,0.0,71129888.89999999,39658582.099999994,0.0,58522477786.68885
CIV,Earthquake,all_assets,9512978.251254864,10.0,4090987.9,6206052.600000001,2668868.3000000003,2.3253498870663645,58522477786.68885
CIV,Earthquake,all_assets,24732533.480702408,25.0,10636048.2,6206052.600000001,2668868.3000000003,2.3253498870663645,58522477786.68885
CIV,Earthquake,all_assets,49461135.25981577,50.0,21270405.6,6206052.600000001,2668868.3000000003,2.3253498870663645,58522477786.68885
CIV,Earthquake,all_assets,97005092.32119678,100.0,41716342.5,6206052.600000001,2668868.3000000003,2.3253498870663645,58522477786.68885
CIV,Earthquake,all_assets,243349217.4073844,250.0,104650581.3,6206052.600000001,2668868.3000000003,2.3253498870663645,58522477786.68885
CIV,Earthquake,all_assets,457864820.7941707,500.0,196901474.2,6206052.600000001,2668868.3000000003,2.3253498870663645,58522477786.68885
CIV,Earthquake,all_assets,719438471.4792368,1000.0,309389342.0,6206052.600000001,2668868.3000000003,2.3253498870663645,58522477786.68885
CIV,Flood,all_assets,169341507.77993977,10.0,96480649.7,64923836.3,36989713.8,1.755186229637711,58522477786.68885
CIV,Flood,all_assets,345598756.111205,25.0,196901474.2,64923836.3,36989713.8,1.755186229637711,58522477786.68885
CIV,Flood,all_assets,478690769.3488405,50.0,272729332.8,64923836.3,36989713.8,1.755186229637711,58522477786.68885
CIV,Flood,all_assets,531599358.4346361,100.0,302873478.3,64923836.3,36989713.8,1.755186229637711,58522477786.68885
CIV,Flood,all_assets,558759352.3677497,250.0,318347616.3,64923836.3,36989713.8,1.755186229637711,58522477786.68885
CIV,Flood,all_assets,583055063.3337948,500.0,332189857.4,64923836.3,36989713.8,1.755186229637711,58522477786.68885
CIV,Flood,all_assets,610203131.303034,1000.0,347657200.7,64923836.3,36989713.8,1.755186229637711,58522477786.68885
CMR,Combined,all_assets,402785210.62736934,10.0,0.0,143824529.7,100506941.4,0.0,39955552189.79499
CMR,Combined,all_assets,719101307.9467008,25.0,0.0,143824529.7,100506941.4,0.0,39955552189.79499
CMR,Combined,all_assets,895891182.5634106,50.0,0.0,143824529.7,100506941.4,0.0,39955552189.79499
CMR,Combined,all_assets,1027411909.8376276,100.0,0.0,143824529.7,100506941.4,0.0,39955552189.79499
CMR,Combined,all_assets,1772082569.9358506,250.0,0.0,143824529.7,100506941.4,0.0,39955552189.79499
CMR,Combined,all_assets,3006317825.053612,500.0,0.0,143824529.7,100506941.4,0.0,39955552189.79499
CMR,Combined,all_assets,4345083637.340151,1000.0,0.0,143824529.7,100506941.4,0.0,39955552189.79499
CMR,Earthquake,all_assets,61779334.20017664,10.0,42246827.9,38044677.8,26016255.7,1.4623425537749462,39955552189.79499
CMR,Earthquake,all_assets,154380763.0638969,25.0,105570861.4,38044677.8,26016255.7,1.4623425537749462,39955552189.79499
CMR,Earthquake,all_assets,309721490.69491446,50.0,211798179.5,38044677.8,26016255.7,1.4623425537749462,39955552189.79499
CMR,Earthquake,all_assets,618538126.225487,100.0,422977588.0,38044677.8,26016255.7,1.4623425537749462,39955552189.79499
CMR,Earthquake,all_assets,1539598383.4715283,250.0,1052830186.4,38044677.8,26016255.7,1.4623425537749462,39955552189.79499
CMR,Earthquake,all_assets,2843195064.8426204,500.0,1944274313.5,38044677.8,26016255.7,1.4623425537749462,39955552189.79499
CMR,Earthquake,all_assets,4141002683.00553,1000.0,2831759680.6,38044677.8,26016255.7,1.4623425537749462,39955552189.79499
CMR,Flood,all_assets,282349960.43870616,10.0,198832214.1,105779851.9,74490685.7,1.4200413233677618,39955552189.79499
CMR,Flood,all_assets,574254345.1522706,25.0,404392700.2,105779851.9,74490685.7,1.4200413233677618,39955552189.79499
CMR,Flood,all_assets,795501343.2276613,50.0,560195911.3,105779851.9,74490685.7,1.4200413233677618,39955552189.79499
CMR,Flood,all_assets,881349373.1313218,100.0,620650511.1,105779851.9,74490685.7,1.4200413233677618,39955552189.79499
CMR,Flood,all_assets,923674561.9112408,250.0,650456114.7,105779851.9,74490685.7,1.4200413233677618,39955552189.79499
CMR,Flood,all_assets,960266019.308909,500.0,676223996.8,105779851.9,74490685.7,1.4200413233677618,39955552189.79499
CMR,Flood,all_assets,1001415772.717522,1000.0,705201853.1,105779851.9,74490685.7,1.4200413233677618,39955552189.79499
COD,Combined,all_assets,938088789.7131677,10.0,0.0,293856796.5,187481042.0,0.0,47568210009.81716
COD,Combined,all_assets,1727500815.6716855,25.0,0.0,293856796.5,187481042.0,0.0,47568210009.81716
COD,Combined,all_assets,2198250154.881938,50.0,0.0,293856796.5,187481042.0,0.0,47568210009.81716
COD,Combined,all_assets,2417395025.563992,100.0,0.0,293856796.5,187481042.0,0.0,47568210009.81716
COD,Combined,all_assets,3144880195.171245,250.0,0.0,293856796.5,187481042.0,0.0,47568210009.81716
COD,Combined,all_assets,5062328821.217089,500.0,0.0,293856796.5,187481042.0,0.0,47568210009.81716
COD,Combined,all_assets,7246198100.334621,1000.0,0.0,293856796.5,187481042.0,0.0,47568210009.81716
COD,Earthquake,all_assets,101649722.04526952,10.0,61543221.6,54924912.4,33253962.6,1.651680224118614,47568210009.81716
COD,Earthquake,all_assets,253250076.3862606,25.0,153328757.4,54924912.4,33253962.6,1.651680224118614,47568210009.81716
COD,Earthquake,all_assets,505906850.7371993,50.0,306298303.6,54924912.4,33253962.6,1.651680224118614,47568210009.81716
COD,Earthquake,all_assets,1010828928.5979412,100.0,612000382.3,54924912.4,33253962.6,1.651680224118614,47568210009.81716
COD,Earthquake,all_assets,2508771951.1248927,250.0,1518921105.0,54924912.4,33253962.6,1.651680224118614,47568210009.81716
COD,Earthquake,all_assets,4645607584.868756,500.0,2812655571.6,54924912.4,33253962.6,1.651680224118614,47568210009.81716
COD,Earthquake,all_assets,6729620598.165818,1000.0,4074408895.8,54924912.4,33253962.6,1.651680224118614,47568210009.81716
COD,Flood,all_assets,718737961.4557447,10.0,463934970.7,238931884.1,154227079.4,1.5492213496458132,47568210009.81716
COD,Flood,all_assets,1456867529.6434488,25.0,940386943.4,238931884.1,154227079.4,1.5492213496458132,47568210009.81716
COD,Flood,all_assets,2015577273.1504948,50.0,1301026011.3,238931884.1,154227079.4,1.5492213496458132,47568210009.81716
COD,Flood,all_assets,2239470818.97792,100.0,1445546060.6,238931884.1,154227079.4,1.5492213496458132,47568210009.81716
COD,Flood,all_assets,2365909322.500849,250.0,1527160288.0,238931884.1,154227079.4,1.5492213496458132,47568210009.81716
COD,Flood,all_assets,2474340346.009273,500.0,1597150947.2,238931884.1,154227079.4,1.5492213496458132,47568210009.81716
COD,Flood,all_assets,2601755964.042067,1000.0,1679395887.9,238931884.1,154227079.4,1.5492213496458132,47568210009.81716
COG,Combined,all_assets,956216239.8392271,10.0,0.0,371958571.90000004,305306119.90000004,0.0,14773900288.513496
COG,Combined,all_assets,1881483241.6065526,25.0,0.0,371958571.90000004,305306119.90000004,0.0,14773900288.513496
COG,Combined,all_assets,2579572505.7496266,50.0,0.0,371958571.90000004,305306119.90000004,0.0,14773900288.513496
COG,Combined,all_assets,2855090188.648653,100.0,0.0,371958571.90000004,305306119.90000004,0.0,14773900288.513496
COG,Combined,all_assets,3002038697.3005805,250.0,0.0,371958571.90000004,305306119.90000004,0.0,14773900288.513496
COG,Combined,all_assets,3123168614.26017,500.0,0.0,371958571.90000004,305306119.90000004,0.0,14773900288.513496
COG,Combined,all_assets,3264360006.5039907,1000.0,0.0,371958571.90000004,305306119.90000004,0.0,14773900288.513496
COG,Earthquake,all_assets,9792703.219125267,10.0,6396598.2,6571021.6,4292194.3,1.53092361172932,14773900288.513496
COG,Earthquake,all_assets,25179352.938323338,25.0,16447164.8,6571021.6,4292194.3,1.53092361172932,14773900288.513496
COG,Earthquake,all_assets,51750871.31807205,50.0,33803692.7,6571021.6,4292194.3,1.53092361172932,14773900288.513496
COG,Earthquake,all_assets,103475707.4430183,100.0,67590379.2,6571021.6,4292194.3,1.53092361172932,14773900288.513496
COG,Earthquake,all_assets,257098679.8506194,250.0,167936974.7,6571021.6,4292194.3,1.53092361172932,14773900288.513496
COG,Earthquake,all_assets,471785519.07702345,500.0,308170515.8,6571021.6,4292194.3,1.53092361172932,14773900288.513496
COG,Earthquake,all_assets,681854883.2601018,1000.0,445387920.1,6571021.6,4292194.3,1.53092361172932,14773900288.513496
COG,Flood,all_assets,923206378.9282691,10.0,760556773.3,365387550.3,301013925.6,1.2138559688615282,14773900288.513496
COG,Flood,all_assets,1865293551.6126912,25.0,1536667940.4,365387550.3,301013925.6,1.2138559688615282,14773900288.513496
COG,Flood,all_assets,2572228762.6629744,50.0,2119055990.7,365387550.3,301013925.6,1.2138559688615282,14773900288.513496
COG,Flood,all_assets,2847915765.371668,100.0,2346172724.3,365387550.3,301013925.6,1.2138559688615282,14773900288.513496
COG,Flood,all_assets,2988076973.9376445,250.0,2461640466.9,365387550.3,301013925.6,1.2138559688615282,14773900288.513496
COG,Flood,all_assets,3104512900.5004454,500.0,2557562824.7,365387550.3,301013925.6,1.2138559688615282,14773900288.513496
COG,Flood,all_assets,3236766357.566572,1000.0,2666515995.8,365387550.3,301013925.6,1.2138559688615282,14773900288.513496
COM,Combined,all_assets,6629263.574048817,10.0,0.0,3728174.7,2316569.9000000004,0.0,1188797449.9602897
COM,Combined,all_assets,15903808.412655419,25.0,0.0,3728174.7,2316569.9000000004,0.0,1188797449.9602897
COM,Combined,all_assets,31755102.45757514,50.0,0.0,3728174.7,2316569.9000000004,0.0,1188797449.9602897
COM,Combined,all_assets,63390408.443678096,100.0,0.0,3728174.7,2316569.9000000004,0.0,1188797449.9602897
COM,Combined,all_assets,156084059.23710212,250.0,0.0,3728174.7,2316569.9000000004,0.0,1188797449.9602897
COM,Combined,all_assets,294507268.2819067,500.0,0.0,3728174.7,2316569.9000000004,0.0,1188797449.9602897
COM,Combined,all_assets,446876262.2054521,1000.0,0.0,3728174.7,2316569.9000000004,0.0,1188797449.9602897
COM,Earthquake,all_assets,6629622.27531584,10.0,4119437.7,3728174.7,2316569.9000000004,1.609351265420482,1188797449.9602897
COM,Earthquake,all_assets,15899610.932601392,25.0,9879515.6,3728174.7,2316569.9000000004,1.609351265420482,1188797449.9602897
COM,Earthquake,all_assets,31759930.358733177,50.0,19734616.7,3728174.7,2316569.9000000004,1.609351265420482,1188797449.9602897
COM,Earthquake,all_assets,63363275.667394735,100.0,39371936.4,3728174.7,2316569.9000000004,1.609351265420482,1188797449.9602897
COM,Earthquake,all_assets,155950819.5439461,250.0,96902909.2,3728174.7,2316569.9000000004,1.609351265420482,1188797449.9602897
COM,Earthquake,all_assets,294245550.4799909,500.0,182834883.1,3728174.7,2316569.9000000004,1.609351265420482,1188797449.9602897
COM,Earthquake,all_assets,446887438.7315948,1000.0,277681727.0,3728174.7,2316569.9000000004,1.609351265420482,1188797449.9602897
CPV,Combined,all_assets,1004.7396973446937,10.0,0.0,426589.6,190495.6,0.0,2205099506.9999404
CPV,Combined,all_assets,1798951.7200472907,25.0,0.0,426589.6,190495.6,0.0,2205099506.9999404
CPV,Combined,all_assets,3595275.777238042,50.0,0.0,426589.6,190495.6,0.0,2205099506.9999404
CPV,Combined,all_assets,7194987.898758601,100.0,0.0,426589.6,190495.6,0.0,2205099506.9999404
CPV,Combined,all_assets,16172074.591754721,250.0,0.0,426589.6,190495.6,0.0,2205099506.9999404
CPV,Combined,all_assets,30491117.40172899,500.0,0.0,426589.6,190495.6,0.0,2205099506.9999404
CPV,Combined,all_assets,48432871.76614398,1000.0,0.0,426589.6,190495.6,0.0,2205099506.9999404
CPV,Earthquake,all_assets,0.0,10.0,0.0,426589.6,190495.6,2.239367208481456,2205099506.9999404
CPV,Earthquake,all_assets,1796213.2331770393,25.0,802107.5,426589.6,190495.6,2.239367208481456,2205099506.9999404
CPV,Earthquake,all_assets,3592073.09420858,50.0,1604057.2,426589.6,190495.6,2.239367208481456,2205099506.9999404
CPV,Earthquake,all_assets,7182734.2673922125,100.0,3207483.9,426589.6,190495.6,2.239367208481456,2205099506.9999404
CPV,Earthquake,all_assets,16153214.496609475,250.0,7213294.2,426589.6,190495.6,2.239367208481456,2205099506.9999404
CPV,Earthquake,all_assets,30487669.13917676,500.0,13614412.6,426589.6,190495.6,2.239367208481456,2205099506.9999404
CPV,Earthquake,all_assets,48374112.2029208,1000.0,21601688.2,426589.6,190495.6,2.239367208481456,2205099506.9999404
ERI,Combined,all_assets,11850422.599980747,10.0,0.0,4733554.7,2944158.6,0.0,
ERI,Combined,all_assets,20378462.43994523,25.0,0.0,4733554.7,2944158.6,0.0,
ERI,Combined,all_assets,25199839.903312474,50.0,0.0,4733554.7,2944158.6,0.0,
ERI,Combined,all_assets,40883720.327933155,100.0,0.0,4733554.7,2944158.6,0.0,
ERI,Combined,all_assets,92180435.37375379,250.0,0.0,4733554.7,2944158.6,0.0,
ERI,Combined,all_assets,166430351.237464,500.0,0.0,4733554.7,2944158.6,0.0,
ERI,Combined,all_assets,246398346.98600227,1000.0,0.0,4733554.7,2944158.6,0.0,
ERI,Earthquake,all_assets,2805070.056503656,10.0,1612396.4,2269634.5,1304620.0,1.7396901013321886,
ERI,Earthquake,all_assets,8411869.61657839,25.0,4835269.0,2269634.5,1304620.0,1.7396901013321886,
ERI,Earthquake,all_assets,16813728.012499657,50.0,9664783.4,2269634.5,1304620.0,1.7396901013321886,
ERI,Earthquake,all_assets,34983495.3997269,100.0,20109038.6,2269634.5,1304620.0,1.7396901013321886,
ERI,Earthquake,all_assets,86442268.88753065,250.0,49688314.5,2269634.5,1304620.0,1.7396901013321886,
ERI,Earthquake,all_assets,162244283.4504756,500.0,93260451.0,2269634.5,1304620.0,1.7396901013321886,
ERI,Earthquake,all_assets,241299344.18596363,1000.0,138702487.3,2269634.5,1304620.0,1.7396901013321886,
ERI,Flood,all_assets,7266505.931323484,10.0,4835269.0,2463920.2,1639538.6,1.502813169510007,
ERI,Flood,all_assets,13315320.823410148,25.0,8860263.6,2463920.2,1639538.6,1.502813169510007,
ERI,Flood,all_assets,19358138.8898252,50.0,12881267.8,2463920.2,1639538.6,1.502813169510007,
ERI,Flood,all_assets,21773589.00695031,100.0,14488553.5,2463920.2,1639538.6,1.502813169510007,
ERI,Flood,all_assets,22980954.96830601,250.0,15291957.4,2463920.2,1639538.6,1.502813169510007,
ERI,Flood,all_assets,22980954.96830601,500.0,15291957.4,2463920.2,1639538.6,1.502813169510007,
ERI,Flood,all_assets,24188081.681805126,1000.0,16095202.1,2463920.2,1639538.6,1.502813169510007,
ETH,Combined,all_assets,521819727.4657671,10.0,0.0,182784204.8,115305904.30000001,0.0,84269180856.91467
ETH,Combined,all_assets,935770582.0500299,25.0,0.0,182784204.8,115305904.30000001,0.0,84269180856.91467
ETH,Combined,all_assets,1176657349.217412,50.0,0.0,182784204.8,115305904.30000001,0.0,84269180856.91467
ETH,Combined,all_assets,1364059919.3253915,100.0,0.0,182784204.8,115305904.30000001,0.0,84269180856.91467
ETH,Combined,all_assets,2280555212.7670135,250.0,0.0,182784204.8,115305904.30000001,0.0,84269180856.91467
ETH,Combined,all_assets,3947219531.8179026,500.0,0.0,182784204.8,115305904.30000001,0.0,84269180856.91467
ETH,Combined,all_assets,5864802012.820157,1000.0,0.0,182784204.8,115305904.30000001,0.0,84269180856.91467
ETH,Earthquake,all_assets,79617598.62098767,10.0,43614233.3,51707321.9,28325084.4,1.8254957750452456,84269180856.91467
ETH,Earthquake,all_assets,198991727.2232171,25.0,109006950.3,51707321.9,28325084.4,1.8254957750452456,84269180856.91467
ETH,Earthquake,all_assets,396389836.2480781,50.0,217140922.3,51707321.9,28325084.4,1.8254957750452456,84269180856.91467
ETH,Earthquake,all_assets,793506138.7626116,100.0,434679800.2,51707321.9,28325084.4,1.8254957750452456,84269180856.91467
ETH,Earthquake,all_assets,1977880783.327001,250.0,1083475957.8,51707321.9,28325084.4,1.8254957750452456,84269180856.91467
ETH,Earthquake,all_assets,3726113302.747633,500.0,2041151425.1,51707321.9,28325084.4,1.8254957750452456,84269180856.91467
ETH,Earthquake,all_assets,5585783374.590124,1000.0,3059871981.6,51707321.9,28325084.4,1.8254957750452456,84269180856.91467
ETH,Flood,all_assets,365889456.1515656,10.0,242799219.7,131076882.9,86980819.9,1.5069630643939238,84269180856.91467
ETH,Flood,all_assets,747435692.3761606,25.0,495988063.7,131076882.9,86980819.9,1.5069630643939238,84269180856.91467
ETH,Flood,all_assets,1038339472.3673316,50.0,689027818.2,131076882.9,86980819.9,1.5069630643939238,84269180856.91467
ETH,Flood,all_assets,1157374462.0686653,100.0,768017803.1,131076882.9,86980819.9,1.5069630643939238,84269180856.91467
ETH,Flood,all_assets,1229692072.9327366,250.0,816006776.8,131076882.9,86980819.9,1.5069630643939238,84269180856.91467
ETH,Flood,all_assets,1292655606.3030834,500.0,857788513.1,131076882.9,86980819.9,1.5069630643939238,84269180856.91467
ETH,Flood,all_assets,1368416940.1627383,1000.0,908062694.1,131076882.9,86980819.9,1.5069630643939238,84269180856.91467
GAB,Combined,all_assets,223931486.46094164,10.0,0.0,84430398.1,66942862.7,0.0,16867326401.962582
GAB,Combined,all_assets,439483254.0274296,25.0,0.0,84430398.1,66942862.7,0.0,16867326401.962582
GAB,Combined,all_assets,601635034.6570238,50.0,0.0,84430398.1,66942862.7,0.0,16867326401.962582
GAB,Combined,all_assets,667223079.7274512,100.0,0.0,84430398.1,66942862.7,0.0,16867326401.962582
GAB,Combined,all_assets,706326893.408441,250.0,0.0,84430398.1,66942862.7,0.0,16867326401.962582
GAB,Combined,all_assets,739580209.3377162,500.0,0.0,84430398.1,66942862.7,0.0,16867326401.962582
GAB,Combined,all_assets,780184469.7474893,1000.0,0.0,84430398.1,66942862.7,0.0,16867326401.962582
GAB,Earthquake,all_assets,3455615.569510045,10.0,1808665.4,2059590.1,1077987.2000000002,1.910588641497784,16867326401.962582
GAB,Earthquake,all_assets,8638700.558526706,25.0,4521486.4,2059590.1,1077987.2000000002,1.910588641497784,16867326401.962582
GAB,Earthquake,all_assets,17276273.10551947,50.0,9042382.4,2059590.1,1077987.2000000002,1.910588641497784,16867326401.962582
GAB,Earthquake,all_assets,32821061.880561084,100.0,17178507.8,2059590.1,1077987.2000000002,1.910588641497784,16867326401.962582
GAB,Earthquake,all_assets,82884984.87459685,250.0,43381910.2,2059590.1,1077987.2000000002,1.910588641497784,16867326401.962582
GAB,Earthquake,all_assets,150152609.55731118,500.0,78589711.2,2059590.1,1077987.2000000002,1.910588641497784,16867326401.962582
GAB,Earthquake,all_assets,217351827.52430528,1000.0,113761708.2,2059590.1,1077987.2000000002,1.910588641497784,16867326401.962582
GAB,Flood,all_assets,213230951.3985568,10.0,170502516.7,82370808.0,65864875.5,1.2506029560474916,16867326401.962582
GAB,Flood,all_assets,432133412.3399084,25.0,345540053.5,82370808.0,65864875.5,1.2506029560474916,16867326401.962582
GAB,Flood,all_assets,598651134.5330267,50.0,478690004.4,82370808.0,65864875.5,1.2506029560474916,16867326401.962582
GAB,Flood,all_assets,664409953.7320849,100.0,531271696.2,82370808.0,65864875.5,1.2506029560474916,16867326401.962582
GAB,Flood,all_assets,701146478.7214293,250.0,560646746.7,82370808.0,65864875.5,1.2506029560474916,16867326401.962582
GAB,Flood,all_assets,732292243.0996449,500.0,585551345.1,82370808.0,65864875.5,1.2506029560474916,16867326401.962582
GAB,Flood,all_assets,768970769.3759378,1000.0,614880019.0,82370808.0,65864875.5,1.2506029560474916,16867326401.962582
GHA,Combined,all_assets,319267592.17963135,10.0,0.0,117620731.2,67242212.2,0.0,67259353965.60871
GHA,Combined,all_assets,598740652.9964172,25.0,0.0,117620731.2,67242212.2,0.0,67259353965.60871
GHA,Combined,all_assets,786725455.756836,50.0,0.0,117620731.2,67242212.2,0.0,67259353965.60871
GHA,Combined,all_assets,861103063.0511776,100.0,0.0,117620731.2,67242212.2,0.0,67259353965.60871
GHA,Combined,all_assets,944832492.2783487,250.0,0.0,117620731.2,67242212.2,0.0,67259353965.60871
GHA,Combined,all_assets,1163976269.9260373,500.0,0.0,117620731.2,67242212.2,0.0,67259353965.60871
GHA,Combined,all_assets,1807800211.8903832,1000.0,0.0,117620731.2,67242212.2,0.0,67259353965.60871
GHA,Earthquake,all_assets,20653272.79022022,10.0,9038514.6,13286167.8,5814440.3,2.2850295324212038,67259353965.60871
GHA,Earthquake,all_assets,48815080.8740492,25.0,21362997.8,13286167.8,5814440.3,2.2850295324212038,67259353965.60871
GHA,Earthquake,all_assets,99501259.78024216,50.0,43544846.3,13286167.8,5814440.3,2.2850295324212038,67259353965.60871
GHA,Earthquake,all_assets,198977378.7515568,100.0,87078690.2,13286167.8,5814440.3,2.2850295324212038,67259353965.60871
GHA,Earthquake,all_assets,495379732.28231287,250.0,216793579.8,13286167.8,5814440.3,2.2850295324212038,67259353965.60871
GHA,Earthquake,all_assets,954549890.0925002,500.0,417740723.5,13286167.8,5814440.3,2.2850295324212038,67259353965.60871
GHA,Earthquake,all_assets,1603968697.2439733,1000.0,701946593.9,13286167.8,5814440.3,2.2850295324212038,67259353965.60871
GHA,Flood,all_assets,266449460.9585282,10.0,156874157.3,104334563.4,61427771.9,1.6984917436017244,67259353965.60871
GHA,Flood,all_assets,542408139.0661343,25.0,319346938.9,104334563.4,61427771.9,1.6984917436017244,67259353965.60871
GHA,Flood,all_assets,751294504.3189344,50.0,442330383.5,104334563.4,61427771.9,1.6984917436017244,67259353965.60871
GHA,Flood,all_assets,832023900.1184198,100.0,489860432.5,104334563.4,61427771.9,1.6984917436017244,67259353965.60871
GHA,Flood,all_assets,872380237.5322529,250.0,513620534.7,104334563.4,61427771.9,1.6984917436017244,67259353965.60871
GHA,Flood,all_assets,904383025.8466854,500.0,532462421.0,104334563.4,61427771.9,1.6984917436017244,67259353965.60871
GHA,Flood,all_assets,943338212.1991384,1000.0,555397584.8,104334563.4,61427771.9,1.6984917436017244,67259353965.60871
GIN,Combined,all_assets,137310940.74381146,10.0,0.0,46405804.300000004,33521173.7,0.0,11857030366.78909
GIN,Combined,all_assets,264649986.07786027,25.0,0.0,46405804.300000004,33521173.7,0.0,11857030366.78909
GIN,Combined,all_assets,357765038.2215935,50.0,0.0,46405804.300000004,33521173.7,0.0,11857030366.78909
GIN,Combined,all_assets,393810573.8115882,100.0,0.0,46405804.300000004,33521173.7,0.0,11857030366.78909
GIN,Combined,all_assets,417909728.3904275,250.0,0.0,46405804.300000004,33521173.7,0.0,11857030366.78909
GIN,Combined,all_assets,442367036.2532403,500.0,0.0,46405804.300000004,33521173.7,0.0,11857030366.78909
GIN,Combined,all_assets,487946347.0349416,1000.0,0.0,46405804.300000004,33521173.7,0.0,11857030366.78909
GIN,Earthquake,all_assets,4320581.299589023,10.0,2809884.2,2359295.6,1534364.7,1.537636782180925,11857030366.78909
GIN,Earthquake,all_assets,10080557.922181292,25.0,6555877.2,2359295.6,1534364.7,1.537636782180925,11857030366.78909
GIN,Earthquake,all_assets,20158322.11209304,50.0,13109937.5,2359295.6,1534364.7,1.537636782180925,11857030366.78909
GIN,Earthquake,all_assets,40305474.21554561,100.0,26212610.6,2359295.6,1534364.7,1.537636782180925,11857030366.78909
GIN,Earthquake,all_assets,99243680.22260964,250.0,64542993.1,2359295.6,1534364.7,1.537636782180925,11857030366.78909
GIN,Earthquake,all_assets,188188447.95156556,500.0,122388102.4,2359295.6,1534364.7,1.537636782180925,11857030366.78909
GIN,Earthquake,all_assets,296920812.64184856,1000.0,193102048.6,2359295.6,1534364.7,1.537636782180925,11857030366.78909
GIN,Flood,all_assets,124873973.7201468,10.0,90684144.2,44046508.7,31986809.0,1.3770210307630248,11857030366.78909
GIN,Flood,all_assets,253109814.7092225,25.0,183809694.3,44046508.7,31986809.0,1.3770210307630248,11857030366.78909
GIN,Flood,all_assets,351507217.6337169,50.0,255266411.9,44046508.7,31986809.0,1.3770210307630248,11857030366.78909
GIN,Flood,all_assets,388488662.01934814,100.0,282122533.6,44046508.7,31986809.0,1.3770210307630248,11857030366.78909
GIN,Flood,all_assets,407600434.3983971,250.0,296001604.4,44046508.7,31986809.0,1.3770210307630248,11857030366.78909
GIN,Flood,all_assets,422881731.4027287,500.0,307098963.6,44046508.7,31986809.0,1.3770210307630248,11857030366.78909
GIN,Flood,all_assets,440700794.9946861,1000.0,320039262.4,44046508.7,31986809.0,1.3770210307630248,11857030366.78909
GMB,Combined,all_assets,4819513.529086335,10.0,0.0,1835155.1,1378440.7999999998,0.0,1670671327.8165145
GMB,Combined,all_assets,9240531.613777718,25.0,0.0,1835155.1,1378440.7999999998,0.0,1670671327.8165145
GMB,Combined,all_assets,12534637.252217017,50.0,0.0,1835155.1,1378440.7999999998,0.0,1670671327.8165145
GMB,Combined,all_assets,13133208.267314984,100.0,0.0,1835155.1,1378440.7999999998,0.0,1670671327.8165145
GMB,Combined,all_assets,14848880.972548865,250.0,0.0,1835155.1,1378440.7999999998,0.0,1670671327.8165145
GMB,Combined,all_assets,19941905.021742024,500.0,0.0,1835155.1,1378440.7999999998,0.0,1670671327.8165145
GMB,Combined,all_assets,29444803.9851274,1000.0,0.0,1835155.1,1378440.7999999998,0.0,1670671327.8165145
GMB,Earthquake,all_assets,0.0,10.0,0.0,234949.5,100631.4,2.3347533672392515,1670671327.8165145
GMB,Earthquake,all_assets,0.0,25.0,0.0,234949.5,100631.4,2.3347533672392515,1670671327.8165145
GMB,Earthquake,all_assets,1887284.8097889924,50.0,808344.4,234949.5,100631.4,2.3347533672392515,1670671327.8165145
GMB,Earthquake,all_assets,3773932.698859402,100.0,1616416.0,234949.5,100631.4,2.3347533672392515,1670671327.8165145
GMB,Earthquake,all_assets,9430057.87693851,250.0,4038995.3,234949.5,100631.4,2.3347533672392515,1670671327.8165145
GMB,Earthquake,all_assets,16962660.991895672,500.0,7265290.3,234949.5,100631.4,2.3347533672392515,1670671327.8165145
GMB,Earthquake,all_assets,26364144.28932322,1000.0,11292046.8,234949.5,100631.4,2.3347533672392515,1670671327.8165145
GMB,Flood,all_assets,4047121.9933201927,10.0,3231741.3,1600205.6,1277809.4,1.2523038255940204,1670671327.8165145
GMB,Flood,all_assets,8088786.196107682,25.0,6459124.4,1600205.6,1277809.4,1.2523038255940204,1670671327.8165145
GMB,Flood,all_assets,12125003.753866514,50.0,9682158.2,1600205.6,1277809.4,1.2523038255940204,1670671327.8165145
GMB,Flood,all_assets,13133208.267314984,100.0,10487238.0,1600205.6,1277809.4,1.2523038255940204,1670671327.8165145
GMB,Flood,all_assets,13133208.267314984,250.0,10487238.0,1600205.6,1277809.4,1.2523038255940204,1670671327.8165145
GMB,Flood,all_assets,14141073.406426717,500.0,11292046.8,1600205.6,1277809.4,1.2523038255940204,1670671327.8165145
GMB,Flood,all_assets,14141073.406426717,1000.0,11292046.8,1600205.6,1277809.4,1.2523038255940204,1670671327.8165145
GNB,Combined,all_assets,2950727.4658049624,10.0,0.0,1047351.8999999999,659006.0,0.0,1554133593.9169855
GNB,Combined,all_assets,5079383.708712814,25.0,0.0,1047351.8999999999,659006.0,0.0,1554133593.9169855
GNB,Combined,all_assets,6623056.852429575,50.0,0.0,1047351.8999999999,659006.0,0.0,1554133593.9169855
GNB,Combined,all_assets,7738042.472926679,100.0,0.0,1047351.8999999999,659006.0,0.0,1554133593.9169855
GNB,Combined,all_assets,9266049.533888238,250.0,0.0,1047351.8999999999,659006.0,0.0,1554133593.9169855
GNB,Combined,all_assets,14312188.61325557,500.0,0.0,1047351.8999999999,659006.0,0.0,1554133593.9169855
GNB,Combined,all_assets,21686912.298461385,1000.0,0.0,1047351.8999999999,659006.0,0.0,1554133593.9169855
GNB,Earthquake,all_assets,0.0,10.0,0.0,171850.2,101810.0,1.6879501031332875,1554133593.9169855
GNB,Earthquake,all_assets,0.0,25.0,0.0,171850.2,101810.0,1.6879501031332875,1554133593.9169855
GNB,Earthquake,all_assets,1424896.9207508103,50.0,844158.2,171850.2,101810.0,1.6879501031332875,1554133593.9169855
GNB,Earthquake,all_assets,2848834.917048031,100.0,1687748.3,171850.2,101810.0,1.6879501031332875,1554133593.9169855
GNB,Earthquake,all_assets,7114904.642943719,250.0,4215115.5,171850.2,101810.0,1.6879501031332875,1554133593.9169855
GNB,Earthquake,all_assets,12789630.171287889,500.0,7577019.1,171850.2,101810.0,1.6879501031332875,1554133593.9169855
GNB,Earthquake,all_assets,19861640.119825754,1000.0,11766722.3,171850.2,101810.0,1.6879501031332875,1554133593.9169855
GNB,Flood,all_assets,2651897.1884617084,10.0,1687748.3,875501.7,557196.0,1.5712634333340512,1554133593.9169855
GNB,Flood,all_assets,3976507.7733159065,25.0,2530770.9,875501.7,557196.0,1.5712634333340512,1554133593.9169855
GNB,Flood,all_assets,6623056.852429575,50.0,4215115.5,875501.7,557196.0,1.5712634333340512,1554133593.9169855
GNB,Flood,all_assets,6623056.852429575,100.0,4215115.5,875501.7,557196.0,1.5712634333340512,1554133593.9169855
GNB,Flood,all_assets,7944997.389331509,250.0,5056438.8,875501.7,557196.0,1.5712634333340512,1554133593.9169855
GNB,Flood,all_assets,7944997.389331509,500.0,5056438.8,875501.7,557196.0,1.5712634333340512,1554133593.9169855
GNB,Flood,all_assets,7944997.389331509,1000.0,5056438.8,875501.7,557196.0,1.5712634333340512,1554133593.9169855
GNQ,Combined,all_assets,76538752.53714588,10.0,0.0,31993684.5,23153856.3,0.0,13097012133.615946
GNQ,Combined,all_assets,135058387.1669266,25.0,0.0,31993684.5,23153856.3,0.0,13097012133.615946
GNQ,Combined,all_assets,163597784.49462608,50.0,0.0,31993684.5,23153856.3,0.0,13097012133.615946
GNQ,Combined,all_assets,202042779.60672605,100.0,0.0,31993684.5,23153856.3,0.0,13097012133.615946
GNQ,Combined,all_assets,408529787.6342778,250.0,0.0,31993684.5,23153856.3,0.0,13097012133.615946
GNQ,Combined,all_assets,710028052.4247679,500.0,0.0,31993684.5,23153856.3,0.0,13097012133.615946
GNQ,Combined,all_assets,1026543710.2589934,1000.0,0.0,31993684.5,23153856.3,0.0,13097012133.615946
GNQ,Earthquake,all_assets,14300786.19358596,10.0,8690125.2,10349306.0,6288938.5,1.6456363820380815,13097012133.615946
GNQ,Earthquake,all_assets,37385375.44593899,25.0,22717883.4,10349306.0,6288938.5,1.6456363820380815,13097012133.615946
GNQ,Earthquake,all_assets,73619585.45609641,50.0,44736240.8,10349306.0,6288938.5,1.6456363820380815,13097012133.615946
GNQ,Earthquake,all_assets,147030105.8103823,100.0,89345439.5,10349306.0,6288938.5,1.6456363820380815,13097012133.615946
GNQ,Earthquake,all_assets,367100982.1645523,250.0,223075392.7,10349306.0,6288938.5,1.6456363820380815,13097012133.615946
GNQ,Earthquake,all_assets,680855689.9734161,500.0,413733980.0,10349306.0,6288938.5,1.6456363820380815,13097012133.615946
GNQ,Earthquake,all_assets,987627615.0548884,1000.0,600149356.1,10349306.0,6288938.5,1.6456363820380815,13097012133.615946
GNQ,Flood,all_assets,50567482.15039561,10.0,39401289.8,21644378.5,16864917.8,1.283396619934904,13097012133.615946
GNQ,Flood,all_assets,102716118.818705,25.0,80034587.3,21644378.5,16864917.8,1.283396619934904,13097012133.615946
GNQ,Flood,all_assets,141952206.78428707,50.0,110606654.7,21644378.5,16864917.8,1.283396619934904,13097012133.615946
GNQ,Flood,all_assets,157284656.54003224,100.0,122553429.0,21644378.5,16864917.8,1.283396619934904,13097012133.615946
GNQ,Flood,all_assets,164946500.3510332,250.0,128523402.5,21644378.5,16864917.8,1.283396619934904,13097012133.615946
GNQ,Flood,all_assets,170903694.2910085,500.0,133165142.9,21644378.5,16864917.8,1.283396619934904,13097012133.615946
GNQ,Flood,all_assets,178560350.74121132,1000.0,139131074.5,21644378.5,16864917.8,1.283396619934904,13097012133.615946
KEN,Combined,all_assets,507631741.9348837,10.0,0.0,184107843.3,122668737.39999999,0.0,92202979985.2863
KEN,Combined,all_assets,901595642.8672626,25.0,0.0,184107843.3,122668737.39999999,0.0,92202979985.2863
KEN,Combined,all_assets,1108001075.1145272,50.0,0.0,184107843.3,122668737.39999999,0.0,92202979985.2863
KEN,Combined,all_assets,1377678070.7068803,100.0,0.0,184107843.3,122668737.39999999,0.0,92202979985.2863
KEN,Combined,all_assets,2660657279.656861,250.0,0.0,184107843.3,122668737.39999999,0.0,92202979985.2863
KEN,Combined,all_assets,4704690227.792009,500.0,0.0,184107843.3,122668737.39999999,0.0,92202979985.2863
KEN,Combined,all_assets,7094359003.518355,1000.0,0.0,184107843.3,122668737.39999999,0.0,92202979985.2863
KEN,Earthquake,all_assets,95365773.92285988,10.0,60452931.8,59270431.4,37571879.3,1.5775210743850123,92202979985.2863
KEN,Earthquake,all_assets,239540723.1731866,25.0,151846290.4,59270431.4,37571879.3,1.5775210743850123,92202979985.2863
KEN,Earthquake,all_assets,478761711.06222254,50.0,303489898.7,59270431.4,37571879.3,1.5775210743850123,92202979985.2863
KEN,Earthquake,all_assets,956247037.676248,100.0,606170689.7,59270431.4,37571879.3,1.5775210743850123,92202979985.2863
KEN,Earthquake,all_assets,2381095551.4938307,250.0,1509390644.7,59270431.4,37571879.3,1.5775210743850123,92202979985.2863
KEN,Earthquake,all_assets,4500789779.933826,500.0,2853077434.6,59270431.4,37571879.3,1.5775210743850123,92202979985.2863
KEN,Earthquake,all_assets,6835642052.65371,1000.0,4333154189.6,59270431.4,37571879.3,1.5775210743850123,92202979985.2863
KEN,Flood,all_assets,336297085.50947964,10.0,229240777.5,124837411.9,85096858.1,1.4670037729630352,92202979985.2863
KEN,Flood,all_assets,687773883.4146137,25.0,468828980.6,124837411.9,85096858.1,1.4670037729630352,92202979985.2863
KEN,Flood,all_assets,955983841.3006222,50.0,651657384.2,124837411.9,85096858.1,1.4670037729630352,92202979985.2863
KEN,Flood,all_assets,1064502890.7651924,100.0,725630642.8,124837411.9,85096858.1,1.4670037729630352,92202979985.2863
KEN,Flood,all_assets,1128902577.3627944,250.0,769529430.1,124837411.9,85096858.1,1.4670037729630352,92202979985.2863
KEN,Flood,all_assets,1186502206.79904,500.0,808792880.2,124837411.9,85096858.1,1.4670037729630352,92202979985.2863
KEN,Flood,all_assets,1255369671.284647,1000.0,855737179.7,124837411.9,85096858.1,1.4670037729630352,92202979985.2863
LBR,Combined,all_assets,58216526.3708895,10.0,0.0,21614075.400000002,15767881.1,0.0,3422754800.0
LBR,Combined,all_assets,111744593.83414705,25.0,0.0,21614075.400000002,15767881.1,0.0,3422754800.0
LBR,Combined,all_assets,149770540.9080072,50.0,0.0,21614075.400000002,15767881.1,0.0,3422754800.0
LBR,Combined,all_assets,165170848.01843095,100.0,0.0,21614075.400000002,15767881.1,0.0,3422754800.0
LBR,Combined,all_assets,175560702.35626084,250.0,0.0,21614075.400000002,15767881.1,0.0,3422754800.0
LBR,Combined,all_assets,190701848.02003628,500.0,0.0,21614075.400000002,15767881.1,0.0,3422754800.0
LBR,Combined,all_assets,219215534.65978268,1000.0,0.0,21614075.400000002,15767881.1,0.0,3422754800.0
LBR,Earthquake,all_assets,2569139.8108829446,10.0,1726559.6,1463514.1,983537.1,1.488011077568909,3422754800.0
LBR,Earthquake,all_assets,5137575.7925262,25.0,3452646.2,1463514.1,983537.1,1.488011077568909,3422754800.0
LBR,Earthquake,all_assets,11555588.390924815,50.0,7765794.6,1463514.1,983537.1,1.488011077568909,3422754800.0
LBR,Earthquake,all_assets,23096944.402296007,100.0,15522024.5,1463514.1,983537.1,1.488011077568909,3422754800.0
LBR,Earthquake,all_assets,56358932.92674419,250.0,37875345.0,1463514.1,983537.1,1.488011077568909,3422754800.0
LBR,Earthquake,all_assets,104760649.53721485,500.0,70403138.2,1463514.1,983537.1,1.488011077568909,3422754800.0
LBR,Earthquake,all_assets,170589908.14064685,1000.0,114642902.0,1463514.1,983537.1,1.488011077568909,3422754800.0
LBR,Flood,all_assets,51622815.40399416,10.0,37875345.0,20150561.3,14784344.0,1.3629662093901496,3422754800.0
LBR,Flood,all_assets,105261398.27005298,25.0,77229646.3,20150561.3,14784344.0,1.3629662093901496,3422754800.0
LBR,Flood,all_assets,145848812.33122525,50.0,107008384.6,20150561.3,14784344.0,1.3629662093901496,3422754800.0
LBR,Flood,all_assets,162029792.33614373,100.0,118880271.0,20150561.3,14784344.0,1.3629662093901496,3422754800.0
LBR,Flood,all_assets,170108758.0504127,250.0,124807758.9,20150561.3,14784344.0,1.3629662093901496,3422754800.0
LBR,Flood,all_assets,175874752.25248927,500.0,129038233.7,20150561.3,14784344.0,1.3629662093901496,3422754800.0
LBR,Flood,all_assets,183940578.8362031,1000.0,134956081.5,20150561.3,14784344.0,1.3629662093901496,3422754800.0
LSO,Combined,all_assets,86838871.90583493,10.0,0.0,30290797.1,20355819.2,0.0,2556247291.9978547
LSO,Combined,all_assets,153354974.95725608,25.0,0.0,30290797.1,20355819.2,0.0,2556247291.9978547
LSO,Combined,all_assets,186795322.3935167,50.0,0.0,30290797.1,20355819.2,0.0,2556247291.9978547
LSO,Combined,all_assets,237014175.90716207,100.0,0.0,30290797.1,20355819.2,0.0,2556247291.9978547
LSO,Combined,all_assets,466236049.11552167,250.0,0.0,30290797.1,20355819.2,0.0,2556247291.9978547
LSO,Combined,all_assets,760170475.9334952,500.0,0.0,30290797.1,20355819.2,0.0,2556247291.9978547
LSO,Combined,all_assets,1011463223.1267719,1000.0,0.0,30290797.1,20355819.2,0.0,2556247291.9978547
LSO,Earthquake,all_assets,17646154.85235896,10.0,12074299.5,9827211.9,6724224.1,1.4614640669099652,2556247291.9978547
LSO,Earthquake,all_assets,43475303.94072978,25.0,29747774.8,9827211.9,6724224.1,1.4614640669099652,2556247291.9978547
LSO,Earthquake,all_assets,85608636.4780275,50.0,58577311.9,9827211.9,6724224.1,1.4614640669099652,2556247291.9978547
LSO,Earthquake,all_assets,171702981.91605455,100.0,117486967.9,9827211.9,6724224.1,1.4614640669099652,2556247291.9978547
LSO,Earthquake,all_assets,422522117.36618906,250.0,289108796.4,9827211.9,6724224.1,1.4614640669099652,2556247291.9978547
LSO,Earthquake,all_assets,731514513.1542652,500.0,500535408.1,9827211.9,6724224.1,1.4614640669099652,2556247291.9978547
LSO,Earthquake,all_assets,972747468.2271956,1000.0,665597937.2,9827211.9,6724224.1,1.4614640669099652,2556247291.9978547
LSO,Flood,all_assets,56695742.80175386,10.0,37767253.5,20463585.2,13631595.1,1.5011878690557643,2556247291.9978547
LSO,Flood,all_assets,115497637.77238944,25.0,76937497.4,20463585.2,13631595.1,1.5011878690557643,2556247291.9978547
LSO,Flood,all_assets,159693269.4602911,50.0,106377937.6,20463585.2,13631595.1,1.5011878690557643,2556247291.9978547
LSO,Flood,all_assets,178750350.01275,100.0,119072604.9,20463585.2,13631595.1,1.5011878690557643,2556247291.9978547
LSO,Flood,all_assets,188266581.22398773,250.0,125411739.0,20463585.2,13631595.1,1.5011878690557643,2556247291.9978547
LSO,Flood,all_assets,197774620.6031428,500.0,131745416.2,20463585.2,13631595.1,1.5011878690557643,2556247291.9978547
LSO,Flood,all_assets,208461386.09185383,1000.0,138864289.0,20463585.2,13631595.1,1.5011878690557643,2556247291.9978547
MDG,Combined,all_assets,197079359.03812274,10.0,0.0,66480249.0,42687640.6,0.0,13760033282.292513
MDG,Combined,all_assets,382865398.8952728,25.0,0.0,66480249.0,42687640.6,0.0,13760033282.292513
MDG,Combined,all_assets,518921432.4546258,50.0,0.0,66480249.0,42687640.6,0.0,13760033282.292513
MDG,Combined,all_assets,572826159.8671467,100.0,0.0,66480249.0,42687640.6,0.0,13760033282.292513
MDG,Combined,all_assets,608654080.8696905,250.0,0.0,66480249.0,42687640.6,0.0,13760033282.292513
MDG,Combined,all_assets,643305200.2990658,500.0,0.0,66480249.0,42687640.6,0.0,13760033282.292513
MDG,Combined,all_assets,705883852.9163072,1000.0,0.0,66480249.0,42687640.6,0.0,13760033282.292513
MDG,Earthquake,all_assets,5437508.702271761,10.0,2477490.9,2941213.8,1340104.6,2.194764348991862,13760033282.292513
MDG,Earthquake,all_assets,12686693.537570514,25.0,5780435.4,2941213.8,1340104.6,2.194764348991862,13760033282.292513
MDG,Earthquake,all_assets,25370494.15625261,50.0,11559552.7,2941213.8,1340104.6,2.194764348991862,13760033282.292513
MDG,Earthquake,all_assets,48918452.48547944,100.0,22288703.8,2941213.8,1340104.6,2.194764348991862,13760033282.292513
MDG,Earthquake,all_assets,123119830.22445104,250.0,56097061.3,2941213.8,1340104.6,2.194764348991862,13760033282.292513
MDG,Earthquake,all_assets,236943821.8640332,500.0,107958661.7,2941213.8,1340104.6,2.194764348991862,13760033282.292513
MDG,Earthquake,all_assets,391946778.4799064,1000.0,178582624.9,2941213.8,1340104.6,2.194764348991862,13760033282.292513
MDG,Flood,all_assets,181062496.9836755,10.0,117825020.3,63539035.2,41347536.0,1.5367066903333733,13760033282.292513
MDG,Flood,all_assets,368828837.2568978,25.0,240012514.8,63539035.2,41347536.0,1.5367066903333733,13760033282.292513
MDG,Flood,all_assets,510625009.4945436,50.0,332285277.8,63539035.2,41347536.0,1.5367066903333733,13760033282.292513
MDG,Flood,all_assets,565697489.417668,100.0,368123268.4,63539035.2,41347536.0,1.5367066903333733,13760033282.292513
MDG,Flood,all_assets,594454195.0483706,250.0,386836472.3,63539035.2,41347536.0,1.5367066903333733,13760033282.292513
MDG,Flood,all_assets,618193609.5785996,500.0,402284712.8,63539035.2,41347536.0,1.5367066903333733,13760033282.292513
MDG,Flood,all_assets,644414953.7059126,1000.0,419348049.8,63539035.2,41347536.0,1.5367066903333733,13760033282.292513
MLI,Combined,all_assets,145962174.17121264,10.0,0.0,51699024.8,35142184.50000001,0.0,20368015381.2413
MLI,Combined,all_assets,285856736.28148633,25.0,0.0,51699024.8,35142184.50000001,0.0,20368015381.2413
MLI,Combined,all_assets,389351265.65211254,50.0,0.0,51699024.8,35142184.50000001,0.0,20368015381.2413
MLI,Combined,all_assets,431408486.8155946,100.0,0.0,51699024.8,35142184.50000001,0.0,20368015381.2413
MLI,Combined,all_assets,457693528.4111521,250.0,0.0,51699024.8,35142184.50000001,0.0,20368015381.2413
MLI,Combined,all_assets,483535820.54720557,500.0,0.0,51699024.8,35142184.50000001,0.0,20368015381.2413
MLI,Combined,all_assets,520177666.97283614,1000.0,0.0,51699024.8,35142184.50000001,0.0,20368015381.2413
MLI,Earthquake,all_assets,3395276.524820817,10.0,1741787.0,1645456.5,844124.1,1.9493063875323544,20368015381.2413
MLI,Earthquake,all_assets,6790267.476255861,25.0,3483427.5,1645456.5,844124.1,1.9493063875323544,20368015381.2413
MLI,Earthquake,all_assets,13579393.438691184,50.0,6966269.4,1645456.5,844124.1,1.9493063875323544,20368015381.2413
MLI,Earthquake,all_assets,27154221.99168405,100.0,13930197.0,1645456.5,844124.1,1.9493063875323544,20368015381.2413
MLI,Earthquake,all_assets,66156447.50434066,250.0,33938455.2,1645456.5,844124.1,1.9493063875323544,20368015381.2413
MLI,Earthquake,all_assets,127127829.88086972,500.0,65216956.5,1645456.5,844124.1,1.9493063875323544,20368015381.2413
MLI,Earthquake,all_assets,201523425.3131913,1000.0,103382119.2,1645456.5,844124.1,1.9493063875323544,20368015381.2413
MLI,Flood,all_assets,136958146.9784232,10.0,93847431.0,50053568.3,34298060.400000006,1.4593702301603035,20368015381.2413
MLI,Flood,all_assets,278335128.2276629,25.0,190722766.9,50053568.3,34298060.400000006,1.4593702301603035,20368015381.2413
MLI,Flood,all_assets,385188749.812919,50.0,263941761.9,50053568.3,34298060.400000006,1.4593702301603035,20368015381.2413
MLI,Flood,all_assets,427824057.4286227,100.0,293156629.2,50053568.3,34298060.400000006,1.4593702301603035,20368015381.2413
MLI,Flood,all_assets,450371206.5028074,250.0,308606546.3,50053568.3,34298060.400000006,1.4593702301603035,20368015381.2413
MLI,Flood,all_assets,470398906.5463054,500.0,322330068.7,50053568.3,34298060.400000006,1.4593702301603035,20368015381.2413
MLI,Flood,all_assets,494164448.9467024,1000.0,338614861.9,50053568.3,34298060.400000006,1.4593702301603035,20368015381.2413
MOZ,Combined,all_assets,202113382.33280444,10.0,0.0,61754644.6,39901412.6,0.0,15017358952.845173
MOZ,Combined,all_assets,363174087.89570427,25.0,0.0,61754644.6,39901412.6,0.0,15017358952.845173
MOZ,Combined,all_assets,457306117.55170333,50.0,0.0,61754644.6,39901412.6,0.0,15017358952.845173
MOZ,Combined,all_assets,520699682.5524534,100.0,0.0,61754644.6,39901412.6,0.0,15017358952.845173
MOZ,Combined,all_assets,837800916.4049104,250.0,0.0,61754644.6,39901412.6,0.0,15017358952.845173
MOZ,Combined,all_assets,1430951081.8405387,500.0,0.0,61754644.6,39901412.6,0.0,15017358952.845173
MOZ,Combined,all_assets,2121556700.962327,1000.0,0.0,61754644.6,39901412.6,0.0,15017358952.845173
MOZ,Earthquake,all_assets,29311609.233568784,10.0,18975993.2,15406736.0,9974140.8,1.544667987843123,15017358952.845173
MOZ,Earthquake,all_assets,72546105.46431379,25.0,46965500.7,15406736.0,9974140.8,1.544667987843123,15017358952.845173
MOZ,Earthquake,all_assets,144974869.29813027,50.0,93855035.8,15406736.0,9974140.8,1.544667987843123,15017358952.845173
MOZ,Earthquake,all_assets,288094244.1746965,100.0,186508846.2,15406736.0,9974140.8,1.544667987843123,15017358952.845173
MOZ,Earthquake,all_assets,717466740.395354,250.0,464479581.4,15406736.0,9974140.8,1.544667987843123,15017358952.845173
MOZ,Earthquake,all_assets,1343683544.116142,500.0,869885020.4,15406736.0,9974140.8,1.544667987843123,15017358952.845173
MOZ,Earthquake,all_assets,2007869702.9752584,1000.0,1299871376.1,15406736.0,9974140.8,1.544667987843123,15017358952.845173
MOZ,Flood,all_assets,143956484.84615064,10.0,92954029.2,46347908.6,29927271.8,1.54868472173932,15017358952.845173
MOZ,Flood,all_assets,293015887.0893801,25.0,189203059.2,46347908.6,29927271.8,1.54868472173932,15017358952.845173
MOZ,Flood,all_assets,406913524.1281253,50.0,262747813.3,46347908.6,29927271.8,1.54868472173932,15017358952.845173
MOZ,Flood,all_assets,452668677.057986,100.0,292292337.3,46347908.6,29927271.8,1.54868472173932,15017358952.845173
MOZ,Flood,all_assets,477606310.687536,250.0,308394797.2,46347908.6,29927271.8,1.54868472173932,15017358952.845173
MOZ,Flood,all_assets,501145750.5552862,500.0,323594430.5,46347908.6,29927271.8,1.54868472173932,15017358952.845173
MOZ,Flood,all_assets,527439868.9245788,1000.0,340572785.1,46347908.6,29927271.8,1.54868472173932,15017358952.845173
MRT,Combined,all_assets,73670786.68778385,10.0,0.0,26814473.700000003,17993670.0,0.0,7473550557.073785
MRT,Combined,all_assets,140647296.84050995,25.0,0.0,26814473.700000003,17993670.0,0.0,7473550557.073785
MRT,Combined,all_assets,189632938.9406402,50.0,0.0,26814473.700000003,17993670.0,0.0,7473550557.073785
MRT,Combined,all_assets,209198882.06444865,100.0,0.0,26814473.700000003,17993670.0,0.0,7473550557.073785
MRT,Combined,all_assets,224179288.84640193,250.0,0.0,26814473.700000003,17993670.0,0.0,7473550557.073785
MRT,Combined,all_assets,243076472.86043152,500.0,0.0,26814473.700000003,17993670.0,0.0,7473550557.073785
MRT,Combined,all_assets,272671435.54728675,1000.0,0.0,26814473.700000003,17993670.0,0.0,7473550557.073785
MRT,Earthquake,all_assets,3123610.5292842197,10.0,1750057.1,1763620.6,988099.1,1.7848620649487488,7473550557.073785
MRT,Earthquake,all_assets,6246926.377841515,25.0,3499949.1,1763620.6,988099.1,1.7848620649487488,7473550557.073785
MRT,Earthquake,all_assets,14053926.97185145,50.0,7873956.9,1763620.6,988099.1,1.7848620649487488,7473550557.073785
MRT,Earthquake,all_assets,28101890.184085283,100.0,15744572.5,1763620.6,988099.1,1.7848620649487488,7473550557.073785
MRT,Earthquake,all_assets,68651428.57806447,250.0,38463156.3,1763620.6,988099.1,1.7848620649487488,7473550557.073785
MRT,Earthquake,all_assets,129382671.31913236,500.0,72488890.8,1763620.6,988099.1,1.7848620649487488,7473550557.073785
MRT,Earthquake,all_assets,202423605.8189391,1000.0,113411344.1,1763620.6,988099.1,1.7848620649487488,7473550557.073785
MRT,Flood,all_assets,65663208.87492488,10.0,44574943.2,25050853.1,17005570.9,1.4730968602765346,7473550557.073785
MRT,Flood,all_assets,132451682.11825812,25.0,89913763.1,25050853.1,17005570.9,1.4730968602765346,7473550557.073785
MRT,Flood,all_assets,184996708.0174249,50.0,125583532.9,25050853.1,17005570.9,1.4730968602765346,7473550557.073785
MRT,Flood,all_assets,205474620.7889907,100.0,139484799.9,25050853.1,17005570.9,1.4730968602765346,7473550557.073785
MRT,Flood,all_assets,215707804.25548783,250.0,146431514.5,25050853.1,17005570.9,1.4730968602765346,7473550557.073785
MRT,Flood,all_assets,225937141.9080119,500.0,153375618.4,25050853.1,17005570.9,1.4730968602765346,7473550557.073785
MRT,Flood,all_assets,236162636.2508275,1000.0,160317113.3,25050853.1,17005570.9,1.4730968602765346,7473550557.073785
MWI,Combined,all_assets,121020604.09090906,10.0,0.0,37663075.099999994,19882108.1,0.0,9879231591.524342
MWI,Combined,all_assets,200765828.17129123,25.0,0.0,37663075.099999994,19882108.1,0.0,9879231591.524342
MWI,Combined,all_assets,260359752.13609293,50.0,0.0,37663075.099999994,19882108.1,0.0,9879231591.524342
MWI,Combined,all_assets,439453081.5135433,100.0,0.0,37663075.099999994,19882108.1,0.0,9879231591.524342
MWI,Combined,all_assets,992118077.4071234,250.0,0.0,37663075.099999994,19882108.1,0.0,9879231591.524342
MWI,Combined,all_assets,1778131714.0875585,500.0,0.0,37663075.099999994,19882108.1,0.0,9879231591.524342
MWI,Combined,all_assets,2633848142.2416935,1000.0,0.0,37663075.099999994,19882108.1,0.0,9879231591.524342
MWI,Earthquake,all_assets,38037170.76693796,10.0,21730723.7,18694773.9,10680367.6,1.7503867469879968,9879231591.524342
MWI,Earthquake,all_assets,97032073.53322202,25.0,55434648.2,18694773.9,10680367.6,1.7503867469879968,9879231591.524342
MWI,Earthquake,all_assets,192101061.02366373,50.0,109747780.8,18694773.9,10680367.6,1.7503867469879968,9879231591.524342
MWI,Earthquake,all_assets,381977884.2532115,100.0,218224849.4,18694773.9,10680367.6,1.7503867469879968,9879231591.524342
MWI,Earthquake,all_assets,938642631.3975974,250.0,536248707.9,18694773.9,10680367.6,1.7503867469879968,9879231591.524342
MWI,Earthquake,all_assets,1736994846.2298975,500.0,992349176.1,18694773.9,10680367.6,1.7503867469879968,9879231591.524342
MWI,Earthquake,all_assets,2580661310.695705,1000.0,1474337780.0,18694773.9,10680367.6,1.7503867469879968,9879231591.524342
MWI,Flood,all_assets,64671211.60176989,10.0,31372746.6,18968301.2,9201740.5,2.0613818874809606,9879231591.524342
MWI,Flood,all_assets,132427157.92751816,25.0,64241933.4,18968301.2,9201740.5,2.0613818874809606,9879231591.524342
MWI,Flood,all_assets,183500314.25219488,50.0,89018107.4,18968301.2,9201740.5,2.0613818874809606,9879231591.524342
MWI,Flood,all_assets,203234413.8760775,100.0,98591345.5,18968301.2,9201740.5,2.0613818874809606,9879231591.524342
MWI,Flood,all_assets,214736672.90735465,250.0,104171223.3,18968301.2,9201740.5,2.0613818874809606,9879231591.524342
MWI,Flood,all_assets,222948381.42603245,500.0,108154817.3,18968301.2,9201740.5,2.0613818874809606,9879231591.524342
MWI,Flood,all_assets,234438910.9882316,1000.0,113729005.0,18968301.2,9201740.5,2.0613818874809606,9879231591.524342
NAM,Combined,all_assets,105563466.00753354,10.0,0.0,38371486.7,20745645.700000003,0.0,13682019076.402178
NAM,Combined,all_assets,198110789.60547525,25.0,0.0,38371486.7,20745645.700000003,0.0,13682019076.402178
NAM,Combined,all_assets,260049149.7679473,50.0,0.0,38371486.7,20745645.700000003,0.0,13682019076.402178
NAM,Combined,all_assets,287250005.0168695,100.0,0.0,38371486.7,20745645.700000003,0.0,13682019076.402178
NAM,Combined,all_assets,321501681.31714237,250.0,0.0,38371486.7,20745645.700000003,0.0,13682019076.402178
NAM,Combined,all_assets,382018059.3497363,500.0,0.0,38371486.7,20745645.700000003,0.0,13682019076.402178
NAM,Combined,all_assets,533573289.8852608,1000.0,0.0,38371486.7,20745645.700000003,0.0,13682019076.402178
NAM,Earthquake,all_assets,6110647.18249565,10.0,2638427.5,4287865.5,1851395.1,2.3160186067252746,13682019076.402178
NAM,Earthquake,all_assets,16802060.253331747,25.0,7254717.3,4287865.5,1851395.1,2.3160186067252746,13682019076.402178
NAM,Earthquake,all_assets,33597146.0482312,50.0,14506423.2,4287865.5,1851395.1,2.3160186067252746,13682019076.402178
NAM,Earthquake,all_assets,67166412.79088208,100.0,29000808.8,4287865.5,1851395.1,2.3160186067252746,13682019076.402178
NAM,Earthquake,all_assets,169228706.624338,250.0,73068802.7,4287865.5,1851395.1,2.3160186067252746,13682019076.402178
NAM,Earthquake,all_assets,313503107.1555933,500.0,135362948.4,4287865.5,1851395.1,2.3160186067252746,13682019076.402178
NAM,Earthquake,all_assets,464815135.0634357,1000.0,200695768.9,4287865.5,1851395.1,2.3160186067252746,13682019076.402178
NAM,Flood,all_assets,87934553.82945746,10.0,48746507.5,34083621.2,18894250.6,1.803914953896081,13682019076.402178
NAM,Flood,all_assets,179173976.5442941,25.0,99325068.6,34083621.2,18894250.6,1.803914953896081,13682019076.402178
NAM,Flood,all_assets,247725340.2651809,50.0,137326507.4,34083621.2,18894250.6,1.803914953896081,13682019076.402178
NAM,Flood,all_assets,276047710.24587315,100.0,153027009.2,34083621.2,18894250.6,1.803914953896081,13682019076.402178
NAM,Flood,all_assets,292557297.7464886,250.0,162179096.7,34083621.2,18894250.6,1.803914953896081,13682019076.402178
NAM,Flood,all_assets,307879854.18803424,500.0,170673153.7,34083621.2,18894250.6,1.803914953896081,13682019076.402178
NAM,Flood,all_assets,324372702.620618,1000.0,179815961.9,34083621.2,18894250.6,1.803914953896081,13682019076.402178
NER,Combined,all_assets,254244606.67167702,10.0,0.0,90725245.0,63133107.4,0.0,12837307496.882084
NER,Combined,all_assets,518357144.00305164,25.0,0.0,90725245.0,63133107.4,0.0,12837307496.882084
NER,Combined,all_assets,719354395.3946369,50.0,0.0,90725245.0,63133107.4,0.0,12837307496.882084
NER,Combined,all_assets,801230713.0756395,100.0,0.0,90725245.0,63133107.4,0.0,12837307496.882084
NER,Combined,all_assets,849057666.6371114,250.0,0.0,90725245.0,63133107.4,0.0,12837307496.882084
NER,Combined,all_assets,893116153.6486951,500.0,0.0,90725245.0,63133107.4,0.0,12837307496.882084
NER,Combined,all_assets,944908758.275002,1000.0,0.0,90725245.0,63133107.4,0.0,12837307496.882084
NER,Earthquake,all_assets,0.0,10.0,0.0,23381.0,13030.1,1.7943837729564622,12837307496.882084
NER,Earthquake,all_assets,0.0,25.0,0.0,23381.0,13030.1,1.7943837729564622,12837307496.882084
NER,Earthquake,all_assets,0.0,50.0,0.0,23381.0,13030.1,1.7943837729564622,12837307496.882084
NER,Earthquake,all_assets,0.0,100.0,0.0,23381.0,13030.1,1.7943837729564622,12837307496.882084
NER,Earthquake,all_assets,1598200.9240450957,250.0,890668.4,23381.0,13030.1,1.7943837729564622,12837307496.882084
NER,Earthquake,all_assets,1598200.9240450957,500.0,890668.4,23381.0,13030.1,1.7943837729564622,12837307496.882084
NER,Earthquake,all_assets,3196360.9361401675,1000.0,1781314.0,23381.0,13030.1,1.7943837729564622,12837307496.882084
NER,Flood,all_assets,254049370.0216911,10.0,176794777.6,90701864.0,63120077.3,1.4369732718942665,12837307496.882084
NER,Flood,all_assets,518211701.26086825,25.0,360627237.4,90701864.0,63120077.3,1.4369732718942665,12837307496.882084
NER,Flood,all_assets,719201352.3963069,50.0,500497376.3,90701864.0,63120077.3,1.4369732718942665,12837307496.882084
NER,Flood,all_assets,801133146.5055656,100.0,557514299.1,90701864.0,63120077.3,1.4369732718942665,12837307496.882084
NER,Flood,all_assets,848969096.5219839,250.0,590803679.6,90701864.0,63120077.3,1.4369732718942665,12837307496.882084
NER,Flood,all_assets,892987707.355081,500.0,621436546.4,90701864.0,63120077.3,1.4369732718942665,12837307496.882084
NER,Flood,all_assets,944502658.4194484,1000.0,657286170.1,90701864.0,63120077.3,1.4369732718942665,12837307496.882084
NGA,Combined,all_assets,2926072094.9757223,10.0,0.0,1074591779.1000001,708977326.5,0.0,421739251509.0796
NGA,Combined,all_assets,5546976951.940634,25.0,0.0,1074591779.1000001,708977326.5,0.0,421739251509.0796
NGA,Combined,all_assets,7367744835.341016,50.0,0.0,1074591779.1000001,708977326.5,0.0,421739251509.0796
NGA,Combined,all_assets,8152079327.073668,100.0,0.0,1074591779.1000001,708977326.5,0.0,421739251509.0796
NGA,Combined,all_assets,8903817907.874844,250.0,0.0,1074591779.1000001,708977326.5,0.0,421739251509.0796
NGA,Combined,all_assets,10033379553.87142,500.0,0.0,1074591779.1000001,708977326.5,0.0,421739251509.0796
NGA,Combined,all_assets,12189563630.726696,1000.0,0.0,1074591779.1000001,708977326.5,0.0,421739251509.0796
NGA,Earthquake,all_assets,148876423.41033417,10.0,73682761.5,95082396.4,47058717.4,2.0205054802449847,421739251509.0796
NGA,Earthquake,all_assets,372162026.3877162,25.0,184192535.0,95082396.4,47058717.4,2.0205054802449847,421739251509.0796
NGA,Earthquake,all_assets,744227297.8397526,50.0,368337183.5,95082396.4,47058717.4,2.0205054802449847,421739251509.0796
NGA,Earthquake,all_assets,1488067727.2726464,100.0,736482895.9,95082396.4,47058717.4,2.0205054802449847,421739251509.0796
NGA,Earthquake,all_assets,3715691055.5906377,250.0,1838990832.7,95082396.4,47058717.4,2.0205054802449847,421739251509.0796
NGA,Earthquake,all_assets,6868580681.923918,500.0,3399436798.9,95082396.4,47058717.4,2.0205054802449847,421739251509.0796
NGA,Earthquake,all_assets,10097880356.41583,1000.0,4997700058.3,95082396.4,47058717.4,2.0205054802449847,421739251509.0796
NGA,Flood,all_assets,2504961903.2856665,10.0,1692766734.2,979509382.7,661918609.1,1.4798033613707025,421739251509.0796
NGA,Flood,all_assets,5115924386.185361,25.0,3457164998.9,979509382.7,661918609.1,1.4798033613707025,421739251509.0796
NGA,Flood,all_assets,7103002899.393348,50.0,4799964025.5,979509382.7,661918609.1,1.4798033613707025,421739251509.0796
NGA,Flood,all_assets,7911513956.419415,100.0,5346327872.3,979509382.7,661918609.1,1.4798033613707025,421739251509.0796
NGA,Flood,all_assets,8389185680.043426,250.0,5669121924.6,979509382.7,661918609.1,1.4798033613707025,421739251509.0796
NGA,Flood,all_assets,8810276333.854177,500.0,5953680444.2,979509382.7,661918609.1,1.4798033613707025,421739251509.0796
NGA,Flood,all_assets,9315131050.94669,1000.0,6294843824.6,979509382.7,661918609.1,1.4798033613707025,421739251509.0796
RWA,Combined,all_assets,149264295.9026991,10.0,0.0,61751492.699999996,41062700.6,0.0,9637904518.99702
RWA,Combined,all_assets,239142341.29589102,25.0,0.0,61751492.699999996,41062700.6,0.0,9637904518.99702
RWA,Combined,all_assets,403925536.5918378,50.0,0.0,61751492.699999996,41062700.6,0.0,9637904518.99702
RWA,Combined,all_assets,757431785.3625128,100.0,0.0,61751492.699999996,41062700.6,0.0,9637904518.99702
RWA,Combined,all_assets,1766883962.5526452,250.0,0.0,61751492.699999996,41062700.6,0.0,9637904518.99702
RWA,Combined,all_assets,3113486666.1726,500.0,0.0,61751492.699999996,41062700.6,0.0,9637904518.99702
RWA,Combined,all_assets,4364363761.461295,1000.0,0.0,61751492.699999996,41062700.6,0.0,9637904518.99702
RWA,Earthquake,all_assets,72275665.13703378,10.0,49456667.2,41440914.3,28357117.200000003,1.4613937660771807,9637904518.99702
RWA,Earthquake,all_assets,180152592.39255336,25.0,123274504.5,41440914.3,28357117.200000003,1.4613937660771807,9637904518.99702
RWA,Earthquake,all_assets,358530710.0562509,50.0,245334774.5,41440914.3,28357117.200000003,1.4613937660771807,9637904518.99702
RWA,Earthquake,all_assets,708944404.078785,100.0,485115251.3,41440914.3,28357117.200000003,1.4613937660771807,9637904518.99702
RWA,Earthquake,all_assets,1722581292.2421036,250.0,1178724948.9,41440914.3,28357117.200000003,1.4613937660771807,9637904518.99702
RWA,Earthquake,all_assets,3084299791.0244126,500.0,2110519329.3,41440914.3,28357117.200000003,1.4613937660771807,9637904518.99702
RWA,Earthquake,all_assets,4328612024.454261,1000.0,2961975153.4,41440914.3,28357117.200000003,1.4613937660771807,9637904518.99702
RWA,Flood,all_assets,57412950.23013132,10.0,35915522.1,20310578.4,12705583.4,1.5985553563797787,9637904518.99702
RWA,Flood,all_assets,117201077.16976634,25.0,73316871.2,20310578.4,12705583.4,1.5985553563797787,9637904518.99702
RWA,Flood,all_assets,162874764.0662011,50.0,101888723.1,20310578.4,12705583.4,1.5985553563797787,9637904518.99702
RWA,Flood,all_assets,180608383.63088337,100.0,112982251.7,20310578.4,12705583.4,1.5985553563797787,9637904518.99702
RWA,Flood,all_assets,188203651.8085552,250.0,117733584.3,20310578.4,12705583.4,1.5985553563797787,9637904518.99702
RWA,Flood,all_assets,195796009.49648973,500.0,122483096.2,20310578.4,12705583.4,1.5985553563797787,9637904518.99702
RWA,Flood,all_assets,204650083.90801767,1000.0,128021893.7,20310578.4,12705583.4,1.5985553563797787,9637904518.99702
SDN,Combined,all_assets,11446400959.91161,10.0,0.0,4131131794.2999997,3173235553.8999996,0.0,32333780383.29238
SDN,Combined,all_assets,21743960343.00156,25.0,0.0,4131131794.2999997,3173235553.8999996,0.0,32333780383.29238
SDN,Combined,all_assets,28987084936.715107,50.0,0.0,4131131794.2999997,3173235553.8999996,0.0,32333780383.29238
SDN,Combined,all_assets,31904697346.438488,100.0,0.0,4131131794.2999997,3173235553.8999996,0.0,32333780383.29238
SDN,Combined,all_assets,33958855960.507954,250.0,0.0,4131131794.2999997,3173235553.8999996,0.0,32333780383.29238
SDN,Combined,all_assets,36077799395.94124,500.0,0.0,4131131794.2999997,3173235553.8999996,0.0,32333780383.29238
SDN,Combined,all_assets,39861472029.92924,1000.0,0.0,4131131794.2999997,3173235553.8999996,0.0,32333780383.29238
SDN,Earthquake,all_assets,336234363.65706354,10.0,252527495.0,207482167.1,155828664.7,1.3314762563065203,32333780383.29238
SDN,Earthquake,all_assets,841379372.1930937,25.0,631914664.8,207482167.1,155828664.7,1.3314762563065203,32333780383.29238
SDN,Earthquake,all_assets,1679015540.0219316,50.0,1261018010.7,207482167.1,155828664.7,1.3314762563065203,32333780383.29238
SDN,Earthquake,all_assets,3347368037.7928605,100.0,2514027585.5,207482167.1,155828664.7,1.3314762563065203,32333780383.29238
SDN,Earthquake,all_assets,8290488228.183009,250.0,6226538542.4,207482167.1,155828664.7,1.3314762563065203,32333780383.29238
SDN,Earthquake,all_assets,15431023942.149555,500.0,11589409776.6,207482167.1,155828664.7,1.3314762563065203,32333780383.29238
SDN,Earthquake,all_assets,24027313671.569668,1000.0,18045619332.5,207482167.1,155828664.7,1.3314762563065203,32333780383.29238
SDN,Flood,all_assets,10438310203.965927,10.0,8027380656.7,3923649627.2,3017406889.2,1.3003382610557606,32333780383.29238
SDN,Flood,all_assets,20852849710.366005,25.0,16036480918.0,3923649627.2,3017406889.2,1.3003382610557606,32333780383.29238
SDN,Flood,all_assets,28483775271.130856,50.0,21904896690.5,3923649627.2,3017406889.2,1.3003382610557606,32333780383.29238
SDN,Flood,all_assets,31456366769.50749,100.0,24190910712.7,3923649627.2,3017406889.2,1.3003382610557606,32333780383.29238
SDN,Flood,all_assets,33062014806.00931,250.0,25425703292.9,3923649627.2,3017406889.2,1.3003382610557606,32333780383.29238
SDN,Flood,all_assets,34426443675.835434,500.0,26474990936.5,3923649627.2,3017406889.2,1.3003382610557606,32333780383.29238
SDN,Flood,all_assets,36014254439.4017,1000.0,27696066106.8,3923649627.2,3017406889.2,1.3003382610557606,32333780383.29238
SEN,Combined,all_assets,56865748.36319967,10.0,0.0,20280206.4,12121342.5,0.0,23116701556.138107
SEN,Combined,all_assets,102451126.21936579,25.0,0.0,20280206.4,12121342.5,0.0,23116701556.138107
SEN,Combined,all_assets,128036931.37648559,50.0,0.0,20280206.4,12121342.5,0.0,23116701556.138107
SEN,Combined,all_assets,143187790.29129186,100.0,0.0,20280206.4,12121342.5,0.0,23116701556.138107
SEN,Combined,all_assets,229177674.09704784,250.0,0.0,20280206.4,12121342.5,0.0,23116701556.138107
SEN,Combined,all_assets,390693604.1827944,500.0,0.0,20280206.4,12121342.5,0.0,23116701556.138107
SEN,Combined,all_assets,587555072.0436081,1000.0,0.0,20280206.4,12121342.5,0.0,23116701556.138107
SEN,Earthquake,all_assets,7103569.238582104,10.0,3291379.2,4880103.7,2261155.1,2.158234833161157,23116701556.138107
SEN,Earthquake,all_assets,19533622.118061528,25.0,9050739.9,4880103.7,2261155.1,2.158234833161157,23116701556.138107
SEN,Earthquake,all_assets,39063493.65562999,50.0,18099742.0,4880103.7,2261155.1,2.158234833161157,23116701556.138107
SEN,Earthquake,all_assets,78111989.30575737,100.0,36192534.8,4880103.7,2261155.1,2.158234833161157,23116701556.138107
SEN,Earthquake,all_assets,195167575.63163465,250.0,90429258.5,4880103.7,2261155.1,2.158234833161157,23116701556.138107
SEN,Earthquake,all_assets,365189906.2086812,500.0,169207678.7,4880103.7,2261155.1,2.158234833161157,23116701556.138107
SEN,Earthquake,all_assets,554359071.7114582,1000.0,256857624.2,4880103.7,2261155.1,2.158234833161157,23116701556.138107
SEN,Flood,all_assets,41114993.77145915,10.0,26324600.0,15400102.7,9860187.4,1.5618468569877282,23116701556.138107
SEN,Flood,all_assets,83490787.16874416,25.0,53456449.2,15400102.7,9860187.4,1.5618468569877282,23116701556.138107
SEN,Flood,all_assets,115577420.22727697,50.0,74000482.0,15400102.7,9860187.4,1.5618468569877282,23116701556.138107
SEN,Flood,all_assets,127125182.82951193,100.0,81394140.7,15400102.7,9860187.4,1.5618468569877282,23116701556.138107
SEN,Flood,all_assets,133539823.12709834,250.0,85501227.3,15400102.7,9860187.4,1.5618468569877282,23116701556.138107
SEN,Flood,all_assets,138671132.75228468,500.0,88786638.8,15400102.7,9860187.4,1.5618468569877282,23116701556.138107
SEN,Flood,all_assets,143802084.2459867,1000.0,92071821.0,15400102.7,9860187.4,1.5618468569877282,23116701556.138107
SLE,Combined,all_assets,32690614.672088664,10.0,0.0,11553903.299999999,8769496.4,0.0,6390514688.528162
SLE,Combined,all_assets,62602118.82519906,25.0,0.0,11553903.299999999,8769496.4,0.0,6390514688.528162
SLE,Combined,all_assets,83585952.5746292,50.0,0.0,11553903.299999999,8769496.4,0.0,6390514688.528162
SLE,Combined,all_assets,91833488.39947909,100.0,0.0,11553903.299999999,8769496.4,0.0,6390514688.528162
SLE,Combined,all_assets,97361735.43684824,250.0,0.0,11553903.299999999,8769496.4,0.0,6390514688.528162
SLE,Combined,all_assets,104585761.68788765,500.0,0.0,11553903.299999999,8769496.4,0.0,6390514688.528162
SLE,Combined,all_assets,114961307.95313041,1000.0,0.0,11553903.299999999,8769496.4,0.0,6390514688.528162
SLE,Earthquake,all_assets,1538857.8057726934,10.0,836024.7,720746.2000000001,391564.2,1.8406846182567251,6390514688.528162
SLE,Earthquake,all_assets,3077490.679885036,25.0,1671927.2,720746.2000000001,391564.2,1.8406846182567251,6390514688.528162
SLE,Earthquake,all_assets,6154081.81719713,50.0,3343365.7,720746.2000000001,391564.2,1.8406846182567251,6390514688.528162
SLE,Earthquake,all_assets,12304567.48885557,100.0,6684777.7,720746.2000000001,391564.2,1.8406846182567251,6390514688.528162
SLE,Earthquake,all_assets,29199885.79865662,250.0,15863600.7,720746.2000000001,391564.2,1.8406846182567251,6390514688.528162
SLE,Earthquake,all_assets,53726522.39618827,500.0,29188336.7,720746.2000000001,391564.2,1.8406846182567251,6390514688.528162
SLE,Earthquake,all_assets,84304473.91613208,1000.0,45800607.6,720746.2000000001,391564.2,1.8406846182567251,6390514688.528162
SLE,Flood,all_assets,29132424.21619933,10.0,22529856.5,10833157.1,8377932.2,1.293058578344666,6390514688.528162
SLE,Flood,all_assets,59222868.55057791,25.0,45800607.6,10833157.1,8377932.2,1.293058578344666,6390514688.528162
SLE,Flood,all_assets,81710325.89433475,50.0,63191511.4,10833157.1,8377932.2,1.293058578344666,6390514688.528162
SLE,Flood,all_assets,90258929.59733464,100.0,69802661.0,10833157.1,8377932.2,1.293058578344666,6390514688.528162
SLE,Flood,all_assets,94529506.66429384,250.0,73105355.2,10833157.1,8377932.2,1.293058578344666,6390514688.528162
SLE,Flood,all_assets,97730811.568416,500.0,75581116.9,10833157.1,8377932.2,1.293058578344666,6390514688.528162
SLE,Flood,all_assets,101997049.51870383,1000.0,78880455.4,10833157.1,8377932.2,1.293058578344666,6390514688.528162
SOM,Combined,all_assets,297922330.9940346,10.0,0.0,78054288.7,43882559.7,0.0,7873440830.001277
SOM,Combined,all_assets,582400206.0103472,25.0,0.0,78054288.7,43882559.7,0.0,7873440830.001277
SOM,Combined,all_assets,793321294.7487203,50.0,0.0,78054288.7,43882559.7,0.0,7873440830.001277
SOM,Combined,all_assets,890057393.908561,100.0,0.0,78054288.7,43882559.7,0.0,7873440830.001277
SOM,Combined,all_assets,973759370.0762992,250.0,0.0,78054288.7,43882559.7,0.0,7873440830.001277
SOM,Combined,all_assets,1064564904.9286885,500.0,0.0,78054288.7,43882559.7,0.0,7873440830.001277
SOM,Combined,all_assets,1204255070.9198487,1000.0,0.0,78054288.7,43882559.7,0.0,7873440830.001277
SOM,Earthquake,all_assets,8302796.939647116,10.0,4221739.1,4712591.8,2396220.6,1.9666769411797893,7873440830.001277
SOM,Earthquake,all_assets,19923585.166814137,25.0,10130583.6,4712591.8,2396220.6,1.9666769411797893,7873440830.001277
SOM,Earthquake,all_assets,39836452.14096654,50.0,20255717.3,4712591.8,2396220.6,1.9666769411797893,7873440830.001277
SOM,Earthquake,all_assets,81287204.2421893,100.0,41332260.8,4712591.8,2396220.6,1.9666769411797893,7873440830.001277
SOM,Earthquake,all_assets,202058101.71575963,250.0,102740870.9,4712591.8,2396220.6,1.9666769411797893,7873440830.001277
SOM,Earthquake,all_assets,380011268.5834074,500.0,193225059.3,4712591.8,2396220.6,1.9666769411797893,7873440830.001277
SOM,Earthquake,all_assets,568558025.7551639,1000.0,289095790.9,4712591.8,2396220.6,1.9666769411797893,7873440830.001277
SOM,Flood,all_assets,272074738.2452081,10.0,153901332.1,73341696.9,41486339.1,1.7678517432742096,7873440830.001277
SOM,Flood,all_assets,561021140.9071876,25.0,317346261.1,73341696.9,41486339.1,1.7678517432742096,7873440830.001277
SOM,Flood,all_assets,780457743.8153311,50.0,441472395.4,73341696.9,41486339.1,1.7678517432742096,7873440830.001277
SOM,Flood,all_assets,876548277.6920577,100.0,495826802.8,73341696.9,41486339.1,1.7678517432742096,7873440830.001277
SOM,Flood,all_assets,946256167.3551494,250.0,535257648.7,73341696.9,41486339.1,1.7678517432742096,7873440830.001277
SOM,Flood,all_assets,1012920871.0166732,500.0,572967091.2,73341696.9,41486339.1,1.7678517432742096,7873440830.001277
SOM,Flood,all_assets,1098227567.7753198,1000.0,621221531.7,73341696.9,41486339.1,1.7678517432742096,7873440830.001277
SSD,Combined,all_assets,130662012.65016098,10.0,0.0,52752688.3,38742302.400000006,0.0,
SSD,Combined,all_assets,220469783.97744885,25.0,0.0,52752688.3,38742302.400000006,0.0,
SSD,Combined,all_assets,270728911.16464525,50.0,0.0,52752688.3,38742302.400000006,0.0,
SSD,Combined,all_assets,422559297.9292589,100.0,0.0,52752688.3,38742302.400000006,0.0,
SSD,Combined,all_assets,940924004.804167,250.0,0.0,52752688.3,38742302.400000006,0.0,
SSD,Combined,all_assets,1658602132.2839317,500.0,0.0,52752688.3,38742302.400000006,0.0,
SSD,Combined,all_assets,2396899532.9106927,1000.0,0.0,52752688.3,38742302.400000006,0.0,
SSD,Earthquake,all_assets,36015434.671041384,10.0,27834360.5,23375097.7,18065335.1,1.2939199616618238,
SSD,Earthquake,all_assets,90425753.08505192,25.0,69885121.0,23375097.7,18065335.1,1.2939199616618238,
SSD,Earthquake,all_assets,179247600.7680907,50.0,138530671.2,23375097.7,18065335.1,1.2939199616618238,
SSD,Earthquake,all_assets,357510367.7404975,100.0,276300218.2,23375097.7,18065335.1,1.2939199616618238,
SSD,Earthquake,all_assets,877091001.9474493,250.0,677855685.0,23375097.7,18065335.1,1.2939199616618238,
SSD,Earthquake,all_assets,1611116635.596795,500.0,1245143968.2,23375097.7,18065335.1,1.2939199616618238,
SSD,Earthquake,all_assets,2335626575.467846,1000.0,1805078091.9,23375097.7,18065335.1,1.2939199616618238,
SSD,Flood,all_assets,74224447.62445775,10.0,52241740.9,29377590.6,20676967.3,1.4207881733217231,
SSD,Flood,all_assets,151695042.16454285,25.0,106768232.6,29377590.6,20676967.3,1.4207881733217231,
SSD,Flood,all_assets,209863689.1863888,50.0,147709344.1,29377590.6,20676967.3,1.4207881733217231,
SSD,Flood,all_assets,232365407.38933223,100.0,163546833.9,29377590.6,20676967.3,1.4207881733217231,
SSD,Flood,all_assets,243013714.4888628,250.0,171041481.8,29377590.6,20676967.3,1.4207881733217231,
SSD,Flood,all_assets,252473270.0039128,500.0,177699445.1,29377590.6,20676967.3,1.4207881733217231,
SSD,Flood,all_assets,261927553.40028813,1000.0,184353697.7,29377590.6,20676967.3,1.4207881733217231,
STP,Combined,all_assets,0.0,10.0,0.0,67682.0,30530.9,0.0,383717327.8305078
STP,Combined,all_assets,0.0,25.0,0.0,67682.0,30530.9,0.0,383717327.8305078
STP,Combined,all_assets,0.0,50.0,0.0,67682.0,30530.9,0.0,383717327.8305078
STP,Combined,all_assets,1776277.5330949726,100.0,0.0,67682.0,30530.9,0.0,383717327.8305078
STP,Combined,all_assets,3550864.036064547,250.0,0.0,67682.0,30530.9,0.0,383717327.8305078
STP,Combined,all_assets,5338929.213505202,500.0,0.0,67682.0,30530.9,0.0,383717327.8305078
STP,Combined,all_assets,7118221.307006592,1000.0,0.0,67682.0,30530.9,0.0,383717327.8305078
STP,Earthquake,all_assets,0.0,10.0,0.0,67682.0,30530.9,2.216836057895444,383717327.8305078
STP,Earthquake,all_assets,0.0,25.0,0.0,67682.0,30530.9,2.216836057895444,383717327.8305078
STP,Earthquake,all_assets,0.0,50.0,0.0,67682.0,30530.9,2.216836057895444,383717327.8305078
STP,Earthquake,all_assets,1777084.2842431765,100.0,801630.9,67682.0,30530.9,2.216836057895444,383717327.8305078
STP,Earthquake,all_assets,3551709.653930935,250.0,1602152.6,67682.0,30530.9,2.216836057895444,383717327.8305078
STP,Earthquake,all_assets,5323881.207786209,500.0,2401567.4,67682.0,30530.9,2.216836057895444,383717327.8305078
STP,Earthquake,all_assets,7093603.822848327,1000.0,3199877.5,67682.0,30530.9,2.216836057895444,383717327.8305078
SWZ,Combined,all_assets,43794473.62170025,10.0,0.0,15525096.0,10078378.6,0.0,4644696656.369665
SWZ,Combined,all_assets,77864161.09254222,25.0,0.0,15525096.0,10078378.6,0.0,4644696656.369665
SWZ,Combined,all_assets,95835113.7277446,50.0,0.0,15525096.0,10078378.6,0.0,4644696656.369665
SWZ,Combined,all_assets,115387103.93067865,100.0,0.0,15525096.0,10078378.6,0.0,4644696656.369665
SWZ,Combined,all_assets,212729733.33764327,250.0,0.0,15525096.0,10078378.6,0.0,4644696656.369665
SWZ,Combined,all_assets,357406369.74195206,500.0,0.0,15525096.0,10078378.6,0.0,4644696656.369665
SWZ,Combined,all_assets,496073614.6152426,1000.0,0.0,15525096.0,10078378.6,0.0,4644696656.369665
SWZ,Earthquake,all_assets,8012923.323890378,10.0,5445908.5,4559731.899999999,3098979.2,1.4713657645717657,4644696656.369665
SWZ,Earthquake,all_assets,19447385.46279736,25.0,13217233.9,4559731.899999999,3098979.2,1.4713657645717657,4644696656.369665
SWZ,Earthquake,all_assets,37711827.86938422,50.0,25630491.6,4559731.899999999,3098979.2,1.4713657645717657,4644696656.369665
SWZ,Earthquake,all_assets,76398808.40188198,100.0,51923736.6,4559731.899999999,3098979.2,1.4713657645717657,4644696656.369665
SWZ,Earthquake,all_assets,189208522.3601541,250.0,128593805.1,4559731.899999999,3098979.2,1.4713657645717657,4644696656.369665
SWZ,Earthquake,all_assets,341434708.52034575,500.0,232052910.8,4559731.899999999,3098979.2,1.4713657645717657,4644696656.369665
SWZ,Earthquake,all_assets,474784072.93260384,1000.0,322682560.9,4559731.899999999,3098979.2,1.4713657645717657,4644696656.369665
SWZ,Flood,all_assets,29302964.29823916,10.0,18651190.2,10965364.1,6979399.399999999,1.5711042557616062,4644696656.369665
SWZ,Flood,all_assets,60945523.88767614,25.0,38791521.1,10965364.1,6979399.399999999,1.5711042557616062,4644696656.369665
SWZ,Flood,all_assets,84001937.76053083,50.0,53466813.2,10965364.1,6979399.399999999,1.5711042557616062,4644696656.369665
SWZ,Flood,all_assets,92482192.77848949,100.0,58864453.1,10965364.1,6979399.399999999,1.5711042557616062,4644696656.369665
SWZ,Flood,all_assets,98534841.44438852,250.0,62716933.7,10965364.1,6979399.399999999,1.5711042557616062,4644696656.369665
SWZ,Flood,all_assets,102164562.03537028,500.0,65027232.7,10965364.1,6979399.399999999,1.5711042557616062,4644696656.369665
SWZ,Flood,all_assets,108210984.2579933,1000.0,68875750.2,10965364.1,6979399.399999999,1.5711042557616062,4644696656.369665
SYC,Combined,all_assets,0.0,10.0,0.0,269.0,54.4,0.0,1784313926.768066
SYC,Combined,all_assets,0.0,25.0,0.0,269.0,54.4,0.0,1784313926.768066
SYC,Combined,all_assets,0.0,50.0,0.0,269.0,54.4,0.0,1784313926.768066
SYC,Combined,all_assets,0.0,100.0,0.0,269.0,54.4,0.0,1784313926.768066
SYC,Combined,all_assets,0.0,250.0,0.0,269.0,54.4,0.0,1784313926.768066
SYC,Combined,all_assets,0.0,500.0,0.0,269.0,54.4,0.0,1784313926.768066
SYC,Combined,all_assets,0.0,1000.0,0.0,269.0,54.4,0.0,1784313926.768066
SYC,Earthquake,all_assets,0.0,10.0,0.0,269.0,54.4,4.944852941176471,1784313926.768066
SYC,Earthquake,all_assets,0.0,25.0,0.0,269.0,54.4,4.944852941176471,1784313926.768066
SYC,Earthquake,all_assets,0.0,50.0,0.0,269.0,54.4,4.944852941176471,1784313926.768066
SYC,Earthquake,all_assets,0.0,100.0,0.0,269.0,54.4,4.944852941176471,1784313926.768066
SYC,Earthquake,all_assets,0.0,250.0,0.0,269.0,54.4,4.944852941176471,1784313926.768066
SYC,Earthquake,all_assets,0.0,500.0,0.0,269.0,54.4,4.944852941176471,1784313926.768066
SYC,Earthquake,all_assets,0.0,1000.0,0.0,269.0,54.4,4.944852941176471,1784313926.768066
TCD,Combined,all_assets,133634282.08105086,10.0,0.0,42968874.3,25464624.4,0.0,15327000248.870071
TCD,Combined,all_assets,265871112.26582804,25.0,0.0,42968874.3,25464624.4,0.0,15327000248.870071
TCD,Combined,all_assets,366063735.454234,50.0,0.0,42968874.3,25464624.4,0.0,15327000248.870071
TCD,Combined,all_assets,406682155.15659,100.0,0.0,42968874.3,25464624.4,0.0,15327000248.870071
TCD,Combined,all_assets,430837662.1012783,250.0,0.0,42968874.3,25464624.4,0.0,15327000248.870071
TCD,Combined,all_assets,450564984.8690508,500.0,0.0,42968874.3,25464624.4,0.0,15327000248.870071
TCD,Combined,all_assets,475106764.8423962,1000.0,0.0,42968874.3,25464624.4,0.0,15327000248.870071
TCD,Earthquake,all_assets,1657261.3424151773,10.0,871807.8,731842.0,384987.9,1.9009480557700644,15327000248.870071
TCD,Earthquake,all_assets,3314444.9360548733,25.0,1743574.7,731842.0,384987.9,1.9009480557700644,15327000248.870071
TCD,Earthquake,all_assets,6628578.686913017,50.0,3486985.7,731842.0,384987.9,1.9009480557700644,15327000248.870071
TCD,Earthquake,all_assets,13255912.82313392,100.0,6973316.7,731842.0,384987.9,1.9009480557700644,15327000248.870071
TCD,Earthquake,all_assets,33130451.34935046,250.0,17428383.3,731842.0,384987.9,1.9009480557700644,15327000248.870071
TCD,Earthquake,all_assets,62921283.88773309,500.0,33099949.1,731842.0,384987.9,1.9009480557700644,15327000248.870071
TCD,Earthquake,all_assets,95992722.77592464,1000.0,50497288.7,731842.0,384987.9,1.9009480557700644,15327000248.870071
TCD,Flood,all_assets,128940569.02918255,10.0,76562732.4,42237032.3,25079636.5,1.6841166059165171,15327000248.870071
TCD,Flood,all_assets,263174892.1818166,25.0,156268806.6,42237032.3,25079636.5,1.6841166059165171,15327000248.870071
TCD,Flood,all_assets,364923573.6997229,50.0,216685455.4,42237032.3,25079636.5,1.6841166059165171,15327000248.870071
TCD,Flood,all_assets,405530026.45023847,100.0,240796881.3,42237032.3,25079636.5,1.6841166059165171,15327000248.870071
TCD,Flood,all_assets,428709912.1884324,250.0,254560706.0,42237032.3,25079636.5,1.6841166059165171,15327000248.870071
TCD,Flood,all_assets,447530840.0079778,500.0,265736255.1,42237032.3,25079636.5,1.6841166059165171,15327000248.870071
TCD,Flood,all_assets,470679408.7558264,1000.0,279481484.3,42237032.3,25079636.5,1.6841166059165171,15327000248.870071
TGO,Combined,all_assets,33785643.18792796,10.0,0.0,11225356.700000001,4932330.5,0.0,7029300383.080308
TGO,Combined,all_assets,62615788.16292426,25.0,0.0,11225356.700000001,4932330.5,0.0,7029300383.080308
TGO,Combined,all_assets,81867807.23960644,50.0,0.0,11225356.700000001,4932330.5,0.0,7029300383.080308
TGO,Combined,all_assets,89389153.04510957,100.0,0.0,11225356.700000001,4932330.5,0.0,7029300383.080308
TGO,Combined,all_assets,99632479.55038533,250.0,0.0,11225356.700000001,4932330.5,0.0,7029300383.080308
TGO,Combined,all_assets,134683335.59210056,500.0,0.0,11225356.700000001,4932330.5,0.0,7029300383.080308
TGO,Combined,all_assets,208997695.65641075,1000.0,0.0,11225356.700000001,4932330.5,0.0,7029300383.080308
TGO,Earthquake,all_assets,2116328.76377468,10.0,783085.1,1447672.9,535668.7,2.7025527158857705,7029300383.080308
TGO,Earthquake,all_assets,6348614.690325606,25.0,2349117.8,1447672.9,535668.7,2.7025527158857705,7029300383.080308
TGO,Earthquake,all_assets,12696114.307400638,50.0,4697823.0,1447672.9,535668.7,2.7025527158857705,7029300383.080308
TGO,Earthquake,all_assets,23272803.536380004,100.0,8611415.2,1447672.9,535668.7,2.7025527158857705,7029300383.080308
TGO,Earthquake,all_assets,61323266.93920552,250.0,22690868.0,1447672.9,535668.7,2.7025527158857705,7029300383.080308
TGO,Earthquake,all_assets,114104707.39388342,500.0,42221084.8,1447672.9,535668.7,2.7025527158857705,7029300383.080308
TGO,Earthquake,all_assets,187869257.9182717,1000.0,69515483.2,1447672.9,535668.7,2.7025527158857705,7029300383.080308
TGO,Flood,all_assets,27851667.72859445,10.0,12523862.1,9777683.8,4396661.8,2.223888087093713,7029300383.080308
TGO,Flood,all_assets,55677266.81864319,25.0,25036002.1,9777683.8,4396661.8,2.223888087093713,7029300383.080308
TGO,Flood,all_assets,78266396.27519144,50.0,35193495.9,9777683.8,4396661.8,2.223888087093713,7029300383.080308
TGO,Flood,all_assets,85213443.26396453,100.0,38317325.3,9777683.8,4396661.8,2.223888087093713,7029300383.080308
TGO,Flood,all_assets,90422662.262401,250.0,40659717.9,9777683.8,4396661.8,2.223888087093713,7029300383.080308
TGO,Flood,all_assets,92158865.4801012,500.0,41440424.1,9777683.8,4396661.8,2.223888087093713,7029300383.080308
TGO,Flood,all_assets,95630967.68761133,1000.0,43001699.7,9777683.8,4396661.8,2.223888087093713,7029300383.080308
TZA,Combined,all_assets,741603154.1168451,10.0,0.0,315707068.0,225298221.0,0.0,57003712892.08581
TZA,Combined,all_assets,1213101026.4898238,25.0,0.0,315707068.0,225298221.0,0.0,57003712892.08581
TZA,Combined,all_assets,1810665791.698237,50.0,0.0,315707068.0,225298221.0,0.0,57003712892.08581
TZA,Combined,all_assets,3330493085.872251,100.0,0.0,315707068.0,225298221.0,0.0,57003712892.08581
TZA,Combined,all_assets,7749320306.693093,250.0,0.0,315707068.0,225298221.0,0.0,57003712892.08581
TZA,Combined,all_assets,13995577572.574226,500.0,0.0,315707068.0,225298221.0,0.0,57003712892.08581
TZA,Combined,all_assets,20527096219.50547,1000.0,0.0,315707068.0,225298221.0,0.0,57003712892.08581
TZA,Earthquake,all_assets,305994773.72278225,10.0,221377399.4,187594255.3,135718423.79999998,1.3822313142720126,57003712892.08581
TZA,Earthquake,all_assets,763936910.1254334,25.0,552683839.7,187594255.3,135718423.79999998,1.3822313142720126,57003712892.08581
TZA,Earthquake,all_assets,1524386521.4152017,50.0,1102844730.6,187594255.3,135718423.79999998,1.3822313142720126,57003712892.08581
TZA,Earthquake,all_assets,3033821357.135334,100.0,2194872396.4,187594255.3,135718423.79999998,1.3822313142720126,57003712892.08581
TZA,Earthquake,all_assets,7483118223.992557,250.0,5413795901.4,187594255.3,135718423.79999998,1.3822313142720126,57003712892.08581
TZA,Earthquake,all_assets,13827802165.585411,500.0,10003971131.9,187594255.3,135718423.79999998,1.3822313142720126,57003712892.08581
TZA,Earthquake,all_assets,20309634383.05305,1000.0,14693368738.9,187594255.3,135718423.79999998,1.3822313142720126,57003712892.08581
TZA,Flood,all_assets,344307606.9150526,10.0,240748797.5,128112812.7,89579797.2,1.430152966454807,57003712892.08581
TZA,Flood,all_assets,704056179.256546,25.0,492294318.0,128112812.7,89579797.2,1.430152966454807,57003712892.08581
TZA,Flood,all_assets,977975977.79782,50.0,683826136.6,128112812.7,89579797.2,1.430152966454807,57003712892.08581
TZA,Flood,all_assets,1087192221.5415652,100.0,760192963.3,128112812.7,89579797.2,1.430152966454807,57003712892.08581
TZA,Flood,all_assets,1149242173.907044,250.0,803579897.3,128112812.7,89579797.2,1.430152966454807,57003712892.08581
TZA,Flood,all_assets,1202081909.2761428,500.0,840526809.0,128112812.7,89579797.2,1.430152966454807,57003712892.08581
TZA,Flood,all_assets,1265238572.6433363,1000.0,884687584.0,128112812.7,89579797.2,1.430152966454807,57003712892.08581
UGA,Combined,all_assets,346482460.8758812,10.0,0.0,120615381.5,66062206.3,0.0,32927025619.679543
UGA,Combined,all_assets,570867345.0034261,25.0,0.0,120615381.5,66062206.3,0.0,32927025619.679543
UGA,Combined,all_assets,876402307.1855545,50.0,0.0,120615381.5,66062206.3,0.0,32927025619.679543
UGA,Combined,all_assets,1617381734.0276637,100.0,0.0,120615381.5,66062206.3,0.0,32927025619.679543
UGA,Combined,all_assets,3786120783.8569536,250.0,0.0,120615381.5,66062206.3,0.0,32927025619.679543
UGA,Combined,all_assets,6837976144.813663,500.0,0.0,120615381.5,66062206.3,0.0,32927025619.679543
UGA,Combined,all_assets,9882605171.207531,1000.0,0.0,120615381.5,66062206.3,0.0,32927025619.679543
UGA,Earthquake,all_assets,149519512.00022942,10.0,87662762.7,74306537.6,43565661.0,1.7056217189037943,32927025619.679543
UGA,Earthquake,all_assets,373287604.74501264,25.0,218857206.5,74306537.6,43565661.0,1.7056217189037943,32927025619.679543
UGA,Earthquake,all_assets,746178340.3116057,50.0,437481730.0,74306537.6,43565661.0,1.7056217189037943,32927025619.679543
UGA,Earthquake,all_assets,1484299324.475921,100.0,870239460.5,74306537.6,43565661.0,1.7056217189037943,32927025619.679543
UGA,Earthquake,all_assets,3661608003.13568,250.0,2146787861.9,74306537.6,43565661.0,1.7056217189037943,32927025619.679543
UGA,Earthquake,all_assets,6741783752.55807,500.0,3952684043.5,74306537.6,43565661.0,1.7056217189037943,32927025619.679543
UGA,Earthquake,all_assets,9749826313.797035,1000.0,5716288791.2,74306537.6,43565661.0,1.7056217189037943,32927025619.679543
UGA,Flood,all_assets,151982033.26073956,10.0,73831916.5,46308843.9,22496545.3,2.058486904653756,32927025619.679543
UGA,Flood,all_assets,311627710.3431598,25.0,151386783.0,46308843.9,22496545.3,2.058486904653756,32927025619.679543
UGA,Flood,all_assets,434741927.5398632,50.0,211194895.9,46308843.9,22496545.3,2.058486904653756,32927025619.679543
UGA,Flood,all_assets,489935574.12402457,100.0,238007622.5,46308843.9,22496545.3,2.058486904653756,32927025619.679543
UGA,Flood,all_assets,532492427.5289258,250.0,258681474.4,46308843.9,22496545.3,2.058486904653756,32927025619.679543
UGA,Flood,all_assets,573455742.4078404,500.0,278581195.3,46308843.9,22496545.3,2.058486904653756,32927025619.679543
UGA,Flood,all_assets,623848765.7447238,1000.0,303061809.3,46308843.9,22496545.3,2.058486904653756,32927025619.679543
ZAF,Combined,all_assets,3707952414.029857,10.0,0.0,1681518186.8,1170343417.1,0.0,405260723892.5169
ZAF,Combined,all_assets,6052712945.777986,25.0,0.0,1681518186.8,1170343417.1,0.0,405260723892.5169
ZAF,Combined,all_assets,9233505002.650612,50.0,0.0,1681518186.8,1170343417.1,0.0,405260723892.5169
ZAF,Combined,all_assets,17117716405.90929,100.0,0.0,1681518186.8,1170343417.1,0.0,405260723892.5169
ZAF,Combined,all_assets,39895745288.67801,250.0,0.0,1681518186.8,1170343417.1,0.0,405260723892.5169
ZAF,Combined,all_assets,67327267257.690025,500.0,0.0,1681518186.8,1170343417.1,0.0,405260723892.5169
ZAF,Combined,all_assets,88678791395.77701,1000.0,0.0,1681518186.8,1170343417.1,0.0,405260723892.5169
ZAF,Earthquake,all_assets,1579619286.9637256,10.0,1104471211.4,1012636258.0,708036172.9,1.430204129052345,405260723892.5169
ZAF,Earthquake,all_assets,3943108704.51818,25.0,2757025115.8,1012636258.0,708036172.9,1.430204129052345,405260723892.5169
ZAF,Earthquake,all_assets,7870862258.102429,50.0,5503313896.4,1012636258.0,708036172.9,1.430204129052345,405260723892.5169
ZAF,Earthquake,all_assets,15676662569.850449,100.0,10961136422.0,1012636258.0,708036172.9,1.430204129052345,405260723892.5169
ZAF,Earthquake,all_assets,38711660229.29591,250.0,27067227288.0,1012636258.0,708036172.9,1.430204129052345,405260723892.5169
ZAF,Earthquake,all_assets,66648954799.30293,500.0,46601008517.2,1012636258.0,708036172.9,1.430204129052345,405260723892.5169
ZAF,Earthquake,all_assets,87728806962.46063,1000.0,61340059912.0,1012636258.0,708036172.9,1.430204129052345,405260723892.5169
ZAF,Flood,all_assets,1655448179.6923013,10.0,1144186519.2,668881928.8,462307244.2,1.4468341934755258,405260723892.5169
ZAF,Flood,all_assets,3387933887.4949737,25.0,2341618620.0,668881928.8,462307244.2,1.4468341934755258,405260723892.5169
ZAF,Flood,all_assets,4711326111.727962,50.0,3256299949.9,668881928.8,462307244.2,1.4468341934755258,405260723892.5169
ZAF,Flood,all_assets,5258366603.109323,100.0,3634394754.3,668881928.8,462307244.2,1.4468341934755258,405260723892.5169
ZAF,Flood,all_assets,5600746786.27715,250.0,3871035680.2,668881928.8,462307244.2,1.4468341934755258,405260723892.5169
ZAF,Flood,all_assets,5909294957.239915,500.0,4084293130.4,668881928.8,462307244.2,1.4468341934755258,405260723892.5169
ZAF,Flood,all_assets,6285139670.906639,1000.0,4344063541.8,668881928.8,462307244.2,1.4468341934755258,405260723892.5169
ZMB,Combined,all_assets,361568534.8840982,10.0,0.0,151048811.3,103439071.9,0.0,26311507273.67354
ZMB,Combined,all_assets,585216024.6350453,25.0,0.0,151048811.3,103439071.9,0.0,26311507273.67354
ZMB,Combined,all_assets,898107825.4526261,50.0,0.0,151048811.3,103439071.9,0.0,26311507273.67354
ZMB,Combined,all_assets,1669035119.1579752,100.0,0.0,151048811.3,103439071.9,0.0,26311507273.67354
ZMB,Combined,all_assets,3915353363.5307736,250.0,0.0,151048811.3,103439071.9,0.0,26311507273.67354
ZMB,Combined,all_assets,7099951879.638575,500.0,0.0,151048811.3,103439071.9,0.0,26311507273.67354
ZMB,Combined,all_assets,10302304643.931063,1000.0,0.0,151048811.3,103439071.9,0.0,26311507273.67354
ZMB,Earthquake,all_assets,153101027.37519374,10.0,109157402.9,91895010.5,65518963.900000006,1.4025711798534712,26311507273.67354
ZMB,Earthquake,all_assets,384160714.3473778,25.0,273897481.9,91895010.5,65518963.900000006,1.4025711798534712,26311507273.67354
ZMB,Earthquake,all_assets,765908112.5470518,50.0,546074326.6,91895010.5,65518963.900000006,1.4025711798534712,26311507273.67354
ZMB,Earthquake,all_assets,1528094099.229148,100.0,1089494865.7,91895010.5,65518963.900000006,1.4025711798534712,26311507273.67354
ZMB,Earthquake,all_assets,3783360069.724361,250.0,2697446036.3,91895010.5,65518963.900000006,1.4025711798534712,26311507273.67354
ZMB,Earthquake,all_assets,7010985586.72859,500.0,4998666511.5,91895010.5,65518963.900000006,1.4025711798534712,26311507273.67354
ZMB,Earthquake,all_assets,10177336225.24118,1000.0,7256199451.0,91895010.5,65518963.900000006,1.4025711798534712,26311507273.67354
ZMB,Flood,all_assets,162365826.60336974,10.0,104083416.4,59153800.8,37920108.0,1.559958658345593,26311507273.67354
ZMB,Flood,all_assets,331121356.8123298,25.0,212262905.2,59153800.8,37920108.0,1.559958658345593,26311507273.67354
ZMB,Flood,all_assets,458863635.9567431,50.0,294151151.7,59153800.8,37920108.0,1.559958658345593,26311507273.67354
ZMB,Flood,all_assets,508873488.2394981,100.0,326209598.9,59153800.8,37920108.0,1.559958658345593,26311507273.67354
ZMB,Flood,all_assets,536502423.4920085,250.0,343920924.2,59153800.8,37920108.0,1.559958658345593,26311507273.67354
ZMB,Flood,all_assets,558864489.0458505,500.0,358255961.5,59153800.8,37920108.0,1.559958658345593,26311507273.67354
ZMB,Flood,all_assets,586483011.1063288,1000.0,375960611.5,59153800.8,37920108.0,1.559958658345593,26311507273.67354
ZWE,Combined,all_assets,286010066.21528834,10.0,0.0,93762329.0,60070085.800000004,0.0,34156057417.32853
ZWE,Combined,all_assets,535002787.94986004,25.0,0.0,93762329.0,60070085.800000004,0.0,34156057417.32853
ZWE,Combined,all_assets,688587728.0132934,50.0,0.0,93762329.0,60070085.800000004,0.0,34156057417.32853
ZWE,Combined,all_assets,754700123.401813,100.0,0.0,93762329.0,60070085.800000004,0.0,34156057417.32853
ZWE,Combined,all_assets,899224934.1205494,250.0,0.0,93762329.0,60070085.800000004,0.0,34156057417.32853
ZWE,Combined,all_assets,1273028118.477265,500.0,0.0,93762329.0,60070085.800000004,0.0,34156057417.32853
ZWE,Combined,all_assets,1813614353.5052247,1000.0,0.0,93762329.0,60070085.800000004,0.0,34156057417.32853
ZWE,Earthquake,all_assets,24826519.796218533,10.0,14208300.2,14025881.1,8027058.6,1.7473251160767658,34156057417.32853
ZWE,Earthquake,all_assets,62048703.92662744,25.0,35510680.5,14025881.1,8027058.6,1.7473251160767658,34156057417.32853
ZWE,Earthquake,all_assets,122661878.92554107,50.0,70199803.0,14025881.1,8027058.6,1.7473251160767658,34156057417.32853
ZWE,Earthquake,all_assets,246469179.78763387,100.0,141055134.8,14025881.1,8027058.6,1.7473251160767658,34156057417.32853
ZWE,Earthquake,all_assets,613759827.0854282,250.0,351256799.0,14025881.1,8027058.6,1.7473251160767658,34156057417.32853
ZWE,Earthquake,all_assets,1136453755.4468966,500.0,650396280.0,14025881.1,8027058.6,1.7473251160767658,34156057417.32853
ZWE,Earthquake,all_assets,1644223333.3756535,1000.0,940994505.4,14025881.1,8027058.6,1.7473251160767658,34156057417.32853
ZWE,Flood,all_assets,228163659.7321775,10.0,148919695.6,79736447.9,52043027.2,1.5321254775125763,34156057417.32853
ZWE,Flood,all_assets,466224456.5992636,25.0,304299134.4,79736447.9,52043027.2,1.5321254775125763,34156057417.32853
ZWE,Flood,all_assets,645917948.7034638,50.0,421582930.5,79736447.9,52043027.2,1.5321254775125763,34156057417.32853
ZWE,Flood,all_assets,716443178.1024957,100.0,467613905.4,79736447.9,52043027.2,1.5321254775125763,34156057417.32853
ZWE,Flood,all_assets,755851620.5426596,250.0,493335325.1,79736447.9,52043027.2,1.5321254775125763,34156057417.32853
ZWE,Flood,all_assets,788074708.2725873,500.0,514366949.6,79736447.9,52043027.2,1.5321254775125763,34156057417.32853
ZWE,Flood,all_assets,827433837.5689194,1000.0,540056183.2,79736447.9,52043027.2,1.5321254775125763,34156057417.32853
